icao,site,country,region,flight_category,minutes,total,pct
CBBC,"Bella Bella Arpt, BC, CA",Canada,BC,VFR,1863,1890,98.57
CBBC,"Bella Bella Arpt, BC, CA",Canada,BC,IFR,18,1890,0.95
CBBC,"Bella Bella Arpt, BC, CA",Canada,BC,MVFR,9,1890,0.48
CBBC,"Bella Bella Arpt, BC, CA",Canada,BC,LIFR,0,0,0
CWJC,"Ennadai Lake, NU, CA",Canada,NU,IFR,0,0,0
CWJC,"Ennadai Lake, NU, CA",Canada,NU,LIFR,0,0,0
CWJC,"Ennadai Lake, NU, CA",Canada,NU,MVFR,0,0,0
CWJC,"Ennadai Lake, NU, CA",Canada,NU,VFR,0,0,0
CYAH,"La Grande IV Arpt, QC, CA",Canada,QC,MVFR,1225,1874,65.37
CYAH,"La Grande IV Arpt, QC, CA",Canada,QC,VFR,584,1874,31.16
CYAH,"La Grande IV Arpt, QC, CA",Canada,QC,IFR,65,1874,3.47
CYAH,"La Grande IV Arpt, QC, CA",Canada,QC,LIFR,0,0,0
CYAM,"Sault Ste Marie Arpt, ON, CA",Canada,ON,VFR,1890,1890,100
CYAM,"Sault Ste Marie Arpt, ON, CA",Canada,ON,IFR,0,0,0
CYAM,"Sault Ste Marie Arpt, ON, CA",Canada,ON,LIFR,0,0,0
CYAM,"Sault Ste Marie Arpt, ON, CA",Canada,ON,MVFR,0,0,0
CYAS,"Kangirsuk Arpt, QC, CA",Canada,QC,MVFR,512,901,56.83
CYAS,"Kangirsuk Arpt, QC, CA",Canada,QC,VFR,389,901,43.17
CYAS,"Kangirsuk Arpt, QC, CA",Canada,QC,IFR,0,0,0
CYAS,"Kangirsuk Arpt, QC, CA",Canada,QC,LIFR,0,0,0
CYAT,"Attawapisket Arpt, ON, CA",Canada,ON,VFR,1890,1890,100
CYAT,"Attawapisket Arpt, ON, CA",Canada,ON,IFR,0,0,0
CYAT,"Attawapisket Arpt, ON, CA",Canada,ON,LIFR,0,0,0
CYAT,"Attawapisket Arpt, ON, CA",Canada,ON,MVFR,0,0,0
CYAW,"Shearwater, NS, CA",Canada,NS,VFR,549,1410,38.94
CYAW,"Shearwater, NS, CA",Canada,NS,MVFR,462,1410,32.77
CYAW,"Shearwater, NS, CA",Canada,NS,IFR,399,1410,28.3
CYAW,"Shearwater, NS, CA",Canada,NS,LIFR,0,0,0
CYAY,"St Anthony Arpt, NL, CA",Canada,NL,MVFR,1379,1924,71.67
CYAY,"St Anthony Arpt, NL, CA",Canada,NL,IFR,355,1924,18.45
CYAY,"St Anthony Arpt, NL, CA",Canada,NL,VFR,114,1924,5.93
CYAY,"St Anthony Arpt, NL, CA",Canada,NL,LIFR,76,1924,3.95
CYAZ,"Tofino Arpt, BC, CA",Canada,BC,VFR,1110,1110,100
CYAZ,"Tofino Arpt, BC, CA",Canada,BC,IFR,0,0,0
CYAZ,"Tofino Arpt, BC, CA",Canada,BC,LIFR,0,0,0
CYAZ,"Tofino Arpt, BC, CA",Canada,BC,MVFR,0,0,0
CYBB,"Pelly Bay/Kugaaruk Arpt, NU, CA",Canada,NU,VFR,632,870,72.64
CYBB,"Pelly Bay/Kugaaruk Arpt, NU, CA",Canada,NU,LIFR,210,870,24.14
CYBB,"Pelly Bay/Kugaaruk Arpt, NU, CA",Canada,NU,MVFR,28,870,3.22
CYBB,"Pelly Bay/Kugaaruk Arpt, NU, CA",Canada,NU,IFR,0,0,0
CYBC,"Baie Comeau Arpt, QC, CA",Canada,QC,VFR,1890,1890,100
CYBC,"Baie Comeau Arpt, QC, CA",Canada,QC,IFR,0,0,0
CYBC,"Baie Comeau Arpt, QC, CA",Canada,QC,LIFR,0,0,0
CYBC,"Baie Comeau Arpt, QC, CA",Canada,QC,MVFR,0,0,0
CYBD,"Bella Coola Arpt, BC, CA",Canada,BC,VFR,1110,1110,100
CYBD,"Bella Coola Arpt, BC, CA",Canada,BC,IFR,0,0,0
CYBD,"Bella Coola Arpt, BC, CA",Canada,BC,LIFR,0,0,0
CYBD,"Bella Coola Arpt, BC, CA",Canada,BC,MVFR,0,0,0
CYBG,"Bagotville, QC, CA",Canada,QC,VFR,1078,1871,57.62
CYBG,"Bagotville, QC, CA",Canada,QC,MVFR,668,1871,35.7
CYBG,"Bagotville, QC, CA",Canada,QC,IFR,125,1871,6.68
CYBG,"Bagotville, QC, CA",Canada,QC,LIFR,0,0,0
CYBK,"Baker Lake Arpt, NU, CA",Canada,NU,VFR,749,1718,43.6
CYBK,"Baker Lake Arpt, NU, CA",Canada,NU,MVFR,572,1718,33.29
CYBK,"Baker Lake Arpt, NU, CA",Canada,NU,IFR,397,1718,23.11
CYBK,"Baker Lake Arpt, NU, CA",Canada,NU,LIFR,0,0,0
CYBL,"Campbell River Arpt, BC, CA",Canada,BC,VFR,1290,1410,91.49
CYBL,"Campbell River Arpt, BC, CA",Canada,BC,MVFR,120,1410,8.51
CYBL,"Campbell River Arpt, BC, CA",Canada,BC,IFR,0,0,0
CYBL,"Campbell River Arpt, BC, CA",Canada,BC,LIFR,0,0,0
CYBQ,"Tadoule Lake Arpt, MB, CA",Canada,MB,VFR,1234,1890,65.29
CYBQ,"Tadoule Lake Arpt, MB, CA",Canada,MB,MVFR,639,1890,33.81
CYBQ,"Tadoule Lake Arpt, MB, CA",Canada,MB,IFR,17,1890,0.9
CYBQ,"Tadoule Lake Arpt, MB, CA",Canada,MB,LIFR,0,0,0
CYBR,"Brandon Arpt, MB, CA",Canada,MB,VFR,1890,1890,100
CYBR,"Brandon Arpt, MB, CA",Canada,MB,IFR,0,0,0
CYBR,"Brandon Arpt, MB, CA",Canada,MB,LIFR,0,0,0
CYBR,"Brandon Arpt, MB, CA",Canada,MB,MVFR,0,0,0
CYBU,"Nipawin, SK, CA",Canada,SK,VFR,1882,1882,100
CYBU,"Nipawin, SK, CA",Canada,SK,IFR,0,0,0
CYBU,"Nipawin, SK, CA",Canada,SK,LIFR,0,0,0
CYBU,"Nipawin, SK, CA",Canada,SK,MVFR,0,0,0
CYBV,"Berens River Arpt, MB, CA",Canada,MB,VFR,1020,1050,97.14
CYBV,"Berens River Arpt, MB, CA",Canada,MB,MVFR,30,1050,2.86
CYBV,"Berens River Arpt, MB, CA",Canada,MB,IFR,0,0,0
CYBV,"Berens River Arpt, MB, CA",Canada,MB,LIFR,0,0,0
CYBW,"Calgary/Springbank Arpt, AB, CA",Canada,AB,VFR,1838,1890,97.25
CYBW,"Calgary/Springbank Arpt, AB, CA",Canada,AB,MVFR,52,1890,2.75
CYBW,"Calgary/Springbank Arpt, AB, CA",Canada,AB,IFR,0,0,0
CYBW,"Calgary/Springbank Arpt, AB, CA",Canada,AB,LIFR,0,0,0
CYBX,"Blanc Sablon Arpt, QC, CA",Canada,QC,VFR,1021,1882,54.25
CYBX,"Blanc Sablon Arpt, QC, CA",Canada,QC,LIFR,577,1882,30.66
CYBX,"Blanc Sablon Arpt, QC, CA",Canada,QC,MVFR,284,1882,15.09
CYBX,"Blanc Sablon Arpt, QC, CA",Canada,QC,IFR,0,0,0
CYCA,"Cartwright Arpt, NL, CA",Canada,NL,MVFR,1311,1899,69.04
CYCA,"Cartwright Arpt, NL, CA",Canada,NL,VFR,562,1899,29.59
CYCA,"Cartwright Arpt, NL, CA",Canada,NL,IFR,26,1899,1.37
CYCA,"Cartwright Arpt, NL, CA",Canada,NL,LIFR,0,0,0
CYCB,"Cambridge Bay Arpt, NU, CA",Canada,NU,MVFR,889,1890,47.04
CYCB,"Cambridge Bay Arpt, NU, CA",Canada,NU,LIFR,455,1890,24.07
CYCB,"Cambridge Bay Arpt, NU, CA",Canada,NU,IFR,321,1890,16.98
CYCB,"Cambridge Bay Arpt, NU, CA",Canada,NU,VFR,225,1890,11.9
CYCD,"Nanaimo Arpt, BC, CA",Canada,BC,VFR,1410,1410,100
CYCD,"Nanaimo Arpt, BC, CA",Canada,BC,IFR,0,0,0
CYCD,"Nanaimo Arpt, BC, CA",Canada,BC,LIFR,0,0,0
CYCD,"Nanaimo Arpt, BC, CA",Canada,BC,MVFR,0,0,0
CYCG,"Castlegar Rgnl, BC, CA",Canada,BC,VFR,1410,1410,100
CYCG,"Castlegar Rgnl, BC, CA",Canada,BC,IFR,0,0,0
CYCG,"Castlegar Rgnl, BC, CA",Canada,BC,LIFR,0,0,0
CYCG,"Castlegar Rgnl, BC, CA",Canada,BC,MVFR,0,0,0
CYCK,"Chatham/Kent Arpt, ON, CA",Canada,ON,VFR,1890,1890,100
CYCK,"Chatham/Kent Arpt, ON, CA",Canada,ON,IFR,0,0,0
CYCK,"Chatham/Kent Arpt, ON, CA",Canada,ON,LIFR,0,0,0
CYCK,"Chatham/Kent Arpt, ON, CA",Canada,ON,MVFR,0,0,0
CYCO,"Coppermine/Kugluktuk Arpt, NU, CA",Canada,NU,VFR,1231,1922,64.05
CYCO,"Coppermine/Kugluktuk Arpt, NU, CA",Canada,NU,MVFR,691,1922,35.95
CYCO,"Coppermine/Kugluktuk Arpt, NU, CA",Canada,NU,IFR,0,0,0
CYCO,"Coppermine/Kugluktuk Arpt, NU, CA",Canada,NU,LIFR,0,0,0
CYCP,"Blue River Arpt, BC, CA",Canada,BC,MVFR,600,1129,53.14
CYCP,"Blue River Arpt, BC, CA",Canada,BC,VFR,529,1129,46.86
CYCP,"Blue River Arpt, BC, CA",Canada,BC,IFR,0,0,0
CYCP,"Blue River Arpt, BC, CA",Canada,BC,LIFR,0,0,0
CYCQ,"Chetwynd Arpt, BC, CA",Canada,BC,VFR,1110,1110,100
CYCQ,"Chetwynd Arpt, BC, CA",Canada,BC,IFR,0,0,0
CYCQ,"Chetwynd Arpt, BC, CA",Canada,BC,LIFR,0,0,0
CYCQ,"Chetwynd Arpt, BC, CA",Canada,BC,MVFR,0,0,0
CYCS,"Chesterfield Inlet Arpt, NU, CA",Canada,NU,VFR,600,1024,58.59
CYCS,"Chesterfield Inlet Arpt, NU, CA",Canada,NU,MVFR,311,1024,30.37
CYCS,"Chesterfield Inlet Arpt, NU, CA",Canada,NU,IFR,73,1024,7.13
CYCS,"Chesterfield Inlet Arpt, NU, CA",Canada,NU,LIFR,40,1024,3.91
CYCX,"Gagetown , NB, CA",Canada,NB,VFR,390,803,48.57
CYCX,"Gagetown , NB, CA",Canada,NB,MVFR,242,803,30.14
CYCX,"Gagetown , NB, CA",Canada,NB,IFR,171,803,21.3
CYCX,"Gagetown , NB, CA",Canada,NB,LIFR,0,0,0
CYCY,"Cylde River Arpt, NU, CA",Canada,NU,VFR,1689,1878,89.94
CYCY,"Cylde River Arpt, NU, CA",Canada,NU,MVFR,117,1878,6.23
CYCY,"Cylde River Arpt, NU, CA",Canada,NU,IFR,72,1878,3.83
CYCY,"Cylde River Arpt, NU, CA",Canada,NU,LIFR,0,0,0
CYDA,"Dawson Arpt, YT, CA",Canada,YT,VFR,946,946,100
CYDA,"Dawson Arpt, YT, CA",Canada,YT,IFR,0,0,0
CYDA,"Dawson Arpt, YT, CA",Canada,YT,LIFR,0,0,0
CYDA,"Dawson Arpt, YT, CA",Canada,YT,MVFR,0,0,0
CYDB,"Burwash Arpt, YT, CA",Canada,YT,VFR,1800,1890,95.24
CYDB,"Burwash Arpt, YT, CA",Canada,YT,MVFR,90,1890,4.76
CYDB,"Burwash Arpt, YT, CA",Canada,YT,IFR,0,0,0
CYDB,"Burwash Arpt, YT, CA",Canada,YT,LIFR,0,0,0
CYDC,"Princeton Arpt, BC, CA",Canada,BC,VFR,780,1110,70.27
CYDC,"Princeton Arpt, BC, CA",Canada,BC,MVFR,330,1110,29.73
CYDC,"Princeton Arpt, BC, CA",Canada,BC,IFR,0,0,0
CYDC,"Princeton Arpt, BC, CA",Canada,BC,LIFR,0,0,0
CYDF,"Deer Lake Arpt, NL, CA",Canada,NL,MVFR,1700,1890,89.95
CYDF,"Deer Lake Arpt, NL, CA",Canada,NL,VFR,100,1890,5.29
CYDF,"Deer Lake Arpt, NL, CA",Canada,NL,IFR,90,1890,4.76
CYDF,"Deer Lake Arpt, NL, CA",Canada,NL,LIFR,0,0,0
CYDL,"Dease Lake Arpt, BC, CA",Canada,BC,VFR,1547,1913,80.87
CYDL,"Dease Lake Arpt, BC, CA",Canada,BC,LIFR,366,1913,19.13
CYDL,"Dease Lake Arpt, BC, CA",Canada,BC,IFR,0,0,0
CYDL,"Dease Lake Arpt, BC, CA",Canada,BC,MVFR,0,0,0
CYDN,"Dauphin Arpt, MB, CA",Canada,MB,VFR,1890,1890,100
CYDN,"Dauphin Arpt, MB, CA",Canada,MB,IFR,0,0,0
CYDN,"Dauphin Arpt, MB, CA",Canada,MB,LIFR,0,0,0
CYDN,"Dauphin Arpt, MB, CA",Canada,MB,MVFR,0,0,0
CYDP,"Nain Arpt, NL, CA",Canada,NL,VFR,1464,1530,95.69
CYDP,"Nain Arpt, NL, CA",Canada,NL,MVFR,66,1530,4.31
CYDP,"Nain Arpt, NL, CA",Canada,NL,IFR,0,0,0
CYDP,"Nain Arpt, NL, CA",Canada,NL,LIFR,0,0,0
CYDQ,"Dawson Creek Arpt, BC, CA",Canada,BC,VFR,1890,1890,100
CYDQ,"Dawson Creek Arpt, BC, CA",Canada,BC,IFR,0,0,0
CYDQ,"Dawson Creek Arpt, BC, CA",Canada,BC,LIFR,0,0,0
CYDQ,"Dawson Creek Arpt, BC, CA",Canada,BC,MVFR,0,0,0
CYEG,"Edmonton Intl Arpt, AB, CA",Canada,AB,VFR,1890,1890,100
CYEG,"Edmonton Intl Arpt, AB, CA",Canada,AB,IFR,0,0,0
CYEG,"Edmonton Intl Arpt, AB, CA",Canada,AB,LIFR,0,0,0
CYEG,"Edmonton Intl Arpt, AB, CA",Canada,AB,MVFR,0,0,0
CYEK,"Arviat/Eskimo Pt Arpt, NU, CA",Canada,NU,VFR,1215,1808,67.2
CYEK,"Arviat/Eskimo Pt Arpt, NU, CA",Canada,NU,MVFR,524,1808,28.98
CYEK,"Arviat/Eskimo Pt Arpt, NU, CA",Canada,NU,IFR,69,1808,3.82
CYEK,"Arviat/Eskimo Pt Arpt, NU, CA",Canada,NU,LIFR,0,0,0
CYEN,"Estevan Arpt, SK, CA",Canada,SK,VFR,1866,1890,98.73
CYEN,"Estevan Arpt, SK, CA",Canada,SK,LIFR,16,1890,0.85
CYEN,"Estevan Arpt, SK, CA",Canada,SK,MVFR,8,1890,0.42
CYEN,"Estevan Arpt, SK, CA",Canada,SK,IFR,0,0,0
CYER,"Ft Severn Arpt, ON, CA",Canada,ON,VFR,1890,1890,100
CYER,"Ft Severn Arpt, ON, CA",Canada,ON,IFR,0,0,0
CYER,"Ft Severn Arpt, ON, CA",Canada,ON,LIFR,0,0,0
CYER,"Ft Severn Arpt, ON, CA",Canada,ON,MVFR,0,0,0
CYET,"Edson Arpt, AB, CA",Canada,AB,VFR,1890,1890,100
CYET,"Edson Arpt, AB, CA",Canada,AB,IFR,0,0,0
CYET,"Edson Arpt, AB, CA",Canada,AB,LIFR,0,0,0
CYET,"Edson Arpt, AB, CA",Canada,AB,MVFR,0,0,0
CYEV,"Inuvik/Zubko Arpt, NT, CA",Canada,NT,VFR,1910,1910,100
CYEV,"Inuvik/Zubko Arpt, NT, CA",Canada,NT,IFR,0,0,0
CYEV,"Inuvik/Zubko Arpt, NT, CA",Canada,NT,LIFR,0,0,0
CYEV,"Inuvik/Zubko Arpt, NT, CA",Canada,NT,MVFR,0,0,0
CYFB,"Iqaluit Arpt, NU, CA",Canada,NU,MVFR,1115,1890,58.99
CYFB,"Iqaluit Arpt, NU, CA",Canada,NU,VFR,775,1890,41.01
CYFB,"Iqaluit Arpt, NU, CA",Canada,NU,IFR,0,0,0
CYFB,"Iqaluit Arpt, NU, CA",Canada,NU,LIFR,0,0,0
CYFC,"Fredericton Intl, NB, CA",Canada,NB,VFR,1454,1890,76.93
CYFC,"Fredericton Intl, NB, CA",Canada,NB,MVFR,436,1890,23.07
CYFC,"Fredericton Intl, NB, CA",Canada,NB,IFR,0,0,0
CYFC,"Fredericton Intl, NB, CA",Canada,NB,LIFR,0,0,0
CYFO,"Flin Flon Arpto, MB, CA",Canada,MB,VFR,1260,1350,93.33
CYFO,"Flin Flon Arpto, MB, CA",Canada,MB,MVFR,90,1350,6.67
CYFO,"Flin Flon Arpto, MB, CA",Canada,MB,IFR,0,0,0
CYFO,"Flin Flon Arpto, MB, CA",Canada,MB,LIFR,0,0,0
CYFR,"Fort Resolution Arpt, NT, CA",Canada,NT,MVFR,610,930,65.59
CYFR,"Fort Resolution Arpt, NT, CA",Canada,NT,IFR,295,930,31.72
CYFR,"Fort Resolution Arpt, NT, CA",Canada,NT,LIFR,25,930,2.69
CYFR,"Fort Resolution Arpt, NT, CA",Canada,NT,VFR,0,0,0
CYFS,"Fort Simpson Arpt, NT, CA",Canada,NT,VFR,810,1890,42.86
CYFS,"Fort Simpson Arpt, NT, CA",Canada,NT,MVFR,805,1890,42.59
CYFS,"Fort Simpson Arpt, NT, CA",Canada,NT,LIFR,195,1890,10.32
CYFS,"Fort Simpson Arpt, NT, CA",Canada,NT,IFR,80,1890,4.23
CYFT,"Makkovik Arpt, NL, CA",Canada,NL,VFR,474,1290,36.74
CYFT,"Makkovik Arpt, NL, CA",Canada,NL,MVFR,330,1290,25.58
CYFT,"Makkovik Arpt, NL, CA",Canada,NL,IFR,287,1290,22.25
CYFT,"Makkovik Arpt, NL, CA",Canada,NL,LIFR,199,1290,15.43
CYGE,"Golden Arpt, BC, CA",Canada,BC,VFR,917,1170,78.38
CYGE,"Golden Arpt, BC, CA",Canada,BC,MVFR,253,1170,21.62
CYGE,"Golden Arpt, BC, CA",Canada,BC,IFR,0,0,0
CYGE,"Golden Arpt, BC, CA",Canada,BC,LIFR,0,0,0
CYGH,"Fort Good Hope Arpt, NT, CA",Canada,NT,VFR,1110,1110,100
CYGH,"Fort Good Hope Arpt, NT, CA",Canada,NT,IFR,0,0,0
CYGH,"Fort Good Hope Arpt, NT, CA",Canada,NT,LIFR,0,0,0
CYGH,"Fort Good Hope Arpt, NT, CA",Canada,NT,MVFR,0,0,0
CYGK,"Kingston Arpt, ON, CA",Canada,ON,VFR,1350,1650,81.82
CYGK,"Kingston Arpt, ON, CA",Canada,ON,MVFR,300,1650,18.18
CYGK,"Kingston Arpt, ON, CA",Canada,ON,IFR,0,0,0
CYGK,"Kingston Arpt, ON, CA",Canada,ON,LIFR,0,0,0
CYGL,"La Grande Riviere Arpt, QC, CA",Canada,QC,MVFR,889,1889,47.06
CYGL,"La Grande Riviere Arpt, QC, CA",Canada,QC,VFR,583,1889,30.86
CYGL,"La Grande Riviere Arpt, QC, CA",Canada,QC,IFR,230,1889,12.18
CYGL,"La Grande Riviere Arpt, QC, CA",Canada,QC,LIFR,187,1889,9.9
CYGP,"Gaspé Arpt, QC, CA",Canada,QC,VFR,1513,1890,80.05
CYGP,"Gaspé Arpt, QC, CA",Canada,QC,MVFR,295,1890,15.61
CYGP,"Gaspé Arpt, QC, CA",Canada,QC,IFR,82,1890,4.34
CYGP,"Gaspé Arpt, QC, CA",Canada,QC,LIFR,0,0,0
CYGR,"Îles de la Madeleine Arpt, QC, CA",Canada,QC,MVFR,1058,1865,56.73
CYGR,"Îles de la Madeleine Arpt, QC, CA",Canada,QC,IFR,477,1865,25.58
CYGR,"Îles de la Madeleine Arpt, QC, CA",Canada,QC,VFR,330,1865,17.69
CYGR,"Îles de la Madeleine Arpt, QC, CA",Canada,QC,LIFR,0,0,0
CYGT,"Igloolik Arpt, NU, CA",Canada,NU,MVFR,810,1267,63.93
CYGT,"Igloolik Arpt, NU, CA",Canada,NU,VFR,277,1267,21.86
CYGT,"Igloolik Arpt, NU, CA",Canada,NU,IFR,180,1267,14.21
CYGT,"Igloolik Arpt, NU, CA",Canada,NU,LIFR,0,0,0
CYGV,"Havre St Pierre Arpt, QC, CA",Canada,QC,VFR,1719,1890,90.95
CYGV,"Havre St Pierre Arpt, QC, CA",Canada,QC,MVFR,134,1890,7.09
CYGV,"Havre St Pierre Arpt, QC, CA",Canada,QC,LIFR,37,1890,1.96
CYGV,"Havre St Pierre Arpt, QC, CA",Canada,QC,IFR,0,0,0
CYGW,"Kuujjuarapik Arpt, QC, CA",Canada,QC,VFR,1368,1890,72.38
CYGW,"Kuujjuarapik Arpt, QC, CA",Canada,QC,MVFR,522,1890,27.62
CYGW,"Kuujjuarapik Arpt, QC, CA",Canada,QC,IFR,0,0,0
CYGW,"Kuujjuarapik Arpt, QC, CA",Canada,QC,LIFR,0,0,0
CYGX,"Gillam Arpt, MB, CA",Canada,MB,VFR,826,938,88.06
CYGX,"Gillam Arpt, MB, CA",Canada,MB,MVFR,112,938,11.94
CYGX,"Gillam Arpt, MB, CA",Canada,MB,IFR,0,0,0
CYGX,"Gillam Arpt, MB, CA",Canada,MB,LIFR,0,0,0
CYHD,"Dryden Rgnl, ON, CA",Canada,ON,VFR,1890,1890,100
CYHD,"Dryden Rgnl, ON, CA",Canada,ON,IFR,0,0,0
CYHD,"Dryden Rgnl, ON, CA",Canada,ON,LIFR,0,0,0
CYHD,"Dryden Rgnl, ON, CA",Canada,ON,MVFR,0,0,0
CYHE,"Hope Rgnl Airpark, BC, CA",Canada,BC,VFR,1890,1890,100
CYHE,"Hope Rgnl Airpark, BC, CA",Canada,BC,IFR,0,0,0
CYHE,"Hope Rgnl Airpark, BC, CA",Canada,BC,LIFR,0,0,0
CYHE,"Hope Rgnl Airpark, BC, CA",Canada,BC,MVFR,0,0,0
CYHI,"Ulukhaktok/Holman Arpt, NT, CA",Canada,NT,MVFR,146,270,54.07
CYHI,"Ulukhaktok/Holman Arpt, NT, CA",Canada,NT,IFR,81,270,30
CYHI,"Ulukhaktok/Holman Arpt, NT, CA",Canada,NT,VFR,30,270,11.11
CYHI,"Ulukhaktok/Holman Arpt, NT, CA",Canada,NT,LIFR,13,270,4.81
CYHK,"Gjoa Haven Arpt, NU, CA",Canada,NU,LIFR,601,1918,31.33
CYHK,"Gjoa Haven Arpt, NU, CA",Canada,NU,IFR,552,1918,28.78
CYHK,"Gjoa Haven Arpt, NU, CA",Canada,NU,VFR,416,1918,21.69
CYHK,"Gjoa Haven Arpt, NU, CA",Canada,NU,MVFR,349,1918,18.2
CYHM,"Hamilton/Munro Intl, ON, CA",Canada,ON,VFR,1830,1890,96.83
CYHM,"Hamilton/Munro Intl, ON, CA",Canada,ON,MVFR,60,1890,3.17
CYHM,"Hamilton/Munro Intl, ON, CA",Canada,ON,IFR,0,0,0
CYHM,"Hamilton/Munro Intl, ON, CA",Canada,ON,LIFR,0,0,0
CYHU,"Montreal/St Hubert, QC, CA",Canada,QC,VFR,1830,1890,96.83
CYHU,"Montreal/St Hubert, QC, CA",Canada,QC,MVFR,60,1890,3.17
CYHU,"Montreal/St Hubert, QC, CA",Canada,QC,IFR,0,0,0
CYHU,"Montreal/St Hubert, QC, CA",Canada,QC,LIFR,0,0,0
CYHY,"Hay River/Carter Arpt, NT, CA",Canada,NT,MVFR,745,1890,39.42
CYHY,"Hay River/Carter Arpt, NT, CA",Canada,NT,VFR,690,1890,36.51
CYHY,"Hay River/Carter Arpt, NT, CA",Canada,NT,IFR,295,1890,15.61
CYHY,"Hay River/Carter Arpt, NT, CA",Canada,NT,LIFR,160,1890,8.47
CYHZ,"Halifax/Stanfield Intl, NS, CA",Canada,NS,IFR,750,1890,39.68
CYHZ,"Halifax/Stanfield Intl, NS, CA",Canada,NS,MVFR,750,1890,39.68
CYHZ,"Halifax/Stanfield Intl, NS, CA",Canada,NS,VFR,390,1890,20.63
CYHZ,"Halifax/Stanfield Intl, NS, CA",Canada,NS,LIFR,0,0,0
CYIK,"Ivujivik Arpt, QC, CA",Canada,QC,MVFR,540,1050,51.43
CYIK,"Ivujivik Arpt, QC, CA",Canada,QC,IFR,270,1050,25.71
CYIK,"Ivujivik Arpt, QC, CA",Canada,QC,VFR,240,1050,22.86
CYIK,"Ivujivik Arpt, QC, CA",Canada,QC,LIFR,0,0,0
CYIO,"Pond Inlet Arpt, NU, CA",Canada,NU,VFR,974,1890,51.53
CYIO,"Pond Inlet Arpt, NU, CA",Canada,NU,MVFR,673,1890,35.61
CYIO,"Pond Inlet Arpt, NU, CA",Canada,NU,IFR,243,1890,12.86
CYIO,"Pond Inlet Arpt, NU, CA",Canada,NU,LIFR,0,0,0
CYIV,"Island Lake Arpt, MB, CA",Canada,MB,VFR,1890,1890,100
CYIV,"Island Lake Arpt, MB, CA",Canada,MB,IFR,0,0,0
CYIV,"Island Lake Arpt, MB, CA",Canada,MB,LIFR,0,0,0
CYIV,"Island Lake Arpt, MB, CA",Canada,MB,MVFR,0,0,0
CYJF,"Fort Liard Arpt, NT, CA",Canada,NT,VFR,930,930,100
CYJF,"Fort Liard Arpt, NT, CA",Canada,NT,IFR,0,0,0
CYJF,"Fort Liard Arpt, NT, CA",Canada,NT,LIFR,0,0,0
CYJF,"Fort Liard Arpt, NT, CA",Canada,NT,MVFR,0,0,0
CYKA,"Kamloops Arpt, BC, CA",Canada,BC,VFR,1890,1890,100
CYKA,"Kamloops Arpt, BC, CA",Canada,BC,IFR,0,0,0
CYKA,"Kamloops Arpt, BC, CA",Canada,BC,LIFR,0,0,0
CYKA,"Kamloops Arpt, BC, CA",Canada,BC,MVFR,0,0,0
CYKD,"Aklavik Arpt, NT, CA",Canada,NT,VFR,330,330,100
CYKD,"Aklavik Arpt, NT, CA",Canada,NT,IFR,0,0,0
CYKD,"Aklavik Arpt, NT, CA",Canada,NT,LIFR,0,0,0
CYKD,"Aklavik Arpt, NT, CA",Canada,NT,MVFR,0,0,0
CYKF,"Waterloo Intl, ON, CA",Canada,ON,VFR,1869,1890,98.89
CYKF,"Waterloo Intl, ON, CA",Canada,ON,IFR,21,1890,1.11
CYKF,"Waterloo Intl, ON, CA",Canada,ON,LIFR,0,0,0
CYKF,"Waterloo Intl, ON, CA",Canada,ON,MVFR,0,0,0
CYKG,"Kangiqsujuaq Arpt, QC, CA",Canada,QC,MVFR,587,1050,55.9
CYKG,"Kangiqsujuaq Arpt, QC, CA",Canada,QC,VFR,463,1050,44.1
CYKG,"Kangiqsujuaq Arpt, QC, CA",Canada,QC,IFR,0,0,0
CYKG,"Kangiqsujuaq Arpt, QC, CA",Canada,QC,LIFR,0,0,0
CYKJ,"Key Lake Arpt, SK, CA",Canada,SK,VFR,1191,1890,63.02
CYKJ,"Key Lake Arpt, SK, CA",Canada,SK,MVFR,642,1890,33.97
CYKJ,"Key Lake Arpt, SK, CA",Canada,SK,IFR,57,1890,3.02
CYKJ,"Key Lake Arpt, SK, CA",Canada,SK,LIFR,0,0,0
CYKL,"Schefferville Arpt, QC, CA",Canada,QC,VFR,924,1590,58.11
CYKL,"Schefferville Arpt, QC, CA",Canada,QC,MVFR,666,1590,41.89
CYKL,"Schefferville Arpt, QC, CA",Canada,QC,IFR,0,0,0
CYKL,"Schefferville Arpt, QC, CA",Canada,QC,LIFR,0,0,0
CYKO,"Akulivik Arpt, QC, CA",Canada,QC,MVFR,944,1043,90.51
CYKO,"Akulivik Arpt, QC, CA",Canada,QC,VFR,60,1043,5.75
CYKO,"Akulivik Arpt, QC, CA",Canada,QC,IFR,39,1043,3.74
CYKO,"Akulivik Arpt, QC, CA",Canada,QC,LIFR,0,0,0
CYKP,"Ogoki Post, ON, CA",Canada,ON,VFR,1890,1890,100
CYKP,"Ogoki Post, ON, CA",Canada,ON,IFR,0,0,0
CYKP,"Ogoki Post, ON, CA",Canada,ON,LIFR,0,0,0
CYKP,"Ogoki Post, ON, CA",Canada,ON,MVFR,0,0,0
CYKQ,"Waskaganish Arpt, QC, CA",Canada,QC,VFR,822,990,83.03
CYKQ,"Waskaganish Arpt, QC, CA",Canada,QC,MVFR,168,990,16.97
CYKQ,"Waskaganish Arpt, QC, CA",Canada,QC,IFR,0,0,0
CYKQ,"Waskaganish Arpt, QC, CA",Canada,QC,LIFR,0,0,0
CYKY,"Kindersley Arpt, SK, CA",Canada,SK,VFR,1890,1890,100
CYKY,"Kindersley Arpt, SK, CA",Canada,SK,IFR,0,0,0
CYKY,"Kindersley Arpt, SK, CA",Canada,SK,LIFR,0,0,0
CYKY,"Kindersley Arpt, SK, CA",Canada,SK,MVFR,0,0,0
CYLA,"Apaluk Arpt, QC, CA",Canada,QC,VFR,573,1050,54.57
CYLA,"Apaluk Arpt, QC, CA",Canada,QC,MVFR,477,1050,45.43
CYLA,"Apaluk Arpt, QC, CA",Canada,QC,IFR,0,0,0
CYLA,"Apaluk Arpt, QC, CA",Canada,QC,LIFR,0,0,0
CYLC,"Kimmirut Arpt, NU, CA",Canada,NU,MVFR,831,990,83.94
CYLC,"Kimmirut Arpt, NU, CA",Canada,NU,IFR,88,990,8.89
CYLC,"Kimmirut Arpt, NU, CA",Canada,NU,VFR,60,990,6.06
CYLC,"Kimmirut Arpt, NU, CA",Canada,NU,LIFR,11,990,1.11
CYLD,"Chapleau Arpt, ON, CA",Canada,ON,VFR,1350,1410,95.74
CYLD,"Chapleau Arpt, ON, CA",Canada,ON,MVFR,60,1410,4.26
CYLD,"Chapleau Arpt, ON, CA",Canada,ON,IFR,0,0,0
CYLD,"Chapleau Arpt, ON, CA",Canada,ON,LIFR,0,0,0
CYLH,"Lansdowne House Arpt, ON, CA",Canada,ON,VFR,1805,1890,95.5
CYLH,"Lansdowne House Arpt, ON, CA",Canada,ON,MVFR,85,1890,4.5
CYLH,"Lansdowne House Arpt, ON, CA",Canada,ON,IFR,0,0,0
CYLH,"Lansdowne House Arpt, ON, CA",Canada,ON,LIFR,0,0,0
CYLJ,"Meadow Lake Arpt, SK, CA",Canada,SK,VFR,1170,1170,100
CYLJ,"Meadow Lake Arpt, SK, CA",Canada,SK,IFR,0,0,0
CYLJ,"Meadow Lake Arpt, SK, CA",Canada,SK,LIFR,0,0,0
CYLJ,"Meadow Lake Arpt, SK, CA",Canada,SK,MVFR,0,0,0
CYLK,"Lutselke Arpt, NT, CA",Canada,NT,MVFR,573,990,57.88
CYLK,"Lutselke Arpt, NT, CA",Canada,NT,VFR,300,990,30.3
CYLK,"Lutselke Arpt, NT, CA",Canada,NT,IFR,117,990,11.82
CYLK,"Lutselke Arpt, NT, CA",Canada,NT,LIFR,0,0,0
CYLL,"Lloydminster Arpt, AB, CA",Canada,AB,VFR,1890,1890,100
CYLL,"Lloydminster Arpt, AB, CA",Canada,AB,IFR,0,0,0
CYLL,"Lloydminster Arpt, AB, CA",Canada,AB,LIFR,0,0,0
CYLL,"Lloydminster Arpt, AB, CA",Canada,AB,MVFR,0,0,0
CYLT,"Alert Arpt, NU, CA",Canada,NU,VFR,639,1410,45.32
CYLT,"Alert Arpt, NU, CA",Canada,NU,LIFR,300,1410,21.28
CYLT,"Alert Arpt, NU, CA",Canada,NU,IFR,270,1410,19.15
CYLT,"Alert Arpt, NU, CA",Canada,NU,MVFR,201,1410,14.26
CYLU,"Kangiksualujjuaq Arpt, QC, CA",Canada,QC,VFR,215,390,55.13
CYLU,"Kangiksualujjuaq Arpt, QC, CA",Canada,QC,MVFR,120,390,30.77
CYLU,"Kangiksualujjuaq Arpt, QC, CA",Canada,QC,IFR,55,390,14.1
CYLU,"Kangiksualujjuaq Arpt, QC, CA",Canada,QC,LIFR,0,0,0
CYLW,"Kelowna Arpt, BC, CA",Canada,BC,VFR,1597,1890,84.5
CYLW,"Kelowna Arpt, BC, CA",Canada,BC,MVFR,293,1890,15.5
CYLW,"Kelowna Arpt, BC, CA",Canada,BC,IFR,0,0,0
CYLW,"Kelowna Arpt, BC, CA",Canada,BC,LIFR,0,0,0
CYMA,"Mayo Arpt, YT, CA",Canada,YT,VFR,1890,1890,100
CYMA,"Mayo Arpt, YT, CA",Canada,YT,IFR,0,0,0
CYMA,"Mayo Arpt, YT, CA",Canada,YT,LIFR,0,0,0
CYMA,"Mayo Arpt, YT, CA",Canada,YT,MVFR,0,0,0
CYMH,"Mary's Harbor Arpt, NL, CA",Canada,NL,MVFR,1066,1890,56.4
CYMH,"Mary's Harbor Arpt, NL, CA",Canada,NL,VFR,474,1890,25.08
CYMH,"Mary's Harbor Arpt, NL, CA",Canada,NL,IFR,350,1890,18.52
CYMH,"Mary's Harbor Arpt, NL, CA",Canada,NL,LIFR,0,0,0
CYMJ,"Moose Jaw Arpt, SK, CA",Canada,SK,VFR,1505,1505,100
CYMJ,"Moose Jaw Arpt, SK, CA",Canada,SK,IFR,0,0,0
CYMJ,"Moose Jaw Arpt, SK, CA",Canada,SK,LIFR,0,0,0
CYMJ,"Moose Jaw Arpt, SK, CA",Canada,SK,MVFR,0,0,0
CYMM,"Fort McMurray Arpt, AB, CA",Canada,AB,VFR,1448,1890,76.61
CYMM,"Fort McMurray Arpt, AB, CA",Canada,AB,MVFR,442,1890,23.39
CYMM,"Fort McMurray Arpt, AB, CA",Canada,AB,IFR,0,0,0
CYMM,"Fort McMurray Arpt, AB, CA",Canada,AB,LIFR,0,0,0
CYMO,"Moosonee Arpt, ON, CA",Canada,ON,VFR,1890,1890,100
CYMO,"Moosonee Arpt, ON, CA",Canada,ON,IFR,0,0,0
CYMO,"Moosonee Arpt, ON, CA",Canada,ON,LIFR,0,0,0
CYMO,"Moosonee Arpt, ON, CA",Canada,ON,MVFR,0,0,0
CYMT,"Chibougamau Arpt, QC, CA",Canada,QC,MVFR,961,1875,51.25
CYMT,"Chibougamau Arpt, QC, CA",Canada,QC,VFR,914,1875,48.75
CYMT,"Chibougamau Arpt, QC, CA",Canada,QC,IFR,0,0,0
CYMT,"Chibougamau Arpt, QC, CA",Canada,QC,LIFR,0,0,0
CYMU,"Umiujaq Arpt, QC, CA",Canada,QC,MVFR,860,1050,81.9
CYMU,"Umiujaq Arpt, QC, CA",Canada,QC,VFR,190,1050,18.1
CYMU,"Umiujaq Arpt, QC, CA",Canada,QC,IFR,0,0,0
CYMU,"Umiujaq Arpt, QC, CA",Canada,QC,LIFR,0,0,0
CYMX,"Montreal/Mirabel Arpt, QC, CA",Canada,QC,VFR,1890,1890,100
CYMX,"Montreal/Mirabel Arpt, QC, CA",Canada,QC,IFR,0,0,0
CYMX,"Montreal/Mirabel Arpt, QC, CA",Canada,QC,LIFR,0,0,0
CYMX,"Montreal/Mirabel Arpt, QC, CA",Canada,QC,MVFR,0,0,0
CYNA,"Natashquan Arpt, QC, CA",Canada,QC,VFR,1451,1880,77.18
CYNA,"Natashquan Arpt, QC, CA",Canada,QC,LIFR,261,1880,13.88
CYNA,"Natashquan Arpt, QC, CA",Canada,QC,MVFR,168,1880,8.94
CYNA,"Natashquan Arpt, QC, CA",Canada,QC,IFR,0,0,0
CYND,"Gatineau/Ottawa Exec, QC, CA",Canada,QC,VFR,1350,1350,100
CYND,"Gatineau/Ottawa Exec, QC, CA",Canada,QC,IFR,0,0,0
CYND,"Gatineau/Ottawa Exec, QC, CA",Canada,QC,LIFR,0,0,0
CYND,"Gatineau/Ottawa Exec, QC, CA",Canada,QC,MVFR,0,0,0
CYNE,"Norway House Arpt, MB, CA",Canada,MB,VFR,1798,1890,95.13
CYNE,"Norway House Arpt, MB, CA",Canada,MB,MVFR,92,1890,4.87
CYNE,"Norway House Arpt, MB, CA",Canada,MB,IFR,0,0,0
CYNE,"Norway House Arpt, MB, CA",Canada,MB,LIFR,0,0,0
CYNM,"Matagami Arpt, QC, CA",Canada,QC,VFR,1827,1876,97.39
CYNM,"Matagami Arpt, QC, CA",Canada,QC,IFR,49,1876,2.61
CYNM,"Matagami Arpt, QC, CA",Canada,QC,LIFR,0,0,0
CYNM,"Matagami Arpt, QC, CA",Canada,QC,MVFR,0,0,0
CYOD,"Cold Lake , AB, CA",Canada,AB,VFR,1890,1890,100
CYOD,"Cold Lake , AB, CA",Canada,AB,IFR,0,0,0
CYOD,"Cold Lake , AB, CA",Canada,AB,LIFR,0,0,0
CYOD,"Cold Lake , AB, CA",Canada,AB,MVFR,0,0,0
CYOJ,"High Level Arpt, AB, CA",Canada,AB,MVFR,600,990,60.61
CYOJ,"High Level Arpt, AB, CA",Canada,AB,VFR,390,990,39.39
CYOJ,"High Level Arpt, AB, CA",Canada,AB,IFR,0,0,0
CYOJ,"High Level Arpt, AB, CA",Canada,AB,LIFR,0,0,0
CYOO,"Oshawa Arpt, ON, CA",Canada,ON,VFR,1890,1890,100
CYOO,"Oshawa Arpt, ON, CA",Canada,ON,IFR,0,0,0
CYOO,"Oshawa Arpt, ON, CA",Canada,ON,LIFR,0,0,0
CYOO,"Oshawa Arpt, ON, CA",Canada,ON,MVFR,0,0,0
CYOW,"Ottawa/Cartier Intl, ON, CA",Canada,ON,VFR,1794,1890,94.92
CYOW,"Ottawa/Cartier Intl, ON, CA",Canada,ON,MVFR,96,1890,5.08
CYOW,"Ottawa/Cartier Intl, ON, CA",Canada,ON,IFR,0,0,0
CYOW,"Ottawa/Cartier Intl, ON, CA",Canada,ON,LIFR,0,0,0
CYOY,"Valcartier Arpt, QC, CA",Canada,QC,VFR,1138,1138,100
CYOY,"Valcartier Arpt, QC, CA",Canada,QC,IFR,0,0,0
CYOY,"Valcartier Arpt, QC, CA",Canada,QC,LIFR,0,0,0
CYOY,"Valcartier Arpt, QC, CA",Canada,QC,MVFR,0,0,0
CYPA,"Prince Albert Arpt, SK, CA",Canada,SK,VFR,1890,1890,100
CYPA,"Prince Albert Arpt, SK, CA",Canada,SK,IFR,0,0,0
CYPA,"Prince Albert Arpt, SK, CA",Canada,SK,LIFR,0,0,0
CYPA,"Prince Albert Arpt, SK, CA",Canada,SK,MVFR,0,0,0
CYPC,"Paulatuk Arpt, NT, CA",Canada,NT,MVFR,673,883,76.22
CYPC,"Paulatuk Arpt, NT, CA",Canada,NT,VFR,210,883,23.78
CYPC,"Paulatuk Arpt, NT, CA",Canada,NT,IFR,0,0,0
CYPC,"Paulatuk Arpt, NT, CA",Canada,NT,LIFR,0,0,0
CYPD,"Port Hawkesbury Arpt, NS, CA",Canada,NS,VFR,1205,1896,63.55
CYPD,"Port Hawkesbury Arpt, NS, CA",Canada,NS,MVFR,602,1896,31.75
CYPD,"Port Hawkesbury Arpt, NS, CA",Canada,NS,IFR,89,1896,4.69
CYPD,"Port Hawkesbury Arpt, NS, CA",Canada,NS,LIFR,0,0,0
CYPE,"Peace River Arpt, AB, CA",Canada,AB,VFR,1820,1890,96.3
CYPE,"Peace River Arpt, AB, CA",Canada,AB,LIFR,44,1890,2.33
CYPE,"Peace River Arpt, AB, CA",Canada,AB,IFR,19,1890,1.01
CYPE,"Peace River Arpt, AB, CA",Canada,AB,MVFR,7,1890,0.37
CYPG,"Portage la Prairie/Southport Arpt, MB, CA",Canada,MB,VFR,1590,1590,100
CYPG,"Portage la Prairie/Southport Arpt, MB, CA",Canada,MB,IFR,0,0,0
CYPG,"Portage la Prairie/Southport Arpt, MB, CA",Canada,MB,LIFR,0,0,0
CYPG,"Portage la Prairie/Southport Arpt, MB, CA",Canada,MB,MVFR,0,0,0
CYPH,"Inukjuak Arpt, QC, CA",Canada,QC,MVFR,1287,1922,66.96
CYPH,"Inukjuak Arpt, QC, CA",Canada,QC,VFR,635,1922,33.04
CYPH,"Inukjuak Arpt, QC, CA",Canada,QC,IFR,0,0,0
CYPH,"Inukjuak Arpt, QC, CA",Canada,QC,LIFR,0,0,0
CYPL,"Pickle Lake Arpt, ON, CA",Canada,ON,VFR,1890,1890,100
CYPL,"Pickle Lake Arpt, ON, CA",Canada,ON,IFR,0,0,0
CYPL,"Pickle Lake Arpt, ON, CA",Canada,ON,LIFR,0,0,0
CYPL,"Pickle Lake Arpt, ON, CA",Canada,ON,MVFR,0,0,0
CYPO,"Peawanuck Arpt, ON, CA",Canada,ON,VFR,1890,1890,100
CYPO,"Peawanuck Arpt, ON, CA",Canada,ON,IFR,0,0,0
CYPO,"Peawanuck Arpt, ON, CA",Canada,ON,LIFR,0,0,0
CYPO,"Peawanuck Arpt, ON, CA",Canada,ON,MVFR,0,0,0
CYPQ,"Peterborough Muni, ON, CA",Canada,ON,VFR,1727,1890,91.38
CYPQ,"Peterborough Muni, ON, CA",Canada,ON,LIFR,103,1890,5.45
CYPQ,"Peterborough Muni, ON, CA",Canada,ON,MVFR,60,1890,3.17
CYPQ,"Peterborough Muni, ON, CA",Canada,ON,IFR,0,0,0
CYPR,"Prince Rupert Arpt, BC, CA",Canada,BC,VFR,1890,1890,100
CYPR,"Prince Rupert Arpt, BC, CA",Canada,BC,IFR,0,0,0
CYPR,"Prince Rupert Arpt, BC, CA",Canada,BC,LIFR,0,0,0
CYPR,"Prince Rupert Arpt, BC, CA",Canada,BC,MVFR,0,0,0
CYPW,"Powell River Arpt, BC, CA",Canada,BC,VFR,870,1290,67.44
CYPW,"Powell River Arpt, BC, CA",Canada,BC,MVFR,420,1290,32.56
CYPW,"Powell River Arpt, BC, CA",Canada,BC,IFR,0,0,0
CYPW,"Powell River Arpt, BC, CA",Canada,BC,LIFR,0,0,0
CYPX,"Puvungnituq Arpt, QC, CA",Canada,QC,MVFR,1532,1903,80.5
CYPX,"Puvungnituq Arpt, QC, CA",Canada,QC,VFR,359,1903,18.86
CYPX,"Puvungnituq Arpt, QC, CA",Canada,QC,IFR,12,1903,0.63
CYPX,"Puvungnituq Arpt, QC, CA",Canada,QC,LIFR,0,0,0
CYPY,"Fort Chipewyan Arpt, AB, CA",Canada,AB,VFR,1026,1890,54.29
CYPY,"Fort Chipewyan Arpt, AB, CA",Canada,AB,MVFR,806,1890,42.65
CYPY,"Fort Chipewyan Arpt, AB, CA",Canada,AB,IFR,58,1890,3.07
CYPY,"Fort Chipewyan Arpt, AB, CA",Canada,AB,LIFR,0,0,0
CYQA,"Muskoka Arpt, ON, CA",Canada,ON,VFR,1867,1890,98.78
CYQA,"Muskoka Arpt, ON, CA",Canada,ON,MVFR,23,1890,1.22
CYQA,"Muskoka Arpt, ON, CA",Canada,ON,IFR,0,0,0
CYQA,"Muskoka Arpt, ON, CA",Canada,ON,LIFR,0,0,0
CYQB,"Quebec/Lesage Intl, QC, CA",Canada,QC,VFR,1890,1890,100
CYQB,"Quebec/Lesage Intl, QC, CA",Canada,QC,IFR,0,0,0
CYQB,"Quebec/Lesage Intl, QC, CA",Canada,QC,LIFR,0,0,0
CYQB,"Quebec/Lesage Intl, QC, CA",Canada,QC,MVFR,0,0,0
CYQD,"The Pas Arpt, MB, CA",Canada,MB,VFR,360,403,89.33
CYQD,"The Pas Arpt, MB, CA",Canada,MB,IFR,36,403,8.93
CYQD,"The Pas Arpt, MB, CA",Canada,MB,MVFR,7,403,1.74
CYQD,"The Pas Arpt, MB, CA",Canada,MB,LIFR,0,0,0
CYQF,"Red Deer Rgnl, AB, CA",Canada,AB,VFR,1890,1890,100
CYQF,"Red Deer Rgnl, AB, CA",Canada,AB,IFR,0,0,0
CYQF,"Red Deer Rgnl, AB, CA",Canada,AB,LIFR,0,0,0
CYQF,"Red Deer Rgnl, AB, CA",Canada,AB,MVFR,0,0,0
CYQG,"Windsor Intl, ON, CA",Canada,ON,VFR,1834,1890,97.04
CYQG,"Windsor Intl, ON, CA",Canada,ON,MVFR,56,1890,2.96
CYQG,"Windsor Intl, ON, CA",Canada,ON,IFR,0,0,0
CYQG,"Windsor Intl, ON, CA",Canada,ON,LIFR,0,0,0
CYQH,"Watson Lake Arpt, YT, CA",Canada,YT,VFR,1890,1890,100
CYQH,"Watson Lake Arpt, YT, CA",Canada,YT,IFR,0,0,0
CYQH,"Watson Lake Arpt, YT, CA",Canada,YT,LIFR,0,0,0
CYQH,"Watson Lake Arpt, YT, CA",Canada,YT,MVFR,0,0,0
CYQI,"Yarmouth Arpt, NS, CA",Canada,NS,VFR,1301,1890,68.84
CYQI,"Yarmouth Arpt, NS, CA",Canada,NS,MVFR,268,1890,14.18
CYQI,"Yarmouth Arpt, NS, CA",Canada,NS,IFR,261,1890,13.81
CYQI,"Yarmouth Arpt, NS, CA",Canada,NS,LIFR,60,1890,3.17
CYQK,"Kenora Arpt, ON, CA",Canada,ON,VFR,1890,1890,100
CYQK,"Kenora Arpt, ON, CA",Canada,ON,IFR,0,0,0
CYQK,"Kenora Arpt, ON, CA",Canada,ON,LIFR,0,0,0
CYQK,"Kenora Arpt, ON, CA",Canada,ON,MVFR,0,0,0
CYQL,"Lethbridge Cnty Arpt, AB, CA",Canada,AB,VFR,1890,1890,100
CYQL,"Lethbridge Cnty Arpt, AB, CA",Canada,AB,IFR,0,0,0
CYQL,"Lethbridge Cnty Arpt, AB, CA",Canada,AB,LIFR,0,0,0
CYQL,"Lethbridge Cnty Arpt, AB, CA",Canada,AB,MVFR,0,0,0
CYQM,"Moncton Intl, NB, CA",Canada,NB,VFR,905,1890,47.88
CYQM,"Moncton Intl, NB, CA",Canada,NB,MVFR,637,1890,33.7
CYQM,"Moncton Intl, NB, CA",Canada,NB,IFR,348,1890,18.41
CYQM,"Moncton Intl, NB, CA",Canada,NB,LIFR,0,0,0
CYQQ,"Comox, BC, CA",Canada,BC,VFR,1710,1890,90.48
CYQQ,"Comox, BC, CA",Canada,BC,MVFR,180,1890,9.52
CYQQ,"Comox, BC, CA",Canada,BC,IFR,0,0,0
CYQQ,"Comox, BC, CA",Canada,BC,LIFR,0,0,0
CYQR,"Regina Intl Arpt, SK, CA",Canada,SK,VFR,1890,1890,100
CYQR,"Regina Intl Arpt, SK, CA",Canada,SK,IFR,0,0,0
CYQR,"Regina Intl Arpt, SK, CA",Canada,SK,LIFR,0,0,0
CYQR,"Regina Intl Arpt, SK, CA",Canada,SK,MVFR,0,0,0
CYQT,"Thunder Bay Intl, ON, CA",Canada,ON,VFR,1890,1890,100
CYQT,"Thunder Bay Intl, ON, CA",Canada,ON,IFR,0,0,0
CYQT,"Thunder Bay Intl, ON, CA",Canada,ON,LIFR,0,0,0
CYQT,"Thunder Bay Intl, ON, CA",Canada,ON,MVFR,0,0,0
CYQU,"Grande Prairie Arpt, AB, CA",Canada,AB,VFR,1890,1890,100
CYQU,"Grande Prairie Arpt, AB, CA",Canada,AB,IFR,0,0,0
CYQU,"Grande Prairie Arpt, AB, CA",Canada,AB,LIFR,0,0,0
CYQU,"Grande Prairie Arpt, AB, CA",Canada,AB,MVFR,0,0,0
CYQV,"Yorkton Muni, SK, CA",Canada,SK,VFR,1890,1890,100
CYQV,"Yorkton Muni, SK, CA",Canada,SK,IFR,0,0,0
CYQV,"Yorkton Muni, SK, CA",Canada,SK,LIFR,0,0,0
CYQV,"Yorkton Muni, SK, CA",Canada,SK,MVFR,0,0,0
CYQW,"North Battleford Arpt, SK, CA",Canada,SK,VFR,1890,1890,100
CYQW,"North Battleford Arpt, SK, CA",Canada,SK,IFR,0,0,0
CYQW,"North Battleford Arpt, SK, CA",Canada,SK,LIFR,0,0,0
CYQW,"North Battleford Arpt, SK, CA",Canada,SK,MVFR,0,0,0
CYQX,"Gander Intl Arpt, NL, CA",Canada,NL,MVFR,713,1890,37.72
CYQX,"Gander Intl Arpt, NL, CA",Canada,NL,VFR,667,1890,35.29
CYQX,"Gander Intl Arpt, NL, CA",Canada,NL,IFR,360,1890,19.05
CYQX,"Gander Intl Arpt, NL, CA",Canada,NL,LIFR,150,1890,7.94
CYQY,"Sydney Arpt, NS, CA",Canada,NS,MVFR,854,1890,45.19
CYQY,"Sydney Arpt, NS, CA",Canada,NS,VFR,690,1890,36.51
CYQY,"Sydney Arpt, NS, CA",Canada,NS,IFR,346,1890,18.31
CYQY,"Sydney Arpt, NS, CA",Canada,NS,LIFR,0,0,0
CYQZ,"Quesnel Arpt, BC, CA",Canada,BC,VFR,1368,1871,73.12
CYQZ,"Quesnel Arpt, BC, CA",Canada,BC,LIFR,388,1871,20.74
CYQZ,"Quesnel Arpt, BC, CA",Canada,BC,IFR,115,1871,6.15
CYQZ,"Quesnel Arpt, BC, CA",Canada,BC,MVFR,0,0,0
CYRA,"Gameti/Rae Lakes Arpt, NT, CA",Canada,NT,MVFR,528,944,55.93
CYRA,"Gameti/Rae Lakes Arpt, NT, CA",Canada,NT,VFR,251,944,26.59
CYRA,"Gameti/Rae Lakes Arpt, NT, CA",Canada,NT,LIFR,93,944,9.85
CYRA,"Gameti/Rae Lakes Arpt, NT, CA",Canada,NT,IFR,72,944,7.63
CYRB,"Resolute Bay Arpt, NU, CA",Canada,NU,VFR,639,1915,33.37
CYRB,"Resolute Bay Arpt, NU, CA",Canada,NU,IFR,571,1915,29.82
CYRB,"Resolute Bay Arpt, NU, CA",Canada,NU,MVFR,485,1915,25.33
CYRB,"Resolute Bay Arpt, NU, CA",Canada,NU,LIFR,220,1915,11.49
CYRJ,"Roberval Arpt, QC, CA",Canada,QC,VFR,1230,1890,65.08
CYRJ,"Roberval Arpt, QC, CA",Canada,QC,MVFR,660,1890,34.92
CYRJ,"Roberval Arpt, QC, CA",Canada,QC,IFR,0,0,0
CYRJ,"Roberval Arpt, QC, CA",Canada,QC,LIFR,0,0,0
CYRL,"Red Lake Arpt, ON, CA",Canada,ON,VFR,1650,1650,100
CYRL,"Red Lake Arpt, ON, CA",Canada,ON,IFR,0,0,0
CYRL,"Red Lake Arpt, ON, CA",Canada,ON,LIFR,0,0,0
CYRL,"Red Lake Arpt, ON, CA",Canada,ON,MVFR,0,0,0
CYRQ,"Trois-Rivières, QC, CA",Canada,QC,VFR,1890,1890,100
CYRQ,"Trois-Rivières, QC, CA",Canada,QC,IFR,0,0,0
CYRQ,"Trois-Rivières, QC, CA",Canada,QC,LIFR,0,0,0
CYRQ,"Trois-Rivières, QC, CA",Canada,QC,MVFR,0,0,0
CYRT,"Rankin Inlet Arpt, NU, CA",Canada,NU,VFR,1008,1890,53.33
CYRT,"Rankin Inlet Arpt, NU, CA",Canada,NU,IFR,385,1890,20.37
CYRT,"Rankin Inlet Arpt, NU, CA",Canada,NU,LIFR,289,1890,15.29
CYRT,"Rankin Inlet Arpt, NU, CA",Canada,NU,MVFR,208,1890,11.01
CYRV,"Revelstoke Arpt, BC, CA",Canada,BC,VFR,1631,1890,86.3
CYRV,"Revelstoke Arpt, BC, CA",Canada,BC,IFR,104,1890,5.5
CYRV,"Revelstoke Arpt, BC, CA",Canada,BC,MVFR,91,1890,4.81
CYRV,"Revelstoke Arpt, BC, CA",Canada,BC,LIFR,64,1890,3.39
CYSB,"Sudbury Arpt, ON, CA",Canada,ON,VFR,1470,1890,77.78
CYSB,"Sudbury Arpt, ON, CA",Canada,ON,MVFR,420,1890,22.22
CYSB,"Sudbury Arpt, ON, CA",Canada,ON,IFR,0,0,0
CYSB,"Sudbury Arpt, ON, CA",Canada,ON,LIFR,0,0,0
CYSC,"Sherbrooke Arpt, QC, CA",Canada,QC,VFR,1550,1890,82.01
CYSC,"Sherbrooke Arpt, QC, CA",Canada,QC,MVFR,340,1890,17.99
CYSC,"Sherbrooke Arpt, QC, CA",Canada,QC,IFR,0,0,0
CYSC,"Sherbrooke Arpt, QC, CA",Canada,QC,LIFR,0,0,0
CYSF,"Stony Rapids Arpt, SK, CA",Canada,SK,VFR,855,1890,45.24
CYSF,"Stony Rapids Arpt, SK, CA",Canada,SK,MVFR,747,1890,39.52
CYSF,"Stony Rapids Arpt, SK, CA",Canada,SK,IFR,190,1890,10.05
CYSF,"Stony Rapids Arpt, SK, CA",Canada,SK,LIFR,98,1890,5.19
CYSJ,"Saint John Arpt, NB, CA",Canada,NB,VFR,968,1890,51.22
CYSJ,"Saint John Arpt, NB, CA",Canada,NB,IFR,338,1890,17.88
CYSJ,"Saint John Arpt, NB, CA",Canada,NB,LIFR,321,1890,16.98
CYSJ,"Saint John Arpt, NB, CA",Canada,NB,MVFR,263,1890,13.92
CYSK,"Sanikiluaq Arpt, QC, CA",Canada,QC,VFR,673,1087,61.91
CYSK,"Sanikiluaq Arpt, QC, CA",Canada,QC,MVFR,414,1087,38.09
CYSK,"Sanikiluaq Arpt, QC, CA",Canada,QC,IFR,0,0,0
CYSK,"Sanikiluaq Arpt, QC, CA",Canada,QC,LIFR,0,0,0
CYSM,"Fort Smith Arpt, NT, CA",Canada,NT,IFR,897,1890,47.46
CYSM,"Fort Smith Arpt, NT, CA",Canada,NT,MVFR,603,1890,31.9
CYSM,"Fort Smith Arpt, NT, CA",Canada,NT,VFR,390,1890,20.63
CYSM,"Fort Smith Arpt, NT, CA",Canada,NT,LIFR,0,0,0
CYSN,"St Catharines/Niagara Arpt, ON, CA",Canada,ON,VFR,1350,1350,100
CYSN,"St Catharines/Niagara Arpt, ON, CA",Canada,ON,IFR,0,0,0
CYSN,"St Catharines/Niagara Arpt, ON, CA",Canada,ON,LIFR,0,0,0
CYSN,"St Catharines/Niagara Arpt, ON, CA",Canada,ON,MVFR,0,0,0
CYSP,"Marathon Arpt, ON, CA",Canada,ON,VFR,570,570,100
CYSP,"Marathon Arpt, ON, CA",Canada,ON,IFR,0,0,0
CYSP,"Marathon Arpt, ON, CA",Canada,ON,LIFR,0,0,0
CYSP,"Marathon Arpt, ON, CA",Canada,ON,MVFR,0,0,0
CYTE,"Cape Dorset Arpt, NU, CA",Canada,NU,MVFR,1365,1881,72.57
CYTE,"Cape Dorset Arpt, NU, CA",Canada,NU,VFR,336,1881,17.86
CYTE,"Cape Dorset Arpt, NU, CA",Canada,NU,IFR,180,1881,9.57
CYTE,"Cape Dorset Arpt, NU, CA",Canada,NU,LIFR,0,0,0
CYTH,"Thompson Arpt, MB, CA",Canada,MB,VFR,1770,1890,93.65
CYTH,"Thompson Arpt, MB, CA",Canada,MB,MVFR,120,1890,6.35
CYTH,"Thompson Arpt, MB, CA",Canada,MB,IFR,0,0,0
CYTH,"Thompson Arpt, MB, CA",Canada,MB,LIFR,0,0,0
CYTL,"Big Trout Lake Arpt, ON, CA",Canada,ON,VFR,420,420,100
CYTL,"Big Trout Lake Arpt, ON, CA",Canada,ON,IFR,0,0,0
CYTL,"Big Trout Lake Arpt, ON, CA",Canada,ON,LIFR,0,0,0
CYTL,"Big Trout Lake Arpt, ON, CA",Canada,ON,MVFR,0,0,0
CYTQ,"Tasiujaq Arpt, QC, CA",Canada,QC,VFR,600,1050,57.14
CYTQ,"Tasiujaq Arpt, QC, CA",Canada,QC,MVFR,390,1050,37.14
CYTQ,"Tasiujaq Arpt, QC, CA",Canada,QC,IFR,60,1050,5.71
CYTQ,"Tasiujaq Arpt, QC, CA",Canada,QC,LIFR,0,0,0
CYTR,"Trenton, ON, CA",Canada,ON,VFR,1669,1890,88.31
CYTR,"Trenton, ON, CA",Canada,ON,MVFR,221,1890,11.69
CYTR,"Trenton, ON, CA",Canada,ON,IFR,0,0,0
CYTR,"Trenton, ON, CA",Canada,ON,LIFR,0,0,0
CYTS,"Timmins/Power Arpt, ON, CA",Canada,ON,VFR,1890,1890,100
CYTS,"Timmins/Power Arpt, ON, CA",Canada,ON,IFR,0,0,0
CYTS,"Timmins/Power Arpt, ON, CA",Canada,ON,LIFR,0,0,0
CYTS,"Timmins/Power Arpt, ON, CA",Canada,ON,MVFR,0,0,0
CYTZ,"Toronto/Bishop Arpt, ON, CA",Canada,ON,VFR,1890,1890,100
CYTZ,"Toronto/Bishop Arpt, ON, CA",Canada,ON,IFR,0,0,0
CYTZ,"Toronto/Bishop Arpt, ON, CA",Canada,ON,LIFR,0,0,0
CYTZ,"Toronto/Bishop Arpt, ON, CA",Canada,ON,MVFR,0,0,0
CYUB,"Tuktoyaktuk Arpt, NT, CA",Canada,NT,VFR,1217,1470,82.79
CYUB,"Tuktoyaktuk Arpt, NT, CA",Canada,NT,MVFR,253,1470,17.21
CYUB,"Tuktoyaktuk Arpt, NT, CA",Canada,NT,IFR,0,0,0
CYUB,"Tuktoyaktuk Arpt, NT, CA",Canada,NT,LIFR,0,0,0
CYUL,"Montreal/Trudeau Intl, QC, CA",Canada,QC,VFR,1890,1890,100
CYUL,"Montreal/Trudeau Intl, QC, CA",Canada,QC,IFR,0,0,0
CYUL,"Montreal/Trudeau Intl, QC, CA",Canada,QC,LIFR,0,0,0
CYUL,"Montreal/Trudeau Intl, QC, CA",Canada,QC,MVFR,0,0,0
CYUT,"Repulse Bay Arpt, NU, CA",Canada,NU,VFR,784,1103,71.08
CYUT,"Repulse Bay Arpt, NU, CA",Canada,NU,LIFR,319,1103,28.92
CYUT,"Repulse Bay Arpt, NU, CA",Canada,NU,IFR,0,0,0
CYUT,"Repulse Bay Arpt, NU, CA",Canada,NU,MVFR,0,0,0
CYUX,"Hall Beach Arpt, NU, CA",Canada,NU,VFR,1057,1890,55.93
CYUX,"Hall Beach Arpt, NU, CA",Canada,NU,MVFR,642,1890,33.97
CYUX,"Hall Beach Arpt, NU, CA",Canada,NU,IFR,191,1890,10.11
CYUX,"Hall Beach Arpt, NU, CA",Canada,NU,LIFR,0,0,0
CYUY,"Rouyn/Noranda Arpt, QC, CA",Canada,QC,VFR,1890,1890,100
CYUY,"Rouyn/Noranda Arpt, QC, CA",Canada,QC,IFR,0,0,0
CYUY,"Rouyn/Noranda Arpt, QC, CA",Canada,QC,LIFR,0,0,0
CYUY,"Rouyn/Noranda Arpt, QC, CA",Canada,QC,MVFR,0,0,0
CYVC,"La Ronge Arpt, SK, CA",Canada,SK,VFR,1890,1890,100
CYVC,"La Ronge Arpt, SK, CA",Canada,SK,IFR,0,0,0
CYVC,"La Ronge Arpt, SK, CA",Canada,SK,LIFR,0,0,0
CYVC,"La Ronge Arpt, SK, CA",Canada,SK,MVFR,0,0,0
CYVL,"Colville Lake, NT, CA",Canada,NT,VFR,1770,1867,94.8
CYVL,"Colville Lake, NT, CA",Canada,NT,IFR,97,1867,5.2
CYVL,"Colville Lake, NT, CA",Canada,NT,LIFR,0,0,0
CYVL,"Colville Lake, NT, CA",Canada,NT,MVFR,0,0,0
CYVM,"Broughton Isl/Qikiqtarjuaq Arpt, NU, CA",Canada,NU,VFR,1400,1890,74.07
CYVM,"Broughton Isl/Qikiqtarjuaq Arpt, NU, CA",Canada,NU,MVFR,291,1890,15.4
CYVM,"Broughton Isl/Qikiqtarjuaq Arpt, NU, CA",Canada,NU,IFR,199,1890,10.53
CYVM,"Broughton Isl/Qikiqtarjuaq Arpt, NU, CA",Canada,NU,LIFR,0,0,0
CYVO,"Val D'Or Arpt, QC, CA",Canada,QC,VFR,1650,1870,88.24
CYVO,"Val D'Or Arpt, QC, CA",Canada,QC,MVFR,220,1870,11.76
CYVO,"Val D'Or Arpt, QC, CA",Canada,QC,IFR,0,0,0
CYVO,"Val D'Or Arpt, QC, CA",Canada,QC,LIFR,0,0,0
CYVP,"Kuujjuaq Arpt, QC, CA",Canada,QC,MVFR,1147,1890,60.69
CYVP,"Kuujjuaq Arpt, QC, CA",Canada,QC,VFR,743,1890,39.31
CYVP,"Kuujjuaq Arpt, QC, CA",Canada,QC,IFR,0,0,0
CYVP,"Kuujjuaq Arpt, QC, CA",Canada,QC,LIFR,0,0,0
CYVQ,"Norman Wells Arpt, NT, CA",Canada,NT,VFR,1890,1890,100
CYVQ,"Norman Wells Arpt, NT, CA",Canada,NT,IFR,0,0,0
CYVQ,"Norman Wells Arpt, NT, CA",Canada,NT,LIFR,0,0,0
CYVQ,"Norman Wells Arpt, NT, CA",Canada,NT,MVFR,0,0,0
CYVR,"Vancouver Intl, BC, CA",Canada,BC,VFR,1890,1890,100
CYVR,"Vancouver Intl, BC, CA",Canada,BC,IFR,0,0,0
CYVR,"Vancouver Intl, BC, CA",Canada,BC,LIFR,0,0,0
CYVR,"Vancouver Intl, BC, CA",Canada,BC,MVFR,0,0,0
CYVT,"Buffalo Narrows Arpt, SK, CA",Canada,SK,VFR,1242,1890,65.71
CYVT,"Buffalo Narrows Arpt, SK, CA",Canada,SK,MVFR,648,1890,34.29
CYVT,"Buffalo Narrows Arpt, SK, CA",Canada,SK,IFR,0,0,0
CYVT,"Buffalo Narrows Arpt, SK, CA",Canada,SK,LIFR,0,0,0
CYVV,"Wiarton Arpt, ON, CA",Canada,ON,VFR,1770,1890,93.65
CYVV,"Wiarton Arpt, ON, CA",Canada,ON,MVFR,120,1890,6.35
CYVV,"Wiarton Arpt, ON, CA",Canada,ON,IFR,0,0,0
CYVV,"Wiarton Arpt, ON, CA",Canada,ON,LIFR,0,0,0
CYWA,"Petawawa Arpt, ON, CA",Canada,ON,VFR,1159,1219,95.08
CYWA,"Petawawa Arpt, ON, CA",Canada,ON,MVFR,60,1219,4.92
CYWA,"Petawawa Arpt, ON, CA",Canada,ON,IFR,0,0,0
CYWA,"Petawawa Arpt, ON, CA",Canada,ON,LIFR,0,0,0
CYWE,"Wekweètì Arpt, NT, CA",Canada,NT,IFR,999,1907,52.39
CYWE,"Wekweètì Arpt, NT, CA",Canada,NT,VFR,469,1907,24.59
CYWE,"Wekweètì Arpt, NT, CA",Canada,NT,MVFR,439,1907,23.02
CYWE,"Wekweètì Arpt, NT, CA",Canada,NT,LIFR,0,0,0
CYWG,"Winnipeg Intl Arpt, MB, CA",Canada,MB,VFR,1890,1890,100
CYWG,"Winnipeg Intl Arpt, MB, CA",Canada,MB,IFR,0,0,0
CYWG,"Winnipeg Intl Arpt, MB, CA",Canada,MB,LIFR,0,0,0
CYWG,"Winnipeg Intl Arpt, MB, CA",Canada,MB,MVFR,0,0,0
CYWH,"Victoria Harbour Arpt, BC, CA",Canada,BC,VFR,1409,1439,97.92
CYWH,"Victoria Harbour Arpt, BC, CA",Canada,BC,MVFR,30,1439,2.08
CYWH,"Victoria Harbour Arpt, BC, CA",Canada,BC,IFR,0,0,0
CYWH,"Victoria Harbour Arpt, BC, CA",Canada,BC,LIFR,0,0,0
CYWJ,"Déline Arpt, NT, CA",Canada,NT,VFR,961,1079,89.06
CYWJ,"Déline Arpt, NT, CA",Canada,NT,LIFR,118,1079,10.94
CYWJ,"Déline Arpt, NT, CA",Canada,NT,IFR,0,0,0
CYWJ,"Déline Arpt, NT, CA",Canada,NT,MVFR,0,0,0
CYWK,"Wabush Lake Arpt, NL, CA",Canada,NL,VFR,1363,1890,72.12
CYWK,"Wabush Lake Arpt, NL, CA",Canada,NL,MVFR,509,1890,26.93
CYWK,"Wabush Lake Arpt, NL, CA",Canada,NL,IFR,18,1890,0.95
CYWK,"Wabush Lake Arpt, NL, CA",Canada,NL,LIFR,0,0,0
CYWL,"Williams Lake Rgnl, BC, CA",Canada,BC,VFR,1890,1890,100
CYWL,"Williams Lake Rgnl, BC, CA",Canada,BC,IFR,0,0,0
CYWL,"Williams Lake Rgnl, BC, CA",Canada,BC,LIFR,0,0,0
CYWL,"Williams Lake Rgnl, BC, CA",Canada,BC,MVFR,0,0,0
CYXC,"Cranbrook Intl, BC, CA",Canada,BC,VFR,1890,1890,100
CYXC,"Cranbrook Intl, BC, CA",Canada,BC,IFR,0,0,0
CYXC,"Cranbrook Intl, BC, CA",Canada,BC,LIFR,0,0,0
CYXC,"Cranbrook Intl, BC, CA",Canada,BC,MVFR,0,0,0
CYXE,"Saskatoon/Diefenbaker Intl, SK, CA",Canada,SK,VFR,1890,1890,100
CYXE,"Saskatoon/Diefenbaker Intl, SK, CA",Canada,SK,IFR,0,0,0
CYXE,"Saskatoon/Diefenbaker Intl, SK, CA",Canada,SK,LIFR,0,0,0
CYXE,"Saskatoon/Diefenbaker Intl, SK, CA",Canada,SK,MVFR,0,0,0
CYXH,"Medicine Hat Arpt, AB, CA",Canada,AB,VFR,1890,1890,100
CYXH,"Medicine Hat Arpt, AB, CA",Canada,AB,IFR,0,0,0
CYXH,"Medicine Hat Arpt, AB, CA",Canada,AB,LIFR,0,0,0
CYXH,"Medicine Hat Arpt, AB, CA",Canada,AB,MVFR,0,0,0
CYXJ,"Fort St John/N Peace Rgnl, BC, CA",Canada,BC,VFR,1599,1890,84.6
CYXJ,"Fort St John/N Peace Rgnl, BC, CA",Canada,BC,LIFR,276,1890,14.6
CYXJ,"Fort St John/N Peace Rgnl, BC, CA",Canada,BC,MVFR,15,1890,0.79
CYXJ,"Fort St John/N Peace Rgnl, BC, CA",Canada,BC,IFR,0,0,0
CYXL,"Sioux Lookout Arpt, ON, CA",Canada,ON,VFR,1809,1890,95.71
CYXL,"Sioux Lookout Arpt, ON, CA",Canada,ON,LIFR,81,1890,4.29
CYXL,"Sioux Lookout Arpt, ON, CA",Canada,ON,IFR,0,0,0
CYXL,"Sioux Lookout Arpt, ON, CA",Canada,ON,MVFR,0,0,0
CYXN,"Whale Cove Arpt, NU, CA",Canada,NU,VFR,650,980,66.33
CYXN,"Whale Cove Arpt, NU, CA",Canada,NU,MVFR,238,980,24.29
CYXN,"Whale Cove Arpt, NU, CA",Canada,NU,IFR,92,980,9.39
CYXN,"Whale Cove Arpt, NU, CA",Canada,NU,LIFR,0,0,0
CYXP,"Pangnirtung Arpt, NU, CA",Canada,NU,MVFR,925,1643,56.3
CYXP,"Pangnirtung Arpt, NU, CA",Canada,NU,VFR,718,1643,43.7
CYXP,"Pangnirtung Arpt, NU, CA",Canada,NU,IFR,0,0,0
CYXP,"Pangnirtung Arpt, NU, CA",Canada,NU,LIFR,0,0,0
CYXQ,"Beaver Creek Arpt, YT, CA",Canada,YT,VFR,690,690,100
CYXQ,"Beaver Creek Arpt, YT, CA",Canada,YT,IFR,0,0,0
CYXQ,"Beaver Creek Arpt, YT, CA",Canada,YT,LIFR,0,0,0
CYXQ,"Beaver Creek Arpt, YT, CA",Canada,YT,MVFR,0,0,0
CYXR,"Earlton Arpt, ON, CA",Canada,ON,VFR,1824,1890,96.51
CYXR,"Earlton Arpt, ON, CA",Canada,ON,MVFR,66,1890,3.49
CYXR,"Earlton Arpt, ON, CA",Canada,ON,IFR,0,0,0
CYXR,"Earlton Arpt, ON, CA",Canada,ON,LIFR,0,0,0
CYXS,"Prince George Arpt, BC, CA",Canada,BC,VFR,1191,1900,62.68
CYXS,"Prince George Arpt, BC, CA",Canada,BC,LIFR,709,1900,37.32
CYXS,"Prince George Arpt, BC, CA",Canada,BC,IFR,0,0,0
CYXS,"Prince George Arpt, BC, CA",Canada,BC,MVFR,0,0,0
CYXT,"Terrace Arpt, BC, CA",Canada,BC,VFR,1650,1869,88.28
CYXT,"Terrace Arpt, BC, CA",Canada,BC,LIFR,132,1869,7.06
CYXT,"Terrace Arpt, BC, CA",Canada,BC,MVFR,55,1869,2.94
CYXT,"Terrace Arpt, BC, CA",Canada,BC,IFR,32,1869,1.71
CYXU,"London Intl, ON, CA",Canada,ON,VFR,1890,1890,100
CYXU,"London Intl, ON, CA",Canada,ON,IFR,0,0,0
CYXU,"London Intl, ON, CA",Canada,ON,LIFR,0,0,0
CYXU,"London Intl, ON, CA",Canada,ON,MVFR,0,0,0
CYXX,"Abbotsford Intl, BC, CA",Canada,BC,VFR,1830,1890,96.83
CYXX,"Abbotsford Intl, BC, CA",Canada,BC,MVFR,60,1890,3.17
CYXX,"Abbotsford Intl, BC, CA",Canada,BC,IFR,0,0,0
CYXX,"Abbotsford Intl, BC, CA",Canada,BC,LIFR,0,0,0
CYXY,"Whitehorse Arpt, YT, CA",Canada,YT,VFR,1890,1890,100
CYXY,"Whitehorse Arpt, YT, CA",Canada,YT,IFR,0,0,0
CYXY,"Whitehorse Arpt, YT, CA",Canada,YT,LIFR,0,0,0
CYXY,"Whitehorse Arpt, YT, CA",Canada,YT,MVFR,0,0,0
CYXZ,"Wawa Arpt, ON, CA",Canada,ON,VFR,1335,1350,98.89
CYXZ,"Wawa Arpt, ON, CA",Canada,ON,MVFR,15,1350,1.11
CYXZ,"Wawa Arpt, ON, CA",Canada,ON,IFR,0,0,0
CYXZ,"Wawa Arpt, ON, CA",Canada,ON,LIFR,0,0,0
CYYB,"North Bay/Garland Arpt, ON, CA",Canada,ON,VFR,1650,1890,87.3
CYYB,"North Bay/Garland Arpt, ON, CA",Canada,ON,MVFR,240,1890,12.7
CYYB,"North Bay/Garland Arpt, ON, CA",Canada,ON,IFR,0,0,0
CYYB,"North Bay/Garland Arpt, ON, CA",Canada,ON,LIFR,0,0,0
CYYC,"Calgary Intl, AB, CA",Canada,AB,VFR,1890,1890,100
CYYC,"Calgary Intl, AB, CA",Canada,AB,IFR,0,0,0
CYYC,"Calgary Intl, AB, CA",Canada,AB,LIFR,0,0,0
CYYC,"Calgary Intl, AB, CA",Canada,AB,MVFR,0,0,0
CYYD,"Smithers Arpt, BC, CA",Canada,BC,VFR,1378,1863,73.97
CYYD,"Smithers Arpt, BC, CA",Canada,BC,LIFR,342,1863,18.36
CYYD,"Smithers Arpt, BC, CA",Canada,BC,IFR,109,1863,5.85
CYYD,"Smithers Arpt, BC, CA",Canada,BC,MVFR,34,1863,1.83
CYYE,"Fort Nelson Arpt, BC, CA",Canada,BC,VFR,1503,1890,79.52
CYYE,"Fort Nelson Arpt, BC, CA",Canada,BC,MVFR,337,1890,17.83
CYYE,"Fort Nelson Arpt, BC, CA",Canada,BC,IFR,50,1890,2.65
CYYE,"Fort Nelson Arpt, BC, CA",Canada,BC,LIFR,0,0,0
CYYF,"Penticton Rgnl, BC, CA",Canada,BC,VFR,1890,1890,100
CYYF,"Penticton Rgnl, BC, CA",Canada,BC,IFR,0,0,0
CYYF,"Penticton Rgnl, BC, CA",Canada,BC,LIFR,0,0,0
CYYF,"Penticton Rgnl, BC, CA",Canada,BC,MVFR,0,0,0
CYYG,"Charlottetown Arpt, PE, CA",Canada,PE,VFR,903,1923,46.96
CYYG,"Charlottetown Arpt, PE, CA",Canada,PE,MVFR,723,1923,37.6
CYYG,"Charlottetown Arpt, PE, CA",Canada,PE,IFR,227,1923,11.8
CYYG,"Charlottetown Arpt, PE, CA",Canada,PE,LIFR,70,1923,3.64
CYYH,"Taloyoak Arpt, NU, CA",Canada,NU,LIFR,458,1212,37.79
CYYH,"Taloyoak Arpt, NU, CA",Canada,NU,MVFR,377,1212,31.11
CYYH,"Taloyoak Arpt, NU, CA",Canada,NU,IFR,338,1212,27.89
CYYH,"Taloyoak Arpt, NU, CA",Canada,NU,VFR,39,1212,3.22
CYYJ,"Victoria Intl, BC, CA",Canada,BC,VFR,1650,1890,87.3
CYYJ,"Victoria Intl, BC, CA",Canada,BC,MVFR,240,1890,12.7
CYYJ,"Victoria Intl, BC, CA",Canada,BC,IFR,0,0,0
CYYJ,"Victoria Intl, BC, CA",Canada,BC,LIFR,0,0,0
CYYN,"Swift Current Arpt, SK, CA",Canada,SK,VFR,1890,1890,100
CYYN,"Swift Current Arpt, SK, CA",Canada,SK,IFR,0,0,0
CYYN,"Swift Current Arpt, SK, CA",Canada,SK,LIFR,0,0,0
CYYN,"Swift Current Arpt, SK, CA",Canada,SK,MVFR,0,0,0
CYYQ,"Churchill Arpt, MB, CA",Canada,MB,VFR,1608,1890,85.08
CYYQ,"Churchill Arpt, MB, CA",Canada,MB,MVFR,282,1890,14.92
CYYQ,"Churchill Arpt, MB, CA",Canada,MB,IFR,0,0,0
CYYQ,"Churchill Arpt, MB, CA",Canada,MB,LIFR,0,0,0
CYYR,"Goose Bay Arpt, NL, CA",Canada,NL,VFR,1579,1890,83.54
CYYR,"Goose Bay Arpt, NL, CA",Canada,NL,MVFR,311,1890,16.46
CYYR,"Goose Bay Arpt, NL, CA",Canada,NL,IFR,0,0,0
CYYR,"Goose Bay Arpt, NL, CA",Canada,NL,LIFR,0,0,0
CYYT,"St Johns Intl, NL, CA",Canada,NL,VFR,972,1890,51.43
CYYT,"St Johns Intl, NL, CA",Canada,NL,MVFR,772,1890,40.85
CYYT,"St Johns Intl, NL, CA",Canada,NL,IFR,146,1890,7.72
CYYT,"St Johns Intl, NL, CA",Canada,NL,LIFR,0,0,0
CYYU,"Kapuskasing Arpt, ON, CA",Canada,ON,VFR,1890,1890,100
CYYU,"Kapuskasing Arpt, ON, CA",Canada,ON,IFR,0,0,0
CYYU,"Kapuskasing Arpt, ON, CA",Canada,ON,LIFR,0,0,0
CYYU,"Kapuskasing Arpt, ON, CA",Canada,ON,MVFR,0,0,0
CYYW,"Armstrong Arpt, ON, CA",Canada,ON,VFR,1890,1890,100
CYYW,"Armstrong Arpt, ON, CA",Canada,ON,IFR,0,0,0
CYYW,"Armstrong Arpt, ON, CA",Canada,ON,LIFR,0,0,0
CYYW,"Armstrong Arpt, ON, CA",Canada,ON,MVFR,0,0,0
CYYY,"Mont Joli Arpt, QC, CA",Canada,QC,VFR,1830,1890,96.83
CYYY,"Mont Joli Arpt, QC, CA",Canada,QC,MVFR,60,1890,3.17
CYYY,"Mont Joli Arpt, QC, CA",Canada,QC,IFR,0,0,0
CYYY,"Mont Joli Arpt, QC, CA",Canada,QC,LIFR,0,0,0
CYYZ,"Toronto/Pearson Intl, ON, CA",Canada,ON,VFR,1890,1890,100
CYYZ,"Toronto/Pearson Intl, ON, CA",Canada,ON,IFR,0,0,0
CYYZ,"Toronto/Pearson Intl, ON, CA",Canada,ON,LIFR,0,0,0
CYYZ,"Toronto/Pearson Intl, ON, CA",Canada,ON,MVFR,0,0,0
CYZE,"Gore Bay/Manitoulin Arpt, ON, CA",Canada,ON,VFR,1650,1890,87.3
CYZE,"Gore Bay/Manitoulin Arpt, ON, CA",Canada,ON,MVFR,240,1890,12.7
CYZE,"Gore Bay/Manitoulin Arpt, ON, CA",Canada,ON,IFR,0,0,0
CYZE,"Gore Bay/Manitoulin Arpt, ON, CA",Canada,ON,LIFR,0,0,0
CYZF,"Yellowknife Arpt, NT, CA",Canada,NT,MVFR,892,1890,47.2
CYZF,"Yellowknife Arpt, NT, CA",Canada,NT,IFR,428,1890,22.65
CYZF,"Yellowknife Arpt, NT, CA",Canada,NT,VFR,390,1890,20.63
CYZF,"Yellowknife Arpt, NT, CA",Canada,NT,LIFR,180,1890,9.52
CYZH,"Slave Lake Arpt, AB, CA",Canada,AB,VFR,1769,1890,93.6
CYZH,"Slave Lake Arpt, AB, CA",Canada,AB,MVFR,121,1890,6.4
CYZH,"Slave Lake Arpt, AB, CA",Canada,AB,IFR,0,0,0
CYZH,"Slave Lake Arpt, AB, CA",Canada,AB,LIFR,0,0,0
CYZP,"Sandspit Arpt, BC, CA",Canada,BC,VFR,1801,1890,95.29
CYZP,"Sandspit Arpt, BC, CA",Canada,BC,MVFR,89,1890,4.71
CYZP,"Sandspit Arpt, BC, CA",Canada,BC,IFR,0,0,0
CYZP,"Sandspit Arpt, BC, CA",Canada,BC,LIFR,0,0,0
CYZR,"Sarnia/Hadfield Arpt, ON, CA",Canada,ON,VFR,1890,1890,100
CYZR,"Sarnia/Hadfield Arpt, ON, CA",Canada,ON,IFR,0,0,0
CYZR,"Sarnia/Hadfield Arpt, ON, CA",Canada,ON,LIFR,0,0,0
CYZR,"Sarnia/Hadfield Arpt, ON, CA",Canada,ON,MVFR,0,0,0
CYZS,"Coral Harbour Arpt, NU, CA",Canada,NU,VFR,1244,1890,65.82
CYZS,"Coral Harbour Arpt, NU, CA",Canada,NU,IFR,269,1890,14.23
CYZS,"Coral Harbour Arpt, NU, CA",Canada,NU,LIFR,227,1890,12.01
CYZS,"Coral Harbour Arpt, NU, CA",Canada,NU,MVFR,150,1890,7.94
CYZT,"Port Hardy Arpt, BC, CA",Canada,BC,VFR,1830,1890,96.83
CYZT,"Port Hardy Arpt, BC, CA",Canada,BC,MVFR,60,1890,3.17
CYZT,"Port Hardy Arpt, BC, CA",Canada,BC,IFR,0,0,0
CYZT,"Port Hardy Arpt, BC, CA",Canada,BC,LIFR,0,0,0
CYZU,"Whitecourt Arpt, AB, CA",Canada,AB,VFR,1470,1470,100
CYZU,"Whitecourt Arpt, AB, CA",Canada,AB,IFR,0,0,0
CYZU,"Whitecourt Arpt, AB, CA",Canada,AB,LIFR,0,0,0
CYZU,"Whitecourt Arpt, AB, CA",Canada,AB,MVFR,0,0,0
CYZV,"Sept-Îles Arpt, QC, CA",Canada,QC,VFR,1890,1890,100
CYZV,"Sept-Îles Arpt, QC, CA",Canada,QC,IFR,0,0,0
CYZV,"Sept-Îles Arpt, QC, CA",Canada,QC,LIFR,0,0,0
CYZV,"Sept-Îles Arpt, QC, CA",Canada,QC,MVFR,0,0,0
CYZW,"Teslin Arpt, YT, CA",Canada,YT,VFR,596,739,80.65
CYZW,"Teslin Arpt, YT, CA",Canada,YT,LIFR,81,739,10.96
CYZW,"Teslin Arpt, YT, CA",Canada,YT,IFR,62,739,8.39
CYZW,"Teslin Arpt, YT, CA",Canada,YT,MVFR,0,0,0
CYZX,"Greenwood , NS, CA",Canada,NS,VFR,1081,1890,57.2
CYZX,"Greenwood , NS, CA",Canada,NS,MVFR,586,1890,31.01
CYZX,"Greenwood , NS, CA",Canada,NS,IFR,223,1890,11.8
CYZX,"Greenwood , NS, CA",Canada,NS,LIFR,0,0,0
CYZY,"Mackenzie Arpt, BC, CA",Canada,BC,VFR,1176,1890,62.22
CYZY,"Mackenzie Arpt, BC, CA",Canada,BC,LIFR,549,1890,29.05
CYZY,"Mackenzie Arpt, BC, CA",Canada,BC,MVFR,165,1890,8.73
CYZY,"Mackenzie Arpt, BC, CA",Canada,BC,IFR,0,0,0
CZBF,"Bathurst Arpt, NB, CA",Canada,NB,VFR,1878,1878,100
CZBF,"Bathurst Arpt, NB, CA",Canada,NB,IFR,0,0,0
CZBF,"Bathurst Arpt, NB, CA",Canada,NB,LIFR,0,0,0
CZBF,"Bathurst Arpt, NB, CA",Canada,NB,MVFR,0,0,0
CZEM,"Eastmain River Arpt, QC, CA",Canada,QC,VFR,810,870,93.1
CZEM,"Eastmain River Arpt, QC, CA",Canada,QC,MVFR,60,870,6.9
CZEM,"Eastmain River Arpt, QC, CA",Canada,QC,IFR,0,0,0
CZEM,"Eastmain River Arpt, QC, CA",Canada,QC,LIFR,0,0,0
CZFA,"Faro Arpt, YT, CA",Canada,YT,VFR,930,930,100
CZFA,"Faro Arpt, YT, CA",Canada,YT,IFR,0,0,0
CZFA,"Faro Arpt, YT, CA",Canada,YT,LIFR,0,0,0
CZFA,"Faro Arpt, YT, CA",Canada,YT,MVFR,0,0,0
CZFM,"Fort McPherson Arpt, NT, CA",Canada,NT,VFR,288,288,100
CZFM,"Fort McPherson Arpt, NT, CA",Canada,NT,IFR,0,0,0
CZFM,"Fort McPherson Arpt, NT, CA",Canada,NT,LIFR,0,0,0
CZFM,"Fort McPherson Arpt, NT, CA",Canada,NT,MVFR,0,0,0
CZFN,"Fort Norman Arpt, NT, CA",Canada,NT,VFR,759,870,87.24
CZFN,"Fort Norman Arpt, NT, CA",Canada,NT,LIFR,111,870,12.76
CZFN,"Fort Norman Arpt, NT, CA",Canada,NT,IFR,0,0,0
CZFN,"Fort Norman Arpt, NT, CA",Canada,NT,MVFR,0,0,0
CZMD,"Muskrat Dam Arpt, ON, CA",Canada,ON,VFR,1890,1890,100
CZMD,"Muskrat Dam Arpt, ON, CA",Canada,ON,IFR,0,0,0
CZMD,"Muskrat Dam Arpt, ON, CA",Canada,ON,LIFR,0,0,0
CZMD,"Muskrat Dam Arpt, ON, CA",Canada,ON,MVFR,0,0,0
CZMT,"Masset Arpt, BC, CA",Canada,BC,VFR,930,963,96.57
CZMT,"Masset Arpt, BC, CA",Canada,BC,LIFR,33,963,3.43
CZMT,"Masset Arpt, BC, CA",Canada,BC,IFR,0,0,0
CZMT,"Masset Arpt, BC, CA",Canada,BC,MVFR,0,0,0
CZPC,"Pincher Creek Arpt, AB, CA",Canada,AB,VFR,1890,1890,100
CZPC,"Pincher Creek Arpt, AB, CA",Canada,AB,IFR,0,0,0
CZPC,"Pincher Creek Arpt, AB, CA",Canada,AB,LIFR,0,0,0
CZPC,"Pincher Creek Arpt, AB, CA",Canada,AB,MVFR,0,0,0
CZSJ,"Sandy Lake Arpt, ON, CA",Canada,ON,VFR,1890,1890,100
CZSJ,"Sandy Lake Arpt, ON, CA",Canada,ON,IFR,0,0,0
CZSJ,"Sandy Lake Arpt, ON, CA",Canada,ON,LIFR,0,0,0
CZSJ,"Sandy Lake Arpt, ON, CA",Canada,ON,MVFR,0,0,0
CZST,"Stewart Arpt, BC, CA",Canada,BC,VFR,1110,1110,100
CZST,"Stewart Arpt, BC, CA",Canada,BC,IFR,0,0,0
CZST,"Stewart Arpt, BC, CA",Canada,BC,LIFR,0,0,0
CZST,"Stewart Arpt, BC, CA",Canada,BC,MVFR,0,0,0
CZUM,"Churchill Falls Arpt, NL, CA",Canada,NL,VFR,1397,1890,73.92
CZUM,"Churchill Falls Arpt, NL, CA",Canada,NL,MVFR,493,1890,26.08
CZUM,"Churchill Falls Arpt, NL, CA",Canada,NL,IFR,0,0,0
CZUM,"Churchill Falls Arpt, NL, CA",Canada,NL,LIFR,0,0,0
CZVL,"Edmonton/Villenueve Arpt, AB, CA",Canada,AB,VFR,1890,1890,100
CZVL,"Edmonton/Villenueve Arpt, AB, CA",Canada,AB,IFR,0,0,0
CZVL,"Edmonton/Villenueve Arpt, AB, CA",Canada,AB,LIFR,0,0,0
CZVL,"Edmonton/Villenueve Arpt, AB, CA",Canada,AB,MVFR,0,0,0
K05U,"Eureka Arpt, NV, US",United States,NV,VFR,1910,1910,100
K05U,"Eureka Arpt, NV, US",United States,NV,IFR,0,0,0
K05U,"Eureka Arpt, NV, US",United States,NV,LIFR,0,0,0
K05U,"Eureka Arpt, NV, US",United States,NV,MVFR,0,0,0
K06C,"Schaumburg Rgnl, IL, US",United States,IL,VFR,1890,1890,100
K06C,"Schaumburg Rgnl, IL, US",United States,IL,IFR,0,0,0
K06C,"Schaumburg Rgnl, IL, US",United States,IL,LIFR,0,0,0
K06C,"Schaumburg Rgnl, IL, US",United States,IL,MVFR,0,0,0
K06D,"Rolla Muni, ND, US",United States,ND,VFR,1890,1890,100
K06D,"Rolla Muni, ND, US",United States,ND,IFR,0,0,0
K06D,"Rolla Muni, ND, US",United States,ND,LIFR,0,0,0
K06D,"Rolla Muni, ND, US",United States,ND,MVFR,0,0,0
K08D,"Stanley Muni, ND, US",United States,ND,VFR,1610,1910,84.29
K08D,"Stanley Muni, ND, US",United States,ND,LIFR,260,1910,13.61
K08D,"Stanley Muni, ND, US",United States,ND,IFR,40,1910,2.09
K08D,"Stanley Muni, ND, US",United States,ND,MVFR,0,0,0
K0A9,"Elizabethton Muni, TN, US",United States,TN,VFR,1705,1910,89.27
K0A9,"Elizabethton Muni, TN, US",United States,TN,MVFR,165,1910,8.64
K0A9,"Elizabethton Muni, TN, US",United States,TN,IFR,40,1910,2.09
K0A9,"Elizabethton Muni, TN, US",United States,TN,LIFR,0,0,0
K0D8,"Gettysburg Muni, SD, US",United States,SD,VFR,1910,1910,100
K0D8,"Gettysburg Muni, SD, US",United States,SD,IFR,0,0,0
K0D8,"Gettysburg Muni, SD, US",United States,SD,LIFR,0,0,0
K0D8,"Gettysburg Muni, SD, US",United States,SD,MVFR,0,0,0
K0E0,"Moriarty Muni, NM, US",United States,NM,VFR,1350,1890,71.43
K0E0,"Moriarty Muni, NM, US",United States,NM,IFR,260,1890,13.76
K0E0,"Moriarty Muni, NM, US",United States,NM,MVFR,240,1890,12.7
K0E0,"Moriarty Muni, NM, US",United States,NM,LIFR,40,1890,2.12
K0F2,"Bowie Muni, TX, US",United States,TX,VFR,1790,1890,94.71
K0F2,"Bowie Muni, TX, US",United States,TX,MVFR,80,1890,4.23
K0F2,"Bowie Muni, TX, US",United States,TX,IFR,20,1890,1.06
K0F2,"Bowie Muni, TX, US",United States,TX,LIFR,0,0,0
K0J4,"Florala Muni, AL, US",United States,AL,VFR,1815,1890,96.03
K0J4,"Florala Muni, AL, US",United States,AL,MVFR,65,1890,3.44
K0J4,"Florala Muni, AL, US",United States,AL,IFR,10,1890,0.53
K0J4,"Florala Muni, AL, US",United States,AL,LIFR,0,0,0
K0R0,"Columbia/Marion Cnty, MS, US",United States,MS,IFR,0,0,0
K0R0,"Columbia/Marion Cnty, MS, US",United States,MS,LIFR,0,0,0
K0R0,"Columbia/Marion Cnty, MS, US",United States,MS,MVFR,0,0,0
K0R0,"Columbia/Marion Cnty, MS, US",United States,MS,VFR,0,0,0
K0R4,"Vidalia/Concordia Arpt, LA, US",United States,LA,VFR,1790,1890,94.71
K0R4,"Vidalia/Concordia Arpt, LA, US",United States,LA,IFR,80,1890,4.23
K0R4,"Vidalia/Concordia Arpt, LA, US",United States,LA,MVFR,20,1890,1.06
K0R4,"Vidalia/Concordia Arpt, LA, US",United States,LA,LIFR,0,0,0
K0S9,"Port Townsend/Jefferson Cnty, WA, US",United States,WA,VFR,1370,1870,73.26
K0S9,"Port Townsend/Jefferson Cnty, WA, US",United States,WA,MVFR,480,1870,25.67
K0S9,"Port Townsend/Jefferson Cnty, WA, US",United States,WA,IFR,20,1870,1.07
K0S9,"Port Townsend/Jefferson Cnty, WA, US",United States,WA,LIFR,0,0,0
K0V4,"Brookneal/Campbell Cnty, VA, US",United States,VA,VFR,1870,1870,100
K0V4,"Brookneal/Campbell Cnty, VA, US",United States,VA,IFR,0,0,0
K0V4,"Brookneal/Campbell Cnty, VA, US",United States,VA,LIFR,0,0,0
K0V4,"Brookneal/Campbell Cnty, VA, US",United States,VA,MVFR,0,0,0
K0VG,"Jonesville/Lee Cnty, VA, US",United States,VA,VFR,1850,1870,98.93
K0VG,"Jonesville/Lee Cnty, VA, US",United States,VA,MVFR,20,1870,1.07
K0VG,"Jonesville/Lee Cnty, VA, US",United States,VA,IFR,0,0,0
K0VG,"Jonesville/Lee Cnty, VA, US",United States,VA,LIFR,0,0,0
K0W3,"Churchville/Hartford Cnty, MD, US",United States,MD,VFR,1640,1900,86.32
K0W3,"Churchville/Hartford Cnty, MD, US",United States,MD,MVFR,160,1900,8.42
K0W3,"Churchville/Hartford Cnty, MD, US",United States,MD,LIFR,60,1900,3.16
K0W3,"Churchville/Hartford Cnty, MD, US",United States,MD,IFR,40,1900,2.11
K10G,"Millersburg/Holmes Cnty, OH, US",United States,OH,VFR,1890,1890,100
K10G,"Millersburg/Holmes Cnty, OH, US",United States,OH,IFR,0,0,0
K10G,"Millersburg/Holmes Cnty, OH, US",United States,OH,LIFR,0,0,0
K10G,"Millersburg/Holmes Cnty, OH, US",United States,OH,MVFR,0,0,0
K10U,"Owyhee Arpt, NV, US",United States,NV,VFR,1910,1910,100
K10U,"Owyhee Arpt, NV, US",United States,NV,IFR,0,0,0
K10U,"Owyhee Arpt, NV, US",United States,NV,LIFR,0,0,0
K10U,"Owyhee Arpt, NV, US",United States,NV,MVFR,0,0,0
K11R,"Brenham Muni, TX, US",United States,TX,VFR,1610,1610,100
K11R,"Brenham Muni, TX, US",United States,TX,IFR,0,0,0
K11R,"Brenham Muni, TX, US",United States,TX,LIFR,0,0,0
K11R,"Brenham Muni, TX, US",United States,TX,MVFR,0,0,0
K12N,"Andover/Aeroflex Arpt, NJ, US",United States,NJ,IFR,0,0,0
K12N,"Andover/Aeroflex Arpt, NJ, US",United States,NJ,LIFR,0,0,0
K12N,"Andover/Aeroflex Arpt, NJ, US",United States,NJ,MVFR,0,0,0
K12N,"Andover/Aeroflex Arpt, NJ, US",United States,NJ,VFR,0,0,0
K13K,"Eureka Muni, KS, US",United States,KS,VFR,1450,1890,76.72
K13K,"Eureka Muni, KS, US",United States,KS,MVFR,200,1890,10.58
K13K,"Eureka Muni, KS, US",United States,KS,IFR,140,1890,7.41
K13K,"Eureka Muni, KS, US",United States,KS,LIFR,100,1890,5.29
K14Y,"Long Prairie Muni, MN, US",United States,MN,VFR,1850,1890,97.88
K14Y,"Long Prairie Muni, MN, US",United States,MN,MVFR,40,1890,2.12
K14Y,"Long Prairie Muni, MN, US",United States,MN,IFR,0,0,0
K14Y,"Long Prairie Muni, MN, US",United States,MN,LIFR,0,0,0
K15M,"Iuka Arpt, MS, US",United States,MS,IFR,840,1870,44.92
K15M,"Iuka Arpt, MS, US",United States,MS,VFR,410,1870,21.93
K15M,"Iuka Arpt, MS, US",United States,MS,MVFR,360,1870,19.25
K15M,"Iuka Arpt, MS, US",United States,MS,LIFR,260,1870,13.9
K16J,"Dawson Muni, GA, US",United States,GA,MVFR,20,40,50
K16J,"Dawson Muni, GA, US",United States,GA,VFR,20,40,50
K16J,"Dawson Muni, GA, US",United States,GA,IFR,0,0,0
K16J,"Dawson Muni, GA, US",United States,GA,LIFR,0,0,0
K17J,"Donaldsonville Muni, GA, US",United States,GA,VFR,1580,1890,83.6
K17J,"Donaldsonville Muni, GA, US",United States,GA,MVFR,310,1890,16.4
K17J,"Donaldsonville Muni, GA, US",United States,GA,IFR,0,0,0
K17J,"Donaldsonville Muni, GA, US",United States,GA,LIFR,0,0,0
K18A,"Canon/Franklin Cnty, GA, US",United States,GA,VFR,1650,1870,88.24
K18A,"Canon/Franklin Cnty, GA, US",United States,GA,LIFR,140,1870,7.49
K18A,"Canon/Franklin Cnty, GA, US",United States,GA,MVFR,80,1870,4.28
K18A,"Canon/Franklin Cnty, GA, US",United States,GA,IFR,0,0,0
K19S,"Sublette Muni, KS, US",United States,KS,VFR,1630,1890,86.24
K19S,"Sublette Muni, KS, US",United States,KS,MVFR,200,1890,10.58
K19S,"Sublette Muni, KS, US",United States,KS,IFR,60,1890,3.17
K19S,"Sublette Muni, KS, US",United States,KS,LIFR,0,0,0
K1A5,"Franklin/Macon Cnty, NC, US",United States,NC,VFR,1640,1900,86.32
K1A5,"Franklin/Macon Cnty, NC, US",United States,NC,LIFR,150,1900,7.89
K1A5,"Franklin/Macon Cnty, NC, US",United States,NC,MVFR,100,1900,5.26
K1A5,"Franklin/Macon Cnty, NC, US",United States,NC,IFR,10,1900,0.53
K1A6,"Middlesboro/Bell Cnty, KY, US",United States,KY,VFR,1110,1890,58.73
K1A6,"Middlesboro/Bell Cnty, KY, US",United States,KY,LIFR,420,1890,22.22
K1A6,"Middlesboro/Bell Cnty, KY, US",United States,KY,MVFR,360,1890,19.05
K1A6,"Middlesboro/Bell Cnty, KY, US",United States,KY,IFR,0,0,0
K1B9,"Mansfield Muni, MA, US",United States,MA,VFR,1490,1870,79.68
K1B9,"Mansfield Muni, MA, US",United States,MA,MVFR,220,1870,11.76
K1B9,"Mansfield Muni, MA, US",United States,MA,IFR,160,1870,8.56
K1B9,"Mansfield Muni, MA, US",United States,MA,LIFR,0,0,0
K1D1,"Milbank Muni, SD, US",United States,SD,VFR,1915,1915,100
K1D1,"Milbank Muni, SD, US",United States,SD,IFR,0,0,0
K1D1,"Milbank Muni, SD, US",United States,SD,LIFR,0,0,0
K1D1,"Milbank Muni, SD, US",United States,SD,MVFR,0,0,0
K1D8,"Redfield Muni, SD, US",United States,SD,VFR,1910,1910,100
K1D8,"Redfield Muni, SD, US",United States,SD,IFR,0,0,0
K1D8,"Redfield Muni, SD, US",United States,SD,LIFR,0,0,0
K1D8,"Redfield Muni, SD, US",United States,SD,MVFR,0,0,0
K1F0,"Ardmore/Downtown Exec, OK, US",United States,OK,VFR,730,1890,38.62
K1F0,"Ardmore/Downtown Exec, OK, US",United States,OK,LIFR,480,1890,25.4
K1F0,"Ardmore/Downtown Exec, OK, US",United States,OK,MVFR,360,1890,19.05
K1F0,"Ardmore/Downtown Exec, OK, US",United States,OK,IFR,320,1890,16.93
K1H2,"Effingham Cnty, IL, US",United States,IL,VFR,1770,1890,93.65
K1H2,"Effingham Cnty, IL, US",United States,IL,MVFR,120,1890,6.35
K1H2,"Effingham Cnty, IL, US",United States,IL,IFR,0,0,0
K1H2,"Effingham Cnty, IL, US",United States,IL,LIFR,0,0,0
K1M4,"Haleyville/Posey Fld, AL, US",United States,AL,VFR,1170,1864,62.77
K1M4,"Haleyville/Posey Fld, AL, US",United States,AL,LIFR,394,1864,21.14
K1M4,"Haleyville/Posey Fld, AL, US",United States,AL,MVFR,240,1864,12.88
K1M4,"Haleyville/Posey Fld, AL, US",United States,AL,IFR,60,1864,3.22
K1M5,"Portland Muni, TN, US",United States,TN,VFR,1510,1910,79.06
K1M5,"Portland Muni, TN, US",United States,TN,MVFR,320,1910,16.75
K1M5,"Portland Muni, TN, US",United States,TN,IFR,80,1910,4.19
K1M5,"Portland Muni, TN, US",United States,TN,LIFR,0,0,0
K1R7,"Brookhaven/Lincoln Cnty Arpt, MS, US",United States,MS,VFR,1570,1870,83.96
K1R7,"Brookhaven/Lincoln Cnty Arpt, MS, US",United States,MS,IFR,160,1870,8.56
K1R7,"Brookhaven/Lincoln Cnty Arpt, MS, US",United States,MS,LIFR,120,1870,6.42
K1R7,"Brookhaven/Lincoln Cnty Arpt, MS, US",United States,MS,MVFR,20,1870,1.07
K1R8,"Bay Minette Muni, AL, US",United States,AL,VFR,1785,1890,94.44
K1R8,"Bay Minette Muni, AL, US",United States,AL,LIFR,105,1890,5.56
K1R8,"Bay Minette Muni, AL, US",United States,AL,IFR,0,0,0
K1R8,"Bay Minette Muni, AL, US",United States,AL,MVFR,0,0,0
K1U7,"Paris/Bear Lake Cnty Arpt, ID, US",United States,ID,VFR,1910,1910,100
K1U7,"Paris/Bear Lake Cnty Arpt, ID, US",United States,ID,IFR,0,0,0
K1U7,"Paris/Bear Lake Cnty Arpt, ID, US",United States,ID,LIFR,0,0,0
K1U7,"Paris/Bear Lake Cnty Arpt, ID, US",United States,ID,MVFR,0,0,0
K20U,"Beach Arpt, ND, US",United States,ND,IFR,0,0,0
K20U,"Beach Arpt, ND, US",United States,ND,LIFR,0,0,0
K20U,"Beach Arpt, ND, US",United States,ND,MVFR,0,0,0
K20U,"Beach Arpt, ND, US",United States,ND,VFR,0,0,0
K20V,"Kremmling/McElroy Fld, CO, US",United States,CO,VFR,1890,1890,100
K20V,"Kremmling/McElroy Fld, CO, US",United States,CO,IFR,0,0,0
K20V,"Kremmling/McElroy Fld, CO, US",United States,CO,LIFR,0,0,0
K20V,"Kremmling/McElroy Fld, CO, US",United States,CO,MVFR,0,0,0
K21D,"Lake Elmo Arpt, MN, US",United States,MN,VFR,1890,1890,100
K21D,"Lake Elmo Arpt, MN, US",United States,MN,IFR,0,0,0
K21D,"Lake Elmo Arpt, MN, US",United States,MN,LIFR,0,0,0
K21D,"Lake Elmo Arpt, MN, US",United States,MN,MVFR,0,0,0
K22N,"Lehighton/Arner Mem, PA, US",United States,PA,VFR,1830,1890,96.83
K22N,"Lehighton/Arner Mem, PA, US",United States,PA,MVFR,60,1890,3.17
K22N,"Lehighton/Arner Mem, PA, US",United States,PA,IFR,0,0,0
K22N,"Lehighton/Arner Mem, PA, US",United States,PA,LIFR,0,0,0
K24A,"Sylva/Jackson Cnty, NC, US",United States,NC,VFR,1240,1900,65.26
K24A,"Sylva/Jackson Cnty, NC, US",United States,NC,MVFR,330,1900,17.37
K24A,"Sylva/Jackson Cnty, NC, US",United States,NC,LIFR,310,1900,16.32
K24A,"Sylva/Jackson Cnty, NC, US",United States,NC,IFR,20,1900,1.05
K24J,"Live Oak/Suwannee Cnty, FL, US",United States,FL,VFR,1310,1870,70.05
K24J,"Live Oak/Suwannee Cnty, FL, US",United States,FL,MVFR,240,1870,12.83
K24J,"Live Oak/Suwannee Cnty, FL, US",United States,FL,LIFR,200,1870,10.7
K24J,"Live Oak/Suwannee Cnty, FL, US",United States,FL,IFR,120,1870,6.42
K27K,"Georgetown/Scott Cnty, KY, US",United States,KY,VFR,1830,1870,97.86
K27K,"Georgetown/Scott Cnty, KY, US",United States,KY,MVFR,40,1870,2.14
K27K,"Georgetown/Scott Cnty, KY, US",United States,KY,IFR,0,0,0
K27K,"Georgetown/Scott Cnty, KY, US",United States,KY,LIFR,0,0,0
K2C8,"Cavalier Muni, ND, US",United States,ND,VFR,1910,1910,100
K2C8,"Cavalier Muni, ND, US",United States,ND,IFR,0,0,0
K2C8,"Cavalier Muni, ND, US",United States,ND,LIFR,0,0,0
K2C8,"Cavalier Muni, ND, US",United States,ND,MVFR,0,0,0
K2D5,"Oakes Muni, ND, US",United States,ND,IFR,0,0,0
K2D5,"Oakes Muni, ND, US",United States,ND,LIFR,0,0,0
K2D5,"Oakes Muni, ND, US",United States,ND,MVFR,0,0,0
K2D5,"Oakes Muni, ND, US",United States,ND,VFR,0,0,0
K2G2,"Steubenville/Jefferson Cnty, OH, US",United States,OH,VFR,1890,1910,98.95
K2G2,"Steubenville/Jefferson Cnty, OH, US",United States,OH,MVFR,20,1910,1.05
K2G2,"Steubenville/Jefferson Cnty, OH, US",United States,OH,IFR,0,0,0
K2G2,"Steubenville/Jefferson Cnty, OH, US",United States,OH,LIFR,0,0,0
K2G4,"Oakland/Garrett Cnty, MD, US",United States,MD,VFR,1590,1900,83.68
K2G4,"Oakland/Garrett Cnty, MD, US",United States,MD,LIFR,230,1900,12.11
K2G4,"Oakland/Garrett Cnty, MD, US",United States,MD,MVFR,80,1900,4.21
K2G4,"Oakland/Garrett Cnty, MD, US",United States,MD,IFR,0,0,0
K2G9,"Somerset Cnty Arpt, PA, US",United States,PA,VFR,1650,1890,87.3
K2G9,"Somerset Cnty Arpt, PA, US",United States,PA,MVFR,120,1890,6.35
K2G9,"Somerset Cnty Arpt, PA, US",United States,PA,IFR,100,1890,5.29
K2G9,"Somerset Cnty Arpt, PA, US",United States,PA,LIFR,20,1890,1.06
K2I0,"Madisonville Muni, KY, US",United States,KY,VFR,1830,1890,96.83
K2I0,"Madisonville Muni, KY, US",United States,KY,MVFR,60,1890,3.17
K2I0,"Madisonville Muni, KY, US",United States,KY,IFR,0,0,0
K2I0,"Madisonville Muni, KY, US",United States,KY,LIFR,0,0,0
K2IS,"Clewistown/Airglades Arpt, FL, US",United States,FL,IFR,0,0,0
K2IS,"Clewistown/Airglades Arpt, FL, US",United States,FL,LIFR,0,0,0
K2IS,"Clewistown/Airglades Arpt, FL, US",United States,FL,MVFR,0,0,0
K2IS,"Clewistown/Airglades Arpt, FL, US",United States,FL,VFR,0,0,0
K2J5,"Millen Arpt, GA, US",United States,GA,VFR,1430,1890,75.66
K2J5,"Millen Arpt, GA, US",United States,GA,MVFR,320,1890,16.93
K2J5,"Millen Arpt, GA, US",United States,GA,LIFR,120,1890,6.35
K2J5,"Millen Arpt, GA, US",United States,GA,IFR,20,1890,1.06
K2M2,"Lawrenceburg/Lawrence Cnty, TN, US",United States,TN,VFR,1185,1905,62.2
K2M2,"Lawrenceburg/Lawrence Cnty, TN, US",United States,TN,MVFR,400,1905,21
K2M2,"Lawrenceburg/Lawrence Cnty, TN, US",United States,TN,IFR,200,1905,10.5
K2M2,"Lawrenceburg/Lawrence Cnty, TN, US",United States,TN,LIFR,120,1905,6.3
K2M8,"Millington/Baker Arpt, TN, US",United States,TN,VFR,1490,1750,85.14
K2M8,"Millington/Baker Arpt, TN, US",United States,TN,MVFR,260,1750,14.86
K2M8,"Millington/Baker Arpt, TN, US",United States,TN,IFR,0,0,0
K2M8,"Millington/Baker Arpt, TN, US",United States,TN,LIFR,0,0,0
K2R2,"Indianapolis/Hendrick Cnty, IN, US",United States,IN,IFR,0,0,0
K2R2,"Indianapolis/Hendrick Cnty, IN, US",United States,IN,LIFR,0,0,0
K2R2,"Indianapolis/Hendrick Cnty, IN, US",United States,IN,MVFR,0,0,0
K2R2,"Indianapolis/Hendrick Cnty, IN, US",United States,IN,VFR,0,0,0
K2R9,"Kenedy/Karnes Cnty, TX, US",United States,TX,VFR,1890,1890,100
K2R9,"Kenedy/Karnes Cnty, TX, US",United States,TX,IFR,0,0,0
K2R9,"Kenedy/Karnes Cnty, TX, US",United States,TX,LIFR,0,0,0
K2R9,"Kenedy/Karnes Cnty, TX, US",United States,TX,MVFR,0,0,0
K2V5,"Wray Muni, CO, US",United States,CO,VFR,890,1890,47.09
K2V5,"Wray Muni, CO, US",United States,CO,MVFR,640,1890,33.86
K2V5,"Wray Muni, CO, US",United States,CO,LIFR,340,1890,17.99
K2V5,"Wray Muni, CO, US",United States,CO,IFR,20,1890,1.06
K2V6,"Yuma Muni, CO, US",United States,CO,VFR,1150,1890,60.85
K2V6,"Yuma Muni, CO, US",United States,CO,MVFR,440,1890,23.28
K2V6,"Yuma Muni, CO, US",United States,CO,LIFR,280,1890,14.81
K2V6,"Yuma Muni, CO, US",United States,CO,IFR,20,1890,1.06
K2W6,"Leonardtown/St Marys, MD, US",United States,MD,VFR,1490,1900,78.42
K2W6,"Leonardtown/St Marys, MD, US",United States,MD,MVFR,350,1900,18.42
K2W6,"Leonardtown/St Marys, MD, US",United States,MD,IFR,60,1900,3.16
K2W6,"Leonardtown/St Marys, MD, US",United States,MD,LIFR,0,0,0
K33N,"Dover/Cheswold Arpk, DE, US",United States,DE,VFR,1610,1910,84.29
K33N,"Dover/Cheswold Arpk, DE, US",United States,DE,MVFR,160,1910,8.38
K33N,"Dover/Cheswold Arpk, DE, US",United States,DE,IFR,140,1910,7.33
K33N,"Dover/Cheswold Arpk, DE, US",United States,DE,LIFR,0,0,0
K33V,"Walden/Jackson Cnty, CO, US",United States,CO,VFR,1410,1410,100
K33V,"Walden/Jackson Cnty, CO, US",United States,CO,IFR,0,0,0
K33V,"Walden/Jackson Cnty, CO, US",United States,CO,LIFR,0,0,0
K33V,"Walden/Jackson Cnty, CO, US",United States,CO,MVFR,0,0,0
K35A,"Union/Union Cnty, SC, US",United States,SC,VFR,1690,1830,92.35
K35A,"Union/Union Cnty, SC, US",United States,SC,IFR,100,1830,5.46
K35A,"Union/Union Cnty, SC, US",United States,SC,MVFR,40,1830,2.19
K35A,"Union/Union Cnty, SC, US",United States,SC,LIFR,0,0,0
K36K,"Lakin/Kearney Cnty, KS, US",United States,KS,VFR,1450,1890,76.72
K36K,"Lakin/Kearney Cnty, KS, US",United States,KS,MVFR,440,1890,23.28
K36K,"Lakin/Kearney Cnty, KS, US",United States,KS,IFR,0,0,0
K36K,"Lakin/Kearney Cnty, KS, US",United States,KS,LIFR,0,0,0
K3AU,"Augusta Muni, KS, US",United States,KS,VFR,1560,1870,83.42
K3AU,"Augusta Muni, KS, US",United States,KS,MVFR,110,1870,5.88
K3AU,"Augusta Muni, KS, US",United States,KS,IFR,100,1870,5.35
K3AU,"Augusta Muni, KS, US",United States,KS,LIFR,100,1870,5.35
K3F3,"Mansfield/Williams Arpt, LA, US",United States,LA,VFR,1810,1890,95.77
K3F3,"Mansfield/Williams Arpt, LA, US",United States,LA,MVFR,80,1890,4.23
K3F3,"Mansfield/Williams Arpt, LA, US",United States,LA,IFR,0,0,0
K3F3,"Mansfield/Williams Arpt, LA, US",United States,LA,LIFR,0,0,0
K3J1,"Ridgeland Arpt, SC, US",United States,SC,VFR,1265,1910,66.23
K3J1,"Ridgeland Arpt, SC, US",United States,SC,MVFR,385,1910,20.16
K3J1,"Ridgeland Arpt, SC, US",United States,SC,LIFR,220,1910,11.52
K3J1,"Ridgeland Arpt, SC, US",United States,SC,IFR,40,1910,2.09
K3K3,"Syracuse/Hamilton Cnty, KS, US",United States,KS,VFR,1390,1890,73.54
K3K3,"Syracuse/Hamilton Cnty, KS, US",United States,KS,MVFR,420,1890,22.22
K3K3,"Syracuse/Hamilton Cnty, KS, US",United States,KS,IFR,80,1890,4.23
K3K3,"Syracuse/Hamilton Cnty, KS, US",United States,KS,LIFR,0,0,0
K3K7,"Leoti/Hoard Mem, KS, US",United States,KS,VFR,1170,1890,61.9
K3K7,"Leoti/Hoard Mem, KS, US",United States,KS,MVFR,580,1890,30.69
K3K7,"Leoti/Hoard Mem, KS, US",United States,KS,IFR,140,1890,7.41
K3K7,"Leoti/Hoard Mem, KS, US",United States,KS,LIFR,0,0,0
K3LF,"Litchfield Muni, IL, US",United States,IL,VFR,1730,1890,91.53
K3LF,"Litchfield Muni, IL, US",United States,IL,LIFR,80,1890,4.23
K3LF,"Litchfield Muni, IL, US",United States,IL,MVFR,80,1890,4.23
K3LF,"Litchfield Muni, IL, US",United States,IL,IFR,0,0,0
K3R7,"Jennings Arpt, LA, US",United States,LA,VFR,30,30,100
K3R7,"Jennings Arpt, LA, US",United States,LA,IFR,0,0,0
K3R7,"Jennings Arpt, LA, US",United States,LA,LIFR,0,0,0
K3R7,"Jennings Arpt, LA, US",United States,LA,MVFR,0,0,0
K3S8,"Grants Pass Arpt, OR, US",United States,OR,VFR,1910,1910,100
K3S8,"Grants Pass Arpt, OR, US",United States,OR,IFR,0,0,0
K3S8,"Grants Pass Arpt, OR, US",United States,OR,LIFR,0,0,0
K3S8,"Grants Pass Arpt, OR, US",United States,OR,MVFR,0,0,0
K3T5,"LaGrange/Fayette Rgnl, TX, US",United States,TX,VFR,1870,1870,100
K3T5,"LaGrange/Fayette Rgnl, TX, US",United States,TX,IFR,0,0,0
K3T5,"LaGrange/Fayette Rgnl, TX, US",United States,TX,LIFR,0,0,0
K3T5,"LaGrange/Fayette Rgnl, TX, US",United States,TX,MVFR,0,0,0
K3U3,"Anaconda/Bowman Fld, MT, US",United States,MT,VFR,1870,1870,100
K3U3,"Anaconda/Bowman Fld, MT, US",United States,MT,IFR,0,0,0
K3U3,"Anaconda/Bowman Fld, MT, US",United States,MT,LIFR,0,0,0
K3U3,"Anaconda/Bowman Fld, MT, US",United States,MT,MVFR,0,0,0
K3W7,"Electric City/Grand Coulee Arpt, WA, US",United States,WA,VFR,1910,1910,100
K3W7,"Electric City/Grand Coulee Arpt, WA, US",United States,WA,IFR,0,0,0
K3W7,"Electric City/Grand Coulee Arpt, WA, US",United States,WA,LIFR,0,0,0
K3W7,"Electric City/Grand Coulee Arpt, WA, US",United States,WA,MVFR,0,0,0
K40U,"Manila Arpt, UT, US",United States,UT,VFR,1770,1770,100
K40U,"Manila Arpt, UT, US",United States,UT,IFR,0,0,0
K40U,"Manila Arpt, UT, US",United States,UT,LIFR,0,0,0
K40U,"Manila Arpt, UT, US",United States,UT,MVFR,0,0,0
K42A,"Melbourne Muni, AR, US",United States,AR,VFR,1750,1910,91.62
K42A,"Melbourne Muni, AR, US",United States,AR,MVFR,160,1910,8.38
K42A,"Melbourne Muni, AR, US",United States,AR,IFR,0,0,0
K42A,"Melbourne Muni, AR, US",United States,AR,LIFR,0,0,0
K42J,"Keystone Airpark, FL, US",United States,FL,VFR,1150,1730,66.47
K42J,"Keystone Airpark, FL, US",United States,FL,MVFR,360,1730,20.81
K42J,"Keystone Airpark, FL, US",United States,FL,IFR,140,1730,8.09
K42J,"Keystone Airpark, FL, US",United States,FL,LIFR,80,1730,4.62
K46D,"Carrington Muni, ND, US",United States,ND,VFR,1840,1870,98.4
K46D,"Carrington Muni, ND, US",United States,ND,MVFR,30,1870,1.6
K46D,"Carrington Muni, ND, US",United States,ND,IFR,0,0,0
K46D,"Carrington Muni, ND, US",United States,ND,LIFR,0,0,0
K46U,"Alpine Arpt, WY, US",United States,WY,VFR,1910,1910,100
K46U,"Alpine Arpt, WY, US",United States,WY,IFR,0,0,0
K46U,"Alpine Arpt, WY, US",United States,WY,LIFR,0,0,0
K46U,"Alpine Arpt, WY, US",United States,WY,MVFR,0,0,0
K48A,"Cochran Arpt, GA, US",United States,GA,VFR,1030,1890,54.5
K48A,"Cochran Arpt, GA, US",United States,GA,LIFR,440,1890,23.28
K48A,"Cochran Arpt, GA, US",United States,GA,MVFR,360,1890,19.05
K48A,"Cochran Arpt, GA, US",United States,GA,IFR,60,1890,3.17
K48I,"Sutton/Braxton Cnty, WV, US",United States,WV,VFR,1130,1890,59.79
K48I,"Sutton/Braxton Cnty, WV, US",United States,WV,IFR,300,1890,15.87
K48I,"Sutton/Braxton Cnty, WV, US",United States,WV,LIFR,300,1890,15.87
K48I,"Sutton/Braxton Cnty, WV, US",United States,WV,MVFR,160,1890,8.47
K49A,"Ellijay/Gilmer Cnty, GA, US",United States,GA,LIFR,1170,1890,61.9
K49A,"Ellijay/Gilmer Cnty, GA, US",United States,GA,IFR,440,1890,23.28
K49A,"Ellijay/Gilmer Cnty, GA, US",United States,GA,MVFR,220,1890,11.64
K49A,"Ellijay/Gilmer Cnty, GA, US",United States,GA,VFR,60,1890,3.17
K49B,"Sturgis Muni, SD, US",United States,SD,VFR,1910,1910,100
K49B,"Sturgis Muni, SD, US",United States,SD,IFR,0,0,0
K49B,"Sturgis Muni, SD, US",United States,SD,LIFR,0,0,0
K49B,"Sturgis Muni, SD, US",United States,SD,MVFR,0,0,0
K4A6,"Scottsboro Muni, AL, US",United States,AL,IFR,1280,1850,69.19
K4A6,"Scottsboro Muni, AL, US",United States,AL,LIFR,280,1850,15.14
K4A6,"Scottsboro Muni, AL, US",United States,AL,VFR,170,1850,9.19
K4A6,"Scottsboro Muni, AL, US",United States,AL,MVFR,120,1850,6.49
K4A9,"Fort Payne/Isbell Fld, AL, US",United States,AL,VFR,1490,1890,78.84
K4A9,"Fort Payne/Isbell Fld, AL, US",United States,AL,MVFR,340,1890,17.99
K4A9,"Fort Payne/Isbell Fld, AL, US",United States,AL,IFR,40,1890,2.12
K4A9,"Fort Payne/Isbell Fld, AL, US",United States,AL,LIFR,20,1890,1.06
K4B8,"Plainville/Robertson Fld, CT, US",United States,CT,VFR,1730,1870,92.51
K4B8,"Plainville/Robertson Fld, CT, US",United States,CT,MVFR,120,1870,6.42
K4B8,"Plainville/Robertson Fld, CT, US",United States,CT,IFR,20,1870,1.07
K4B8,"Plainville/Robertson Fld, CT, US",United States,CT,LIFR,0,0,0
K4F2,"Carthage/Panola Cnty, TX, US",United States,TX,VFR,1690,1890,89.42
K4F2,"Carthage/Panola Cnty, TX, US",United States,TX,LIFR,80,1890,4.23
K4F2,"Carthage/Panola Cnty, TX, US",United States,TX,IFR,60,1890,3.17
K4F2,"Carthage/Panola Cnty, TX, US",United States,TX,MVFR,60,1890,3.17
K4I3,"Mount Vernon/Knox Cnty, OH, US",United States,OH,VFR,1903,1903,100
K4I3,"Mount Vernon/Knox Cnty, OH, US",United States,OH,IFR,0,0,0
K4I3,"Mount Vernon/Knox Cnty, OH, US",United States,OH,LIFR,0,0,0
K4I3,"Mount Vernon/Knox Cnty, OH, US",United States,OH,MVFR,0,0,0
K4M3,"Carlisle Muni, AR, US",United States,AR,IFR,0,0,0
K4M3,"Carlisle Muni, AR, US",United States,AR,LIFR,0,0,0
K4M3,"Carlisle Muni, AR, US",United States,AR,MVFR,0,0,0
K4M3,"Carlisle Muni, AR, US",United States,AR,VFR,0,0,0
K4M9,"Corning Muni, AR, US",United States,AR,VFR,1870,1870,100
K4M9,"Corning Muni, AR, US",United States,AR,IFR,0,0,0
K4M9,"Corning Muni, AR, US",United States,AR,LIFR,0,0,0
K4M9,"Corning Muni, AR, US",United States,AR,MVFR,0,0,0
K4O4,"Idabel/McCurtain Rgnl, OK, US",United States,OK,VFR,1770,1870,94.65
K4O4,"Idabel/McCurtain Rgnl, OK, US",United States,OK,MVFR,100,1870,5.35
K4O4,"Idabel/McCurtain Rgnl, OK, US",United States,OK,IFR,0,0,0
K4O4,"Idabel/McCurtain Rgnl, OK, US",United States,OK,LIFR,0,0,0
K4R5,"La Pointe/Madeline Isl Arpt, WI, US",United States,WI,VFR,1690,1890,89.42
K4R5,"La Pointe/Madeline Isl Arpt, WI, US",United States,WI,IFR,100,1890,5.29
K4R5,"La Pointe/Madeline Isl Arpt, WI, US",United States,WI,MVFR,100,1890,5.29
K4R5,"La Pointe/Madeline Isl Arpt, WI, US",United States,WI,LIFR,0,0,0
K4S1,"Gold Beach Muni, OR, US",United States,OR,VFR,1532,1890,81.06
K4S1,"Gold Beach Muni, OR, US",United States,OR,MVFR,258,1890,13.65
K4S1,"Gold Beach Muni, OR, US",United States,OR,IFR,100,1890,5.29
K4S1,"Gold Beach Muni, OR, US",United States,OR,LIFR,0,0,0
K4S2,"Hood River/Jernstedt Arfld, OR, US",United States,OR,VFR,1870,1890,98.94
K4S2,"Hood River/Jernstedt Arfld, OR, US",United States,OR,MVFR,20,1890,1.06
K4S2,"Hood River/Jernstedt Arfld, OR, US",United States,OR,IFR,0,0,0
K4S2,"Hood River/Jernstedt Arfld, OR, US",United States,OR,LIFR,0,0,0
K4V0,"Rangely Arpt, CO, US",United States,CO,VFR,1870,1870,100
K4V0,"Rangely Arpt, CO, US",United States,CO,IFR,0,0,0
K4V0,"Rangely Arpt, CO, US",United States,CO,LIFR,0,0,0
K4V0,"Rangely Arpt, CO, US",United States,CO,MVFR,0,0,0
K4V1,"Walsenburg/Spanish Peaks Arfld, CO, US",United States,CO,VFR,1890,1890,100
K4V1,"Walsenburg/Spanish Peaks Arfld, CO, US",United States,CO,IFR,0,0,0
K4V1,"Walsenburg/Spanish Peaks Arfld, CO, US",United States,CO,LIFR,0,0,0
K4V1,"Walsenburg/Spanish Peaks Arfld, CO, US",United States,CO,MVFR,0,0,0
K4V9,"Neligh/Antelope Cnty, NE, US",United States,NE,VFR,1890,1890,100
K4V9,"Neligh/Antelope Cnty, NE, US",United States,NE,IFR,0,0,0
K4V9,"Neligh/Antelope Cnty, NE, US",United States,NE,LIFR,0,0,0
K4V9,"Neligh/Antelope Cnty, NE, US",United States,NE,MVFR,0,0,0
K54J,"DeFuniak Springs Muni, FL, US",United States,FL,VFR,1750,1870,93.58
K54J,"DeFuniak Springs Muni, FL, US",United States,FL,MVFR,120,1870,6.42
K54J,"DeFuniak Springs Muni, FL, US",United States,FL,IFR,0,0,0
K54J,"DeFuniak Springs Muni, FL, US",United States,FL,LIFR,0,0,0
K57C,"East Troy Muni, WI, US",United States,WI,VFR,1890,1890,100
K57C,"East Troy Muni, WI, US",United States,WI,IFR,0,0,0
K57C,"East Troy Muni, WI, US",United States,WI,LIFR,0,0,0
K57C,"East Troy Muni, WI, US",United States,WI,MVFR,0,0,0
K5A6,"Winona/Montgomery Cnty, MS, US",United States,MS,VFR,1630,1890,86.24
K5A6,"Winona/Montgomery Cnty, MS, US",United States,MS,IFR,140,1890,7.41
K5A6,"Winona/Montgomery Cnty, MS, US",United States,MS,MVFR,120,1890,6.35
K5A6,"Winona/Montgomery Cnty, MS, US",United States,MS,LIFR,0,0,0
K5A9,"Warm Springs/Roosevelt Muni, GA, US",United States,GA,VFR,1360,1890,71.96
K5A9,"Warm Springs/Roosevelt Muni, GA, US",United States,GA,MVFR,370,1890,19.58
K5A9,"Warm Springs/Roosevelt Muni, GA, US",United States,GA,IFR,160,1890,8.47
K5A9,"Warm Springs/Roosevelt Muni, GA, US",United States,GA,LIFR,0,0,0
K5C1,"Boerne/Stage Fld, TX, US",United States,TX,VFR,1890,1890,100
K5C1,"Boerne/Stage Fld, TX, US",United States,TX,IFR,0,0,0
K5C1,"Boerne/Stage Fld, TX, US",United States,TX,LIFR,0,0,0
K5C1,"Boerne/Stage Fld, TX, US",United States,TX,MVFR,0,0,0
K5H4,"Harvey Muni, ND, US",United States,ND,VFR,1870,1870,100
K5H4,"Harvey Muni, ND, US",United States,ND,IFR,0,0,0
K5H4,"Harvey Muni, ND, US",United States,ND,LIFR,0,0,0
K5H4,"Harvey Muni, ND, US",United States,ND,MVFR,0,0,0
K5R8,"DeQuincey Ind Arpk, LA, US",United States,LA,VFR,1890,1890,100
K5R8,"DeQuincey Ind Arpk, LA, US",United States,LA,IFR,0,0,0
K5R8,"DeQuincey Ind Arpk, LA, US",United States,LA,LIFR,0,0,0
K5R8,"DeQuincey Ind Arpk, LA, US",United States,LA,MVFR,0,0,0
K5T9,"Maverick County Arpt, TX, US",United States,TX,VFR,1830,1830,100
K5T9,"Maverick County Arpt, TX, US",United States,TX,IFR,0,0,0
K5T9,"Maverick County Arpt, TX, US",United States,TX,LIFR,0,0,0
K5T9,"Maverick County Arpt, TX, US",United States,TX,MVFR,0,0,0
K60R,"Navasota Muni, TX, US",United States,TX,VFR,1870,1870,100
K60R,"Navasota Muni, TX, US",United States,TX,IFR,0,0,0
K60R,"Navasota Muni, TX, US",United States,TX,LIFR,0,0,0
K60R,"Navasota Muni, TX, US",United States,TX,MVFR,0,0,0
K65S,"Bonners Ferry/Boundary Cnty, ID, US",United States,ID,VFR,1910,1910,100
K65S,"Bonners Ferry/Boundary Cnty, ID, US",United States,ID,IFR,0,0,0
K65S,"Bonners Ferry/Boundary Cnty, ID, US",United States,ID,LIFR,0,0,0
K65S,"Bonners Ferry/Boundary Cnty, ID, US",United States,ID,MVFR,0,0,0
K66R,"Columbus/Well Arpt, TX, US",United States,TX,VFR,1890,1890,100
K66R,"Columbus/Well Arpt, TX, US",United States,TX,IFR,0,0,0
K66R,"Columbus/Well Arpt, TX, US",United States,TX,LIFR,0,0,0
K66R,"Columbus/Well Arpt, TX, US",United States,TX,MVFR,0,0,0
K6A1,"Butler Muni, GA, US",United States,GA,VFR,1140,1890,60.32
K6A1,"Butler Muni, GA, US",United States,GA,MVFR,390,1890,20.63
K6A1,"Butler Muni, GA, US",United States,GA,LIFR,240,1890,12.7
K6A1,"Butler Muni, GA, US",United States,GA,IFR,120,1890,6.35
K6B9,"Skaneateles Arpt, NY, US",United States,NY,VFR,1770,1790,98.88
K6B9,"Skaneateles Arpt, NY, US",United States,NY,MVFR,20,1790,1.12
K6B9,"Skaneateles Arpt, NY, US",United States,NY,IFR,0,0,0
K6B9,"Skaneateles Arpt, NY, US",United States,NY,LIFR,0,0,0
K6E5,"De Smet/Wilder Arpt, SD, US",United States,SD,VFR,1810,1910,94.76
K6E5,"De Smet/Wilder Arpt, SD, US",United States,SD,MVFR,100,1910,5.24
K6E5,"De Smet/Wilder Arpt, SD, US",United States,SD,IFR,0,0,0
K6E5,"De Smet/Wilder Arpt, SD, US",United States,SD,LIFR,0,0,0
K6I2,"Lebanon-Springfield/Hoerter Fld, KY, US",United States,KY,VFR,1670,1870,89.3
K6I2,"Lebanon-Springfield/Hoerter Fld, KY, US",United States,KY,MVFR,200,1870,10.7
K6I2,"Lebanon-Springfield/Hoerter Fld, KY, US",United States,KY,IFR,0,0,0
K6I2,"Lebanon-Springfield/Hoerter Fld, KY, US",United States,KY,LIFR,0,0,0
K6L4,"Logan Cnty, WV, US",United States,WV,VFR,1530,1910,80.1
K6L4,"Logan Cnty, WV, US",United States,WV,MVFR,180,1910,9.42
K6L4,"Logan Cnty, WV, US",United States,WV,LIFR,120,1910,6.28
K6L4,"Logan Cnty, WV, US",United States,WV,IFR,80,1910,4.19
K6R3,"Cleveland Muni, TX, US",United States,TX,VFR,1710,1710,100
K6R3,"Cleveland Muni, TX, US",United States,TX,IFR,0,0,0
K6R3,"Cleveland Muni, TX, US",United States,TX,LIFR,0,0,0
K6R3,"Cleveland Muni, TX, US",United States,TX,MVFR,0,0,0
K6R6,"Dryden/Terrell Cnty, TX, US",United States,TX,IFR,0,0,0
K6R6,"Dryden/Terrell Cnty, TX, US",United States,TX,LIFR,0,0,0
K6R6,"Dryden/Terrell Cnty, TX, US",United States,TX,MVFR,0,0,0
K6R6,"Dryden/Terrell Cnty, TX, US",United States,TX,VFR,0,0,0
K6S0,"Big Timber Arpt, MT, US",United States,MT,VFR,1915,1915,100
K6S0,"Big Timber Arpt, MT, US",United States,MT,IFR,0,0,0
K6S0,"Big Timber Arpt, MT, US",United States,MT,LIFR,0,0,0
K6S0,"Big Timber Arpt, MT, US",United States,MT,MVFR,0,0,0
K6S2,"Florence Muni, OR, US",United States,OR,VFR,1430,1870,76.47
K6S2,"Florence Muni, OR, US",United States,OR,MVFR,320,1870,17.11
K6S2,"Florence Muni, OR, US",United States,OR,IFR,120,1870,6.42
K6S2,"Florence Muni, OR, US",United States,OR,LIFR,0,0,0
K74V,"Roosevelt Muni, UT, US",United States,UT,IFR,0,0,0
K74V,"Roosevelt Muni, UT, US",United States,UT,LIFR,0,0,0
K74V,"Roosevelt Muni, UT, US",United States,UT,MVFR,0,0,0
K74V,"Roosevelt Muni, UT, US",United States,UT,VFR,0,0,0
K77S,"Creswell/Hobby Fld, OR, US",United States,OR,VFR,1410,1890,74.6
K77S,"Creswell/Hobby Fld, OR, US",United States,OR,MVFR,480,1890,25.4
K77S,"Creswell/Hobby Fld, OR, US",United States,OR,IFR,0,0,0
K77S,"Creswell/Hobby Fld, OR, US",United States,OR,LIFR,0,0,0
K79J,"Andalusia/Benton Fld, AL, US",United States,AL,VFR,1860,1912,97.28
K79J,"Andalusia/Benton Fld, AL, US",United States,AL,MVFR,52,1912,2.72
K79J,"Andalusia/Benton Fld, AL, US",United States,AL,IFR,0,0,0
K79J,"Andalusia/Benton Fld, AL, US",United States,AL,LIFR,0,0,0
K79S,"Fort Benton Arpt, MT, US",United States,MT,VFR,1110,1870,59.36
K79S,"Fort Benton Arpt, MT, US",United States,MT,IFR,560,1870,29.95
K79S,"Fort Benton Arpt, MT, US",United States,MT,MVFR,180,1870,9.63
K79S,"Fort Benton Arpt, MT, US",United States,MT,LIFR,20,1870,1.07
K7L2,"Linton Muni, ND, US",United States,ND,VFR,1790,1790,100
K7L2,"Linton Muni, ND, US",United States,ND,IFR,0,0,0
K7L2,"Linton Muni, ND, US",United States,ND,LIFR,0,0,0
K7L2,"Linton Muni, ND, US",United States,ND,MVFR,0,0,0
K7S0,"Ronan Arpt, MT, US",United States,MT,VFR,1910,1910,100
K7S0,"Ronan Arpt, MT, US",United States,MT,IFR,0,0,0
K7S0,"Ronan Arpt, MT, US",United States,MT,LIFR,0,0,0
K7S0,"Ronan Arpt, MT, US",United States,MT,MVFR,0,0,0
K7W6,"Engelhard/Hyde Cnty, NC, US",United States,NC,VFR,1740,1900,91.58
K7W6,"Engelhard/Hyde Cnty, NC, US",United States,NC,MVFR,150,1900,7.89
K7W6,"Engelhard/Hyde Cnty, NC, US",United States,NC,IFR,10,1900,0.53
K7W6,"Engelhard/Hyde Cnty, NC, US",United States,NC,LIFR,0,0,0
K81R,"San Saba Muni, TX, US",United States,TX,VFR,1770,1890,93.65
K81R,"San Saba Muni, TX, US",United States,TX,MVFR,120,1890,6.35
K81R,"San Saba Muni, TX, US",United States,TX,IFR,0,0,0
K81R,"San Saba Muni, TX, US",United States,TX,LIFR,0,0,0
K82C,"Mauston/New Lisbon Arpt, WI, US",United States,WI,VFR,1130,1230,91.87
K82C,"Mauston/New Lisbon Arpt, WI, US",United States,WI,MVFR,100,1230,8.13
K82C,"Mauston/New Lisbon Arpt, WI, US",United States,WI,IFR,0,0,0
K82C,"Mauston/New Lisbon Arpt, WI, US",United States,WI,LIFR,0,0,0
K82V,"Pine Bluffs Muni, WY, US",United States,WY,IFR,0,0,0
K82V,"Pine Bluffs Muni, WY, US",United States,WY,LIFR,0,0,0
K82V,"Pine Bluffs Muni, WY, US",United States,WY,MVFR,0,0,0
K82V,"Pine Bluffs Muni, WY, US",United States,WY,VFR,0,0,0
K8A1,"Guntersville Muni, AL, US",United States,AL,VFR,1130,1890,59.79
K8A1,"Guntersville Muni, AL, US",United States,AL,MVFR,380,1890,20.11
K8A1,"Guntersville Muni, AL, US",United States,AL,IFR,340,1890,17.99
K8A1,"Guntersville Muni, AL, US",United States,AL,LIFR,40,1890,2.12
K8A3,"Livingston Muni, TN, US",United States,TN,VFR,1310,1910,68.59
K8A3,"Livingston Muni, TN, US",United States,TN,IFR,260,1910,13.61
K8A3,"Livingston Muni, TN, US",United States,TN,MVFR,260,1910,13.61
K8A3,"Livingston Muni, TN, US",United States,TN,LIFR,80,1910,4.19
K8B0,"Rangeley/Bean Muni, ME, US",United States,ME,VFR,890,1290,68.99
K8B0,"Rangeley/Bean Muni, ME, US",United States,ME,MVFR,400,1290,31.01
K8B0,"Rangeley/Bean Muni, ME, US",United States,ME,IFR,0,0,0
K8B0,"Rangeley/Bean Muni, ME, US",United States,ME,LIFR,0,0,0
K8D3,"Sisseton Muni, SD, US",United States,SD,IFR,0,0,0
K8D3,"Sisseton Muni, SD, US",United States,SD,LIFR,0,0,0
K8D3,"Sisseton Muni, SD, US",United States,SD,MVFR,0,0,0
K8D3,"Sisseton Muni, SD, US",United States,SD,VFR,0,0,0
K8T6,"George West/Live Oak Cnty, TX, US",United States,TX,VFR,1710,1890,90.48
K8T6,"George West/Live Oak Cnty, TX, US",United States,TX,LIFR,100,1890,5.29
K8T6,"George West/Live Oak Cnty, TX, US",United States,TX,IFR,40,1890,2.12
K8T6,"George West/Live Oak Cnty, TX, US",United States,TX,MVFR,40,1890,2.12
K8V7,"Springfield Muni, CO, US",United States,CO,VFR,1510,1910,79.06
K8V7,"Springfield Muni, CO, US",United States,CO,IFR,180,1910,9.42
K8V7,"Springfield Muni, CO, US",United States,CO,LIFR,120,1910,6.28
K8V7,"Springfield Muni, CO, US",United States,CO,MVFR,100,1910,5.24
K8W2,"New Market Arpt, VA, US",United States,VA,VFR,1830,1890,96.83
K8W2,"New Market Arpt, VA, US",United States,VA,MVFR,60,1890,3.17
K8W2,"New Market Arpt, VA, US",United States,VA,IFR,0,0,0
K8W2,"New Market Arpt, VA, US",United States,VA,LIFR,0,0,0
K96D,"Walhalla Muni, ND, US",United States,ND,VFR,1870,1870,100
K96D,"Walhalla Muni, ND, US",United States,ND,IFR,0,0,0
K96D,"Walhalla Muni, ND, US",United States,ND,LIFR,0,0,0
K96D,"Walhalla Muni, ND, US",United States,ND,MVFR,0,0,0
K98D,"Onida, SD, US",United States,SD,VFR,1890,1890,100
K98D,"Onida, SD, US",United States,SD,IFR,0,0,0
K98D,"Onida, SD, US",United States,SD,LIFR,0,0,0
K98D,"Onida, SD, US",United States,SD,MVFR,0,0,0
K9A4,"Courtland, AL, US",United States,AL,VFR,1190,1890,62.96
K9A4,"Courtland, AL, US",United States,AL,MVFR,400,1890,21.16
K9A4,"Courtland, AL, US",United States,AL,LIFR,200,1890,10.58
K9A4,"Courtland, AL, US",United States,AL,IFR,100,1890,5.29
K9K7,"Ellsworth Muni, KS, US",United States,KS,VFR,1890,1890,100
K9K7,"Ellsworth Muni, KS, US",United States,KS,IFR,0,0,0
K9K7,"Ellsworth Muni, KS, US",United States,KS,LIFR,0,0,0
K9K7,"Ellsworth Muni, KS, US",United States,KS,MVFR,0,0,0
K9L2,"Edwards AF Aux North, CA, US",United States,CA,VFR,1650,1650,100
K9L2,"Edwards AF Aux North, CA, US",United States,CA,IFR,0,0,0
K9L2,"Edwards AF Aux North, CA, US",United States,CA,LIFR,0,0,0
K9L2,"Edwards AF Aux North, CA, US",United States,CA,MVFR,0,0,0
K9S9,"Lexington Arpt, OR, US",United States,OR,VFR,1830,1910,95.81
K9S9,"Lexington Arpt, OR, US",United States,OR,MVFR,80,1910,4.19
K9S9,"Lexington Arpt, OR, US",United States,OR,IFR,0,0,0
K9S9,"Lexington Arpt, OR, US",United States,OR,LIFR,0,0,0
K9V9,"Chamberlain Muni, SD, US",United States,SD,VFR,1890,1890,100
K9V9,"Chamberlain Muni, SD, US",United States,SD,IFR,0,0,0
K9V9,"Chamberlain Muni, SD, US",United States,SD,LIFR,0,0,0
K9V9,"Chamberlain Muni, SD, US",United States,SD,MVFR,0,0,0
K9Y1,"Killdeer/Dunn Cnty, ND, US",United States,ND,VFR,1670,1870,89.3
K9Y1,"Killdeer/Dunn Cnty, ND, US",United States,ND,LIFR,100,1870,5.35
K9Y1,"Killdeer/Dunn Cnty, ND, US",United States,ND,IFR,80,1870,4.28
K9Y1,"Killdeer/Dunn Cnty, ND, US",United States,ND,MVFR,20,1870,1.07
KA39,"Ak-Chin Rgnl, AZ, US",United States,AZ,VFR,1890,1890,100
KA39,"Ak-Chin Rgnl, AZ, US",United States,AZ,IFR,0,0,0
KA39,"Ak-Chin Rgnl, AZ, US",United States,AZ,LIFR,0,0,0
KA39,"Ak-Chin Rgnl, AZ, US",United States,AZ,MVFR,0,0,0
KAAA,"Lincoln/Logan Cnty, IL, US",United States,IL,VFR,1890,1890,100
KAAA,"Lincoln/Logan Cnty, IL, US",United States,IL,IFR,0,0,0
KAAA,"Lincoln/Logan Cnty, IL, US",United States,IL,LIFR,0,0,0
KAAA,"Lincoln/Logan Cnty, IL, US",United States,IL,MVFR,0,0,0
KAAF,"Apalachicola Muni, FL, US",United States,FL,VFR,1890,1890,100
KAAF,"Apalachicola Muni, FL, US",United States,FL,IFR,0,0,0
KAAF,"Apalachicola Muni, FL, US",United States,FL,LIFR,0,0,0
KAAF,"Apalachicola Muni, FL, US",United States,FL,MVFR,0,0,0
KAAO,"Wichita/Jabara Arpt, KS, US",United States,KS,VFR,1680,1898,88.51
KAAO,"Wichita/Jabara Arpt, KS, US",United States,KS,IFR,127,1898,6.69
KAAO,"Wichita/Jabara Arpt, KS, US",United States,KS,MVFR,91,1898,4.79
KAAO,"Wichita/Jabara Arpt, KS, US",United States,KS,LIFR,0,0,0
KAAS,"Campbellsville/Taylor Cnty, KY, US",United States,KY,VFR,1610,1890,85.19
KAAS,"Campbellsville/Taylor Cnty, KY, US",United States,KY,IFR,200,1890,10.58
KAAS,"Campbellsville/Taylor Cnty, KY, US",United States,KY,MVFR,80,1890,4.23
KAAS,"Campbellsville/Taylor Cnty, KY, US",United States,KY,LIFR,0,0,0
KAAT,"Alturas Muni, CA, US",United States,CA,VFR,1890,1890,100
KAAT,"Alturas Muni, CA, US",United States,CA,IFR,0,0,0
KAAT,"Alturas Muni, CA, US",United States,CA,LIFR,0,0,0
KAAT,"Alturas Muni, CA, US",United States,CA,MVFR,0,0,0
KABE,"Allentown/Lehigh Valley Intl, PA, US",United States,PA,VFR,1793,1890,94.87
KABE,"Allentown/Lehigh Valley Intl, PA, US",United States,PA,MVFR,97,1890,5.13
KABE,"Allentown/Lehigh Valley Intl, PA, US",United States,PA,IFR,0,0,0
KABE,"Allentown/Lehigh Valley Intl, PA, US",United States,PA,LIFR,0,0,0
KABI,"Abilene Rgnl, TX, US",United States,TX,VFR,1830,1890,96.83
KABI,"Abilene Rgnl, TX, US",United States,TX,MVFR,60,1890,3.17
KABI,"Abilene Rgnl, TX, US",United States,TX,IFR,0,0,0
KABI,"Abilene Rgnl, TX, US",United States,TX,LIFR,0,0,0
KABQ,"Albuquerque Intl, NM, US",United States,NM,VFR,1890,1890,100
KABQ,"Albuquerque Intl, NM, US",United States,NM,IFR,0,0,0
KABQ,"Albuquerque Intl, NM, US",United States,NM,LIFR,0,0,0
KABQ,"Albuquerque Intl, NM, US",United States,NM,MVFR,0,0,0
KABR,"Aberdeen Rgnl, SD, US",United States,SD,VFR,1793,1864,96.19
KABR,"Aberdeen Rgnl, SD, US",United States,SD,MVFR,60,1864,3.22
KABR,"Aberdeen Rgnl, SD, US",United States,SD,IFR,11,1864,0.59
KABR,"Aberdeen Rgnl, SD, US",United States,SD,LIFR,0,0,0
KABY,"Albany/SW Georgia Rgnl, GA, US",United States,GA,VFR,1335,1890,70.63
KABY,"Albany/SW Georgia Rgnl, GA, US",United States,GA,MVFR,392,1890,20.74
KABY,"Albany/SW Georgia Rgnl, GA, US",United States,GA,IFR,163,1890,8.62
KABY,"Albany/SW Georgia Rgnl, GA, US",United States,GA,LIFR,0,0,0
KACB,"Bellaire/Antrim Cnty, MI, US",United States,MI,VFR,1890,1890,100
KACB,"Bellaire/Antrim Cnty, MI, US",United States,MI,IFR,0,0,0
KACB,"Bellaire/Antrim Cnty, MI, US",United States,MI,LIFR,0,0,0
KACB,"Bellaire/Antrim Cnty, MI, US",United States,MI,MVFR,0,0,0
KACJ,"Americus/Carter Rgnl, GA, US",United States,GA,VFR,1120,1870,59.89
KACJ,"Americus/Carter Rgnl, GA, US",United States,GA,LIFR,360,1870,19.25
KACJ,"Americus/Carter Rgnl, GA, US",United States,GA,MVFR,310,1870,16.58
KACJ,"Americus/Carter Rgnl, GA, US",United States,GA,IFR,80,1870,4.28
KACK,"Nantucket Mem Arpt, MA, US",United States,MA,VFR,1426,1890,75.45
KACK,"Nantucket Mem Arpt, MA, US",United States,MA,IFR,283,1890,14.97
KACK,"Nantucket Mem Arpt, MA, US",United States,MA,MVFR,181,1890,9.58
KACK,"Nantucket Mem Arpt, MA, US",United States,MA,LIFR,0,0,0
KACP,"Oakdale/Parish Arpt, LA, US",United States,LA,VFR,1850,1890,97.88
KACP,"Oakdale/Parish Arpt, LA, US",United States,LA,MVFR,40,1890,2.12
KACP,"Oakdale/Parish Arpt, LA, US",United States,LA,IFR,0,0,0
KACP,"Oakdale/Parish Arpt, LA, US",United States,LA,LIFR,0,0,0
KACQ,"Waseca Muni, MN, US",United States,MN,VFR,1890,1890,100
KACQ,"Waseca Muni, MN, US",United States,MN,IFR,0,0,0
KACQ,"Waseca Muni, MN, US",United States,MN,LIFR,0,0,0
KACQ,"Waseca Muni, MN, US",United States,MN,MVFR,0,0,0
KACT,"Waco Rgnl, TX, US",United States,TX,VFR,1847,1890,97.72
KACT,"Waco Rgnl, TX, US",United States,TX,MVFR,43,1890,2.28
KACT,"Waco Rgnl, TX, US",United States,TX,IFR,0,0,0
KACT,"Waco Rgnl, TX, US",United States,TX,LIFR,0,0,0
KACV,"Arcata Arpt, CA, US",United States,CA,VFR,1310,1862,70.35
KACV,"Arcata Arpt, CA, US",United States,CA,MVFR,301,1862,16.17
KACV,"Arcata Arpt, CA, US",United States,CA,LIFR,156,1862,8.38
KACV,"Arcata Arpt, CA, US",United States,CA,IFR,95,1862,5.1
KACY,"Atlantic City Intl, NJ, US",United States,NJ,VFR,1393,1653,84.27
KACY,"Atlantic City Intl, NJ, US",United States,NJ,IFR,244,1653,14.76
KACY,"Atlantic City Intl, NJ, US",United States,NJ,MVFR,16,1653,0.97
KACY,"Atlantic City Intl, NJ, US",United States,NJ,LIFR,0,0,0
KACZ,"Wallace/Henderson Fld, NC, US",United States,NC,VFR,1635,1695,96.46
KACZ,"Wallace/Henderson Fld, NC, US",United States,NC,MVFR,60,1695,3.54
KACZ,"Wallace/Henderson Fld, NC, US",United States,NC,IFR,0,0,0
KACZ,"Wallace/Henderson Fld, NC, US",United States,NC,LIFR,0,0,0
KADC,"Wadena Muni, MN, US",United States,MN,VFR,1891,1891,100
KADC,"Wadena Muni, MN, US",United States,MN,IFR,0,0,0
KADC,"Wadena Muni, MN, US",United States,MN,LIFR,0,0,0
KADC,"Wadena Muni, MN, US",United States,MN,MVFR,0,0,0
KADG,"Adrian/Lenawee Cnty, MI, US",United States,MI,VFR,1890,1890,100
KADG,"Adrian/Lenawee Cnty, MI, US",United States,MI,IFR,0,0,0
KADG,"Adrian/Lenawee Cnty, MI, US",United States,MI,LIFR,0,0,0
KADG,"Adrian/Lenawee Cnty, MI, US",United States,MI,MVFR,0,0,0
KADH,"Ada Muni, OK, US",United States,OK,VFR,1550,1890,82.01
KADH,"Ada Muni, OK, US",United States,OK,IFR,300,1890,15.87
KADH,"Ada Muni, OK, US",United States,OK,MVFR,40,1890,2.12
KADH,"Ada Muni, OK, US",United States,OK,LIFR,0,0,0
KADM,"Ardmore Muni, OK, US",United States,OK,VFR,1725,1865,92.49
KADM,"Ardmore Muni, OK, US",United States,OK,IFR,80,1865,4.29
KADM,"Ardmore Muni, OK, US",United States,OK,MVFR,60,1865,3.22
KADM,"Ardmore Muni, OK, US",United States,OK,LIFR,0,0,0
KADS,"Dallas/Addison Arpt, TX, US",United States,TX,VFR,1890,1890,100
KADS,"Dallas/Addison Arpt, TX, US",United States,TX,IFR,0,0,0
KADS,"Dallas/Addison Arpt, TX, US",United States,TX,LIFR,0,0,0
KADS,"Dallas/Addison Arpt, TX, US",United States,TX,MVFR,0,0,0
KADT,"Atwood/Rollins Cnty, KS, US",United States,KS,VFR,990,1890,52.38
KADT,"Atwood/Rollins Cnty, KS, US",United States,KS,MVFR,460,1890,24.34
KADT,"Atwood/Rollins Cnty, KS, US",United States,KS,LIFR,360,1890,19.05
KADT,"Atwood/Rollins Cnty, KS, US",United States,KS,IFR,80,1890,4.23
KADU,"Audubon Cnty Arpt, IA, US",United States,IA,VFR,1690,1690,100
KADU,"Audubon Cnty Arpt, IA, US",United States,IA,IFR,0,0,0
KADU,"Audubon Cnty Arpt, IA, US",United States,IA,LIFR,0,0,0
KADU,"Audubon Cnty Arpt, IA, US",United States,IA,MVFR,0,0,0
KADW,"Andrews AFB, MD, US",United States,MD,VFR,1245,1635,76.15
KADW,"Andrews AFB, MD, US",United States,MD,MVFR,296,1635,18.1
KADW,"Andrews AFB, MD, US",United States,MD,IFR,94,1635,5.75
KADW,"Andrews AFB, MD, US",United States,MD,LIFR,0,0,0
KAEG,"Albuquerque/Double Eagle Arpt, NM, US",United States,NM,VFR,1739,1865,93.24
KAEG,"Albuquerque/Double Eagle Arpt, NM, US",United States,NM,MVFR,126,1865,6.76
KAEG,"Albuquerque/Double Eagle Arpt, NM, US",United States,NM,IFR,0,0,0
KAEG,"Albuquerque/Double Eagle Arpt, NM, US",United States,NM,LIFR,0,0,0
KAEJ,"Buena Vista/Central Colorado Rgnl, CO, US",United States,CO,IFR,0,0,0
KAEJ,"Buena Vista/Central Colorado Rgnl, CO, US",United States,CO,LIFR,0,0,0
KAEJ,"Buena Vista/Central Colorado Rgnl, CO, US",United States,CO,MVFR,0,0,0
KAEJ,"Buena Vista/Central Colorado Rgnl, CO, US",United States,CO,VFR,0,0,0
KAEL,"Albert Lea Muni, MN, US",United States,MN,VFR,1890,1890,100
KAEL,"Albert Lea Muni, MN, US",United States,MN,IFR,0,0,0
KAEL,"Albert Lea Muni, MN, US",United States,MN,LIFR,0,0,0
KAEL,"Albert Lea Muni, MN, US",United States,MN,MVFR,0,0,0
KAEX,"Alexandria Intl, LA, US",United States,LA,VFR,1890,1890,100
KAEX,"Alexandria Intl, LA, US",United States,LA,IFR,0,0,0
KAEX,"Alexandria Intl, LA, US",United States,LA,LIFR,0,0,0
KAEX,"Alexandria Intl, LA, US",United States,LA,MVFR,0,0,0
KAFF,"Air Force Academy Arfld, CO, US",United States,CO,VFR,1429,1650,86.61
KAFF,"Air Force Academy Arfld, CO, US",United States,CO,IFR,221,1650,13.39
KAFF,"Air Force Academy Arfld, CO, US",United States,CO,LIFR,0,0,0
KAFF,"Air Force Academy Arfld, CO, US",United States,CO,MVFR,0,0,0
KAFJ,"Washington Cnty Arpt, PA, US",United States,PA,VFR,1733,1890,91.69
KAFJ,"Washington Cnty Arpt, PA, US",United States,PA,MVFR,82,1890,4.34
KAFJ,"Washington Cnty Arpt, PA, US",United States,PA,IFR,48,1890,2.54
KAFJ,"Washington Cnty Arpt, PA, US",United States,PA,LIFR,27,1890,1.43
KAFK,"Nebraska City Muni, NE, US",United States,NE,VFR,1850,1890,97.88
KAFK,"Nebraska City Muni, NE, US",United States,NE,MVFR,40,1890,2.12
KAFK,"Nebraska City Muni, NE, US",United States,NE,IFR,0,0,0
KAFK,"Nebraska City Muni, NE, US",United States,NE,LIFR,0,0,0
KAFN,"Jaffrey Muni, NH, US",United States,NH,VFR,1677,1890,88.73
KAFN,"Jaffrey Muni, NH, US",United States,NH,MVFR,213,1890,11.27
KAFN,"Jaffrey Muni, NH, US",United States,NH,IFR,0,0,0
KAFN,"Jaffrey Muni, NH, US",United States,NH,LIFR,0,0,0
KAFO,"Afton Muni, WY, US",United States,WY,VFR,1890,1890,100
KAFO,"Afton Muni, WY, US",United States,WY,IFR,0,0,0
KAFO,"Afton Muni, WY, US",United States,WY,LIFR,0,0,0
KAFO,"Afton Muni, WY, US",United States,WY,MVFR,0,0,0
KAFP,"Wadesboro/Anson Cnty, NC, US",United States,NC,VFR,1820,1820,100
KAFP,"Wadesboro/Anson Cnty, NC, US",United States,NC,IFR,0,0,0
KAFP,"Wadesboro/Anson Cnty, NC, US",United States,NC,LIFR,0,0,0
KAFP,"Wadesboro/Anson Cnty, NC, US",United States,NC,MVFR,0,0,0
KAFW,"Fort Worth/Alliance Arpt, TX, US",United States,TX,VFR,1890,1890,100
KAFW,"Fort Worth/Alliance Arpt, TX, US",United States,TX,IFR,0,0,0
KAFW,"Fort Worth/Alliance Arpt, TX, US",United States,TX,LIFR,0,0,0
KAFW,"Fort Worth/Alliance Arpt, TX, US",United States,TX,MVFR,0,0,0
KAGC,"Pittsburgh/Allegheny Cnty, PA, US",United States,PA,VFR,1823,1883,96.81
KAGC,"Pittsburgh/Allegheny Cnty, PA, US",United States,PA,MVFR,60,1883,3.19
KAGC,"Pittsburgh/Allegheny Cnty, PA, US",United States,PA,IFR,0,0,0
KAGC,"Pittsburgh/Allegheny Cnty, PA, US",United States,PA,LIFR,0,0,0
KAGO,"Magnolia Muni, AR, US",United States,AR,VFR,1110,1870,59.36
KAGO,"Magnolia Muni, AR, US",United States,AR,MVFR,620,1870,33.16
KAGO,"Magnolia Muni, AR, US",United States,AR,IFR,140,1870,7.49
KAGO,"Magnolia Muni, AR, US",United States,AR,LIFR,0,0,0
KAGS,"Augusta Rgnl, GA, US",United States,GA,VFR,1136,1870,60.75
KAGS,"Augusta Rgnl, GA, US",United States,GA,MVFR,377,1870,20.16
KAGS,"Augusta Rgnl, GA, US",United States,GA,LIFR,303,1870,16.2
KAGS,"Augusta Rgnl, GA, US",United States,GA,IFR,54,1870,2.89
KAGZ,"Wagner Muni, SD, US",United States,SD,VFR,1790,1890,94.71
KAGZ,"Wagner Muni, SD, US",United States,SD,MVFR,100,1890,5.29
KAGZ,"Wagner Muni, SD, US",United States,SD,IFR,0,0,0
KAGZ,"Wagner Muni, SD, US",United States,SD,LIFR,0,0,0
KAHN,"Athens/Epps Arpt, GA, US",United States,GA,VFR,1507,1861,80.98
KAHN,"Athens/Epps Arpt, GA, US",United States,GA,MVFR,216,1861,11.61
KAHN,"Athens/Epps Arpt, GA, US",United States,GA,LIFR,138,1861,7.42
KAHN,"Athens/Epps Arpt, GA, US",United States,GA,IFR,0,0,0
KAHQ,"Wahoo Muni, NE, US",United States,NE,VFR,1790,1890,94.71
KAHQ,"Wahoo Muni, NE, US",United States,NE,MVFR,100,1890,5.29
KAHQ,"Wahoo Muni, NE, US",United States,NE,IFR,0,0,0
KAHQ,"Wahoo Muni, NE, US",United States,NE,LIFR,0,0,0
KAIA,"Alliance Muni, NE, US",United States,NE,VFR,1424,1890,75.34
KAIA,"Alliance Muni, NE, US",United States,NE,LIFR,427,1890,22.59
KAIA,"Alliance Muni, NE, US",United States,NE,MVFR,39,1890,2.06
KAIA,"Alliance Muni, NE, US",United States,NE,IFR,0,0,0
KAIB,"Nucla/Hopkins Fld, CO, US",United States,CO,VFR,1890,1890,100
KAIB,"Nucla/Hopkins Fld, CO, US",United States,CO,IFR,0,0,0
KAIB,"Nucla/Hopkins Fld, CO, US",United States,CO,LIFR,0,0,0
KAIB,"Nucla/Hopkins Fld, CO, US",United States,CO,MVFR,0,0,0
KAID,"Anderson Muni, IN, US",United States,IN,VFR,1750,1794,97.55
KAID,"Anderson Muni, IN, US",United States,IN,IFR,44,1794,2.45
KAID,"Anderson Muni, IN, US",United States,IN,LIFR,0,0,0
KAID,"Anderson Muni, IN, US",United States,IN,MVFR,0,0,0
KAIG,"Antigo/Langlade Cnty, WI, US",United States,WI,VFR,1870,1890,98.94
KAIG,"Antigo/Langlade Cnty, WI, US",United States,WI,IFR,20,1890,1.06
KAIG,"Antigo/Langlade Cnty, WI, US",United States,WI,LIFR,0,0,0
KAIG,"Antigo/Langlade Cnty, WI, US",United States,WI,MVFR,0,0,0
KAIK,"Aiken Muni, GA, US",United States,GA,VFR,1410,1890,74.6
KAIK,"Aiken Muni, GA, US",United States,GA,MVFR,320,1890,16.93
KAIK,"Aiken Muni, GA, US",United States,GA,IFR,80,1890,4.23
KAIK,"Aiken Muni, GA, US",United States,GA,LIFR,80,1890,4.23
KAIO,"Atlantic Muni, IA, US",United States,IA,VFR,1890,1890,100
KAIO,"Atlantic Muni, IA, US",United States,IA,IFR,0,0,0
KAIO,"Atlantic Muni, IA, US",United States,IA,LIFR,0,0,0
KAIO,"Atlantic Muni, IA, US",United States,IA,MVFR,0,0,0
KAIT,"Aitkin Muni, MN, US",United States,MN,VFR,1890,1890,100
KAIT,"Aitkin Muni, MN, US",United States,MN,IFR,0,0,0
KAIT,"Aitkin Muni, MN, US",United States,MN,LIFR,0,0,0
KAIT,"Aitkin Muni, MN, US",United States,MN,MVFR,0,0,0
KAJG,"Mount Carmel Muni, IL, US",United States,IL,VFR,1250,1250,100
KAJG,"Mount Carmel Muni, IL, US",United States,IL,IFR,0,0,0
KAJG,"Mount Carmel Muni, IL, US",United States,IL,LIFR,0,0,0
KAJG,"Mount Carmel Muni, IL, US",United States,IL,MVFR,0,0,0
KAJO,"Corona Muni, CA, US",United States,CA,VFR,1498,1890,79.26
KAJO,"Corona Muni, CA, US",United States,CA,IFR,209,1890,11.06
KAJO,"Corona Muni, CA, US",United States,CA,MVFR,183,1890,9.68
KAJO,"Corona Muni, CA, US",United States,CA,LIFR,0,0,0
KAJR,"Cornelia/Habersham Cnty, GA, US",United States,GA,VFR,1530,1890,80.95
KAJR,"Cornelia/Habersham Cnty, GA, US",United States,GA,MVFR,360,1890,19.05
KAJR,"Cornelia/Habersham Cnty, GA, US",United States,GA,IFR,0,0,0
KAJR,"Cornelia/Habersham Cnty, GA, US",United States,GA,LIFR,0,0,0
KAJZ,"Delta/Blake Fld, CO, US",United States,CO,VFR,1890,1890,100
KAJZ,"Delta/Blake Fld, CO, US",United States,CO,IFR,0,0,0
KAJZ,"Delta/Blake Fld, CO, US",United States,CO,LIFR,0,0,0
KAJZ,"Delta/Blake Fld, CO, US",United States,CO,MVFR,0,0,0
KAKH,"Gastonia Muni, NC, US",United States,NC,VFR,1749,1890,92.54
KAKH,"Gastonia Muni, NC, US",United States,NC,IFR,141,1890,7.46
KAKH,"Gastonia Muni, NC, US",United States,NC,LIFR,0,0,0
KAKH,"Gastonia Muni, NC, US",United States,NC,MVFR,0,0,0
KAKO,"Akron/Plains Rgnl, CO, US",United States,CO,VFR,1576,1890,83.39
KAKO,"Akron/Plains Rgnl, CO, US",United States,CO,MVFR,283,1890,14.97
KAKO,"Akron/Plains Rgnl, CO, US",United States,CO,IFR,31,1890,1.64
KAKO,"Akron/Plains Rgnl, CO, US",United States,CO,LIFR,0,0,0
KAKQ,"Norfolk Muni, VA, US",United States,VA,VFR,1752,1890,92.7
KAKQ,"Norfolk Muni, VA, US",United States,VA,MVFR,138,1890,7.3
KAKQ,"Norfolk Muni, VA, US",United States,VA,IFR,0,0,0
KAKQ,"Norfolk Muni, VA, US",United States,VA,LIFR,0,0,0
KAKR,"Akron/Fulton Intl, OH, US",United States,OH,VFR,1890,1890,100
KAKR,"Akron/Fulton Intl, OH, US",United States,OH,IFR,0,0,0
KAKR,"Akron/Fulton Intl, OH, US",United States,OH,LIFR,0,0,0
KAKR,"Akron/Fulton Intl, OH, US",United States,OH,MVFR,0,0,0
KALB,"Albany Intl, NY, US",United States,NY,VFR,1577,1890,83.44
KALB,"Albany Intl, NY, US",United States,NY,MVFR,282,1890,14.92
KALB,"Albany Intl, NY, US",United States,NY,IFR,31,1890,1.64
KALB,"Albany Intl, NY, US",United States,NY,LIFR,0,0,0
KALM,"Alamogordo/White Sands Rgnl, NM, US",United States,NM,VFR,1870,1870,100
KALM,"Alamogordo/White Sands Rgnl, NM, US",United States,NM,IFR,0,0,0
KALM,"Alamogordo/White Sands Rgnl, NM, US",United States,NM,LIFR,0,0,0
KALM,"Alamogordo/White Sands Rgnl, NM, US",United States,NM,MVFR,0,0,0
KALN,"Alton/St Louis Rgnl, IL, US",United States,IL,VFR,1830,1865,98.12
KALN,"Alton/St Louis Rgnl, IL, US",United States,IL,LIFR,35,1865,1.88
KALN,"Alton/St Louis Rgnl, IL, US",United States,IL,IFR,0,0,0
KALN,"Alton/St Louis Rgnl, IL, US",United States,IL,MVFR,0,0,0
KALO,"Waterloo Rgnl, IA, US",United States,IA,VFR,1890,1890,100
KALO,"Waterloo Rgnl, IA, US",United States,IA,IFR,0,0,0
KALO,"Waterloo Rgnl, IA, US",United States,IA,LIFR,0,0,0
KALO,"Waterloo Rgnl, IA, US",United States,IA,MVFR,0,0,0
KALS,"Alamosa/Bergman Fld, CO, US",United States,CO,VFR,1890,1890,100
KALS,"Alamosa/Bergman Fld, CO, US",United States,CO,IFR,0,0,0
KALS,"Alamosa/Bergman Fld, CO, US",United States,CO,LIFR,0,0,0
KALS,"Alamosa/Bergman Fld, CO, US",United States,CO,MVFR,0,0,0
KALW,"Walla Walla Rgnl, WA, US",United States,WA,VFR,1890,1890,100
KALW,"Walla Walla Rgnl, WA, US",United States,WA,IFR,0,0,0
KALW,"Walla Walla Rgnl, WA, US",United States,WA,LIFR,0,0,0
KALW,"Walla Walla Rgnl, WA, US",United States,WA,MVFR,0,0,0
KALX,"Alexander City/Russell Fld, AL, US",United States,AL,VFR,1610,1890,85.19
KALX,"Alexander City/Russell Fld, AL, US",United States,AL,MVFR,280,1890,14.81
KALX,"Alexander City/Russell Fld, AL, US",United States,AL,IFR,0,0,0
KALX,"Alexander City/Russell Fld, AL, US",United States,AL,LIFR,0,0,0
KAMA,"Amarillo Intl Arpt, TX, US",United States,TX,VFR,1384,1866,74.17
KAMA,"Amarillo Intl Arpt, TX, US",United States,TX,IFR,225,1866,12.06
KAMA,"Amarillo Intl Arpt, TX, US",United States,TX,LIFR,151,1866,8.09
KAMA,"Amarillo Intl Arpt, TX, US",United States,TX,MVFR,106,1866,5.68
KAMG,"Alma/Bacon Cnty, GA, US",United States,GA,VFR,957,1870,51.18
KAMG,"Alma/Bacon Cnty, GA, US",United States,GA,IFR,396,1870,21.18
KAMG,"Alma/Bacon Cnty, GA, US",United States,GA,MVFR,309,1870,16.52
KAMG,"Alma/Bacon Cnty, GA, US",United States,GA,LIFR,208,1870,11.12
KAMN,"Alma/Gratiot Communi, MI, US",United States,MI,VFR,1870,1890,98.94
KAMN,"Alma/Gratiot Communi, MI, US",United States,MI,IFR,20,1890,1.06
KAMN,"Alma/Gratiot Communi, MI, US",United States,MI,LIFR,0,0,0
KAMN,"Alma/Gratiot Communi, MI, US",United States,MI,MVFR,0,0,0
KAMW,"Ames Muni, IA, US",United States,IA,VFR,1890,1890,100
KAMW,"Ames Muni, IA, US",United States,IA,IFR,0,0,0
KAMW,"Ames Muni, IA, US",United States,IA,LIFR,0,0,0
KAMW,"Ames Muni, IA, US",United States,IA,MVFR,0,0,0
KANB,"Anniston Metro, AL, US",United States,AL,VFR,1591,1890,84.18
KANB,"Anniston Metro, AL, US",United States,AL,MVFR,269,1890,14.23
KANB,"Anniston Metro, AL, US",United States,AL,IFR,30,1890,1.59
KANB,"Anniston Metro, AL, US",United States,AL,LIFR,0,0,0
KAND,"Anderson Rgnl, SC, US",United States,SC,VFR,1689,1890,89.37
KAND,"Anderson Rgnl, SC, US",United States,SC,IFR,179,1890,9.47
KAND,"Anderson Rgnl, SC, US",United States,SC,LIFR,22,1890,1.16
KAND,"Anderson Rgnl, SC, US",United States,SC,MVFR,0,0,0
KANE,"Blaine/Anoka Cnty, MN, US",United States,MN,VFR,1866,1866,100
KANE,"Blaine/Anoka Cnty, MN, US",United States,MN,IFR,0,0,0
KANE,"Blaine/Anoka Cnty, MN, US",United States,MN,LIFR,0,0,0
KANE,"Blaine/Anoka Cnty, MN, US",United States,MN,MVFR,0,0,0
KANJ,"Sault Ste Marie Muni, MI, US",United States,MI,VFR,1890,1890,100
KANJ,"Sault Ste Marie Muni, MI, US",United States,MI,IFR,0,0,0
KANJ,"Sault Ste Marie Muni, MI, US",United States,MI,LIFR,0,0,0
KANJ,"Sault Ste Marie Muni, MI, US",United States,MI,MVFR,0,0,0
KANK,"Salida/Alexander Fld, CO, US",United States,CO,VFR,1890,1890,100
KANK,"Salida/Alexander Fld, CO, US",United States,CO,IFR,0,0,0
KANK,"Salida/Alexander Fld, CO, US",United States,CO,LIFR,0,0,0
KANK,"Salida/Alexander Fld, CO, US",United States,CO,MVFR,0,0,0
KANQ,"Angola/Tri-State Arpt, IN, US",United States,IN,VFR,1910,1910,100
KANQ,"Angola/Tri-State Arpt, IN, US",United States,IN,IFR,0,0,0
KANQ,"Angola/Tri-State Arpt, IN, US",United States,IN,LIFR,0,0,0
KANQ,"Angola/Tri-State Arpt, IN, US",United States,IN,MVFR,0,0,0
KANW,"Ainsworth Muni, NE, US",United States,NE,VFR,1670,1890,88.36
KANW,"Ainsworth Muni, NE, US",United States,NE,IFR,180,1890,9.52
KANW,"Ainsworth Muni, NE, US",United States,NE,MVFR,40,1890,2.12
KANW,"Ainsworth Muni, NE, US",United States,NE,LIFR,0,0,0
KANY,"Anthony Muni, KS, US",United States,KS,LIFR,1040,1890,55.03
KANY,"Anthony Muni, KS, US",United States,KS,IFR,480,1890,25.4
KANY,"Anthony Muni, KS, US",United States,KS,VFR,250,1890,13.23
KANY,"Anthony Muni, KS, US",United States,KS,MVFR,120,1890,6.35
KAOH,"Lima/Allen Cnty, OH, US",United States,OH,VFR,1868,1890,98.84
KAOH,"Lima/Allen Cnty, OH, US",United States,OH,IFR,12,1890,0.63
KAOH,"Lima/Allen Cnty, OH, US",United States,OH,MVFR,10,1890,0.53
KAOH,"Lima/Allen Cnty, OH, US",United States,OH,LIFR,0,0,0
KAOO,"Altoona/Blair Cnty, PA, US",United States,PA,VFR,1686,1890,89.21
KAOO,"Altoona/Blair Cnty, PA, US",United States,PA,MVFR,204,1890,10.79
KAOO,"Altoona/Blair Cnty, PA, US",United States,PA,IFR,0,0,0
KAOO,"Altoona/Blair Cnty, PA, US",United States,PA,LIFR,0,0,0
KAPA,"Denver/Centennial Arpt, CO, US",United States,CO,VFR,1890,1890,100
KAPA,"Denver/Centennial Arpt, CO, US",United States,CO,IFR,0,0,0
KAPA,"Denver/Centennial Arpt, CO, US",United States,CO,LIFR,0,0,0
KAPA,"Denver/Centennial Arpt, CO, US",United States,CO,MVFR,0,0,0
KAPC,"Napa Cnty Arpt, CA, US",United States,CA,VFR,1041,1830,56.89
KAPC,"Napa Cnty Arpt, CA, US",United States,CA,MVFR,742,1830,40.55
KAPC,"Napa Cnty Arpt, CA, US",United States,CA,IFR,47,1830,2.57
KAPC,"Napa Cnty Arpt, CA, US",United States,CA,LIFR,0,0,0
KAPF,"Naples Muni, FL, US",United States,FL,VFR,1567,1890,82.91
KAPF,"Naples Muni, FL, US",United States,FL,MVFR,229,1890,12.12
KAPF,"Naples Muni, FL, US",United States,FL,IFR,94,1890,4.97
KAPF,"Naples Muni, FL, US",United States,FL,LIFR,0,0,0
KAPG,"Phillips, MD, US",United States,MD,VFR,751,1049,71.59
KAPG,"Phillips, MD, US",United States,MD,MVFR,236,1049,22.5
KAPG,"Phillips, MD, US",United States,MD,IFR,62,1049,5.91
KAPG,"Phillips, MD, US",United States,MD,LIFR,0,0,0
KAPN,"Alpena Cnty Rgnl, MI, US",United States,MI,VFR,1890,1890,100
KAPN,"Alpena Cnty Rgnl, MI, US",United States,MI,IFR,0,0,0
KAPN,"Alpena Cnty Rgnl, MI, US",United States,MI,LIFR,0,0,0
KAPN,"Alpena Cnty Rgnl, MI, US",United States,MI,MVFR,0,0,0
KAPY,"Zapata Cnty, TX, US",United States,TX,VFR,1070,1275,83.92
KAPY,"Zapata Cnty, TX, US",United States,TX,MVFR,185,1275,14.51
KAPY,"Zapata Cnty, TX, US",United States,TX,IFR,20,1275,1.57
KAPY,"Zapata Cnty, TX, US",United States,TX,LIFR,0,0,0
KAQO,"Llano Muni, TX, US",United States,TX,VFR,1830,1890,96.83
KAQO,"Llano Muni, TX, US",United States,TX,MVFR,60,1890,3.17
KAQO,"Llano Muni, TX, US",United States,TX,IFR,0,0,0
KAQO,"Llano Muni, TX, US",United States,TX,LIFR,0,0,0
KAQP,"Appleton Muni, MN, US",United States,MN,VFR,1910,1910,100
KAQP,"Appleton Muni, MN, US",United States,MN,IFR,0,0,0
KAQP,"Appleton Muni, MN, US",United States,MN,LIFR,0,0,0
KAQP,"Appleton Muni, MN, US",United States,MN,MVFR,0,0,0
KAQW,"North Adams/Harriman West Arpt, MA, US",United States,MA,VFR,90,90,100
KAQW,"North Adams/Harriman West Arpt, MA, US",United States,MA,IFR,0,0,0
KAQW,"North Adams/Harriman West Arpt, MA, US",United States,MA,LIFR,0,0,0
KAQW,"North Adams/Harriman West Arpt, MA, US",United States,MA,MVFR,0,0,0
KAQX,"Allendale Cnty Arpt, SC, US",United States,SC,VFR,1090,1890,57.67
KAQX,"Allendale Cnty Arpt, SC, US",United States,SC,MVFR,460,1890,24.34
KAQX,"Allendale Cnty Arpt, SC, US",United States,SC,LIFR,340,1890,17.99
KAQX,"Allendale Cnty Arpt, SC, US",United States,SC,IFR,0,0,0
KARA,"New Iberia/Acadiana Rgnl, LA, US",United States,LA,VFR,1410,1410,100
KARA,"New Iberia/Acadiana Rgnl, LA, US",United States,LA,IFR,0,0,0
KARA,"New Iberia/Acadiana Rgnl, LA, US",United States,LA,LIFR,0,0,0
KARA,"New Iberia/Acadiana Rgnl, LA, US",United States,LA,MVFR,0,0,0
KARB,"Ann Arbor Muni, MI, US",United States,MI,VFR,1829,1890,96.77
KARB,"Ann Arbor Muni, MI, US",United States,MI,MVFR,42,1890,2.22
KARB,"Ann Arbor Muni, MI, US",United States,MI,IFR,19,1890,1.01
KARB,"Ann Arbor Muni, MI, US",United States,MI,LIFR,0,0,0
KARG,"Walnut Ridge Rgnl, AR, US",United States,AR,VFR,1799,1890,95.19
KARG,"Walnut Ridge Rgnl, AR, US",United States,AR,MVFR,91,1890,4.81
KARG,"Walnut Ridge Rgnl, AR, US",United States,AR,IFR,0,0,0
KARG,"Walnut Ridge Rgnl, AR, US",United States,AR,LIFR,0,0,0
KARM,"Wharton Rgnl, TX, US",United States,TX,VFR,1810,1890,95.77
KARM,"Wharton Rgnl, TX, US",United States,TX,MVFR,80,1890,4.23
KARM,"Wharton Rgnl, TX, US",United States,TX,IFR,0,0,0
KARM,"Wharton Rgnl, TX, US",United States,TX,LIFR,0,0,0
KARR,"Aurora Muni, IL, US",United States,IL,VFR,1890,1890,100
KARR,"Aurora Muni, IL, US",United States,IL,IFR,0,0,0
KARR,"Aurora Muni, IL, US",United States,IL,LIFR,0,0,0
KARR,"Aurora Muni, IL, US",United States,IL,MVFR,0,0,0
KART,"Watertown Intl, NY, US",United States,NY,VFR,1780,1864,95.49
KART,"Watertown Intl, NY, US",United States,NY,LIFR,65,1864,3.49
KART,"Watertown Intl, NY, US",United States,NY,MVFR,19,1864,1.02
KART,"Watertown Intl, NY, US",United States,NY,IFR,0,0,0
KARV,"Woodruff/Lakeland Arpt, WI, US",United States,WI,VFR,1870,1890,98.94
KARV,"Woodruff/Lakeland Arpt, WI, US",United States,WI,LIFR,20,1890,1.06
KARV,"Woodruff/Lakeland Arpt, WI, US",United States,WI,IFR,0,0,0
KARV,"Woodruff/Lakeland Arpt, WI, US",United States,WI,MVFR,0,0,0
KASD,"Slidell Arpt, LA, US",United States,LA,VFR,1641,1862,88.13
KASD,"Slidell Arpt, LA, US",United States,LA,LIFR,175,1862,9.4
KASD,"Slidell Arpt, LA, US",United States,LA,IFR,37,1862,1.99
KASD,"Slidell Arpt, LA, US",United States,LA,MVFR,9,1862,0.48
KASE,"Aspen/Pitkin Cnty, CO, US",United States,CO,VFR,1890,1890,100
KASE,"Aspen/Pitkin Cnty, CO, US",United States,CO,IFR,0,0,0
KASE,"Aspen/Pitkin Cnty, CO, US",United States,CO,LIFR,0,0,0
KASE,"Aspen/Pitkin Cnty, CO, US",United States,CO,MVFR,0,0,0
KASG,"Springdale Muni, AR, US",United States,AR,VFR,1403,1530,91.7
KASG,"Springdale Muni, AR, US",United States,AR,IFR,67,1530,4.38
KASG,"Springdale Muni, AR, US",United States,AR,MVFR,60,1530,3.92
KASG,"Springdale Muni, AR, US",United States,AR,LIFR,0,0,0
KASH,"Nashua/Boire Fld, NH, US",United States,NH,VFR,1627,1890,86.08
KASH,"Nashua/Boire Fld, NH, US",United States,NH,MVFR,263,1890,13.92
KASH,"Nashua/Boire Fld, NH, US",United States,NH,IFR,0,0,0
KASH,"Nashua/Boire Fld, NH, US",United States,NH,LIFR,0,0,0
KASJ,"Ahoskie/Tri Cnty, NC, US",United States,NC,VFR,1710,1900,90
KASJ,"Ahoskie/Tri Cnty, NC, US",United States,NC,MVFR,140,1900,7.37
KASJ,"Ahoskie/Tri Cnty, NC, US",United States,NC,IFR,50,1900,2.63
KASJ,"Ahoskie/Tri Cnty, NC, US",United States,NC,LIFR,0,0,0
KASL,"Marshall/Harrison Cnty, TX, US",United States,TX,VFR,1870,1870,100
KASL,"Marshall/Harrison Cnty, TX, US",United States,TX,IFR,0,0,0
KASL,"Marshall/Harrison Cnty, TX, US",United States,TX,LIFR,0,0,0
KASL,"Marshall/Harrison Cnty, TX, US",United States,TX,MVFR,0,0,0
KASN,"Talladega Muni, AL, US",United States,AL,VFR,1550,1890,82.01
KASN,"Talladega Muni, AL, US",United States,AL,MVFR,240,1890,12.7
KASN,"Talladega Muni, AL, US",United States,AL,IFR,100,1890,5.29
KASN,"Talladega Muni, AL, US",United States,AL,LIFR,0,0,0
KAST,"Astoria Rgnl, OR, US",United States,OR,VFR,1890,1890,100
KAST,"Astoria Rgnl, OR, US",United States,OR,IFR,0,0,0
KAST,"Astoria Rgnl, OR, US",United States,OR,LIFR,0,0,0
KAST,"Astoria Rgnl, OR, US",United States,OR,MVFR,0,0,0
KASW,"Warsaw Muni, IN, US",United States,IN,VFR,1850,1890,97.88
KASW,"Warsaw Muni, IN, US",United States,IN,MVFR,40,1890,2.12
KASW,"Warsaw Muni, IN, US",United States,IN,IFR,0,0,0
KASW,"Warsaw Muni, IN, US",United States,IN,LIFR,0,0,0
KASX,"Ashland/Kennedy Mem Arpt, WI, US",United States,WI,VFR,1890,1890,100
KASX,"Ashland/Kennedy Mem Arpt, WI, US",United States,WI,IFR,0,0,0
KASX,"Ashland/Kennedy Mem Arpt, WI, US",United States,WI,LIFR,0,0,0
KASX,"Ashland/Kennedy Mem Arpt, WI, US",United States,WI,MVFR,0,0,0
KATL,"Atlanta/Hartsfield-Jackson Intl, GA, US",United States,GA,VFR,1306,1890,69.1
KATL,"Atlanta/Hartsfield-Jackson Intl, GA, US",United States,GA,MVFR,584,1890,30.9
KATL,"Atlanta/Hartsfield-Jackson Intl, GA, US",United States,GA,IFR,0,0,0
KATL,"Atlanta/Hartsfield-Jackson Intl, GA, US",United States,GA,LIFR,0,0,0
KATS,"Artesia Muni, NM, US",United States,NM,VFR,1370,1870,73.26
KATS,"Artesia Muni, NM, US",United States,NM,MVFR,480,1870,25.67
KATS,"Artesia Muni, NM, US",United States,NM,IFR,20,1870,1.07
KATS,"Artesia Muni, NM, US",United States,NM,LIFR,0,0,0
KATW,"Appleton/Outagamie Cnty, WI, US",United States,WI,VFR,1890,1890,100
KATW,"Appleton/Outagamie Cnty, WI, US",United States,WI,IFR,0,0,0
KATW,"Appleton/Outagamie Cnty, WI, US",United States,WI,LIFR,0,0,0
KATW,"Appleton/Outagamie Cnty, WI, US",United States,WI,MVFR,0,0,0
KATY,"Watertown Rgnl, SD, US",United States,SD,VFR,1869,1899,98.42
KATY,"Watertown Rgnl, SD, US",United States,SD,MVFR,30,1899,1.58
KATY,"Watertown Rgnl, SD, US",United States,SD,IFR,0,0,0
KATY,"Watertown Rgnl, SD, US",United States,SD,LIFR,0,0,0
KAUH,"Aurora/Potter Fld, NE, US",United States,NE,VFR,1890,1890,100
KAUH,"Aurora/Potter Fld, NE, US",United States,NE,IFR,0,0,0
KAUH,"Aurora/Potter Fld, NE, US",United States,NE,LIFR,0,0,0
KAUH,"Aurora/Potter Fld, NE, US",United States,NE,MVFR,0,0,0
KAUM,"Austin Muni, MN, US",United States,MN,VFR,1890,1890,100
KAUM,"Austin Muni, MN, US",United States,MN,IFR,0,0,0
KAUM,"Austin Muni, MN, US",United States,MN,LIFR,0,0,0
KAUM,"Austin Muni, MN, US",United States,MN,MVFR,0,0,0
KAUN,"Auburn Muni, CA, US",United States,CA,VFR,1810,1890,95.77
KAUN,"Auburn Muni, CA, US",United States,CA,MVFR,80,1890,4.23
KAUN,"Auburn Muni, CA, US",United States,CA,IFR,0,0,0
KAUN,"Auburn Muni, CA, US",United States,CA,LIFR,0,0,0
KAUO,"Auburn Univ Arpt, AL, US",United States,AL,VFR,1585,1890,83.86
KAUO,"Auburn Univ Arpt, AL, US",United States,AL,MVFR,237,1890,12.54
KAUO,"Auburn Univ Arpt, AL, US",United States,AL,IFR,68,1890,3.6
KAUO,"Auburn Univ Arpt, AL, US",United States,AL,LIFR,0,0,0
KAUS,"Austin/Bergstrom Intl, TX, US",United States,TX,VFR,1890,1890,100
KAUS,"Austin/Bergstrom Intl, TX, US",United States,TX,IFR,0,0,0
KAUS,"Austin/Bergstrom Intl, TX, US",United States,TX,LIFR,0,0,0
KAUS,"Austin/Bergstrom Intl, TX, US",United States,TX,MVFR,0,0,0
KAUW,"Wausau Downtown, WI, US",United States,WI,VFR,1650,1650,100
KAUW,"Wausau Downtown, WI, US",United States,WI,IFR,0,0,0
KAUW,"Wausau Downtown, WI, US",United States,WI,LIFR,0,0,0
KAUW,"Wausau Downtown, WI, US",United States,WI,MVFR,0,0,0
KAVC,"Mecklenburg/Brunswick Rgnl, VA, US",United States,VA,VFR,1790,1870,95.72
KAVC,"Mecklenburg/Brunswick Rgnl, VA, US",United States,VA,MVFR,80,1870,4.28
KAVC,"Mecklenburg/Brunswick Rgnl, VA, US",United States,VA,IFR,0,0,0
KAVC,"Mecklenburg/Brunswick Rgnl, VA, US",United States,VA,LIFR,0,0,0
KAVK,"Alva Muni, OK, US",United States,OK,VFR,1910,1910,100
KAVK,"Alva Muni, OK, US",United States,OK,IFR,0,0,0
KAVK,"Alva Muni, OK, US",United States,OK,LIFR,0,0,0
KAVK,"Alva Muni, OK, US",United States,OK,MVFR,0,0,0
KAVL,"Asheville Muni, NC, US",United States,NC,VFR,1791,1890,94.76
KAVL,"Asheville Muni, NC, US",United States,NC,MVFR,61,1890,3.23
KAVL,"Asheville Muni, NC, US",United States,NC,IFR,38,1890,2.01
KAVL,"Asheville Muni, NC, US",United States,NC,LIFR,0,0,0
KAVP,"Wilkes-Barre Scranton Intl, PA, US",United States,PA,VFR,1751,1890,92.65
KAVP,"Wilkes-Barre Scranton Intl, PA, US",United States,PA,MVFR,139,1890,7.35
KAVP,"Wilkes-Barre Scranton Intl, PA, US",United States,PA,IFR,0,0,0
KAVP,"Wilkes-Barre Scranton Intl, PA, US",United States,PA,LIFR,0,0,0
KAVQ,"Tucson/Marana Rgnl, AZ, US",United States,AZ,VFR,1890,1890,100
KAVQ,"Tucson/Marana Rgnl, AZ, US",United States,AZ,IFR,0,0,0
KAVQ,"Tucson/Marana Rgnl, AZ, US",United States,AZ,LIFR,0,0,0
KAVQ,"Tucson/Marana Rgnl, AZ, US",United States,AZ,MVFR,0,0,0
KAVX,"Avalon/Catalina Arpt, CA, US",United States,CA,VFR,1239,1866,66.4
KAVX,"Avalon/Catalina Arpt, CA, US",United States,CA,LIFR,434,1866,23.26
KAVX,"Avalon/Catalina Arpt, CA, US",United States,CA,IFR,186,1866,9.97
KAVX,"Avalon/Catalina Arpt, CA, US",United States,CA,MVFR,7,1866,0.38
KAWG,"Washington Muni, IA, US",United States,IA,VFR,1810,1810,100
KAWG,"Washington Muni, IA, US",United States,IA,IFR,0,0,0
KAWG,"Washington Muni, IA, US",United States,IA,LIFR,0,0,0
KAWG,"Washington Muni, IA, US",United States,IA,MVFR,0,0,0
KAWM,"West Memphis Muni, AR, US",United States,AR,VFR,1671,1890,88.41
KAWM,"West Memphis Muni, AR, US",United States,AR,MVFR,219,1890,11.59
KAWM,"West Memphis Muni, AR, US",United States,AR,IFR,0,0,0
KAWM,"West Memphis Muni, AR, US",United States,AR,LIFR,0,0,0
KAWO,"Arlington Muni, WA, US",United States,WA,VFR,1805,1923,93.86
KAWO,"Arlington Muni, WA, US",United States,WA,MVFR,58,1923,3.02
KAWO,"Arlington Muni, WA, US",United States,WA,LIFR,41,1923,2.13
KAWO,"Arlington Muni, WA, US",United States,WA,IFR,19,1923,0.99
KAXA,"Algona Muni, IA, US",United States,IA,VFR,1890,1890,100
KAXA,"Algona Muni, IA, US",United States,IA,IFR,0,0,0
KAXA,"Algona Muni, IA, US",United States,IA,LIFR,0,0,0
KAXA,"Algona Muni, IA, US",United States,IA,MVFR,0,0,0
KAXH,"Houston/SW Arpt, TX, US",United States,TX,VFR,1890,1890,100
KAXH,"Houston/SW Arpt, TX, US",United States,TX,IFR,0,0,0
KAXH,"Houston/SW Arpt, TX, US",United States,TX,LIFR,0,0,0
KAXH,"Houston/SW Arpt, TX, US",United States,TX,MVFR,0,0,0
KAXN,"Alexandria/Chandler Fld, MN, US",United States,MN,VFR,1890,1890,100
KAXN,"Alexandria/Chandler Fld, MN, US",United States,MN,IFR,0,0,0
KAXN,"Alexandria/Chandler Fld, MN, US",United States,MN,LIFR,0,0,0
KAXN,"Alexandria/Chandler Fld, MN, US",United States,MN,MVFR,0,0,0
KAXS,"Altus/Quartz Mtn Rgnl, OK, US",United States,OK,VFR,1910,1910,100
KAXS,"Altus/Quartz Mtn Rgnl, OK, US",United States,OK,IFR,0,0,0
KAXS,"Altus/Quartz Mtn Rgnl, OK, US",United States,OK,LIFR,0,0,0
KAXS,"Altus/Quartz Mtn Rgnl, OK, US",United States,OK,MVFR,0,0,0
KAXV,"Wapakoneta/Armstrong Arpt, OH, US",United States,OH,VFR,1890,1890,100
KAXV,"Wapakoneta/Armstrong Arpt, OH, US",United States,OH,IFR,0,0,0
KAXV,"Wapakoneta/Armstrong Arpt, OH, US",United States,OH,LIFR,0,0,0
KAXV,"Wapakoneta/Armstrong Arpt, OH, US",United States,OH,MVFR,0,0,0
KAXX,"Angel Fire Arpt, NM, US",United States,NM,VFR,1090,1890,57.67
KAXX,"Angel Fire Arpt, NM, US",United States,NM,LIFR,520,1890,27.51
KAXX,"Angel Fire Arpt, NM, US",United States,NM,MVFR,260,1890,13.76
KAXX,"Angel Fire Arpt, NM, US",United States,NM,IFR,20,1890,1.06
KAYS,"Waycross/Ware Cnty, GA, US",United States,GA,IFR,0,0,0
KAYS,"Waycross/Ware Cnty, GA, US",United States,GA,LIFR,0,0,0
KAYS,"Waycross/Ware Cnty, GA, US",United States,GA,MVFR,0,0,0
KAYS,"Waycross/Ware Cnty, GA, US",United States,GA,VFR,0,0,0
KAZC,"Colorado City Muni, AZ, US",United States,AZ,VFR,1870,1890,98.94
KAZC,"Colorado City Muni, AZ, US",United States,AZ,IFR,20,1890,1.06
KAZC,"Colorado City Muni, AZ, US",United States,AZ,LIFR,0,0,0
KAZC,"Colorado City Muni, AZ, US",United States,AZ,MVFR,0,0,0
KAZO,"Kalamazoo Intl, MI, US",United States,MI,VFR,1871,1890,98.99
KAZO,"Kalamazoo Intl, MI, US",United States,MI,IFR,19,1890,1.01
KAZO,"Kalamazoo Intl, MI, US",United States,MI,LIFR,0,0,0
KAZO,"Kalamazoo Intl, MI, US",United States,MI,MVFR,0,0,0
KBAB,"Beale AFB, CA, US",United States,CA,VFR,1650,1650,100
KBAB,"Beale AFB, CA, US",United States,CA,IFR,0,0,0
KBAB,"Beale AFB, CA, US",United States,CA,LIFR,0,0,0
KBAB,"Beale AFB, CA, US",United States,CA,MVFR,0,0,0
KBAD,"Barksdale AFB, LA, US",United States,LA,VFR,1650,1650,100
KBAD,"Barksdale AFB, LA, US",United States,LA,IFR,0,0,0
KBAD,"Barksdale AFB, LA, US",United States,LA,LIFR,0,0,0
KBAD,"Barksdale AFB, LA, US",United States,LA,MVFR,0,0,0
KBAF,"Westfield/Barnes Muni, MA, US",United States,MA,VFR,1525,1866,81.73
KBAF,"Westfield/Barnes Muni, MA, US",United States,MA,MVFR,341,1866,18.27
KBAF,"Westfield/Barnes Muni, MA, US",United States,MA,IFR,0,0,0
KBAF,"Westfield/Barnes Muni, MA, US",United States,MA,LIFR,0,0,0
KBAK,"Columbus Muni, IN, US",United States,IN,VFR,1545,1545,100
KBAK,"Columbus Muni, IN, US",United States,IN,IFR,0,0,0
KBAK,"Columbus Muni, IN, US",United States,IN,LIFR,0,0,0
KBAK,"Columbus Muni, IN, US",United States,IN,MVFR,0,0,0
KBAM,"Battle Mountain Arpt, NV, US",United States,NV,VFR,1890,1890,100
KBAM,"Battle Mountain Arpt, NV, US",United States,NV,IFR,0,0,0
KBAM,"Battle Mountain Arpt, NV, US",United States,NV,LIFR,0,0,0
KBAM,"Battle Mountain Arpt, NV, US",United States,NV,MVFR,0,0,0
KBAX,"Bad Axe/Huron Cnty, MI, US",United States,MI,VFR,1590,1890,84.13
KBAX,"Bad Axe/Huron Cnty, MI, US",United States,MI,IFR,120,1890,6.35
KBAX,"Bad Axe/Huron Cnty, MI, US",United States,MI,LIFR,100,1890,5.29
KBAX,"Bad Axe/Huron Cnty, MI, US",United States,MI,MVFR,80,1890,4.23
KBAZ,"New Braunfels Muni, TX, US",United States,TX,VFR,1830,1830,100
KBAZ,"New Braunfels Muni, TX, US",United States,TX,IFR,0,0,0
KBAZ,"New Braunfels Muni, TX, US",United States,TX,LIFR,0,0,0
KBAZ,"New Braunfels Muni, TX, US",United States,TX,MVFR,0,0,0
KBBB,"Benson Muni, MN, US",United States,MN,VFR,1890,1890,100
KBBB,"Benson Muni, MN, US",United States,MN,IFR,0,0,0
KBBB,"Benson Muni, MN, US",United States,MN,LIFR,0,0,0
KBBB,"Benson Muni, MN, US",United States,MN,MVFR,0,0,0
KBBD,"Brady/Curtis Fld, TX, US",United States,TX,VFR,1890,1890,100
KBBD,"Brady/Curtis Fld, TX, US",United States,TX,IFR,0,0,0
KBBD,"Brady/Curtis Fld, TX, US",United States,TX,LIFR,0,0,0
KBBD,"Brady/Curtis Fld, TX, US",United States,TX,MVFR,0,0,0
KBBG,"Branson Arpt, MO, US",United States,MO,VFR,1260,1260,100
KBBG,"Branson Arpt, MO, US",United States,MO,IFR,0,0,0
KBBG,"Branson Arpt, MO, US",United States,MO,LIFR,0,0,0
KBBG,"Branson Arpt, MO, US",United States,MO,MVFR,0,0,0
KBBP,"Bennettsville/Marlboro Jetport, SC, US",United States,SC,VFR,1650,1890,87.3
KBBP,"Bennettsville/Marlboro Jetport, SC, US",United States,SC,MVFR,240,1890,12.7
KBBP,"Bennettsville/Marlboro Jetport, SC, US",United States,SC,IFR,0,0,0
KBBP,"Bennettsville/Marlboro Jetport, SC, US",United States,SC,LIFR,0,0,0
KBBW,"Broken Bow Muni, NE, US",United States,NE,VFR,1388,1890,73.44
KBBW,"Broken Bow Muni, NE, US",United States,NE,MVFR,260,1890,13.76
KBBW,"Broken Bow Muni, NE, US",United States,NE,IFR,242,1890,12.8
KBBW,"Broken Bow Muni, NE, US",United States,NE,LIFR,0,0,0
KBCB,"Blacksburg/VA Tech Montgomery Exec, VA, US",United States,VA,VFR,1770,1890,93.65
KBCB,"Blacksburg/VA Tech Montgomery Exec, VA, US",United States,VA,MVFR,120,1890,6.35
KBCB,"Blacksburg/VA Tech Montgomery Exec, VA, US",United States,VA,IFR,0,0,0
KBCB,"Blacksburg/VA Tech Montgomery Exec, VA, US",United States,VA,LIFR,0,0,0
KBCE,"Bryce Canyon Arpt, UT, US",United States,UT,VFR,1857,1890,98.25
KBCE,"Bryce Canyon Arpt, UT, US",United States,UT,MVFR,33,1890,1.75
KBCE,"Bryce Canyon Arpt, UT, US",United States,UT,IFR,0,0,0
KBCE,"Bryce Canyon Arpt, UT, US",United States,UT,LIFR,0,0,0
KBCK,"Black River Falls Arpt, WI, US",United States,WI,VFR,1790,1890,94.71
KBCK,"Black River Falls Arpt, WI, US",United States,WI,LIFR,60,1890,3.17
KBCK,"Black River Falls Arpt, WI, US",United States,WI,MVFR,40,1890,2.12
KBCK,"Black River Falls Arpt, WI, US",United States,WI,IFR,0,0,0
KBCT,"Boca Raton Arpt, FL, US",United States,FL,VFR,1590,1590,100
KBCT,"Boca Raton Arpt, FL, US",United States,FL,IFR,0,0,0
KBCT,"Boca Raton Arpt, FL, US",United States,FL,LIFR,0,0,0
KBCT,"Boca Raton Arpt, FL, US",United States,FL,MVFR,0,0,0
KBDE,"Baudette Intl, MN, US",United States,MN,VFR,1890,1890,100
KBDE,"Baudette Intl, MN, US",United States,MN,IFR,0,0,0
KBDE,"Baudette Intl, MN, US",United States,MN,LIFR,0,0,0
KBDE,"Baudette Intl, MN, US",United States,MN,MVFR,0,0,0
KBDG,"Blanding Muni, UT, US",United States,UT,VFR,1840,1870,98.4
KBDG,"Blanding Muni, UT, US",United States,UT,MVFR,30,1870,1.6
KBDG,"Blanding Muni, UT, US",United States,UT,IFR,0,0,0
KBDG,"Blanding Muni, UT, US",United States,UT,LIFR,0,0,0
KBDH,"Willmar Muni, MN, US",United States,MN,VFR,1830,1890,96.83
KBDH,"Willmar Muni, MN, US",United States,MN,MVFR,60,1890,3.17
KBDH,"Willmar Muni, MN, US",United States,MN,IFR,0,0,0
KBDH,"Willmar Muni, MN, US",United States,MN,LIFR,0,0,0
KBDL,"Hartford/Bradley Intl, CT, US",United States,CT,VFR,1711,1890,90.53
KBDL,"Hartford/Bradley Intl, CT, US",United States,CT,MVFR,156,1890,8.25
KBDL,"Hartford/Bradley Intl, CT, US",United States,CT,IFR,23,1890,1.22
KBDL,"Hartford/Bradley Intl, CT, US",United States,CT,LIFR,0,0,0
KBDN,"Bend Muni, OR, US",United States,OR,VFR,1890,1890,100
KBDN,"Bend Muni, OR, US",United States,OR,IFR,0,0,0
KBDN,"Bend Muni, OR, US",United States,OR,LIFR,0,0,0
KBDN,"Bend Muni, OR, US",United States,OR,MVFR,0,0,0
KBDR,"Bridgeport/Sikorsky Mem, CT, US",United States,CT,VFR,1804,1890,95.45
KBDR,"Bridgeport/Sikorsky Mem, CT, US",United States,CT,MVFR,86,1890,4.55
KBDR,"Bridgeport/Sikorsky Mem, CT, US",United States,CT,IFR,0,0,0
KBDR,"Bridgeport/Sikorsky Mem, CT, US",United States,CT,LIFR,0,0,0
KBDU,"Boulder Muni, CO, US",United States,CO,VFR,1872,1872,100
KBDU,"Boulder Muni, CO, US",United States,CO,IFR,0,0,0
KBDU,"Boulder Muni, CO, US",United States,CO,LIFR,0,0,0
KBDU,"Boulder Muni, CO, US",United States,CO,MVFR,0,0,0
KBEA,"Beeville Muni, TX, US",United States,TX,VFR,1830,1910,95.81
KBEA,"Beeville Muni, TX, US",United States,TX,MVFR,80,1910,4.19
KBEA,"Beeville Muni, TX, US",United States,TX,IFR,0,0,0
KBEA,"Beeville Muni, TX, US",United States,TX,LIFR,0,0,0
KBEC,"Wichita/Beech Factory Arpt, KS, US",United States,KS,VFR,1620,1890,85.71
KBEC,"Wichita/Beech Factory Arpt, KS, US",United States,KS,IFR,120,1890,6.35
KBEC,"Wichita/Beech Factory Arpt, KS, US",United States,KS,MVFR,110,1890,5.82
KBEC,"Wichita/Beech Factory Arpt, KS, US",United States,KS,LIFR,40,1890,2.12
KBED,"Bedford/Hanscom Fld, MA, US",United States,MA,VFR,1543,1890,81.64
KBED,"Bedford/Hanscom Fld, MA, US",United States,MA,IFR,180,1890,9.52
KBED,"Bedford/Hanscom Fld, MA, US",United States,MA,MVFR,140,1890,7.41
KBED,"Bedford/Hanscom Fld, MA, US",United States,MA,LIFR,27,1890,1.43
KBEH,"Benton Harbor/SW Michigan Rgnl, MI, US",United States,MI,VFR,1830,1890,96.83
KBEH,"Benton Harbor/SW Michigan Rgnl, MI, US",United States,MI,MVFR,60,1890,3.17
KBEH,"Benton Harbor/SW Michigan Rgnl, MI, US",United States,MI,IFR,0,0,0
KBEH,"Benton Harbor/SW Michigan Rgnl, MI, US",United States,MI,LIFR,0,0,0
KBFA,"Boyne Falls Arpt, MI, US",United States,MI,VFR,1910,1910,100
KBFA,"Boyne Falls Arpt, MI, US",United States,MI,IFR,0,0,0
KBFA,"Boyne Falls Arpt, MI, US",United States,MI,LIFR,0,0,0
KBFA,"Boyne Falls Arpt, MI, US",United States,MI,MVFR,0,0,0
KBFD,"Bradford Rgnl, PA, US",United States,PA,VFR,1828,1866,97.96
KBFD,"Bradford Rgnl, PA, US",United States,PA,MVFR,38,1866,2.04
KBFD,"Bradford Rgnl, PA, US",United States,PA,IFR,0,0,0
KBFD,"Bradford Rgnl, PA, US",United States,PA,LIFR,0,0,0
KBFF,"Scottsbluff/Western Nebraska Rgnl, NE, US",United States,NE,VFR,1539,1890,81.43
KBFF,"Scottsbluff/Western Nebraska Rgnl, NE, US",United States,NE,LIFR,342,1890,18.1
KBFF,"Scottsbluff/Western Nebraska Rgnl, NE, US",United States,NE,IFR,9,1890,0.48
KBFF,"Scottsbluff/Western Nebraska Rgnl, NE, US",United States,NE,MVFR,0,0,0
KBFI,"Seattle/Boeing Fld, WA, US",United States,WA,VFR,1523,1890,80.58
KBFI,"Seattle/Boeing Fld, WA, US",United States,WA,MVFR,367,1890,19.42
KBFI,"Seattle/Boeing Fld, WA, US",United States,WA,IFR,0,0,0
KBFI,"Seattle/Boeing Fld, WA, US",United States,WA,LIFR,0,0,0
KBFL,"Bakersfield/Meadows Arpt, CA, US",United States,CA,VFR,1890,1890,100
KBFL,"Bakersfield/Meadows Arpt, CA, US",United States,CA,IFR,0,0,0
KBFL,"Bakersfield/Meadows Arpt, CA, US",United States,CA,LIFR,0,0,0
KBFL,"Bakersfield/Meadows Arpt, CA, US",United States,CA,MVFR,0,0,0
KBFM,"Mobile/Downtown Arpt, AL, US",United States,AL,VFR,1890,1890,100
KBFM,"Mobile/Downtown Arpt, AL, US",United States,AL,IFR,0,0,0
KBFM,"Mobile/Downtown Arpt, AL, US",United States,AL,LIFR,0,0,0
KBFM,"Mobile/Downtown Arpt, AL, US",United States,AL,MVFR,0,0,0
KBFR,"Bedford/Grissom Arpt, IN, US",United States,IN,IFR,0,0,0
KBFR,"Bedford/Grissom Arpt, IN, US",United States,IN,LIFR,0,0,0
KBFR,"Bedford/Grissom Arpt, IN, US",United States,IN,MVFR,0,0,0
KBFR,"Bedford/Grissom Arpt, IN, US",United States,IN,VFR,0,0,0
KBGD,"Borger/Hutchinson Cnty, TX, US",United States,TX,VFR,1814,1890,95.98
KBGD,"Borger/Hutchinson Cnty, TX, US",United States,TX,MVFR,76,1890,4.02
KBGD,"Borger/Hutchinson Cnty, TX, US",United States,TX,IFR,0,0,0
KBGD,"Borger/Hutchinson Cnty, TX, US",United States,TX,LIFR,0,0,0
KBGE,"Bainbridge/Decatur Cnty, GA, US",United States,GA,VFR,1790,1890,94.71
KBGE,"Bainbridge/Decatur Cnty, GA, US",United States,GA,MVFR,100,1890,5.29
KBGE,"Bainbridge/Decatur Cnty, GA, US",United States,GA,IFR,0,0,0
KBGE,"Bainbridge/Decatur Cnty, GA, US",United States,GA,LIFR,0,0,0
KBGF,"Winchester Muni, TN, US",United States,TN,VFR,1290,1910,67.54
KBGF,"Winchester Muni, TN, US",United States,TN,MVFR,280,1910,14.66
KBGF,"Winchester Muni, TN, US",United States,TN,LIFR,180,1910,9.42
KBGF,"Winchester Muni, TN, US",United States,TN,IFR,160,1910,8.38
KBGM,"Binghamton Arpt, NY, US",United States,NY,VFR,1792,1864,96.14
KBGM,"Binghamton Arpt, NY, US",United States,NY,IFR,60,1864,3.22
KBGM,"Binghamton Arpt, NY, US",United States,NY,MVFR,12,1864,0.64
KBGM,"Binghamton Arpt, NY, US",United States,NY,LIFR,0,0,0
KBGR,"Bangor Intl Arpt, ME, US",United States,ME,VFR,1543,1890,81.64
KBGR,"Bangor Intl Arpt, ME, US",United States,ME,IFR,177,1890,9.37
KBGR,"Bangor Intl Arpt, ME, US",United States,ME,MVFR,170,1890,8.99
KBGR,"Bangor Intl Arpt, ME, US",United States,ME,LIFR,0,0,0
KBHB,"Bar Harbor/Hancock Cnty, ME, US",United States,ME,VFR,1425,1890,75.4
KBHB,"Bar Harbor/Hancock Cnty, ME, US",United States,ME,MVFR,243,1890,12.86
KBHB,"Bar Harbor/Hancock Cnty, ME, US",United States,ME,IFR,222,1890,11.75
KBHB,"Bar Harbor/Hancock Cnty, ME, US",United States,ME,LIFR,0,0,0
KBHC,"Baxley Muni, GA, US",United States,GA,VFR,1120,1890,59.26
KBHC,"Baxley Muni, GA, US",United States,GA,IFR,480,1890,25.4
KBHC,"Baxley Muni, GA, US",United States,GA,MVFR,190,1890,10.05
KBHC,"Baxley Muni, GA, US",United States,GA,LIFR,100,1890,5.29
KBHK,"Baker Muni, MT, US",United States,MT,VFR,1890,1890,100
KBHK,"Baker Muni, MT, US",United States,MT,IFR,0,0,0
KBHK,"Baker Muni, MT, US",United States,MT,LIFR,0,0,0
KBHK,"Baker Muni, MT, US",United States,MT,MVFR,0,0,0
KBHM,"Birmingham Intl, AL, US",United States,AL,VFR,1580,1890,83.6
KBHM,"Birmingham Intl, AL, US",United States,AL,MVFR,207,1890,10.95
KBHM,"Birmingham Intl, AL, US",United States,AL,IFR,103,1890,5.45
KBHM,"Birmingham Intl, AL, US",United States,AL,LIFR,0,0,0
KBID,"Block Island Arpt, RI, US",United States,RI,VFR,1639,1890,86.72
KBID,"Block Island Arpt, RI, US",United States,RI,IFR,138,1890,7.3
KBID,"Block Island Arpt, RI, US",United States,RI,MVFR,94,1890,4.97
KBID,"Block Island Arpt, RI, US",United States,RI,LIFR,19,1890,1.01
KBIF,"Biggs, TX, US",United States,TX,VFR,180,180,100
KBIF,"Biggs, TX, US",United States,TX,IFR,0,0,0
KBIF,"Biggs, TX, US",United States,TX,LIFR,0,0,0
KBIF,"Biggs, TX, US",United States,TX,MVFR,0,0,0
KBIH,"Bishop Rgnl, CA, US",United States,CA,VFR,1890,1890,100
KBIH,"Bishop Rgnl, CA, US",United States,CA,IFR,0,0,0
KBIH,"Bishop Rgnl, CA, US",United States,CA,LIFR,0,0,0
KBIH,"Bishop Rgnl, CA, US",United States,CA,MVFR,0,0,0
KBIJ,"Blakely/Early Cnty, GA, US",United States,GA,VFR,1500,1890,79.37
KBIJ,"Blakely/Early Cnty, GA, US",United States,GA,MVFR,270,1890,14.29
KBIJ,"Blakely/Early Cnty, GA, US",United States,GA,IFR,120,1890,6.35
KBIJ,"Blakely/Early Cnty, GA, US",United States,GA,LIFR,0,0,0
KBIL,"Billings/Logan Intl, MT, US",United States,MT,VFR,1890,1890,100
KBIL,"Billings/Logan Intl, MT, US",United States,MT,IFR,0,0,0
KBIL,"Billings/Logan Intl, MT, US",United States,MT,LIFR,0,0,0
KBIL,"Billings/Logan Intl, MT, US",United States,MT,MVFR,0,0,0
KBIS,"Bismarck Arpt, ND, US",United States,ND,VFR,1890,1890,100
KBIS,"Bismarck Arpt, ND, US",United States,ND,IFR,0,0,0
KBIS,"Bismarck Arpt, ND, US",United States,ND,LIFR,0,0,0
KBIS,"Bismarck Arpt, ND, US",United States,ND,MVFR,0,0,0
KBIV,"Holland/Tulip City Arpt, MI, US",United States,MI,VFR,1890,1890,100
KBIV,"Holland/Tulip City Arpt, MI, US",United States,MI,IFR,0,0,0
KBIV,"Holland/Tulip City Arpt, MI, US",United States,MI,LIFR,0,0,0
KBIV,"Holland/Tulip City Arpt, MI, US",United States,MI,MVFR,0,0,0
KBIX,"Biloxi/Keesler AFB, MS, US",United States,MS,VFR,1580,1650,95.76
KBIX,"Biloxi/Keesler AFB, MS, US",United States,MS,LIFR,70,1650,4.24
KBIX,"Biloxi/Keesler AFB, MS, US",United States,MS,IFR,0,0,0
KBIX,"Biloxi/Keesler AFB, MS, US",United States,MS,MVFR,0,0,0
KBJC,"Rocky Mtn Metro, CO, US",United States,CO,VFR,1870,1870,100
KBJC,"Rocky Mtn Metro, CO, US",United States,CO,IFR,0,0,0
KBJC,"Rocky Mtn Metro, CO, US",United States,CO,LIFR,0,0,0
KBJC,"Rocky Mtn Metro, CO, US",United States,CO,MVFR,0,0,0
KBJI,"Bemidji Municip, MN, US",United States,MN,VFR,1890,1890,100
KBJI,"Bemidji Municip, MN, US",United States,MN,IFR,0,0,0
KBJI,"Bemidji Municip, MN, US",United States,MN,LIFR,0,0,0
KBJI,"Bemidji Municip, MN, US",United States,MN,MVFR,0,0,0
KBJJ,"Wooster/Wayne Cnty, OH, US",United States,OH,VFR,1890,1890,100
KBJJ,"Wooster/Wayne Cnty, OH, US",United States,OH,IFR,0,0,0
KBJJ,"Wooster/Wayne Cnty, OH, US",United States,OH,LIFR,0,0,0
KBJJ,"Wooster/Wayne Cnty, OH, US",United States,OH,MVFR,0,0,0
KBKD,"Breckenridge/Stephens Cnty, TX, US",United States,TX,IFR,0,0,0
KBKD,"Breckenridge/Stephens Cnty, TX, US",United States,TX,LIFR,0,0,0
KBKD,"Breckenridge/Stephens Cnty, TX, US",United States,TX,MVFR,0,0,0
KBKD,"Breckenridge/Stephens Cnty, TX, US",United States,TX,VFR,0,0,0
KBKE,"Baker Muni, OR, US",United States,OR,VFR,1890,1890,100
KBKE,"Baker Muni, OR, US",United States,OR,IFR,0,0,0
KBKE,"Baker Muni, OR, US",United States,OR,LIFR,0,0,0
KBKE,"Baker Muni, OR, US",United States,OR,MVFR,0,0,0
KBKF,"Buckley SFB, CO, US",United States,CO,VFR,1770,1770,100
KBKF,"Buckley SFB, CO, US",United States,CO,IFR,0,0,0
KBKF,"Buckley SFB, CO, US",United States,CO,LIFR,0,0,0
KBKF,"Buckley SFB, CO, US",United States,CO,MVFR,0,0,0
KBKL,"Cleveland/Burke Lakefront Arpt, OH, US",United States,OH,VFR,1890,1890,100
KBKL,"Cleveland/Burke Lakefront Arpt, OH, US",United States,OH,IFR,0,0,0
KBKL,"Cleveland/Burke Lakefront Arpt, OH, US",United States,OH,LIFR,0,0,0
KBKL,"Cleveland/Burke Lakefront Arpt, OH, US",United States,OH,MVFR,0,0,0
KBKN,"Blackwell/Tonkawa Muni, OK, US",United States,OK,VFR,1690,1890,89.42
KBKN,"Blackwell/Tonkawa Muni, OK, US",United States,OK,MVFR,200,1890,10.58
KBKN,"Blackwell/Tonkawa Muni, OK, US",United States,OK,IFR,0,0,0
KBKN,"Blackwell/Tonkawa Muni, OK, US",United States,OK,LIFR,0,0,0
KBKS,"Falfurrias/Brooks Cnty, TX, US",United States,TX,VFR,1870,1870,100
KBKS,"Falfurrias/Brooks Cnty, TX, US",United States,TX,IFR,0,0,0
KBKS,"Falfurrias/Brooks Cnty, TX, US",United States,TX,LIFR,0,0,0
KBKS,"Falfurrias/Brooks Cnty, TX, US",United States,TX,MVFR,0,0,0
KBKT,"Blackstone/Perkinson, VA, US",United States,VA,VFR,930,1230,75.61
KBKT,"Blackstone/Perkinson, VA, US",United States,VA,IFR,180,1230,14.63
KBKT,"Blackstone/Perkinson, VA, US",United States,VA,MVFR,120,1230,9.76
KBKT,"Blackstone/Perkinson, VA, US",United States,VA,LIFR,0,0,0
KBKV,"Brooksville-Tampa Bay Rgnl, FL, US",United States,FL,VFR,1530,1890,80.95
KBKV,"Brooksville-Tampa Bay Rgnl, FL, US",United States,FL,IFR,174,1890,9.21
KBKV,"Brooksville-Tampa Bay Rgnl, FL, US",United States,FL,LIFR,115,1890,6.08
KBKV,"Brooksville-Tampa Bay Rgnl, FL, US",United States,FL,MVFR,71,1890,3.76
KBKW,"Beckley/Raleigh Cnty, WV, US",United States,WV,VFR,1286,1890,68.04
KBKW,"Beckley/Raleigh Cnty, WV, US",United States,WV,LIFR,263,1890,13.92
KBKW,"Beckley/Raleigh Cnty, WV, US",United States,WV,IFR,239,1890,12.65
KBKW,"Beckley/Raleigh Cnty, WV, US",United States,WV,MVFR,102,1890,5.4
KBKX,"Brookings Rgnl, SD, US",United States,SD,VFR,1890,1890,100
KBKX,"Brookings Rgnl, SD, US",United States,SD,IFR,0,0,0
KBKX,"Brookings Rgnl, SD, US",United States,SD,LIFR,0,0,0
KBKX,"Brookings Rgnl, SD, US",United States,SD,MVFR,0,0,0
KBLF,"Bluefield/Mercer Cnty, WV, US",United States,WV,VFR,1105,1878,58.84
KBLF,"Bluefield/Mercer Cnty, WV, US",United States,WV,MVFR,426,1878,22.68
KBLF,"Bluefield/Mercer Cnty, WV, US",United States,WV,LIFR,264,1878,14.06
KBLF,"Bluefield/Mercer Cnty, WV, US",United States,WV,IFR,83,1878,4.42
KBLH,"Blythe Arpt, CA, US",United States,CA,VFR,1890,1890,100
KBLH,"Blythe Arpt, CA, US",United States,CA,IFR,0,0,0
KBLH,"Blythe Arpt, CA, US",United States,CA,LIFR,0,0,0
KBLH,"Blythe Arpt, CA, US",United States,CA,MVFR,0,0,0
KBLI,"Bellingham Intl, WA, US",United States,WA,VFR,1710,1890,90.48
KBLI,"Bellingham Intl, WA, US",United States,WA,MVFR,180,1890,9.52
KBLI,"Bellingham Intl, WA, US",United States,WA,IFR,0,0,0
KBLI,"Bellingham Intl, WA, US",United States,WA,LIFR,0,0,0
KBLM,"Farmingdale/Monmouth Exec, NJ, US",United States,NJ,VFR,1576,1872,84.19
KBLM,"Farmingdale/Monmouth Exec, NJ, US",United States,NJ,MVFR,288,1872,15.38
KBLM,"Farmingdale/Monmouth Exec, NJ, US",United States,NJ,IFR,8,1872,0.43
KBLM,"Farmingdale/Monmouth Exec, NJ, US",United States,NJ,LIFR,0,0,0
KBLU,"Blue Canyon/Nyack Arpt, CA, US",United States,CA,VFR,1482,1770,83.73
KBLU,"Blue Canyon/Nyack Arpt, CA, US",United States,CA,LIFR,236,1770,13.33
KBLU,"Blue Canyon/Nyack Arpt, CA, US",United States,CA,MVFR,52,1770,2.94
KBLU,"Blue Canyon/Nyack Arpt, CA, US",United States,CA,IFR,0,0,0
KBLV,"Belleville/Scott AFB, IL, US",United States,IL,VFR,1699,1770,95.99
KBLV,"Belleville/Scott AFB, IL, US",United States,IL,LIFR,40,1770,2.26
KBLV,"Belleville/Scott AFB, IL, US",United States,IL,IFR,31,1770,1.75
KBLV,"Belleville/Scott AFB, IL, US",United States,IL,MVFR,0,0,0
KBMC,"Brigham City Arpt, UT, US",United States,UT,VFR,1830,1890,96.83
KBMC,"Brigham City Arpt, UT, US",United States,UT,MVFR,40,1890,2.12
KBMC,"Brigham City Arpt, UT, US",United States,UT,LIFR,20,1890,1.06
KBMC,"Brigham City Arpt, UT, US",United States,UT,IFR,0,0,0
KBMG,"Bloomington/Monroe Cnty, IN, US",United States,IN,VFR,1890,1890,100
KBMG,"Bloomington/Monroe Cnty, IN, US",United States,IN,IFR,0,0,0
KBMG,"Bloomington/Monroe Cnty, IN, US",United States,IN,LIFR,0,0,0
KBMG,"Bloomington/Monroe Cnty, IN, US",United States,IN,MVFR,0,0,0
KBMI,"Bloomington Rgnl, IL, US",United States,IL,VFR,1890,1890,100
KBMI,"Bloomington Rgnl, IL, US",United States,IL,IFR,0,0,0
KBMI,"Bloomington Rgnl, IL, US",United States,IL,LIFR,0,0,0
KBMI,"Bloomington Rgnl, IL, US",United States,IL,MVFR,0,0,0
KBML,"Berlin Muni, NH, US",United States,NH,VFR,1510,1822,82.88
KBML,"Berlin Muni, NH, US",United States,NH,MVFR,312,1822,17.12
KBML,"Berlin Muni, NH, US",United States,NH,IFR,0,0,0
KBML,"Berlin Muni, NH, US",United States,NH,LIFR,0,0,0
KBMQ,"Burnet Muni, TX, US",United States,TX,VFR,1779,1890,94.13
KBMQ,"Burnet Muni, TX, US",United States,TX,IFR,111,1890,5.87
KBMQ,"Burnet Muni, TX, US",United States,TX,LIFR,0,0,0
KBMQ,"Burnet Muni, TX, US",United States,TX,MVFR,0,0,0
KBMT,"Beaumont Muni, TX, US",United States,TX,VFR,1870,1890,98.94
KBMT,"Beaumont Muni, TX, US",United States,TX,MVFR,20,1890,1.06
KBMT,"Beaumont Muni, TX, US",United States,TX,IFR,0,0,0
KBMT,"Beaumont Muni, TX, US",United States,TX,LIFR,0,0,0
KBNA,"Nashville Intl, TN, US",United States,TN,VFR,1429,1890,75.61
KBNA,"Nashville Intl, TN, US",United States,TN,MVFR,461,1890,24.39
KBNA,"Nashville Intl, TN, US",United States,TN,IFR,0,0,0
KBNA,"Nashville Intl, TN, US",United States,TN,LIFR,0,0,0
KBNL,"Barnwell Cnty, SC, US",United States,SC,VFR,1430,1890,75.66
KBNL,"Barnwell Cnty, SC, US",United States,SC,MVFR,300,1890,15.87
KBNL,"Barnwell Cnty, SC, US",United States,SC,LIFR,140,1890,7.41
KBNL,"Barnwell Cnty, SC, US",United States,SC,IFR,20,1890,1.06
KBNO,"Burns Muni, OR, US",United States,OR,VFR,1890,1890,100
KBNO,"Burns Muni, OR, US",United States,OR,IFR,0,0,0
KBNO,"Burns Muni, OR, US",United States,OR,LIFR,0,0,0
KBNO,"Burns Muni, OR, US",United States,OR,MVFR,0,0,0
KBNW,"Boone Muni, IA, US",United States,IA,VFR,1830,1830,100
KBNW,"Boone Muni, IA, US",United States,IA,IFR,0,0,0
KBNW,"Boone Muni, IA, US",United States,IA,LIFR,0,0,0
KBNW,"Boone Muni, IA, US",United States,IA,MVFR,0,0,0
KBOI,"Boise Arpt, ID, US",United States,ID,VFR,1890,1890,100
KBOI,"Boise Arpt, ID, US",United States,ID,IFR,0,0,0
KBOI,"Boise Arpt, ID, US",United States,ID,LIFR,0,0,0
KBOI,"Boise Arpt, ID, US",United States,ID,MVFR,0,0,0
KBOK,"Brookings/State Arpt, OR, US",United States,OR,VFR,1698,1890,89.84
KBOK,"Brookings/State Arpt, OR, US",United States,OR,IFR,130,1890,6.88
KBOK,"Brookings/State Arpt, OR, US",United States,OR,MVFR,62,1890,3.28
KBOK,"Brookings/State Arpt, OR, US",United States,OR,LIFR,0,0,0
KBOS,"Boston/Logan Intl, MA, US",United States,MA,VFR,1624,1890,85.93
KBOS,"Boston/Logan Intl, MA, US",United States,MA,MVFR,182,1890,9.63
KBOS,"Boston/Logan Intl, MA, US",United States,MA,IFR,84,1890,4.44
KBOS,"Boston/Logan Intl, MA, US",United States,MA,LIFR,0,0,0
KBOW,"Bartow Muni, FL, US",United States,FL,VFR,1850,1890,97.88
KBOW,"Bartow Muni, FL, US",United States,FL,LIFR,40,1890,2.12
KBOW,"Bartow Muni, FL, US",United States,FL,IFR,0,0,0
KBOW,"Bartow Muni, FL, US",United States,FL,MVFR,0,0,0
KBPG,"Big Springs/McMahon , TX, US",United States,TX,VFR,1890,1890,100
KBPG,"Big Springs/McMahon , TX, US",United States,TX,IFR,0,0,0
KBPG,"Big Springs/McMahon , TX, US",United States,TX,LIFR,0,0,0
KBPG,"Big Springs/McMahon , TX, US",United States,TX,MVFR,0,0,0
KBPI,"Big Piney Arpt, WY, US",United States,WY,VFR,1890,1890,100
KBPI,"Big Piney Arpt, WY, US",United States,WY,IFR,0,0,0
KBPI,"Big Piney Arpt, WY, US",United States,WY,LIFR,0,0,0
KBPI,"Big Piney Arpt, WY, US",United States,WY,MVFR,0,0,0
KBPK,"Mountain Home/Baxter Cnty, AR, US",United States,AR,VFR,1773,1830,96.89
KBPK,"Mountain Home/Baxter Cnty, AR, US",United States,AR,MVFR,57,1830,3.11
KBPK,"Mountain Home/Baxter Cnty, AR, US",United States,AR,IFR,0,0,0
KBPK,"Mountain Home/Baxter Cnty, AR, US",United States,AR,LIFR,0,0,0
KBPT,"Beaumont/SE Texas Rgnl, TX, US",United States,TX,VFR,1890,1890,100
KBPT,"Beaumont/SE Texas Rgnl, TX, US",United States,TX,IFR,0,0,0
KBPT,"Beaumont/SE Texas Rgnl, TX, US",United States,TX,LIFR,0,0,0
KBPT,"Beaumont/SE Texas Rgnl, TX, US",United States,TX,MVFR,0,0,0
KBQK,"Brunswick/Golden Isles Arpt, GA, US",United States,GA,VFR,1400,1890,74.07
KBQK,"Brunswick/Golden Isles Arpt, GA, US",United States,GA,MVFR,410,1890,21.69
KBQK,"Brunswick/Golden Isles Arpt, GA, US",United States,GA,IFR,40,1890,2.12
KBQK,"Brunswick/Golden Isles Arpt, GA, US",United States,GA,LIFR,40,1890,2.12
KBQP,"Morehouse Mem Arpt, LA, US",United States,LA,VFR,1530,1890,80.95
KBQP,"Morehouse Mem Arpt, LA, US",United States,LA,MVFR,360,1890,19.05
KBQP,"Morehouse Mem Arpt, LA, US",United States,LA,IFR,0,0,0
KBQP,"Morehouse Mem Arpt, LA, US",United States,LA,LIFR,0,0,0
KBRD,"Brainerd/Lakes Rgnl, MN, US",United States,MN,VFR,1846,1881,98.14
KBRD,"Brainerd/Lakes Rgnl, MN, US",United States,MN,LIFR,25,1881,1.33
KBRD,"Brainerd/Lakes Rgnl, MN, US",United States,MN,IFR,10,1881,0.53
KBRD,"Brainerd/Lakes Rgnl, MN, US",United States,MN,MVFR,0,0,0
KBRL,"Burlington/SE Iowa Rgnl, IA, US",United States,IA,VFR,1290,1290,100
KBRL,"Burlington/SE Iowa Rgnl, IA, US",United States,IA,IFR,0,0,0
KBRL,"Burlington/SE Iowa Rgnl, IA, US",United States,IA,LIFR,0,0,0
KBRL,"Burlington/SE Iowa Rgnl, IA, US",United States,IA,MVFR,0,0,0
KBRO,"Brownsville Intl, TX, US",United States,TX,VFR,1645,1877,87.64
KBRO,"Brownsville Intl, TX, US",United States,TX,MVFR,205,1877,10.92
KBRO,"Brownsville Intl, TX, US",United States,TX,IFR,24,1877,1.28
KBRO,"Brownsville Intl, TX, US",United States,TX,LIFR,3,1877,0.16
KBRY,"Bardstown/Samuel Fld, KY, US",United States,KY,VFR,1790,1870,95.72
KBRY,"Bardstown/Samuel Fld, KY, US",United States,KY,MVFR,60,1870,3.21
KBRY,"Bardstown/Samuel Fld, KY, US",United States,KY,IFR,20,1870,1.07
KBRY,"Bardstown/Samuel Fld, KY, US",United States,KY,LIFR,0,0,0
KBTA,"Blair Muni, NE, US",United States,NE,VFR,1870,1890,98.94
KBTA,"Blair Muni, NE, US",United States,NE,MVFR,20,1890,1.06
KBTA,"Blair Muni, NE, US",United States,NE,IFR,0,0,0
KBTA,"Blair Muni, NE, US",United States,NE,LIFR,0,0,0
KBTL,"Battle Creek/Kellogg Fld Arpt, MI, US",United States,MI,VFR,1890,1890,100
KBTL,"Battle Creek/Kellogg Fld Arpt, MI, US",United States,MI,IFR,0,0,0
KBTL,"Battle Creek/Kellogg Fld Arpt, MI, US",United States,MI,LIFR,0,0,0
KBTL,"Battle Creek/Kellogg Fld Arpt, MI, US",United States,MI,MVFR,0,0,0
KBTM,"Butte/Mooney Arpt, MT, US",United States,MT,VFR,1890,1890,100
KBTM,"Butte/Mooney Arpt, MT, US",United States,MT,IFR,0,0,0
KBTM,"Butte/Mooney Arpt, MT, US",United States,MT,LIFR,0,0,0
KBTM,"Butte/Mooney Arpt, MT, US",United States,MT,MVFR,0,0,0
KBTN,"Britton Muni, SD, US",United States,SD,VFR,1890,1910,98.95
KBTN,"Britton Muni, SD, US",United States,SD,LIFR,20,1910,1.05
KBTN,"Britton Muni, SD, US",United States,SD,IFR,0,0,0
KBTN,"Britton Muni, SD, US",United States,SD,MVFR,0,0,0
KBTP,"Pittsburgh/Butler Rgnl, PA, US",United States,PA,VFR,1842,1890,97.46
KBTP,"Pittsburgh/Butler Rgnl, PA, US",United States,PA,MVFR,48,1890,2.54
KBTP,"Pittsburgh/Butler Rgnl, PA, US",United States,PA,IFR,0,0,0
KBTP,"Pittsburgh/Butler Rgnl, PA, US",United States,PA,LIFR,0,0,0
KBTR,"Baton Rouge/Ryan Fld, LA, US",United States,LA,VFR,1564,1871,83.59
KBTR,"Baton Rouge/Ryan Fld, LA, US",United States,LA,LIFR,221,1871,11.81
KBTR,"Baton Rouge/Ryan Fld, LA, US",United States,LA,MVFR,58,1871,3.1
KBTR,"Baton Rouge/Ryan Fld, LA, US",United States,LA,IFR,28,1871,1.5
KBTV,"Burlington Intl, VT, US",United States,VT,VFR,1656,1883,87.94
KBTV,"Burlington Intl, VT, US",United States,VT,MVFR,227,1883,12.06
KBTV,"Burlington Intl, VT, US",United States,VT,IFR,0,0,0
KBTV,"Burlington Intl, VT, US",United States,VT,LIFR,0,0,0
KBUF,"Buffalo-Niagara Intl, NY, US",United States,NY,VFR,1890,1890,100
KBUF,"Buffalo-Niagara Intl, NY, US",United States,NY,IFR,0,0,0
KBUF,"Buffalo-Niagara Intl, NY, US",United States,NY,LIFR,0,0,0
KBUF,"Buffalo-Niagara Intl, NY, US",United States,NY,MVFR,0,0,0
KBUR,"Burbank/Bob Hope Arpt, CA, US",United States,CA,VFR,1457,1890,77.09
KBUR,"Burbank/Bob Hope Arpt, CA, US",United States,CA,IFR,280,1890,14.81
KBUR,"Burbank/Bob Hope Arpt, CA, US",United States,CA,LIFR,153,1890,8.1
KBUR,"Burbank/Bob Hope Arpt, CA, US",United States,CA,MVFR,0,0,0
KBUU,"Burlington Muni, WI, US",United States,WI,VFR,1845,1890,97.62
KBUU,"Burlington Muni, WI, US",United States,WI,MVFR,45,1890,2.38
KBUU,"Burlington Muni, WI, US",United States,WI,IFR,0,0,0
KBUU,"Burlington Muni, WI, US",United States,WI,LIFR,0,0,0
KBUY,"Burlington/Alamance Rgnl, NC, US",United States,NC,VFR,1877,1890,99.31
KBUY,"Burlington/Alamance Rgnl, NC, US",United States,NC,MVFR,13,1890,0.69
KBUY,"Burlington/Alamance Rgnl, NC, US",United States,NC,IFR,0,0,0
KBUY,"Burlington/Alamance Rgnl, NC, US",United States,NC,LIFR,0,0,0
KBVI,"Beaver Falls Arpt, PA, US",United States,PA,VFR,1890,1890,100
KBVI,"Beaver Falls Arpt, PA, US",United States,PA,IFR,0,0,0
KBVI,"Beaver Falls Arpt, PA, US",United States,PA,LIFR,0,0,0
KBVI,"Beaver Falls Arpt, PA, US",United States,PA,MVFR,0,0,0
KBVN,"Albion Muni, NE, US",United States,NE,VFR,1890,1890,100
KBVN,"Albion Muni, NE, US",United States,NE,IFR,0,0,0
KBVN,"Albion Muni, NE, US",United States,NE,LIFR,0,0,0
KBVN,"Albion Muni, NE, US",United States,NE,MVFR,0,0,0
KBVO,"Bartlesville Muni, OK, US",United States,OK,VFR,1721,1890,91.06
KBVO,"Bartlesville Muni, OK, US",United States,OK,MVFR,169,1890,8.94
KBVO,"Bartlesville Muni, OK, US",United States,OK,IFR,0,0,0
KBVO,"Bartlesville Muni, OK, US",United States,OK,LIFR,0,0,0
KBVS,"Burlington/Skagit Rgnl, WA, US",United States,WA,VFR,1830,1890,96.83
KBVS,"Burlington/Skagit Rgnl, WA, US",United States,WA,MVFR,60,1890,3.17
KBVS,"Burlington/Skagit Rgnl, WA, US",United States,WA,IFR,0,0,0
KBVS,"Burlington/Skagit Rgnl, WA, US",United States,WA,LIFR,0,0,0
KBVX,"Batesville Rgnl, AR, US",United States,AR,VFR,1616,1890,85.5
KBVX,"Batesville Rgnl, AR, US",United States,AR,MVFR,274,1890,14.5
KBVX,"Batesville Rgnl, AR, US",United States,AR,IFR,0,0,0
KBVX,"Batesville Rgnl, AR, US",United States,AR,LIFR,0,0,0
KBVY,"Beverly Muni, MA, US",United States,MA,VFR,1481,1890,78.36
KBVY,"Beverly Muni, MA, US",United States,MA,IFR,218,1890,11.53
KBVY,"Beverly Muni, MA, US",United States,MA,MVFR,191,1890,10.11
KBVY,"Beverly Muni, MA, US",United States,MA,LIFR,0,0,0
KBWD,"Brownwood Muni, TX, US",United States,TX,VFR,1870,1870,100
KBWD,"Brownwood Muni, TX, US",United States,TX,IFR,0,0,0
KBWD,"Brownwood Muni, TX, US",United States,TX,LIFR,0,0,0
KBWD,"Brownwood Muni, TX, US",United States,TX,MVFR,0,0,0
KBWG,"Bowling Green/Warren Cnty, KY, US",United States,KY,VFR,1561,1830,85.3
KBWG,"Bowling Green/Warren Cnty, KY, US",United States,KY,MVFR,248,1830,13.55
KBWG,"Bowling Green/Warren Cnty, KY, US",United States,KY,LIFR,21,1830,1.15
KBWG,"Bowling Green/Warren Cnty, KY, US",United States,KY,IFR,0,0,0
KBWI,"Baltimore-Washington Intl, MD, US",United States,MD,VFR,1830,1871,97.81
KBWI,"Baltimore-Washington Intl, MD, US",United States,MD,MVFR,24,1871,1.28
KBWI,"Baltimore-Washington Intl, MD, US",United States,MD,IFR,17,1871,0.91
KBWI,"Baltimore-Washington Intl, MD, US",United States,MD,LIFR,0,0,0
KBWP,"Breckenridge-Wahpeton/Stern Arpt, ND, US",United States,ND,VFR,1890,1890,100
KBWP,"Breckenridge-Wahpeton/Stern Arpt, ND, US",United States,ND,IFR,0,0,0
KBWP,"Breckenridge-Wahpeton/Stern Arpt, ND, US",United States,ND,LIFR,0,0,0
KBWP,"Breckenridge-Wahpeton/Stern Arpt, ND, US",United States,ND,MVFR,0,0,0
KBWW,"Bowman Rgnl, ND, US",United States,ND,VFR,1830,1870,97.86
KBWW,"Bowman Rgnl, ND, US",United States,ND,LIFR,20,1870,1.07
KBWW,"Bowman Rgnl, ND, US",United States,ND,MVFR,20,1870,1.07
KBWW,"Bowman Rgnl, ND, US",United States,ND,IFR,0,0,0
KBXA,"Bogalusa/Carr Arfld, LA, US",United States,LA,VFR,1550,1890,82.01
KBXA,"Bogalusa/Carr Arfld, LA, US",United States,LA,LIFR,280,1890,14.81
KBXA,"Bogalusa/Carr Arfld, LA, US",United States,LA,IFR,40,1890,2.12
KBXA,"Bogalusa/Carr Arfld, LA, US",United States,LA,MVFR,20,1890,1.06
KBXK,"Buckeye Muni, AZ, US",United States,AZ,VFR,1710,1870,91.44
KBXK,"Buckeye Muni, AZ, US",United States,AZ,MVFR,160,1870,8.56
KBXK,"Buckeye Muni, AZ, US",United States,AZ,IFR,0,0,0
KBXK,"Buckeye Muni, AZ, US",United States,AZ,LIFR,0,0,0
KBXM,"Brunswick Exec, ME, US",United States,ME,VFR,1510,1890,79.89
KBXM,"Brunswick Exec, ME, US",United States,ME,MVFR,240,1890,12.7
KBXM,"Brunswick Exec, ME, US",United States,ME,IFR,100,1890,5.29
KBXM,"Brunswick Exec, ME, US",United States,ME,LIFR,40,1890,2.12
KBYG,"Buffalo/Johnson Cnty, WY, US",United States,WY,VFR,1890,1890,100
KBYG,"Buffalo/Johnson Cnty, WY, US",United States,WY,IFR,0,0,0
KBYG,"Buffalo/Johnson Cnty, WY, US",United States,WY,LIFR,0,0,0
KBYG,"Buffalo/Johnson Cnty, WY, US",United States,WY,MVFR,0,0,0
KBYI,"Burley Muni, ID, US",United States,ID,VFR,1890,1890,100
KBYI,"Burley Muni, ID, US",United States,ID,IFR,0,0,0
KBYI,"Burley Muni, ID, US",United States,ID,LIFR,0,0,0
KBYI,"Burley Muni, ID, US",United States,ID,MVFR,0,0,0
KBYS,"Bicycle Lake , CA, US",United States,CA,VFR,1650,1650,100
KBYS,"Bicycle Lake , CA, US",United States,CA,IFR,0,0,0
KBYS,"Bicycle Lake , CA, US",United States,CA,LIFR,0,0,0
KBYS,"Bicycle Lake , CA, US",United States,CA,MVFR,0,0,0
KBYY,"Bay City Muni, TX, US",United States,TX,VFR,1870,1870,100
KBYY,"Bay City Muni, TX, US",United States,TX,IFR,0,0,0
KBYY,"Bay City Muni, TX, US",United States,TX,LIFR,0,0,0
KBYY,"Bay City Muni, TX, US",United States,TX,MVFR,0,0,0
KBZN,"Bozeman/Gallatin Fld, MT, US",United States,MT,VFR,1890,1890,100
KBZN,"Bozeman/Gallatin Fld, MT, US",United States,MT,IFR,0,0,0
KBZN,"Bozeman/Gallatin Fld, MT, US",United States,MT,LIFR,0,0,0
KBZN,"Bozeman/Gallatin Fld, MT, US",United States,MT,MVFR,0,0,0
KC08,"Westcliffe/Silver West Arpt, CO, US",United States,CO,VFR,1750,1910,91.62
KC08,"Westcliffe/Silver West Arpt, CO, US",United States,CO,LIFR,145,1910,7.59
KC08,"Westcliffe/Silver West Arpt, CO, US",United States,CO,IFR,15,1910,0.79
KC08,"Westcliffe/Silver West Arpt, CO, US",United States,CO,MVFR,0,0,0
KC09,"Morris Muni, IL, US",United States,IL,VFR,1890,1890,100
KC09,"Morris Muni, IL, US",United States,IL,IFR,0,0,0
KC09,"Morris Muni, IL, US",United States,IL,LIFR,0,0,0
KC09,"Morris Muni, IL, US",United States,IL,MVFR,0,0,0
KC29,"Middleton Muni, WI, US",United States,WI,VFR,1890,1890,100
KC29,"Middleton Muni, WI, US",United States,WI,IFR,0,0,0
KC29,"Middleton Muni, WI, US",United States,WI,LIFR,0,0,0
KC29,"Middleton Muni, WI, US",United States,WI,MVFR,0,0,0
KC35,"Reedsburg Muni, WI, US",United States,WI,VFR,1890,1890,100
KC35,"Reedsburg Muni, WI, US",United States,WI,IFR,0,0,0
KC35,"Reedsburg Muni, WI, US",United States,WI,LIFR,0,0,0
KC35,"Reedsburg Muni, WI, US",United States,WI,MVFR,0,0,0
KC62,"Kendallville Muni, IN, US",United States,IN,VFR,1910,1910,100
KC62,"Kendallville Muni, IN, US",United States,IN,IFR,0,0,0
KC62,"Kendallville Muni, IN, US",United States,IN,LIFR,0,0,0
KC62,"Kendallville Muni, IN, US",United States,IN,MVFR,0,0,0
KC65,"Plymouth Muni, IN, US",United States,IN,VFR,1890,1890,100
KC65,"Plymouth Muni, IN, US",United States,IN,IFR,0,0,0
KC65,"Plymouth Muni, IN, US",United States,IN,LIFR,0,0,0
KC65,"Plymouth Muni, IN, US",United States,IN,MVFR,0,0,0
KC75,"Lacon/Marshall Cnty, IL, US",United States,IL,VFR,1870,1890,98.94
KC75,"Lacon/Marshall Cnty, IL, US",United States,IL,MVFR,20,1890,1.06
KC75,"Lacon/Marshall Cnty, IL, US",United States,IL,IFR,0,0,0
KC75,"Lacon/Marshall Cnty, IL, US",United States,IL,LIFR,0,0,0
KC83,"Byron Arpt, CA, US",United States,CA,VFR,1910,1910,100
KC83,"Byron Arpt, CA, US",United States,CA,IFR,0,0,0
KC83,"Byron Arpt, CA, US",United States,CA,LIFR,0,0,0
KC83,"Byron Arpt, CA, US",United States,CA,MVFR,0,0,0
KCAD,"Cadillac/Wexford Cnty, MI, US",United States,MI,VFR,1870,1890,98.94
KCAD,"Cadillac/Wexford Cnty, MI, US",United States,MI,IFR,20,1890,1.06
KCAD,"Cadillac/Wexford Cnty, MI, US",United States,MI,LIFR,0,0,0
KCAD,"Cadillac/Wexford Cnty, MI, US",United States,MI,MVFR,0,0,0
KCAE,"Columbia Metro, SC, US",United States,SC,VFR,1746,1890,92.38
KCAE,"Columbia Metro, SC, US",United States,SC,MVFR,144,1890,7.62
KCAE,"Columbia Metro, SC, US",United States,SC,IFR,0,0,0
KCAE,"Columbia Metro, SC, US",United States,SC,LIFR,0,0,0
KCAG,"Craig-Moffat Arpt, CO, US",United States,CO,VFR,1890,1890,100
KCAG,"Craig-Moffat Arpt, CO, US",United States,CO,IFR,0,0,0
KCAG,"Craig-Moffat Arpt, CO, US",United States,CO,LIFR,0,0,0
KCAG,"Craig-Moffat Arpt, CO, US",United States,CO,MVFR,0,0,0
KCAK,"Akron/Canton Rgnl, OH, US",United States,OH,VFR,1890,1890,100
KCAK,"Akron/Canton Rgnl, OH, US",United States,OH,IFR,0,0,0
KCAK,"Akron/Canton Rgnl, OH, US",United States,OH,LIFR,0,0,0
KCAK,"Akron/Canton Rgnl, OH, US",United States,OH,MVFR,0,0,0
KCAO,"Clayton Muni, NM, US",United States,NM,VFR,1560,1864,83.69
KCAO,"Clayton Muni, NM, US",United States,NM,LIFR,251,1864,13.47
KCAO,"Clayton Muni, NM, US",United States,NM,IFR,53,1864,2.84
KCAO,"Clayton Muni, NM, US",United States,NM,MVFR,0,0,0
KCAR,"Caribou Muni, ME, US",United States,ME,VFR,1507,1890,79.74
KCAR,"Caribou Muni, ME, US",United States,ME,MVFR,307,1890,16.24
KCAR,"Caribou Muni, ME, US",United States,ME,IFR,76,1890,4.02
KCAR,"Caribou Muni, ME, US",United States,ME,LIFR,0,0,0
KCAV,"Clarion Muni, IA, US",United States,IA,VFR,1890,1890,100
KCAV,"Clarion Muni, IA, US",United States,IA,IFR,0,0,0
KCAV,"Clarion Muni, IA, US",United States,IA,LIFR,0,0,0
KCAV,"Clarion Muni, IA, US",United States,IA,MVFR,0,0,0
KCBE,"Cumberland Arpt, MD, US",United States,MD,VFR,1710,1900,90
KCBE,"Cumberland Arpt, MD, US",United States,MD,MVFR,190,1900,10
KCBE,"Cumberland Arpt, MD, US",United States,MD,IFR,0,0,0
KCBE,"Cumberland Arpt, MD, US",United States,MD,LIFR,0,0,0
KCBF,"Council Bluffs Muni, IA, US",United States,IA,VFR,1810,1810,100
KCBF,"Council Bluffs Muni, IA, US",United States,IA,IFR,0,0,0
KCBF,"Council Bluffs Muni, IA, US",United States,IA,LIFR,0,0,0
KCBF,"Council Bluffs Muni, IA, US",United States,IA,MVFR,0,0,0
KCBG,"Cambridge Muni, MN, US",United States,MN,VFR,1890,1890,100
KCBG,"Cambridge Muni, MN, US",United States,MN,IFR,0,0,0
KCBG,"Cambridge Muni, MN, US",United States,MN,LIFR,0,0,0
KCBG,"Cambridge Muni, MN, US",United States,MN,MVFR,0,0,0
KCBK,"Colby/Shaltz Fld, KS, US",United States,KS,VFR,970,1870,51.87
KCBK,"Colby/Shaltz Fld, KS, US",United States,KS,MVFR,460,1870,24.6
KCBK,"Colby/Shaltz Fld, KS, US",United States,KS,LIFR,340,1870,18.18
KCBK,"Colby/Shaltz Fld, KS, US",United States,KS,IFR,100,1870,5.35
KCBM,"Columbus AFB, MS, US",United States,MS,VFR,1022,1524,67.06
KCBM,"Columbus AFB, MS, US",United States,MS,MVFR,258,1524,16.93
KCBM,"Columbus AFB, MS, US",United States,MS,LIFR,174,1524,11.42
KCBM,"Columbus AFB, MS, US",United States,MS,IFR,70,1524,4.59
KCCA,"Clinton Muni, AR, US",United States,AR,VFR,1570,1910,82.2
KCCA,"Clinton Muni, AR, US",United States,AR,MVFR,340,1910,17.8
KCCA,"Clinton Muni, AR, US",United States,AR,IFR,0,0,0
KCCA,"Clinton Muni, AR, US",United States,AR,LIFR,0,0,0
KCCB,"Upland/Cable Arpt, CA, US",United States,CA,VFR,1385,1525,90.82
KCCB,"Upland/Cable Arpt, CA, US",United States,CA,MVFR,80,1525,5.25
KCCB,"Upland/Cable Arpt, CA, US",United States,CA,IFR,60,1525,3.93
KCCB,"Upland/Cable Arpt, CA, US",United States,CA,LIFR,0,0,0
KCCO,"Newnan/Coweta Cnty, GA, US",United States,GA,VFR,1290,1890,68.25
KCCO,"Newnan/Coweta Cnty, GA, US",United States,GA,MVFR,600,1890,31.75
KCCO,"Newnan/Coweta Cnty, GA, US",United States,GA,IFR,0,0,0
KCCO,"Newnan/Coweta Cnty, GA, US",United States,GA,LIFR,0,0,0
KCCR,"Concord/Buchanan Fld, CA, US",United States,CA,VFR,1504,1890,79.58
KCCR,"Concord/Buchanan Fld, CA, US",United States,CA,MVFR,386,1890,20.42
KCCR,"Concord/Buchanan Fld, CA, US",United States,CA,IFR,0,0,0
KCCR,"Concord/Buchanan Fld, CA, US",United States,CA,LIFR,0,0,0
KCCY,"Charles City/NE Iowa Rgnl, IA, US",United States,IA,VFR,1870,1870,100
KCCY,"Charles City/NE Iowa Rgnl, IA, US",United States,IA,IFR,0,0,0
KCCY,"Charles City/NE Iowa Rgnl, IA, US",United States,IA,LIFR,0,0,0
KCCY,"Charles City/NE Iowa Rgnl, IA, US",United States,IA,MVFR,0,0,0
KCDC,"Cedar City Muni, UT, US",United States,UT,VFR,1890,1890,100
KCDC,"Cedar City Muni, UT, US",United States,UT,IFR,0,0,0
KCDC,"Cedar City Muni, UT, US",United States,UT,LIFR,0,0,0
KCDC,"Cedar City Muni, UT, US",United States,UT,MVFR,0,0,0
KCDH,"Camden/Harrell Fld, AR, US",United States,AR,VFR,1250,1790,69.83
KCDH,"Camden/Harrell Fld, AR, US",United States,AR,MVFR,400,1790,22.35
KCDH,"Camden/Harrell Fld, AR, US",United States,AR,IFR,140,1790,7.82
KCDH,"Camden/Harrell Fld, AR, US",United States,AR,LIFR,0,0,0
KCDI,"Cambridg Muni, OH, US",United States,OH,VFR,1890,1890,100
KCDI,"Cambridg Muni, OH, US",United States,OH,IFR,0,0,0
KCDI,"Cambridg Muni, OH, US",United States,OH,LIFR,0,0,0
KCDI,"Cambridg Muni, OH, US",United States,OH,MVFR,0,0,0
KCDN,"Camden/Woodward Fld, SC, US",United States,SC,VFR,1610,1750,92
KCDN,"Camden/Woodward Fld, SC, US",United States,SC,MVFR,140,1750,8
KCDN,"Camden/Woodward Fld, SC, US",United States,SC,IFR,0,0,0
KCDN,"Camden/Woodward Fld, SC, US",United States,SC,LIFR,0,0,0
KCDR,"Chadron Muni, NE, US",United States,NE,VFR,1890,1890,100
KCDR,"Chadron Muni, NE, US",United States,NE,IFR,0,0,0
KCDR,"Chadron Muni, NE, US",United States,NE,LIFR,0,0,0
KCDR,"Chadron Muni, NE, US",United States,NE,MVFR,0,0,0
KCDS,"Childress Muni, TX, US",United States,TX,VFR,976,1890,51.64
KCDS,"Childress Muni, TX, US",United States,TX,MVFR,439,1890,23.23
KCDS,"Childress Muni, TX, US",United States,TX,IFR,298,1890,15.77
KCDS,"Childress Muni, TX, US",United States,TX,LIFR,177,1890,9.37
KCDW,"Caldwell/Essex Cnty, NJ, US",United States,NJ,VFR,1197,1350,88.67
KCDW,"Caldwell/Essex Cnty, NJ, US",United States,NJ,MVFR,120,1350,8.89
KCDW,"Caldwell/Essex Cnty, NJ, US",United States,NJ,IFR,33,1350,2.44
KCDW,"Caldwell/Essex Cnty, NJ, US",United States,NJ,LIFR,0,0,0
KCEC,"Crescent City/McNama, CA, US",United States,CA,VFR,1542,1871,82.42
KCEC,"Crescent City/McNama, CA, US",United States,CA,MVFR,127,1871,6.79
KCEC,"Crescent City/McNama, CA, US",United States,CA,LIFR,108,1871,5.77
KCEC,"Crescent City/McNama, CA, US",United States,CA,IFR,94,1871,5.02
KCEF,"Chicopee/Westover AFB, MA, US",United States,MA,VFR,1363,1625,83.88
KCEF,"Chicopee/Westover AFB, MA, US",United States,MA,MVFR,247,1625,15.2
KCEF,"Chicopee/Westover AFB, MA, US",United States,MA,IFR,15,1625,0.92
KCEF,"Chicopee/Westover AFB, MA, US",United States,MA,LIFR,0,0,0
KCEU,"Clemson/Oconee Cnty, SC, US",United States,SC,VFR,1832,1890,96.93
KCEU,"Clemson/Oconee Cnty, SC, US",United States,SC,IFR,58,1890,3.07
KCEU,"Clemson/Oconee Cnty, SC, US",United States,SC,LIFR,0,0,0
KCEU,"Clemson/Oconee Cnty, SC, US",United States,SC,MVFR,0,0,0
KCEW,"Crestview/Sikes Arpt, FL, US",United States,FL,VFR,1350,1350,100
KCEW,"Crestview/Sikes Arpt, FL, US",United States,FL,IFR,0,0,0
KCEW,"Crestview/Sikes Arpt, FL, US",United States,FL,LIFR,0,0,0
KCEW,"Crestview/Sikes Arpt, FL, US",United States,FL,MVFR,0,0,0
KCEY,"Murray/Oakley Fld, KY, US",United States,KY,VFR,1830,1910,95.81
KCEY,"Murray/Oakley Fld, KY, US",United States,KY,MVFR,80,1910,4.19
KCEY,"Murray/Oakley Fld, KY, US",United States,KY,IFR,0,0,0
KCEY,"Murray/Oakley Fld, KY, US",United States,KY,LIFR,0,0,0
KCFD,"Bryan/Coulter Fld, TX, US",United States,TX,VFR,1890,1890,100
KCFD,"Bryan/Coulter Fld, TX, US",United States,TX,IFR,0,0,0
KCFD,"Bryan/Coulter Fld, TX, US",United States,TX,LIFR,0,0,0
KCFD,"Bryan/Coulter Fld, TX, US",United States,TX,MVFR,0,0,0
KCFE,"Buffalo Muni, MN, US",United States,MN,VFR,1890,1890,100
KCFE,"Buffalo Muni, MN, US",United States,MN,IFR,0,0,0
KCFE,"Buffalo Muni, MN, US",United States,MN,LIFR,0,0,0
KCFE,"Buffalo Muni, MN, US",United States,MN,MVFR,0,0,0
KCFJ,"Crawfordsville Muni, IN, US",United States,IN,VFR,1850,1850,100
KCFJ,"Crawfordsville Muni, IN, US",United States,IN,IFR,0,0,0
KCFJ,"Crawfordsville Muni, IN, US",United States,IN,LIFR,0,0,0
KCFJ,"Crawfordsville Muni, IN, US",United States,IN,MVFR,0,0,0
KCFS,"Tuscola Area Arpt, MI, US",United States,MI,VFR,1850,1890,97.88
KCFS,"Tuscola Area Arpt, MI, US",United States,MI,IFR,20,1890,1.06
KCFS,"Tuscola Area Arpt, MI, US",United States,MI,MVFR,20,1890,1.06
KCFS,"Tuscola Area Arpt, MI, US",United States,MI,LIFR,0,0,0
KCFV,"Coffeyville Muni, KS, US",United States,KS,VFR,1680,1890,88.89
KCFV,"Coffeyville Muni, KS, US",United States,KS,MVFR,210,1890,11.11
KCFV,"Coffeyville Muni, KS, US",United States,KS,IFR,0,0,0
KCFV,"Coffeyville Muni, KS, US",United States,KS,LIFR,0,0,0
KCGC,"Crystal River Arpt, FL, US",United States,FL,VFR,1390,1870,74.33
KCGC,"Crystal River Arpt, FL, US",United States,FL,LIFR,240,1870,12.83
KCGC,"Crystal River Arpt, FL, US",United States,FL,MVFR,220,1870,11.76
KCGC,"Crystal River Arpt, FL, US",United States,FL,IFR,20,1870,1.07
KCGE,"Cambridge/Dorchester Rgnl, MD, US",United States,MD,VFR,1550,1900,81.58
KCGE,"Cambridge/Dorchester Rgnl, MD, US",United States,MD,MVFR,280,1900,14.74
KCGE,"Cambridge/Dorchester Rgnl, MD, US",United States,MD,IFR,70,1900,3.68
KCGE,"Cambridge/Dorchester Rgnl, MD, US",United States,MD,LIFR,0,0,0
KCGF,"Cleveland/Cuyahoga Cnty, OH, US",United States,OH,VFR,1710,1890,90.48
KCGF,"Cleveland/Cuyahoga Cnty, OH, US",United States,OH,MVFR,180,1890,9.52
KCGF,"Cleveland/Cuyahoga Cnty, OH, US",United States,OH,IFR,0,0,0
KCGF,"Cleveland/Cuyahoga Cnty, OH, US",United States,OH,LIFR,0,0,0
KCGI,"Cape Girardeau Rgnl, MO, US",United States,MO,VFR,1290,1397,92.34
KCGI,"Cape Girardeau Rgnl, MO, US",United States,MO,MVFR,107,1397,7.66
KCGI,"Cape Girardeau Rgnl, MO, US",United States,MO,IFR,0,0,0
KCGI,"Cape Girardeau Rgnl, MO, US",United States,MO,LIFR,0,0,0
KCGS,"College Park Arpt, MD, US",United States,MD,VFR,1530,1900,80.53
KCGS,"College Park Arpt, MD, US",United States,MD,MVFR,350,1900,18.42
KCGS,"College Park Arpt, MD, US",United States,MD,IFR,20,1900,1.05
KCGS,"College Park Arpt, MD, US",United States,MD,LIFR,0,0,0
KCGZ,"Casa Granda Muni, AZ, US",United States,AZ,VFR,1890,1890,100
KCGZ,"Casa Granda Muni, AZ, US",United States,AZ,IFR,0,0,0
KCGZ,"Casa Granda Muni, AZ, US",United States,AZ,LIFR,0,0,0
KCGZ,"Casa Granda Muni, AZ, US",United States,AZ,MVFR,0,0,0
KCHA,"Chattanooga Metro, TN, US",United States,TN,VFR,1704,1890,90.16
KCHA,"Chattanooga Metro, TN, US",United States,TN,MVFR,186,1890,9.84
KCHA,"Chattanooga Metro, TN, US",United States,TN,IFR,0,0,0
KCHA,"Chattanooga Metro, TN, US",United States,TN,LIFR,0,0,0
KCHD,"Chandler Muni, AZ, US",United States,AZ,VFR,1862,1862,100
KCHD,"Chandler Muni, AZ, US",United States,AZ,IFR,0,0,0
KCHD,"Chandler Muni, AZ, US",United States,AZ,LIFR,0,0,0
KCHD,"Chandler Muni, AZ, US",United States,AZ,MVFR,0,0,0
KCHO,"Charlottesville/Albemarle Arpt, VA, US",United States,VA,VFR,1890,1890,100
KCHO,"Charlottesville/Albemarle Arpt, VA, US",United States,VA,IFR,0,0,0
KCHO,"Charlottesville/Albemarle Arpt, VA, US",United States,VA,LIFR,0,0,0
KCHO,"Charlottesville/Albemarle Arpt, VA, US",United States,VA,MVFR,0,0,0
KCHS,"Charleston Intl, SC, US",United States,SC,VFR,1493,1890,78.99
KCHS,"Charleston Intl, SC, US",United States,SC,MVFR,327,1890,17.3
KCHS,"Charleston Intl, SC, US",United States,SC,IFR,70,1890,3.7
KCHS,"Charleston Intl, SC, US",United States,SC,LIFR,0,0,0
KCIC,"Chico Muni, CA, US",United States,CA,VFR,1785,1785,100
KCIC,"Chico Muni, CA, US",United States,CA,IFR,0,0,0
KCIC,"Chico Muni, CA, US",United States,CA,LIFR,0,0,0
KCIC,"Chico Muni, CA, US",United States,CA,MVFR,0,0,0
KCID,"Cedar Rapids/E Iowa Arpt, IA, US",United States,IA,VFR,1890,1890,100
KCID,"Cedar Rapids/E Iowa Arpt, IA, US",United States,IA,IFR,0,0,0
KCID,"Cedar Rapids/E Iowa Arpt, IA, US",United States,IA,LIFR,0,0,0
KCID,"Cedar Rapids/E Iowa Arpt, IA, US",United States,IA,MVFR,0,0,0
KCIN,"Carroll/Neu Arpt, IA, US",United States,IA,VFR,1750,1890,92.59
KCIN,"Carroll/Neu Arpt, IA, US",United States,IA,MVFR,140,1890,7.41
KCIN,"Carroll/Neu Arpt, IA, US",United States,IA,IFR,0,0,0
KCIN,"Carroll/Neu Arpt, IA, US",United States,IA,LIFR,0,0,0
KCIR,"Cairo Rgnl, IL, US",United States,IL,VFR,1890,1890,100
KCIR,"Cairo Rgnl, IL, US",United States,IL,IFR,0,0,0
KCIR,"Cairo Rgnl, IL, US",United States,IL,LIFR,0,0,0
KCIR,"Cairo Rgnl, IL, US",United States,IL,MVFR,0,0,0
KCIU,"Chippewa Cnty Intl, MI, US",United States,MI,VFR,1890,1890,100
KCIU,"Chippewa Cnty Intl, MI, US",United States,MI,IFR,0,0,0
KCIU,"Chippewa Cnty Intl, MI, US",United States,MI,LIFR,0,0,0
KCIU,"Chippewa Cnty Intl, MI, US",United States,MI,MVFR,0,0,0
KCJR,"Culpeper Rgnl, VA, US",United States,VA,VFR,1790,1870,95.72
KCJR,"Culpeper Rgnl, VA, US",United States,VA,MVFR,80,1870,4.28
KCJR,"Culpeper Rgnl, VA, US",United States,VA,IFR,0,0,0
KCJR,"Culpeper Rgnl, VA, US",United States,VA,LIFR,0,0,0
KCKB,"Clarksburg/NC West Virginia Arpt, WV, US",United States,WV,VFR,1685,1882,89.53
KCKB,"Clarksburg/NC West Virginia Arpt, WV, US",United States,WV,MVFR,150,1882,7.97
KCKB,"Clarksburg/NC West Virginia Arpt, WV, US",United States,WV,IFR,47,1882,2.5
KCKB,"Clarksburg/NC West Virginia Arpt, WV, US",United States,WV,LIFR,0,0,0
KCKC,"Grand Marais Muni, MN, US",United States,MN,VFR,1890,1890,100
KCKC,"Grand Marais Muni, MN, US",United States,MN,IFR,0,0,0
KCKC,"Grand Marais Muni, MN, US",United States,MN,LIFR,0,0,0
KCKC,"Grand Marais Muni, MN, US",United States,MN,MVFR,0,0,0
KCKF,"Cordele/Crisp Cnty, GA, US",United States,GA,VFR,1020,1890,53.97
KCKF,"Cordele/Crisp Cnty, GA, US",United States,GA,MVFR,410,1890,21.69
KCKF,"Cordele/Crisp Cnty, GA, US",United States,GA,LIFR,360,1890,19.05
KCKF,"Cordele/Crisp Cnty, GA, US",United States,GA,IFR,100,1890,5.29
KCKI,"Kingstree/Williamsburg Rgnl, SC, US",United States,SC,VFR,1510,1890,79.89
KCKI,"Kingstree/Williamsburg Rgnl, SC, US",United States,SC,MVFR,180,1890,9.52
KCKI,"Kingstree/Williamsburg Rgnl, SC, US",United States,SC,LIFR,160,1890,8.47
KCKI,"Kingstree/Williamsburg Rgnl, SC, US",United States,SC,IFR,40,1890,2.12
KCKM,"Clarksdale/Fletcher Fld, MS, US",United States,MS,IFR,0,0,0
KCKM,"Clarksdale/Fletcher Fld, MS, US",United States,MS,LIFR,0,0,0
KCKM,"Clarksdale/Fletcher Fld, MS, US",United States,MS,MVFR,0,0,0
KCKM,"Clarksdale/Fletcher Fld, MS, US",United States,MS,VFR,0,0,0
KCKN,"Crookston Muni, MN, US",United States,MN,VFR,1890,1890,100
KCKN,"Crookston Muni, MN, US",United States,MN,IFR,0,0,0
KCKN,"Crookston Muni, MN, US",United States,MN,LIFR,0,0,0
KCKN,"Crookston Muni, MN, US",United States,MN,MVFR,0,0,0
KCKP,"Cherokee Cnty, IA, US",United States,IA,VFR,1890,1890,100
KCKP,"Cherokee Cnty, IA, US",United States,IA,IFR,0,0,0
KCKP,"Cherokee Cnty, IA, US",United States,IA,LIFR,0,0,0
KCKP,"Cherokee Cnty, IA, US",United States,IA,MVFR,0,0,0
KCKV,"Clarksville/Outlaw Fld, TN, US",United States,TN,VFR,1590,1890,84.13
KCKV,"Clarksville/Outlaw Fld, TN, US",United States,TN,MVFR,300,1890,15.87
KCKV,"Clarksville/Outlaw Fld, TN, US",United States,TN,IFR,0,0,0
KCKV,"Clarksville/Outlaw Fld, TN, US",United States,TN,LIFR,0,0,0
KCKZ,"Perkasie/Pennridge Arpt, PA, US",United States,PA,VFR,1710,1870,91.44
KCKZ,"Perkasie/Pennridge Arpt, PA, US",United States,PA,MVFR,120,1870,6.42
KCKZ,"Perkasie/Pennridge Arpt, PA, US",United States,PA,IFR,20,1870,1.07
KCKZ,"Perkasie/Pennridge Arpt, PA, US",United States,PA,LIFR,20,1870,1.07
KCLE,"Cleveland/Hopkins Intl, OH, US",United States,OH,VFR,1890,1890,100
KCLE,"Cleveland/Hopkins Intl, OH, US",United States,OH,IFR,0,0,0
KCLE,"Cleveland/Hopkins Intl, OH, US",United States,OH,LIFR,0,0,0
KCLE,"Cleveland/Hopkins Intl, OH, US",United States,OH,MVFR,0,0,0
KCLI,"Clintonville Muni, WI, US",United States,WI,VFR,1890,1890,100
KCLI,"Clintonville Muni, WI, US",United States,WI,IFR,0,0,0
KCLI,"Clintonville Muni, WI, US",United States,WI,LIFR,0,0,0
KCLI,"Clintonville Muni, WI, US",United States,WI,MVFR,0,0,0
KCLK,"Clinton Rgnl, OK, US",United States,OK,VFR,1710,1870,91.44
KCLK,"Clinton Rgnl, OK, US",United States,OK,IFR,80,1870,4.28
KCLK,"Clinton Rgnl, OK, US",United States,OK,MVFR,80,1870,4.28
KCLK,"Clinton Rgnl, OK, US",United States,OK,LIFR,0,0,0
KCLL,"College Station/Easterwood Arpt, TX, US",United States,TX,VFR,1890,1890,100
KCLL,"College Station/Easterwood Arpt, TX, US",United States,TX,IFR,0,0,0
KCLL,"College Station/Easterwood Arpt, TX, US",United States,TX,LIFR,0,0,0
KCLL,"College Station/Easterwood Arpt, TX, US",United States,TX,MVFR,0,0,0
KCLM,"Port Angeles Intl, WA, US",United States,WA,VFR,1199,1890,63.44
KCLM,"Port Angeles Intl, WA, US",United States,WA,MVFR,601,1890,31.8
KCLM,"Port Angeles Intl, WA, US",United States,WA,IFR,90,1890,4.76
KCLM,"Port Angeles Intl, WA, US",United States,WA,LIFR,0,0,0
KCLS,"Chehalis-Centralia Arpt, WA, US",United States,WA,VFR,1810,1890,95.77
KCLS,"Chehalis-Centralia Arpt, WA, US",United States,WA,MVFR,80,1890,4.23
KCLS,"Chehalis-Centralia Arpt, WA, US",United States,WA,IFR,0,0,0
KCLS,"Chehalis-Centralia Arpt, WA, US",United States,WA,LIFR,0,0,0
KCLT,"Charlotte/Douglas Intl, NC, US",United States,NC,VFR,1770,1863,95.01
KCLT,"Charlotte/Douglas Intl, NC, US",United States,NC,IFR,93,1863,4.99
KCLT,"Charlotte/Douglas Intl, NC, US",United States,NC,LIFR,0,0,0
KCLT,"Charlotte/Douglas Intl, NC, US",United States,NC,MVFR,0,0,0
KCLW,"Clearwater Air Park, FL, US",United States,FL,VFR,1550,1870,82.89
KCLW,"Clearwater Air Park, FL, US",United States,FL,MVFR,220,1870,11.76
KCLW,"Clearwater Air Park, FL, US",United States,FL,IFR,100,1870,5.35
KCLW,"Clearwater Air Park, FL, US",United States,FL,LIFR,0,0,0
KCMA,"Camarillo Arpt, CA, US",United States,CA,VFR,1530,1890,80.95
KCMA,"Camarillo Arpt, CA, US",United States,CA,MVFR,360,1890,19.05
KCMA,"Camarillo Arpt, CA, US",United States,CA,IFR,0,0,0
KCMA,"Camarillo Arpt, CA, US",United States,CA,LIFR,0,0,0
KCMD,"Culman Rgnl, AL, US",United States,AL,VFR,970,1890,51.32
KCMD,"Culman Rgnl, AL, US",United States,AL,IFR,360,1890,19.05
KCMD,"Culman Rgnl, AL, US",United States,AL,LIFR,340,1890,17.99
KCMD,"Culman Rgnl, AL, US",United States,AL,MVFR,220,1890,11.64
KCMH,"Columbus/Glenn Intl, OH, US",United States,OH,VFR,1890,1890,100
KCMH,"Columbus/Glenn Intl, OH, US",United States,OH,IFR,0,0,0
KCMH,"Columbus/Glenn Intl, OH, US",United States,OH,LIFR,0,0,0
KCMH,"Columbus/Glenn Intl, OH, US",United States,OH,MVFR,0,0,0
KCMI,"Champaign/Willard Arpt, IL, US",United States,IL,VFR,1770,1873,94.5
KCMI,"Champaign/Willard Arpt, IL, US",United States,IL,MVFR,60,1873,3.2
KCMI,"Champaign/Willard Arpt, IL, US",United States,IL,IFR,43,1873,2.3
KCMI,"Champaign/Willard Arpt, IL, US",United States,IL,LIFR,0,0,0
KCMR,"Williams/Clark Fld, AZ, US",United States,AZ,VFR,1890,1890,100
KCMR,"Williams/Clark Fld, AZ, US",United States,AZ,IFR,0,0,0
KCMR,"Williams/Clark Fld, AZ, US",United States,AZ,LIFR,0,0,0
KCMR,"Williams/Clark Fld, AZ, US",United States,AZ,MVFR,0,0,0
KCMX,"Houghton Cnty Mem, MI, US",United States,MI,VFR,1890,1890,100
KCMX,"Houghton Cnty Mem, MI, US",United States,MI,IFR,0,0,0
KCMX,"Houghton Cnty Mem, MI, US",United States,MI,LIFR,0,0,0
KCMX,"Houghton Cnty Mem, MI, US",United States,MI,MVFR,0,0,0
KCMY,"Sparta/Ft McCoy Arpt, WI, US",United States,WI,VFR,1650,1650,100
KCMY,"Sparta/Ft McCoy Arpt, WI, US",United States,WI,IFR,0,0,0
KCMY,"Sparta/Ft McCoy Arpt, WI, US",United States,WI,LIFR,0,0,0
KCMY,"Sparta/Ft McCoy Arpt, WI, US",United States,WI,MVFR,0,0,0
KCNB,"Canby Muni, MN, US",United States,MN,VFR,1890,1890,100
KCNB,"Canby Muni, MN, US",United States,MN,IFR,0,0,0
KCNB,"Canby Muni, MN, US",United States,MN,LIFR,0,0,0
KCNB,"Canby Muni, MN, US",United States,MN,MVFR,0,0,0
KCNC,"Chariton Muni, IA, US",United States,IA,VFR,1890,1890,100
KCNC,"Chariton Muni, IA, US",United States,IA,IFR,0,0,0
KCNC,"Chariton Muni, IA, US",United States,IA,LIFR,0,0,0
KCNC,"Chariton Muni, IA, US",United States,IA,MVFR,0,0,0
KCNK,"Concordia/Blosser Muni, KS, US",United States,KS,VFR,1890,1890,100
KCNK,"Concordia/Blosser Muni, KS, US",United States,KS,IFR,0,0,0
KCNK,"Concordia/Blosser Muni, KS, US",United States,KS,LIFR,0,0,0
KCNK,"Concordia/Blosser Muni, KS, US",United States,KS,MVFR,0,0,0
KCNM,"Carlsbad/Cavern City Air Term, NM, US",United States,NM,VFR,1890,1890,100
KCNM,"Carlsbad/Cavern City Air Term, NM, US",United States,NM,IFR,0,0,0
KCNM,"Carlsbad/Cavern City Air Term, NM, US",United States,NM,LIFR,0,0,0
KCNM,"Carlsbad/Cavern City Air Term, NM, US",United States,NM,MVFR,0,0,0
KCNO,"Chino Arpt, CA, US",United States,CA,VFR,1410,1890,74.6
KCNO,"Chino Arpt, CA, US",United States,CA,LIFR,235,1890,12.43
KCNO,"Chino Arpt, CA, US",United States,CA,MVFR,168,1890,8.89
KCNO,"Chino Arpt, CA, US",United States,CA,IFR,77,1890,4.07
KCNU,"Chanute/Johnson Arpt, KS, US",United States,KS,VFR,1650,1890,87.3
KCNU,"Chanute/Johnson Arpt, KS, US",United States,KS,MVFR,240,1890,12.7
KCNU,"Chanute/Johnson Arpt, KS, US",United States,KS,IFR,0,0,0
KCNU,"Chanute/Johnson Arpt, KS, US",United States,KS,LIFR,0,0,0
KCNW,"Waco/Texas State Tech Arpt, TX, US",United States,TX,VFR,990,1410,70.21
KCNW,"Waco/Texas State Tech Arpt, TX, US",United States,TX,MVFR,420,1410,29.79
KCNW,"Waco/Texas State Tech Arpt, TX, US",United States,TX,IFR,0,0,0
KCNW,"Waco/Texas State Tech Arpt, TX, US",United States,TX,LIFR,0,0,0
KCNY,"Moab/Canyonland Fld, UT, US",United States,UT,VFR,1919,1919,100
KCNY,"Moab/Canyonland Fld, UT, US",United States,UT,IFR,0,0,0
KCNY,"Moab/Canyonland Fld, UT, US",United States,UT,LIFR,0,0,0
KCNY,"Moab/Canyonland Fld, UT, US",United States,UT,MVFR,0,0,0
KCOD,"Cody/Yellowstone Rgnl, WY, US",United States,WY,VFR,1830,1890,96.83
KCOD,"Cody/Yellowstone Rgnl, WY, US",United States,WY,MVFR,60,1890,3.17
KCOD,"Cody/Yellowstone Rgnl, WY, US",United States,WY,IFR,0,0,0
KCOD,"Cody/Yellowstone Rgnl, WY, US",United States,WY,LIFR,0,0,0
KCOE,"Coeur DAlene Arpt, ID, US",United States,ID,VFR,1050,1050,100
KCOE,"Coeur DAlene Arpt, ID, US",United States,ID,IFR,0,0,0
KCOE,"Coeur DAlene Arpt, ID, US",United States,ID,LIFR,0,0,0
KCOE,"Coeur DAlene Arpt, ID, US",United States,ID,MVFR,0,0,0
KCOF,"Cocoa Beach/Patrick, FL, US",United States,FL,VFR,1650,1650,100
KCOF,"Cocoa Beach/Patrick, FL, US",United States,FL,IFR,0,0,0
KCOF,"Cocoa Beach/Patrick, FL, US",United States,FL,LIFR,0,0,0
KCOF,"Cocoa Beach/Patrick, FL, US",United States,FL,MVFR,0,0,0
KCOM,"Coleman Muni, TX, US",United States,TX,VFR,1890,1890,100
KCOM,"Coleman Muni, TX, US",United States,TX,IFR,0,0,0
KCOM,"Coleman Muni, TX, US",United States,TX,LIFR,0,0,0
KCOM,"Coleman Muni, TX, US",United States,TX,MVFR,0,0,0
KCON,"Concord Muni, NH, US",United States,NH,VFR,1742,1890,92.17
KCON,"Concord Muni, NH, US",United States,NH,MVFR,148,1890,7.83
KCON,"Concord Muni, NH, US",United States,NH,IFR,0,0,0
KCON,"Concord Muni, NH, US",United States,NH,LIFR,0,0,0
KCOQ,"Cloquet/Carlton Cnty, MN, US",United States,MN,VFR,1890,1890,100
KCOQ,"Cloquet/Carlton Cnty, MN, US",United States,MN,IFR,0,0,0
KCOQ,"Cloquet/Carlton Cnty, MN, US",United States,MN,LIFR,0,0,0
KCOQ,"Cloquet/Carlton Cnty, MN, US",United States,MN,MVFR,0,0,0
KCOS,"Colorado Spring Arpt, CO, US",United States,CO,VFR,1585,1890,83.86
KCOS,"Colorado Spring Arpt, CO, US",United States,CO,IFR,185,1890,9.79
KCOS,"Colorado Spring Arpt, CO, US",United States,CO,MVFR,120,1890,6.35
KCOS,"Colorado Spring Arpt, CO, US",United States,CO,LIFR,0,0,0
KCOT,"Cotulla/LaSalle Cnty, TX, US",United States,TX,VFR,1861,1890,98.47
KCOT,"Cotulla/LaSalle Cnty, TX, US",United States,TX,MVFR,29,1890,1.53
KCOT,"Cotulla/LaSalle Cnty, TX, US",United States,TX,IFR,0,0,0
KCOT,"Cotulla/LaSalle Cnty, TX, US",United States,TX,LIFR,0,0,0
KCOU,"Columbia Rgnl, MO, US",United States,MO,VFR,1890,1890,100
KCOU,"Columbia Rgnl, MO, US",United States,MO,IFR,0,0,0
KCOU,"Columbia Rgnl, MO, US",United States,MO,LIFR,0,0,0
KCOU,"Columbia Rgnl, MO, US",United States,MO,MVFR,0,0,0
KCPC,"Whiteville/Columbus Cnty, NC, US",United States,NC,VFR,1780,1900,93.68
KCPC,"Whiteville/Columbus Cnty, NC, US",United States,NC,LIFR,60,1900,3.16
KCPC,"Whiteville/Columbus Cnty, NC, US",United States,NC,MVFR,60,1900,3.16
KCPC,"Whiteville/Columbus Cnty, NC, US",United States,NC,IFR,0,0,0
KCPK,"Chesapeake Rgnl, VA, US",United States,VA,VFR,1450,1890,76.72
KCPK,"Chesapeake Rgnl, VA, US",United States,VA,MVFR,360,1890,19.05
KCPK,"Chesapeake Rgnl, VA, US",United States,VA,IFR,80,1890,4.23
KCPK,"Chesapeake Rgnl, VA, US",United States,VA,LIFR,0,0,0
KCPR,"Casper/Natrona Cnty, WY, US",United States,WY,VFR,1890,1890,100
KCPR,"Casper/Natrona Cnty, WY, US",United States,WY,IFR,0,0,0
KCPR,"Casper/Natrona Cnty, WY, US",United States,WY,LIFR,0,0,0
KCPR,"Casper/Natrona Cnty, WY, US",United States,WY,MVFR,0,0,0
KCPS,"St Louis/Downtown Arpt, IL, US",United States,IL,VFR,1854,1864,99.46
KCPS,"St Louis/Downtown Arpt, IL, US",United States,IL,IFR,10,1864,0.54
KCPS,"St Louis/Downtown Arpt, IL, US",United States,IL,LIFR,0,0,0
KCPS,"St Louis/Downtown Arpt, IL, US",United States,IL,MVFR,0,0,0
KCPT,"Cleburne Muni, TX, US",United States,TX,VFR,1830,1870,97.86
KCPT,"Cleburne Muni, TX, US",United States,TX,MVFR,40,1870,2.14
KCPT,"Cleburne Muni, TX, US",United States,TX,IFR,0,0,0
KCPT,"Cleburne Muni, TX, US",United States,TX,LIFR,0,0,0
KCPU,"San Andreas/Calaveras Cnty, CA, US",United States,CA,VFR,1890,1890,100
KCPU,"San Andreas/Calaveras Cnty, CA, US",United States,CA,IFR,0,0,0
KCPU,"San Andreas/Calaveras Cnty, CA, US",United States,CA,LIFR,0,0,0
KCPU,"San Andreas/Calaveras Cnty, CA, US",United States,CA,MVFR,0,0,0
KCQB,"Chandler Muni, OK, US",United States,OK,VFR,1225,1885,64.99
KCQB,"Chandler Muni, OK, US",United States,OK,MVFR,265,1885,14.06
KCQB,"Chandler Muni, OK, US",United States,OK,IFR,240,1885,12.73
KCQB,"Chandler Muni, OK, US",United States,OK,LIFR,155,1885,8.22
KCQM,"Cook Muni, MN, US",United States,MN,VFR,1870,1890,98.94
KCQM,"Cook Muni, MN, US",United States,MN,MVFR,20,1890,1.06
KCQM,"Cook Muni, MN, US",United States,MN,IFR,0,0,0
KCQM,"Cook Muni, MN, US",United States,MN,LIFR,0,0,0
KCQW,"Cheraw Muni, SC, US",United States,SC,VFR,1750,1890,92.59
KCQW,"Cheraw Muni, SC, US",United States,SC,MVFR,80,1890,4.23
KCQW,"Cheraw Muni, SC, US",United States,SC,IFR,40,1890,2.12
KCQW,"Cheraw Muni, SC, US",United States,SC,LIFR,20,1890,1.06
KCQX,"Chatham Muni, MA, US",United States,MA,VFR,1422,1890,75.24
KCQX,"Chatham Muni, MA, US",United States,MA,MVFR,313,1890,16.56
KCQX,"Chatham Muni, MA, US",United States,MA,IFR,155,1890,8.2
KCQX,"Chatham Muni, MA, US",United States,MA,LIFR,0,0,0
KCRE,"North Myrtle Beach/Grand Strand Arpt, SC, US",United States,SC,VFR,1808,1883,96.02
KCRE,"North Myrtle Beach/Grand Strand Arpt, SC, US",United States,SC,MVFR,75,1883,3.98
KCRE,"North Myrtle Beach/Grand Strand Arpt, SC, US",United States,SC,IFR,0,0,0
KCRE,"North Myrtle Beach/Grand Strand Arpt, SC, US",United States,SC,LIFR,0,0,0
KCRG,"Jacksonville/Executive at Craig Arpt, FL, US",United States,FL,MVFR,697,1131,61.63
KCRG,"Jacksonville/Executive at Craig Arpt, FL, US",United States,FL,VFR,300,1131,26.53
KCRG,"Jacksonville/Executive at Craig Arpt, FL, US",United States,FL,IFR,134,1131,11.85
KCRG,"Jacksonville/Executive at Craig Arpt, FL, US",United States,FL,LIFR,0,0,0
KCRP,"Corpus Christi Intl, TX, US",United States,TX,VFR,1890,1890,100
KCRP,"Corpus Christi Intl, TX, US",United States,TX,IFR,0,0,0
KCRP,"Corpus Christi Intl, TX, US",United States,TX,LIFR,0,0,0
KCRP,"Corpus Christi Intl, TX, US",United States,TX,MVFR,0,0,0
KCRQ,"Carlsbad/Palomar Arpt, CA, US",United States,CA,VFR,1290,1876,68.76
KCRQ,"Carlsbad/Palomar Arpt, CA, US",United States,CA,MVFR,586,1876,31.24
KCRQ,"Carlsbad/Palomar Arpt, CA, US",United States,CA,IFR,0,0,0
KCRQ,"Carlsbad/Palomar Arpt, CA, US",United States,CA,LIFR,0,0,0
KCRS,"Corsicana Muni, TX, US",United States,TX,VFR,1890,1890,100
KCRS,"Corsicana Muni, TX, US",United States,TX,IFR,0,0,0
KCRS,"Corsicana Muni, TX, US",United States,TX,LIFR,0,0,0
KCRS,"Corsicana Muni, TX, US",United States,TX,MVFR,0,0,0
KCRW,"Charleston/Yeager Arpt, WV, US",United States,WV,VFR,1542,1890,81.59
KCRW,"Charleston/Yeager Arpt, WV, US",United States,WV,MVFR,178,1890,9.42
KCRW,"Charleston/Yeager Arpt, WV, US",United States,WV,LIFR,110,1890,5.82
KCRW,"Charleston/Yeager Arpt, WV, US",United States,WV,IFR,60,1890,3.17
KCRX,"Corinth/Turner Fld, MS, US",United States,MS,VFR,1410,1910,73.82
KCRX,"Corinth/Turner Fld, MS, US",United States,MS,MVFR,260,1910,13.61
KCRX,"Corinth/Turner Fld, MS, US",United States,MS,IFR,240,1910,12.57
KCRX,"Corinth/Turner Fld, MS, US",United States,MS,LIFR,0,0,0
KCSB,"Cambridge Muni, NE, US",United States,NE,IFR,0,0,0
KCSB,"Cambridge Muni, NE, US",United States,NE,LIFR,0,0,0
KCSB,"Cambridge Muni, NE, US",United States,NE,MVFR,0,0,0
KCSB,"Cambridge Muni, NE, US",United States,NE,VFR,0,0,0
KCSG,"Columbus Arpt, GA, US",United States,GA,VFR,1537,1902,80.81
KCSG,"Columbus Arpt, GA, US",United States,GA,MVFR,330,1902,17.35
KCSG,"Columbus Arpt, GA, US",United States,GA,IFR,35,1902,1.84
KCSG,"Columbus Arpt, GA, US",United States,GA,LIFR,0,0,0
KCSM,"Clinton/Sherman Arpt, OK, US",United States,OK,VFR,1861,1890,98.47
KCSM,"Clinton/Sherman Arpt, OK, US",United States,OK,IFR,29,1890,1.53
KCSM,"Clinton/Sherman Arpt, OK, US",United States,OK,LIFR,0,0,0
KCSM,"Clinton/Sherman Arpt, OK, US",United States,OK,MVFR,0,0,0
KCSQ,"Creston Muni, IA, US",United States,IA,VFR,1850,1850,100
KCSQ,"Creston Muni, IA, US",United States,IA,IFR,0,0,0
KCSQ,"Creston Muni, IA, US",United States,IA,LIFR,0,0,0
KCSQ,"Creston Muni, IA, US",United States,IA,MVFR,0,0,0
KCSV,"Crossville/Whitson Fld, TN, US",United States,TN,VFR,1267,1868,67.83
KCSV,"Crossville/Whitson Fld, TN, US",United States,TN,MVFR,426,1868,22.81
KCSV,"Crossville/Whitson Fld, TN, US",United States,TN,IFR,141,1868,7.55
KCSV,"Crossville/Whitson Fld, TN, US",United States,TN,LIFR,34,1868,1.82
KCTB,"Cut Bank Muni, MT, US",United States,MT,VFR,1890,1890,100
KCTB,"Cut Bank Muni, MT, US",United States,MT,IFR,0,0,0
KCTB,"Cut Bank Muni, MT, US",United States,MT,LIFR,0,0,0
KCTB,"Cut Bank Muni, MT, US",United States,MT,MVFR,0,0,0
KCTJ,"Carrollton/W Georgia Rgnl, GA, US",United States,GA,VFR,1330,1890,70.37
KCTJ,"Carrollton/W Georgia Rgnl, GA, US",United States,GA,MVFR,460,1890,24.34
KCTJ,"Carrollton/W Georgia Rgnl, GA, US",United States,GA,IFR,100,1890,5.29
KCTJ,"Carrollton/W Georgia Rgnl, GA, US",United States,GA,LIFR,0,0,0
KCTY,"Cross City Arpt, FL, US",United States,FL,VFR,1450,1890,76.72
KCTY,"Cross City Arpt, FL, US",United States,FL,MVFR,260,1890,13.76
KCTY,"Cross City Arpt, FL, US",United States,FL,LIFR,140,1890,7.41
KCTY,"Cross City Arpt, FL, US",United States,FL,IFR,40,1890,2.12
KCTZ,"Clinton/Sampson Cnty, NC, US",United States,NC,VFR,1810,1900,95.26
KCTZ,"Clinton/Sampson Cnty, NC, US",United States,NC,MVFR,90,1900,4.74
KCTZ,"Clinton/Sampson Cnty, NC, US",United States,NC,IFR,0,0,0
KCTZ,"Clinton/Sampson Cnty, NC, US",United States,NC,LIFR,0,0,0
KCUB,"Columbia/Downtown Arpt, SC, US",United States,SC,VFR,1699,1830,92.84
KCUB,"Columbia/Downtown Arpt, SC, US",United States,SC,MVFR,131,1830,7.16
KCUB,"Columbia/Downtown Arpt, SC, US",United States,SC,IFR,0,0,0
KCUB,"Columbia/Downtown Arpt, SC, US",United States,SC,LIFR,0,0,0
KCUH,"Cushing Muni, OK, US",United States,OK,VFR,1490,1890,78.84
KCUH,"Cushing Muni, OK, US",United States,OK,MVFR,280,1890,14.81
KCUH,"Cushing Muni, OK, US",United States,OK,IFR,120,1890,6.35
KCUH,"Cushing Muni, OK, US",United States,OK,LIFR,0,0,0
KCUT,"Custer Cnty Arpt, SD, US",United States,SD,VFR,1890,1890,100
KCUT,"Custer Cnty Arpt, SD, US",United States,SD,IFR,0,0,0
KCUT,"Custer Cnty Arpt, SD, US",United States,SD,LIFR,0,0,0
KCUT,"Custer Cnty Arpt, SD, US",United States,SD,MVFR,0,0,0
KCVB,"Castroville Muni, TX, US",United States,TX,VFR,1890,1890,100
KCVB,"Castroville Muni, TX, US",United States,TX,IFR,0,0,0
KCVB,"Castroville Muni, TX, US",United States,TX,LIFR,0,0,0
KCVB,"Castroville Muni, TX, US",United States,TX,MVFR,0,0,0
KCVG,"Cincinnati Intl, KY, US",United States,KY,VFR,1890,1890,100
KCVG,"Cincinnati Intl, KY, US",United States,KY,IFR,0,0,0
KCVG,"Cincinnati Intl, KY, US",United States,KY,LIFR,0,0,0
KCVG,"Cincinnati Intl, KY, US",United States,KY,MVFR,0,0,0
KCVH,"Hollister Muni, CA, US",United States,CA,VFR,1370,1890,72.49
KCVH,"Hollister Muni, CA, US",United States,CA,MVFR,480,1890,25.4
KCVH,"Hollister Muni, CA, US",United States,CA,IFR,40,1890,2.12
KCVH,"Hollister Muni, CA, US",United States,CA,LIFR,0,0,0
KCVN,"Clovis Muni, NM, US",United States,NM,VFR,1519,1890,80.37
KCVN,"Clovis Muni, NM, US",United States,NM,MVFR,199,1890,10.53
KCVN,"Clovis Muni, NM, US",United States,NM,IFR,149,1890,7.88
KCVN,"Clovis Muni, NM, US",United States,NM,LIFR,23,1890,1.22
KCVO,"Corvallis Muni, OR, US",United States,OR,VFR,1220,1890,64.55
KCVO,"Corvallis Muni, OR, US",United States,OR,MVFR,371,1890,19.63
KCVO,"Corvallis Muni, OR, US",United States,OR,LIFR,234,1890,12.38
KCVO,"Corvallis Muni, OR, US",United States,OR,IFR,65,1890,3.44
KCVS,"Clovis/Cannon AFB, NM, US",United States,NM,VFR,1445,1650,87.58
KCVS,"Clovis/Cannon AFB, NM, US",United States,NM,IFR,95,1650,5.76
KCVS,"Clovis/Cannon AFB, NM, US",United States,NM,MVFR,71,1650,4.3
KCVS,"Clovis/Cannon AFB, NM, US",United States,NM,LIFR,39,1650,2.36
KCVX,"Charlevoix Muni, MI, US",United States,MI,VFR,1830,1890,96.83
KCVX,"Charlevoix Muni, MI, US",United States,MI,MVFR,60,1890,3.17
KCVX,"Charlevoix Muni, MI, US",United States,MI,IFR,0,0,0
KCVX,"Charlevoix Muni, MI, US",United States,MI,LIFR,0,0,0
KCWA,"Mosinee/C Wisconsin Arpt, WI, US",United States,WI,VFR,1890,1890,100
KCWA,"Mosinee/C Wisconsin Arpt, WI, US",United States,WI,IFR,0,0,0
KCWA,"Mosinee/C Wisconsin Arpt, WI, US",United States,WI,LIFR,0,0,0
KCWA,"Mosinee/C Wisconsin Arpt, WI, US",United States,WI,MVFR,0,0,0
KCWC,"Wichita Falls/Kickapoo Arpt, TX, US",United States,TX,VFR,1890,1890,100
KCWC,"Wichita Falls/Kickapoo Arpt, TX, US",United States,TX,IFR,0,0,0
KCWC,"Wichita Falls/Kickapoo Arpt, TX, US",United States,TX,LIFR,0,0,0
KCWC,"Wichita Falls/Kickapoo Arpt, TX, US",United States,TX,MVFR,0,0,0
KCWF,"Chenault Intl, LA, US",United States,LA,VFR,1882,1882,100
KCWF,"Chenault Intl, LA, US",United States,LA,IFR,0,0,0
KCWF,"Chenault Intl, LA, US",United States,LA,LIFR,0,0,0
KCWF,"Chenault Intl, LA, US",United States,LA,MVFR,0,0,0
KCWI,"Clinton Muni, IA, US",United States,IA,VFR,1890,1890,100
KCWI,"Clinton Muni, IA, US",United States,IA,IFR,0,0,0
KCWI,"Clinton Muni, IA, US",United States,IA,LIFR,0,0,0
KCWI,"Clinton Muni, IA, US",United States,IA,MVFR,0,0,0
KCWV,"Claxton/Evans Cnty, GA, US",United States,GA,VFR,1200,1890,63.49
KCWV,"Claxton/Evans Cnty, GA, US",United States,GA,MVFR,430,1890,22.75
KCWV,"Claxton/Evans Cnty, GA, US",United States,GA,IFR,140,1890,7.41
KCWV,"Claxton/Evans Cnty, GA, US",United States,GA,LIFR,120,1890,6.35
KCXE,"Chase City Muni, VA, US",United States,VA,VFR,1890,1890,100
KCXE,"Chase City Muni, VA, US",United States,VA,IFR,0,0,0
KCXE,"Chase City Muni, VA, US",United States,VA,LIFR,0,0,0
KCXE,"Chase City Muni, VA, US",United States,VA,MVFR,0,0,0
KCXO,"Conroe/Executive Arpt, TX, US",United States,TX,VFR,1890,1890,100
KCXO,"Conroe/Executive Arpt, TX, US",United States,TX,IFR,0,0,0
KCXO,"Conroe/Executive Arpt, TX, US",United States,TX,LIFR,0,0,0
KCXO,"Conroe/Executive Arpt, TX, US",United States,TX,MVFR,0,0,0
KCXP,"Carson City Arpt, NV, US",United States,NV,VFR,1905,1905,100
KCXP,"Carson City Arpt, NV, US",United States,NV,IFR,0,0,0
KCXP,"Carson City Arpt, NV, US",United States,NV,LIFR,0,0,0
KCXP,"Carson City Arpt, NV, US",United States,NV,MVFR,0,0,0
KCXU,"Camilla/Mitchell Cnty, GA, US",United States,GA,VFR,1540,1890,81.48
KCXU,"Camilla/Mitchell Cnty, GA, US",United States,GA,MVFR,330,1890,17.46
KCXU,"Camilla/Mitchell Cnty, GA, US",United States,GA,IFR,20,1890,1.06
KCXU,"Camilla/Mitchell Cnty, GA, US",United States,GA,LIFR,0,0,0
KCXW,"Conway/Cantrell Fld, AR, US",United States,AR,VFR,1640,1905,86.09
KCXW,"Conway/Cantrell Fld, AR, US",United States,AR,MVFR,245,1905,12.86
KCXW,"Conway/Cantrell Fld, AR, US",United States,AR,IFR,20,1905,1.05
KCXW,"Conway/Cantrell Fld, AR, US",United States,AR,LIFR,0,0,0
KCXY,"Harrisburg/Capital City Arpt, PA, US",United States,PA,VFR,1742,1890,92.17
KCXY,"Harrisburg/Capital City Arpt, PA, US",United States,PA,MVFR,148,1890,7.83
KCXY,"Harrisburg/Capital City Arpt, PA, US",United States,PA,IFR,0,0,0
KCXY,"Harrisburg/Capital City Arpt, PA, US",United States,PA,LIFR,0,0,0
KCYS,"Cheyenne Rgnl, WY, US",United States,WY,VFR,1890,1890,100
KCYS,"Cheyenne Rgnl, WY, US",United States,WY,IFR,0,0,0
KCYS,"Cheyenne Rgnl, WY, US",United States,WY,LIFR,0,0,0
KCYS,"Cheyenne Rgnl, WY, US",United States,WY,MVFR,0,0,0
KCZL,"Calhoun/Tom David Fld, GA, US",United States,GA,IFR,0,0,0
KCZL,"Calhoun/Tom David Fld, GA, US",United States,GA,LIFR,0,0,0
KCZL,"Calhoun/Tom David Fld, GA, US",United States,GA,MVFR,0,0,0
KCZL,"Calhoun/Tom David Fld, GA, US",United States,GA,VFR,0,0,0
KCZT,"Carrizo Springs Arpt, TX, US",United States,TX,VFR,1890,1890,100
KCZT,"Carrizo Springs Arpt, TX, US",United States,TX,IFR,0,0,0
KCZT,"Carrizo Springs Arpt, TX, US",United States,TX,LIFR,0,0,0
KCZT,"Carrizo Springs Arpt, TX, US",United States,TX,MVFR,0,0,0
KD07,"Faith Muni, SD, US",United States,SD,IFR,0,0,0
KD07,"Faith Muni, SD, US",United States,SD,LIFR,0,0,0
KD07,"Faith Muni, SD, US",United States,SD,MVFR,0,0,0
KD07,"Faith Muni, SD, US",United States,SD,VFR,0,0,0
KD09,"Bottineau Muni, ND, US",United States,ND,VFR,1870,1870,100
KD09,"Bottineau Muni, ND, US",United States,ND,IFR,0,0,0
KD09,"Bottineau Muni, ND, US",United States,ND,LIFR,0,0,0
KD09,"Bottineau Muni, ND, US",United States,ND,MVFR,0,0,0
KD25,"Manitowish Waters Arpt, WI, US",United States,WI,VFR,1570,1870,83.96
KD25,"Manitowish Waters Arpt, WI, US",United States,WI,IFR,155,1870,8.29
KD25,"Manitowish Waters Arpt, WI, US",United States,WI,MVFR,85,1870,4.55
KD25,"Manitowish Waters Arpt, WI, US",United States,WI,LIFR,60,1870,3.21
KD39,"Sauk Center Muni, MN, US",United States,MN,VFR,1850,1890,97.88
KD39,"Sauk Center Muni, MN, US",United States,MN,MVFR,40,1890,2.12
KD39,"Sauk Center Muni, MN, US",United States,MN,IFR,0,0,0
KD39,"Sauk Center Muni, MN, US",United States,MN,LIFR,0,0,0
KD50,"Crosby Muni, ND, US",United States,ND,VFR,1830,1830,100
KD50,"Crosby Muni, ND, US",United States,ND,IFR,0,0,0
KD50,"Crosby Muni, ND, US",United States,ND,LIFR,0,0,0
KD50,"Crosby Muni, ND, US",United States,ND,MVFR,0,0,0
KD55,"Langdon/Roberts Fld, ND, US",United States,ND,VFR,1910,1910,100
KD55,"Langdon/Roberts Fld, ND, US",United States,ND,IFR,0,0,0
KD55,"Langdon/Roberts Fld, ND, US",United States,ND,LIFR,0,0,0
KD55,"Langdon/Roberts Fld, ND, US",United States,ND,MVFR,0,0,0
KD57,"Glen Ullin Rgnl, ND, US",United States,ND,VFR,1490,1690,88.17
KD57,"Glen Ullin Rgnl, ND, US",United States,ND,LIFR,200,1690,11.83
KD57,"Glen Ullin Rgnl, ND, US",United States,ND,IFR,0,0,0
KD57,"Glen Ullin Rgnl, ND, US",United States,ND,MVFR,0,0,0
KD60,"Tioga Muni, ND, US",United States,ND,VFR,1350,1650,81.82
KD60,"Tioga Muni, ND, US",United States,ND,LIFR,260,1650,15.76
KD60,"Tioga Muni, ND, US",United States,ND,IFR,40,1650,2.42
KD60,"Tioga Muni, ND, US",United States,ND,MVFR,0,0,0
KD73,"Monroe/Walton Cnty, GA, US",United States,GA,VFR,1450,1890,76.72
KD73,"Monroe/Walton Cnty, GA, US",United States,GA,MVFR,380,1890,20.11
KD73,"Monroe/Walton Cnty, GA, US",United States,GA,LIFR,60,1890,3.17
KD73,"Monroe/Walton Cnty, GA, US",United States,GA,IFR,0,0,0
KD95,"Lapeer/Dumont Arpt, MI, US",United States,MI,VFR,1791,1890,94.76
KD95,"Lapeer/Dumont Arpt, MI, US",United States,MI,LIFR,99,1890,5.24
KD95,"Lapeer/Dumont Arpt, MI, US",United States,MI,IFR,0,0,0
KD95,"Lapeer/Dumont Arpt, MI, US",United States,MI,MVFR,0,0,0
KDAA,"Fort Belvoir/Davison, VA, US",United States,VA,VFR,1290,1650,78.18
KDAA,"Fort Belvoir/Davison, VA, US",United States,VA,MVFR,360,1650,21.82
KDAA,"Fort Belvoir/Davison, VA, US",United States,VA,IFR,0,0,0
KDAA,"Fort Belvoir/Davison, VA, US",United States,VA,LIFR,0,0,0
KDAB,"Daytona Beach Intl, FL, US",United States,FL,VFR,1821,1890,96.35
KDAB,"Daytona Beach Intl, FL, US",United States,FL,MVFR,69,1890,3.65
KDAB,"Daytona Beach Intl, FL, US",United States,FL,IFR,0,0,0
KDAB,"Daytona Beach Intl, FL, US",United States,FL,LIFR,0,0,0
KDAG,"Barstow/Daggett Cnty, CA, US",United States,CA,VFR,1890,1890,100
KDAG,"Barstow/Daggett Cnty, CA, US",United States,CA,IFR,0,0,0
KDAG,"Barstow/Daggett Cnty, CA, US",United States,CA,LIFR,0,0,0
KDAG,"Barstow/Daggett Cnty, CA, US",United States,CA,MVFR,0,0,0
KDAL,"Dallas/Love Fld, TX, US",United States,TX,VFR,1890,1890,100
KDAL,"Dallas/Love Fld, TX, US",United States,TX,IFR,0,0,0
KDAL,"Dallas/Love Fld, TX, US",United States,TX,LIFR,0,0,0
KDAL,"Dallas/Love Fld, TX, US",United States,TX,MVFR,0,0,0
KDAN,"Danville Rgnl, VA, US",United States,VA,VFR,1890,1890,100
KDAN,"Danville Rgnl, VA, US",United States,VA,IFR,0,0,0
KDAN,"Danville Rgnl, VA, US",United States,VA,LIFR,0,0,0
KDAN,"Danville Rgnl, VA, US",United States,VA,MVFR,0,0,0
KDAW,"Rochester/Skyhaven Arpt, NH, US",United States,NH,VFR,1589,1729,91.9
KDAW,"Rochester/Skyhaven Arpt, NH, US",United States,NH,MVFR,140,1729,8.1
KDAW,"Rochester/Skyhaven Arpt, NH, US",United States,NH,IFR,0,0,0
KDAW,"Rochester/Skyhaven Arpt, NH, US",United States,NH,LIFR,0,0,0
KDAY,"Dayton/Cox Intl, OH, US",United States,OH,VFR,1890,1890,100
KDAY,"Dayton/Cox Intl, OH, US",United States,OH,IFR,0,0,0
KDAY,"Dayton/Cox Intl, OH, US",United States,OH,LIFR,0,0,0
KDAY,"Dayton/Cox Intl, OH, US",United States,OH,MVFR,0,0,0
KDBN,"Dublin/Barron Arpt, GA, US",United States,GA,VFR,1450,1870,77.54
KDBN,"Dublin/Barron Arpt, GA, US",United States,GA,LIFR,220,1870,11.76
KDBN,"Dublin/Barron Arpt, GA, US",United States,GA,MVFR,140,1870,7.49
KDBN,"Dublin/Barron Arpt, GA, US",United States,GA,IFR,60,1870,3.21
KDBQ,"Dubuque Rgnl, IA, US",United States,IA,VFR,1890,1890,100
KDBQ,"Dubuque Rgnl, IA, US",United States,IA,IFR,0,0,0
KDBQ,"Dubuque Rgnl, IA, US",United States,IA,LIFR,0,0,0
KDBQ,"Dubuque Rgnl, IA, US",United States,IA,MVFR,0,0,0
KDCA,"Washington/Reagan-National Arpt, VA, US",United States,VA,VFR,1610,1860,86.56
KDCA,"Washington/Reagan-National Arpt, VA, US",United States,VA,MVFR,250,1860,13.44
KDCA,"Washington/Reagan-National Arpt, VA, US",United States,VA,IFR,0,0,0
KDCA,"Washington/Reagan-National Arpt, VA, US",United States,VA,LIFR,0,0,0
KDCM,"Chester Muni, SC, US",United States,SC,VFR,1750,1890,92.59
KDCM,"Chester Muni, SC, US",United States,SC,LIFR,140,1890,7.41
KDCM,"Chester Muni, SC, US",United States,SC,IFR,0,0,0
KDCM,"Chester Muni, SC, US",United States,SC,MVFR,0,0,0
KDCU,"Decatur/Pryor Fld, AL, US",United States,AL,VFR,1300,1890,68.78
KDCU,"Decatur/Pryor Fld, AL, US",United States,AL,MVFR,332,1890,17.57
KDCU,"Decatur/Pryor Fld, AL, US",United States,AL,IFR,190,1890,10.05
KDCU,"Decatur/Pryor Fld, AL, US",United States,AL,LIFR,68,1890,3.6
KDCY,"Washington/Daviess Cnty, IN, US",United States,IN,VFR,1890,1890,100
KDCY,"Washington/Daviess Cnty, IN, US",United States,IN,IFR,0,0,0
KDCY,"Washington/Daviess Cnty, IN, US",United States,IN,LIFR,0,0,0
KDCY,"Washington/Daviess Cnty, IN, US",United States,IN,MVFR,0,0,0
KDDC,"Dodge City Arpt, KS, US",United States,KS,VFR,1830,1890,96.83
KDDC,"Dodge City Arpt, KS, US",United States,KS,MVFR,60,1890,3.17
KDDC,"Dodge City Arpt, KS, US",United States,KS,IFR,0,0,0
KDDC,"Dodge City Arpt, KS, US",United States,KS,LIFR,0,0,0
KDDH,"Bennington/Morse State Arpt, VT, US",United States,VT,VFR,1607,1890,85.03
KDDH,"Bennington/Morse State Arpt, VT, US",United States,VT,MVFR,283,1890,14.97
KDDH,"Bennington/Morse State Arpt, VT, US",United States,VT,IFR,0,0,0
KDDH,"Bennington/Morse State Arpt, VT, US",United States,VT,LIFR,0,0,0
KDEC,"Decatur Arpt, IL, US",United States,IL,VFR,1681,1745,96.33
KDEC,"Decatur Arpt, IL, US",United States,IL,LIFR,64,1745,3.67
KDEC,"Decatur Arpt, IL, US",United States,IL,IFR,0,0,0
KDEC,"Decatur Arpt, IL, US",United States,IL,MVFR,0,0,0
KDED,"Deland Muni, FL, US",United States,FL,VFR,1570,1890,83.07
KDED,"Deland Muni, FL, US",United States,FL,MVFR,320,1890,16.93
KDED,"Deland Muni, FL, US",United States,FL,IFR,0,0,0
KDED,"Deland Muni, FL, US",United States,FL,LIFR,0,0,0
KDEH,"Decorah Muni, IA, US",United States,IA,VFR,1690,1890,89.42
KDEH,"Decorah Muni, IA, US",United States,IA,MVFR,200,1890,10.58
KDEH,"Decorah Muni, IA, US",United States,IA,IFR,0,0,0
KDEH,"Decorah Muni, IA, US",United States,IA,LIFR,0,0,0
KDEN,"Denver Intl, CO, US",United States,CO,VFR,1890,1890,100
KDEN,"Denver Intl, CO, US",United States,CO,IFR,0,0,0
KDEN,"Denver Intl, CO, US",United States,CO,LIFR,0,0,0
KDEN,"Denver Intl, CO, US",United States,CO,MVFR,0,0,0
KDEQ,"De Queen/Helms Arpt, AR, US",United States,AR,VFR,1445,1864,77.52
KDEQ,"De Queen/Helms Arpt, AR, US",United States,AR,MVFR,325,1864,17.44
KDEQ,"De Queen/Helms Arpt, AR, US",United States,AR,IFR,54,1864,2.9
KDEQ,"De Queen/Helms Arpt, AR, US",United States,AR,LIFR,40,1864,2.15
KDET,"Detroit/C Young Arpt, MI, US",United States,MI,VFR,1890,1890,100
KDET,"Detroit/C Young Arpt, MI, US",United States,MI,IFR,0,0,0
KDET,"Detroit/C Young Arpt, MI, US",United States,MI,LIFR,0,0,0
KDET,"Detroit/C Young Arpt, MI, US",United States,MI,MVFR,0,0,0
KDEW,"Deer Park Arpt, WA, US",United States,WA,VFR,1890,1890,100
KDEW,"Deer Park Arpt, WA, US",United States,WA,IFR,0,0,0
KDEW,"Deer Park Arpt, WA, US",United States,WA,LIFR,0,0,0
KDEW,"Deer Park Arpt, WA, US",United States,WA,MVFR,0,0,0
KDFI,"Defiance Mem Arpt, OH, US",United States,OH,VFR,1890,1890,100
KDFI,"Defiance Mem Arpt, OH, US",United States,OH,IFR,0,0,0
KDFI,"Defiance Mem Arpt, OH, US",United States,OH,LIFR,0,0,0
KDFI,"Defiance Mem Arpt, OH, US",United States,OH,MVFR,0,0,0
KDFW,"Dallas-Ft Worth Intl, TX, US",United States,TX,VFR,1890,1890,100
KDFW,"Dallas-Ft Worth Intl, TX, US",United States,TX,IFR,0,0,0
KDFW,"Dallas-Ft Worth Intl, TX, US",United States,TX,LIFR,0,0,0
KDFW,"Dallas-Ft Worth Intl, TX, US",United States,TX,MVFR,0,0,0
KDGW,"Douglas/Converse Cnty, WY, US",United States,WY,VFR,1650,1890,87.3
KDGW,"Douglas/Converse Cnty, WY, US",United States,WY,MVFR,187,1890,9.89
KDGW,"Douglas/Converse Cnty, WY, US",United States,WY,IFR,53,1890,2.8
KDGW,"Douglas/Converse Cnty, WY, US",United States,WY,LIFR,0,0,0
KDHN,"Dothan Rgnl, AL, US",United States,AL,VFR,1555,1890,82.28
KDHN,"Dothan Rgnl, AL, US",United States,AL,MVFR,164,1890,8.68
KDHN,"Dothan Rgnl, AL, US",United States,AL,IFR,113,1890,5.98
KDHN,"Dothan Rgnl, AL, US",United States,AL,LIFR,58,1890,3.07
KDHT,"Dalhart Muni, TX, US",United States,TX,VFR,1538,1874,82.07
KDHT,"Dalhart Muni, TX, US",United States,TX,IFR,183,1874,9.77
KDHT,"Dalhart Muni, TX, US",United States,TX,LIFR,120,1874,6.4
KDHT,"Dalhart Muni, TX, US",United States,TX,MVFR,33,1874,1.76
KDIJ,"Driggs/Reed Mem, ID, US",United States,ID,VFR,1890,1890,100
KDIJ,"Driggs/Reed Mem, ID, US",United States,ID,IFR,0,0,0
KDIJ,"Driggs/Reed Mem, ID, US",United States,ID,LIFR,0,0,0
KDIJ,"Driggs/Reed Mem, ID, US",United States,ID,MVFR,0,0,0
KDIK,"Dickinson/Roosevelt , ND, US",United States,ND,VFR,1650,1890,87.3
KDIK,"Dickinson/Roosevelt , ND, US",United States,ND,LIFR,154,1890,8.15
KDIK,"Dickinson/Roosevelt , ND, US",United States,ND,MVFR,60,1890,3.17
KDIK,"Dickinson/Roosevelt , ND, US",United States,ND,IFR,26,1890,1.38
KDKB,"DeKalb/Taylor Muni, IL, US",United States,IL,VFR,1890,1890,100
KDKB,"DeKalb/Taylor Muni, IL, US",United States,IL,IFR,0,0,0
KDKB,"DeKalb/Taylor Muni, IL, US",United States,IL,LIFR,0,0,0
KDKB,"DeKalb/Taylor Muni, IL, US",United States,IL,MVFR,0,0,0
KDKK,"Dunkirk/Chautauqua Cnty, NY, US",United States,NY,VFR,1890,1890,100
KDKK,"Dunkirk/Chautauqua Cnty, NY, US",United States,NY,IFR,0,0,0
KDKK,"Dunkirk/Chautauqua Cnty, NY, US",United States,NY,LIFR,0,0,0
KDKK,"Dunkirk/Chautauqua Cnty, NY, US",United States,NY,MVFR,0,0,0
KDKR,"Crockett/Houston Cnty, TX, US",United States,TX,VFR,1890,1890,100
KDKR,"Crockett/Houston Cnty, TX, US",United States,TX,IFR,0,0,0
KDKR,"Crockett/Houston Cnty, TX, US",United States,TX,LIFR,0,0,0
KDKR,"Crockett/Houston Cnty, TX, US",United States,TX,MVFR,0,0,0
KDKX,"Knoxville/Downtown Arpt, TN, US",United States,TN,VFR,1710,1890,90.48
KDKX,"Knoxville/Downtown Arpt, TN, US",United States,TN,MVFR,100,1890,5.29
KDKX,"Knoxville/Downtown Arpt, TN, US",United States,TN,IFR,80,1890,4.23
KDKX,"Knoxville/Downtown Arpt, TN, US",United States,TN,LIFR,0,0,0
KDLF,"Laughlin AFB, TX, US",United States,TX,VFR,1650,1650,100
KDLF,"Laughlin AFB, TX, US",United States,TX,IFR,0,0,0
KDLF,"Laughlin AFB, TX, US",United States,TX,LIFR,0,0,0
KDLF,"Laughlin AFB, TX, US",United States,TX,MVFR,0,0,0
KDLH,"Duluth Intl Arpt, MN, US",United States,MN,VFR,1890,1890,100
KDLH,"Duluth Intl Arpt, MN, US",United States,MN,IFR,0,0,0
KDLH,"Duluth Intl Arpt, MN, US",United States,MN,LIFR,0,0,0
KDLH,"Duluth Intl Arpt, MN, US",United States,MN,MVFR,0,0,0
KDLL,"Baraboo-Dells Arpt, WI, US",United States,WI,VFR,1870,1890,98.94
KDLL,"Baraboo-Dells Arpt, WI, US",United States,WI,IFR,20,1890,1.06
KDLL,"Baraboo-Dells Arpt, WI, US",United States,WI,LIFR,0,0,0
KDLL,"Baraboo-Dells Arpt, WI, US",United States,WI,MVFR,0,0,0
KDLN,"Dillon Arpt, MT, US",United States,MT,VFR,1890,1890,100
KDLN,"Dillon Arpt, MT, US",United States,MT,IFR,0,0,0
KDLN,"Dillon Arpt, MT, US",United States,MT,LIFR,0,0,0
KDLN,"Dillon Arpt, MT, US",United States,MT,MVFR,0,0,0
KDLO,"Delano Muni, CA, US",United States,CA,IFR,0,0,0
KDLO,"Delano Muni, CA, US",United States,CA,LIFR,0,0,0
KDLO,"Delano Muni, CA, US",United States,CA,MVFR,0,0,0
KDLO,"Delano Muni, CA, US",United States,CA,VFR,0,0,0
KDLS,"The Dalles Muni, OR, US",United States,OR,VFR,755,755,100
KDLS,"The Dalles Muni, OR, US",United States,OR,IFR,0,0,0
KDLS,"The Dalles Muni, OR, US",United States,OR,LIFR,0,0,0
KDLS,"The Dalles Muni, OR, US",United States,OR,MVFR,0,0,0
KDLZ,"Delaware Muni, OH, US",United States,OH,VFR,1890,1890,100
KDLZ,"Delaware Muni, OH, US",United States,OH,IFR,0,0,0
KDLZ,"Delaware Muni, OH, US",United States,OH,LIFR,0,0,0
KDLZ,"Delaware Muni, OH, US",United States,OH,MVFR,0,0,0
KDMA,"Tucson/Davis AFB, AZ, US",United States,AZ,VFR,1650,1650,100
KDMA,"Tucson/Davis AFB, AZ, US",United States,AZ,IFR,0,0,0
KDMA,"Tucson/Davis AFB, AZ, US",United States,AZ,LIFR,0,0,0
KDMA,"Tucson/Davis AFB, AZ, US",United States,AZ,MVFR,0,0,0
KDMN,"Deming Muni, NM, US",United States,NM,VFR,1890,1890,100
KDMN,"Deming Muni, NM, US",United States,NM,IFR,0,0,0
KDMN,"Deming Muni, NM, US",United States,NM,LIFR,0,0,0
KDMN,"Deming Muni, NM, US",United States,NM,MVFR,0,0,0
KDMO,"Sedalia Mem, MO, US",United States,MO,VFR,1890,1890,100
KDMO,"Sedalia Mem, MO, US",United States,MO,IFR,0,0,0
KDMO,"Sedalia Mem, MO, US",United States,MO,LIFR,0,0,0
KDMO,"Sedalia Mem, MO, US",United States,MO,MVFR,0,0,0
KDMW,"Westminster/Carroll Cnty Rgnl, MD, US",United States,MD,VFR,1625,1900,85.53
KDMW,"Westminster/Carroll Cnty Rgnl, MD, US",United States,MD,MVFR,155,1900,8.16
KDMW,"Westminster/Carroll Cnty Rgnl, MD, US",United States,MD,LIFR,100,1900,5.26
KDMW,"Westminster/Carroll Cnty Rgnl, MD, US",United States,MD,IFR,20,1900,1.05
KDNL,"Augusta/Daniel Fld, GA, US",United States,GA,VFR,1528,1890,80.85
KDNL,"Augusta/Daniel Fld, GA, US",United States,GA,MVFR,229,1890,12.12
KDNL,"Augusta/Daniel Fld, GA, US",United States,GA,LIFR,125,1890,6.61
KDNL,"Augusta/Daniel Fld, GA, US",United States,GA,IFR,8,1890,0.42
KDNN,"Dalton Muni, GA, US",United States,GA,VFR,1650,1870,88.24
KDNN,"Dalton Muni, GA, US",United States,GA,MVFR,140,1870,7.49
KDNN,"Dalton Muni, GA, US",United States,GA,IFR,40,1870,2.14
KDNN,"Dalton Muni, GA, US",United States,GA,LIFR,40,1870,2.14
KDNS,"Denison Muni, IA, US",United States,IA,VFR,1890,1890,100
KDNS,"Denison Muni, IA, US",United States,IA,IFR,0,0,0
KDNS,"Denison Muni, IA, US",United States,IA,LIFR,0,0,0
KDNS,"Denison Muni, IA, US",United States,IA,MVFR,0,0,0
KDNV,"Danville/Vermillion Rgnl, IL, US",United States,IL,VFR,820,1885,43.5
KDNV,"Danville/Vermillion Rgnl, IL, US",United States,IL,MVFR,570,1885,30.24
KDNV,"Danville/Vermillion Rgnl, IL, US",United States,IL,IFR,435,1885,23.08
KDNV,"Danville/Vermillion Rgnl, IL, US",United States,IL,LIFR,60,1885,3.18
KDOV,"Dover AFB, DE, US",United States,DE,VFR,1325,1650,80.3
KDOV,"Dover AFB, DE, US",United States,DE,LIFR,155,1650,9.39
KDOV,"Dover AFB, DE, US",United States,DE,MVFR,139,1650,8.42
KDOV,"Dover AFB, DE, US",United States,DE,IFR,31,1650,1.88
KDPA,"Dupage Cnty Arpt, IL, US",United States,IL,VFR,1890,1890,100
KDPA,"Dupage Cnty Arpt, IL, US",United States,IL,IFR,0,0,0
KDPA,"Dupage Cnty Arpt, IL, US",United States,IL,LIFR,0,0,0
KDPA,"Dupage Cnty Arpt, IL, US",United States,IL,MVFR,0,0,0
KDPL,"Kenansville/Duplin Arpt, NC, US",United States,NC,VFR,1830,1900,96.32
KDPL,"Kenansville/Duplin Arpt, NC, US",United States,NC,MVFR,70,1900,3.68
KDPL,"Kenansville/Duplin Arpt, NC, US",United States,NC,IFR,0,0,0
KDPL,"Kenansville/Duplin Arpt, NC, US",United States,NC,LIFR,0,0,0
KDQH,"Douglas Muni, GA, US",United States,GA,VFR,1200,1890,63.49
KDQH,"Douglas Muni, GA, US",United States,GA,IFR,380,1890,20.11
KDQH,"Douglas Muni, GA, US",United States,GA,LIFR,220,1890,11.64
KDQH,"Douglas Muni, GA, US",United States,GA,MVFR,90,1890,4.76
KDRA,"Mercury/Desert Rock, NV, US",United States,NV,VFR,1890,1890,100
KDRA,"Mercury/Desert Rock, NV, US",United States,NV,IFR,0,0,0
KDRA,"Mercury/Desert Rock, NV, US",United States,NV,LIFR,0,0,0
KDRA,"Mercury/Desert Rock, NV, US",United States,NV,MVFR,0,0,0
KDRI,"Deridder/Beauregard Rgnl, LA, US",United States,LA,VFR,1870,1870,100
KDRI,"Deridder/Beauregard Rgnl, LA, US",United States,LA,IFR,0,0,0
KDRI,"Deridder/Beauregard Rgnl, LA, US",United States,LA,LIFR,0,0,0
KDRI,"Deridder/Beauregard Rgnl, LA, US",United States,LA,MVFR,0,0,0
KDRM,"Drummond Island Arpt, MI, US",United States,MI,VFR,1890,1890,100
KDRM,"Drummond Island Arpt, MI, US",United States,MI,IFR,0,0,0
KDRM,"Drummond Island Arpt, MI, US",United States,MI,LIFR,0,0,0
KDRM,"Drummond Island Arpt, MI, US",United States,MI,MVFR,0,0,0
KDRO,"Durango/La Plata Cnty, CO, US",United States,CO,VFR,1890,1890,100
KDRO,"Durango/La Plata Cnty, CO, US",United States,CO,IFR,0,0,0
KDRO,"Durango/La Plata Cnty, CO, US",United States,CO,LIFR,0,0,0
KDRO,"Durango/La Plata Cnty, CO, US",United States,CO,MVFR,0,0,0
KDRP,"Colt/Delta Rgnl, AR, US",United States,AR,VFR,1705,1905,89.5
KDRP,"Colt/Delta Rgnl, AR, US",United States,AR,MVFR,200,1905,10.5
KDRP,"Colt/Delta Rgnl, AR, US",United States,AR,IFR,0,0,0
KDRP,"Colt/Delta Rgnl, AR, US",United States,AR,LIFR,0,0,0
KDRT,"Del Rio Intl, TX, US",United States,TX,VFR,1890,1890,100
KDRT,"Del Rio Intl, TX, US",United States,TX,IFR,0,0,0
KDRT,"Del Rio Intl, TX, US",United States,TX,LIFR,0,0,0
KDRT,"Del Rio Intl, TX, US",United States,TX,MVFR,0,0,0
KDSM,"Des Moines Intl, IA, US",United States,IA,VFR,1890,1890,100
KDSM,"Des Moines Intl, IA, US",United States,IA,IFR,0,0,0
KDSM,"Des Moines Intl, IA, US",United States,IA,LIFR,0,0,0
KDSM,"Des Moines Intl, IA, US",United States,IA,MVFR,0,0,0
KDSV,"Dansville Muni, NY, US",United States,NY,VFR,1820,1867,97.48
KDSV,"Dansville Muni, NY, US",United States,NY,MVFR,47,1867,2.52
KDSV,"Dansville Muni, NY, US",United States,NY,IFR,0,0,0
KDSV,"Dansville Muni, NY, US",United States,NY,LIFR,0,0,0
KDTA,"Delta Muni, UT, US",United States,UT,VFR,1890,1890,100
KDTA,"Delta Muni, UT, US",United States,UT,IFR,0,0,0
KDTA,"Delta Muni, UT, US",United States,UT,LIFR,0,0,0
KDTA,"Delta Muni, UT, US",United States,UT,MVFR,0,0,0
KDTL,"Detroit Lakes Arpt, MN, US",United States,MN,VFR,1890,1890,100
KDTL,"Detroit Lakes Arpt, MN, US",United States,MN,IFR,0,0,0
KDTL,"Detroit Lakes Arpt, MN, US",United States,MN,LIFR,0,0,0
KDTL,"Detroit Lakes Arpt, MN, US",United States,MN,MVFR,0,0,0
KDTN,"Shreveport/Downtown Arpt, LA, US",United States,LA,VFR,1890,1890,100
KDTN,"Shreveport/Downtown Arpt, LA, US",United States,LA,IFR,0,0,0
KDTN,"Shreveport/Downtown Arpt, LA, US",United States,LA,LIFR,0,0,0
KDTN,"Shreveport/Downtown Arpt, LA, US",United States,LA,MVFR,0,0,0
KDTO,"Denton Muni, TX, US",United States,TX,VFR,1869,1890,98.89
KDTO,"Denton Muni, TX, US",United States,TX,MVFR,21,1890,1.11
KDTO,"Denton Muni, TX, US",United States,TX,IFR,0,0,0
KDTO,"Denton Muni, TX, US",United States,TX,LIFR,0,0,0
KDTS,"Destin Arpt, FL, US",United States,FL,VFR,1874,1890,99.15
KDTS,"Destin Arpt, FL, US",United States,FL,IFR,16,1890,0.85
KDTS,"Destin Arpt, FL, US",United States,FL,LIFR,0,0,0
KDTS,"Destin Arpt, FL, US",United States,FL,MVFR,0,0,0
KDTW,"Detroit/Metro Wayne Cnty, MI, US",United States,MI,VFR,1890,1890,100
KDTW,"Detroit/Metro Wayne Cnty, MI, US",United States,MI,IFR,0,0,0
KDTW,"Detroit/Metro Wayne Cnty, MI, US",United States,MI,LIFR,0,0,0
KDTW,"Detroit/Metro Wayne Cnty, MI, US",United States,MI,MVFR,0,0,0
KDUA,"Durant/Eaker Fld, OK, US",United States,OK,VFR,1330,1410,94.33
KDUA,"Durant/Eaker Fld, OK, US",United States,OK,IFR,80,1410,5.67
KDUA,"Durant/Eaker Fld, OK, US",United States,OK,LIFR,0,0,0
KDUA,"Durant/Eaker Fld, OK, US",United States,OK,MVFR,0,0,0
KDUC,"Duncan/Halliburton Fld, OK, US",United States,OK,VFR,1770,1890,93.65
KDUC,"Duncan/Halliburton Fld, OK, US",United States,OK,MVFR,80,1890,4.23
KDUC,"Duncan/Halliburton Fld, OK, US",United States,OK,IFR,40,1890,2.12
KDUC,"Duncan/Halliburton Fld, OK, US",United States,OK,LIFR,0,0,0
KDUH,"Toledo/Suburban Arpt, MI, US",United States,MI,VFR,78,78,100
KDUH,"Toledo/Suburban Arpt, MI, US",United States,MI,IFR,0,0,0
KDUH,"Toledo/Suburban Arpt, MI, US",United States,MI,LIFR,0,0,0
KDUH,"Toledo/Suburban Arpt, MI, US",United States,MI,MVFR,0,0,0
KDUJ,"Du Bois Rgnl, PA, US",United States,PA,VFR,1880,1890,99.47
KDUJ,"Du Bois Rgnl, PA, US",United States,PA,MVFR,10,1890,0.53
KDUJ,"Du Bois Rgnl, PA, US",United States,PA,IFR,0,0,0
KDUJ,"Du Bois Rgnl, PA, US",United States,PA,LIFR,0,0,0
KDUX,"Dumas/Moore Cnty, TX, US",United States,TX,VFR,1550,1890,82.01
KDUX,"Dumas/Moore Cnty, TX, US",United States,TX,IFR,220,1890,11.64
KDUX,"Dumas/Moore Cnty, TX, US",United States,TX,MVFR,120,1890,6.35
KDUX,"Dumas/Moore Cnty, TX, US",United States,TX,LIFR,0,0,0
KDVK,"Danville/Powell Fld, KY, US",United States,KY,VFR,1650,1890,87.3
KDVK,"Danville/Powell Fld, KY, US",United States,KY,IFR,120,1890,6.35
KDVK,"Danville/Powell Fld, KY, US",United States,KY,MVFR,100,1890,5.29
KDVK,"Danville/Powell Fld, KY, US",United States,KY,LIFR,20,1890,1.06
KDVL,"Devils Lake Rgnl, ND, US",United States,ND,VFR,1890,1890,100
KDVL,"Devils Lake Rgnl, ND, US",United States,ND,IFR,0,0,0
KDVL,"Devils Lake Rgnl, ND, US",United States,ND,LIFR,0,0,0
KDVL,"Devils Lake Rgnl, ND, US",United States,ND,MVFR,0,0,0
KDVN,"Davenport Muni, IA, US",United States,IA,VFR,1890,1890,100
KDVN,"Davenport Muni, IA, US",United States,IA,IFR,0,0,0
KDVN,"Davenport Muni, IA, US",United States,IA,LIFR,0,0,0
KDVN,"Davenport Muni, IA, US",United States,IA,MVFR,0,0,0
KDVO,"Novato/Gnoss Fld, CA, US",United States,CA,MVFR,1130,1890,59.79
KDVO,"Novato/Gnoss Fld, CA, US",United States,CA,VFR,680,1890,35.98
KDVO,"Novato/Gnoss Fld, CA, US",United States,CA,IFR,80,1890,4.23
KDVO,"Novato/Gnoss Fld, CA, US",United States,CA,LIFR,0,0,0
KDVT,"Phoenix/Deer Valley Arpt, AZ, US",United States,AZ,VFR,1770,1770,100
KDVT,"Phoenix/Deer Valley Arpt, AZ, US",United States,AZ,IFR,0,0,0
KDVT,"Phoenix/Deer Valley Arpt, AZ, US",United States,AZ,LIFR,0,0,0
KDVT,"Phoenix/Deer Valley Arpt, AZ, US",United States,AZ,MVFR,0,0,0
KDWA,"Davis/Yolo Cnty, CA, US",United States,CA,VFR,1870,1910,97.91
KDWA,"Davis/Yolo Cnty, CA, US",United States,CA,MVFR,40,1910,2.09
KDWA,"Davis/Yolo Cnty, CA, US",United States,CA,IFR,0,0,0
KDWA,"Davis/Yolo Cnty, CA, US",United States,CA,LIFR,0,0,0
KDWH,"Houston/Hooks Mem, TX, US",United States,TX,VFR,1890,1890,100
KDWH,"Houston/Hooks Mem, TX, US",United States,TX,IFR,0,0,0
KDWH,"Houston/Hooks Mem, TX, US",United States,TX,LIFR,0,0,0
KDWH,"Houston/Hooks Mem, TX, US",United States,TX,MVFR,0,0,0
KDWU,"Ashland Rgnl, KY, US",United States,KY,VFR,1760,1890,93.12
KDWU,"Ashland Rgnl, KY, US",United States,KY,MVFR,130,1890,6.88
KDWU,"Ashland Rgnl, KY, US",United States,KY,IFR,0,0,0
KDWU,"Ashland Rgnl, KY, US",United States,KY,LIFR,0,0,0
KDXR,"Danbury Muni, CT, US",United States,CT,VFR,1540,1874,82.18
KDXR,"Danbury Muni, CT, US",United States,CT,MVFR,305,1874,16.28
KDXR,"Danbury Muni, CT, US",United States,CT,IFR,29,1874,1.55
KDXR,"Danbury Muni, CT, US",United States,CT,LIFR,0,0,0
KDXX,"Madison/Lac Qui Parle Cnty, MN, US",United States,MN,VFR,1890,1890,100
KDXX,"Madison/Lac Qui Parle Cnty, MN, US",United States,MN,IFR,0,0,0
KDXX,"Madison/Lac Qui Parle Cnty, MN, US",United States,MN,LIFR,0,0,0
KDXX,"Madison/Lac Qui Parle Cnty, MN, US",United States,MN,MVFR,0,0,0
KDYA,"Demopolis Muni, AL, US",United States,AL,VFR,1670,1910,87.43
KDYA,"Demopolis Muni, AL, US",United States,AL,MVFR,160,1910,8.38
KDYA,"Demopolis Muni, AL, US",United States,AL,IFR,60,1910,3.14
KDYA,"Demopolis Muni, AL, US",United States,AL,LIFR,20,1910,1.05
KDYB,"Summerville Arpt, SC, US",United States,SC,VFR,1550,1890,82.01
KDYB,"Summerville Arpt, SC, US",United States,SC,MVFR,220,1890,11.64
KDYB,"Summerville Arpt, SC, US",United States,SC,IFR,100,1890,5.29
KDYB,"Summerville Arpt, SC, US",United States,SC,LIFR,20,1890,1.06
KDYL,"Doylestown Arpt, PA, US",United States,PA,VFR,1698,1867,90.95
KDYL,"Doylestown Arpt, PA, US",United States,PA,MVFR,169,1867,9.05
KDYL,"Doylestown Arpt, PA, US",United States,PA,IFR,0,0,0
KDYL,"Doylestown Arpt, PA, US",United States,PA,LIFR,0,0,0
KDYR,"Dyersburg Rgnl, TN, US",United States,TN,VFR,1890,1890,100
KDYR,"Dyersburg Rgnl, TN, US",United States,TN,IFR,0,0,0
KDYR,"Dyersburg Rgnl, TN, US",United States,TN,LIFR,0,0,0
KDYR,"Dyersburg Rgnl, TN, US",United States,TN,MVFR,0,0,0
KDYS,"Abilene/Dyess AFB, TX, US",United States,TX,VFR,1590,1590,100
KDYS,"Abilene/Dyess AFB, TX, US",United States,TX,IFR,0,0,0
KDYS,"Abilene/Dyess AFB, TX, US",United States,TX,LIFR,0,0,0
KDYS,"Abilene/Dyess AFB, TX, US",United States,TX,MVFR,0,0,0
KDYT,"Duluth/Sky Harbor Arpt, MN, US",United States,MN,VFR,1810,1890,95.77
KDYT,"Duluth/Sky Harbor Arpt, MN, US",United States,MN,MVFR,80,1890,4.23
KDYT,"Duluth/Sky Harbor Arpt, MN, US",United States,MN,IFR,0,0,0
KDYT,"Duluth/Sky Harbor Arpt, MN, US",United States,MN,LIFR,0,0,0
KDZB,"Marble Falls/Horseshoe Bay Arpt, TX, US",United States,TX,VFR,1590,1890,84.13
KDZB,"Marble Falls/Horseshoe Bay Arpt, TX, US",United States,TX,MVFR,300,1890,15.87
KDZB,"Marble Falls/Horseshoe Bay Arpt, TX, US",United States,TX,IFR,0,0,0
KDZB,"Marble Falls/Horseshoe Bay Arpt, TX, US",United States,TX,LIFR,0,0,0
KDZJ,"Blairsville Arpt, GA, US",United States,GA,VFR,1330,1870,71.12
KDZJ,"Blairsville Arpt, GA, US",United States,GA,LIFR,200,1870,10.7
KDZJ,"Blairsville Arpt, GA, US",United States,GA,MVFR,180,1870,9.63
KDZJ,"Blairsville Arpt, GA, US",United States,GA,IFR,160,1870,8.56
KE01,"Monahans/Hurd Mem, TX, US",United States,TX,VFR,1870,1870,100
KE01,"Monahans/Hurd Mem, TX, US",United States,TX,IFR,0,0,0
KE01,"Monahans/Hurd Mem, TX, US",United States,TX,LIFR,0,0,0
KE01,"Monahans/Hurd Mem, TX, US",United States,TX,MVFR,0,0,0
KE11,"Andrews Cnty, TX, US",United States,TX,VFR,1890,1890,100
KE11,"Andrews Cnty, TX, US",United States,TX,IFR,0,0,0
KE11,"Andrews Cnty, TX, US",United States,TX,LIFR,0,0,0
KE11,"Andrews Cnty, TX, US",United States,TX,MVFR,0,0,0
KE16,"San Martin Arpt, CA, US",United States,CA,VFR,1390,1890,73.54
KE16,"San Martin Arpt, CA, US",United States,CA,MVFR,480,1890,25.4
KE16,"San Martin Arpt, CA, US",United States,CA,IFR,20,1890,1.06
KE16,"San Martin Arpt, CA, US",United States,CA,LIFR,0,0,0
KE38,"Alpine/Casparis Muni, TX, US",United States,TX,VFR,1810,1890,95.77
KE38,"Alpine/Casparis Muni, TX, US",United States,TX,MVFR,80,1890,4.23
KE38,"Alpine/Casparis Muni, TX, US",United States,TX,IFR,0,0,0
KE38,"Alpine/Casparis Muni, TX, US",United States,TX,LIFR,0,0,0
KE41,"Big Lake/Reagan Cnty, TX, US",United States,TX,VFR,1870,1890,98.94
KE41,"Big Lake/Reagan Cnty, TX, US",United States,TX,MVFR,20,1890,1.06
KE41,"Big Lake/Reagan Cnty, TX, US",United States,TX,IFR,0,0,0
KE41,"Big Lake/Reagan Cnty, TX, US",United States,TX,LIFR,0,0,0
KE57,"Denver City Arpt, TX, US",United States,TX,VFR,1890,1890,100
KE57,"Denver City Arpt, TX, US",United States,TX,IFR,0,0,0
KE57,"Denver City Arpt, TX, US",United States,TX,LIFR,0,0,0
KE57,"Denver City Arpt, TX, US",United States,TX,MVFR,0,0,0
KE77,"San Manuel Arpt, AZ, US",United States,AZ,VFR,1910,1910,100
KE77,"San Manuel Arpt, AZ, US",United States,AZ,IFR,0,0,0
KE77,"San Manuel Arpt, AZ, US",United States,AZ,LIFR,0,0,0
KE77,"San Manuel Arpt, AZ, US",United States,AZ,MVFR,0,0,0
KEAN,"Wheatland/Phifer Fld, WY, US",United States,WY,VFR,1890,1890,100
KEAN,"Wheatland/Phifer Fld, WY, US",United States,WY,IFR,0,0,0
KEAN,"Wheatland/Phifer Fld, WY, US",United States,WY,LIFR,0,0,0
KEAN,"Wheatland/Phifer Fld, WY, US",United States,WY,MVFR,0,0,0
KEAR,"Kearney Rgnl, NE, US",United States,NE,VFR,1685,1890,89.15
KEAR,"Kearney Rgnl, NE, US",United States,NE,MVFR,205,1890,10.85
KEAR,"Kearney Rgnl, NE, US",United States,NE,IFR,0,0,0
KEAR,"Kearney Rgnl, NE, US",United States,NE,LIFR,0,0,0
KEAT,"Wenatchee/Pangborn Mem, WA, US",United States,WA,VFR,1200,1890,63.49
KEAT,"Wenatchee/Pangborn Mem, WA, US",United States,WA,MVFR,690,1890,36.51
KEAT,"Wenatchee/Pangborn Mem, WA, US",United States,WA,IFR,0,0,0
KEAT,"Wenatchee/Pangborn Mem, WA, US",United States,WA,LIFR,0,0,0
KEAU,"Eau Claire/Chippewa Valley Rgnl, WI, US",United States,WI,VFR,1749,1890,92.54
KEAU,"Eau Claire/Chippewa Valley Rgnl, WI, US",United States,WI,LIFR,97,1890,5.13
KEAU,"Eau Claire/Chippewa Valley Rgnl, WI, US",United States,WI,IFR,44,1890,2.33
KEAU,"Eau Claire/Chippewa Valley Rgnl, WI, US",United States,WI,MVFR,0,0,0
KEBG,"Edinburg/S Texas Intl, TX, US",United States,TX,VFR,1290,1890,68.25
KEBG,"Edinburg/S Texas Intl, TX, US",United States,TX,MVFR,560,1890,29.63
KEBG,"Edinburg/S Texas Intl, TX, US",United States,TX,IFR,40,1890,2.12
KEBG,"Edinburg/S Texas Intl, TX, US",United States,TX,LIFR,0,0,0
KECG,"Elizabeth City Rgnl, NC, US",United States,NC,VFR,1866,1890,98.73
KECG,"Elizabeth City Rgnl, NC, US",United States,NC,IFR,14,1890,0.74
KECG,"Elizabeth City Rgnl, NC, US",United States,NC,MVFR,10,1890,0.53
KECG,"Elizabeth City Rgnl, NC, US",United States,NC,LIFR,0,0,0
KECP,"Panama City/NW Florida Beaches Intl, FL, US",United States,FL,VFR,1623,1910,84.97
KECP,"Panama City/NW Florida Beaches Intl, FL, US",United States,FL,MVFR,287,1910,15.03
KECP,"Panama City/NW Florida Beaches Intl, FL, US",United States,FL,IFR,0,0,0
KECP,"Panama City/NW Florida Beaches Intl, FL, US",United States,FL,LIFR,0,0,0
KECS,"Newcastle/Mondell Arpt, WY, US",United States,WY,VFR,1890,1890,100
KECS,"Newcastle/Mondell Arpt, WY, US",United States,WY,IFR,0,0,0
KECS,"Newcastle/Mondell Arpt, WY, US",United States,WY,LIFR,0,0,0
KECS,"Newcastle/Mondell Arpt, WY, US",United States,WY,MVFR,0,0,0
KECU,"Rocksprings/Edwards Cnty, TX, US",United States,TX,VFR,1890,1890,100
KECU,"Rocksprings/Edwards Cnty, TX, US",United States,TX,IFR,0,0,0
KECU,"Rocksprings/Edwards Cnty, TX, US",United States,TX,LIFR,0,0,0
KECU,"Rocksprings/Edwards Cnty, TX, US",United States,TX,MVFR,0,0,0
KEDC,"Austin/Executive Arpt, TX, US",United States,TX,VFR,1850,1890,97.88
KEDC,"Austin/Executive Arpt, TX, US",United States,TX,MVFR,40,1890,2.12
KEDC,"Austin/Executive Arpt, TX, US",United States,TX,IFR,0,0,0
KEDC,"Austin/Executive Arpt, TX, US",United States,TX,LIFR,0,0,0
KEDE,"Edenton/Northeast Rgnl, NC, US",United States,NC,VFR,1600,1900,84.21
KEDE,"Edenton/Northeast Rgnl, NC, US",United States,NC,MVFR,290,1900,15.26
KEDE,"Edenton/Northeast Rgnl, NC, US",United States,NC,IFR,10,1900,0.53
KEDE,"Edenton/Northeast Rgnl, NC, US",United States,NC,LIFR,0,0,0
KEDJ,"Bellefontaine Rgnl, OH, US",United States,OH,VFR,1790,1830,97.81
KEDJ,"Bellefontaine Rgnl, OH, US",United States,OH,MVFR,40,1830,2.19
KEDJ,"Bellefontaine Rgnl, OH, US",United States,OH,IFR,0,0,0
KEDJ,"Bellefontaine Rgnl, OH, US",United States,OH,LIFR,0,0,0
KEDN,"Enterprise Muni, AL, US",United States,AL,VFR,1660,1890,87.83
KEDN,"Enterprise Muni, AL, US",United States,AL,MVFR,230,1890,12.17
KEDN,"Enterprise Muni, AL, US",United States,AL,IFR,0,0,0
KEDN,"Enterprise Muni, AL, US",United States,AL,LIFR,0,0,0
KEDU,"Davis/University Arpt, CA, US",United States,CA,VFR,1905,1905,100
KEDU,"Davis/University Arpt, CA, US",United States,CA,IFR,0,0,0
KEDU,"Davis/University Arpt, CA, US",United States,CA,LIFR,0,0,0
KEDU,"Davis/University Arpt, CA, US",United States,CA,MVFR,0,0,0
KEDW,"Edwards AFB, CA, US",United States,CA,VFR,1650,1650,100
KEDW,"Edwards AFB, CA, US",United States,CA,IFR,0,0,0
KEDW,"Edwards AFB, CA, US",United States,CA,LIFR,0,0,0
KEDW,"Edwards AFB, CA, US",United States,CA,MVFR,0,0,0
KEED,"Needles Arpt, CA, US",United States,CA,IFR,0,0,0
KEED,"Needles Arpt, CA, US",United States,CA,LIFR,0,0,0
KEED,"Needles Arpt, CA, US",United States,CA,MVFR,0,0,0
KEED,"Needles Arpt, CA, US",United States,CA,VFR,0,0,0
KEEN,"Keene/Hopkins Arpt, NH, US",United States,NH,VFR,1594,1884,84.61
KEEN,"Keene/Hopkins Arpt, NH, US",United States,NH,MVFR,290,1884,15.39
KEEN,"Keene/Hopkins Arpt, NH, US",United States,NH,IFR,0,0,0
KEEN,"Keene/Hopkins Arpt, NH, US",United States,NH,LIFR,0,0,0
KEEO,"Meeker Arpt, CO, US",United States,CO,VFR,1890,1890,100
KEEO,"Meeker Arpt, CO, US",United States,CO,IFR,0,0,0
KEEO,"Meeker Arpt, CO, US",United States,CO,LIFR,0,0,0
KEEO,"Meeker Arpt, CO, US",United States,CO,MVFR,0,0,0
KEET,"Alabaster/Shelby Cnty, AL, US",United States,AL,VFR,1827,1890,96.67
KEET,"Alabaster/Shelby Cnty, AL, US",United States,AL,MVFR,63,1890,3.33
KEET,"Alabaster/Shelby Cnty, AL, US",United States,AL,IFR,0,0,0
KEET,"Alabaster/Shelby Cnty, AL, US",United States,AL,LIFR,0,0,0
KEFD,"Houston/Ellington Arpt, TX, US",United States,TX,VFR,1830,1830,100
KEFD,"Houston/Ellington Arpt, TX, US",United States,TX,IFR,0,0,0
KEFD,"Houston/Ellington Arpt, TX, US",United States,TX,LIFR,0,0,0
KEFD,"Houston/Ellington Arpt, TX, US",United States,TX,MVFR,0,0,0
KEFK,"Newport/Northeast Kingdom Intl, VT, US",United States,VT,VFR,1590,1890,84.13
KEFK,"Newport/Northeast Kingdom Intl, VT, US",United States,VT,MVFR,300,1890,15.87
KEFK,"Newport/Northeast Kingdom Intl, VT, US",United States,VT,IFR,0,0,0
KEFK,"Newport/Northeast Kingdom Intl, VT, US",United States,VT,LIFR,0,0,0
KEFT,"Monroe Muni, WI, US",United States,WI,VFR,1890,1890,100
KEFT,"Monroe Muni, WI, US",United States,WI,IFR,0,0,0
KEFT,"Monroe Muni, WI, US",United States,WI,LIFR,0,0,0
KEFT,"Monroe Muni, WI, US",United States,WI,MVFR,0,0,0
KEGE,"Eagle Cnty Rgnl, CO, US",United States,CO,VFR,1890,1890,100
KEGE,"Eagle Cnty Rgnl, CO, US",United States,CO,IFR,0,0,0
KEGE,"Eagle Cnty Rgnl, CO, US",United States,CO,LIFR,0,0,0
KEGE,"Eagle Cnty Rgnl, CO, US",United States,CO,MVFR,0,0,0
KEGI,"Eglin AFB/Duke Fld, FL, US",United States,FL,VFR,1632,1632,100
KEGI,"Eglin AFB/Duke Fld, FL, US",United States,FL,IFR,0,0,0
KEGI,"Eglin AFB/Duke Fld, FL, US",United States,FL,LIFR,0,0,0
KEGI,"Eglin AFB/Duke Fld, FL, US",United States,FL,MVFR,0,0,0
KEGT,"Wellington Muni, KS, US",United States,KS,VFR,1670,1890,88.36
KEGT,"Wellington Muni, KS, US",United States,KS,MVFR,120,1890,6.35
KEGT,"Wellington Muni, KS, US",United States,KS,IFR,100,1890,5.29
KEGT,"Wellington Muni, KS, US",United States,KS,LIFR,0,0,0
KEGV,"Eagle River/Union Arpt, WI, US",United States,WI,VFR,1590,1890,84.13
KEGV,"Eagle River/Union Arpt, WI, US",United States,WI,MVFR,140,1890,7.41
KEGV,"Eagle River/Union Arpt, WI, US",United States,WI,IFR,100,1890,5.29
KEGV,"Eagle River/Union Arpt, WI, US",United States,WI,LIFR,60,1890,3.17
KEHA,"Elkhart/Morton Cnty, KS, US",United States,KS,VFR,1430,1890,75.66
KEHA,"Elkhart/Morton Cnty, KS, US",United States,KS,IFR,280,1890,14.81
KEHA,"Elkhart/Morton Cnty, KS, US",United States,KS,MVFR,140,1890,7.41
KEHA,"Elkhart/Morton Cnty, KS, US",United States,KS,LIFR,40,1890,2.12
KEHO,"Shelby/Cleveland Cnty, NC, US",United States,NC,VFR,1860,1900,97.89
KEHO,"Shelby/Cleveland Cnty, NC, US",United States,NC,IFR,30,1900,1.58
KEHO,"Shelby/Cleveland Cnty, NC, US",United States,NC,MVFR,10,1900,0.53
KEHO,"Shelby/Cleveland Cnty, NC, US",United States,NC,LIFR,0,0,0
KEHR,"Henderson City Arpt, KY, US",United States,KY,VFR,1890,1890,100
KEHR,"Henderson City Arpt, KY, US",United States,KY,IFR,0,0,0
KEHR,"Henderson City Arpt, KY, US",United States,KY,LIFR,0,0,0
KEHR,"Henderson City Arpt, KY, US",United States,KY,MVFR,0,0,0
KEIK,"Erie Muni, CO, US",United States,CO,VFR,1810,1890,95.77
KEIK,"Erie Muni, CO, US",United States,CO,MVFR,80,1890,4.23
KEIK,"Erie Muni, CO, US",United States,CO,IFR,0,0,0
KEIK,"Erie Muni, CO, US",United States,CO,LIFR,0,0,0
KEKM,"Elkhart Muni, IN, US",United States,IN,VFR,1750,1870,93.58
KEKM,"Elkhart Muni, IN, US",United States,IN,MVFR,120,1870,6.42
KEKM,"Elkhart Muni, IN, US",United States,IN,IFR,0,0,0
KEKM,"Elkhart Muni, IN, US",United States,IN,LIFR,0,0,0
KEKN,"Elkins Arpt, WV, US",United States,WV,VFR,922,1890,48.78
KEKN,"Elkins Arpt, WV, US",United States,WV,LIFR,531,1890,28.1
KEKN,"Elkins Arpt, WV, US",United States,WV,MVFR,278,1890,14.71
KEKN,"Elkins Arpt, WV, US",United States,WV,IFR,159,1890,8.41
KEKO,"Elko Rgnl, NV, US",United States,NV,VFR,1890,1890,100
KEKO,"Elko Rgnl, NV, US",United States,NV,IFR,0,0,0
KEKO,"Elko Rgnl, NV, US",United States,NV,LIFR,0,0,0
KEKO,"Elko Rgnl, NV, US",United States,NV,MVFR,0,0,0
KEKQ,"Monticello/Wayne Cnty, KY, US",United States,KY,VFR,1446,1890,76.51
KEKQ,"Monticello/Wayne Cnty, KY, US",United States,KY,IFR,240,1890,12.7
KEKQ,"Monticello/Wayne Cnty, KY, US",United States,KY,MVFR,204,1890,10.79
KEKQ,"Monticello/Wayne Cnty, KY, US",United States,KY,LIFR,0,0,0
KEKS,"Ennis/Big Sky Arpt, MT, US",United States,MT,VFR,595,595,100
KEKS,"Ennis/Big Sky Arpt, MT, US",United States,MT,IFR,0,0,0
KEKS,"Ennis/Big Sky Arpt, MT, US",United States,MT,LIFR,0,0,0
KEKS,"Ennis/Big Sky Arpt, MT, US",United States,MT,MVFR,0,0,0
KEKX,"Elizabethtown/Addington Fld, KY, US",United States,KY,VFR,1870,1870,100
KEKX,"Elizabethtown/Addington Fld, KY, US",United States,KY,IFR,0,0,0
KEKX,"Elizabethtown/Addington Fld, KY, US",United States,KY,LIFR,0,0,0
KEKX,"Elizabethtown/Addington Fld, KY, US",United States,KY,MVFR,0,0,0
KEKY,"Bessemer Arpt, AL, US",United States,AL,IFR,0,0,0
KEKY,"Bessemer Arpt, AL, US",United States,AL,LIFR,0,0,0
KEKY,"Bessemer Arpt, AL, US",United States,AL,MVFR,0,0,0
KEKY,"Bessemer Arpt, AL, US",United States,AL,VFR,0,0,0
KELA,"Eagle Lake Arpt, TX, US",United States,TX,VFR,1705,1705,100
KELA,"Eagle Lake Arpt, TX, US",United States,TX,IFR,0,0,0
KELA,"Eagle Lake Arpt, TX, US",United States,TX,LIFR,0,0,0
KELA,"Eagle Lake Arpt, TX, US",United States,TX,MVFR,0,0,0
KELD,"El Dorado/S Arkansas Rgnl, AR, US",United States,AR,VFR,1373,1890,72.65
KELD,"El Dorado/S Arkansas Rgnl, AR, US",United States,AR,MVFR,340,1890,17.99
KELD,"El Dorado/S Arkansas Rgnl, AR, US",United States,AR,IFR,177,1890,9.37
KELD,"El Dorado/S Arkansas Rgnl, AR, US",United States,AR,LIFR,0,0,0
KELK,"Elk City Rgnl, OK, US",United States,OK,IFR,0,0,0
KELK,"Elk City Rgnl, OK, US",United States,OK,LIFR,0,0,0
KELK,"Elk City Rgnl, OK, US",United States,OK,MVFR,0,0,0
KELK,"Elk City Rgnl, OK, US",United States,OK,VFR,0,0,0
KELM,"Elmira-Corning Rgnl, NY, US",United States,NY,VFR,1890,1890,100
KELM,"Elmira-Corning Rgnl, NY, US",United States,NY,IFR,0,0,0
KELM,"Elmira-Corning Rgnl, NY, US",United States,NY,LIFR,0,0,0
KELM,"Elmira-Corning Rgnl, NY, US",United States,NY,MVFR,0,0,0
KELN,"Ellensburg/Bowers Fld, WA, US",United States,WA,VFR,1890,1890,100
KELN,"Ellensburg/Bowers Fld, WA, US",United States,WA,IFR,0,0,0
KELN,"Ellensburg/Bowers Fld, WA, US",United States,WA,LIFR,0,0,0
KELN,"Ellensburg/Bowers Fld, WA, US",United States,WA,MVFR,0,0,0
KELO,"Ely Muni, MN, US",United States,MN,VFR,1890,1890,100
KELO,"Ely Muni, MN, US",United States,MN,IFR,0,0,0
KELO,"Ely Muni, MN, US",United States,MN,LIFR,0,0,0
KELO,"Ely Muni, MN, US",United States,MN,MVFR,0,0,0
KELP,"El Paso Intl, TX, US",United States,TX,VFR,1890,1890,100
KELP,"El Paso Intl, TX, US",United States,TX,IFR,0,0,0
KELP,"El Paso Intl, TX, US",United States,TX,LIFR,0,0,0
KELP,"El Paso Intl, TX, US",United States,TX,MVFR,0,0,0
KELY,"Ely/Yelland Fld, NV, US",United States,NV,VFR,1890,1890,100
KELY,"Ely/Yelland Fld, NV, US",United States,NV,IFR,0,0,0
KELY,"Ely/Yelland Fld, NV, US",United States,NV,LIFR,0,0,0
KELY,"Ely/Yelland Fld, NV, US",United States,NV,MVFR,0,0,0
KELZ,"Wellsville/Tarantine Fld, NY, US",United States,NY,VFR,1440,1560,92.31
KELZ,"Wellsville/Tarantine Fld, NY, US",United States,NY,IFR,84,1560,5.38
KELZ,"Wellsville/Tarantine Fld, NY, US",United States,NY,MVFR,36,1560,2.31
KELZ,"Wellsville/Tarantine Fld, NY, US",United States,NY,LIFR,0,0,0
KEMM,"Kemmerer Muni, WY, US",United States,WY,IFR,0,0,0
KEMM,"Kemmerer Muni, WY, US",United States,WY,LIFR,0,0,0
KEMM,"Kemmerer Muni, WY, US",United States,WY,MVFR,0,0,0
KEMM,"Kemmerer Muni, WY, US",United States,WY,VFR,0,0,0
KEMP,"Emporia Muni, KS, US",United States,KS,VFR,1683,1890,89.05
KEMP,"Emporia Muni, KS, US",United States,KS,MVFR,145,1890,7.67
KEMP,"Emporia Muni, KS, US",United States,KS,IFR,62,1890,3.28
KEMP,"Emporia Muni, KS, US",United States,KS,LIFR,0,0,0
KEMT,"El Monte Arpt, CA, US",United States,CA,VFR,866,866,100
KEMT,"El Monte Arpt, CA, US",United States,CA,IFR,0,0,0
KEMT,"El Monte Arpt, CA, US",United States,CA,LIFR,0,0,0
KEMT,"El Monte Arpt, CA, US",United States,CA,MVFR,0,0,0
KEMV,"Emporia Muni, VA, US",United States,VA,VFR,1670,1850,90.27
KEMV,"Emporia Muni, VA, US",United States,VA,MVFR,180,1850,9.73
KEMV,"Emporia Muni, VA, US",United States,VA,IFR,0,0,0
KEMV,"Emporia Muni, VA, US",United States,VA,LIFR,0,0,0
KEND,"Enid/Vance AFB, OK, US",United States,OK,VFR,1590,1650,96.36
KEND,"Enid/Vance AFB, OK, US",United States,OK,MVFR,60,1650,3.64
KEND,"Enid/Vance AFB, OK, US",United States,OK,IFR,0,0,0
KEND,"Enid/Vance AFB, OK, US",United States,OK,LIFR,0,0,0
KENL,"Centralia Muni, IL, US",United States,IL,VFR,1890,1890,100
KENL,"Centralia Muni, IL, US",United States,IL,IFR,0,0,0
KENL,"Centralia Muni, IL, US",United States,IL,LIFR,0,0,0
KENL,"Centralia Muni, IL, US",United States,IL,MVFR,0,0,0
KENV,"Wendover Arpt, UT, US",United States,UT,VFR,1890,1890,100
KENV,"Wendover Arpt, UT, US",United States,UT,IFR,0,0,0
KENV,"Wendover Arpt, UT, US",United States,UT,LIFR,0,0,0
KENV,"Wendover Arpt, UT, US",United States,UT,MVFR,0,0,0
KENW,"Kenosha Rgnl, WI, US",United States,WI,VFR,1410,1410,100
KENW,"Kenosha Rgnl, WI, US",United States,WI,IFR,0,0,0
KENW,"Kenosha Rgnl, WI, US",United States,WI,LIFR,0,0,0
KENW,"Kenosha Rgnl, WI, US",United States,WI,MVFR,0,0,0
KEOE,"Newberry Muni, SC, US",United States,SC,VFR,1710,1890,90.48
KEOE,"Newberry Muni, SC, US",United States,SC,LIFR,120,1890,6.35
KEOE,"Newberry Muni, SC, US",United States,SC,IFR,60,1890,3.17
KEOE,"Newberry Muni, SC, US",United States,SC,MVFR,0,0,0
KEOK,"Keokuk Muni, IA, US",United States,IA,VFR,1810,1890,95.77
KEOK,"Keokuk Muni, IA, US",United States,IA,LIFR,40,1890,2.12
KEOK,"Keokuk Muni, IA, US",United States,IA,MVFR,40,1890,2.12
KEOK,"Keokuk Muni, IA, US",United States,IA,IFR,0,0,0
KEPH,"Ephrata Muni, WA, US",United States,WA,VFR,1890,1890,100
KEPH,"Ephrata Muni, WA, US",United States,WA,IFR,0,0,0
KEPH,"Ephrata Muni, WA, US",United States,WA,LIFR,0,0,0
KEPH,"Ephrata Muni, WA, US",United States,WA,MVFR,0,0,0
KEQA,"El Dorado/Thomas Mem, KS, US",United States,KS,VFR,1600,1870,85.56
KEQA,"El Dorado/Thomas Mem, KS, US",United States,KS,MVFR,110,1870,5.88
KEQA,"El Dorado/Thomas Mem, KS, US",United States,KS,IFR,80,1870,4.28
KEQA,"El Dorado/Thomas Mem, KS, US",United States,KS,LIFR,80,1870,4.28
KEQY,"Charlotte-Monroe Exec, NC, US",United States,NC,VFR,1890,1890,100
KEQY,"Charlotte-Monroe Exec, NC, US",United States,NC,IFR,0,0,0
KEQY,"Charlotte-Monroe Exec, NC, US",United States,NC,LIFR,0,0,0
KEQY,"Charlotte-Monroe Exec, NC, US",United States,NC,MVFR,0,0,0
KERI,"Erie Intl, PA, US",United States,PA,VFR,1890,1890,100
KERI,"Erie Intl, PA, US",United States,PA,IFR,0,0,0
KERI,"Erie Intl, PA, US",United States,PA,LIFR,0,0,0
KERI,"Erie Intl, PA, US",United States,PA,MVFR,0,0,0
KERV,"Kerrville Muni, TX, US",United States,TX,VFR,1890,1890,100
KERV,"Kerrville Muni, TX, US",United States,TX,IFR,0,0,0
KERV,"Kerrville Muni, TX, US",United States,TX,LIFR,0,0,0
KERV,"Kerrville Muni, TX, US",United States,TX,MVFR,0,0,0
KERY,"Newberry/Luce Cnty, MI, US",United States,MI,VFR,1850,1890,97.88
KERY,"Newberry/Luce Cnty, MI, US",United States,MI,MVFR,40,1890,2.12
KERY,"Newberry/Luce Cnty, MI, US",United States,MI,IFR,0,0,0
KERY,"Newberry/Luce Cnty, MI, US",United States,MI,LIFR,0,0,0
KESC,"Escanaba/Delta Cnty, MI, US",United States,MI,VFR,1890,1890,100
KESC,"Escanaba/Delta Cnty, MI, US",United States,MI,IFR,0,0,0
KESC,"Escanaba/Delta Cnty, MI, US",United States,MI,LIFR,0,0,0
KESC,"Escanaba/Delta Cnty, MI, US",United States,MI,MVFR,0,0,0
KESF,"Alexandria/Esler Rgnl, LA, US",United States,LA,VFR,1890,1890,100
KESF,"Alexandria/Esler Rgnl, LA, US",United States,LA,IFR,0,0,0
KESF,"Alexandria/Esler Rgnl, LA, US",United States,LA,LIFR,0,0,0
KESF,"Alexandria/Esler Rgnl, LA, US",United States,LA,MVFR,0,0,0
KESN,"Easton Muni, MD, US",United States,MD,VFR,1534,1895,80.95
KESN,"Easton Muni, MD, US",United States,MD,IFR,195,1895,10.29
KESN,"Easton Muni, MD, US",United States,MD,MVFR,166,1895,8.76
KESN,"Easton Muni, MD, US",United States,MD,LIFR,0,0,0
KEST,"Estherville Muni, IA, US",United States,IA,VFR,1890,1890,100
KEST,"Estherville Muni, IA, US",United States,IA,IFR,0,0,0
KEST,"Estherville Muni, IA, US",United States,IA,LIFR,0,0,0
KEST,"Estherville Muni, IA, US",United States,IA,MVFR,0,0,0
KETB,"West Bend Muni, WI, US",United States,WI,VFR,1830,1890,96.83
KETB,"West Bend Muni, WI, US",United States,WI,IFR,40,1890,2.12
KETB,"West Bend Muni, WI, US",United States,WI,MVFR,20,1890,1.06
KETB,"West Bend Muni, WI, US",United States,WI,LIFR,0,0,0
KETC,"Tarboro/Edgecombe Arpt, NC, US",United States,NC,IFR,0,0,0
KETC,"Tarboro/Edgecombe Arpt, NC, US",United States,NC,LIFR,0,0,0
KETC,"Tarboro/Edgecombe Arpt, NC, US",United States,NC,MVFR,0,0,0
KETC,"Tarboro/Edgecombe Arpt, NC, US",United States,NC,VFR,0,0,0
KETH,"Wheaton Muni, MN, US",United States,MN,VFR,1891,1910,99.01
KETH,"Wheaton Muni, MN, US",United States,MN,MVFR,19,1910,0.99
KETH,"Wheaton Muni, MN, US",United States,MN,IFR,0,0,0
KETH,"Wheaton Muni, MN, US",United States,MN,LIFR,0,0,0
KETN,"Eastland Muni, TX, US",United States,TX,VFR,1770,1890,93.65
KETN,"Eastland Muni, TX, US",United States,TX,IFR,100,1890,5.29
KETN,"Eastland Muni, TX, US",United States,TX,MVFR,20,1890,1.06
KETN,"Eastland Muni, TX, US",United States,TX,LIFR,0,0,0
KEUF,"Eufaula/Weedon Fld, AL, US",United States,AL,VFR,1460,1890,77.25
KEUF,"Eufaula/Weedon Fld, AL, US",United States,AL,MVFR,289,1890,15.29
KEUF,"Eufaula/Weedon Fld, AL, US",United States,AL,IFR,120,1890,6.35
KEUF,"Eufaula/Weedon Fld, AL, US",United States,AL,LIFR,21,1890,1.11
KEUG,"Eugene/Mahlon Sweet Fld, OR, US",United States,OR,VFR,1517,1890,80.26
KEUG,"Eugene/Mahlon Sweet Fld, OR, US",United States,OR,MVFR,343,1890,18.15
KEUG,"Eugene/Mahlon Sweet Fld, OR, US",United States,OR,LIFR,30,1890,1.59
KEUG,"Eugene/Mahlon Sweet Fld, OR, US",United States,OR,IFR,0,0,0
KEUL,"Caldwell Ind Arpt, ID, US",United States,ID,VFR,1822,1904,95.69
KEUL,"Caldwell Ind Arpt, ID, US",United States,ID,MVFR,60,1904,3.15
KEUL,"Caldwell Ind Arpt, ID, US",United States,ID,IFR,22,1904,1.16
KEUL,"Caldwell Ind Arpt, ID, US",United States,ID,LIFR,0,0,0
KEVB,"New Smyrna Beach Muni, FL, US",United States,FL,VFR,1470,1470,100
KEVB,"New Smyrna Beach Muni, FL, US",United States,FL,IFR,0,0,0
KEVB,"New Smyrna Beach Muni, FL, US",United States,FL,LIFR,0,0,0
KEVB,"New Smyrna Beach Muni, FL, US",United States,FL,MVFR,0,0,0
KEVM,"Eveleth Muni, MN, US",United States,MN,VFR,1790,1890,94.71
KEVM,"Eveleth Muni, MN, US",United States,MN,LIFR,100,1890,5.29
KEVM,"Eveleth Muni, MN, US",United States,MN,IFR,0,0,0
KEVM,"Eveleth Muni, MN, US",United States,MN,MVFR,0,0,0
KEVU,"Maryville/NW Missouri Rgnl, MO, US",United States,MO,VFR,1790,1870,95.72
KEVU,"Maryville/NW Missouri Rgnl, MO, US",United States,MO,IFR,40,1870,2.14
KEVU,"Maryville/NW Missouri Rgnl, MO, US",United States,MO,LIFR,40,1870,2.14
KEVU,"Maryville/NW Missouri Rgnl, MO, US",United States,MO,MVFR,0,0,0
KEVV,"Evansville Rgnl, IN, US",United States,IN,VFR,1890,1890,100
KEVV,"Evansville Rgnl, IN, US",United States,IN,IFR,0,0,0
KEVV,"Evansville Rgnl, IN, US",United States,IN,LIFR,0,0,0
KEVV,"Evansville Rgnl, IN, US",United States,IN,MVFR,0,0,0
KEVW,"Evanston/Uinta Cnty, WY, US",United States,WY,VFR,1890,1890,100
KEVW,"Evanston/Uinta Cnty, WY, US",United States,WY,IFR,0,0,0
KEVW,"Evanston/Uinta Cnty, WY, US",United States,WY,LIFR,0,0,0
KEVW,"Evanston/Uinta Cnty, WY, US",United States,WY,MVFR,0,0,0
KEWB,"New Bedford Rgnl, MA, US",United States,MA,VFR,1446,1890,76.51
KEWB,"New Bedford Rgnl, MA, US",United States,MA,MVFR,431,1890,22.8
KEWB,"New Bedford Rgnl, MA, US",United States,MA,IFR,13,1890,0.69
KEWB,"New Bedford Rgnl, MA, US",United States,MA,LIFR,0,0,0
KEWK,"Newton City Arpt, KS, US",United States,KS,VFR,1599,1912,83.63
KEWK,"Newton City Arpt, KS, US",United States,KS,MVFR,278,1912,14.54
KEWK,"Newton City Arpt, KS, US",United States,KS,IFR,35,1912,1.83
KEWK,"Newton City Arpt, KS, US",United States,KS,LIFR,0,0,0
KEWN,"New Bern/Coastal Carolina Rgnl, NC, US",United States,NC,VFR,1837,1890,97.2
KEWN,"New Bern/Coastal Carolina Rgnl, NC, US",United States,NC,MVFR,53,1890,2.8
KEWN,"New Bern/Coastal Carolina Rgnl, NC, US",United States,NC,IFR,0,0,0
KEWN,"New Bern/Coastal Carolina Rgnl, NC, US",United States,NC,LIFR,0,0,0
KEWR,"Newark Intl, NJ, US",United States,NJ,VFR,1821,1860,97.9
KEWR,"Newark Intl, NJ, US",United States,NJ,MVFR,39,1860,2.1
KEWR,"Newark Intl, NJ, US",United States,NJ,IFR,0,0,0
KEWR,"Newark Intl, NJ, US",United States,NJ,LIFR,0,0,0
KEXX,"Lexington/Davidson Cnty, NC, US",United States,NC,VFR,1870,1900,98.42
KEXX,"Lexington/Davidson Cnty, NC, US",United States,NC,IFR,30,1900,1.58
KEXX,"Lexington/Davidson Cnty, NC, US",United States,NC,LIFR,0,0,0
KEXX,"Lexington/Davidson Cnty, NC, US",United States,NC,MVFR,0,0,0
KEYE,"Indianapolis/Eagle Creek Arpt, IN, US",United States,IN,VFR,1890,1890,100
KEYE,"Indianapolis/Eagle Creek Arpt, IN, US",United States,IN,IFR,0,0,0
KEYE,"Indianapolis/Eagle Creek Arpt, IN, US",United States,IN,LIFR,0,0,0
KEYE,"Indianapolis/Eagle Creek Arpt, IN, US",United States,IN,MVFR,0,0,0
KEYF,"Elizabethtown/Brown Fld, NC, US",United States,NC,VFR,1790,1900,94.21
KEYF,"Elizabethtown/Brown Fld, NC, US",United States,NC,MVFR,110,1900,5.79
KEYF,"Elizabethtown/Brown Fld, NC, US",United States,NC,IFR,0,0,0
KEYF,"Elizabethtown/Brown Fld, NC, US",United States,NC,LIFR,0,0,0
KEYW,"Key West Intl, FL, US",United States,FL,VFR,1212,1290,93.95
KEYW,"Key West Intl, FL, US",United States,FL,MVFR,78,1290,6.05
KEYW,"Key West Intl, FL, US",United States,FL,IFR,0,0,0
KEYW,"Key West Intl, FL, US",United States,FL,LIFR,0,0,0
KEZF,"Fredericksburg/Shannon Arpt, VA, US",United States,VA,VFR,1850,1870,98.93
KEZF,"Fredericksburg/Shannon Arpt, VA, US",United States,VA,MVFR,20,1870,1.07
KEZF,"Fredericksburg/Shannon Arpt, VA, US",United States,VA,IFR,0,0,0
KEZF,"Fredericksburg/Shannon Arpt, VA, US",United States,VA,LIFR,0,0,0
KEZM,"Eastman/Heart Of Georgia Arpt, GA, US",United States,GA,VFR,770,1750,44
KEZM,"Eastman/Heart Of Georgia Arpt, GA, US",United States,GA,MVFR,420,1750,24
KEZM,"Eastman/Heart Of Georgia Arpt, GA, US",United States,GA,LIFR,340,1750,19.43
KEZM,"Eastman/Heart Of Georgia Arpt, GA, US",United States,GA,IFR,220,1750,12.57
KEZS,"Shawano Muni, WI, US",United States,WI,IFR,0,0,0
KEZS,"Shawano Muni, WI, US",United States,WI,LIFR,0,0,0
KEZS,"Shawano Muni, WI, US",United States,WI,MVFR,0,0,0
KEZS,"Shawano Muni, WI, US",United States,WI,VFR,0,0,0
KEZZ,"Cameron Arpt, MO, US",United States,MO,VFR,1790,1890,94.71
KEZZ,"Cameron Arpt, MO, US",United States,MO,MVFR,100,1890,5.29
KEZZ,"Cameron Arpt, MO, US",United States,MO,IFR,0,0,0
KEZZ,"Cameron Arpt, MO, US",United States,MO,LIFR,0,0,0
KF00,"Bonham/Jones Fld, TX, US",United States,TX,VFR,1870,1890,98.94
KF00,"Bonham/Jones Fld, TX, US",United States,TX,MVFR,20,1890,1.06
KF00,"Bonham/Jones Fld, TX, US",United States,TX,IFR,0,0,0
KF00,"Bonham/Jones Fld, TX, US",United States,TX,LIFR,0,0,0
KF05,"Vernon/Wilbarger Cnty, TX, US",United States,TX,VFR,1890,1890,100
KF05,"Vernon/Wilbarger Cnty, TX, US",United States,TX,IFR,0,0,0
KF05,"Vernon/Wilbarger Cnty, TX, US",United States,TX,LIFR,0,0,0
KF05,"Vernon/Wilbarger Cnty, TX, US",United States,TX,MVFR,0,0,0
KF17,"Center Muni, TX, US",United States,TX,VFR,1855,1890,98.15
KF17,"Center Muni, TX, US",United States,TX,MVFR,35,1890,1.85
KF17,"Center Muni, TX, US",United States,TX,IFR,0,0,0
KF17,"Center Muni, TX, US",United States,TX,LIFR,0,0,0
KF44,"Athens Muni, TX, US",United States,TX,VFR,1890,1890,100
KF44,"Athens Muni, TX, US",United States,TX,IFR,0,0,0
KF44,"Athens Muni, TX, US",United States,TX,LIFR,0,0,0
KF44,"Athens Muni, TX, US",United States,TX,MVFR,0,0,0
KF45,"North Palm Beach Cnty, FL, US",United States,FL,VFR,1100,1910,57.59
KF45,"North Palm Beach Cnty, FL, US",United States,FL,MVFR,790,1910,41.36
KF45,"North Palm Beach Cnty, FL, US",United States,FL,IFR,20,1910,1.05
KF45,"North Palm Beach Cnty, FL, US",United States,FL,LIFR,0,0,0
KF46,"Rockwall Muni, TX, US",United States,TX,VFR,1890,1890,100
KF46,"Rockwall Muni, TX, US",United States,TX,IFR,0,0,0
KF46,"Rockwall Muni, TX, US",United States,TX,LIFR,0,0,0
KF46,"Rockwall Muni, TX, US",United States,TX,MVFR,0,0,0
KF70,"Murrieta/French Valley Arpt, CA, US",United States,CA,VFR,1890,1890,100
KF70,"Murrieta/French Valley Arpt, CA, US",United States,CA,IFR,0,0,0
KF70,"Murrieta/French Valley Arpt, CA, US",United States,CA,LIFR,0,0,0
KF70,"Murrieta/French Valley Arpt, CA, US",United States,CA,MVFR,0,0,0
KFAF,"Fort Eustis/Felker AAF, VA, US",United States,VA,VFR,1521,1650,92.18
KFAF,"Fort Eustis/Felker AAF, VA, US",United States,VA,MVFR,129,1650,7.82
KFAF,"Fort Eustis/Felker AAF, VA, US",United States,VA,IFR,0,0,0
KFAF,"Fort Eustis/Felker AAF, VA, US",United States,VA,LIFR,0,0,0
KFAM,"Farmington Rgnl, MO, US",United States,MO,VFR,1770,1770,100
KFAM,"Farmington Rgnl, MO, US",United States,MO,IFR,0,0,0
KFAM,"Farmington Rgnl, MO, US",United States,MO,LIFR,0,0,0
KFAM,"Farmington Rgnl, MO, US",United States,MO,MVFR,0,0,0
KFAR,"Fargo/Hector Intl, ND, US",United States,ND,VFR,1890,1890,100
KFAR,"Fargo/Hector Intl, ND, US",United States,ND,IFR,0,0,0
KFAR,"Fargo/Hector Intl, ND, US",United States,ND,LIFR,0,0,0
KFAR,"Fargo/Hector Intl, ND, US",United States,ND,MVFR,0,0,0
KFAT,"Fresno/Yosemite Intl, CA, US",United States,CA,VFR,1890,1890,100
KFAT,"Fresno/Yosemite Intl, CA, US",United States,CA,IFR,0,0,0
KFAT,"Fresno/Yosemite Intl, CA, US",United States,CA,LIFR,0,0,0
KFAT,"Fresno/Yosemite Intl, CA, US",United States,CA,MVFR,0,0,0
KFAY,"Fayetteville Rgnl, NC, US",United States,NC,VFR,1743,1890,92.22
KFAY,"Fayetteville Rgnl, NC, US",United States,NC,MVFR,115,1890,6.08
KFAY,"Fayetteville Rgnl, NC, US",United States,NC,IFR,32,1890,1.69
KFAY,"Fayetteville Rgnl, NC, US",United States,NC,LIFR,0,0,0
KFBG,"Fort Bragg/Simmons AAF, NC, US",United States,NC,VFR,1490,1650,90.3
KFBG,"Fort Bragg/Simmons AAF, NC, US",United States,NC,MVFR,160,1650,9.7
KFBG,"Fort Bragg/Simmons AAF, NC, US",United States,NC,IFR,0,0,0
KFBG,"Fort Bragg/Simmons AAF, NC, US",United States,NC,LIFR,0,0,0
KFBL,"Faribault Muni, MN, US",United States,MN,VFR,1890,1890,100
KFBL,"Faribault Muni, MN, US",United States,MN,IFR,0,0,0
KFBL,"Faribault Muni, MN, US",United States,MN,LIFR,0,0,0
KFBL,"Faribault Muni, MN, US",United States,MN,MVFR,0,0,0
KFBR,"Fort Bridger Arpt, WY, US",United States,WY,VFR,1890,1890,100
KFBR,"Fort Bridger Arpt, WY, US",United States,WY,IFR,0,0,0
KFBR,"Fort Bridger Arpt, WY, US",United States,WY,LIFR,0,0,0
KFBR,"Fort Bridger Arpt, WY, US",United States,WY,MVFR,0,0,0
KFCH,"Fresno/Chandler Exec, CA, US",United States,CA,VFR,1910,1910,100
KFCH,"Fresno/Chandler Exec, CA, US",United States,CA,IFR,0,0,0
KFCH,"Fresno/Chandler Exec, CA, US",United States,CA,LIFR,0,0,0
KFCH,"Fresno/Chandler Exec, CA, US",United States,CA,MVFR,0,0,0
KFCI,"Richmond/Chesterfield Cnty, VA, US",United States,VA,VFR,1830,1890,96.83
KFCI,"Richmond/Chesterfield Cnty, VA, US",United States,VA,MVFR,60,1890,3.17
KFCI,"Richmond/Chesterfield Cnty, VA, US",United States,VA,IFR,0,0,0
KFCI,"Richmond/Chesterfield Cnty, VA, US",United States,VA,LIFR,0,0,0
KFCM,"Eden Prairie/Flying, MN, US",United States,MN,VFR,1890,1890,100
KFCM,"Eden Prairie/Flying, MN, US",United States,MN,IFR,0,0,0
KFCM,"Eden Prairie/Flying, MN, US",United States,MN,LIFR,0,0,0
KFCM,"Eden Prairie/Flying, MN, US",United States,MN,MVFR,0,0,0
KFCS,"Fort Carson/Butts AAF, CO, US",United States,CO,VFR,1410,1650,85.45
KFCS,"Fort Carson/Butts AAF, CO, US",United States,CO,MVFR,150,1650,9.09
KFCS,"Fort Carson/Butts AAF, CO, US",United States,CO,IFR,90,1650,5.45
KFCS,"Fort Carson/Butts AAF, CO, US",United States,CO,LIFR,0,0,0
KFDK,"Frederick Muni, MD, US",United States,MD,VFR,1471,1883,78.12
KFDK,"Frederick Muni, MD, US",United States,MD,MVFR,352,1883,18.69
KFDK,"Frederick Muni, MD, US",United States,MD,IFR,60,1883,3.19
KFDK,"Frederick Muni, MD, US",United States,MD,LIFR,0,0,0
KFDR,"Frederick Rgnl, OK, US",United States,OK,VFR,1890,1890,100
KFDR,"Frederick Rgnl, OK, US",United States,OK,IFR,0,0,0
KFDR,"Frederick Rgnl, OK, US",United States,OK,LIFR,0,0,0
KFDR,"Frederick Rgnl, OK, US",United States,OK,MVFR,0,0,0
KFDW,"Winnsboro/Fairfield Cnty, SC, US",United States,SC,VFR,1730,1890,91.53
KFDW,"Winnsboro/Fairfield Cnty, SC, US",United States,SC,IFR,120,1890,6.35
KFDW,"Winnsboro/Fairfield Cnty, SC, US",United States,SC,LIFR,20,1890,1.06
KFDW,"Winnsboro/Fairfield Cnty, SC, US",United States,SC,MVFR,20,1890,1.06
KFDY,"Findlay Arpt, OH, US",United States,OH,VFR,540,570,94.74
KFDY,"Findlay Arpt, OH, US",United States,OH,MVFR,30,570,5.26
KFDY,"Findlay Arpt, OH, US",United States,OH,IFR,0,0,0
KFDY,"Findlay Arpt, OH, US",United States,OH,LIFR,0,0,0
KFET,"Fremont Muni, NE, US",United States,NE,VFR,1750,1890,92.59
KFET,"Fremont Muni, NE, US",United States,NE,MVFR,100,1890,5.29
KFET,"Fremont Muni, NE, US",United States,NE,IFR,40,1890,2.12
KFET,"Fremont Muni, NE, US",United States,NE,LIFR,0,0,0
KFFA,"First Flight Airport, NC, US",United States,NC,VFR,1490,1900,78.42
KFFA,"First Flight Airport, NC, US",United States,NC,MVFR,400,1900,21.05
KFFA,"First Flight Airport, NC, US",United States,NC,IFR,10,1900,0.53
KFFA,"First Flight Airport, NC, US",United States,NC,LIFR,0,0,0
KFFC,"Peachtree City/Falcon Fld, GA, US",United States,GA,VFR,1091,1170,93.25
KFFC,"Peachtree City/Falcon Fld, GA, US",United States,GA,MVFR,79,1170,6.75
KFFC,"Peachtree City/Falcon Fld, GA, US",United States,GA,IFR,0,0,0
KFFC,"Peachtree City/Falcon Fld, GA, US",United States,GA,LIFR,0,0,0
KFFL,"Fairfield Muni, IA, US",United States,IA,VFR,1870,1870,100
KFFL,"Fairfield Muni, IA, US",United States,IA,IFR,0,0,0
KFFL,"Fairfield Muni, IA, US",United States,IA,LIFR,0,0,0
KFFL,"Fairfield Muni, IA, US",United States,IA,MVFR,0,0,0
KFFM,"Fergus Falls/Mickelson Fld, MN, US",United States,MN,VFR,1890,1890,100
KFFM,"Fergus Falls/Mickelson Fld, MN, US",United States,MN,IFR,0,0,0
KFFM,"Fergus Falls/Mickelson Fld, MN, US",United States,MN,LIFR,0,0,0
KFFM,"Fergus Falls/Mickelson Fld, MN, US",United States,MN,MVFR,0,0,0
KFFO,"Wright Patterson AFB, OH, US",United States,OH,VFR,1650,1650,100
KFFO,"Wright Patterson AFB, OH, US",United States,OH,IFR,0,0,0
KFFO,"Wright Patterson AFB, OH, US",United States,OH,LIFR,0,0,0
KFFO,"Wright Patterson AFB, OH, US",United States,OH,MVFR,0,0,0
KFFT,"Frankfort/Capital City Arpt, KY, US",United States,KY,IFR,0,0,0
KFFT,"Frankfort/Capital City Arpt, KY, US",United States,KY,LIFR,0,0,0
KFFT,"Frankfort/Capital City Arpt, KY, US",United States,KY,MVFR,0,0,0
KFFT,"Frankfort/Capital City Arpt, KY, US",United States,KY,VFR,0,0,0
KFFX,"Fremont Muni, MI, US",United States,MI,VFR,1890,1890,100
KFFX,"Fremont Muni, MI, US",United States,MI,IFR,0,0,0
KFFX,"Fremont Muni, MI, US",United States,MI,LIFR,0,0,0
KFFX,"Fremont Muni, MI, US",United States,MI,MVFR,0,0,0
KFFZ,"Mesa/Falcon Fld, AZ, US",United States,AZ,VFR,1890,1890,100
KFFZ,"Mesa/Falcon Fld, AZ, US",United States,AZ,IFR,0,0,0
KFFZ,"Mesa/Falcon Fld, AZ, US",United States,AZ,LIFR,0,0,0
KFFZ,"Mesa/Falcon Fld, AZ, US",United States,AZ,MVFR,0,0,0
KFGX,"Flemingsburg Arpt, KY, US",United States,KY,VFR,1810,1870,96.79
KFGX,"Flemingsburg Arpt, KY, US",United States,KY,MVFR,60,1870,3.21
KFGX,"Flemingsburg Arpt, KY, US",United States,KY,IFR,0,0,0
KFGX,"Flemingsburg Arpt, KY, US",United States,KY,LIFR,0,0,0
KFHR,"Friday Harbor Arpt, WA, US",United States,WA,VFR,1897,1897,100
KFHR,"Friday Harbor Arpt, WA, US",United States,WA,IFR,0,0,0
KFHR,"Friday Harbor Arpt, WA, US",United States,WA,LIFR,0,0,0
KFHR,"Friday Harbor Arpt, WA, US",United States,WA,MVFR,0,0,0
KFHU,"Fort Huachuca/Libby AAF, AZ, US",United States,AZ,VFR,1650,1650,100
KFHU,"Fort Huachuca/Libby AAF, AZ, US",United States,AZ,IFR,0,0,0
KFHU,"Fort Huachuca/Libby AAF, AZ, US",United States,AZ,LIFR,0,0,0
KFHU,"Fort Huachuca/Libby AAF, AZ, US",United States,AZ,MVFR,0,0,0
KFIG,"Clearfield/Lawrence Arpt, PA, US",United States,PA,VFR,1859,1890,98.36
KFIG,"Clearfield/Lawrence Arpt, PA, US",United States,PA,MVFR,31,1890,1.64
KFIG,"Clearfield/Lawrence Arpt, PA, US",United States,PA,IFR,0,0,0
KFIG,"Clearfield/Lawrence Arpt, PA, US",United States,PA,LIFR,0,0,0
KFIT,"Fitchburg Muni, MA, US",United States,MA,VFR,1677,1871,89.63
KFIT,"Fitchburg Muni, MA, US",United States,MA,MVFR,194,1871,10.37
KFIT,"Fitchburg Muni, MA, US",United States,MA,IFR,0,0,0
KFIT,"Fitchburg Muni, MA, US",United States,MA,LIFR,0,0,0
KFKA,"Preston/Fillmore Cnty, MN, US",United States,MN,VFR,1890,1890,100
KFKA,"Preston/Fillmore Cnty, MN, US",United States,MN,IFR,0,0,0
KFKA,"Preston/Fillmore Cnty, MN, US",United States,MN,LIFR,0,0,0
KFKA,"Preston/Fillmore Cnty, MN, US",United States,MN,MVFR,0,0,0
KFKL,"Franklin/Lamberton Fld, PA, US",United States,PA,VFR,1890,1890,100
KFKL,"Franklin/Lamberton Fld, PA, US",United States,PA,IFR,0,0,0
KFKL,"Franklin/Lamberton Fld, PA, US",United States,PA,LIFR,0,0,0
KFKL,"Franklin/Lamberton Fld, PA, US",United States,PA,MVFR,0,0,0
KFKN,"Franklin/Rose Arpt, VA, US",United States,VA,VFR,1690,1890,89.42
KFKN,"Franklin/Rose Arpt, VA, US",United States,VA,IFR,100,1890,5.29
KFKN,"Franklin/Rose Arpt, VA, US",United States,VA,MVFR,100,1890,5.29
KFKN,"Franklin/Rose Arpt, VA, US",United States,VA,LIFR,0,0,0
KFKR,"Frankfort Muni, IN, US",United States,IN,VFR,1890,1890,100
KFKR,"Frankfort Muni, IN, US",United States,IN,IFR,0,0,0
KFKR,"Frankfort Muni, IN, US",United States,IN,LIFR,0,0,0
KFKR,"Frankfort Muni, IN, US",United States,IN,MVFR,0,0,0
KFKS,"Frankfort/Dow Mem, MI, US",United States,MI,VFR,1890,1890,100
KFKS,"Frankfort/Dow Mem, MI, US",United States,MI,IFR,0,0,0
KFKS,"Frankfort/Dow Mem, MI, US",United States,MI,LIFR,0,0,0
KFKS,"Frankfort/Dow Mem, MI, US",United States,MI,MVFR,0,0,0
KFLD,"Fond Du Lac Cnty Arpt, WI, US",United States,WI,VFR,1890,1890,100
KFLD,"Fond Du Lac Cnty Arpt, WI, US",United States,WI,IFR,0,0,0
KFLD,"Fond Du Lac Cnty Arpt, WI, US",United States,WI,LIFR,0,0,0
KFLD,"Fond Du Lac Cnty Arpt, WI, US",United States,WI,MVFR,0,0,0
KFLG,"Flagstaff/Pulliam Arpt, AZ, US",United States,AZ,VFR,1890,1890,100
KFLG,"Flagstaff/Pulliam Arpt, AZ, US",United States,AZ,IFR,0,0,0
KFLG,"Flagstaff/Pulliam Arpt, AZ, US",United States,AZ,LIFR,0,0,0
KFLG,"Flagstaff/Pulliam Arpt, AZ, US",United States,AZ,MVFR,0,0,0
KFLL,"Ft Lauderdale-Hollywood Intl, FL, US",United States,FL,VFR,1474,1863,79.12
KFLL,"Ft Lauderdale-Hollywood Intl, FL, US",United States,FL,MVFR,379,1863,20.34
KFLL,"Ft Lauderdale-Hollywood Intl, FL, US",United States,FL,IFR,10,1863,0.54
KFLL,"Ft Lauderdale-Hollywood Intl, FL, US",United States,FL,LIFR,0,0,0
KFLO,"Florence Rgnl, SC, US",United States,SC,VFR,1674,1880,89.04
KFLO,"Florence Rgnl, SC, US",United States,SC,LIFR,141,1880,7.5
KFLO,"Florence Rgnl, SC, US",United States,SC,MVFR,65,1880,3.46
KFLO,"Florence Rgnl, SC, US",United States,SC,IFR,0,0,0
KFLP,"Flippin/Marion Cnty, AR, US",United States,AR,VFR,1696,1890,89.74
KFLP,"Flippin/Marion Cnty, AR, US",United States,AR,MVFR,194,1890,10.26
KFLP,"Flippin/Marion Cnty, AR, US",United States,AR,IFR,0,0,0
KFLP,"Flippin/Marion Cnty, AR, US",United States,AR,LIFR,0,0,0
KFME,"Fort Meade/Tipton Fld, MD, US",United States,MD,VFR,1670,1900,87.89
KFME,"Fort Meade/Tipton Fld, MD, US",United States,MD,MVFR,130,1900,6.84
KFME,"Fort Meade/Tipton Fld, MD, US",United States,MD,IFR,100,1900,5.26
KFME,"Fort Meade/Tipton Fld, MD, US",United States,MD,LIFR,0,0,0
KFMH,"Otis ANGB, MA, US",United States,MA,VFR,1459,1900,76.79
KFMH,"Otis ANGB, MA, US",United States,MA,IFR,275,1900,14.47
KFMH,"Otis ANGB, MA, US",United States,MA,MVFR,166,1900,8.74
KFMH,"Otis ANGB, MA, US",United States,MA,LIFR,0,0,0
KFMM,"Fort Morgan Muni, CO, US",United States,CO,VFR,1220,1220,100
KFMM,"Fort Morgan Muni, CO, US",United States,CO,IFR,0,0,0
KFMM,"Fort Morgan Muni, CO, US",United States,CO,LIFR,0,0,0
KFMM,"Fort Morgan Muni, CO, US",United States,CO,MVFR,0,0,0
KFMN,"Farmington/Four Corners Rgnl, NM, US",United States,NM,VFR,1890,1890,100
KFMN,"Farmington/Four Corners Rgnl, NM, US",United States,NM,IFR,0,0,0
KFMN,"Farmington/Four Corners Rgnl, NM, US",United States,NM,LIFR,0,0,0
KFMN,"Farmington/Four Corners Rgnl, NM, US",United States,NM,MVFR,0,0,0
KFMY,"Fort Myers/Page Fld, FL, US",United States,FL,VFR,1815,1890,96.03
KFMY,"Fort Myers/Page Fld, FL, US",United States,FL,MVFR,75,1890,3.97
KFMY,"Fort Myers/Page Fld, FL, US",United States,FL,IFR,0,0,0
KFMY,"Fort Myers/Page Fld, FL, US",United States,FL,LIFR,0,0,0
KFNB,"Falls City/Brenner Fld, NE, US",United States,NE,VFR,1890,1890,100
KFNB,"Falls City/Brenner Fld, NE, US",United States,NE,IFR,0,0,0
KFNB,"Falls City/Brenner Fld, NE, US",United States,NE,LIFR,0,0,0
KFNB,"Falls City/Brenner Fld, NE, US",United States,NE,MVFR,0,0,0
KFNL,"Fort Collins/N Colorado Rgnl, CO, US",United States,CO,VFR,1710,1890,90.48
KFNL,"Fort Collins/N Colorado Rgnl, CO, US",United States,CO,MVFR,180,1890,9.52
KFNL,"Fort Collins/N Colorado Rgnl, CO, US",United States,CO,IFR,0,0,0
KFNL,"Fort Collins/N Colorado Rgnl, CO, US",United States,CO,LIFR,0,0,0
KFNT,"Flint/Bishop Intl, MI, US",United States,MI,VFR,1890,1890,100
KFNT,"Flint/Bishop Intl, MI, US",United States,MI,IFR,0,0,0
KFNT,"Flint/Bishop Intl, MI, US",United States,MI,LIFR,0,0,0
KFNT,"Flint/Bishop Intl, MI, US",United States,MI,MVFR,0,0,0
KFOA,"Flora Muni, IL, US",United States,IL,VFR,1890,1890,100
KFOA,"Flora Muni, IL, US",United States,IL,IFR,0,0,0
KFOA,"Flora Muni, IL, US",United States,IL,LIFR,0,0,0
KFOA,"Flora Muni, IL, US",United States,IL,MVFR,0,0,0
KFOD,"Fort Dodge Rgnl, IA, US",United States,IA,VFR,1890,1890,100
KFOD,"Fort Dodge Rgnl, IA, US",United States,IA,IFR,0,0,0
KFOD,"Fort Dodge Rgnl, IA, US",United States,IA,LIFR,0,0,0
KFOD,"Fort Dodge Rgnl, IA, US",United States,IA,MVFR,0,0,0
KFOE,"Topeka/Forbes Fld, KS, US",United States,KS,VFR,1776,1890,93.97
KFOE,"Topeka/Forbes Fld, KS, US",United States,KS,MVFR,114,1890,6.03
KFOE,"Topeka/Forbes Fld, KS, US",United States,KS,IFR,0,0,0
KFOE,"Topeka/Forbes Fld, KS, US",United States,KS,LIFR,0,0,0
KFOK,"Westhampton/Gabreski Arpt, NY, US",United States,NY,VFR,1705,1890,90.21
KFOK,"Westhampton/Gabreski Arpt, NY, US",United States,NY,MVFR,185,1890,9.79
KFOK,"Westhampton/Gabreski Arpt, NY, US",United States,NY,IFR,0,0,0
KFOK,"Westhampton/Gabreski Arpt, NY, US",United States,NY,LIFR,0,0,0
KFOM,"Fillmore Muni, UT, US",United States,UT,VFR,1870,1890,98.94
KFOM,"Fillmore Muni, UT, US",United States,UT,MVFR,20,1890,1.06
KFOM,"Fillmore Muni, UT, US",United States,UT,IFR,0,0,0
KFOM,"Fillmore Muni, UT, US",United States,UT,LIFR,0,0,0
KFOT,"Fortuna/Rohnerville Arpt, CA, US",United States,CA,VFR,1035,1905,54.33
KFOT,"Fortuna/Rohnerville Arpt, CA, US",United States,CA,MVFR,505,1905,26.51
KFOT,"Fortuna/Rohnerville Arpt, CA, US",United States,CA,LIFR,250,1905,13.12
KFOT,"Fortuna/Rohnerville Arpt, CA, US",United States,CA,IFR,115,1905,6.04
KFPK,"Charotte/Beach Fld, MI, US",United States,MI,VFR,1830,1890,96.83
KFPK,"Charotte/Beach Fld, MI, US",United States,MI,IFR,40,1890,2.12
KFPK,"Charotte/Beach Fld, MI, US",United States,MI,MVFR,20,1890,1.06
KFPK,"Charotte/Beach Fld, MI, US",United States,MI,LIFR,0,0,0
KFPR,"Ft Pierce/Treasure Coast Intl, FL, US",United States,FL,VFR,1768,1921,92.04
KFPR,"Ft Pierce/Treasure Coast Intl, FL, US",United States,FL,MVFR,139,1921,7.24
KFPR,"Ft Pierce/Treasure Coast Intl, FL, US",United States,FL,IFR,14,1921,0.73
KFPR,"Ft Pierce/Treasure Coast Intl, FL, US",United States,FL,LIFR,0,0,0
KFQD,"Rutherfordton/Marchman Fld, NC, US",United States,NC,VFR,1900,1900,100
KFQD,"Rutherfordton/Marchman Fld, NC, US",United States,NC,IFR,0,0,0
KFQD,"Rutherfordton/Marchman Fld, NC, US",United States,NC,LIFR,0,0,0
KFQD,"Rutherfordton/Marchman Fld, NC, US",United States,NC,MVFR,0,0,0
KFRG,"Farmingdale/Republic Arpt, NY, US",United States,NY,VFR,1707,1890,90.32
KFRG,"Farmingdale/Republic Arpt, NY, US",United States,NY,MVFR,183,1890,9.68
KFRG,"Farmingdale/Republic Arpt, NY, US",United States,NY,IFR,0,0,0
KFRG,"Farmingdale/Republic Arpt, NY, US",United States,NY,LIFR,0,0,0
KFRH,"French Lick Muni, IN, US",United States,IN,VFR,1890,1890,100
KFRH,"French Lick Muni, IN, US",United States,IN,IFR,0,0,0
KFRH,"French Lick Muni, IN, US",United States,IN,LIFR,0,0,0
KFRH,"French Lick Muni, IN, US",United States,IN,MVFR,0,0,0
KFRI,"Ft Riley/Marshall Fld, KS, US",United States,KS,VFR,1650,1650,100
KFRI,"Ft Riley/Marshall Fld, KS, US",United States,KS,IFR,0,0,0
KFRI,"Ft Riley/Marshall Fld, KS, US",United States,KS,LIFR,0,0,0
KFRI,"Ft Riley/Marshall Fld, KS, US",United States,KS,MVFR,0,0,0
KFRM,"Fairmont Muni, MN, US",United States,MN,VFR,1830,1890,96.83
KFRM,"Fairmont Muni, MN, US",United States,MN,MVFR,60,1890,3.17
KFRM,"Fairmont Muni, MN, US",United States,MN,IFR,0,0,0
KFRM,"Fairmont Muni, MN, US",United States,MN,LIFR,0,0,0
KFRR,"Front Royal/Warren Cnty, VA, US",United States,VA,VFR,1810,1890,95.77
KFRR,"Front Royal/Warren Cnty, VA, US",United States,VA,MVFR,80,1890,4.23
KFRR,"Front Royal/Warren Cnty, VA, US",United States,VA,IFR,0,0,0
KFRR,"Front Royal/Warren Cnty, VA, US",United States,VA,LIFR,0,0,0
KFSD,"Sioux Falls/Foss Fld, SD, US",United States,SD,VFR,1890,1890,100
KFSD,"Sioux Falls/Foss Fld, SD, US",United States,SD,IFR,0,0,0
KFSD,"Sioux Falls/Foss Fld, SD, US",United States,SD,LIFR,0,0,0
KFSD,"Sioux Falls/Foss Fld, SD, US",United States,SD,MVFR,0,0,0
KFSE,"Fosston Muni, MN, US",United States,MN,IFR,0,0,0
KFSE,"Fosston Muni, MN, US",United States,MN,LIFR,0,0,0
KFSE,"Fosston Muni, MN, US",United States,MN,MVFR,0,0,0
KFSE,"Fosston Muni, MN, US",United States,MN,VFR,0,0,0
KFSI,"Fort Sill/Post AAF, OK, US",United States,OK,VFR,522,570,91.58
KFSI,"Fort Sill/Post AAF, OK, US",United States,OK,IFR,48,570,8.42
KFSI,"Fort Sill/Post AAF, OK, US",United States,OK,LIFR,0,0,0
KFSI,"Fort Sill/Post AAF, OK, US",United States,OK,MVFR,0,0,0
KFSK,"Fort Scott Muni, KS, US",United States,KS,VFR,1830,1890,96.83
KFSK,"Fort Scott Muni, KS, US",United States,KS,MVFR,60,1890,3.17
KFSK,"Fort Scott Muni, KS, US",United States,KS,IFR,0,0,0
KFSK,"Fort Scott Muni, KS, US",United States,KS,LIFR,0,0,0
KFSM,"Fort Smith Rgnl, AR, US",United States,AR,VFR,1491,1890,78.89
KFSM,"Fort Smith Rgnl, AR, US",United States,AR,MVFR,399,1890,21.11
KFSM,"Fort Smith Rgnl, AR, US",United States,AR,IFR,0,0,0
KFSM,"Fort Smith Rgnl, AR, US",United States,AR,LIFR,0,0,0
KFSO,"Highgate/Franklin Cnty, VT, US",United States,VT,VFR,1650,1890,87.3
KFSO,"Highgate/Franklin Cnty, VT, US",United States,VT,MVFR,240,1890,12.7
KFSO,"Highgate/Franklin Cnty, VT, US",United States,VT,IFR,0,0,0
KFSO,"Highgate/Franklin Cnty, VT, US",United States,VT,LIFR,0,0,0
KFST,"Fort Stockton/Pecos Cnty, TX, US",United States,TX,VFR,1857,1890,98.25
KFST,"Fort Stockton/Pecos Cnty, TX, US",United States,TX,MVFR,24,1890,1.27
KFST,"Fort Stockton/Pecos Cnty, TX, US",United States,TX,IFR,9,1890,0.48
KFST,"Fort Stockton/Pecos Cnty, TX, US",United States,TX,LIFR,0,0,0
KFSW,"Fort Madison Muni, IA, US",United States,IA,VFR,1890,1890,100
KFSW,"Fort Madison Muni, IA, US",United States,IA,IFR,0,0,0
KFSW,"Fort Madison Muni, IA, US",United States,IA,LIFR,0,0,0
KFSW,"Fort Madison Muni, IA, US",United States,IA,MVFR,0,0,0
KFTK,"Fort Knox/Godman AAF, KY, US",United States,KY,VFR,1380,1650,83.64
KFTK,"Fort Knox/Godman AAF, KY, US",United States,KY,MVFR,150,1650,9.09
KFTK,"Fort Knox/Godman AAF, KY, US",United States,KY,IFR,120,1650,7.27
KFTK,"Fort Knox/Godman AAF, KY, US",United States,KY,LIFR,0,0,0
KFTW,"Fort Worth/Meacham Intl, TX, US",United States,TX,VFR,1650,1650,100
KFTW,"Fort Worth/Meacham Intl, TX, US",United States,TX,IFR,0,0,0
KFTW,"Fort Worth/Meacham Intl, TX, US",United States,TX,LIFR,0,0,0
KFTW,"Fort Worth/Meacham Intl, TX, US",United States,TX,MVFR,0,0,0
KFTY,"Atlanta/Fulton Cnty, GA, US",United States,GA,VFR,1574,1890,83.28
KFTY,"Atlanta/Fulton Cnty, GA, US",United States,GA,MVFR,316,1890,16.72
KFTY,"Atlanta/Fulton Cnty, GA, US",United States,GA,IFR,0,0,0
KFTY,"Atlanta/Fulton Cnty, GA, US",United States,GA,LIFR,0,0,0
KFUL,"Fullerton Muni, CA, US",United States,CA,VFR,1410,1890,74.6
KFUL,"Fullerton Muni, CA, US",United States,CA,MVFR,480,1890,25.4
KFUL,"Fullerton Muni, CA, US",United States,CA,IFR,0,0,0
KFUL,"Fullerton Muni, CA, US",United States,CA,LIFR,0,0,0
KFVE,"Frenchville/N Aroostook Rgnl, ME, US",United States,ME,VFR,1529,1881,81.29
KFVE,"Frenchville/N Aroostook Rgnl, ME, US",United States,ME,MVFR,352,1881,18.71
KFVE,"Frenchville/N Aroostook Rgnl, ME, US",United States,ME,IFR,0,0,0
KFVE,"Frenchville/N Aroostook Rgnl, ME, US",United States,ME,LIFR,0,0,0
KFVX,"Farmville Muni, VA, US",United States,VA,VFR,1890,1890,100
KFVX,"Farmville Muni, VA, US",United States,VA,IFR,0,0,0
KFVX,"Farmville Muni, VA, US",United States,VA,LIFR,0,0,0
KFVX,"Farmville Muni, VA, US",United States,VA,MVFR,0,0,0
KFWA,"Fort Wayne Intl, IN, US",United States,IN,VFR,1890,1890,100
KFWA,"Fort Wayne Intl, IN, US",United States,IN,IFR,0,0,0
KFWA,"Fort Wayne Intl, IN, US",United States,IN,LIFR,0,0,0
KFWA,"Fort Wayne Intl, IN, US",United States,IN,MVFR,0,0,0
KFWC,"Fairfield Muni, IL, US",United States,IL,VFR,1890,1890,100
KFWC,"Fairfield Muni, IL, US",United States,IL,IFR,0,0,0
KFWC,"Fairfield Muni, IL, US",United States,IL,LIFR,0,0,0
KFWC,"Fairfield Muni, IL, US",United States,IL,MVFR,0,0,0
KFWN,"Sussex Arpt, NJ, US",United States,NJ,VFR,1835,1890,97.09
KFWN,"Sussex Arpt, NJ, US",United States,NJ,MVFR,55,1890,2.91
KFWN,"Sussex Arpt, NJ, US",United States,NJ,IFR,0,0,0
KFWN,"Sussex Arpt, NJ, US",United States,NJ,LIFR,0,0,0
KFWS,"Fort Worth/Spinks Arpt, TX, US",United States,TX,VFR,1870,1870,100
KFWS,"Fort Worth/Spinks Arpt, TX, US",United States,TX,IFR,0,0,0
KFWS,"Fort Worth/Spinks Arpt, TX, US",United States,TX,LIFR,0,0,0
KFWS,"Fort Worth/Spinks Arpt, TX, US",United States,TX,MVFR,0,0,0
KFXE,"Ft Lauderdale Exec, FL, US",United States,FL,VFR,1880,1898,99.05
KFXE,"Ft Lauderdale Exec, FL, US",United States,FL,MVFR,18,1898,0.95
KFXE,"Ft Lauderdale Exec, FL, US",United States,FL,IFR,0,0,0
KFXE,"Ft Lauderdale Exec, FL, US",United States,FL,LIFR,0,0,0
KFXY,"Forest City Muni, IA, US",United States,IA,VFR,1890,1890,100
KFXY,"Forest City Muni, IA, US",United States,IA,IFR,0,0,0
KFXY,"Forest City Muni, IA, US",United States,IA,LIFR,0,0,0
KFXY,"Forest City Muni, IA, US",United States,IA,MVFR,0,0,0
KFYE,"Somerville/Fayette Cnty, TN, US",United States,TN,VFR,1550,1915,80.94
KFYE,"Somerville/Fayette Cnty, TN, US",United States,TN,MVFR,365,1915,19.06
KFYE,"Somerville/Fayette Cnty, TN, US",United States,TN,IFR,0,0,0
KFYE,"Somerville/Fayette Cnty, TN, US",United States,TN,LIFR,0,0,0
KFYJ,"West Point/Middle Peninsula Arpt, VA, US",United States,VA,VFR,1650,1890,87.3
KFYJ,"West Point/Middle Peninsula Arpt, VA, US",United States,VA,MVFR,240,1890,12.7
KFYJ,"West Point/Middle Peninsula Arpt, VA, US",United States,VA,IFR,0,0,0
KFYJ,"West Point/Middle Peninsula Arpt, VA, US",United States,VA,LIFR,0,0,0
KFYM,"Fayetteville Muni, TN, US",United States,TN,VFR,1320,1780,74.16
KFYM,"Fayetteville Muni, TN, US",United States,TN,MVFR,280,1780,15.73
KFYM,"Fayetteville Muni, TN, US",United States,TN,IFR,100,1780,5.62
KFYM,"Fayetteville Muni, TN, US",United States,TN,LIFR,80,1780,4.49
KFYV,"Fayetteville/Drake Fld, AR, US",United States,AR,VFR,1723,1890,91.16
KFYV,"Fayetteville/Drake Fld, AR, US",United States,AR,MVFR,100,1890,5.29
KFYV,"Fayetteville/Drake Fld, AR, US",United States,AR,IFR,67,1890,3.54
KFYV,"Fayetteville/Drake Fld, AR, US",United States,AR,LIFR,0,0,0
KFZG,"Fitzgerald Muni, GA, US",United States,GA,VFR,1060,1890,56.08
KFZG,"Fitzgerald Muni, GA, US",United States,GA,LIFR,400,1890,21.16
KFZG,"Fitzgerald Muni, GA, US",United States,GA,IFR,310,1890,16.4
KFZG,"Fitzgerald Muni, GA, US",United States,GA,MVFR,120,1890,6.35
KFZY,"Fulton/Oswego Cnty, NY, US",United States,NY,VFR,1679,1868,89.88
KFZY,"Fulton/Oswego Cnty, NY, US",United States,NY,MVFR,123,1868,6.58
KFZY,"Fulton/Oswego Cnty, NY, US",United States,NY,LIFR,56,1868,3
KFZY,"Fulton/Oswego Cnty, NY, US",United States,NY,IFR,10,1868,0.54
KGAD,"Gadsden/NE Alabama Rgnl, AL, US",United States,AL,IFR,0,0,0
KGAD,"Gadsden/NE Alabama Rgnl, AL, US",United States,AL,LIFR,0,0,0
KGAD,"Gadsden/NE Alabama Rgnl, AL, US",United States,AL,MVFR,0,0,0
KGAD,"Gadsden/NE Alabama Rgnl, AL, US",United States,AL,VFR,0,0,0
KGAF,"Grafton/Hutson Fld, ND, US",United States,ND,VFR,1910,1910,100
KGAF,"Grafton/Hutson Fld, ND, US",United States,ND,IFR,0,0,0
KGAF,"Grafton/Hutson Fld, ND, US",United States,ND,LIFR,0,0,0
KGAF,"Grafton/Hutson Fld, ND, US",United States,ND,MVFR,0,0,0
KGAG,"Gage Arpt, OK, US",United States,OK,VFR,1837,1890,97.2
KGAG,"Gage Arpt, OK, US",United States,OK,MVFR,53,1890,2.8
KGAG,"Gage Arpt, OK, US",United States,OK,IFR,0,0,0
KGAG,"Gage Arpt, OK, US",United States,OK,LIFR,0,0,0
KGAI,"Gaithersburg/Montgomery Cnty, MD, US",United States,MD,VFR,1459,1890,77.2
KGAI,"Gaithersburg/Montgomery Cnty, MD, US",United States,MD,MVFR,300,1890,15.87
KGAI,"Gaithersburg/Montgomery Cnty, MD, US",United States,MD,LIFR,71,1890,3.76
KGAI,"Gaithersburg/Montgomery Cnty, MD, US",United States,MD,IFR,60,1890,3.17
KGAO,"Galliano/Miller Arpt, LA, US",United States,LA,VFR,1570,1710,91.81
KGAO,"Galliano/Miller Arpt, LA, US",United States,LA,MVFR,80,1710,4.68
KGAO,"Galliano/Miller Arpt, LA, US",United States,LA,IFR,60,1710,3.51
KGAO,"Galliano/Miller Arpt, LA, US",United States,LA,LIFR,0,0,0
KGBD,"Great Bend Muni, KS, US",United States,KS,VFR,1770,1890,93.65
KGBD,"Great Bend Muni, KS, US",United States,KS,MVFR,79,1890,4.18
KGBD,"Great Bend Muni, KS, US",United States,KS,IFR,41,1890,2.17
KGBD,"Great Bend Muni, KS, US",United States,KS,LIFR,0,0,0
KGBG,"Galesburg Muni, IL, US",United States,IL,VFR,1690,1890,89.42
KGBG,"Galesburg Muni, IL, US",United States,IL,IFR,120,1890,6.35
KGBG,"Galesburg Muni, IL, US",United States,IL,MVFR,80,1890,4.23
KGBG,"Galesburg Muni, IL, US",United States,IL,LIFR,0,0,0
KGCC,"Gillette/Campbell Cnty, WY, US",United States,WY,VFR,1890,1890,100
KGCC,"Gillette/Campbell Cnty, WY, US",United States,WY,IFR,0,0,0
KGCC,"Gillette/Campbell Cnty, WY, US",United States,WY,LIFR,0,0,0
KGCC,"Gillette/Campbell Cnty, WY, US",United States,WY,MVFR,0,0,0
KGCD,"John Day/Grant Cnty, OR, US",United States,OR,VFR,1890,1890,100
KGCD,"John Day/Grant Cnty, OR, US",United States,OR,IFR,0,0,0
KGCD,"John Day/Grant Cnty, OR, US",United States,OR,LIFR,0,0,0
KGCD,"John Day/Grant Cnty, OR, US",United States,OR,MVFR,0,0,0
KGCK,"Garden City Rgnl, KS, US",United States,KS,VFR,1652,1890,87.41
KGCK,"Garden City Rgnl, KS, US",United States,KS,MVFR,238,1890,12.59
KGCK,"Garden City Rgnl, KS, US",United States,KS,IFR,0,0,0
KGCK,"Garden City Rgnl, KS, US",United States,KS,LIFR,0,0,0
KGCM,"Claremore Rgnl, OK, US",United States,OK,VFR,1450,1890,76.72
KGCM,"Claremore Rgnl, OK, US",United States,OK,MVFR,440,1890,23.28
KGCM,"Claremore Rgnl, OK, US",United States,OK,IFR,0,0,0
KGCM,"Claremore Rgnl, OK, US",United States,OK,LIFR,0,0,0
KGCN,"Grand Canyon Park Arpt, AZ, US",United States,AZ,VFR,1890,1890,100
KGCN,"Grand Canyon Park Arpt, AZ, US",United States,AZ,IFR,0,0,0
KGCN,"Grand Canyon Park Arpt, AZ, US",United States,AZ,LIFR,0,0,0
KGCN,"Grand Canyon Park Arpt, AZ, US",United States,AZ,MVFR,0,0,0
KGCY,"Greeneville/Greene Cnty, TN, US",United States,TN,VFR,1590,1910,83.25
KGCY,"Greeneville/Greene Cnty, TN, US",United States,TN,LIFR,140,1910,7.33
KGCY,"Greeneville/Greene Cnty, TN, US",United States,TN,MVFR,100,1910,5.24
KGCY,"Greeneville/Greene Cnty, TN, US",United States,TN,IFR,80,1910,4.19
KGDB,"Granite Falls Muni, MN, US",United States,MN,VFR,1890,1890,100
KGDB,"Granite Falls Muni, MN, US",United States,MN,IFR,0,0,0
KGDB,"Granite Falls Muni, MN, US",United States,MN,LIFR,0,0,0
KGDB,"Granite Falls Muni, MN, US",United States,MN,MVFR,0,0,0
KGDJ,"Granbury Muni, TX, US",United States,TX,IFR,0,0,0
KGDJ,"Granbury Muni, TX, US",United States,TX,LIFR,0,0,0
KGDJ,"Granbury Muni, TX, US",United States,TX,MVFR,0,0,0
KGDJ,"Granbury Muni, TX, US",United States,TX,VFR,0,0,0
KGDV,"Glendive/Dawson Arpt, MT, US",United States,MT,VFR,1890,1890,100
KGDV,"Glendive/Dawson Arpt, MT, US",United States,MT,IFR,0,0,0
KGDV,"Glendive/Dawson Arpt, MT, US",United States,MT,LIFR,0,0,0
KGDV,"Glendive/Dawson Arpt, MT, US",United States,MT,MVFR,0,0,0
KGED,"Georgetown/Sussex Cnty, DE, US",United States,DE,VFR,1460,1812,80.57
KGED,"Georgetown/Sussex Cnty, DE, US",United States,DE,MVFR,256,1812,14.13
KGED,"Georgetown/Sussex Cnty, DE, US",United States,DE,IFR,96,1812,5.3
KGED,"Georgetown/Sussex Cnty, DE, US",United States,DE,LIFR,0,0,0
KGEG,"Spokane Intl, WA, US",United States,WA,VFR,1890,1890,100
KGEG,"Spokane Intl, WA, US",United States,WA,IFR,0,0,0
KGEG,"Spokane Intl, WA, US",United States,WA,LIFR,0,0,0
KGEG,"Spokane Intl, WA, US",United States,WA,MVFR,0,0,0
KGEU,"Glendale Muni, AZ, US",United States,AZ,VFR,1293,1293,100
KGEU,"Glendale Muni, AZ, US",United States,AZ,IFR,0,0,0
KGEU,"Glendale Muni, AZ, US",United States,AZ,LIFR,0,0,0
KGEU,"Glendale Muni, AZ, US",United States,AZ,MVFR,0,0,0
KGEV,"Jefferson/Ashe Cnty, NC, US",United States,NC,IFR,0,0,0
KGEV,"Jefferson/Ashe Cnty, NC, US",United States,NC,LIFR,0,0,0
KGEV,"Jefferson/Ashe Cnty, NC, US",United States,NC,MVFR,0,0,0
KGEV,"Jefferson/Ashe Cnty, NC, US",United States,NC,VFR,0,0,0
KGEY,"Greybull/South Big Horn Arpt, WY, US",United States,WY,VFR,1760,1890,93.12
KGEY,"Greybull/South Big Horn Arpt, WY, US",United States,WY,MVFR,130,1890,6.88
KGEY,"Greybull/South Big Horn Arpt, WY, US",United States,WY,IFR,0,0,0
KGEY,"Greybull/South Big Horn Arpt, WY, US",United States,WY,LIFR,0,0,0
KGEZ,"Shelbyville Muni, IN, US",United States,IN,VFR,1890,1890,100
KGEZ,"Shelbyville Muni, IN, US",United States,IN,IFR,0,0,0
KGEZ,"Shelbyville Muni, IN, US",United States,IN,LIFR,0,0,0
KGEZ,"Shelbyville Muni, IN, US",United States,IN,MVFR,0,0,0
KGFA,"Malmstrom AFB, MT, US",United States,MT,VFR,1650,1650,100
KGFA,"Malmstrom AFB, MT, US",United States,MT,IFR,0,0,0
KGFA,"Malmstrom AFB, MT, US",United States,MT,LIFR,0,0,0
KGFA,"Malmstrom AFB, MT, US",United States,MT,MVFR,0,0,0
KGFK,"Grand Forks Intl, ND, US",United States,ND,VFR,1890,1890,100
KGFK,"Grand Forks Intl, ND, US",United States,ND,IFR,0,0,0
KGFK,"Grand Forks Intl, ND, US",United States,ND,LIFR,0,0,0
KGFK,"Grand Forks Intl, ND, US",United States,ND,MVFR,0,0,0
KGFL,"Glens Falls/Warren Cnty, NY, US",United States,NY,VFR,1781,1861,95.7
KGFL,"Glens Falls/Warren Cnty, NY, US",United States,NY,MVFR,80,1861,4.3
KGFL,"Glens Falls/Warren Cnty, NY, US",United States,NY,IFR,0,0,0
KGFL,"Glens Falls/Warren Cnty, NY, US",United States,NY,LIFR,0,0,0
KGGE,"Georgetown Cnty, SC, US",United States,SC,VFR,1450,1890,76.72
KGGE,"Georgetown Cnty, SC, US",United States,SC,MVFR,300,1890,15.87
KGGE,"Georgetown Cnty, SC, US",United States,SC,IFR,80,1890,4.23
KGGE,"Georgetown Cnty, SC, US",United States,SC,LIFR,60,1890,3.17
KGGF,"Grant Muni, NE, US",United States,NE,LIFR,1160,1890,61.38
KGGF,"Grant Muni, NE, US",United States,NE,IFR,360,1890,19.05
KGGF,"Grant Muni, NE, US",United States,NE,VFR,190,1890,10.05
KGGF,"Grant Muni, NE, US",United States,NE,MVFR,180,1890,9.52
KGGG,"Longview/Gregg Cnty, TX, US",United States,TX,VFR,1890,1890,100
KGGG,"Longview/Gregg Cnty, TX, US",United States,TX,IFR,0,0,0
KGGG,"Longview/Gregg Cnty, TX, US",United States,TX,LIFR,0,0,0
KGGG,"Longview/Gregg Cnty, TX, US",United States,TX,MVFR,0,0,0
KGGI,"Grinnell Rgnl, IA, US",United States,IA,VFR,1870,1890,98.94
KGGI,"Grinnell Rgnl, IA, US",United States,IA,MVFR,20,1890,1.06
KGGI,"Grinnell Rgnl, IA, US",United States,IA,IFR,0,0,0
KGGI,"Grinnell Rgnl, IA, US",United States,IA,LIFR,0,0,0
KGGP,"Logansport/Cass Cnty, IN, US",United States,IN,VFR,1850,1891,97.83
KGGP,"Logansport/Cass Cnty, IN, US",United States,IN,MVFR,41,1891,2.17
KGGP,"Logansport/Cass Cnty, IN, US",United States,IN,IFR,0,0,0
KGGP,"Logansport/Cass Cnty, IN, US",United States,IN,LIFR,0,0,0
KGGW,"Glasgow Intl Arpt, MT, US",United States,MT,VFR,1890,1890,100
KGGW,"Glasgow Intl Arpt, MT, US",United States,MT,IFR,0,0,0
KGGW,"Glasgow Intl Arpt, MT, US",United States,MT,LIFR,0,0,0
KGGW,"Glasgow Intl Arpt, MT, US",United States,MT,MVFR,0,0,0
KGHG,"Marshfield Muni, MA, US",United States,MA,VFR,1490,1850,80.54
KGHG,"Marshfield Muni, MA, US",United States,MA,MVFR,260,1850,14.05
KGHG,"Marshfield Muni, MA, US",United States,MA,IFR,100,1850,5.41
KGHG,"Marshfield Muni, MA, US",United States,MA,LIFR,0,0,0
KGIC,"Grangeville/Idaho Cnty, ID, US",United States,ID,VFR,1885,1885,100
KGIC,"Grangeville/Idaho Cnty, ID, US",United States,ID,IFR,0,0,0
KGIC,"Grangeville/Idaho Cnty, ID, US",United States,ID,LIFR,0,0,0
KGIC,"Grangeville/Idaho Cnty, ID, US",United States,ID,MVFR,0,0,0
KGIF,"Winter Haven Rgnl, FL, US",United States,FL,VFR,1556,1890,82.33
KGIF,"Winter Haven Rgnl, FL, US",United States,FL,MVFR,183,1890,9.68
KGIF,"Winter Haven Rgnl, FL, US",United States,FL,LIFR,151,1890,7.99
KGIF,"Winter Haven Rgnl, FL, US",United States,FL,IFR,0,0,0
KGJT,"Grand Junction Rgnl, CO, US",United States,CO,VFR,1762,1822,96.71
KGJT,"Grand Junction Rgnl, CO, US",United States,CO,MVFR,60,1822,3.29
KGJT,"Grand Junction Rgnl, CO, US",United States,CO,IFR,0,0,0
KGJT,"Grand Junction Rgnl, CO, US",United States,CO,LIFR,0,0,0
KGKJ,"Meadville Arpt, PA, US",United States,PA,VFR,1890,1890,100
KGKJ,"Meadville Arpt, PA, US",United States,PA,IFR,0,0,0
KGKJ,"Meadville Arpt, PA, US",United States,PA,LIFR,0,0,0
KGKJ,"Meadville Arpt, PA, US",United States,PA,MVFR,0,0,0
KGKT,"Gatlinburg-Pigeon Forge Arpt, TN, US",United States,TN,VFR,1510,1910,79.06
KGKT,"Gatlinburg-Pigeon Forge Arpt, TN, US",United States,TN,MVFR,220,1910,11.52
KGKT,"Gatlinburg-Pigeon Forge Arpt, TN, US",United States,TN,LIFR,100,1910,5.24
KGKT,"Gatlinburg-Pigeon Forge Arpt, TN, US",United States,TN,IFR,80,1910,4.19
KGKY,"Arlington Muni, TX, US",United States,TX,VFR,1890,1890,100
KGKY,"Arlington Muni, TX, US",United States,TX,IFR,0,0,0
KGKY,"Arlington Muni, TX, US",United States,TX,LIFR,0,0,0
KGKY,"Arlington Muni, TX, US",United States,TX,MVFR,0,0,0
KGLD,"Goodland/Renner Fld, KS, US",United States,KS,VFR,968,1890,51.22
KGLD,"Goodland/Renner Fld, KS, US",United States,KS,MVFR,406,1890,21.48
KGLD,"Goodland/Renner Fld, KS, US",United States,KS,LIFR,387,1890,20.48
KGLD,"Goodland/Renner Fld, KS, US",United States,KS,IFR,129,1890,6.83
KGLH,"Greenville/Mid Delta Arpt, MS, US",United States,MS,VFR,1447,1890,76.56
KGLH,"Greenville/Mid Delta Arpt, MS, US",United States,MS,IFR,244,1890,12.91
KGLH,"Greenville/Mid Delta Arpt, MS, US",United States,MS,MVFR,163,1890,8.62
KGLH,"Greenville/Mid Delta Arpt, MS, US",United States,MS,LIFR,36,1890,1.9
KGLR,"Gaylord Rgnl, MI, US",United States,MI,VFR,1710,1710,100
KGLR,"Gaylord Rgnl, MI, US",United States,MI,IFR,0,0,0
KGLR,"Gaylord Rgnl, MI, US",United States,MI,LIFR,0,0,0
KGLR,"Gaylord Rgnl, MI, US",United States,MI,MVFR,0,0,0
KGLS,"Galveston/Scholes Intl, TX, US",United States,TX,VFR,1835,1890,97.09
KGLS,"Galveston/Scholes Intl, TX, US",United States,TX,MVFR,55,1890,2.91
KGLS,"Galveston/Scholes Intl, TX, US",United States,TX,IFR,0,0,0
KGLS,"Galveston/Scholes Intl, TX, US",United States,TX,LIFR,0,0,0
KGLW,"Glasgow Muni, KY, US",United States,KY,VFR,1590,1890,84.13
KGLW,"Glasgow Muni, KY, US",United States,KY,MVFR,300,1890,15.87
KGLW,"Glasgow Muni, KY, US",United States,KY,IFR,0,0,0
KGLW,"Glasgow Muni, KY, US",United States,KY,LIFR,0,0,0
KGLY,"Clinton Mem, MO, US",United States,MO,VFR,1790,1890,94.71
KGLY,"Clinton Mem, MO, US",United States,MO,MVFR,80,1890,4.23
KGLY,"Clinton Mem, MO, US",United States,MO,IFR,20,1890,1.06
KGLY,"Clinton Mem, MO, US",United States,MO,LIFR,0,0,0
KGMJ,"Grove Muni, OK, US",United States,OK,VFR,1890,1890,100
KGMJ,"Grove Muni, OK, US",United States,OK,IFR,0,0,0
KGMJ,"Grove Muni, OK, US",United States,OK,LIFR,0,0,0
KGMJ,"Grove Muni, OK, US",United States,OK,MVFR,0,0,0
KGMU,"Greenville/Downtown Arpt, SC, US",United States,SC,VFR,1890,1890,100
KGMU,"Greenville/Downtown Arpt, SC, US",United States,SC,IFR,0,0,0
KGMU,"Greenville/Downtown Arpt, SC, US",United States,SC,LIFR,0,0,0
KGMU,"Greenville/Downtown Arpt, SC, US",United States,SC,MVFR,0,0,0
KGNB,"Granby/Grand Cnty, CO, US",United States,CO,VFR,1890,1890,100
KGNB,"Granby/Grand Cnty, CO, US",United States,CO,IFR,0,0,0
KGNB,"Granby/Grand Cnty, CO, US",United States,CO,LIFR,0,0,0
KGNB,"Granby/Grand Cnty, CO, US",United States,CO,MVFR,0,0,0
KGNC,"Seminole/Gaines Cnty, TX, US",United States,TX,VFR,1890,1890,100
KGNC,"Seminole/Gaines Cnty, TX, US",United States,TX,IFR,0,0,0
KGNC,"Seminole/Gaines Cnty, TX, US",United States,TX,LIFR,0,0,0
KGNC,"Seminole/Gaines Cnty, TX, US",United States,TX,MVFR,0,0,0
KGNG,"Gooding Muni, ID, US",United States,ID,VFR,1905,1905,100
KGNG,"Gooding Muni, ID, US",United States,ID,IFR,0,0,0
KGNG,"Gooding Muni, ID, US",United States,ID,LIFR,0,0,0
KGNG,"Gooding Muni, ID, US",United States,ID,MVFR,0,0,0
KGNT,"Grants-Milan Muni, NM, US",United States,NM,VFR,1820,1890,96.3
KGNT,"Grants-Milan Muni, NM, US",United States,NM,MVFR,70,1890,3.7
KGNT,"Grants-Milan Muni, NM, US",United States,NM,IFR,0,0,0
KGNT,"Grants-Milan Muni, NM, US",United States,NM,LIFR,0,0,0
KGNV,"Gainesville Rgnl, FL, US",United States,FL,VFR,1304,1897,68.74
KGNV,"Gainesville Rgnl, FL, US",United States,FL,MVFR,260,1897,13.71
KGNV,"Gainesville Rgnl, FL, US",United States,FL,IFR,219,1897,11.54
KGNV,"Gainesville Rgnl, FL, US",United States,FL,LIFR,114,1897,6.01
KGOK,"Guthrie-Edmond Rgnl, OK, US",United States,OK,VFR,1464,1830,80
KGOK,"Guthrie-Edmond Rgnl, OK, US",United States,OK,IFR,251,1830,13.72
KGOK,"Guthrie-Edmond Rgnl, OK, US",United States,OK,MVFR,115,1830,6.28
KGOK,"Guthrie-Edmond Rgnl, OK, US",United States,OK,LIFR,0,0,0
KGON,"Groton-New London Arpt, CT, US",United States,CT,VFR,1556,1890,82.33
KGON,"Groton-New London Arpt, CT, US",United States,CT,MVFR,165,1890,8.73
KGON,"Groton-New London Arpt, CT, US",United States,CT,IFR,162,1890,8.57
KGON,"Groton-New London Arpt, CT, US",United States,CT,LIFR,7,1890,0.37
KGOO,"Grass Valley/Nevada Cnty, CA, US",United States,CA,VFR,1270,1910,66.49
KGOO,"Grass Valley/Nevada Cnty, CA, US",United States,CA,MVFR,440,1910,23.04
KGOO,"Grass Valley/Nevada Cnty, CA, US",United States,CA,IFR,200,1910,10.47
KGOO,"Grass Valley/Nevada Cnty, CA, US",United States,CA,LIFR,0,0,0
KGOP,"Gatesville Muni, TX, US",United States,TX,VFR,1810,1890,95.77
KGOP,"Gatesville Muni, TX, US",United States,TX,MVFR,80,1890,4.23
KGOP,"Gatesville Muni, TX, US",United States,TX,IFR,0,0,0
KGOP,"Gatesville Muni, TX, US",United States,TX,LIFR,0,0,0
KGOV,"Grayling, MI, US",United States,MI,VFR,1650,1650,100
KGOV,"Grayling, MI, US",United States,MI,IFR,0,0,0
KGOV,"Grayling, MI, US",United States,MI,LIFR,0,0,0
KGOV,"Grayling, MI, US",United States,MI,MVFR,0,0,0
KGPH,"Mosby/Midwest Air Center, MO, US",United States,MO,VFR,1690,1730,97.69
KGPH,"Mosby/Midwest Air Center, MO, US",United States,MO,IFR,40,1730,2.31
KGPH,"Mosby/Midwest Air Center, MO, US",United States,MO,LIFR,0,0,0
KGPH,"Mosby/Midwest Air Center, MO, US",United States,MO,MVFR,0,0,0
KGPI,"Kalispell/Glacier Park Intl, MT, US",United States,MT,VFR,1731,1864,92.86
KGPI,"Kalispell/Glacier Park Intl, MT, US",United States,MT,LIFR,121,1864,6.49
KGPI,"Kalispell/Glacier Park Intl, MT, US",United States,MT,IFR,12,1864,0.64
KGPI,"Kalispell/Glacier Park Intl, MT, US",United States,MT,MVFR,0,0,0
KGPM,"Grand Prairie Muni, TX, US",United States,TX,VFR,1890,1890,100
KGPM,"Grand Prairie Muni, TX, US",United States,TX,IFR,0,0,0
KGPM,"Grand Prairie Muni, TX, US",United States,TX,LIFR,0,0,0
KGPM,"Grand Prairie Muni, TX, US",United States,TX,MVFR,0,0,0
KGPT,"Gulfport-Biloxi Intl, MS, US",United States,MS,VFR,1668,1867,89.34
KGPT,"Gulfport-Biloxi Intl, MS, US",United States,MS,LIFR,172,1867,9.21
KGPT,"Gulfport-Biloxi Intl, MS, US",United States,MS,MVFR,14,1867,0.75
KGPT,"Gulfport-Biloxi Intl, MS, US",United States,MS,IFR,13,1867,0.7
KGPZ,"Grand Rapids/Itasca Cnty, MN, US",United States,MN,VFR,1890,1890,100
KGPZ,"Grand Rapids/Itasca Cnty, MN, US",United States,MN,IFR,0,0,0
KGPZ,"Grand Rapids/Itasca Cnty, MN, US",United States,MN,LIFR,0,0,0
KGPZ,"Grand Rapids/Itasca Cnty, MN, US",United States,MN,MVFR,0,0,0
KGRB,"Green Bay/Straubel Intl, WI, US",United States,WI,VFR,1890,1890,100
KGRB,"Green Bay/Straubel Intl, WI, US",United States,WI,IFR,0,0,0
KGRB,"Green Bay/Straubel Intl, WI, US",United States,WI,LIFR,0,0,0
KGRB,"Green Bay/Straubel Intl, WI, US",United States,WI,MVFR,0,0,0
KGRD,"Greenwood Cnty, SC, US",United States,SC,VFR,1590,1870,85.03
KGRD,"Greenwood Cnty, SC, US",United States,SC,LIFR,168,1870,8.98
KGRD,"Greenwood Cnty, SC, US",United States,SC,MVFR,60,1870,3.21
KGRD,"Greenwood Cnty, SC, US",United States,SC,IFR,52,1870,2.78
KGRF,"Fort Lewis/Gray AAF, WA, US",United States,WA,VFR,1650,1650,100
KGRF,"Fort Lewis/Gray AAF, WA, US",United States,WA,IFR,0,0,0
KGRF,"Fort Lewis/Gray AAF, WA, US",United States,WA,LIFR,0,0,0
KGRF,"Fort Lewis/Gray AAF, WA, US",United States,WA,MVFR,0,0,0
KGRI,"Grand Island Rgnl, NE, US",United States,NE,VFR,1890,1890,100
KGRI,"Grand Island Rgnl, NE, US",United States,NE,IFR,0,0,0
KGRI,"Grand Island Rgnl, NE, US",United States,NE,LIFR,0,0,0
KGRI,"Grand Island Rgnl, NE, US",United States,NE,MVFR,0,0,0
KGRK,"Killeen-Ft Hood Rgnl, TX, US",United States,TX,VFR,1590,1650,96.36
KGRK,"Killeen-Ft Hood Rgnl, TX, US",United States,TX,IFR,60,1650,3.64
KGRK,"Killeen-Ft Hood Rgnl, TX, US",United States,TX,LIFR,0,0,0
KGRK,"Killeen-Ft Hood Rgnl, TX, US",United States,TX,MVFR,0,0,0
KGRN,"Gordon Muni, NE, US",United States,NE,VFR,1670,1890,88.36
KGRN,"Gordon Muni, NE, US",United States,NE,LIFR,220,1890,11.64
KGRN,"Gordon Muni, NE, US",United States,NE,IFR,0,0,0
KGRN,"Gordon Muni, NE, US",United States,NE,MVFR,0,0,0
KGRR,"Grand Rapids Intl, MI, US",United States,MI,VFR,1890,1890,100
KGRR,"Grand Rapids Intl, MI, US",United States,MI,IFR,0,0,0
KGRR,"Grand Rapids Intl, MI, US",United States,MI,LIFR,0,0,0
KGRR,"Grand Rapids Intl, MI, US",United States,MI,MVFR,0,0,0
KGSB,"Goldsboro/Johnson AFB, NC, US",United States,NC,VFR,1513,1650,91.7
KGSB,"Goldsboro/Johnson AFB, NC, US",United States,NC,MVFR,137,1650,8.3
KGSB,"Goldsboro/Johnson AFB, NC, US",United States,NC,IFR,0,0,0
KGSB,"Goldsboro/Johnson AFB, NC, US",United States,NC,LIFR,0,0,0
KGSH,"Goshen Muni, IN, US",United States,IN,VFR,1890,1890,100
KGSH,"Goshen Muni, IN, US",United States,IN,IFR,0,0,0
KGSH,"Goshen Muni, IN, US",United States,IN,LIFR,0,0,0
KGSH,"Goshen Muni, IN, US",United States,IN,MVFR,0,0,0
KGSO,"Greensboro Intl, NC, US",United States,NC,VFR,1764,1873,94.18
KGSO,"Greensboro Intl, NC, US",United States,NC,IFR,109,1873,5.82
KGSO,"Greensboro Intl, NC, US",United States,NC,LIFR,0,0,0
KGSO,"Greensboro Intl, NC, US",United States,NC,MVFR,0,0,0
KGSP,"Greenville-Spartanburg Intl, SC, US",United States,SC,VFR,1890,1890,100
KGSP,"Greenville-Spartanburg Intl, SC, US",United States,SC,IFR,0,0,0
KGSP,"Greenville-Spartanburg Intl, SC, US",United States,SC,LIFR,0,0,0
KGSP,"Greenville-Spartanburg Intl, SC, US",United States,SC,MVFR,0,0,0
KGTB,"Ft Drum/Wheeler AAF, NY, US",United States,NY,VFR,1497,1650,90.73
KGTB,"Ft Drum/Wheeler AAF, NY, US",United States,NY,MVFR,123,1650,7.45
KGTB,"Ft Drum/Wheeler AAF, NY, US",United States,NY,LIFR,30,1650,1.82
KGTB,"Ft Drum/Wheeler AAF, NY, US",United States,NY,IFR,0,0,0
KGTF,"Great Falls Intl, MT, US",United States,MT,VFR,1890,1890,100
KGTF,"Great Falls Intl, MT, US",United States,MT,IFR,0,0,0
KGTF,"Great Falls Intl, MT, US",United States,MT,LIFR,0,0,0
KGTF,"Great Falls Intl, MT, US",United States,MT,MVFR,0,0,0
KGTR,"Golden Triangle Arpt, MS, US",United States,MS,VFR,1324,1890,70.05
KGTR,"Golden Triangle Arpt, MS, US",United States,MS,MVFR,328,1890,17.35
KGTR,"Golden Triangle Arpt, MS, US",United States,MS,LIFR,168,1890,8.89
KGTR,"Golden Triangle Arpt, MS, US",United States,MS,IFR,70,1890,3.7
KGTU,"Georgetown Muni, TX, US",United States,TX,VFR,1744,1890,92.28
KGTU,"Georgetown Muni, TX, US",United States,TX,IFR,86,1890,4.55
KGTU,"Georgetown Muni, TX, US",United States,TX,MVFR,60,1890,3.17
KGTU,"Georgetown Muni, TX, US",United States,TX,LIFR,0,0,0
KGUC,"Gunnison Arpt, CO, US",United States,CO,VFR,1890,1890,100
KGUC,"Gunnison Arpt, CO, US",United States,CO,IFR,0,0,0
KGUC,"Gunnison Arpt, CO, US",United States,CO,LIFR,0,0,0
KGUC,"Gunnison Arpt, CO, US",United States,CO,MVFR,0,0,0
KGUP,"Gallup Muni, NM, US",United States,NM,VFR,1890,1890,100
KGUP,"Gallup Muni, NM, US",United States,NM,IFR,0,0,0
KGUP,"Gallup Muni, NM, US",United States,NM,LIFR,0,0,0
KGUP,"Gallup Muni, NM, US",United States,NM,MVFR,0,0,0
KGUS,"Peru/Grissom ARB, IN, US",United States,IN,VFR,1650,1650,100
KGUS,"Peru/Grissom ARB, IN, US",United States,IN,IFR,0,0,0
KGUS,"Peru/Grissom ARB, IN, US",United States,IN,LIFR,0,0,0
KGUS,"Peru/Grissom ARB, IN, US",United States,IN,MVFR,0,0,0
KGUY,"Guymon Muni, OK, US",United States,OK,VFR,1419,1880,75.48
KGUY,"Guymon Muni, OK, US",United States,OK,MVFR,314,1880,16.7
KGUY,"Guymon Muni, OK, US",United States,OK,IFR,147,1880,7.82
KGUY,"Guymon Muni, OK, US",United States,OK,LIFR,0,0,0
KGVE,"Gordonsville Muni, VA, US",United States,VA,VFR,1790,1890,94.71
KGVE,"Gordonsville Muni, VA, US",United States,VA,IFR,100,1890,5.29
KGVE,"Gordonsville Muni, VA, US",United States,VA,LIFR,0,0,0
KGVE,"Gordonsville Muni, VA, US",United States,VA,MVFR,0,0,0
KGVQ,"Batavia/Genesee Cnty, NY, US",United States,NY,VFR,930,930,100
KGVQ,"Batavia/Genesee Cnty, NY, US",United States,NY,IFR,0,0,0
KGVQ,"Batavia/Genesee Cnty, NY, US",United States,NY,LIFR,0,0,0
KGVQ,"Batavia/Genesee Cnty, NY, US",United States,NY,MVFR,0,0,0
KGVT,"Greenville/Majors Arpt, TX, US",United States,TX,VFR,1890,1890,100
KGVT,"Greenville/Majors Arpt, TX, US",United States,TX,IFR,0,0,0
KGVT,"Greenville/Majors Arpt, TX, US",United States,TX,LIFR,0,0,0
KGVT,"Greenville/Majors Arpt, TX, US",United States,TX,MVFR,0,0,0
KGWB,"Auburn/De Kalb Cnty, IN, US",United States,IN,VFR,1380,1890,73.02
KGWB,"Auburn/De Kalb Cnty, IN, US",United States,IN,IFR,290,1890,15.34
KGWB,"Auburn/De Kalb Cnty, IN, US",United States,IN,LIFR,120,1890,6.35
KGWB,"Auburn/De Kalb Cnty, IN, US",United States,IN,MVFR,100,1890,5.29
KGWO,"Greenwood/Leflore Arpt, MS, US",United States,MS,VFR,1414,1770,79.89
KGWO,"Greenwood/Leflore Arpt, MS, US",United States,MS,MVFR,236,1770,13.33
KGWO,"Greenwood/Leflore Arpt, MS, US",United States,MS,IFR,120,1770,6.78
KGWO,"Greenwood/Leflore Arpt, MS, US",United States,MS,LIFR,0,0,0
KGWR,"Gwinner Muni, ND, US",United States,ND,VFR,1870,1870,100
KGWR,"Gwinner Muni, ND, US",United States,ND,IFR,0,0,0
KGWR,"Gwinner Muni, ND, US",United States,ND,LIFR,0,0,0
KGWR,"Gwinner Muni, ND, US",United States,ND,MVFR,0,0,0
KGWW,"Goldsboro/Wayne Muni, NC, US",United States,NC,VFR,1750,1900,92.11
KGWW,"Goldsboro/Wayne Muni, NC, US",United States,NC,MVFR,150,1900,7.89
KGWW,"Goldsboro/Wayne Muni, NC, US",United States,NC,IFR,0,0,0
KGWW,"Goldsboro/Wayne Muni, NC, US",United States,NC,LIFR,0,0,0
KGYB,"Giddings/Lee Cnty, TX, US",United States,TX,VFR,1890,1890,100
KGYB,"Giddings/Lee Cnty, TX, US",United States,TX,IFR,0,0,0
KGYB,"Giddings/Lee Cnty, TX, US",United States,TX,LIFR,0,0,0
KGYB,"Giddings/Lee Cnty, TX, US",United States,TX,MVFR,0,0,0
KGYH,"Greenville/Donaldson Fld, SC, US",United States,SC,VFR,1650,1871,88.19
KGYH,"Greenville/Donaldson Fld, SC, US",United States,SC,LIFR,221,1871,11.81
KGYH,"Greenville/Donaldson Fld, SC, US",United States,SC,IFR,0,0,0
KGYH,"Greenville/Donaldson Fld, SC, US",United States,SC,MVFR,0,0,0
KGYI,"Dennison/N Texas Rgnl, TX, US",United States,TX,VFR,1870,1870,100
KGYI,"Dennison/N Texas Rgnl, TX, US",United States,TX,IFR,0,0,0
KGYI,"Dennison/N Texas Rgnl, TX, US",United States,TX,LIFR,0,0,0
KGYI,"Dennison/N Texas Rgnl, TX, US",United States,TX,MVFR,0,0,0
KGYL,"Glencoe Muni, MN, US",United States,MN,VFR,1890,1890,100
KGYL,"Glencoe Muni, MN, US",United States,MN,IFR,0,0,0
KGYL,"Glencoe Muni, MN, US",United States,MN,LIFR,0,0,0
KGYL,"Glencoe Muni, MN, US",United States,MN,MVFR,0,0,0
KGYR,"Phoenix/Goodyear Muni, AZ, US",United States,AZ,VFR,1410,1410,100
KGYR,"Phoenix/Goodyear Muni, AZ, US",United States,AZ,IFR,0,0,0
KGYR,"Phoenix/Goodyear Muni, AZ, US",United States,AZ,LIFR,0,0,0
KGYR,"Phoenix/Goodyear Muni, AZ, US",United States,AZ,MVFR,0,0,0
KGYY,"Gary Intl, IN, US",United States,IN,VFR,1830,1890,96.83
KGYY,"Gary Intl, IN, US",United States,IN,LIFR,60,1890,3.17
KGYY,"Gary Intl, IN, US",United States,IN,IFR,0,0,0
KGYY,"Gary Intl, IN, US",United States,IN,MVFR,0,0,0
KGZH,"Evergreen/Middleton Fld, AL, US",United States,AL,VFR,1830,1864,98.18
KGZH,"Evergreen/Middleton Fld, AL, US",United States,AL,MVFR,34,1864,1.82
KGZH,"Evergreen/Middleton Fld, AL, US",United States,AL,IFR,0,0,0
KGZH,"Evergreen/Middleton Fld, AL, US",United States,AL,LIFR,0,0,0
KGZN,"Cisco/Simmons Mem, TX, US",United States,TX,VFR,1910,1910,100
KGZN,"Cisco/Simmons Mem, TX, US",United States,TX,IFR,0,0,0
KGZN,"Cisco/Simmons Mem, TX, US",United States,TX,LIFR,0,0,0
KGZN,"Cisco/Simmons Mem, TX, US",United States,TX,MVFR,0,0,0
KGZS,"Pulaski/Abernathy Fld, TN, US",United States,TN,VFR,1270,1910,66.49
KGZS,"Pulaski/Abernathy Fld, TN, US",United States,TN,MVFR,360,1910,18.85
KGZS,"Pulaski/Abernathy Fld, TN, US",United States,TN,IFR,280,1910,14.66
KGZS,"Pulaski/Abernathy Fld, TN, US",United States,TN,LIFR,0,0,0
KHAE,"Hannibal Rgnl, MO, US",United States,MO,VFR,1870,1870,100
KHAE,"Hannibal Rgnl, MO, US",United States,MO,IFR,0,0,0
KHAE,"Hannibal Rgnl, MO, US",United States,MO,LIFR,0,0,0
KHAE,"Hannibal Rgnl, MO, US",United States,MO,MVFR,0,0,0
KHAF,"Half Moon Bay Arpt, CA, US",United States,CA,MVFR,1020,1890,53.97
KHAF,"Half Moon Bay Arpt, CA, US",United States,CA,VFR,750,1890,39.68
KHAF,"Half Moon Bay Arpt, CA, US",United States,CA,IFR,120,1890,6.35
KHAF,"Half Moon Bay Arpt, CA, US",United States,CA,LIFR,0,0,0
KHAI,"Three Rivers Muni, MI, US",United States,MI,VFR,1890,1890,100
KHAI,"Three Rivers Muni, MI, US",United States,MI,IFR,0,0,0
KHAI,"Three Rivers Muni, MI, US",United States,MI,LIFR,0,0,0
KHAI,"Three Rivers Muni, MI, US",United States,MI,MVFR,0,0,0
KHAO,"Hamilton/Butler Cnty, OH, US",United States,OH,VFR,1890,1890,100
KHAO,"Hamilton/Butler Cnty, OH, US",United States,OH,IFR,0,0,0
KHAO,"Hamilton/Butler Cnty, OH, US",United States,OH,LIFR,0,0,0
KHAO,"Hamilton/Butler Cnty, OH, US",United States,OH,MVFR,0,0,0
KHBG,"Hattiesburg/Chain Muni, MS, US",United States,MS,VFR,1590,1890,84.13
KHBG,"Hattiesburg/Chain Muni, MS, US",United States,MS,LIFR,240,1890,12.7
KHBG,"Hattiesburg/Chain Muni, MS, US",United States,MS,IFR,60,1890,3.17
KHBG,"Hattiesburg/Chain Muni, MS, US",United States,MS,MVFR,0,0,0
KHBI,"Asheboro Muni, NC, US",United States,NC,VFR,1790,1900,94.21
KHBI,"Asheboro Muni, NC, US",United States,NC,IFR,110,1900,5.79
KHBI,"Asheboro Muni, NC, US",United States,NC,LIFR,0,0,0
KHBI,"Asheboro Muni, NC, US",United States,NC,MVFR,0,0,0
KHBR,"Hobart Muni, OK, US",United States,OK,VFR,1814,1874,96.8
KHBR,"Hobart Muni, OK, US",United States,OK,MVFR,60,1874,3.2
KHBR,"Hobart Muni, OK, US",United States,OK,IFR,0,0,0
KHBR,"Hobart Muni, OK, US",United States,OK,LIFR,0,0,0
KHBV,"Hebbronville/Hogg Cnty, TX, US",United States,TX,VFR,1710,1870,91.44
KHBV,"Hebbronville/Hogg Cnty, TX, US",United States,TX,LIFR,80,1870,4.28
KHBV,"Hebbronville/Hogg Cnty, TX, US",United States,TX,IFR,40,1870,2.14
KHBV,"Hebbronville/Hogg Cnty, TX, US",United States,TX,MVFR,40,1870,2.14
KHCD,"Hutchinson/Butler Fld, MN, US",United States,MN,VFR,1892,1892,100
KHCD,"Hutchinson/Butler Fld, MN, US",United States,MN,IFR,0,0,0
KHCD,"Hutchinson/Butler Fld, MN, US",United States,MN,LIFR,0,0,0
KHCD,"Hutchinson/Butler Fld, MN, US",United States,MN,MVFR,0,0,0
KHCO,"Hallock Muni, MN, US",United States,MN,VFR,1890,1890,100
KHCO,"Hallock Muni, MN, US",United States,MN,IFR,0,0,0
KHCO,"Hallock Muni, MN, US",United States,MN,LIFR,0,0,0
KHCO,"Hallock Muni, MN, US",United States,MN,MVFR,0,0,0
KHCR,"Heber City Muni, UT, US",United States,UT,VFR,1710,1870,91.44
KHCR,"Heber City Muni, UT, US",United States,UT,MVFR,160,1870,8.56
KHCR,"Heber City Muni, UT, US",United States,UT,IFR,0,0,0
KHCR,"Heber City Muni, UT, US",United States,UT,LIFR,0,0,0
KHDC,"Hammond/Northshore Rgnl, LA, US",United States,LA,VFR,1570,1890,83.07
KHDC,"Hammond/Northshore Rgnl, LA, US",United States,LA,LIFR,220,1890,11.64
KHDC,"Hammond/Northshore Rgnl, LA, US",United States,LA,IFR,60,1890,3.17
KHDC,"Hammond/Northshore Rgnl, LA, US",United States,LA,MVFR,40,1890,2.12
KHDE,"Holdrege/Brewster Fld, NE, US",United States,NE,VFR,1660,1890,87.83
KHDE,"Holdrege/Brewster Fld, NE, US",United States,NE,MVFR,230,1890,12.17
KHDE,"Holdrege/Brewster Fld, NE, US",United States,NE,IFR,0,0,0
KHDE,"Holdrege/Brewster Fld, NE, US",United States,NE,LIFR,0,0,0
KHDN,"Hayden/Yampa Valley Arpt, CO, US",United States,CO,VFR,1890,1890,100
KHDN,"Hayden/Yampa Valley Arpt, CO, US",United States,CO,IFR,0,0,0
KHDN,"Hayden/Yampa Valley Arpt, CO, US",United States,CO,LIFR,0,0,0
KHDN,"Hayden/Yampa Valley Arpt, CO, US",United States,CO,MVFR,0,0,0
KHDO,"Hondo Muni, TX, US",United States,TX,VFR,1890,1890,100
KHDO,"Hondo Muni, TX, US",United States,TX,IFR,0,0,0
KHDO,"Hondo Muni, TX, US",United States,TX,LIFR,0,0,0
KHDO,"Hondo Muni, TX, US",United States,TX,MVFR,0,0,0
KHEF,"Manassas Rgnl, VA, US",United States,VA,VFR,1564,1890,82.75
KHEF,"Manassas Rgnl, VA, US",United States,VA,MVFR,249,1890,13.17
KHEF,"Manassas Rgnl, VA, US",United States,VA,IFR,77,1890,4.07
KHEF,"Manassas Rgnl, VA, US",United States,VA,LIFR,0,0,0
KHEG,"Jacksonville/Herlong Arpt, FL, US",United States,FL,VFR,1240,1890,65.61
KHEG,"Jacksonville/Herlong Arpt, FL, US",United States,FL,MVFR,370,1890,19.58
KHEG,"Jacksonville/Herlong Arpt, FL, US",United States,FL,IFR,180,1890,9.52
KHEG,"Jacksonville/Herlong Arpt, FL, US",United States,FL,LIFR,100,1890,5.29
KHEI,"Hettinger Muni, ND, US",United States,ND,VFR,1363,1830,74.48
KHEI,"Hettinger Muni, ND, US",United States,ND,LIFR,374,1830,20.44
KHEI,"Hettinger Muni, ND, US",United States,ND,MVFR,82,1830,4.48
KHEI,"Hettinger Muni, ND, US",United States,ND,IFR,11,1830,0.6
KHEQ,"Holyoke Arpt, CO, US",United States,CO,VFR,750,1890,39.68
KHEQ,"Holyoke Arpt, CO, US",United States,CO,MVFR,620,1890,32.8
KHEQ,"Holyoke Arpt, CO, US",United States,CO,LIFR,520,1890,27.51
KHEQ,"Holyoke Arpt, CO, US",United States,CO,IFR,0,0,0
KHEZ,"Natchez/Adams Cnty, MS, US",United States,MS,VFR,1866,1890,98.73
KHEZ,"Natchez/Adams Cnty, MS, US",United States,MS,MVFR,24,1890,1.27
KHEZ,"Natchez/Adams Cnty, MS, US",United States,MS,IFR,0,0,0
KHEZ,"Natchez/Adams Cnty, MS, US",United States,MS,LIFR,0,0,0
KHFD,"Hartford/Brainard Arpt, CT, US",United States,CT,VFR,1566,1877,83.43
KHFD,"Hartford/Brainard Arpt, CT, US",United States,CT,MVFR,289,1877,15.4
KHFD,"Hartford/Brainard Arpt, CT, US",United States,CT,IFR,22,1877,1.17
KHFD,"Hartford/Brainard Arpt, CT, US",United States,CT,LIFR,0,0,0
KHFF,"Mackall, NC, US",United States,NC,VFR,1575,1635,96.33
KHFF,"Mackall, NC, US",United States,NC,MVFR,60,1635,3.67
KHFF,"Mackall, NC, US",United States,NC,IFR,0,0,0
KHFF,"Mackall, NC, US",United States,NC,LIFR,0,0,0
KHFJ,"Monett Muni, MO, US",United States,MO,VFR,1850,1890,97.88
KHFJ,"Monett Muni, MO, US",United States,MO,MVFR,40,1890,2.12
KHFJ,"Monett Muni, MO, US",United States,MO,IFR,0,0,0
KHFJ,"Monett Muni, MO, US",United States,MO,LIFR,0,0,0
KHFY,"Greenwood Muni, IN, US",United States,IN,VFR,1910,1910,100
KHFY,"Greenwood Muni, IN, US",United States,IN,IFR,0,0,0
KHFY,"Greenwood Muni, IN, US",United States,IN,LIFR,0,0,0
KHFY,"Greenwood Muni, IN, US",United States,IN,MVFR,0,0,0
KHGR,"Hagerstown Rgnl, MD, US",United States,MD,VFR,1667,1890,88.2
KHGR,"Hagerstown Rgnl, MD, US",United States,MD,MVFR,223,1890,11.8
KHGR,"Hagerstown Rgnl, MD, US",United States,MD,IFR,0,0,0
KHGR,"Hagerstown Rgnl, MD, US",United States,MD,LIFR,0,0,0
KHHF,"Canadian/Hemphill Cnty, TX, US",United States,TX,VFR,1890,1890,100
KHHF,"Canadian/Hemphill Cnty, TX, US",United States,TX,IFR,0,0,0
KHHF,"Canadian/Hemphill Cnty, TX, US",United States,TX,LIFR,0,0,0
KHHF,"Canadian/Hemphill Cnty, TX, US",United States,TX,MVFR,0,0,0
KHHR,"Hawthorne Muni, CA, US",United States,CA,VFR,1454,1874,77.59
KHHR,"Hawthorne Muni, CA, US",United States,CA,MVFR,396,1874,21.13
KHHR,"Hawthorne Muni, CA, US",United States,CA,IFR,24,1874,1.28
KHHR,"Hawthorne Muni, CA, US",United States,CA,LIFR,0,0,0
KHHW,"Hugo/Stamper Muni, OK, US",United States,OK,VFR,1890,1890,100
KHHW,"Hugo/Stamper Muni, OK, US",United States,OK,IFR,0,0,0
KHHW,"Hugo/Stamper Muni, OK, US",United States,OK,LIFR,0,0,0
KHHW,"Hugo/Stamper Muni, OK, US",United States,OK,MVFR,0,0,0
KHIB,"Hibbing/Chisholm Arpt, MN, US",United States,MN,VFR,1890,1890,100
KHIB,"Hibbing/Chisholm Arpt, MN, US",United States,MN,IFR,0,0,0
KHIB,"Hibbing/Chisholm Arpt, MN, US",United States,MN,LIFR,0,0,0
KHIB,"Hibbing/Chisholm Arpt, MN, US",United States,MN,MVFR,0,0,0
KHIE,"Mt Washington Rgnl, NH, US",United States,NH,VFR,1556,1890,82.33
KHIE,"Mt Washington Rgnl, NH, US",United States,NH,MVFR,334,1890,17.67
KHIE,"Mt Washington Rgnl, NH, US",United States,NH,IFR,0,0,0
KHIE,"Mt Washington Rgnl, NH, US",United States,NH,LIFR,0,0,0
KHIF,"Ogden/Hill AFB, UT, US",United States,UT,VFR,1650,1650,100
KHIF,"Ogden/Hill AFB, UT, US",United States,UT,IFR,0,0,0
KHIF,"Ogden/Hill AFB, UT, US",United States,UT,LIFR,0,0,0
KHIF,"Ogden/Hill AFB, UT, US",United States,UT,MVFR,0,0,0
KHII,"Lake Havasu City Arpt, AZ, US",United States,AZ,VFR,1890,1890,100
KHII,"Lake Havasu City Arpt, AZ, US",United States,AZ,IFR,0,0,0
KHII,"Lake Havasu City Arpt, AZ, US",United States,AZ,LIFR,0,0,0
KHII,"Lake Havasu City Arpt, AZ, US",United States,AZ,MVFR,0,0,0
KHIO,"Portland/Hillsboro Arpt, OR, US",United States,OR,VFR,1802,1890,95.34
KHIO,"Portland/Hillsboro Arpt, OR, US",United States,OR,IFR,82,1890,4.34
KHIO,"Portland/Hillsboro Arpt, OR, US",United States,OR,MVFR,6,1890,0.32
KHIO,"Portland/Hillsboro Arpt, OR, US",United States,OR,LIFR,0,0,0
KHJH,"Hebron Muni, NE, US",United States,NE,VFR,1890,1890,100
KHJH,"Hebron Muni, NE, US",United States,NE,IFR,0,0,0
KHJH,"Hebron Muni, NE, US",United States,NE,LIFR,0,0,0
KHJH,"Hebron Muni, NE, US",United States,NE,MVFR,0,0,0
KHJO,"Hanford Muni, CA, US",United States,CA,VFR,1830,1830,100
KHJO,"Hanford Muni, CA, US",United States,CA,IFR,0,0,0
KHJO,"Hanford Muni, CA, US",United States,CA,LIFR,0,0,0
KHJO,"Hanford Muni, CA, US",United States,CA,MVFR,0,0,0
KHKA,"Blytheville Muni, AR, US",United States,AR,VFR,1890,1890,100
KHKA,"Blytheville Muni, AR, US",United States,AR,IFR,0,0,0
KHKA,"Blytheville Muni, AR, US",United States,AR,LIFR,0,0,0
KHKA,"Blytheville Muni, AR, US",United States,AR,MVFR,0,0,0
KHKS,"Jackson/Hawkins Fld, MS, US",United States,MS,VFR,1890,1890,100
KHKS,"Jackson/Hawkins Fld, MS, US",United States,MS,IFR,0,0,0
KHKS,"Jackson/Hawkins Fld, MS, US",United States,MS,LIFR,0,0,0
KHKS,"Jackson/Hawkins Fld, MS, US",United States,MS,MVFR,0,0,0
KHKY,"Hickory Rgnl, NC, US",United States,NC,VFR,1796,1830,98.14
KHKY,"Hickory Rgnl, NC, US",United States,NC,MVFR,34,1830,1.86
KHKY,"Hickory Rgnl, NC, US",United States,NC,IFR,0,0,0
KHKY,"Hickory Rgnl, NC, US",United States,NC,LIFR,0,0,0
KHLB,"Batesville Arpt, IN, US",United States,IN,VFR,1910,1910,100
KHLB,"Batesville Arpt, IN, US",United States,IN,IFR,0,0,0
KHLB,"Batesville Arpt, IN, US",United States,IN,LIFR,0,0,0
KHLB,"Batesville Arpt, IN, US",United States,IN,MVFR,0,0,0
KHLC,"Hill City Muni, KS, US",United States,KS,VFR,1890,1890,100
KHLC,"Hill City Muni, KS, US",United States,KS,IFR,0,0,0
KHLC,"Hill City Muni, KS, US",United States,KS,LIFR,0,0,0
KHLC,"Hill City Muni, KS, US",United States,KS,MVFR,0,0,0
KHLG,"Wheeling/Ohio Cnty, WV, US",United States,WV,VFR,1836,1890,97.14
KHLG,"Wheeling/Ohio Cnty, WV, US",United States,WV,LIFR,54,1890,2.86
KHLG,"Wheeling/Ohio Cnty, WV, US",United States,WV,IFR,0,0,0
KHLG,"Wheeling/Ohio Cnty, WV, US",United States,WV,MVFR,0,0,0
KHLN,"Helena Rgnl, MT, US",United States,MT,VFR,1872,1890,99.05
KHLN,"Helena Rgnl, MT, US",United States,MT,IFR,18,1890,0.95
KHLN,"Helena Rgnl, MT, US",United States,MT,LIFR,0,0,0
KHLN,"Helena Rgnl, MT, US",United States,MT,MVFR,0,0,0
KHLR,"Killeen/Ft Hood AAF, TX, US",United States,TX,VFR,1620,1650,98.18
KHLR,"Killeen/Ft Hood AAF, TX, US",United States,TX,IFR,30,1650,1.82
KHLR,"Killeen/Ft Hood AAF, TX, US",United States,TX,LIFR,0,0,0
KHLR,"Killeen/Ft Hood AAF, TX, US",United States,TX,MVFR,0,0,0
KHLX,"Hillsville/Twin Cnty, VA, US",United States,VA,VFR,1870,1890,98.94
KHLX,"Hillsville/Twin Cnty, VA, US",United States,VA,MVFR,20,1890,1.06
KHLX,"Hillsville/Twin Cnty, VA, US",United States,VA,IFR,0,0,0
KHLX,"Hillsville/Twin Cnty, VA, US",United States,VA,LIFR,0,0,0
KHMN,"Holloman AFB, NM, US",United States,NM,VFR,1650,1650,100
KHMN,"Holloman AFB, NM, US",United States,NM,IFR,0,0,0
KHMN,"Holloman AFB, NM, US",United States,NM,LIFR,0,0,0
KHMN,"Holloman AFB, NM, US",United States,NM,MVFR,0,0,0
KHMT,"Hemet/Ryan Arpt, CA, US",United States,CA,VFR,1870,1870,100
KHMT,"Hemet/Ryan Arpt, CA, US",United States,CA,IFR,0,0,0
KHMT,"Hemet/Ryan Arpt, CA, US",United States,CA,LIFR,0,0,0
KHMT,"Hemet/Ryan Arpt, CA, US",United States,CA,MVFR,0,0,0
KHMZ,"Bedford Arpt, PA, US",United States,PA,VFR,1610,1830,87.98
KHMZ,"Bedford Arpt, PA, US",United States,PA,MVFR,220,1830,12.02
KHMZ,"Bedford Arpt, PA, US",United States,PA,IFR,0,0,0
KHMZ,"Bedford Arpt, PA, US",United States,PA,LIFR,0,0,0
KHNB,"Huntingburg Arpt, IN, US",United States,IN,VFR,1890,1890,100
KHNB,"Huntingburg Arpt, IN, US",United States,IN,IFR,0,0,0
KHNB,"Huntingburg Arpt, IN, US",United States,IN,LIFR,0,0,0
KHNB,"Huntingburg Arpt, IN, US",United States,IN,MVFR,0,0,0
KHND,"Henderson Exec, NV, US",United States,NV,VFR,1890,1890,100
KHND,"Henderson Exec, NV, US",United States,NV,IFR,0,0,0
KHND,"Henderson Exec, NV, US",United States,NV,LIFR,0,0,0
KHND,"Henderson Exec, NV, US",United States,NV,MVFR,0,0,0
KHNR,"Harlan Muni, IA, US",United States,IA,VFR,1890,1890,100
KHNR,"Harlan Muni, IA, US",United States,IA,IFR,0,0,0
KHNR,"Harlan Muni, IA, US",United States,IA,LIFR,0,0,0
KHNR,"Harlan Muni, IA, US",United States,IA,MVFR,0,0,0
KHNZ,"Oxford-Henderson Arpt, NC, US",United States,NC,VFR,1880,1880,100
KHNZ,"Oxford-Henderson Arpt, NC, US",United States,NC,IFR,0,0,0
KHNZ,"Oxford-Henderson Arpt, NC, US",United States,NC,LIFR,0,0,0
KHNZ,"Oxford-Henderson Arpt, NC, US",United States,NC,MVFR,0,0,0
KHOB,"Hobbs Arpt, NM, US",United States,NM,VFR,1865,1865,100
KHOB,"Hobbs Arpt, NM, US",United States,NM,IFR,0,0,0
KHOB,"Hobbs Arpt, NM, US",United States,NM,LIFR,0,0,0
KHOB,"Hobbs Arpt, NM, US",United States,NM,MVFR,0,0,0
KHOE,"Homerville Arpt, GA, US",United States,GA,VFR,1300,1890,68.78
KHOE,"Homerville Arpt, GA, US",United States,GA,LIFR,200,1890,10.58
KHOE,"Homerville Arpt, GA, US",United States,GA,MVFR,200,1890,10.58
KHOE,"Homerville Arpt, GA, US",United States,GA,IFR,190,1890,10.05
KHON,"Huron Rgnl, SD, US",United States,SD,VFR,1890,1890,100
KHON,"Huron Rgnl, SD, US",United States,SD,IFR,0,0,0
KHON,"Huron Rgnl, SD, US",United States,SD,LIFR,0,0,0
KHON,"Huron Rgnl, SD, US",United States,SD,MVFR,0,0,0
KHOP,"Fort Campbell, KY, US",United States,KY,VFR,1410,1650,85.45
KHOP,"Fort Campbell, KY, US",United States,KY,MVFR,240,1650,14.55
KHOP,"Fort Campbell, KY, US",United States,KY,IFR,0,0,0
KHOP,"Fort Campbell, KY, US",United States,KY,LIFR,0,0,0
KHOT,"Hot Springs Mem, AR, US",United States,AR,VFR,1331,1890,70.42
KHOT,"Hot Springs Mem, AR, US",United States,AR,MVFR,559,1890,29.58
KHOT,"Hot Springs Mem, AR, US",United States,AR,IFR,0,0,0
KHOT,"Hot Springs Mem, AR, US",United States,AR,LIFR,0,0,0
KHOU,"Houston/Hobby Arpt, TX, US",United States,TX,VFR,1890,1890,100
KHOU,"Houston/Hobby Arpt, TX, US",United States,TX,IFR,0,0,0
KHOU,"Houston/Hobby Arpt, TX, US",United States,TX,LIFR,0,0,0
KHOU,"Houston/Hobby Arpt, TX, US",United States,TX,MVFR,0,0,0
KHPN,"White Plains/Westchester Cnty, NY, US",United States,NY,VFR,1691,1890,89.47
KHPN,"White Plains/Westchester Cnty, NY, US",United States,NY,IFR,174,1890,9.21
KHPN,"White Plains/Westchester Cnty, NY, US",United States,NY,MVFR,25,1890,1.32
KHPN,"White Plains/Westchester Cnty, NY, US",United States,NY,LIFR,0,0,0
KHPT,"Hampton Muni, IA, US",United States,IA,VFR,1890,1890,100
KHPT,"Hampton Muni, IA, US",United States,IA,IFR,0,0,0
KHPT,"Hampton Muni, IA, US",United States,IA,LIFR,0,0,0
KHPT,"Hampton Muni, IA, US",United States,IA,MVFR,0,0,0
KHQG,"Hugoton Muni, KS, US",United States,KS,VFR,1430,1890,75.66
KHQG,"Hugoton Muni, KS, US",United States,KS,MVFR,380,1890,20.11
KHQG,"Hugoton Muni, KS, US",United States,KS,IFR,80,1890,4.23
KHQG,"Hugoton Muni, KS, US",United States,KS,LIFR,0,0,0
KHQM,"Hoquiam/Bowerman Arpt, WA, US",United States,WA,VFR,1890,1890,100
KHQM,"Hoquiam/Bowerman Arpt, WA, US",United States,WA,IFR,0,0,0
KHQM,"Hoquiam/Bowerman Arpt, WA, US",United States,WA,LIFR,0,0,0
KHQM,"Hoquiam/Bowerman Arpt, WA, US",United States,WA,MVFR,0,0,0
KHQU,"Thomson/McDuffie Cnty, GA, US",United States,GA,VFR,1110,1890,58.73
KHQU,"Thomson/McDuffie Cnty, GA, US",United States,GA,MVFR,400,1890,21.16
KHQU,"Thomson/McDuffie Cnty, GA, US",United States,GA,LIFR,340,1890,17.99
KHQU,"Thomson/McDuffie Cnty, GA, US",United States,GA,IFR,40,1890,2.12
KHQZ,"Mesquite Metro, TX, US",United States,TX,VFR,1879,1899,98.95
KHQZ,"Mesquite Metro, TX, US",United States,TX,MVFR,20,1899,1.05
KHQZ,"Mesquite Metro, TX, US",United States,TX,IFR,0,0,0
KHQZ,"Mesquite Metro, TX, US",United States,TX,LIFR,0,0,0
KHRI,"Hermiston Muni, OR, US",United States,OR,VFR,1890,1890,100
KHRI,"Hermiston Muni, OR, US",United States,OR,IFR,0,0,0
KHRI,"Hermiston Muni, OR, US",United States,OR,LIFR,0,0,0
KHRI,"Hermiston Muni, OR, US",United States,OR,MVFR,0,0,0
KHRJ,"Erwin/Harnett Rgnl, NC, US",United States,NC,VFR,1630,1900,85.79
KHRJ,"Erwin/Harnett Rgnl, NC, US",United States,NC,LIFR,170,1900,8.95
KHRJ,"Erwin/Harnett Rgnl, NC, US",United States,NC,MVFR,100,1900,5.26
KHRJ,"Erwin/Harnett Rgnl, NC, US",United States,NC,IFR,0,0,0
KHRL,"Harlingen/Valley Intl, TX, US",United States,TX,VFR,1772,1895,93.51
KHRL,"Harlingen/Valley Intl, TX, US",United States,TX,MVFR,122,1895,6.44
KHRL,"Harlingen/Valley Intl, TX, US",United States,TX,IFR,1,1895,0.05
KHRL,"Harlingen/Valley Intl, TX, US",United States,TX,LIFR,0,0,0
KHRO,"Harrison/Boone Cnty, AR, US",United States,AR,VFR,1650,1830,90.16
KHRO,"Harrison/Boone Cnty, AR, US",United States,AR,MVFR,180,1830,9.84
KHRO,"Harrison/Boone Cnty, AR, US",United States,AR,IFR,0,0,0
KHRO,"Harrison/Boone Cnty, AR, US",United States,AR,LIFR,0,0,0
KHRT,"Ft Walton Beach/Hurlburt Fld, FL, US",United States,FL,VFR,1650,1650,100
KHRT,"Ft Walton Beach/Hurlburt Fld, FL, US",United States,FL,IFR,0,0,0
KHRT,"Ft Walton Beach/Hurlburt Fld, FL, US",United States,FL,LIFR,0,0,0
KHRT,"Ft Walton Beach/Hurlburt Fld, FL, US",United States,FL,MVFR,0,0,0
KHRX,"Hereford Muni, TX, US",United States,TX,VFR,1340,1680,79.76
KHRX,"Hereford Muni, TX, US",United States,TX,LIFR,180,1680,10.71
KHRX,"Hereford Muni, TX, US",United States,TX,MVFR,160,1680,9.52
KHRX,"Hereford Muni, TX, US",United States,TX,IFR,0,0,0
KHSA,"Bay St Louis/Stennis Intl, MS, US",United States,MS,VFR,690,1293,53.36
KHSA,"Bay St Louis/Stennis Intl, MS, US",United States,MS,MVFR,420,1293,32.48
KHSA,"Bay St Louis/Stennis Intl, MS, US",United States,MS,LIFR,183,1293,14.15
KHSA,"Bay St Louis/Stennis Intl, MS, US",United States,MS,IFR,0,0,0
KHSB,"Harrisburg/Raleigh Arpt, IL, US",United States,IL,VFR,1870,1870,100
KHSB,"Harrisburg/Raleigh Arpt, IL, US",United States,IL,IFR,0,0,0
KHSB,"Harrisburg/Raleigh Arpt, IL, US",United States,IL,LIFR,0,0,0
KHSB,"Harrisburg/Raleigh Arpt, IL, US",United States,IL,MVFR,0,0,0
KHSD,"Oklahoma City/Sundance Arpt, OK, US",United States,OK,VFR,1470,1910,76.96
KHSD,"Oklahoma City/Sundance Arpt, OK, US",United States,OK,IFR,295,1910,15.45
KHSD,"Oklahoma City/Sundance Arpt, OK, US",United States,OK,LIFR,80,1910,4.19
KHSD,"Oklahoma City/Sundance Arpt, OK, US",United States,OK,MVFR,65,1910,3.4
KHSE,"Hatteras/Mitchell Fld, NC, US",United States,NC,VFR,1475,1890,78.04
KHSE,"Hatteras/Mitchell Fld, NC, US",United States,NC,MVFR,415,1890,21.96
KHSE,"Hatteras/Mitchell Fld, NC, US",United States,NC,IFR,0,0,0
KHSE,"Hatteras/Mitchell Fld, NC, US",United States,NC,LIFR,0,0,0
KHSG,"Thermopolis/Hot Springs Cnty, WY, US",United States,WY,VFR,1890,1890,100
KHSG,"Thermopolis/Hot Springs Cnty, WY, US",United States,WY,IFR,0,0,0
KHSG,"Thermopolis/Hot Springs Cnty, WY, US",United States,WY,LIFR,0,0,0
KHSG,"Thermopolis/Hot Springs Cnty, WY, US",United States,WY,MVFR,0,0,0
KHSI,"Hastings Muni, NE, US",United States,NE,VFR,1890,1890,100
KHSI,"Hastings Muni, NE, US",United States,NE,IFR,0,0,0
KHSI,"Hastings Muni, NE, US",United States,NE,LIFR,0,0,0
KHSI,"Hastings Muni, NE, US",United States,NE,MVFR,0,0,0
KHSP,"Hot Springs/Ingalls Fld, VA, US",United States,VA,VFR,1090,1890,57.67
KHSP,"Hot Springs/Ingalls Fld, VA, US",United States,VA,MVFR,560,1890,29.63
KHSP,"Hot Springs/Ingalls Fld, VA, US",United States,VA,LIFR,160,1890,8.47
KHSP,"Hot Springs/Ingalls Fld, VA, US",United States,VA,IFR,80,1890,4.23
KHST,"Homestead AFB, FL, US",United States,FL,VFR,1427,1650,86.48
KHST,"Homestead AFB, FL, US",United States,FL,MVFR,205,1650,12.42
KHST,"Homestead AFB, FL, US",United States,FL,IFR,18,1650,1.09
KHST,"Homestead AFB, FL, US",United States,FL,LIFR,0,0,0
KHSV,"Huntsville Intl, AL, US",United States,AL,VFR,1343,1890,71.06
KHSV,"Huntsville Intl, AL, US",United States,AL,MVFR,323,1890,17.09
KHSV,"Huntsville Intl, AL, US",United States,AL,IFR,164,1890,8.68
KHSV,"Huntsville Intl, AL, US",United States,AL,LIFR,60,1890,3.17
KHTH,"Hawthorne Muni, NV, US",United States,NV,VFR,1710,1710,100
KHTH,"Hawthorne Muni, NV, US",United States,NV,IFR,0,0,0
KHTH,"Hawthorne Muni, NV, US",United States,NV,LIFR,0,0,0
KHTH,"Hawthorne Muni, NV, US",United States,NV,MVFR,0,0,0
KHTL,"Houghton Lake/Blodgett Mem, MI, US",United States,MI,VFR,1890,1890,100
KHTL,"Houghton Lake/Blodgett Mem, MI, US",United States,MI,IFR,0,0,0
KHTL,"Houghton Lake/Blodgett Mem, MI, US",United States,MI,LIFR,0,0,0
KHTL,"Houghton Lake/Blodgett Mem, MI, US",United States,MI,MVFR,0,0,0
KHTS,"Huntington/Ferguson Fld, WV, US",United States,WV,VFR,1770,1881,94.1
KHTS,"Huntington/Ferguson Fld, WV, US",United States,WV,MVFR,111,1881,5.9
KHTS,"Huntington/Ferguson Fld, WV, US",United States,WV,IFR,0,0,0
KHTS,"Huntington/Ferguson Fld, WV, US",United States,WV,LIFR,0,0,0
KHUA,"Huntsville/Redstone AAF, AL, US",United States,AL,MVFR,300,728,41.21
KHUA,"Huntsville/Redstone AAF, AL, US",United States,AL,IFR,278,728,38.19
KHUA,"Huntsville/Redstone AAF, AL, US",United States,AL,VFR,150,728,20.6
KHUA,"Huntsville/Redstone AAF, AL, US",United States,AL,LIFR,0,0,0
KHUF,"Terre Haute/Hulman Fld, IN, US",United States,IN,VFR,1684,1741,96.73
KHUF,"Terre Haute/Hulman Fld, IN, US",United States,IN,LIFR,40,1741,2.3
KHUF,"Terre Haute/Hulman Fld, IN, US",United States,IN,MVFR,17,1741,0.98
KHUF,"Terre Haute/Hulman Fld, IN, US",United States,IN,IFR,0,0,0
KHUL,"Houlton Intl, ME, US",United States,ME,VFR,1561,1890,82.59
KHUL,"Houlton Intl, ME, US",United States,ME,IFR,210,1890,11.11
KHUL,"Houlton Intl, ME, US",United States,ME,MVFR,119,1890,6.3
KHUL,"Houlton Intl, ME, US",United States,ME,LIFR,0,0,0
KHUM,"Houma/Terrebonne Arpt, LA, US",United States,LA,VFR,1653,1885,87.69
KHUM,"Houma/Terrebonne Arpt, LA, US",United States,LA,LIFR,112,1885,5.94
KHUM,"Houma/Terrebonne Arpt, LA, US",United States,LA,IFR,60,1885,3.18
KHUM,"Houma/Terrebonne Arpt, LA, US",United States,LA,MVFR,60,1885,3.18
KHUT,"Hutchinson Muni, KS, US",United States,KS,VFR,1890,1890,100
KHUT,"Hutchinson Muni, KS, US",United States,KS,IFR,0,0,0
KHUT,"Hutchinson Muni, KS, US",United States,KS,LIFR,0,0,0
KHUT,"Hutchinson Muni, KS, US",United States,KS,MVFR,0,0,0
KHVC,"Hopkinsville/Christian Cnty, KY, US",United States,KY,VFR,1670,1870,89.3
KHVC,"Hopkinsville/Christian Cnty, KY, US",United States,KY,MVFR,200,1870,10.7
KHVC,"Hopkinsville/Christian Cnty, KY, US",United States,KY,IFR,0,0,0
KHVC,"Hopkinsville/Christian Cnty, KY, US",United States,KY,LIFR,0,0,0
KHVE,"Hanksville Arpt, UT, US",United States,UT,VFR,1870,1870,100
KHVE,"Hanksville Arpt, UT, US",United States,UT,IFR,0,0,0
KHVE,"Hanksville Arpt, UT, US",United States,UT,LIFR,0,0,0
KHVE,"Hanksville Arpt, UT, US",United States,UT,MVFR,0,0,0
KHVN,"New Haven/Tweed Arpt, CT, US",United States,CT,VFR,1577,1890,83.44
KHVN,"New Haven/Tweed Arpt, CT, US",United States,CT,MVFR,227,1890,12.01
KHVN,"New Haven/Tweed Arpt, CT, US",United States,CT,IFR,86,1890,4.55
KHVN,"New Haven/Tweed Arpt, CT, US",United States,CT,LIFR,0,0,0
KHVR,"Havre/City Arpt, MT, US",United States,MT,VFR,1890,1890,100
KHVR,"Havre/City Arpt, MT, US",United States,MT,IFR,0,0,0
KHVR,"Havre/City Arpt, MT, US",United States,MT,LIFR,0,0,0
KHVR,"Havre/City Arpt, MT, US",United States,MT,MVFR,0,0,0
KHVS,"Hartsville Rgnl, SC, US",United States,SC,VFR,1630,1890,86.24
KHVS,"Hartsville Rgnl, SC, US",United States,SC,MVFR,160,1890,8.47
KHVS,"Hartsville Rgnl, SC, US",United States,SC,IFR,100,1890,5.29
KHVS,"Hartsville Rgnl, SC, US",United States,SC,LIFR,0,0,0
KHWD,"Hayward Exec, CA, US",United States,CA,VFR,1374,1890,72.7
KHWD,"Hayward Exec, CA, US",United States,CA,MVFR,516,1890,27.3
KHWD,"Hayward Exec, CA, US",United States,CA,IFR,0,0,0
KHWD,"Hayward Exec, CA, US",United States,CA,LIFR,0,0,0
KHWO,"Hollywood/North Perry Arpt, FL, US",United States,FL,VFR,1708,1871,91.29
KHWO,"Hollywood/North Perry Arpt, FL, US",United States,FL,MVFR,135,1871,7.22
KHWO,"Hollywood/North Perry Arpt, FL, US",United States,FL,IFR,28,1871,1.5
KHWO,"Hollywood/North Perry Arpt, FL, US",United States,FL,LIFR,0,0,0
KHWV,"Brookhaven Arpt, NY, US",United States,NY,VFR,1631,1890,86.3
KHWV,"Brookhaven Arpt, NY, US",United States,NY,MVFR,205,1890,10.85
KHWV,"Brookhaven Arpt, NY, US",United States,NY,IFR,54,1890,2.86
KHWV,"Brookhaven Arpt, NY, US",United States,NY,LIFR,0,0,0
KHWY,"Warrenton/Fauquier Arpt, VA, US",United States,VA,VFR,1690,1890,89.42
KHWY,"Warrenton/Fauquier Arpt, VA, US",United States,VA,MVFR,140,1890,7.41
KHWY,"Warrenton/Fauquier Arpt, VA, US",United States,VA,IFR,60,1890,3.17
KHWY,"Warrenton/Fauquier Arpt, VA, US",United States,VA,LIFR,0,0,0
KHXD,"Hilton Head Arpt, SC, US",United States,SC,VFR,1425,1890,75.4
KHXD,"Hilton Head Arpt, SC, US",United States,SC,MVFR,465,1890,24.6
KHXD,"Hilton Head Arpt, SC, US",United States,SC,IFR,0,0,0
KHXD,"Hilton Head Arpt, SC, US",United States,SC,LIFR,0,0,0
KHYA,"Hyannis/Barnstable Muni, MA, US",United States,MA,VFR,1403,1890,74.23
KHYA,"Hyannis/Barnstable Muni, MA, US",United States,MA,IFR,325,1890,17.2
KHYA,"Hyannis/Barnstable Muni, MA, US",United States,MA,MVFR,162,1890,8.57
KHYA,"Hyannis/Barnstable Muni, MA, US",United States,MA,LIFR,0,0,0
KHYI,"San Marcos Muni, TX, US",United States,TX,VFR,1890,1890,100
KHYI,"San Marcos Muni, TX, US",United States,TX,IFR,0,0,0
KHYI,"San Marcos Muni, TX, US",United States,TX,LIFR,0,0,0
KHYI,"San Marcos Muni, TX, US",United States,TX,MVFR,0,0,0
KHYR,"Hayward Muni, WI, US",United States,WI,VFR,1890,1890,100
KHYR,"Hayward Muni, WI, US",United States,WI,IFR,0,0,0
KHYR,"Hayward Muni, WI, US",United States,WI,LIFR,0,0,0
KHYR,"Hayward Muni, WI, US",United States,WI,MVFR,0,0,0
KHYS,"Hays Rgnl, KS, US",United States,KS,VFR,1890,1890,100
KHYS,"Hays Rgnl, KS, US",United States,KS,IFR,0,0,0
KHYS,"Hays Rgnl, KS, US",United States,KS,LIFR,0,0,0
KHYS,"Hays Rgnl, KS, US",United States,KS,MVFR,0,0,0
KHYW,"Conway/Horry Cnty, SC, US",United States,SC,VFR,1890,1890,100
KHYW,"Conway/Horry Cnty, SC, US",United States,SC,IFR,0,0,0
KHYW,"Conway/Horry Cnty, SC, US",United States,SC,LIFR,0,0,0
KHYW,"Conway/Horry Cnty, SC, US",United States,SC,MVFR,0,0,0
KHYX,"Saginaw Cnty Arpt, MI, US",United States,MI,VFR,1870,1890,98.94
KHYX,"Saginaw Cnty Arpt, MI, US",United States,MI,IFR,20,1890,1.06
KHYX,"Saginaw Cnty Arpt, MI, US",United States,MI,LIFR,0,0,0
KHYX,"Saginaw Cnty Arpt, MI, US",United States,MI,MVFR,0,0,0
KHZD,"Huntingdon/Carroll Cnty, TN, US",United States,TN,VFR,1790,1895,94.46
KHZD,"Huntingdon/Carroll Cnty, TN, US",United States,TN,MVFR,105,1895,5.54
KHZD,"Huntingdon/Carroll Cnty, TN, US",United States,TN,IFR,0,0,0
KHZD,"Huntingdon/Carroll Cnty, TN, US",United States,TN,LIFR,0,0,0
KHZE,"Hazen/Mercer Cnty, ND, US",United States,ND,VFR,1650,1870,88.24
KHZE,"Hazen/Mercer Cnty, ND, US",United States,ND,LIFR,180,1870,9.63
KHZE,"Hazen/Mercer Cnty, ND, US",United States,ND,IFR,20,1870,1.07
KHZE,"Hazen/Mercer Cnty, ND, US",United States,ND,MVFR,20,1870,1.07
KHZL,"Hazleton Muni, PA, US",United States,PA,VFR,1650,1890,87.3
KHZL,"Hazleton Muni, PA, US",United States,PA,MVFR,200,1890,10.58
KHZL,"Hazleton Muni, PA, US",United States,PA,IFR,40,1890,2.12
KHZL,"Hazleton Muni, PA, US",United States,PA,LIFR,0,0,0
KHZR,"New Roads/False River Rgnl, LA, US",United States,LA,VFR,1490,1850,80.54
KHZR,"New Roads/False River Rgnl, LA, US",United States,LA,LIFR,280,1850,15.14
KHZR,"New Roads/False River Rgnl, LA, US",United States,LA,MVFR,60,1850,3.24
KHZR,"New Roads/False River Rgnl, LA, US",United States,LA,IFR,20,1850,1.08
KHZX,"McGregor/Iverson Arpt, MN, US",United States,MN,VFR,1890,1890,100
KHZX,"McGregor/Iverson Arpt, MN, US",United States,MN,IFR,0,0,0
KHZX,"McGregor/Iverson Arpt, MN, US",United States,MN,LIFR,0,0,0
KHZX,"McGregor/Iverson Arpt, MN, US",United States,MN,MVFR,0,0,0
KHZY,"Ashtabula/NE Ohio Rgnl, OH, US",United States,OH,VFR,1890,1890,100
KHZY,"Ashtabula/NE Ohio Rgnl, OH, US",United States,OH,IFR,0,0,0
KHZY,"Ashtabula/NE Ohio Rgnl, OH, US",United States,OH,LIFR,0,0,0
KHZY,"Ashtabula/NE Ohio Rgnl, OH, US",United States,OH,MVFR,0,0,0
KI16,"Pineville/Kee Fld, WV, US",United States,WV,IFR,180,210,85.71
KI16,"Pineville/Kee Fld, WV, US",United States,WV,LIFR,30,210,14.29
KI16,"Pineville/Kee Fld, WV, US",United States,WV,MVFR,0,0,0
KI16,"Pineville/Kee Fld, WV, US",United States,WV,VFR,0,0,0
KI23,"Washington Court House/Fayette Cnty, OH, US",United States,OH,VFR,1890,1890,100
KI23,"Washington Court House/Fayette Cnty, OH, US",United States,OH,IFR,0,0,0
KI23,"Washington Court House/Fayette Cnty, OH, US",United States,OH,LIFR,0,0,0
KI23,"Washington Court House/Fayette Cnty, OH, US",United States,OH,MVFR,0,0,0
KI35,"Harlan/Guthrie Mem, KY, US",United States,KY,VFR,890,1890,47.09
KI35,"Harlan/Guthrie Mem, KY, US",United States,KY,LIFR,520,1890,27.51
KI35,"Harlan/Guthrie Mem, KY, US",United States,KY,MVFR,480,1890,25.4
KI35,"Harlan/Guthrie Mem, KY, US",United States,KY,IFR,0,0,0
KI40,"Coshocton/Downing Arpt, OH, US",United States,OH,VFR,1870,1870,100
KI40,"Coshocton/Downing Arpt, OH, US",United States,OH,IFR,0,0,0
KI40,"Coshocton/Downing Arpt, OH, US",United States,OH,LIFR,0,0,0
KI40,"Coshocton/Downing Arpt, OH, US",United States,OH,MVFR,0,0,0
KI63,"Mt Sterling Muni, IL, US",United States,IL,VFR,1610,1890,85.19
KI63,"Mt Sterling Muni, IL, US",United States,IL,MVFR,160,1890,8.47
KI63,"Mt Sterling Muni, IL, US",United States,IL,IFR,120,1890,6.35
KI63,"Mt Sterling Muni, IL, US",United States,IL,LIFR,0,0,0
KI67,"Harrison/West Arpt, OH, US",United States,OH,VFR,1870,1870,100
KI67,"Harrison/West Arpt, OH, US",United States,OH,IFR,0,0,0
KI67,"Harrison/West Arpt, OH, US",United States,OH,LIFR,0,0,0
KI67,"Harrison/West Arpt, OH, US",United States,OH,MVFR,0,0,0
KI68,"Lebanon/Warren Cnty, OH, US",United States,OH,VFR,1790,1870,95.72
KI68,"Lebanon/Warren Cnty, OH, US",United States,OH,MVFR,80,1870,4.28
KI68,"Lebanon/Warren Cnty, OH, US",United States,OH,IFR,0,0,0
KI68,"Lebanon/Warren Cnty, OH, US",United States,OH,LIFR,0,0,0
KI69,"Batavia/Clermont Cnty, OH, US",United States,OH,VFR,1890,1890,100
KI69,"Batavia/Clermont Cnty, OH, US",United States,OH,IFR,0,0,0
KI69,"Batavia/Clermont Cnty, OH, US",United States,OH,LIFR,0,0,0
KI69,"Batavia/Clermont Cnty, OH, US",United States,OH,MVFR,0,0,0
KI74,"Urbana/Grimes Fld, OH, US",United States,OH,VFR,1890,1890,100
KI74,"Urbana/Grimes Fld, OH, US",United States,OH,IFR,0,0,0
KI74,"Urbana/Grimes Fld, OH, US",United States,OH,LIFR,0,0,0
KI74,"Urbana/Grimes Fld, OH, US",United States,OH,MVFR,0,0,0
KI75,"Osceola Muni, IA, US",United States,IA,VFR,1790,1890,94.71
KI75,"Osceola Muni, IA, US",United States,IA,MVFR,100,1890,5.29
KI75,"Osceola Muni, IA, US",United States,IA,IFR,0,0,0
KI75,"Osceola Muni, IA, US",United States,IA,LIFR,0,0,0
KI93,"Hardinsburg/Breckinridge Cnty, KY, US",United States,KY,VFR,1890,1890,100
KI93,"Hardinsburg/Breckinridge Cnty, KY, US",United States,KY,IFR,0,0,0
KI93,"Hardinsburg/Breckinridge Cnty, KY, US",United States,KY,LIFR,0,0,0
KI93,"Hardinsburg/Breckinridge Cnty, KY, US",United States,KY,MVFR,0,0,0
KI95,"Kenton/Hardin Cnty, OH, US",United States,OH,VFR,1875,1875,100
KI95,"Kenton/Hardin Cnty, OH, US",United States,OH,IFR,0,0,0
KI95,"Kenton/Hardin Cnty, OH, US",United States,OH,LIFR,0,0,0
KI95,"Kenton/Hardin Cnty, OH, US",United States,OH,MVFR,0,0,0
KIAB,"McConnell AFB, KS, US",United States,KS,VFR,1515,1650,91.82
KIAB,"McConnell AFB, KS, US",United States,KS,IFR,105,1650,6.36
KIAB,"McConnell AFB, KS, US",United States,KS,MVFR,30,1650,1.82
KIAB,"McConnell AFB, KS, US",United States,KS,LIFR,0,0,0
KIAD,"Washington/Dulles Intl, VA, US",United States,VA,VFR,1633,1870,87.33
KIAD,"Washington/Dulles Intl, VA, US",United States,VA,MVFR,237,1870,12.67
KIAD,"Washington/Dulles Intl, VA, US",United States,VA,IFR,0,0,0
KIAD,"Washington/Dulles Intl, VA, US",United States,VA,LIFR,0,0,0
KIAG,"Niagara Falls Intl, NY, US",United States,NY,VFR,1890,1890,100
KIAG,"Niagara Falls Intl, NY, US",United States,NY,IFR,0,0,0
KIAG,"Niagara Falls Intl, NY, US",United States,NY,LIFR,0,0,0
KIAG,"Niagara Falls Intl, NY, US",United States,NY,MVFR,0,0,0
KIAH,"Houston/Bush Intl, TX, US",United States,TX,VFR,1890,1890,100
KIAH,"Houston/Bush Intl, TX, US",United States,TX,IFR,0,0,0
KIAH,"Houston/Bush Intl, TX, US",United States,TX,LIFR,0,0,0
KIAH,"Houston/Bush Intl, TX, US",United States,TX,MVFR,0,0,0
KIBM,"Kimball Muni, NE, US",United States,NE,VFR,1870,1890,98.94
KIBM,"Kimball Muni, NE, US",United States,NE,MVFR,20,1890,1.06
KIBM,"Kimball Muni, NE, US",United States,NE,IFR,0,0,0
KIBM,"Kimball Muni, NE, US",United States,NE,LIFR,0,0,0
KICL,"Clarinda/Schenck Fld, IA, US",United States,IA,VFR,1890,1890,100
KICL,"Clarinda/Schenck Fld, IA, US",United States,IA,IFR,0,0,0
KICL,"Clarinda/Schenck Fld, IA, US",United States,IA,LIFR,0,0,0
KICL,"Clarinda/Schenck Fld, IA, US",United States,IA,MVFR,0,0,0
KICR,"Winner/Wiley Fld, SD, US",United States,SD,VFR,1890,1890,100
KICR,"Winner/Wiley Fld, SD, US",United States,SD,IFR,0,0,0
KICR,"Winner/Wiley Fld, SD, US",United States,SD,LIFR,0,0,0
KICR,"Winner/Wiley Fld, SD, US",United States,SD,MVFR,0,0,0
KICT,"Wichita/Eisenhower Arpt, KS, US",United States,KS,VFR,1661,1890,87.88
KICT,"Wichita/Eisenhower Arpt, KS, US",United States,KS,MVFR,185,1890,9.79
KICT,"Wichita/Eisenhower Arpt, KS, US",United States,KS,IFR,44,1890,2.33
KICT,"Wichita/Eisenhower Arpt, KS, US",United States,KS,LIFR,0,0,0
KIDA,"Idaho Falls Rgnl, ID, US",United States,ID,VFR,1406,1406,100
KIDA,"Idaho Falls Rgnl, ID, US",United States,ID,IFR,0,0,0
KIDA,"Idaho Falls Rgnl, ID, US",United States,ID,LIFR,0,0,0
KIDA,"Idaho Falls Rgnl, ID, US",United States,ID,MVFR,0,0,0
KIDI,"Indiana/Stewart Arpt, PA, US",United States,PA,VFR,1610,1870,86.1
KIDI,"Indiana/Stewart Arpt, PA, US",United States,PA,MVFR,160,1870,8.56
KIDI,"Indiana/Stewart Arpt, PA, US",United States,PA,LIFR,100,1870,5.35
KIDI,"Indiana/Stewart Arpt, PA, US",United States,PA,IFR,0,0,0
KIDP,"Independence Muni, KS, US",United States,KS,VFR,1690,1890,89.42
KIDP,"Independence Muni, KS, US",United States,KS,MVFR,200,1890,10.58
KIDP,"Independence Muni, KS, US",United States,KS,IFR,0,0,0
KIDP,"Independence Muni, KS, US",United States,KS,LIFR,0,0,0
KIEN,"Pine Ridge Strip, SD, US",United States,SD,VFR,1890,1890,100
KIEN,"Pine Ridge Strip, SD, US",United States,SD,IFR,0,0,0
KIEN,"Pine Ridge Strip, SD, US",United States,SD,LIFR,0,0,0
KIEN,"Pine Ridge Strip, SD, US",United States,SD,MVFR,0,0,0
KIER,"Natchitoches Rgnl, LA, US",United States,LA,VFR,1890,1890,100
KIER,"Natchitoches Rgnl, LA, US",United States,LA,IFR,0,0,0
KIER,"Natchitoches Rgnl, LA, US",United States,LA,LIFR,0,0,0
KIER,"Natchitoches Rgnl, LA, US",United States,LA,MVFR,0,0,0
KIFA,"Iowa Falls Muni, IA, US",United States,IA,VFR,1890,1890,100
KIFA,"Iowa Falls Muni, IA, US",United States,IA,IFR,0,0,0
KIFA,"Iowa Falls Muni, IA, US",United States,IA,LIFR,0,0,0
KIFA,"Iowa Falls Muni, IA, US",United States,IA,MVFR,0,0,0
KIFP,"Bullhead City Intl, AZ, US",United States,AZ,VFR,1680,1680,100
KIFP,"Bullhead City Intl, AZ, US",United States,AZ,IFR,0,0,0
KIFP,"Bullhead City Intl, AZ, US",United States,AZ,LIFR,0,0,0
KIFP,"Bullhead City Intl, AZ, US",United States,AZ,MVFR,0,0,0
KIGM,"Kingman Arpt, AZ, US",United States,AZ,VFR,1890,1890,100
KIGM,"Kingman Arpt, AZ, US",United States,AZ,IFR,0,0,0
KIGM,"Kingman Arpt, AZ, US",United States,AZ,LIFR,0,0,0
KIGM,"Kingman Arpt, AZ, US",United States,AZ,MVFR,0,0,0
KIGQ,"Chicago/Lansing Muni, IL, US",United States,IL,VFR,1890,1890,100
KIGQ,"Chicago/Lansing Muni, IL, US",United States,IL,IFR,0,0,0
KIGQ,"Chicago/Lansing Muni, IL, US",United States,IL,LIFR,0,0,0
KIGQ,"Chicago/Lansing Muni, IL, US",United States,IL,MVFR,0,0,0
KIIB,"Independence Muni, IA, US",United States,IA,VFR,1890,1890,100
KIIB,"Independence Muni, IA, US",United States,IA,IFR,0,0,0
KIIB,"Independence Muni, IA, US",United States,IA,LIFR,0,0,0
KIIB,"Independence Muni, IA, US",United States,IA,MVFR,0,0,0
KIIY,"Washington/Wilkes Cnty, GA, US",United States,GA,VFR,1310,1890,69.31
KIIY,"Washington/Wilkes Cnty, GA, US",United States,GA,MVFR,380,1890,20.11
KIIY,"Washington/Wilkes Cnty, GA, US",United States,GA,LIFR,160,1890,8.47
KIIY,"Washington/Wilkes Cnty, GA, US",United States,GA,IFR,40,1890,2.12
KIJD,"Willimantic/Windham Arpt, CT, US",United States,CT,VFR,1684,1890,89.1
KIJD,"Willimantic/Windham Arpt, CT, US",United States,CT,MVFR,124,1890,6.56
KIJD,"Willimantic/Windham Arpt, CT, US",United States,CT,IFR,82,1890,4.34
KIJD,"Willimantic/Windham Arpt, CT, US",United States,CT,LIFR,0,0,0
KIJX,"Jacksonville Muni, IL, US",United States,IL,VFR,1830,1890,96.83
KIJX,"Jacksonville Muni, IL, US",United States,IL,MVFR,60,1890,3.17
KIJX,"Jacksonville Muni, IL, US",United States,IL,IFR,0,0,0
KIJX,"Jacksonville Muni, IL, US",United States,IL,LIFR,0,0,0
KIKG,"Kingsville/Kleberg Cnty, TX, US",United States,TX,VFR,1710,1890,90.48
KIKG,"Kingsville/Kleberg Cnty, TX, US",United States,TX,MVFR,100,1890,5.29
KIKG,"Kingsville/Kleberg Cnty, TX, US",United States,TX,IFR,80,1890,4.23
KIKG,"Kingsville/Kleberg Cnty, TX, US",United States,TX,LIFR,0,0,0
KIKK,"Kankakee Arpt, IL, US",United States,IL,VFR,1891,1891,100
KIKK,"Kankakee Arpt, IL, US",United States,IL,IFR,0,0,0
KIKK,"Kankakee Arpt, IL, US",United States,IL,LIFR,0,0,0
KIKK,"Kankakee Arpt, IL, US",United States,IL,MVFR,0,0,0
KIKV,"Ankeny Rgnl, IA, US",United States,IA,VFR,1770,1890,93.65
KIKV,"Ankeny Rgnl, IA, US",United States,IA,MVFR,120,1890,6.35
KIKV,"Ankeny Rgnl, IA, US",United States,IA,IFR,0,0,0
KIKV,"Ankeny Rgnl, IA, US",United States,IA,LIFR,0,0,0
KILG,"Wilmington/New Castle Arpt, DE, US",United States,DE,VFR,1578,1890,83.49
KILG,"Wilmington/New Castle Arpt, DE, US",United States,DE,MVFR,225,1890,11.9
KILG,"Wilmington/New Castle Arpt, DE, US",United States,DE,IFR,87,1890,4.6
KILG,"Wilmington/New Castle Arpt, DE, US",United States,DE,LIFR,0,0,0
KILM,"Wilmington Intl, NC, US",United States,NC,VFR,1817,1890,96.14
KILM,"Wilmington Intl, NC, US",United States,NC,MVFR,73,1890,3.86
KILM,"Wilmington Intl, NC, US",United States,NC,IFR,0,0,0
KILM,"Wilmington Intl, NC, US",United States,NC,LIFR,0,0,0
KILN,"Wilmington Arpt, OH, US",United States,OH,VFR,1890,1890,100
KILN,"Wilmington Arpt, OH, US",United States,OH,IFR,0,0,0
KILN,"Wilmington Arpt, OH, US",United States,OH,LIFR,0,0,0
KILN,"Wilmington Arpt, OH, US",United States,OH,MVFR,0,0,0
KIML,"Imperial Muni, NE, US",United States,NE,VFR,1013,1890,53.6
KIML,"Imperial Muni, NE, US",United States,NE,LIFR,407,1890,21.53
KIML,"Imperial Muni, NE, US",United States,NE,MVFR,397,1890,21.01
KIML,"Imperial Muni, NE, US",United States,NE,IFR,73,1890,3.86
KIMM,"Immokalee Rgnl, FL, US",United States,FL,VFR,1200,1900,63.16
KIMM,"Immokalee Rgnl, FL, US",United States,FL,LIFR,550,1900,28.95
KIMM,"Immokalee Rgnl, FL, US",United States,FL,MVFR,110,1900,5.79
KIMM,"Immokalee Rgnl, FL, US",United States,FL,IFR,40,1900,2.11
KIMS,"Madison Muni, IN, US",United States,IN,VFR,1890,1890,100
KIMS,"Madison Muni, IN, US",United States,IN,IFR,0,0,0
KIMS,"Madison Muni, IN, US",United States,IN,LIFR,0,0,0
KIMS,"Madison Muni, IN, US",United States,IN,MVFR,0,0,0
KIMT,"Iron Mountain/Ford Arpt, MI, US",United States,MI,VFR,1515,1890,80.16
KIMT,"Iron Mountain/Ford Arpt, MI, US",United States,MI,LIFR,273,1890,14.44
KIMT,"Iron Mountain/Ford Arpt, MI, US",United States,MI,MVFR,63,1890,3.33
KIMT,"Iron Mountain/Ford Arpt, MI, US",United States,MI,IFR,39,1890,2.06
KIND,"Indianapolis Intl, IN, US",United States,IN,VFR,1890,1890,100
KIND,"Indianapolis Intl, IN, US",United States,IN,IFR,0,0,0
KIND,"Indianapolis Intl, IN, US",United States,IN,LIFR,0,0,0
KIND,"Indianapolis Intl, IN, US",United States,IN,MVFR,0,0,0
KINF,"Inverness Arpt, FL, US",United States,FL,VFR,1020,1790,56.98
KINF,"Inverness Arpt, FL, US",United States,FL,LIFR,280,1790,15.64
KINF,"Inverness Arpt, FL, US",United States,FL,IFR,260,1790,14.53
KINF,"Inverness Arpt, FL, US",United States,FL,MVFR,230,1790,12.85
KINJ,"Hillsboro Muni, TX, US",United States,TX,VFR,1890,1890,100
KINJ,"Hillsboro Muni, TX, US",United States,TX,IFR,0,0,0
KINJ,"Hillsboro Muni, TX, US",United States,TX,LIFR,0,0,0
KINJ,"Hillsboro Muni, TX, US",United States,TX,MVFR,0,0,0
KINL,"International Falls/Einarson Fld, MN, US",United States,MN,VFR,1890,1890,100
KINL,"International Falls/Einarson Fld, MN, US",United States,MN,IFR,0,0,0
KINL,"International Falls/Einarson Fld, MN, US",United States,MN,LIFR,0,0,0
KINL,"International Falls/Einarson Fld, MN, US",United States,MN,MVFR,0,0,0
KINS,"Indian Springs/Creech AFB, NV, US",United States,NV,VFR,1530,1530,100
KINS,"Indian Springs/Creech AFB, NV, US",United States,NV,IFR,0,0,0
KINS,"Indian Springs/Creech AFB, NV, US",United States,NV,LIFR,0,0,0
KINS,"Indian Springs/Creech AFB, NV, US",United States,NV,MVFR,0,0,0
KINT,"Winston-Salem/Reynolds Arpt, NC, US",United States,NC,VFR,1340,1428,93.84
KINT,"Winston-Salem/Reynolds Arpt, NC, US",United States,NC,MVFR,69,1428,4.83
KINT,"Winston-Salem/Reynolds Arpt, NC, US",United States,NC,IFR,19,1428,1.33
KINT,"Winston-Salem/Reynolds Arpt, NC, US",United States,NC,LIFR,0,0,0
KINW,"Winslow/Lindberg Rgnl, AZ, US",United States,AZ,VFR,1890,1890,100
KINW,"Winslow/Lindberg Rgnl, AZ, US",United States,AZ,IFR,0,0,0
KINW,"Winslow/Lindberg Rgnl, AZ, US",United States,AZ,LIFR,0,0,0
KINW,"Winslow/Lindberg Rgnl, AZ, US",United States,AZ,MVFR,0,0,0
KIOB,"Mount Sterling/Montgomery Cnty, KY, US",United States,KY,VFR,1650,1870,88.24
KIOB,"Mount Sterling/Montgomery Cnty, KY, US",United States,KY,MVFR,200,1870,10.7
KIOB,"Mount Sterling/Montgomery Cnty, KY, US",United States,KY,IFR,20,1870,1.07
KIOB,"Mount Sterling/Montgomery Cnty, KY, US",United States,KY,LIFR,0,0,0
KIOW,"Iowa City Muni, IA, US",United States,IA,VFR,1890,1890,100
KIOW,"Iowa City Muni, IA, US",United States,IA,IFR,0,0,0
KIOW,"Iowa City Muni, IA, US",United States,IA,LIFR,0,0,0
KIOW,"Iowa City Muni, IA, US",United States,IA,MVFR,0,0,0
KIPJ,"Lincolnton/Lincoln Cnty, NC, US",United States,NC,VFR,1790,1900,94.21
KIPJ,"Lincolnton/Lincoln Cnty, NC, US",United States,NC,IFR,110,1900,5.79
KIPJ,"Lincolnton/Lincoln Cnty, NC, US",United States,NC,LIFR,0,0,0
KIPJ,"Lincolnton/Lincoln Cnty, NC, US",United States,NC,MVFR,0,0,0
KIPL,"Imperial Cnty Arpt, CA, US",United States,CA,VFR,1650,1650,100
KIPL,"Imperial Cnty Arpt, CA, US",United States,CA,IFR,0,0,0
KIPL,"Imperial Cnty Arpt, CA, US",United States,CA,LIFR,0,0,0
KIPL,"Imperial Cnty Arpt, CA, US",United States,CA,MVFR,0,0,0
KIPT,"Williamsport Rgnl, PA, US",United States,PA,VFR,1830,1890,96.83
KIPT,"Williamsport Rgnl, PA, US",United States,PA,MVFR,60,1890,3.17
KIPT,"Williamsport Rgnl, PA, US",United States,PA,IFR,0,0,0
KIPT,"Williamsport Rgnl, PA, US",United States,PA,LIFR,0,0,0
KIRK,"Kirksville Rgnl, MO, US",United States,MO,VFR,1819,1890,96.24
KIRK,"Kirksville Rgnl, MO, US",United States,MO,IFR,60,1890,3.17
KIRK,"Kirksville Rgnl, MO, US",United States,MO,MVFR,11,1890,0.58
KIRK,"Kirksville Rgnl, MO, US",United States,MO,LIFR,0,0,0
KIRS,"Sturgis/Kirsh Muni, MI, US",United States,MI,VFR,1890,1890,100
KIRS,"Sturgis/Kirsh Muni, MI, US",United States,MI,IFR,0,0,0
KIRS,"Sturgis/Kirsh Muni, MI, US",United States,MI,LIFR,0,0,0
KIRS,"Sturgis/Kirsh Muni, MI, US",United States,MI,MVFR,0,0,0
KISM,"Kissimmee Muni, FL, US",United States,FL,VFR,1767,1890,93.49
KISM,"Kissimmee Muni, FL, US",United States,FL,MVFR,123,1890,6.51
KISM,"Kissimmee Muni, FL, US",United States,FL,IFR,0,0,0
KISM,"Kissimmee Muni, FL, US",United States,FL,LIFR,0,0,0
KISO,"Kinston Rgnl, NC, US",United States,NC,VFR,1775,1890,93.92
KISO,"Kinston Rgnl, NC, US",United States,NC,MVFR,115,1890,6.08
KISO,"Kinston Rgnl, NC, US",United States,NC,IFR,0,0,0
KISO,"Kinston Rgnl, NC, US",United States,NC,LIFR,0,0,0
KISP,"Islip/Macarthur Arpt, NY, US",United States,NY,VFR,1659,1890,87.78
KISP,"Islip/Macarthur Arpt, NY, US",United States,NY,MVFR,179,1890,9.47
KISP,"Islip/Macarthur Arpt, NY, US",United States,NY,IFR,52,1890,2.75
KISP,"Islip/Macarthur Arpt, NY, US",United States,NY,LIFR,0,0,0
KISQ,"Manistique/Schoolcraft Cnty, MI, US",United States,MI,VFR,1780,1890,94.18
KISQ,"Manistique/Schoolcraft Cnty, MI, US",United States,MI,MVFR,110,1890,5.82
KISQ,"Manistique/Schoolcraft Cnty, MI, US",United States,MI,IFR,0,0,0
KISQ,"Manistique/Schoolcraft Cnty, MI, US",United States,MI,LIFR,0,0,0
KISW,"Wisconsin Rapids/S Wood Cnty, WI, US",United States,WI,VFR,1890,1890,100
KISW,"Wisconsin Rapids/S Wood Cnty, WI, US",United States,WI,IFR,0,0,0
KISW,"Wisconsin Rapids/S Wood Cnty, WI, US",United States,WI,LIFR,0,0,0
KISW,"Wisconsin Rapids/S Wood Cnty, WI, US",United States,WI,MVFR,0,0,0
KITH,"Ithaca/Tompkins Rgnl, NY, US",United States,NY,VFR,1830,1890,96.83
KITH,"Ithaca/Tompkins Rgnl, NY, US",United States,NY,MVFR,60,1890,3.17
KITH,"Ithaca/Tompkins Rgnl, NY, US",United States,NY,IFR,0,0,0
KITH,"Ithaca/Tompkins Rgnl, NY, US",United States,NY,LIFR,0,0,0
KITR,"Burlington/Kit Carson Cnty, CO, US",United States,CO,VFR,1312,1890,69.42
KITR,"Burlington/Kit Carson Cnty, CO, US",United States,CO,MVFR,359,1890,18.99
KITR,"Burlington/Kit Carson Cnty, CO, US",United States,CO,IFR,219,1890,11.59
KITR,"Burlington/Kit Carson Cnty, CO, US",United States,CO,LIFR,0,0,0
KIWA,"Phoenix/Mesa Gateway Arpt, AZ, US",United States,AZ,VFR,1865,1865,100
KIWA,"Phoenix/Mesa Gateway Arpt, AZ, US",United States,AZ,IFR,0,0,0
KIWA,"Phoenix/Mesa Gateway Arpt, AZ, US",United States,AZ,LIFR,0,0,0
KIWA,"Phoenix/Mesa Gateway Arpt, AZ, US",United States,AZ,MVFR,0,0,0
KIWD,"Ironwood/Iron Cnty, MI, US",United States,MI,VFR,1890,1890,100
KIWD,"Ironwood/Iron Cnty, MI, US",United States,MI,IFR,0,0,0
KIWD,"Ironwood/Iron Cnty, MI, US",United States,MI,LIFR,0,0,0
KIWD,"Ironwood/Iron Cnty, MI, US",United States,MI,MVFR,0,0,0
KIWI,"Wiscasset Arpt, ME, US",United States,ME,VFR,1617,1890,85.56
KIWI,"Wiscasset Arpt, ME, US",United States,ME,MVFR,207,1890,10.95
KIWI,"Wiscasset Arpt, ME, US",United States,ME,IFR,66,1890,3.49
KIWI,"Wiscasset Arpt, ME, US",United States,ME,LIFR,0,0,0
KIXA,"Halifax/Northampton Rgnl, NC, US",United States,NC,VFR,1800,1900,94.74
KIXA,"Halifax/Northampton Rgnl, NC, US",United States,NC,MVFR,70,1900,3.68
KIXA,"Halifax/Northampton Rgnl, NC, US",United States,NC,IFR,30,1900,1.58
KIXA,"Halifax/Northampton Rgnl, NC, US",United States,NC,LIFR,0,0,0
KIXD,"Olathe/New Century Arpt, KS, US",United States,KS,VFR,1639,1890,86.72
KIXD,"Olathe/New Century Arpt, KS, US",United States,KS,MVFR,251,1890,13.28
KIXD,"Olathe/New Century Arpt, KS, US",United States,KS,IFR,0,0,0
KIXD,"Olathe/New Century Arpt, KS, US",United States,KS,LIFR,0,0,0
KIZA,"Santa Ynez Arpt, CA, US",United States,CA,VFR,1550,1890,82.01
KIZA,"Santa Ynez Arpt, CA, US",United States,CA,LIFR,200,1890,10.58
KIZA,"Santa Ynez Arpt, CA, US",United States,CA,MVFR,140,1890,7.41
KIZA,"Santa Ynez Arpt, CA, US",United States,CA,IFR,0,0,0
KIZG,"Fryeburg/Eastern Slopes Rgnl, ME, US",United States,ME,VFR,1645,1874,87.78
KIZG,"Fryeburg/Eastern Slopes Rgnl, ME, US",United States,ME,MVFR,229,1874,12.22
KIZG,"Fryeburg/Eastern Slopes Rgnl, ME, US",United States,ME,IFR,0,0,0
KIZG,"Fryeburg/Eastern Slopes Rgnl, ME, US",United States,ME,LIFR,0,0,0
KJAC,"Jackson Hole Arpt, WY, US",United States,WY,VFR,1890,1890,100
KJAC,"Jackson Hole Arpt, WY, US",United States,WY,IFR,0,0,0
KJAC,"Jackson Hole Arpt, WY, US",United States,WY,LIFR,0,0,0
KJAC,"Jackson Hole Arpt, WY, US",United States,WY,MVFR,0,0,0
KJAN,"Jackson/Evers Intl, MS, US",United States,MS,VFR,1890,1890,100
KJAN,"Jackson/Evers Intl, MS, US",United States,MS,IFR,0,0,0
KJAN,"Jackson/Evers Intl, MS, US",United States,MS,LIFR,0,0,0
KJAN,"Jackson/Evers Intl, MS, US",United States,MS,MVFR,0,0,0
KJAS,"Jasper/Bell Fld, TX, US",United States,TX,VFR,450,450,100
KJAS,"Jasper/Bell Fld, TX, US",United States,TX,IFR,0,0,0
KJAS,"Jasper/Bell Fld, TX, US",United States,TX,LIFR,0,0,0
KJAS,"Jasper/Bell Fld, TX, US",United States,TX,MVFR,0,0,0
KJAU,"Jacksboro/Campbell Cnty, TN, US",United States,TN,IFR,0,0,0
KJAU,"Jacksboro/Campbell Cnty, TN, US",United States,TN,LIFR,0,0,0
KJAU,"Jacksboro/Campbell Cnty, TN, US",United States,TN,MVFR,0,0,0
KJAU,"Jacksboro/Campbell Cnty, TN, US",United States,TN,VFR,0,0,0
KJAX,"Jacksonville Intl, FL, US",United States,FL,VFR,1128,1864,60.52
KJAX,"Jacksonville Intl, FL, US",United States,FL,MVFR,398,1864,21.35
KJAX,"Jacksonville Intl, FL, US",United States,FL,LIFR,253,1864,13.57
KJAX,"Jacksonville Intl, FL, US",United States,FL,IFR,85,1864,4.56
KJBR,"Jonesboro Muni, AR, US",United States,AR,VFR,1890,1890,100
KJBR,"Jonesboro Muni, AR, US",United States,AR,IFR,0,0,0
KJBR,"Jonesboro Muni, AR, US",United States,AR,LIFR,0,0,0
KJBR,"Jonesboro Muni, AR, US",United States,AR,MVFR,0,0,0
KJCT,"Junction/Kimble Cnty, TX, US",United States,TX,VFR,1710,1770,96.61
KJCT,"Junction/Kimble Cnty, TX, US",United States,TX,MVFR,60,1770,3.39
KJCT,"Junction/Kimble Cnty, TX, US",United States,TX,IFR,0,0,0
KJCT,"Junction/Kimble Cnty, TX, US",United States,TX,LIFR,0,0,0
KJDD,"Mineola/Wood Cnty, TX, US",United States,TX,VFR,1870,1870,100
KJDD,"Mineola/Wood Cnty, TX, US",United States,TX,IFR,0,0,0
KJDD,"Mineola/Wood Cnty, TX, US",United States,TX,LIFR,0,0,0
KJDD,"Mineola/Wood Cnty, TX, US",United States,TX,MVFR,0,0,0
KJDN,"Jordan Arpt, MT, US",United States,MT,IFR,0,0,0
KJDN,"Jordan Arpt, MT, US",United States,MT,LIFR,0,0,0
KJDN,"Jordan Arpt, MT, US",United States,MT,MVFR,0,0,0
KJDN,"Jordan Arpt, MT, US",United States,MT,VFR,0,0,0
KJEF,"Jefferson City Mem, MO, US",United States,MO,VFR,1890,1890,100
KJEF,"Jefferson City Mem, MO, US",United States,MO,IFR,0,0,0
KJEF,"Jefferson City Mem, MO, US",United States,MO,LIFR,0,0,0
KJEF,"Jefferson City Mem, MO, US",United States,MO,MVFR,0,0,0
KJER,"Jerome Cnty Arpt, ID, US",United States,ID,VFR,1890,1890,100
KJER,"Jerome Cnty Arpt, ID, US",United States,ID,IFR,0,0,0
KJER,"Jerome Cnty Arpt, ID, US",United States,ID,LIFR,0,0,0
KJER,"Jerome Cnty Arpt, ID, US",United States,ID,MVFR,0,0,0
KJES,"Jesup/Wayne Cnty, GA, US",United States,GA,VFR,1180,1890,62.43
KJES,"Jesup/Wayne Cnty, GA, US",United States,GA,MVFR,350,1890,18.52
KJES,"Jesup/Wayne Cnty, GA, US",United States,GA,IFR,220,1890,11.64
KJES,"Jesup/Wayne Cnty, GA, US",United States,GA,LIFR,140,1890,7.41
KJFK,"New York/JF Kennedy Intl, NY, US",United States,NY,VFR,1552,1890,82.12
KJFK,"New York/JF Kennedy Intl, NY, US",United States,NY,MVFR,320,1890,16.93
KJFK,"New York/JF Kennedy Intl, NY, US",United States,NY,IFR,18,1890,0.95
KJFK,"New York/JF Kennedy Intl, NY, US",United States,NY,LIFR,0,0,0
KJFX,"Jasper/Walker Cnty, AL, US",United States,AL,VFR,1230,1870,65.78
KJFX,"Jasper/Walker Cnty, AL, US",United States,AL,MVFR,540,1870,28.88
KJFX,"Jasper/Walker Cnty, AL, US",United States,AL,LIFR,60,1870,3.21
KJFX,"Jasper/Walker Cnty, AL, US",United States,AL,IFR,40,1870,2.14
KJFZ,"Tazewell Cnty, VA, US",United States,VA,VFR,1250,1870,66.84
KJFZ,"Tazewell Cnty, VA, US",United States,VA,IFR,240,1870,12.83
KJFZ,"Tazewell Cnty, VA, US",United States,VA,MVFR,240,1870,12.83
KJFZ,"Tazewell Cnty, VA, US",United States,VA,LIFR,140,1870,7.49
KJGG,"Williamsburg-Jamestown Arpt, VA, US",United States,VA,VFR,1670,1870,89.3
KJGG,"Williamsburg-Jamestown Arpt, VA, US",United States,VA,MVFR,200,1870,10.7
KJGG,"Williamsburg-Jamestown Arpt, VA, US",United States,VA,IFR,0,0,0
KJGG,"Williamsburg-Jamestown Arpt, VA, US",United States,VA,LIFR,0,0,0
KJHW,"Jamestown/Chautauqua Cnty, NY, US",United States,NY,VFR,1830,1890,96.83
KJHW,"Jamestown/Chautauqua Cnty, NY, US",United States,NY,MVFR,60,1890,3.17
KJHW,"Jamestown/Chautauqua Cnty, NY, US",United States,NY,IFR,0,0,0
KJHW,"Jamestown/Chautauqua Cnty, NY, US",United States,NY,LIFR,0,0,0
KJKA,"Gulf Shores/Edwards Arpt, AL, US",United States,AL,VFR,1872,1872,100
KJKA,"Gulf Shores/Edwards Arpt, AL, US",United States,AL,IFR,0,0,0
KJKA,"Gulf Shores/Edwards Arpt, AL, US",United States,AL,LIFR,0,0,0
KJKA,"Gulf Shores/Edwards Arpt, AL, US",United States,AL,MVFR,0,0,0
KJKJ,"Moorhead Muni, MN, US",United States,MN,VFR,200,200,100
KJKJ,"Moorhead Muni, MN, US",United States,MN,IFR,0,0,0
KJKJ,"Moorhead Muni, MN, US",United States,MN,LIFR,0,0,0
KJKJ,"Moorhead Muni, MN, US",United States,MN,MVFR,0,0,0
KJKL,"Jackson/Carroll Arpt, KY, US",United States,KY,VFR,1521,1866,81.51
KJKL,"Jackson/Carroll Arpt, KY, US",United States,KY,LIFR,176,1866,9.43
KJKL,"Jackson/Carroll Arpt, KY, US",United States,KY,MVFR,169,1866,9.06
KJKL,"Jackson/Carroll Arpt, KY, US",United States,KY,IFR,0,0,0
KJLN,"Joplin Rgnl, MO, US",United States,MO,VFR,1729,1890,91.48
KJLN,"Joplin Rgnl, MO, US",United States,MO,MVFR,161,1890,8.52
KJLN,"Joplin Rgnl, MO, US",United States,MO,IFR,0,0,0
KJLN,"Joplin Rgnl, MO, US",United States,MO,LIFR,0,0,0
KJMR,"Mora Muni, MN, US",United States,MN,VFR,1890,1890,100
KJMR,"Mora Muni, MN, US",United States,MN,IFR,0,0,0
KJMR,"Mora Muni, MN, US",United States,MN,LIFR,0,0,0
KJMR,"Mora Muni, MN, US",United States,MN,MVFR,0,0,0
KJMS,"Jamestown Rgnl, ND, US",United States,ND,VFR,1890,1890,100
KJMS,"Jamestown Rgnl, ND, US",United States,ND,IFR,0,0,0
KJMS,"Jamestown Rgnl, ND, US",United States,ND,LIFR,0,0,0
KJMS,"Jamestown Rgnl, ND, US",United States,ND,MVFR,0,0,0
KJNX,"Smithfield/Johnston Rgnl, NC, US",United States,NC,VFR,1750,1900,92.11
KJNX,"Smithfield/Johnston Rgnl, NC, US",United States,NC,MVFR,150,1900,7.89
KJNX,"Smithfield/Johnston Rgnl, NC, US",United States,NC,IFR,0,0,0
KJNX,"Smithfield/Johnston Rgnl, NC, US",United States,NC,LIFR,0,0,0
KJOT,"Joliet Rgnl, IL, US",United States,IL,VFR,1790,1890,94.71
KJOT,"Joliet Rgnl, IL, US",United States,IL,IFR,60,1890,3.17
KJOT,"Joliet Rgnl, IL, US",United States,IL,MVFR,40,1890,2.12
KJOT,"Joliet Rgnl, IL, US",United States,IL,LIFR,0,0,0
KJQF,"Concord Rgnl, NC, US",United States,NC,VFR,1885,1885,100
KJQF,"Concord Rgnl, NC, US",United States,NC,IFR,0,0,0
KJQF,"Concord Rgnl, NC, US",United States,NC,LIFR,0,0,0
KJQF,"Concord Rgnl, NC, US",United States,NC,MVFR,0,0,0
KJSO,"Jacksonvil0e/Cherokee Cnty, TX, US",United States,TX,VFR,1870,1870,100
KJSO,"Jacksonvil0e/Cherokee Cnty, TX, US",United States,TX,IFR,0,0,0
KJSO,"Jacksonvil0e/Cherokee Cnty, TX, US",United States,TX,LIFR,0,0,0
KJSO,"Jacksonvil0e/Cherokee Cnty, TX, US",United States,TX,MVFR,0,0,0
KJST,"Johnstown/Murtha Arpt, PA, US",United States,PA,VFR,1695,1890,89.68
KJST,"Johnstown/Murtha Arpt, PA, US",United States,PA,MVFR,124,1890,6.56
KJST,"Johnstown/Murtha Arpt, PA, US",United States,PA,IFR,71,1890,3.76
KJST,"Johnstown/Murtha Arpt, PA, US",United States,PA,LIFR,0,0,0
KJSV,"Sallisaw Muni, OK, US",United States,OK,VFR,1630,1890,86.24
KJSV,"Sallisaw Muni, OK, US",United States,OK,MVFR,220,1890,11.64
KJSV,"Sallisaw Muni, OK, US",United States,OK,IFR,40,1890,2.12
KJSV,"Sallisaw Muni, OK, US",United States,OK,LIFR,0,0,0
KJVL,"Janesville/S Wisconsin Rgnl, WI, US",United States,WI,VFR,1810,1890,95.77
KJVL,"Janesville/S Wisconsin Rgnl, WI, US",United States,WI,IFR,40,1890,2.12
KJVL,"Janesville/S Wisconsin Rgnl, WI, US",United States,WI,LIFR,40,1890,2.12
KJVL,"Janesville/S Wisconsin Rgnl, WI, US",United States,WI,MVFR,0,0,0
KJVY,"Jeffersonville/Clark Rgnl, IN, US",United States,IN,VFR,1815,1875,96.8
KJVY,"Jeffersonville/Clark Rgnl, IN, US",United States,IN,MVFR,40,1875,2.13
KJVY,"Jeffersonville/Clark Rgnl, IN, US",United States,IN,LIFR,20,1875,1.07
KJVY,"Jeffersonville/Clark Rgnl, IN, US",United States,IN,IFR,0,0,0
KJWG,"Watonga Rgnl, OK, US",United States,OK,VFR,1590,1890,84.13
KJWG,"Watonga Rgnl, OK, US",United States,OK,IFR,220,1890,11.64
KJWG,"Watonga Rgnl, OK, US",United States,OK,MVFR,80,1890,4.23
KJWG,"Watonga Rgnl, OK, US",United States,OK,LIFR,0,0,0
KJWN,"Nashville/Tune Arpt, TN, US",United States,TN,VFR,1335,1870,71.39
KJWN,"Nashville/Tune Arpt, TN, US",United States,TN,MVFR,480,1870,25.67
KJWN,"Nashville/Tune Arpt, TN, US",United States,TN,LIFR,55,1870,2.94
KJWN,"Nashville/Tune Arpt, TN, US",United States,TN,IFR,0,0,0
KJWY,"Midlothian/Mid-Way Rgnl, TX, US",United States,TX,VFR,1850,1870,98.93
KJWY,"Midlothian/Mid-Way Rgnl, TX, US",United States,TX,MVFR,20,1870,1.07
KJWY,"Midlothian/Mid-Way Rgnl, TX, US",United States,TX,IFR,0,0,0
KJWY,"Midlothian/Mid-Way Rgnl, TX, US",United States,TX,LIFR,0,0,0
KJXI,"Gilmer/Stephens Fld, TX, US",United States,TX,VFR,1770,1770,100
KJXI,"Gilmer/Stephens Fld, TX, US",United States,TX,IFR,0,0,0
KJXI,"Gilmer/Stephens Fld, TX, US",United States,TX,LIFR,0,0,0
KJXI,"Gilmer/Stephens Fld, TX, US",United States,TX,MVFR,0,0,0
KJXN,"Jackson Cnty, MI, US",United States,MI,VFR,1679,1890,88.84
KJXN,"Jackson Cnty, MI, US",United States,MI,MVFR,130,1890,6.88
KJXN,"Jackson Cnty, MI, US",United States,MI,IFR,81,1890,4.29
KJXN,"Jackson Cnty, MI, US",United States,MI,LIFR,0,0,0
KJYG,"St James Muni, MN, US",United States,MN,VFR,1870,1890,98.94
KJYG,"St James Muni, MN, US",United States,MN,MVFR,20,1890,1.06
KJYG,"St James Muni, MN, US",United States,MN,IFR,0,0,0
KJYG,"St James Muni, MN, US",United States,MN,LIFR,0,0,0
KJYL,"Sylvania/Plantation Arpk, GA, US",United States,GA,MVFR,1430,1870,76.47
KJYL,"Sylvania/Plantation Arpk, GA, US",United States,GA,VFR,220,1870,11.76
KJYL,"Sylvania/Plantation Arpk, GA, US",United States,GA,IFR,140,1870,7.49
KJYL,"Sylvania/Plantation Arpk, GA, US",United States,GA,LIFR,80,1870,4.28
KJYM,"Hillsdale Muni, MI, US",United States,MI,VFR,1890,1890,100
KJYM,"Hillsdale Muni, MI, US",United States,MI,IFR,0,0,0
KJYM,"Hillsdale Muni, MI, US",United States,MI,LIFR,0,0,0
KJYM,"Hillsdale Muni, MI, US",United States,MI,MVFR,0,0,0
KJYO,"Leesburg Exec, VA, US",United States,VA,VFR,1730,1910,90.58
KJYO,"Leesburg Exec, VA, US",United States,VA,MVFR,180,1910,9.42
KJYO,"Leesburg Exec, VA, US",United States,VA,IFR,0,0,0
KJYO,"Leesburg Exec, VA, US",United States,VA,LIFR,0,0,0
KJYR,"York Muni, NE, US",United States,NE,VFR,1890,1890,100
KJYR,"York Muni, NE, US",United States,NE,IFR,0,0,0
KJYR,"York Muni, NE, US",United States,NE,LIFR,0,0,0
KJYR,"York Muni, NE, US",United States,NE,MVFR,0,0,0
KJZI,"Charleston Exec, SC, US",United States,SC,VFR,1550,1890,82.01
KJZI,"Charleston Exec, SC, US",United States,SC,MVFR,240,1890,12.7
KJZI,"Charleston Exec, SC, US",United States,SC,IFR,100,1890,5.29
KJZI,"Charleston Exec, SC, US",United States,SC,LIFR,0,0,0
KK62,"Falmouth/Snyder Arpt, KY, US",United States,KY,VFR,1910,1910,100
KK62,"Falmouth/Snyder Arpt, KY, US",United States,KY,IFR,0,0,0
KK62,"Falmouth/Snyder Arpt, KY, US",United States,KY,LIFR,0,0,0
KK62,"Falmouth/Snyder Arpt, KY, US",United States,KY,MVFR,0,0,0
KK82,"Smith Center Arpt, KS, US",United States,KS,VFR,1870,1870,100
KK82,"Smith Center Arpt, KS, US",United States,KS,IFR,0,0,0
KK82,"Smith Center Arpt, KS, US",United States,KS,LIFR,0,0,0
KK82,"Smith Center Arpt, KS, US",United States,KS,MVFR,0,0,0
KK83,"Sabetha Muni, KS, US",United States,KS,VFR,1890,1890,100
KK83,"Sabetha Muni, KS, US",United States,KS,IFR,0,0,0
KK83,"Sabetha Muni, KS, US",United States,KS,LIFR,0,0,0
KK83,"Sabetha Muni, KS, US",United States,KS,MVFR,0,0,0
KK88,"Iola/Allen Cnty, KS, US",United States,KS,VFR,1570,1890,83.07
KK88,"Iola/Allen Cnty, KS, US",United States,KS,MVFR,300,1890,15.87
KK88,"Iola/Allen Cnty, KS, US",United States,KS,IFR,20,1890,1.06
KK88,"Iola/Allen Cnty, KS, US",United States,KS,LIFR,0,0,0
KKLS,"Kelso/Longview Arpt, WA, US",United States,WA,VFR,1710,1890,90.48
KKLS,"Kelso/Longview Arpt, WA, US",United States,WA,MVFR,180,1890,9.52
KKLS,"Kelso/Longview Arpt, WA, US",United States,WA,IFR,0,0,0
KKLS,"Kelso/Longview Arpt, WA, US",United States,WA,LIFR,0,0,0
KL08,"Borrego Springs Arpt, CA, US",United States,CA,VFR,1890,1890,100
KL08,"Borrego Springs Arpt, CA, US",United States,CA,IFR,0,0,0
KL08,"Borrego Springs Arpt, CA, US",United States,CA,LIFR,0,0,0
KL08,"Borrego Springs Arpt, CA, US",United States,CA,MVFR,0,0,0
KL35,"Big Bear City Arpt, CA, US",United States,CA,VFR,1870,1870,100
KL35,"Big Bear City Arpt, CA, US",United States,CA,IFR,0,0,0
KL35,"Big Bear City Arpt, CA, US",United States,CA,LIFR,0,0,0
KL35,"Big Bear City Arpt, CA, US",United States,CA,MVFR,0,0,0
KLAA,"Lamar Muni, CO, US",United States,CO,VFR,1681,1890,88.94
KLAA,"Lamar Muni, CO, US",United States,CO,MVFR,209,1890,11.06
KLAA,"Lamar Muni, CO, US",United States,CO,IFR,0,0,0
KLAA,"Lamar Muni, CO, US",United States,CO,LIFR,0,0,0
KLAF,"Lafayette/Purdue Univ Arpt, IN, US",United States,IN,VFR,1890,1890,100
KLAF,"Lafayette/Purdue Univ Arpt, IN, US",United States,IN,IFR,0,0,0
KLAF,"Lafayette/Purdue Univ Arpt, IN, US",United States,IN,LIFR,0,0,0
KLAF,"Lafayette/Purdue Univ Arpt, IN, US",United States,IN,MVFR,0,0,0
KLAL,"Lakeland/Linder Intl, FL, US",United States,FL,VFR,1653,1833,90.18
KLAL,"Lakeland/Linder Intl, FL, US",United States,FL,MVFR,180,1833,9.82
KLAL,"Lakeland/Linder Intl, FL, US",United States,FL,IFR,0,0,0
KLAL,"Lakeland/Linder Intl, FL, US",United States,FL,LIFR,0,0,0
KLAM,"Los Alamos Arpt, NM, US",United States,NM,VFR,1370,1890,72.49
KLAM,"Los Alamos Arpt, NM, US",United States,NM,LIFR,400,1890,21.16
KLAM,"Los Alamos Arpt, NM, US",United States,NM,IFR,100,1890,5.29
KLAM,"Los Alamos Arpt, NM, US",United States,NM,MVFR,20,1890,1.06
KLAN,"Lansing/Capital City Arpt, MI, US",United States,MI,VFR,1890,1890,100
KLAN,"Lansing/Capital City Arpt, MI, US",United States,MI,IFR,0,0,0
KLAN,"Lansing/Capital City Arpt, MI, US",United States,MI,LIFR,0,0,0
KLAN,"Lansing/Capital City Arpt, MI, US",United States,MI,MVFR,0,0,0
KLAR,"Laramie Rgnl, WY, US",United States,WY,VFR,1890,1890,100
KLAR,"Laramie Rgnl, WY, US",United States,WY,IFR,0,0,0
KLAR,"Laramie Rgnl, WY, US",United States,WY,LIFR,0,0,0
KLAR,"Laramie Rgnl, WY, US",United States,WY,MVFR,0,0,0
KLAS,"Las Vegas/Reid Intl, NV, US",United States,NV,VFR,1890,1890,100
KLAS,"Las Vegas/Reid Intl, NV, US",United States,NV,IFR,0,0,0
KLAS,"Las Vegas/Reid Intl, NV, US",United States,NV,LIFR,0,0,0
KLAS,"Las Vegas/Reid Intl, NV, US",United States,NV,MVFR,0,0,0
KLAW,"Lawton-Fort Sill Rgnl, OK, US",United States,OK,VFR,1797,1890,95.08
KLAW,"Lawton-Fort Sill Rgnl, OK, US",United States,OK,MVFR,68,1890,3.6
KLAW,"Lawton-Fort Sill Rgnl, OK, US",United States,OK,IFR,25,1890,1.32
KLAW,"Lawton-Fort Sill Rgnl, OK, US",United States,OK,LIFR,0,0,0
KLAX,"Los Angeles Intl, CA, US",United States,CA,VFR,1540,1890,81.48
KLAX,"Los Angeles Intl, CA, US",United States,CA,MVFR,350,1890,18.52
KLAX,"Los Angeles Intl, CA, US",United States,CA,IFR,0,0,0
KLAX,"Los Angeles Intl, CA, US",United States,CA,LIFR,0,0,0
KLBB,"Lubbock Intl Arpt, TX, US",United States,TX,VFR,1520,1890,80.42
KLBB,"Lubbock Intl Arpt, TX, US",United States,TX,MVFR,370,1890,19.58
KLBB,"Lubbock Intl Arpt, TX, US",United States,TX,IFR,0,0,0
KLBB,"Lubbock Intl Arpt, TX, US",United States,TX,LIFR,0,0,0
KLBE,"Latrobe/Palmer Rgnl, PA, US",United States,PA,VFR,1628,1888,86.23
KLBE,"Latrobe/Palmer Rgnl, PA, US",United States,PA,MVFR,240,1888,12.71
KLBE,"Latrobe/Palmer Rgnl, PA, US",United States,PA,IFR,20,1888,1.06
KLBE,"Latrobe/Palmer Rgnl, PA, US",United States,PA,LIFR,0,0,0
KLBF,"N Platte/Lee Bird Fld, NE, US",United States,NE,VFR,1362,1930,70.57
KLBF,"N Platte/Lee Bird Fld, NE, US",United States,NE,IFR,269,1930,13.94
KLBF,"N Platte/Lee Bird Fld, NE, US",United States,NE,MVFR,154,1930,7.98
KLBF,"N Platte/Lee Bird Fld, NE, US",United States,NE,LIFR,145,1930,7.51
KLBL,"Liberal/Mid America Rgnl, KS, US",United States,KS,VFR,1703,1890,90.11
KLBL,"Liberal/Mid America Rgnl, KS, US",United States,KS,MVFR,187,1890,9.89
KLBL,"Liberal/Mid America Rgnl, KS, US",United States,KS,IFR,0,0,0
KLBL,"Liberal/Mid America Rgnl, KS, US",United States,KS,LIFR,0,0,0
KLBO,"Lebanon/Jones Arpt, MO, US",United States,MO,VFR,1870,1870,100
KLBO,"Lebanon/Jones Arpt, MO, US",United States,MO,IFR,0,0,0
KLBO,"Lebanon/Jones Arpt, MO, US",United States,MO,LIFR,0,0,0
KLBO,"Lebanon/Jones Arpt, MO, US",United States,MO,MVFR,0,0,0
KLBT,"Lumberton Muni, NC, US",United States,NC,VFR,1710,1890,90.48
KLBT,"Lumberton Muni, NC, US",United States,NC,LIFR,120,1890,6.35
KLBT,"Lumberton Muni, NC, US",United States,NC,MVFR,60,1890,3.17
KLBT,"Lumberton Muni, NC, US",United States,NC,IFR,0,0,0
KLBX,"Angleton/Texas Gulf Coast Rgnl, TX, US",United States,TX,VFR,1710,1862,91.84
KLBX,"Angleton/Texas Gulf Coast Rgnl, TX, US",United States,TX,MVFR,87,1862,4.67
KLBX,"Angleton/Texas Gulf Coast Rgnl, TX, US",United States,TX,IFR,43,1862,2.31
KLBX,"Angleton/Texas Gulf Coast Rgnl, TX, US",United States,TX,LIFR,22,1862,1.18
KLCG,"Wayne Muni, NE, US",United States,NE,VFR,1890,1890,100
KLCG,"Wayne Muni, NE, US",United States,NE,IFR,0,0,0
KLCG,"Wayne Muni, NE, US",United States,NE,LIFR,0,0,0
KLCG,"Wayne Muni, NE, US",United States,NE,MVFR,0,0,0
KLCH,"Lake Charles Rgnl, LA, US",United States,LA,VFR,1851,1890,97.94
KLCH,"Lake Charles Rgnl, LA, US",United States,LA,MVFR,39,1890,2.06
KLCH,"Lake Charles Rgnl, LA, US",United States,LA,IFR,0,0,0
KLCH,"Lake Charles Rgnl, LA, US",United States,LA,LIFR,0,0,0
KLCI,"Laconia Muni, NH, US",United States,NH,VFR,1845,1887,97.77
KLCI,"Laconia Muni, NH, US",United States,NH,IFR,25,1887,1.32
KLCI,"Laconia Muni, NH, US",United States,NH,MVFR,17,1887,0.9
KLCI,"Laconia Muni, NH, US",United States,NH,LIFR,0,0,0
KLCK,"Columbus/Rickenbacker Intl, OH, US",United States,OH,VFR,1890,1890,100
KLCK,"Columbus/Rickenbacker Intl, OH, US",United States,OH,IFR,0,0,0
KLCK,"Columbus/Rickenbacker Intl, OH, US",United States,OH,LIFR,0,0,0
KLCK,"Columbus/Rickenbacker Intl, OH, US",United States,OH,MVFR,0,0,0
KLCQ,"Lake City/Gateway Arpt, FL, US",United States,FL,VFR,1180,1890,62.43
KLCQ,"Lake City/Gateway Arpt, FL, US",United States,FL,LIFR,360,1890,19.05
KLCQ,"Lake City/Gateway Arpt, FL, US",United States,FL,MVFR,250,1890,13.23
KLCQ,"Lake City/Gateway Arpt, FL, US",United States,FL,IFR,100,1890,5.29
KLDJ,"Linden Arpt, NJ, US",United States,NJ,VFR,370,390,94.87
KLDJ,"Linden Arpt, NJ, US",United States,NJ,MVFR,20,390,5.13
KLDJ,"Linden Arpt, NJ, US",United States,NJ,IFR,0,0,0
KLDJ,"Linden Arpt, NJ, US",United States,NJ,LIFR,0,0,0
KLDM,"Ludington/Mason Cnty, MI, US",United States,MI,VFR,1690,1890,89.42
KLDM,"Ludington/Mason Cnty, MI, US",United States,MI,IFR,100,1890,5.29
KLDM,"Ludington/Mason Cnty, MI, US",United States,MI,LIFR,80,1890,4.23
KLDM,"Ludington/Mason Cnty, MI, US",United States,MI,MVFR,20,1890,1.06
KLEB,"Lebanon Muni, NH, US",United States,NH,VFR,1650,1866,88.42
KLEB,"Lebanon Muni, NH, US",United States,NH,MVFR,111,1866,5.95
KLEB,"Lebanon Muni, NH, US",United States,NH,IFR,65,1866,3.48
KLEB,"Lebanon Muni, NH, US",United States,NH,LIFR,40,1866,2.14
KLEE,"Leesburg Muni, FL, US",United States,FL,VFR,1562,1919,81.4
KLEE,"Leesburg Muni, FL, US",United States,FL,MVFR,194,1919,10.11
KLEE,"Leesburg Muni, FL, US",United States,FL,LIFR,118,1919,6.15
KLEE,"Leesburg Muni, FL, US",United States,FL,IFR,45,1919,2.34
KLEW,"Auburn-Lewiston Muni, ME, US",United States,ME,VFR,1745,1890,92.33
KLEW,"Auburn-Lewiston Muni, ME, US",United States,ME,MVFR,145,1890,7.67
KLEW,"Auburn-Lewiston Muni, ME, US",United States,ME,IFR,0,0,0
KLEW,"Auburn-Lewiston Muni, ME, US",United States,ME,LIFR,0,0,0
KLEX,"Lexington/Blue Grass Arpt, KY, US",United States,KY,VFR,1830,1862,98.28
KLEX,"Lexington/Blue Grass Arpt, KY, US",United States,KY,MVFR,32,1862,1.72
KLEX,"Lexington/Blue Grass Arpt, KY, US",United States,KY,IFR,0,0,0
KLEX,"Lexington/Blue Grass Arpt, KY, US",United States,KY,LIFR,0,0,0
KLFI,"Langley AFB, VA, US",United States,VA,VFR,1473,1650,89.27
KLFI,"Langley AFB, VA, US",United States,VA,MVFR,177,1650,10.73
KLFI,"Langley AFB, VA, US",United States,VA,IFR,0,0,0
KLFI,"Langley AFB, VA, US",United States,VA,LIFR,0,0,0
KLFK,"Lufkin/Angelina Cnty, TX, US",United States,TX,VFR,1890,1890,100
KLFK,"Lufkin/Angelina Cnty, TX, US",United States,TX,IFR,0,0,0
KLFK,"Lufkin/Angelina Cnty, TX, US",United States,TX,LIFR,0,0,0
KLFK,"Lufkin/Angelina Cnty, TX, US",United States,TX,MVFR,0,0,0
KLFT,"Lafayette Rgnl, LA, US",United States,LA,VFR,1890,1890,100
KLFT,"Lafayette Rgnl, LA, US",United States,LA,IFR,0,0,0
KLFT,"Lafayette Rgnl, LA, US",United States,LA,LIFR,0,0,0
KLFT,"Lafayette Rgnl, LA, US",United States,LA,MVFR,0,0,0
KLGA,"New York/La Guardia Arpt, NY, US",United States,NY,VFR,1619,1862,86.95
KLGA,"New York/La Guardia Arpt, NY, US",United States,NY,MVFR,224,1862,12.03
KLGA,"New York/La Guardia Arpt, NY, US",United States,NY,IFR,19,1862,1.02
KLGA,"New York/La Guardia Arpt, NY, US",United States,NY,LIFR,0,0,0
KLGB,"Long Beach Arpt, CA, US",United States,CA,VFR,1290,1470,87.76
KLGB,"Long Beach Arpt, CA, US",United States,CA,MVFR,180,1470,12.24
KLGB,"Long Beach Arpt, CA, US",United States,CA,IFR,0,0,0
KLGB,"Long Beach Arpt, CA, US",United States,CA,LIFR,0,0,0
KLGC,"La Grange/Callaway Arpt, GA, US",United States,GA,VFR,936,966,96.89
KLGC,"La Grange/Callaway Arpt, GA, US",United States,GA,MVFR,30,966,3.11
KLGC,"La Grange/Callaway Arpt, GA, US",United States,GA,IFR,0,0,0
KLGC,"La Grange/Callaway Arpt, GA, US",United States,GA,LIFR,0,0,0
KLGD,"La Grande/Union Cnty, OR, US",United States,OR,VFR,1890,1890,100
KLGD,"La Grande/Union Cnty, OR, US",United States,OR,IFR,0,0,0
KLGD,"La Grande/Union Cnty, OR, US",United States,OR,LIFR,0,0,0
KLGD,"La Grande/Union Cnty, OR, US",United States,OR,MVFR,0,0,0
KLGF,"Laguna, AZ, US",United States,AZ,VFR,1650,1650,100
KLGF,"Laguna, AZ, US",United States,AZ,IFR,0,0,0
KLGF,"Laguna, AZ, US",United States,AZ,LIFR,0,0,0
KLGF,"Laguna, AZ, US",United States,AZ,MVFR,0,0,0
KLGU,"Logan/Cache Arpt, UT, US",United States,UT,VFR,1877,1890,99.31
KLGU,"Logan/Cache Arpt, UT, US",United States,UT,LIFR,13,1890,0.69
KLGU,"Logan/Cache Arpt, UT, US",United States,UT,IFR,0,0,0
KLGU,"Logan/Cache Arpt, UT, US",United States,UT,MVFR,0,0,0
KLHB,"Hearne Muni, TX, US",United States,TX,VFR,1870,1890,98.94
KLHB,"Hearne Muni, TX, US",United States,TX,MVFR,20,1890,1.06
KLHB,"Hearne Muni, TX, US",United States,TX,IFR,0,0,0
KLHB,"Hearne Muni, TX, US",United States,TX,LIFR,0,0,0
KLHM,"Lincoln Rgnl, CA, US",United States,CA,VFR,1890,1890,100
KLHM,"Lincoln Rgnl, CA, US",United States,CA,IFR,0,0,0
KLHM,"Lincoln Rgnl, CA, US",United States,CA,LIFR,0,0,0
KLHM,"Lincoln Rgnl, CA, US",United States,CA,MVFR,0,0,0
KLHQ,"Lancaster/Fairfield Cnty, OH, US",United States,OH,VFR,1890,1890,100
KLHQ,"Lancaster/Fairfield Cnty, OH, US",United States,OH,IFR,0,0,0
KLHQ,"Lancaster/Fairfield Cnty, OH, US",United States,OH,LIFR,0,0,0
KLHQ,"Lancaster/Fairfield Cnty, OH, US",United States,OH,MVFR,0,0,0
KLHW,"Ft Stewart/Mid Coast Rgnl, GA, US",United States,GA,VFR,1365,1650,82.73
KLHW,"Ft Stewart/Mid Coast Rgnl, GA, US",United States,GA,MVFR,156,1650,9.45
KLHW,"Ft Stewart/Mid Coast Rgnl, GA, US",United States,GA,IFR,129,1650,7.82
KLHW,"Ft Stewart/Mid Coast Rgnl, GA, US",United States,GA,LIFR,0,0,0
KLHZ,"Louisburg/Franklin Cnty, NC, US",United States,NC,VFR,1810,1900,95.26
KLHZ,"Louisburg/Franklin Cnty, NC, US",United States,NC,MVFR,90,1900,4.74
KLHZ,"Louisburg/Franklin Cnty, NC, US",United States,NC,IFR,0,0,0
KLHZ,"Louisburg/Franklin Cnty, NC, US",United States,NC,LIFR,0,0,0
KLIC,"Limon Muni, CO, US",United States,CO,VFR,1274,1890,67.41
KLIC,"Limon Muni, CO, US",United States,CO,LIFR,296,1890,15.66
KLIC,"Limon Muni, CO, US",United States,CO,IFR,214,1890,11.32
KLIC,"Limon Muni, CO, US",United States,CO,MVFR,106,1890,5.61
KLIT,"Little Rock/Clinton Natl, AR, US",United States,AR,VFR,1710,1890,90.48
KLIT,"Little Rock/Clinton Natl, AR, US",United States,AR,MVFR,180,1890,9.52
KLIT,"Little Rock/Clinton Natl, AR, US",United States,AR,IFR,0,0,0
KLIT,"Little Rock/Clinton Natl, AR, US",United States,AR,LIFR,0,0,0
KLJF,"Litchfield Muni, MN, US",United States,MN,VFR,1890,1890,100
KLJF,"Litchfield Muni, MN, US",United States,MN,IFR,0,0,0
KLJF,"Litchfield Muni, MN, US",United States,MN,LIFR,0,0,0
KLJF,"Litchfield Muni, MN, US",United States,MN,MVFR,0,0,0
KLKP,"Lake Placid Arpt, NY, US",United States,NY,VFR,1630,1890,86.24
KLKP,"Lake Placid Arpt, NY, US",United States,NY,MVFR,260,1890,13.76
KLKP,"Lake Placid Arpt, NY, US",United States,NY,IFR,0,0,0
KLKP,"Lake Placid Arpt, NY, US",United States,NY,LIFR,0,0,0
KLKR,"Lancaster Cnty, SC, US",United States,SC,VFR,1650,1870,88.24
KLKR,"Lancaster Cnty, SC, US",United States,SC,MVFR,120,1870,6.42
KLKR,"Lancaster Cnty, SC, US",United States,SC,IFR,60,1870,3.21
KLKR,"Lancaster Cnty, SC, US",United States,SC,LIFR,40,1870,2.14
KLKU,"Louisa/Freeman Fld, VA, US",United States,VA,VFR,1890,1890,100
KLKU,"Louisa/Freeman Fld, VA, US",United States,VA,IFR,0,0,0
KLKU,"Louisa/Freeman Fld, VA, US",United States,VA,LIFR,0,0,0
KLKU,"Louisa/Freeman Fld, VA, US",United States,VA,MVFR,0,0,0
KLKV,"Lakeview/Lake Cnty, OR, US",United States,OR,VFR,1890,1890,100
KLKV,"Lakeview/Lake Cnty, OR, US",United States,OR,IFR,0,0,0
KLKV,"Lakeview/Lake Cnty, OR, US",United States,OR,LIFR,0,0,0
KLKV,"Lakeview/Lake Cnty, OR, US",United States,OR,MVFR,0,0,0
KLLJ,"Challis Arpt, ID, US",United States,ID,VFR,1890,1890,100
KLLJ,"Challis Arpt, ID, US",United States,ID,IFR,0,0,0
KLLJ,"Challis Arpt, ID, US",United States,ID,LIFR,0,0,0
KLLJ,"Challis Arpt, ID, US",United States,ID,MVFR,0,0,0
KLLN,"Levelland Muni, TX, US",United States,TX,VFR,1730,1890,91.53
KLLN,"Levelland Muni, TX, US",United States,TX,MVFR,160,1890,8.47
KLLN,"Levelland Muni, TX, US",United States,TX,IFR,0,0,0
KLLN,"Levelland Muni, TX, US",United States,TX,LIFR,0,0,0
KLLQ,"Monticello/Ellis Fld, AR, US",United States,AR,VFR,1416,1875,75.52
KLLQ,"Monticello/Ellis Fld, AR, US",United States,AR,MVFR,209,1875,11.15
KLLQ,"Monticello/Ellis Fld, AR, US",United States,AR,IFR,138,1875,7.36
KLLQ,"Monticello/Ellis Fld, AR, US",United States,AR,LIFR,112,1875,5.97
KLLR,"Little River Arpt, CA, US",United States,CA,IFR,725,1890,38.36
KLLR,"Little River Arpt, CA, US",United States,CA,MVFR,685,1890,36.24
KLLR,"Little River Arpt, CA, US",United States,CA,VFR,280,1890,14.81
KLLR,"Little River Arpt, CA, US",United States,CA,LIFR,200,1890,10.58
KLMO,"Longmont/Brand Arpt, CO, US",United States,CO,VFR,1630,1890,86.24
KLMO,"Longmont/Brand Arpt, CO, US",United States,CO,MVFR,260,1890,13.76
KLMO,"Longmont/Brand Arpt, CO, US",United States,CO,IFR,0,0,0
KLMO,"Longmont/Brand Arpt, CO, US",United States,CO,LIFR,0,0,0
KLMS,"Louisville/Winston Cnty, MS, US",United States,MS,LIFR,1395,1890,73.81
KLMS,"Louisville/Winston Cnty, MS, US",United States,MS,VFR,495,1890,26.19
KLMS,"Louisville/Winston Cnty, MS, US",United States,MS,IFR,0,0,0
KLMS,"Louisville/Winston Cnty, MS, US",United States,MS,MVFR,0,0,0
KLMT,"Klamath Falls Intl, OR, US",United States,OR,VFR,1890,1890,100
KLMT,"Klamath Falls Intl, OR, US",United States,OR,IFR,0,0,0
KLMT,"Klamath Falls Intl, OR, US",United States,OR,LIFR,0,0,0
KLMT,"Klamath Falls Intl, OR, US",United States,OR,MVFR,0,0,0
KLNA,"Lantana/Palm Beach Cnty, FL, US",United States,FL,VFR,1490,1890,78.84
KLNA,"Lantana/Palm Beach Cnty, FL, US",United States,FL,MVFR,400,1890,21.16
KLNA,"Lantana/Palm Beach Cnty, FL, US",United States,FL,IFR,0,0,0
KLNA,"Lantana/Palm Beach Cnty, FL, US",United States,FL,LIFR,0,0,0
KLNC,"Lancaster Arpt, TX, US",United States,TX,IFR,0,0,0
KLNC,"Lancaster Arpt, TX, US",United States,TX,LIFR,0,0,0
KLNC,"Lancaster Arpt, TX, US",United States,TX,MVFR,0,0,0
KLNC,"Lancaster Arpt, TX, US",United States,TX,VFR,0,0,0
KLND,"Lander/Hunt Fld, WY, US",United States,WY,VFR,1890,1890,100
KLND,"Lander/Hunt Fld, WY, US",United States,WY,IFR,0,0,0
KLND,"Lander/Hunt Fld, WY, US",United States,WY,LIFR,0,0,0
KLND,"Lander/Hunt Fld, WY, US",United States,WY,MVFR,0,0,0
KLNK,"Lincoln Arpt, NE, US",United States,NE,VFR,1890,1890,100
KLNK,"Lincoln Arpt, NE, US",United States,NE,IFR,0,0,0
KLNK,"Lincoln Arpt, NE, US",United States,NE,LIFR,0,0,0
KLNK,"Lincoln Arpt, NE, US",United States,NE,MVFR,0,0,0
KLNL,"Land OLakes Arpt, WI, US",United States,WI,VFR,1890,1890,100
KLNL,"Land OLakes Arpt, WI, US",United States,WI,IFR,0,0,0
KLNL,"Land OLakes Arpt, WI, US",United States,WI,LIFR,0,0,0
KLNL,"Land OLakes Arpt, WI, US",United States,WI,MVFR,0,0,0
KLNN,"Willoughby/Lake Cnty Exec, OH, US",United States,OH,VFR,1810,1890,95.77
KLNN,"Willoughby/Lake Cnty Exec, OH, US",United States,OH,MVFR,80,1890,4.23
KLNN,"Willoughby/Lake Cnty Exec, OH, US",United States,OH,IFR,0,0,0
KLNN,"Willoughby/Lake Cnty Exec, OH, US",United States,OH,LIFR,0,0,0
KLNP,"Wise/Lonesome Pine Arpt, VA, US",United States,VA,VFR,1190,1870,63.64
KLNP,"Wise/Lonesome Pine Arpt, VA, US",United States,VA,IFR,360,1870,19.25
KLNP,"Wise/Lonesome Pine Arpt, VA, US",United States,VA,LIFR,160,1870,8.56
KLNP,"Wise/Lonesome Pine Arpt, VA, US",United States,VA,MVFR,160,1870,8.56
KLNR,"Lone Rock/Tri Cnty Rgnl, WI, US",United States,WI,VFR,1890,1890,100
KLNR,"Lone Rock/Tri Cnty Rgnl, WI, US",United States,WI,IFR,0,0,0
KLNR,"Lone Rock/Tri Cnty Rgnl, WI, US",United States,WI,LIFR,0,0,0
KLNR,"Lone Rock/Tri Cnty Rgnl, WI, US",United States,WI,MVFR,0,0,0
KLNS,"Lancaster Arpt, PA, US",United States,PA,VFR,1806,1890,95.56
KLNS,"Lancaster Arpt, PA, US",United States,PA,MVFR,84,1890,4.44
KLNS,"Lancaster Arpt, PA, US",United States,PA,IFR,0,0,0
KLNS,"Lancaster Arpt, PA, US",United States,PA,LIFR,0,0,0
KLOL,"Lovelock/Derby Fld, NV, US",United States,NV,VFR,1890,1890,100
KLOL,"Lovelock/Derby Fld, NV, US",United States,NV,IFR,0,0,0
KLOL,"Lovelock/Derby Fld, NV, US",United States,NV,LIFR,0,0,0
KLOL,"Lovelock/Derby Fld, NV, US",United States,NV,MVFR,0,0,0
KLOM,"Philadelphia/Wings Field Arpt, PA, US",United States,PA,VFR,1730,1890,91.53
KLOM,"Philadelphia/Wings Field Arpt, PA, US",United States,PA,MVFR,160,1890,8.47
KLOM,"Philadelphia/Wings Field Arpt, PA, US",United States,PA,IFR,0,0,0
KLOM,"Philadelphia/Wings Field Arpt, PA, US",United States,PA,LIFR,0,0,0
KLOT,"Romeoville/Lewis Univ Arpt, IL, US",United States,IL,VFR,1890,1890,100
KLOT,"Romeoville/Lewis Univ Arpt, IL, US",United States,IL,IFR,0,0,0
KLOT,"Romeoville/Lewis Univ Arpt, IL, US",United States,IL,LIFR,0,0,0
KLOT,"Romeoville/Lewis Univ Arpt, IL, US",United States,IL,MVFR,0,0,0
KLOU,"Louisville/Bowman Fld, KY, US",United States,KY,VFR,1890,1890,100
KLOU,"Louisville/Bowman Fld, KY, US",United States,KY,IFR,0,0,0
KLOU,"Louisville/Bowman Fld, KY, US",United States,KY,LIFR,0,0,0
KLOU,"Louisville/Bowman Fld, KY, US",United States,KY,MVFR,0,0,0
KLOZ,"London-Corbin Arpt, KY, US",United States,KY,VFR,1379,1868,73.82
KLOZ,"London-Corbin Arpt, KY, US",United States,KY,IFR,309,1868,16.54
KLOZ,"London-Corbin Arpt, KY, US",United States,KY,MVFR,173,1868,9.26
KLOZ,"London-Corbin Arpt, KY, US",United States,KY,LIFR,7,1868,0.37
KLPC,"Lompoc Arpt, CA, US",United States,CA,VFR,1706,1877,90.89
KLPC,"Lompoc Arpt, CA, US",United States,CA,MVFR,171,1877,9.11
KLPC,"Lompoc Arpt, CA, US",United States,CA,IFR,0,0,0
KLPC,"Lompoc Arpt, CA, US",United States,CA,LIFR,0,0,0
KLPR,"Elyria/Lorain Cnty, OH, US",United States,OH,VFR,1869,1890,98.89
KLPR,"Elyria/Lorain Cnty, OH, US",United States,OH,MVFR,21,1890,1.11
KLPR,"Elyria/Lorain Cnty, OH, US",United States,OH,IFR,0,0,0
KLPR,"Elyria/Lorain Cnty, OH, US",United States,OH,LIFR,0,0,0
KLQK,"Pickens Cnty, SC, US",United States,SC,VFR,1650,1890,87.3
KLQK,"Pickens Cnty, SC, US",United States,SC,MVFR,120,1890,6.35
KLQK,"Pickens Cnty, SC, US",United States,SC,LIFR,80,1890,4.23
KLQK,"Pickens Cnty, SC, US",United States,SC,IFR,40,1890,2.12
KLRD,"Laredo Intl, TX, US",United States,TX,VFR,1795,1890,94.97
KLRD,"Laredo Intl, TX, US",United States,TX,MVFR,95,1890,5.03
KLRD,"Laredo Intl, TX, US",United States,TX,IFR,0,0,0
KLRD,"Laredo Intl, TX, US",United States,TX,LIFR,0,0,0
KLRF,"Little Rock AFB, AR, US",United States,AR,VFR,1495,1650,90.61
KLRF,"Little Rock AFB, AR, US",United States,AR,MVFR,155,1650,9.39
KLRF,"Little Rock AFB, AR, US",United States,AR,IFR,0,0,0
KLRF,"Little Rock AFB, AR, US",United States,AR,LIFR,0,0,0
KLRJ,"Le Mars Muni, IA, US",United States,IA,VFR,1890,1890,100
KLRJ,"Le Mars Muni, IA, US",United States,IA,IFR,0,0,0
KLRJ,"Le Mars Muni, IA, US",United States,IA,LIFR,0,0,0
KLRJ,"Le Mars Muni, IA, US",United States,IA,MVFR,0,0,0
KLRO,"Mt Pleasant Rgnl, SC, US",United States,SC,VFR,1150,1870,61.5
KLRO,"Mt Pleasant Rgnl, SC, US",United States,SC,MVFR,440,1870,23.53
KLRO,"Mt Pleasant Rgnl, SC, US",United States,SC,IFR,220,1870,11.76
KLRO,"Mt Pleasant Rgnl, SC, US",United States,SC,LIFR,60,1870,3.21
KLRU,"Las Cruces Intl, NM, US",United States,NM,VFR,1870,1870,100
KLRU,"Las Cruces Intl, NM, US",United States,NM,IFR,0,0,0
KLRU,"Las Cruces Intl, NM, US",United States,NM,LIFR,0,0,0
KLRU,"Las Cruces Intl, NM, US",United States,NM,MVFR,0,0,0
KLRY,"Harrisonville/Smith, MO, US",United States,MO,VFR,1910,1910,100
KLRY,"Harrisonville/Smith, MO, US",United States,MO,IFR,0,0,0
KLRY,"Harrisonville/Smith, MO, US",United States,MO,LIFR,0,0,0
KLRY,"Harrisonville/Smith, MO, US",United States,MO,MVFR,0,0,0
KLSB,"Lordsburg Muni, NM, US",United States,NM,VFR,1890,1890,100
KLSB,"Lordsburg Muni, NM, US",United States,NM,IFR,0,0,0
KLSB,"Lordsburg Muni, NM, US",United States,NM,LIFR,0,0,0
KLSB,"Lordsburg Muni, NM, US",United States,NM,MVFR,0,0,0
KLSE,"La Crosse Muni, WI, US",United States,WI,VFR,1890,1890,100
KLSE,"La Crosse Muni, WI, US",United States,WI,IFR,0,0,0
KLSE,"La Crosse Muni, WI, US",United States,WI,LIFR,0,0,0
KLSE,"La Crosse Muni, WI, US",United States,WI,MVFR,0,0,0
KLSF,"Fort Benning/Lawson AAF, GA, US",United States,GA,MVFR,1059,1775,59.66
KLSF,"Fort Benning/Lawson AAF, GA, US",United States,GA,VFR,572,1775,32.23
KLSF,"Fort Benning/Lawson AAF, GA, US",United States,GA,IFR,144,1775,8.11
KLSF,"Fort Benning/Lawson AAF, GA, US",United States,GA,LIFR,0,0,0
KLSV,"Nellis AFB, NV, US",United States,NV,VFR,1650,1650,100
KLSV,"Nellis AFB, NV, US",United States,NV,IFR,0,0,0
KLSV,"Nellis AFB, NV, US",United States,NV,LIFR,0,0,0
KLSV,"Nellis AFB, NV, US",United States,NV,MVFR,0,0,0
KLTS,"Altus AFB, OK, US",United States,OK,VFR,1650,1650,100
KLTS,"Altus AFB, OK, US",United States,OK,IFR,0,0,0
KLTS,"Altus AFB, OK, US",United States,OK,LIFR,0,0,0
KLTS,"Altus AFB, OK, US",United States,OK,MVFR,0,0,0
KLUD,"Decatur Muni, TX, US",United States,TX,VFR,1730,1890,91.53
KLUD,"Decatur Muni, TX, US",United States,TX,MVFR,140,1890,7.41
KLUD,"Decatur Muni, TX, US",United States,TX,IFR,20,1890,1.06
KLUD,"Decatur Muni, TX, US",United States,TX,LIFR,0,0,0
KLUF,"Phoenix/Luke AFB, AZ, US",United States,AZ,VFR,1230,1230,100
KLUF,"Phoenix/Luke AFB, AZ, US",United States,AZ,IFR,0,0,0
KLUF,"Phoenix/Luke AFB, AZ, US",United States,AZ,LIFR,0,0,0
KLUF,"Phoenix/Luke AFB, AZ, US",United States,AZ,MVFR,0,0,0
KLUG,"Lewisburg/Ellington Arpt, TN, US",United States,TN,VFR,1310,1890,69.31
KLUG,"Lewisburg/Ellington Arpt, TN, US",United States,TN,MVFR,400,1890,21.16
KLUG,"Lewisburg/Ellington Arpt, TN, US",United States,TN,IFR,180,1890,9.52
KLUG,"Lewisburg/Ellington Arpt, TN, US",United States,TN,LIFR,0,0,0
KLUK,"Cincinnati/Lunken Fld, OH, US",United States,OH,VFR,1731,1890,91.59
KLUK,"Cincinnati/Lunken Fld, OH, US",United States,OH,MVFR,106,1890,5.61
KLUK,"Cincinnati/Lunken Fld, OH, US",United States,OH,LIFR,42,1890,2.22
KLUK,"Cincinnati/Lunken Fld, OH, US",United States,OH,IFR,11,1890,0.58
KLUL,"Laurel/Hesler-Noble Fld, MS, US",United States,MS,VFR,1490,1890,78.84
KLUL,"Laurel/Hesler-Noble Fld, MS, US",United States,MS,LIFR,240,1890,12.7
KLUL,"Laurel/Hesler-Noble Fld, MS, US",United States,MS,MVFR,120,1890,6.35
KLUL,"Laurel/Hesler-Noble Fld, MS, US",United States,MS,IFR,40,1890,2.12
KLUM,"Menomenie Muni, WI, US",United States,WI,VFR,1890,1890,100
KLUM,"Menomenie Muni, WI, US",United States,WI,IFR,0,0,0
KLUM,"Menomenie Muni, WI, US",United States,WI,LIFR,0,0,0
KLUM,"Menomenie Muni, WI, US",United States,WI,MVFR,0,0,0
KLUX,"Laurens Cnty, SC, US",United States,SC,VFR,1610,1850,87.03
KLUX,"Laurens Cnty, SC, US",United States,SC,LIFR,120,1850,6.49
KLUX,"Laurens Cnty, SC, US",United States,SC,MVFR,80,1850,4.32
KLUX,"Laurens Cnty, SC, US",United States,SC,IFR,40,1850,2.16
KLVJ,"Houston/Pearland Rgnl, TX, US",United States,TX,VFR,1890,1890,100
KLVJ,"Houston/Pearland Rgnl, TX, US",United States,TX,IFR,0,0,0
KLVJ,"Houston/Pearland Rgnl, TX, US",United States,TX,LIFR,0,0,0
KLVJ,"Houston/Pearland Rgnl, TX, US",United States,TX,MVFR,0,0,0
KLVK,"Livermore Muni, CA, US",United States,CA,VFR,1452,1890,76.83
KLVK,"Livermore Muni, CA, US",United States,CA,MVFR,389,1890,20.58
KLVK,"Livermore Muni, CA, US",United States,CA,IFR,49,1890,2.59
KLVK,"Livermore Muni, CA, US",United States,CA,LIFR,0,0,0
KLVL,"Lawrenceville Muni, VA, US",United States,VA,VFR,1710,1870,91.44
KLVL,"Lawrenceville Muni, VA, US",United States,VA,MVFR,160,1870,8.56
KLVL,"Lawrenceville Muni, VA, US",United States,VA,IFR,0,0,0
KLVL,"Lawrenceville Muni, VA, US",United States,VA,LIFR,0,0,0
KLVM,"Livingston/Mission Fld, MT, US",United States,MT,VFR,1890,1890,100
KLVM,"Livingston/Mission Fld, MT, US",United States,MT,IFR,0,0,0
KLVM,"Livingston/Mission Fld, MT, US",United States,MT,LIFR,0,0,0
KLVM,"Livingston/Mission Fld, MT, US",United States,MT,MVFR,0,0,0
KLVN,"Lakeville/Airlake Arpt, MN, US",United States,MN,VFR,1830,1830,100
KLVN,"Lakeville/Airlake Arpt, MN, US",United States,MN,IFR,0,0,0
KLVN,"Lakeville/Airlake Arpt, MN, US",United States,MN,LIFR,0,0,0
KLVN,"Lakeville/Airlake Arpt, MN, US",United States,MN,MVFR,0,0,0
KLVS,"Las Vegas Muni, NM, US",United States,NM,VFR,1419,1890,75.08
KLVS,"Las Vegas Muni, NM, US",United States,NM,MVFR,208,1890,11.01
KLVS,"Las Vegas Muni, NM, US",United States,NM,LIFR,165,1890,8.73
KLVS,"Las Vegas Muni, NM, US",United States,NM,IFR,98,1890,5.19
KLWA,"South Haven Rgnl, MI, US",United States,MI,VFR,1890,1890,100
KLWA,"South Haven Rgnl, MI, US",United States,MI,IFR,0,0,0
KLWA,"South Haven Rgnl, MI, US",United States,MI,LIFR,0,0,0
KLWA,"South Haven Rgnl, MI, US",United States,MI,MVFR,0,0,0
KLWB,"Lewisburg/Greenbrier Valley Arpt, WV, US",United States,WV,VFR,954,1104,86.41
KLWB,"Lewisburg/Greenbrier Valley Arpt, WV, US",United States,WV,MVFR,80,1104,7.25
KLWB,"Lewisburg/Greenbrier Valley Arpt, WV, US",United States,WV,LIFR,70,1104,6.34
KLWB,"Lewisburg/Greenbrier Valley Arpt, WV, US",United States,WV,IFR,0,0,0
KLWC,"Lawrence Muni, KS, US",United States,KS,VFR,1713,1890,90.63
KLWC,"Lawrence Muni, KS, US",United States,KS,MVFR,177,1890,9.37
KLWC,"Lawrence Muni, KS, US",United States,KS,IFR,0,0,0
KLWC,"Lawrence Muni, KS, US",United States,KS,LIFR,0,0,0
KLWM,"Lawrence Muni, MA, US",United States,MA,VFR,1470,1582,92.92
KLWM,"Lawrence Muni, MA, US",United States,MA,MVFR,89,1582,5.63
KLWM,"Lawrence Muni, MA, US",United States,MA,IFR,23,1582,1.45
KLWM,"Lawrence Muni, MA, US",United States,MA,LIFR,0,0,0
KLWS,"Lewiston/Nez Perce Cnty, ID, US",United States,ID,VFR,1890,1890,100
KLWS,"Lewiston/Nez Perce Cnty, ID, US",United States,ID,IFR,0,0,0
KLWS,"Lewiston/Nez Perce Cnty, ID, US",United States,ID,LIFR,0,0,0
KLWS,"Lewiston/Nez Perce Cnty, ID, US",United States,ID,MVFR,0,0,0
KLWT,"Lewistown Muni, MT, US",United States,MT,VFR,1890,1890,100
KLWT,"Lewistown Muni, MT, US",United States,MT,IFR,0,0,0
KLWT,"Lewistown Muni, MT, US",United States,MT,LIFR,0,0,0
KLWT,"Lewistown Muni, MT, US",United States,MT,MVFR,0,0,0
KLWV,"Lawrenceville-Vincennes Intl, IL, US",United States,IL,VFR,1890,1890,100
KLWV,"Lawrenceville-Vincennes Intl, IL, US",United States,IL,IFR,0,0,0
KLWV,"Lawrenceville-Vincennes Intl, IL, US",United States,IL,LIFR,0,0,0
KLWV,"Lawrenceville-Vincennes Intl, IL, US",United States,IL,MVFR,0,0,0
KLXL,"Little Falls/Morrison Cnty, MN, US",United States,MN,VFR,1890,1890,100
KLXL,"Little Falls/Morrison Cnty, MN, US",United States,MN,IFR,0,0,0
KLXL,"Little Falls/Morrison Cnty, MN, US",United States,MN,LIFR,0,0,0
KLXL,"Little Falls/Morrison Cnty, MN, US",United States,MN,MVFR,0,0,0
KLXN,"Lexington/Kelly Fld, NE, US",United States,NE,VFR,1580,1890,83.6
KLXN,"Lexington/Kelly Fld, NE, US",United States,NE,IFR,220,1890,11.64
KLXN,"Lexington/Kelly Fld, NE, US",United States,NE,MVFR,90,1890,4.76
KLXN,"Lexington/Kelly Fld, NE, US",United States,NE,LIFR,0,0,0
KLXT,"Lee's Summit Muni, MO, US",United States,MO,VFR,1890,1890,100
KLXT,"Lee's Summit Muni, MO, US",United States,MO,IFR,0,0,0
KLXT,"Lee's Summit Muni, MO, US",United States,MO,LIFR,0,0,0
KLXT,"Lee's Summit Muni, MO, US",United States,MO,MVFR,0,0,0
KLXV,"Leadville/Lake Cnty, CO, US",United States,CO,VFR,1729,1873,92.31
KLXV,"Leadville/Lake Cnty, CO, US",United States,CO,LIFR,115,1873,6.14
KLXV,"Leadville/Lake Cnty, CO, US",United States,CO,IFR,29,1873,1.55
KLXV,"Leadville/Lake Cnty, CO, US",United States,CO,MVFR,0,0,0
KLYH,"Lynchburg/Glenn Fld, VA, US",United States,VA,VFR,1890,1890,100
KLYH,"Lynchburg/Glenn Fld, VA, US",United States,VA,IFR,0,0,0
KLYH,"Lynchburg/Glenn Fld, VA, US",United States,VA,LIFR,0,0,0
KLYH,"Lynchburg/Glenn Fld, VA, US",United States,VA,MVFR,0,0,0
KLYO,"Lyons/Rice Cnty, KS, US",United States,KS,VFR,1810,1890,95.77
KLYO,"Lyons/Rice Cnty, KS, US",United States,KS,MVFR,80,1890,4.23
KLYO,"Lyons/Rice Cnty, KS, US",United States,KS,IFR,0,0,0
KLYO,"Lyons/Rice Cnty, KS, US",United States,KS,LIFR,0,0,0
KLZU,"Lawrenceville/Gwinnett Cnty, GA, US",United States,GA,VFR,1546,1811,85.37
KLZU,"Lawrenceville/Gwinnett Cnty, GA, US",United States,GA,MVFR,265,1811,14.63
KLZU,"Lawrenceville/Gwinnett Cnty, GA, US",United States,GA,IFR,0,0,0
KLZU,"Lawrenceville/Gwinnett Cnty, GA, US",United States,GA,LIFR,0,0,0
KLZZ,"Lampasas Arpt, TX, US",United States,TX,VFR,70,70,100
KLZZ,"Lampasas Arpt, TX, US",United States,TX,IFR,0,0,0
KLZZ,"Lampasas Arpt, TX, US",United States,TX,LIFR,0,0,0
KLZZ,"Lampasas Arpt, TX, US",United States,TX,MVFR,0,0,0
KM02,"Dickson Muni, TN, US",United States,TN,VFR,1140,1580,72.15
KM02,"Dickson Muni, TN, US",United States,TN,MVFR,260,1580,16.46
KM02,"Dickson Muni, TN, US",United States,TN,IFR,180,1580,11.39
KM02,"Dickson Muni, TN, US",United States,TN,LIFR,0,0,0
KM04,"Covington Muni, TN, US",United States,TN,VFR,1840,1870,98.4
KM04,"Covington Muni, TN, US",United States,TN,MVFR,30,1870,1.6
KM04,"Covington Muni, TN, US",United States,TN,IFR,0,0,0
KM04,"Covington Muni, TN, US",United States,TN,LIFR,0,0,0
KM19,"Newport Muni, AR, US",United States,AR,VFR,1770,1890,93.65
KM19,"Newport Muni, AR, US",United States,AR,MVFR,120,1890,6.35
KM19,"Newport Muni, AR, US",United States,AR,IFR,0,0,0
KM19,"Newport Muni, AR, US",United States,AR,LIFR,0,0,0
KM21,"Greenville/Muhlenberg Cnty, KY, US",United States,KY,VFR,1770,1870,94.65
KM21,"Greenville/Muhlenberg Cnty, KY, US",United States,KY,MVFR,100,1870,5.35
KM21,"Greenville/Muhlenberg Cnty, KY, US",United States,KY,IFR,0,0,0
KM21,"Greenville/Muhlenberg Cnty, KY, US",United States,KY,LIFR,0,0,0
KM25,"Mayfield/Grave Cnty, KY, US",United States,KY,VFR,1890,1890,100
KM25,"Mayfield/Grave Cnty, KY, US",United States,KY,IFR,0,0,0
KM25,"Mayfield/Grave Cnty, KY, US",United States,KY,LIFR,0,0,0
KM25,"Mayfield/Grave Cnty, KY, US",United States,KY,MVFR,0,0,0
KM30,"Metropolis Muni, IL, US",United States,IL,VFR,1850,1890,97.88
KM30,"Metropolis Muni, IL, US",United States,IL,MVFR,40,1890,2.12
KM30,"Metropolis Muni, IL, US",United States,IL,IFR,0,0,0
KM30,"Metropolis Muni, IL, US",United States,IL,LIFR,0,0,0
KM40,"Aberdeen/Monroe Cnty, MS, US",United States,MS,VFR,1170,1890,61.9
KM40,"Aberdeen/Monroe Cnty, MS, US",United States,MS,MVFR,440,1890,23.28
KM40,"Aberdeen/Monroe Cnty, MS, US",United States,MS,IFR,140,1890,7.41
KM40,"Aberdeen/Monroe Cnty, MS, US",United States,MS,LIFR,140,1890,7.41
KM54,"Lebanon Muni, TN, US",United States,TN,VFR,1430,1890,75.66
KM54,"Lebanon Muni, TN, US",United States,TN,MVFR,460,1890,24.34
KM54,"Lebanon Muni, TN, US",United States,TN,IFR,0,0,0
KM54,"Lebanon Muni, TN, US",United States,TN,LIFR,0,0,0
KM75,"Malta Arpt, MT, US",United States,MT,VFR,1885,1885,100
KM75,"Malta Arpt, MT, US",United States,MT,IFR,0,0,0
KM75,"Malta Arpt, MT, US",United States,MT,LIFR,0,0,0
KM75,"Malta Arpt, MT, US",United States,MT,MVFR,0,0,0
KM91,"Springfield/Robertson Cnty, TN, US",United States,TN,VFR,1510,1890,79.89
KM91,"Springfield/Robertson Cnty, TN, US",United States,TN,MVFR,380,1890,20.11
KM91,"Springfield/Robertson Cnty, TN, US",United States,TN,IFR,0,0,0
KM91,"Springfield/Robertson Cnty, TN, US",United States,TN,LIFR,0,0,0
KMAE,"Madera Muni, CA, US",United States,CA,VFR,1822,1890,96.4
KMAE,"Madera Muni, CA, US",United States,CA,MVFR,60,1890,3.17
KMAE,"Madera Muni, CA, US",United States,CA,IFR,8,1890,0.42
KMAE,"Madera Muni, CA, US",United States,CA,LIFR,0,0,0
KMAF,"Midland Intl, TX, US",United States,TX,VFR,1830,1830,100
KMAF,"Midland Intl, TX, US",United States,TX,IFR,0,0,0
KMAF,"Midland Intl, TX, US",United States,TX,LIFR,0,0,0
KMAF,"Midland Intl, TX, US",United States,TX,MVFR,0,0,0
KMAI,"Marianna Muni, FL, US",United States,FL,VFR,1856,1898,97.79
KMAI,"Marianna Muni, FL, US",United States,FL,MVFR,42,1898,2.21
KMAI,"Marianna Muni, FL, US",United States,FL,IFR,0,0,0
KMAI,"Marianna Muni, FL, US",United States,FL,LIFR,0,0,0
KMAO,"Marion Cnty Arpt, SC, US",United States,SC,VFR,1595,1850,86.22
KMAO,"Marion Cnty Arpt, SC, US",United States,SC,MVFR,215,1850,11.62
KMAO,"Marion Cnty Arpt, SC, US",United States,SC,LIFR,40,1850,2.16
KMAO,"Marion Cnty Arpt, SC, US",United States,SC,IFR,0,0,0
KMAW,"Malden Rgnl, MO, US",United States,MO,VFR,1890,1890,100
KMAW,"Malden Rgnl, MO, US",United States,MO,IFR,0,0,0
KMAW,"Malden Rgnl, MO, US",United States,MO,LIFR,0,0,0
KMAW,"Malden Rgnl, MO, US",United States,MO,MVFR,0,0,0
KMBG,"Mobridge Muni, SD, US",United States,SD,VFR,1890,1890,100
KMBG,"Mobridge Muni, SD, US",United States,SD,IFR,0,0,0
KMBG,"Mobridge Muni, SD, US",United States,SD,LIFR,0,0,0
KMBG,"Mobridge Muni, SD, US",United States,SD,MVFR,0,0,0
KMBL,"Manistee/Blacker Arpt, MI, US",United States,MI,VFR,1766,1890,93.44
KMBL,"Manistee/Blacker Arpt, MI, US",United States,MI,MVFR,102,1890,5.4
KMBL,"Manistee/Blacker Arpt, MI, US",United States,MI,IFR,22,1890,1.16
KMBL,"Manistee/Blacker Arpt, MI, US",United States,MI,LIFR,0,0,0
KMBO,"Madison/Campbell Fld, MS, US",United States,MS,VFR,690,690,100
KMBO,"Madison/Campbell Fld, MS, US",United States,MS,IFR,0,0,0
KMBO,"Madison/Campbell Fld, MS, US",United States,MS,LIFR,0,0,0
KMBO,"Madison/Campbell Fld, MS, US",United States,MS,MVFR,0,0,0
KMBS,"Saginaw Intl, MI, US",United States,MI,VFR,1890,1890,100
KMBS,"Saginaw Intl, MI, US",United States,MI,IFR,0,0,0
KMBS,"Saginaw Intl, MI, US",United States,MI,LIFR,0,0,0
KMBS,"Saginaw Intl, MI, US",United States,MI,MVFR,0,0,0
KMBT,"Murfreesboro Muni, TN, US",United States,TN,VFR,1370,1890,72.49
KMBT,"Murfreesboro Muni, TN, US",United States,TN,MVFR,400,1890,21.16
KMBT,"Murfreesboro Muni, TN, US",United States,TN,IFR,120,1890,6.35
KMBT,"Murfreesboro Muni, TN, US",United States,TN,LIFR,0,0,0
KMBY,"Moberly/Bradley Arpt, MO, US",United States,MO,VFR,1790,1890,94.71
KMBY,"Moberly/Bradley Arpt, MO, US",United States,MO,IFR,60,1890,3.17
KMBY,"Moberly/Bradley Arpt, MO, US",United States,MO,MVFR,40,1890,2.12
KMBY,"Moberly/Bradley Arpt, MO, US",United States,MO,LIFR,0,0,0
KMCB,"McComb/Lewis Fld, MS, US",United States,MS,VFR,1890,1890,100
KMCB,"McComb/Lewis Fld, MS, US",United States,MS,IFR,0,0,0
KMCB,"McComb/Lewis Fld, MS, US",United States,MS,LIFR,0,0,0
KMCB,"McComb/Lewis Fld, MS, US",United States,MS,MVFR,0,0,0
KMCC,"McClellan AFB, CA, US",United States,CA,VFR,1885,1885,100
KMCC,"McClellan AFB, CA, US",United States,CA,IFR,0,0,0
KMCC,"McClellan AFB, CA, US",United States,CA,LIFR,0,0,0
KMCC,"McClellan AFB, CA, US",United States,CA,MVFR,0,0,0
KMCD,"Mackinac Isl Arpt, MI, US",United States,MI,VFR,1848,1889,97.83
KMCD,"Mackinac Isl Arpt, MI, US",United States,MI,MVFR,41,1889,2.17
KMCD,"Mackinac Isl Arpt, MI, US",United States,MI,IFR,0,0,0
KMCD,"Mackinac Isl Arpt, MI, US",United States,MI,LIFR,0,0,0
KMCE,"Merced/Macready Fld, CA, US",United States,CA,VFR,1890,1890,100
KMCE,"Merced/Macready Fld, CA, US",United States,CA,IFR,0,0,0
KMCE,"Merced/Macready Fld, CA, US",United States,CA,LIFR,0,0,0
KMCE,"Merced/Macready Fld, CA, US",United States,CA,MVFR,0,0,0
KMCF,"Tampa/MacDill AFB, FL, US",United States,FL,VFR,1650,1650,100
KMCF,"Tampa/MacDill AFB, FL, US",United States,FL,IFR,0,0,0
KMCF,"Tampa/MacDill AFB, FL, US",United States,FL,LIFR,0,0,0
KMCF,"Tampa/MacDill AFB, FL, US",United States,FL,MVFR,0,0,0
KMCI,"Kansas City Intl, MO, US",United States,MO,VFR,1750,1890,92.59
KMCI,"Kansas City Intl, MO, US",United States,MO,MVFR,140,1890,7.41
KMCI,"Kansas City Intl, MO, US",United States,MO,IFR,0,0,0
KMCI,"Kansas City Intl, MO, US",United States,MO,LIFR,0,0,0
KMCK,"McCook Muni, NE, US",United States,NE,VFR,1440,1903,75.67
KMCK,"McCook Muni, NE, US",United States,NE,LIFR,226,1903,11.88
KMCK,"McCook Muni, NE, US",United States,NE,IFR,180,1903,9.46
KMCK,"McCook Muni, NE, US",United States,NE,MVFR,57,1903,3
KMCN,"Macon/Middle Georgia Rgnl, GA, US",United States,GA,VFR,710,1172,60.58
KMCN,"Macon/Middle Georgia Rgnl, GA, US",United States,GA,MVFR,335,1172,28.58
KMCN,"Macon/Middle Georgia Rgnl, GA, US",United States,GA,LIFR,127,1172,10.84
KMCN,"Macon/Middle Georgia Rgnl, GA, US",United States,GA,IFR,0,0,0
KMCO,"Orlando Intl, FL, US",United States,FL,VFR,1844,1906,96.75
KMCO,"Orlando Intl, FL, US",United States,FL,MVFR,50,1906,2.62
KMCO,"Orlando Intl, FL, US",United States,FL,IFR,12,1906,0.63
KMCO,"Orlando Intl, FL, US",United States,FL,LIFR,0,0,0
KMCW,"Mason City Muni, IA, US",United States,IA,VFR,1890,1890,100
KMCW,"Mason City Muni, IA, US",United States,IA,IFR,0,0,0
KMCW,"Mason City Muni, IA, US",United States,IA,LIFR,0,0,0
KMCW,"Mason City Muni, IA, US",United States,IA,MVFR,0,0,0
KMCX,"Monticello/White Cnty, IN, US",United States,IN,VFR,1910,1910,100
KMCX,"Monticello/White Cnty, IN, US",United States,IN,IFR,0,0,0
KMCX,"Monticello/White Cnty, IN, US",United States,IN,LIFR,0,0,0
KMCX,"Monticello/White Cnty, IN, US",United States,IN,MVFR,0,0,0
KMCZ,"Williamston/Martin Cnty, NC, US",United States,NC,VFR,1830,1900,96.32
KMCZ,"Williamston/Martin Cnty, NC, US",United States,NC,MVFR,70,1900,3.68
KMCZ,"Williamston/Martin Cnty, NC, US",United States,NC,IFR,0,0,0
KMCZ,"Williamston/Martin Cnty, NC, US",United States,NC,LIFR,0,0,0
KMDD,"Midland Airpark, TX, US",United States,TX,VFR,1890,1890,100
KMDD,"Midland Airpark, TX, US",United States,TX,IFR,0,0,0
KMDD,"Midland Airpark, TX, US",United States,TX,LIFR,0,0,0
KMDD,"Midland Airpark, TX, US",United States,TX,MVFR,0,0,0
KMDH,"Murphysboro/S Illinois Arpt, IL, US",United States,IL,VFR,1724,1890,91.22
KMDH,"Murphysboro/S Illinois Arpt, IL, US",United States,IL,LIFR,90,1890,4.76
KMDH,"Murphysboro/S Illinois Arpt, IL, US",United States,IL,MVFR,50,1890,2.65
KMDH,"Murphysboro/S Illinois Arpt, IL, US",United States,IL,IFR,26,1890,1.38
KMDQ,"Huntsville/Sharp Fld, AL, US",United States,AL,VFR,1330,1890,70.37
KMDQ,"Huntsville/Sharp Fld, AL, US",United States,AL,MVFR,300,1890,15.87
KMDQ,"Huntsville/Sharp Fld, AL, US",United States,AL,IFR,160,1890,8.47
KMDQ,"Huntsville/Sharp Fld, AL, US",United States,AL,LIFR,100,1890,5.29
KMDS,"Madison Muni, SD, US",United States,SD,VFR,1870,1870,100
KMDS,"Madison Muni, SD, US",United States,SD,IFR,0,0,0
KMDS,"Madison Muni, SD, US",United States,SD,LIFR,0,0,0
KMDS,"Madison Muni, SD, US",United States,SD,MVFR,0,0,0
KMDT,"Harrisburg Intl, PA, US",United States,PA,VFR,1819,1890,96.24
KMDT,"Harrisburg Intl, PA, US",United States,PA,MVFR,71,1890,3.76
KMDT,"Harrisburg Intl, PA, US",United States,PA,IFR,0,0,0
KMDT,"Harrisburg Intl, PA, US",United States,PA,LIFR,0,0,0
KMDW,"Chicago/Midway Intl, IL, US",United States,IL,VFR,1890,1890,100
KMDW,"Chicago/Midway Intl, IL, US",United States,IL,IFR,0,0,0
KMDW,"Chicago/Midway Intl, IL, US",United States,IL,LIFR,0,0,0
KMDW,"Chicago/Midway Intl, IL, US",United States,IL,MVFR,0,0,0
KMDZ,"Medford/Taylor Cnty, WI, US",United States,WI,VFR,1890,1890,100
KMDZ,"Medford/Taylor Cnty, WI, US",United States,WI,IFR,0,0,0
KMDZ,"Medford/Taylor Cnty, WI, US",United States,WI,LIFR,0,0,0
KMDZ,"Medford/Taylor Cnty, WI, US",United States,WI,MVFR,0,0,0
KMEB,"Laurinberg/Maxton Arpt, NC, US",United States,NC,VFR,1681,1863,90.23
KMEB,"Laurinberg/Maxton Arpt, NC, US",United States,NC,LIFR,93,1863,4.99
KMEB,"Laurinberg/Maxton Arpt, NC, US",United States,NC,MVFR,77,1863,4.13
KMEB,"Laurinberg/Maxton Arpt, NC, US",United States,NC,IFR,12,1863,0.64
KMEI,"Meridian/Key Fld, MS, US",United States,MS,VFR,1410,1710,82.46
KMEI,"Meridian/Key Fld, MS, US",United States,MS,MVFR,161,1710,9.42
KMEI,"Meridian/Key Fld, MS, US",United States,MS,IFR,139,1710,8.13
KMEI,"Meridian/Key Fld, MS, US",United States,MS,LIFR,0,0,0
KMEM,"Memphis Intl, TN, US",United States,TN,VFR,1551,1890,82.06
KMEM,"Memphis Intl, TN, US",United States,TN,MVFR,339,1890,17.94
KMEM,"Memphis Intl, TN, US",United States,TN,IFR,0,0,0
KMEM,"Memphis Intl, TN, US",United States,TN,LIFR,0,0,0
KMEV,"Minden-Tahoe Arpt, NV, US",United States,NV,VFR,1900,1900,100
KMEV,"Minden-Tahoe Arpt, NV, US",United States,NV,IFR,0,0,0
KMEV,"Minden-Tahoe Arpt, NV, US",United States,NV,LIFR,0,0,0
KMEV,"Minden-Tahoe Arpt, NV, US",United States,NV,MVFR,0,0,0
KMEZ,"Mena Intermountain Muni, AR, US",United States,AR,VFR,1070,1870,57.22
KMEZ,"Mena Intermountain Muni, AR, US",United States,AR,MVFR,680,1870,36.36
KMEZ,"Mena Intermountain Muni, AR, US",United States,AR,IFR,80,1870,4.28
KMEZ,"Mena Intermountain Muni, AR, US",United States,AR,LIFR,40,1870,2.14
KMFD,"Mansfield/Lahm Rgnl, OH, US",United States,OH,VFR,1890,1890,100
KMFD,"Mansfield/Lahm Rgnl, OH, US",United States,OH,IFR,0,0,0
KMFD,"Mansfield/Lahm Rgnl, OH, US",United States,OH,LIFR,0,0,0
KMFD,"Mansfield/Lahm Rgnl, OH, US",United States,OH,MVFR,0,0,0
KMFE,"McAllen/Miller Intl, TX, US",United States,TX,VFR,1764,1890,93.33
KMFE,"McAllen/Miller Intl, TX, US",United States,TX,MVFR,107,1890,5.66
KMFE,"McAllen/Miller Intl, TX, US",United States,TX,IFR,19,1890,1.01
KMFE,"McAllen/Miller Intl, TX, US",United States,TX,LIFR,0,0,0
KMFI,"Marshfield Muni, WI, US",United States,WI,VFR,1590,1590,100
KMFI,"Marshfield Muni, WI, US",United States,WI,IFR,0,0,0
KMFI,"Marshfield Muni, WI, US",United States,WI,LIFR,0,0,0
KMFI,"Marshfield Muni, WI, US",United States,WI,MVFR,0,0,0
KMFR,"Medford/Rogue Valley Intl, OR, US",United States,OR,VFR,1890,1890,100
KMFR,"Medford/Rogue Valley Intl, OR, US",United States,OR,IFR,0,0,0
KMFR,"Medford/Rogue Valley Intl, OR, US",United States,OR,LIFR,0,0,0
KMFR,"Medford/Rogue Valley Intl, OR, US",United States,OR,MVFR,0,0,0
KMFV,"Melfa/Accomack Cnty, VA, US",United States,VA,VFR,1470,1890,77.78
KMFV,"Melfa/Accomack Cnty, VA, US",United States,VA,MVFR,420,1890,22.22
KMFV,"Melfa/Accomack Cnty, VA, US",United States,VA,IFR,0,0,0
KMFV,"Melfa/Accomack Cnty, VA, US",United States,VA,LIFR,0,0,0
KMGC,"Michigan City Muni, IN, US",United States,IN,VFR,1870,1870,100
KMGC,"Michigan City Muni, IN, US",United States,IN,IFR,0,0,0
KMGC,"Michigan City Muni, IN, US",United States,IN,LIFR,0,0,0
KMGC,"Michigan City Muni, IN, US",United States,IN,MVFR,0,0,0
KMGE,"Marietta/Dobbins AFB, GA, US",United States,GA,VFR,1269,1650,76.91
KMGE,"Marietta/Dobbins AFB, GA, US",United States,GA,MVFR,299,1650,18.12
KMGE,"Marietta/Dobbins AFB, GA, US",United States,GA,IFR,82,1650,4.97
KMGE,"Marietta/Dobbins AFB, GA, US",United States,GA,LIFR,0,0,0
KMGG,"Maple Lake Muni, MN, US",United States,MN,VFR,1890,1890,100
KMGG,"Maple Lake Muni, MN, US",United States,MN,IFR,0,0,0
KMGG,"Maple Lake Muni, MN, US",United States,MN,LIFR,0,0,0
KMGG,"Maple Lake Muni, MN, US",United States,MN,MVFR,0,0,0
KMGJ,"Montgomery/Orange Cnty, NY, US",United States,NY,VFR,1745,1890,92.33
KMGJ,"Montgomery/Orange Cnty, NY, US",United States,NY,MVFR,145,1890,7.67
KMGJ,"Montgomery/Orange Cnty, NY, US",United States,NY,IFR,0,0,0
KMGJ,"Montgomery/Orange Cnty, NY, US",United States,NY,LIFR,0,0,0
KMGM,"Montgomery Rgnl, AL, US",United States,AL,VFR,1668,1871,89.15
KMGM,"Montgomery Rgnl, AL, US",United States,AL,MVFR,203,1871,10.85
KMGM,"Montgomery Rgnl, AL, US",United States,AL,IFR,0,0,0
KMGM,"Montgomery Rgnl, AL, US",United States,AL,LIFR,0,0,0
KMGN,"Harbor Springs Arpt, MI, US",United States,MI,VFR,1890,1890,100
KMGN,"Harbor Springs Arpt, MI, US",United States,MI,IFR,0,0,0
KMGN,"Harbor Springs Arpt, MI, US",United States,MI,LIFR,0,0,0
KMGN,"Harbor Springs Arpt, MI, US",United States,MI,MVFR,0,0,0
KMGR,"Moultrie Muni, GA, US",United States,GA,VFR,1380,1870,73.8
KMGR,"Moultrie Muni, GA, US",United States,GA,MVFR,270,1870,14.44
KMGR,"Moultrie Muni, GA, US",United States,GA,LIFR,200,1870,10.7
KMGR,"Moultrie Muni, GA, US",United States,GA,IFR,20,1870,1.07
KMGW,"Morgantown Muni, WV, US",United States,WV,VFR,1564,1887,82.88
KMGW,"Morgantown Muni, WV, US",United States,WV,MVFR,143,1887,7.58
KMGW,"Morgantown Muni, WV, US",United States,WV,LIFR,120,1887,6.36
KMGW,"Morgantown Muni, WV, US",United States,WV,IFR,60,1887,3.18
KMGY,"Dayton/Wright Brothers Arpt, OH, US",United States,OH,VFR,1890,1890,100
KMGY,"Dayton/Wright Brothers Arpt, OH, US",United States,OH,IFR,0,0,0
KMGY,"Dayton/Wright Brothers Arpt, OH, US",United States,OH,LIFR,0,0,0
KMGY,"Dayton/Wright Brothers Arpt, OH, US",United States,OH,MVFR,0,0,0
KMHE,"Mitchell Muni, SD, US",United States,SD,VFR,1808,1890,95.66
KMHE,"Mitchell Muni, SD, US",United States,SD,MVFR,82,1890,4.34
KMHE,"Mitchell Muni, SD, US",United States,SD,IFR,0,0,0
KMHE,"Mitchell Muni, SD, US",United States,SD,LIFR,0,0,0
KMHK,"Manhattan Rgnl, KS, US",United States,KS,VFR,1890,1890,100
KMHK,"Manhattan Rgnl, KS, US",United States,KS,IFR,0,0,0
KMHK,"Manhattan Rgnl, KS, US",United States,KS,LIFR,0,0,0
KMHK,"Manhattan Rgnl, KS, US",United States,KS,MVFR,0,0,0
KMHL,"Marshall Muni, MO, US",United States,MO,VFR,1870,1870,100
KMHL,"Marshall Muni, MO, US",United States,MO,IFR,0,0,0
KMHL,"Marshall Muni, MO, US",United States,MO,LIFR,0,0,0
KMHL,"Marshall Muni, MO, US",United States,MO,MVFR,0,0,0
KMHP,"Metter Muni, GA, US",United States,GA,VFR,1040,1890,55.03
KMHP,"Metter Muni, GA, US",United States,GA,MVFR,530,1890,28.04
KMHP,"Metter Muni, GA, US",United States,GA,IFR,220,1890,11.64
KMHP,"Metter Muni, GA, US",United States,GA,LIFR,100,1890,5.29
KMHR,"Sacramento/Mather Fld, CA, US",United States,CA,VFR,1705,1705,100
KMHR,"Sacramento/Mather Fld, CA, US",United States,CA,IFR,0,0,0
KMHR,"Sacramento/Mather Fld, CA, US",United States,CA,LIFR,0,0,0
KMHR,"Sacramento/Mather Fld, CA, US",United States,CA,MVFR,0,0,0
KMHT,"Manchester Rgnl, NH, US",United States,NH,VFR,1614,1890,85.4
KMHT,"Manchester Rgnl, NH, US",United States,NH,MVFR,276,1890,14.6
KMHT,"Manchester Rgnl, NH, US",United States,NH,IFR,0,0,0
KMHT,"Manchester Rgnl, NH, US",United States,NH,LIFR,0,0,0
KMIA,"Miami Intl, FL, US",United States,FL,VFR,1616,1890,85.5
KMIA,"Miami Intl, FL, US",United States,FL,MVFR,274,1890,14.5
KMIA,"Miami Intl, FL, US",United States,FL,IFR,0,0,0
KMIA,"Miami Intl, FL, US",United States,FL,LIFR,0,0,0
KMIB,"Minot AFB, ND, US",United States,ND,VFR,1650,1650,100
KMIB,"Minot AFB, ND, US",United States,ND,IFR,0,0,0
KMIB,"Minot AFB, ND, US",United States,ND,LIFR,0,0,0
KMIB,"Minot AFB, ND, US",United States,ND,MVFR,0,0,0
KMIC,"Minneapolis/Crystal Arpt, MN, US",United States,MN,VFR,1350,1350,100
KMIC,"Minneapolis/Crystal Arpt, MN, US",United States,MN,IFR,0,0,0
KMIC,"Minneapolis/Crystal Arpt, MN, US",United States,MN,LIFR,0,0,0
KMIC,"Minneapolis/Crystal Arpt, MN, US",United States,MN,MVFR,0,0,0
KMIE,"Muncie/Johnson Fld, IN, US",United States,IN,VFR,1890,1890,100
KMIE,"Muncie/Johnson Fld, IN, US",United States,IN,IFR,0,0,0
KMIE,"Muncie/Johnson Fld, IN, US",United States,IN,LIFR,0,0,0
KMIE,"Muncie/Johnson Fld, IN, US",United States,IN,MVFR,0,0,0
KMIO,"Miami Muni, OK, US",United States,OK,VFR,1665,1805,92.24
KMIO,"Miami Muni, OK, US",United States,OK,MVFR,140,1805,7.76
KMIO,"Miami Muni, OK, US",United States,OK,IFR,0,0,0
KMIO,"Miami Muni, OK, US",United States,OK,LIFR,0,0,0
KMIV,"Millville Muni, NJ, US",United States,NJ,VFR,1544,1890,81.69
KMIV,"Millville Muni, NJ, US",United States,NJ,MVFR,198,1890,10.48
KMIV,"Millville Muni, NJ, US",United States,NJ,IFR,148,1890,7.83
KMIV,"Millville Muni, NJ, US",United States,NJ,LIFR,0,0,0
KMIW,"Marshalltown Muni, IA, US",United States,IA,VFR,1890,1890,100
KMIW,"Marshalltown Muni, IA, US",United States,IA,IFR,0,0,0
KMIW,"Marshalltown Muni, IA, US",United States,IA,LIFR,0,0,0
KMIW,"Marshalltown Muni, IA, US",United States,IA,MVFR,0,0,0
KMJD,"Picayune Muni, MS, US",United States,MS,VFR,1550,1890,82.01
KMJD,"Picayune Muni, MS, US",United States,MS,LIFR,220,1890,11.64
KMJD,"Picayune Muni, MS, US",United States,MS,MVFR,100,1890,5.29
KMJD,"Picayune Muni, MS, US",United States,MS,IFR,20,1890,1.06
KMJQ,"Jackson Muni, MN, US",United States,MN,VFR,1911,1911,100
KMJQ,"Jackson Muni, MN, US",United States,MN,IFR,0,0,0
KMJQ,"Jackson Muni, MN, US",United States,MN,LIFR,0,0,0
KMJQ,"Jackson Muni, MN, US",United States,MN,MVFR,0,0,0
KMJX,"Toms River/Miller Arpt, NJ, US",United States,NJ,VFR,1627,1890,86.08
KMJX,"Toms River/Miller Arpt, NJ, US",United States,NJ,IFR,141,1890,7.46
KMJX,"Toms River/Miller Arpt, NJ, US",United States,NJ,MVFR,122,1890,6.46
KMJX,"Toms River/Miller Arpt, NJ, US",United States,NJ,LIFR,0,0,0
KMKC,"Kansas City/Wheeler Downtown Arpt, MO, US",United States,MO,VFR,1830,1830,100
KMKC,"Kansas City/Wheeler Downtown Arpt, MO, US",United States,MO,IFR,0,0,0
KMKC,"Kansas City/Wheeler Downtown Arpt, MO, US",United States,MO,LIFR,0,0,0
KMKC,"Kansas City/Wheeler Downtown Arpt, MO, US",United States,MO,MVFR,0,0,0
KMKE,"Milwaukee/Mitchell Intl, WI, US",United States,WI,VFR,1890,1890,100
KMKE,"Milwaukee/Mitchell Intl, WI, US",United States,WI,IFR,0,0,0
KMKE,"Milwaukee/Mitchell Intl, WI, US",United States,WI,LIFR,0,0,0
KMKE,"Milwaukee/Mitchell Intl, WI, US",United States,WI,MVFR,0,0,0
KMKG,"Muskegon Cnty Arpt, MI, US",United States,MI,VFR,1890,1890,100
KMKG,"Muskegon Cnty Arpt, MI, US",United States,MI,IFR,0,0,0
KMKG,"Muskegon Cnty Arpt, MI, US",United States,MI,LIFR,0,0,0
KMKG,"Muskegon Cnty Arpt, MI, US",United States,MI,MVFR,0,0,0
KMKJ,"Marion/Mountain Empire Arpt, VA, US",United States,VA,VFR,1450,1890,76.72
KMKJ,"Marion/Mountain Empire Arpt, VA, US",United States,VA,MVFR,420,1890,22.22
KMKJ,"Marion/Mountain Empire Arpt, VA, US",United States,VA,IFR,20,1890,1.06
KMKJ,"Marion/Mountain Empire Arpt, VA, US",United States,VA,LIFR,0,0,0
KMKL,"Jackson/McKellar Rgnl, TN, US",United States,TN,VFR,1707,1890,90.32
KMKL,"Jackson/McKellar Rgnl, TN, US",United States,TN,MVFR,183,1890,9.68
KMKL,"Jackson/McKellar Rgnl, TN, US",United States,TN,IFR,0,0,0
KMKL,"Jackson/McKellar Rgnl, TN, US",United States,TN,LIFR,0,0,0
KMKN,"Comanche Cnty, TX, US",United States,TX,VFR,1670,1890,88.36
KMKN,"Comanche Cnty, TX, US",United States,TX,IFR,200,1890,10.58
KMKN,"Comanche Cnty, TX, US",United States,TX,MVFR,20,1890,1.06
KMKN,"Comanche Cnty, TX, US",United States,TX,LIFR,0,0,0
KMKO,"Muskogee/Davis Fld, OK, US",United States,OK,VFR,1625,1890,85.98
KMKO,"Muskogee/Davis Fld, OK, US",United States,OK,MVFR,265,1890,14.02
KMKO,"Muskogee/Davis Fld, OK, US",United States,OK,IFR,0,0,0
KMKO,"Muskogee/Davis Fld, OK, US",United States,OK,LIFR,0,0,0
KMKS,"Moncks Corner/Berkeley Cnty, SC, US",United States,SC,VFR,1670,1890,88.36
KMKS,"Moncks Corner/Berkeley Cnty, SC, US",United States,SC,MVFR,180,1890,9.52
KMKS,"Moncks Corner/Berkeley Cnty, SC, US",United States,SC,IFR,40,1890,2.12
KMKS,"Moncks Corner/Berkeley Cnty, SC, US",United States,SC,LIFR,0,0,0
KMKT,"Mankato Rgnl, MN, US",United States,MN,VFR,1890,1890,100
KMKT,"Mankato Rgnl, MN, US",United States,MN,IFR,0,0,0
KMKT,"Mankato Rgnl, MN, US",United States,MN,LIFR,0,0,0
KMKT,"Mankato Rgnl, MN, US",United States,MN,MVFR,0,0,0
KMKV,"Marksville Muni, LA, US",United States,LA,VFR,1210,1250,96.8
KMKV,"Marksville Muni, LA, US",United States,LA,IFR,40,1250,3.2
KMKV,"Marksville Muni, LA, US",United States,LA,LIFR,0,0,0
KMKV,"Marksville Muni, LA, US",United States,LA,MVFR,0,0,0
KMKY,"Marco Island Arpt, FL, US",United States,FL,VFR,1784,1890,94.39
KMKY,"Marco Island Arpt, FL, US",United States,FL,MVFR,106,1890,5.61
KMKY,"Marco Island Arpt, FL, US",United States,FL,IFR,0,0,0
KMKY,"Marco Island Arpt, FL, US",United States,FL,LIFR,0,0,0
KMLB,"Melbourne Intl, FL, US",United States,FL,VFR,1827,1897,96.31
KMLB,"Melbourne Intl, FL, US",United States,FL,MVFR,70,1897,3.69
KMLB,"Melbourne Intl, FL, US",United States,FL,IFR,0,0,0
KMLB,"Melbourne Intl, FL, US",United States,FL,LIFR,0,0,0
KMLC,"McAlester Rgnl, OK, US",United States,OK,VFR,1577,1890,83.44
KMLC,"McAlester Rgnl, OK, US",United States,OK,IFR,260,1890,13.76
KMLC,"McAlester Rgnl, OK, US",United States,OK,MVFR,53,1890,2.8
KMLC,"McAlester Rgnl, OK, US",United States,OK,LIFR,0,0,0
KMLE,"Omaha/Millard Arpt, NE, US",United States,NE,VFR,1750,1890,92.59
KMLE,"Omaha/Millard Arpt, NE, US",United States,NE,MVFR,80,1890,4.23
KMLE,"Omaha/Millard Arpt, NE, US",United States,NE,IFR,60,1890,3.17
KMLE,"Omaha/Millard Arpt, NE, US",United States,NE,LIFR,0,0,0
KMLF,"Milford Muni, UT, US",United States,UT,VFR,1890,1890,100
KMLF,"Milford Muni, UT, US",United States,UT,IFR,0,0,0
KMLF,"Milford Muni, UT, US",United States,UT,LIFR,0,0,0
KMLF,"Milford Muni, UT, US",United States,UT,MVFR,0,0,0
KMLI,"Moline/Quad City Intl, IL, US",United States,IL,VFR,1890,1890,100
KMLI,"Moline/Quad City Intl, IL, US",United States,IL,IFR,0,0,0
KMLI,"Moline/Quad City Intl, IL, US",United States,IL,LIFR,0,0,0
KMLI,"Moline/Quad City Intl, IL, US",United States,IL,MVFR,0,0,0
KMLJ,"Milledgeville/Baldwin Cnty, GA, US",United States,GA,VFR,1170,1850,63.24
KMLJ,"Milledgeville/Baldwin Cnty, GA, US",United States,GA,MVFR,400,1850,21.62
KMLJ,"Milledgeville/Baldwin Cnty, GA, US",United States,GA,LIFR,260,1850,14.05
KMLJ,"Milledgeville/Baldwin Cnty, GA, US",United States,GA,IFR,20,1850,1.08
KMLS,"Miles City/Wiley Fld, MT, US",United States,MT,VFR,1571,1638,95.91
KMLS,"Miles City/Wiley Fld, MT, US",United States,MT,MVFR,51,1638,3.11
KMLS,"Miles City/Wiley Fld, MT, US",United States,MT,LIFR,9,1638,0.55
KMLS,"Miles City/Wiley Fld, MT, US",United States,MT,IFR,7,1638,0.43
KMLT,"Millinocket Muni, ME, US",United States,ME,VFR,1685,1867,90.25
KMLT,"Millinocket Muni, ME, US",United States,ME,MVFR,121,1867,6.48
KMLT,"Millinocket Muni, ME, US",United States,ME,IFR,61,1867,3.27
KMLT,"Millinocket Muni, ME, US",United States,ME,LIFR,0,0,0
KMLU,"Monroe Rgnl, LA, US",United States,LA,VFR,1508,1923,78.42
KMLU,"Monroe Rgnl, LA, US",United States,LA,MVFR,327,1923,17
KMLU,"Monroe Rgnl, LA, US",United States,LA,IFR,88,1923,4.58
KMLU,"Monroe Rgnl, LA, US",United States,LA,LIFR,0,0,0
KMMH,"Mammoth/Yosemite Arpt, CA, US",United States,CA,VFR,1870,1870,100
KMMH,"Mammoth/Yosemite Arpt, CA, US",United States,CA,IFR,0,0,0
KMMH,"Mammoth/Yosemite Arpt, CA, US",United States,CA,LIFR,0,0,0
KMMH,"Mammoth/Yosemite Arpt, CA, US",United States,CA,MVFR,0,0,0
KMMI,"Athens/McMinn Cnty, TN, US",United States,TN,VFR,1590,1890,84.13
KMMI,"Athens/McMinn Cnty, TN, US",United States,TN,MVFR,200,1890,10.58
KMMI,"Athens/McMinn Cnty, TN, US",United States,TN,LIFR,80,1890,4.23
KMMI,"Athens/McMinn Cnty, TN, US",United States,TN,IFR,20,1890,1.06
KMMK,"Meriden/Markham Muni, CT, US",United States,CT,VFR,1776,1885,94.22
KMMK,"Meriden/Markham Muni, CT, US",United States,CT,MVFR,71,1885,3.77
KMMK,"Meriden/Markham Muni, CT, US",United States,CT,IFR,38,1885,2.02
KMMK,"Meriden/Markham Muni, CT, US",United States,CT,LIFR,0,0,0
KMML,"Marshall Muni, MN, US",United States,MN,VFR,1890,1890,100
KMML,"Marshall Muni, MN, US",United States,MN,IFR,0,0,0
KMML,"Marshall Muni, MN, US",United States,MN,LIFR,0,0,0
KMML,"Marshall Muni, MN, US",United States,MN,MVFR,0,0,0
KMMT,"Columbia/McEntire JNGB, SC, US",United States,SC,VFR,1050,1350,77.78
KMMT,"Columbia/McEntire JNGB, SC, US",United States,SC,MVFR,232,1350,17.19
KMMT,"Columbia/McEntire JNGB, SC, US",United States,SC,LIFR,68,1350,5.04
KMMT,"Columbia/McEntire JNGB, SC, US",United States,SC,IFR,0,0,0
KMMU,"Morristown Muni, NJ, US",United States,NJ,VFR,1760,1860,94.62
KMMU,"Morristown Muni, NJ, US",United States,NJ,MVFR,60,1860,3.23
KMMU,"Morristown Muni, NJ, US",United States,NJ,IFR,40,1860,2.15
KMMU,"Morristown Muni, NJ, US",United States,NJ,LIFR,0,0,0
KMMV,"McMinnville Muni, OR, US",United States,OR,VFR,870,1890,46.03
KMMV,"McMinnville Muni, OR, US",United States,OR,MVFR,539,1890,28.52
KMMV,"McMinnville Muni, OR, US",United States,OR,LIFR,413,1890,21.85
KMMV,"McMinnville Muni, OR, US",United States,OR,IFR,68,1890,3.6
KMNI,"Manning/Cooper Rgnl, SC, US",United States,SC,VFR,1470,1890,77.78
KMNI,"Manning/Cooper Rgnl, SC, US",United States,SC,MVFR,280,1890,14.81
KMNI,"Manning/Cooper Rgnl, SC, US",United States,SC,LIFR,140,1890,7.41
KMNI,"Manning/Cooper Rgnl, SC, US",United States,SC,IFR,0,0,0
KMNM,"Menominee/Twin Cnty, MI, US",United States,MI,VFR,1890,1890,100
KMNM,"Menominee/Twin Cnty, MI, US",United States,MI,IFR,0,0,0
KMNM,"Menominee/Twin Cnty, MI, US",United States,MI,LIFR,0,0,0
KMNM,"Menominee/Twin Cnty, MI, US",United States,MI,MVFR,0,0,0
KMNN,"Marion Muni, OH, US",United States,OH,VFR,1890,1890,100
KMNN,"Marion Muni, OH, US",United States,OH,IFR,0,0,0
KMNN,"Marion Muni, OH, US",United States,OH,LIFR,0,0,0
KMNN,"Marion Muni, OH, US",United States,OH,MVFR,0,0,0
KMNV,"Madisonville/Monroe Cnty, TN, US",United States,TN,VFR,1570,1890,83.07
KMNV,"Madisonville/Monroe Cnty, TN, US",United States,TN,MVFR,180,1890,9.52
KMNV,"Madisonville/Monroe Cnty, TN, US",United States,TN,LIFR,100,1890,5.29
KMNV,"Madisonville/Monroe Cnty, TN, US",United States,TN,IFR,40,1890,2.12
KMNZ,"Hamilton Muni, TX, US",United States,TX,VFR,1630,1890,86.24
KMNZ,"Hamilton Muni, TX, US",United States,TX,IFR,180,1890,9.52
KMNZ,"Hamilton Muni, TX, US",United States,TX,MVFR,80,1890,4.23
KMNZ,"Hamilton Muni, TX, US",United States,TX,LIFR,0,0,0
KMOB,"Mobile Rgnl, AL, US",United States,AL,VFR,1890,1890,100
KMOB,"Mobile Rgnl, AL, US",United States,AL,IFR,0,0,0
KMOB,"Mobile Rgnl, AL, US",United States,AL,LIFR,0,0,0
KMOB,"Mobile Rgnl, AL, US",United States,AL,MVFR,0,0,0
KMOD,"Modesto/Sham Fld, CA, US",United States,CA,VFR,1890,1890,100
KMOD,"Modesto/Sham Fld, CA, US",United States,CA,IFR,0,0,0
KMOD,"Modesto/Sham Fld, CA, US",United States,CA,LIFR,0,0,0
KMOD,"Modesto/Sham Fld, CA, US",United States,CA,MVFR,0,0,0
KMOP,"Mount Pleasant Muni, MI, US",United States,MI,VFR,1770,1870,94.65
KMOP,"Mount Pleasant Muni, MI, US",United States,MI,MVFR,100,1870,5.35
KMOP,"Mount Pleasant Muni, MI, US",United States,MI,IFR,0,0,0
KMOP,"Mount Pleasant Muni, MI, US",United States,MI,LIFR,0,0,0
KMOR,"Morristown/Moore Arpt, TN, US",United States,TN,VFR,1630,1845,88.35
KMOR,"Morristown/Moore Arpt, TN, US",United States,TN,LIFR,160,1845,8.67
KMOR,"Morristown/Moore Arpt, TN, US",United States,TN,MVFR,55,1845,2.98
KMOR,"Morristown/Moore Arpt, TN, US",United States,TN,IFR,0,0,0
KMOT,"Minot Intl, ND, US",United States,ND,VFR,1890,1890,100
KMOT,"Minot Intl, ND, US",United States,ND,IFR,0,0,0
KMOT,"Minot Intl, ND, US",United States,ND,LIFR,0,0,0
KMOT,"Minot Intl, ND, US",United States,ND,MVFR,0,0,0
KMOX,"Morris Muni, MN, US",United States,MN,VFR,1890,1890,100
KMOX,"Morris Muni, MN, US",United States,MN,IFR,0,0,0
KMOX,"Morris Muni, MN, US",United States,MN,LIFR,0,0,0
KMOX,"Morris Muni, MN, US",United States,MN,MVFR,0,0,0
KMPE,"Philadelphia Muni, MS, US",United States,MS,VFR,1390,1690,82.25
KMPE,"Philadelphia Muni, MS, US",United States,MS,LIFR,160,1690,9.47
KMPE,"Philadelphia Muni, MS, US",United States,MS,MVFR,100,1690,5.92
KMPE,"Philadelphia Muni, MS, US",United States,MS,IFR,40,1690,2.37
KMPO,"Mount Pocono Muni, PA, US",United States,PA,VFR,1830,1863,98.23
KMPO,"Mount Pocono Muni, PA, US",United States,PA,MVFR,33,1863,1.77
KMPO,"Mount Pocono Muni, PA, US",United States,PA,IFR,0,0,0
KMPO,"Mount Pocono Muni, PA, US",United States,PA,LIFR,0,0,0
KMPR,"McPherson Arpt, KS, US",United States,KS,VFR,1890,1890,100
KMPR,"McPherson Arpt, KS, US",United States,KS,IFR,0,0,0
KMPR,"McPherson Arpt, KS, US",United States,KS,LIFR,0,0,0
KMPR,"McPherson Arpt, KS, US",United States,KS,MVFR,0,0,0
KMPV,"Montpelier/Knapp Arpt, VT, US",United States,VT,VFR,1725,1890,91.27
KMPV,"Montpelier/Knapp Arpt, VT, US",United States,VT,MVFR,123,1890,6.51
KMPV,"Montpelier/Knapp Arpt, VT, US",United States,VT,IFR,42,1890,2.22
KMPV,"Montpelier/Knapp Arpt, VT, US",United States,VT,LIFR,0,0,0
KMPZ,"Mount Pleasant Muni, IA, US",United States,IA,VFR,1430,1890,75.66
KMPZ,"Mount Pleasant Muni, IA, US",United States,IA,MVFR,360,1890,19.05
KMPZ,"Mount Pleasant Muni, IA, US",United States,IA,IFR,100,1890,5.29
KMPZ,"Mount Pleasant Muni, IA, US",United States,IA,LIFR,0,0,0
KMQB,"Macomb Muni, IL, US",United States,IL,VFR,1730,1890,91.53
KMQB,"Macomb Muni, IL, US",United States,IL,IFR,100,1890,5.29
KMQB,"Macomb Muni, IL, US",United States,IL,MVFR,40,1890,2.12
KMQB,"Macomb Muni, IL, US",United States,IL,LIFR,20,1890,1.06
KMQI,"Manteo/Dare Cnty, NC, US",United States,NC,VFR,1510,1900,79.47
KMQI,"Manteo/Dare Cnty, NC, US",United States,NC,MVFR,250,1900,13.16
KMQI,"Manteo/Dare Cnty, NC, US",United States,NC,IFR,130,1900,6.84
KMQI,"Manteo/Dare Cnty, NC, US",United States,NC,LIFR,10,1900,0.53
KMQJ,"Indianapolis Rgnl, IN, US",United States,IN,VFR,1850,1870,98.93
KMQJ,"Indianapolis Rgnl, IN, US",United States,IN,MVFR,20,1870,1.07
KMQJ,"Indianapolis Rgnl, IN, US",United States,IN,IFR,0,0,0
KMQJ,"Indianapolis Rgnl, IN, US",United States,IN,LIFR,0,0,0
KMQS,"Coatesville/Chester Cnty, PA, US",United States,PA,VFR,1610,1810,88.95
KMQS,"Coatesville/Chester Cnty, PA, US",United States,PA,IFR,160,1810,8.84
KMQS,"Coatesville/Chester Cnty, PA, US",United States,PA,MVFR,40,1810,2.21
KMQS,"Coatesville/Chester Cnty, PA, US",United States,PA,LIFR,0,0,0
KMQY,"Smyrna Arpt, TN, US",United States,TN,VFR,1410,1890,74.6
KMQY,"Smyrna Arpt, TN, US",United States,TN,MVFR,441,1890,23.33
KMQY,"Smyrna Arpt, TN, US",United States,TN,IFR,39,1890,2.06
KMQY,"Smyrna Arpt, TN, US",United States,TN,LIFR,0,0,0
KMRB,"Martinsburg/E West Virginia Rgnl, WV, US",United States,WV,VFR,1702,1890,90.05
KMRB,"Martinsburg/E West Virginia Rgnl, WV, US",United States,WV,MVFR,188,1890,9.95
KMRB,"Martinsburg/E West Virginia Rgnl, WV, US",United States,WV,IFR,0,0,0
KMRB,"Martinsburg/E West Virginia Rgnl, WV, US",United States,WV,LIFR,0,0,0
KMRC,"Columbia/Maury Cnty, TN, US",United States,TN,VFR,1290,1830,70.49
KMRC,"Columbia/Maury Cnty, TN, US",United States,TN,MVFR,300,1830,16.39
KMRC,"Columbia/Maury Cnty, TN, US",United States,TN,IFR,240,1830,13.11
KMRC,"Columbia/Maury Cnty, TN, US",United States,TN,LIFR,0,0,0
KMRF,"Marfa Muni, TX, US",United States,TX,IFR,0,0,0
KMRF,"Marfa Muni, TX, US",United States,TX,LIFR,0,0,0
KMRF,"Marfa Muni, TX, US",United States,TX,MVFR,0,0,0
KMRF,"Marfa Muni, TX, US",United States,TX,VFR,0,0,0
KMRH,"Beaufort/Smith Fld, NC, US",United States,NC,VFR,1754,1879,93.35
KMRH,"Beaufort/Smith Fld, NC, US",United States,NC,MVFR,125,1879,6.65
KMRH,"Beaufort/Smith Fld, NC, US",United States,NC,IFR,0,0,0
KMRH,"Beaufort/Smith Fld, NC, US",United States,NC,LIFR,0,0,0
KMRN,"Morganton/Foothills Rgnl, NC, US",United States,NC,VFR,1900,1900,100
KMRN,"Morganton/Foothills Rgnl, NC, US",United States,NC,IFR,0,0,0
KMRN,"Morganton/Foothills Rgnl, NC, US",United States,NC,LIFR,0,0,0
KMRN,"Morganton/Foothills Rgnl, NC, US",United States,NC,MVFR,0,0,0
KMRT,"Marysville/Union Cnty, OH, US",United States,OH,VFR,1862,1862,100
KMRT,"Marysville/Union Cnty, OH, US",United States,OH,IFR,0,0,0
KMRT,"Marysville/Union Cnty, OH, US",United States,OH,LIFR,0,0,0
KMRT,"Marysville/Union Cnty, OH, US",United States,OH,MVFR,0,0,0
KMRY,"Monterey Rgnl, CA, US",United States,CA,VFR,1467,1890,77.62
KMRY,"Monterey Rgnl, CA, US",United States,CA,MVFR,423,1890,22.38
KMRY,"Monterey Rgnl, CA, US",United States,CA,IFR,0,0,0
KMRY,"Monterey Rgnl, CA, US",United States,CA,LIFR,0,0,0
KMSL,"Muscle Shoals/NW Alabama Rgnl, AL, US",United States,AL,VFR,1288,1890,68.15
KMSL,"Muscle Shoals/NW Alabama Rgnl, AL, US",United States,AL,IFR,381,1890,20.16
KMSL,"Muscle Shoals/NW Alabama Rgnl, AL, US",United States,AL,MVFR,221,1890,11.69
KMSL,"Muscle Shoals/NW Alabama Rgnl, AL, US",United States,AL,LIFR,0,0,0
KMSN,"Madison/Dane Cnty Rgnl, WI, US",United States,WI,VFR,1890,1890,100
KMSN,"Madison/Dane Cnty Rgnl, WI, US",United States,WI,IFR,0,0,0
KMSN,"Madison/Dane Cnty Rgnl, WI, US",United States,WI,LIFR,0,0,0
KMSN,"Madison/Dane Cnty Rgnl, WI, US",United States,WI,MVFR,0,0,0
KMSO,"Missoula Intl, MT, US",United States,MT,VFR,1832,1890,96.93
KMSO,"Missoula Intl, MT, US",United States,MT,IFR,32,1890,1.69
KMSO,"Missoula Intl, MT, US",United States,MT,MVFR,26,1890,1.38
KMSO,"Missoula Intl, MT, US",United States,MT,LIFR,0,0,0
KMSP,"Minneapolis-St Paul Intl, MN, US",United States,MN,VFR,1890,1890,100
KMSP,"Minneapolis-St Paul Intl, MN, US",United States,MN,IFR,0,0,0
KMSP,"Minneapolis-St Paul Intl, MN, US",United States,MN,LIFR,0,0,0
KMSP,"Minneapolis-St Paul Intl, MN, US",United States,MN,MVFR,0,0,0
KMSS,"Massena Intl, NY, US",United States,NY,VFR,1890,1890,100
KMSS,"Massena Intl, NY, US",United States,NY,IFR,0,0,0
KMSS,"Massena Intl, NY, US",United States,NY,LIFR,0,0,0
KMSS,"Massena Intl, NY, US",United States,NY,MVFR,0,0,0
KMSV,"Monticello/Sullivan Cnty, NY, US",United States,NY,VFR,1780,1882,94.58
KMSV,"Monticello/Sullivan Cnty, NY, US",United States,NY,MVFR,102,1882,5.42
KMSV,"Monticello/Sullivan Cnty, NY, US",United States,NY,IFR,0,0,0
KMSV,"Monticello/Sullivan Cnty, NY, US",United States,NY,LIFR,0,0,0
KMSY,"New Orleans/Armstrong Intl, LA, US",United States,LA,VFR,1851,1890,97.94
KMSY,"New Orleans/Armstrong Intl, LA, US",United States,LA,IFR,39,1890,2.06
KMSY,"New Orleans/Armstrong Intl, LA, US",United States,LA,LIFR,0,0,0
KMSY,"New Orleans/Armstrong Intl, LA, US",United States,LA,MVFR,0,0,0
KMTC,"Selfridge ANGB, MI, US",United States,MI,VFR,1650,1650,100
KMTC,"Selfridge ANGB, MI, US",United States,MI,IFR,0,0,0
KMTC,"Selfridge ANGB, MI, US",United States,MI,LIFR,0,0,0
KMTC,"Selfridge ANGB, MI, US",United States,MI,MVFR,0,0,0
KMTH,"Marathon Arpt, FL, US",United States,FL,VFR,1720,1890,91.01
KMTH,"Marathon Arpt, FL, US",United States,FL,MVFR,157,1890,8.31
KMTH,"Marathon Arpt, FL, US",United States,FL,IFR,13,1890,0.69
KMTH,"Marathon Arpt, FL, US",United States,FL,LIFR,0,0,0
KMTJ,"Montrose Rgnl, CO, US",United States,CO,VFR,1890,1890,100
KMTJ,"Montrose Rgnl, CO, US",United States,CO,IFR,0,0,0
KMTJ,"Montrose Rgnl, CO, US",United States,CO,LIFR,0,0,0
KMTJ,"Montrose Rgnl, CO, US",United States,CO,MVFR,0,0,0
KMTN,"Baltimore/Martin State Arpt, MD, US",United States,MD,VFR,1715,1881,91.17
KMTN,"Baltimore/Martin State Arpt, MD, US",United States,MD,MVFR,102,1881,5.42
KMTN,"Baltimore/Martin State Arpt, MD, US",United States,MD,IFR,64,1881,3.4
KMTN,"Baltimore/Martin State Arpt, MD, US",United States,MD,LIFR,0,0,0
KMTO,"Mattoon/Coles Cnty, IL, US",United States,IL,VFR,1710,1868,91.54
KMTO,"Mattoon/Coles Cnty, IL, US",United States,IL,LIFR,73,1868,3.91
KMTO,"Mattoon/Coles Cnty, IL, US",United States,IL,MVFR,72,1868,3.85
KMTO,"Mattoon/Coles Cnty, IL, US",United States,IL,IFR,13,1868,0.7
KMTP,"Montauk Arpt, NY, US",United States,NY,IFR,0,0,0
KMTP,"Montauk Arpt, NY, US",United States,NY,LIFR,0,0,0
KMTP,"Montauk Arpt, NY, US",United States,NY,MVFR,0,0,0
KMTP,"Montauk Arpt, NY, US",United States,NY,VFR,0,0,0
KMTV,"Martinsville/Blue Ridge Arpt, VA, US",United States,VA,VFR,1910,1910,100
KMTV,"Martinsville/Blue Ridge Arpt, VA, US",United States,VA,IFR,0,0,0
KMTV,"Martinsville/Blue Ridge Arpt, VA, US",United States,VA,LIFR,0,0,0
KMTV,"Martinsville/Blue Ridge Arpt, VA, US",United States,VA,MVFR,0,0,0
KMTW,"Manitowoc Muni, WI, US",United States,WI,VFR,1890,1890,100
KMTW,"Manitowoc Muni, WI, US",United States,WI,IFR,0,0,0
KMTW,"Manitowoc Muni, WI, US",United States,WI,LIFR,0,0,0
KMTW,"Manitowoc Muni, WI, US",United States,WI,MVFR,0,0,0
KMUI,"Fort Indiantown Gap/Muir AAF, PA, US",United States,PA,VFR,1430,1566,91.32
KMUI,"Fort Indiantown Gap/Muir AAF, PA, US",United States,PA,MVFR,136,1566,8.68
KMUI,"Fort Indiantown Gap/Muir AAF, PA, US",United States,PA,IFR,0,0,0
KMUI,"Fort Indiantown Gap/Muir AAF, PA, US",United States,PA,LIFR,0,0,0
KMUO,"Mountain Home AFB, ID, US",United States,ID,VFR,1650,1650,100
KMUO,"Mountain Home AFB, ID, US",United States,ID,IFR,0,0,0
KMUO,"Mountain Home AFB, ID, US",United States,ID,LIFR,0,0,0
KMUO,"Mountain Home AFB, ID, US",United States,ID,MVFR,0,0,0
KMUT,"Muscatine Muni, IA, US",United States,IA,VFR,1210,1890,64.02
KMUT,"Muscatine Muni, IA, US",United States,IA,MVFR,420,1890,22.22
KMUT,"Muscatine Muni, IA, US",United States,IA,IFR,200,1890,10.58
KMUT,"Muscatine Muni, IA, US",United States,IA,LIFR,60,1890,3.17
KMVE,"Montevideo/Chippewa Cnty, MN, US",United States,MN,VFR,1850,1890,97.88
KMVE,"Montevideo/Chippewa Cnty, MN, US",United States,MN,MVFR,40,1890,2.12
KMVE,"Montevideo/Chippewa Cnty, MN, US",United States,MN,IFR,0,0,0
KMVE,"Montevideo/Chippewa Cnty, MN, US",United States,MN,LIFR,0,0,0
KMVL,"Morrisville-Stowe State Arpt, VT, US",United States,VT,VFR,1590,1590,100
KMVL,"Morrisville-Stowe State Arpt, VT, US",United States,VT,IFR,0,0,0
KMVL,"Morrisville-Stowe State Arpt, VT, US",United States,VT,LIFR,0,0,0
KMVL,"Morrisville-Stowe State Arpt, VT, US",United States,VT,MVFR,0,0,0
KMVN,"Mount Vernon Arpt, IL, US",United States,IL,VFR,1890,1890,100
KMVN,"Mount Vernon Arpt, IL, US",United States,IL,IFR,0,0,0
KMVN,"Mount Vernon Arpt, IL, US",United States,IL,LIFR,0,0,0
KMVN,"Mount Vernon Arpt, IL, US",United States,IL,MVFR,0,0,0
KMVY,"Marthas Vineyard Arpt, MA, US",United States,MA,VFR,1479,1890,78.25
KMVY,"Marthas Vineyard Arpt, MA, US",United States,MA,IFR,206,1890,10.9
KMVY,"Marthas Vineyard Arpt, MA, US",United States,MA,MVFR,205,1890,10.85
KMVY,"Marthas Vineyard Arpt, MA, US",United States,MA,LIFR,0,0,0
KMWA,"Marion Rgnl, IL, US",United States,IL,VFR,1862,1862,100
KMWA,"Marion Rgnl, IL, US",United States,IL,IFR,0,0,0
KMWA,"Marion Rgnl, IL, US",United States,IL,LIFR,0,0,0
KMWA,"Marion Rgnl, IL, US",United States,IL,MVFR,0,0,0
KMWC,"Milwaukee/Timmerman Arpt, WI, US",United States,WI,VFR,1860,1860,100
KMWC,"Milwaukee/Timmerman Arpt, WI, US",United States,WI,IFR,0,0,0
KMWC,"Milwaukee/Timmerman Arpt, WI, US",United States,WI,LIFR,0,0,0
KMWC,"Milwaukee/Timmerman Arpt, WI, US",United States,WI,MVFR,0,0,0
KMWH,"Moses Lake/Grant Cnty, WA, US",United States,WA,VFR,1890,1890,100
KMWH,"Moses Lake/Grant Cnty, WA, US",United States,WA,IFR,0,0,0
KMWH,"Moses Lake/Grant Cnty, WA, US",United States,WA,LIFR,0,0,0
KMWH,"Moses Lake/Grant Cnty, WA, US",United States,WA,MVFR,0,0,0
KMWK,"Mt Airy/Surry Cnty, NC, US",United States,NC,VFR,1890,1900,99.47
KMWK,"Mt Airy/Surry Cnty, NC, US",United States,NC,MVFR,10,1900,0.53
KMWK,"Mt Airy/Surry Cnty, NC, US",United States,NC,IFR,0,0,0
KMWK,"Mt Airy/Surry Cnty, NC, US",United States,NC,LIFR,0,0,0
KMWL,"Mineral Wells Arpt, TX, US",United States,TX,VFR,1869,1890,98.89
KMWL,"Mineral Wells Arpt, TX, US",United States,TX,MVFR,21,1890,1.11
KMWL,"Mineral Wells Arpt, TX, US",United States,TX,IFR,0,0,0
KMWL,"Mineral Wells Arpt, TX, US",United States,TX,LIFR,0,0,0
KMWM,"Windom Muni, MN, US",United States,MN,VFR,1850,1890,97.88
KMWM,"Windom Muni, MN, US",United States,MN,MVFR,40,1890,2.12
KMWM,"Windom Muni, MN, US",United States,MN,IFR,0,0,0
KMWM,"Windom Muni, MN, US",United States,MN,LIFR,0,0,0
KMWN,"Mount Washington, NH, US",United States,NH,LIFR,1697,1897,89.46
KMWN,"Mount Washington, NH, US",United States,NH,VFR,138,1897,7.27
KMWN,"Mount Washington, NH, US",United States,NH,MVFR,62,1897,3.27
KMWN,"Mount Washington, NH, US",United States,NH,IFR,0,0,0
KMWO,"Middletown/Hook Fld, OH, US",United States,OH,VFR,1890,1890,100
KMWO,"Middletown/Hook Fld, OH, US",United States,OH,IFR,0,0,0
KMWO,"Middletown/Hook Fld, OH, US",United States,OH,LIFR,0,0,0
KMWO,"Middletown/Hook Fld, OH, US",United States,OH,MVFR,0,0,0
KMXF,"Maxwell AFB, AL, US",United States,AL,VFR,1590,1635,97.25
KMXF,"Maxwell AFB, AL, US",United States,AL,IFR,30,1635,1.83
KMXF,"Maxwell AFB, AL, US",United States,AL,MVFR,15,1635,0.92
KMXF,"Maxwell AFB, AL, US",United States,AL,LIFR,0,0,0
KMXO,"Monticello Rgnl, IA, US",United States,IA,VFR,1810,1890,95.77
KMXO,"Monticello Rgnl, IA, US",United States,IA,MVFR,40,1890,2.12
KMXO,"Monticello Rgnl, IA, US",United States,IA,IFR,20,1890,1.06
KMXO,"Monticello Rgnl, IA, US",United States,IA,LIFR,20,1890,1.06
KMYF,"San Diego/Montgomery Arpt, CA, US",United States,CA,VFR,1326,1866,71.06
KMYF,"San Diego/Montgomery Arpt, CA, US",United States,CA,MVFR,459,1866,24.6
KMYF,"San Diego/Montgomery Arpt, CA, US",United States,CA,IFR,81,1866,4.34
KMYF,"San Diego/Montgomery Arpt, CA, US",United States,CA,LIFR,0,0,0
KMYJ,"Mexico Mem, MO, US",United States,MO,VFR,1850,1850,100
KMYJ,"Mexico Mem, MO, US",United States,MO,IFR,0,0,0
KMYJ,"Mexico Mem, MO, US",United States,MO,LIFR,0,0,0
KMYJ,"Mexico Mem, MO, US",United States,MO,MVFR,0,0,0
KMYL,"McCall Muni, ID, US",United States,ID,VFR,1808,1890,95.66
KMYL,"McCall Muni, ID, US",United States,ID,LIFR,60,1890,3.17
KMYL,"McCall Muni, ID, US",United States,ID,MVFR,22,1890,1.16
KMYL,"McCall Muni, ID, US",United States,ID,IFR,0,0,0
KMYR,"Myrtle Beach Intl, SC, US",United States,SC,VFR,1680,1890,88.89
KMYR,"Myrtle Beach Intl, SC, US",United States,SC,MVFR,210,1890,11.11
KMYR,"Myrtle Beach Intl, SC, US",United States,SC,IFR,0,0,0
KMYR,"Myrtle Beach Intl, SC, US",United States,SC,LIFR,0,0,0
KMYV,"Marysville/Yuba Cnty, CA, US",United States,CA,VFR,1710,1821,93.9
KMYV,"Marysville/Yuba Cnty, CA, US",United States,CA,MVFR,79,1821,4.34
KMYV,"Marysville/Yuba Cnty, CA, US",United States,CA,LIFR,32,1821,1.76
KMYV,"Marysville/Yuba Cnty, CA, US",United States,CA,IFR,0,0,0
KMYZ,"Marysville Muni, KS, US",United States,KS,VFR,1890,1890,100
KMYZ,"Marysville Muni, KS, US",United States,KS,IFR,0,0,0
KMYZ,"Marysville Muni, KS, US",United States,KS,LIFR,0,0,0
KMYZ,"Marysville Muni, KS, US",United States,KS,MVFR,0,0,0
KMZH,"Moose Lake/Carlton C, MN, US",United States,MN,VFR,1810,1890,95.77
KMZH,"Moose Lake/Carlton C, MN, US",United States,MN,LIFR,80,1890,4.23
KMZH,"Moose Lake/Carlton C, MN, US",United States,MN,IFR,0,0,0
KMZH,"Moose Lake/Carlton C, MN, US",United States,MN,MVFR,0,0,0
KMZJ,"Marana/Pinal Aprk, AZ, US",United States,AZ,VFR,1890,1890,100
KMZJ,"Marana/Pinal Aprk, AZ, US",United States,AZ,IFR,0,0,0
KMZJ,"Marana/Pinal Aprk, AZ, US",United States,AZ,LIFR,0,0,0
KMZJ,"Marana/Pinal Aprk, AZ, US",United States,AZ,MVFR,0,0,0
KMZZ,"Marion Muni, IN, US",United States,IN,VFR,1885,1885,100
KMZZ,"Marion Muni, IN, US",United States,IN,IFR,0,0,0
KMZZ,"Marion Muni, IN, US",United States,IN,LIFR,0,0,0
KMZZ,"Marion Muni, IN, US",United States,IN,MVFR,0,0,0
KN03,"Cortland/Cortland Cnty, NY, US",United States,NY,VFR,1790,1870,95.72
KN03,"Cortland/Cortland Cnty, NY, US",United States,NY,MVFR,80,1870,4.28
KN03,"Cortland/Cortland Cnty, NY, US",United States,NY,IFR,0,0,0
KN03,"Cortland/Cortland Cnty, NY, US",United States,NY,LIFR,0,0,0
KN24,"Questa Muni, NM, US",United States,NM,VFR,1590,1890,84.13
KN24,"Questa Muni, NM, US",United States,NM,MVFR,300,1890,15.87
KN24,"Questa Muni, NM, US",United States,NM,IFR,0,0,0
KN24,"Questa Muni, NM, US",United States,NM,LIFR,0,0,0
KN38,"Wellsboro/Grand Canyon Rgnl, PA, US",United States,PA,VFR,1750,1870,93.58
KN38,"Wellsboro/Grand Canyon Rgnl, PA, US",United States,PA,MVFR,120,1870,6.42
KN38,"Wellsboro/Grand Canyon Rgnl, PA, US",United States,PA,IFR,0,0,0
KN38,"Wellsboro/Grand Canyon Rgnl, PA, US",United States,PA,LIFR,0,0,0
KN79,"Shamokin/Northumberland Cnty, PA, US",United States,PA,VFR,1870,1870,100
KN79,"Shamokin/Northumberland Cnty, PA, US",United States,PA,IFR,0,0,0
KN79,"Shamokin/Northumberland Cnty, PA, US",United States,PA,LIFR,0,0,0
KN79,"Shamokin/Northumberland Cnty, PA, US",United States,PA,MVFR,0,0,0
KNBC,"Beaufort, SC, US",United States,SC,VFR,1670,1890,88.36
KNBC,"Beaufort, SC, US",United States,SC,MVFR,126,1890,6.67
KNBC,"Beaufort, SC, US",United States,SC,IFR,94,1890,4.97
KNBC,"Beaufort, SC, US",United States,SC,LIFR,0,0,0
KNBG,"New Orleans , LA, US",United States,LA,VFR,1822,1822,100
KNBG,"New Orleans , LA, US",United States,LA,IFR,0,0,0
KNBG,"New Orleans , LA, US",United States,LA,LIFR,0,0,0
KNBG,"New Orleans , LA, US",United States,LA,MVFR,0,0,0
KNCA,"New River MCAS, NC, US",United States,NC,VFR,1613,1770,91.13
KNCA,"New River MCAS, NC, US",United States,NC,MVFR,157,1770,8.87
KNCA,"New River MCAS, NC, US",United States,NC,IFR,0,0,0
KNCA,"New River MCAS, NC, US",United States,NC,LIFR,0,0,0
KNDZ,"Milton/Whiting-S, FL, US",United States,FL,VFR,1830,1890,96.83
KNDZ,"Milton/Whiting-S, FL, US",United States,FL,MVFR,60,1890,3.17
KNDZ,"Milton/Whiting-S, FL, US",United States,FL,IFR,0,0,0
KNDZ,"Milton/Whiting-S, FL, US",United States,FL,LIFR,0,0,0
KNEL,"Lakehurst, NJ, US",United States,NJ,VFR,1657,1883,88
KNEL,"Lakehurst, NJ, US",United States,NJ,MVFR,196,1883,10.41
KNEL,"Lakehurst, NJ, US",United States,NJ,IFR,30,1883,1.59
KNEL,"Lakehurst, NJ, US",United States,NJ,LIFR,0,0,0
KNEW,"New Orleans/Lakefront Arpt, LA, US",United States,LA,VFR,1770,1890,93.65
KNEW,"New Orleans/Lakefront Arpt, LA, US",United States,LA,IFR,60,1890,3.17
KNEW,"New Orleans/Lakefront Arpt, LA, US",United States,LA,LIFR,60,1890,3.17
KNEW,"New Orleans/Lakefront Arpt, LA, US",United States,LA,MVFR,0,0,0
KNFE,"Fentress, VA, US",United States,VA,VFR,1061.55,1248.55,85.02
KNFE,"Fentress, VA, US",United States,VA,MVFR,103,1248.55,8.25
KNFE,"Fentress, VA, US",United States,VA,IFR,84,1248.55,6.73
KNFE,"Fentress, VA, US",United States,VA,LIFR,0,0,0
KNFG,"Camp Pendleton, CA, US",United States,CA,VFR,1426,1860,76.67
KNFG,"Camp Pendleton, CA, US",United States,CA,IFR,216,1860,11.61
KNFG,"Camp Pendleton, CA, US",United States,CA,MVFR,123,1860,6.61
KNFG,"Camp Pendleton, CA, US",United States,CA,LIFR,95,1860,5.11
KNFJ,"Milton/Choctaw, FL, US",United States,FL,VFR,1874,1890,99.15
KNFJ,"Milton/Choctaw, FL, US",United States,FL,MVFR,16,1890,0.85
KNFJ,"Milton/Choctaw, FL, US",United States,FL,IFR,0,0,0
KNFJ,"Milton/Choctaw, FL, US",United States,FL,LIFR,0,0,0
KNFL,"Fallon , NV, US",United States,NV,VFR,1890,1890,100
KNFL,"Fallon , NV, US",United States,NV,IFR,0,0,0
KNFL,"Fallon , NV, US",United States,NV,LIFR,0,0,0
KNFL,"Fallon , NV, US",United States,NV,MVFR,0,0,0
KNFW,"Fort Worth/Carswell NAS, TX, US",United States,TX,VFR,1890,1890,100
KNFW,"Fort Worth/Carswell NAS, TX, US",United States,TX,IFR,0,0,0
KNFW,"Fort Worth/Carswell NAS, TX, US",United States,TX,LIFR,0,0,0
KNFW,"Fort Worth/Carswell NAS, TX, US",United States,TX,MVFR,0,0,0
KNGP,"Corpus Christi/Truax Fld NAS, TX, US",United States,TX,VFR,1890,1890,100
KNGP,"Corpus Christi/Truax Fld NAS, TX, US",United States,TX,IFR,0,0,0
KNGP,"Corpus Christi/Truax Fld NAS, TX, US",United States,TX,LIFR,0,0,0
KNGP,"Corpus Christi/Truax Fld NAS, TX, US",United States,TX,MVFR,0,0,0
KNGU,"Norfolk NAS, VA, US",United States,VA,VFR,1606,1890,84.97
KNGU,"Norfolk NAS, VA, US",United States,VA,MVFR,284,1890,15.03
KNGU,"Norfolk NAS, VA, US",United States,VA,IFR,0,0,0
KNGU,"Norfolk NAS, VA, US",United States,VA,LIFR,0,0,0
KNHK,"Patuxent River NAS, MD, US",United States,MD,VFR,1515,1890,80.16
KNHK,"Patuxent River NAS, MD, US",United States,MD,MVFR,375,1890,19.84
KNHK,"Patuxent River NAS, MD, US",United States,MD,IFR,0,0,0
KNHK,"Patuxent River NAS, MD, US",United States,MD,LIFR,0,0,0
KNID,"China Lake , CA, US",United States,CA,VFR,1410,1410,100
KNID,"China Lake , CA, US",United States,CA,IFR,0,0,0
KNID,"China Lake , CA, US",United States,CA,LIFR,0,0,0
KNID,"China Lake , CA, US",United States,CA,MVFR,0,0,0
KNIP,"Jacksonville , FL, US",United States,FL,VFR,1560,1890,82.54
KNIP,"Jacksonville , FL, US",United States,FL,MVFR,330,1890,17.46
KNIP,"Jacksonville , FL, US",United States,FL,IFR,0,0,0
KNIP,"Jacksonville , FL, US",United States,FL,LIFR,0,0,0
KNJK,"El Centro, CA, US",United States,CA,VFR,1890,1890,100
KNJK,"El Centro, CA, US",United States,CA,IFR,0,0,0
KNJK,"El Centro, CA, US",United States,CA,LIFR,0,0,0
KNJK,"El Centro, CA, US",United States,CA,MVFR,0,0,0
KNJM,"Swansboro/Bogue Fld, NC, US",United States,NC,VFR,1820,1890,96.3
KNJM,"Swansboro/Bogue Fld, NC, US",United States,NC,MVFR,44,1890,2.33
KNJM,"Swansboro/Bogue Fld, NC, US",United States,NC,IFR,26,1890,1.38
KNJM,"Swansboro/Bogue Fld, NC, US",United States,NC,LIFR,0,0,0
KNJW,"Meridian Range B, MS, US",United States,MS,VFR,1490,1873,79.55
KNJW,"Meridian Range B, MS, US",United States,MS,LIFR,176,1873,9.4
KNJW,"Meridian Range B, MS, US",United States,MS,MVFR,157,1873,8.38
KNJW,"Meridian Range B, MS, US",United States,MS,IFR,50,1873,2.67
KNKT,"Cherry Point MCAS, NC, US",United States,NC,VFR,1620,1890,85.71
KNKT,"Cherry Point MCAS, NC, US",United States,NC,MVFR,231,1890,12.22
KNKT,"Cherry Point MCAS, NC, US",United States,NC,IFR,39,1890,2.06
KNKT,"Cherry Point MCAS, NC, US",United States,NC,LIFR,0,0,0
KNKX,"Miramar , CA, US",United States,CA,VFR,1341,1890,70.95
KNKX,"Miramar , CA, US",United States,CA,MVFR,475,1890,25.13
KNKX,"Miramar , CA, US",United States,CA,IFR,74,1890,3.92
KNKX,"Miramar , CA, US",United States,CA,LIFR,0,0,0
KNLC,"Lemoore , CA, US",United States,CA,VFR,1890,1890,100
KNLC,"Lemoore , CA, US",United States,CA,IFR,0,0,0
KNLC,"Lemoore , CA, US",United States,CA,LIFR,0,0,0
KNLC,"Lemoore , CA, US",United States,CA,MVFR,0,0,0
KNMM,"Meridian/MCCain, MS, US",United States,MS,VFR,1523,1865,81.66
KNMM,"Meridian/MCCain, MS, US",United States,MS,LIFR,155,1865,8.31
KNMM,"Meridian/MCCain, MS, US",United States,MS,MVFR,95,1865,5.09
KNMM,"Meridian/MCCain, MS, US",United States,MS,IFR,92,1865,4.93
KNOG,"Orange Grove, TX, US",United States,TX,VFR,1590,1788,88.93
KNOG,"Orange Grove, TX, US",United States,TX,MVFR,85,1788,4.75
KNOG,"Orange Grove, TX, US",United States,TX,LIFR,60,1788,3.36
KNOG,"Orange Grove, TX, US",United States,TX,IFR,53,1788,2.96
KNOW,"Port Angeles, WA, US",United States,WA,VFR,1320,1890,69.84
KNOW,"Port Angeles, WA, US",United States,WA,MVFR,470,1890,24.87
KNOW,"Port Angeles, WA, US",United States,WA,IFR,100,1890,5.29
KNOW,"Port Angeles, WA, US",United States,WA,LIFR,0,0,0
KNPA,"Pensacola , FL, US",United States,FL,VFR,1890,1890,100
KNPA,"Pensacola , FL, US",United States,FL,IFR,0,0,0
KNPA,"Pensacola , FL, US",United States,FL,LIFR,0,0,0
KNPA,"Pensacola , FL, US",United States,FL,MVFR,0,0,0
KNQA,"Millington Rgnl, TN, US",United States,TN,VFR,1745,1805,96.68
KNQA,"Millington Rgnl, TN, US",United States,TN,MVFR,60,1805,3.32
KNQA,"Millington Rgnl, TN, US",United States,TN,IFR,0,0,0
KNQA,"Millington Rgnl, TN, US",United States,TN,LIFR,0,0,0
KNQI,"Kingsville, TX, US",United States,TX,VFR,1770,1890,93.65
KNQI,"Kingsville, TX, US",United States,TX,MVFR,120,1890,6.35
KNQI,"Kingsville, TX, US",United States,TX,IFR,0,0,0
KNQI,"Kingsville, TX, US",United States,TX,LIFR,0,0,0
KNQX,"Key West , FL, US",United States,FL,VFR,1790,1890,94.71
KNQX,"Key West , FL, US",United States,FL,MVFR,100,1890,5.29
KNQX,"Key West , FL, US",United States,FL,IFR,0,0,0
KNQX,"Key West , FL, US",United States,FL,LIFR,0,0,0
KNRA,"Coupeville, Out, WA, US",United States,WA,VFR,1081,1230,87.89
KNRA,"Coupeville, Out, WA, US",United States,WA,MVFR,116,1230,9.43
KNRA,"Coupeville, Out, WA, US",United States,WA,IFR,33,1230,2.68
KNRA,"Coupeville, Out, WA, US",United States,WA,LIFR,0,0,0
KNRB,"Mayport , FL, US",United States,FL,VFR,1651,1919,86.03
KNRB,"Mayport , FL, US",United States,FL,MVFR,268,1919,13.97
KNRB,"Mayport , FL, US",United States,FL,IFR,0,0,0
KNRB,"Mayport , FL, US",United States,FL,LIFR,0,0,0
KNRN,"Norton Muni, KS, US",United States,KS,VFR,1590,1870,85.03
KNRN,"Norton Muni, KS, US",United States,KS,IFR,120,1870,6.42
KNRN,"Norton Muni, KS, US",United States,KS,LIFR,80,1870,4.28
KNRN,"Norton Muni, KS, US",United States,KS,MVFR,80,1870,4.28
KNRS,"Imperial Beach, CA, US",United States,CA,VFR,1248,1890,66.03
KNRS,"Imperial Beach, CA, US",United States,CA,MVFR,642,1890,33.97
KNRS,"Imperial Beach, CA, US",United States,CA,IFR,0,0,0
KNRS,"Imperial Beach, CA, US",United States,CA,LIFR,0,0,0
KNSE,"Milton/Whiting N, FL, US",United States,FL,VFR,1890,1890,100
KNSE,"Milton/Whiting N, FL, US",United States,FL,IFR,0,0,0
KNSE,"Milton/Whiting N, FL, US",United States,FL,LIFR,0,0,0
KNSE,"Milton/Whiting N, FL, US",United States,FL,MVFR,0,0,0
KNSI,"San Nicholas Island Arpt, CA, US",United States,CA,VFR,919,919,100
KNSI,"San Nicholas Island Arpt, CA, US",United States,CA,IFR,0,0,0
KNSI,"San Nicholas Island Arpt, CA, US",United States,CA,LIFR,0,0,0
KNSI,"San Nicholas Island Arpt, CA, US",United States,CA,MVFR,0,0,0
KNTD,"Pt Mugu , CA, US",United States,CA,VFR,1523,1890,80.58
KNTD,"Pt Mugu , CA, US",United States,CA,MVFR,367,1890,19.42
KNTD,"Pt Mugu , CA, US",United States,CA,IFR,0,0,0
KNTD,"Pt Mugu , CA, US",United States,CA,LIFR,0,0,0
KNTU,"Oceana, VA, US",United States,VA,VFR,1532,1890,81.06
KNTU,"Oceana, VA, US",United States,VA,MVFR,309,1890,16.35
KNTU,"Oceana, VA, US",United States,VA,IFR,49,1890,2.59
KNTU,"Oceana, VA, US",United States,VA,LIFR,0,0,0
KNUC,"San Clemente, CA, US",United States,CA,VFR,510,626,81.47
KNUC,"San Clemente, CA, US",United States,CA,MVFR,116,626,18.53
KNUC,"San Clemente, CA, US",United States,CA,IFR,0,0,0
KNUC,"San Clemente, CA, US",United States,CA,LIFR,0,0,0
KNUI,"St Inigoes/Webster Fld, MD, US",United States,MD,VFR,1448,1830,79.13
KNUI,"St Inigoes/Webster Fld, MD, US",United States,MD,MVFR,382,1830,20.87
KNUI,"St Inigoes/Webster Fld, MD, US",United States,MD,IFR,0,0,0
KNUI,"St Inigoes/Webster Fld, MD, US",United States,MD,LIFR,0,0,0
KNUQ,"Moffett Fed Airfld, CA, US",United States,CA,VFR,1415,1890,74.87
KNUQ,"Moffett Fed Airfld, CA, US",United States,CA,MVFR,475,1890,25.13
KNUQ,"Moffett Fed Airfld, CA, US",United States,CA,IFR,0,0,0
KNUQ,"Moffett Fed Airfld, CA, US",United States,CA,LIFR,0,0,0
KNUW,"Whidbey Island, WA, US",United States,WA,VFR,1890,1890,100
KNUW,"Whidbey Island, WA, US",United States,WA,IFR,0,0,0
KNUW,"Whidbey Island, WA, US",United States,WA,LIFR,0,0,0
KNUW,"Whidbey Island, WA, US",United States,WA,MVFR,0,0,0
KNXP,"Twentynine Palms/Self Arpt, CA, US",United States,CA,VFR,300,300,100
KNXP,"Twentynine Palms/Self Arpt, CA, US",United States,CA,IFR,0,0,0
KNXP,"Twentynine Palms/Self Arpt, CA, US",United States,CA,LIFR,0,0,0
KNXP,"Twentynine Palms/Self Arpt, CA, US",United States,CA,MVFR,0,0,0
KNY0,"Johnstown/Fulton Cnty, NY, US",United States,NY,VFR,1830,1870,97.86
KNY0,"Johnstown/Fulton Cnty, NY, US",United States,NY,MVFR,40,1870,2.14
KNY0,"Johnstown/Fulton Cnty, NY, US",United States,NY,IFR,0,0,0
KNY0,"Johnstown/Fulton Cnty, NY, US",United States,NY,LIFR,0,0,0
KNYG,"Quantico , VA, US",United States,VA,VFR,1659,1871,88.67
KNYG,"Quantico , VA, US",United States,VA,MVFR,212,1871,11.33
KNYG,"Quantico , VA, US",United States,VA,IFR,0,0,0
KNYG,"Quantico , VA, US",United States,VA,LIFR,0,0,0
KNYL,"Yuma , AZ, US",United States,AZ,VFR,1890,1890,100
KNYL,"Yuma , AZ, US",United States,AZ,IFR,0,0,0
KNYL,"Yuma , AZ, US",United States,AZ,LIFR,0,0,0
KNYL,"Yuma , AZ, US",United States,AZ,MVFR,0,0,0
KNZY,"San Diego/North Island NAS, CA, US",United States,CA,VFR,1202,1890,63.6
KNZY,"San Diego/North Island NAS, CA, US",United States,CA,MVFR,688,1890,36.4
KNZY,"San Diego/North Island NAS, CA, US",United States,CA,IFR,0,0,0
KNZY,"San Diego/North Island NAS, CA, US",United States,CA,LIFR,0,0,0
KO05,"Chester/Rogers Fld, CA, US",United States,CA,VFR,1855,1895,97.89
KO05,"Chester/Rogers Fld, CA, US",United States,CA,MVFR,40,1895,2.11
KO05,"Chester/Rogers Fld, CA, US",United States,CA,IFR,0,0,0
KO05,"Chester/Rogers Fld, CA, US",United States,CA,LIFR,0,0,0
KO22,"Columbia Arpt, CA, US",United States,CA,VFR,1870,1870,100
KO22,"Columbia Arpt, CA, US",United States,CA,IFR,0,0,0
KO22,"Columbia Arpt, CA, US",United States,CA,LIFR,0,0,0
KO22,"Columbia Arpt, CA, US",United States,CA,MVFR,0,0,0
KO26,"Lone Pine Arpt, CA, US",United States,CA,VFR,1870,1870,100
KO26,"Lone Pine Arpt, CA, US",United States,CA,IFR,0,0,0
KO26,"Lone Pine Arpt, CA, US",United States,CA,LIFR,0,0,0
KO26,"Lone Pine Arpt, CA, US",United States,CA,MVFR,0,0,0
KO32,"Reedley Muni, CA, US",United States,CA,VFR,1870,1870,100
KO32,"Reedley Muni, CA, US",United States,CA,IFR,0,0,0
KO32,"Reedley Muni, CA, US",United States,CA,LIFR,0,0,0
KO32,"Reedley Muni, CA, US",United States,CA,MVFR,0,0,0
KO54,"Weaverville Arpt, CA, US",United States,CA,VFR,1620,1890,85.71
KO54,"Weaverville Arpt, CA, US",United States,CA,MVFR,270,1890,14.29
KO54,"Weaverville Arpt, CA, US",United States,CA,IFR,0,0,0
KO54,"Weaverville Arpt, CA, US",United States,CA,LIFR,0,0,0
KO61,"Cameron Pa, CA, US",United States,CA,VFR,1030,1290,79.84
KO61,"Cameron Pa, CA, US",United States,CA,MVFR,260,1290,20.16
KO61,"Cameron Pa, CA, US",United States,CA,IFR,0,0,0
KO61,"Cameron Pa, CA, US",United States,CA,LIFR,0,0,0
KO69,"Petaluma Muni, CA, US",United States,CA,MVFR,1350,1890,71.43
KO69,"Petaluma Muni, CA, US",United States,CA,VFR,500,1890,26.46
KO69,"Petaluma Muni, CA, US",United States,CA,IFR,40,1890,2.12
KO69,"Petaluma Muni, CA, US",United States,CA,LIFR,0,0,0
KO86,"Trinity Center Arpt, CA, US",United States,CA,VFR,1320,1890,69.84
KO86,"Trinity Center Arpt, CA, US",United States,CA,MVFR,570,1890,30.16
KO86,"Trinity Center Arpt, CA, US",United States,CA,IFR,0,0,0
KO86,"Trinity Center Arpt, CA, US",United States,CA,LIFR,0,0,0
KOAJ,"Jacksonville/Ellis Arpt, NC, US",United States,NC,VFR,1699,1864,91.15
KOAJ,"Jacksonville/Ellis Arpt, NC, US",United States,NC,MVFR,131,1864,7.03
KOAJ,"Jacksonville/Ellis Arpt, NC, US",United States,NC,IFR,34,1864,1.82
KOAJ,"Jacksonville/Ellis Arpt, NC, US",United States,NC,LIFR,0,0,0
KOAK,"Oakland Intl, CA, US",United States,CA,VFR,1230,1890,65.08
KOAK,"Oakland Intl, CA, US",United States,CA,MVFR,660,1890,34.92
KOAK,"Oakland Intl, CA, US",United States,CA,IFR,0,0,0
KOAK,"Oakland Intl, CA, US",United States,CA,LIFR,0,0,0
KOAR,"Marina Muni, CA, US",United States,CA,VFR,1350,1890,71.43
KOAR,"Marina Muni, CA, US",United States,CA,MVFR,540,1890,28.57
KOAR,"Marina Muni, CA, US",United States,CA,IFR,0,0,0
KOAR,"Marina Muni, CA, US",United States,CA,LIFR,0,0,0
KOBE,"Okeechobee Cnty Arpt, FL, US",United States,FL,VFR,580,580,100
KOBE,"Okeechobee Cnty Arpt, FL, US",United States,FL,IFR,0,0,0
KOBE,"Okeechobee Cnty Arpt, FL, US",United States,FL,LIFR,0,0,0
KOBE,"Okeechobee Cnty Arpt, FL, US",United States,FL,MVFR,0,0,0
KOCF,"Ocala Rgnl, FL, US",United States,FL,VFR,1487,1890,78.68
KOCF,"Ocala Rgnl, FL, US",United States,FL,MVFR,205,1890,10.85
KOCF,"Ocala Rgnl, FL, US",United States,FL,IFR,198,1890,10.48
KOCF,"Ocala Rgnl, FL, US",United States,FL,LIFR,0,0,0
KOCH,"Nacogdoches Rgnl, TX, US",United States,TX,VFR,1759,1838,95.7
KOCH,"Nacogdoches Rgnl, TX, US",United States,TX,MVFR,55,1838,2.99
KOCH,"Nacogdoches Rgnl, TX, US",United States,TX,IFR,24,1838,1.31
KOCH,"Nacogdoches Rgnl, TX, US",United States,TX,LIFR,0,0,0
KOCQ,"Oconto/Blake Mem, WI, US",United States,WI,VFR,1710,1830,93.44
KOCQ,"Oconto/Blake Mem, WI, US",United States,WI,IFR,60,1830,3.28
KOCQ,"Oconto/Blake Mem, WI, US",United States,WI,MVFR,60,1830,3.28
KOCQ,"Oconto/Blake Mem, WI, US",United States,WI,LIFR,0,0,0
KOCW,"Washington/Warren Arpt, NC, US",United States,NC,VFR,1810,1900,95.26
KOCW,"Washington/Warren Arpt, NC, US",United States,NC,MVFR,90,1900,4.74
KOCW,"Washington/Warren Arpt, NC, US",United States,NC,IFR,0,0,0
KOCW,"Washington/Warren Arpt, NC, US",United States,NC,LIFR,0,0,0
KODO,"Odessa/Schlemeyer Fld, TX, US",United States,TX,VFR,1890,1890,100
KODO,"Odessa/Schlemeyer Fld, TX, US",United States,TX,IFR,0,0,0
KODO,"Odessa/Schlemeyer Fld, TX, US",United States,TX,LIFR,0,0,0
KODO,"Odessa/Schlemeyer Fld, TX, US",United States,TX,MVFR,0,0,0
KODX,"Ord/Sharp Fld, NE, US",United States,NE,VFR,1595,1890,84.39
KODX,"Ord/Sharp Fld, NE, US",United States,NE,MVFR,295,1890,15.61
KODX,"Ord/Sharp Fld, NE, US",United States,NE,IFR,0,0,0
KODX,"Ord/Sharp Fld, NE, US",United States,NE,LIFR,0,0,0
KOEB,"Coldwater/Branch Cnty, MI, US",United States,MI,VFR,1890,1890,100
KOEB,"Coldwater/Branch Cnty, MI, US",United States,MI,IFR,0,0,0
KOEB,"Coldwater/Branch Cnty, MI, US",United States,MI,LIFR,0,0,0
KOEB,"Coldwater/Branch Cnty, MI, US",United States,MI,MVFR,0,0,0
KOEL,"Oakley Muni, KS, US",United States,KS,VFR,930,1870,49.73
KOEL,"Oakley Muni, KS, US",United States,KS,MVFR,600,1870,32.09
KOEL,"Oakley Muni, KS, US",United States,KS,LIFR,200,1870,10.7
KOEL,"Oakley Muni, KS, US",United States,KS,IFR,140,1870,7.49
KOEO,"Osceola/Simenstad Muni, WI, US",United States,WI,VFR,1890,1890,100
KOEO,"Osceola/Simenstad Muni, WI, US",United States,WI,IFR,0,0,0
KOEO,"Osceola/Simenstad Muni, WI, US",United States,WI,LIFR,0,0,0
KOEO,"Osceola/Simenstad Muni, WI, US",United States,WI,MVFR,0,0,0
KOFF,"Bellevue/Offutt AFB, NE, US",United States,NE,VFR,1608,1650,97.45
KOFF,"Bellevue/Offutt AFB, NE, US",United States,NE,IFR,42,1650,2.55
KOFF,"Bellevue/Offutt AFB, NE, US",United States,NE,LIFR,0,0,0
KOFF,"Bellevue/Offutt AFB, NE, US",United States,NE,MVFR,0,0,0
KOFK,"Norfolk/Stefan Mem, NE, US",United States,NE,VFR,1890,1890,100
KOFK,"Norfolk/Stefan Mem, NE, US",United States,NE,IFR,0,0,0
KOFK,"Norfolk/Stefan Mem, NE, US",United States,NE,LIFR,0,0,0
KOFK,"Norfolk/Stefan Mem, NE, US",United States,NE,MVFR,0,0,0
KOFP,"Richmond/Hanover Cnty, VA, US",United States,VA,VFR,1830,1830,100
KOFP,"Richmond/Hanover Cnty, VA, US",United States,VA,IFR,0,0,0
KOFP,"Richmond/Hanover Cnty, VA, US",United States,VA,LIFR,0,0,0
KOFP,"Richmond/Hanover Cnty, VA, US",United States,VA,MVFR,0,0,0
KOGA,"Ogalla/Searle Fld, NE, US",United States,NE,VFR,930,1890,49.21
KOGA,"Ogalla/Searle Fld, NE, US",United States,NE,MVFR,480,1890,25.4
KOGA,"Ogalla/Searle Fld, NE, US",United States,NE,LIFR,380,1890,20.11
KOGA,"Ogalla/Searle Fld, NE, US",United States,NE,IFR,100,1890,5.29
KOGB,"Orangeburg Muni, SC, US",United States,SC,VFR,1559,1863,83.68
KOGB,"Orangeburg Muni, SC, US",United States,SC,MVFR,259,1863,13.9
KOGB,"Orangeburg Muni, SC, US",United States,SC,LIFR,33,1863,1.77
KOGB,"Orangeburg Muni, SC, US",United States,SC,IFR,12,1863,0.64
KOGD,"Ogden/Hinckley Arpt, UT, US",United States,UT,VFR,1890,1890,100
KOGD,"Ogden/Hinckley Arpt, UT, US",United States,UT,IFR,0,0,0
KOGD,"Ogden/Hinckley Arpt, UT, US",United States,UT,LIFR,0,0,0
KOGD,"Ogden/Hinckley Arpt, UT, US",United States,UT,MVFR,0,0,0
KOGS,"Ogdensburg Intl, NY, US",United States,NY,VFR,1830,1890,96.83
KOGS,"Ogdensburg Intl, NY, US",United States,NY,MVFR,60,1890,3.17
KOGS,"Ogdensburg Intl, NY, US",United States,NY,IFR,0,0,0
KOGS,"Ogdensburg Intl, NY, US",United States,NY,LIFR,0,0,0
KOIC,"Norwich/Eaton Arpt, NY, US",United States,NY,VFR,1690,1870,90.37
KOIC,"Norwich/Eaton Arpt, NY, US",United States,NY,MVFR,160,1870,8.56
KOIC,"Norwich/Eaton Arpt, NY, US",United States,NY,IFR,20,1870,1.07
KOIC,"Norwich/Eaton Arpt, NY, US",United States,NY,LIFR,0,0,0
KOIN,"Oberlin Muni, KS, US",United States,KS,VFR,1370,1890,72.49
KOIN,"Oberlin Muni, KS, US",United States,KS,LIFR,260,1890,13.76
KOIN,"Oberlin Muni, KS, US",United States,KS,MVFR,180,1890,9.52
KOIN,"Oberlin Muni, KS, US",United States,KS,IFR,80,1890,4.23
KOJA,"Weatherford/Stafford Arpt, OK, US",United States,OK,VFR,1410,1890,74.6
KOJA,"Weatherford/Stafford Arpt, OK, US",United States,OK,IFR,300,1890,15.87
KOJA,"Weatherford/Stafford Arpt, OK, US",United States,OK,LIFR,120,1890,6.35
KOJA,"Weatherford/Stafford Arpt, OK, US",United States,OK,MVFR,60,1890,3.17
KOJC,"Olathe/Johnson Cnty, KS, US",United States,KS,VFR,1758,1890,93.02
KOJC,"Olathe/Johnson Cnty, KS, US",United States,KS,MVFR,132,1890,6.98
KOJC,"Olathe/Johnson Cnty, KS, US",United States,KS,IFR,0,0,0
KOJC,"Olathe/Johnson Cnty, KS, US",United States,KS,LIFR,0,0,0
KOKB,"Oceanside Muni, CA, US",United States,CA,VFR,1402,1890,74.18
KOKB,"Oceanside Muni, CA, US",United States,CA,MVFR,295,1890,15.61
KOKB,"Oceanside Muni, CA, US",United States,CA,LIFR,180,1890,9.52
KOKB,"Oceanside Muni, CA, US",United States,CA,IFR,13,1890,0.69
KOKC,"Oklahoma City/Will Rogers Intl, OK, US",United States,OK,VFR,1319,1890,69.79
KOKC,"Oklahoma City/Will Rogers Intl, OK, US",United States,OK,IFR,372,1890,19.68
KOKC,"Oklahoma City/Will Rogers Intl, OK, US",United States,OK,LIFR,180,1890,9.52
KOKC,"Oklahoma City/Will Rogers Intl, OK, US",United States,OK,MVFR,19,1890,1.01
KOKK,"Kokomo Muni, IN, US",United States,IN,VFR,1830,1890,96.83
KOKK,"Kokomo Muni, IN, US",United States,IN,MVFR,60,1890,3.17
KOKK,"Kokomo Muni, IN, US",United States,IN,IFR,0,0,0
KOKK,"Kokomo Muni, IN, US",United States,IN,LIFR,0,0,0
KOKM,"Okmulgee Rgnl, OK, US",United States,OK,VFR,1550,1890,82.01
KOKM,"Okmulgee Rgnl, OK, US",United States,OK,MVFR,220,1890,11.64
KOKM,"Okmulgee Rgnl, OK, US",United States,OK,IFR,120,1890,6.35
KOKM,"Okmulgee Rgnl, OK, US",United States,OK,LIFR,0,0,0
KOKV,"Winchester Rgnl, VA, US",United States,VA,VFR,1690,1910,88.48
KOKV,"Winchester Rgnl, VA, US",United States,VA,MVFR,220,1910,11.52
KOKV,"Winchester Rgnl, VA, US",United States,VA,IFR,0,0,0
KOKV,"Winchester Rgnl, VA, US",United States,VA,LIFR,0,0,0
KOLE,"Olean/Cattaraugus Cnty, NY, US",United States,NY,VFR,1830,1870,97.86
KOLE,"Olean/Cattaraugus Cnty, NY, US",United States,NY,IFR,40,1870,2.14
KOLE,"Olean/Cattaraugus Cnty, NY, US",United States,NY,LIFR,0,0,0
KOLE,"Olean/Cattaraugus Cnty, NY, US",United States,NY,MVFR,0,0,0
KOLF,"Wolf Point/Clayton Arpt, MT, US",United States,MT,VFR,1890,1890,100
KOLF,"Wolf Point/Clayton Arpt, MT, US",United States,MT,IFR,0,0,0
KOLF,"Wolf Point/Clayton Arpt, MT, US",United States,MT,LIFR,0,0,0
KOLF,"Wolf Point/Clayton Arpt, MT, US",United States,MT,MVFR,0,0,0
KOLG,"Solon Springs Muni, WI, US",United States,WI,VFR,1830,1890,96.83
KOLG,"Solon Springs Muni, WI, US",United States,WI,MVFR,40,1890,2.12
KOLG,"Solon Springs Muni, WI, US",United States,WI,IFR,20,1890,1.06
KOLG,"Solon Springs Muni, WI, US",United States,WI,LIFR,0,0,0
KOLM,"Olympia Rgnl, WA, US",United States,WA,VFR,1531,1890,81.01
KOLM,"Olympia Rgnl, WA, US",United States,WA,LIFR,214,1890,11.32
KOLM,"Olympia Rgnl, WA, US",United States,WA,MVFR,89,1890,4.71
KOLM,"Olympia Rgnl, WA, US",United States,WA,IFR,56,1890,2.96
KOLS,"Nogales Intl, AZ, US",United States,AZ,VFR,1890,1890,100
KOLS,"Nogales Intl, AZ, US",United States,AZ,IFR,0,0,0
KOLS,"Nogales Intl, AZ, US",United States,AZ,LIFR,0,0,0
KOLS,"Nogales Intl, AZ, US",United States,AZ,MVFR,0,0,0
KOLU,"Columbus Muni, NE, US",United States,NE,VFR,1890,1890,100
KOLU,"Columbus Muni, NE, US",United States,NE,IFR,0,0,0
KOLU,"Columbus Muni, NE, US",United States,NE,LIFR,0,0,0
KOLU,"Columbus Muni, NE, US",United States,NE,MVFR,0,0,0
KOLV,"Olive Branch Arpt, MS, US",United States,MS,VFR,1590,1865,85.25
KOLV,"Olive Branch Arpt, MS, US",United States,MS,MVFR,215,1865,11.53
KOLV,"Olive Branch Arpt, MS, US",United States,MS,IFR,60,1865,3.22
KOLV,"Olive Branch Arpt, MS, US",United States,MS,LIFR,0,0,0
KOLY,"Olney/Noble Arpt, IL, US",United States,IL,VFR,1890,1890,100
KOLY,"Olney/Noble Arpt, IL, US",United States,IL,IFR,0,0,0
KOLY,"Olney/Noble Arpt, IL, US",United States,IL,LIFR,0,0,0
KOLY,"Olney/Noble Arpt, IL, US",United States,IL,MVFR,0,0,0
KOLZ,"Oelwein Muni, IA, US",United States,IA,VFR,1890,1890,100
KOLZ,"Oelwein Muni, IA, US",United States,IA,IFR,0,0,0
KOLZ,"Oelwein Muni, IA, US",United States,IA,LIFR,0,0,0
KOLZ,"Oelwein Muni, IA, US",United States,IA,MVFR,0,0,0
KOMA,"Omaha/Eppley Fld, NE, US",United States,NE,VFR,1890,1890,100
KOMA,"Omaha/Eppley Fld, NE, US",United States,NE,IFR,0,0,0
KOMA,"Omaha/Eppley Fld, NE, US",United States,NE,LIFR,0,0,0
KOMA,"Omaha/Eppley Fld, NE, US",United States,NE,MVFR,0,0,0
KOMH,"Orange Cnty Arpt, VA, US",United States,VA,VFR,1850,1890,97.88
KOMH,"Orange Cnty Arpt, VA, US",United States,VA,IFR,20,1890,1.06
KOMH,"Orange Cnty Arpt, VA, US",United States,VA,MVFR,20,1890,1.06
KOMH,"Orange Cnty Arpt, VA, US",United States,VA,LIFR,0,0,0
KOMK,"Omak Arpt, WA, US",United States,WA,VFR,1860,1904,97.69
KOMK,"Omak Arpt, WA, US",United States,WA,MVFR,30,1904,1.58
KOMK,"Omak Arpt, WA, US",United States,WA,IFR,14,1904,0.74
KOMK,"Omak Arpt, WA, US",United States,WA,LIFR,0,0,0
KOMN,"Ormond Beach Muni, FL, US",United States,FL,VFR,1020,1350,75.56
KOMN,"Ormond Beach Muni, FL, US",United States,FL,MVFR,330,1350,24.44
KOMN,"Ormond Beach Muni, FL, US",United States,FL,IFR,0,0,0
KOMN,"Ormond Beach Muni, FL, US",United States,FL,LIFR,0,0,0
KONA,"Winona Muni, MN, US",United States,MN,VFR,1890,1910,98.95
KONA,"Winona Muni, MN, US",United States,MN,LIFR,20,1910,1.05
KONA,"Winona Muni, MN, US",United States,MN,IFR,0,0,0
KONA,"Winona Muni, MN, US",United States,MN,MVFR,0,0,0
KONL,"O'Neill Muni, NE, US",United States,NE,VFR,1730,1890,91.53
KONL,"O'Neill Muni, NE, US",United States,NE,MVFR,160,1890,8.47
KONL,"O'Neill Muni, NE, US",United States,NE,IFR,0,0,0
KONL,"O'Neill Muni, NE, US",United States,NE,LIFR,0,0,0
KONM,"Socorro Muni, NM, US",United States,NM,VFR,1890,1890,100
KONM,"Socorro Muni, NM, US",United States,NM,IFR,0,0,0
KONM,"Socorro Muni, NM, US",United States,NM,LIFR,0,0,0
KONM,"Socorro Muni, NM, US",United States,NM,MVFR,0,0,0
KONO,"Ontario Muni, OR, US",United States,OR,IFR,0,0,0
KONO,"Ontario Muni, OR, US",United States,OR,LIFR,0,0,0
KONO,"Ontario Muni, OR, US",United States,OR,MVFR,0,0,0
KONO,"Ontario Muni, OR, US",United States,OR,VFR,0,0,0
KONP,"Newport Muni, OR, US",United States,OR,VFR,1710,1890,90.48
KONP,"Newport Muni, OR, US",United States,OR,MVFR,180,1890,9.52
KONP,"Newport Muni, OR, US",United States,OR,IFR,0,0,0
KONP,"Newport Muni, OR, US",United States,OR,LIFR,0,0,0
KONT,"Ontario Intl, CA, US",United States,CA,VFR,1477,1919,76.97
KONT,"Ontario Intl, CA, US",United States,CA,LIFR,174,1919,9.07
KONT,"Ontario Intl, CA, US",United States,CA,MVFR,151,1919,7.87
KONT,"Ontario Intl, CA, US",United States,CA,IFR,117,1919,6.1
KONX,"Currituck Cnty, NC, US",United States,NC,VFR,1650,1900,86.84
KONX,"Currituck Cnty, NC, US",United States,NC,MVFR,250,1900,13.16
KONX,"Currituck Cnty, NC, US",United States,NC,IFR,0,0,0
KONX,"Currituck Cnty, NC, US",United States,NC,LIFR,0,0,0
KONZ,"Grosse Isle Muni, MI, US",United States,MI,VFR,1770,1770,100
KONZ,"Grosse Isle Muni, MI, US",United States,MI,IFR,0,0,0
KONZ,"Grosse Isle Muni, MI, US",United States,MI,LIFR,0,0,0
KONZ,"Grosse Isle Muni, MI, US",United States,MI,MVFR,0,0,0
KOOA,"Oskaloosa Muni, IA, US",United States,IA,VFR,1350,1850,72.97
KOOA,"Oskaloosa Muni, IA, US",United States,IA,LIFR,400,1850,21.62
KOOA,"Oskaloosa Muni, IA, US",United States,IA,MVFR,80,1850,4.32
KOOA,"Oskaloosa Muni, IA, US",United States,IA,IFR,20,1850,1.08
KOPF,"Miami/Opa Locka Arpt, FL, US",United States,FL,VFR,1658,1890,87.72
KOPF,"Miami/Opa Locka Arpt, FL, US",United States,FL,MVFR,176,1890,9.31
KOPF,"Miami/Opa Locka Arpt, FL, US",United States,FL,IFR,56,1890,2.96
KOPF,"Miami/Opa Locka Arpt, FL, US",United States,FL,LIFR,0,0,0
KOPL,"Opelousas/St Landry, LA, US",United States,LA,VFR,1750,1890,92.59
KOPL,"Opelousas/St Landry, LA, US",United States,LA,LIFR,120,1890,6.35
KOPL,"Opelousas/St Landry, LA, US",United States,LA,IFR,20,1890,1.06
KOPL,"Opelousas/St Landry, LA, US",United States,LA,MVFR,0,0,0
KOPN,"Thomaston/Upson Cnty, GA, US",United States,GA,VFR,1190,1910,62.3
KOPN,"Thomaston/Upson Cnty, GA, US",United States,GA,MVFR,600,1910,31.41
KOPN,"Thomaston/Upson Cnty, GA, US",United States,GA,IFR,120,1910,6.28
KOPN,"Thomaston/Upson Cnty, GA, US",United States,GA,LIFR,0,0,0
KOQN,"West Chester/Brandywine Rgnl, PA, US",United States,PA,VFR,1690,1870,90.37
KOQN,"West Chester/Brandywine Rgnl, PA, US",United States,PA,MVFR,100,1870,5.35
KOQN,"West Chester/Brandywine Rgnl, PA, US",United States,PA,IFR,80,1870,4.28
KOQN,"West Chester/Brandywine Rgnl, PA, US",United States,PA,LIFR,0,0,0
KOQU,"N Kingston/Quonset Arpt, RI, US",United States,RI,VFR,1350,1865,72.39
KOQU,"N Kingston/Quonset Arpt, RI, US",United States,RI,MVFR,335,1865,17.96
KOQU,"N Kingston/Quonset Arpt, RI, US",United States,RI,IFR,180,1865,9.65
KOQU,"N Kingston/Quonset Arpt, RI, US",United States,RI,LIFR,0,0,0
KORD,"Chicago/O'Hare Intl, IL, US",United States,IL,VFR,1890,1890,100
KORD,"Chicago/O'Hare Intl, IL, US",United States,IL,IFR,0,0,0
KORD,"Chicago/O'Hare Intl, IL, US",United States,IL,LIFR,0,0,0
KORD,"Chicago/O'Hare Intl, IL, US",United States,IL,MVFR,0,0,0
KORE,"Orange Muni, MA, US",United States,MA,VFR,1685,1881,89.58
KORE,"Orange Muni, MA, US",United States,MA,MVFR,196,1881,10.42
KORE,"Orange Muni, MA, US",United States,MA,IFR,0,0,0
KORE,"Orange Muni, MA, US",United States,MA,LIFR,0,0,0
KORF,"Norfolk Intl, VA, US",United States,VA,VFR,1747,1890,92.43
KORF,"Norfolk Intl, VA, US",United States,VA,MVFR,143,1890,7.57
KORF,"Norfolk Intl, VA, US",United States,VA,IFR,0,0,0
KORF,"Norfolk Intl, VA, US",United States,VA,LIFR,0,0,0
KORG,"Orange/Orange Cnty, TX, US",United States,TX,VFR,1850,1890,97.88
KORG,"Orange/Orange Cnty, TX, US",United States,TX,MVFR,40,1890,2.12
KORG,"Orange/Orange Cnty, TX, US",United States,TX,IFR,0,0,0
KORG,"Orange/Orange Cnty, TX, US",United States,TX,LIFR,0,0,0
KORH,"Worcester Muni, MA, US",United States,MA,VFR,1683,1890,89.05
KORH,"Worcester Muni, MA, US",United States,MA,MVFR,130,1890,6.88
KORH,"Worcester Muni, MA, US",United States,MA,IFR,77,1890,4.07
KORH,"Worcester Muni, MA, US",United States,MA,LIFR,0,0,0
KORK,"N Little Rock Muni, AR, US",United States,AR,VFR,1490,1870,79.68
KORK,"N Little Rock Muni, AR, US",United States,AR,MVFR,380,1870,20.32
KORK,"N Little Rock Muni, AR, US",United States,AR,IFR,0,0,0
KORK,"N Little Rock Muni, AR, US",United States,AR,LIFR,0,0,0
KORL,"Orlando/Executive, FL, US",United States,FL,VFR,1868,1890,98.84
KORL,"Orlando/Executive, FL, US",United States,FL,MVFR,22,1890,1.16
KORL,"Orlando/Executive, FL, US",United States,FL,IFR,0,0,0
KORL,"Orlando/Executive, FL, US",United States,FL,LIFR,0,0,0
KORS,"Eastsound/Orcas Island Arpt, WA, US",United States,WA,VFR,1850,1870,98.93
KORS,"Eastsound/Orcas Island Arpt, WA, US",United States,WA,MVFR,20,1870,1.07
KORS,"Eastsound/Orcas Island Arpt, WA, US",United States,WA,IFR,0,0,0
KORS,"Eastsound/Orcas Island Arpt, WA, US",United States,WA,LIFR,0,0,0
KOSA,"Mount Pleasant Rgnl, TX, US",United States,TX,VFR,1870,1890,98.94
KOSA,"Mount Pleasant Rgnl, TX, US",United States,TX,MVFR,20,1890,1.06
KOSA,"Mount Pleasant Rgnl, TX, US",United States,TX,IFR,0,0,0
KOSA,"Mount Pleasant Rgnl, TX, US",United States,TX,LIFR,0,0,0
KOSC,"Wurtsmith, MI, US",United States,MI,VFR,1870,1910,97.91
KOSC,"Wurtsmith, MI, US",United States,MI,MVFR,40,1910,2.09
KOSC,"Wurtsmith, MI, US",United States,MI,IFR,0,0,0
KOSC,"Wurtsmith, MI, US",United States,MI,LIFR,0,0,0
KOSH,"Oshkosh/Wittman Rgnl, WI, US",United States,WI,VFR,1890,1890,100
KOSH,"Oshkosh/Wittman Rgnl, WI, US",United States,WI,IFR,0,0,0
KOSH,"Oshkosh/Wittman Rgnl, WI, US",United States,WI,LIFR,0,0,0
KOSH,"Oshkosh/Wittman Rgnl, WI, US",United States,WI,MVFR,0,0,0
KOSU,"Columbus/Ohio State Univ Arpt, OH, US",United States,OH,VFR,1890,1890,100
KOSU,"Columbus/Ohio State Univ Arpt, OH, US",United States,OH,IFR,0,0,0
KOSU,"Columbus/Ohio State Univ Arpt, OH, US",United States,OH,LIFR,0,0,0
KOSU,"Columbus/Ohio State Univ Arpt, OH, US",United States,OH,MVFR,0,0,0
KOTG,"Worthington Muni, MN, US",United States,MN,VFR,1890,1890,100
KOTG,"Worthington Muni, MN, US",United States,MN,IFR,0,0,0
KOTG,"Worthington Muni, MN, US",United States,MN,LIFR,0,0,0
KOTG,"Worthington Muni, MN, US",United States,MN,MVFR,0,0,0
KOTH,"North Bend/SW Oregon Rgnl, OR, US",United States,OR,VFR,1467,1890,77.62
KOTH,"North Bend/SW Oregon Rgnl, OR, US",United States,OR,MVFR,423,1890,22.38
KOTH,"North Bend/SW Oregon Rgnl, OR, US",United States,OR,IFR,0,0,0
KOTH,"North Bend/SW Oregon Rgnl, OR, US",United States,OR,LIFR,0,0,0
KOTM,"Ottumwa Rgnl, IA, US",United States,IA,VFR,1890,1890,100
KOTM,"Ottumwa Rgnl, IA, US",United States,IA,IFR,0,0,0
KOTM,"Ottumwa Rgnl, IA, US",United States,IA,LIFR,0,0,0
KOTM,"Ottumwa Rgnl, IA, US",United States,IA,MVFR,0,0,0
KOUN,"Norman/Univ Oklahoma Arpt, OK, US",United States,OK,VFR,870,1230,70.73
KOUN,"Norman/Univ Oklahoma Arpt, OK, US",United States,OK,IFR,223,1230,18.13
KOUN,"Norman/Univ Oklahoma Arpt, OK, US",United States,OK,MVFR,137,1230,11.14
KOUN,"Norman/Univ Oklahoma Arpt, OK, US",United States,OK,LIFR,0,0,0
KOVE,"Oroville Muni, CA, US",United States,CA,VFR,1890,1890,100
KOVE,"Oroville Muni, CA, US",United States,CA,IFR,0,0,0
KOVE,"Oroville Muni, CA, US",United States,CA,LIFR,0,0,0
KOVE,"Oroville Muni, CA, US",United States,CA,MVFR,0,0,0
KOVL,"Olivia Rgnl, MN, US",United States,MN,VFR,1870,1910,97.91
KOVL,"Olivia Rgnl, MN, US",United States,MN,MVFR,40,1910,2.09
KOVL,"Olivia Rgnl, MN, US",United States,MN,IFR,0,0,0
KOVL,"Olivia Rgnl, MN, US",United States,MN,LIFR,0,0,0
KOVS,"Boscobel Arpt, WI, US",United States,WI,VFR,1674,1874,89.33
KOVS,"Boscobel Arpt, WI, US",United States,WI,LIFR,183,1874,9.77
KOVS,"Boscobel Arpt, WI, US",United States,WI,IFR,17,1874,0.91
KOVS,"Boscobel Arpt, WI, US",United States,WI,MVFR,0,0,0
KOWA,"Owatonna/Degner Rgnl, MN, US",United States,MN,VFR,1910,1910,100
KOWA,"Owatonna/Degner Rgnl, MN, US",United States,MN,IFR,0,0,0
KOWA,"Owatonna/Degner Rgnl, MN, US",United States,MN,LIFR,0,0,0
KOWA,"Owatonna/Degner Rgnl, MN, US",United States,MN,MVFR,0,0,0
KOWB,"Owensboro/Daviess Cnty, KY, US",United States,KY,VFR,1890,1890,100
KOWB,"Owensboro/Daviess Cnty, KY, US",United States,KY,IFR,0,0,0
KOWB,"Owensboro/Daviess Cnty, KY, US",United States,KY,LIFR,0,0,0
KOWB,"Owensboro/Daviess Cnty, KY, US",United States,KY,MVFR,0,0,0
KOWD,"Norwood Mem, MA, US",United States,MA,VFR,1653,1890,87.46
KOWD,"Norwood Mem, MA, US",United States,MA,IFR,167,1890,8.84
KOWD,"Norwood Mem, MA, US",United States,MA,MVFR,70,1890,3.7
KOWD,"Norwood Mem, MA, US",United States,MA,LIFR,0,0,0
KOWI,"Ottawa Muni, KS, US",United States,KS,VFR,1770,1890,93.65
KOWI,"Ottawa Muni, KS, US",United States,KS,MVFR,120,1890,6.35
KOWI,"Ottawa Muni, KS, US",United States,KS,IFR,0,0,0
KOWI,"Ottawa Muni, KS, US",United States,KS,LIFR,0,0,0
KOWP,"Sand Springs/Pogue Mem, OK, US",United States,OK,VFR,1730,1890,91.53
KOWP,"Sand Springs/Pogue Mem, OK, US",United States,OK,MVFR,160,1890,8.47
KOWP,"Sand Springs/Pogue Mem, OK, US",United States,OK,IFR,0,0,0
KOWP,"Sand Springs/Pogue Mem, OK, US",United States,OK,LIFR,0,0,0
KOWX,"Ottawa/Putnam Cnty, OH, US",United States,OH,VFR,1890,1910,98.95
KOWX,"Ottawa/Putnam Cnty, OH, US",United States,OH,MVFR,20,1910,1.05
KOWX,"Ottawa/Putnam Cnty, OH, US",United States,OH,IFR,0,0,0
KOWX,"Ottawa/Putnam Cnty, OH, US",United States,OH,LIFR,0,0,0
KOXB,"Ocean City Muni, MD, US",United States,MD,VFR,1549,1890,81.96
KOXB,"Ocean City Muni, MD, US",United States,MD,MVFR,182,1890,9.63
KOXB,"Ocean City Muni, MD, US",United States,MD,IFR,159,1890,8.41
KOXB,"Ocean City Muni, MD, US",United States,MD,LIFR,0,0,0
KOXC,"Oxford Arpt, CT, US",United States,CT,VFR,1507,1868,80.67
KOXC,"Oxford Arpt, CT, US",United States,CT,MVFR,323,1868,17.29
KOXC,"Oxford Arpt, CT, US",United States,CT,LIFR,38,1868,2.03
KOXC,"Oxford Arpt, CT, US",United States,CT,IFR,0,0,0
KOXD,"Oxford/Miami Univ Arpt, OH, US",United States,OH,VFR,1878,1878,100
KOXD,"Oxford/Miami Univ Arpt, OH, US",United States,OH,IFR,0,0,0
KOXD,"Oxford/Miami Univ Arpt, OH, US",United States,OH,LIFR,0,0,0
KOXD,"Oxford/Miami Univ Arpt, OH, US",United States,OH,MVFR,0,0,0
KOXI,"Knox/Starke Cnty, IN, US",United States,IN,VFR,1720,1890,91.01
KOXI,"Knox/Starke Cnty, IN, US",United States,IN,MVFR,170,1890,8.99
KOXI,"Knox/Starke Cnty, IN, US",United States,IN,IFR,0,0,0
KOXI,"Knox/Starke Cnty, IN, US",United States,IN,LIFR,0,0,0
KOXR,"Oxnard Arpt, CA, US",United States,CA,VFR,1497,1890,79.21
KOXR,"Oxnard Arpt, CA, US",United States,CA,MVFR,393,1890,20.79
KOXR,"Oxnard Arpt, CA, US",United States,CA,IFR,0,0,0
KOXR,"Oxnard Arpt, CA, US",United States,CA,LIFR,0,0,0
KOXV,"Knoxville Muni, IA, US",United States,IA,VFR,1850,1890,97.88
KOXV,"Knoxville Muni, IA, US",United States,IA,MVFR,40,1890,2.12
KOXV,"Knoxville Muni, IA, US",United States,IA,IFR,0,0,0
KOXV,"Knoxville Muni, IA, US",United States,IA,LIFR,0,0,0
KOYM,"St Marys Muni, PA, US",United States,PA,VFR,1790,1870,95.72
KOYM,"St Marys Muni, PA, US",United States,PA,MVFR,80,1870,4.28
KOYM,"St Marys Muni, PA, US",United States,PA,IFR,0,0,0
KOYM,"St Marys Muni, PA, US",United States,PA,LIFR,0,0,0
KOZA,"Ozona Muni, TX, US",United States,TX,VFR,1890,1890,100
KOZA,"Ozona Muni, TX, US",United States,TX,IFR,0,0,0
KOZA,"Ozona Muni, TX, US",United States,TX,LIFR,0,0,0
KOZA,"Ozona Muni, TX, US",United States,TX,MVFR,0,0,0
KOZR,"Ozark/Cairns AAF, AL, US",United States,AL,VFR,1650,1650,100
KOZR,"Ozark/Cairns AAF, AL, US",United States,AL,IFR,0,0,0
KOZR,"Ozark/Cairns AAF, AL, US",United States,AL,LIFR,0,0,0
KOZR,"Ozark/Cairns AAF, AL, US",United States,AL,MVFR,0,0,0
KOZW,"Howell/Hardy Arpt, MI, US",United States,MI,VFR,1891,1891,100
KOZW,"Howell/Hardy Arpt, MI, US",United States,MI,IFR,0,0,0
KOZW,"Howell/Hardy Arpt, MI, US",United States,MI,LIFR,0,0,0
KOZW,"Howell/Hardy Arpt, MI, US",United States,MI,MVFR,0,0,0
KP08,"Coolidge Muni, AZ, US",United States,AZ,VFR,1890,1890,100
KP08,"Coolidge Muni, AZ, US",United States,AZ,IFR,0,0,0
KP08,"Coolidge Muni, AZ, US",United States,AZ,LIFR,0,0,0
KP08,"Coolidge Muni, AZ, US",United States,AZ,MVFR,0,0,0
KP33,"Wilcox/Chocise Cnty, AZ, US",United States,AZ,VFR,1890,1890,100
KP33,"Wilcox/Chocise Cnty, AZ, US",United States,AZ,IFR,0,0,0
KP33,"Wilcox/Chocise Cnty, AZ, US",United States,AZ,LIFR,0,0,0
KP33,"Wilcox/Chocise Cnty, AZ, US",United States,AZ,MVFR,0,0,0
KP52,"Cottonwood Arpt, AZ, US",United States,AZ,VFR,1890,1890,100
KP52,"Cottonwood Arpt, AZ, US",United States,AZ,IFR,0,0,0
KP52,"Cottonwood Arpt, AZ, US",United States,AZ,LIFR,0,0,0
KP52,"Cottonwood Arpt, AZ, US",United States,AZ,MVFR,0,0,0
KPAE,"Everett/Paine Fld, WA, US",United States,WA,VFR,1419,1890,75.08
KPAE,"Everett/Paine Fld, WA, US",United States,WA,MVFR,471,1890,24.92
KPAE,"Everett/Paine Fld, WA, US",United States,WA,IFR,0,0,0
KPAE,"Everett/Paine Fld, WA, US",United States,WA,LIFR,0,0,0
KPAH,"Paducah/Barkley Rgnl, KY, US",United States,KY,VFR,1890,1890,100
KPAH,"Paducah/Barkley Rgnl, KY, US",United States,KY,IFR,0,0,0
KPAH,"Paducah/Barkley Rgnl, KY, US",United States,KY,LIFR,0,0,0
KPAH,"Paducah/Barkley Rgnl, KY, US",United States,KY,MVFR,0,0,0
KPAM,"Tyndall AFB, FL, US",United States,FL,VFR,1770,1770,100
KPAM,"Tyndall AFB, FL, US",United States,FL,IFR,0,0,0
KPAM,"Tyndall AFB, FL, US",United States,FL,LIFR,0,0,0
KPAM,"Tyndall AFB, FL, US",United States,FL,MVFR,0,0,0
KPAN,"Payson Arpt, AZ, US",United States,AZ,VFR,1870,1870,100
KPAN,"Payson Arpt, AZ, US",United States,AZ,IFR,0,0,0
KPAN,"Payson Arpt, AZ, US",United States,AZ,LIFR,0,0,0
KPAN,"Payson Arpt, AZ, US",United States,AZ,MVFR,0,0,0
KPAO,"Palo Alto Arpt, CA, US",United States,CA,VFR,922,1222,75.45
KPAO,"Palo Alto Arpt, CA, US",United States,CA,MVFR,300,1222,24.55
KPAO,"Palo Alto Arpt, CA, US",United States,CA,IFR,0,0,0
KPAO,"Palo Alto Arpt, CA, US",United States,CA,LIFR,0,0,0
KPBF,"Pine Bluff/Grider Fld, AR, US",United States,AR,VFR,1700,1890,89.95
KPBF,"Pine Bluff/Grider Fld, AR, US",United States,AR,MVFR,190,1890,10.05
KPBF,"Pine Bluff/Grider Fld, AR, US",United States,AR,IFR,0,0,0
KPBF,"Pine Bluff/Grider Fld, AR, US",United States,AR,LIFR,0,0,0
KPBG,"Plattsburgh Intl, NY, US",United States,NY,VFR,1890,1890,100
KPBG,"Plattsburgh Intl, NY, US",United States,NY,IFR,0,0,0
KPBG,"Plattsburgh Intl, NY, US",United States,NY,LIFR,0,0,0
KPBG,"Plattsburgh Intl, NY, US",United States,NY,MVFR,0,0,0
KPBH,"Phillips/Price Cnty, WI, US",United States,WI,VFR,1850,1890,97.88
KPBH,"Phillips/Price Cnty, WI, US",United States,WI,LIFR,40,1890,2.12
KPBH,"Phillips/Price Cnty, WI, US",United States,WI,IFR,0,0,0
KPBH,"Phillips/Price Cnty, WI, US",United States,WI,MVFR,0,0,0
KPBI,"Palm Beach Intl, FL, US",United States,FL,VFR,1840,1890,97.35
KPBI,"Palm Beach Intl, FL, US",United States,FL,MVFR,50,1890,2.65
KPBI,"Palm Beach Intl, FL, US",United States,FL,IFR,0,0,0
KPBI,"Palm Beach Intl, FL, US",United States,FL,LIFR,0,0,0
KPBX,"Pikeville/Pike Cnty, KY, US",United States,KY,VFR,1450,1890,76.72
KPBX,"Pikeville/Pike Cnty, KY, US",United States,KY,LIFR,280,1890,14.81
KPBX,"Pikeville/Pike Cnty, KY, US",United States,KY,MVFR,120,1890,6.35
KPBX,"Pikeville/Pike Cnty, KY, US",United States,KY,IFR,40,1890,2.12
KPCM,"Plant City Arpt, FL, US",United States,FL,VFR,1650,1870,88.24
KPCM,"Plant City Arpt, FL, US",United States,FL,LIFR,120,1870,6.42
KPCM,"Plant City Arpt, FL, US",United States,FL,MVFR,100,1870,5.35
KPCM,"Plant City Arpt, FL, US",United States,FL,IFR,0,0,0
KPCW,"Port Clinton/Erie-Ottawa Arpt, OH, US",United States,OH,VFR,1820,1900,95.79
KPCW,"Port Clinton/Erie-Ottawa Arpt, OH, US",United States,OH,MVFR,80,1900,4.21
KPCW,"Port Clinton/Erie-Ottawa Arpt, OH, US",United States,OH,IFR,0,0,0
KPCW,"Port Clinton/Erie-Ottawa Arpt, OH, US",United States,OH,LIFR,0,0,0
KPCZ,"Waupaca Muni, WI, US",United States,WI,VFR,1890,1890,100
KPCZ,"Waupaca Muni, WI, US",United States,WI,IFR,0,0,0
KPCZ,"Waupaca Muni, WI, US",United States,WI,LIFR,0,0,0
KPCZ,"Waupaca Muni, WI, US",United States,WI,MVFR,0,0,0
KPDC,"Prairie Du Chien Muni, WI, US",United States,WI,VFR,1850,1890,97.88
KPDC,"Prairie Du Chien Muni, WI, US",United States,WI,MVFR,40,1890,2.12
KPDC,"Prairie Du Chien Muni, WI, US",United States,WI,IFR,0,0,0
KPDC,"Prairie Du Chien Muni, WI, US",United States,WI,LIFR,0,0,0
KPDK,"Atlanta/Dekalb-Peachtree Arpt, GA, US",United States,GA,VFR,1403,1875,74.83
KPDK,"Atlanta/Dekalb-Peachtree Arpt, GA, US",United States,GA,MVFR,425,1875,22.67
KPDK,"Atlanta/Dekalb-Peachtree Arpt, GA, US",United States,GA,IFR,47,1875,2.51
KPDK,"Atlanta/Dekalb-Peachtree Arpt, GA, US",United States,GA,LIFR,0,0,0
KPDT,"Pendleton/E Oregon Rgnl, OR, US",United States,OR,VFR,1890,1890,100
KPDT,"Pendleton/E Oregon Rgnl, OR, US",United States,OR,IFR,0,0,0
KPDT,"Pendleton/E Oregon Rgnl, OR, US",United States,OR,LIFR,0,0,0
KPDT,"Pendleton/E Oregon Rgnl, OR, US",United States,OR,MVFR,0,0,0
KPDX,"Portland Intl, OR, US",United States,OR,VFR,1830,1890,96.83
KPDX,"Portland Intl, OR, US",United States,OR,MVFR,60,1890,3.17
KPDX,"Portland Intl, OR, US",United States,OR,IFR,0,0,0
KPDX,"Portland Intl, OR, US",United States,OR,LIFR,0,0,0
KPEA,"Pella Muni, IA, US",United States,IA,VFR,1890,1890,100
KPEA,"Pella Muni, IA, US",United States,IA,IFR,0,0,0
KPEA,"Pella Muni, IA, US",United States,IA,LIFR,0,0,0
KPEA,"Pella Muni, IA, US",United States,IA,MVFR,0,0,0
KPEO,"Penn Yan Arpt, NY, US",United States,NY,VFR,1789,1890,94.66
KPEO,"Penn Yan Arpt, NY, US",United States,NY,MVFR,101,1890,5.34
KPEO,"Penn Yan Arpt, NY, US",United States,NY,IFR,0,0,0
KPEO,"Penn Yan Arpt, NY, US",United States,NY,LIFR,0,0,0
KPEQ,"Pecos Muni, TX, US",United States,TX,VFR,1890,1890,100
KPEQ,"Pecos Muni, TX, US",United States,TX,IFR,0,0,0
KPEQ,"Pecos Muni, TX, US",United States,TX,LIFR,0,0,0
KPEQ,"Pecos Muni, TX, US",United States,TX,MVFR,0,0,0
KPEX,"Paynesville Muni, MN, US",United States,MN,VFR,1890,1890,100
KPEX,"Paynesville Muni, MN, US",United States,MN,IFR,0,0,0
KPEX,"Paynesville Muni, MN, US",United States,MN,LIFR,0,0,0
KPEX,"Paynesville Muni, MN, US",United States,MN,MVFR,0,0,0
KPEZ,"Pleasanton Muni, TX, US",United States,TX,VFR,1890,1890,100
KPEZ,"Pleasanton Muni, TX, US",United States,TX,IFR,0,0,0
KPEZ,"Pleasanton Muni, TX, US",United States,TX,LIFR,0,0,0
KPEZ,"Pleasanton Muni, TX, US",United States,TX,MVFR,0,0,0
KPGA,"Page Muni, AZ, US",United States,AZ,VFR,1890,1890,100
KPGA,"Page Muni, AZ, US",United States,AZ,IFR,0,0,0
KPGA,"Page Muni, AZ, US",United States,AZ,LIFR,0,0,0
KPGA,"Page Muni, AZ, US",United States,AZ,MVFR,0,0,0
KPGD,"Punta Gorda Arpt, FL, US",United States,FL,VFR,1846,1890,97.67
KPGD,"Punta Gorda Arpt, FL, US",United States,FL,MVFR,44,1890,2.33
KPGD,"Punta Gorda Arpt, FL, US",United States,FL,IFR,0,0,0
KPGD,"Punta Gorda Arpt, FL, US",United States,FL,LIFR,0,0,0
KPGV,"Greenville/Pitt Arpt, NC, US",United States,NC,VFR,1850,1900,97.37
KPGV,"Greenville/Pitt Arpt, NC, US",United States,NC,MVFR,50,1900,2.63
KPGV,"Greenville/Pitt Arpt, NC, US",United States,NC,IFR,0,0,0
KPGV,"Greenville/Pitt Arpt, NC, US",United States,NC,LIFR,0,0,0
KPHD,"New Philadelphia/Clever Fld, OH, US",United States,OH,VFR,1890,1890,100
KPHD,"New Philadelphia/Clever Fld, OH, US",United States,OH,IFR,0,0,0
KPHD,"New Philadelphia/Clever Fld, OH, US",United States,OH,LIFR,0,0,0
KPHD,"New Philadelphia/Clever Fld, OH, US",United States,OH,MVFR,0,0,0
KPHF,"Newport News/Williamsburg Intl, VA, US",United States,VA,VFR,1657,1890,87.67
KPHF,"Newport News/Williamsburg Intl, VA, US",United States,VA,MVFR,233,1890,12.33
KPHF,"Newport News/Williamsburg Intl, VA, US",United States,VA,IFR,0,0,0
KPHF,"Newport News/Williamsburg Intl, VA, US",United States,VA,LIFR,0,0,0
KPHG,"Phillipsburg Muni, KS, US",United States,KS,VFR,1870,1890,98.94
KPHG,"Phillipsburg Muni, KS, US",United States,KS,MVFR,20,1890,1.06
KPHG,"Phillipsburg Muni, KS, US",United States,KS,IFR,0,0,0
KPHG,"Phillipsburg Muni, KS, US",United States,KS,LIFR,0,0,0
KPHL,"Philadelphia Intl, PA, US",United States,PA,VFR,1605,1870,85.83
KPHL,"Philadelphia Intl, PA, US",United States,PA,MVFR,265,1870,14.17
KPHL,"Philadelphia Intl, PA, US",United States,PA,IFR,0,0,0
KPHL,"Philadelphia Intl, PA, US",United States,PA,LIFR,0,0,0
KPHN,"Port Huron/St Clair Cnty, MI, US",United States,MI,VFR,1650,1890,87.3
KPHN,"Port Huron/St Clair Cnty, MI, US",United States,MI,MVFR,159,1890,8.41
KPHN,"Port Huron/St Clair Cnty, MI, US",United States,MI,IFR,81,1890,4.29
KPHN,"Port Huron/St Clair Cnty, MI, US",United States,MI,LIFR,0,0,0
KPHP,"Philip Muni, SD, US",United States,SD,VFR,1890,1890,100
KPHP,"Philip Muni, SD, US",United States,SD,IFR,0,0,0
KPHP,"Philip Muni, SD, US",United States,SD,LIFR,0,0,0
KPHP,"Philip Muni, SD, US",United States,SD,MVFR,0,0,0
KPHT,"Paris/Henry Cnty, TN, US",United States,TN,VFR,1790,1890,94.71
KPHT,"Paris/Henry Cnty, TN, US",United States,TN,MVFR,100,1890,5.29
KPHT,"Paris/Henry Cnty, TN, US",United States,TN,IFR,0,0,0
KPHT,"Paris/Henry Cnty, TN, US",United States,TN,LIFR,0,0,0
KPHX,"Phoenix/Sky Harbor Intl, AZ, US",United States,AZ,VFR,1890,1890,100
KPHX,"Phoenix/Sky Harbor Intl, AZ, US",United States,AZ,IFR,0,0,0
KPHX,"Phoenix/Sky Harbor Intl, AZ, US",United States,AZ,LIFR,0,0,0
KPHX,"Phoenix/Sky Harbor Intl, AZ, US",United States,AZ,MVFR,0,0,0
KPIA,"Peoria Intl, IL, US",United States,IL,VFR,1890,1890,100
KPIA,"Peoria Intl, IL, US",United States,IL,IFR,0,0,0
KPIA,"Peoria Intl, IL, US",United States,IL,LIFR,0,0,0
KPIA,"Peoria Intl, IL, US",United States,IL,MVFR,0,0,0
KPIB,"Hattiesburg/Laurel Rgnl, MS, US",United States,MS,VFR,1658,1890,87.72
KPIB,"Hattiesburg/Laurel Rgnl, MS, US",United States,MS,LIFR,193,1890,10.21
KPIB,"Hattiesburg/Laurel Rgnl, MS, US",United States,MS,IFR,31,1890,1.64
KPIB,"Hattiesburg/Laurel Rgnl, MS, US",United States,MS,MVFR,8,1890,0.42
KPIE,"St Petersburg-Clearwater Intl, FL, US",United States,FL,VFR,1754,1890,92.8
KPIE,"St Petersburg-Clearwater Intl, FL, US",United States,FL,IFR,136,1890,7.2
KPIE,"St Petersburg-Clearwater Intl, FL, US",United States,FL,LIFR,0,0,0
KPIE,"St Petersburg-Clearwater Intl, FL, US",United States,FL,MVFR,0,0,0
KPIH,"Pocatello Rgnl, ID, US",United States,ID,VFR,1890,1890,100
KPIH,"Pocatello Rgnl, ID, US",United States,ID,IFR,0,0,0
KPIH,"Pocatello Rgnl, ID, US",United States,ID,LIFR,0,0,0
KPIH,"Pocatello Rgnl, ID, US",United States,ID,MVFR,0,0,0
KPIL,"Port Isabel/Cameron Cnty, TX, US",United States,TX,VFR,1865,1890,98.68
KPIL,"Port Isabel/Cameron Cnty, TX, US",United States,TX,MVFR,25,1890,1.32
KPIL,"Port Isabel/Cameron Cnty, TX, US",United States,TX,IFR,0,0,0
KPIL,"Port Isabel/Cameron Cnty, TX, US",United States,TX,LIFR,0,0,0
KPIM,"Pine Mountain/Harris Cnty, GA, US",United States,GA,VFR,1439,1870,76.95
KPIM,"Pine Mountain/Harris Cnty, GA, US",United States,GA,MVFR,310,1870,16.58
KPIM,"Pine Mountain/Harris Cnty, GA, US",United States,GA,IFR,121,1870,6.47
KPIM,"Pine Mountain/Harris Cnty, GA, US",United States,GA,LIFR,0,0,0
KPIR,"Pierre Muni, SD, US",United States,SD,VFR,1890,1890,100
KPIR,"Pierre Muni, SD, US",United States,SD,IFR,0,0,0
KPIR,"Pierre Muni, SD, US",United States,SD,LIFR,0,0,0
KPIR,"Pierre Muni, SD, US",United States,SD,MVFR,0,0,0
KPIT,"Pittsburgh Intl, PA, US",United States,PA,VFR,1890,1890,100
KPIT,"Pittsburgh Intl, PA, US",United States,PA,IFR,0,0,0
KPIT,"Pittsburgh Intl, PA, US",United States,PA,LIFR,0,0,0
KPIT,"Pittsburgh Intl, PA, US",United States,PA,MVFR,0,0,0
KPJC,"Zelienople Muni, PA, US",United States,PA,VFR,1310,1910,68.59
KPJC,"Zelienople Muni, PA, US",United States,PA,LIFR,420,1910,21.99
KPJC,"Zelienople Muni, PA, US",United States,PA,IFR,120,1910,6.28
KPJC,"Zelienople Muni, PA, US",United States,PA,MVFR,60,1910,3.14
KPKB,"Parkersburg/Mid Ohio Valley Rgnl, WV, US",United States,WV,VFR,1890,1890,100
KPKB,"Parkersburg/Mid Ohio Valley Rgnl, WV, US",United States,WV,IFR,0,0,0
KPKB,"Parkersburg/Mid Ohio Valley Rgnl, WV, US",United States,WV,LIFR,0,0,0
KPKB,"Parkersburg/Mid Ohio Valley Rgnl, WV, US",United States,WV,MVFR,0,0,0
KPKD,"Park Rapids/Konshok Fld, MN, US",United States,MN,VFR,1865,1865,100
KPKD,"Park Rapids/Konshok Fld, MN, US",United States,MN,IFR,0,0,0
KPKD,"Park Rapids/Konshok Fld, MN, US",United States,MN,LIFR,0,0,0
KPKD,"Park Rapids/Konshok Fld, MN, US",United States,MN,MVFR,0,0,0
KPKV,"Port Lavaca/Calhoun Cnty, TX, US",United States,TX,VFR,1890,1890,100
KPKV,"Port Lavaca/Calhoun Cnty, TX, US",United States,TX,IFR,0,0,0
KPKV,"Port Lavaca/Calhoun Cnty, TX, US",United States,TX,LIFR,0,0,0
KPKV,"Port Lavaca/Calhoun Cnty, TX, US",United States,TX,MVFR,0,0,0
KPLD,"Portland Muni, IN, US",United States,IN,VFR,1890,1910,98.95
KPLD,"Portland Muni, IN, US",United States,IN,MVFR,20,1910,1.05
KPLD,"Portland Muni, IN, US",United States,IN,IFR,0,0,0
KPLD,"Portland Muni, IN, US",United States,IN,LIFR,0,0,0
KPLN,"Pellston Rgnl, MI, US",United States,MI,VFR,1890,1890,100
KPLN,"Pellston Rgnl, MI, US",United States,MI,IFR,0,0,0
KPLN,"Pellston Rgnl, MI, US",United States,MI,LIFR,0,0,0
KPLN,"Pellston Rgnl, MI, US",United States,MI,MVFR,0,0,0
KPLR,"Pell City/St Clair Cnty, AL, US",United States,AL,VFR,1490,1790,83.24
KPLR,"Pell City/St Clair Cnty, AL, US",United States,AL,MVFR,240,1790,13.41
KPLR,"Pell City/St Clair Cnty, AL, US",United States,AL,IFR,60,1790,3.35
KPLR,"Pell City/St Clair Cnty, AL, US",United States,AL,LIFR,0,0,0
KPLU,"Tacoma/Pierce Cnty, WA, US",United States,WA,VFR,1830,1830,100
KPLU,"Tacoma/Pierce Cnty, WA, US",United States,WA,IFR,0,0,0
KPLU,"Tacoma/Pierce Cnty, WA, US",United States,WA,LIFR,0,0,0
KPLU,"Tacoma/Pierce Cnty, WA, US",United States,WA,MVFR,0,0,0
KPMD,"Palmdale Rgnl, CA, US",United States,CA,VFR,1890,1890,100
KPMD,"Palmdale Rgnl, CA, US",United States,CA,IFR,0,0,0
KPMD,"Palmdale Rgnl, CA, US",United States,CA,LIFR,0,0,0
KPMD,"Palmdale Rgnl, CA, US",United States,CA,MVFR,0,0,0
KPMH,"Portsmouth Rgnl, OH, US",United States,OH,VFR,1684,1904,88.45
KPMH,"Portsmouth Rgnl, OH, US",United States,OH,IFR,93,1904,4.88
KPMH,"Portsmouth Rgnl, OH, US",United States,OH,MVFR,92,1904,4.83
KPMH,"Portsmouth Rgnl, OH, US",United States,OH,LIFR,35,1904,1.84
KPMP,"Pompano Beach Arpt, FL, US",United States,FL,VFR,1757,1890,92.96
KPMP,"Pompano Beach Arpt, FL, US",United States,FL,MVFR,133,1890,7.04
KPMP,"Pompano Beach Arpt, FL, US",United States,FL,IFR,0,0,0
KPMP,"Pompano Beach Arpt, FL, US",United States,FL,LIFR,0,0,0
KPMU,"Panola Cnty, MS, US",United States,MS,VFR,1570,1890,83.07
KPMU,"Panola Cnty, MS, US",United States,MS,IFR,240,1890,12.7
KPMU,"Panola Cnty, MS, US",United States,MS,MVFR,80,1890,4.23
KPMU,"Panola Cnty, MS, US",United States,MS,LIFR,0,0,0
KPMV,"Plattsmouth Muni, NE, US",United States,NE,VFR,1890,1890,100
KPMV,"Plattsmouth Muni, NE, US",United States,NE,IFR,0,0,0
KPMV,"Plattsmouth Muni, NE, US",United States,NE,LIFR,0,0,0
KPMV,"Plattsmouth Muni, NE, US",United States,NE,MVFR,0,0,0
KPNA,"Pinedale/Wentz Fld, WY, US",United States,WY,VFR,1890,1890,100
KPNA,"Pinedale/Wentz Fld, WY, US",United States,WY,IFR,0,0,0
KPNA,"Pinedale/Wentz Fld, WY, US",United States,WY,LIFR,0,0,0
KPNA,"Pinedale/Wentz Fld, WY, US",United States,WY,MVFR,0,0,0
KPNC,"Ponca City Rgnl, OK, US",United States,OK,VFR,1807,1890,95.61
KPNC,"Ponca City Rgnl, OK, US",United States,OK,MVFR,83,1890,4.39
KPNC,"Ponca City Rgnl, OK, US",United States,OK,IFR,0,0,0
KPNC,"Ponca City Rgnl, OK, US",United States,OK,LIFR,0,0,0
KPNE,"Philadelphia/NE Arpt, PA, US",United States,PA,VFR,1696,1890,89.74
KPNE,"Philadelphia/NE Arpt, PA, US",United States,PA,MVFR,159,1890,8.41
KPNE,"Philadelphia/NE Arpt, PA, US",United States,PA,IFR,35,1890,1.85
KPNE,"Philadelphia/NE Arpt, PA, US",United States,PA,LIFR,0,0,0
KPNM,"Princeton Arpt, MN, US",United States,MN,VFR,1848,1919,96.3
KPNM,"Princeton Arpt, MN, US",United States,MN,IFR,71,1919,3.7
KPNM,"Princeton Arpt, MN, US",United States,MN,LIFR,0,0,0
KPNM,"Princeton Arpt, MN, US",United States,MN,MVFR,0,0,0
KPNS,"Pensacola Intl, FL, US",United States,FL,VFR,1890,1890,100
KPNS,"Pensacola Intl, FL, US",United States,FL,IFR,0,0,0
KPNS,"Pensacola Intl, FL, US",United States,FL,LIFR,0,0,0
KPNS,"Pensacola Intl, FL, US",United States,FL,MVFR,0,0,0
KPNT,"Pontiac Muni, IL, US",United States,IL,VFR,1890,1890,100
KPNT,"Pontiac Muni, IL, US",United States,IL,IFR,0,0,0
KPNT,"Pontiac Muni, IL, US",United States,IL,LIFR,0,0,0
KPNT,"Pontiac Muni, IL, US",United States,IL,MVFR,0,0,0
KPOB,"Pope AAF, NC, US",United States,NC,VFR,1524,1634,93.27
KPOB,"Pope AAF, NC, US",United States,NC,MVFR,110,1634,6.73
KPOB,"Pope AAF, NC, US",United States,NC,IFR,0,0,0
KPOB,"Pope AAF, NC, US",United States,NC,LIFR,0,0,0
KPOC,"La Verne/Brackett Fld, CA, US",United States,CA,VFR,870,1230,70.73
KPOC,"La Verne/Brackett Fld, CA, US",United States,CA,LIFR,180,1230,14.63
KPOC,"La Verne/Brackett Fld, CA, US",United States,CA,IFR,120,1230,9.76
KPOC,"La Verne/Brackett Fld, CA, US",United States,CA,MVFR,60,1230,4.88
KPOE,"Fort Polk AAF, LA, US",United States,LA,VFR,1650,1650,100
KPOE,"Fort Polk AAF, LA, US",United States,LA,IFR,0,0,0
KPOE,"Fort Polk AAF, LA, US",United States,LA,LIFR,0,0,0
KPOE,"Fort Polk AAF, LA, US",United States,LA,MVFR,0,0,0
KPOF,"Poplar Bluff Muni, MO, US",United States,MO,VFR,1890,1890,100
KPOF,"Poplar Bluff Muni, MO, US",United States,MO,IFR,0,0,0
KPOF,"Poplar Bluff Muni, MO, US",United States,MO,LIFR,0,0,0
KPOF,"Poplar Bluff Muni, MO, US",United States,MO,MVFR,0,0,0
KPOU,"Poughkeepsie/Hudson Valley Rgnl, NY, US",United States,NY,VFR,1799,1890,95.19
KPOU,"Poughkeepsie/Hudson Valley Rgnl, NY, US",United States,NY,MVFR,91,1890,4.81
KPOU,"Poughkeepsie/Hudson Valley Rgnl, NY, US",United States,NY,IFR,0,0,0
KPOU,"Poughkeepsie/Hudson Valley Rgnl, NY, US",United States,NY,LIFR,0,0,0
KPOV,"Ravenna/Portage Cnty, OH, US",United States,OH,VFR,1890,1890,100
KPOV,"Ravenna/Portage Cnty, OH, US",United States,OH,IFR,0,0,0
KPOV,"Ravenna/Portage Cnty, OH, US",United States,OH,LIFR,0,0,0
KPOV,"Ravenna/Portage Cnty, OH, US",United States,OH,MVFR,0,0,0
KPOY,"Powell Muni, WY, US",United States,WY,VFR,1890,1890,100
KPOY,"Powell Muni, WY, US",United States,WY,IFR,0,0,0
KPOY,"Powell Muni, WY, US",United States,WY,LIFR,0,0,0
KPOY,"Powell Muni, WY, US",United States,WY,MVFR,0,0,0
KPPA,"Pampa/Lefors Fld, TX, US",United States,TX,VFR,1670,1890,88.36
KPPA,"Pampa/Lefors Fld, TX, US",United States,TX,LIFR,200,1890,10.58
KPPA,"Pampa/Lefors Fld, TX, US",United States,TX,MVFR,20,1890,1.06
KPPA,"Pampa/Lefors Fld, TX, US",United States,TX,IFR,0,0,0
KPPF,"Parsons/Tri City Arpt, KS, US",United States,KS,VFR,1618,1890,85.61
KPPF,"Parsons/Tri City Arpt, KS, US",United States,KS,MVFR,272,1890,14.39
KPPF,"Parsons/Tri City Arpt, KS, US",United States,KS,IFR,0,0,0
KPPF,"Parsons/Tri City Arpt, KS, US",United States,KS,LIFR,0,0,0
KPPO,"La Porte Muni, IN, US",United States,IN,VFR,1810,1890,95.77
KPPO,"La Porte Muni, IN, US",United States,IN,IFR,40,1890,2.12
KPPO,"La Porte Muni, IN, US",United States,IN,LIFR,20,1890,1.06
KPPO,"La Porte Muni, IN, US",United States,IN,MVFR,20,1890,1.06
KPPQ,"Pittsfield/Penstone Muni, IL, US",United States,IL,VFR,1810,1890,95.77
KPPQ,"Pittsfield/Penstone Muni, IL, US",United States,IL,MVFR,80,1890,4.23
KPPQ,"Pittsfield/Penstone Muni, IL, US",United States,IL,IFR,0,0,0
KPPQ,"Pittsfield/Penstone Muni, IL, US",United States,IL,LIFR,0,0,0
KPQI,"Presque Isle Intl, ME, US",United States,ME,VFR,1651,1867,88.43
KPQI,"Presque Isle Intl, ME, US",United States,ME,MVFR,154,1867,8.25
KPQI,"Presque Isle Intl, ME, US",United States,ME,IFR,62,1867,3.32
KPQI,"Presque Isle Intl, ME, US",United States,ME,LIFR,0,0,0
KPQL,"Pascagoula/Lott Intl, MS, US",United States,MS,VFR,1770,1890,93.65
KPQL,"Pascagoula/Lott Intl, MS, US",United States,MS,MVFR,114,1890,6.03
KPQL,"Pascagoula/Lott Intl, MS, US",United States,MS,IFR,6,1890,0.32
KPQL,"Pascagoula/Lott Intl, MS, US",United States,MS,LIFR,0,0,0
KPRB,"Paso Robles Muni, CA, US",United States,CA,VFR,1507,1830,82.35
KPRB,"Paso Robles Muni, CA, US",United States,CA,MVFR,283,1830,15.46
KPRB,"Paso Robles Muni, CA, US",United States,CA,IFR,40,1830,2.19
KPRB,"Paso Robles Muni, CA, US",United States,CA,LIFR,0,0,0
KPRC,"Prescott/Love Fld, AZ, US",United States,AZ,VFR,1890,1890,100
KPRC,"Prescott/Love Fld, AZ, US",United States,AZ,IFR,0,0,0
KPRC,"Prescott/Love Fld, AZ, US",United States,AZ,LIFR,0,0,0
KPRC,"Prescott/Love Fld, AZ, US",United States,AZ,MVFR,0,0,0
KPRG,"Paris/Edgar Cnty, IL, US",United States,IL,VFR,1865,1885,98.94
KPRG,"Paris/Edgar Cnty, IL, US",United States,IL,MVFR,20,1885,1.06
KPRG,"Paris/Edgar Cnty, IL, US",United States,IL,IFR,0,0,0
KPRG,"Paris/Edgar Cnty, IL, US",United States,IL,LIFR,0,0,0
KPRN,"Greenville/Crenshaw Mem, AL, US",United States,AL,VFR,1817,1924,94.44
KPRN,"Greenville/Crenshaw Mem, AL, US",United States,AL,MVFR,107,1924,5.56
KPRN,"Greenville/Crenshaw Mem, AL, US",United States,AL,IFR,0,0,0
KPRN,"Greenville/Crenshaw Mem, AL, US",United States,AL,LIFR,0,0,0
KPRO,"Perry Muni, IA, US",United States,IA,VFR,1895,1895,100
KPRO,"Perry Muni, IA, US",United States,IA,IFR,0,0,0
KPRO,"Perry Muni, IA, US",United States,IA,LIFR,0,0,0
KPRO,"Perry Muni, IA, US",United States,IA,MVFR,0,0,0
KPRS,"Presidio/Lely Intl, TX, US",United States,TX,VFR,1890,1890,100
KPRS,"Presidio/Lely Intl, TX, US",United States,TX,IFR,0,0,0
KPRS,"Presidio/Lely Intl, TX, US",United States,TX,LIFR,0,0,0
KPRS,"Presidio/Lely Intl, TX, US",United States,TX,MVFR,0,0,0
KPRX,"Paris/Cox Fld, TX, US",United States,TX,VFR,1890,1890,100
KPRX,"Paris/Cox Fld, TX, US",United States,TX,IFR,0,0,0
KPRX,"Paris/Cox Fld, TX, US",United States,TX,LIFR,0,0,0
KPRX,"Paris/Cox Fld, TX, US",United States,TX,MVFR,0,0,0
KPSC,"Pasco/Tri Cities Arpt, WA, US",United States,WA,VFR,1830,1830,100
KPSC,"Pasco/Tri Cities Arpt, WA, US",United States,WA,IFR,0,0,0
KPSC,"Pasco/Tri Cities Arpt, WA, US",United States,WA,LIFR,0,0,0
KPSC,"Pasco/Tri Cities Arpt, WA, US",United States,WA,MVFR,0,0,0
KPSF,"Pittsfield Muni, MA, US",United States,MA,VFR,1623,1890,85.87
KPSF,"Pittsfield Muni, MA, US",United States,MA,MVFR,237,1890,12.54
KPSF,"Pittsfield Muni, MA, US",United States,MA,IFR,30,1890,1.59
KPSF,"Pittsfield Muni, MA, US",United States,MA,LIFR,0,0,0
KPSK,"Dublin/New River Valley Arpt, VA, US",United States,VA,VFR,1690,1910,88.48
KPSK,"Dublin/New River Valley Arpt, VA, US",United States,VA,MVFR,220,1910,11.52
KPSK,"Dublin/New River Valley Arpt, VA, US",United States,VA,IFR,0,0,0
KPSK,"Dublin/New River Valley Arpt, VA, US",United States,VA,LIFR,0,0,0
KPSM,"Portsmouth Intl, NH, US",United States,NH,VFR,1230,1650,74.55
KPSM,"Portsmouth Intl, NH, US",United States,NH,MVFR,360,1650,21.82
KPSM,"Portsmouth Intl, NH, US",United States,NH,IFR,60,1650,3.64
KPSM,"Portsmouth Intl, NH, US",United States,NH,LIFR,0,0,0
KPSN,"Palestine Muni, TX, US",United States,TX,VFR,1890,1890,100
KPSN,"Palestine Muni, TX, US",United States,TX,IFR,0,0,0
KPSN,"Palestine Muni, TX, US",United States,TX,LIFR,0,0,0
KPSN,"Palestine Muni, TX, US",United States,TX,MVFR,0,0,0
KPSO,"Pagosa Springs/Stevens Fld, CO, US",United States,CO,VFR,1790,1890,94.71
KPSO,"Pagosa Springs/Stevens Fld, CO, US",United States,CO,MVFR,100,1890,5.29
KPSO,"Pagosa Springs/Stevens Fld, CO, US",United States,CO,IFR,0,0,0
KPSO,"Pagosa Springs/Stevens Fld, CO, US",United States,CO,LIFR,0,0,0
KPSP,"Palm Springs Intl, CA, US",United States,CA,VFR,1890,1890,100
KPSP,"Palm Springs Intl, CA, US",United States,CA,IFR,0,0,0
KPSP,"Palm Springs Intl, CA, US",United States,CA,LIFR,0,0,0
KPSP,"Palm Springs Intl, CA, US",United States,CA,MVFR,0,0,0
KPSX,"Palacios Muni, TX, US",United States,TX,VFR,1872,1890,99.05
KPSX,"Palacios Muni, TX, US",United States,TX,MVFR,18,1890,0.95
KPSX,"Palacios Muni, TX, US",United States,TX,IFR,0,0,0
KPSX,"Palacios Muni, TX, US",United States,TX,LIFR,0,0,0
KPTB,"Petersburg/Dinwiddie Cnty, VA, US",United States,VA,VFR,1810,1890,95.77
KPTB,"Petersburg/Dinwiddie Cnty, VA, US",United States,VA,MVFR,80,1890,4.23
KPTB,"Petersburg/Dinwiddie Cnty, VA, US",United States,VA,IFR,0,0,0
KPTB,"Petersburg/Dinwiddie Cnty, VA, US",United States,VA,LIFR,0,0,0
KPTD,"Potsdam Muni, NY, US",United States,NY,VFR,1810,1890,95.77
KPTD,"Potsdam Muni, NY, US",United States,NY,LIFR,40,1890,2.12
KPTD,"Potsdam Muni, NY, US",United States,NY,MVFR,40,1890,2.12
KPTD,"Potsdam Muni, NY, US",United States,NY,IFR,0,0,0
KPTK,"Pontiac/Oakland Intl, MI, US",United States,MI,VFR,1710,1710,100
KPTK,"Pontiac/Oakland Intl, MI, US",United States,MI,IFR,0,0,0
KPTK,"Pontiac/Oakland Intl, MI, US",United States,MI,LIFR,0,0,0
KPTK,"Pontiac/Oakland Intl, MI, US",United States,MI,MVFR,0,0,0
KPTN,"Patterson/Williams Mem, LA, US",United States,LA,VFR,1715,1890,90.74
KPTN,"Patterson/Williams Mem, LA, US",United States,LA,LIFR,175,1890,9.26
KPTN,"Patterson/Williams Mem, LA, US",United States,LA,IFR,0,0,0
KPTN,"Patterson/Williams Mem, LA, US",United States,LA,MVFR,0,0,0
KPTS,"Pittsburg/Atkinson Muni, KS, US",United States,KS,VFR,1650,1890,87.3
KPTS,"Pittsburg/Atkinson Muni, KS, US",United States,KS,MVFR,240,1890,12.7
KPTS,"Pittsburg/Atkinson Muni, KS, US",United States,KS,IFR,0,0,0
KPTS,"Pittsburg/Atkinson Muni, KS, US",United States,KS,LIFR,0,0,0
KPTT,"Pratt Rgnl, KS, US",United States,KS,VFR,1890,1890,100
KPTT,"Pratt Rgnl, KS, US",United States,KS,IFR,0,0,0
KPTT,"Pratt Rgnl, KS, US",United States,KS,LIFR,0,0,0
KPTT,"Pratt Rgnl, KS, US",United States,KS,MVFR,0,0,0
KPTV,"Porterville Muni, CA, US",United States,CA,VFR,1890,1890,100
KPTV,"Porterville Muni, CA, US",United States,CA,IFR,0,0,0
KPTV,"Porterville Muni, CA, US",United States,CA,LIFR,0,0,0
KPTV,"Porterville Muni, CA, US",United States,CA,MVFR,0,0,0
KPTW,"Pottstown/Heritage Fld, PA, US",United States,PA,VFR,1464,1562,93.73
KPTW,"Pottstown/Heritage Fld, PA, US",United States,PA,MVFR,86,1562,5.51
KPTW,"Pottstown/Heritage Fld, PA, US",United States,PA,LIFR,12,1562,0.77
KPTW,"Pottstown/Heritage Fld, PA, US",United States,PA,IFR,0,0,0
KPUB,"Pueblo Mem Arpt, CO, US",United States,CO,VFR,1890,1890,100
KPUB,"Pueblo Mem Arpt, CO, US",United States,CO,IFR,0,0,0
KPUB,"Pueblo Mem Arpt, CO, US",United States,CO,LIFR,0,0,0
KPUB,"Pueblo Mem Arpt, CO, US",United States,CO,MVFR,0,0,0
KPUC,"Price/Buck Fld, UT, US",United States,UT,VFR,1890,1890,100
KPUC,"Price/Buck Fld, UT, US",United States,UT,IFR,0,0,0
KPUC,"Price/Buck Fld, UT, US",United States,UT,LIFR,0,0,0
KPUC,"Price/Buck Fld, UT, US",United States,UT,MVFR,0,0,0
KPUJ,"Dallas/Paulding Cnty, GA, US",United States,GA,VFR,1320,1870,70.59
KPUJ,"Dallas/Paulding Cnty, GA, US",United States,GA,MVFR,270,1870,14.44
KPUJ,"Dallas/Paulding Cnty, GA, US",United States,GA,IFR,140,1870,7.49
KPUJ,"Dallas/Paulding Cnty, GA, US",United States,GA,LIFR,140,1870,7.49
KPUW,"Pullman/Moscow Rgnl, WA, US",United States,WA,VFR,1890,1890,100
KPUW,"Pullman/Moscow Rgnl, WA, US",United States,WA,IFR,0,0,0
KPUW,"Pullman/Moscow Rgnl, WA, US",United States,WA,LIFR,0,0,0
KPUW,"Pullman/Moscow Rgnl, WA, US",United States,WA,MVFR,0,0,0
KPVB,"Platteville Muni, WI, US",United States,WI,VFR,1890,1890,100
KPVB,"Platteville Muni, WI, US",United States,WI,IFR,0,0,0
KPVB,"Platteville Muni, WI, US",United States,WI,LIFR,0,0,0
KPVB,"Platteville Muni, WI, US",United States,WI,MVFR,0,0,0
KPVC,"Provincetown Muni, MA, US",United States,MA,VFR,1337,1877,71.23
KPVC,"Provincetown Muni, MA, US",United States,MA,MVFR,348,1877,18.54
KPVC,"Provincetown Muni, MA, US",United States,MA,IFR,192,1877,10.23
KPVC,"Provincetown Muni, MA, US",United States,MA,LIFR,0,0,0
KPVD,"Providence/Green Mem, RI, US",United States,RI,VFR,1683,1890,89.05
KPVD,"Providence/Green Mem, RI, US",United States,RI,MVFR,160,1890,8.47
KPVD,"Providence/Green Mem, RI, US",United States,RI,LIFR,33,1890,1.75
KPVD,"Providence/Green Mem, RI, US",United States,RI,IFR,14,1890,0.74
KPVE,"Lexington/Beech River Rgnl, TN, US",United States,TN,IFR,0,0,0
KPVE,"Lexington/Beech River Rgnl, TN, US",United States,TN,LIFR,0,0,0
KPVE,"Lexington/Beech River Rgnl, TN, US",United States,TN,MVFR,0,0,0
KPVE,"Lexington/Beech River Rgnl, TN, US",United States,TN,VFR,0,0,0
KPVF,"Placerville Arpt, CA, US",United States,CA,VFR,1250,1870,66.84
KPVF,"Placerville Arpt, CA, US",United States,CA,MVFR,380,1870,20.32
KPVF,"Placerville Arpt, CA, US",United States,CA,IFR,240,1870,12.83
KPVF,"Placerville Arpt, CA, US",United States,CA,LIFR,0,0,0
KPVG,"Portsmouth/Hampton Roads Exec, VA, US",United States,VA,VFR,1452,1890,76.83
KPVG,"Portsmouth/Hampton Roads Exec, VA, US",United States,VA,MVFR,358,1890,18.94
KPVG,"Portsmouth/Hampton Roads Exec, VA, US",United States,VA,IFR,80,1890,4.23
KPVG,"Portsmouth/Hampton Roads Exec, VA, US",United States,VA,LIFR,0,0,0
KPVJ,"Pauls Valley Muni, OK, US",United States,OK,VFR,1590,1890,84.13
KPVJ,"Pauls Valley Muni, OK, US",United States,OK,IFR,240,1890,12.7
KPVJ,"Pauls Valley Muni, OK, US",United States,OK,MVFR,60,1890,3.17
KPVJ,"Pauls Valley Muni, OK, US",United States,OK,LIFR,0,0,0
KPVU,"Provo Muni, UT, US",United States,UT,VFR,1890,1890,100
KPVU,"Provo Muni, UT, US",United States,UT,IFR,0,0,0
KPVU,"Provo Muni, UT, US",United States,UT,LIFR,0,0,0
KPVU,"Provo Muni, UT, US",United States,UT,MVFR,0,0,0
KPVW,"Plainview/Hale Cnty, TX, US",United States,TX,VFR,1550,1890,82.01
KPVW,"Plainview/Hale Cnty, TX, US",United States,TX,IFR,180,1890,9.52
KPVW,"Plainview/Hale Cnty, TX, US",United States,TX,MVFR,100,1890,5.29
KPVW,"Plainview/Hale Cnty, TX, US",United States,TX,LIFR,60,1890,3.17
KPWA,"Oklahoma City/Wiley Post Arpt, OK, US",United States,OK,VFR,1398,1890,73.97
KPWA,"Oklahoma City/Wiley Post Arpt, OK, US",United States,OK,IFR,303,1890,16.03
KPWA,"Oklahoma City/Wiley Post Arpt, OK, US",United States,OK,LIFR,189,1890,10
KPWA,"Oklahoma City/Wiley Post Arpt, OK, US",United States,OK,MVFR,0,0,0
KPWC,"Pine River Rgnl, MN, US",United States,MN,VFR,1890,1890,100
KPWC,"Pine River Rgnl, MN, US",United States,MN,IFR,0,0,0
KPWC,"Pine River Rgnl, MN, US",United States,MN,LIFR,0,0,0
KPWC,"Pine River Rgnl, MN, US",United States,MN,MVFR,0,0,0
KPWD,"Plentywood/Sher-Wood Arpt, MT, US",United States,MT,VFR,1895,1895,100
KPWD,"Plentywood/Sher-Wood Arpt, MT, US",United States,MT,IFR,0,0,0
KPWD,"Plentywood/Sher-Wood Arpt, MT, US",United States,MT,LIFR,0,0,0
KPWD,"Plentywood/Sher-Wood Arpt, MT, US",United States,MT,MVFR,0,0,0
KPWG,"Mc Gregor Exec, TX, US",United States,TX,VFR,1853,1890,98.04
KPWG,"Mc Gregor Exec, TX, US",United States,TX,MVFR,37,1890,1.96
KPWG,"Mc Gregor Exec, TX, US",United States,TX,IFR,0,0,0
KPWG,"Mc Gregor Exec, TX, US",United States,TX,LIFR,0,0,0
KPWK,"Chicago Exec, IL, US",United States,IL,VFR,1890,1890,100
KPWK,"Chicago Exec, IL, US",United States,IL,IFR,0,0,0
KPWK,"Chicago Exec, IL, US",United States,IL,LIFR,0,0,0
KPWK,"Chicago Exec, IL, US",United States,IL,MVFR,0,0,0
KPWM,"Portland Intl, ME, US",United States,ME,VFR,1726,1890,91.32
KPWM,"Portland Intl, ME, US",United States,ME,MVFR,142,1890,7.51
KPWM,"Portland Intl, ME, US",United States,ME,IFR,22,1890,1.16
KPWM,"Portland Intl, ME, US",United States,ME,LIFR,0,0,0
KPWT,"Bremerton Arpt, WA, US",United States,WA,VFR,1376,1890,72.8
KPWT,"Bremerton Arpt, WA, US",United States,WA,MVFR,514,1890,27.2
KPWT,"Bremerton Arpt, WA, US",United States,WA,IFR,0,0,0
KPWT,"Bremerton Arpt, WA, US",United States,WA,LIFR,0,0,0
KPXE,"Perry/Houston Cnty, GA, US",United States,GA,VFR,970,1890,51.32
KPXE,"Perry/Houston Cnty, GA, US",United States,GA,MVFR,400,1890,21.16
KPXE,"Perry/Houston Cnty, GA, US",United States,GA,LIFR,380,1890,20.11
KPXE,"Perry/Houston Cnty, GA, US",United States,GA,IFR,140,1890,7.41
KPYM,"Plymouth Muni, MA, US",United States,MA,VFR,1355,1890,71.69
KPYM,"Plymouth Muni, MA, US",United States,MA,MVFR,481,1890,25.45
KPYM,"Plymouth Muni, MA, US",United States,MA,IFR,54,1890,2.86
KPYM,"Plymouth Muni, MA, US",United States,MA,LIFR,0,0,0
KPYX,"Perryton/Ochiltree Cnty, TX, US",United States,TX,IFR,0,0,0
KPYX,"Perryton/Ochiltree Cnty, TX, US",United States,TX,LIFR,0,0,0
KPYX,"Perryton/Ochiltree Cnty, TX, US",United States,TX,MVFR,0,0,0
KPYX,"Perryton/Ochiltree Cnty, TX, US",United States,TX,VFR,0,0,0
KPZQ,"Rogers City/Presque Isle Arpt, MI, US",United States,MI,VFR,1770,1870,94.65
KPZQ,"Rogers City/Presque Isle Arpt, MI, US",United States,MI,MVFR,100,1870,5.35
KPZQ,"Rogers City/Presque Isle Arpt, MI, US",United States,MI,IFR,0,0,0
KPZQ,"Rogers City/Presque Isle Arpt, MI, US",United States,MI,LIFR,0,0,0
KRAC,"Racine/Batten Intl, WI, US",United States,WI,VFR,1890,1890,100
KRAC,"Racine/Batten Intl, WI, US",United States,WI,IFR,0,0,0
KRAC,"Racine/Batten Intl, WI, US",United States,WI,LIFR,0,0,0
KRAC,"Racine/Batten Intl, WI, US",United States,WI,MVFR,0,0,0
KRAL,"Riverside Muni, CA, US",United States,CA,VFR,1470,1890,77.78
KRAL,"Riverside Muni, CA, US",United States,CA,LIFR,263,1890,13.92
KRAL,"Riverside Muni, CA, US",United States,CA,IFR,82,1890,4.34
KRAL,"Riverside Muni, CA, US",United States,CA,MVFR,75,1890,3.97
KRAP,"Rapid City Rgnl, SD, US",United States,SD,VFR,1890,1890,100
KRAP,"Rapid City Rgnl, SD, US",United States,SD,IFR,0,0,0
KRAP,"Rapid City Rgnl, SD, US",United States,SD,LIFR,0,0,0
KRAP,"Rapid City Rgnl, SD, US",United States,SD,MVFR,0,0,0
KRAS,"Port Aransas/Mustang Beach Arpt, TX, US",United States,TX,VFR,1625,1870,86.9
KRAS,"Port Aransas/Mustang Beach Arpt, TX, US",United States,TX,MVFR,205,1870,10.96
KRAS,"Port Aransas/Mustang Beach Arpt, TX, US",United States,TX,IFR,40,1870,2.14
KRAS,"Port Aransas/Mustang Beach Arpt, TX, US",United States,TX,LIFR,0,0,0
KRAW,"Warsaw Muni, MO, US",United States,MO,VFR,1870,1890,98.94
KRAW,"Warsaw Muni, MO, US",United States,MO,IFR,20,1890,1.06
KRAW,"Warsaw Muni, MO, US",United States,MO,LIFR,0,0,0
KRAW,"Warsaw Muni, MO, US",United States,MO,MVFR,0,0,0
KRBD,"Dallas/Executive Arpt, TX, US",United States,TX,VFR,1890,1890,100
KRBD,"Dallas/Executive Arpt, TX, US",United States,TX,IFR,0,0,0
KRBD,"Dallas/Executive Arpt, TX, US",United States,TX,LIFR,0,0,0
KRBD,"Dallas/Executive Arpt, TX, US",United States,TX,MVFR,0,0,0
KRBG,"Roseburg Rgnl, OR, US",United States,OR,VFR,1660,1890,87.83
KRBG,"Roseburg Rgnl, OR, US",United States,OR,MVFR,230,1890,12.17
KRBG,"Roseburg Rgnl, OR, US",United States,OR,IFR,0,0,0
KRBG,"Roseburg Rgnl, OR, US",United States,OR,LIFR,0,0,0
KRBL,"Red Bluff Muni, CA, US",United States,CA,VFR,1671,1890,88.41
KRBL,"Red Bluff Muni, CA, US",United States,CA,MVFR,219,1890,11.59
KRBL,"Red Bluff Muni, CA, US",United States,CA,IFR,0,0,0
KRBL,"Red Bluff Muni, CA, US",United States,CA,LIFR,0,0,0
KRBO,"Robstown/Nueces Cnty, TX, US",United States,TX,IFR,0,0,0
KRBO,"Robstown/Nueces Cnty, TX, US",United States,TX,LIFR,0,0,0
KRBO,"Robstown/Nueces Cnty, TX, US",United States,TX,MVFR,0,0,0
KRBO,"Robstown/Nueces Cnty, TX, US",United States,TX,VFR,0,0,0
KRBW,"Walterboro/Lowcountry Rgnl, SC, US",United States,SC,VFR,1550,1890,82.01
KRBW,"Walterboro/Lowcountry Rgnl, SC, US",United States,SC,MVFR,280,1890,14.81
KRBW,"Walterboro/Lowcountry Rgnl, SC, US",United States,SC,IFR,60,1890,3.17
KRBW,"Walterboro/Lowcountry Rgnl, SC, US",United States,SC,LIFR,0,0,0
KRCA,"Ellsworth AFB, SD, US",United States,SD,VFR,1650,1650,100
KRCA,"Ellsworth AFB, SD, US",United States,SD,IFR,0,0,0
KRCA,"Ellsworth AFB, SD, US",United States,SD,LIFR,0,0,0
KRCA,"Ellsworth AFB, SD, US",United States,SD,MVFR,0,0,0
KRCM,"Warrensburg Arpt, MO, US",United States,MO,VFR,1890,1890,100
KRCM,"Warrensburg Arpt, MO, US",United States,MO,IFR,0,0,0
KRCM,"Warrensburg Arpt, MO, US",United States,MO,LIFR,0,0,0
KRCM,"Warrensburg Arpt, MO, US",United States,MO,MVFR,0,0,0
KRCR,"Rochester/Fulton Cnty, IN, US",United States,IN,IFR,0,0,0
KRCR,"Rochester/Fulton Cnty, IN, US",United States,IN,LIFR,0,0,0
KRCR,"Rochester/Fulton Cnty, IN, US",United States,IN,MVFR,0,0,0
KRCR,"Rochester/Fulton Cnty, IN, US",United States,IN,VFR,0,0,0
KRCX,"Ladysmith/Rusk Cnty, WI, US",United States,WI,VFR,1550,1630,95.09
KRCX,"Ladysmith/Rusk Cnty, WI, US",United States,WI,LIFR,80,1630,4.91
KRCX,"Ladysmith/Rusk Cnty, WI, US",United States,WI,IFR,0,0,0
KRCX,"Ladysmith/Rusk Cnty, WI, US",United States,WI,MVFR,0,0,0
KRCZ,"Rockingham/Richmond Cnty, NC, US",United States,NC,VFR,1800,1900,94.74
KRCZ,"Rockingham/Richmond Cnty, NC, US",United States,NC,MVFR,100,1900,5.26
KRCZ,"Rockingham/Richmond Cnty, NC, US",United States,NC,IFR,0,0,0
KRCZ,"Rockingham/Richmond Cnty, NC, US",United States,NC,LIFR,0,0,0
KRDD,"Redding Muni, CA, US",United States,CA,VFR,1756,1890,92.91
KRDD,"Redding Muni, CA, US",United States,CA,MVFR,134,1890,7.09
KRDD,"Redding Muni, CA, US",United States,CA,IFR,0,0,0
KRDD,"Redding Muni, CA, US",United States,CA,LIFR,0,0,0
KRDG,"Reading/Spaatz Fld, PA, US",United States,PA,VFR,1590,1830,86.89
KRDG,"Reading/Spaatz Fld, PA, US",United States,PA,MVFR,240,1830,13.11
KRDG,"Reading/Spaatz Fld, PA, US",United States,PA,IFR,0,0,0
KRDG,"Reading/Spaatz Fld, PA, US",United States,PA,LIFR,0,0,0
KRDM,"Redmond Muni, OR, US",United States,OR,VFR,1890,1890,100
KRDM,"Redmond Muni, OR, US",United States,OR,IFR,0,0,0
KRDM,"Redmond Muni, OR, US",United States,OR,LIFR,0,0,0
KRDM,"Redmond Muni, OR, US",United States,OR,MVFR,0,0,0
KRDR,"Grand Forks AFB, ND, US",United States,ND,VFR,1650,1650,100
KRDR,"Grand Forks AFB, ND, US",United States,ND,IFR,0,0,0
KRDR,"Grand Forks AFB, ND, US",United States,ND,LIFR,0,0,0
KRDR,"Grand Forks AFB, ND, US",United States,ND,MVFR,0,0,0
KRDU,"Raleigh-Durham Intl, NC, US",United States,NC,VFR,1770,1862,95.06
KRDU,"Raleigh-Durham Intl, NC, US",United States,NC,IFR,53,1862,2.85
KRDU,"Raleigh-Durham Intl, NC, US",United States,NC,MVFR,39,1862,2.09
KRDU,"Raleigh-Durham Intl, NC, US",United States,NC,LIFR,0,0,0
KREO,"Rome/State Arpt, OR, US",United States,OR,IFR,0,0,0
KREO,"Rome/State Arpt, OR, US",United States,OR,LIFR,0,0,0
KREO,"Rome/State Arpt, OR, US",United States,OR,MVFR,0,0,0
KREO,"Rome/State Arpt, OR, US",United States,OR,VFR,0,0,0
KRFD,"Rockford Intl, IL, US",United States,IL,VFR,1890,1890,100
KRFD,"Rockford Intl, IL, US",United States,IL,IFR,0,0,0
KRFD,"Rockford Intl, IL, US",United States,IL,LIFR,0,0,0
KRFD,"Rockford Intl, IL, US",United States,IL,MVFR,0,0,0
KRFI,"Henderson/Rusk Cnty, TX, US",United States,TX,VFR,1870,1870,100
KRFI,"Henderson/Rusk Cnty, TX, US",United States,TX,IFR,0,0,0
KRFI,"Henderson/Rusk Cnty, TX, US",United States,TX,LIFR,0,0,0
KRFI,"Henderson/Rusk Cnty, TX, US",United States,TX,MVFR,0,0,0
KRGK,"Red Wing Rgnl, WI, US",United States,WI,VFR,1910,1910,100
KRGK,"Red Wing Rgnl, WI, US",United States,WI,IFR,0,0,0
KRGK,"Red Wing Rgnl, WI, US",United States,WI,LIFR,0,0,0
KRGK,"Red Wing Rgnl, WI, US",United States,WI,MVFR,0,0,0
KRHI,"Rhinelander/Oneida Cnty, WI, US",United States,WI,VFR,1809,1890,95.71
KRHI,"Rhinelander/Oneida Cnty, WI, US",United States,WI,MVFR,34,1890,1.8
KRHI,"Rhinelander/Oneida Cnty, WI, US",United States,WI,IFR,26,1890,1.38
KRHI,"Rhinelander/Oneida Cnty, WI, US",United States,WI,LIFR,21,1890,1.11
KRHP,"Andrews/W Carolina Rgnl, NC, US",United States,NC,VFR,1400,1900,73.68
KRHP,"Andrews/W Carolina Rgnl, NC, US",United States,NC,LIFR,410,1900,21.58
KRHP,"Andrews/W Carolina Rgnl, NC, US",United States,NC,MVFR,90,1900,4.74
KRHP,"Andrews/W Carolina Rgnl, NC, US",United States,NC,IFR,0,0,0
KRHV,"San Jose/Reid-Hillview Arpt, CA, US",United States,CA,VFR,1053,1342,78.46
KRHV,"San Jose/Reid-Hillview Arpt, CA, US",United States,CA,MVFR,289,1342,21.54
KRHV,"San Jose/Reid-Hillview Arpt, CA, US",United States,CA,IFR,0,0,0
KRHV,"San Jose/Reid-Hillview Arpt, CA, US",United States,CA,LIFR,0,0,0
KRIC,"Richmond Intl, VA, US",United States,VA,VFR,1854,1890,98.1
KRIC,"Richmond Intl, VA, US",United States,VA,MVFR,36,1890,1.9
KRIC,"Richmond Intl, VA, US",United States,VA,IFR,0,0,0
KRIC,"Richmond Intl, VA, US",United States,VA,LIFR,0,0,0
KRID,"Richmond Muni, IN, US",United States,IN,VFR,1910,1910,100
KRID,"Richmond Muni, IN, US",United States,IN,IFR,0,0,0
KRID,"Richmond Muni, IN, US",United States,IN,LIFR,0,0,0
KRID,"Richmond Muni, IN, US",United States,IN,MVFR,0,0,0
KRIL,"Rifle/Garfield Cnty, CO, US",United States,CO,VFR,1890,1890,100
KRIL,"Rifle/Garfield Cnty, CO, US",United States,CO,IFR,0,0,0
KRIL,"Rifle/Garfield Cnty, CO, US",United States,CO,LIFR,0,0,0
KRIL,"Rifle/Garfield Cnty, CO, US",United States,CO,MVFR,0,0,0
KRIV,"Riverside/March ARB, CA, US",United States,CA,VFR,1425,1650,86.36
KRIV,"Riverside/March ARB, CA, US",United States,CA,LIFR,159,1650,9.64
KRIV,"Riverside/March ARB, CA, US",United States,CA,MVFR,60,1650,3.64
KRIV,"Riverside/March ARB, CA, US",United States,CA,IFR,6,1650,0.36
KRIW,"Riverton Rgnl, WY, US",United States,WY,VFR,1890,1890,100
KRIW,"Riverton Rgnl, WY, US",United States,WY,IFR,0,0,0
KRIW,"Riverton Rgnl, WY, US",United States,WY,LIFR,0,0,0
KRIW,"Riverton Rgnl, WY, US",United States,WY,MVFR,0,0,0
KRKD,"Rockland/Knox Cnty, ME, US",United States,ME,VFR,1521,1890,80.48
KRKD,"Rockland/Knox Cnty, ME, US",United States,ME,IFR,271,1890,14.34
KRKD,"Rockland/Knox Cnty, ME, US",United States,ME,MVFR,98,1890,5.19
KRKD,"Rockland/Knox Cnty, ME, US",United States,ME,LIFR,0,0,0
KRKP,"Rockport/Aransas Cnty, TX, US",United States,TX,VFR,1883,1883,100
KRKP,"Rockport/Aransas Cnty, TX, US",United States,TX,IFR,0,0,0
KRKP,"Rockport/Aransas Cnty, TX, US",United States,TX,LIFR,0,0,0
KRKP,"Rockport/Aransas Cnty, TX, US",United States,TX,MVFR,0,0,0
KRKR,"Poteau/Kerr Arpt, OK, US",United States,OK,VFR,1250,1890,66.14
KRKR,"Poteau/Kerr Arpt, OK, US",United States,OK,MVFR,620,1890,32.8
KRKR,"Poteau/Kerr Arpt, OK, US",United States,OK,IFR,20,1890,1.06
KRKR,"Poteau/Kerr Arpt, OK, US",United States,OK,LIFR,0,0,0
KRKS,"Rock Springs/SW Wyoming Rgnl, WY, US",United States,WY,VFR,1890,1890,100
KRKS,"Rock Springs/SW Wyoming Rgnl, WY, US",United States,WY,IFR,0,0,0
KRKS,"Rock Springs/SW Wyoming Rgnl, WY, US",United States,WY,LIFR,0,0,0
KRKS,"Rock Springs/SW Wyoming Rgnl, WY, US",United States,WY,MVFR,0,0,0
KRKW,"Rockwood Muni, TN, US",United States,TN,VFR,1495,1890,79.1
KRKW,"Rockwood Muni, TN, US",United States,TN,MVFR,380,1890,20.11
KRKW,"Rockwood Muni, TN, US",United States,TN,IFR,15,1890,0.79
KRKW,"Rockwood Muni, TN, US",United States,TN,LIFR,0,0,0
KRLD,"Richland Arpt, WA, US",United States,WA,VFR,1890,1890,100
KRLD,"Richland Arpt, WA, US",United States,WA,IFR,0,0,0
KRLD,"Richland Arpt, WA, US",United States,WA,LIFR,0,0,0
KRLD,"Richland Arpt, WA, US",United States,WA,MVFR,0,0,0
KRME,"Rome/Griffiss Intl, NY, US",United States,NY,VFR,1797,1810,99.28
KRME,"Rome/Griffiss Intl, NY, US",United States,NY,MVFR,13,1810,0.72
KRME,"Rome/Griffiss Intl, NY, US",United States,NY,IFR,0,0,0
KRME,"Rome/Griffiss Intl, NY, US",United States,NY,LIFR,0,0,0
KRMG,"Rome/Russell Arpt, GA, US",United States,GA,VFR,1808,1863,97.05
KRMG,"Rome/Russell Arpt, GA, US",United States,GA,LIFR,45,1863,2.42
KRMG,"Rome/Russell Arpt, GA, US",United States,GA,MVFR,10,1863,0.54
KRMG,"Rome/Russell Arpt, GA, US",United States,GA,IFR,0,0,0
KRMN,"Stafford Rgnl, VA, US",United States,VA,VFR,1630,1870,87.17
KRMN,"Stafford Rgnl, VA, US",United States,VA,MVFR,200,1870,10.7
KRMN,"Stafford Rgnl, VA, US",United States,VA,IFR,40,1870,2.14
KRMN,"Stafford Rgnl, VA, US",United States,VA,LIFR,0,0,0
KRMY,"Marshall/Brooks Fld, MI, US",United States,MI,VFR,1790,1890,94.71
KRMY,"Marshall/Brooks Fld, MI, US",United States,MI,IFR,80,1890,4.23
KRMY,"Marshall/Brooks Fld, MI, US",United States,MI,MVFR,20,1890,1.06
KRMY,"Marshall/Brooks Fld, MI, US",United States,MI,LIFR,0,0,0
KRNC,"McMinnville/Warren Cnty, TN, US",United States,TN,VFR,1390,1890,73.54
KRNC,"McMinnville/Warren Cnty, TN, US",United States,TN,MVFR,420,1890,22.22
KRNC,"McMinnville/Warren Cnty, TN, US",United States,TN,IFR,60,1890,3.17
KRNC,"McMinnville/Warren Cnty, TN, US",United States,TN,LIFR,20,1890,1.06
KRND,"Randolph AFB, TX, US",United States,TX,VFR,1650,1650,100
KRND,"Randolph AFB, TX, US",United States,TX,IFR,0,0,0
KRND,"Randolph AFB, TX, US",United States,TX,LIFR,0,0,0
KRND,"Randolph AFB, TX, US",United States,TX,MVFR,0,0,0
KRNH,"New Richmond Muni, WI, US",United States,WI,VFR,1890,1890,100
KRNH,"New Richmond Muni, WI, US",United States,WI,IFR,0,0,0
KRNH,"New Richmond Muni, WI, US",United States,WI,LIFR,0,0,0
KRNH,"New Richmond Muni, WI, US",United States,WI,MVFR,0,0,0
KRNM,"Ramona Arpt, CA, US",United States,CA,VFR,935,1871,49.97
KRNM,"Ramona Arpt, CA, US",United States,CA,LIFR,774,1871,41.37
KRNM,"Ramona Arpt, CA, US",United States,CA,MVFR,101,1871,5.4
KRNM,"Ramona Arpt, CA, US",United States,CA,IFR,61,1871,3.26
KRNO,"Reno/Tahoe Intl, NV, US",United States,NV,VFR,1890,1890,100
KRNO,"Reno/Tahoe Intl, NV, US",United States,NV,IFR,0,0,0
KRNO,"Reno/Tahoe Intl, NV, US",United States,NV,LIFR,0,0,0
KRNO,"Reno/Tahoe Intl, NV, US",United States,NV,MVFR,0,0,0
KRNP,"Owosso Community Arpt, MI, US",United States,MI,VFR,1910,1910,100
KRNP,"Owosso Community Arpt, MI, US",United States,MI,IFR,0,0,0
KRNP,"Owosso Community Arpt, MI, US",United States,MI,LIFR,0,0,0
KRNP,"Owosso Community Arpt, MI, US",United States,MI,MVFR,0,0,0
KRNT,"Renton Muni, WA, US",United States,WA,VFR,1577,1830,86.17
KRNT,"Renton Muni, WA, US",United States,WA,MVFR,253,1830,13.83
KRNT,"Renton Muni, WA, US",United States,WA,IFR,0,0,0
KRNT,"Renton Muni, WA, US",United States,WA,LIFR,0,0,0
KRNV,"Cleveland Muni, MS, US",United States,MS,VFR,1310,1870,70.05
KRNV,"Cleveland Muni, MS, US",United States,MS,IFR,400,1870,21.39
KRNV,"Cleveland Muni, MS, US",United States,MS,MVFR,160,1870,8.56
KRNV,"Cleveland Muni, MS, US",United States,MS,LIFR,0,0,0
KROA,"Roanoke Rgnl, VA, US",United States,VA,VFR,1890,1890,100
KROA,"Roanoke Rgnl, VA, US",United States,VA,IFR,0,0,0
KROA,"Roanoke Rgnl, VA, US",United States,VA,LIFR,0,0,0
KROA,"Roanoke Rgnl, VA, US",United States,VA,MVFR,0,0,0
KROC,"Rochester Intl Arpt, NY, US",United States,NY,VFR,1890,1890,100
KROC,"Rochester Intl Arpt, NY, US",United States,NY,IFR,0,0,0
KROC,"Rochester Intl Arpt, NY, US",United States,NY,LIFR,0,0,0
KROC,"Rochester Intl Arpt, NY, US",United States,NY,MVFR,0,0,0
KROG,"Rogers Muni/Carter Fld, AR, US",United States,AR,VFR,1890,1890,100
KROG,"Rogers Muni/Carter Fld, AR, US",United States,AR,IFR,0,0,0
KROG,"Rogers Muni/Carter Fld, AR, US",United States,AR,LIFR,0,0,0
KROG,"Rogers Muni/Carter Fld, AR, US",United States,AR,MVFR,0,0,0
KROS,"Rush City Rgnl, MN, US",United States,MN,VFR,1910,1910,100
KROS,"Rush City Rgnl, MN, US",United States,MN,IFR,0,0,0
KROS,"Rush City Rgnl, MN, US",United States,MN,LIFR,0,0,0
KROS,"Rush City Rgnl, MN, US",United States,MN,MVFR,0,0,0
KROW,"Roswell/Ind Arpt, NM, US",United States,NM,VFR,1398,1890,73.97
KROW,"Roswell/Ind Arpt, NM, US",United States,NM,MVFR,492,1890,26.03
KROW,"Roswell/Ind Arpt, NM, US",United States,NM,IFR,0,0,0
KROW,"Roswell/Ind Arpt, NM, US",United States,NM,LIFR,0,0,0
KROX,"Roseau/Billberg Fld, MN, US",United States,MN,VFR,1852,1913,96.81
KROX,"Roseau/Billberg Fld, MN, US",United States,MN,IFR,61,1913,3.19
KROX,"Roseau/Billberg Fld, MN, US",United States,MN,LIFR,0,0,0
KROX,"Roseau/Billberg Fld, MN, US",United States,MN,MVFR,0,0,0
KRPD,"Rice Lake Rgnl, WI, US",United States,WI,VFR,1890,1890,100
KRPD,"Rice Lake Rgnl, WI, US",United States,WI,IFR,0,0,0
KRPD,"Rice Lake Rgnl, WI, US",United States,WI,LIFR,0,0,0
KRPD,"Rice Lake Rgnl, WI, US",United States,WI,MVFR,0,0,0
KRPH,"Graham Muni, TX, US",United States,TX,VFR,1610,1750,92
KRPH,"Graham Muni, TX, US",United States,TX,MVFR,100,1750,5.71
KRPH,"Graham Muni, TX, US",United States,TX,IFR,40,1750,2.29
KRPH,"Graham Muni, TX, US",United States,TX,LIFR,0,0,0
KRPJ,"Rochelle/Kontz Fld, IL, US",United States,IL,VFR,1890,1890,100
KRPJ,"Rochelle/Kontz Fld, IL, US",United States,IL,IFR,0,0,0
KRPJ,"Rochelle/Kontz Fld, IL, US",United States,IL,LIFR,0,0,0
KRPJ,"Rochelle/Kontz Fld, IL, US",United States,IL,MVFR,0,0,0
KRQB,"Big Rapids/Roben Hood Arpt, MI, US",United States,MI,VFR,1890,1890,100
KRQB,"Big Rapids/Roben Hood Arpt, MI, US",United States,MI,IFR,0,0,0
KRQB,"Big Rapids/Roben Hood Arpt, MI, US",United States,MI,LIFR,0,0,0
KRQB,"Big Rapids/Roben Hood Arpt, MI, US",United States,MI,MVFR,0,0,0
KRQE,"Window Rock Arpt, AZ, US",United States,AZ,VFR,1740,1890,92.06
KRQE,"Window Rock Arpt, AZ, US",United States,AZ,MVFR,103,1890,5.45
KRQE,"Window Rock Arpt, AZ, US",United States,AZ,LIFR,47,1890,2.49
KRQE,"Window Rock Arpt, AZ, US",United States,AZ,IFR,0,0,0
KRQO,"El Reno Rgnl, OK, US",United States,OK,VFR,1230,1870,65.78
KRQO,"El Reno Rgnl, OK, US",United States,OK,IFR,320,1870,17.11
KRQO,"El Reno Rgnl, OK, US",United States,OK,MVFR,180,1870,9.63
KRQO,"El Reno Rgnl, OK, US",United States,OK,LIFR,140,1870,7.49
KRRL,"Merrill Muni, WI, US",United States,WI,VFR,1630,1890,86.24
KRRL,"Merrill Muni, WI, US",United States,WI,LIFR,260,1890,13.76
KRRL,"Merrill Muni, WI, US",United States,WI,IFR,0,0,0
KRRL,"Merrill Muni, WI, US",United States,WI,MVFR,0,0,0
KRRT,"Warroad Intl, MN, US",United States,MN,VFR,1890,1890,100
KRRT,"Warroad Intl, MN, US",United States,MN,IFR,0,0,0
KRRT,"Warroad Intl, MN, US",United States,MN,LIFR,0,0,0
KRRT,"Warroad Intl, MN, US",United States,MN,MVFR,0,0,0
KRSL,"Russell Muni, KS, US",United States,KS,VFR,1890,1890,100
KRSL,"Russell Muni, KS, US",United States,KS,IFR,0,0,0
KRSL,"Russell Muni, KS, US",United States,KS,LIFR,0,0,0
KRSL,"Russell Muni, KS, US",United States,KS,MVFR,0,0,0
KRSN,"Ruston Rgnl, LA, US",United States,LA,VFR,1550,1870,82.89
KRSN,"Ruston Rgnl, LA, US",United States,LA,MVFR,320,1870,17.11
KRSN,"Ruston Rgnl, LA, US",United States,LA,IFR,0,0,0
KRSN,"Ruston Rgnl, LA, US",United States,LA,LIFR,0,0,0
KRST,"Rochester Intl, MN, US",United States,MN,VFR,1890,1890,100
KRST,"Rochester Intl, MN, US",United States,MN,IFR,0,0,0
KRST,"Rochester Intl, MN, US",United States,MN,LIFR,0,0,0
KRST,"Rochester Intl, MN, US",United States,MN,MVFR,0,0,0
KRSV,"Robinson Muni, IL, US",United States,IL,VFR,1850,1890,97.88
KRSV,"Robinson Muni, IL, US",United States,IL,MVFR,40,1890,2.12
KRSV,"Robinson Muni, IL, US",United States,IL,IFR,0,0,0
KRSV,"Robinson Muni, IL, US",United States,IL,LIFR,0,0,0
KRSW,"Ft Myers/SW Florida Intl, FL, US",United States,FL,VFR,1738,1928,90.15
KRSW,"Ft Myers/SW Florida Intl, FL, US",United States,FL,MVFR,175,1928,9.08
KRSW,"Ft Myers/SW Florida Intl, FL, US",United States,FL,IFR,15,1928,0.78
KRSW,"Ft Myers/SW Florida Intl, FL, US",United States,FL,LIFR,0,0,0
KRTN,"Raton/Crews Fld, NM, US",United States,NM,VFR,1483,1867,79.43
KRTN,"Raton/Crews Fld, NM, US",United States,NM,IFR,231,1867,12.37
KRTN,"Raton/Crews Fld, NM, US",United States,NM,MVFR,131,1867,7.02
KRTN,"Raton/Crews Fld, NM, US",United States,NM,LIFR,22,1867,1.18
KRUE,"Russellville Rgnl, AR, US",United States,AR,VFR,1590,1890,84.13
KRUE,"Russellville Rgnl, AR, US",United States,AR,MVFR,300,1890,15.87
KRUE,"Russellville Rgnl, AR, US",United States,AR,IFR,0,0,0
KRUE,"Russellville Rgnl, AR, US",United States,AR,LIFR,0,0,0
KRUG,"Rugby Muni, ND, US",United States,ND,VFR,1850,1870,98.93
KRUG,"Rugby Muni, ND, US",United States,ND,MVFR,20,1870,1.07
KRUG,"Rugby Muni, ND, US",United States,ND,IFR,0,0,0
KRUG,"Rugby Muni, ND, US",United States,ND,LIFR,0,0,0
KRUQ,"Salisbury/Rowan Cnty, NC, US",United States,NC,IFR,0,0,0
KRUQ,"Salisbury/Rowan Cnty, NC, US",United States,NC,LIFR,0,0,0
KRUQ,"Salisbury/Rowan Cnty, NC, US",United States,NC,MVFR,0,0,0
KRUQ,"Salisbury/Rowan Cnty, NC, US",United States,NC,VFR,0,0,0
KRUT,"Rutland/S Vermont Rgnl, VT, US",United States,VT,VFR,1530,1869,81.86
KRUT,"Rutland/S Vermont Rgnl, VT, US",United States,VT,IFR,207,1869,11.08
KRUT,"Rutland/S Vermont Rgnl, VT, US",United States,VT,MVFR,132,1869,7.06
KRUT,"Rutland/S Vermont Rgnl, VT, US",United States,VT,LIFR,0,0,0
KRVJ,"Reidsville/Smith Fld, GA, US",United States,GA,VFR,900,1890,47.62
KRVJ,"Reidsville/Smith Fld, GA, US",United States,GA,MVFR,610,1890,32.28
KRVJ,"Reidsville/Smith Fld, GA, US",United States,GA,IFR,280,1890,14.81
KRVJ,"Reidsville/Smith Fld, GA, US",United States,GA,LIFR,100,1890,5.29
KRVL,"Reedsville/Mifflin Cnty, PA, US",United States,PA,VFR,1570,1770,88.7
KRVL,"Reedsville/Mifflin Cnty, PA, US",United States,PA,MVFR,200,1770,11.3
KRVL,"Reedsville/Mifflin Cnty, PA, US",United States,PA,IFR,0,0,0
KRVL,"Reedsville/Mifflin Cnty, PA, US",United States,PA,LIFR,0,0,0
KRVS,"Tulsa/Jones Arpt, OK, US",United States,OK,VFR,1538,1890,81.38
KRVS,"Tulsa/Jones Arpt, OK, US",United States,OK,MVFR,352,1890,18.62
KRVS,"Tulsa/Jones Arpt, OK, US",United States,OK,IFR,0,0,0
KRVS,"Tulsa/Jones Arpt, OK, US",United States,OK,LIFR,0,0,0
KRWF,"Redwood Falls Muni, MN, US",United States,MN,VFR,1890,1890,100
KRWF,"Redwood Falls Muni, MN, US",United States,MN,IFR,0,0,0
KRWF,"Redwood Falls Muni, MN, US",United States,MN,LIFR,0,0,0
KRWF,"Redwood Falls Muni, MN, US",United States,MN,MVFR,0,0,0
KRWI,"Rocky Mount/Wilson Rgnl, NC, US",United States,NC,VFR,1890,1890,100
KRWI,"Rocky Mount/Wilson Rgnl, NC, US",United States,NC,IFR,0,0,0
KRWI,"Rocky Mount/Wilson Rgnl, NC, US",United States,NC,LIFR,0,0,0
KRWI,"Rocky Mount/Wilson Rgnl, NC, US",United States,NC,MVFR,0,0,0
KRWL,"Rawlins Muni, WY, US",United States,WY,VFR,1597,1597,100
KRWL,"Rawlins Muni, WY, US",United States,WY,IFR,0,0,0
KRWL,"Rawlins Muni, WY, US",United States,WY,LIFR,0,0,0
KRWL,"Rawlins Muni, WY, US",United States,WY,MVFR,0,0,0
KRWV,"Caldwell Muni, TX, US",United States,TX,VFR,1850,1890,97.88
KRWV,"Caldwell Muni, TX, US",United States,TX,MVFR,40,1890,2.12
KRWV,"Caldwell Muni, TX, US",United States,TX,IFR,0,0,0
KRWV,"Caldwell Muni, TX, US",United States,TX,LIFR,0,0,0
KRXE,"Rexburg/Madison Cnty, ID, US",United States,ID,VFR,1890,1890,100
KRXE,"Rexburg/Madison Cnty, ID, US",United States,ID,IFR,0,0,0
KRXE,"Rexburg/Madison Cnty, ID, US",United States,ID,LIFR,0,0,0
KRXE,"Rexburg/Madison Cnty, ID, US",United States,ID,MVFR,0,0,0
KRYM,"Camp Ripley/Miller AAF, MN, US",United States,MN,VFR,1590,1590,100
KRYM,"Camp Ripley/Miller AAF, MN, US",United States,MN,IFR,0,0,0
KRYM,"Camp Ripley/Miller AAF, MN, US",United States,MN,LIFR,0,0,0
KRYM,"Camp Ripley/Miller AAF, MN, US",United States,MN,MVFR,0,0,0
KRYN,"Tucson/Ryan Fld, AZ, US",United States,AZ,VFR,1347,1347,100
KRYN,"Tucson/Ryan Fld, AZ, US",United States,AZ,IFR,0,0,0
KRYN,"Tucson/Ryan Fld, AZ, US",United States,AZ,LIFR,0,0,0
KRYN,"Tucson/Ryan Fld, AZ, US",United States,AZ,MVFR,0,0,0
KRYV,"Watertown Muni, WI, US",United States,WI,VFR,1890,1890,100
KRYV,"Watertown Muni, WI, US",United States,WI,IFR,0,0,0
KRYV,"Watertown Muni, WI, US",United States,WI,LIFR,0,0,0
KRYV,"Watertown Muni, WI, US",United States,WI,MVFR,0,0,0
KRYW,"Lago Vista/Allen Arpt, TX, US",United States,TX,VFR,830,830,100
KRYW,"Lago Vista/Allen Arpt, TX, US",United States,TX,IFR,0,0,0
KRYW,"Lago Vista/Allen Arpt, TX, US",United States,TX,LIFR,0,0,0
KRYW,"Lago Vista/Allen Arpt, TX, US",United States,TX,MVFR,0,0,0
KRYY,"Marietta/Cobb Cnty, GA, US",United States,GA,VFR,1219,1770,68.87
KRYY,"Marietta/Cobb Cnty, GA, US",United States,GA,MVFR,415,1770,23.45
KRYY,"Marietta/Cobb Cnty, GA, US",United States,GA,IFR,136,1770,7.68
KRYY,"Marietta/Cobb Cnty, GA, US",United States,GA,LIFR,0,0,0
KRZL,"Rensselaer/Jasper Cnty, IN, US",United States,IN,VFR,1710,1870,91.44
KRZL,"Rensselaer/Jasper Cnty, IN, US",United States,IN,IFR,160,1870,8.56
KRZL,"Rensselaer/Jasper Cnty, IN, US",United States,IN,LIFR,0,0,0
KRZL,"Rensselaer/Jasper Cnty, IN, US",United States,IN,MVFR,0,0,0
KRZN,"Siren/Burnett Cnty, WI, US",United States,WI,VFR,1890,1890,100
KRZN,"Siren/Burnett Cnty, WI, US",United States,WI,IFR,0,0,0
KRZN,"Siren/Burnett Cnty, WI, US",United States,WI,LIFR,0,0,0
KRZN,"Siren/Burnett Cnty, WI, US",United States,WI,MVFR,0,0,0
KRZR,"Cleveland Rgnl, TN, US",United States,TN,VFR,1750,1890,92.59
KRZR,"Cleveland Rgnl, TN, US",United States,TN,MVFR,80,1890,4.23
KRZR,"Cleveland Rgnl, TN, US",United States,TN,LIFR,60,1890,3.17
KRZR,"Cleveland Rgnl, TN, US",United States,TN,IFR,0,0,0
KRZT,"Chillicothe/Ross Cnty, OH, US",United States,OH,VFR,1897,1897,100
KRZT,"Chillicothe/Ross Cnty, OH, US",United States,OH,IFR,0,0,0
KRZT,"Chillicothe/Ross Cnty, OH, US",United States,OH,LIFR,0,0,0
KRZT,"Chillicothe/Ross Cnty, OH, US",United States,OH,MVFR,0,0,0
KS12,"Albany Muni, OR, US",United States,OR,VFR,1570,1890,83.07
KS12,"Albany Muni, OR, US",United States,OR,MVFR,300,1890,15.87
KS12,"Albany Muni, OR, US",United States,OR,IFR,20,1890,1.06
KS12,"Albany Muni, OR, US",United States,OR,LIFR,0,0,0
KS21,"Sunriver Arpt, OR, US",United States,OR,VFR,1850,1850,100
KS21,"Sunriver Arpt, OR, US",United States,OR,IFR,0,0,0
KS21,"Sunriver Arpt, OR, US",United States,OR,LIFR,0,0,0
KS21,"Sunriver Arpt, OR, US",United States,OR,MVFR,0,0,0
KS24,"Fremont/Sandusky Cnty, OH, US",United States,OH,VFR,1870,1890,98.94
KS24,"Fremont/Sandusky Cnty, OH, US",United States,OH,MVFR,20,1890,1.06
KS24,"Fremont/Sandusky Cnty, OH, US",United States,OH,IFR,0,0,0
KS24,"Fremont/Sandusky Cnty, OH, US",United States,OH,LIFR,0,0,0
KS25,"Watford City Muni, ND, US",United States,ND,VFR,1870,1870,100
KS25,"Watford City Muni, ND, US",United States,ND,IFR,0,0,0
KS25,"Watford City Muni, ND, US",United States,ND,LIFR,0,0,0
KS25,"Watford City Muni, ND, US",United States,ND,MVFR,0,0,0
KS32,"Cooperstown Muni, ND, US",United States,ND,IFR,0,0,0
KS32,"Cooperstown Muni, ND, US",United States,ND,LIFR,0,0,0
KS32,"Cooperstown Muni, ND, US",United States,ND,MVFR,0,0,0
KS32,"Cooperstown Muni, ND, US",United States,ND,VFR,0,0,0
KS33,"Madras Muni, OR, US",United States,OR,VFR,1870,1870,100
KS33,"Madras Muni, OR, US",United States,OR,IFR,0,0,0
KS33,"Madras Muni, OR, US",United States,OR,LIFR,0,0,0
KS33,"Madras Muni, OR, US",United States,OR,MVFR,0,0,0
KS34,"Plains Arpt, MT, US",United States,MT,VFR,1435,1890,75.93
KS34,"Plains Arpt, MT, US",United States,MT,IFR,195,1890,10.32
KS34,"Plains Arpt, MT, US",United States,MT,LIFR,140,1890,7.41
KS34,"Plains Arpt, MT, US",United States,MT,MVFR,120,1890,6.35
KS39,"Prineville Arpt, OR, US",United States,OR,VFR,1870,1890,98.94
KS39,"Prineville Arpt, OR, US",United States,OR,MVFR,20,1890,1.06
KS39,"Prineville Arpt, OR, US",United States,OR,IFR,0,0,0
KS39,"Prineville Arpt, OR, US",United States,OR,LIFR,0,0,0
KS52,"Methow Valley State Arpt, WA, US",United States,WA,VFR,1890,1890,100
KS52,"Methow Valley State Arpt, WA, US",United States,WA,IFR,0,0,0
KS52,"Methow Valley State Arpt, WA, US",United States,WA,LIFR,0,0,0
KS52,"Methow Valley State Arpt, WA, US",United States,WA,MVFR,0,0,0
KSAA,"Saratoga/Shively Fld, WY, US",United States,WY,VFR,1890,1890,100
KSAA,"Saratoga/Shively Fld, WY, US",United States,WY,IFR,0,0,0
KSAA,"Saratoga/Shively Fld, WY, US",United States,WY,LIFR,0,0,0
KSAA,"Saratoga/Shively Fld, WY, US",United States,WY,MVFR,0,0,0
KSAC,"Sacramento Exec, CA, US",United States,CA,VFR,1830,1830,100
KSAC,"Sacramento Exec, CA, US",United States,CA,IFR,0,0,0
KSAC,"Sacramento Exec, CA, US",United States,CA,LIFR,0,0,0
KSAC,"Sacramento Exec, CA, US",United States,CA,MVFR,0,0,0
KSAD,"Safford Rgnl, AZ, US",United States,AZ,VFR,1890,1890,100
KSAD,"Safford Rgnl, AZ, US",United States,AZ,IFR,0,0,0
KSAD,"Safford Rgnl, AZ, US",United States,AZ,LIFR,0,0,0
KSAD,"Safford Rgnl, AZ, US",United States,AZ,MVFR,0,0,0
KSAF,"Santa Fe Cnty Muni, NM, US",United States,NM,VFR,1190,1866,63.77
KSAF,"Santa Fe Cnty Muni, NM, US",United States,NM,MVFR,515,1866,27.6
KSAF,"Santa Fe Cnty Muni, NM, US",United States,NM,IFR,101,1866,5.41
KSAF,"Santa Fe Cnty Muni, NM, US",United States,NM,LIFR,60,1866,3.22
KSAN,"San Diego Intl Arpt, CA, US",United States,CA,VFR,1301,1890,68.84
KSAN,"San Diego Intl Arpt, CA, US",United States,CA,MVFR,589,1890,31.16
KSAN,"San Diego Intl Arpt, CA, US",United States,CA,IFR,0,0,0
KSAN,"San Diego Intl Arpt, CA, US",United States,CA,LIFR,0,0,0
KSAR,"Sparta/Hunter Fld, IL, US",United States,IL,VFR,1890,1890,100
KSAR,"Sparta/Hunter Fld, IL, US",United States,IL,IFR,0,0,0
KSAR,"Sparta/Hunter Fld, IL, US",United States,IL,LIFR,0,0,0
KSAR,"Sparta/Hunter Fld, IL, US",United States,IL,MVFR,0,0,0
KSAT,"San Antonio Intl, TX, US",United States,TX,VFR,1890,1890,100
KSAT,"San Antonio Intl, TX, US",United States,TX,IFR,0,0,0
KSAT,"San Antonio Intl, TX, US",United States,TX,LIFR,0,0,0
KSAT,"San Antonio Intl, TX, US",United States,TX,MVFR,0,0,0
KSAV,"Savannah Intl, GA, US",United States,GA,VFR,1351,1890,71.48
KSAV,"Savannah Intl, GA, US",United States,GA,MVFR,393,1890,20.79
KSAV,"Savannah Intl, GA, US",United States,GA,IFR,146,1890,7.72
KSAV,"Savannah Intl, GA, US",United States,GA,LIFR,0,0,0
KSAW,"Marquette/Sawyer Intl, MI, US",United States,MI,VFR,1890,1890,100
KSAW,"Marquette/Sawyer Intl, MI, US",United States,MI,IFR,0,0,0
KSAW,"Marquette/Sawyer Intl, MI, US",United States,MI,LIFR,0,0,0
KSAW,"Marquette/Sawyer Intl, MI, US",United States,MI,MVFR,0,0,0
KSAZ,"Staples Muni, MN, US",United States,MN,VFR,1910,1910,100
KSAZ,"Staples Muni, MN, US",United States,MN,IFR,0,0,0
KSAZ,"Staples Muni, MN, US",United States,MN,LIFR,0,0,0
KSAZ,"Staples Muni, MN, US",United States,MN,MVFR,0,0,0
KSBA,"Santa Barbara Muni, CA, US",United States,CA,VFR,1508,1881,80.17
KSBA,"Santa Barbara Muni, CA, US",United States,CA,MVFR,373,1881,19.83
KSBA,"Santa Barbara Muni, CA, US",United States,CA,IFR,0,0,0
KSBA,"Santa Barbara Muni, CA, US",United States,CA,LIFR,0,0,0
KSBD,"San Bernardino Intl, CA, US",United States,CA,VFR,1342,1879,71.42
KSBD,"San Bernardino Intl, CA, US",United States,CA,MVFR,302,1879,16.07
KSBD,"San Bernardino Intl, CA, US",United States,CA,IFR,235,1879,12.51
KSBD,"San Bernardino Intl, CA, US",United States,CA,LIFR,0,0,0
KSBM,"Sheboygan Cnty Mem, WI, US",United States,WI,VFR,930,930,100
KSBM,"Sheboygan Cnty Mem, WI, US",United States,WI,IFR,0,0,0
KSBM,"Sheboygan Cnty Mem, WI, US",United States,WI,LIFR,0,0,0
KSBM,"Sheboygan Cnty Mem, WI, US",United States,WI,MVFR,0,0,0
KSBN,"South Bend Rgnl, IN, US",United States,IN,VFR,1890,1890,100
KSBN,"South Bend Rgnl, IN, US",United States,IN,IFR,0,0,0
KSBN,"South Bend Rgnl, IN, US",United States,IN,LIFR,0,0,0
KSBN,"South Bend Rgnl, IN, US",United States,IN,MVFR,0,0,0
KSBO,"Swainsboro/E Georgia Rgnl, GA, US",United States,GA,VFR,1130,1890,59.79
KSBO,"Swainsboro/E Georgia Rgnl, GA, US",United States,GA,MVFR,400,1890,21.16
KSBO,"Swainsboro/E Georgia Rgnl, GA, US",United States,GA,LIFR,200,1890,10.58
KSBO,"Swainsboro/E Georgia Rgnl, GA, US",United States,GA,IFR,160,1890,8.47
KSBP,"San Luis Obispo/San Luis Cnty, CA, US",United States,CA,VFR,1552,1890,82.12
KSBP,"San Luis Obispo/San Luis Cnty, CA, US",United States,CA,MVFR,338,1890,17.88
KSBP,"San Luis Obispo/San Luis Cnty, CA, US",United States,CA,IFR,0,0,0
KSBP,"San Luis Obispo/San Luis Cnty, CA, US",United States,CA,LIFR,0,0,0
KSBS,"Steamboat Springs/Adams Fld, CO, US",United States,CO,VFR,1890,1890,100
KSBS,"Steamboat Springs/Adams Fld, CO, US",United States,CO,IFR,0,0,0
KSBS,"Steamboat Springs/Adams Fld, CO, US",United States,CO,LIFR,0,0,0
KSBS,"Steamboat Springs/Adams Fld, CO, US",United States,CO,MVFR,0,0,0
KSBX,"Shelby/Toole Cnty Arpt, MT, US",United States,MT,VFR,1890,1890,100
KSBX,"Shelby/Toole Cnty Arpt, MT, US",United States,MT,IFR,0,0,0
KSBX,"Shelby/Toole Cnty Arpt, MT, US",United States,MT,LIFR,0,0,0
KSBX,"Shelby/Toole Cnty Arpt, MT, US",United States,MT,MVFR,0,0,0
KSBY,"Salisbury/Ocean City, MD, US",United States,MD,VFR,1483,1890,78.47
KSBY,"Salisbury/Ocean City, MD, US",United States,MD,MVFR,375,1890,19.84
KSBY,"Salisbury/Ocean City, MD, US",United States,MD,IFR,32,1890,1.69
KSBY,"Salisbury/Ocean City, MD, US",United States,MD,LIFR,0,0,0
KSCD,"Sylacauga Muni, AL, US",United States,AL,IFR,0,0,0
KSCD,"Sylacauga Muni, AL, US",United States,AL,LIFR,0,0,0
KSCD,"Sylacauga Muni, AL, US",United States,AL,MVFR,0,0,0
KSCD,"Sylacauga Muni, AL, US",United States,AL,VFR,0,0,0
KSCH,"Schenectady Cnty, NY, US",United States,NY,VFR,920,1170,78.63
KSCH,"Schenectady Cnty, NY, US",United States,NY,MVFR,250,1170,21.37
KSCH,"Schenectady Cnty, NY, US",United States,NY,IFR,0,0,0
KSCH,"Schenectady Cnty, NY, US",United States,NY,LIFR,0,0,0
KSCK,"Stockton Metro, CA, US",United States,CA,VFR,1890,1890,100
KSCK,"Stockton Metro, CA, US",United States,CA,IFR,0,0,0
KSCK,"Stockton Metro, CA, US",United States,CA,LIFR,0,0,0
KSCK,"Stockton Metro, CA, US",United States,CA,MVFR,0,0,0
KSCX,"Oneida/Scott Muni, TN, US",United States,TN,VFR,1250,1890,66.14
KSCX,"Oneida/Scott Muni, TN, US",United States,TN,MVFR,340,1890,17.99
KSCX,"Oneida/Scott Muni, TN, US",United States,TN,IFR,180,1890,9.52
KSCX,"Oneida/Scott Muni, TN, US",United States,TN,LIFR,120,1890,6.35
KSDA,"Shenandoah Muni, IA, US",United States,IA,VFR,1730,1830,94.54
KSDA,"Shenandoah Muni, IA, US",United States,IA,MVFR,80,1830,4.37
KSDA,"Shenandoah Muni, IA, US",United States,IA,LIFR,20,1830,1.09
KSDA,"Shenandoah Muni, IA, US",United States,IA,IFR,0,0,0
KSDC,"Williamson-Sodus Arpt, NY, US",United States,NY,VFR,1910,1910,100
KSDC,"Williamson-Sodus Arpt, NY, US",United States,NY,IFR,0,0,0
KSDC,"Williamson-Sodus Arpt, NY, US",United States,NY,LIFR,0,0,0
KSDC,"Williamson-Sodus Arpt, NY, US",United States,NY,MVFR,0,0,0
KSDF,"Louisville Intl, KY, US",United States,KY,VFR,1890,1890,100
KSDF,"Louisville Intl, KY, US",United States,KY,IFR,0,0,0
KSDF,"Louisville Intl, KY, US",United States,KY,LIFR,0,0,0
KSDF,"Louisville Intl, KY, US",United States,KY,MVFR,0,0,0
KSDL,"Scottsdale Muni, AZ, US",United States,AZ,VFR,1890,1890,100
KSDL,"Scottsdale Muni, AZ, US",United States,AZ,IFR,0,0,0
KSDL,"Scottsdale Muni, AZ, US",United States,AZ,LIFR,0,0,0
KSDL,"Scottsdale Muni, AZ, US",United States,AZ,MVFR,0,0,0
KSDM,"San Diego/Brown Fld, CA, US",United States,CA,VFR,1431,1860,76.94
KSDM,"San Diego/Brown Fld, CA, US",United States,CA,MVFR,257,1860,13.82
KSDM,"San Diego/Brown Fld, CA, US",United States,CA,IFR,112,1860,6.02
KSDM,"San Diego/Brown Fld, CA, US",United States,CA,LIFR,60,1860,3.23
KSDY,"Sidney/Richland Muni, MT, US",United States,MT,VFR,1890,1890,100
KSDY,"Sidney/Richland Muni, MT, US",United States,MT,IFR,0,0,0
KSDY,"Sidney/Richland Muni, MT, US",United States,MT,LIFR,0,0,0
KSDY,"Sidney/Richland Muni, MT, US",United States,MT,MVFR,0,0,0
KSEA,"Seattle-Tacoma Intl, WA, US",United States,WA,VFR,1604,1890,84.87
KSEA,"Seattle-Tacoma Intl, WA, US",United States,WA,MVFR,286,1890,15.13
KSEA,"Seattle-Tacoma Intl, WA, US",United States,WA,IFR,0,0,0
KSEA,"Seattle-Tacoma Intl, WA, US",United States,WA,LIFR,0,0,0
KSEE,"San Diego/Gillespie Fld, CA, US",United States,CA,VFR,1352,1872,72.22
KSEE,"San Diego/Gillespie Fld, CA, US",United States,CA,IFR,332,1872,17.74
KSEE,"San Diego/Gillespie Fld, CA, US",United States,CA,MVFR,188,1872,10.04
KSEE,"San Diego/Gillespie Fld, CA, US",United States,CA,LIFR,0,0,0
KSEF,"Sebring Rgnl, FL, US",United States,FL,VFR,1580,1750,90.29
KSEF,"Sebring Rgnl, FL, US",United States,FL,MVFR,170,1750,9.71
KSEF,"Sebring Rgnl, FL, US",United States,FL,IFR,0,0,0
KSEF,"Sebring Rgnl, FL, US",United States,FL,LIFR,0,0,0
KSEG,"Selinsgrove/Penn Valley Arpt, PA, US",United States,PA,VFR,1735,1802,96.28
KSEG,"Selinsgrove/Penn Valley Arpt, PA, US",United States,PA,MVFR,67,1802,3.72
KSEG,"Selinsgrove/Penn Valley Arpt, PA, US",United States,PA,IFR,0,0,0
KSEG,"Selinsgrove/Penn Valley Arpt, PA, US",United States,PA,LIFR,0,0,0
KSEM,"Selma/Craig Fld, AL, US",United States,AL,VFR,1810,1850,97.84
KSEM,"Selma/Craig Fld, AL, US",United States,AL,MVFR,40,1850,2.16
KSEM,"Selma/Craig Fld, AL, US",United States,AL,IFR,0,0,0
KSEM,"Selma/Craig Fld, AL, US",United States,AL,LIFR,0,0,0
KSEP,"Stephenville/Clark Rgnl, TX, US",United States,TX,VFR,1710,1890,90.48
KSEP,"Stephenville/Clark Rgnl, TX, US",United States,TX,IFR,120,1890,6.35
KSEP,"Stephenville/Clark Rgnl, TX, US",United States,TX,MVFR,60,1890,3.17
KSEP,"Stephenville/Clark Rgnl, TX, US",United States,TX,LIFR,0,0,0
KSEQ,"Seguin/Randolph AUX, TX, US",United States,TX,VFR,1470,1650,89.09
KSEQ,"Seguin/Randolph AUX, TX, US",United States,TX,IFR,120,1650,7.27
KSEQ,"Seguin/Randolph AUX, TX, US",United States,TX,MVFR,60,1650,3.64
KSEQ,"Seguin/Randolph AUX, TX, US",United States,TX,LIFR,0,0,0
KSET,"St Charles/Smartt Arpt, MO, US",United States,MO,VFR,1680,1832,91.7
KSET,"St Charles/Smartt Arpt, MO, US",United States,MO,LIFR,89,1832,4.86
KSET,"St Charles/Smartt Arpt, MO, US",United States,MO,MVFR,60,1832,3.28
KSET,"St Charles/Smartt Arpt, MO, US",United States,MO,IFR,3,1832,0.16
KSEZ,"Sedona Arpt, AZ, US",United States,AZ,VFR,1890,1890,100
KSEZ,"Sedona Arpt, AZ, US",United States,AZ,IFR,0,0,0
KSEZ,"Sedona Arpt, AZ, US",United States,AZ,LIFR,0,0,0
KSEZ,"Sedona Arpt, AZ, US",United States,AZ,MVFR,0,0,0
KSFB,"Sanford Intl, FL, US",United States,FL,VFR,1584,1890,83.81
KSFB,"Sanford Intl, FL, US",United States,FL,MVFR,306,1890,16.19
KSFB,"Sanford Intl, FL, US",United States,FL,IFR,0,0,0
KSFB,"Sanford Intl, FL, US",United States,FL,LIFR,0,0,0
KSFF,"Spokane/Felts Fld, WA, US",United States,WA,VFR,1890,1890,100
KSFF,"Spokane/Felts Fld, WA, US",United States,WA,IFR,0,0,0
KSFF,"Spokane/Felts Fld, WA, US",United States,WA,LIFR,0,0,0
KSFF,"Spokane/Felts Fld, WA, US",United States,WA,MVFR,0,0,0
KSFM,"Sanford Rgnl, ME, US",United States,ME,VFR,1530,1890,80.95
KSFM,"Sanford Rgnl, ME, US",United States,ME,MVFR,360,1890,19.05
KSFM,"Sanford Rgnl, ME, US",United States,ME,IFR,0,0,0
KSFM,"Sanford Rgnl, ME, US",United States,ME,LIFR,0,0,0
KSFO,"San Francisco Intl, CA, US",United States,CA,VFR,1351,1890,71.48
KSFO,"San Francisco Intl, CA, US",United States,CA,MVFR,539,1890,28.52
KSFO,"San Francisco Intl, CA, US",United States,CA,IFR,0,0,0
KSFO,"San Francisco Intl, CA, US",United States,CA,LIFR,0,0,0
KSFQ,"Suffolk Muni, VA, US",United States,VA,IFR,0,0,0
KSFQ,"Suffolk Muni, VA, US",United States,VA,LIFR,0,0,0
KSFQ,"Suffolk Muni, VA, US",United States,VA,MVFR,0,0,0
KSFQ,"Suffolk Muni, VA, US",United States,VA,VFR,0,0,0
KSFZ,"Pawtucket/N Central State Arpt, RI, US",United States,RI,VFR,1564,1890,82.75
KSFZ,"Pawtucket/N Central State Arpt, RI, US",United States,RI,MVFR,204,1890,10.79
KSFZ,"Pawtucket/N Central State Arpt, RI, US",United States,RI,IFR,122,1890,6.46
KSFZ,"Pawtucket/N Central State Arpt, RI, US",United States,RI,LIFR,0,0,0
KSGF,"Springfield Muni, MO, US",United States,MO,VFR,1830,1859,98.44
KSGF,"Springfield Muni, MO, US",United States,MO,LIFR,29,1859,1.56
KSGF,"Springfield Muni, MO, US",United States,MO,IFR,0,0,0
KSGF,"Springfield Muni, MO, US",United States,MO,MVFR,0,0,0
KSGH,"Springfield Muni, OH, US",United States,OH,VFR,1890,1890,100
KSGH,"Springfield Muni, OH, US",United States,OH,IFR,0,0,0
KSGH,"Springfield Muni, OH, US",United States,OH,LIFR,0,0,0
KSGH,"Springfield Muni, OH, US",United States,OH,MVFR,0,0,0
KSGJ,"St Augustine Arpt, FL, US",United States,FL,VFR,959,1912,50.16
KSGJ,"St Augustine Arpt, FL, US",United States,FL,MVFR,930,1912,48.64
KSGJ,"St Augustine Arpt, FL, US",United States,FL,IFR,23,1912,1.2
KSGJ,"St Augustine Arpt, FL, US",United States,FL,LIFR,0,0,0
KSGR,"Houston/Sugar Land Rgnl, TX, US",United States,TX,VFR,1890,1890,100
KSGR,"Houston/Sugar Land Rgnl, TX, US",United States,TX,IFR,0,0,0
KSGR,"Houston/Sugar Land Rgnl, TX, US",United States,TX,LIFR,0,0,0
KSGR,"Houston/Sugar Land Rgnl, TX, US",United States,TX,MVFR,0,0,0
KSGS,"South St Paul Muni, MN, US",United States,MN,VFR,1870,1890,98.94
KSGS,"South St Paul Muni, MN, US",United States,MN,MVFR,20,1890,1.06
KSGS,"South St Paul Muni, MN, US",United States,MN,IFR,0,0,0
KSGS,"South St Paul Muni, MN, US",United States,MN,LIFR,0,0,0
KSGT,"Stuttgart Muni, AR, US",United States,AR,VFR,1097,1148,95.56
KSGT,"Stuttgart Muni, AR, US",United States,AR,MVFR,51,1148,4.44
KSGT,"Stuttgart Muni, AR, US",United States,AR,IFR,0,0,0
KSGT,"Stuttgart Muni, AR, US",United States,AR,LIFR,0,0,0
KSGU,"Saint George Muni, UT, US",United States,UT,VFR,1890,1890,100
KSGU,"Saint George Muni, UT, US",United States,UT,IFR,0,0,0
KSGU,"Saint George Muni, UT, US",United States,UT,LIFR,0,0,0
KSGU,"Saint George Muni, UT, US",United States,UT,MVFR,0,0,0
KSHD,"Staunton/Shenandoah Valley Rgnl, VA, US",United States,VA,VFR,1890,1890,100
KSHD,"Staunton/Shenandoah Valley Rgnl, VA, US",United States,VA,IFR,0,0,0
KSHD,"Staunton/Shenandoah Valley Rgnl, VA, US",United States,VA,LIFR,0,0,0
KSHD,"Staunton/Shenandoah Valley Rgnl, VA, US",United States,VA,MVFR,0,0,0
KSHL,"Sheldon Muni, IA, US",United States,IA,VFR,1850,1850,100
KSHL,"Sheldon Muni, IA, US",United States,IA,IFR,0,0,0
KSHL,"Sheldon Muni, IA, US",United States,IA,LIFR,0,0,0
KSHL,"Sheldon Muni, IA, US",United States,IA,MVFR,0,0,0
KSHN,"Shelton/Sanderson Fld, WA, US",United States,WA,VFR,1585,1890,83.86
KSHN,"Shelton/Sanderson Fld, WA, US",United States,WA,MVFR,305,1890,16.14
KSHN,"Shelton/Sanderson Fld, WA, US",United States,WA,IFR,0,0,0
KSHN,"Shelton/Sanderson Fld, WA, US",United States,WA,LIFR,0,0,0
KSHR,"Sheridan Cnty Arpt, WY, US",United States,WY,VFR,1890,1890,100
KSHR,"Sheridan Cnty Arpt, WY, US",United States,WY,IFR,0,0,0
KSHR,"Sheridan Cnty Arpt, WY, US",United States,WY,LIFR,0,0,0
KSHR,"Sheridan Cnty Arpt, WY, US",United States,WY,MVFR,0,0,0
KSHV,"Shreveport Rgnl, LA, US",United States,LA,VFR,1650,1650,100
KSHV,"Shreveport Rgnl, LA, US",United States,LA,IFR,0,0,0
KSHV,"Shreveport Rgnl, LA, US",United States,LA,LIFR,0,0,0
KSHV,"Shreveport Rgnl, LA, US",United States,LA,MVFR,0,0,0
KSIF,"Eden/Shiloh Arpt, NC, US",United States,NC,VFR,1900,1900,100
KSIF,"Eden/Shiloh Arpt, NC, US",United States,NC,IFR,0,0,0
KSIF,"Eden/Shiloh Arpt, NC, US",United States,NC,LIFR,0,0,0
KSIF,"Eden/Shiloh Arpt, NC, US",United States,NC,MVFR,0,0,0
KSIK,"Sikeston Arpt, MO, US",United States,MO,IFR,0,0,0
KSIK,"Sikeston Arpt, MO, US",United States,MO,LIFR,0,0,0
KSIK,"Sikeston Arpt, MO, US",United States,MO,MVFR,0,0,0
KSIK,"Sikeston Arpt, MO, US",United States,MO,VFR,0,0,0
KSIY,"Montague/Siskiyou Cnty, CA, US",United States,CA,VFR,1890,1890,100
KSIY,"Montague/Siskiyou Cnty, CA, US",United States,CA,IFR,0,0,0
KSIY,"Montague/Siskiyou Cnty, CA, US",United States,CA,LIFR,0,0,0
KSIY,"Montague/Siskiyou Cnty, CA, US",United States,CA,MVFR,0,0,0
KSJC,"San Jose Intl Arpt, CA, US",United States,CA,VFR,1503,1890,79.52
KSJC,"San Jose Intl Arpt, CA, US",United States,CA,MVFR,387,1890,20.48
KSJC,"San Jose Intl Arpt, CA, US",United States,CA,IFR,0,0,0
KSJC,"San Jose Intl Arpt, CA, US",United States,CA,LIFR,0,0,0
KSJN,"St Johns Ind Arpt, AZ, US",United States,AZ,VFR,1890,1890,100
KSJN,"St Johns Ind Arpt, AZ, US",United States,AZ,IFR,0,0,0
KSJN,"St Johns Ind Arpt, AZ, US",United States,AZ,LIFR,0,0,0
KSJN,"St Johns Ind Arpt, AZ, US",United States,AZ,MVFR,0,0,0
KSJT,"San Angelo/Mathis Fld, TX, US",United States,TX,VFR,1890,1890,100
KSJT,"San Angelo/Mathis Fld, TX, US",United States,TX,IFR,0,0,0
KSJT,"San Angelo/Mathis Fld, TX, US",United States,TX,LIFR,0,0,0
KSJT,"San Angelo/Mathis Fld, TX, US",United States,TX,MVFR,0,0,0
KSJX,"Beaver Island Arpt, MI, US",United States,MI,VFR,1790,1890,94.71
KSJX,"Beaver Island Arpt, MI, US",United States,MI,IFR,60,1890,3.17
KSJX,"Beaver Island Arpt, MI, US",United States,MI,MVFR,40,1890,2.12
KSJX,"Beaver Island Arpt, MI, US",United States,MI,LIFR,0,0,0
KSKA,"Spokane/Fairchild AFB, WA, US",United States,WA,VFR,1648,1648,100
KSKA,"Spokane/Fairchild AFB, WA, US",United States,WA,IFR,0,0,0
KSKA,"Spokane/Fairchild AFB, WA, US",United States,WA,LIFR,0,0,0
KSKA,"Spokane/Fairchild AFB, WA, US",United States,WA,MVFR,0,0,0
KSKF,"Lackland AFB/Kelly Fld, TX, US",United States,TX,VFR,1650,1650,100
KSKF,"Lackland AFB/Kelly Fld, TX, US",United States,TX,IFR,0,0,0
KSKF,"Lackland AFB/Kelly Fld, TX, US",United States,TX,LIFR,0,0,0
KSKF,"Lackland AFB/Kelly Fld, TX, US",United States,TX,MVFR,0,0,0
KSLB,"Storm Lake Muni, IA, US",United States,IA,VFR,1890,1890,100
KSLB,"Storm Lake Muni, IA, US",United States,IA,IFR,0,0,0
KSLB,"Storm Lake Muni, IA, US",United States,IA,LIFR,0,0,0
KSLB,"Storm Lake Muni, IA, US",United States,IA,MVFR,0,0,0
KSLC,"Salt Lake City Intl, UT, US",United States,UT,VFR,1890,1890,100
KSLC,"Salt Lake City Intl, UT, US",United States,UT,IFR,0,0,0
KSLC,"Salt Lake City Intl, UT, US",United States,UT,LIFR,0,0,0
KSLC,"Salt Lake City Intl, UT, US",United States,UT,MVFR,0,0,0
KSLE,"Salem Muni, OR, US",United States,OR,VFR,1579,1890,83.54
KSLE,"Salem Muni, OR, US",United States,OR,MVFR,311,1890,16.46
KSLE,"Salem Muni, OR, US",United States,OR,IFR,0,0,0
KSLE,"Salem Muni, OR, US",United States,OR,LIFR,0,0,0
KSLG,"Siloam Springs/Smith Fld, AR, US",United States,AR,VFR,1381,1890,73.07
KSLG,"Siloam Springs/Smith Fld, AR, US",United States,AR,LIFR,205,1890,10.85
KSLG,"Siloam Springs/Smith Fld, AR, US",United States,AR,MVFR,192,1890,10.16
KSLG,"Siloam Springs/Smith Fld, AR, US",United States,AR,IFR,112,1890,5.93
KSLH,"Cheboygan Cnty Arpt, MI, US",United States,MI,VFR,1890,1890,100
KSLH,"Cheboygan Cnty Arpt, MI, US",United States,MI,IFR,0,0,0
KSLH,"Cheboygan Cnty Arpt, MI, US",United States,MI,LIFR,0,0,0
KSLH,"Cheboygan Cnty Arpt, MI, US",United States,MI,MVFR,0,0,0
KSLI,"Los Alamitos AAF, CA, US",United States,CA,VFR,1110,1590,69.81
KSLI,"Los Alamitos AAF, CA, US",United States,CA,MVFR,480,1590,30.19
KSLI,"Los Alamitos AAF, CA, US",United States,CA,IFR,0,0,0
KSLI,"Los Alamitos AAF, CA, US",United States,CA,LIFR,0,0,0
KSLK,"Saranac Lake/Adirondack Rgnl, NY, US",United States,NY,VFR,1843,1890,97.51
KSLK,"Saranac Lake/Adirondack Rgnl, NY, US",United States,NY,MVFR,47,1890,2.49
KSLK,"Saranac Lake/Adirondack Rgnl, NY, US",United States,NY,IFR,0,0,0
KSLK,"Saranac Lake/Adirondack Rgnl, NY, US",United States,NY,LIFR,0,0,0
KSLN,"Salina Rgnl, KS, US",United States,KS,VFR,1890,1890,100
KSLN,"Salina Rgnl, KS, US",United States,KS,IFR,0,0,0
KSLN,"Salina Rgnl, KS, US",United States,KS,LIFR,0,0,0
KSLN,"Salina Rgnl, KS, US",United States,KS,MVFR,0,0,0
KSLO,"Salem/Leckrone Arpt, IL, US",United States,IL,VFR,1890,1890,100
KSLO,"Salem/Leckrone Arpt, IL, US",United States,IL,IFR,0,0,0
KSLO,"Salem/Leckrone Arpt, IL, US",United States,IL,LIFR,0,0,0
KSLO,"Salem/Leckrone Arpt, IL, US",United States,IL,MVFR,0,0,0
KSLR,"Sulphur Springs Muni, TX, US",United States,TX,VFR,1830,1830,100
KSLR,"Sulphur Springs Muni, TX, US",United States,TX,IFR,0,0,0
KSLR,"Sulphur Springs Muni, TX, US",United States,TX,LIFR,0,0,0
KSLR,"Sulphur Springs Muni, TX, US",United States,TX,MVFR,0,0,0
KSMD,"Fort Wayne/Smith Fld, IN, US",United States,IN,VFR,1890,1890,100
KSMD,"Fort Wayne/Smith Fld, IN, US",United States,IN,IFR,0,0,0
KSMD,"Fort Wayne/Smith Fld, IN, US",United States,IN,LIFR,0,0,0
KSMD,"Fort Wayne/Smith Fld, IN, US",United States,IN,MVFR,0,0,0
KSME,"Somerset/Lake Cumberland Rgnl, KY, US",United States,KY,VFR,1450,1890,76.72
KSME,"Somerset/Lake Cumberland Rgnl, KY, US",United States,KY,MVFR,260,1890,13.76
KSME,"Somerset/Lake Cumberland Rgnl, KY, US",United States,KY,IFR,180,1890,9.52
KSME,"Somerset/Lake Cumberland Rgnl, KY, US",United States,KY,LIFR,0,0,0
KSMF,"Sacramento Intl, CA, US",United States,CA,VFR,1890,1890,100
KSMF,"Sacramento Intl, CA, US",United States,CA,IFR,0,0,0
KSMF,"Sacramento Intl, CA, US",United States,CA,LIFR,0,0,0
KSMF,"Sacramento Intl, CA, US",United States,CA,MVFR,0,0,0
KSMN,"Salmon/Lemhi Cnty, ID, US",United States,ID,VFR,1890,1890,100
KSMN,"Salmon/Lemhi Cnty, ID, US",United States,ID,IFR,0,0,0
KSMN,"Salmon/Lemhi Cnty, ID, US",United States,ID,LIFR,0,0,0
KSMN,"Salmon/Lemhi Cnty, ID, US",United States,ID,MVFR,0,0,0
KSMO,"Santa Monica Muni, CA, US",United States,CA,VFR,1477,1890,78.15
KSMO,"Santa Monica Muni, CA, US",United States,CA,MVFR,413,1890,21.85
KSMO,"Santa Monica Muni, CA, US",United States,CA,IFR,0,0,0
KSMO,"Santa Monica Muni, CA, US",United States,CA,LIFR,0,0,0
KSMQ,"Somerville/Somerset Arpt, NJ, US",United States,NJ,VFR,1726,1865,92.55
KSMQ,"Somerville/Somerset Arpt, NJ, US",United States,NJ,MVFR,112,1865,6.01
KSMQ,"Somerville/Somerset Arpt, NJ, US",United States,NJ,IFR,27,1865,1.45
KSMQ,"Somerville/Somerset Arpt, NJ, US",United States,NJ,LIFR,0,0,0
KSMS,"Sumter Muni, SC, US",United States,SC,VFR,1650,1890,87.3
KSMS,"Sumter Muni, SC, US",United States,SC,MVFR,140,1890,7.41
KSMS,"Sumter Muni, SC, US",United States,SC,LIFR,100,1890,5.29
KSMS,"Sumter Muni, SC, US",United States,SC,IFR,0,0,0
KSMX,"Santa Maria/Hancock Fld, CA, US",United States,CA,VFR,1691,1890,89.47
KSMX,"Santa Maria/Hancock Fld, CA, US",United States,CA,MVFR,199,1890,10.53
KSMX,"Santa Maria/Hancock Fld, CA, US",United States,CA,IFR,0,0,0
KSMX,"Santa Maria/Hancock Fld, CA, US",United States,CA,LIFR,0,0,0
KSNA,"Santa Ana/Wayne Arpt, CA, US",United States,CA,VFR,1410,1864,75.64
KSNA,"Santa Ana/Wayne Arpt, CA, US",United States,CA,MVFR,454,1864,24.36
KSNA,"Santa Ana/Wayne Arpt, CA, US",United States,CA,IFR,0,0,0
KSNA,"Santa Ana/Wayne Arpt, CA, US",United States,CA,LIFR,0,0,0
KSNC,"Chester Arpt, CT, US",United States,CT,VFR,1470,1810,81.22
KSNC,"Chester Arpt, CT, US",United States,CT,MVFR,200,1810,11.05
KSNC,"Chester Arpt, CT, US",United States,CT,LIFR,80,1810,4.42
KSNC,"Chester Arpt, CT, US",United States,CT,IFR,60,1810,3.31
KSNH,"Savannah/Hardin Cnty, TN, US",United States,TN,VFR,1410,1870,75.4
KSNH,"Savannah/Hardin Cnty, TN, US",United States,TN,MVFR,300,1870,16.04
KSNH,"Savannah/Hardin Cnty, TN, US",United States,TN,IFR,160,1870,8.56
KSNH,"Savannah/Hardin Cnty, TN, US",United States,TN,LIFR,0,0,0
KSNK,"Snyder/Winston Fld, TX, US",United States,TX,VFR,1910,1910,100
KSNK,"Snyder/Winston Fld, TX, US",United States,TX,IFR,0,0,0
KSNK,"Snyder/Winston Fld, TX, US",United States,TX,LIFR,0,0,0
KSNK,"Snyder/Winston Fld, TX, US",United States,TX,MVFR,0,0,0
KSNL,"Shawnee Rgnl, OK, US",United States,OK,VFR,1570,1890,83.07
KSNL,"Shawnee Rgnl, OK, US",United States,OK,IFR,300,1890,15.87
KSNL,"Shawnee Rgnl, OK, US",United States,OK,MVFR,20,1890,1.06
KSNL,"Shawnee Rgnl, OK, US",United States,OK,LIFR,0,0,0
KSNS,"Salinas Muni, CA, US",United States,CA,VFR,1366,1890,72.28
KSNS,"Salinas Muni, CA, US",United States,CA,MVFR,524,1890,27.72
KSNS,"Salinas Muni, CA, US",United States,CA,IFR,0,0,0
KSNS,"Salinas Muni, CA, US",United States,CA,LIFR,0,0,0
KSNY,"Sidney/Carr Fld, NE, US",United States,NE,VFR,1531,1870,81.87
KSNY,"Sidney/Carr Fld, NE, US",United States,NE,LIFR,292,1870,15.61
KSNY,"Sidney/Carr Fld, NE, US",United States,NE,MVFR,47,1870,2.51
KSNY,"Sidney/Carr Fld, NE, US",United States,NE,IFR,0,0,0
KSOA,"Sonora Muni, TX, US",United States,TX,VFR,1890,1890,100
KSOA,"Sonora Muni, TX, US",United States,TX,IFR,0,0,0
KSOA,"Sonora Muni, TX, US",United States,TX,LIFR,0,0,0
KSOA,"Sonora Muni, TX, US",United States,TX,MVFR,0,0,0
KSOP,"Southern Pines/Moore Cnty, NC, US",United States,NC,VFR,1852,1890,97.99
KSOP,"Southern Pines/Moore Cnty, NC, US",United States,NC,MVFR,38,1890,2.01
KSOP,"Southern Pines/Moore Cnty, NC, US",United States,NC,IFR,0,0,0
KSOP,"Southern Pines/Moore Cnty, NC, US",United States,NC,LIFR,0,0,0
KSOW,"Show Low Muni, AZ, US",United States,AZ,VFR,1850,1870,98.93
KSOW,"Show Low Muni, AZ, US",United States,AZ,MVFR,20,1870,1.07
KSOW,"Show Low Muni, AZ, US",United States,AZ,IFR,0,0,0
KSOW,"Show Low Muni, AZ, US",United States,AZ,LIFR,0,0,0
KSPA,"Spartanburg/Downtown Arpt, SC, US",United States,SC,VFR,1890,1890,100
KSPA,"Spartanburg/Downtown Arpt, SC, US",United States,SC,IFR,0,0,0
KSPA,"Spartanburg/Downtown Arpt, SC, US",United States,SC,LIFR,0,0,0
KSPA,"Spartanburg/Downtown Arpt, SC, US",United States,SC,MVFR,0,0,0
KSPB,"Scappoose Ind Arpk, OR, US",United States,OR,VFR,1890,1890,100
KSPB,"Scappoose Ind Arpk, OR, US",United States,OR,IFR,0,0,0
KSPB,"Scappoose Ind Arpk, OR, US",United States,OR,LIFR,0,0,0
KSPB,"Scappoose Ind Arpk, OR, US",United States,OR,MVFR,0,0,0
KSPF,"Spearfish/Clyde Fld, SD, US",United States,SD,VFR,1810,1870,96.79
KSPF,"Spearfish/Clyde Fld, SD, US",United States,SD,IFR,60,1870,3.21
KSPF,"Spearfish/Clyde Fld, SD, US",United States,SD,LIFR,0,0,0
KSPF,"Spearfish/Clyde Fld, SD, US",United States,SD,MVFR,0,0,0
KSPG,"St Petersburg/Whitted Arpt, FL, US",United States,FL,VFR,1890,1890,100
KSPG,"St Petersburg/Whitted Arpt, FL, US",United States,FL,IFR,0,0,0
KSPG,"St Petersburg/Whitted Arpt, FL, US",United States,FL,LIFR,0,0,0
KSPG,"St Petersburg/Whitted Arpt, FL, US",United States,FL,MVFR,0,0,0
KSPI,"Springfield/Lincoln Capital Arpt, IL, US",United States,IL,VFR,1890,1890,100
KSPI,"Springfield/Lincoln Capital Arpt, IL, US",United States,IL,IFR,0,0,0
KSPI,"Springfield/Lincoln Capital Arpt, IL, US",United States,IL,LIFR,0,0,0
KSPI,"Springfield/Lincoln Capital Arpt, IL, US",United States,IL,MVFR,0,0,0
KSPK,"Spanish Fork Muni, UT, US",United States,UT,VFR,1410,1410,100
KSPK,"Spanish Fork Muni, UT, US",United States,UT,IFR,0,0,0
KSPK,"Spanish Fork Muni, UT, US",United States,UT,LIFR,0,0,0
KSPK,"Spanish Fork Muni, UT, US",United States,UT,MVFR,0,0,0
KSPS,"Wichita Falls Rgnl, TX, US",United States,TX,VFR,1890,1890,100
KSPS,"Wichita Falls Rgnl, TX, US",United States,TX,IFR,0,0,0
KSPS,"Wichita Falls Rgnl, TX, US",United States,TX,LIFR,0,0,0
KSPS,"Wichita Falls Rgnl, TX, US",United States,TX,MVFR,0,0,0
KSPW,"Spencer Muni, IA, US",United States,IA,VFR,1890,1890,100
KSPW,"Spencer Muni, IA, US",United States,IA,IFR,0,0,0
KSPW,"Spencer Muni, IA, US",United States,IA,LIFR,0,0,0
KSPW,"Spencer Muni, IA, US",United States,IA,MVFR,0,0,0
KSQI,"Sterling-Rock Falls Arpt, IL, US",United States,IL,VFR,1874,1890,99.15
KSQI,"Sterling-Rock Falls Arpt, IL, US",United States,IL,IFR,16,1890,0.85
KSQI,"Sterling-Rock Falls Arpt, IL, US",United States,IL,LIFR,0,0,0
KSQI,"Sterling-Rock Falls Arpt, IL, US",United States,IL,MVFR,0,0,0
KSQL,"San Carlos Arpt, CA, US",United States,CA,VFR,1424,1862,76.48
KSQL,"San Carlos Arpt, CA, US",United States,CA,MVFR,438,1862,23.52
KSQL,"San Carlos Arpt, CA, US",United States,CA,IFR,0,0,0
KSQL,"San Carlos Arpt, CA, US",United States,CA,LIFR,0,0,0
KSRB,"Sparta/Upper Cumberland Rgnl, TN, US",United States,TN,VFR,870,1630,53.37
KSRB,"Sparta/Upper Cumberland Rgnl, TN, US",United States,TN,MVFR,400,1630,24.54
KSRB,"Sparta/Upper Cumberland Rgnl, TN, US",United States,TN,IFR,220,1630,13.5
KSRB,"Sparta/Upper Cumberland Rgnl, TN, US",United States,TN,LIFR,140,1630,8.59
KSRC,"Searcy Muni, AR, US",United States,AR,VFR,1806,1890,95.56
KSRC,"Searcy Muni, AR, US",United States,AR,MVFR,84,1890,4.44
KSRC,"Searcy Muni, AR, US",United States,AR,IFR,0,0,0
KSRC,"Searcy Muni, AR, US",United States,AR,LIFR,0,0,0
KSRE,"Seminole Muni, OK, US",United States,OK,VFR,1290,1890,68.25
KSRE,"Seminole Muni, OK, US",United States,OK,IFR,320,1890,16.93
KSRE,"Seminole Muni, OK, US",United States,OK,MVFR,280,1890,14.81
KSRE,"Seminole Muni, OK, US",United States,OK,LIFR,0,0,0
KSRQ,"Sarasota-Bradenton Intl, FL, US",United States,FL,VFR,1890,1890,100
KSRQ,"Sarasota-Bradenton Intl, FL, US",United States,FL,IFR,0,0,0
KSRQ,"Sarasota-Bradenton Intl, FL, US",United States,FL,LIFR,0,0,0
KSRQ,"Sarasota-Bradenton Intl, FL, US",United States,FL,MVFR,0,0,0
KSRR,"Ruidoso Rgnl, NM, US",United States,NM,VFR,810,1870,43.32
KSRR,"Ruidoso Rgnl, NM, US",United States,NM,LIFR,520,1870,27.81
KSRR,"Ruidoso Rgnl, NM, US",United States,NM,MVFR,440,1870,23.53
KSRR,"Ruidoso Rgnl, NM, US",United States,NM,IFR,100,1870,5.35
KSSC,"Shaw AFB, SC, US",United States,SC,VFR,1498,1650,90.79
KSSC,"Shaw AFB, SC, US",United States,SC,MVFR,152,1650,9.21
KSSC,"Shaw AFB, SC, US",United States,SC,IFR,0,0,0
KSSC,"Shaw AFB, SC, US",United States,SC,LIFR,0,0,0
KSSF,"San Antonio/Stinson Muni, TX, US",United States,TX,VFR,1890,1890,100
KSSF,"San Antonio/Stinson Muni, TX, US",United States,TX,IFR,0,0,0
KSSF,"San Antonio/Stinson Muni, TX, US",United States,TX,LIFR,0,0,0
KSSF,"San Antonio/Stinson Muni, TX, US",United States,TX,MVFR,0,0,0
KSSI,"Brunswick/McKinnon St Simons Arpt, GA, US",United States,GA,VFR,1140,1890,60.32
KSSI,"Brunswick/McKinnon St Simons Arpt, GA, US",United States,GA,MVFR,510,1890,26.98
KSSI,"Brunswick/McKinnon St Simons Arpt, GA, US",United States,GA,LIFR,180,1890,9.52
KSSI,"Brunswick/McKinnon St Simons Arpt, GA, US",United States,GA,IFR,60,1890,3.17
KSTC,"St Cloud Rgnl, MN, US",United States,MN,VFR,1890,1890,100
KSTC,"St Cloud Rgnl, MN, US",United States,MN,IFR,0,0,0
KSTC,"St Cloud Rgnl, MN, US",United States,MN,LIFR,0,0,0
KSTC,"St Cloud Rgnl, MN, US",United States,MN,MVFR,0,0,0
KSTE,"Stevens Point Muni, WI, US",United States,WI,VFR,1870,1890,98.94
KSTE,"Stevens Point Muni, WI, US",United States,WI,MVFR,20,1890,1.06
KSTE,"Stevens Point Muni, WI, US",United States,WI,IFR,0,0,0
KSTE,"Stevens Point Muni, WI, US",United States,WI,LIFR,0,0,0
KSTF,"Starkville/Bryan Arpt, MS, US",United States,MS,VFR,1350,1870,72.19
KSTF,"Starkville/Bryan Arpt, MS, US",United States,MS,MVFR,220,1870,11.76
KSTF,"Starkville/Bryan Arpt, MS, US",United States,MS,LIFR,200,1870,10.7
KSTF,"Starkville/Bryan Arpt, MS, US",United States,MS,IFR,100,1870,5.35
KSTJ,"St Joseph/Rosecrans Mem, MO, US",United States,MO,VFR,1500,1869,80.26
KSTJ,"St Joseph/Rosecrans Mem, MO, US",United States,MO,MVFR,179,1869,9.58
KSTJ,"St Joseph/Rosecrans Mem, MO, US",United States,MO,LIFR,170,1869,9.1
KSTJ,"St Joseph/Rosecrans Mem, MO, US",United States,MO,IFR,20,1869,1.07
KSTL,"St Louis/Lambert Intl, MO, US",United States,MO,VFR,1890,1890,100
KSTL,"St Louis/Lambert Intl, MO, US",United States,MO,IFR,0,0,0
KSTL,"St Louis/Lambert Intl, MO, US",United States,MO,LIFR,0,0,0
KSTL,"St Louis/Lambert Intl, MO, US",United States,MO,MVFR,0,0,0
KSTP,"Saint Paul/Downtown Arpt, MN, US",United States,MN,VFR,1890,1890,100
KSTP,"Saint Paul/Downtown Arpt, MN, US",United States,MN,IFR,0,0,0
KSTP,"Saint Paul/Downtown Arpt, MN, US",United States,MN,LIFR,0,0,0
KSTP,"Saint Paul/Downtown Arpt, MN, US",United States,MN,MVFR,0,0,0
KSTS,"Santa Rosa/Schulz Arpt, CA, US",United States,CA,MVFR,1474,1890,77.99
KSTS,"Santa Rosa/Schulz Arpt, CA, US",United States,CA,VFR,346,1890,18.31
KSTS,"Santa Rosa/Schulz Arpt, CA, US",United States,CA,IFR,70,1890,3.7
KSTS,"Santa Rosa/Schulz Arpt, CA, US",United States,CA,LIFR,0,0,0
KSUA,"Stuart/Witham Fld, FL, US",United States,FL,VFR,1477,1888,78.23
KSUA,"Stuart/Witham Fld, FL, US",United States,FL,MVFR,391,1888,20.71
KSUA,"Stuart/Witham Fld, FL, US",United States,FL,IFR,20,1888,1.06
KSUA,"Stuart/Witham Fld, FL, US",United States,FL,LIFR,0,0,0
KSUE,"Sturgeon Bay/Door Cnty, WI, US",United States,WI,VFR,1871,1871,100
KSUE,"Sturgeon Bay/Door Cnty, WI, US",United States,WI,IFR,0,0,0
KSUE,"Sturgeon Bay/Door Cnty, WI, US",United States,WI,LIFR,0,0,0
KSUE,"Sturgeon Bay/Door Cnty, WI, US",United States,WI,MVFR,0,0,0
KSUN,"Hailey/Friedman Mem, ID, US",United States,ID,VFR,1866,1866,100
KSUN,"Hailey/Friedman Mem, ID, US",United States,ID,IFR,0,0,0
KSUN,"Hailey/Friedman Mem, ID, US",United States,ID,LIFR,0,0,0
KSUN,"Hailey/Friedman Mem, ID, US",United States,ID,MVFR,0,0,0
KSUO,"Rosebud/Sioux Tribal Arpt, SD, US",United States,SD,MVFR,880,1890,46.56
KSUO,"Rosebud/Sioux Tribal Arpt, SD, US",United States,SD,VFR,490,1890,25.93
KSUO,"Rosebud/Sioux Tribal Arpt, SD, US",United States,SD,IFR,300,1890,15.87
KSUO,"Rosebud/Sioux Tribal Arpt, SD, US",United States,SD,LIFR,220,1890,11.64
KSUS,"St Louis/Spirit of St Louis Arpt, MO, US",United States,MO,VFR,1410,1697,83.09
KSUS,"St Louis/Spirit of St Louis Arpt, MO, US",United States,MO,MVFR,233,1697,13.73
KSUS,"St Louis/Spirit of St Louis Arpt, MO, US",United States,MO,LIFR,39,1697,2.3
KSUS,"St Louis/Spirit of St Louis Arpt, MO, US",United States,MO,IFR,15,1697,0.88
KSUT,"Southport/Cape Fear Rgnl, NC, US",United States,NC,VFR,1800,1900,94.74
KSUT,"Southport/Cape Fear Rgnl, NC, US",United States,NC,MVFR,100,1900,5.26
KSUT,"Southport/Cape Fear Rgnl, NC, US",United States,NC,IFR,0,0,0
KSUT,"Southport/Cape Fear Rgnl, NC, US",United States,NC,LIFR,0,0,0
KSUU,"Fairfield/Travis AFB, CA, US",United States,CA,VFR,1620,1650,98.18
KSUU,"Fairfield/Travis AFB, CA, US",United States,CA,MVFR,30,1650,1.82
KSUU,"Fairfield/Travis AFB, CA, US",United States,CA,IFR,0,0,0
KSUU,"Fairfield/Travis AFB, CA, US",United States,CA,LIFR,0,0,0
KSUW,"Superior/Bong Arpt, WI, US",United States,WI,VFR,1850,1890,97.88
KSUW,"Superior/Bong Arpt, WI, US",United States,WI,MVFR,40,1890,2.12
KSUW,"Superior/Bong Arpt, WI, US",United States,WI,IFR,0,0,0
KSUW,"Superior/Bong Arpt, WI, US",United States,WI,LIFR,0,0,0
KSUX,"Sioux City/Day Fld, IA, US",United States,IA,VFR,1890,1890,100
KSUX,"Sioux City/Day Fld, IA, US",United States,IA,IFR,0,0,0
KSUX,"Sioux City/Day Fld, IA, US",United States,IA,LIFR,0,0,0
KSUX,"Sioux City/Day Fld, IA, US",United States,IA,MVFR,0,0,0
KSUZ,"Benton/Saline Cnty, AR, US",United States,AR,VFR,1530,1790,85.47
KSUZ,"Benton/Saline Cnty, AR, US",United States,AR,MVFR,260,1790,14.53
KSUZ,"Benton/Saline Cnty, AR, US",United States,AR,IFR,0,0,0
KSUZ,"Benton/Saline Cnty, AR, US",United States,AR,LIFR,0,0,0
KSVC,"Silver City/Grant Cnty, NM, US",United States,NM,VFR,1890,1890,100
KSVC,"Silver City/Grant Cnty, NM, US",United States,NM,IFR,0,0,0
KSVC,"Silver City/Grant Cnty, NM, US",United States,NM,LIFR,0,0,0
KSVC,"Silver City/Grant Cnty, NM, US",United States,NM,MVFR,0,0,0
KSVE,"Susanville Muni, CA, US",United States,CA,VFR,1910,1910,100
KSVE,"Susanville Muni, CA, US",United States,CA,IFR,0,0,0
KSVE,"Susanville Muni, CA, US",United States,CA,LIFR,0,0,0
KSVE,"Susanville Muni, CA, US",United States,CA,MVFR,0,0,0
KSVH,"Statesville Muni, NC, US",United States,NC,VFR,1900,1900,100
KSVH,"Statesville Muni, NC, US",United States,NC,IFR,0,0,0
KSVH,"Statesville Muni, NC, US",United States,NC,LIFR,0,0,0
KSVH,"Statesville Muni, NC, US",United States,NC,MVFR,0,0,0
KSVN,"Savannah/Hunter AAF, GA, US",United States,GA,VFR,1380,1650,83.64
KSVN,"Savannah/Hunter AAF, GA, US",United States,GA,MVFR,225,1650,13.64
KSVN,"Savannah/Hunter AAF, GA, US",United States,GA,IFR,45,1650,2.73
KSVN,"Savannah/Hunter AAF, GA, US",United States,GA,LIFR,0,0,0
KSWF,"Newburgh/Stewart Intl, NY, US",United States,NY,VFR,1530,1830,83.61
KSWF,"Newburgh/Stewart Intl, NY, US",United States,NY,MVFR,240,1830,13.11
KSWF,"Newburgh/Stewart Intl, NY, US",United States,NY,IFR,60,1830,3.28
KSWF,"Newburgh/Stewart Intl, NY, US",United States,NY,LIFR,0,0,0
KSWO,"Stillwater Muni, OK, US",United States,OK,VFR,1830,1890,96.83
KSWO,"Stillwater Muni, OK, US",United States,OK,MVFR,60,1890,3.17
KSWO,"Stillwater Muni, OK, US",United States,OK,IFR,0,0,0
KSWO,"Stillwater Muni, OK, US",United States,OK,LIFR,0,0,0
KSWW,"Sweetwater/Avenger Fld, TX, US",United States,TX,VFR,20,20,100
KSWW,"Sweetwater/Avenger Fld, TX, US",United States,TX,IFR,0,0,0
KSWW,"Sweetwater/Avenger Fld, TX, US",United States,TX,LIFR,0,0,0
KSWW,"Sweetwater/Avenger Fld, TX, US",United States,TX,MVFR,0,0,0
KSXK,"Maurice/Sioux Cnty Rgnl, IA, US",United States,IA,VFR,1870,1890,98.94
KSXK,"Maurice/Sioux Cnty Rgnl, IA, US",United States,IA,MVFR,20,1890,1.06
KSXK,"Maurice/Sioux Cnty Rgnl, IA, US",United States,IA,IFR,0,0,0
KSXK,"Maurice/Sioux Cnty Rgnl, IA, US",United States,IA,LIFR,0,0,0
KSYF,"St Francis/Cheyenne Cnty, KS, US",United States,KS,VFR,1030,1890,54.5
KSYF,"St Francis/Cheyenne Cnty, KS, US",United States,KS,MVFR,580,1890,30.69
KSYF,"St Francis/Cheyenne Cnty, KS, US",United States,KS,LIFR,260,1890,13.76
KSYF,"St Francis/Cheyenne Cnty, KS, US",United States,KS,IFR,20,1890,1.06
KSYI,"Shelbyville/Bomar Fld, TN, US",United States,TN,VFR,1345,1885,71.35
KSYI,"Shelbyville/Bomar Fld, TN, US",United States,TN,MVFR,355,1885,18.83
KSYI,"Shelbyville/Bomar Fld, TN, US",United States,TN,IFR,125,1885,6.63
KSYI,"Shelbyville/Bomar Fld, TN, US",United States,TN,LIFR,60,1885,3.18
KSYN,"Stanton Arpt, MN, US",United States,MN,VFR,1893,1893,100
KSYN,"Stanton Arpt, MN, US",United States,MN,IFR,0,0,0
KSYN,"Stanton Arpt, MN, US",United States,MN,LIFR,0,0,0
KSYN,"Stanton Arpt, MN, US",United States,MN,MVFR,0,0,0
KSYR,"Syracuse/Hancock Intl, NY, US",United States,NY,VFR,1890,1890,100
KSYR,"Syracuse/Hancock Intl, NY, US",United States,NY,IFR,0,0,0
KSYR,"Syracuse/Hancock Intl, NY, US",United States,NY,LIFR,0,0,0
KSYR,"Syracuse/Hancock Intl, NY, US",United States,NY,MVFR,0,0,0
KSZL,"Whiteman AFB, MO, US",United States,MO,VFR,1650,1650,100
KSZL,"Whiteman AFB, MO, US",United States,MO,IFR,0,0,0
KSZL,"Whiteman AFB, MO, US",United States,MO,LIFR,0,0,0
KSZL,"Whiteman AFB, MO, US",United States,MO,MVFR,0,0,0
KSZT,"Sandpoint Arpt, ID, US",United States,ID,VFR,1850,1890,97.88
KSZT,"Sandpoint Arpt, ID, US",United States,ID,MVFR,40,1890,2.12
KSZT,"Sandpoint Arpt, ID, US",United States,ID,IFR,0,0,0
KSZT,"Sandpoint Arpt, ID, US",United States,ID,LIFR,0,0,0
KT20,"Gonzales Muni, TX, US",United States,TX,VFR,1890,1890,100
KT20,"Gonzales Muni, TX, US",United States,TX,IFR,0,0,0
KT20,"Gonzales Muni, TX, US",United States,TX,LIFR,0,0,0
KT20,"Gonzales Muni, TX, US",United States,TX,MVFR,0,0,0
KT35,"Cameron Muni, TX, US",United States,TX,VFR,1890,1890,100
KT35,"Cameron Muni, TX, US",United States,TX,IFR,0,0,0
KT35,"Cameron Muni, TX, US",United States,TX,LIFR,0,0,0
KT35,"Cameron Muni, TX, US",United States,TX,MVFR,0,0,0
KT41,"La Porte Muni, TX, US",United States,TX,VFR,1890,1890,100
KT41,"La Porte Muni, TX, US",United States,TX,IFR,0,0,0
KT41,"La Porte Muni, TX, US",United States,TX,LIFR,0,0,0
KT41,"La Porte Muni, TX, US",United States,TX,MVFR,0,0,0
KT69,"Sinton/Thomas Arpt, TX, US",United States,TX,VFR,1830,1870,97.86
KT69,"Sinton/Thomas Arpt, TX, US",United States,TX,MVFR,40,1870,2.14
KT69,"Sinton/Thomas Arpt, TX, US",United States,TX,IFR,0,0,0
KT69,"Sinton/Thomas Arpt, TX, US",United States,TX,LIFR,0,0,0
KT74,"Taylor Muni, TX, US",United States,TX,VFR,1790,1870,95.72
KT74,"Taylor Muni, TX, US",United States,TX,MVFR,60,1870,3.21
KT74,"Taylor Muni, TX, US",United States,TX,IFR,20,1870,1.07
KT74,"Taylor Muni, TX, US",United States,TX,LIFR,0,0,0
KT78,"Liberty Muni, TX, US",United States,TX,VFR,1890,1890,100
KT78,"Liberty Muni, TX, US",United States,TX,IFR,0,0,0
KT78,"Liberty Muni, TX, US",United States,TX,LIFR,0,0,0
KT78,"Liberty Muni, TX, US",United States,TX,MVFR,0,0,0
KT82,"Fredericksburg/Gillespie Cnty, TX, US",United States,TX,VFR,1830,1890,96.83
KT82,"Fredericksburg/Gillespie Cnty, TX, US",United States,TX,MVFR,60,1890,3.17
KT82,"Fredericksburg/Gillespie Cnty, TX, US",United States,TX,IFR,0,0,0
KT82,"Fredericksburg/Gillespie Cnty, TX, US",United States,TX,LIFR,0,0,0
KTAD,"Trinidad/Stokes Arpt, CO, US",United States,CO,VFR,1890,1890,100
KTAD,"Trinidad/Stokes Arpt, CO, US",United States,CO,IFR,0,0,0
KTAD,"Trinidad/Stokes Arpt, CO, US",United States,CO,LIFR,0,0,0
KTAD,"Trinidad/Stokes Arpt, CO, US",United States,CO,MVFR,0,0,0
KTAN,"Taunton Muni, MA, US",United States,MA,VFR,1561,1890,82.59
KTAN,"Taunton Muni, MA, US",United States,MA,MVFR,257,1890,13.6
KTAN,"Taunton Muni, MA, US",United States,MA,IFR,53,1890,2.8
KTAN,"Taunton Muni, MA, US",United States,MA,LIFR,19,1890,1.01
KTAZ,"Taylorville Muni, IL, US",United States,IL,VFR,1689,1890,89.37
KTAZ,"Taylorville Muni, IL, US",United States,IL,LIFR,181,1890,9.58
KTAZ,"Taylorville Muni, IL, US",United States,IL,IFR,20,1890,1.06
KTAZ,"Taylorville Muni, IL, US",United States,IL,MVFR,0,0,0
KTBN,"Waynesville-St Robert Rgnl, MO, US",United States,MO,VFR,1485,1650,90
KTBN,"Waynesville-St Robert Rgnl, MO, US",United States,MO,MVFR,120,1650,7.27
KTBN,"Waynesville-St Robert Rgnl, MO, US",United States,MO,IFR,45,1650,2.73
KTBN,"Waynesville-St Robert Rgnl, MO, US",United States,MO,LIFR,0,0,0
KTBR,"Statesboro Muni, GA, US",United States,GA,VFR,1150,1890,60.85
KTBR,"Statesboro Muni, GA, US",United States,GA,MVFR,380,1890,20.11
KTBR,"Statesboro Muni, GA, US",United States,GA,IFR,240,1890,12.7
KTBR,"Statesboro Muni, GA, US",United States,GA,LIFR,120,1890,6.35
KTCC,"Tucumcari Muni, NM, US",United States,NM,VFR,1830,1869,97.91
KTCC,"Tucumcari Muni, NM, US",United States,NM,MVFR,39,1869,2.09
KTCC,"Tucumcari Muni, NM, US",United States,NM,IFR,0,0,0
KTCC,"Tucumcari Muni, NM, US",United States,NM,LIFR,0,0,0
KTCL,"Tuscaloosa Rgnl, AL, US",United States,AL,VFR,1557,1865,83.49
KTCL,"Tuscaloosa Rgnl, AL, US",United States,AL,MVFR,225,1865,12.06
KTCL,"Tuscaloosa Rgnl, AL, US",United States,AL,IFR,83,1865,4.45
KTCL,"Tuscaloosa Rgnl, AL, US",United States,AL,LIFR,0,0,0
KTCM,"Tacoma/McChord AFB, WA, US",United States,WA,VFR,1650,1650,100
KTCM,"Tacoma/McChord AFB, WA, US",United States,WA,IFR,0,0,0
KTCM,"Tacoma/McChord AFB, WA, US",United States,WA,LIFR,0,0,0
KTCM,"Tacoma/McChord AFB, WA, US",United States,WA,MVFR,0,0,0
KTCS,"Truth or Consequence Muni, NM, US",United States,NM,VFR,1890,1890,100
KTCS,"Truth or Consequence Muni, NM, US",United States,NM,IFR,0,0,0
KTCS,"Truth or Consequence Muni, NM, US",United States,NM,LIFR,0,0,0
KTCS,"Truth or Consequence Muni, NM, US",United States,NM,MVFR,0,0,0
KTCY,"Tracy Muni, CA, US",United States,CA,VFR,1900,1900,100
KTCY,"Tracy Muni, CA, US",United States,CA,IFR,0,0,0
KTCY,"Tracy Muni, CA, US",United States,CA,LIFR,0,0,0
KTCY,"Tracy Muni, CA, US",United States,CA,MVFR,0,0,0
KTDF,"Roxboro/Person Cnty, NC, US",United States,NC,VFR,1900,1900,100
KTDF,"Roxboro/Person Cnty, NC, US",United States,NC,IFR,0,0,0
KTDF,"Roxboro/Person Cnty, NC, US",United States,NC,LIFR,0,0,0
KTDF,"Roxboro/Person Cnty, NC, US",United States,NC,MVFR,0,0,0
KTDZ,"Toledo Executive Arpt, OH, US",United States,OH,VFR,1890,1890,100
KTDZ,"Toledo Executive Arpt, OH, US",United States,OH,IFR,0,0,0
KTDZ,"Toledo Executive Arpt, OH, US",United States,OH,LIFR,0,0,0
KTDZ,"Toledo Executive Arpt, OH, US",United States,OH,MVFR,0,0,0
KTEB,"Teterboro Arpt, NJ, US",United States,NJ,VFR,1711,1858,92.09
KTEB,"Teterboro Arpt, NJ, US",United States,NJ,MVFR,147,1858,7.91
KTEB,"Teterboro Arpt, NJ, US",United States,NJ,IFR,0,0,0
KTEB,"Teterboro Arpt, NJ, US",United States,NJ,LIFR,0,0,0
KTEW,"Mason/Jewett Fld, MI, US",United States,MI,VFR,1910,1910,100
KTEW,"Mason/Jewett Fld, MI, US",United States,MI,IFR,0,0,0
KTEW,"Mason/Jewett Fld, MI, US",United States,MI,LIFR,0,0,0
KTEW,"Mason/Jewett Fld, MI, US",United States,MI,MVFR,0,0,0
KTEX,"Telluride Rgnl, CO, US",United States,CO,VFR,1890,1890,100
KTEX,"Telluride Rgnl, CO, US",United States,CO,IFR,0,0,0
KTEX,"Telluride Rgnl, CO, US",United States,CO,LIFR,0,0,0
KTEX,"Telluride Rgnl, CO, US",United States,CO,MVFR,0,0,0
KTFP,"Ingleside Rgnl, TX, US",United States,TX,VFR,1870,1910,97.91
KTFP,"Ingleside Rgnl, TX, US",United States,TX,LIFR,20,1910,1.05
KTFP,"Ingleside Rgnl, TX, US",United States,TX,MVFR,20,1910,1.05
KTFP,"Ingleside Rgnl, TX, US",United States,TX,IFR,0,0,0
KTHA,"Tullahoma Rgnl, TN, US",United States,TN,VFR,1310,1890,69.31
KTHA,"Tullahoma Rgnl, TN, US",United States,TN,MVFR,320,1890,16.93
KTHA,"Tullahoma Rgnl, TN, US",United States,TN,LIFR,160,1890,8.47
KTHA,"Tullahoma Rgnl, TN, US",United States,TN,IFR,100,1890,5.29
KTHV,"York Arpt, PA, US",United States,PA,VFR,1745,1879,92.87
KTHV,"York Arpt, PA, US",United States,PA,MVFR,134,1879,7.13
KTHV,"York Arpt, PA, US",United States,PA,IFR,0,0,0
KTHV,"York Arpt, PA, US",United States,PA,LIFR,0,0,0
KTIF,"Thedford/Thomas Cnty, NE, US",United States,NE,VFR,1250,1890,66.14
KTIF,"Thedford/Thomas Cnty, NE, US",United States,NE,MVFR,320,1890,16.93
KTIF,"Thedford/Thomas Cnty, NE, US",United States,NE,IFR,240,1890,12.7
KTIF,"Thedford/Thomas Cnty, NE, US",United States,NE,LIFR,80,1890,4.23
KTIK,"Tinker AFB, OK, US",United States,OK,VFR,1230,1650,74.55
KTIK,"Tinker AFB, OK, US",United States,OK,IFR,405,1650,24.55
KTIK,"Tinker AFB, OK, US",United States,OK,LIFR,15,1650,0.91
KTIK,"Tinker AFB, OK, US",United States,OK,MVFR,0,0,0
KTIP,"Rantoul/Chanute AFB, IL, US",United States,IL,VFR,1890,1890,100
KTIP,"Rantoul/Chanute AFB, IL, US",United States,IL,IFR,0,0,0
KTIP,"Rantoul/Chanute AFB, IL, US",United States,IL,LIFR,0,0,0
KTIP,"Rantoul/Chanute AFB, IL, US",United States,IL,MVFR,0,0,0
KTIW,"Tacoma Narrows Arpt, WA, US",United States,WA,VFR,1590,1870,85.03
KTIW,"Tacoma Narrows Arpt, WA, US",United States,WA,MVFR,280,1870,14.97
KTIW,"Tacoma Narrows Arpt, WA, US",United States,WA,IFR,0,0,0
KTIW,"Tacoma Narrows Arpt, WA, US",United States,WA,LIFR,0,0,0
KTIX,"Titusville/Space Coast Rgnl, FL, US",United States,FL,VFR,1380,1470,93.88
KTIX,"Titusville/Space Coast Rgnl, FL, US",United States,FL,MVFR,90,1470,6.12
KTIX,"Titusville/Space Coast Rgnl, FL, US",United States,FL,IFR,0,0,0
KTIX,"Titusville/Space Coast Rgnl, FL, US",United States,FL,LIFR,0,0,0
KTKC,"Tracy Muni, MN, US",United States,MN,VFR,1910,1910,100
KTKC,"Tracy Muni, MN, US",United States,MN,IFR,0,0,0
KTKC,"Tracy Muni, MN, US",United States,MN,LIFR,0,0,0
KTKC,"Tracy Muni, MN, US",United States,MN,MVFR,0,0,0
KTKI,"McKinney Muni, TX, US",United States,TX,VFR,1895,1895,100
KTKI,"McKinney Muni, TX, US",United States,TX,IFR,0,0,0
KTKI,"McKinney Muni, TX, US",United States,TX,LIFR,0,0,0
KTKI,"McKinney Muni, TX, US",United States,TX,MVFR,0,0,0
KTKV,"Tomahawk Rgnl, WI, US",United States,WI,VFR,1890,1890,100
KTKV,"Tomahawk Rgnl, WI, US",United States,WI,IFR,0,0,0
KTKV,"Tomahawk Rgnl, WI, US",United States,WI,LIFR,0,0,0
KTKV,"Tomahawk Rgnl, WI, US",United States,WI,MVFR,0,0,0
KTKX,"Kennett Arpt, MO, US",United States,MO,VFR,1870,1870,100
KTKX,"Kennett Arpt, MO, US",United States,MO,IFR,0,0,0
KTKX,"Kennett Arpt, MO, US",United States,MO,LIFR,0,0,0
KTKX,"Kennett Arpt, MO, US",United States,MO,MVFR,0,0,0
KTLH,"Tallahassee Intl, FL, US",United States,FL,VFR,1770,1890,93.65
KTLH,"Tallahassee Intl, FL, US",United States,FL,MVFR,120,1890,6.35
KTLH,"Tallahassee Intl, FL, US",United States,FL,IFR,0,0,0
KTLH,"Tallahassee Intl, FL, US",United States,FL,LIFR,0,0,0
KTMA,"Tifton/Myers Arpt, GA, US",United States,GA,VFR,1180,1870,63.1
KTMA,"Tifton/Myers Arpt, GA, US",United States,GA,IFR,440,1870,23.53
KTMA,"Tifton/Myers Arpt, GA, US",United States,GA,MVFR,130,1870,6.95
KTMA,"Tifton/Myers Arpt, GA, US",United States,GA,LIFR,120,1870,6.42
KTMB,"Miami Exec Arpt, FL, US",United States,FL,VFR,1800,1890,95.24
KTMB,"Miami Exec Arpt, FL, US",United States,FL,MVFR,90,1890,4.76
KTMB,"Miami Exec Arpt, FL, US",United States,FL,IFR,0,0,0
KTMB,"Miami Exec Arpt, FL, US",United States,FL,LIFR,0,0,0
KTME,"Houston/Executive Arpt, TX, US",United States,TX,VFR,1870,1870,100
KTME,"Houston/Executive Arpt, TX, US",United States,TX,IFR,0,0,0
KTME,"Houston/Executive Arpt, TX, US",United States,TX,LIFR,0,0,0
KTME,"Houston/Executive Arpt, TX, US",United States,TX,MVFR,0,0,0
KTNU,"Newton Muni, IA, US",United States,IA,VFR,1770,1890,93.65
KTNU,"Newton Muni, IA, US",United States,IA,IFR,80,1890,4.23
KTNU,"Newton Muni, IA, US",United States,IA,MVFR,40,1890,2.12
KTNU,"Newton Muni, IA, US",United States,IA,LIFR,0,0,0
KTOA,"Torrance Muni, CA, US",United States,CA,VFR,745,988,75.4
KTOA,"Torrance Muni, CA, US",United States,CA,MVFR,243,988,24.6
KTOA,"Torrance Muni, CA, US",United States,CA,IFR,0,0,0
KTOA,"Torrance Muni, CA, US",United States,CA,LIFR,0,0,0
KTOB,"Dodge Center Arpt, MN, US",United States,MN,MVFR,1140,1910,59.69
KTOB,"Dodge Center Arpt, MN, US",United States,MN,VFR,590,1910,30.89
KTOB,"Dodge Center Arpt, MN, US",United States,MN,IFR,180,1910,9.42
KTOB,"Dodge Center Arpt, MN, US",United States,MN,LIFR,0,0,0
KTOC,"Toccoa/Lefourneau Fld, GA, US",United States,GA,VFR,1810,1870,96.79
KTOC,"Toccoa/Lefourneau Fld, GA, US",United States,GA,MVFR,40,1870,2.14
KTOC,"Toccoa/Lefourneau Fld, GA, US",United States,GA,IFR,20,1870,1.07
KTOC,"Toccoa/Lefourneau Fld, GA, US",United States,GA,LIFR,0,0,0
KTOI,"Troy Muni, AL, US",United States,AL,VFR,1664,1916,86.85
KTOI,"Troy Muni, AL, US",United States,AL,MVFR,236,1916,12.32
KTOI,"Troy Muni, AL, US",United States,AL,IFR,16,1916,0.84
KTOI,"Troy Muni, AL, US",United States,AL,LIFR,0,0,0
KTOL,"Toledo/Express Arpt, OH, US",United States,OH,VFR,1890,1890,100
KTOL,"Toledo/Express Arpt, OH, US",United States,OH,IFR,0,0,0
KTOL,"Toledo/Express Arpt, OH, US",United States,OH,LIFR,0,0,0
KTOL,"Toledo/Express Arpt, OH, US",United States,OH,MVFR,0,0,0
KTOP,"Topeka/Billard Muni, KS, US",United States,KS,VFR,1603,1862,86.09
KTOP,"Topeka/Billard Muni, KS, US",United States,KS,MVFR,209,1862,11.22
KTOP,"Topeka/Billard Muni, KS, US",United States,KS,IFR,32,1862,1.72
KTOP,"Topeka/Billard Muni, KS, US",United States,KS,LIFR,18,1862,0.97
KTOR,"Torrington Muni, WY, US",United States,WY,VFR,1484,1890,78.52
KTOR,"Torrington Muni, WY, US",United States,WY,LIFR,406,1890,21.48
KTOR,"Torrington Muni, WY, US",United States,WY,IFR,0,0,0
KTOR,"Torrington Muni, WY, US",United States,WY,MVFR,0,0,0
KTPA,"Tampa Intl Arpt, FL, US",United States,FL,VFR,1718,1890,90.9
KTPA,"Tampa Intl Arpt, FL, US",United States,FL,IFR,90,1890,4.76
KTPA,"Tampa Intl Arpt, FL, US",United States,FL,MVFR,82,1890,4.34
KTPA,"Tampa Intl Arpt, FL, US",United States,FL,LIFR,0,0,0
KTPL,"Temple/Miller Rgnl, TX, US",United States,TX,IFR,0,0,0
KTPL,"Temple/Miller Rgnl, TX, US",United States,TX,LIFR,0,0,0
KTPL,"Temple/Miller Rgnl, TX, US",United States,TX,MVFR,0,0,0
KTPL,"Temple/Miller Rgnl, TX, US",United States,TX,VFR,0,0,0
KTQE,"Tekamah Muni, NE, US",United States,NE,VFR,1837,1890,97.2
KTQE,"Tekamah Muni, NE, US",United States,NE,MVFR,53,1890,2.8
KTQE,"Tekamah Muni, NE, US",United States,NE,IFR,0,0,0
KTQE,"Tekamah Muni, NE, US",United States,NE,LIFR,0,0,0
KTQH,"Tahlequah Muni, OK, US",United States,OK,IFR,0,0,0
KTQH,"Tahlequah Muni, OK, US",United States,OK,LIFR,0,0,0
KTQH,"Tahlequah Muni, OK, US",United States,OK,MVFR,0,0,0
KTQH,"Tahlequah Muni, OK, US",United States,OK,VFR,0,0,0
KTQK,"Scott City Muni, KS, US",United States,KS,VFR,1510,1890,79.89
KTQK,"Scott City Muni, KS, US",United States,KS,MVFR,380,1890,20.11
KTQK,"Scott City Muni, KS, US",United States,KS,IFR,0,0,0
KTQK,"Scott City Muni, KS, US",United States,KS,LIFR,0,0,0
KTRI,"Bristol/Tri-Cities Arpt, TN, US",United States,TN,VFR,1523,1890,80.58
KTRI,"Bristol/Tri-Cities Arpt, TN, US",United States,TN,MVFR,321,1890,16.98
KTRI,"Bristol/Tri-Cities Arpt, TN, US",United States,TN,IFR,46,1890,2.43
KTRI,"Bristol/Tri-Cities Arpt, TN, US",United States,TN,LIFR,0,0,0
KTRK,"Truckee/Tahoe Arpt, CA, US",United States,CA,VFR,1265,1864,67.86
KTRK,"Truckee/Tahoe Arpt, CA, US",United States,CA,LIFR,310,1864,16.63
KTRK,"Truckee/Tahoe Arpt, CA, US",United States,CA,MVFR,157,1864,8.42
KTRK,"Truckee/Tahoe Arpt, CA, US",United States,CA,IFR,132,1864,7.08
KTRL,"Terrell Muni, TX, US",United States,TX,VFR,1890,1890,100
KTRL,"Terrell Muni, TX, US",United States,TX,IFR,0,0,0
KTRL,"Terrell Muni, TX, US",United States,TX,LIFR,0,0,0
KTRL,"Terrell Muni, TX, US",United States,TX,MVFR,0,0,0
KTRM,"Thermal Arpt, CA, US",United States,CA,VFR,1890,1890,100
KTRM,"Thermal Arpt, CA, US",United States,CA,IFR,0,0,0
KTRM,"Thermal Arpt, CA, US",United States,CA,LIFR,0,0,0
KTRM,"Thermal Arpt, CA, US",United States,CA,MVFR,0,0,0
KTSP,"Tehachapi Muni, CA, US",United States,CA,VFR,1870,1870,100
KTSP,"Tehachapi Muni, CA, US",United States,CA,IFR,0,0,0
KTSP,"Tehachapi Muni, CA, US",United States,CA,LIFR,0,0,0
KTSP,"Tehachapi Muni, CA, US",United States,CA,MVFR,0,0,0
KTTA,"Sanford/Lee Cnty, NC, US",United States,NC,VFR,1880,1880,100
KTTA,"Sanford/Lee Cnty, NC, US",United States,NC,IFR,0,0,0
KTTA,"Sanford/Lee Cnty, NC, US",United States,NC,LIFR,0,0,0
KTTA,"Sanford/Lee Cnty, NC, US",United States,NC,MVFR,0,0,0
KTTD,"Portland/Troutdale Arpt, OR, US",United States,OR,VFR,1598,1890,84.55
KTTD,"Portland/Troutdale Arpt, OR, US",United States,OR,MVFR,292,1890,15.45
KTTD,"Portland/Troutdale Arpt, OR, US",United States,OR,IFR,0,0,0
KTTD,"Portland/Troutdale Arpt, OR, US",United States,OR,LIFR,0,0,0
KTTF,"Monroe/Custer Arpt, MI, US",United States,MI,VFR,1890,1890,100
KTTF,"Monroe/Custer Arpt, MI, US",United States,MI,IFR,0,0,0
KTTF,"Monroe/Custer Arpt, MI, US",United States,MI,LIFR,0,0,0
KTTF,"Monroe/Custer Arpt, MI, US",United States,MI,MVFR,0,0,0
KTTN,"Trenton/Mercer Arpt, NJ, US",United States,NJ,VFR,1770,1890,93.65
KTTN,"Trenton/Mercer Arpt, NJ, US",United States,NJ,MVFR,120,1890,6.35
KTTN,"Trenton/Mercer Arpt, NJ, US",United States,NJ,IFR,0,0,0
KTTN,"Trenton/Mercer Arpt, NJ, US",United States,NJ,LIFR,0,0,0
KTTS,"NASA Shuttle Landing Arpt, FL, US",United States,FL,VFR,1555,1555,100
KTTS,"NASA Shuttle Landing Arpt, FL, US",United States,FL,IFR,0,0,0
KTTS,"NASA Shuttle Landing Arpt, FL, US",United States,FL,LIFR,0,0,0
KTTS,"NASA Shuttle Landing Arpt, FL, US",United States,FL,MVFR,0,0,0
KTUL,"Tulsa Intl Arpt, OK, US",United States,OK,VFR,1673,1890,88.52
KTUL,"Tulsa Intl Arpt, OK, US",United States,OK,MVFR,217,1890,11.48
KTUL,"Tulsa Intl Arpt, OK, US",United States,OK,IFR,0,0,0
KTUL,"Tulsa Intl Arpt, OK, US",United States,OK,LIFR,0,0,0
KTUP,"Tupelo Rgnl, MS, US",United States,MS,VFR,1403,1862,75.35
KTUP,"Tupelo Rgnl, MS, US",United States,MS,IFR,253,1862,13.59
KTUP,"Tupelo Rgnl, MS, US",United States,MS,LIFR,111,1862,5.96
KTUP,"Tupelo Rgnl, MS, US",United States,MS,MVFR,95,1862,5.1
KTUS,"Tucson Intl Arpt, AZ, US",United States,AZ,VFR,1890,1890,100
KTUS,"Tucson Intl Arpt, AZ, US",United States,AZ,IFR,0,0,0
KTUS,"Tucson Intl Arpt, AZ, US",United States,AZ,LIFR,0,0,0
KTUS,"Tucson Intl Arpt, AZ, US",United States,AZ,MVFR,0,0,0
KTVC,"Traverse City/Cherry Capital Arpt, MI, US",United States,MI,VFR,1890,1890,100
KTVC,"Traverse City/Cherry Capital Arpt, MI, US",United States,MI,IFR,0,0,0
KTVC,"Traverse City/Cherry Capital Arpt, MI, US",United States,MI,LIFR,0,0,0
KTVC,"Traverse City/Cherry Capital Arpt, MI, US",United States,MI,MVFR,0,0,0
KTVF,"Thief River Rgnl, MN, US",United States,MN,VFR,1890,1890,100
KTVF,"Thief River Rgnl, MN, US",United States,MN,IFR,0,0,0
KTVF,"Thief River Rgnl, MN, US",United States,MN,LIFR,0,0,0
KTVF,"Thief River Rgnl, MN, US",United States,MN,MVFR,0,0,0
KTVI,"Thomasville Rgnl, GA, US",United States,GA,VFR,1450,1890,76.72
KTVI,"Thomasville Rgnl, GA, US",United States,GA,LIFR,200,1890,10.58
KTVI,"Thomasville Rgnl, GA, US",United States,GA,MVFR,200,1890,10.58
KTVI,"Thomasville Rgnl, GA, US",United States,GA,IFR,40,1890,2.12
KTVK,"Centerville Muni, IA, US",United States,IA,IFR,0,0,0
KTVK,"Centerville Muni, IA, US",United States,IA,LIFR,0,0,0
KTVK,"Centerville Muni, IA, US",United States,IA,MVFR,0,0,0
KTVK,"Centerville Muni, IA, US",United States,IA,VFR,0,0,0
KTVL,"Lake Tahoe Arpt, CA, US",United States,CA,VFR,1890,1890,100
KTVL,"Lake Tahoe Arpt, CA, US",United States,CA,IFR,0,0,0
KTVL,"Lake Tahoe Arpt, CA, US",United States,CA,LIFR,0,0,0
KTVL,"Lake Tahoe Arpt, CA, US",United States,CA,MVFR,0,0,0
KTVR,"Vicksburg/Tallulah Rgnl, LA, US",United States,LA,VFR,1832,1890,96.93
KTVR,"Vicksburg/Tallulah Rgnl, LA, US",United States,LA,IFR,50,1890,2.65
KTVR,"Vicksburg/Tallulah Rgnl, LA, US",United States,LA,LIFR,8,1890,0.42
KTVR,"Vicksburg/Tallulah Rgnl, LA, US",United States,LA,MVFR,0,0,0
KTVY,"Tooele Valley Arpt, UT, US",United States,UT,VFR,1890,1890,100
KTVY,"Tooele Valley Arpt, UT, US",United States,UT,IFR,0,0,0
KTVY,"Tooele Valley Arpt, UT, US",United States,UT,LIFR,0,0,0
KTVY,"Tooele Valley Arpt, UT, US",United States,UT,MVFR,0,0,0
KTWF,"Twin Falls/Joslin Fld, ID, US",United States,ID,VFR,1890,1890,100
KTWF,"Twin Falls/Joslin Fld, ID, US",United States,ID,IFR,0,0,0
KTWF,"Twin Falls/Joslin Fld, ID, US",United States,ID,LIFR,0,0,0
KTWF,"Twin Falls/Joslin Fld, ID, US",United States,ID,MVFR,0,0,0
KTWM,"Two Harbors/Helgeson Arpt, MN, US",United States,MN,IFR,0,0,0
KTWM,"Two Harbors/Helgeson Arpt, MN, US",United States,MN,LIFR,0,0,0
KTWM,"Two Harbors/Helgeson Arpt, MN, US",United States,MN,MVFR,0,0,0
KTWM,"Two Harbors/Helgeson Arpt, MN, US",United States,MN,VFR,0,0,0
KTWT,"Sturgis Muni, KY, US",United States,KY,IFR,0,0,0
KTWT,"Sturgis Muni, KY, US",United States,KY,LIFR,0,0,0
KTWT,"Sturgis Muni, KY, US",United States,KY,MVFR,0,0,0
KTWT,"Sturgis Muni, KY, US",United States,KY,VFR,0,0,0
KTXK,"Texarkana Rgnl, AR, US",United States,AR,VFR,1486,1890,78.62
KTXK,"Texarkana Rgnl, AR, US",United States,AR,MVFR,404,1890,21.38
KTXK,"Texarkana Rgnl, AR, US",United States,AR,IFR,0,0,0
KTXK,"Texarkana Rgnl, AR, US",United States,AR,LIFR,0,0,0
KTYL,"Taylor Arpt, AZ, US",United States,AZ,VFR,1890,1890,100
KTYL,"Taylor Arpt, AZ, US",United States,AZ,IFR,0,0,0
KTYL,"Taylor Arpt, AZ, US",United States,AZ,LIFR,0,0,0
KTYL,"Taylor Arpt, AZ, US",United States,AZ,MVFR,0,0,0
KTYQ,"Indianapolis Exec, IN, US",United States,IN,VFR,1890,1890,100
KTYQ,"Indianapolis Exec, IN, US",United States,IN,IFR,0,0,0
KTYQ,"Indianapolis Exec, IN, US",United States,IN,LIFR,0,0,0
KTYQ,"Indianapolis Exec, IN, US",United States,IN,MVFR,0,0,0
KTYR,"Tyler/Pounds Fld, TX, US",United States,TX,VFR,1890,1890,100
KTYR,"Tyler/Pounds Fld, TX, US",United States,TX,IFR,0,0,0
KTYR,"Tyler/Pounds Fld, TX, US",United States,TX,LIFR,0,0,0
KTYR,"Tyler/Pounds Fld, TX, US",United States,TX,MVFR,0,0,0
KTYS,"Knoxville/Tyson Arpt, TN, US",United States,TN,VFR,1690,1867,90.52
KTYS,"Knoxville/Tyson Arpt, TN, US",United States,TN,IFR,97,1867,5.2
KTYS,"Knoxville/Tyson Arpt, TN, US",United States,TN,MVFR,80,1867,4.28
KTYS,"Knoxville/Tyson Arpt, TN, US",United States,TN,LIFR,0,0,0
KTZR,"Columbus/Bolton Fld, OH, US",United States,OH,VFR,1855,1855,100
KTZR,"Columbus/Bolton Fld, OH, US",United States,OH,IFR,0,0,0
KTZR,"Columbus/Bolton Fld, OH, US",United States,OH,LIFR,0,0,0
KTZR,"Columbus/Bolton Fld, OH, US",United States,OH,MVFR,0,0,0
KU14,"Nephi Muni, UT, US",United States,UT,VFR,1750,1890,92.59
KU14,"Nephi Muni, UT, US",United States,UT,MVFR,100,1890,5.29
KU14,"Nephi Muni, UT, US",United States,UT,IFR,40,1890,2.12
KU14,"Nephi Muni, UT, US",United States,UT,LIFR,0,0,0
KU52,"Beaver Muni, UT, US",United States,UT,VFR,1370,1510,90.73
KU52,"Beaver Muni, UT, US",United States,UT,IFR,80,1510,5.3
KU52,"Beaver Muni, UT, US",United States,UT,MVFR,60,1510,3.97
KU52,"Beaver Muni, UT, US",United States,UT,LIFR,0,0,0
KU55,"Panguitch Muni, UT, US",United States,UT,VFR,1890,1890,100
KU55,"Panguitch Muni, UT, US",United States,UT,IFR,0,0,0
KU55,"Panguitch Muni, UT, US",United States,UT,LIFR,0,0,0
KU55,"Panguitch Muni, UT, US",United States,UT,MVFR,0,0,0
KU68,"Cowley/N Big Horn Cnty, WY, US",United States,WY,VFR,1890,1890,100
KU68,"Cowley/N Big Horn Cnty, WY, US",United States,WY,IFR,0,0,0
KU68,"Cowley/N Big Horn Cnty, WY, US",United States,WY,LIFR,0,0,0
KU68,"Cowley/N Big Horn Cnty, WY, US",United States,WY,MVFR,0,0,0
KU69,"Duchesne Muni, UT, US",United States,UT,VFR,1890,1890,100
KU69,"Duchesne Muni, UT, US",United States,UT,IFR,0,0,0
KU69,"Duchesne Muni, UT, US",United States,UT,LIFR,0,0,0
KU69,"Duchesne Muni, UT, US",United States,UT,MVFR,0,0,0
KU96,"Halls Crossing Arpt, UT, US",United States,UT,VFR,1870,1870,100
KU96,"Halls Crossing Arpt, UT, US",United States,UT,IFR,0,0,0
KU96,"Halls Crossing Arpt, UT, US",United States,UT,LIFR,0,0,0
KU96,"Halls Crossing Arpt, UT, US",United States,UT,MVFR,0,0,0
KUAO,"Aurora State Arpt, OR, US",United States,OR,VFR,1640,1890,86.77
KUAO,"Aurora State Arpt, OR, US",United States,OR,MVFR,250,1890,13.23
KUAO,"Aurora State Arpt, OR, US",United States,OR,IFR,0,0,0
KUAO,"Aurora State Arpt, OR, US",United States,OR,LIFR,0,0,0
KUBE,"Cumberland Muni, WI, US",United States,WI,VFR,1730,1870,92.51
KUBE,"Cumberland Muni, WI, US",United States,WI,LIFR,140,1870,7.49
KUBE,"Cumberland Muni, WI, US",United States,WI,IFR,0,0,0
KUBE,"Cumberland Muni, WI, US",United States,WI,MVFR,0,0,0
KUCP,"New Castle Muni, PA, US",United States,PA,VFR,1890,1890,100
KUCP,"New Castle Muni, PA, US",United States,PA,IFR,0,0,0
KUCP,"New Castle Muni, PA, US",United States,PA,LIFR,0,0,0
KUCP,"New Castle Muni, PA, US",United States,PA,MVFR,0,0,0
KUCY,"Union City/Everett-Stewart Rgnl, TN, US",United States,TN,VFR,1890,1890,100
KUCY,"Union City/Everett-Stewart Rgnl, TN, US",United States,TN,IFR,0,0,0
KUCY,"Union City/Everett-Stewart Rgnl, TN, US",United States,TN,LIFR,0,0,0
KUCY,"Union City/Everett-Stewart Rgnl, TN, US",United States,TN,MVFR,0,0,0
KUDG,"Darlington Cnty, SC, US",United States,SC,VFR,1669,1866,89.44
KUDG,"Darlington Cnty, SC, US",United States,SC,MVFR,154,1866,8.25
KUDG,"Darlington Cnty, SC, US",United States,SC,LIFR,24,1866,1.29
KUDG,"Darlington Cnty, SC, US",United States,SC,IFR,19,1866,1.02
KUES,"Waukesha Cnty, WI, US",United States,WI,VFR,1890,1890,100
KUES,"Waukesha Cnty, WI, US",United States,WI,IFR,0,0,0
KUES,"Waukesha Cnty, WI, US",United States,WI,LIFR,0,0,0
KUES,"Waukesha Cnty, WI, US",United States,WI,MVFR,0,0,0
KUGN,"Waukegan Rgnl, IL, US",United States,IL,VFR,1890,1890,100
KUGN,"Waukegan Rgnl, IL, US",United States,IL,IFR,0,0,0
KUGN,"Waukegan Rgnl, IL, US",United States,IL,LIFR,0,0,0
KUGN,"Waukegan Rgnl, IL, US",United States,IL,MVFR,0,0,0
KUIL,"Quillayute State Arpt, WA, US",United States,WA,VFR,1830,1830,100
KUIL,"Quillayute State Arpt, WA, US",United States,WA,IFR,0,0,0
KUIL,"Quillayute State Arpt, WA, US",United States,WA,LIFR,0,0,0
KUIL,"Quillayute State Arpt, WA, US",United States,WA,MVFR,0,0,0
KUIN,"Quincy/Baldwin Fld, IL, US",United States,IL,VFR,1890,1890,100
KUIN,"Quincy/Baldwin Fld, IL, US",United States,IL,IFR,0,0,0
KUIN,"Quincy/Baldwin Fld, IL, US",United States,IL,LIFR,0,0,0
KUIN,"Quincy/Baldwin Fld, IL, US",United States,IL,MVFR,0,0,0
KUKF,"Wilkesboro/Wilkes Cnty, NC, US",United States,NC,VFR,1840,1900,96.84
KUKF,"Wilkesboro/Wilkes Cnty, NC, US",United States,NC,IFR,60,1900,3.16
KUKF,"Wilkesboro/Wilkes Cnty, NC, US",United States,NC,LIFR,0,0,0
KUKF,"Wilkesboro/Wilkes Cnty, NC, US",United States,NC,MVFR,0,0,0
KUKI,"Ukiah Muni, CA, US",United States,CA,VFR,1250,1808,69.14
KUKI,"Ukiah Muni, CA, US",United States,CA,MVFR,489,1808,27.05
KUKI,"Ukiah Muni, CA, US",United States,CA,LIFR,49,1808,2.71
KUKI,"Ukiah Muni, CA, US",United States,CA,IFR,20,1808,1.11
KUKL,"Burlington/Coffey Cnty, KS, US",United States,KS,VFR,1540,1890,81.48
KUKL,"Burlington/Coffey Cnty, KS, US",United States,KS,MVFR,330,1890,17.46
KUKL,"Burlington/Coffey Cnty, KS, US",United States,KS,IFR,20,1890,1.06
KUKL,"Burlington/Coffey Cnty, KS, US",United States,KS,LIFR,0,0,0
KUKT,"Quakertown Arpt, PA, US",United States,PA,VFR,1770,1910,92.67
KUKT,"Quakertown Arpt, PA, US",United States,PA,MVFR,120,1910,6.28
KUKT,"Quakertown Arpt, PA, US",United States,PA,IFR,20,1910,1.05
KUKT,"Quakertown Arpt, PA, US",United States,PA,LIFR,0,0,0
KULM,"New Ulm Muni, MN, US",United States,MN,VFR,1890,1890,100
KULM,"New Ulm Muni, MN, US",United States,MN,IFR,0,0,0
KULM,"New Ulm Muni, MN, US",United States,MN,LIFR,0,0,0
KULM,"New Ulm Muni, MN, US",United States,MN,MVFR,0,0,0
KULS,"Ulysses Arpt, KS, US",United States,KS,VFR,1510,1890,79.89
KULS,"Ulysses Arpt, KS, US",United States,KS,MVFR,380,1890,20.11
KULS,"Ulysses Arpt, KS, US",United States,KS,IFR,0,0,0
KULS,"Ulysses Arpt, KS, US",United States,KS,LIFR,0,0,0
KUMP,"Indianapolis Metro, IN, US",United States,IN,VFR,1870,1870,100
KUMP,"Indianapolis Metro, IN, US",United States,IN,IFR,0,0,0
KUMP,"Indianapolis Metro, IN, US",United States,IN,LIFR,0,0,0
KUMP,"Indianapolis Metro, IN, US",United States,IN,MVFR,0,0,0
KUNI,"Albany/Ohio Univ Arpt, OH, US",United States,OH,VFR,1130,1690,66.86
KUNI,"Albany/Ohio Univ Arpt, OH, US",United States,OH,IFR,300,1690,17.75
KUNI,"Albany/Ohio Univ Arpt, OH, US",United States,OH,MVFR,260,1690,15.38
KUNI,"Albany/Ohio Univ Arpt, OH, US",United States,OH,LIFR,0,0,0
KUNO,"West Plains Rgnl, MO, US",United States,MO,VFR,1890,1890,100
KUNO,"West Plains Rgnl, MO, US",United States,MO,IFR,0,0,0
KUNO,"West Plains Rgnl, MO, US",United States,MO,LIFR,0,0,0
KUNO,"West Plains Rgnl, MO, US",United States,MO,MVFR,0,0,0
KUNU,"Juneau/Dodge Cnty, WI, US",United States,WI,VFR,1730,1872,92.41
KUNU,"Juneau/Dodge Cnty, WI, US",United States,WI,MVFR,122,1872,6.52
KUNU,"Juneau/Dodge Cnty, WI, US",United States,WI,IFR,20,1872,1.07
KUNU,"Juneau/Dodge Cnty, WI, US",United States,WI,LIFR,0,0,0
KUNV,"State College/Univ Park Arpt, PA, US",United States,PA,VFR,1710,1890,90.48
KUNV,"State College/Univ Park Arpt, PA, US",United States,PA,MVFR,180,1890,9.52
KUNV,"State College/Univ Park Arpt, PA, US",United States,PA,IFR,0,0,0
KUNV,"State College/Univ Park Arpt, PA, US",United States,PA,LIFR,0,0,0
KUOX,"Oxford/University Arpt, MS, US",United States,MS,VFR,1310,1750,74.86
KUOX,"Oxford/University Arpt, MS, US",United States,MS,IFR,180,1750,10.29
KUOX,"Oxford/University Arpt, MS, US",United States,MS,LIFR,160,1750,9.14
KUOX,"Oxford/University Arpt, MS, US",United States,MS,MVFR,100,1750,5.71
KUSE,"Wauseon/Fulton Cnty, OH, US",United States,OH,VFR,1900,1900,100
KUSE,"Wauseon/Fulton Cnty, OH, US",United States,OH,IFR,0,0,0
KUSE,"Wauseon/Fulton Cnty, OH, US",United States,OH,LIFR,0,0,0
KUSE,"Wauseon/Fulton Cnty, OH, US",United States,OH,MVFR,0,0,0
KUTA,"Tunica Muni, MS, US",United States,MS,VFR,1570,1870,83.96
KUTA,"Tunica Muni, MS, US",United States,MS,MVFR,200,1870,10.7
KUTA,"Tunica Muni, MS, US",United States,MS,IFR,100,1870,5.35
KUTA,"Tunica Muni, MS, US",United States,MS,LIFR,0,0,0
KUTS,"Huntsville Muni, TX, US",United States,TX,VFR,1830,1890,96.83
KUTS,"Huntsville Muni, TX, US",United States,TX,MVFR,60,1890,3.17
KUTS,"Huntsville Muni, TX, US",United States,TX,IFR,0,0,0
KUTS,"Huntsville Muni, TX, US",United States,TX,LIFR,0,0,0
KUUU,"Newport State Arpt, RI, US",United States,RI,VFR,1398,1890,73.97
KUUU,"Newport State Arpt, RI, US",United States,RI,MVFR,436,1890,23.07
KUUU,"Newport State Arpt, RI, US",United States,RI,IFR,56,1890,2.96
KUUU,"Newport State Arpt, RI, US",United States,RI,LIFR,0,0,0
KUUV,"Sullivan Rgnl, MO, US",United States,MO,VFR,1690,1890,89.42
KUUV,"Sullivan Rgnl, MO, US",United States,MO,LIFR,160,1890,8.47
KUUV,"Sullivan Rgnl, MO, US",United States,MO,MVFR,40,1890,2.12
KUUV,"Sullivan Rgnl, MO, US",United States,MO,IFR,0,0,0
KUWL,"New Castle/Henry Cnty, IN, US",United States,IN,VFR,1890,1890,100
KUWL,"New Castle/Henry Cnty, IN, US",United States,IN,IFR,0,0,0
KUWL,"New Castle/Henry Cnty, IN, US",United States,IN,LIFR,0,0,0
KUWL,"New Castle/Henry Cnty, IN, US",United States,IN,MVFR,0,0,0
KUXL,"Sulphur/Southland Fld, LA, US",United States,LA,VFR,1730,1870,92.51
KUXL,"Sulphur/Southland Fld, LA, US",United States,LA,MVFR,140,1870,7.49
KUXL,"Sulphur/Southland Fld, LA, US",United States,LA,IFR,0,0,0
KUXL,"Sulphur/Southland Fld, LA, US",United States,LA,LIFR,0,0,0
KUYF,"London/Madison Cnty, OH, US",United States,OH,VFR,1890,1890,100
KUYF,"London/Madison Cnty, OH, US",United States,OH,IFR,0,0,0
KUYF,"London/Madison Cnty, OH, US",United States,OH,LIFR,0,0,0
KUYF,"London/Madison Cnty, OH, US",United States,OH,MVFR,0,0,0
KUZA,"Rock Hill/Bryant Fld, SC, US",United States,SC,VFR,30,30,100
KUZA,"Rock Hill/Bryant Fld, SC, US",United States,SC,IFR,0,0,0
KUZA,"Rock Hill/Bryant Fld, SC, US",United States,SC,LIFR,0,0,0
KUZA,"Rock Hill/Bryant Fld, SC, US",United States,SC,MVFR,0,0,0
KVAD,"Valdosta/Moody AFB, GA, US",United States,GA,VFR,1382,1650,83.76
KVAD,"Valdosta/Moody AFB, GA, US",United States,GA,LIFR,164,1650,9.94
KVAD,"Valdosta/Moody AFB, GA, US",United States,GA,IFR,104,1650,6.3
KVAD,"Valdosta/Moody AFB, GA, US",United States,GA,MVFR,0,0,0
KVAY,"Mount Holly/S Jersey Rgnl, NJ, US",United States,NJ,VFR,1624,1890,85.93
KVAY,"Mount Holly/S Jersey Rgnl, NJ, US",United States,NJ,MVFR,176,1890,9.31
KVAY,"Mount Holly/S Jersey Rgnl, NJ, US",United States,NJ,IFR,90,1890,4.76
KVAY,"Mount Holly/S Jersey Rgnl, NJ, US",United States,NJ,LIFR,0,0,0
KVBG,"Vandenberg AFB, CA, US",United States,CA,VFR,1495,1650,90.61
KVBG,"Vandenberg AFB, CA, US",United States,CA,MVFR,155,1650,9.39
KVBG,"Vandenberg AFB, CA, US",United States,CA,IFR,0,0,0
KVBG,"Vandenberg AFB, CA, US",United States,CA,LIFR,0,0,0
KVBT,"Bentonville Muni, AR, US",United States,AR,VFR,1870,1890,98.94
KVBT,"Bentonville Muni, AR, US",United States,AR,LIFR,20,1890,1.06
KVBT,"Bentonville Muni, AR, US",United States,AR,IFR,0,0,0
KVBT,"Bentonville Muni, AR, US",United States,AR,MVFR,0,0,0
KVCB,"Vacaville/Nut Tree Arpt, CA, US",United States,CA,VFR,1763,1830,96.34
KVCB,"Vacaville/Nut Tree Arpt, CA, US",United States,CA,MVFR,67,1830,3.66
KVCB,"Vacaville/Nut Tree Arpt, CA, US",United States,CA,IFR,0,0,0
KVCB,"Vacaville/Nut Tree Arpt, CA, US",United States,CA,LIFR,0,0,0
KVCT,"Victoria Rgnl, TX, US",United States,TX,VFR,1875,1890,99.21
KVCT,"Victoria Rgnl, TX, US",United States,TX,IFR,15,1890,0.79
KVCT,"Victoria Rgnl, TX, US",United States,TX,LIFR,0,0,0
KVCT,"Victoria Rgnl, TX, US",United States,TX,MVFR,0,0,0
KVCV,"Victorville/S California Arpt, CA, US",United States,CA,VFR,1890,1890,100
KVCV,"Victorville/S California Arpt, CA, US",United States,CA,IFR,0,0,0
KVCV,"Victorville/S California Arpt, CA, US",United States,CA,LIFR,0,0,0
KVCV,"Victorville/S California Arpt, CA, US",United States,CA,MVFR,0,0,0
KVDI,"Vidalia Rgnl, GA, US",United States,GA,VFR,1100,1890,58.2
KVDI,"Vidalia Rgnl, GA, US",United States,GA,MVFR,370,1890,19.58
KVDI,"Vidalia Rgnl, GA, US",United States,GA,IFR,340,1890,17.99
KVDI,"Vidalia Rgnl, GA, US",United States,GA,LIFR,80,1890,4.23
KVEL,"Vernal Rgnl, UT, US",United States,UT,VFR,1890,1890,100
KVEL,"Vernal Rgnl, UT, US",United States,UT,IFR,0,0,0
KVEL,"Vernal Rgnl, UT, US",United States,UT,LIFR,0,0,0
KVEL,"Vernal Rgnl, UT, US",United States,UT,MVFR,0,0,0
KVER,"Boonville/Vertel Mem, MO, US",United States,MO,VFR,1910,1910,100
KVER,"Boonville/Vertel Mem, MO, US",United States,MO,IFR,0,0,0
KVER,"Boonville/Vertel Mem, MO, US",United States,MO,LIFR,0,0,0
KVER,"Boonville/Vertel Mem, MO, US",United States,MO,MVFR,0,0,0
KVES,"Versailles/Darke Cnty, OH, US",United States,OH,VFR,1890,1890,100
KVES,"Versailles/Darke Cnty, OH, US",United States,OH,IFR,0,0,0
KVES,"Versailles/Darke Cnty, OH, US",United States,OH,LIFR,0,0,0
KVES,"Versailles/Darke Cnty, OH, US",United States,OH,MVFR,0,0,0
KVGC,"Hamilton Muni, NY, US",United States,NY,VFR,1790,1910,93.72
KVGC,"Hamilton Muni, NY, US",United States,NY,MVFR,80,1910,4.19
KVGC,"Hamilton Muni, NY, US",United States,NY,IFR,40,1910,2.09
KVGC,"Hamilton Muni, NY, US",United States,NY,LIFR,0,0,0
KVGT,"Las Vegas/North Arpt, NV, US",United States,NV,VFR,1890,1890,100
KVGT,"Las Vegas/North Arpt, NV, US",United States,NV,IFR,0,0,0
KVGT,"Las Vegas/North Arpt, NV, US",United States,NV,LIFR,0,0,0
KVGT,"Las Vegas/North Arpt, NV, US",United States,NV,MVFR,0,0,0
KVHN,"Van Horn/Culberson Cnty, TX, US",United States,TX,VFR,1890,1890,100
KVHN,"Van Horn/Culberson Cnty, TX, US",United States,TX,IFR,0,0,0
KVHN,"Van Horn/Culberson Cnty, TX, US",United States,TX,LIFR,0,0,0
KVHN,"Van Horn/Culberson Cnty, TX, US",United States,TX,MVFR,0,0,0
KVIH,"Vichy/Rolla Arpt, MO, US",United States,MO,VFR,1890,1890,100
KVIH,"Vichy/Rolla Arpt, MO, US",United States,MO,IFR,0,0,0
KVIH,"Vichy/Rolla Arpt, MO, US",United States,MO,LIFR,0,0,0
KVIH,"Vichy/Rolla Arpt, MO, US",United States,MO,MVFR,0,0,0
KVIS,"Visalia Muni, CA, US",United States,CA,VFR,1890,1890,100
KVIS,"Visalia Muni, CA, US",United States,CA,IFR,0,0,0
KVIS,"Visalia Muni, CA, US",United States,CA,LIFR,0,0,0
KVIS,"Visalia Muni, CA, US",United States,CA,MVFR,0,0,0
KVJI,"Abingdon/Virginia Highlands Arpt, VA, US",United States,VA,VFR,1610,1870,86.1
KVJI,"Abingdon/Virginia Highlands Arpt, VA, US",United States,VA,MVFR,260,1870,13.9
KVJI,"Abingdon/Virginia Highlands Arpt, VA, US",United States,VA,IFR,0,0,0
KVJI,"Abingdon/Virginia Highlands Arpt, VA, US",United States,VA,LIFR,0,0,0
KVKS,"Vicksburg Arpt, MS, US",United States,MS,VFR,1810,1910,94.76
KVKS,"Vicksburg Arpt, MS, US",United States,MS,MVFR,80,1910,4.19
KVKS,"Vicksburg Arpt, MS, US",United States,MS,IFR,20,1910,1.05
KVKS,"Vicksburg Arpt, MS, US",United States,MS,LIFR,0,0,0
KVLD,"Valdosta Rgnl, GA, US",United States,GA,VFR,1666,1890,88.15
KVLD,"Valdosta Rgnl, GA, US",United States,GA,LIFR,147,1890,7.78
KVLD,"Valdosta Rgnl, GA, US",United States,GA,MVFR,77,1890,4.07
KVLD,"Valdosta Rgnl, GA, US",United States,GA,IFR,0,0,0
KVLL,"Oakland-Troy Arpt, MI, US",United States,MI,VFR,1910,1910,100
KVLL,"Oakland-Troy Arpt, MI, US",United States,MI,IFR,0,0,0
KVLL,"Oakland-Troy Arpt, MI, US",United States,MI,LIFR,0,0,0
KVLL,"Oakland-Troy Arpt, MI, US",United States,MI,MVFR,0,0,0
KVMR,"Vermillion/Davidson Fld, SD, US",United States,SD,VFR,1890,1890,100
KVMR,"Vermillion/Davidson Fld, SD, US",United States,SD,IFR,0,0,0
KVMR,"Vermillion/Davidson Fld, SD, US",United States,SD,LIFR,0,0,0
KVMR,"Vermillion/Davidson Fld, SD, US",United States,SD,MVFR,0,0,0
KVNW,"Van Wert Cnty Arpt, OH, US",United States,OH,VFR,1890,1890,100
KVNW,"Van Wert Cnty Arpt, OH, US",United States,OH,IFR,0,0,0
KVNW,"Van Wert Cnty Arpt, OH, US",United States,OH,LIFR,0,0,0
KVNW,"Van Wert Cnty Arpt, OH, US",United States,OH,MVFR,0,0,0
KVNY,"Van Nuys Arpt, CA, US",United States,CA,VFR,1555,1890,82.28
KVNY,"Van Nuys Arpt, CA, US",United States,CA,LIFR,299,1890,15.82
KVNY,"Van Nuys Arpt, CA, US",United States,CA,IFR,36,1890,1.9
KVNY,"Van Nuys Arpt, CA, US",United States,CA,MVFR,0,0,0
KVOK,"Camp Douglas/Volk Fld, WI, US",United States,WI,VFR,1405,1625,86.46
KVOK,"Camp Douglas/Volk Fld, WI, US",United States,WI,MVFR,175,1625,10.77
KVOK,"Camp Douglas/Volk Fld, WI, US",United States,WI,IFR,30,1625,1.85
KVOK,"Camp Douglas/Volk Fld, WI, US",United States,WI,LIFR,15,1625,0.92
KVPC,"Cartersville Arpt, GA, US",United States,GA,VFR,1610,1890,85.19
KVPC,"Cartersville Arpt, GA, US",United States,GA,MVFR,200,1890,10.58
KVPC,"Cartersville Arpt, GA, US",United States,GA,IFR,80,1890,4.23
KVPC,"Cartersville Arpt, GA, US",United States,GA,LIFR,0,0,0
KVPS,"Valparaiso/Eglin AFB, FL, US",United States,FL,VFR,1511,1540,98.12
KVPS,"Valparaiso/Eglin AFB, FL, US",United States,FL,MVFR,29,1540,1.88
KVPS,"Valparaiso/Eglin AFB, FL, US",United States,FL,IFR,0,0,0
KVPS,"Valparaiso/Eglin AFB, FL, US",United States,FL,LIFR,0,0,0
KVPZ,"Valparaiso/Port Cnty, IN, US",United States,IN,VFR,1890,1890,100
KVPZ,"Valparaiso/Port Cnty, IN, US",United States,IN,IFR,0,0,0
KVPZ,"Valparaiso/Port Cnty, IN, US",United States,IN,LIFR,0,0,0
KVPZ,"Valparaiso/Port Cnty, IN, US",United States,IN,MVFR,0,0,0
KVQQ,"Jacksonville/Cecil Arpt, FL, US",United States,FL,VFR,925,1890,48.94
KVQQ,"Jacksonville/Cecil Arpt, FL, US",United States,FL,MVFR,483,1890,25.56
KVQQ,"Jacksonville/Cecil Arpt, FL, US",United States,FL,IFR,242,1890,12.8
KVQQ,"Jacksonville/Cecil Arpt, FL, US",United States,FL,LIFR,240,1890,12.7
KVRB,"Vero Beach Muni, FL, US",United States,FL,VFR,1669,1890,88.31
KVRB,"Vero Beach Muni, FL, US",United States,FL,MVFR,171,1890,9.05
KVRB,"Vero Beach Muni, FL, US",United States,FL,IFR,50,1890,2.65
KVRB,"Vero Beach Muni, FL, US",United States,FL,LIFR,0,0,0
KVSF,"Springfield/Hartness State Arpt, VT, US",United States,VT,VFR,1765,1890,93.39
KVSF,"Springfield/Hartness State Arpt, VT, US",United States,VT,MVFR,125,1890,6.61
KVSF,"Springfield/Hartness State Arpt, VT, US",United States,VT,IFR,0,0,0
KVSF,"Springfield/Hartness State Arpt, VT, US",United States,VT,LIFR,0,0,0
KVTA,"Newark/Heath Arpt, OH, US",United States,OH,VFR,1890,1890,100
KVTA,"Newark/Heath Arpt, OH, US",United States,OH,IFR,0,0,0
KVTA,"Newark/Heath Arpt, OH, US",United States,OH,LIFR,0,0,0
KVTA,"Newark/Heath Arpt, OH, US",United States,OH,MVFR,0,0,0
KVTI,"Vinton/Veterans Mem, IA, US",United States,IA,VFR,1890,1890,100
KVTI,"Vinton/Veterans Mem, IA, US",United States,IA,IFR,0,0,0
KVTI,"Vinton/Veterans Mem, IA, US",United States,IA,LIFR,0,0,0
KVTI,"Vinton/Veterans Mem, IA, US",United States,IA,MVFR,0,0,0
KVTN,"Valentine/Miller Fld, NE, US",United States,NE,VFR,1683,1890,89.05
KVTN,"Valentine/Miller Fld, NE, US",United States,NE,IFR,139,1890,7.35
KVTN,"Valentine/Miller Fld, NE, US",United States,NE,MVFR,68,1890,3.6
KVTN,"Valentine/Miller Fld, NE, US",United States,NE,LIFR,0,0,0
KVUJ,"Albemarle/Stanly Cnty, NC, US",United States,NC,VFR,1900,1900,100
KVUJ,"Albemarle/Stanly Cnty, NC, US",United States,NC,IFR,0,0,0
KVUJ,"Albemarle/Stanly Cnty, NC, US",United States,NC,LIFR,0,0,0
KVUJ,"Albemarle/Stanly Cnty, NC, US",United States,NC,MVFR,0,0,0
KVUO,"Vancouver/Pearson Fld, WA, US",United States,WA,VFR,1650,1650,100
KVUO,"Vancouver/Pearson Fld, WA, US",United States,WA,IFR,0,0,0
KVUO,"Vancouver/Pearson Fld, WA, US",United States,WA,LIFR,0,0,0
KVUO,"Vancouver/Pearson Fld, WA, US",United States,WA,MVFR,0,0,0
KVVS,"Connellsville/Hardy Arpt, PA, US",United States,PA,VFR,1650,1890,87.3
KVVS,"Connellsville/Hardy Arpt, PA, US",United States,PA,MVFR,240,1890,12.7
KVVS,"Connellsville/Hardy Arpt, PA, US",United States,PA,IFR,0,0,0
KVVS,"Connellsville/Hardy Arpt, PA, US",United States,PA,LIFR,0,0,0
KVVV,"Ortonville Muni, MN, US",United States,MN,VFR,1850,1850,100
KVVV,"Ortonville Muni, MN, US",United States,MN,IFR,0,0,0
KVVV,"Ortonville Muni, MN, US",United States,MN,LIFR,0,0,0
KVVV,"Ortonville Muni, MN, US",United States,MN,MVFR,0,0,0
KVWU,"Waskish Muni, MN, US",United States,MN,IFR,0,0,0
KVWU,"Waskish Muni, MN, US",United States,MN,LIFR,0,0,0
KVWU,"Waskish Muni, MN, US",United States,MN,MVFR,0,0,0
KVWU,"Waskish Muni, MN, US",United States,MN,VFR,0,0,0
KVYS,"Peru/Illinois Valley Rgnl, IL, US",United States,IL,VFR,1890,1890,100
KVYS,"Peru/Illinois Valley Rgnl, IL, US",United States,IL,IFR,0,0,0
KVYS,"Peru/Illinois Valley Rgnl, IL, US",United States,IL,LIFR,0,0,0
KVYS,"Peru/Illinois Valley Rgnl, IL, US",United States,IL,MVFR,0,0,0
KW22,"Buckhannon/Upshur Cnty, WV, US",United States,WV,VFR,1430,1705,83.87
KW22,"Buckhannon/Upshur Cnty, WV, US",United States,WV,IFR,120,1705,7.04
KW22,"Buckhannon/Upshur Cnty, WV, US",United States,WV,MVFR,95,1705,5.57
KW22,"Buckhannon/Upshur Cnty, WV, US",United States,WV,LIFR,60,1705,3.52
KW31,"Kenbridge/Lunenburg Cnty, VA, US",United States,VA,VFR,1770,1890,93.65
KW31,"Kenbridge/Lunenburg Cnty, VA, US",United States,VA,MVFR,120,1890,6.35
KW31,"Kenbridge/Lunenburg Cnty, VA, US",United States,VA,IFR,0,0,0
KW31,"Kenbridge/Lunenburg Cnty, VA, US",United States,VA,LIFR,0,0,0
KW40,"Mt Olive Muni, NC, US",United States,NC,VFR,1780,1900,93.68
KW40,"Mt Olive Muni, NC, US",United States,NC,MVFR,120,1900,6.32
KW40,"Mt Olive Muni, NC, US",United States,NC,IFR,0,0,0
KW40,"Mt Olive Muni, NC, US",United States,NC,LIFR,0,0,0
KW43,"Hulett Muni, WY, US",United States,WY,VFR,1890,1890,100
KW43,"Hulett Muni, WY, US",United States,WY,IFR,0,0,0
KW43,"Hulett Muni, WY, US",United States,WY,LIFR,0,0,0
KW43,"Hulett Muni, WY, US",United States,WY,MVFR,0,0,0
KW63,"Clarksville/Lake Country Arpt, VA, US",United States,VA,VFR,1370,1410,97.16
KW63,"Clarksville/Lake Country Arpt, VA, US",United States,VA,MVFR,40,1410,2.84
KW63,"Clarksville/Lake Country Arpt, VA, US",United States,VA,IFR,0,0,0
KW63,"Clarksville/Lake Country Arpt, VA, US",United States,VA,LIFR,0,0,0
KW78,"South Boston/Tuck Arpr, VA, US",United States,VA,VFR,1870,1870,100
KW78,"South Boston/Tuck Arpr, VA, US",United States,VA,IFR,0,0,0
KW78,"South Boston/Tuck Arpr, VA, US",United States,VA,LIFR,0,0,0
KW78,"South Boston/Tuck Arpr, VA, US",United States,VA,MVFR,0,0,0
KW81,"Crewe Muni, VA, US",United States,VA,VFR,1870,1890,98.94
KW81,"Crewe Muni, VA, US",United States,VA,MVFR,20,1890,1.06
KW81,"Crewe Muni, VA, US",United States,VA,IFR,0,0,0
KW81,"Crewe Muni, VA, US",United States,VA,LIFR,0,0,0
KW96,"Quinton/New Kent Cnty, VA, US",United States,VA,VFR,1670,1910,87.43
KW96,"Quinton/New Kent Cnty, VA, US",United States,VA,MVFR,240,1910,12.57
KW96,"Quinton/New Kent Cnty, VA, US",United States,VA,IFR,0,0,0
KW96,"Quinton/New Kent Cnty, VA, US",United States,VA,LIFR,0,0,0
KWAL,"Wallops Island Facility Arpt, VA, US",United States,VA,VFR,1567,1890,82.91
KWAL,"Wallops Island Facility Arpt, VA, US",United States,VA,MVFR,300,1890,15.87
KWAL,"Wallops Island Facility Arpt, VA, US",United States,VA,IFR,23,1890,1.22
KWAL,"Wallops Island Facility Arpt, VA, US",United States,VA,LIFR,0,0,0
KWDG,"Enid/Woodring Arpt, OK, US",United States,OK,VFR,1763,1888,93.38
KWDG,"Enid/Woodring Arpt, OK, US",United States,OK,IFR,65,1888,3.44
KWDG,"Enid/Woodring Arpt, OK, US",United States,OK,MVFR,60,1888,3.18
KWDG,"Enid/Woodring Arpt, OK, US",United States,OK,LIFR,0,0,0
KWDR,"Winder/Barrow Cnty, GA, US",United States,GA,VFR,1670,1890,88.36
KWDR,"Winder/Barrow Cnty, GA, US",United States,GA,MVFR,220,1890,11.64
KWDR,"Winder/Barrow Cnty, GA, US",United States,GA,IFR,0,0,0
KWDR,"Winder/Barrow Cnty, GA, US",United States,GA,LIFR,0,0,0
KWHP,"Los Angeles/Whiteman Arpt, CA, US",United States,CA,VFR,865,1040,83.17
KWHP,"Los Angeles/Whiteman Arpt, CA, US",United States,CA,MVFR,120,1040,11.54
KWHP,"Los Angeles/Whiteman Arpt, CA, US",United States,CA,LIFR,55,1040,5.29
KWHP,"Los Angeles/Whiteman Arpt, CA, US",United States,CA,IFR,0,0,0
KWJF,"Lancaster/Fox Arfld, CA, US",United States,CA,VFR,1890,1890,100
KWJF,"Lancaster/Fox Arfld, CA, US",United States,CA,IFR,0,0,0
KWJF,"Lancaster/Fox Arfld, CA, US",United States,CA,LIFR,0,0,0
KWJF,"Lancaster/Fox Arfld, CA, US",United States,CA,MVFR,0,0,0
KWLD,"Winfield/Strother Fld, KS, US",United States,KS,VFR,1637,1924,85.08
KWLD,"Winfield/Strother Fld, KS, US",United States,KS,MVFR,171,1924,8.89
KWLD,"Winfield/Strother Fld, KS, US",United States,KS,IFR,86,1924,4.47
KWLD,"Winfield/Strother Fld, KS, US",United States,KS,LIFR,30,1924,1.56
KWMC,"Winnemucca Muni, NV, US",United States,NV,VFR,1890,1890,100
KWMC,"Winnemucca Muni, NV, US",United States,NV,IFR,0,0,0
KWMC,"Winnemucca Muni, NV, US",United States,NV,LIFR,0,0,0
KWMC,"Winnemucca Muni, NV, US",United States,NV,MVFR,0,0,0
KWRB,"Warner Robins AFB, GA, US",United States,GA,VFR,1053,1626,64.76
KWRB,"Warner Robins AFB, GA, US",United States,GA,LIFR,276,1626,16.97
KWRB,"Warner Robins AFB, GA, US",United States,GA,MVFR,165,1626,10.15
KWRB,"Warner Robins AFB, GA, US",United States,GA,IFR,132,1626,8.12
KWRI,"McGuire AFB, NJ, US",United States,NJ,VFR,1399,1630,85.83
KWRI,"McGuire AFB, NJ, US",United States,NJ,MVFR,177,1630,10.86
KWRI,"McGuire AFB, NJ, US",United States,NJ,IFR,54,1630,3.31
KWRI,"McGuire AFB, NJ, US",United States,NJ,LIFR,0,0,0
KWRL,"Worland Muni, WY, US",United States,WY,VFR,1890,1890,100
KWRL,"Worland Muni, WY, US",United States,WY,IFR,0,0,0
KWRL,"Worland Muni, WY, US",United States,WY,LIFR,0,0,0
KWRL,"Worland Muni, WY, US",United States,WY,MVFR,0,0,0
KWST,"Westerly State Arpt, RI, US",United States,RI,VFR,1544,1890,81.69
KWST,"Westerly State Arpt, RI, US",United States,RI,MVFR,276,1890,14.6
KWST,"Westerly State Arpt, RI, US",United States,RI,IFR,65,1890,3.44
KWST,"Westerly State Arpt, RI, US",United States,RI,LIFR,5,1890,0.26
KWVI,"Watsonville Muni, CA, US",United States,CA,VFR,1290,1890,68.25
KWVI,"Watsonville Muni, CA, US",United States,CA,MVFR,600,1890,31.75
KWVI,"Watsonville Muni, CA, US",United States,CA,IFR,0,0,0
KWVI,"Watsonville Muni, CA, US",United States,CA,LIFR,0,0,0
KWVL,"Waterville/Lafleur Arpt, ME, US",United States,ME,VFR,1719,1890,90.95
KWVL,"Waterville/Lafleur Arpt, ME, US",United States,ME,MVFR,171,1890,9.05
KWVL,"Waterville/Lafleur Arpt, ME, US",United States,ME,IFR,0,0,0
KWVL,"Waterville/Lafleur Arpt, ME, US",United States,ME,LIFR,0,0,0
KWWD,"Wildwood/Cape May Cnty, NJ, US",United States,NJ,VFR,1423,1877,75.81
KWWD,"Wildwood/Cape May Cnty, NJ, US",United States,NJ,IFR,248,1877,13.21
KWWD,"Wildwood/Cape May Cnty, NJ, US",United States,NJ,MVFR,167,1877,8.9
KWWD,"Wildwood/Cape May Cnty, NJ, US",United States,NJ,LIFR,39,1877,2.08
KWWR,"Woodward Arpt, OK, US",United States,OK,VFR,1790,1890,94.71
KWWR,"Woodward Arpt, OK, US",United States,OK,MVFR,100,1890,5.29
KWWR,"Woodward Arpt, OK, US",United States,OK,IFR,0,0,0
KWWR,"Woodward Arpt, OK, US",United States,OK,LIFR,0,0,0
KWYS,"West Yellowstone Arpt, MT, US",United States,MT,VFR,1890,1890,100
KWYS,"West Yellowstone Arpt, MT, US",United States,MT,IFR,0,0,0
KWYS,"West Yellowstone Arpt, MT, US",United States,MT,LIFR,0,0,0
KWYS,"West Yellowstone Arpt, MT, US",United States,MT,MVFR,0,0,0
KX26,"Sabastian Arpt, FL, US",United States,FL,VFR,1650,1890,87.3
KX26,"Sabastian Arpt, FL, US",United States,FL,MVFR,220,1890,11.64
KX26,"Sabastian Arpt, FL, US",United States,FL,IFR,20,1890,1.06
KX26,"Sabastian Arpt, FL, US",United States,FL,LIFR,0,0,0
KX59,"Valkaria Arpt, FL, US",United States,FL,VFR,1780,1870,95.19
KX59,"Valkaria Arpt, FL, US",United States,FL,MVFR,60,1870,3.21
KX59,"Valkaria Arpt, FL, US",United States,FL,IFR,30,1870,1.6
KX59,"Valkaria Arpt, FL, US",United States,FL,LIFR,0,0,0
KX60,"Williston Muni, FL, US",United States,FL,VFR,1410,1910,73.82
KX60,"Williston Muni, FL, US",United States,FL,LIFR,220,1910,11.52
KX60,"Williston Muni, FL, US",United States,FL,MVFR,220,1910,11.52
KX60,"Williston Muni, FL, US",United States,FL,IFR,60,1910,3.14
KXBP,"Bridgeport Muni, TX, US",United States,TX,VFR,1890,1890,100
KXBP,"Bridgeport Muni, TX, US",United States,TX,IFR,0,0,0
KXBP,"Bridgeport Muni, TX, US",United States,TX,LIFR,0,0,0
KXBP,"Bridgeport Muni, TX, US",United States,TX,MVFR,0,0,0
KXLL,"Allentown/Queen City, PA, US",United States,PA,VFR,1810,1890,95.77
KXLL,"Allentown/Queen City, PA, US",United States,PA,MVFR,80,1890,4.23
KXLL,"Allentown/Queen City, PA, US",United States,PA,IFR,0,0,0
KXLL,"Allentown/Queen City, PA, US",United States,PA,LIFR,0,0,0
KXMR,"Cape Kennedy AF Skid, FL, US",United States,FL,VFR,1650,1650,100
KXMR,"Cape Kennedy AF Skid, FL, US",United States,FL,IFR,0,0,0
KXMR,"Cape Kennedy AF Skid, FL, US",United States,FL,LIFR,0,0,0
KXMR,"Cape Kennedy AF Skid, FL, US",United States,FL,MVFR,0,0,0
KXNA,"Fayetteville/NW Arkansas Rgnl, AR, US",United States,AR,VFR,1530,1710,89.47
KXNA,"Fayetteville/NW Arkansas Rgnl, AR, US",United States,AR,MVFR,180,1710,10.53
KXNA,"Fayetteville/NW Arkansas Rgnl, AR, US",United States,AR,IFR,0,0,0
KXNA,"Fayetteville/NW Arkansas Rgnl, AR, US",United States,AR,LIFR,0,0,0
KXNI,"Zuni Reserv Arpt, NM, US",United States,NM,VFR,1891,1891,100
KXNI,"Zuni Reserv Arpt, NM, US",United States,NM,IFR,0,0,0
KXNI,"Zuni Reserv Arpt, NM, US",United States,NM,LIFR,0,0,0
KXNI,"Zuni Reserv Arpt, NM, US",United States,NM,MVFR,0,0,0
KXNO,"North/Aux Arfd, SC, US",United States,SC,VFR,573,623,91.97
KXNO,"North/Aux Arfd, SC, US",United States,SC,MVFR,50,623,8.03
KXNO,"North/Aux Arfd, SC, US",United States,SC,IFR,0,0,0
KXNO,"North/Aux Arfd, SC, US",United States,SC,LIFR,0,0,0
KXSA,"Tappahannock/Essex Cnty, VA, US",United States,VA,VFR,1670,1910,87.43
KXSA,"Tappahannock/Essex Cnty, VA, US",United States,VA,MVFR,240,1910,12.57
KXSA,"Tappahannock/Essex Cnty, VA, US",United States,VA,IFR,0,0,0
KXSA,"Tappahannock/Essex Cnty, VA, US",United States,VA,LIFR,0,0,0
KXVG,"Longville Muni, MN, US",United States,MN,VFR,1650,1650,100
KXVG,"Longville Muni, MN, US",United States,MN,IFR,0,0,0
KXVG,"Longville Muni, MN, US",United States,MN,LIFR,0,0,0
KXVG,"Longville Muni, MN, US",United States,MN,MVFR,0,0,0
KXWA,"Williston/Basin Intl, ND, US",United States,ND,VFR,1890,1890,100
KXWA,"Williston/Basin Intl, ND, US",United States,ND,IFR,0,0,0
KXWA,"Williston/Basin Intl, ND, US",United States,ND,LIFR,0,0,0
KXWA,"Williston/Basin Intl, ND, US",United States,ND,MVFR,0,0,0
KY19,"Mandan Muni, ND, US",United States,ND,IFR,0,0,0
KY19,"Mandan Muni, ND, US",United States,ND,LIFR,0,0,0
KY19,"Mandan Muni, ND, US",United States,ND,MVFR,0,0,0
KY19,"Mandan Muni, ND, US",United States,ND,VFR,0,0,0
KY23,"Chetek Muni, WI, US",United States,WI,VFR,1690,1890,89.42
KY23,"Chetek Muni, WI, US",United States,WI,LIFR,200,1890,10.58
KY23,"Chetek Muni, WI, US",United States,WI,IFR,0,0,0
KY23,"Chetek Muni, WI, US",United States,WI,MVFR,0,0,0
KY31,"West Branch Arpt, MI, US",United States,MI,VFR,1910,1910,100
KY31,"West Branch Arpt, MI, US",United States,MI,IFR,0,0,0
KY31,"West Branch Arpt, MI, US",United States,MI,LIFR,0,0,0
KY31,"West Branch Arpt, MI, US",United States,MI,MVFR,0,0,0
KY50,"Wautoma Muni, WI, US",United States,WI,VFR,1890,1890,100
KY50,"Wautoma Muni, WI, US",United States,WI,IFR,0,0,0
KY50,"Wautoma Muni, WI, US",United States,WI,LIFR,0,0,0
KY50,"Wautoma Muni, WI, US",United States,WI,MVFR,0,0,0
KY51,"Viroqua Muni, WI, US",United States,WI,VFR,1890,1890,100
KY51,"Viroqua Muni, WI, US",United States,WI,IFR,0,0,0
KY51,"Viroqua Muni, WI, US",United States,WI,LIFR,0,0,0
KY51,"Viroqua Muni, WI, US",United States,WI,MVFR,0,0,0
KY70,"Ionia Cnty Arpt, MI, US",United States,MI,VFR,1730,1890,91.53
KY70,"Ionia Cnty Arpt, MI, US",United States,MI,LIFR,120,1890,6.35
KY70,"Ionia Cnty Arpt, MI, US",United States,MI,IFR,40,1890,2.12
KY70,"Ionia Cnty Arpt, MI, US",United States,MI,MVFR,0,0,0
KYIP,"Detroit/Willow Run Arpt, MI, US",United States,MI,VFR,1890,1890,100
KYIP,"Detroit/Willow Run Arpt, MI, US",United States,MI,IFR,0,0,0
KYIP,"Detroit/Willow Run Arpt, MI, US",United States,MI,LIFR,0,0,0
KYIP,"Detroit/Willow Run Arpt, MI, US",United States,MI,MVFR,0,0,0
KYKM,"Yakima/McAllister Fld, WA, US",United States,WA,VFR,1890,1890,100
KYKM,"Yakima/McAllister Fld, WA, US",United States,WA,IFR,0,0,0
KYKM,"Yakima/McAllister Fld, WA, US",United States,WA,LIFR,0,0,0
KYKM,"Yakima/McAllister Fld, WA, US",United States,WA,MVFR,0,0,0
KYKN,"Yankton/Gurney Muni, SD, US",United States,SD,VFR,1770,1770,100
KYKN,"Yankton/Gurney Muni, SD, US",United States,SD,IFR,0,0,0
KYKN,"Yankton/Gurney Muni, SD, US",United States,SD,LIFR,0,0,0
KYKN,"Yankton/Gurney Muni, SD, US",United States,SD,MVFR,0,0,0
KYNG,"Youngstown-Warren Rgnl, OH, US",United States,OH,VFR,1890,1890,100
KYNG,"Youngstown-Warren Rgnl, OH, US",United States,OH,IFR,0,0,0
KYNG,"Youngstown-Warren Rgnl, OH, US",United States,OH,LIFR,0,0,0
KYNG,"Youngstown-Warren Rgnl, OH, US",United States,OH,MVFR,0,0,0
KZER,"Pottsville/Schuylkill Cnty, PA, US",United States,PA,VFR,1650,1890,87.3
KZER,"Pottsville/Schuylkill Cnty, PA, US",United States,PA,LIFR,100,1890,5.29
KZER,"Pottsville/Schuylkill Cnty, PA, US",United States,PA,MVFR,100,1890,5.29
KZER,"Pottsville/Schuylkill Cnty, PA, US",United States,PA,IFR,40,1890,2.12
KZPH,"Zephyrhills Muni, FL, US",United States,FL,VFR,1630,1890,86.24
KZPH,"Zephyrhills Muni, FL, US",United States,FL,MVFR,160,1890,8.47
KZPH,"Zephyrhills Muni, FL, US",United States,FL,LIFR,60,1890,3.17
KZPH,"Zephyrhills Muni, FL, US",United States,FL,IFR,40,1890,2.12
KZZV,"Zanesville Muni, OH, US",United States,OH,VFR,1890,1890,100
KZZV,"Zanesville Muni, OH, US",United States,OH,IFR,0,0,0
KZZV,"Zanesville Muni, OH, US",United States,OH,LIFR,0,0,0
KZZV,"Zanesville Muni, OH, US",United States,OH,MVFR,0,0,0
PAAD,"Point Thomson Arpt, AK, US",United States,AK,VFR,1870,1890,98.94
PAAD,"Point Thomson Arpt, AK, US",United States,AK,MVFR,20,1890,1.06
PAAD,"Point Thomson Arpt, AK, US",United States,AK,IFR,0,0,0
PAAD,"Point Thomson Arpt, AK, US",United States,AK,LIFR,0,0,0
PAAK,"Atka Arpt, AK, US",United States,AK,VFR,1734,1890,91.75
PAAK,"Atka Arpt, AK, US",United States,AK,MVFR,118,1890,6.24
PAAK,"Atka Arpt, AK, US",United States,AK,IFR,38,1890,2.01
PAAK,"Atka Arpt, AK, US",United States,AK,LIFR,0,0,0
PAAQ,"Palmer Muni, AK, US",United States,AK,VFR,1890,1890,100
PAAQ,"Palmer Muni, AK, US",United States,AK,IFR,0,0,0
PAAQ,"Palmer Muni, AK, US",United States,AK,LIFR,0,0,0
PAAQ,"Palmer Muni, AK, US",United States,AK,MVFR,0,0,0
PABA,"Barter Island Arpt, AK, US",United States,AK,VFR,1509,1876,80.44
PABA,"Barter Island Arpt, AK, US",United States,AK,LIFR,367,1876,19.56
PABA,"Barter Island Arpt, AK, US",United States,AK,IFR,0,0,0
PABA,"Barter Island Arpt, AK, US",United States,AK,MVFR,0,0,0
PABE,"Bethel Arpt, AK, US",United States,AK,VFR,1551,1876,82.68
PABE,"Bethel Arpt, AK, US",United States,AK,MVFR,325,1876,17.32
PABE,"Bethel Arpt, AK, US",United States,AK,IFR,0,0,0
PABE,"Bethel Arpt, AK, US",United States,AK,LIFR,0,0,0
PABI,"Ft Greely/Allen Fld, AK, US",United States,AK,VFR,1804,1866,96.68
PABI,"Ft Greely/Allen Fld, AK, US",United States,AK,MVFR,62,1866,3.32
PABI,"Ft Greely/Allen Fld, AK, US",United States,AK,IFR,0,0,0
PABI,"Ft Greely/Allen Fld, AK, US",United States,AK,LIFR,0,0,0
PABL,"Buckland Arpt, AK, US",United States,AK,VFR,1829,1890,96.77
PABL,"Buckland Arpt, AK, US",United States,AK,MVFR,61,1890,3.23
PABL,"Buckland Arpt, AK, US",United States,AK,IFR,0,0,0
PABL,"Buckland Arpt, AK, US",United States,AK,LIFR,0,0,0
PABR,"Utqiaġvik, AK, US",United States,AK,VFR,884,1921,46.02
PABR,"Utqiaġvik, AK, US",United States,AK,MVFR,700,1921,36.44
PABR,"Utqiaġvik, AK, US",United States,AK,IFR,337,1921,17.54
PABR,"Utqiaġvik, AK, US",United States,AK,LIFR,0,0,0
PABT,"Bettles Arpt, AK, US",United States,AK,VFR,1410,1890,74.6
PABT,"Bettles Arpt, AK, US",United States,AK,MVFR,326,1890,17.25
PABT,"Bettles Arpt, AK, US",United States,AK,IFR,154,1890,8.15
PABT,"Bettles Arpt, AK, US",United States,AK,LIFR,0,0,0
PABV,"Birchwood Arpt, AK, US",United States,AK,VFR,1890,1890,100
PABV,"Birchwood Arpt, AK, US",United States,AK,IFR,0,0,0
PABV,"Birchwood Arpt, AK, US",United States,AK,LIFR,0,0,0
PABV,"Birchwood Arpt, AK, US",United States,AK,MVFR,0,0,0
PACD,"Cold Bay Arpt, AK, US",United States,AK,VFR,1710,1890,90.48
PACD,"Cold Bay Arpt, AK, US",United States,AK,MVFR,180,1890,9.52
PACD,"Cold Bay Arpt, AK, US",United States,AK,IFR,0,0,0
PACD,"Cold Bay Arpt, AK, US",United States,AK,LIFR,0,0,0
PACV,"Cordova/Smith Arpt, AK, US",United States,AK,VFR,846,1890,44.76
PACV,"Cordova/Smith Arpt, AK, US",United States,AK,MVFR,566,1890,29.95
PACV,"Cordova/Smith Arpt, AK, US",United States,AK,IFR,478,1890,25.29
PACV,"Cordova/Smith Arpt, AK, US",United States,AK,LIFR,0,0,0
PACX,"Coldfoot Arpt, AK, US",United States,AK,MVFR,1431,1890,75.71
PACX,"Coldfoot Arpt, AK, US",United States,AK,VFR,283,1890,14.97
PACX,"Coldfoot Arpt, AK, US",United States,AK,IFR,176,1890,9.31
PACX,"Coldfoot Arpt, AK, US",United States,AK,LIFR,0,0,0
PACZ,"Cape Romanzof Arpt, AK, US",United States,AK,MVFR,390,390,100
PACZ,"Cape Romanzof Arpt, AK, US",United States,AK,IFR,0,0,0
PACZ,"Cape Romanzof Arpt, AK, US",United States,AK,LIFR,0,0,0
PACZ,"Cape Romanzof Arpt, AK, US",United States,AK,VFR,0,0,0
PADG,"Red Dog Arpt, AK, US",United States,AK,IFR,493,797,61.86
PADG,"Red Dog Arpt, AK, US",United States,AK,MVFR,209,797,26.22
PADG,"Red Dog Arpt, AK, US",United States,AK,LIFR,95,797,11.92
PADG,"Red Dog Arpt, AK, US",United States,AK,VFR,0,0,0
PADL,"Dillingham Arpt, AK, US",United States,AK,VFR,1260,1890,66.67
PADL,"Dillingham Arpt, AK, US",United States,AK,IFR,330,1890,17.46
PADL,"Dillingham Arpt, AK, US",United States,AK,MVFR,288,1890,15.24
PADL,"Dillingham Arpt, AK, US",United States,AK,LIFR,12,1890,0.63
PADQ,"Kodiak Arpt, AK, US",United States,AK,VFR,1735,1770,98.02
PADQ,"Kodiak Arpt, AK, US",United States,AK,MVFR,35,1770,1.98
PADQ,"Kodiak Arpt, AK, US",United States,AK,IFR,0,0,0
PADQ,"Kodiak Arpt, AK, US",United States,AK,LIFR,0,0,0
PADU,"Dutch Harbor/Unalaska Arpt, AK, US",United States,AK,VFR,1890,1890,100
PADU,"Dutch Harbor/Unalaska Arpt, AK, US",United States,AK,IFR,0,0,0
PADU,"Dutch Harbor/Unalaska Arpt, AK, US",United States,AK,LIFR,0,0,0
PADU,"Dutch Harbor/Unalaska Arpt, AK, US",United States,AK,MVFR,0,0,0
PAED,"Anchorage/Elmendorf AFB, AK, US",United States,AK,VFR,1650,1650,100
PAED,"Anchorage/Elmendorf AFB, AK, US",United States,AK,IFR,0,0,0
PAED,"Anchorage/Elmendorf AFB, AK, US",United States,AK,LIFR,0,0,0
PAED,"Anchorage/Elmendorf AFB, AK, US",United States,AK,MVFR,0,0,0
PAEG,"Eagle Arpt, AK, US",United States,AK,VFR,1542,1890,81.59
PAEG,"Eagle Arpt, AK, US",United States,AK,MVFR,241,1890,12.75
PAEG,"Eagle Arpt, AK, US",United States,AK,LIFR,96,1890,5.08
PAEG,"Eagle Arpt, AK, US",United States,AK,IFR,11,1890,0.58
PAEH,"Cape Newenham Arpt, AK, US",United States,AK,MVFR,916,1630,56.2
PAEH,"Cape Newenham Arpt, AK, US",United States,AK,VFR,400,1630,24.54
PAEH,"Cape Newenham Arpt, AK, US",United States,AK,IFR,214,1630,13.13
PAEH,"Cape Newenham Arpt, AK, US",United States,AK,LIFR,100,1630,6.13
PAEI,"Fairbanks/Eielson AFB, AK, US",United States,AK,VFR,1590,1650,96.36
PAEI,"Fairbanks/Eielson AFB, AK, US",United States,AK,MVFR,60,1650,3.64
PAEI,"Fairbanks/Eielson AFB, AK, US",United States,AK,IFR,0,0,0
PAEI,"Fairbanks/Eielson AFB, AK, US",United States,AK,LIFR,0,0,0
PAEL,"Elfin Cove, AK, US",United States,AK,VFR,352,683,51.54
PAEL,"Elfin Cove, AK, US",United States,AK,MVFR,331,683,48.46
PAEL,"Elfin Cove, AK, US",United States,AK,IFR,0,0,0
PAEL,"Elfin Cove, AK, US",United States,AK,LIFR,0,0,0
PAEM,"Emmonak Arpt, AK, US",United States,AK,VFR,1269,1890,67.14
PAEM,"Emmonak Arpt, AK, US",United States,AK,MVFR,621,1890,32.86
PAEM,"Emmonak Arpt, AK, US",United States,AK,IFR,0,0,0
PAEM,"Emmonak Arpt, AK, US",United States,AK,LIFR,0,0,0
PAEN,"Kenai Muni, AK, US",United States,AK,VFR,1743,1890,92.22
PAEN,"Kenai Muni, AK, US",United States,AK,MVFR,147,1890,7.78
PAEN,"Kenai Muni, AK, US",United States,AK,IFR,0,0,0
PAEN,"Kenai Muni, AK, US",United States,AK,LIFR,0,0,0
PAFA,"Fairbanks Intl, AK, US",United States,AK,VFR,1830,1890,96.83
PAFA,"Fairbanks Intl, AK, US",United States,AK,MVFR,60,1890,3.17
PAFA,"Fairbanks Intl, AK, US",United States,AK,IFR,0,0,0
PAFA,"Fairbanks Intl, AK, US",United States,AK,LIFR,0,0,0
PAFB,"Fairbanks/Ladd AAF, AK, US",United States,AK,VFR,1310,1640,79.88
PAFB,"Fairbanks/Ladd AAF, AK, US",United States,AK,MVFR,330,1640,20.12
PAFB,"Fairbanks/Ladd AAF, AK, US",United States,AK,IFR,0,0,0
PAFB,"Fairbanks/Ladd AAF, AK, US",United States,AK,LIFR,0,0,0
PAFE,"Kake Arpt, AK, US",United States,AK,VFR,1529,1917,79.76
PAFE,"Kake Arpt, AK, US",United States,AK,LIFR,242,1917,12.62
PAFE,"Kake Arpt, AK, US",United States,AK,IFR,79,1917,4.12
PAFE,"Kake Arpt, AK, US",United States,AK,MVFR,67,1917,3.5
PAFR,"Ft Richardson/Bryant AAF, AK, US",United States,AK,VFR,1642,1642,100
PAFR,"Ft Richardson/Bryant AAF, AK, US",United States,AK,IFR,0,0,0
PAFR,"Ft Richardson/Bryant AAF, AK, US",United States,AK,LIFR,0,0,0
PAFR,"Ft Richardson/Bryant AAF, AK, US",United States,AK,MVFR,0,0,0
PAFS,"Nikolai Arpt, AK, US",United States,AK,VFR,1479,1890,78.25
PAFS,"Nikolai Arpt, AK, US",United States,AK,MVFR,352,1890,18.62
PAFS,"Nikolai Arpt, AK, US",United States,AK,IFR,59,1890,3.12
PAFS,"Nikolai Arpt, AK, US",United States,AK,LIFR,0,0,0
PAGA,"Galena Arpt, AK, US",United States,AK,VFR,1388,1890,73.44
PAGA,"Galena Arpt, AK, US",United States,AK,MVFR,482,1890,25.5
PAGA,"Galena Arpt, AK, US",United States,AK,IFR,20,1890,1.06
PAGA,"Galena Arpt, AK, US",United States,AK,LIFR,0,0,0
PAGH,"Shungnak Arpt, AK, US",United States,AK,VFR,1474,1890,77.99
PAGH,"Shungnak Arpt, AK, US",United States,AK,MVFR,416,1890,22.01
PAGH,"Shungnak Arpt, AK, US",United States,AK,IFR,0,0,0
PAGH,"Shungnak Arpt, AK, US",United States,AK,LIFR,0,0,0
PAGL,"Golovin Arpt, AK, US",United States,AK,VFR,1264,1866,67.74
PAGL,"Golovin Arpt, AK, US",United States,AK,MVFR,602,1866,32.26
PAGL,"Golovin Arpt, AK, US",United States,AK,IFR,0,0,0
PAGL,"Golovin Arpt, AK, US",United States,AK,LIFR,0,0,0
PAGM,"Gambell Arpt, AK, US",United States,AK,MVFR,1088,1890,57.57
PAGM,"Gambell Arpt, AK, US",United States,AK,VFR,772,1890,40.85
PAGM,"Gambell Arpt, AK, US",United States,AK,IFR,30,1890,1.59
PAGM,"Gambell Arpt, AK, US",United States,AK,LIFR,0,0,0
PAGN,"Angoon, AK, US",United States,AK,VFR,1340,1897,70.64
PAGN,"Angoon, AK, US",United States,AK,LIFR,221,1897,11.65
PAGN,"Angoon, AK, US",United States,AK,IFR,203,1897,10.7
PAGN,"Angoon, AK, US",United States,AK,MVFR,133,1897,7.01
PAGS,"Gustavus Arpt, AK, US",United States,AK,MVFR,988,1890,52.28
PAGS,"Gustavus Arpt, AK, US",United States,AK,VFR,555,1890,29.37
PAGS,"Gustavus Arpt, AK, US",United States,AK,IFR,182,1890,9.63
PAGS,"Gustavus Arpt, AK, US",United States,AK,LIFR,165,1890,8.73
PAGY,"Skagway Arpt, AK, US",United States,AK,MVFR,953,1908,49.95
PAGY,"Skagway Arpt, AK, US",United States,AK,VFR,826,1908,43.29
PAGY,"Skagway Arpt, AK, US",United States,AK,IFR,129,1908,6.76
PAGY,"Skagway Arpt, AK, US",United States,AK,LIFR,0,0,0
PAHC,"Holy Cross Arpt, AK, US",United States,AK,MVFR,1530,1890,80.95
PAHC,"Holy Cross Arpt, AK, US",United States,AK,VFR,360,1890,19.05
PAHC,"Holy Cross Arpt, AK, US",United States,AK,IFR,0,0,0
PAHC,"Holy Cross Arpt, AK, US",United States,AK,LIFR,0,0,0
PAHL,"Huslia Arpt, AK, US",United States,AK,VFR,1360,1890,71.96
PAHL,"Huslia Arpt, AK, US",United States,AK,MVFR,530,1890,28.04
PAHL,"Huslia Arpt, AK, US",United States,AK,IFR,0,0,0
PAHL,"Huslia Arpt, AK, US",United States,AK,LIFR,0,0,0
PAHN,"Haines Arpt, AK, US",United States,AK,VFR,886,1591,55.69
PAHN,"Haines Arpt, AK, US",United States,AK,MVFR,591,1591,37.15
PAHN,"Haines Arpt, AK, US",United States,AK,IFR,114,1591,7.17
PAHN,"Haines Arpt, AK, US",United States,AK,LIFR,0,0,0
PAHO,"Homer Arpt, AK, US",United States,AK,VFR,690,1356,50.88
PAHO,"Homer Arpt, AK, US",United States,AK,MVFR,666,1356,49.12
PAHO,"Homer Arpt, AK, US",United States,AK,IFR,0,0,0
PAHO,"Homer Arpt, AK, US",United States,AK,LIFR,0,0,0
PAHX,"Shageluk Arpt, AK, US",United States,AK,VFR,1421,1916,74.16
PAHX,"Shageluk Arpt, AK, US",United States,AK,MVFR,495,1916,25.84
PAHX,"Shageluk Arpt, AK, US",United States,AK,IFR,0,0,0
PAHX,"Shageluk Arpt, AK, US",United States,AK,LIFR,0,0,0
PAIG,"Igiugig Arpt, AK, US",United States,AK,VFR,1510,1890,79.89
PAIG,"Igiugig Arpt, AK, US",United States,AK,MVFR,328,1890,17.35
PAIG,"Igiugig Arpt, AK, US",United States,AK,IFR,52,1890,2.75
PAIG,"Igiugig Arpt, AK, US",United States,AK,LIFR,0,0,0
PAII,"Egegik Arpt, AK, US",United States,AK,VFR,1520,1919,79.21
PAII,"Egegik Arpt, AK, US",United States,AK,IFR,173,1919,9.02
PAII,"Egegik Arpt, AK, US",United States,AK,MVFR,128,1919,6.67
PAII,"Egegik Arpt, AK, US",United States,AK,LIFR,98,1919,5.11
PAIL,"Iliamna Arpt, AK, US",United States,AK,VFR,872,1409,61.89
PAIL,"Iliamna Arpt, AK, US",United States,AK,MVFR,474,1409,33.64
PAIL,"Iliamna Arpt, AK, US",United States,AK,IFR,63,1409,4.47
PAIL,"Iliamna Arpt, AK, US",United States,AK,LIFR,0,0,0
PAIM,"Indian Mtn Arpt, AK, US",United States,AK,MVFR,1162,1657,70.13
PAIM,"Indian Mtn Arpt, AK, US",United States,AK,VFR,380,1657,22.93
PAIM,"Indian Mtn Arpt, AK, US",United States,AK,IFR,115,1657,6.94
PAIM,"Indian Mtn Arpt, AK, US",United States,AK,LIFR,0,0,0
PAIN,"McKinley Park Arpt, AK, US",United States,AK,VFR,1470,1470,100
PAIN,"McKinley Park Arpt, AK, US",United States,AK,IFR,0,0,0
PAIN,"McKinley Park Arpt, AK, US",United States,AK,LIFR,0,0,0
PAIN,"McKinley Park Arpt, AK, US",United States,AK,MVFR,0,0,0
PAIW,"Wales Arpt, AK, US",United States,AK,MVFR,1332,1890,70.48
PAIW,"Wales Arpt, AK, US",United States,AK,VFR,558,1890,29.52
PAIW,"Wales Arpt, AK, US",United States,AK,IFR,0,0,0
PAIW,"Wales Arpt, AK, US",United States,AK,LIFR,0,0,0
PAJN,"Juneau Intl, AK, US",United States,AK,VFR,1382,1878,73.59
PAJN,"Juneau Intl, AK, US",United States,AK,LIFR,255,1878,13.58
PAJN,"Juneau Intl, AK, US",United States,AK,IFR,241,1878,12.83
PAJN,"Juneau Intl, AK, US",United States,AK,MVFR,0,0,0
PAKF,"False Pass Arpt, AK, US",United States,AK,VFR,1490,1890,78.84
PAKF,"False Pass Arpt, AK, US",United States,AK,MVFR,400,1890,21.16
PAKF,"False Pass Arpt, AK, US",United States,AK,IFR,0,0,0
PAKF,"False Pass Arpt, AK, US",United States,AK,LIFR,0,0,0
PAKH,"Akhiok Arpt, AK, US",United States,AK,IFR,861,1890,45.56
PAKH,"Akhiok Arpt, AK, US",United States,AK,MVFR,566,1890,29.95
PAKH,"Akhiok Arpt, AK, US",United States,AK,VFR,463,1890,24.5
PAKH,"Akhiok Arpt, AK, US",United States,AK,LIFR,0,0,0
PAKI,"Kipnuk Arpt, AK, US",United States,AK,VFR,1620,1863,86.96
PAKI,"Kipnuk Arpt, AK, US",United States,AK,MVFR,243,1863,13.04
PAKI,"Kipnuk Arpt, AK, US",United States,AK,IFR,0,0,0
PAKI,"Kipnuk Arpt, AK, US",United States,AK,LIFR,0,0,0
PAKK,"Koyuk Arpt, AK, US",United States,AK,VFR,946,1898,49.84
PAKK,"Koyuk Arpt, AK, US",United States,AK,MVFR,889,1898,46.84
PAKK,"Koyuk Arpt, AK, US",United States,AK,IFR,63,1898,3.32
PAKK,"Koyuk Arpt, AK, US",United States,AK,LIFR,0,0,0
PAKN,"King Salmon Arpt, AK, US",United States,AK,VFR,1238,1890,65.5
PAKN,"King Salmon Arpt, AK, US",United States,AK,MVFR,431,1890,22.8
PAKN,"King Salmon Arpt, AK, US",United States,AK,IFR,221,1890,11.69
PAKN,"King Salmon Arpt, AK, US",United States,AK,LIFR,0,0,0
PAKP,"Anaktuvuk Pass Arpt, AK, US",United States,AK,VFR,1830,1890,96.83
PAKP,"Anaktuvuk Pass Arpt, AK, US",United States,AK,MVFR,60,1890,3.17
PAKP,"Anaktuvuk Pass Arpt, AK, US",United States,AK,IFR,0,0,0
PAKP,"Anaktuvuk Pass Arpt, AK, US",United States,AK,LIFR,0,0,0
PAKT,"Ketchikan Intl, AK, US",United States,AK,VFR,1918,1918,100
PAKT,"Ketchikan Intl, AK, US",United States,AK,IFR,0,0,0
PAKT,"Ketchikan Intl, AK, US",United States,AK,LIFR,0,0,0
PAKT,"Ketchikan Intl, AK, US",United States,AK,MVFR,0,0,0
PAKU,"Kuparuk Arpt, AK, US",United States,AK,VFR,1470,1470,100
PAKU,"Kuparuk Arpt, AK, US",United States,AK,IFR,0,0,0
PAKU,"Kuparuk Arpt, AK, US",United States,AK,LIFR,0,0,0
PAKU,"Kuparuk Arpt, AK, US",United States,AK,MVFR,0,0,0
PAKV,"Kaltag Arpt, AK, US",United States,AK,VFR,1540,1889,81.52
PAKV,"Kaltag Arpt, AK, US",United States,AK,MVFR,349,1889,18.48
PAKV,"Kaltag Arpt, AK, US",United States,AK,IFR,0,0,0
PAKV,"Kaltag Arpt, AK, US",United States,AK,LIFR,0,0,0
PAKW,"Klawock Arpt, AK, US",United States,AK,VFR,1286,1873,68.66
PAKW,"Klawock Arpt, AK, US",United States,AK,LIFR,402,1873,21.46
PAKW,"Klawock Arpt, AK, US",United States,AK,MVFR,185,1873,9.88
PAKW,"Klawock Arpt, AK, US",United States,AK,IFR,0,0,0
PALG,"Kalskag Arpt, AK, US",United States,AK,MVFR,1090,1927,56.56
PALG,"Kalskag Arpt, AK, US",United States,AK,VFR,784,1927,40.69
PALG,"Kalskag Arpt, AK, US",United States,AK,IFR,53,1927,2.75
PALG,"Kalskag Arpt, AK, US",United States,AK,LIFR,0,0,0
PALH,"Lake Hood, AK, US",United States,AK,VFR,1890,1890,100
PALH,"Lake Hood, AK, US",United States,AK,IFR,0,0,0
PALH,"Lake Hood, AK, US",United States,AK,LIFR,0,0,0
PALH,"Lake Hood, AK, US",United States,AK,MVFR,0,0,0
PALP,"Deadhorse/Alpine Arstrp, AK, US",United States,AK,VFR,1468,1468,100
PALP,"Deadhorse/Alpine Arstrp, AK, US",United States,AK,IFR,0,0,0
PALP,"Deadhorse/Alpine Arstrp, AK, US",United States,AK,LIFR,0,0,0
PALP,"Deadhorse/Alpine Arstrp, AK, US",United States,AK,MVFR,0,0,0
PALU,"Cape Lisburne Arpt, AK, US",United States,AK,MVFR,1209,1637,73.85
PALU,"Cape Lisburne Arpt, AK, US",United States,AK,IFR,428,1637,26.15
PALU,"Cape Lisburne Arpt, AK, US",United States,AK,LIFR,0,0,0
PALU,"Cape Lisburne Arpt, AK, US",United States,AK,VFR,0,0,0
PAMB,"Manokotak Arpt, AK, US",United States,AK,VFR,1144,1916,59.71
PAMB,"Manokotak Arpt, AK, US",United States,AK,IFR,450,1916,23.49
PAMB,"Manokotak Arpt, AK, US",United States,AK,MVFR,254,1916,13.26
PAMB,"Manokotak Arpt, AK, US",United States,AK,LIFR,68,1916,3.55
PAMC,"McGrath Arpt, AK, US",United States,AK,IFR,0,0,0
PAMC,"McGrath Arpt, AK, US",United States,AK,LIFR,0,0,0
PAMC,"McGrath Arpt, AK, US",United States,AK,MVFR,0,0,0
PAMC,"McGrath Arpt, AK, US",United States,AK,VFR,0,0,0
PAMD,"Middleton Isl Arpt, AK, US",United States,AK,MVFR,1063,1908,55.71
PAMD,"Middleton Isl Arpt, AK, US",United States,AK,IFR,505,1908,26.47
PAMD,"Middleton Isl Arpt, AK, US",United States,AK,VFR,198,1908,10.38
PAMD,"Middleton Isl Arpt, AK, US",United States,AK,LIFR,142,1908,7.44
PAMH,"Minchumina Arpt, AK, US",United States,AK,VFR,1608,1890,85.08
PAMH,"Minchumina Arpt, AK, US",United States,AK,MVFR,227,1890,12.01
PAMH,"Minchumina Arpt, AK, US",United States,AK,IFR,55,1890,2.91
PAMH,"Minchumina Arpt, AK, US",United States,AK,LIFR,0,0,0
PAMK,"St Michael Arpt, AK, US",United States,AK,VFR,1286,1891,68.01
PAMK,"St Michael Arpt, AK, US",United States,AK,MVFR,556,1891,29.4
PAMK,"St Michael Arpt, AK, US",United States,AK,IFR,49,1891,2.59
PAMK,"St Michael Arpt, AK, US",United States,AK,LIFR,0,0,0
PAMM,"Metlakatla, AK, US",United States,AK,IFR,0,0,0
PAMM,"Metlakatla, AK, US",United States,AK,LIFR,0,0,0
PAMM,"Metlakatla, AK, US",United States,AK,MVFR,0,0,0
PAMM,"Metlakatla, AK, US",United States,AK,VFR,0,0,0
PAMO,"Mountain Village Arpt, AK, US",United States,AK,MVFR,1265,1897,66.68
PAMO,"Mountain Village Arpt, AK, US",United States,AK,VFR,601,1897,31.68
PAMO,"Mountain Village Arpt, AK, US",United States,AK,IFR,31,1897,1.63
PAMO,"Mountain Village Arpt, AK, US",United States,AK,LIFR,0,0,0
PAMR,"Anchorage/Merrill Fld, AK, US",United States,AK,VFR,1890,1890,100
PAMR,"Anchorage/Merrill Fld, AK, US",United States,AK,IFR,0,0,0
PAMR,"Anchorage/Merrill Fld, AK, US",United States,AK,LIFR,0,0,0
PAMR,"Anchorage/Merrill Fld, AK, US",United States,AK,MVFR,0,0,0
PAMY,"Mekoryuk Arpt, AK, US",United States,AK,VFR,1795,1872,95.89
PAMY,"Mekoryuk Arpt, AK, US",United States,AK,MVFR,77,1872,4.11
PAMY,"Mekoryuk Arpt, AK, US",United States,AK,IFR,0,0,0
PAMY,"Mekoryuk Arpt, AK, US",United States,AK,LIFR,0,0,0
PANA,"Napakiak Arpt, AK, US",United States,AK,VFR,1264,1508,83.82
PANA,"Napakiak Arpt, AK, US",United States,AK,MVFR,184,1508,12.2
PANA,"Napakiak Arpt, AK, US",United States,AK,IFR,60,1508,3.98
PANA,"Napakiak Arpt, AK, US",United States,AK,LIFR,0,0,0
PANC,"Anchorage Intl, AK, US",United States,AK,VFR,1890,1890,100
PANC,"Anchorage Intl, AK, US",United States,AK,IFR,0,0,0
PANC,"Anchorage Intl, AK, US",United States,AK,LIFR,0,0,0
PANC,"Anchorage Intl, AK, US",United States,AK,MVFR,0,0,0
PANI,"Aniak Arpt, AK, US",United States,AK,MVFR,1011,1890,53.49
PANI,"Aniak Arpt, AK, US",United States,AK,VFR,810,1890,42.86
PANI,"Aniak Arpt, AK, US",United States,AK,IFR,69,1890,3.65
PANI,"Aniak Arpt, AK, US",United States,AK,LIFR,0,0,0
PANN,"Nenana Muni, AK, US",United States,AK,VFR,1519,1710,88.83
PANN,"Nenana Muni, AK, US",United States,AK,IFR,115,1710,6.73
PANN,"Nenana Muni, AK, US",United States,AK,MVFR,76,1710,4.44
PANN,"Nenana Muni, AK, US",United States,AK,LIFR,0,0,0
PANU,"Nulato Arpt, AK, US",United States,AK,VFR,1190,1890,62.96
PANU,"Nulato Arpt, AK, US",United States,AK,MVFR,469,1890,24.81
PANU,"Nulato Arpt, AK, US",United States,AK,IFR,201,1890,10.63
PANU,"Nulato Arpt, AK, US",United States,AK,LIFR,30,1890,1.59
PANV,"Anvik Arpt, AK, US",United States,AK,MVFR,964,1890,51.01
PANV,"Anvik Arpt, AK, US",United States,AK,VFR,838,1890,44.34
PANV,"Anvik Arpt, AK, US",United States,AK,IFR,88,1890,4.66
PANV,"Anvik Arpt, AK, US",United States,AK,LIFR,0,0,0
PANW,"New Stuyahok Arpt, AK, US",United States,AK,LIFR,839,1858,45.16
PANW,"New Stuyahok Arpt, AK, US",United States,AK,VFR,391,1858,21.04
PANW,"New Stuyahok Arpt, AK, US",United States,AK,IFR,356,1858,19.16
PANW,"New Stuyahok Arpt, AK, US",United States,AK,MVFR,272,1858,14.64
PAOH,"Hoonah, AK, US",United States,AK,IFR,1060,1879,56.41
PAOH,"Hoonah, AK, US",United States,AK,MVFR,508,1879,27.04
PAOH,"Hoonah, AK, US",United States,AK,VFR,267,1879,14.21
PAOH,"Hoonah, AK, US",United States,AK,LIFR,44,1879,2.34
PAOM,"Nome Arpt, AK, US",United States,AK,VFR,1008,1871,53.87
PAOM,"Nome Arpt, AK, US",United States,AK,MVFR,863,1871,46.13
PAOM,"Nome Arpt, AK, US",United States,AK,IFR,0,0,0
PAOM,"Nome Arpt, AK, US",United States,AK,LIFR,0,0,0
PAOO,"Tooksok Bay Arpt, AK, US",United States,AK,VFR,1726,1922,89.8
PAOO,"Tooksok Bay Arpt, AK, US",United States,AK,MVFR,196,1922,10.2
PAOO,"Tooksok Bay Arpt, AK, US",United States,AK,IFR,0,0,0
PAOO,"Tooksok Bay Arpt, AK, US",United States,AK,LIFR,0,0,0
PAOR,"Northway Arpt, AK, US",United States,AK,VFR,1890,1890,100
PAOR,"Northway Arpt, AK, US",United States,AK,IFR,0,0,0
PAOR,"Northway Arpt, AK, US",United States,AK,LIFR,0,0,0
PAOR,"Northway Arpt, AK, US",United States,AK,MVFR,0,0,0
PAOT,"Kotzebue/Wien Mem, AK, US",United States,AK,VFR,379,475,79.79
PAOT,"Kotzebue/Wien Mem, AK, US",United States,AK,MVFR,96,475,20.21
PAOT,"Kotzebue/Wien Mem, AK, US",United States,AK,IFR,0,0,0
PAOT,"Kotzebue/Wien Mem, AK, US",United States,AK,LIFR,0,0,0
PAOU,"Nelson Lagoon Arpt, AK, US",United States,AK,VFR,1276,1890,67.51
PAOU,"Nelson Lagoon Arpt, AK, US",United States,AK,MVFR,514,1890,27.2
PAOU,"Nelson Lagoon Arpt, AK, US",United States,AK,IFR,100,1890,5.29
PAOU,"Nelson Lagoon Arpt, AK, US",United States,AK,LIFR,0,0,0
PAPB,"St George Arpt, AK, US",United States,AK,VFR,1684,1890,89.1
PAPB,"St George Arpt, AK, US",United States,AK,MVFR,206,1890,10.9
PAPB,"St George Arpt, AK, US",United States,AK,IFR,0,0,0
PAPB,"St George Arpt, AK, US",United States,AK,LIFR,0,0,0
PAPE,"Perryville Arpt, AK, US",United States,AK,VFR,1177,1880,62.61
PAPE,"Perryville Arpt, AK, US",United States,AK,MVFR,591,1880,31.44
PAPE,"Perryville Arpt, AK, US",United States,AK,IFR,112,1880,5.96
PAPE,"Perryville Arpt, AK, US",United States,AK,LIFR,0,0,0
PAPG,"Petersburg Arpt, AK, US",United States,AK,LIFR,933,1871,49.87
PAPG,"Petersburg Arpt, AK, US",United States,AK,VFR,540,1871,28.86
PAPG,"Petersburg Arpt, AK, US",United States,AK,MVFR,389,1871,20.79
PAPG,"Petersburg Arpt, AK, US",United States,AK,IFR,9,1871,0.48
PAPH,"Port Heiden Arpt, AK, US",United States,AK,VFR,1111,1916,57.99
PAPH,"Port Heiden Arpt, AK, US",United States,AK,MVFR,584,1916,30.48
PAPH,"Port Heiden Arpt, AK, US",United States,AK,IFR,181,1916,9.45
PAPH,"Port Heiden Arpt, AK, US",United States,AK,LIFR,40,1916,2.09
PAPM,"Platinum Arpt, AK, US",United States,AK,VFR,1155,1890,61.11
PAPM,"Platinum Arpt, AK, US",United States,AK,MVFR,652,1890,34.5
PAPM,"Platinum Arpt, AK, US",United States,AK,IFR,83,1890,4.39
PAPM,"Platinum Arpt, AK, US",United States,AK,LIFR,0,0,0
PAPN,"Pilot Point Arpt, AK, US",United States,AK,VFR,813,1928,42.17
PAPN,"Pilot Point Arpt, AK, US",United States,AK,MVFR,812,1928,42.12
PAPN,"Pilot Point Arpt, AK, US",United States,AK,IFR,190,1928,9.85
PAPN,"Pilot Point Arpt, AK, US",United States,AK,LIFR,113,1928,5.86
PAPO,"Point Hope Arpt, AK, US",United States,AK,MVFR,1025,1575,65.08
PAPO,"Point Hope Arpt, AK, US",United States,AK,IFR,370,1575,23.49
PAPO,"Point Hope Arpt, AK, US",United States,AK,VFR,180,1575,11.43
PAPO,"Point Hope Arpt, AK, US",United States,AK,LIFR,0,0,0
PAQH,"Quinhagak Arpt, AK, US",United States,AK,VFR,1637,1890,86.61
PAQH,"Quinhagak Arpt, AK, US",United States,AK,MVFR,163,1890,8.62
PAQH,"Quinhagak Arpt, AK, US",United States,AK,LIFR,60,1890,3.17
PAQH,"Quinhagak Arpt, AK, US",United States,AK,IFR,30,1890,1.59
PAQT,"Nuiqsut Arpt, AK, US",United States,AK,VFR,1830,1830,100
PAQT,"Nuiqsut Arpt, AK, US",United States,AK,IFR,0,0,0
PAQT,"Nuiqsut Arpt, AK, US",United States,AK,LIFR,0,0,0
PAQT,"Nuiqsut Arpt, AK, US",United States,AK,MVFR,0,0,0
PARC,"Arctic Village Arpt, AK, US",United States,AK,VFR,1191,1863,63.93
PARC,"Arctic Village Arpt, AK, US",United States,AK,IFR,334,1863,17.93
PARC,"Arctic Village Arpt, AK, US",United States,AK,LIFR,179,1863,9.61
PARC,"Arctic Village Arpt, AK, US",United States,AK,MVFR,159,1863,8.53
PARS,"Russian Mission Arpt, AK, US",United States,AK,MVFR,977,1890,51.69
PARS,"Russian Mission Arpt, AK, US",United States,AK,VFR,913,1890,48.31
PARS,"Russian Mission Arpt, AK, US",United States,AK,IFR,0,0,0
PARS,"Russian Mission Arpt, AK, US",United States,AK,LIFR,0,0,0
PARY,"Ruby Arpt, AK, US",United States,AK,MVFR,1122,1926,58.26
PARY,"Ruby Arpt, AK, US",United States,AK,VFR,804,1926,41.74
PARY,"Ruby Arpt, AK, US",United States,AK,IFR,0,0,0
PARY,"Ruby Arpt, AK, US",United States,AK,LIFR,0,0,0
PASA,"Savoonga Arpt, AK, US",United States,AK,MVFR,944,1867,50.56
PASA,"Savoonga Arpt, AK, US",United States,AK,VFR,923,1867,49.44
PASA,"Savoonga Arpt, AK, US",United States,AK,IFR,0,0,0
PASA,"Savoonga Arpt, AK, US",United States,AK,LIFR,0,0,0
PASC,"Deadhorse Arpt, AK, US",United States,AK,VFR,1830,1890,96.83
PASC,"Deadhorse Arpt, AK, US",United States,AK,MVFR,60,1890,3.17
PASC,"Deadhorse Arpt, AK, US",United States,AK,IFR,0,0,0
PASC,"Deadhorse Arpt, AK, US",United States,AK,LIFR,0,0,0
PASD,"Sand Point Arpt, AK, US",United States,AK,VFR,802,1298,61.79
PASD,"Sand Point Arpt, AK, US",United States,AK,MVFR,381,1298,29.35
PASD,"Sand Point Arpt, AK, US",United States,AK,IFR,115,1298,8.86
PASD,"Sand Point Arpt, AK, US",United States,AK,LIFR,0,0,0
PASI,"Sitka/Gutierrez Arpt, AK, US",United States,AK,VFR,1758,1770,99.32
PASI,"Sitka/Gutierrez Arpt, AK, US",United States,AK,MVFR,12,1770,0.68
PASI,"Sitka/Gutierrez Arpt, AK, US",United States,AK,IFR,0,0,0
PASI,"Sitka/Gutierrez Arpt, AK, US",United States,AK,LIFR,0,0,0
PASK,"Selawik Arpt, AK, US",United States,AK,VFR,1508,1904,79.2
PASK,"Selawik Arpt, AK, US",United States,AK,MVFR,396,1904,20.8
PASK,"Selawik Arpt, AK, US",United States,AK,IFR,0,0,0
PASK,"Selawik Arpt, AK, US",United States,AK,LIFR,0,0,0
PASL,"Sleetmute Arpt, AK, US",United States,AK,VFR,1350,1830,73.77
PASL,"Sleetmute Arpt, AK, US",United States,AK,MVFR,464,1830,25.36
PASL,"Sleetmute Arpt, AK, US",United States,AK,IFR,16,1830,0.87
PASL,"Sleetmute Arpt, AK, US",United States,AK,LIFR,0,0,0
PASM,"St Marys Arpt, AK, US",United States,AK,MVFR,1201,1901,63.18
PASM,"St Marys Arpt, AK, US",United States,AK,VFR,643,1901,33.82
PASM,"St Marys Arpt, AK, US",United States,AK,IFR,57,1901,3
PASM,"St Marys Arpt, AK, US",United States,AK,LIFR,0,0,0
PASN,"St Paul Island Arpt, AK, US",United States,AK,VFR,1732,1890,91.64
PASN,"St Paul Island Arpt, AK, US",United States,AK,MVFR,158,1890,8.36
PASN,"St Paul Island Arpt, AK, US",United States,AK,IFR,0,0,0
PASN,"St Paul Island Arpt, AK, US",United States,AK,LIFR,0,0,0
PASO,"Seldovia Arpt, AK, US",United States,AK,VFR,1224,1890,64.76
PASO,"Seldovia Arpt, AK, US",United States,AK,MVFR,666,1890,35.24
PASO,"Seldovia Arpt, AK, US",United States,AK,IFR,0,0,0
PASO,"Seldovia Arpt, AK, US",United States,AK,LIFR,0,0,0
PASV,"Sparrevohn Arpt, AK, US",United States,AK,IFR,990,1650,60
PASV,"Sparrevohn Arpt, AK, US",United States,AK,MVFR,480,1650,29.09
PASV,"Sparrevohn Arpt, AK, US",United States,AK,VFR,180,1650,10.91
PASV,"Sparrevohn Arpt, AK, US",United States,AK,LIFR,0,0,0
PASX,"Soldotna Arpt, AK, US",United States,AK,VFR,1790,1890,94.71
PASX,"Soldotna Arpt, AK, US",United States,AK,MVFR,100,1890,5.29
PASX,"Soldotna Arpt, AK, US",United States,AK,IFR,0,0,0
PASX,"Soldotna Arpt, AK, US",United States,AK,LIFR,0,0,0
PASY,"Shemya/Eareckson Arpt, AK, US",United States,AK,VFR,1530,1650,92.73
PASY,"Shemya/Eareckson Arpt, AK, US",United States,AK,MVFR,120,1650,7.27
PASY,"Shemya/Eareckson Arpt, AK, US",United States,AK,IFR,0,0,0
PASY,"Shemya/Eareckson Arpt, AK, US",United States,AK,LIFR,0,0,0
PATA,"Tanana/Calhoun Mem, AK, US",United States,AK,VFR,1449,1925,75.27
PATA,"Tanana/Calhoun Mem, AK, US",United States,AK,MVFR,419,1925,21.77
PATA,"Tanana/Calhoun Mem, AK, US",United States,AK,IFR,57,1925,2.96
PATA,"Tanana/Calhoun Mem, AK, US",United States,AK,LIFR,0,0,0
PATG,"Togiak Arpt, AK, US",United States,AK,VFR,1278,1885,67.8
PATG,"Togiak Arpt, AK, US",United States,AK,MVFR,446,1885,23.66
PATG,"Togiak Arpt, AK, US",United States,AK,IFR,161,1885,8.54
PATG,"Togiak Arpt, AK, US",United States,AK,LIFR,0,0,0
PATK,"Talkeetna Arpt, AK, US",United States,AK,MVFR,972,1922,50.57
PATK,"Talkeetna Arpt, AK, US",United States,AK,VFR,810,1922,42.14
PATK,"Talkeetna Arpt, AK, US",United States,AK,IFR,140,1922,7.28
PATK,"Talkeetna Arpt, AK, US",United States,AK,LIFR,0,0,0
PATL,"Tatalina Arpt, AK, US",United States,AK,VFR,644,1650,39.03
PATL,"Tatalina Arpt, AK, US",United States,AK,MVFR,586,1650,35.52
PATL,"Tatalina Arpt, AK, US",United States,AK,IFR,420,1650,25.45
PATL,"Tatalina Arpt, AK, US",United States,AK,LIFR,0,0,0
PATQ,"Atqasuk/Burnell Mem, AK, US",United States,AK,VFR,1157,1917,60.35
PATQ,"Atqasuk/Burnell Mem, AK, US",United States,AK,MVFR,662,1917,34.53
PATQ,"Atqasuk/Burnell Mem, AK, US",United States,AK,IFR,98,1917,5.11
PATQ,"Atqasuk/Burnell Mem, AK, US",United States,AK,LIFR,0,0,0
PAUN,"Unalakleet Arpt, AK, US",United States,AK,VFR,1375,1870,73.53
PAUN,"Unalakleet Arpt, AK, US",United States,AK,MVFR,433,1870,23.16
PAUN,"Unalakleet Arpt, AK, US",United States,AK,IFR,62,1870,3.32
PAUN,"Unalakleet Arpt, AK, US",United States,AK,LIFR,0,0,0
PAVA,"Chevak Arpt, AK, US",United States,AK,VFR,1312,1903,68.94
PAVA,"Chevak Arpt, AK, US",United States,AK,MVFR,591,1903,31.06
PAVA,"Chevak Arpt, AK, US",United States,AK,IFR,0,0,0
PAVA,"Chevak Arpt, AK, US",United States,AK,LIFR,0,0,0
PAVC,"King Cove Arpt, AK, US",United States,AK,IFR,0,0,0
PAVC,"King Cove Arpt, AK, US",United States,AK,LIFR,0,0,0
PAVC,"King Cove Arpt, AK, US",United States,AK,MVFR,0,0,0
PAVC,"King Cove Arpt, AK, US",United States,AK,VFR,0,0,0
PAVD,"Valdez Arpt, AK, US",United States,AK,VFR,1122,1890,59.37
PAVD,"Valdez Arpt, AK, US",United States,AK,IFR,475,1890,25.13
PAVD,"Valdez Arpt, AK, US",United States,AK,MVFR,293,1890,15.5
PAVD,"Valdez Arpt, AK, US",United States,AK,LIFR,0,0,0
PAVL,"Kivalina Arpt, AK, US",United States,AK,IFR,0,0,0
PAVL,"Kivalina Arpt, AK, US",United States,AK,LIFR,0,0,0
PAVL,"Kivalina Arpt, AK, US",United States,AK,MVFR,0,0,0
PAVL,"Kivalina Arpt, AK, US",United States,AK,VFR,0,0,0
PAWD,"Seward Arpt, AK, US",United States,AK,VFR,953,1867,51.04
PAWD,"Seward Arpt, AK, US",United States,AK,MVFR,655,1867,35.08
PAWD,"Seward Arpt, AK, US",United States,AK,IFR,259,1867,13.87
PAWD,"Seward Arpt, AK, US",United States,AK,LIFR,0,0,0
PAWG,"Wrangell Arpt, AK, US",United States,AK,VFR,1049,1890,55.5
PAWG,"Wrangell Arpt, AK, US",United States,AK,IFR,342,1890,18.1
PAWG,"Wrangell Arpt, AK, US",United States,AK,LIFR,262,1890,13.86
PAWG,"Wrangell Arpt, AK, US",United States,AK,MVFR,237,1890,12.54
PAWM,"White Mouintain Arpt, AK, US",United States,AK,MVFR,1015,1909,53.17
PAWM,"White Mouintain Arpt, AK, US",United States,AK,VFR,889,1909,46.57
PAWM,"White Mouintain Arpt, AK, US",United States,AK,IFR,5,1909,0.26
PAWM,"White Mouintain Arpt, AK, US",United States,AK,LIFR,0,0,0
PAWN,"Noatak Arpt, AK, US",United States,AK,MVFR,1042,1590,65.53
PAWN,"Noatak Arpt, AK, US",United States,AK,VFR,494,1590,31.07
PAWN,"Noatak Arpt, AK, US",United States,AK,IFR,54,1590,3.4
PAWN,"Noatak Arpt, AK, US",United States,AK,LIFR,0,0,0
PAWS,"Wasilla Arpt, AK, US",United States,AK,VFR,1890,1890,100
PAWS,"Wasilla Arpt, AK, US",United States,AK,IFR,0,0,0
PAWS,"Wasilla Arpt, AK, US",United States,AK,LIFR,0,0,0
PAWS,"Wasilla Arpt, AK, US",United States,AK,MVFR,0,0,0
PAYA,"Yakutat Arpt, AK, US",United States,AK,MVFR,1053,1872,56.25
PAYA,"Yakutat Arpt, AK, US",United States,AK,VFR,765,1872,40.87
PAYA,"Yakutat Arpt, AK, US",United States,AK,LIFR,29,1872,1.55
PAYA,"Yakutat Arpt, AK, US",United States,AK,IFR,25,1872,1.34
PFCB,"Chenega Bay Arpt, AK, US",United States,AK,MVFR,1220,1890,64.55
PFCB,"Chenega Bay Arpt, AK, US",United States,AK,IFR,460,1890,24.34
PFCB,"Chenega Bay Arpt, AK, US",United States,AK,LIFR,190,1890,10.05
PFCB,"Chenega Bay Arpt, AK, US",United States,AK,VFR,20,1890,1.06
PFCL,"Clarks Point Arpt, AK, US",United States,AK,VFR,1288,1890,68.15
PFCL,"Clarks Point Arpt, AK, US",United States,AK,IFR,351,1890,18.57
PFCL,"Clarks Point Arpt, AK, US",United States,AK,MVFR,251,1890,13.28
PFCL,"Clarks Point Arpt, AK, US",United States,AK,LIFR,0,0,0
PFEL,"Elim Arpt, AK, US",United States,AK,VFR,959,1909,50.24
PFEL,"Elim Arpt, AK, US",United States,AK,MVFR,950,1909,49.76
PFEL,"Elim Arpt, AK, US",United States,AK,IFR,0,0,0
PFEL,"Elim Arpt, AK, US",United States,AK,LIFR,0,0,0
PFKO,"Kotlik Arpt, AK, US",United States,AK,VFR,1110,1863,59.58
PFKO,"Kotlik Arpt, AK, US",United States,AK,MVFR,753,1863,40.42
PFKO,"Kotlik Arpt, AK, US",United States,AK,IFR,0,0,0
PFKO,"Kotlik Arpt, AK, US",United States,AK,LIFR,0,0,0
PFNO,"Noorvik/Curtis Mem, AK, US",United States,AK,VFR,1141,1911,59.71
PFNO,"Noorvik/Curtis Mem, AK, US",United States,AK,MVFR,770,1911,40.29
PFNO,"Noorvik/Curtis Mem, AK, US",United States,AK,IFR,0,0,0
PFNO,"Noorvik/Curtis Mem, AK, US",United States,AK,LIFR,0,0,0
PFSH,"Shaktoolik Arpt, AK, US",United States,AK,MVFR,935,1888,49.52
PFSH,"Shaktoolik Arpt, AK, US",United States,AK,VFR,905,1888,47.93
PFSH,"Shaktoolik Arpt, AK, US",United States,AK,IFR,48,1888,2.54
PFSH,"Shaktoolik Arpt, AK, US",United States,AK,LIFR,0,0,0
PFTO,"Tok Junction Arpt, AK, US",United States,AK,VFR,1808,1830,98.8
PFTO,"Tok Junction Arpt, AK, US",United States,AK,MVFR,22,1830,1.2
PFTO,"Tok Junction Arpt, AK, US",United States,AK,IFR,0,0,0
PFTO,"Tok Junction Arpt, AK, US",United States,AK,LIFR,0,0,0
PFWS,"South Naknek Arpt, AK, US",United States,AK,VFR,1380,1890,73.02
PFWS,"South Naknek Arpt, AK, US",United States,AK,IFR,235,1890,12.43
PFWS,"South Naknek Arpt, AK, US",United States,AK,MVFR,210,1890,11.11
PFWS,"South Naknek Arpt, AK, US",United States,AK,LIFR,65,1890,3.44
PFYU,"Fort Yukon Arpt, AK, US",United States,AK,VFR,1643,1890,86.93
PFYU,"Fort Yukon Arpt, AK, US",United States,AK,MVFR,240,1890,12.7
PFYU,"Fort Yukon Arpt, AK, US",United States,AK,IFR,7,1890,0.37
PFYU,"Fort Yukon Arpt, AK, US",United States,AK,LIFR,0,0,0
PHBK,"Kekaha/Barking Sands Arpt, HI, US",United States,HI,VFR,1811,1890,95.82
PHBK,"Kekaha/Barking Sands Arpt, HI, US",United States,HI,MVFR,79,1890,4.18
PHBK,"Kekaha/Barking Sands Arpt, HI, US",United States,HI,IFR,0,0,0
PHBK,"Kekaha/Barking Sands Arpt, HI, US",United States,HI,LIFR,0,0,0
PHHI,"Wheeler, HI, US",United States,HI,VFR,1468,1650,88.97
PHHI,"Wheeler, HI, US",United States,HI,MVFR,182,1650,11.03
PHHI,"Wheeler, HI, US",United States,HI,IFR,0,0,0
PHHI,"Wheeler, HI, US",United States,HI,LIFR,0,0,0
PHJR,"Kalaeloa Arpt, HI, US",United States,HI,VFR,1757,1890,92.96
PHJR,"Kalaeloa Arpt, HI, US",United States,HI,MVFR,133,1890,7.04
PHJR,"Kalaeloa Arpt, HI, US",United States,HI,IFR,0,0,0
PHJR,"Kalaeloa Arpt, HI, US",United States,HI,LIFR,0,0,0
PHKO,"Keahole Point/Kona Intl, HI, US",United States,HI,VFR,1823,1890,96.46
PHKO,"Keahole Point/Kona Intl, HI, US",United States,HI,MVFR,67,1890,3.54
PHKO,"Keahole Point/Kona Intl, HI, US",United States,HI,IFR,0,0,0
PHKO,"Keahole Point/Kona Intl, HI, US",United States,HI,LIFR,0,0,0
PHLI,"Lihue Arpt, HI, US",United States,HI,VFR,1591,1916,83.04
PHLI,"Lihue Arpt, HI, US",United States,HI,MVFR,276,1916,14.41
PHLI,"Lihue Arpt, HI, US",United States,HI,IFR,49,1916,2.56
PHLI,"Lihue Arpt, HI, US",United States,HI,LIFR,0,0,0
PHMK,"Molokai Arpt, HI, US",United States,HI,VFR,1770,1890,93.65
PHMK,"Molokai Arpt, HI, US",United States,HI,MVFR,98,1890,5.19
PHMK,"Molokai Arpt, HI, US",United States,HI,IFR,22,1890,1.16
PHMK,"Molokai Arpt, HI, US",United States,HI,LIFR,0,0,0
PHNG,"Kaneohe Bay , HI, US",United States,HI,VFR,570,570,100
PHNG,"Kaneohe Bay , HI, US",United States,HI,IFR,0,0,0
PHNG,"Kaneohe Bay , HI, US",United States,HI,LIFR,0,0,0
PHNG,"Kaneohe Bay , HI, US",United States,HI,MVFR,0,0,0
PHNL,"Honolulu Intl, HI, US",United States,HI,VFR,1890,1890,100
PHNL,"Honolulu Intl, HI, US",United States,HI,IFR,0,0,0
PHNL,"Honolulu Intl, HI, US",United States,HI,LIFR,0,0,0
PHNL,"Honolulu Intl, HI, US",United States,HI,MVFR,0,0,0
PHNY,"Lanai Arpt, HI, US",United States,HI,VFR,1268,1900,66.74
PHNY,"Lanai Arpt, HI, US",United States,HI,MVFR,358,1900,18.84
PHNY,"Lanai Arpt, HI, US",United States,HI,IFR,274,1900,14.42
PHNY,"Lanai Arpt, HI, US",United States,HI,LIFR,0,0,0
PHOG,"Kahului Arpt, HI, US",United States,HI,VFR,1890,1890,100
PHOG,"Kahului Arpt, HI, US",United States,HI,IFR,0,0,0
PHOG,"Kahului Arpt, HI, US",United States,HI,LIFR,0,0,0
PHOG,"Kahului Arpt, HI, US",United States,HI,MVFR,0,0,0
PHSF,"Bradshaw, HI, US",United States,HI,VFR,1150,1630,70.55
PHSF,"Bradshaw, HI, US",United States,HI,MVFR,230,1630,14.11
PHSF,"Bradshaw, HI, US",United States,HI,IFR,220,1630,13.5
PHSF,"Bradshaw, HI, US",United States,HI,LIFR,30,1630,1.84
PHTO,"Hilo Intl, HI, US",United States,HI,VFR,1890,1890,100
PHTO,"Hilo Intl, HI, US",United States,HI,IFR,0,0,0
PHTO,"Hilo Intl, HI, US",United States,HI,LIFR,0,0,0
PHTO,"Hilo Intl, HI, US",United States,HI,MVFR,0,0,0
