country,flight_category,minutes,total,pct
Canada,VFR,96812,114182,84.79
Canada,MVFR,11548,114182,10.11
Canada,IFR,4072,114182,3.57
Canada,LIFR,1750,114182,1.53
United States,VFR,1249559.1333333333,1363235.5666666667,91.66
United States,MVFR,69074,1363235.5666666667,5.07
United States,IFR,29142.433333333334,1363235.5666666667,2.14
United States,LIFR,15460,1363235.5666666667,1.13
