country,flight_category,minutes,total,pct
Canada,VFR,440481,597459,73.73
Canada,MVFR,95525,597459,15.99
Canada,IFR,35427,597459,5.93
Canada,LIFR,26026,597459,4.36
United States,VFR,5566938.383333334,6368114.783333334,87.42
United States,MVFR,466035.7166666667,6368114.783333334,7.32
United States,IFR,195130.68333333332,6368114.783333334,3.06
United States,LIFR,140010,6368114.783333334,2.2
