country,flight_category,minutes,total,pct
Canada,VFR,326910,431909,75.69
Canada,MVFR,61316,431909,14.2
Canada,IFR,25061,431909,5.8
Canada,LIFR,18622,431909,4.31
United States,VFR,4231298.35,4805848.75,88.04
United States,MVFR,329823.7166666667,4805848.75,6.86
United States,IFR,145206.68333333332,4805848.75,3.02
United States,LIFR,99520,4805848.75,2.07
