country,flight_category,minutes,total,pct
Canada,VFR,436914,598440,73.01
Canada,MVFR,98819,598440,16.51
Canada,IFR,36243,598440,6.06
Canada,LIFR,26464,598440,4.42
United States,VFR,5546810.283333333,6385208.766666667,86.87
United States,MVFR,480734.23333333334,6385208.766666667,7.53
United States,IFR,205313.25,6385208.766666667,3.22
United States,LIFR,152351,6385208.766666667,2.39
