country,flight_category,minutes,total,pct
Canada,VFR,95243,116499,81.75
Canada,MVFR,12023,116499,10.32
Canada,LIFR,4890,116499,4.2
Canada,IFR,4343,116499,3.73
United States,VFR,1375592.0333333334,1455203.0333333334,94.53
United States,MVFR,48954,1455203.0333333334,3.36
United States,IFR,17362,1455203.0333333334,1.19
United States,LIFR,13295,1455203.0333333334,0.91
