country,flight_category,minutes,total,pct
Canada,VFR,364032,489457,74.37
Canada,MVFR,70926,489457,14.49
Canada,IFR,30926,489457,6.32
Canada,LIFR,23573,489457,4.82
United States,VFR,4709684.35,5401055.75,87.2
United States,MVFR,387151.7166666667,5401055.75,7.17
United States,IFR,174940.68333333332,5401055.75,3.24
United States,LIFR,129279,5401055.75,2.39
