country,flight_category,minutes,total,pct
Canada,VFR,356012,462057,77.05
Canada,MVFR,54325,462057,11.76
Canada,LIFR,28292,462057,6.12
Canada,IFR,23428,462057,5.07
United States,VFR,4825894.733333333,5177230.9,93.21
United States,MVFR,188140.08333333334,5177230.9,3.63
United States,LIFR,90557,5177230.9,1.75
United States,IFR,72639.08333333333,5177230.9,1.4
