country,flight_category,minutes,total,pct
Canada,VFR,138822,184109,75.4
Canada,MVFR,21245,184109,11.54
Canada,LIFR,14272,184109,7.75
Canada,IFR,9770,184109,5.31
United States,VFR,2072070.1833333333,2238504.1833333336,92.56
United States,MVFR,89259,2238504.1833333336,3.99
United States,LIFR,44078,2238504.1833333336,1.97
United States,IFR,33097,2238504.1833333336,1.48
