country,flight_category,minutes,total,pct
Canada,VFR,88793,103837,85.51
Canada,MVFR,10449,103837,10.06
Canada,IFR,3300,103837,3.18
Canada,LIFR,1295,103837,1.25
United States,VFR,1136891.9666666666,1231415.4,92.32
United States,MVFR,59410,1231415.4,4.82
United States,IFR,23737.433333333334,1231415.4,1.93
United States,LIFR,11376,1231415.4,0.92
