country,flight_category,minutes,total,pct
Canada,VFR,273368,349287,78.26
Canada,MVFR,45881,349287,13.14
Canada,IFR,18019,349287,5.16
Canada,LIFR,12019,349287,3.44
United States,VFR,3173940.5166666666,3719524.1166666667,85.33
United States,MVFR,277542.6,3719524.1166666667,7.46
United States,IFR,144317,3719524.1166666667,3.88
United States,LIFR,123724,3719524.1166666667,3.33
