country,flight_category,minutes,total,pct
Canada,VFR,284538,368229,77.27
Canada,MVFR,50873,368229,13.82
Canada,IFR,18724,368229,5.08
Canada,LIFR,14094,368229,3.83
United States,VFR,3547705.716666667,3977686.8666666667,89.19
United States,MVFR,253581.71666666667,3977686.8666666667,6.38
United States,IFR,112032.43333333333,3977686.8666666667,2.82
United States,LIFR,64367,3977686.8666666667,1.62
