country,flight_category,minutes,total,pct
Canada,VFR,248274,332874,74.58
Canada,MVFR,41750,332874,12.54
Canada,LIFR,24005,332874,7.21
Canada,IFR,18845,332874,5.66
United States,VFR,3380897.183333333,3626540.183333333,93.23
United States,MVFR,138923,3626540.183333333,3.83
United States,LIFR,58536,3626540.183333333,1.61
United States,IFR,48184,3626540.183333333,1.33
