country,flight_category,minutes,total,pct
Canada,VFR,398876,521693,76.46
Canada,MVFR,63562,521693,12.18
Canada,LIFR,32392,521693,6.21
Canada,IFR,26863,521693,5.15
United States,VFR,5377147.966666667,5789285.133333334,92.88
United States,MVFR,221789.08333333334,5789285.133333334,3.83
United States,LIFR,106500,5789285.133333334,1.84
United States,IFR,83848.08333333333,5789285.133333334,1.45
