country,flight_category,minutes,total,pct
Canada,VFR,346825,450970,76.91
Canada,MVFR,53269,450970,11.81
Canada,LIFR,27780,450970,6.16
Canada,IFR,23096,450970,5.12
United States,VFR,4734104.8,5073786.966666667,93.31
United States,MVFR,182770.08333333334,5073786.966666667,3.6
United States,LIFR,86474,5073786.966666667,1.7
United States,IFR,70438.08333333333,5073786.966666667,1.39
