country,flight_category,minutes,total,pct
Canada,VFR,80604,93647,86.07
Canada,MVFR,9358,93647,9.99
Canada,IFR,2602,93647,2.78
Canada,LIFR,1083,93647,1.16
United States,VFR,1023055.9833333333,1102429.3166666667,92.8
United States,MVFR,50831,1102429.3166666667,4.61
United States,IFR,20121.333333333332,1102429.3166666667,1.83
United States,LIFR,8421,1102429.3166666667,0.76
