country,flight_category,minutes,total,pct
Canada,VFR,260872,337707,77.25
Canada,MVFR,45831,337707,13.57
Canada,IFR,17297,337707,5.12
Canada,LIFR,13707,337707,4.06
United States,VFR,3309673.9166666665,3710417.3499999996,89.2
United States,MVFR,235049,3710417.3499999996,6.33
United States,IFR,105251.43333333333,3710417.3499999996,2.84
United States,LIFR,60443,3710417.3499999996,1.63
