country,flight_category,minutes,total,pct
Canada,VFR,172933,225737,76.61
Canada,MVFR,25028,225737,11.09
Canada,LIFR,14829,225737,6.57
Canada,IFR,12947,225737,5.74
United States,VFR,2305743.033333333,2544468.033333333,90.62
United States,MVFR,126503,2544468.033333333,4.97
United States,LIFR,60844,2544468.033333333,2.39
United States,IFR,51378,2544468.033333333,2.02
