country,flight_category,minutes,total,pct
Canada,VFR,180439,232593,77.58
Canada,MVFR,28683,232593,12.33
Canada,IFR,12794,232593,5.5
Canada,LIFR,10677,232593,4.59
United States,VFR,2233983.95,2516782.3833333333,88.76
United States,MVFR,157606,2516782.3833333333,6.26
United States,IFR,73946.43333333333,2516782.3833333333,2.94
United States,LIFR,51246,2516782.3833333333,2.04
