country,flight_category,minutes,total,pct
Canada,VFR,211972,276924,76.55
Canada,MVFR,32631,276924,11.78
Canada,LIFR,16530,276924,5.97
Canada,IFR,15791,276924,5.7
United States,VFR,2842992.033333333,3125151.033333333,90.97
United States,MVFR,158971,3125151.033333333,5.09
United States,LIFR,64053,3125151.033333333,2.05
United States,IFR,59135,3125151.033333333,1.89
