country,flight_category,minutes,total,pct
Canada,VFR,400005,545065,73.39
Canada,MVFR,85115,545065,15.62
Canada,IFR,34326,545065,6.3
Canada,LIFR,25619,545065,4.7
United States,VFR,5175576.4,5939449.800000001,87.14
United States,MVFR,437554.7166666667,5939449.800000001,7.37
United States,IFR,188682.68333333332,5939449.800000001,3.18
United States,LIFR,137636,5939449.800000001,2.32
