country,flight_category,minutes,total,pct
Canada,VFR,409677,558470,73.36
Canada,MVFR,88283,558470,15.81
Canada,IFR,34661,558470,6.21
Canada,LIFR,25849,558470,4.63
United States,VFR,5212414.366666666,5981578.766666667,87.14
United States,MVFR,441233.7166666667,5981578.766666667,7.38
United States,IFR,189932.68333333332,5981578.766666667,3.18
United States,LIFR,137998,5981578.766666667,2.31
