country,flight_category,minutes,total,pct
Canada,VFR,44713,54428,82.15
Canada,MVFR,6022,54428,11.06
Canada,LIFR,2195,54428,4.03
Canada,IFR,1498,54428,2.75
United States,VFR,566829.0333333333,590482.0333333333,95.99
United States,MVFR,16881,590482.0333333333,2.86
United States,IFR,5520,590482.0333333333,0.93
United States,LIFR,1252,590482.0333333333,0.21
