country,flight_category,minutes,total,pct
Canada,VFR,64222,74341,86.39
Canada,MVFR,7395,74341,9.95
Canada,IFR,1984,74341,2.67
Canada,LIFR,740,74341,1
United States,VFR,810418,867054.3333333334,93.47
United States,MVFR,37823,867054.3333333334,4.36
United States,IFR,14222.333333333334,867054.3333333334,1.64
United States,LIFR,4591,867054.3333333334,0.53
