country,flight_category,minutes,total,pct
Canada,VFR,366450,476412,76.92
Canada,MVFR,56566,476412,11.87
Canada,LIFR,29486,476412,6.19
Canada,IFR,23910,476412,5.02
United States,VFR,4942924.883333334,5313626.050000001,93.02
United States,MVFR,197016.08333333334,5313626.050000001,3.71
United States,LIFR,97357,5313626.050000001,1.83
United States,IFR,76328.08333333333,5313626.050000001,1.44
