country,flight_category,minutes,total,pct
Canada,VFR,274100,350676,78.16
Canada,MVFR,46223,350676,13.18
Canada,IFR,18137,350676,5.17
Canada,LIFR,12216,350676,3.48
United States,VFR,3196348.5166666666,3747782.1166666667,85.29
United States,MVFR,280292.6,3747782.1166666667,7.48
United States,IFR,146089,3747782.1166666667,3.9
United States,LIFR,125052,3747782.1166666667,3.34
