country,flight_category,minutes,total,pct
Canada,VFR,186087,253956,73.28
Canada,MVFR,30995,253956,12.2
Canada,LIFR,22106,253956,8.7
Canada,IFR,14768,253956,5.82
United States,VFR,2661887.183333333,2875639.183333333,92.57
United States,MVFR,114881,2875639.183333333,3.99
United States,LIFR,55371,2875639.183333333,1.93
United States,IFR,43500,2875639.183333333,1.51
