country,flight_category,minutes,total,pct
Canada,VFR,210804,274840,76.7
Canada,MVFR,36634,274840,13.33
Canada,IFR,15103,274840,5.5
Canada,LIFR,12299,274840,4.47
United States,VFR,2612201.1,2942621.533333333,88.77
United States,MVFR,189562,2942621.533333333,6.44
United States,IFR,85383.43333333333,2942621.533333333,2.9
United States,LIFR,55475,2942621.533333333,1.89
