country,flight_category,minutes,total,pct
Canada,VFR,231120,301194,76.73
Canada,MVFR,41149,301194,13.66
Canada,IFR,15823,301194,5.25
Canada,LIFR,13102,301194,4.35
United States,VFR,2851113.966666667,3206701.4,88.91
United States,MVFR,206035,3206701.4,6.43
United States,IFR,92652.43333333333,3206701.4,2.89
United States,LIFR,56900,3206701.4,1.77
