country,flight_category,minutes,total,pct
Canada,VFR,220902,288288,76.63
Canada,MVFR,39135,288288,13.57
Canada,IFR,15437,288288,5.35
Canada,LIFR,12814,288288,4.44
United States,VFR,2731525.9833333334,3075054.4166666665,88.83
United States,MVFR,197990,3075054.4166666665,6.44
United States,IFR,89180.43333333333,3075054.4166666665,2.9
United States,LIFR,56358,3075054.4166666665,1.83
