country,flight_category,minutes,total,pct
Canada,VFR,263646,337287,78.17
Canada,MVFR,44608,337287,13.23
Canada,IFR,17392,337287,5.16
Canada,LIFR,11641,337287,3.45
United States,VFR,3116053.5166666666,3651174.1166666667,85.34
United States,MVFR,272452.6,3651174.1166666667,7.46
United States,IFR,140924,3651174.1166666667,3.86
United States,LIFR,121744,3651174.1166666667,3.33
