country,flight_category,minutes,total,pct
Canada,VFR,151922,190922,79.57
Canada,MVFR,22002,190922,11.52
Canada,IFR,9390,190922,4.92
Canada,LIFR,7608,190922,3.98
United States,VFR,1919705.15,2160834.583333333,88.84
United States,MVFR,131596,2160834.583333333,6.09
United States,IFR,63810.433333333334,2160834.583333333,2.95
United States,LIFR,45723,2160834.583333333,2.12
