country,flight_category,minutes,total,pct
Canada,VFR,320793,418704,76.62
Canada,MVFR,49680,418704,11.87
Canada,LIFR,26246,418704,6.27
Canada,IFR,21985,418704,5.25
United States,VFR,4383132.666666667,4679157.266666667,93.67
United States,MVFR,164327.08333333334,4679157.266666667,3.51
United States,LIFR,71220,4679157.266666667,1.52
United States,IFR,60477.51666666667,4679157.266666667,1.29
