country,flight_category,minutes,total,pct
Canada,VFR,176370,239018,73.79
Canada,MVFR,28234,239018,11.81
Canada,LIFR,20872,239018,8.73
Canada,IFR,13542,239018,5.67
United States,VFR,2470913.183333333,2673258.183333333,92.43
United States,MVFR,107571,2673258.183333333,4.02
United States,LIFR,53447,2673258.183333333,2
United States,IFR,41327,2673258.183333333,1.55
