country,flight_category,minutes,total,pct
Canada,VFR,428466,562084,76.23
Canada,MVFR,71187,562084,12.66
Canada,LIFR,33518,562084,5.96
Canada,IFR,28913,562084,5.14
United States,VFR,5674147.9,6104574.066666667,92.95
United States,MVFR,235860.08333333334,6104574.066666667,3.86
United States,LIFR,108457,6104574.066666667,1.78
United States,IFR,86109.08333333333,6104574.066666667,1.41
