country,flight_category,minutes,total,pct
Canada,VFR,320712,418268,76.68
Canada,MVFR,49550,418268,11.85
Canada,LIFR,26160,418268,6.25
Canada,IFR,21846,418268,5.22
United States,VFR,4355849.666666667,4648011.266666667,93.71
United States,MVFR,162920.08333333334,4648011.266666667,3.51
United States,LIFR,69927,4648011.266666667,1.5
United States,IFR,59314.51666666667,4648011.266666667,1.28
