country,flight_category,minutes,total,pct
Canada,VFR,449385,589176,76.27
Canada,MVFR,75865,589176,12.88
Canada,LIFR,34021,589176,5.77
Canada,IFR,29905,589176,5.08
United States,VFR,5926324.75,6372658.916666667,93
United States,MVFR,246967.08333333334,6372658.916666667,3.88
United States,LIFR,109447,6372658.916666667,1.72
United States,IFR,89920.08333333333,6372658.916666667,1.41
