country,flight_category,minutes,total,pct
Canada,VFR,158338,212636,74.46
Canada,MVFR,24513,212636,11.53
Canada,LIFR,18177,212636,8.55
Canada,IFR,11608,212636,5.46
United States,VFR,2259252.183333333,2444935.183333333,92.41
United States,MVFR,97948,2444935.183333333,4.01
United States,LIFR,50154,2444935.183333333,2.05
United States,IFR,37581,2444935.183333333,1.54
