country,flight_category,minutes,total,pct
Canada,VFR,62318,75782,82.23
Canada,MVFR,7864,75782,10.38
Canada,LIFR,3207,75782,4.23
Canada,IFR,2393,75782,3.16
United States,VFR,822430.0333333333,857456.0333333333,95.92
United States,MVFR,24144,857456.0333333333,2.82
United States,IFR,8090,857456.0333333333,0.94
United States,LIFR,2792,857456.0333333333,0.33
