country,flight_category,minutes,total,pct
Canada,VFR,304504,398445,76.42
Canada,MVFR,47504,398445,11.92
Canada,LIFR,25217,398445,6.33
Canada,IFR,21220,398445,5.33
United States,VFR,4122252.433333333,4397010.516666667,93.75
United States,MVFR,155538.08333333334,4397010.516666667,3.54
United States,LIFR,64227,4397010.516666667,1.46
United States,IFR,54993,4397010.516666667,1.25
