country,flight_category,minutes,total,pct
Canada,VFR,326634,430901,75.8
Canada,MVFR,61084,430901,14.18
Canada,IFR,24783,430901,5.75
Canada,LIFR,18400,430901,4.27
United States,VFR,4210430.5,4775110.9,88.17
United States,MVFR,325465.7166666667,4775110.9,6.82
United States,IFR,142818.68333333332,4775110.9,2.99
United States,LIFR,96396,4775110.9,2.02
