country,flight_category,minutes,total,pct
Canada,VFR,120674,156669,77.02
Canada,MVFR,18655,156669,11.91
Canada,LIFR,9319,156669,5.95
Canada,IFR,8021,156669,5.12
United States,VFR,1770227.1833333333,1890462.1833333333,93.64
United States,MVFR,66457,1890462.1833333333,3.52
United States,LIFR,29643,1890462.1833333333,1.57
United States,IFR,24135,1890462.1833333333,1.28
