country,flight_category,minutes,total,pct
Canada,VFR,53819,65495,82.17
Canada,MVFR,7128,65495,10.88
Canada,LIFR,2632,65495,4.02
Canada,IFR,1916,65495,2.93
United States,VFR,737536.0333333333,767781.0333333333,96.06
United States,MVFR,21429,767781.0333333333,2.79
United States,IFR,6864,767781.0333333333,0.89
United States,LIFR,1952,767781.0333333333,0.25
