country,flight_category,minutes,total,pct
Canada,VFR,430570,585276,73.57
Canada,MVFR,93589,585276,15.99
Canada,IFR,35106,585276,6
Canada,LIFR,26011,585276,4.44
United States,VFR,5440050.366666666,6230424.766666667,87.31
United States,MVFR,457802.7166666667,6230424.766666667,7.35
United States,IFR,193179.68333333332,6230424.766666667,3.1
United States,LIFR,139392,6230424.766666667,2.24
