country,flight_category,minutes,total,pct
Canada,VFR,78563,95389,82.36
Canada,MVFR,9795,95389,10.27
Canada,LIFR,3961,95389,4.15
Canada,IFR,3070,95389,3.22
United States,VFR,1027592.0333333333,1074411.0333333332,95.64
United States,MVFR,31395,1074411.0333333332,2.92
United States,IFR,10719,1074411.0333333332,1
United States,LIFR,4705,1074411.0333333332,0.44
