country,flight_category,minutes,total,pct
Canada,VFR,268862,356561,75.4
Canada,MVFR,43891,356561,12.31
Canada,LIFR,24135,356561,6.77
Canada,IFR,19673,356561,5.52
United States,VFR,3637385.433333333,3891247.433333333,93.48
United States,MVFR,144659,3891247.433333333,3.72
United States,LIFR,59368,3891247.433333333,1.53
United States,IFR,49835,3891247.433333333,1.28
