country,flight_category,minutes,total,pct
Canada,VFR,126880,158641,79.98
Canada,MVFR,16308,158641,10.28
Canada,LIFR,8302,158641,5.23
Canada,IFR,7151,158641,4.51
United States,VFR,1730912.0333333334,1873386.0333333334,92.39
United States,MVFR,79040,1873386.0333333334,4.22
United States,LIFR,34667,1873386.0333333334,1.85
United States,IFR,28767,1873386.0333333334,1.54
