country,flight_category,minutes,total,pct
Canada,VFR,295741,387964,76.23
Canada,MVFR,46646,387964,12.02
Canada,LIFR,24853,387964,6.41
Canada,IFR,20724,387964,5.34
United States,VFR,3982457.433333333,4249019.516666667,93.73
United States,MVFR,151896.08333333334,4249019.516666667,3.57
United States,LIFR,61775,4249019.516666667,1.45
United States,IFR,52891,4249019.516666667,1.24
