country,flight_category,minutes,total,pct
Canada,VFR,110929,137042,80.95
Canada,MVFR,14090,137042,10.28
Canada,LIFR,6207,137042,4.53
Canada,IFR,5816,137042,4.24
United States,VFR,1524483.0333333334,1628147.0333333334,93.63
United States,MVFR,60252,1628147.0333333334,3.7
United States,IFR,21869,1628147.0333333334,1.34
United States,LIFR,21543,1628147.0333333334,1.32
