country,flight_category,minutes,total,pct
Canada,VFR,170743,218518,78.14
Canada,MVFR,26135,218518,11.96
Canada,IFR,11770,218518,5.39
Canada,LIFR,9870,218518,4.52
United States,VFR,2137159.8833333333,2406992.3166666664,88.79
United States,MVFR,148539,2406992.3166666664,6.17
United States,IFR,71321.43333333333,2406992.3166666664,2.96
United States,LIFR,49972,2406992.3166666664,2.08
