country,flight_category,minutes,total,pct
Canada,VFR,89002,104496,85.17
Canada,MVFR,10630,104496,10.17
Canada,IFR,3467,104496,3.32
Canada,LIFR,1397,104496,1.34
United States,VFR,1154694.9333333333,1254561.3666666667,92.04
United States,MVFR,61864,1254561.3666666667,4.93
United States,IFR,25542.433333333334,1254561.3666666667,2.04
United States,LIFR,12460,1254561.3666666667,0.99
