country,flight_category,minutes,total,pct
Canada,VFR,237938,320877,74.15
Canada,MVFR,40628,320877,12.66
Canada,LIFR,23938,320877,7.46
Canada,IFR,18373,320877,5.73
United States,VFR,3271405.183333333,3513531.183333333,93.11
United States,MVFR,136250,3513531.183333333,3.88
United States,LIFR,58315,3513531.183333333,1.66
United States,IFR,47561,3513531.183333333,1.35
