country,flight_category,minutes,total,pct
Canada,VFR,439016,575866,76.24
Canada,MVFR,73489,575866,12.76
Canada,LIFR,33820,575866,5.87
Canada,IFR,29541,575866,5.13
United States,VFR,5800897.866666666,6238474.033333333,92.99
United States,MVFR,240718.08333333334,6238474.033333333,3.86
United States,LIFR,109299,6238474.033333333,1.75
United States,IFR,87559.08333333333,6238474.033333333,1.4
