country,flight_category,minutes,total,pct
Canada,VFR,91281,117153,77.92
Canada,MVFR,16089,117153,13.73
Canada,IFR,5834,117153,4.98
Canada,LIFR,3949,117153,3.37
United States,VFR,1358820.1833333333,1427702.1833333333,95.18
United States,MVFR,40393,1427702.1833333333,2.83
United States,IFR,14544,1427702.1833333333,1.02
United States,LIFR,13945,1427702.1833333333,0.98
