country,flight_category,minutes,total,pct
Canada,VFR,182132,238311,76.43
Canada,MVFR,27112,238311,11.38
Canada,LIFR,15281,238311,6.41
Canada,IFR,13786,238311,5.78
United States,VFR,2423509.033333333,2675203.033333333,90.59
United States,MVFR,135284,2675203.033333333,5.06
United States,LIFR,62312,2675203.033333333,2.33
United States,IFR,54098,2675203.033333333,2.02
