country,flight_category,minutes,total,pct
Canada,VFR,439177,576382,76.2
Canada,MVFR,73716,576382,12.79
Canada,LIFR,33892,576382,5.88
Canada,IFR,29597,576382,5.13
United States,VFR,5824642.8,6265080.966666667,92.97
United States,MVFR,242490.08333333334,6265080.966666667,3.87
United States,LIFR,109441,6265080.966666667,1.75
United States,IFR,88507.08333333333,6265080.966666667,1.41
