country,flight_category,minutes,total,pct
Canada,VFR,214322,272956,78.52
Canada,MVFR,37360,272956,13.69
Canada,IFR,13416,272956,4.92
Canada,LIFR,7858,272956,2.88
United States,VFR,2548851.5166666666,2951100.1166666667,86.37
United States,MVFR,212159.6,2951100.1166666667,7.19
United States,IFR,109067,2951100.1166666667,3.7
United States,LIFR,81022,2951100.1166666667,2.75
