country,flight_category,minutes,total,pct
Canada,VFR,205608,262553,78.31
Canada,MVFR,36291,262553,13.82
Canada,IFR,13110,262553,4.99
Canada,LIFR,7544,262553,2.87
United States,VFR,2454447.5166666666,2833882.1166666667,86.61
United States,MVFR,201423.6,2833882.1166666667,7.11
United States,IFR,103920,2833882.1166666667,3.67
United States,LIFR,74091,2833882.1166666667,2.61
