country,flight_category,minutes,total,pct
Canada,VFR,420381,572887,73.38
Canada,MVFR,91529,572887,15.98
Canada,IFR,34996,572887,6.11
Canada,LIFR,25981,572887,4.54
United States,VFR,5418029.383333334,6205963.783333334,87.3
United States,MVFR,455869.7166666667,6205963.783333334,7.35
United States,IFR,192778.68333333332,6205963.783333334,3.11
United States,LIFR,139286,6205963.783333334,2.24
