country,flight_category,minutes,total,pct
Canada,VFR,72371,83915,86.24
Canada,MVFR,8364,83915,9.97
Canada,IFR,2265,83915,2.7
Canada,LIFR,915,83915,1.09
United States,VFR,926110.1166666667,994907.4500000001,93.09
United States,MVFR,44825,994907.4500000001,4.51
United States,IFR,17102.333333333332,994907.4500000001,1.72
United States,LIFR,6870,994907.4500000001,0.69
