country,flight_category,minutes,total,pct
Canada,VFR,176766,240476,73.51
Canada,MVFR,28512,240476,11.86
Canada,LIFR,21318,240476,8.86
Canada,IFR,13880,240476,5.77
United States,VFR,2535735.183333333,2742485.183333333,92.46
United States,MVFR,110291,2742485.183333333,4.02
United States,LIFR,54442,2742485.183333333,1.99
United States,IFR,42017,2742485.183333333,1.53
