country,flight_category,minutes,total,pct
Canada,VFR,200683,261334,76.79
Canada,MVFR,34187,261334,13.08
Canada,IFR,14554,261334,5.57
Canada,LIFR,11910,261334,4.56
United States,VFR,2507820.05,2826536.483333333,88.72
United States,MVFR,181626,2826536.483333333,6.43
United States,IFR,82615.43333333333,2826536.483333333,2.92
United States,LIFR,54475,2826536.483333333,1.93
