country,flight_category,minutes,total,pct
Canada,VFR,216577,294821,73.46
Canada,MVFR,37494,294821,12.72
Canada,LIFR,23420,294821,7.94
Canada,IFR,17330,294821,5.88
United States,VFR,3073520.183333333,3307682.183333333,92.92
United States,MVFR,130081,3307682.183333333,3.93
United States,LIFR,57789,3307682.183333333,1.75
United States,IFR,46292,3307682.183333333,1.4
