country,flight_category,minutes,total,pct
Canada,VFR,64012,73566,87.01
Canada,MVFR,7004,73566,9.52
Canada,IFR,1873,73566,2.55
Canada,LIFR,677,73566,0.92
United States,VFR,788214.1166666667,840583.4500000001,93.77
United States,MVFR,35455,840583.4500000001,4.22
United States,IFR,13150.333333333334,840583.4500000001,1.56
United States,LIFR,3764,840583.4500000001,0.45
