country,flight_category,minutes,total,pct
Canada,VFR,214249,272721,78.56
Canada,MVFR,37243,272721,13.66
Canada,IFR,13415,272721,4.92
Canada,LIFR,7814,272721,2.87
United States,VFR,2536217.5166666666,2932532.1166666667,86.49
United States,MVFR,209638.6,2932532.1166666667,7.15
United States,IFR,107840,2932532.1166666667,3.68
United States,LIFR,78836,2932532.1166666667,2.69
