country,flight_category,minutes,total,pct
Canada,VFR,248313,333131,74.54
Canada,MVFR,41910,333131,12.58
Canada,LIFR,24022,333131,7.21
Canada,IFR,18886,333131,5.67
United States,VFR,3388073.183333333,3634248.183333333,93.23
United States,MVFR,139274,3634248.183333333,3.83
United States,LIFR,58570,3634248.183333333,1.61
United States,IFR,48331,3634248.183333333,1.33
