country,flight_category,minutes,total,pct
Canada,VFR,241316,313621,76.95
Canada,MVFR,42679,313621,13.61
Canada,IFR,16293,313621,5.2
Canada,LIFR,13333,313621,4.25
United States,VFR,2971548.9166666665,3339933.3499999996,88.97
United States,MVFR,214465,3339933.3499999996,6.42
United States,IFR,95942.43333333333,3339933.3499999996,2.87
United States,LIFR,57977,3339933.3499999996,1.74
