country,flight_category,minutes,total,pct
Canada,VFR,83606,106500,78.5
Canada,MVFR,15016,106500,14.1
Canada,IFR,5179,106500,4.86
Canada,LIFR,2699,106500,2.53
United States,VFR,1189522.1833333333,1243859.1833333333,95.63
United States,MVFR,32865,1243859.1833333333,2.64
United States,IFR,11248,1243859.1833333333,0.9
United States,LIFR,10224,1243859.1833333333,0.82
