country,flight_category,minutes,total,pct
Canada,VFR,220815,288138,76.64
Canada,MVFR,39136,288138,13.58
Canada,IFR,15407,288138,5.35
Canada,LIFR,12780,288138,4.44
United States,VFR,2721303.9833333334,3063702.4166666665,88.82
United States,MVFR,197423,3063702.4166666665,6.44
United States,IFR,88620.43333333333,3063702.4166666665,2.89
United States,LIFR,56355,3063702.4166666665,1.84
