country,flight_category,minutes,total,pct
Canada,VFR,102930,125865,81.78
Canada,MVFR,12740,125865,10.12
Canada,LIFR,5293,125865,4.21
Canada,IFR,4902,125865,3.89
United States,VFR,1399442.0333333334,1482899.0333333334,94.37
United States,MVFR,50532,1482899.0333333334,3.41
United States,IFR,18061,1482899.0333333334,1.22
United States,LIFR,14864,1482899.0333333334,1
