country,flight_category,minutes,total,pct
Canada,VFR,241040,313145,76.97
Canada,MVFR,42572,313145,13.59
Canada,IFR,16222,313145,5.18
Canada,LIFR,13311,313145,4.25
United States,VFR,2953018.9166666665,3318896.3499999996,88.98
United States,MVFR,212824,3318896.3499999996,6.41
United States,IFR,95373.43333333333,3318896.3499999996,2.87
United States,LIFR,57680,3318896.3499999996,1.74
