country,flight_category,minutes,total,pct
Canada,VFR,121878,146651,83.11
Canada,MVFR,15303,146651,10.43
Canada,IFR,5807,146651,3.96
Canada,LIFR,3663,146651,2.5
United States,VFR,1558056.05,1728211.4833333334,90.15
United States,MVFR,95117,1728211.4833333334,5.5
United States,IFR,45371.433333333334,1728211.4833333334,2.63
United States,LIFR,29667,1728211.4833333334,1.72
