country,flight_category,minutes,total,pct
Canada,VFR,232343,301481,77.07
Canada,MVFR,35061,301481,11.63
Canada,IFR,17123,301481,5.68
Canada,LIFR,16954,301481,5.62
United States,VFR,3041413.033333333,3333712.033333333,91.23
United States,MVFR,167549,3333712.033333333,5.03
United States,LIFR,64443,3333712.033333333,1.93
United States,IFR,60307,3333712.033333333,1.81
