country,flight_category,minutes,total,pct
Canada,VFR,222954,283332,78.69
Canada,MVFR,38264,283332,13.51
Canada,IFR,13810,283332,4.87
Canada,LIFR,8304,283332,2.93
United States,VFR,2639132.5166666666,3062935.1166666667,86.16
United States,MVFR,222083.6,3062935.1166666667,7.25
United States,IFR,114164,3062935.1166666667,3.73
United States,LIFR,87555,3062935.1166666667,2.86
