country,flight_category,minutes,total,pct
Canada,VFR,155256,198903,78.06
Canada,MVFR,20905,198903,10.51
Canada,LIFR,12241,198903,6.15
Canada,IFR,10501,198903,5.28
United States,VFR,2054287.0333333334,2255012.033333333,91.1
United States,MVFR,105662,2255012.033333333,4.69
United States,LIFR,53393,2255012.033333333,2.37
United States,IFR,41670,2255012.033333333,1.85
