country,flight_category,minutes,total,pct
Canada,VFR,439369,596696,73.63
Canada,MVFR,95743,596696,16.05
Canada,IFR,35551,596696,5.96
Canada,LIFR,26033,596696,4.36
United States,VFR,5569555.25,6373571.65,87.39
United States,MVFR,468664.7166666667,6373571.65,7.35
United States,IFR,195155.68333333332,6373571.65,3.06
United States,LIFR,140196,6373571.65,2.2
