country,flight_category,minutes,total,pct
Canada,VFR,201076,261943,76.76
Canada,MVFR,34232,261943,13.07
Canada,IFR,14665,261943,5.6
Canada,LIFR,11970,261943,4.57
United States,VFR,2515058.9,2835536.333333333,88.7
United States,MVFR,182665,2835536.333333333,6.44
United States,IFR,83125.43333333333,2835536.333333333,2.93
United States,LIFR,54687,2835536.333333333,1.93
