country,flight_category,minutes,total,pct
Canada,VFR,439428,596744,73.64
Canada,MVFR,95689,596744,16.04
Canada,IFR,35521,596744,5.95
Canada,LIFR,26106,596744,4.37
United States,VFR,5568851.383333334,6371542.783333334,87.4
United States,MVFR,467519.7166666667,6371542.783333334,7.34
United States,IFR,195135.68333333332,6371542.783333334,3.06
United States,LIFR,140036,6371542.783333334,2.2
