country,flight_category,minutes,total,pct
Canada,VFR,292317,380257,76.87
Canada,MVFR,53168,380257,13.98
Canada,IFR,20118,380257,5.29
Canada,LIFR,14654,380257,3.85
United States,VFR,3769361.0833333335,4232545.233333333,89.06
United States,MVFR,273916.7166666667,4232545.233333333,6.47
United States,IFR,118447.43333333333,4232545.233333333,2.8
United States,LIFR,70820,4232545.233333333,1.67
