country,flight_category,minutes,total,pct
Canada,VFR,149553,199593,74.93
Canada,MVFR,23045,199593,11.55
Canada,LIFR,16541,199593,8.29
Canada,IFR,10454,199593,5.24
United States,VFR,2179845.183333333,2357868.183333333,92.45
United States,MVFR,94674,2357868.183333333,4.02
United States,LIFR,47805,2357868.183333333,2.03
United States,IFR,35544,2357868.183333333,1.51
