country,flight_category,minutes,total,pct
Canada,VFR,216225,294121,73.52
Canada,MVFR,37361,294121,12.7
Canada,LIFR,23335,294121,7.93
Canada,IFR,17200,294121,5.85
United States,VFR,2984887.183333333,3215803.183333333,92.82
United States,MVFR,127341,3215803.183333333,3.96
United States,LIFR,57554,3215803.183333333,1.79
United States,IFR,46021,3215803.183333333,1.43
