country,flight_category,minutes,total,pct
Canada,VFR,319597,420656,75.98
Canada,MVFR,59706,420656,14.19
Canada,IFR,23891,420656,5.68
Canada,LIFR,17462,420656,4.15
United States,VFR,4115835.4166666665,4656223.816666666,88.39
United States,MVFR,313661.7166666667,4656223.816666666,6.74
United States,IFR,136612.68333333332,4656223.816666666,2.93
United States,LIFR,90114,4656223.816666666,1.94
