country,flight_category,minutes,total,pct
Canada,VFR,113834,147753,77.04
Canada,MVFR,18186,147753,12.31
Canada,LIFR,8131,147753,5.5
Canada,IFR,7602,147753,5.15
United States,VFR,1677962.1833333333,1786479.1833333333,93.93
United States,MVFR,60278,1786479.1833333333,3.37
United States,LIFR,26150,1786479.1833333333,1.46
United States,IFR,22089,1786479.1833333333,1.24
