country,flight_category,minutes,total,pct
Canada,VFR,313068,409170,76.51
Canada,MVFR,48575,409170,11.87
Canada,LIFR,25834,409170,6.31
Canada,IFR,21693,409170,5.3
United States,VFR,4285771.433333334,4573063.033333333,93.72
United States,MVFR,160656.08333333334,4573063.033333333,3.51
United States,LIFR,68356,4573063.033333333,1.49
United States,IFR,58279.51666666667,4573063.033333333,1.27
