country,flight_category,minutes,total,pct
Canada,VFR,337727,439414,76.86
Canada,MVFR,52039,439414,11.84
Canada,LIFR,27054,439414,6.16
Canada,IFR,22594,439414,5.14
United States,VFR,4599010.866666666,4919018.033333333,93.49
United States,MVFR,174838.08333333334,4919018.033333333,3.55
United States,LIFR,79032,4919018.033333333,1.61
United States,IFR,66137.08333333333,4919018.033333333,1.34
