country,flight_category,minutes,total,pct
Canada,VFR,171250,220347,77.72
Canada,MVFR,26862,220347,12.19
Canada,IFR,12154,220347,5.52
Canada,LIFR,10081,220347,4.58
United States,VFR,2200884.85,2479254.283333333,88.77
United States,MVFR,154435,2479254.283333333,6.23
United States,IFR,73064.43333333333,2479254.283333333,2.95
United States,LIFR,50870,2479254.283333333,2.05
