country,flight_category,minutes,total,pct
Canada,VFR,98437,126518,77.8
Canada,MVFR,16704,126518,13.2
Canada,IFR,6474,126518,5.12
Canada,LIFR,4903,126518,3.88
United States,VFR,1429940.1833333333,1505971.1833333333,94.95
United States,MVFR,43913,1505971.1833333333,2.92
United States,LIFR,16101,1505971.1833333333,1.07
United States,IFR,16017,1505971.1833333333,1.06
