country,flight_category,minutes,total,pct
Canada,VFR,436998,598452,73.02
Canada,MVFR,98781,598452,16.51
Canada,IFR,36213,598452,6.05
Canada,LIFR,26460,598452,4.42
United States,VFR,5548321.283333333,6384505.766666667,86.9
United States,MVFR,480123.23333333334,6384505.766666667,7.52
United States,IFR,204708.25,6384505.766666667,3.21
United States,LIFR,151353,6384505.766666667,2.37
