country,flight_category,minutes,total,pct
Canada,VFR,122100,147583,82.73
Canada,MVFR,15726,147583,10.66
Canada,IFR,5910,147583,4
Canada,LIFR,3847,147583,2.61
United States,VFR,1584318.95,1764979.3833333333,89.76
United States,MVFR,99604,1764979.3833333333,5.64
United States,IFR,48493.433333333334,1764979.3833333333,2.75
United States,LIFR,32563,1764979.3833333333,1.84
