country,flight_category,minutes,total,pct
Canada,VFR,190425,246880,77.13
Canada,MVFR,31415,246880,12.72
Canada,IFR,13676,246880,5.54
Canada,LIFR,11364,246880,4.6
United States,VFR,2371263.8833333333,2672528.3166666664,88.73
United States,MVFR,170054,2672528.3166666664,6.36
United States,IFR,78280.43333333333,2672528.3166666664,2.93
United States,LIFR,52930,2672528.3166666664,1.98
