country,flight_category,minutes,total,pct
Canada,VFR,232566,295619,78.67
Canada,MVFR,39505,295619,13.36
Canada,IFR,14492,295619,4.9
Canada,LIFR,9056,295619,3.06
United States,VFR,2819880.5166666666,3293650.1166666667,85.62
United States,MVFR,245875.6,3293650.1166666667,7.47
United States,IFR,125132,3293650.1166666667,3.8
United States,LIFR,102762,3293650.1166666667,3.12
