country,flight_category,minutes,total,pct
Canada,VFR,232477,301771,77.04
Canada,MVFR,35138,301771,11.64
Canada,IFR,17184,301771,5.69
Canada,LIFR,16972,301771,5.62
United States,VFR,3117020.033333333,3412564.033333333,91.34
United States,MVFR,170617,3412564.033333333,5
United States,LIFR,64473,3412564.033333333,1.89
United States,IFR,60454,3412564.033333333,1.77
