country,flight_category,minutes,total,pct
Canada,VFR,247916,332178,74.63
Canada,MVFR,41513,332178,12.5
Canada,LIFR,24022,332178,7.23
Canada,IFR,18727,332178,5.64
United States,VFR,3345925.183333333,3590538.183333333,93.19
United States,MVFR,138317,3590538.183333333,3.85
United States,LIFR,58357,3590538.183333333,1.63
United States,IFR,47939,3590538.183333333,1.34
