country,flight_category,minutes,total,pct
Canada,VFR,118711,146845,80.84
Canada,MVFR,15081,146845,10.27
Canada,LIFR,6837,146845,4.66
Canada,IFR,6216,146845,4.23
United States,VFR,1612390.0333333334,1729269.0333333334,93.24
United States,MVFR,66979,1729269.0333333334,3.87
United States,LIFR,25553,1729269.0333333334,1.48
United States,IFR,24347,1729269.0333333334,1.41
