country,flight_category,minutes,total,pct
Canada,VFR,163481,211073,77.45
Canada,MVFR,22566,211073,10.69
Canada,LIFR,13378,211073,6.34
Canada,IFR,11648,211073,5.52
United States,VFR,2149208.033333333,2364416.033333333,90.9
United States,MVFR,113349,2364416.033333333,4.79
United States,LIFR,56654,2364416.033333333,2.4
United States,IFR,45205,2364416.033333333,1.91
