country,flight_category,minutes,total,pct
Canada,VFR,91143,116630,78.15
Canada,MVFR,15948,116630,13.67
Canada,IFR,5817,116630,4.99
Canada,LIFR,3722,116630,3.19
United States,VFR,1315668.1833333333,1380774.1833333333,95.28
United States,MVFR,38281,1380774.1833333333,2.77
United States,IFR,13818,1380774.1833333333,1
United States,LIFR,13007,1380774.1833333333,0.94
