country,flight_category,minutes,total,pct
Canada,VFR,381172,516645,73.78
Canada,MVFR,77416,516645,14.98
Canada,IFR,33094,516645,6.41
Canada,LIFR,24963,516645,4.83
United States,VFR,4863063.316666666,5583933.716666667,87.09
United States,MVFR,405809.7166666667,5583933.716666667,7.27
United States,IFR,182168.68333333332,5583933.716666667,3.26
United States,LIFR,132892,5583933.716666667,2.38
