country,flight_category,minutes,total,pct
Canada,VFR,346472,450055,76.98
Canada,MVFR,53066,450055,11.79
Canada,LIFR,27504,450055,6.11
Canada,IFR,23013,450055,5.11
United States,VFR,4698069.883333334,5029996.050000001,93.4
United States,MVFR,179623.08333333334,5029996.050000001,3.57
United States,LIFR,83584,5029996.050000001,1.66
United States,IFR,68719.08333333333,5029996.050000001,1.37
