country,flight_category,minutes,total,pct
Canada,VFR,390295,530923,73.51
Canada,MVFR,81352,530923,15.32
Canada,IFR,33807,530923,6.37
Canada,LIFR,25469,530923,4.8
United States,VFR,4976798.316666666,5714969.716666667,87.08
United States,MVFR,417873.7166666667,5714969.716666667,7.31
United States,IFR,185108.68333333332,5714969.716666667,3.24
United States,LIFR,135189,5714969.716666667,2.37
