country,flight_category,minutes,total,pct
Canada,VFR,64136,74070,86.59
Canada,MVFR,7231,74070,9.76
Canada,IFR,1980,74070,2.67
Canada,LIFR,723,74070,0.98
United States,VFR,806586,862095.3333333334,93.56
United States,MVFR,37300,862095.3333333334,4.33
United States,IFR,13816.333333333334,862095.3333333334,1.6
United States,LIFR,4393,862095.3333333334,0.51
