country,flight_category,minutes,total,pct
Canada,VFR,283941,362911,78.24
Canada,MVFR,47288,362911,13.03
Canada,IFR,18978,362911,5.23
Canada,LIFR,12704,362911,3.5
United States,VFR,3270027.5166666666,3830391.1166666667,85.37
United States,MVFR,285518.6,3830391.1166666667,7.45
United States,IFR,148540,3830391.1166666667,3.88
United States,LIFR,126305,3830391.1166666667,3.3
