country,flight_category,minutes,total,pct
Canada,VFR,335473,444700,75.44
Canada,MVFR,63247,444700,14.22
Canada,IFR,26253,444700,5.9
Canada,LIFR,19727,444700,4.44
United States,VFR,4395502.366666666,5015811.766666667,87.63
United States,MVFR,352816.7166666667,5015811.766666667,7.03
United States,IFR,155350.68333333332,5015811.766666667,3.1
United States,LIFR,112142,5015811.766666667,2.24
