country,flight_category,minutes,total,pct
Canada,VFR,263098,336332,78.23
Canada,MVFR,44548,336332,13.25
Canada,IFR,17225,336332,5.12
Canada,LIFR,11461,336332,3.41
United States,VFR,3061536.5166666666,3588146.1166666667,85.32
United States,MVFR,269085.6,3588146.1166666667,7.5
United States,IFR,138189,3588146.1166666667,3.85
United States,LIFR,119335,3588146.1166666667,3.33
