country,flight_category,minutes,total,pct
Canada,VFR,105277,125544,83.86
Canada,MVFR,12883,125544,10.26
Canada,IFR,4768,125544,3.8
Canada,LIFR,2616,125544,2.08
United States,VFR,1436444.85,1580663.2833333334,90.88
United States,MVFR,83264,1580663.2833333334,5.27
United States,IFR,37972.433333333334,1580663.2833333334,2.4
United States,LIFR,22982,1580663.2833333334,1.45
