country,flight_category,minutes,total,pct
Canada,VFR,389033,507116,76.71
Canada,MVFR,60885,507116,12.01
Canada,LIFR,31216,507116,6.16
Canada,IFR,25982,507116,5.12
United States,VFR,5201275.766666667,5601859.933333334,92.85
United States,MVFR,213527.08333333334,5601859.933333334,3.81
United States,LIFR,104817,5601859.933333334,1.87
United States,IFR,82240.08333333333,5601859.933333334,1.47
