country,flight_category,minutes,total,pct
Canada,VFR,306617,395487,77.53
Canada,MVFR,47212,395487,11.94
Canada,IFR,21792,395487,5.51
Canada,LIFR,19866,395487,5.02
United States,VFR,4113576.2333333334,4470239.233333333,92.02
United States,MVFR,208492,4470239.233333333,4.66
United States,LIFR,75655,4470239.233333333,1.69
United States,IFR,72516,4470239.233333333,1.62
