country,flight_category,minutes,total,pct
Canada,VFR,180668,233691,77.31
Canada,MVFR,29162,233691,12.48
Canada,IFR,13017,233691,5.57
Canada,LIFR,10844,233691,4.64
United States,VFR,2271393.066666667,2561075.5,88.69
United States,MVFR,161993,2561075.5,6.33
United States,IFR,75816.43333333333,2561075.5,2.96
United States,LIFR,51873,2561075.5,2.03
