country,flight_category,minutes,total,pct
Canada,VFR,68347,87140,78.43
Canada,MVFR,12806,87140,14.7
Canada,IFR,4239,87140,4.86
Canada,LIFR,1748,87140,2.01
United States,VFR,973150.1833333333,1013840.1833333333,95.99
United States,MVFR,25454,1013840.1833333333,2.51
United States,IFR,8617,1013840.1833333333,0.85
United States,LIFR,6619,1013840.1833333333,0.65
