country,flight_category,minutes,total,pct
Canada,VFR,292246,375929,77.74
Canada,MVFR,44276,375929,11.78
Canada,IFR,20551,375929,5.47
Canada,LIFR,18856,375929,5.02
United States,VFR,3877598.1666666665,4210506.166666666,92.09
United States,MVFR,196331,4210506.166666666,4.66
United States,LIFR,68939,4210506.166666666,1.64
United States,IFR,67638,4210506.166666666,1.61
