country,flight_category,minutes,total,pct
Canada,VFR,211778,276047,76.72
Canada,MVFR,32329,276047,11.71
Canada,LIFR,16440,276047,5.96
Canada,IFR,15500,276047,5.61
United States,VFR,2771640.033333333,3050380.033333333,90.86
United States,MVFR,155974,3050380.033333333,5.11
United States,LIFR,63995,3050380.033333333,2.1
United States,IFR,58771,3050380.033333333,1.93
