country,flight_category,minutes,total,pct
Canada,VFR,335250,443789,75.54
Canada,MVFR,63013,443789,14.2
Canada,IFR,25952,443789,5.85
Canada,LIFR,19574,443789,4.41
United States,VFR,4323387.433333334,4925822.833333334,87.77
United States,MVFR,343688.7166666667,4925822.833333334,6.98
United States,IFR,151339.68333333332,4925822.833333334,3.07
United States,LIFR,107407,4925822.833333334,2.18
