country,flight_category,minutes,total,pct
Canada,VFR,453749,591760,76.68
Canada,MVFR,74394,591760,12.57
Canada,LIFR,34070,591760,5.76
Canada,IFR,29547,591760,4.99
United States,VFR,5923087.833333333,6371319,92.96
United States,MVFR,248313.08333333334,6371319,3.9
United States,LIFR,109003,6371319,1.71
United States,IFR,90915.08333333333,6371319,1.43
