country,flight_category,minutes,total,pct
Canada,VFR,305849,399337,76.59
Canada,MVFR,56207,399337,14.08
Canada,IFR,21744,399337,5.45
Canada,LIFR,15537,399337,3.89
United States,VFR,3900221.2,4390210.600000001,88.84
United States,MVFR,288729.7166666667,4390210.600000001,6.58
United States,IFR,124286.68333333333,4390210.600000001,2.83
United States,LIFR,76973,4390210.600000001,1.75
