country,flight_category,minutes,total,pct
Canada,VFR,122283,148173,82.53
Canada,MVFR,15790,148173,10.66
Canada,IFR,6179,148173,4.17
Canada,LIFR,3921,148173,2.65
United States,VFR,1591666.9666666666,1775317.4,89.66
United States,MVFR,101222,1775317.4,5.7
United States,IFR,49244.433333333334,1775317.4,2.77
United States,LIFR,33184,1775317.4,1.87
