country,flight_category,minutes,total,pct
Canada,VFR,390418,531282,73.49
Canada,MVFR,81535,531282,15.35
Canada,IFR,33860,531282,6.37
Canada,LIFR,25469,531282,4.79
United States,VFR,5046866.316666666,5794100.716666667,87.1
United States,MVFR,424831.7166666667,5794100.716666667,7.33
United States,IFR,186386.68333333332,5794100.716666667,3.22
United States,LIFR,136016,5794100.716666667,2.35
