country,flight_category,minutes,total,pct
Canada,VFR,307120,397341,77.29
Canada,MVFR,47658,397341,11.99
Canada,IFR,22141,397341,5.57
Canada,LIFR,20422,397341,5.14
United States,VFR,4225347.233333333,4595910.233333333,91.94
United States,MVFR,214719,4595910.233333333,4.67
United States,LIFR,80492,4595910.233333333,1.75
United States,IFR,75352,4595910.233333333,1.64
