country,flight_category,minutes,total,pct
Canada,VFR,223144,284015,78.57
Canada,MVFR,38444,284015,13.54
Canada,IFR,14084,284015,4.96
Canada,LIFR,8343,284015,2.94
United States,VFR,2690047.5166666666,3125662.1166666667,86.06
United States,MVFR,227456.6,3125662.1166666667,7.28
United States,IFR,117003,3125662.1166666667,3.74
United States,LIFR,91155,3125662.1166666667,2.92
