country,flight_category,minutes,total,pct
Canada,VFR,276946,356136,77.76
Canada,MVFR,41315,356136,11.6
Canada,IFR,19606,356136,5.51
Canada,LIFR,18269,356136,5.13
United States,VFR,3653048.1666666665,3970593.1666666665,92
United States,MVFR,187419,3970593.1666666665,4.72
United States,LIFR,65821,3970593.1666666665,1.66
United States,IFR,64305,3970593.1666666665,1.62
