country,flight_category,minutes,total,pct
Canada,VFR,37229,42421,87.76
Canada,MVFR,3792,42421,8.94
Canada,IFR,1243,42421,2.93
Canada,LIFR,157,42421,0.37
United States,VFR,460972.5833333333,489174.7833333333,94.23
United States,MVFR,19891,489174.7833333333,4.07
United States,IFR,7352.2,489174.7833333333,1.5
United States,LIFR,959,489174.7833333333,0.2
