country,flight_category,minutes,total,pct
Canada,VFR,75892,96185,78.9
Canada,MVFR,13758,96185,14.3
Canada,IFR,4599,96185,4.78
Canada,LIFR,1936,96185,2.01
United States,VFR,1060713.1833333333,1105903.1833333333,95.91
United States,MVFR,28053,1105903.1833333333,2.54
United States,IFR,9480,1105903.1833333333,0.86
United States,LIFR,7657,1105903.1833333333,0.69
