country,flight_category,minutes,total,pct
Canada,VFR,305749,398902,76.65
Canada,MVFR,56186,398902,14.09
Canada,IFR,21535,398902,5.4
Canada,LIFR,15432,398902,3.87
United States,VFR,3883429.033333333,4368244.433333334,88.9
United States,MVFR,286048.7166666667,4368244.433333334,6.55
United States,IFR,123150.68333333333,4368244.433333334,2.82
United States,LIFR,75616,4368244.433333334,1.73
