country,flight_category,minutes,total,pct
Canada,VFR,430814,585714,73.55
Canada,MVFR,93690,585714,16
Canada,IFR,35199,585714,6.01
Canada,LIFR,26011,585714,4.44
United States,VFR,5448408.366666666,6239946.766666667,87.31
United States,MVFR,458686.7166666667,6239946.766666667,7.35
United States,IFR,193445.68333333332,6239946.766666667,3.1
United States,LIFR,139406,6239946.766666667,2.23
