country,flight_category,minutes,total,pct
Canada,VFR,242234,313592,77.24
Canada,MVFR,36455,313592,11.62
Canada,IFR,17745,313592,5.66
Canada,LIFR,17158,313592,5.47
United States,VFR,3189222.033333333,3487805.033333333,91.44
United States,MVFR,173315,3487805.033333333,4.97
United States,LIFR,64495,3487805.033333333,1.85
United States,IFR,60773,3487805.033333333,1.74
