country,flight_category,minutes,total,pct
Canada,VFR,378611,492546,76.87
Canada,MVFR,58745,492546,11.93
Canada,LIFR,30227,492546,6.14
Canada,IFR,24963,492546,5.07
United States,VFR,5071740.933333334,5459327.100000001,92.9
United States,MVFR,206163.08333333334,5459327.100000001,3.78
United States,LIFR,101932,5459327.100000001,1.87
United States,IFR,79491.08333333333,5459327.100000001,1.46
