country,flight_category,minutes,total,pct
Canada,VFR,418385,548222,76.32
Canada,MVFR,68479,548222,12.49
Canada,LIFR,33294,548222,6.07
Canada,IFR,28064,548222,5.12
United States,VFR,5542412.716666667,5965170.883333334,92.91
United States,MVFR,230102.08333333334,5965170.883333334,3.86
United States,LIFR,107607,5965170.883333334,1.8
United States,IFR,85049.08333333333,5965170.883333334,1.43
