country,flight_category,minutes,total,pct
Canada,VFR,284988,369628,77.1
Canada,MVFR,51230,369628,13.86
Canada,IFR,19081,369628,5.16
Canada,LIFR,14329,369628,3.88
United States,VFR,3654836.05,4100311.1999999997,89.14
United States,MVFR,263196.7166666667,4100311.1999999997,6.42
United States,IFR,115286.43333333333,4100311.1999999997,2.81
United States,LIFR,66992,4100311.1999999997,1.63
