country,flight_category,minutes,total,pct
Canada,VFR,105025,124582,84.3
Canada,MVFR,12633,124582,10.14
Canada,IFR,4553,124582,3.65
Canada,LIFR,2371,124582,1.9
United States,VFR,1358905.9833333334,1490901.4166666667,91.15
United States,MVFR,77777,1490901.4166666667,5.22
United States,IFR,34485.433333333334,1490901.4166666667,2.31
United States,LIFR,19733,1490901.4166666667,1.32
