country,flight_category,minutes,total,pct
Canada,VFR,232058,294422,78.82
Canada,MVFR,39305,294422,13.35
Canada,IFR,14363,294422,4.88
Canada,LIFR,8696,294422,2.95
United States,VFR,2726985.5166666666,3172155.1166666667,85.97
United States,MVFR,231933.6,3172155.1166666667,7.31
United States,IFR,119102,3172155.1166666667,3.75
United States,LIFR,94134,3172155.1166666667,2.97
