country,flight_category,minutes,total,pct
Canada,VFR,197338,252152,78.26
Canada,MVFR,35213,252152,13.96
Canada,IFR,12567,252152,4.98
Canada,LIFR,7034,252152,2.79
United States,VFR,2401781.5166666666,2765777.1166666667,86.84
United States,MVFR,194558.6,2765777.1166666667,7.03
United States,IFR,99663,2765777.1166666667,3.6
United States,LIFR,69774,2765777.1166666667,2.52
