country,flight_category,minutes,total,pct
Canada,VFR,237642,320281,74.2
Canada,MVFR,40491,320281,12.64
Canada,LIFR,23844,320281,7.44
Canada,IFR,18304,320281,5.71
United States,VFR,3234187.183333333,3474704.183333333,93.08
United States,MVFR,135159,3474704.183333333,3.89
United States,LIFR,58219,3474704.183333333,1.68
United States,IFR,47139,3474704.183333333,1.36
