country,flight_category,minutes,total,pct
Canada,VFR,188684,241593,78.1
Canada,MVFR,34226,241593,14.17
Canada,IFR,12220,241593,5.06
Canada,LIFR,6463,241593,2.68
United States,VFR,2213667.466666667,2547515.066666667,86.9
United States,MVFR,179994.6,2547515.066666667,7.07
United States,IFR,90946,2547515.066666667,3.57
United States,LIFR,62907,2547515.066666667,2.47
