country,flight_category,minutes,total,pct
Canada,VFR,72339,83686,86.44
Canada,MVFR,8267,83686,9.88
Canada,IFR,2177,83686,2.6
Canada,LIFR,903,83686,1.08
United States,VFR,907786.0333333333,973727.3666666667,93.23
United States,MVFR,43267,973727.3666666667,4.44
United States,IFR,16356.333333333334,973727.3666666667,1.68
United States,LIFR,6318,973727.3666666667,0.65
