country,flight_category,minutes,total,pct
Canada,VFR,438704,597531,73.42
Canada,MVFR,96797,597531,16.2
Canada,IFR,35752,597531,5.98
Canada,LIFR,26278,597531,4.4
United States,VFR,5560280.266666667,6371044.6,87.27
United States,MVFR,472385.98333333334,6371044.6,7.41
United States,IFR,195944.35,6371044.6,3.08
United States,LIFR,142434,6371044.6,2.24
