country,flight_category,minutes,total,pct
Canada,VFR,354829,474009,74.86
Canada,MVFR,67862,474009,14.32
Canada,IFR,29041,474009,6.13
Canada,LIFR,22277,474009,4.7
United States,VFR,4525583.466666667,5183216.866666667,87.31
United States,MVFR,369941.7166666667,5183216.866666667,7.14
United States,IFR,165173.68333333332,5183216.866666667,3.19
United States,LIFR,122518,5183216.866666667,2.36
