country,flight_category,minutes,total,pct
Canada,VFR,149472,198911,75.15
Canada,MVFR,22806,198911,11.47
Canada,LIFR,16206,198911,8.15
Canada,IFR,10427,198911,5.24
United States,VFR,2135461.183333333,2309259.183333333,92.47
United States,MVFR,92314,2309259.183333333,4
United States,LIFR,46913,2309259.183333333,2.03
United States,IFR,34571,2309259.183333333,1.5
