country,flight_category,minutes,total,pct
Canada,VFR,129365,169217,76.45
Canada,MVFR,19509,169217,11.53
Canada,LIFR,11408,169217,6.74
Canada,IFR,8935,169217,5.28
United States,VFR,1898095.1833333333,2039734.1833333333,93.06
United States,MVFR,76371,2039734.1833333333,3.74
United States,LIFR,37068,2039734.1833333333,1.82
United States,IFR,28200,2039734.1833333333,1.38
