country,flight_category,minutes,total,pct
Canada,VFR,94936,115522,82.18
Canada,MVFR,11756,115522,10.18
Canada,LIFR,4611,115522,3.99
Canada,IFR,4219,115522,3.65
United States,VFR,1285659.0333333334,1355299.0333333334,94.86
United States,MVFR,44146,1355299.0333333334,3.26
United States,IFR,15229,1355299.0333333334,1.12
United States,LIFR,10265,1355299.0333333334,0.76
