country,flight_category,minutes,total,pct
Canada,VFR,221235,289045,76.54
Canada,MVFR,39398,289045,13.63
Canada,IFR,15533,289045,5.37
Canada,LIFR,12879,289045,4.46
United States,VFR,2755368.95,3102899.3833333333,88.8
United States,MVFR,200441,3102899.3833333333,6.46
United States,IFR,90595.43333333333,3102899.3833333333,2.92
United States,LIFR,56494,3102899.3833333333,1.82
