country,flight_category,minutes,total,pct
Canada,VFR,105861,136629,77.48
Canada,MVFR,17392,136629,12.73
Canada,IFR,6962,136629,5.1
Canada,LIFR,6414,136629,4.69
United States,VFR,1544862.1833333333,1634131.1833333333,94.54
United States,MVFR,50808,1634131.1833333333,3.11
United States,LIFR,20226,1634131.1833333333,1.24
United States,IFR,18235,1634131.1833333333,1.12
