country,flight_category,minutes,total,pct
Canada,VFR,182293,238718,76.36
Canada,MVFR,27173,238718,11.38
Canada,LIFR,15339,238718,6.43
Canada,IFR,13913,238718,5.83
United States,VFR,2498092.033333333,2756303.033333333,90.63
United States,MVFR,140384,2756303.033333333,5.09
United States,LIFR,62615,2756303.033333333,2.27
United States,IFR,55212,2756303.033333333,2
