country,flight_category,minutes,total,pct
Canada,VFR,113783,136472,83.37
Canada,MVFR,14284,136472,10.47
Canada,IFR,5242,136472,3.84
Canada,LIFR,3163,136472,2.32
United States,VFR,1488551.9333333333,1648697.3666666667,90.29
United States,MVFR,89997,1648697.3666666667,5.46
United States,IFR,42967.433333333334,1648697.3666666667,2.61
United States,LIFR,27181,1648697.3666666667,1.65
