country,flight_category,minutes,total,pct
Canada,VFR,286843,377886,75.91
Canada,MVFR,46082,377886,12.19
Canada,LIFR,24569,377886,6.5
Canada,IFR,20392,377886,5.4
United States,VFR,3883901.433333333,4146280.433333333,93.67
United States,MVFR,149678,4146280.433333333,3.61
United States,LIFR,60886,4146280.433333333,1.47
United States,IFR,51815,4146280.433333333,1.25
