country,flight_category,minutes,total,pct
Canada,VFR,201466,263269,76.52
Canada,MVFR,30810,263269,11.7
Canada,LIFR,16102,263269,6.12
Canada,IFR,14891,263269,5.66
United States,VFR,2645293.033333333,2915648.033333333,90.73
United States,MVFR,149443,2915648.033333333,5.13
United States,LIFR,63447,2915648.033333333,2.18
United States,IFR,57465,2915648.033333333,1.97
