country,flight_category,minutes,total,pct
Canada,VFR,214158,272348,78.63
Canada,MVFR,37081,272348,13.62
Canada,IFR,13369,272348,4.91
Canada,LIFR,7740,272348,2.84
United States,VFR,2520581.5166666666,2910497.1166666667,86.6
United States,MVFR,206939.6,2910497.1166666667,7.11
United States,IFR,106381,2910497.1166666667,3.66
United States,LIFR,76595,2910497.1166666667,2.63
