country,flight_category,minutes,total,pct
Canada,VFR,319776,421188,75.92
Canada,MVFR,59718,421188,14.18
Canada,IFR,24127,421188,5.73
Canada,LIFR,17567,421188,4.17
United States,VFR,4127654.4166666665,4671980.816666666,88.35
United States,MVFR,315308.7166666667,4671980.816666666,6.75
United States,IFR,137913.68333333332,4671980.816666666,2.95
United States,LIFR,91104,4671980.816666666,1.95
