country,flight_category,minutes,total,pct
Canada,VFR,292422,376327,77.7
Canada,MVFR,44329,376327,11.78
Canada,IFR,20698,376327,5.5
Canada,LIFR,18878,376327,5.02
United States,VFR,3895182.1666666665,4230517.166666666,92.07
United States,MVFR,197401,4230517.166666666,4.67
United States,LIFR,69806,4230517.166666666,1.65
United States,IFR,68128,4230517.166666666,1.61
