country,flight_category,minutes,total,pct
Canada,VFR,210439,274238,76.74
Canada,MVFR,36547,274238,13.33
Canada,IFR,15005,274238,5.47
Canada,LIFR,12247,274238,4.47
United States,VFR,2593116.9833333334,2920684.4166666665,88.78
United States,MVFR,187757,2920684.4166666665,6.43
United States,IFR,84619.43333333333,2920684.4166666665,2.9
United States,LIFR,55191,2920684.4166666665,1.89
