country,flight_category,minutes,total,pct
Canada,VFR,398543,520450,76.58
Canada,MVFR,63219,520450,12.15
Canada,LIFR,32140,520450,6.18
Canada,IFR,26548,520450,5.1
United States,VFR,5303946.866666666,5711006.033333333,92.87
United States,MVFR,217945.08333333334,5711006.033333333,3.82
United States,LIFR,105766,5711006.033333333,1.85
United States,IFR,83348.08333333333,5711006.033333333,1.46
