country,flight_category,minutes,total,pct
Canada,VFR,158217,212030,74.62
Canada,MVFR,24337,212030,11.48
Canada,LIFR,18014,212030,8.5
Canada,IFR,11462,212030,5.41
United States,VFR,2245410.183333333,2429726.183333333,92.41
United States,MVFR,97443,2429726.183333333,4.01
United States,LIFR,49852,2429726.183333333,2.05
United States,IFR,37021,2429726.183333333,1.52
