country,flight_category,minutes,total,pct
Canada,VFR,285131,366878,77.72
Canada,MVFR,43000,366878,11.72
Canada,IFR,20186,366878,5.5
Canada,LIFR,18561,366878,5.06
United States,VFR,3792134.1666666665,4119822.1666666665,92.05
United States,MVFR,193348,4119822.1666666665,4.69
United States,LIFR,67930,4119822.1666666665,1.65
United States,IFR,66410,4119822.1666666665,1.61
