country,flight_category,minutes,total,pct
Canada,VFR,55412,63658,87.05
Canada,MVFR,6109,63658,9.6
Canada,IFR,1693,63658,2.66
Canada,LIFR,444,63658,0.7
United States,VFR,742675.9,790131.2333333334,93.99
United States,MVFR,32378,790131.2333333334,4.1
United States,IFR,11794.333333333334,790131.2333333334,1.49
United States,LIFR,3283,790131.2333333334,0.42
