country,flight_category,minutes,total,pct
Canada,VFR,232204,294907,78.74
Canada,MVFR,39389,294907,13.36
Canada,IFR,14396,294907,4.88
Canada,LIFR,8918,294907,3.02
United States,VFR,2751084.5166666666,3209530.1166666667,85.72
United States,MVFR,238027.6,3209530.1166666667,7.42
United States,IFR,122031,3209530.1166666667,3.8
United States,LIFR,98387,3209530.1166666667,3.07
