country,flight_category,minutes,total,pct
Canada,VFR,285169,367097,77.68
Canada,MVFR,43029,367097,11.72
Canada,IFR,20287,367097,5.53
Canada,LIFR,18612,367097,5.07
United States,VFR,3800200.1666666665,4128582.1666666665,92.05
United States,MVFR,193707,4128582.1666666665,4.69
United States,LIFR,68104,4128582.1666666665,1.65
United States,IFR,66571,4128582.1666666665,1.61
