country,flight_category,minutes,total,pct
Canada,VFR,167267,225454,74.19
Canada,MVFR,26195,225454,11.62
Canada,LIFR,19437,225454,8.62
Canada,IFR,12555,225454,5.57
United States,VFR,2357661.183333333,2551398.183333333,92.41
United States,MVFR,102140,2551398.183333333,4
United States,LIFR,51871,2551398.183333333,2.03
United States,IFR,39726,2551398.183333333,1.56
