country,flight_category,minutes,total,pct
Canada,VFR,190710,247650,77.01
Canada,MVFR,31661,247650,12.78
Canada,IFR,13800,247650,5.57
Canada,LIFR,11479,247650,4.64
United States,VFR,2389078.933333333,2693377.3666666662,88.7
United States,MVFR,172028,2693377.3666666662,6.39
United States,IFR,78813.43333333333,2693377.3666666662,2.93
United States,LIFR,53457,2693377.3666666662,1.98
