country,flight_category,minutes,total,pct
Canada,VFR,129560,169801,76.3
Canada,MVFR,19615,169801,11.55
Canada,LIFR,11606,169801,6.84
Canada,IFR,9020,169801,5.31
United States,VFR,1906753.1833333333,2049915.1833333333,93.02
United States,MVFR,77027,2049915.1833333333,3.76
United States,LIFR,37540,2049915.1833333333,1.83
United States,IFR,28595,2049915.1833333333,1.39
