country,flight_category,minutes,total,pct
Canada,VFR,337792,439868,76.79
Canada,MVFR,52217,439868,11.87
Canada,LIFR,27125,439868,6.17
Canada,IFR,22734,439868,5.17
United States,VFR,4615306.866666666,4938487.033333333,93.46
United States,MVFR,175767.08333333334,4938487.033333333,3.56
United States,LIFR,80315,4938487.033333333,1.63
United States,IFR,67098.08333333333,4938487.033333333,1.36
