country,flight_category,minutes,total,pct
Canada,VFR,172639,224879,76.77
Canada,MVFR,24874,224879,11.06
Canada,LIFR,14545,224879,6.47
Canada,IFR,12821,224879,5.7
United States,VFR,2283791.033333333,2518706.033333333,90.67
United States,MVFR,124061,2518706.033333333,4.93
United States,LIFR,60371,2518706.033333333,2.4
United States,IFR,50483,2518706.033333333,2
