country,flight_category,minutes,total,pct
Canada,VFR,232200,301127,77.11
Canada,MVFR,34962,301127,11.61
Canada,IFR,17059,301127,5.67
Canada,LIFR,16906,301127,5.61
United States,VFR,3028479.033333333,3320161.033333333,91.21
United States,MVFR,166970,3320161.033333333,5.03
United States,LIFR,64459,3320161.033333333,1.94
United States,IFR,60253,3320161.033333333,1.81
