country,flight_category,minutes,total,pct
Canada,VFR,94735,115121,82.29
Canada,MVFR,11756,115121,10.21
Canada,LIFR,4522,115121,3.93
Canada,IFR,4108,115121,3.57
United States,VFR,1267712.0333333334,1334569.0333333334,94.99
United States,MVFR,42894,1334569.0333333334,3.21
United States,IFR,14572,1334569.0333333334,1.09
United States,LIFR,9391,1334569.0333333334,0.7
