country,flight_category,minutes,total,pct
Canada,VFR,334960,443197,75.58
Canada,MVFR,62928,443197,14.2
Canada,IFR,25815,443197,5.82
Canada,LIFR,19494,443197,4.4
United States,VFR,4314070.433333334,4910223.833333334,87.86
United States,MVFR,340808.7166666667,4910223.833333334,6.94
United States,IFR,150046.68333333332,4910223.833333334,3.06
United States,LIFR,105298,4910223.833333334,2.14
