country,flight_category,minutes,total,pct
Canada,VFR,273278,349062,78.29
Canada,MVFR,45756,349062,13.11
Canada,IFR,18023,349062,5.16
Canada,LIFR,12005,349062,3.44
United States,VFR,3157451.5166666666,3699150.1166666667,85.36
United States,MVFR,275714.6,3699150.1166666667,7.45
United States,IFR,143087,3699150.1166666667,3.87
United States,LIFR,122897,3699150.1166666667,3.32
