country,flight_category,minutes,total,pct
Canada,VFR,363895,488501,74.49
Canada,MVFR,70676,488501,14.47
Canada,IFR,30617,488501,6.27
Canada,LIFR,23313,488501,4.77
United States,VFR,4634959.366666666,5315405.766666667,87.2
United States,MVFR,380944.7166666667,5315405.766666667,7.17
United States,IFR,171839.68333333332,5315405.766666667,3.23
United States,LIFR,127662,5315405.766666667,2.4
