country,flight_category,minutes,total,pct
Canada,VFR,438257,597723,73.32
Canada,MVFR,97347,597723,16.29
Canada,IFR,35902,597723,6.01
Canada,LIFR,26217,597723,4.39
United States,VFR,5564145.266666667,6378741.766666667,87.23
United States,MVFR,473911.15,6378741.766666667,7.43
United States,IFR,197189.35,6378741.766666667,3.09
United States,LIFR,143496,6378741.766666667,2.25
