country,flight_category,minutes,total,pct
Canada,VFR,284623,368755,77.18
Canada,MVFR,51029,368755,13.84
Canada,IFR,18895,368755,5.12
Canada,LIFR,14208,368755,3.85
United States,VFR,3568209.9,4003055.05,89.14
United States,MVFR,256640.71666666667,4003055.05,6.41
United States,IFR,113053.43333333333,4003055.05,2.82
United States,LIFR,65151,4003055.05,1.63
