country,flight_category,minutes,total,pct
Canada,VFR,418470,548572,76.28
Canada,MVFR,68679,548572,12.52
Canada,LIFR,33307,548572,6.07
Canada,IFR,28116,548572,5.13
United States,VFR,5552883.816666666,5976615.983333333,92.91
United States,MVFR,230704.08333333334,5976615.983333333,3.86
United States,LIFR,107760,5976615.983333333,1.8
United States,IFR,85268.08333333333,5976615.983333333,1.43
