country,flight_category,minutes,total,pct
Canada,VFR,408733,535503,76.33
Canada,MVFR,66210,535503,12.36
Canada,LIFR,33046,535503,6.17
Canada,IFR,27514,535503,5.14
United States,VFR,5507296.766666667,5927937.933333334,92.9
United States,MVFR,228484.08333333334,5927937.933333334,3.85
United States,LIFR,107485,5927937.933333334,1.81
United States,IFR,84672.08333333333,5927937.933333334,1.43
