country,flight_category,minutes,total,pct
Canada,VFR,419768,571681,73.43
Canada,MVFR,91094,571681,15.93
Canada,IFR,34849,571681,6.1
Canada,LIFR,25970,571681,4.54
United States,VFR,5315793.316666666,6094522.716666667,87.22
United States,MVFR,449019.7166666667,6094522.716666667,7.37
United States,IFR,191107.68333333332,6094522.716666667,3.14
United States,LIFR,138602,6094522.716666667,2.27
