country,flight_category,minutes,total,pct
Canada,VFR,241928,312776,77.35
Canada,MVFR,36238,312776,11.59
Canada,IFR,17541,312776,5.61
Canada,LIFR,17069,312776,5.46
United States,VFR,3144050.033333333,3440624.033333333,91.38
United States,MVFR,171405,3440624.033333333,4.98
United States,LIFR,64495,3440624.033333333,1.87
United States,IFR,60674,3440624.033333333,1.76
