country,flight_category,minutes,total,pct
Canada,VFR,328814,428730,76.69
Canada,MVFR,50913,428730,11.88
Canada,LIFR,26645,428730,6.21
Canada,IFR,22358,428730,5.21
United States,VFR,4501950.816666666,4810992.983333333,93.58
United States,MVFR,170059.08333333334,4810992.983333333,3.53
United States,LIFR,75677,4810992.983333333,1.57
United States,IFR,63306.083333333336,4810992.983333333,1.32
