country,flight_category,minutes,total,pct
Canada,VFR,221168,288799,76.58
Canada,MVFR,39279,288799,13.6
Canada,IFR,15463,288799,5.35
Canada,LIFR,12889,288799,4.46
United States,VFR,2746864.9833333334,3092950.4166666665,88.81
United States,MVFR,199716,3092950.4166666665,6.46
United States,IFR,89970.43333333333,3092950.4166666665,2.91
United States,LIFR,56399,3092950.4166666665,1.82
