country,flight_category,minutes,total,pct
Canada,VFR,80933,94334,85.79
Canada,MVFR,9530,94334,10.1
Canada,IFR,2796,94334,2.96
Canada,LIFR,1075,94334,1.14
United States,VFR,1041535.95,1125263.2833333332,92.56
United States,MVFR,53306,1125263.2833333332,4.74
United States,IFR,21023.333333333332,1125263.2833333332,1.87
United States,LIFR,9398,1125263.2833333332,0.84
