country,flight_category,minutes,total,pct
Canada,VFR,399671,544637,73.38
Canada,MVFR,85038,544637,15.61
Canada,IFR,34309,544637,6.3
Canada,LIFR,25619,544637,4.7
United States,VFR,5103823.4,5860415.800000001,87.09
United States,MVFR,431919.7166666667,5860415.800000001,7.37
United States,IFR,187669.68333333332,5860415.800000001,3.2
United States,LIFR,137003,5860415.800000001,2.34
