country,flight_category,minutes,total,pct
Canada,VFR,277857,366924,75.73
Canada,MVFR,44899,366924,12.24
Canada,LIFR,24280,366924,6.62
Canada,IFR,19888,366924,5.42
United States,VFR,3726728.433333333,3983254.433333333,93.56
United States,MVFR,146392,3983254.433333333,3.68
United States,LIFR,59643,3983254.433333333,1.5
United States,IFR,50491,3983254.433333333,1.27
