country,flight_category,minutes,total,pct
Canada,VFR,319824,421747,75.83
Canada,MVFR,59915,421747,14.21
Canada,IFR,24230,421747,5.75
Canada,LIFR,17778,421747,4.22
United States,VFR,4185517.4166666665,4741219.816666666,88.28
United States,MVFR,321079.7166666667,4741219.816666666,6.77
United States,IFR,140600.68333333332,4741219.816666666,2.97
United States,LIFR,94022,4741219.816666666,1.98
