country,flight_category,minutes,total,pct
Canada,VFR,277395,357147,77.67
Canada,MVFR,41569,357147,11.64
Canada,IFR,19763,357147,5.53
Canada,LIFR,18420,357147,5.16
United States,VFR,3746789.1666666665,4069322.1666666665,92.07
United States,MVFR,190430,4069322.1666666665,4.68
United States,LIFR,66705,4069322.1666666665,1.64
United States,IFR,65398,4069322.1666666665,1.61
