country,flight_category,minutes,total,pct
Canada,VFR,337986,440241,76.77
Canada,MVFR,52289,440241,11.88
Canada,LIFR,27170,440241,6.17
Canada,IFR,22796,440241,5.18
United States,VFR,4621957.9,4947045.066666667,93.43
United States,MVFR,176627.08333333334,4947045.066666667,3.57
United States,LIFR,81016,4947045.066666667,1.64
United States,IFR,67444.08333333333,4947045.066666667,1.36
