country,flight_category,minutes,total,pct
Canada,VFR,231147,301419,76.69
Canada,MVFR,41252,301419,13.69
Canada,IFR,15866,301419,5.26
Canada,LIFR,13154,301419,4.36
United States,VFR,2866892.966666667,3224870.4,88.9
United States,MVFR,207565,3224870.4,6.44
United States,IFR,93331.43333333333,3224870.4,2.89
United States,LIFR,57081,3224870.4,1.77
