country,flight_category,minutes,total,pct
Canada,VFR,263294,336621,78.22
Canada,MVFR,44578,336621,13.24
Canada,IFR,17254,336621,5.13
Canada,LIFR,11495,336621,3.41
United States,VFR,3075503.5166666666,3605826.1166666667,85.29
United States,MVFR,270307.6,3605826.1166666667,7.5
United States,IFR,139583,3605826.1166666667,3.87
United States,LIFR,120432,3605826.1166666667,3.34
