country,flight_category,minutes,total,pct
Canada,VFR,118744,147002,80.78
Canada,MVFR,15134,147002,10.3
Canada,LIFR,6861,147002,4.67
Canada,IFR,6263,147002,4.26
United States,VFR,1626976.0333333334,1748273.0333333334,93.06
United States,MVFR,69210,1748273.0333333334,3.96
United States,LIFR,27319,1748273.0333333334,1.56
United States,IFR,24768,1748273.0333333334,1.42
