country,flight_category,minutes,total,pct
Canada,VFR,79106,96392,82.07
Canada,MVFR,9980,96392,10.35
Canada,LIFR,4129,96392,4.28
Canada,IFR,3177,96392,3.3
United States,VFR,1069878.0333333334,1121089.0333333334,95.43
United States,MVFR,33931,1121089.0333333334,3.03
United States,IFR,11340,1121089.0333333334,1.01
United States,LIFR,5940,1121089.0333333334,0.53
