country,flight_category,minutes,total,pct
Canada,VFR,306972,396899,77.34
Canada,MVFR,47559,396899,11.98
Canada,IFR,21962,396899,5.53
Canada,LIFR,20406,396899,5.14
United States,VFR,4150563.2333333334,4514964.233333333,91.93
United States,MVFR,211342,4514964.233333333,4.68
United States,LIFR,78663,4514964.233333333,1.74
United States,IFR,74396,4514964.233333333,1.65
