country,flight_category,minutes,total,pct
Canada,VFR,439067,576077,76.22
Canada,MVFR,73621,576077,12.78
Canada,LIFR,33851,576077,5.88
Canada,IFR,29538,576077,5.13
United States,VFR,5818441.866666666,6257903.033333333,92.98
United States,MVFR,241909.08333333334,6257903.033333333,3.87
United States,LIFR,109346,6257903.033333333,1.75
United States,IFR,88206.08333333333,6257903.033333333,1.41
