country,flight_category,minutes,total,pct
Canada,VFR,241351,313772,76.92
Canada,MVFR,42700,313772,13.61
Canada,IFR,16330,313772,5.2
Canada,LIFR,13391,313772,4.27
United States,VFR,2986746.9166666665,3357189.3499999996,88.97
United States,MVFR,215831,3357189.3499999996,6.43
United States,IFR,96521.43333333333,3357189.3499999996,2.88
United States,LIFR,58090,3357189.3499999996,1.73
