country,flight_category,minutes,total,pct
Canada,VFR,55280,63219,87.44
Canada,MVFR,5875,63219,9.29
Canada,IFR,1696,63219,2.68
Canada,LIFR,368,63219,0.58
United States,VFR,670699.9833333333,712552.3166666667,94.13
United States,MVFR,29009,712552.3166666667,4.07
United States,IFR,10419.333333333334,712552.3166666667,1.46
United States,LIFR,2424,712552.3166666667,0.34
