country,flight_category,minutes,total,pct
Canada,VFR,260322,335208,77.66
Canada,MVFR,38610,335208,11.52
Canada,IFR,18645,335208,5.56
Canada,LIFR,17631,335208,5.26
United States,VFR,3393089.1666666665,3699354.1666666665,91.72
United States,MVFR,179587,3699354.1666666665,4.85
United States,LIFR,64735,3699354.1666666665,1.75
United States,IFR,61943,3699354.1666666665,1.67
