country,flight_category,minutes,total,pct
Canada,VFR,131070,161237,81.29
Canada,MVFR,17754,161237,11.01
Canada,IFR,7207,161237,4.47
Canada,LIFR,5206,161237,3.23
United States,VFR,1737335.8666666667,1949230.3,89.13
United States,MVFR,116415,1949230.3,5.97
United States,IFR,55591.433333333334,1949230.3,2.85
United States,LIFR,39888,1949230.3,2.05
