country,flight_category,minutes,total,pct
Canada,VFR,248167,332491,74.64
Canada,MVFR,41524,332491,12.49
Canada,LIFR,24005,332491,7.22
Canada,IFR,18795,332491,5.65
United States,VFR,3364794.183333333,3609983.183333333,93.21
United States,MVFR,138636,3609983.183333333,3.84
United States,LIFR,58457,3609983.183333333,1.62
United States,IFR,48096,3609983.183333333,1.33
