country,flight_category,minutes,total,pct
Canada,VFR,438970,575732,76.25
Canada,MVFR,73485,575732,12.76
Canada,LIFR,33775,575732,5.87
Canada,IFR,29502,575732,5.12
United States,VFR,5790984.75,6228068.916666667,92.98
United States,MVFR,240448.08333333334,6228068.916666667,3.86
United States,LIFR,109203,6228068.916666667,1.75
United States,IFR,87433.08333333333,6228068.916666667,1.4
