country,flight_category,minutes,total,pct
Canada,VFR,398764,521304,76.49
Canada,MVFR,63501,521304,12.18
Canada,LIFR,32307,521304,6.2
Canada,IFR,26732,521304,5.13
United States,VFR,5318269.866666666,5727091.033333333,92.86
United States,MVFR,219265.08333333334,5727091.033333333,3.83
United States,LIFR,106049,5727091.033333333,1.85
United States,IFR,83507.08333333333,5727091.033333333,1.46
