country,flight_category,minutes,total,pct
Canada,VFR,278130,367764,75.63
Canada,MVFR,45199,367764,12.29
Canada,LIFR,24328,367764,6.62
Canada,IFR,20107,367764,5.47
United States,VFR,3817739.433333333,4077141.433333333,93.64
United States,MVFR,148022,4077141.433333333,3.63
United States,LIFR,60193,4077141.433333333,1.48
United States,IFR,51187,4077141.433333333,1.26
