country,flight_category,minutes,total,pct
Canada,VFR,418560,548705,76.28
Canada,MVFR,68656,548705,12.51
Canada,LIFR,33307,548705,6.07
Canada,IFR,28182,548705,5.14
United States,VFR,5566581.8,5991351.966666667,92.91
United States,MVFR,231467.08333333334,5991351.966666667,3.86
United States,LIFR,107939,5991351.966666667,1.8
United States,IFR,85364.08333333333,5991351.966666667,1.42
