country,flight_category,minutes,total,pct
Canada,VFR,146750,186904,78.52
Canada,MVFR,19527,186904,10.45
Canada,LIFR,11275,186904,6.03
Canada,IFR,9352,186904,5
United States,VFR,2031288.0333333334,2227006.033333333,91.21
United States,MVFR,103648,2227006.033333333,4.65
United States,LIFR,51818,2227006.033333333,2.33
United States,IFR,40252,2227006.033333333,1.81
