country,flight_category,minutes,total,pct
Canada,VFR,152005,191299,79.46
Canada,MVFR,22015,191299,11.51
Canada,IFR,9472,191299,4.95
Canada,LIFR,7807,191299,4.08
United States,VFR,1928068.8833333333,2171011.3166666664,88.81
United States,MVFR,132565,2171011.3166666664,6.11
United States,IFR,64312.433333333334,2171011.3166666664,2.96
United States,LIFR,46065,2171011.3166666664,2.12
