country,flight_category,minutes,total,pct
Canada,VFR,76050,96784,78.58
Canada,MVFR,13913,96784,14.38
Canada,IFR,4725,96784,4.88
Canada,LIFR,2096,96784,2.17
United States,VFR,1085674.1833333333,1132639.1833333333,95.85
United States,MVFR,28865,1132639.1833333333,2.55
United States,IFR,9944,1132639.1833333333,0.88
United States,LIFR,8156,1132639.1833333333,0.72
