country,flight_category,minutes,total,pct
Canada,VFR,222189,288954,76.89
Canada,MVFR,33770,288954,11.69
Canada,LIFR,16690,288954,5.78
Canada,IFR,16305,288954,5.64
United States,VFR,2910051.033333333,3196403.033333333,91.04
United States,MVFR,162475,3196403.033333333,5.08
United States,LIFR,64263,3196403.033333333,2.01
United States,IFR,59614,3196403.033333333,1.87
