country,flight_category,minutes,total,pct
Canada,VFR,200624,261016,76.86
Canada,MVFR,34030,261016,13.04
Canada,IFR,14517,261016,5.56
Canada,LIFR,11845,261016,4.54
United States,VFR,2492495.05,2808826.483333333,88.74
United States,MVFR,180080,2808826.483333333,6.41
United States,IFR,82004.43333333333,2808826.483333333,2.92
United States,LIFR,54247,2808826.483333333,1.93
