country,flight_category,minutes,total,pct
Canada,VFR,253338,323155,78.4
Canada,MVFR,42883,323155,13.27
Canada,IFR,16207,323155,5.02
Canada,LIFR,10727,323155,3.32
United States,VFR,2948521.5166666666,3454993.1166666667,85.34
United States,MVFR,261383.6,3454993.1166666667,7.57
United States,IFR,132277,3454993.1166666667,3.83
United States,LIFR,112811,3454993.1166666667,3.27
