country,flight_category,minutes,total,pct
Canada,VFR,167434,226138,74.04
Canada,MVFR,26339,226138,11.65
Canada,LIFR,19665,226138,8.7
Canada,IFR,12700,226138,5.62
United States,VFR,2374479.183333333,2569924.183333333,92.39
United States,MVFR,103027,2569924.183333333,4.01
United States,LIFR,52263,2569924.183333333,2.03
United States,IFR,40155,2569924.183333333,1.56
