country,flight_category,minutes,total,pct
Canada,VFR,190705,247915,76.92
Canada,MVFR,31836,247915,12.84
Canada,IFR,13867,247915,5.59
Canada,LIFR,11507,247915,4.64
United States,VFR,2454432.933333333,2764898.3666666662,88.77
United States,MVFR,176419,2764898.3666666662,6.38
United States,IFR,80212.43333333333,2764898.3666666662,2.9
United States,LIFR,53834,2764898.3666666662,1.95
