country,flight_category,minutes,total,pct
Canada,VFR,408624,535175,76.35
Canada,MVFR,66079,535175,12.35
Canada,LIFR,32980,535175,6.16
Canada,IFR,27492,535175,5.14
United States,VFR,5445361.9,5862388.066666667,92.89
United States,MVFR,225598.08333333334,5862388.066666667,3.85
United States,LIFR,107014,5862388.066666667,1.83
United States,IFR,84414.08333333333,5862388.066666667,1.44
