country,flight_category,minutes,total,pct
Canada,VFR,206227,281487,73.26
Canada,MVFR,35797,281487,12.72
Canada,LIFR,23014,281487,8.18
Canada,IFR,16449,281487,5.84
United States,VFR,2906734.183333333,3133770.183333333,92.76
United States,MVFR,124102,3133770.183333333,3.96
United States,LIFR,57207,3133770.183333333,1.83
United States,IFR,45727,3133770.183333333,1.46
