country,flight_category,minutes,total,pct
Canada,VFR,306814,396368,77.41
Canada,MVFR,47366,396368,11.95
Canada,IFR,21928,396368,5.53
Canada,LIFR,20260,396368,5.11
United States,VFR,4141436.2333333334,4503932.233333333,91.95
United States,MVFR,210488,4503932.233333333,4.67
United States,LIFR,78010,4503932.233333333,1.73
United States,IFR,73998,4503932.233333333,1.64
