country,flight_category,minutes,total,pct
Canada,VFR,155049,198323,78.18
Canada,MVFR,20731,198323,10.45
Canada,LIFR,12150,198323,6.13
Canada,IFR,10393,198323,5.24
United States,VFR,2051094.0333333334,2250882.033333333,91.12
United States,MVFR,105320,2250882.033333333,4.68
United States,LIFR,52983,2250882.033333333,2.35
United States,IFR,41485,2250882.033333333,1.84
