country,flight_category,minutes,total,pct
Canada,VFR,126768,158143,80.16
Canada,MVFR,16234,158143,10.27
Canada,LIFR,8097,158143,5.12
Canada,IFR,7044,158143,4.45
United States,VFR,1718387.0333333334,1857180.0333333334,92.53
United States,MVFR,77547,1857180.0333333334,4.18
United States,LIFR,33250,1857180.0333333334,1.79
United States,IFR,27996,1857180.0333333334,1.51
