country,flight_category,minutes,total,pct
Canada,VFR,346581,450627,76.91
Canada,MVFR,53245,450627,11.82
Canada,LIFR,27726,450627,6.15
Canada,IFR,23075,450627,5.12
United States,VFR,4722153.866666666,5059307.033333333,93.34
United States,MVFR,181840.08333333334,5059307.033333333,3.59
United States,LIFR,85577,5059307.033333333,1.69
United States,IFR,69736.08333333333,5059307.033333333,1.38
