country,flight_category,minutes,total,pct
Canada,VFR,388893,506621,76.76
Canada,MVFR,60796,506621,12
Canada,LIFR,31107,506621,6.14
Canada,IFR,25825,506621,5.1
United States,VFR,5182187.866666666,5580618.033333333,92.86
United States,MVFR,212335.08333333334,5580618.033333333,3.8
United States,LIFR,104382,5580618.033333333,1.87
United States,IFR,81713.08333333333,5580618.033333333,1.46
