country,flight_category,minutes,total,pct
Canada,VFR,312963,408882,76.54
Canada,MVFR,48592,408882,11.88
Canada,LIFR,25758,408882,6.3
Canada,IFR,21569,408882,5.28
United States,VFR,4262049.433333334,4547314.033333333,93.73
United States,MVFR,159753.08333333334,4547314.033333333,3.51
United States,LIFR,67683,4547314.033333333,1.49
United States,IFR,57828.51666666667,4547314.033333333,1.27
