country,flight_category,minutes,total,pct
Canada,VFR,195804,267296,73.25
Canada,MVFR,33320,267296,12.47
Canada,LIFR,22667,267296,8.48
Canada,IFR,15505,267296,5.8
United States,VFR,2739945.183333333,2958965.183333333,92.6
United States,MVFR,118306,2958965.183333333,4
United States,LIFR,56290,2958965.183333333,1.9
United States,IFR,44424,2958965.183333333,1.5
