country,flight_category,minutes,total,pct
Canada,VFR,83932,107208,78.29
Canada,MVFR,15126,107208,14.11
Canada,IFR,5273,107208,4.92
Canada,LIFR,2877,107208,2.68
United States,VFR,1209352.1833333333,1265705.1833333333,95.55
United States,MVFR,33599,1265705.1833333333,2.65
United States,IFR,11740,1265705.1833333333,0.93
United States,LIFR,11014,1265705.1833333333,0.87
