country,flight_category,minutes,total,pct
Canada,VFR,242644,314552,77.14
Canada,MVFR,36730,314552,11.68
Canada,IFR,17971,314552,5.71
Canada,LIFR,17207,314552,5.47
United States,VFR,3271372.1666666665,3572743.1666666665,91.56
United States,MVFR,175659,3572743.1666666665,4.92
United States,LIFR,64525,3572743.1666666665,1.81
United States,IFR,61187,3572743.1666666665,1.71
