country,flight_category,minutes,total,pct
Canada,VFR,83955,107458,78.13
Canada,MVFR,15174,107458,14.12
Canada,IFR,5344,107458,4.97
Canada,LIFR,2985,107458,2.78
United States,VFR,1274815.1833333333,1335334.1833333333,95.47
United States,MVFR,35943,1335334.1833333333,2.69
United States,IFR,12743,1335334.1833333333,0.95
United States,LIFR,11833,1335334.1833333333,0.89
