country,flight_category,minutes,total,pct
Canada,VFR,222870,283051,78.74
Canada,MVFR,38173,283051,13.49
Canada,IFR,13768,283051,4.86
Canada,LIFR,8240,283051,2.91
United States,VFR,2623440.5166666666,3039762.1166666667,86.3
United States,MVFR,218773.6,3039762.1166666667,7.2
United States,IFR,112454,3039762.1166666667,3.7
United States,LIFR,85094,3039762.1166666667,2.8
