country,flight_category,minutes,total,pct
Canada,VFR,83429,105991,78.71
Canada,MVFR,14809,105991,13.97
Canada,IFR,5149,105991,4.86
Canada,LIFR,2604,105991,2.46
United States,VFR,1170833.1833333333,1222990.1833333333,95.74
United States,MVFR,31698,1222990.1833333333,2.59
United States,IFR,10915,1222990.1833333333,0.89
United States,LIFR,9544,1222990.1833333333,0.78
