country,flight_category,minutes,total,pct
Canada,VFR,201424,263098,76.56
Canada,MVFR,30750,263098,11.69
Canada,LIFR,16059,263098,6.1
Canada,IFR,14865,263098,5.65
United States,VFR,2627250.033333333,2896058.033333333,90.72
United States,MVFR,148151,2896058.033333333,5.12
United States,LIFR,63378,2896058.033333333,2.19
United States,IFR,57279,2896058.033333333,1.98
