country,flight_category,minutes,total,pct
Canada,VFR,110595,136026,81.3
Canada,MVFR,13846,136026,10.18
Canada,LIFR,5966,136026,4.39
Canada,IFR,5619,136026,4.13
United States,VFR,1495984.0333333334,1593007.0333333334,93.91
United States,MVFR,57215,1593007.0333333334,3.59
United States,IFR,20669,1593007.0333333334,1.3
United States,LIFR,19139,1593007.0333333334,1.2
