country,flight_category,minutes,total,pct
Canada,VFR,170894,219433,77.88
Canada,MVFR,26625,219433,12.13
Canada,IFR,11890,219433,5.42
Canada,LIFR,10024,219433,4.57
United States,VFR,2156036.95,2429886.3833333333,88.73
United States,MVFR,151107,2429886.3833333333,6.22
United States,IFR,72284.43333333333,2429886.3833333333,2.97
United States,LIFR,50458,2429886.3833333333,2.08
