country,flight_category,minutes,total,pct
Canada,VFR,164002,212942,77.02
Canada,MVFR,23142,212942,10.87
Canada,LIFR,13872,212942,6.51
Canada,IFR,11926,212942,5.6
United States,VFR,2262394.033333333,2493988.033333333,90.71
United States,MVFR,122077,2493988.033333333,4.89
United States,LIFR,59825,2493988.033333333,2.4
United States,IFR,49692,2493988.033333333,1.99
