country,flight_category,minutes,total,pct
Canada,VFR,418710,548944,76.28
Canada,MVFR,68733,548944,12.52
Canada,LIFR,33307,548944,6.07
Canada,IFR,28194,548944,5.14
United States,VFR,5598384.8,6024445.966666667,92.93
United States,MVFR,232610.08333333334,6024445.966666667,3.86
United States,LIFR,107952,6024445.966666667,1.79
United States,IFR,85499.08333333333,6024445.966666667,1.42
