country,flight_category,minutes,total,pct
Canada,VFR,44941,55037,81.66
Canada,MVFR,6150,55037,11.17
Canada,LIFR,2263,55037,4.11
Canada,IFR,1683,55037,3.06
United States,VFR,653596.0333333333,680294.0333333333,96.08
United States,MVFR,18956,680294.0333333333,2.79
United States,IFR,6247,680294.0333333333,0.92
United States,LIFR,1495,680294.0333333333,0.22
