country,flight_category,minutes,total,pct
Canada,VFR,249060,334347,74.49
Canada,MVFR,42270,334347,12.64
Canada,LIFR,24022,334347,7.18
Canada,IFR,18995,334347,5.68
United States,VFR,3508301.433333333,3758253.433333333,93.35
United States,MVFR,141865,3758253.433333333,3.77
United States,LIFR,58947,3758253.433333333,1.57
United States,IFR,49140,3758253.433333333,1.31
