country,flight_category,minutes,total,pct
Canada,VFR,437711,598410,73.15
Canada,MVFR,98114,598410,16.4
Canada,IFR,36289,598410,6.06
Canada,LIFR,26296,598410,4.39
United States,VFR,5557044.133333334,6382040.633333334,87.07
United States,MVFR,476840.15,6382040.633333334,7.47
United States,IFR,201383.35,6382040.633333334,3.16
United States,LIFR,146773,6382040.633333334,2.3
