country,flight_category,minutes,total,pct
Canada,VFR,292630,376599,77.7
Canada,MVFR,44360,376599,11.78
Canada,IFR,20692,376599,5.49
Canada,LIFR,18917,376599,5.02
United States,VFR,3912115.1666666665,4249700.166666666,92.06
United States,MVFR,198532,4249700.166666666,4.67
United States,LIFR,70384,4249700.166666666,1.66
United States,IFR,68669,4249700.166666666,1.62
