country,flight_category,minutes,total,pct
Canada,VFR,335376,444311,75.48
Canada,MVFR,63195,444311,14.22
Canada,IFR,26115,444311,5.88
Canada,LIFR,19625,444311,4.42
United States,VFR,4331181.366666666,4937729.766666667,87.72
United States,MVFR,345373.7166666667,4937729.766666667,6.99
United States,IFR,152334.68333333332,4937729.766666667,3.09
United States,LIFR,108840,4937729.766666667,2.2
