country,flight_category,minutes,total,pct
Canada,VFR,70545,85551,82.46
Canada,MVFR,8821,85551,10.31
Canada,LIFR,3576,85551,4.18
Canada,IFR,2609,85551,3.05
United States,VFR,925556.0333333333,965905.0333333333,95.82
United States,MVFR,27383,965905.0333333333,2.83
United States,IFR,9386,965905.0333333333,0.97
United States,LIFR,3580,965905.0333333333,0.37
