country,flight_category,minutes,total,pct
Canada,VFR,195653,266773,73.34
Canada,MVFR,33170,266773,12.43
Canada,LIFR,22557,266773,8.46
Canada,IFR,15393,266773,5.77
United States,VFR,2714142.183333333,2931365.183333333,92.59
United States,MVFR,117061,2931365.183333333,3.99
United States,LIFR,56150,2931365.183333333,1.92
United States,IFR,44012,2931365.183333333,1.5
