country,flight_category,minutes,total,pct
Canada,VFR,389830,529712,73.59
Canada,MVFR,80823,529712,15.26
Canada,IFR,33697,529712,6.36
Canada,LIFR,25362,529712,4.79
United States,VFR,4949155.316666666,5682179.716666667,87.1
United States,MVFR,414306.7166666667,5682179.716666667,7.29
United States,IFR,184172.68333333332,5682179.716666667,3.24
United States,LIFR,134545,5682179.716666667,2.37
