country,flight_category,minutes,total,pct
Canada,VFR,167243,225168,74.27
Canada,MVFR,26114,225168,11.6
Canada,LIFR,19394,225168,8.61
Canada,IFR,12417,225168,5.51
United States,VFR,2351524.183333333,2544588.183333333,92.41
United States,MVFR,101732,2544588.183333333,4
United States,LIFR,51595,2544588.183333333,2.03
United States,IFR,39737,2544588.183333333,1.56
