country,flight_category,minutes,total,pct
Canada,VFR,439791,597175,73.65
Canada,MVFR,95839,597175,16.05
Canada,IFR,35439,597175,5.93
Canada,LIFR,26106,597175,4.37
United States,VFR,5568893.383333334,6371375.783333334,87.4
United States,MVFR,467500.7166666667,6371375.783333334,7.34
United States,IFR,195011.68333333332,6371375.783333334,3.06
United States,LIFR,139970,6371375.783333334,2.2
