country,flight_category,minutes,total,pct
Canada,VFR,118502,146344,80.97
Canada,MVFR,14969,146344,10.23
Canada,LIFR,6674,146344,4.56
Canada,IFR,6199,146344,4.24
United States,VFR,1597040.0333333334,1709516.0333333334,93.42
United States,MVFR,65238,1709516.0333333334,3.82
United States,LIFR,23921,1709516.0333333334,1.4
United States,IFR,23317,1709516.0333333334,1.36
