country,flight_category,minutes,total,pct
Canada,VFR,278335,368124,75.61
Canada,MVFR,45327,368124,12.31
Canada,LIFR,24328,368124,6.61
Canada,IFR,20134,368124,5.47
United States,VFR,3852201.433333333,4112811.433333333,93.66
United States,MVFR,148747,4112811.433333333,3.62
United States,LIFR,60321,4112811.433333333,1.47
United States,IFR,51542,4112811.433333333,1.25
