country,flight_category,minutes,total,pct
Canada,VFR,241414,313968,76.89
Canada,MVFR,42722,313968,13.61
Canada,IFR,16423,313968,5.23
Canada,LIFR,13409,313968,4.27
United States,VFR,2993634.9166666665,3365245.3499999996,88.96
United States,MVFR,216386,3365245.3499999996,6.43
United States,IFR,97043.43333333333,3365245.3499999996,2.88
United States,LIFR,58181,3365245.3499999996,1.73
