country,flight_category,minutes,total,pct
Canada,VFR,197142,251848,78.28
Canada,MVFR,35118,251848,13.94
Canada,IFR,12537,251848,4.98
Canada,LIFR,7051,251848,2.8
United States,VFR,2337311.5166666666,2693578.1166666667,86.77
United States,MVFR,190517.6,2693578.1166666667,7.07
United States,IFR,97449,2693578.1166666667,3.62
United States,LIFR,68300,2693578.1166666667,2.54
