country,flight_category,minutes,total,pct
Canada,VFR,216165,293784,73.58
Canada,MVFR,37212,293784,12.67
Canada,LIFR,23305,293784,7.93
Canada,IFR,17102,293784,5.82
United States,VFR,2978702.183333333,3209300.183333333,92.81
United States,MVFR,127074,3209300.183333333,3.96
United States,LIFR,57540,3209300.183333333,1.79
United States,IFR,45984,3209300.183333333,1.43
