country,flight_category,minutes,total,pct
Canada,VFR,180511,233116,77.43
Canada,MVFR,28923,233116,12.41
Canada,IFR,12920,233116,5.54
Canada,LIFR,10762,233116,4.62
United States,VFR,2255940.066666667,2542522.5,88.73
United States,MVFR,160214,2542522.5,6.3
United States,IFR,74850.43333333333,2542522.5,2.94
United States,LIFR,51518,2542522.5,2.03
