country,flight_category,minutes,total,pct
Canada,VFR,185921,253468,73.35
Canada,MVFR,30743,253468,12.13
Canada,LIFR,22053,253468,8.7
Canada,IFR,14751,253468,5.82
United States,VFR,2612409.183333333,2823689.183333333,92.52
United States,MVFR,113076,2823689.183333333,4
United States,LIFR,55101,2823689.183333333,1.95
United States,IFR,43103,2823689.183333333,1.53
