country,flight_category,minutes,total,pct
Canada,VFR,26603,33059,80.47
Canada,MVFR,3968,33059,12
Canada,LIFR,1579,33059,4.78
Canada,IFR,909,33059,2.75
United States,VFR,434619.0333333333,453217.0333333333,95.9
United States,MVFR,13370,453217.0333333333,2.95
United States,IFR,4335,453217.0333333333,0.96
United States,LIFR,893,453217.0333333333,0.2
