country,flight_category,minutes,total,pct
Canada,VFR,306081,400203,76.48
Canada,MVFR,56479,400203,14.11
Canada,IFR,22037,400203,5.51
Canada,LIFR,15606,400203,3.9
United States,VFR,3923311.033333333,4420297.433333334,88.76
United States,MVFR,292262.7166666667,4420297.433333334,6.61
United States,IFR,125841.68333333333,4420297.433333334,2.85
United States,LIFR,78882,4420297.433333334,1.78
