country,flight_category,minutes,total,pct
Canada,VFR,67850,86064,78.84
Canada,MVFR,12620,86064,14.66
Canada,IFR,4072,86064,4.73
Canada,LIFR,1522,86064,1.77
United States,VFR,946050.1833333333,984617.1833333333,96.08
United States,MVFR,24223,984617.1833333333,2.46
United States,IFR,8236,984617.1833333333,0.84
United States,LIFR,6108,984617.1833333333,0.62
