country,flight_category,minutes,total,pct
Canada,VFR,142629,177629,80.3
Canada,MVFR,20121,177629,11.33
Canada,IFR,8244,177629,4.64
Canada,LIFR,6635,177629,3.74
United States,VFR,1865426.8833333333,2097004.3166666667,88.96
United States,MVFR,126841,2097004.3166666667,6.05
United States,IFR,60783.433333333334,2097004.3166666667,2.9
United States,LIFR,43953,2097004.3166666667,2.1
