country,flight_category,minutes,total,pct
Canada,VFR,110706,136401,81.16
Canada,MVFR,13978,136401,10.25
Canada,LIFR,6015,136401,4.41
Canada,IFR,5702,136401,4.18
United States,VFR,1507288.0333333334,1606330.0333333334,93.83
United States,MVFR,58181,1606330.0333333334,3.62
United States,IFR,21025,1606330.0333333334,1.31
United States,LIFR,19836,1606330.0333333334,1.23
