country,flight_category,minutes,total,pct
Canada,VFR,408438,534376,76.43
Canada,MVFR,65868,534376,12.33
Canada,LIFR,32777,534376,6.13
Canada,IFR,27293,534376,5.11
United States,VFR,5425251.883333334,5840586.050000001,92.89
United States,MVFR,224339.08333333334,5840586.050000001,3.84
United States,LIFR,106838,5840586.050000001,1.83
United States,IFR,84157.08333333333,5840586.050000001,1.44
