country,flight_category,minutes,total,pct
Canada,VFR,172727,225257,76.68
Canada,MVFR,25004,225257,11.1
Canada,LIFR,14618,225257,6.49
Canada,IFR,12908,225257,5.73
United States,VFR,2295993.033333333,2532739.033333333,90.65
United States,MVFR,125054,2532739.033333333,4.94
United States,LIFR,60664,2532739.033333333,2.4
United States,IFR,51028,2532739.033333333,2.01
