country,flight_category,minutes,total,pct
Canada,VFR,295977,388537,76.18
Canada,MVFR,46859,388537,12.06
Canada,LIFR,24855,388537,6.4
Canada,IFR,20846,388537,5.37
United States,VFR,4004886.433333333,4273262.516666667,93.72
United States,MVFR,152742.08333333334,4273262.516666667,3.57
United States,LIFR,62341,4273262.516666667,1.46
United States,IFR,53293,4273262.516666667,1.25
