country,flight_category,minutes,total,pct
Canada,VFR,95128,116153,81.9
Canada,MVFR,11903,116153,10.25
Canada,LIFR,4802,116153,4.13
Canada,IFR,4320,116153,3.72
United States,VFR,1304527.0333333334,1378143.0333333334,94.66
United States,MVFR,45932,1378143.0333333334,3.33
United States,IFR,16023,1378143.0333333334,1.16
United States,LIFR,11661,1378143.0333333334,0.85
