country,flight_category,minutes,total,pct
Canada,VFR,437630,598442,73.13
Canada,MVFR,98190,598442,16.41
Canada,IFR,36326,598442,6.07
Canada,LIFR,26296,598442,4.39
United States,VFR,5549521.133333334,6374556.633333334,87.06
United States,MVFR,476306.15,6374556.633333334,7.47
United States,IFR,201955.35,6374556.633333334,3.17
United States,LIFR,146774,6374556.633333334,2.3
