country,flight_category,minutes,total,pct
Canada,VFR,409614,558201,73.38
Canada,MVFR,88078,558201,15.78
Canada,IFR,34636,558201,6.2
Canada,LIFR,25873,558201,4.64
United States,VFR,5198504.466666667,5965938.866666667,87.14
United States,MVFR,439988.7166666667,5965938.866666667,7.38
United States,IFR,189696.68333333332,5965938.866666667,3.18
United States,LIFR,137749,5965938.866666667,2.31
