country,flight_category,minutes,total,pct
Canada,VFR,155422,199814,77.78
Canada,MVFR,21091,199814,10.56
Canada,LIFR,12589,199814,6.3
Canada,IFR,10712,199814,5.36
United States,VFR,2102145.033333333,2311281.033333333,90.95
United States,MVFR,110586,2311281.033333333,4.78
United States,LIFR,55166,2311281.033333333,2.39
United States,IFR,43384,2311281.033333333,1.88
