country,flight_category,minutes,total,pct
Canada,VFR,96963,114647,84.58
Canada,MVFR,11685,114647,10.19
Canada,IFR,4090,114647,3.57
Canada,LIFR,1909,114647,1.67
United States,VFR,1267488.9833333334,1385549.4166666667,91.48
United States,MVFR,71140,1385549.4166666667,5.13
United States,IFR,30407.433333333334,1385549.4166666667,2.19
United States,LIFR,16513,1385549.4166666667,1.19
