country,flight_category,minutes,total,pct
Canada,VFR,299959,386958,77.52
Canada,MVFR,46016,386958,11.89
Canada,IFR,21494,386958,5.55
Canada,LIFR,19489,386958,5.04
United States,VFR,4038704.2333333334,4389303.233333333,92.01
United States,MVFR,205091,4389303.233333333,4.67
United States,LIFR,74008,4389303.233333333,1.69
United States,IFR,71500,4389303.233333333,1.63
