country,flight_category,minutes,total,pct
Canada,VFR,120996,157944,76.61
Canada,MVFR,18857,157944,11.94
Canada,LIFR,9842,157944,6.23
Canada,IFR,8249,157944,5.22
United States,VFR,1795268.1833333333,1921189.1833333333,93.45
United States,MVFR,68641,1921189.1833333333,3.57
United States,LIFR,32232,1921189.1833333333,1.68
United States,IFR,25048,1921189.1833333333,1.3
