country,flight_category,minutes,total,pct
Canada,VFR,163744,211961,77.25
Canada,MVFR,22723,211961,10.72
Canada,LIFR,13730,211961,6.48
Canada,IFR,11764,211961,5.55
United States,VFR,2181736.033333333,2403230.033333333,90.78
United States,MVFR,116031,2403230.033333333,4.83
United States,LIFR,58141,2403230.033333333,2.42
United States,IFR,47322,2403230.033333333,1.97
