country,flight_category,minutes,total,pct
Canada,VFR,89329,105232,84.89
Canada,MVFR,10795,105232,10.26
Canada,IFR,3655,105232,3.47
Canada,LIFR,1453,105232,1.38
United States,VFR,1227104.9333333333,1334159.3666666667,91.98
United States,MVFR,65912,1334159.3666666667,4.94
United States,IFR,27423.433333333334,1334159.3666666667,2.06
United States,LIFR,13719,1334159.3666666667,1.03
