country,flight_category,minutes,total,pct
Canada,VFR,299255,390240,76.68
Canada,MVFR,54977,390240,14.09
Canada,IFR,20901,390240,5.36
Canada,LIFR,15107,390240,3.87
United States,VFR,3815460.0833333335,4290899.233333333,88.92
United States,MVFR,280767.7166666667,4290899.233333333,6.54
United States,IFR,121183.43333333333,4290899.233333333,2.82
United States,LIFR,73488,4290899.233333333,1.71
