country,flight_category,minutes,total,pct
Canada,VFR,232422,295364,78.69
Canada,MVFR,39479,295364,13.37
Canada,IFR,14457,295364,4.89
Canada,LIFR,9006,295364,3.05
United States,VFR,2756677.5166666666,3217948.1166666667,85.67
United States,MVFR,239155.6,3217948.1166666667,7.43
United States,IFR,122554,3217948.1166666667,3.81
United States,LIFR,99561,3217948.1166666667,3.09
