country,flight_category,minutes,total,pct
Canada,VFR,241566,314177,76.89
Canada,MVFR,42745,314177,13.61
Canada,IFR,16457,314177,5.24
Canada,LIFR,13409,314177,4.27
United States,VFR,3066768.9166666665,3443530.3499999996,89.06
United States,MVFR,219989,3443530.3499999996,6.39
United States,IFR,98269.43333333333,3443530.3499999996,2.85
United States,LIFR,58503,3443530.3499999996,1.7
