country,flight_category,minutes,total,pct
Canada,VFR,206089,281061,73.33
Canada,MVFR,35618,281061,12.67
Canada,LIFR,22987,281061,8.18
Canada,IFR,16367,281061,5.82
United States,VFR,2871871.183333333,3097748.183333333,92.71
United States,MVFR,123311,3097748.183333333,3.98
United States,LIFR,57019,3097748.183333333,1.84
United States,IFR,45547,3097748.183333333,1.47
