country,flight_category,minutes,total,pct
Canada,VFR,81028,94601,85.65
Canada,MVFR,9620,94601,10.17
Canada,IFR,2848,94601,3.01
Canada,LIFR,1105,94601,1.17
United States,VFR,1116473.95,1206672.2833333332,92.53
United States,MVFR,56971,1206672.2833333332,4.72
United States,IFR,22815.333333333332,1206672.2833333332,1.89
United States,LIFR,10412,1206672.2833333332,0.86
