country,flight_category,minutes,total,pct
Canada,VFR,104895,123989,84.6
Canada,MVFR,12405,123989,10
Canada,IFR,4428,123989,3.57
Canada,LIFR,2261,123989,1.82
United States,VFR,1342077.95,1468766.3833333333,91.37
United States,MVFR,75869,1468766.3833333333,5.17
United States,IFR,32618.433333333334,1468766.3833333333,2.22
United States,LIFR,18201,1468766.3833333333,1.24
