country,flight_category,minutes,total,pct
Canada,VFR,378883,493345,76.8
Canada,MVFR,59054,493345,11.97
Canada,LIFR,30277,493345,6.14
Canada,IFR,25131,493345,5.09
United States,VFR,5082690.8,5472549.966666667,92.88
United States,MVFR,207195.08333333334,5472549.966666667,3.79
United States,LIFR,102559,5472549.966666667,1.87
United States,IFR,80105.08333333333,5472549.966666667,1.46
