country,flight_category,minutes,total,pct
Canada,VFR,167609,226670,73.94
Canada,MVFR,26439,226670,11.66
Canada,LIFR,19821,226670,8.74
Canada,IFR,12801,226670,5.65
United States,VFR,2416396.183333333,2614890.183333333,92.41
United States,MVFR,105128,2614890.183333333,4.02
United States,LIFR,52786,2614890.183333333,2.02
United States,IFR,40580,2614890.183333333,1.55
