country,flight_category,minutes,total,pct
Canada,VFR,253665,324012,78.29
Canada,MVFR,43187,324012,13.33
Canada,IFR,16308,324012,5.03
Canada,LIFR,10852,324012,3.35
United States,VFR,3012039.5166666666,3528485.1166666667,85.36
United States,MVFR,265358.6,3528485.1166666667,7.52
United States,IFR,135002,3528485.1166666667,3.83
United States,LIFR,116085,3528485.1166666667,3.29
