country,flight_category,minutes,total,pct
Canada,VFR,262778,335652,78.29
Canada,MVFR,44455,335652,13.24
Canada,IFR,17005,335652,5.07
Canada,LIFR,11414,335652,3.4
United States,VFR,3046203.5166666666,3569516.1166666667,85.34
United States,MVFR,268031.6,3569516.1166666667,7.51
United States,IFR,137221,3569516.1166666667,3.84
United States,LIFR,118060,3569516.1166666667,3.31
