country,flight_category,minutes,total,pct
Canada,VFR,437178,598156,73.09
Canada,MVFR,98439,598156,16.46
Canada,IFR,36191,598156,6.05
Canada,LIFR,26348,598156,4.4
United States,VFR,5552526.266666667,6380848.766666667,87.02
United States,MVFR,477209.15,6380848.766666667,7.48
United States,IFR,203204.35,6380848.766666667,3.18
United States,LIFR,147909,6380848.766666667,2.32
