country,flight_category,minutes,total,pct
Canada,VFR,356094,462317,77.02
Canada,MVFR,54443,462317,11.78
Canada,LIFR,28342,462317,6.13
Canada,IFR,23438,462317,5.07
United States,VFR,4828916.866666666,5181834.033333333,93.19
United States,MVFR,188630.08333333334,5181834.033333333,3.64
United States,LIFR,91176,5181834.033333333,1.76
United States,IFR,73111.08333333333,5181834.033333333,1.41
