country,flight_category,minutes,total,pct
Canada,VFR,146479,185459,78.98
Canada,MVFR,19163,185459,10.33
Canada,LIFR,10771,185459,5.81
Canada,IFR,9046,185459,4.88
United States,VFR,1940660.0333333334,2121906.033333333,91.46
United States,MVFR,96908,2121906.033333333,4.57
United States,LIFR,47269,2121906.033333333,2.23
United States,IFR,37069,2121906.033333333,1.75
