country,flight_category,minutes,total,pct
Canada,VFR,274008,350369,78.21
Canada,MVFR,46126,350369,13.16
Canada,IFR,18085,350369,5.16
Canada,LIFR,12150,350369,3.47
United States,VFR,3188063.5166666666,3737634.1166666667,85.3
United States,MVFR,279366.6,3737634.1166666667,7.47
United States,IFR,145519,3737634.1166666667,3.89
United States,LIFR,124685,3737634.1166666667,3.34
