country,flight_category,minutes,total,pct
Canada,VFR,299933,386595,77.58
Canada,MVFR,45911,386595,11.88
Canada,IFR,21317,386595,5.51
Canada,LIFR,19434,386595,5.03
United States,VFR,4031207.2333333334,4380602.233333333,92.02
United States,MVFR,204508,4380602.233333333,4.67
United States,LIFR,73686,4380602.233333333,1.68
United States,IFR,71201,4380602.233333333,1.63
