country,flight_category,minutes,total,pct
Canada,VFR,88840,104121,85.32
Canada,MVFR,10498,104121,10.08
Canada,IFR,3423,104121,3.29
Canada,LIFR,1360,104121,1.31
United States,VFR,1147948.9666666666,1245925.4,92.14
United States,MVFR,61076,1245925.4,4.9
United States,IFR,24893.433333333334,1245925.4,2
United States,LIFR,12007,1245925.4,0.96
