country,flight_category,minutes,total,pct
Canada,VFR,33993,44605,76.21
Canada,MVFR,7589,44605,17.01
Canada,IFR,2406,44605,5.39
Canada,LIFR,617,44605,1.38
United States,VFR,588487.1833333333,612404.1833333333,96.09
United States,MVFR,15657,612404.1833333333,2.56
United States,IFR,4787,612404.1833333333,0.78
United States,LIFR,3473,612404.1833333333,0.57
