country,flight_category,minutes,total,pct
Canada,VFR,390037,530269,73.55
Canada,MVFR,81009,530269,15.28
Canada,IFR,33823,530269,6.38
Canada,LIFR,25400,530269,4.79
United States,VFR,4963454.433333334,5699092.833333334,87.09
United States,MVFR,416147.7166666667,5699092.833333334,7.3
United States,IFR,184595.68333333332,5699092.833333334,3.24
United States,LIFR,134895,5699092.833333334,2.37
