country,flight_category,minutes,total,pct
Canada,VFR,356178,462641,76.99
Canada,MVFR,54449,462641,11.77
Canada,LIFR,28487,462641,6.16
Canada,IFR,23527,462641,5.09
United States,VFR,4843412.866666666,5199973.033333333,93.14
United States,MVFR,190179.08333333334,5199973.033333333,3.66
United States,LIFR,92672,5199973.033333333,1.78
United States,IFR,73709.08333333333,5199973.033333333,1.42
