country,flight_category,minutes,total,pct
Canada,VFR,451403,590585,76.43
Canada,MVFR,75199,590585,12.73
Canada,LIFR,34012,590585,5.76
Canada,IFR,29971,590585,5.07
United States,VFR,5924190.8,6372338.966666667,92.97
United States,MVFR,247954.08333333334,6372338.966666667,3.89
United States,LIFR,109199,6372338.966666667,1.71
United States,IFR,90995.08333333333,6372338.966666667,1.43
