country,flight_category,minutes,total,pct
Canada,VFR,214435,273290,78.46
Canada,MVFR,37381,273290,13.68
Canada,IFR,13531,273290,4.95
Canada,LIFR,7943,273290,2.91
United States,VFR,2556400.5166666666,2960914.1166666667,86.34
United States,MVFR,213093.6,2960914.1166666667,7.2
United States,IFR,109777,2960914.1166666667,3.71
United States,LIFR,81643,2960914.1166666667,2.76
