country,flight_category,minutes,total,pct
Canada,VFR,227157,307797,73.8
Canada,MVFR,39055,307797,12.69
Canada,LIFR,23692,307797,7.7
Canada,IFR,17893,307797,5.81
United States,VFR,3136465.183333333,3373412.183333333,92.98
United States,MVFR,132161,3373412.183333333,3.92
United States,LIFR,58077,3373412.183333333,1.72
United States,IFR,46709,3373412.183333333,1.38
