country,flight_category,minutes,total,pct
Canada,VFR,292296,379992,76.92
Canada,MVFR,53063,379992,13.96
Canada,IFR,19987,379992,5.26
Canada,LIFR,14646,379992,3.85
United States,VFR,3697647.0833333335,4153474.2333333334,89.03
United States,MVFR,269059.7166666667,4153474.2333333334,6.48
United States,IFR,117336.43333333333,4153474.2333333334,2.83
United States,LIFR,69431,4153474.2333333334,1.67
