country,flight_category,minutes,total,pct
Canada,VFR,409588,557801,73.43
Canada,MVFR,87861,557801,15.75
Canada,IFR,34517,557801,6.19
Canada,LIFR,25835,557801,4.63
United States,VFR,5195419.35,5961901.75,87.14
United States,MVFR,439384.7166666667,5961901.75,7.37
United States,IFR,189385.68333333332,5961901.75,3.18
United States,LIFR,137712,5961901.75,2.31
