country,flight_category,minutes,total,pct
Canada,VFR,304608,398885,76.36
Canada,MVFR,47655,398885,11.95
Canada,LIFR,25330,398885,6.35
Canada,IFR,21292,398885,5.34
United States,VFR,4140035.433333333,4416433.516666667,93.74
United States,MVFR,155969.08333333334,4416433.516666667,3.53
United States,LIFR,64794,4416433.516666667,1.47
United States,IFR,55635,4416433.516666667,1.26
