country,flight_category,minutes,total,pct
Canada,VFR,277140,358738,77.25
Canada,MVFR,49358,358738,13.76
Canada,IFR,18223,358738,5.08
Canada,LIFR,14017,358738,3.91
United States,VFR,3468837.716666667,3890707.8666666667,89.16
United States,MVFR,248402.71666666667,3890707.8666666667,6.38
United States,IFR,110410.43333333333,3890707.8666666667,2.84
United States,LIFR,63057,3890707.8666666667,1.62
