country,flight_category,minutes,total,pct
Canada,VFR,105157,125054,84.09
Canada,MVFR,12801,125054,10.24
Canada,IFR,4668,125054,3.73
Canada,LIFR,2428,125054,1.94
United States,VFR,1376526.85,1513128.2833333334,90.97
United States,MVFR,79227,1513128.2833333334,5.24
United States,IFR,35960.433333333334,1513128.2833333334,2.38
United States,LIFR,21414,1513128.2833333334,1.42
