country,flight_category,minutes,total,pct
Canada,VFR,78816,96004,82.1
Canada,MVFR,9984,96004,10.4
Canada,LIFR,4094,96004,4.26
Canada,IFR,3110,96004,3.24
United States,VFR,1064170.0333333334,1114653.0333333334,95.47
United States,MVFR,33391,1114653.0333333334,3
United States,IFR,11353,1114653.0333333334,1.02
United States,LIFR,5739,1114653.0333333334,0.51
