country,flight_category,minutes,total,pct
Canada,VFR,355145,475225,74.73
Canada,MVFR,68461,475225,14.41
Canada,IFR,29276,475225,6.16
Canada,LIFR,22343,475225,4.7
United States,VFR,4565443.366666666,5229224.766666667,87.31
United States,MVFR,372784.7166666667,5229224.766666667,7.13
United States,IFR,167078.68333333332,5229224.766666667,3.2
United States,LIFR,123918,5229224.766666667,2.37
