country,flight_category,minutes,total,pct
Canada,VFR,223097,283797,78.61
Canada,MVFR,38437,283797,13.54
Canada,IFR,13918,283797,4.9
Canada,LIFR,8345,283797,2.94
United States,VFR,2654146.5166666666,3084754.1166666667,86.04
United States,MVFR,225284.6,3084754.1166666667,7.3
United States,IFR,115535,3084754.1166666667,3.75
United States,LIFR,89788,3084754.1166666667,2.91
