country,flight_category,minutes,total,pct
Canada,VFR,312703,410561,76.16
Canada,MVFR,58082,410561,14.15
Canada,IFR,23137,410561,5.64
Canada,LIFR,16639,410561,4.05
United States,VFR,4062930.4166666665,4588031.816666666,88.55
United States,MVFR,307075.7166666667,4588031.816666666,6.69
United States,IFR,132116.68333333332,4588031.816666666,2.88
United States,LIFR,85909,4588031.816666666,1.87
