country,flight_category,minutes,total,pct
Canada,VFR,284107,363323,78.2
Canada,MVFR,47370,363323,13.04
Canada,IFR,19088,363323,5.25
Canada,LIFR,12758,363323,3.51
United States,VFR,3288372.5166666666,3852573.1166666667,85.36
United States,MVFR,287746.6,3852573.1166666667,7.47
United States,IFR,149490,3852573.1166666667,3.88
United States,LIFR,126964,3852573.1166666667,3.3
