country,flight_category,minutes,total,pct
Canada,VFR,363349,487134,74.59
Canada,MVFR,70415,487134,14.45
Canada,IFR,30281,487134,6.22
Canada,LIFR,23089,487134,4.74
United States,VFR,4616449.9,5290989.300000001,87.25
United States,MVFR,377963.7166666667,5290989.300000001,7.14
United States,IFR,170220.68333333332,5290989.300000001,3.22
United States,LIFR,126355,5290989.300000001,2.39
