country,flight_category,minutes,total,pct
Canada,VFR,231346,301680,76.69
Canada,MVFR,41269,301680,13.68
Canada,IFR,15866,301680,5.26
Canada,LIFR,13199,301680,4.38
United States,VFR,2875009.9166666665,3234667.3499999996,88.88
United States,MVFR,208676,3234667.3499999996,6.45
United States,IFR,93612.43333333333,3234667.3499999996,2.89
United States,LIFR,57369,3234667.3499999996,1.77
