country,flight_category,minutes,total,pct
Canada,VFR,388480,505894,76.79
Canada,MVFR,60682,505894,12
Canada,LIFR,30991,505894,6.13
Canada,IFR,25741,505894,5.09
United States,VFR,5160281.716666667,5555644.883333334,92.88
United States,MVFR,210788.08333333334,5555644.883333334,3.79
United States,LIFR,103526,5555644.883333334,1.86
United States,IFR,81049.08333333333,5555644.883333334,1.46
