country,flight_category,minutes,total,pct
Canada,VFR,181652,237445,76.5
Canada,MVFR,26910,237445,11.33
Canada,LIFR,15244,237445,6.42
Canada,IFR,13639,237445,5.74
United States,VFR,2402232.033333333,2650826.033333333,90.62
United States,MVFR,133119,2650826.033333333,5.02
United States,LIFR,61985,2650826.033333333,2.34
United States,IFR,53490,2650826.033333333,2.02
