country,flight_category,minutes,total,pct
Canada,VFR,126594,157348,80.45
Canada,MVFR,16163,157348,10.27
Canada,LIFR,7766,157348,4.94
Canada,IFR,6825,157348,4.34
United States,VFR,1697829.0333333334,1830361.0333333334,92.76
United States,MVFR,74758,1830361.0333333334,4.08
United States,LIFR,30567,1830361.0333333334,1.67
United States,IFR,27207,1830361.0333333334,1.49
