country,flight_category,minutes,total,pct
Canada,VFR,449657,589192,76.32
Canada,MVFR,75744,589192,12.86
Canada,LIFR,33994,589192,5.77
Canada,IFR,29797,589192,5.06
United States,VFR,5922069.85,6368013.016666667,93
United States,MVFR,246568.08333333334,6368013.016666667,3.87
United States,LIFR,109545,6368013.016666667,1.72
United States,IFR,89830.08333333333,6368013.016666667,1.41
