country,flight_category,minutes,total,pct
Canada,VFR,440548,597465,73.74
Canada,MVFR,95367,597465,15.96
Canada,IFR,35494,597465,5.94
Canada,LIFR,26056,597465,4.36
United States,VFR,5556597.3,6356932.7,87.41
United States,MVFR,465530.7166666667,6356932.7,7.32
United States,IFR,194802.68333333332,6356932.7,3.06
United States,LIFR,140002,6356932.7,2.2
