country,flight_category,minutes,total,pct
Canada,VFR,98511,126870,77.65
Canada,MVFR,16759,126870,13.21
Canada,IFR,6537,126870,5.15
Canada,LIFR,5063,126870,3.99
United States,VFR,1445022.1833333333,1523173.1833333333,94.87
United States,MVFR,44832,1523173.1833333333,2.94
United States,LIFR,17064,1523173.1833333333,1.12
United States,IFR,16255,1523173.1833333333,1.07
