country,flight_category,minutes,total,pct
Canada,VFR,113302,135341,83.72
Canada,MVFR,13918,135341,10.28
Canada,IFR,5031,135341,3.72
Canada,LIFR,3090,135341,2.28
United States,VFR,1465236.9666666666,1617339.4,90.6
United States,MVFR,86762,1617339.4,5.36
United States,IFR,40385.433333333334,1617339.4,2.5
United States,LIFR,24955,1617339.4,1.54
