country,flight_category,minutes,total,pct
Canada,VFR,136321,172580,78.99
Canada,MVFR,18092,172580,10.48
Canada,LIFR,9836,172580,5.7
Canada,IFR,8331,172580,4.83
United States,VFR,1906954.0333333334,2081117.0333333334,91.63
United States,MVFR,94219,2081117.0333333334,4.53
United States,LIFR,44456,2081117.0333333334,2.14
United States,IFR,35488,2081117.0333333334,1.71
