country,flight_category,minutes,total,pct
Canada,VFR,55327,63377,87.3
Canada,MVFR,5937,63377,9.37
Canada,IFR,1721,63377,2.72
Canada,LIFR,392,63377,0.62
United States,VFR,689847.9,734368.2333333334,93.94
United States,MVFR,30553,734368.2333333334,4.16
United States,IFR,11164.333333333334,734368.2333333334,1.52
United States,LIFR,2803,734368.2333333334,0.38
