country,flight_category,minutes,total,pct
Canada,VFR,118874,147462,80.61
Canada,MVFR,15185,147462,10.3
Canada,LIFR,7077,147462,4.8
Canada,IFR,6326,147462,4.29
United States,VFR,1630924.0333333334,1753870.0333333334,92.99
United States,MVFR,69800,1753870.0333333334,3.98
United States,LIFR,27867,1753870.0333333334,1.59
United States,IFR,25279,1753870.0333333334,1.44
