country,flight_category,minutes,total,pct
Canada,VFR,128560,167676,76.67
Canada,MVFR,19487,167676,11.62
Canada,LIFR,11068,167676,6.6
Canada,IFR,8561,167676,5.11
United States,VFR,1868209.1833333333,2002860.1833333333,93.28
United States,MVFR,73362,2002860.1833333333,3.66
United States,LIFR,34379,2002860.1833333333,1.72
United States,IFR,26910,2002860.1833333333,1.34
