country,flight_category,minutes,total,pct
Canada,VFR,381334,517324,73.71
Canada,MVFR,77799,517324,15.04
Canada,IFR,33136,517324,6.41
Canada,LIFR,25055,517324,4.84
United States,VFR,4906002.316666666,5631560.716666667,87.12
United States,MVFR,408984.7166666667,5631560.716666667,7.26
United States,IFR,182988.68333333332,5631560.716666667,3.25
United States,LIFR,133585,5631560.716666667,2.37
