country,flight_category,minutes,total,pct
Canada,VFR,449570,589196,76.3
Canada,MVFR,75801,589196,12.87
Canada,LIFR,33975,589196,5.77
Canada,IFR,29850,589196,5.07
United States,VFR,5922625.75,6369168.916666667,92.99
United States,MVFR,246925.08333333334,6369168.916666667,3.88
United States,LIFR,109642,6369168.916666667,1.72
United States,IFR,89976.08333333333,6369168.916666667,1.41
