country,flight_category,minutes,total,pct
Canada,VFR,151748,190190,79.79
Canada,MVFR,21757,190190,11.44
Canada,IFR,9191,190190,4.83
Canada,LIFR,7494,190190,3.94
United States,VFR,1901839.8833333333,2139041.3166666664,88.91
United States,MVFR,129759,2139041.3166666664,6.07
United States,IFR,62483.433333333334,2139041.3166666664,2.92
United States,LIFR,44959,2139041.3166666664,2.1
