country,flight_category,minutes,total,pct
Canada,VFR,62431,76039,82.1
Canada,MVFR,8002,76039,10.52
Canada,LIFR,3198,76039,4.21
Canada,IFR,2408,76039,3.17
United States,VFR,896406.0333333333,934602.0333333333,95.91
United States,MVFR,26256,934602.0333333333,2.81
United States,IFR,8850,934602.0333333333,0.95
United States,LIFR,3090,934602.0333333333,0.33
