country,flight_category,minutes,total,pct
Canada,VFR,232129,294761,78.75
Canada,MVFR,39381,294761,13.36
Canada,IFR,14470,294761,4.91
Canada,LIFR,8781,294761,2.98
United States,VFR,2740314.5166666666,3192530.1166666667,85.84
United States,MVFR,235245.6,3192530.1166666667,7.37
United States,IFR,120703,3192530.1166666667,3.78
United States,LIFR,96267,3192530.1166666667,3.02
