country,flight_category,minutes,total,pct
Canada,VFR,197088,251641,78.32
Canada,MVFR,35068,251641,13.94
Canada,IFR,12559,251641,4.99
Canada,LIFR,6926,251641,2.75
United States,VFR,2322748.5166666666,2674654.1166666667,86.84
United States,MVFR,188441.6,2674654.1166666667,7.05
United States,IFR,96212,2674654.1166666667,3.6
United States,LIFR,67252,2674654.1166666667,2.51
