country,flight_category,minutes,total,pct
Canada,VFR,453648,591636,76.68
Canada,MVFR,74409,591636,12.58
Canada,LIFR,34074,591636,5.76
Canada,IFR,29505,591636,4.99
United States,VFR,5922328.866666666,6371509.033333333,92.95
United States,MVFR,248823.08333333334,6371509.033333333,3.91
United States,LIFR,108803,6371509.033333333,1.71
United States,IFR,91554.08333333333,6371509.033333333,1.44
