country,flight_category,minutes,total,pct
Canada,VFR,242074,313047,77.33
Canada,MVFR,36329,313047,11.6
Canada,IFR,17556,313047,5.61
Canada,LIFR,17088,313047,5.46
United States,VFR,3147696.033333333,3444437.033333333,91.38
United States,MVFR,171615,3444437.033333333,4.98
United States,LIFR,64495,3444437.033333333,1.87
United States,IFR,60631,3444437.033333333,1.76
