country,flight_category,minutes,total,pct
Canada,VFR,226912,307327,73.83
Canada,MVFR,38923,307327,12.67
Canada,LIFR,23650,307327,7.7
Canada,IFR,17842,307327,5.81
United States,VFR,3108867.183333333,3344711.183333333,92.95
United States,MVFR,131322,3344711.183333333,3.93
United States,LIFR,57939,3344711.183333333,1.73
United States,IFR,46583,3344711.183333333,1.39
