country,flight_category,minutes,total,pct
Canada,VFR,210889,275252,76.62
Canada,MVFR,36875,275252,13.4
Canada,IFR,15140,275252,5.5
Canada,LIFR,12348,275252,4.49
United States,VFR,2627298,2959821.433333333,88.77
United States,MVFR,190936,2959821.433333333,6.45
United States,IFR,86035.43333333333,2959821.433333333,2.91
United States,LIFR,55552,2959821.433333333,1.88
