country,flight_category,minutes,total,pct
Canada,VFR,98440,126141,78.04
Canada,MVFR,16679,126141,13.22
Canada,IFR,6338,126141,5.02
Canada,LIFR,4684,126141,3.71
United States,VFR,1421077.1833333333,1495556.1833333333,95.02
United States,MVFR,43197,1495556.1833333333,2.89
United States,LIFR,15724,1495556.1833333333,1.05
United States,IFR,15558,1495556.1833333333,1.04
