country,flight_category,minutes,total,pct
Canada,VFR,180818,234313,77.17
Canada,MVFR,29378,234313,12.54
Canada,IFR,13216,234313,5.64
Canada,LIFR,10901,234313,4.65
United States,VFR,2308692.933333333,2602303.3666666662,88.72
United States,MVFR,164761,2602303.3666666662,6.33
United States,IFR,76584.43333333333,2602303.3666666662,2.94
United States,LIFR,52265,2602303.3666666662,2.01
