country,flight_category,minutes,total,pct
Canada,VFR,226832,307203,73.84
Canada,MVFR,38931,307203,12.67
Canada,LIFR,23650,307203,7.7
Canada,IFR,17790,307203,5.79
United States,VFR,3103801.183333333,3339134.183333333,92.95
United States,MVFR,131019,3339134.183333333,3.92
United States,LIFR,57909,3339134.183333333,1.73
United States,IFR,46405,3339134.183333333,1.39
