country,flight_category,minutes,total,pct
Canada,VFR,319516,420076,76.06
Canada,MVFR,59524,420076,14.17
Canada,IFR,23745,420076,5.65
Canada,LIFR,17291,420076,4.12
United States,VFR,4106987.433333333,4642522.833333333,88.46
United States,MVFR,311696.7166666667,4642522.833333333,6.71
United States,IFR,135248.68333333332,4642522.833333333,2.91
United States,LIFR,88590,4642522.833333333,1.91
