country,flight_category,minutes,total,pct
Canada,VFR,146708,186554,78.64
Canada,MVFR,19506,186554,10.46
Canada,LIFR,11070,186554,5.93
Canada,IFR,9270,186554,4.97
United States,VFR,1960562.0333333334,2146760.033333333,91.33
United States,MVFR,98891,2146760.033333333,4.61
United States,LIFR,49240,2146760.033333333,2.29
United States,IFR,38067,2146760.033333333,1.77
