country,flight_category,minutes,total,pct
Canada,VFR,292176,379466,77
Canada,MVFR,52959,379466,13.96
Canada,IFR,19764,379466,5.21
Canada,LIFR,14567,379466,3.84
United States,VFR,3693082.2333333334,4146896.3833333333,89.06
United States,MVFR,268007.7166666667,4146896.3833333333,6.46
United States,IFR,116919.43333333333,4146896.3833333333,2.82
United States,LIFR,68887,4146896.3833333333,1.66
