country,flight_category,minutes,total,pct
Canada,VFR,106353,137899,77.12
Canada,MVFR,17610,137899,12.77
Canada,IFR,6977,137899,5.06
Canada,LIFR,6959,137899,5.05
United States,VFR,1636387.1833333333,1736895.1833333333,94.21
United States,MVFR,56952,1736895.1833333333,3.28
United States,LIFR,22889,1736895.1833333333,1.32
United States,IFR,20667,1736895.1833333333,1.19
