country,flight_category,minutes,total,pct
Canada,VFR,304742,399189,76.34
Canada,MVFR,47756,399189,11.96
Canada,LIFR,25381,399189,6.36
Canada,IFR,21310,399189,5.34
United States,VFR,4144977.433333333,4422368.516666667,93.73
United States,MVFR,156335.08333333334,4422368.516666667,3.54
United States,LIFR,65113,4422368.516666667,1.47
United States,IFR,55943,4422368.516666667,1.27
