country,flight_category,minutes,total,pct
Canada,VFR,344202,458831,75.02
Canada,MVFR,65735,458831,14.33
Canada,IFR,27577,458831,6.01
Canada,LIFR,21317,458831,4.65
United States,VFR,4456438.4,5096644.800000001,87.44
United States,MVFR,361931.7166666667,5096644.800000001,7.1
United States,IFR,159855.68333333332,5096644.800000001,3.14
United States,LIFR,118419,5096644.800000001,2.32
