country,flight_category,minutes,total,pct
Canada,VFR,269146,348001,77.34
Canada,MVFR,47402,348001,13.62
Canada,IFR,17601,348001,5.06
Canada,LIFR,13852,348001,3.98
United States,VFR,3352579.0166666666,3760024.4499999997,89.16
United States,MVFR,239082,3760024.4499999997,6.36
United States,IFR,106989.43333333333,3760024.4499999997,2.85
United States,LIFR,61374,3760024.4499999997,1.63
