country,flight_category,minutes,total,pct
Canada,VFR,222438,289527,76.83
Canada,MVFR,33862,289527,11.7
Canada,LIFR,16813,289527,5.81
Canada,IFR,16414,289527,5.67
United States,VFR,2993847.033333333,3283745.033333333,91.17
United States,MVFR,165553,3283745.033333333,5.04
United States,LIFR,64365,3283745.033333333,1.96
United States,IFR,59980,3283745.033333333,1.83
