country,flight_category,minutes,total,pct
Canada,VFR,304792,399331,76.33
Canada,MVFR,47826,399331,11.98
Canada,LIFR,25443,399331,6.37
Canada,IFR,21270,399331,5.33
United States,VFR,4224579.433333334,4505500.516666667,93.76
United States,MVFR,158116.08333333334,4505500.516666667,3.51
United States,LIFR,66185,4505500.516666667,1.47
United States,IFR,56620,4505500.516666667,1.26
