country,flight_category,minutes,total,pct
Canada,VFR,196978,251367,78.36
Canada,MVFR,35035,251367,13.94
Canada,IFR,12441,251367,4.95
Canada,LIFR,6913,251367,2.75
United States,VFR,2318471.5166666666,2668185.1166666667,86.89
United States,MVFR,187435.6,2668185.1166666667,7.02
United States,IFR,95775,2668185.1166666667,3.59
United States,LIFR,66503,2668185.1166666667,2.49
