country,flight_category,minutes,total,pct
Canada,VFR,205684,280214,73.4
Canada,MVFR,35389,280214,12.63
Canada,LIFR,22943,280214,8.19
Canada,IFR,16198,280214,5.78
United States,VFR,2847040.183333333,3071675.183333333,92.69
United States,MVFR,122603,3071675.183333333,3.99
United States,LIFR,56839,3071675.183333333,1.85
United States,IFR,45193,3071675.183333333,1.47
