country,flight_category,minutes,total,pct
Canada,VFR,126636,157706,80.3
Canada,MVFR,16212,157706,10.28
Canada,LIFR,7938,157706,5.03
Canada,IFR,6920,157706,4.39
United States,VFR,1715008.0333333334,1851797.0333333334,92.61
United States,MVFR,76572,1851797.0333333334,4.14
United States,LIFR,32418,1851797.0333333334,1.75
United States,IFR,27799,1851797.0333333334,1.5
