country,flight_category,minutes,total,pct
Canada,VFR,46474,53196,87.36
Canada,MVFR,4935,53196,9.28
Canada,IFR,1589,53196,2.99
Canada,LIFR,198,53196,0.37
United States,VFR,576016.9833333333,611653.3166666667,94.17
United States,MVFR,24812,611653.3166666667,4.06
United States,IFR,9251.333333333334,611653.3166666667,1.51
United States,LIFR,1573,611653.3166666667,0.26
