country,flight_category,minutes,total,pct
Canada,VFR,163785,212478,77.08
Canada,MVFR,23096,212478,10.87
Canada,LIFR,13786,212478,6.49
Canada,IFR,11811,212478,5.56
United States,VFR,2188635.033333333,2411735.033333333,90.75
United States,MVFR,117076,2411735.033333333,4.85
United States,LIFR,58487,2411735.033333333,2.43
United States,IFR,47537,2411735.033333333,1.97
