country,flight_category,minutes,total,pct
Canada,VFR,312326,409200,76.33
Canada,MVFR,57760,409200,14.12
Canada,IFR,22785,409200,5.57
Canada,LIFR,16329,409200,3.99
United States,VFR,4002072.283333333,4512659.683333334,88.69
United States,MVFR,299407.7166666667,4512659.683333334,6.63
United States,IFR,128853.68333333333,4512659.683333334,2.86
United States,LIFR,82326,4512659.683333334,1.82
