country,flight_category,minutes,total,pct
Canada,VFR,53790,65347,82.31
Canada,MVFR,7049,65347,10.79
Canada,LIFR,2622,65347,4.01
Canada,IFR,1886,65347,2.89
United States,VFR,697497.0333333333,726404.0333333333,96.02
United States,MVFR,20405,726404.0333333333,2.81
United States,IFR,6654,726404.0333333333,0.92
United States,LIFR,1848,726404.0333333333,0.25
