country,flight_category,minutes,total,pct
Canada,VFR,155369,199214,77.99
Canada,MVFR,20972,199214,10.53
Canada,LIFR,12393,199214,6.22
Canada,IFR,10480,199214,5.26
United States,VFR,2069241.0333333334,2272921.033333333,91.04
United States,MVFR,106953,2272921.033333333,4.71
United States,LIFR,54359,2272921.033333333,2.39
United States,IFR,42368,2272921.033333333,1.86
