country,flight_category,minutes,total,pct
Canada,VFR,328529,428223,76.72
Canada,MVFR,50860,428223,11.88
Canada,LIFR,26538,428223,6.2
Canada,IFR,22296,428223,5.21
United States,VFR,4481418.666666667,4786610.833333334,93.62
United States,MVFR,168447.08333333334,4786610.833333334,3.52
United States,LIFR,74212,4786610.833333334,1.55
United States,IFR,62533.083333333336,4786610.833333334,1.31
