country,flight_category,minutes,total,pct
Canada,VFR,438122,598557,73.2
Canada,MVFR,97953,598557,16.36
Canada,IFR,36246,598557,6.06
Canada,LIFR,26236,598557,4.38
United States,VFR,5559816.383333334,6382397.883333334,87.11
United States,MVFR,476093.15,6382397.883333334,7.46
United States,IFR,200527.35,6382397.883333334,3.14
United States,LIFR,145961,6382397.883333334,2.29
