country,flight_category,minutes,total,pct
Canada,VFR,378175,491458,76.95
Canada,MVFR,58379,491458,11.88
Canada,LIFR,30046,491458,6.11
Canada,IFR,24858,491458,5.06
United States,VFR,5040461.733333333,5423346.9,92.94
United States,MVFR,203823.08333333334,5423346.9,3.76
United States,LIFR,100269,5423346.9,1.85
United States,IFR,78793.08333333333,5423346.9,1.45
