country,flight_category,minutes,total,pct
Canada,VFR,211838,276229,76.69
Canada,MVFR,32371,276229,11.72
Canada,LIFR,16440,276229,5.95
Canada,IFR,15580,276229,5.64
United States,VFR,2789004.033333333,3068883.033333333,90.88
United States,MVFR,156875,3068883.033333333,5.11
United States,LIFR,63983,3068883.033333333,2.08
United States,IFR,59021,3068883.033333333,1.92
