country,flight_category,minutes,total,pct
Canada,VFR,372556,503541,73.99
Canada,MVFR,74273,503541,14.75
Canada,IFR,32208,503541,6.4
Canada,LIFR,24504,503541,4.87
United States,VFR,4793372.483333333,5499612.883333334,87.16
United States,MVFR,395791.7166666667,5499612.883333334,7.2
United States,IFR,178960.68333333332,5499612.883333334,3.25
United States,LIFR,131488,5499612.883333334,2.39
