country,flight_category,minutes,total,pct
Canada,VFR,312688,410374,76.2
Canada,MVFR,58042,410374,14.14
Canada,IFR,23098,410374,5.63
Canada,LIFR,16546,410374,4.03
United States,VFR,4021986.5,4539958.9,88.59
United States,MVFR,302999.7166666667,4539958.9,6.67
United States,IFR,130845.68333333333,4539958.9,2.88
United States,LIFR,84127,4539958.9,1.85
