country,flight_category,minutes,total,pct
Canada,VFR,142079,175750,80.84
Canada,MVFR,19623,175750,11.17
Canada,IFR,7900,175750,4.5
Canada,LIFR,6148,175750,3.5
United States,VFR,1791277.15,2013025.5833333333,88.98
United States,MVFR,121751,2013025.5833333333,6.05
United States,IFR,57952.433333333334,2013025.5833333333,2.88
United States,LIFR,42045,2013025.5833333333,2.09
