country,flight_category,minutes,total,pct
Canada,VFR,110810,136635,81.1
Canada,MVFR,14023,136635,10.26
Canada,LIFR,6041,136635,4.42
Canada,IFR,5761,136635,4.22
United States,VFR,1521443.0333333334,1623779.0333333334,93.7
United States,MVFR,59627,1623779.0333333334,3.67
United States,IFR,21602,1623779.0333333334,1.33
United States,LIFR,21107,1623779.0333333334,1.3
