country,flight_category,minutes,total,pct
Canada,VFR,149200,197952,75.37
Canada,MVFR,22670,197952,11.45
Canada,LIFR,15819,197952,7.99
Canada,IFR,10263,197952,5.18
United States,VFR,2117362.183333333,2289241.183333333,92.49
United States,MVFR,91586,2289241.183333333,4
United States,LIFR,45948,2289241.183333333,2.01
United States,IFR,34345,2289241.183333333,1.5
