country,flight_category,minutes,total,pct
Canada,VFR,87080,106105,82.07
Canada,MVFR,10976,106105,10.34
Canada,LIFR,4336,106105,4.09
Canada,IFR,3713,106105,3.5
United States,VFR,1183582.0333333334,1244056.0333333334,95.14
United States,MVFR,39240,1244056.0333333334,3.15
United States,IFR,13189,1244056.0333333334,1.06
United States,LIFR,8045,1244056.0333333334,0.65
