country,flight_category,minutes,total,pct
Canada,VFR,210964,275444,76.59
Canada,MVFR,36889,275444,13.39
Canada,IFR,15174,275444,5.51
Canada,LIFR,12417,275444,4.51
United States,VFR,2687843,3026856.433333333,88.8
United States,MVFR,195165,3026856.433333333,6.45
United States,IFR,87797.43333333333,3026856.433333333,2.9
United States,LIFR,56051,3026856.433333333,1.85
