country,flight_category,minutes,total,pct
Canada,VFR,59651,75571,78.93
Canada,MVFR,11327,75571,14.99
Canada,IFR,3442,75571,4.55
Canada,LIFR,1151,75571,1.52
United States,VFR,818395.1833333333,850458.1833333333,96.23
United States,MVFR,20728,850458.1833333333,2.44
United States,IFR,6572,850458.1833333333,0.77
United States,LIFR,4763,850458.1833333333,0.56
