country,flight_category,minutes,total,pct
Canada,VFR,113909,148122,76.9
Canada,MVFR,18276,148122,12.34
Canada,LIFR,8302,148122,5.6
Canada,IFR,7635,148122,5.15
United States,VFR,1729015.1833333333,1842884.1833333333,93.82
United States,MVFR,63453,1842884.1833333333,3.44
United States,LIFR,27440,1842884.1833333333,1.49
United States,IFR,22976,1842884.1833333333,1.25
