country,flight_category,minutes,total,pct
Canada,VFR,222155,288745,76.94
Canada,MVFR,33639,288745,11.65
Canada,LIFR,16658,288745,5.77
Canada,IFR,16293,288745,5.64
United States,VFR,2895111.033333333,3180490.033333333,91.03
United States,MVFR,161666,3180490.033333333,5.08
United States,LIFR,64250,3180490.033333333,2.02
United States,IFR,59463,3180490.033333333,1.87
