country,flight_category,minutes,total,pct
Canada,VFR,398982,543358,73.43
Canada,MVFR,84546,543358,15.56
Canada,IFR,34211,543358,6.3
Canada,LIFR,25619,543358,4.71
United States,VFR,5082683.466666667,5835214.866666667,87.1
United States,MVFR,428727.7166666667,5835214.866666667,7.35
United States,IFR,187255.68333333332,5835214.866666667,3.21
United States,LIFR,136548,5835214.866666667,2.34
