country,flight_category,minutes,total,pct
Canada,VFR,191684,251118,76.33
Canada,MVFR,29196,251118,11.63
Canada,LIFR,15774,251118,6.28
Canada,IFR,14464,251118,5.76
United States,VFR,2587615.033333333,2853354.033333333,90.69
United States,MVFR,145668,2853354.033333333,5.11
United States,LIFR,63257,2853354.033333333,2.22
United States,IFR,56814,2853354.033333333,1.99
