country,flight_category,minutes,total,pct
Canada,VFR,242235,308613,78.49
Canada,MVFR,41026,308613,13.29
Canada,IFR,15353,308613,4.97
Canada,LIFR,9999,308613,3.24
United States,VFR,2857612.5166666666,3346779.1166666667,85.38
United States,MVFR,252835.6,3346779.1166666667,7.55
United States,IFR,128612,3346779.1166666667,3.84
United States,LIFR,107719,3346779.1166666667,3.22
