country,flight_category,minutes,total,pct
Canada,VFR,284839,369270,77.14
Canada,MVFR,51113,369270,13.84
Canada,IFR,19010,369270,5.15
Canada,LIFR,14308,369270,3.87
United States,VFR,3584408.05,4022588.1999999997,89.11
United States,MVFR,258627.71666666667,4022588.1999999997,6.43
United States,IFR,113776.43333333333,4022588.1999999997,2.83
United States,LIFR,65776,4022588.1999999997,1.64
