country,flight_category,minutes,total,pct
Canada,VFR,201668,263758,76.46
Canada,MVFR,30931,263758,11.73
Canada,LIFR,16128,263758,6.11
Canada,IFR,15031,263758,5.7
United States,VFR,2666440.033333333,2938711.033333333,90.74
United States,MVFR,150836,2938711.033333333,5.13
United States,LIFR,63660,2938711.033333333,2.17
United States,IFR,57775,2938711.033333333,1.97
