country,flight_category,minutes,total,pct
Canada,VFR,70640,85795,82.34
Canada,MVFR,8814,85795,10.27
Canada,LIFR,3685,85795,4.3
Canada,IFR,2656,85795,3.1
United States,VFR,942693.0333333333,984358.0333333333,95.77
United States,MVFR,28204,984358.0333333333,2.87
United States,IFR,9538,984358.0333333333,0.97
United States,LIFR,3923,984358.0333333333,0.4
