country,flight_category,minutes,total,pct
Canada,VFR,181462,237092,76.54
Canada,MVFR,26757,237092,11.29
Canada,LIFR,15212,237092,6.42
Canada,IFR,13661,237092,5.76
United States,VFR,2382998.033333333,2628961.033333333,90.64
United States,MVFR,131308,2628961.033333333,4.99
United States,LIFR,61741,2628961.033333333,2.35
United States,IFR,52914,2628961.033333333,2.01
