country,flight_category,minutes,total,pct
Canada,VFR,320733,418540,76.63
Canada,MVFR,49620,418540,11.86
Canada,LIFR,26221,418540,6.26
Canada,IFR,21966,418540,5.25
United States,VFR,4366564.666666667,4660506.266666667,93.69
United States,MVFR,163649.08333333334,4660506.266666667,3.51
United States,LIFR,70455,4660506.266666667,1.51
United States,IFR,59837.51666666667,4660506.266666667,1.28
