country,flight_category,minutes,total,pct
Canada,VFR,201636,263559,76.51
Canada,MVFR,30846,263559,11.7
Canada,LIFR,16114,263559,6.11
Canada,IFR,14963,263559,5.68
United States,VFR,2651392.033333333,2922651.033333333,90.72
United States,MVFR,150093,2922651.033333333,5.14
United States,LIFR,63566,2922651.033333333,2.17
United States,IFR,57600,2922651.033333333,1.97
