country,flight_category,minutes,total,pct
Canada,VFR,296182,389193,76.1
Canada,MVFR,47020,389193,12.08
Canada,LIFR,25042,389193,6.43
Canada,IFR,20949,389193,5.38
United States,VFR,4094854.433333333,4367398.516666667,93.76
United States,MVFR,154609.08333333334,4367398.516666667,3.54
United States,LIFR,63446,4367398.516666667,1.45
United States,IFR,54489,4367398.516666667,1.25
