country,flight_category,minutes,total,pct
Canada,VFR,122293,148418,82.4
Canada,MVFR,15895,148418,10.71
Canada,IFR,6157,148418,4.15
Canada,LIFR,4073,148418,2.74
United States,VFR,1660897.9666666666,1855177.4,89.53
United States,MVFR,107120,1855177.4,5.77
United States,IFR,51581.433333333334,1855177.4,2.78
United States,LIFR,35578,1855177.4,1.92
