country,flight_category,minutes,total,pct
Canada,VFR,292712,376912,77.66
Canada,MVFR,44482,376912,11.8
Canada,IFR,20801,376912,5.52
Canada,LIFR,18917,376912,5.02
United States,VFR,3920409.1666666665,4259247.166666666,92.04
United States,MVFR,199357,4259247.166666666,4.68
United States,LIFR,70611,4259247.166666666,1.66
United States,IFR,68870,4259247.166666666,1.62
