country,flight_category,minutes,total,pct
Canada,VFR,86858,105485,82.34
Canada,MVFR,10862,105485,10.3
Canada,LIFR,4256,105485,4.03
Canada,IFR,3509,105485,3.33
United States,VFR,1156104.0333333334,1213226.0333333334,95.29
United States,MVFR,37444,1213226.0333333334,3.09
United States,IFR,12693,1213226.0333333334,1.05
United States,LIFR,6985,1213226.0333333334,0.58
