country,flight_category,minutes,total,pct
Canada,VFR,437702,598208,73.17
Canada,MVFR,97967,598208,16.38
Canada,IFR,36243,598208,6.06
Canada,LIFR,26296,598208,4.4
United States,VFR,5558068.216666667,6381904.716666667,87.09
United States,MVFR,476246.15,6381904.716666667,7.46
United States,IFR,201063.35,6381904.716666667,3.15
United States,LIFR,146527,6381904.716666667,2.3
