country,flight_category,minutes,total,pct
Canada,VFR,420040,572045,73.43
Canada,MVFR,91216,572045,15.95
Canada,IFR,34819,572045,6.09
Canada,LIFR,25970,572045,4.54
United States,VFR,5331322.383333334,6112289.783333334,87.22
United States,MVFR,450677.7166666667,6112289.783333334,7.37
United States,IFR,191476.68333333332,6112289.783333334,3.13
United States,LIFR,138813,6112289.783333334,2.27
