country,flight_category,minutes,total,pct
Canada,VFR,72303,83448,86.64
Canada,MVFR,8177,83448,9.8
Canada,IFR,2107,83448,2.52
Canada,LIFR,861,83448,1.03
United States,VFR,889470.8666666667,952238.2000000001,93.41
United States,MVFR,41645,952238.2000000001,4.37
United States,IFR,15540.333333333334,952238.2000000001,1.63
United States,LIFR,5582,952238.2000000001,0.59
