country,flight_category,minutes,total,pct
Canada,VFR,437382,598703,73.05
Canada,MVFR,98748,598703,16.49
Canada,IFR,36144,598703,6.04
Canada,LIFR,26429,598703,4.41
United States,VFR,5549047.283333333,6382319.766666667,86.94
United States,MVFR,478844.23333333334,6382319.766666667,7.5
United States,IFR,204318.25,6382319.766666667,3.2
United States,LIFR,150110,6382319.766666667,2.35
