country,flight_category,minutes,total,pct
Canada,VFR,113692,136098,83.54
Canada,MVFR,14165,136098,10.41
Canada,IFR,5124,136098,3.76
Canada,LIFR,3117,136098,2.29
United States,VFR,1481404,1638980.4333333333,90.39
United States,MVFR,89008,1638980.4333333333,5.43
United States,IFR,42088.433333333334,1638980.4333333333,2.57
United States,LIFR,26480,1638980.4333333333,1.62
