country,flight_category,minutes,total,pct
Canada,VFR,428764,562694,76.2
Canada,MVFR,71329,562694,12.68
Canada,LIFR,33554,562694,5.96
Canada,IFR,29047,562694,5.16
United States,VFR,5692136.816666666,6124245.983333333,92.94
United States,MVFR,236948.08333333334,6124245.983333333,3.87
United States,LIFR,108678,6124245.983333333,1.77
United States,IFR,86483.08333333333,6124245.983333333,1.41
