country,flight_category,minutes,total,pct
Canada,VFR,346880,451307,76.86
Canada,MVFR,53419,451307,11.84
Canada,LIFR,27822,451307,6.16
Canada,IFR,23186,451307,5.14
United States,VFR,4806385.8,5153629.966666667,93.26
United States,MVFR,186602.08333333334,5153629.966666667,3.62
United States,LIFR,88926,5153629.966666667,1.73
United States,IFR,71716.08333333333,5153629.966666667,1.39
