country,flight_category,minutes,total,pct
Canada,VFR,277196,356689,77.71
Canada,MVFR,41489,356689,11.63
Canada,IFR,19705,356689,5.52
Canada,LIFR,18299,356689,5.13
United States,VFR,3672704.1666666665,3992032.1666666665,92
United States,MVFR,188429,3992032.1666666665,4.72
United States,LIFR,66032,3992032.1666666665,1.65
United States,IFR,64867,3992032.1666666665,1.62
