country,flight_category,minutes,total,pct
Canada,VFR,232150,300735,77.19
Canada,MVFR,34897,300735,11.6
Canada,LIFR,16863,300735,5.61
Canada,IFR,16825,300735,5.59
United States,VFR,3019566.033333333,3310798.033333333,91.2
United States,MVFR,166566,3310798.033333333,5.03
United States,LIFR,64458,3310798.033333333,1.95
United States,IFR,60208,3310798.033333333,1.82
