country,flight_category,minutes,total,pct
Canada,VFR,158142,211415,74.8
Canada,MVFR,24215,211415,11.45
Canada,LIFR,17668,211415,8.36
Canada,IFR,11390,211415,5.39
United States,VFR,2232309.183333333,2415095.183333333,92.43
United States,MVFR,96846,2415095.183333333,4.01
United States,LIFR,49132,2415095.183333333,2.03
United States,IFR,36808,2415095.183333333,1.52
