country,flight_category,minutes,total,pct
Canada,VFR,185900,253108,73.45
Canada,MVFR,30667,253108,12.12
Canada,LIFR,21865,253108,8.64
Canada,IFR,14676,253108,5.8
United States,VFR,2589103.183333333,2799142.183333333,92.5
United States,MVFR,112309,2799142.183333333,4.01
United States,LIFR,54939,2799142.183333333,1.96
United States,IFR,42791,2799142.183333333,1.53
