country,flight_category,minutes,total,pct
Canada,VFR,191546,250522,76.46
Canada,MVFR,29054,250522,11.6
Canada,LIFR,15682,250522,6.26
Canada,IFR,14240,250522,5.68
United States,VFR,2523176.033333333,2783680.033333333,90.64
United States,MVFR,141857,2783680.033333333,5.1
United States,LIFR,62895,2783680.033333333,2.26
United States,IFR,55752,2783680.033333333,2
