country,flight_category,minutes,total,pct
Canada,VFR,205819,280552,73.36
Canada,MVFR,35468,280552,12.64
Canada,LIFR,22987,280552,8.19
Canada,IFR,16278,280552,5.8
United States,VFR,2851278.183333333,3076179.183333333,92.69
United States,MVFR,122703,3076179.183333333,3.99
United States,LIFR,56903,3076179.183333333,1.85
United States,IFR,45295,3076179.183333333,1.47
