country,flight_category,minutes,total,pct
Canada,VFR,440511,597643,73.71
Canada,MVFR,95630,597643,16
Canada,IFR,35476,597643,5.94
Canada,LIFR,26026,597643,4.35
United States,VFR,5570544.383333334,6372486.783333334,87.42
United States,MVFR,467155.7166666667,6372486.783333334,7.33
United States,IFR,194922.68333333332,6372486.783333334,3.06
United States,LIFR,139864,6372486.783333334,2.19
