country,flight_category,minutes,total,pct
Canada,VFR,305939,399683,76.55
Canada,MVFR,56289,399683,14.08
Canada,IFR,21868,399683,5.47
Canada,LIFR,15587,399683,3.9
United States,VFR,3915029.2,4409429.600000001,88.79
United States,MVFR,291157.7166666667,4409429.600000001,6.6
United States,IFR,125173.68333333333,4409429.600000001,2.84
United States,LIFR,78069,4409429.600000001,1.77
