country,flight_category,minutes,total,pct
Canada,VFR,129123,168590,76.59
Canada,MVFR,19473,168590,11.55
Canada,LIFR,11204,168590,6.65
Canada,IFR,8790,168590,5.21
United States,VFR,1887000.1833333333,2025678.1833333333,93.15
United States,MVFR,75149,2025678.1833333333,3.71
United States,LIFR,35940,2025678.1833333333,1.77
United States,IFR,27589,2025678.1833333333,1.36
