country,flight_category,minutes,total,pct
Canada,VFR,70675,86119,82.07
Canada,MVFR,8916,86119,10.35
Canada,LIFR,3768,86119,4.38
Canada,IFR,2760,86119,3.2
United States,VFR,949625.0333333333,992151.0333333333,95.71
United States,MVFR,28633,992151.0333333333,2.89
United States,IFR,9864,992151.0333333333,0.99
United States,LIFR,4029,992151.0333333333,0.41
