country,flight_category,minutes,total,pct
Canada,VFR,222338,289202,76.88
Canada,MVFR,33782,289202,11.68
Canada,LIFR,16730,289202,5.78
Canada,IFR,16352,289202,5.65
United States,VFR,2918388.033333333,3205138.033333333,91.05
United States,MVFR,162795,3205138.033333333,5.08
United States,LIFR,64316,3205138.033333333,2.01
United States,IFR,59639,3205138.033333333,1.86
