country,flight_category,minutes,total,pct
Canada,VFR,449452,588937,76.32
Canada,MVFR,75647,588937,12.84
Canada,LIFR,33969,588937,5.77
Canada,IFR,29869,588937,5.07
United States,VFR,5906566.883333334,6351098.050000001,93
United States,MVFR,245628.08333333334,6351098.050000001,3.87
United States,LIFR,109495,6351098.050000001,1.72
United States,IFR,89408.08333333333,6351098.050000001,1.41
