country,flight_category,minutes,total,pct
Canada,VFR,326821,431530,75.74
Canada,MVFR,61310,431530,14.21
Canada,IFR,24887,431530,5.77
Canada,LIFR,18512,431530,4.29
United States,VFR,4226500.5,4798056.9,88.09
United States,MVFR,328800.7166666667,4798056.9,6.85
United States,IFR,144114.68333333332,4798056.9,3
United States,LIFR,98641,4798056.9,2.06
