country,flight_category,minutes,total,pct
Canada,VFR,205564,262402,78.34
Canada,MVFR,36264,262402,13.82
Canada,IFR,13120,262402,5
Canada,LIFR,7454,262402,2.84
United States,VFR,2444235.5166666666,2820637.1166666667,86.66
United States,MVFR,199924.6,2820637.1166666667,7.09
United States,IFR,103237,2820637.1166666667,3.66
United States,LIFR,73240,2820637.1166666667,2.6
