country,flight_category,minutes,total,pct
Canada,VFR,428794,562826,76.19
Canada,MVFR,71369,562826,12.68
Canada,LIFR,33584,562826,5.97
Canada,IFR,29079,562826,5.17
United States,VFR,5758761.816666666,6193985.983333333,92.97
United States,MVFR,239304.08333333334,6193985.983333333,3.86
United States,LIFR,109166,6193985.983333333,1.76
United States,IFR,86754.08333333333,6193985.983333333,1.4
