country,flight_category,minutes,total,pct
Canada,VFR,284149,363645,78.14
Canada,MVFR,47479,363645,13.06
Canada,IFR,19193,363645,5.28
Canada,LIFR,12824,363645,3.53
United States,VFR,3304883.5166666666,3872436.1166666667,85.34
United States,MVFR,289790.6,3872436.1166666667,7.48
United States,IFR,150465,3872436.1166666667,3.89
United States,LIFR,127297,3872436.1166666667,3.29
