country,flight_category,minutes,total,pct
Canada,VFR,200455,260683,76.9
Canada,MVFR,33926,260683,13.01
Canada,IFR,14479,260683,5.55
Canada,LIFR,11823,260683,4.54
United States,VFR,2483023.933333333,2797913.3666666662,88.75
United States,MVFR,179159,2797913.3666666662,6.4
United States,IFR,81606.43333333333,2797913.3666666662,2.92
United States,LIFR,54124,2797913.3666666662,1.93
