country,flight_category,minutes,total,pct
Canada,VFR,129588,170051,76.21
Canada,MVFR,19731,170051,11.6
Canada,LIFR,11688,170051,6.87
Canada,IFR,9044,170051,5.32
United States,VFR,1978925.1833333333,2130800.1833333336,92.87
United States,MVFR,81934,2130800.1833333336,3.85
United States,LIFR,39723,2130800.1833333336,1.86
United States,IFR,30218,2130800.1833333336,1.42
