country,flight_category,minutes,total,pct
Canada,VFR,113799,147267,77.27
Canada,MVFR,18039,147267,12.25
Canada,LIFR,7935,147267,5.39
Canada,IFR,7494,147267,5.09
United States,VFR,1659844.1833333333,1764629.1833333333,94.06
United States,MVFR,58670,1764629.1833333333,3.32
United States,LIFR,24651,1764629.1833333333,1.4
United States,IFR,21464,1764629.1833333333,1.22
