country,flight_category,minutes,total,pct
Canada,VFR,320916,419019,76.59
Canada,MVFR,49799,419019,11.88
Canada,LIFR,26305,419019,6.28
Canada,IFR,21999,419019,5.25
United States,VFR,4399515.666666667,4697886.266666667,93.65
United States,MVFR,165167.08333333334,4697886.266666667,3.52
United States,LIFR,72202,4697886.266666667,1.54
United States,IFR,61001.51666666667,4697886.266666667,1.3
