country,flight_category,minutes,total,pct
Canada,VFR,103075,126747,81.32
Canada,MVFR,12979,126747,10.24
Canada,LIFR,5596,126747,4.42
Canada,IFR,5097,126747,4.02
United States,VFR,1451422.0333333334,1542178.0333333334,94.12
United States,MVFR,54221,1542178.0333333334,3.52
United States,IFR,19299,1542178.0333333334,1.25
United States,LIFR,17236,1542178.0333333334,1.12
