country,flight_category,minutes,total,pct
Canada,VFR,287040,378276,75.88
Canada,MVFR,46124,378276,12.19
Canada,LIFR,24606,378276,6.5
Canada,IFR,20506,378276,5.42
United States,VFR,3895381.433333333,4158613.433333333,93.67
United States,MVFR,150038,4158613.433333333,3.61
United States,LIFR,61200,4158613.433333333,1.47
United States,IFR,51994,4158613.433333333,1.25
