country,flight_category,minutes,total,pct
Canada,VFR,269152,346470,77.68
Canada,MVFR,40010,346470,11.55
Canada,IFR,19260,346470,5.56
Canada,LIFR,18048,346470,5.21
United States,VFR,3545187.1666666665,3857735.1666666665,91.9
United States,MVFR,183847,3857735.1666666665,4.77
United States,LIFR,65392,3857735.1666666665,1.7
United States,IFR,63309,3857735.1666666665,1.64
