country,flight_category,minutes,total,pct
Canada,VFR,372094,502000,74.12
Canada,MVFR,73548,502000,14.65
Canada,IFR,32025,502000,6.38
Canada,LIFR,24333,502000,4.85
United States,VFR,4739647.433333334,5437513.833333334,87.17
United States,MVFR,390992.7166666667,5437513.833333334,7.19
United States,IFR,176735.68333333332,5437513.833333334,3.25
United States,LIFR,130138,5437513.833333334,2.39
