country,flight_category,minutes,total,pct
Canada,VFR,237444,319965,74.21
Canada,MVFR,40461,319965,12.65
Canada,LIFR,23815,319965,7.44
Canada,IFR,18245,319965,5.7
United States,VFR,3216857.183333333,3456683.183333333,93.06
United States,MVFR,134598,3456683.183333333,3.89
United States,LIFR,58184,3456683.183333333,1.68
United States,IFR,47044,3456683.183333333,1.36
