country,flight_category,minutes,total,pct
Canada,VFR,216499,294603,73.49
Canada,MVFR,37387,294603,12.69
Canada,LIFR,23441,294603,7.96
Canada,IFR,17276,294603,5.86
United States,VFR,3002408.183333333,3233994.183333333,92.84
United States,MVFR,127764,3233994.183333333,3.95
United States,LIFR,57667,3233994.183333333,1.78
United States,IFR,46155,3233994.183333333,1.43
