country,flight_category,minutes,total,pct
Canada,VFR,120753,157357,76.74
Canada,MVFR,18707,157357,11.89
Canada,LIFR,9714,157357,6.17
Canada,IFR,8183,157357,5.2
United States,VFR,1789360.1833333333,1914258.1833333333,93.48
United States,MVFR,68291,1914258.1833333333,3.57
United States,LIFR,31501,1914258.1833333333,1.65
United States,IFR,25106,1914258.1833333333,1.31
