country,flight_category,minutes,total,pct
Canada,VFR,161300,205255,78.59
Canada,MVFR,24202,205255,11.79
Canada,IFR,10732,205255,5.23
Canada,LIFR,9021,205255,4.4
United States,VFR,2035948.95,2292553.3833333333,88.81
United States,MVFR,140324,2292553.3833333333,6.12
United States,IFR,68049.43333333333,2292553.3833333333,2.97
United States,LIFR,48231,2292553.3833333333,2.1
