country,flight_category,minutes,total,pct
Canada,VFR,356375,463068,76.96
Canada,MVFR,54648,463068,11.8
Canada,LIFR,28575,463068,6.17
Canada,IFR,23470,463068,5.07
United States,VFR,4871950.75,5231901.916666667,93.12
United States,MVFR,191365.08333333334,5231901.916666667,3.66
United States,LIFR,94080,5231901.916666667,1.8
United States,IFR,74506.08333333333,5231901.916666667,1.42
