country,flight_category,minutes,total,pct
Canada,VFR,372234,502855,74.02
Canada,MVFR,74025,502855,14.72
Canada,IFR,32194,502855,6.4
Canada,LIFR,24402,502855,4.85
United States,VFR,4752319.433333334,5453313.833333334,87.15
United States,MVFR,392856.7166666667,5453313.833333334,7.2
United States,IFR,177525.68333333332,5453313.833333334,3.26
United States,LIFR,130612,5453313.833333334,2.4
