country,flight_category,minutes,total,pct
Canada,VFR,222020,288540,76.95
Canada,MVFR,33618,288540,11.65
Canada,LIFR,16650,288540,5.77
Canada,IFR,16252,288540,5.63
United States,VFR,2879510.033333333,3164156.033333333,91
United States,MVFR,160936,3164156.033333333,5.09
United States,LIFR,64272,3164156.033333333,2.03
United States,IFR,59438,3164156.033333333,1.88
