country,flight_category,minutes,total,pct
Canada,VFR,420223,572580,73.39
Canada,MVFR,91437,572580,15.97
Canada,IFR,34939,572580,6.1
Canada,LIFR,25981,572580,4.54
United States,VFR,5342500.383333334,6124981.783333334,87.22
United States,MVFR,451733.7166666667,6124981.783333334,7.38
United States,IFR,191844.68333333332,6124981.783333334,3.13
United States,LIFR,138903,6124981.783333334,2.27
