country,flight_category,minutes,total,pct
Canada,VFR,161489,205808,78.47
Canada,MVFR,24403,205808,11.86
Canada,IFR,10830,205808,5.26
Canada,LIFR,9086,205808,4.41
United States,VFR,2075142.95,2335655.3833333333,88.85
United States,MVFR,142906,2335655.3833333333,6.12
United States,IFR,68802.43333333333,2335655.3833333333,2.95
United States,LIFR,48804,2335655.3833333333,2.09
