country,flight_category,minutes,total,pct
Canada,VFR,188791,241834,78.07
Canada,MVFR,34285,241834,14.18
Canada,IFR,12247,241834,5.06
Canada,LIFR,6511,241834,2.69
United States,VFR,2227532.466666667,2564629.066666667,86.86
United States,MVFR,181490.6,2564629.066666667,7.08
United States,IFR,91997,2564629.066666667,3.59
United States,LIFR,63609,2564629.066666667,2.48
