country,flight_category,minutes,total,pct
Canada,VFR,253178,322758,78.44
Canada,MVFR,42786,322758,13.26
Canada,IFR,16227,322758,5.03
Canada,LIFR,10567,322758,3.27
United States,VFR,2932874.5166666666,3435107.1166666667,85.38
United States,MVFR,259550.6,3435107.1166666667,7.56
United States,IFR,131427,3435107.1166666667,3.83
United States,LIFR,111255,3435107.1166666667,3.24
