country,flight_category,minutes,total,pct
Canada,VFR,354695,473405,74.92
Canada,MVFR,67735,473405,14.31
Canada,IFR,28874,473405,6.1
Canada,LIFR,22101,473405,4.67
United States,VFR,4518818.466666667,5173664.866666667,87.34
United States,MVFR,368802.7166666667,5173664.866666667,7.13
United States,IFR,164318.68333333332,5173664.866666667,3.18
United States,LIFR,121725,5173664.866666667,2.35
