country,flight_category,minutes,total,pct
Canada,VFR,62102,75292,82.48
Canada,MVFR,7821,75292,10.39
Canada,LIFR,3076,75292,4.09
Canada,IFR,2293,75292,3.05
United States,VFR,810684.0333333333,844868.0333333333,95.95
United States,MVFR,23644,844868.0333333333,2.8
United States,IFR,7839,844868.0333333333,0.93
United States,LIFR,2701,844868.0333333333,0.32
