country,flight_category,minutes,total,pct
Canada,VFR,269357,348551,77.28
Canada,MVFR,47609,348551,13.66
Canada,IFR,17719,348551,5.08
Canada,LIFR,13866,348551,3.98
United States,VFR,3427309.0166666666,3841129.4499999997,89.23
United States,MVFR,243399,3841129.4499999997,6.34
United States,IFR,108388.43333333333,3841129.4499999997,2.82
United States,LIFR,62033,3841129.4499999997,1.61
