country,flight_category,minutes,total,pct
Canada,VFR,299144,389598,76.78
Canada,MVFR,54670,389598,14.03
Canada,IFR,20801,389598,5.34
Canada,LIFR,14983,389598,3.85
United States,VFR,3803383.1,4275586.25,88.96
United States,MVFR,278941.7166666667,4275586.25,6.52
United States,IFR,120466.43333333333,4275586.25,2.82
United States,LIFR,72795,4275586.25,1.7
