country,flight_category,minutes,total,pct
Canada,VFR,87354,106566,81.97
Canada,MVFR,11016,106566,10.34
Canada,LIFR,4417,106566,4.14
Canada,IFR,3779,106566,3.55
United States,VFR,1187896.0333333334,1249309.0333333334,95.08
United States,MVFR,39706,1249309.0333333334,3.18
United States,IFR,13509,1249309.0333333334,1.08
United States,LIFR,8198,1249309.0333333334,0.66
