country,flight_category,minutes,total,pct
Canada,VFR,451416,590345,76.47
Canada,MVFR,75039,590345,12.71
Canada,LIFR,34012,590345,5.76
Canada,IFR,29878,590345,5.06
United States,VFR,5924236.866666666,6371614.033333333,92.98
United States,MVFR,247694.08333333334,6371614.033333333,3.89
United States,LIFR,109109,6371614.033333333,1.71
United States,IFR,90574.08333333333,6371614.033333333,1.42
