country,flight_category,minutes,total,pct
Canada,VFR,276921,358274,77.29
Canada,MVFR,49248,358274,13.75
Canada,IFR,18112,358274,5.06
Canada,LIFR,13993,358274,3.91
United States,VFR,3449121.716666667,3867339.8666666667,89.19
United States,MVFR,246124.71666666667,3867339.8666666667,6.36
United States,IFR,109688.43333333333,3867339.8666666667,2.84
United States,LIFR,62405,3867339.8666666667,1.61
