country,flight_category,minutes,total,pct
Canada,VFR,142395,176654,80.61
Canada,MVFR,19791,176654,11.2
Canada,IFR,8058,176654,4.56
Canada,LIFR,6410,176654,3.63
United States,VFR,1809319.8833333333,2035298.3166666667,88.9
United States,MVFR,123451,2035298.3166666667,6.07
United States,IFR,59533.433333333334,2035298.3166666667,2.93
United States,LIFR,42994,2035298.3166666667,2.11
