country,flight_category,minutes,total,pct
Canada,VFR,95033,115907,81.99
Canada,MVFR,11910,115907,10.28
Canada,LIFR,4692,115907,4.05
Canada,IFR,4272,115907,3.69
United States,VFR,1292888.0333333334,1364479.0333333334,94.75
United States,MVFR,44813,1364479.0333333334,3.28
United States,IFR,15732,1364479.0333333334,1.15
United States,LIFR,11046,1364479.0333333334,0.81
