country,flight_category,minutes,total,pct
Canada,VFR,334592,442317,75.65
Canada,MVFR,62785,442317,14.19
Canada,IFR,25609,442317,5.79
Canada,LIFR,19331,442317,4.37
United States,VFR,4299203.483333333,4887861.883333334,87.96
United States,MVFR,337401.7166666667,4887861.883333334,6.9
United States,IFR,148128.68333333332,4887861.883333334,3.03
United States,LIFR,103128,4887861.883333334,2.11
