country,flight_category,minutes,total,pct
Canada,VFR,181921,237981,76.44
Canada,MVFR,27038,237981,11.36
Canada,LIFR,15274,237981,6.42
Canada,IFR,13748,237981,5.78
United States,VFR,2412721.033333333,2662925.033333333,90.6
United States,MVFR,134094,2662925.033333333,5.04
United States,LIFR,62132,2662925.033333333,2.33
United States,IFR,53978,2662925.033333333,2.03
