country,flight_category,minutes,total,pct
Canada,VFR,409688,558760,73.32
Canada,MVFR,88467,558760,15.83
Canada,IFR,34703,558760,6.21
Canada,LIFR,25902,558760,4.64
United States,VFR,5264207.366666666,6037731.766666667,87.19
United States,MVFR,444455.7166666667,6037731.766666667,7.36
United States,IFR,190617.68333333332,6037731.766666667,3.16
United States,LIFR,138451,6037731.766666667,2.29
