country,flight_category,minutes,total,pct
Canada,VFR,98506,127269,77.4
Canada,MVFR,16823,127269,13.22
Canada,IFR,6562,127269,5.16
Canada,LIFR,5378,127269,4.23
United States,VFR,1498010.1833333333,1581246.1833333333,94.74
United States,MVFR,47673,1581246.1833333333,3.01
United States,LIFR,18323,1581246.1833333333,1.16
United States,IFR,17240,1581246.1833333333,1.09
