country,flight_category,minutes,total,pct
Canada,VFR,328948,429045,76.67
Canada,MVFR,51004,429045,11.89
Canada,LIFR,26700,429045,6.22
Canada,IFR,22393,429045,5.22
United States,VFR,4568484.816666666,4883521.983333333,93.55
United States,MVFR,172725.08333333334,4883521.983333333,3.54
United States,LIFR,77533,4883521.983333333,1.59
United States,IFR,64779.083333333336,4883521.983333333,1.33
