country,flight_category,minutes,total,pct
Canada,VFR,227010,307520,73.82
Canada,MVFR,38983,307520,12.68
Canada,LIFR,23680,307520,7.7
Canada,IFR,17847,307520,5.8
United States,VFR,3125580.183333333,3362020.183333333,92.97
United States,MVFR,131744,3362020.183333333,3.92
United States,LIFR,58107,3362020.183333333,1.73
United States,IFR,46589,3362020.183333333,1.39
