country,flight_category,minutes,total,pct
Canada,VFR,430888,585920,73.54
Canada,MVFR,93757,585920,16
Canada,IFR,35234,585920,6.01
Canada,LIFR,26041,585920,4.44
United States,VFR,5458249.3,6250957.7,87.32
United States,MVFR,459442.7166666667,6250957.7,7.35
United States,IFR,193723.68333333332,6250957.7,3.1
United States,LIFR,139542,6250957.7,2.23
