country,flight_category,minutes,total,pct
Canada,VFR,185728,252597,73.53
Canada,MVFR,30521,252597,12.08
Canada,LIFR,21868,252597,8.66
Canada,IFR,14480,252597,5.73
United States,VFR,2576486.183333333,2785809.183333333,92.49
United States,MVFR,111858,2785809.183333333,4.02
United States,LIFR,54758,2785809.183333333,1.97
United States,IFR,42707,2785809.183333333,1.53
