country,flight_category,minutes,total,pct
Canada,VFR,61987,74997,82.65
Canada,MVFR,7861,74997,10.48
Canada,LIFR,2984,74997,3.98
Canada,IFR,2165,74997,2.89
United States,VFR,797667.0333333333,830531.0333333333,96.04
United States,MVFR,22955,830531.0333333333,2.76
United States,IFR,7464,830531.0333333333,0.9
United States,LIFR,2445,830531.0333333333,0.29
