country,flight_category,minutes,total,pct
Canada,VFR,146617,185984,78.83
Canada,MVFR,19249,185984,10.35
Canada,LIFR,10908,185984,5.87
Canada,IFR,9210,185984,4.95
United States,VFR,1950149.0333333334,2134080.033333333,91.38
United States,MVFR,97923,2134080.033333333,4.59
United States,LIFR,48506,2134080.033333333,2.27
United States,IFR,37502,2134080.033333333,1.76
