country,flight_category,minutes,total,pct
Canada,VFR,161141,204732,78.71
Canada,MVFR,23997,204732,11.72
Canada,IFR,10676,204732,5.21
Canada,LIFR,8918,204732,4.36
United States,VFR,2024482.95,2278773.3833333333,88.84
United States,MVFR,139143,2278773.3833333333,6.11
United States,IFR,67274.43333333333,2278773.3833333333,2.95
United States,LIFR,47873,2278773.3833333333,2.1
