country,flight_category,minutes,total,pct
Canada,VFR,176693,240033,73.61
Canada,MVFR,28453,240033,11.85
Canada,LIFR,21147,240033,8.81
Canada,IFR,13740,240033,5.72
United States,VFR,2488317.183333333,2692366.183333333,92.42
United States,MVFR,108410,2692366.183333333,4.03
United States,LIFR,53940,2692366.183333333,2
United States,IFR,41699,2692366.183333333,1.55
