country,flight_category,minutes,total,pct
Canada,VFR,438672,596648,73.52
Canada,MVFR,96256,596648,16.13
Canada,IFR,35657,596648,5.98
Canada,LIFR,26063,596648,4.37
United States,VFR,5567573.25,6374465.716666667,87.34
United States,MVFR,470799.98333333334,6374465.716666667,7.39
United States,IFR,195145.48333333334,6374465.716666667,3.06
United States,LIFR,140947,6374465.716666667,2.21
