country,flight_category,minutes,total,pct
Canada,VFR,201700,263883,76.44
Canada,MVFR,31019,263883,11.75
Canada,LIFR,16128,263883,6.11
Canada,IFR,15036,263883,5.7
United States,VFR,2736828.033333333,3013270.033333333,90.83
United States,MVFR,154237,3013270.033333333,5.12
United States,LIFR,63778,3013270.033333333,2.12
United States,IFR,58427,3013270.033333333,1.94
