country,flight_category,minutes,total,pct
Canada,VFR,195931,267752,73.18
Canada,MVFR,33478,267752,12.5
Canada,LIFR,22654,267752,8.46
Canada,IFR,15689,267752,5.86
United States,VFR,2827792.183333333,3051211.183333333,92.68
United States,MVFR,121674,3051211.183333333,3.99
United States,LIFR,56749,3051211.183333333,1.86
United States,IFR,44996,3051211.183333333,1.47
