country,flight_category,minutes,total,pct
Canada,VFR,440687,597595,73.74
Canada,MVFR,95352,597595,15.96
Canada,IFR,35500,597595,5.94
Canada,LIFR,26056,597595,4.36
United States,VFR,5548257.3,6347164.7,87.41
United States,MVFR,464415.7166666667,6347164.7,7.32
United States,IFR,194699.68333333332,6347164.7,3.07
United States,LIFR,139792,6347164.7,2.2
