country,flight_category,minutes,total,pct
Canada,VFR,284842,366361,77.75
Canada,MVFR,42840,366361,11.69
Canada,IFR,20118,366361,5.49
Canada,LIFR,18561,366361,5.07
United States,VFR,3775650.1666666665,4101293.1666666665,92.06
United States,MVFR,192301,4101293.1666666665,4.69
United States,LIFR,67266,4101293.1666666665,1.64
United States,IFR,66076,4101293.1666666665,1.61
