country,flight_category,minutes,total,pct
Canada,VFR,163619,211533,77.35
Canada,MVFR,22604,211533,10.69
Canada,LIFR,13575,211533,6.42
Canada,IFR,11735,211533,5.55
United States,VFR,2167709.033333333,2386508.033333333,90.83
United States,MVFR,114703,2386508.033333333,4.81
United States,LIFR,57559,2386508.033333333,2.41
United States,IFR,46537,2386508.033333333,1.95
