country,flight_category,minutes,total,pct
Canada,VFR,211793,275985,76.74
Canada,MVFR,32306,275985,11.71
Canada,LIFR,16440,275985,5.96
Canada,IFR,15446,275985,5.6
United States,VFR,2767438.033333333,3045492.033333333,90.87
United States,MVFR,155437,3045492.033333333,5.1
United States,LIFR,63965,3045492.033333333,2.1
United States,IFR,58652,3045492.033333333,1.93
