country,flight_category,minutes,total,pct
Canada,VFR,188891,242043,78.04
Canada,MVFR,34259,242043,14.15
Canada,IFR,12312,242043,5.09
Canada,LIFR,6581,242043,2.72
United States,VFR,2301058.466666667,2645925.066666667,86.97
United States,MVFR,185446.6,2645925.066666667,7.01
United States,IFR,94299,2645925.066666667,3.56
United States,LIFR,65121,2645925.066666667,2.46
