country,flight_category,minutes,total,pct
Canada,VFR,121933,147122,82.88
Canada,MVFR,15580,147122,10.59
Canada,IFR,5838,147122,3.97
Canada,LIFR,3771,147122,2.56
United States,VFR,1574198.95,1750109.3833333333,89.95
United States,MVFR,97503,1750109.3833333333,5.57
United States,IFR,47071.433333333334,1750109.3833333333,2.69
United States,LIFR,31336,1750109.3833333333,1.79
