country,flight_category,minutes,total,pct
Canada,VFR,242096,313291,77.28
Canada,MVFR,36387,313291,11.61
Canada,IFR,17650,313291,5.63
Canada,LIFR,17158,313291,5.48
United States,VFR,3164949.033333333,3462341.033333333,91.41
United States,MVFR,172154,3462341.033333333,4.97
United States,LIFR,64495,3462341.033333333,1.86
United States,IFR,60743,3462341.033333333,1.75
