country,flight_category,minutes,total,pct
Canada,VFR,364049,489071,74.44
Canada,MVFR,70856,489071,14.49
Canada,IFR,30739,489071,6.29
Canada,LIFR,23427,489071,4.79
United States,VFR,4644875.35,5327449.75,87.19
United States,MVFR,382197.7166666667,5327449.75,7.17
United States,IFR,172340.68333333332,5327449.75,3.23
United States,LIFR,128036,5327449.75,2.4
