country,flight_category,minutes,total,pct
Canada,VFR,299730,385809,77.69
Canada,MVFR,45669,385809,11.84
Canada,IFR,21139,385809,5.48
Canada,LIFR,19271,385809,4.99
United States,VFR,4006935.2333333334,4352294.233333333,92.06
United States,MVFR,202793,4352294.233333333,4.66
United States,LIFR,72299,4352294.233333333,1.66
United States,IFR,70267,4352294.233333333,1.61
