country,flight_category,minutes,total,pct
Canada,VFR,451395,590423,76.45
Canada,MVFR,75042,590423,12.71
Canada,LIFR,34012,590423,5.76
Canada,IFR,29974,590423,5.08
United States,VFR,5923706.85,6370633.016666667,92.98
United States,MVFR,247334.08333333334,6370633.016666667,3.88
United States,LIFR,109139,6370633.016666667,1.71
United States,IFR,90453.08333333333,6370633.016666667,1.42
