country,flight_category,minutes,total,pct
Canada,VFR,127228,159160,79.94
Canada,MVFR,16362,159160,10.28
Canada,LIFR,8358,159160,5.25
Canada,IFR,7212,159160,4.53
United States,VFR,1790467.0333333334,1942272.0333333334,92.18
United States,MVFR,84017,1942272.0333333334,4.33
United States,LIFR,37230,1942272.0333333334,1.92
United States,IFR,30558,1942272.0333333334,1.57
