country,flight_category,minutes,total,pct
Canada,VFR,380855,515862,73.83
Canada,MVFR,77096,515862,14.95
Canada,IFR,32988,515862,6.39
Canada,LIFR,24923,515862,4.83
United States,VFR,4844081.316666666,5559725.716666667,87.13
United States,MVFR,402142.7166666667,5559725.716666667,7.23
United States,IFR,181076.68333333332,5559725.716666667,3.26
United States,LIFR,132425,5559725.716666667,2.38
