country,flight_category,minutes,total,pct
Canada,VFR,76217,97308,78.33
Canada,MVFR,14095,97308,14.48
Canada,IFR,4768,97308,4.9
Canada,LIFR,2228,97308,2.29
United States,VFR,1090399.1833333333,1138252.1833333333,95.8
United States,MVFR,29158,1138252.1833333333,2.56
United States,IFR,10242,1138252.1833333333,0.9
United States,LIFR,8453,1138252.1833333333,0.74
