country,flight_category,minutes,total,pct
Canada,VFR,191638,250932,76.37
Canada,MVFR,29149,250932,11.62
Canada,LIFR,15741,250932,6.27
Canada,IFR,14404,250932,5.74
United States,VFR,2541423.033333333,2803749.033333333,90.64
United States,MVFR,143013,2803749.033333333,5.1
United States,LIFR,63156,2803749.033333333,2.25
United States,IFR,56157,2803749.033333333,2
