country,flight_category,minutes,total,pct
Canada,VFR,102986,126252,81.57
Canada,MVFR,12864,126252,10.19
Canada,LIFR,5345,126252,4.23
Canada,IFR,5057,126252,4.01
United States,VFR,1415414.0333333334,1502423.0333333334,94.21
United States,MVFR,52221,1502423.0333333334,3.48
United States,IFR,18718,1502423.0333333334,1.25
United States,LIFR,16070,1502423.0333333334,1.07
