country,flight_category,minutes,total,pct
Canada,VFR,78752,95785,82.22
Canada,MVFR,9880,95785,10.31
Canada,LIFR,4053,95785,4.23
Canada,IFR,3100,95785,3.24
United States,VFR,1047443.0333333333,1096028.0333333332,95.57
United States,MVFR,32395,1096028.0333333332,2.96
United States,IFR,10932,1096028.0333333332,1
United States,LIFR,5258,1096028.0333333332,0.48
