country,flight_category,minutes,total,pct
Canada,VFR,296072,388888,76.13
Canada,MVFR,46989,388888,12.08
Canada,LIFR,24928,388888,6.41
Canada,IFR,20899,388888,5.37
United States,VFR,4021921.433333333,4291255.516666667,93.72
United States,MVFR,153092.08333333334,4291255.516666667,3.57
United States,LIFR,62643,4291255.516666667,1.46
United States,IFR,53599,4291255.516666667,1.25
