country,flight_category,minutes,total,pct
Canada,VFR,451400,590419,76.45
Canada,MVFR,75104,590419,12.72
Canada,LIFR,34012,590419,5.76
Canada,IFR,29903,590419,5.06
United States,VFR,5923820.866666666,6371679.033333333,92.97
United States,MVFR,247931.08333333334,6371679.033333333,3.89
United States,LIFR,109169,6371679.033333333,1.71
United States,IFR,90758.08333333333,6371679.033333333,1.42
