country,flight_category,minutes,total,pct
Canada,VFR,152235,192203,79.21
Canada,MVFR,22223,192203,11.56
Canada,IFR,9659,192203,5.03
Canada,LIFR,8086,192203,4.21
United States,VFR,2000695.8833333333,2250820.3166666664,88.89
United States,MVFR,136959,2250820.3166666664,6.08
United States,IFR,66042.43333333333,2250820.3166666664,2.93
United States,LIFR,47123,2250820.3166666664,2.09
