country,flight_category,minutes,total,pct
Canada,VFR,230905,300775,76.77
Canada,MVFR,41026,300775,13.64
Canada,IFR,15779,300775,5.25
Canada,LIFR,13065,300775,4.34
United States,VFR,2832523.966666667,3185960.4,88.91
United States,MVFR,204731,3185960.4,6.43
United States,IFR,91906.43333333333,3185960.4,2.88
United States,LIFR,56799,3185960.4,1.78
