country,flight_category,minutes,total,pct
Canada,VFR,439427,596647,73.65
Canada,MVFR,95691,596647,16.04
Canada,IFR,35520,596647,5.95
Canada,LIFR,26009,596647,4.36
United States,VFR,5569043.383333334,6372749.783333334,87.39
United States,MVFR,468531.7166666667,6372749.783333334,7.35
United States,IFR,195033.68333333332,6372749.783333334,3.06
United States,LIFR,140141,6372749.783333334,2.2
