country,flight_category,minutes,total,pct
Canada,VFR,292161,379063,77.07
Canada,MVFR,52882,379063,13.95
Canada,IFR,19573,379063,5.16
Canada,LIFR,14447,379063,3.81
United States,VFR,3677592.066666667,4127564.216666667,89.1
United States,MVFR,265693.7166666667,4127564.216666667,6.44
United States,IFR,116164.43333333333,4127564.216666667,2.81
United States,LIFR,68114,4127564.216666667,1.65
