country,flight_category,minutes,total,pct
Canada,VFR,237723,320564,74.16
Canada,MVFR,40538,320564,12.65
Canada,LIFR,23892,320564,7.45
Canada,IFR,18411,320564,5.74
United States,VFR,3247102.183333333,3488176.183333333,93.09
United States,MVFR,135461,3488176.183333333,3.88
United States,LIFR,58310,3488176.183333333,1.67
United States,IFR,47303,3488176.183333333,1.36
