country,flight_category,minutes,total,pct
Canada,VFR,253500,323589,78.34
Canada,MVFR,43026,323589,13.3
Canada,IFR,16267,323589,5.03
Canada,LIFR,10796,323589,3.34
United States,VFR,2964614.5166666666,3475549.1166666667,85.3
United States,MVFR,262873.6,3475549.1166666667,7.56
United States,IFR,133315,3475549.1166666667,3.84
United States,LIFR,114746,3475549.1166666667,3.3
