country,flight_category,minutes,total,pct
Canada,VFR,431043,586105,73.54
Canada,MVFR,93787,586105,16
Canada,IFR,35234,586105,6.01
Canada,LIFR,26041,586105,4.44
United States,VFR,5533298.3,6330641.7,87.41
United States,MVFR,463353.7166666667,6330641.7,7.32
United States,IFR,194257.68333333332,6330641.7,3.07
United States,LIFR,139732,6330641.7,2.21
