country,flight_category,minutes,total,pct
Canada,VFR,389279,507925,76.64
Canada,MVFR,61189,507925,12.05
Canada,LIFR,31336,507925,6.17
Canada,IFR,26121,507925,5.14
United States,VFR,5272539.766666667,5676912.933333334,92.88
United States,MVFR,216123.08333333334,5676912.933333334,3.81
United States,LIFR,105462,5676912.933333334,1.86
United States,IFR,82788.08333333333,5676912.933333334,1.46
