country,flight_category,minutes,total,pct
Canada,VFR,306658,395944,77.45
Canada,MVFR,47333,395944,11.95
Canada,IFR,21867,395944,5.52
Canada,LIFR,20086,395944,5.07
United States,VFR,4131491.2333333334,4491466.233333333,91.99
United States,MVFR,209678,4491466.233333333,4.67
United States,LIFR,76971,4491466.233333333,1.71
United States,IFR,73326,4491466.233333333,1.63
