country,flight_category,minutes,total,pct
Canada,VFR,72483,84201,86.08
Canada,MVFR,8445,84201,10.03
Canada,IFR,2344,84201,2.78
Canada,LIFR,929,84201,1.1
United States,VFR,965410.1166666667,1036521.4500000001,93.14
United States,MVFR,46264,1036521.4500000001,4.46
United States,IFR,17665.333333333332,1036521.4500000001,1.7
United States,LIFR,7182,1036521.4500000001,0.69
