country,flight_category,minutes,total,pct
Canada,VFR,106174,137502,77.22
Canada,MVFR,17574,137502,12.78
Canada,IFR,6965,137502,5.07
Canada,LIFR,6789,137502,4.94
United States,VFR,1563353.1833333333,1656981.1833333333,94.35
United States,MVFR,52759,1656981.1833333333,3.18
United States,LIFR,21562,1656981.1833333333,1.3
United States,IFR,19307,1656981.1833333333,1.17
