flight_category,minutes,total,pct
VFR,3251716.033333333,3611533.033333333,90.04
MVFR,201463,3611533.033333333,5.58
LIFR,81321,3611533.033333333,2.25
IFR,77033,3611533.033333333,2.13
