flight_category,minutes,total,pct
VFR,2515449.5166666666,2919552.1166666667,86.16
MVFR,222470.6,2919552.1166666667,7.62
IFR,108216,2919552.1166666667,3.71
LIFR,73416,2919552.1166666667,2.51
