flight_category,minutes,total,pct
VFR,4953098.866666666,5378355.033333333,92.09
MVFR,227984.08333333334,5378355.033333333,4.24
LIFR,107440,5378355.033333333,2
IFR,89832.08333333333,5378355.033333333,1.67
