flight_category,minutes,total,pct
VFR,4114715.0833333335,4681139.233333333,87.9
MVFR,335744.7166666667,4681139.233333333,7.17
IFR,142084.43333333332,4681139.233333333,3.04
LIFR,88595,4681139.233333333,1.89
