flight_category,minutes,total,pct
VFR,1713949.9666666666,1923490.4,89.11
MVFR,117012,1923490.4,6.08
IFR,55423.433333333334,1923490.4,2.88
LIFR,37105,1923490.4,1.93
