flight_category,minutes,total,pct
VFR,3194058.9166666665,3632041.3499999996,87.94
MVFR,255396,3632041.3499999996,7.03
IFR,111595.43333333333,3632041.3499999996,3.07
LIFR,70991,3632041.3499999996,1.95
