flight_category,minutes,total,pct
VFR,4880412.466666667,5657225.866666667,86.27
MVFR,437803.7166666667,5657225.866666667,7.74
IFR,194214.68333333332,5657225.866666667,3.43
LIFR,144795,5657225.866666667,2.56
