flight_category,minutes,total,pct
VFR,4130536.433333333,4480935.433333334,92.18
MVFR,194074,4480935.433333334,4.33
LIFR,84649,4480935.433333334,1.89
IFR,71676,4480935.433333334,1.6
