flight_category,minutes,total,pct
VFR,3057097.183333333,3356731.183333333,91.07
MVFR,158171,3356731.183333333,4.71
LIFR,79890,3356731.183333333,2.38
IFR,61573,3356731.183333333,1.83
