flight_category,minutes,total,pct
VFR,4800640.4,5555475.800000001,86.41
MVFR,427666.7166666667,5555475.800000001,7.7
IFR,187432.68333333332,5555475.800000001,3.37
LIFR,139736,5555475.800000001,2.52
