flight_category,minutes,total,pct
VFR,4338663.233333333,4776261.233333333,90.84
MVFR,251107,4776261.233333333,5.26
LIFR,93497,4776261.233333333,1.96
IFR,92994,4776261.233333333,1.95
