flight_category,minutes,total,pct
VFR,3063428.966666667,3486735.4,87.86
MVFR,245757,3486735.4,7.05
IFR,107685.43333333333,3486735.4,3.09
LIFR,69864,3486735.4,2
