flight_category,minutes,total,pct
VFR,3201112.183333333,3509924.183333333,91.2
MVFR,164702,3509924.183333333,4.69
LIFR,80889,3509924.183333333,2.3
IFR,63221,3509924.183333333,1.8
