flight_category,minutes,total,pct
VFR,4998854.366666666,5803906.766666667,86.13
MVFR,451620.7166666667,5803906.766666667,7.78
IFR,202456.68333333332,5803906.766666667,3.49
LIFR,150975,5803906.766666667,2.6
