flight_category,minutes,total,pct
VFR,6375652.866666666,6961959.033333333,91.58
MVFR,322733.0833333333,6961959.033333333,4.64
LIFR,143121,6961959.033333333,2.06
IFR,120452.08333333333,6961959.033333333,1.73
