flight_category,minutes,total,pct
VFR,5418636.733333333,5914804.9,91.61
MVFR,262202.0833333333,5914804.9,4.43
LIFR,130315,5914804.9,2.2
IFR,103651.08333333333,5914804.9,1.75
