flight_category,minutes,total,pct
VFR,3589032.5166666666,4236081.116666666,84.73
MVFR,337269.6,4236081.116666666,7.96
IFR,169658,4236081.116666666,4.01
LIFR,140121,4236081.116666666,3.31
