flight_category,minutes,total,pct
VFR,2605641.033333333,2913514.033333333,89.43
MVFR,162396,2913514.033333333,5.57
LIFR,77593,2913514.033333333,2.66
IFR,67884,2913514.033333333,2.33
