flight_category,minutes,total,pct
VFR,4004585.433333333,4350178.433333334,92.06
MVFR,191291,4350178.433333334,4.4
LIFR,83923,4350178.433333334,1.93
IFR,70379,4350178.433333334,1.62
