flight_category,minutes,total,pct
VFR,1254262.1833333333,1328981.1833333333,94.38
MVFR,46507,1328981.1833333333,3.5
IFR,16064,1328981.1833333333,1.21
LIFR,12148,1328981.1833333333,0.91
