flight_category,minutes,total,pct
VFR,4077265.1666666665,4486700.166666666,90.87
MVFR,236348,4486700.166666666,5.27
IFR,86596,4486700.166666666,1.93
LIFR,86491,4486700.166666666,1.93
