flight_category,minutes,total,pct
VFR,4306665.233333333,4738103.233333333,90.89
MVFR,248462,4738103.233333333,5.24
IFR,91406,4738103.233333333,1.93
LIFR,91570,4738103.233333333,1.93
