flight_category,minutes,total,pct
VFR,3352590.183333333,3669540.183333333,91.36
MVFR,170727,3669540.183333333,4.65
LIFR,81787,3669540.183333333,2.23
IFR,64436,3669540.183333333,1.76
