flight_category,minutes,total,pct
VFR,3939824.05,4469939.2,88.14
MVFR,314426.7166666667,4469939.2,7.03
IFR,134367.43333333332,4469939.2,3.01
LIFR,81321,4469939.2,1.82
