flight_category,minutes,total,pct
VFR,3000842.033333333,3345112.033333333,89.71
MVFR,189246,3345112.033333333,5.66
LIFR,80423,3345112.033333333,2.4
IFR,74601,3345112.033333333,2.23
