flight_category,minutes,total,pct
VFR,3335779.183333333,3652038.183333333,91.34
MVFR,170245,3652038.183333333,4.66
LIFR,81589,3652038.183333333,2.23
IFR,64425,3652038.183333333,1.76
