flight_category,minutes,total,pct
VFR,2016123.1833333333,2194268.1833333336,91.88
MVFR,94622,2194268.1833333336,4.31
LIFR,47144,2194268.1833333336,2.15
IFR,36379,2194268.1833333336,1.66
