flight_category,minutes,total,pct
VFR,958837.0333333333,1010641.0333333333,94.87
MVFR,34258,1010641.0333333333,3.39
IFR,11258,1010641.0333333333,1.11
LIFR,6288,1010641.0333333333,0.62
