flight_category,minutes,total,pct
VFR,4438149.233333333,4887410.233333333,90.81
MVFR,257011,4887410.233333333,5.26
LIFR,97057,4887410.233333333,1.99
IFR,95193,4887410.233333333,1.95
