flight_category,minutes,total,pct
VFR,2898807,3302300.433333333,87.78
MVFR,232054,3302300.433333333,7.03
IFR,102971.43333333333,3302300.433333333,3.12
LIFR,68468,3302300.433333333,2.07
