flight_category,minutes,total,pct
VFR,5309374.883333334,5790038.050000001,91.7
MVFR,253582.08333333334,5790038.050000001,4.38
LIFR,126843,5790038.050000001,2.19
IFR,100238.08333333333,5790038.050000001,1.73
