flight_category,minutes,total,pct
VFR,2823005.1,3217461.533333333,87.74
MVFR,226196,3217461.533333333,7.03
IFR,100486.43333333333,3217461.533333333,3.12
LIFR,67774,3217461.533333333,2.11
