flight_category,minutes,total,pct
VFR,2210892.183333333,2422613.183333333,91.26
MVFR,110504,2422613.183333333,4.56
LIFR,58350,2422613.183333333,2.41
IFR,42867,2422613.183333333,1.77
