flight_category,minutes,total,pct
VFR,998481.1166666667,1078822.45,92.55
MVFR,53189,1078822.45,4.93
IFR,19367.333333333332,1078822.45,1.8
LIFR,7785,1078822.45,0.72
