flight_category,minutes,total,pct
VFR,6006245.25,6971113.716666667,86.16
MVFR,567055.9833333333,6971113.716666667,8.13
IFR,230802.48333333334,6971113.716666667,3.31
LIFR,167010,6971113.716666667,2.4
