flight_category,minutes,total,pct
VFR,1037893.1166666667,1120722.45,92.61
MVFR,54709,1120722.45,4.88
IFR,20009.333333333332,1120722.45,1.79
LIFR,8111,1120722.45,0.72
