flight_category,minutes,total,pct
VFR,1518400.0333333334,1628675.0333333334,93.23
MVFR,65085,1628675.0333333334,4
IFR,23775,1628675.0333333334,1.46
LIFR,21415,1628675.0333333334,1.31
