flight_category,minutes,total,pct
VFR,4435432.416666667,5076879.816666667,87.37
MVFR,373367.7166666667,5076879.816666667,7.35
IFR,160503.68333333332,5076879.816666667,3.16
LIFR,107576,5076879.816666667,2.12
