flight_category,minutes,total,pct
VFR,5997145.3,6954397.7,86.24
MVFR,560897.7166666667,6954397.7,8.07
IFR,230296.68333333332,6954397.7,3.31
LIFR,166058,6954397.7,2.39
