flight_category,minutes,total,pct
VFR,5608118.466666667,6524139.866666667,85.96
MVFR,528066.7166666667,6524139.866666667,8.09
IFR,224332.68333333332,6524139.866666667,3.44
LIFR,163622,6524139.866666667,2.51
