flight_category,minutes,total,pct
VFR,2599119.5166666666,3017929.1166666667,86.12
MVFR,229771.6,3017929.1166666667,7.61
IFR,112230,3017929.1166666667,3.72
LIFR,76808,3017929.1166666667,2.55
