flight_category,minutes,total,pct
VFR,2847974.183333333,3129595.183333333,91
MVFR,145876,3129595.183333333,4.66
LIFR,77477,3129595.183333333,2.48
IFR,58268,3129595.183333333,1.86
