flight_category,minutes,total,pct
VFR,1020300.0333333333,1078270.0333333332,94.62
MVFR,37549,1078270.0333333332,3.48
IFR,12624,1078270.0333333332,1.17
LIFR,7797,1078270.0333333332,0.72
