flight_category,minutes,total,pct
VFR,2989099.5166666666,3513312.1166666667,85.08
MVFR,278634.6,3513312.1166666667,7.93
IFR,137011,3513312.1166666667,3.9
LIFR,108567,3513312.1166666667,3.09
