flight_category,minutes,total,pct
VFR,1715542.0333333334,1855860.0333333334,92.44
MVFR,80207,1855860.0333333334,4.32
LIFR,30595,1855860.0333333334,1.65
IFR,29516,1855860.0333333334,1.59
