flight_category,minutes,total,pct
VFR,2763173.5166666666,3224056.1166666667,85.7
MVFR,249519.6,3224056.1166666667,7.74
IFR,122483,3224056.1166666667,3.8
LIFR,88880,3224056.1166666667,2.76
