flight_category,minutes,total,pct
VFR,4649030.433333334,5353420.833333334,86.84
MVFR,403736.7166666667,5353420.833333334,7.54
IFR,175861.68333333332,5353420.833333334,3.29
LIFR,124792,5353420.833333334,2.33
