flight_category,minutes,total,pct
VFR,4558208.35,5237757.75,87.03
MVFR,391139.7166666667,5237757.75,7.47
IFR,170267.68333333332,5237757.75,3.25
LIFR,118142,5237757.75,2.26
