flight_category,minutes,total,pct
VFR,3106355.9166666665,3536347.3499999996,87.84
MVFR,249945,3536347.3499999996,7.07
IFR,109478.43333333333,3536347.3499999996,3.1
LIFR,70568,3536347.3499999996,2
