flight_category,minutes,total,pct
VFR,5717033.866666666,6248395.033333333,91.5
MVFR,282766.0833333333,6248395.033333333,4.53
LIFR,138356,6248395.033333333,2.21
IFR,110239.08333333333,6248395.033333333,1.76
