flight_category,minutes,total,pct
VFR,2402351.466666667,2789108.066666667,86.13
MVFR,214220.6,2789108.066666667,7.68
IFR,103166,2789108.066666667,3.7
LIFR,69370,2789108.066666667,2.49
