flight_category,minutes,total,pct
VFR,1225684.9666666666,1335252.4,91.79
MVFR,69859,1335252.4,5.23
IFR,27037.433333333334,1335252.4,2.02
LIFR,12671,1335252.4,0.95
