flight_category,minutes,total,pct
VFR,1399655.0333333334,1494296.0333333334,93.67
MVFR,57835,1494296.0333333334,3.87
IFR,20343,1494296.0333333334,1.36
LIFR,16463,1494296.0333333334,1.1
