flight_category,minutes,total,pct
VFR,3989943.0833333335,4533466.233333333,88.01
MVFR,322122.7166666667,4533466.233333333,7.11
IFR,137323.43333333332,4533466.233333333,3.03
LIFR,84077,4533466.233333333,1.85
