flight_category,minutes,total,pct
VFR,1387921.0333333334,1480386.0333333334,93.75
MVFR,56723,1480386.0333333334,3.83
IFR,20004,1480386.0333333334,1.35
LIFR,15738,1480386.0333333334,1.06
