flight_category,minutes,total,pct
VFR,2846759.033333333,3178917.033333333,89.55
MVFR,180253,3178917.033333333,5.67
LIFR,79549,3178917.033333333,2.5
IFR,72356,3178917.033333333,2.28
