flight_category,minutes,total,pct
VFR,2868108.033333333,3202469.033333333,89.56
MVFR,181767,3202469.033333333,5.68
LIFR,79788,3202469.033333333,2.49
IFR,72806,3202469.033333333,2.27
