flight_category,minutes,total,pct
VFR,5971353.816666666,6525187.983333333,91.51
MVFR,299383.0833333333,6525187.983333333,4.59
LIFR,141067,6525187.983333333,2.16
IFR,113384.08333333333,6525187.983333333,1.74
