flight_category,minutes,total,pct
VFR,4187604.1666666665,4606844.166666666,90.9
MVFR,241730,4606844.166666666,5.25
IFR,88826,4606844.166666666,1.93
LIFR,88684,4606844.166666666,1.93
