flight_category,minutes,total,pct
VFR,1166616.1833333333,1235560.1833333333,94.42
MVFR,43253,1235560.1833333333,3.5
IFR,15010,1235560.1833333333,1.21
LIFR,10681,1235560.1833333333,0.86
