flight_category,minutes,total,pct
VFR,6011055.383333334,6970129.783333334,86.24
MVFR,562785.7166666667,6970129.783333334,8.07
IFR,230398.68333333332,6970129.783333334,3.31
LIFR,165890,6970129.783333334,2.38
