flight_category,minutes,total,pct
VFR,2197248.95,2497808.3833333333,87.97
MVFR,164526,2497808.3833333333,6.59
IFR,78781.43333333333,2497808.3833333333,3.15
LIFR,57252,2497808.3833333333,2.29
