flight_category,minutes,total,pct
VFR,6263819.8,6841462.966666667,91.56
MVFR,316206.0833333333,6841462.966666667,4.62
LIFR,143333,6841462.966666667,2.1
IFR,118104.08333333333,6841462.966666667,1.73
