flight_category,minutes,total,pct
VFR,2417590.183333333,2657571.183333333,90.97
MVFR,122461,2657571.183333333,4.61
LIFR,68331,2657571.183333333,2.57
IFR,49189,2657571.183333333,1.85
