flight_category,minutes,total,pct
VFR,5702489.866666666,6231456.033333333,91.51
MVFR,281164.0833333333,6231456.033333333,4.51
LIFR,137906,6231456.033333333,2.21
IFR,109896.08333333333,6231456.033333333,1.76
