flight_category,minutes,total,pct
VFR,4687297.666666667,5079046.266666667,92.29
MVFR,213269.08333333334,5079046.266666667,4.2
LIFR,96676,5079046.266666667,1.9
IFR,81803.51666666666,5079046.266666667,1.61
