flight_category,minutes,total,pct
VFR,3324634.5166666666,3924478.1166666667,84.72
MVFR,313633.6,3924478.1166666667,7.99
IFR,155414,3924478.1166666667,3.96
LIFR,130796,3924478.1166666667,3.33
