flight_category,minutes,total,pct
VFR,2206143.033333333,2449205.033333333,90.08
MVFR,126051,2449205.033333333,5.15
LIFR,65133,2449205.033333333,2.66
IFR,51878,2449205.033333333,2.12
