flight_category,minutes,total,pct
VFR,1106155.0333333334,1169800.0333333334,94.56
MVFR,41190,1169800.0333333334,3.52
IFR,13789,1169800.0333333334,1.18
LIFR,8666,1169800.0333333334,0.74
