flight_category,minutes,total,pct
VFR,878046.1833333333,926029.1833333333,94.82
MVFR,32055,926029.1833333333,3.46
IFR,10014,926029.1833333333,1.08
LIFR,5914,926029.1833333333,0.64
