flight_category,minutes,total,pct
VFR,3969753.066666667,4506627.216666667,88.09
MVFR,318575.7166666667,4506627.216666667,7.07
IFR,135737.43333333332,4506627.216666667,3.01
LIFR,82561,4506627.216666667,1.83
