flight_category,minutes,total,pct
VFR,2426396.033333333,2706930.033333333,89.64
MVFR,145219,2706930.033333333,5.36
LIFR,73697,2706930.033333333,2.72
IFR,61618,2706930.033333333,2.28
