flight_category,minutes,total,pct
VFR,3212864.9166666665,3653554.3499999996,87.94
MVFR,257144,3653554.3499999996,7.04
IFR,112235.43333333333,3653554.3499999996,3.07
LIFR,71310,3653554.3499999996,1.95
