flight_category,minutes,total,pct
VFR,3082233.966666667,3507895.4,87.87
MVFR,247184,3507895.4,7.05
IFR,108475.43333333333,3507895.4,3.09
LIFR,70002,3507895.4,2
