flight_category,minutes,total,pct
VFR,4676561.666666667,5066279.266666667,92.31
MVFR,212470.08333333334,5066279.266666667,4.19
LIFR,96087,5066279.266666667,1.9
IFR,81160.51666666666,5066279.266666667,1.6
