flight_category,minutes,total,pct
VFR,5964341.3,6916746.7,86.23
MVFR,557140.7166666667,6916746.7,8.05
IFR,229491.68333333332,6916746.7,3.32
LIFR,165773,6916746.7,2.4
