flight_category,minutes,total,pct
VFR,4061678.0833333335,4612802.233333333,88.05
MVFR,327084.7166666667,4612802.233333333,7.09
IFR,138565.43333333332,4612802.233333333,3
LIFR,85474,4612802.233333333,1.85
