flight_category,minutes,total,pct
VFR,3117266.033333333,3469235.033333333,89.85
MVFR,195305,3469235.033333333,5.63
LIFR,80908,3469235.033333333,2.33
IFR,75756,3469235.033333333,2.18
