flight_category,minutes,total,pct
VFR,2828674.033333333,3159156.033333333,89.54
MVFR,178901,3159156.033333333,5.66
LIFR,79437,3159156.033333333,2.51
IFR,72144,3159156.033333333,2.28
