flight_category,minutes,total,pct
VFR,4447430.416666667,5093168.816666667,87.32
MVFR,375026.7166666667,5093168.816666667,7.36
IFR,162040.68333333332,5093168.816666667,3.18
LIFR,108671,5093168.816666667,2.13
