flight_category,minutes,total,pct
VFR,2452061.066666667,2794766.5,87.74
MVFR,191155,2794766.5,6.84
IFR,88833.43333333333,2794766.5,3.18
LIFR,62717,2794766.5,2.24
