flight_category,minutes,total,pct
VFR,5986429.283333333,6981022.766666667,85.75
MVFR,577592.2333333333,6981022.766666667,8.27
IFR,240462.25,6981022.766666667,3.44
LIFR,176539,6981022.766666667,2.53
