flight_category,minutes,total,pct
VFR,3273756.033333333,3635193.033333333,90.06
MVFR,202610,3635193.033333333,5.57
LIFR,81397,3635193.033333333,2.24
IFR,77430,3635193.033333333,2.13
