flight_category,minutes,total,pct
VFR,3471829.183333333,3794985.183333333,91.48
MVFR,175650,3794985.183333333,4.63
LIFR,82063,3794985.183333333,2.16
IFR,65443,3794985.183333333,1.72
