flight_category,minutes,total,pct
VFR,1013900.1833333333,1070681.1833333333,94.7
MVFR,36843,1070681.1833333333,3.44
IFR,12308,1070681.1833333333,1.15
LIFR,7630,1070681.1833333333,0.71
