flight_category,minutes,total,pct
VFR,6187555.816666666,6756811.983333333,91.58
MVFR,310673.0833333333,6756811.983333333,4.6
LIFR,142750,6756811.983333333,2.11
IFR,115833.08333333333,6756811.983333333,1.71
