flight_category,minutes,total,pct
VFR,3454301.183333333,3776648.183333333,91.46
MVFR,175059,3776648.183333333,4.64
LIFR,81999,3776648.183333333,2.17
IFR,65289,3776648.183333333,1.73
