flight_category,minutes,total,pct
VFR,2561688.8833333333,2919408.3166666664,87.75
MVFR,201469,2919408.3166666664,6.9
IFR,91956.43333333333,2919408.3166666664,3.15
LIFR,64294,2919408.3166666664,2.2
