flight_category,minutes,total,pct
VFR,3553968.5166666666,4193302.1166666667,84.75
MVFR,332806.6,4193302.1166666667,7.94
IFR,167518,4193302.1166666667,3.99
LIFR,139009,4193302.1166666667,3.32
