flight_category,minutes,total,pct
VFR,4189178.033333333,4767146.433333334,87.88
MVFR,342234.7166666667,4767146.433333334,7.18
IFR,144685.68333333332,4767146.433333334,3.04
LIFR,91048,4767146.433333334,1.91
