flight_category,minutes,total,pct
VFR,1519517.1833333333,1621697.1833333333,93.7
MVFR,59876,1621697.1833333333,3.69
IFR,21896,1621697.1833333333,1.35
LIFR,20408,1621697.1833333333,1.26
