flight_category,minutes,total,pct
VFR,2390451.183333333,2626510.183333333,91.01
MVFR,121061,2626510.183333333,4.61
LIFR,66800,2626510.183333333,2.54
IFR,48198,2626510.183333333,1.84
