flight_category,minutes,total,pct
VFR,1868405.8666666667,2110467.3,88.53
MVFR,134169,2110467.3,6.36
IFR,62798.433333333334,2110467.3,2.98
LIFR,45094,2110467.3,2.14
