flight_category,minutes,total,pct
VFR,3349497.033333333,3714335.033333333,90.18
MVFR,205755,3714335.033333333,5.54
LIFR,81445,3714335.033333333,2.19
IFR,77638,3714335.033333333,2.09
