flight_category,minutes,total,pct
VFR,3379699.5166666666,3988461.1166666667,84.74
MVFR,317060.6,3988461.1166666667,7.95
IFR,158316,3988461.1166666667,3.97
LIFR,133385,3988461.1166666667,3.34
