flight_category,minutes,total,pct
VFR,4529371.433333334,4904831.516666667,92.35
MVFR,205942.08333333334,4904831.516666667,4.2
LIFR,91628,4904831.516666667,1.87
IFR,77890,4904831.516666667,1.59
