flight_category,minutes,total,pct
VFR,2478676.033333333,2770205.033333333,89.48
MVFR,151531,2770205.033333333,5.47
LIFR,75673,2770205.033333333,2.73
IFR,64325,2770205.033333333,2.32
