flight_category,minutes,total,pct
VFR,4979798.9,5778123.300000001,86.18
MVFR,448378.7166666667,5778123.300000001,7.76
IFR,200501.68333333332,5778123.300000001,3.47
LIFR,149444,5778123.300000001,2.59
