flight_category,minutes,total,pct
VFR,5762723.383333334,6697561.783333334,86.04
MVFR,543170.7166666667,6697561.783333334,8.11
IFR,226783.68333333332,6697561.783333334,3.39
LIFR,164884,6697561.783333334,2.46
