flight_category,minutes,total,pct
VFR,1578538.9666666666,1752680.4,90.06
MVFR,100680,1752680.4,5.74
IFR,45416.433333333334,1752680.4,2.59
LIFR,28045,1752680.4,1.6
