flight_category,minutes,total,pct
VFR,5044541.883333334,5480051.050000001,92.05
MVFR,232689.08333333334,5480051.050000001,4.25
LIFR,111088,5480051.050000001,2.03
IFR,91732.08333333333,5480051.050000001,1.67
