flight_category,minutes,total,pct
VFR,5165928.483333333,6003153.883333334,86.05
MVFR,470064.7166666667,6003153.883333334,7.83
IFR,211168.68333333332,6003153.883333334,3.52
LIFR,155992,6003153.883333334,2.6
