flight_category,minutes,total,pct
VFR,3194867.183333333,3503084.183333333,91.2
MVFR,164286,3503084.183333333,4.69
LIFR,80845,3503084.183333333,2.31
IFR,63086,3503084.183333333,1.8
