flight_category,minutes,total,pct
VFR,4024184.1666666665,4426469.166666666,90.91
MVFR,231999,4426469.166666666,5.24
IFR,85161,4426469.166666666,1.92
LIFR,85125,4426469.166666666,1.92
