flight_category,minutes,total,pct
VFR,2779299.033333333,3104472.033333333,89.53
MVFR,174864,3104472.033333333,5.63
LIFR,79031,3104472.033333333,2.55
IFR,71278,3104472.033333333,2.3
