flight_category,minutes,total,pct
VFR,498201.5833333333,531595.7833333333,93.72
MVFR,23683,531595.7833333333,4.46
IFR,8595.2,531595.7833333333,1.62
LIFR,1116,531595.7833333333,0.21
