flight_category,minutes,total,pct
VFR,2456430.033333333,2743585.033333333,89.53
MVFR,148935,2743585.033333333,5.43
LIFR,74916,2743585.033333333,2.73
IFR,63304,2743585.033333333,2.31
