flight_category,minutes,total,pct
VFR,2935749.183333333,3226261.183333333,91
MVFR,151626,3226261.183333333,4.7
LIFR,78957,3226261.183333333,2.45
IFR,59929,3226261.183333333,1.86
