flight_category,minutes,total,pct
VFR,1951714.8833333333,2211952.3166666664,88.23
MVFR,143242,2211952.3166666664,6.48
IFR,67591.43333333333,2211952.3166666664,3.06
LIFR,49404,2211952.3166666664,2.23
