flight_category,minutes,total,pct
VFR,5590308.766666667,6108975.933333334,91.51
MVFR,274412.0833333333,6108975.933333334,4.49
LIFR,136033,6108975.933333334,2.23
IFR,108222.08333333333,6108975.933333334,1.77
