flight_category,minutes,total,pct
VFR,461222.0333333333,486276.0333333333,94.85
MVFR,17338,486276.0333333333,3.57
IFR,5244,486276.0333333333,1.08
LIFR,2472,486276.0333333333,0.51
