flight_category,minutes,total,pct
VFR,5853985.9,6397563.066666667,91.5
MVFR,291677.0833333333,6397563.066666667,4.56
LIFR,139994,6397563.066666667,2.19
IFR,111906.08333333333,6397563.066666667,1.75
