flight_category,minutes,total,pct
VFR,6257508.866666666,6833980.033333333,91.56
MVFR,315530.0833333333,6833980.033333333,4.62
LIFR,143197,6833980.033333333,2.1
IFR,117744.08333333333,6833980.033333333,1.72
