flight_category,minutes,total,pct
VFR,3308334.9166666665,3757707.3499999996,88.04
MVFR,262734,3757707.3499999996,6.99
IFR,114726.43333333333,3757707.3499999996,3.05
LIFR,71912,3757707.3499999996,1.91
