flight_category,minutes,total,pct
VFR,3077960.183333333,3378809.183333333,91.1
MVFR,158929,3378809.183333333,4.7
LIFR,80006,3378809.183333333,2.37
IFR,61914,3378809.183333333,1.83
