flight_category,minutes,total,pct
VFR,4229392.033333333,4820500.433333334,87.74
MVFR,348741.7166666667,4820500.433333334,7.23
IFR,147878.68333333332,4820500.433333334,3.07
LIFR,94488,4820500.433333334,1.96
