flight_category,minutes,total,pct
VFR,3462071.5166666666,4088003.1166666667,84.69
MVFR,325492.6,4088003.1166666667,7.96
IFR,163604,4088003.1166666667,4
LIFR,136835,4088003.1166666667,3.35
