flight_category,minutes,total,pct
VFR,1406811.1833333333,1497404.1833333333,93.95
MVFR,54229,1497404.1833333333,3.62
IFR,19635,1497404.1833333333,1.31
LIFR,16729,1497404.1833333333,1.12
