flight_category,minutes,total,pct
VFR,2257567.033333333,2511095.033333333,89.9
MVFR,131677,2511095.033333333,5.24
LIFR,67755,2511095.033333333,2.7
IFR,54096,2511095.033333333,2.15
