flight_category,minutes,total,pct
VFR,3509343.183333333,3834408.183333333,91.52
MVFR,176878,3834408.183333333,4.61
LIFR,82253,3834408.183333333,2.15
IFR,65934,3834408.183333333,1.72
