flight_category,minutes,total,pct
VFR,1364451.9833333334,1500196.4166666667,90.95
MVFR,82825,1500196.4166666667,5.52
IFR,34497.433333333334,1500196.4166666667,2.3
LIFR,18422,1500196.4166666667,1.23
