flight_category,minutes,total,pct
VFR,2680385.033333333,2995021.033333333,89.49
MVFR,167557,2995021.033333333,5.59
LIFR,77954,2995021.033333333,2.6
IFR,69125,2995021.033333333,2.31
