flight_category,minutes,total,pct
VFR,1148984.0333333334,1217481.0333333334,94.37
MVFR,43911,1217481.0333333334,3.61
IFR,14517,1217481.0333333334,1.19
LIFR,10069,1217481.0333333334,0.83
