flight_category,minutes,total,pct
VFR,2660055.5166666666,3096435.1166666667,85.91
MVFR,237714.6,3096435.1166666667,7.68
IFR,117030,3096435.1166666667,3.78
LIFR,81635,3096435.1166666667,2.64
