flight_category,minutes,total,pct
VFR,6017094.8,6573389.966666667,91.54
MVFR,301343.0833333333,6573389.966666667,4.58
LIFR,141259,6573389.966666667,2.15
IFR,113693.08333333333,6573389.966666667,1.73
