flight_category,minutes,total,pct
VFR,1910113.1833333333,2071615.1833333333,92.2
MVFR,86998,2071615.1833333333,4.2
LIFR,41215,2071615.1833333333,1.99
IFR,33289,2071615.1833333333,1.61
