flight_category,minutes,total,pct
VFR,6007419.383333334,6965573.783333334,86.24
MVFR,561560.7166666667,6965573.783333334,8.06
IFR,230557.68333333332,6965573.783333334,3.31
LIFR,166036,6965573.783333334,2.38
