flight_category,minutes,total,pct
VFR,4334674.5,4950332.9,87.56
MVFR,361041.7166666667,4950332.9,7.29
IFR,153943.68333333332,4950332.9,3.11
LIFR,100673,4950332.9,2.03
