flight_category,minutes,total,pct
VFR,5995770.216666667,6980112.716666667,85.9
MVFR,574213.15,6980112.716666667,8.23
IFR,237306.35,6980112.716666667,3.4
LIFR,172823,6980112.716666667,2.48
