flight_category,minutes,total,pct
VFR,1602334.9333333333,1785169.3666666667,89.76
MVFR,104281,1785169.3666666667,5.84
IFR,48209.433333333334,1785169.3666666667,2.7
LIFR,30344,1785169.3666666667,1.7
