flight_category,minutes,total,pct
VFR,5735561.316666666,6666203.716666667,86.04
MVFR,540113.7166666667,6666203.716666667,8.1
IFR,225956.68333333332,6666203.716666667,3.39
LIFR,164572,6666203.716666667,2.47
