flight_category,minutes,total,pct
VFR,3514016.1666666665,3887295.1666666665,90.4
MVFR,212389,3887295.1666666665,5.46
LIFR,81732,3887295.1666666665,2.1
IFR,79158,3887295.1666666665,2.04
