flight_category,minutes,total,pct
VFR,2798330.183333333,3077157.183333333,90.94
MVFR,143819,3077157.183333333,4.67
LIFR,77154,3077157.183333333,2.51
IFR,57854,3077157.183333333,1.88
