flight_category,minutes,total,pct
VFR,6120900.816666666,6686939.983333333,91.54
MVFR,308277.0833333333,6686939.983333333,4.61
LIFR,142232,6686939.983333333,2.13
IFR,115530.08333333333,6686939.983333333,1.73
