flight_category,minutes,total,pct
VFR,1635412.0333333334,1765189.0333333334,92.65
MVFR,74342,1765189.0333333334,4.21
IFR,27685,1765189.0333333334,1.57
LIFR,27750,1765189.0333333334,1.57
