flight_category,minutes,total,pct
VFR,2838187,3235073.433333333,87.73
MVFR,227811,3235073.433333333,7.04
IFR,101175.43333333333,3235073.433333333,3.13
LIFR,67900,3235073.433333333,2.1
