flight_category,minutes,total,pct
VFR,859654.0333333333,905528.0333333333,94.93
MVFR,30816,905528.0333333333,3.4
IFR,9629,905528.0333333333,1.06
LIFR,5429,905528.0333333333,0.6
