flight_category,minutes,total,pct
VFR,4331140.233333333,4767197.233333333,90.85
MVFR,250419,4767197.233333333,5.25
LIFR,93120,4767197.233333333,1.95
IFR,92518,4767197.233333333,1.94
