flight_category,minutes,total,pct
VFR,3235048.9166666665,3679213.3499999996,87.93
MVFR,259108,3679213.3499999996,7.04
IFR,113466.43333333333,3679213.3499999996,3.08
LIFR,71590,3679213.3499999996,1.95
