flight_category,minutes,total,pct
VFR,870722,936165.3333333334,93.01
MVFR,44531,936165.3333333334,4.76
IFR,15796.333333333334,936165.3333333334,1.69
LIFR,5116,936165.3333333334,0.55
