flight_category,minutes,total,pct
VFR,2534453.5166666666,2945426.1166666667,86.05
MVFR,225635.6,2945426.1166666667,7.66
IFR,109986,2945426.1166666667,3.73
LIFR,75351,2945426.1166666667,2.56
