flight_category,minutes,total,pct
VFR,2803555.9833333334,3194922.4166666665,87.75
MVFR,224304,3194922.4166666665,7.02
IFR,99624.43333333333,3194922.4166666665,3.12
LIFR,67438,3194922.4166666665,2.11
