flight_category,minutes,total,pct
VFR,5879222.366666666,6825660.766666667,86.13
MVFR,552376.7166666667,6825660.766666667,8.09
IFR,228644.68333333332,6825660.766666667,3.35
LIFR,165417,6825660.766666667,2.42
