flight_category,minutes,total,pct
VFR,4170744.433333333,4524166.433333334,92.19
MVFR,195760,4524166.433333334,4.33
LIFR,85455,4524166.433333334,1.89
IFR,72207,4524166.433333334,1.6
