flight_category,minutes,total,pct
VFR,3101530.033333333,3452696.033333333,89.83
MVFR,194554,3452696.033333333,5.63
LIFR,80922,3452696.033333333,2.34
IFR,75690,3452696.033333333,2.19
