flight_category,minutes,total,pct
VFR,4553321.5,5229586.9,87.07
MVFR,390110.7166666667,5229586.9,7.46
IFR,169001.68333333332,5229586.9,3.23
LIFR,117153,5229586.9,2.24
