flight_category,minutes,total,pct
VFR,1773643.1833333333,1911896.1833333333,92.77
MVFR,76709,1911896.1833333333,4.01
LIFR,32586,1911896.1833333333,1.7
IFR,28958,1911896.1833333333,1.51
