flight_category,minutes,total,pct
VFR,751287.0333333333,791751.0333333333,94.89
MVFR,27454,791751.0333333333,3.47
IFR,8540,791751.0333333333,1.08
LIFR,4470,791751.0333333333,0.56
