flight_category,minutes,total,pct
VFR,1696131.95,1897231.3833333333,89.4
MVFR,113083,1897231.3833333333,5.96
IFR,52909.433333333334,1897231.3833333333,2.79
LIFR,35107,1897231.3833333333,1.85
