flight_category,minutes,total,pct
VFR,5575581.4,6484514.800000001,85.98
MVFR,522669.7166666667,6484514.800000001,8.06
IFR,223008.68333333332,6484514.800000001,3.44
LIFR,163255,6484514.800000001,2.52
