flight_category,minutes,total,pct
VFR,3629171.183333333,3959414.183333333,91.66
MVFR,180673,3959414.183333333,4.56
LIFR,82541,3959414.183333333,2.08
IFR,67029,3959414.183333333,1.69
