flight_category,minutes,total,pct
VFR,4720431.666666667,5116905.266666667,92.25
MVFR,214966.08333333334,5116905.266666667,4.2
LIFR,98507,5116905.266666667,1.93
IFR,83000.51666666666,5116905.266666667,1.62
