flight_category,minutes,total,pct
VFR,872786.0333333333,920160.0333333333,94.85
MVFR,31465,920160.0333333333,3.42
IFR,10132,920160.0333333333,1.1
LIFR,5777,920160.0333333333,0.63
