flight_category,minutes,total,pct
VFR,1791796.1833333333,1934232.1833333333,92.64
MVFR,78464,1934232.1833333333,4.06
LIFR,34281,1934232.1833333333,1.77
IFR,29691,1934232.1833333333,1.54
