flight_category,minutes,total,pct
VFR,2959043.5166666666,3466577.1166666667,85.36
MVFR,271238.6,3466577.1166666667,7.82
IFR,133465,3466577.1166666667,3.85
LIFR,102830,3466577.1166666667,2.97
