flight_category,minutes,total,pct
VFR,1122468.95,1219597.2833333332,92.04
MVFR,62836,1219597.2833333332,5.15
IFR,23819.333333333332,1219597.2833333332,1.95
LIFR,10473,1219597.2833333332,0.86
