flight_category,minutes,total,pct
VFR,2750466.5166666666,3205253.1166666667,85.81
MVFR,246881.6,3205253.1166666667,7.7
IFR,121255,3205253.1166666667,3.78
LIFR,86650,3205253.1166666667,2.7
