flight_category,minutes,total,pct
VFR,3132240.033333333,3485357.033333333,89.87
MVFR,196245,3485357.033333333,5.63
LIFR,80953,3485357.033333333,2.32
IFR,75919,3485357.033333333,2.18
