flight_category,minutes,total,pct
VFR,4730975.366666666,5460511.766666667,86.64
MVFR,416063.7166666667,5460511.766666667,7.62
IFR,181603.68333333332,5460511.766666667,3.33
LIFR,131869,5460511.766666667,2.41
