flight_category,minutes,total,pct
VFR,2541913.183333333,2796062.183333333,90.91
MVFR,129366,2796062.183333333,4.63
LIFR,71928,2796062.183333333,2.57
IFR,52855,2796062.183333333,1.89
