flight_category,minutes,total,pct
VFR,4666557.366666666,5382040.766666667,86.71
MVFR,408568.7166666667,5382040.766666667,7.59
IFR,178449.68333333332,5382040.766666667,3.32
LIFR,128465,5382040.766666667,2.39
