flight_category,minutes,total,pct
VFR,1470835.0333333334,1571702.0333333334,93.58
MVFR,60977,1571702.0333333334,3.88
IFR,21705,1571702.0333333334,1.38
LIFR,18185,1571702.0333333334,1.16
