flight_category,minutes,total,pct
VFR,3621725.0166666666,4108025.4499999997,88.16
MVFR,286484,4108025.4499999997,6.97
IFR,124590.43333333333,4108025.4499999997,3.03
LIFR,75226,4108025.4499999997,1.83
