flight_category,minutes,total,pct
VFR,3447308.5166666666,4068811.1166666667,84.73
MVFR,323423.6,4068811.1166666667,7.95
IFR,162336,4068811.1166666667,3.99
LIFR,135743,4068811.1166666667,3.34
