flight_category,minutes,total,pct
VFR,622490.9833333333,664849.3166666667,93.63
MVFR,29747,664849.3166666667,4.47
IFR,10840.333333333334,664849.3166666667,1.63
LIFR,1771,664849.3166666667,0.27
