flight_category,minutes,total,pct
VFR,2647283.183333333,2912276.183333333,90.9
MVFR,135805,2912276.183333333,4.66
LIFR,74319,2912276.183333333,2.55
IFR,54869,2912276.183333333,1.88
