flight_category,minutes,total,pct
VFR,1669527.1833333333,1794483.1833333333,93.04
MVFR,70333,1794483.1833333333,3.92
LIFR,28351,1794483.1833333333,1.58
IFR,26272,1794483.1833333333,1.46
