flight_category,minutes,total,pct
VFR,611542.0333333333,644910.0333333333,94.83
MVFR,22903,644910.0333333333,3.55
IFR,7018,644910.0333333333,1.09
LIFR,3447,644910.0333333333,0.53
