flight_category,minutes,total,pct
VFR,3869247.05,4391858.2,88.1
MVFR,309740.7166666667,4391858.2,7.05
IFR,132786.43333333332,4391858.2,3.02
LIFR,80084,4391858.2,1.82
