flight_category,minutes,total,pct
VFR,4449719.433333334,4821557.516666667,92.29
MVFR,204091.08333333334,4821557.516666667,4.23
LIFR,90494,4821557.516666667,1.88
IFR,77253,4821557.516666667,1.6
