flight_category,minutes,total,pct
VFR,1933356.15,2188775.583333333,88.33
MVFR,141374,2188775.583333333,6.46
IFR,65852.43333333333,2188775.583333333,3.01
LIFR,48193,2188775.583333333,2.2
