flight_category,minutes,total,pct
VFR,2266562.183333333,2487193.183333333,91.13
MVFR,114256,2487193.183333333,4.59
LIFR,61767,2487193.183333333,2.48
IFR,44608,2487193.183333333,1.79
