flight_category,minutes,total,pct
VFR,1528377.1833333333,1632489.1833333333,93.62
MVFR,60617,1632489.1833333333,3.71
IFR,22491,1632489.1833333333,1.38
LIFR,21004,1632489.1833333333,1.29
