flight_category,minutes,total,pct
VFR,1650723.1833333333,1770760.1833333333,93.22
MVFR,68200,1770760.1833333333,3.85
LIFR,26640,1770760.1833333333,1.5
IFR,25197,1770760.1833333333,1.42
