flight_category,minutes,total,pct
VFR,1595096,1775078.4333333333,89.86
MVFR,103173,1775078.4333333333,5.81
IFR,47212.433333333334,1775078.4333333333,2.66
LIFR,29597,1775078.4333333333,1.67
