flight_category,minutes,total,pct
VFR,3260679.033333333,3621288.033333333,90.04
MVFR,201932,3621288.033333333,5.58
LIFR,81365,3621288.033333333,2.25
IFR,77312,3621288.033333333,2.13
