flight_category,minutes,total,pct
VFR,5367093.316666666,6245892.716666667,85.93
MVFR,499225.7166666667,6245892.716666667,7.99
IFR,218915.68333333332,6245892.716666667,3.5
LIFR,160658,6245892.716666667,2.57
