flight_category,minutes,total,pct
VFR,2762214.183333333,3038406.183333333,90.91
MVFR,142379,3038406.183333333,4.69
LIFR,76626,3038406.183333333,2.52
IFR,57187,3038406.183333333,1.88
