flight_category,minutes,total,pct
VFR,4936737.866666666,5358432.033333333,92.13
MVFR,226877.08333333334,5358432.033333333,4.23
LIFR,106086,5358432.033333333,1.98
IFR,88731.08333333333,5358432.033333333,1.66
