flight_category,minutes,total,pct
VFR,4169844.1666666665,4586435.166666666,90.92
MVFR,240607,4586435.166666666,5.25
IFR,88189,4586435.166666666,1.92
LIFR,87795,4586435.166666666,1.91
