flight_category,minutes,total,pct
VFR,2080073.8833333333,2362310.3166666664,88.05
MVFR,154580,2362310.3166666664,6.54
IFR,73784.43333333333,2362310.3166666664,3.12
LIFR,53872,2362310.3166666664,2.28
