flight_category,minutes,total,pct
VFR,3636386.183333333,3967379.183333333,91.66
MVFR,181184,3967379.183333333,4.57
LIFR,82592,3967379.183333333,2.08
IFR,67217,3967379.183333333,1.69
