flight_category,minutes,total,pct
VFR,2008055.8833333333,2274633.3166666664,88.28
MVFR,146962,2274633.3166666664,6.46
IFR,69027.43333333333,2274633.3166666664,3.03
LIFR,50588,2274633.3166666664,2.22
