flight_category,minutes,total,pct
VFR,1126195.0333333334,1191813.0333333334,94.49
MVFR,42275,1191813.0333333334,3.55
IFR,14032,1191813.0333333334,1.18
LIFR,9311,1191813.0333333334,0.78
