flight_category,minutes,total,pct
VFR,5571080.866666666,6087239.033333333,91.52
MVFR,273131.0833333333,6087239.033333333,4.49
LIFR,135489,6087239.033333333,2.23
IFR,107538.08333333333,6087239.033333333,1.77
