flight_category,minutes,total,pct
VFR,2846310.5166666666,3322813.1166666667,85.66
MVFR,256946.6,3322813.1166666667,7.73
IFR,126222,3322813.1166666667,3.8
LIFR,93334,3322813.1166666667,2.81
