flight_category,minutes,total,pct
VFR,6375709.75,6961834.916666667,91.58
MVFR,322832.0833333333,6961834.916666667,4.64
LIFR,143468,6961834.916666667,2.06
IFR,119825.08333333333,6961834.916666667,1.72
