flight_category,minutes,total,pct
VFR,2862086.5166666666,3346267.1166666667,85.53
MVFR,260347.6,3346267.1166666667,7.78
IFR,127974,3346267.1166666667,3.82
LIFR,95859,3346267.1166666667,2.86
