flight_category,minutes,total,pct
VFR,2972443.5166666666,3487291.1166666667,85.24
MVFR,274626.6,3487291.1166666667,7.88
IFR,135173,3487291.1166666667,3.88
LIFR,105048,3487291.1166666667,3.01
