flight_category,minutes,total,pct
VFR,1706418.95,1912562.3833333333,89.22
MVFR,115330,1912562.3833333333,6.03
IFR,54403.433333333334,1912562.3833333333,2.84
LIFR,36410,1912562.3833333333,1.9
