flight_category,minutes,total,pct
VFR,1606579.0333333334,1729033.0333333334,92.92
MVFR,71061,1729033.0333333334,4.11
IFR,26288,1729033.0333333334,1.52
LIFR,25105,1729033.0333333334,1.45
