flight_category,minutes,total,pct
VFR,1270662.0333333334,1350161.0333333334,94.11
MVFR,50216,1350161.0333333334,3.72
IFR,16902,1350161.0333333334,1.25
LIFR,12381,1350161.0333333334,0.92
