flight_category,minutes,total,pct
VFR,4220968.2,4809112.600000001,87.77
MVFR,347446.7166666667,4809112.600000001,7.22
IFR,147041.68333333332,4809112.600000001,3.06
LIFR,93656,4809112.600000001,1.95
