flight_category,minutes,total,pct
VFR,3985258.2333333334,4526362.383333334,88.05
MVFR,320966.7166666667,4526362.383333334,7.09
IFR,136683.43333333332,4526362.383333334,3.02
LIFR,83454,4526362.383333334,1.84
