flight_category,minutes,total,pct
VFR,3363622.183333333,3681209.183333333,91.37
MVFR,171216,3681209.183333333,4.65
LIFR,81769,3681209.183333333,2.22
IFR,64602,3681209.183333333,1.75
