flight_category,minutes,total,pct
VFR,5870620.366666666,6815700.766666667,86.13
MVFR,551391.7166666667,6815700.766666667,8.09
IFR,228285.68333333332,6815700.766666667,3.35
LIFR,165403,6815700.766666667,2.43
