flight_category,minutes,total,pct
VFR,2352420.033333333,2624213.033333333,89.64
MVFR,140172,2624213.033333333,5.34
LIFR,72273,2624213.033333333,2.75
IFR,59348,2624213.033333333,2.26
