flight_category,minutes,total,pct
VFR,5776023.966666667,6310978.133333334,91.52
MVFR,285351.0833333333,6310978.133333334,4.52
LIFR,138892,6310978.133333334,2.2
IFR,110711.08333333333,6310978.133333334,1.75
