flight_category,minutes,total,pct
VFR,4300863.433333334,4661799.516666667,92.26
MVFR,199601.08333333334,4661799.516666667,4.28
LIFR,87196,4661799.516666667,1.87
IFR,74139,4661799.516666667,1.59
