flight_category,minutes,total,pct
VFR,4633795.483333333,5330178.883333334,86.94
MVFR,400186.7166666667,5330178.883333334,7.51
IFR,173737.68333333332,5330178.883333334,3.26
LIFR,122459,5330178.883333334,2.3
