flight_category,minutes,total,pct
VFR,1857792.0333333334,2032027.0333333334,91.43
MVFR,95348,2032027.0333333334,4.69
LIFR,42969,2032027.0333333334,2.11
IFR,35918,2032027.0333333334,1.77
