flight_category,minutes,total,pct
VFR,2913191.5166666666,3409677.1166666667,85.44
MVFR,265900.6,3409677.1166666667,7.8
IFR,131087,3409677.1166666667,3.84
LIFR,99498,3409677.1166666667,2.92
