flight_category,minutes,total,pct
VFR,4278198.433333334,4636983.516666667,92.26
MVFR,198542.08333333334,4636983.516666667,4.28
LIFR,86628,4636983.516666667,1.87
IFR,73615,4636983.516666667,1.59
