flight_category,minutes,total,pct
VFR,2345480.033333333,2615191.033333333,89.69
MVFR,138754,2615191.033333333,5.31
LIFR,71871,2615191.033333333,2.75
IFR,59086,2615191.033333333,2.26
