flight_category,minutes,total,pct
VFR,2403627.183333333,2641756.183333333,90.99
MVFR,121780,2641756.183333333,4.61
LIFR,67866,2641756.183333333,2.57
IFR,48483,2641756.183333333,1.84
