flight_category,minutes,total,pct
VFR,2770835.5166666666,3234204.1166666667,85.67
MVFR,250474.6,3234204.1166666667,7.74
IFR,123308,3234204.1166666667,3.81
LIFR,89586,3234204.1166666667,2.77
