flight_category,minutes,total,pct
VFR,4959943.9,5387286.066666667,92.07
MVFR,228916.08333333334,5387286.066666667,4.25
LIFR,108186,5387286.066666667,2.01
IFR,90240.08333333333,5387286.066666667,1.68
