flight_category,minutes,total,pct
VFR,5111741.433333334,5939513.833333334,86.06
MVFR,464540.7166666667,5939513.833333334,7.82
IFR,208760.68333333332,5939513.833333334,3.51
LIFR,154471,5939513.833333334,2.6
