flight_category,minutes,total,pct
VFR,874640,941395.3333333334,92.91
MVFR,45218,941395.3333333334,4.8
IFR,16206.333333333334,941395.3333333334,1.72
LIFR,5331,941395.3333333334,0.57
