flight_category,minutes,total,pct
VFR,2331328.033333333,2598041.033333333,89.73
MVFR,137307,2598041.033333333,5.29
LIFR,71134,2598041.033333333,2.74
IFR,58272,2598041.033333333,2.24
