flight_category,minutes,total,pct
VFR,6372195.75,6958364.916666667,91.58
MVFR,322726.0833333333,6958364.916666667,4.64
LIFR,143617,6958364.916666667,2.06
IFR,119826.08333333333,6958364.916666667,1.72
