flight_category,minutes,total,pct
VFR,1142986.0333333334,1210657.0333333334,94.41
MVFR,43375,1210657.0333333334,3.58
IFR,14463,1210657.0333333334,1.19
LIFR,9833,1210657.0333333334,0.81
