flight_category,minutes,total,pct
VFR,1731101.0333333334,1876114.0333333334,92.27
MVFR,82060,1876114.0333333334,4.37
LIFR,32390,1876114.0333333334,1.73
IFR,30563,1876114.0333333334,1.63
