flight_category,minutes,total,pct
VFR,5287336.316666666,6148884.716666667,85.99
MVFR,486783.7166666667,6148884.716666667,7.92
IFR,216124.68333333332,6148884.716666667,3.51
LIFR,158640,6148884.716666667,2.58
