flight_category,minutes,total,pct
VFR,4375633.416666667,4998592.816666667,87.54
MVFR,365157.7166666667,4998592.816666667,7.31
IFR,155253.68333333332,4998592.816666667,3.11
LIFR,102548,4998592.816666667,2.05
