flight_category,minutes,total,pct
VFR,3653411.1666666665,4034562.1666666665,90.55
MVFR,218197,4034562.1666666665,5.41
LIFR,82366,4034562.1666666665,2.04
IFR,80588,4034562.1666666665,2
