flight_category,minutes,total,pct
VFR,2649799.5166666666,3083039.1166666667,85.95
MVFR,236188.6,3083039.1166666667,7.66
IFR,116357,3083039.1166666667,3.77
LIFR,80694,3083039.1166666667,2.62
