flight_category,minutes,total,pct
VFR,5605007.35,6519702.75,85.97
MVFR,527245.7166666667,6519702.75,8.09
IFR,223902.68333333332,6519702.75,3.43
LIFR,163547,6519702.75,2.51
