flight_category,minutes,total,pct
VFR,2372134.85,2699601.283333333,87.87
MVFR,181297,2699601.283333333,6.72
IFR,85218.43333333333,2699601.283333333,3.16
LIFR,60951,2699601.283333333,2.26
