flight_category,minutes,total,pct
VFR,5916029.766666667,6463440.933333334,91.53
MVFR,294694.0833333333,6463440.933333334,4.56
LIFR,140531,6463440.933333334,2.17
IFR,112186.08333333333,6463440.933333334,1.74
