flight_category,minutes,total,pct
VFR,2436451.066666667,2775638.5,87.78
MVFR,189137,2775638.5,6.81
IFR,87770.43333333333,2775638.5,3.16
LIFR,62280,2775638.5,2.24
