flight_category,minutes,total,pct
VFR,3949900.1666666665,4348721.166666666,90.83
MVFR,229918,4348721.166666666,5.29
IFR,84572,4348721.166666666,1.94
LIFR,84331,4348721.166666666,1.94
