flight_category,minutes,total,pct
VFR,996101.0333333333,1051456.0333333332,94.74
MVFR,36204,1051456.0333333332,3.44
IFR,11995,1051456.0333333332,1.14
LIFR,7156,1051456.0333333332,0.68
