flight_category,minutes,total,pct
VFR,5153265.8,5604936.966666667,91.94
MVFR,240021.08333333334,5604936.966666667,4.28
LIFR,116748,5604936.966666667,2.08
IFR,94902.08333333333,5604936.966666667,1.69
