flight_category,minutes,total,pct
VFR,5751362.383333334,6684334.783333334,86.04
MVFR,541893.7166666667,6684334.783333334,8.11
IFR,226295.68333333332,6684334.783333334,3.39
LIFR,164783,6684334.783333334,2.47
