flight_category,minutes,total,pct
VFR,4444643.433333334,4815318.516666667,92.3
MVFR,203624.08333333334,4815318.516666667,4.23
LIFR,90124,4815318.516666667,1.87
IFR,76927,4815318.516666667,1.6
