flight_category,minutes,total,pct
VFR,5450351.933333334,5951873.100000001,91.57
MVFR,264908.0833333333,5951873.100000001,4.45
LIFR,132159,5951873.100000001,2.22
IFR,104454.08333333333,5951873.100000001,1.75
