flight_category,minutes,total,pct
VFR,3186052.5166666666,3757865.1166666667,84.78
MVFR,302336.6,3757865.1166666667,8.05
IFR,147654,3757865.1166666667,3.93
LIFR,121822,3757865.1166666667,3.24
