flight_category,minutes,total,pct
VFR,4457535.233333333,4911863.233333333,90.75
MVFR,258901,4911863.233333333,5.27
LIFR,99069,4911863.233333333,2.02
IFR,96358,4911863.233333333,1.96
