flight_category,minutes,total,pct
VFR,6376836.833333333,6963079,91.58
MVFR,322707.0833333333,6963079,4.63
LIFR,143073,6963079,2.05
IFR,120462.08333333333,6963079,1.73
