flight_category,minutes,total,pct
VFR,3099847.5166666666,3655392.1166666667,84.8
MVFR,293861.6,3655392.1166666667,8.04
IFR,143965,3655392.1166666667,3.94
LIFR,117718,3655392.1166666667,3.22
