flight_category,minutes,total,pct
VFR,4085369.1666666665,4495679.166666666,90.87
MVFR,236736,4495679.166666666,5.27
IFR,86858,4495679.166666666,1.93
LIFR,86716,4495679.166666666,1.93
