flight_category,minutes,total,pct
VFR,1358770.1833333333,1442792.1833333333,94.18
MVFR,51117,1442792.1833333333,3.54
IFR,18087,1442792.1833333333,1.25
LIFR,14818,1442792.1833333333,1.03
