flight_category,minutes,total,pct
VFR,1541721.85,1706207.2833333334,90.36
MVFR,96147,1706207.2833333334,5.64
IFR,42740.433333333334,1706207.2833333334,2.5
LIFR,25598,1706207.2833333334,1.5
