flight_category,minutes,total,pct
VFR,5244235.316666666,6100578.716666667,85.96
MVFR,483225.7166666667,6100578.716666667,7.92
IFR,215262.68333333332,6100578.716666667,3.53
LIFR,157855,6100578.716666667,2.59
