flight_category,minutes,total,pct
VFR,2775003.183333333,3052250.183333333,90.92
MVFR,142976,3052250.183333333,4.68
LIFR,76804,3052250.183333333,2.52
IFR,57467,3052250.183333333,1.88
