flight_category,minutes,total,pct
VFR,3112961.183333333,3415257.183333333,91.15
MVFR,159899,3415257.183333333,4.68
LIFR,80221,3415257.183333333,2.35
IFR,62176,3415257.183333333,1.82
