flight_category,minutes,total,pct
VFR,5960797.716666667,6513392.883333334,91.52
MVFR,298581.0833333333,6513392.883333334,4.58
LIFR,140901,6513392.883333334,2.16
IFR,113113.08333333333,6513392.883333334,1.74
