flight_category,minutes,total,pct
VFR,2583884.033333333,2888271.033333333,89.46
MVFR,160029,2888271.033333333,5.54
LIFR,77229,2888271.033333333,2.67
IFR,67129,2888271.033333333,2.32
