flight_category,minutes,total,pct
VFR,622480.1833333333,657009.1833333333,94.74
MVFR,23246,657009.1833333333,3.54
IFR,7193,657009.1833333333,1.09
LIFR,4090,657009.1833333333,0.62
