flight_category,minutes,total,pct
VFR,2224610.033333333,2472135.033333333,89.99
MVFR,127925,2472135.033333333,5.17
LIFR,66752,2472135.033333333,2.7
IFR,52848,2472135.033333333,2.14
