flight_category,minutes,total,pct
VFR,3757361.433333333,4092600.433333333,91.81
MVFR,184135,4092600.433333333,4.5
LIFR,82969,4092600.433333333,2.03
IFR,68135,4092600.433333333,1.66
