flight_category,minutes,total,pct
VFR,3216285.033333333,3573272.033333333,90.01
MVFR,199415,3573272.033333333,5.58
LIFR,81178,3573272.033333333,2.27
IFR,76394,3573272.033333333,2.14
