flight_category,minutes,total,pct
VFR,2087139.0333333334,2307365.033333333,90.46
MVFR,116071,2307365.033333333,5.03
LIFR,58040,2307365.033333333,2.52
IFR,46115,2307365.033333333,2
