flight_category,minutes,total,pct
VFR,2307902.8833333333,2625510.3166666664,87.9
MVFR,174674,2625510.3166666664,6.65
IFR,83091.43333333333,2625510.3166666664,3.16
LIFR,59842,2625510.3166666664,2.28
