flight_category,minutes,total,pct
VFR,4448250.233333333,4900300.233333333,90.78
MVFR,257854,4900300.233333333,5.26
LIFR,98270,4900300.233333333,2.01
IFR,95926,4900300.233333333,1.96
