flight_category,minutes,total,pct
VFR,3265704.5166666666,3852497.1166666667,84.77
MVFR,308545.6,3852497.1166666667,8.01
IFR,151310,3852497.1166666667,3.93
LIFR,126937,3852497.1166666667,3.29
