flight_category,minutes,total,pct
VFR,2976603.95,3391944.3833333333,87.76
MVFR,239839,3391944.3833333333,7.07
IFR,106128.43333333333,3391944.3833333333,3.13
LIFR,69373,3391944.3833333333,2.05
