flight_category,minutes,total,pct
VFR,2584005.183333333,2841560.183333333,90.94
MVFR,131567,2841560.183333333,4.63
LIFR,72607,2841560.183333333,2.56
IFR,53381,2841560.183333333,1.88
