flight_category,minutes,total,pct
VFR,1679934.05,1874862.4833333334,89.6
MVFR,110420,1874862.4833333334,5.89
IFR,51178.433333333334,1874862.4833333334,2.73
LIFR,33330,1874862.4833333334,1.78
