flight_category,minutes,total,pct
VFR,3814339.1666666665,4204205.166666666,90.73
MVFR,223857,4204205.166666666,5.32
LIFR,83440,4204205.166666666,1.98
IFR,82569,4204205.166666666,1.96
