flight_category,minutes,total,pct
VFR,725979.9833333333,775771.3166666667,93.58
MVFR,34884,775771.3166666667,4.5
IFR,12115.333333333334,775771.3166666667,1.56
LIFR,2792,775771.3166666667,0.36
