flight_category,minutes,total,pct
VFR,3201859.5166666666,3778148.1166666667,84.75
MVFR,304266.6,3778148.1166666667,8.05
IFR,148484,3778148.1166666667,3.93
LIFR,123538,3778148.1166666667,3.27
