flight_category,minutes,total,pct
VFR,3593841.183333333,3922716.183333333,91.62
MVFR,179830,3922716.183333333,4.58
LIFR,82379,3922716.183333333,2.1
IFR,66666,3922716.183333333,1.7
