flight_category,minutes,total,pct
VFR,2416323.466666667,2806463.066666667,86.1
MVFR,215775.6,2806463.066666667,7.69
IFR,104244,2806463.066666667,3.71
LIFR,70120,2806463.066666667,2.5
