flight_category,minutes,total,pct
VFR,1742740.1833333333,1874794.1833333333,92.96
MVFR,74562,1874794.1833333333,3.98
LIFR,29848,1874794.1833333333,1.59
IFR,27644,1874794.1833333333,1.47
