flight_category,minutes,total,pct
VFR,5185010.866666666,5644151.033333333,91.87
MVFR,243073.08333333334,5644151.033333333,4.31
LIFR,119518,5644151.033333333,2.12
IFR,96549.08333333333,5644151.033333333,1.71
