flight_category,minutes,total,pct
VFR,6356018.883333334,6940035.050000001,91.58
MVFR,321275.0833333333,6940035.050000001,4.63
LIFR,143464,6940035.050000001,2.07
IFR,119277.08333333333,6940035.050000001,1.72
