flight_category,minutes,total,pct
VFR,5983724.283333333,6983648.766666667,85.68
MVFR,579553.2333333333,6983648.766666667,8.3
IFR,241556.25,6983648.766666667,3.46
LIFR,178815,6983648.766666667,2.56
