flight_category,minutes,total,pct
VFR,5181906.733333333,5639287.9,91.89
MVFR,242465.08333333334,5639287.9,4.3
LIFR,118849,5639287.9,2.11
IFR,96067.08333333333,5639287.9,1.7
