flight_category,minutes,total,pct
VFR,6375220.866666666,6962098.033333333,91.57
MVFR,323035.0833333333,6962098.033333333,4.64
LIFR,143181,6962098.033333333,2.06
IFR,120661.08333333333,6962098.033333333,1.73
