flight_category,minutes,total,pct
VFR,2524928.183333333,2776852.183333333,90.93
MVFR,128335,2776852.183333333,4.62
LIFR,71308,2776852.183333333,2.57
IFR,52281,2776852.183333333,1.88
