flight_category,minutes,total,pct
VFR,1013333.0333333333,1070153.0333333332,94.69
MVFR,37018,1070153.0333333332,3.46
IFR,12194,1070153.0333333332,1.14
LIFR,7608,1070153.0333333332,0.71
