flight_category,minutes,total,pct
VFR,5673895.366666666,6596491.766666667,86.01
MVFR,532922.7166666667,6596491.766666667,8.08
IFR,225320.68333333332,6596491.766666667,3.42
LIFR,164353,6596491.766666667,2.49
