flight_category,minutes,total,pct
VFR,1161724.1833333333,1229423.1833333333,94.49
MVFR,42778,1229423.1833333333,3.48
IFR,14669,1229423.1833333333,1.19
LIFR,10252,1229423.1833333333,0.83
