flight_category,minutes,total,pct
VFR,5661818.766666667,6184837.933333334,91.54
MVFR,277312.0833333333,6184837.933333334,4.48
LIFR,136798,6184837.933333334,2.21
IFR,108909.08333333333,6184837.933333334,1.76
