flight_category,minutes,total,pct
VFR,4314398.283333333,4921859.683333334,87.66
MVFR,357167.7166666667,4921859.683333334,7.26
IFR,151638.68333333332,4921859.683333334,3.08
LIFR,98655,4921859.683333334,2
