flight_category,minutes,total,pct
VFR,5080929.8,5524756.966666667,91.97
MVFR,236039.08333333334,5524756.966666667,4.27
LIFR,114254,5524756.966666667,2.07
IFR,93534.08333333333,5524756.966666667,1.69
