flight_category,minutes,total,pct
VFR,5353491.433333334,6229361.833333334,85.94
MVFR,497156.7166666667,6229361.833333334,7.98
IFR,218418.68333333332,6229361.833333334,3.51
LIFR,160295,6229361.833333334,2.57
