flight_category,minutes,total,pct
VFR,791355.0333333333,833276.0333333333,94.97
MVFR,28557,833276.0333333333,3.43
IFR,8780,833276.0333333333,1.05
LIFR,4584,833276.0333333333,0.55
