flight_category,minutes,total,pct
VFR,2983288.5166666666,3504437.1166666667,85.13
MVFR,277416.6,3504437.1166666667,7.92
IFR,136427,3504437.1166666667,3.89
LIFR,107305,3504437.1166666667,3.06
