flight_category,minutes,total,pct
VFR,5437284.316666666,6325382.716666667,85.96
MVFR,506366.7166666667,6325382.716666667,8.01
IFR,220246.68333333332,6325382.716666667,3.48
LIFR,161485,6325382.716666667,2.55
