flight_category,minutes,total,pct
VFR,4809947.666666667,5214833.833333334,92.24
MVFR,219307.08333333334,5214833.833333334,4.21
LIFR,100750,5214833.833333334,1.93
IFR,84829.08333333333,5214833.833333334,1.63
