flight_category,minutes,total,pct
VFR,1362447.0333333334,1449690.0333333334,93.98
MVFR,54650,1449690.0333333334,3.77
IFR,18680,1449690.0333333334,1.29
LIFR,13913,1449690.0333333334,0.96
