flight_category,minutes,total,pct
VFR,1316433.9333333333,1439391.3666666667,91.46
MVFR,76707,1439391.3666666667,5.33
IFR,31078.433333333334,1439391.3666666667,2.16
LIFR,15172,1439391.3666666667,1.05
