flight_category,minutes,total,pct
VFR,3431456.033333333,3801397.033333333,90.27
MVFR,209770,3801397.033333333,5.52
LIFR,81653,3801397.033333333,2.15
IFR,78518,3801397.033333333,2.07
