flight_category,minutes,total,pct
VFR,4703925.666666667,5097861.266666667,92.27
MVFR,214007.08333333334,5097861.266666667,4.2
LIFR,97466,5097861.266666667,1.91
IFR,82462.51666666666,5097861.266666667,1.62
