flight_category,minutes,total,pct
VFR,2579788.933333333,2941027.3666666662,87.72
MVFR,203689,2941027.3666666662,6.93
IFR,92613.43333333333,2941027.3666666662,3.15
LIFR,64936,2941027.3666666662,2.21
