flight_category,minutes,total,pct
VFR,5124553.433333334,5956168.833333334,86.04
MVFR,466881.7166666667,5956168.833333334,7.84
IFR,209719.68333333332,5956168.833333334,3.52
LIFR,155014,5956168.833333334,2.6
