flight_category,minutes,total,pct
VFR,4095869.433333333,4444905.433333334,92.15
MVFR,193221,4444905.433333334,4.35
LIFR,84521,4444905.433333334,1.9
IFR,71294,4444905.433333334,1.6
