flight_category,minutes,total,pct
VFR,2877243.5166666666,3368551.1166666667,85.41
MVFR,263721.6,3368551.1166666667,7.83
IFR,129453,3368551.1166666667,3.84
LIFR,98133,3368551.1166666667,2.91
