flight_category,minutes,total,pct
VFR,1996769.1833333333,2170536.1833333336,91.99
MVFR,92849,2170536.1833333336,4.28
LIFR,45447,2170536.1833333336,2.09
IFR,35471,2170536.1833333336,1.63
