flight_category,minutes,total,pct
VFR,3308981.5166666666,3905168.1166666667,84.73
MVFR,312486.6,3905168.1166666667,8
IFR,154226,3905168.1166666667,3.95
LIFR,129474,3905168.1166666667,3.32
