flight_category,minutes,total,pct
VFR,1632253.0333333334,1760414.0333333334,92.72
MVFR,73650,1760414.0333333334,4.18
IFR,27363,1760414.0333333334,1.55
LIFR,27148,1760414.0333333334,1.54
