flight_category,minutes,total,pct
VFR,1554497.0333333334,1668925.0333333334,93.14
MVFR,67200,1668925.0333333334,4.03
IFR,24396,1668925.0333333334,1.46
LIFR,22832,1668925.0333333334,1.37
