flight_category,minutes,total,pct
VFR,2594642.033333333,2900906.033333333,89.44
MVFR,161132,2900906.033333333,5.55
LIFR,77406,2900906.033333333,2.67
IFR,67726,2900906.033333333,2.33
