flight_category,minutes,total,pct
VFR,5985319.283333333,6982957.766666667,85.71
MVFR,578904.2333333333,6982957.766666667,8.29
IFR,240921.25,6982957.766666667,3.45
LIFR,177813,6982957.766666667,2.55
