flight_category,minutes,total,pct
VFR,4317993.433333334,4680143.516666667,92.26
MVFR,200081.08333333334,4680143.516666667,4.28
LIFR,87571,4680143.516666667,1.87
IFR,74498,4680143.516666667,1.59
