flight_category,minutes,total,pct
VFR,2107270.033333333,2333314.033333333,90.31
MVFR,118397,2333314.033333333,5.07
LIFR,60310,2333314.033333333,2.58
IFR,47337,2333314.033333333,2.03
