flight_category,minutes,total,pct
VFR,1275250.0333333334,1355875.0333333334,94.05
MVFR,50722,1355875.0333333334,3.74
IFR,17288,1355875.0333333334,1.28
LIFR,12615,1355875.0333333334,0.93
