flight_category,minutes,total,pct
VFR,1916264.1833333333,2079133.1833333333,92.17
MVFR,87498,2079133.1833333333,4.21
LIFR,42074,2079133.1833333333,2.02
IFR,33297,2079133.1833333333,1.6
