flight_category,minutes,total,pct
VFR,1745720.0333333334,1895275.0333333334,92.11
MVFR,84344,1895275.0333333334,4.45
LIFR,34180,1895275.0333333334,1.8
IFR,31031,1895275.0333333334,1.64
