flight_category,minutes,total,pct
VFR,2312689.033333333,2575489.033333333,89.8
MVFR,135915,2575489.033333333,5.28
LIFR,70032,2575489.033333333,2.72
IFR,56853,2575489.033333333,2.21
