flight_category,minutes,total,pct
VFR,1380595.0333333334,1470821.0333333334,93.87
MVFR,55902,1470821.0333333334,3.8
IFR,19448,1470821.0333333334,1.32
LIFR,14876,1470821.0333333334,1.01
