flight_category,minutes,total,pct
VFR,1450101.1833333333,1544855.1833333333,93.87
MVFR,56482,1544855.1833333333,3.66
IFR,20378,1544855.1833333333,1.32
LIFR,17894,1544855.1833333333,1.16
