flight_category,minutes,total,pct
VFR,5622091.366666666,6540048.766666667,85.96
MVFR,529516.7166666667,6540048.766666667,8.1
IFR,224593.68333333332,6540048.766666667,3.43
LIFR,163847,6540048.766666667,2.51
