flight_category,minutes,total,pct
VFR,5994755.133333334,6980450.633333334,85.88
MVFR,574954.15,6980450.633333334,8.24
IFR,237672.35,6980450.633333334,3.4
LIFR,173069,6980450.633333334,2.48
