flight_category,minutes,total,pct
VFR,2414422.95,2749375.3833333333,87.82
MVFR,186289,2749375.3833333333,6.78
IFR,86740.43333333333,2749375.3833333333,3.15
LIFR,61923,2749375.3833333333,2.25
