flight_category,minutes,total,pct
VFR,6008684.383333334,6968550.783333334,86.23
MVFR,563339.7166666667,6968550.783333334,8.08
IFR,230450.68333333332,6968550.783333334,3.31
LIFR,166076,6968550.783333334,2.38
