flight_category,minutes,total,pct
VFR,1783190.9666666666,2003595.4,89
MVFR,123015,2003595.4,6.14
IFR,57738.433333333334,2003595.4,2.88
LIFR,39651,2003595.4,1.98
