flight_category,minutes,total,pct
VFR,6229954.75,6803800.916666667,91.57
MVFR,313933.0833333333,6803800.916666667,4.61
LIFR,142978,6803800.916666667,2.1
IFR,116935.08333333333,6803800.916666667,1.72
