flight_category,minutes,total,pct
VFR,3098039.966666667,3526289.4,87.86
MVFR,248817,3526289.4,7.06
IFR,109197.43333333333,3526289.4,3.1
LIFR,70235,3526289.4,1.99
