flight_category,minutes,total,pct
VFR,2645137.933333333,3012813.3666666662,87.8
MVFR,208255,3012813.3666666662,6.91
IFR,94079.43333333333,3012813.3666666662,3.12
LIFR,65341,3012813.3666666662,2.17
