flight_category,minutes,total,pct
VFR,6102613.9,6666658.066666667,91.54
MVFR,307047.0833333333,6666658.066666667,4.61
LIFR,141975,6666658.066666667,2.13
IFR,115022.08333333333,6666658.066666667,1.73
