flight_category,minutes,total,pct
VFR,3612961.183333333,3942474.183333333,91.64
MVFR,180160,3942474.183333333,4.57
LIFR,82462,3942474.183333333,2.09
IFR,66891,3942474.183333333,1.7
