flight_category,minutes,total,pct
VFR,2152930.8833333333,2443023.3166666664,88.13
MVFR,159182,2443023.3166666664,6.52
IFR,75701.43333333333,2443023.3166666664,3.1
LIFR,55209,2443023.3166666664,2.26
