flight_category,minutes,total,pct
VFR,6008470.383333334,6969396.783333334,86.21
MVFR,564222.7166666667,6969396.783333334,8.1
IFR,230553.68333333332,6969396.783333334,3.31
LIFR,166150,6969396.783333334,2.38
