flight_category,minutes,total,pct
VFR,3330633.183333333,3646337.183333333,91.34
MVFR,169950,3646337.183333333,4.66
LIFR,81559,3646337.183333333,2.24
IFR,64195,3646337.183333333,1.76
