flight_category,minutes,total,pct
VFR,1243696.9333333333,1359057.3666666667,91.51
MVFR,72494,1359057.3666666667,5.33
IFR,29009.433333333334,1359057.3666666667,2.13
LIFR,13857,1359057.3666666667,1.02
