flight_category,minutes,total,pct
VFR,2209543.033333333,2453915.033333333,90.04
MVFR,126567,2453915.033333333,5.16
LIFR,65634,2453915.033333333,2.67
IFR,52171,2453915.033333333,2.13
