flight_category,minutes,total,pct
VFR,3570545.9166666665,4048124.3499999996,88.2
MVFR,280880,4048124.3499999996,6.94
IFR,122548.43333333333,4048124.3499999996,3.03
LIFR,74150,4048124.3499999996,1.83
