flight_category,minutes,total,pct
VFR,961773.8666666667,1035686.2000000001,92.86
MVFR,49822,1035686.2000000001,4.81
IFR,17647.333333333332,1035686.2000000001,1.7
LIFR,6443,1035686.2000000001,0.62
