flight_category,minutes,total,pct
VFR,5228325.75,5694969.916666667,91.81
MVFR,246013.08333333334,5694969.916666667,4.32
LIFR,122655,5694969.916666667,2.15
IFR,97976.08333333333,5694969.916666667,1.72
