flight_category,minutes,total,pct
VFR,3338797.5166666666,3942447.1166666667,84.69
MVFR,314885.6,3942447.1166666667,7.99
IFR,156837,3942447.1166666667,3.98
LIFR,131927,3942447.1166666667,3.35
