flight_category,minutes,total,pct
VFR,1749798.0333333334,1901332.0333333334,92.03
MVFR,84985,1901332.0333333334,4.47
LIFR,34944,1901332.0333333334,1.84
IFR,31605,1901332.0333333334,1.66
