flight_category,minutes,total,pct
VFR,1842924.1833333333,1991006.1833333333,92.56
MVFR,81729,1991006.1833333333,4.1
LIFR,35742,1991006.1833333333,1.8
IFR,30611,1991006.1833333333,1.54
