flight_category,minutes,total,pct
VFR,4213121.166666667,4636159.166666667,90.88
MVFR,243839,4636159.166666667,5.26
IFR,89671,4636159.166666667,1.93
LIFR,89528,4636159.166666667,1.93
