flight_category,minutes,total,pct
VFR,2108513.183333333,2300851.183333333,91.64
MVFR,101665,2300851.183333333,4.42
LIFR,51411,2300851.183333333,2.23
IFR,39262,2300851.183333333,1.71
