flight_category,minutes,total,pct
VFR,5987151.133333334,6972998.633333334,85.86
MVFR,574496.15,6972998.633333334,8.24
IFR,238281.35,6972998.633333334,3.42
LIFR,173070,6972998.633333334,2.48
