flight_category,minutes,total,pct
VFR,1617994.0333333334,1742731.0333333334,92.84
MVFR,72159,1742731.0333333334,4.14
IFR,26727,1742731.0333333334,1.53
LIFR,25851,1742731.0333333334,1.48
