flight_category,minutes,total,pct
VFR,5199590.866666666,5662614.033333333,91.82
MVFR,244628.08333333334,5662614.033333333,4.32
LIFR,121159,5662614.033333333,2.14
IFR,97236.08333333333,5662614.033333333,1.72
