flight_category,minutes,total,pct
VFR,1845155.0333333334,2015323.0333333334,91.56
MVFR,93781,2015323.0333333334,4.65
LIFR,41347,2015323.0333333334,2.05
IFR,35040,2015323.0333333334,1.74
