flight_category,minutes,total,pct
VFR,5889137.3,6836877.7,86.14
MVFR,553199.7166666667,6836877.7,8.09
IFR,228957.68333333332,6836877.7,3.35
LIFR,165583,6836877.7,2.42
