flight_category,minutes,total,pct
VFR,2683478.933333333,3058596.3666666662,87.74
MVFR,213085,3058596.3666666662,6.97
IFR,96085.43333333333,3058596.3666666662,3.14
LIFR,65947,3058596.3666666662,2.16
