flight_category,minutes,total,pct
VFR,1890901.1833333333,2047131.1833333333,92.37
MVFR,85112,2047131.1833333333,4.16
LIFR,38962,2047131.1833333333,1.9
IFR,32156,2047131.1833333333,1.57
