flight_category,minutes,total,pct
VFR,2043275.0333333334,2253697.033333333,90.66
MVFR,112311,2253697.033333333,4.98
LIFR,54292,2253697.033333333,2.41
IFR,43819,2253697.033333333,1.94
