flight_category,minutes,total,pct
VFR,1103659.9833333334,1196076.3166666667,92.27
MVFR,60189,1196076.3166666667,5.03
IFR,22723.333333333332,1196076.3166666667,1.9
LIFR,9504,1196076.3166666667,0.79
