flight_category,minutes,total,pct
VFR,4658637.433333334,5369611.833333334,86.76
MVFR,406701.7166666667,5369611.833333334,7.57
IFR,177291.68333333332,5369611.833333334,3.3
LIFR,126981,5369611.833333334,2.36
