flight_category,minutes,total,pct
VFR,3052446.5166666666,3589269.1166666667,85.04
MVFR,285380.6,3589269.1166666667,7.95
IFR,139624,3589269.1166666667,3.89
LIFR,111818,3589269.1166666667,3.12
