flight_category,minutes,total,pct
VFR,2519836.5166666666,2926295.1166666667,86.11
MVFR,223509.6,2926295.1166666667,7.64
IFR,108771,2926295.1166666667,3.72
LIFR,74178,2926295.1166666667,2.53
