flight_category,minutes,total,pct
VFR,5503494.4,6405052.800000001,85.92
MVFR,516957.7166666667,6405052.800000001,8.07
IFR,221978.68333333332,6405052.800000001,3.47
LIFR,162622,6405052.800000001,2.54
