flight_category,minutes,total,pct
VFR,745174.9,797745.2333333334,93.41
MVFR,36490,797745.2333333334,4.57
IFR,12885.333333333334,797745.2333333334,1.62
LIFR,3195,797745.2333333334,0.4
