flight_category,minutes,total,pct
VFR,2716134.9,3097479.333333333,87.69
MVFR,216897,3097479.333333333,7
IFR,97790.43333333333,3097479.333333333,3.16
LIFR,66657,3097479.333333333,2.15
