flight_category,minutes,total,pct
VFR,5224936.316666666,6075587.716666667,86
MVFR,479238.7166666667,6075587.716666667,7.89
IFR,214064.68333333332,6075587.716666667,3.52
LIFR,157348,6075587.716666667,2.59
