flight_category,minutes,total,pct
VFR,2708503.05,3087870.483333333,87.71
MVFR,215813,3087870.483333333,6.99
IFR,97169.43333333333,3087870.483333333,3.15
LIFR,66385,3087870.483333333,2.15
