flight_category,minutes,total,pct
VFR,4537064.5,5206011.9,87.15
MVFR,386549.7166666667,5206011.9,7.43
IFR,167601.68333333332,5206011.9,3.22
LIFR,114796,5206011.9,2.21
