flight_category,minutes,total,pct
VFR,5988944.3,6944759.7,86.24
MVFR,559767.7166666667,6944759.7,8.06
IFR,230199.68333333332,6944759.7,3.31
LIFR,165848,6944759.7,2.39
