flight_category,minutes,total,pct
VFR,2053587.8833333333,2329231.3166666664,88.17
MVFR,151516,2329231.3166666664,6.5
IFR,71674.43333333333,2329231.3166666664,3.08
LIFR,52453,2329231.3166666664,2.25
