flight_category,minutes,total,pct
VFR,5997938.383333334,6980954.883333334,85.92
MVFR,574046.15,6980954.883333334,8.22
IFR,236773.35,6980954.883333334,3.39
LIFR,172197,6980954.883333334,2.47
