flight_category,minutes,total,pct
VFR,2693119.05,3069842.483333333,87.73
MVFR,214110,3069842.483333333,6.97
IFR,96521.43333333333,3069842.483333333,3.14
LIFR,66092,3069842.483333333,2.15
