flight_category,minutes,total,pct
VFR,4598839.433333334,4982233.033333333,92.3
MVFR,209231.08333333334,4982233.033333333,4.2
LIFR,94190,4982233.033333333,1.89
IFR,79972.51666666666,4982233.033333333,1.61
