flight_category,minutes,total,pct
VFR,6375976.866666666,6963145.033333333,91.57
MVFR,323232.0833333333,6963145.033333333,4.64
LIFR,142877,6963145.033333333,2.05
IFR,121059.08333333333,6963145.033333333,1.74
