flight_category,minutes,total,pct
VFR,884748.0333333333,933238.0333333333,94.8
MVFR,32008,933238.0333333333,3.43
IFR,10483,933238.0333333333,1.12
LIFR,5999,933238.0333333333,0.64
