flight_category,minutes,total,pct
VFR,2489510.933333333,2836616.3666666662,87.76
MVFR,194139,2836616.3666666662,6.84
IFR,89800.43333333333,2836616.3666666662,3.17
LIFR,63166,2836616.3666666662,2.23
