flight_category,minutes,total,pct
VFR,1242962.0333333334,1318711.0333333334,94.26
MVFR,48306,1318711.0333333334,3.66
IFR,16202,1318711.0333333334,1.23
LIFR,11241,1318711.0333333334,0.85
