flight_category,minutes,total,pct
VFR,4830764.816666666,5239722.983333333,92.2
MVFR,220972.08333333334,5239722.983333333,4.22
LIFR,102322,5239722.983333333,1.95
IFR,85664.08333333333,5239722.983333333,1.63
