flight_category,minutes,total,pct
VFR,3572479.5166666666,4215896.116666666,84.74
MVFR,335116.6,4215896.116666666,7.95
IFR,168578,4215896.116666666,4
LIFR,139722,4215896.116666666,3.31
