flight_category,minutes,total,pct
VFR,1236788.9666666666,1350046.4,91.61
MVFR,71574,1350046.4,5.3
IFR,28316.433333333334,1350046.4,2.1
LIFR,13367,1350046.4,0.99
