flight_category,minutes,total,pct
VFR,1463930.9833333334,1615483.4166666667,90.62
MVFR,90410,1615483.4166666667,5.6
IFR,39038.433333333334,1615483.4166666667,2.42
LIFR,22104,1615483.4166666667,1.37
