flight_category,minutes,total,pct
VFR,2952427.9833333334,3363342.4166666665,87.78
MVFR,237125,3363342.4166666665,7.05
IFR,104617.43333333333,3363342.4166666665,3.11
LIFR,69172,3363342.4166666665,2.06
