flight_category,minutes,total,pct
VFR,5833689.883333334,6374962.050000001,91.51
MVFR,290207.0833333333,6374962.050000001,4.55
LIFR,139615,6374962.050000001,2.19
IFR,111450.08333333333,6374962.050000001,1.75
