flight_category,minutes,total,pct
VFR,3484825.183333333,3808740.183333333,91.5
MVFR,175999,3808740.183333333,4.62
LIFR,82202,3808740.183333333,2.16
IFR,65714,3808740.183333333,1.73
