flight_category,minutes,total,pct
VFR,1543533.1833333333,1650043.1833333333,93.55
MVFR,61591,1650043.1833333333,3.73
IFR,22792,1650043.1833333333,1.38
LIFR,22127,1650043.1833333333,1.34
