flight_category,minutes,total,pct
VFR,6239913.866666666,6814340.033333333,91.57
MVFR,314207.0833333333,6814340.033333333,4.61
LIFR,143119,6814340.033333333,2.1
IFR,117100.08333333333,6814340.033333333,1.72
