flight_category,minutes,total,pct
VFR,2027460.1833333333,2208951.1833333336,91.78
MVFR,95880,2208951.1833333336,4.34
LIFR,48476,2208951.1833333336,2.19
IFR,37135,2208951.1833333336,1.68
