flight_category,minutes,total,pct
VFR,5838410.383333334,6778850.783333334,86.13
MVFR,547398.7166666667,6778850.783333334,8.08
IFR,227774.68333333332,6778850.783333334,3.36
LIFR,165267,6778850.783333334,2.44
