flight_category,minutes,total,pct
VFR,5998984.266666667,6968575.6,86.09
MVFR,569182.9833333333,6968575.6,8.17
IFR,231696.35,6968575.6,3.32
LIFR,168712,6968575.6,2.42
