flight_category,minutes,total,pct
VFR,2036313.1833333333,2219716.1833333336,91.74
MVFR,96642,2219716.1833333336,4.35
LIFR,49146,2219716.1833333336,2.21
IFR,37615,2219716.1833333336,1.69
