flight_category,minutes,total,pct
VFR,2564460.033333333,2866053.033333333,89.48
MVFR,158065,2866053.033333333,5.52
LIFR,76953,2866053.033333333,2.68
IFR,66575,2866053.033333333,2.32
