flight_category,minutes,total,pct
VFR,3218114.5166666666,3799138.1166666667,84.71
MVFR,305899.6,3799138.1166666667,8.05
IFR,149582,3799138.1166666667,3.94
LIFR,125542,3799138.1166666667,3.3
