flight_category,minutes,total,pct
VFR,1293284.1833333333,1372913.1833333333,94.2
MVFR,48725,1372913.1833333333,3.55
IFR,17013,1372913.1833333333,1.24
LIFR,13891,1372913.1833333333,1.01
