flight_category,minutes,total,pct
VFR,2518767.183333333,2769756.183333333,90.94
MVFR,127846,2769756.183333333,4.62
LIFR,70989,2769756.183333333,2.56
IFR,52154,2769756.183333333,1.88
