flight_category,minutes,total,pct
VFR,2733061.033333333,3054681.033333333,89.47
MVFR,172162,3054681.033333333,5.64
LIFR,78897,3054681.033333333,2.58
IFR,70561,3054681.033333333,2.31
