flight_category,minutes,total,pct
VFR,1596516.1833333333,1708515.1833333333,93.44
MVFR,64496,1708515.1833333333,3.77
IFR,23802,1708515.1833333333,1.39
LIFR,23701,1708515.1833333333,1.39
