flight_category,minutes,total,pct
VFR,2468720.033333333,2757996.033333333,89.51
MVFR,150058,2757996.033333333,5.44
LIFR,75282,2757996.033333333,2.73
IFR,63936,2757996.033333333,2.32
