flight_category,minutes,total,pct
VFR,852226.1166666667,914149.4500000001,93.23
MVFR,42459,914149.4500000001,4.64
IFR,15023.333333333334,914149.4500000001,1.64
LIFR,4441,914149.4500000001,0.49
