flight_category,minutes,total,pct
VFR,2284933.183333333,2508170.183333333,91.1
MVFR,115120,2508170.183333333,4.59
LIFR,63119,2508170.183333333,2.52
IFR,44998,2508170.183333333,1.79
