flight_category,minutes,total,pct
VFR,2968032.9833333334,3381749.4166666665,87.77
MVFR,238995,3381749.4166666665,7.07
IFR,105433.43333333333,3381749.4166666665,3.12
LIFR,69288,3381749.4166666665,2.05
