flight_category,minutes,total,pct
VFR,4873513.466666667,5647069.866666667,86.3
MVFR,436537.7166666667,5647069.866666667,7.73
IFR,193192.68333333332,5647069.866666667,3.42
LIFR,143826,5647069.866666667,2.55
