flight_category,minutes,total,pct
VFR,3228097.9166666665,3670961.3499999996,87.94
MVFR,258531,3670961.3499999996,7.04
IFR,112851.43333333333,3670961.3499999996,3.07
LIFR,71481,3670961.3499999996,1.95
