flight_category,minutes,total,pct
VFR,4102527.1,4665184.25,87.94
MVFR,333611.7166666667,4665184.25,7.15
IFR,141267.43333333332,4665184.25,3.03
LIFR,87778,4665184.25,1.88
