flight_category,minutes,total,pct
VFR,3407045.033333333,3775632.033333333,90.24
MVFR,208541,3775632.033333333,5.52
LIFR,81653,3775632.033333333,2.16
IFR,78393,3775632.033333333,2.08
