flight_category,minutes,total,pct
VFR,2909795.183333333,3198138.183333333,90.98
MVFR,150231,3198138.183333333,4.7
LIFR,78707,3198138.183333333,2.46
IFR,59405,3198138.183333333,1.86
