flight_category,minutes,total,pct
VFR,3470448.5166666666,4098458.1166666667,84.68
MVFR,326515.6,4098458.1166666667,7.97
IFR,164226,4098458.1166666667,4.01
LIFR,137268,4098458.1166666667,3.35
