flight_category,minutes,total,pct
VFR,1136605.1833333333,1202088.1833333333,94.55
MVFR,41811,1202088.1833333333,3.48
IFR,14079,1202088.1833333333,1.17
LIFR,9593,1202088.1833333333,0.8
