flight_category,minutes,total,pct
VFR,3832243.716666667,4345915.866666667,88.18
MVFR,304454.7166666667,4345915.866666667,7.01
IFR,130756.43333333333,4345915.866666667,3.01
LIFR,78461,4345915.866666667,1.81
