flight_category,minutes,total,pct
VFR,1824423.0333333334,1987709.0333333334,91.79
MVFR,90921,1987709.0333333334,4.57
LIFR,38333,1987709.0333333334,1.93
IFR,34032,1987709.0333333334,1.71
