flight_category,minutes,total,pct
VFR,6375593.8,6962923.966666667,91.56
MVFR,323153.0833333333,6962923.966666667,4.64
LIFR,143211,6962923.966666667,2.06
IFR,120966.08333333333,6962923.966666667,1.74
