flight_category,minutes,total,pct
VFR,6371726.85,6957205.016666667,91.58
MVFR,322312.0833333333,6957205.016666667,4.63
LIFR,143539,6957205.016666667,2.06
IFR,119627.08333333333,6957205.016666667,1.72
