flight_category,minutes,total,pct
VFR,3906247.433333333,4247808.433333334,91.96
MVFR,188550,4247808.433333334,4.44
LIFR,83503,4247808.433333334,1.97
IFR,69508,4247808.433333334,1.64
