flight_category,minutes,total,pct
VFR,3852832.9,4371810.05,88.13
MVFR,307669.7166666667,4371810.05,7.04
IFR,131948.43333333332,4371810.05,3.02
LIFR,79359,4371810.05,1.82
