flight_category,minutes,total,pct
VFR,798087.9,853789.2333333334,93.48
MVFR,38487,853789.2333333334,4.51
IFR,13487.333333333334,853789.2333333334,1.58
LIFR,3727,853789.2333333334,0.44
