flight_category,minutes,total,pct
VFR,5461573.8,5965894.966666667,91.55
MVFR,266249.0833333333,5965894.966666667,4.46
LIFR,132836,5965894.966666667,2.23
IFR,105236.08333333333,5965894.966666667,1.76
