flight_category,minutes,total,pct
VFR,1041497.1833333333,1100980.1833333333,94.6
MVFR,38260,1100980.1833333333,3.48
IFR,12856,1100980.1833333333,1.17
LIFR,8367,1100980.1833333333,0.76
