flight_category,minutes,total,pct
VFR,3696666.0166666666,4189680.4499999997,88.23
MVFR,291008,4189680.4499999997,6.95
IFR,126107.43333333333,4189680.4499999997,3.01
LIFR,75899,4189680.4499999997,1.81
