flight_category,minutes,total,pct
VFR,4206070.2,4789547.600000001,87.82
MVFR,344936.7166666667,4789547.600000001,7.2
IFR,146030.68333333332,4789547.600000001,3.05
LIFR,92510,4789547.600000001,1.93
