flight_category,minutes,total,pct
VFR,1273128.1833333333,1350359.1833333333,94.28
MVFR,47881,1350359.1833333333,3.55
IFR,16427,1350359.1833333333,1.22
LIFR,12923,1350359.1833333333,0.96
