flight_category,minutes,total,pct
VFR,2983418.033333333,3326427.033333333,89.69
MVFR,188303,3326427.033333333,5.66
LIFR,80435,3326427.033333333,2.42
IFR,74271,3326427.033333333,2.23
