flight_category,minutes,total,pct
VFR,2185623.95,2483505.3833333333,88.01
MVFR,163140,2483505.3833333333,6.57
IFR,77950.43333333333,2483505.3833333333,3.14
LIFR,56791,2483505.3833333333,2.29
