flight_category,minutes,total,pct
VFR,4204745.166666667,4626299.166666667,90.89
MVFR,242892,4626299.166666667,5.25
IFR,89361,4626299.166666667,1.93
LIFR,89301,4626299.166666667,1.93
