flight_category,minutes,total,pct
VFR,3218907.183333333,3528597.183333333,91.22
MVFR,165151,3528597.183333333,4.68
LIFR,81108,3528597.183333333,2.3
IFR,63431,3528597.183333333,1.8
