flight_category,minutes,total,pct
VFR,3929994.1666666665,4326729.166666666,90.83
MVFR,228734,4326729.166666666,5.29
IFR,83911,4326729.166666666,1.94
LIFR,84090,4326729.166666666,1.94
