flight_category,minutes,total,pct
VFR,4426756.433333334,4795455.516666667,92.31
MVFR,203042.08333333334,4795455.516666667,4.23
LIFR,89444,4795455.516666667,1.87
IFR,76213,4795455.516666667,1.59
