flight_category,minutes,total,pct
VFR,6375101.85,6961056.016666667,91.58
MVFR,322376.0833333333,6961056.016666667,4.63
LIFR,143151,6961056.016666667,2.06
IFR,120427.08333333333,6961056.016666667,1.73
