flight_category,minutes,total,pct
VFR,2734739.5166666666,3182845.1166666667,85.92
MVFR,244020.6,3182845.1166666667,7.67
IFR,119750,3182845.1166666667,3.76
LIFR,84335,3182845.1166666667,2.65
