flight_category,minutes,total,pct
VFR,5481665.466666667,6378572.866666667,85.94
MVFR,513273.7166666667,6378572.866666667,8.05
IFR,221466.68333333332,6378572.866666667,3.47
LIFR,162167,6378572.866666667,2.54
