flight_category,minutes,total,pct
VFR,1346371.1333333333,1477417.5666666667,91.13
MVFR,80622,1477417.5666666667,5.46
IFR,33214.433333333334,1477417.5666666667,2.25
LIFR,17210,1477417.5666666667,1.16
