flight_category,minutes,total,pct
VFR,2326930.95,2649319.3833333333,87.83
MVFR,177732,2649319.3833333333,6.71
IFR,84174.43333333333,2649319.3833333333,3.18
LIFR,60482,2649319.3833333333,2.28
