flight_category,minutes,total,pct
VFR,1446972.95,1592755.3833333333,90.85
MVFR,88274,1592755.3833333333,5.54
IFR,37046.433333333334,1592755.3833333333,2.33
LIFR,20462,1592755.3833333333,1.28
