flight_category,minutes,total,pct
VFR,4391036.433333334,4756591.516666667,92.31
MVFR,201629.08333333334,4756591.516666667,4.24
LIFR,88488,4756591.516666667,1.86
IFR,75438,4756591.516666667,1.59
