flight_category,minutes,total,pct
VFR,4505341.416666667,5162966.816666667,87.26
MVFR,380994.7166666667,5162966.816666667,7.38
IFR,164830.68333333332,5162966.816666667,3.19
LIFR,111800,5162966.816666667,2.17
