flight_category,minutes,total,pct
VFR,2236631.95,2541463.3833333333,88.01
MVFR,167309,2541463.3833333333,6.58
IFR,79632.43333333333,2541463.3833333333,3.13
LIFR,57890,2541463.3833333333,2.28
