flight_category,minutes,total,pct
VFR,4426503.433333334,5062598.833333334,87.44
MVFR,371220.7166666667,5062598.833333334,7.33
IFR,158993.68333333332,5062598.833333334,3.14
LIFR,105881,5062598.833333334,2.09
