flight_category,minutes,total,pct
VFR,2979231.033333333,3321477.033333333,89.7
MVFR,187743,3321477.033333333,5.65
LIFR,80405,3321477.033333333,2.42
IFR,74098,3321477.033333333,2.23
