flight_category,minutes,total,pct
VFR,2096766.0333333334,2320064.033333333,90.38
MVFR,117172,2320064.033333333,5.05
LIFR,59414,2320064.033333333,2.56
IFR,46712,2320064.033333333,2.01
