flight_category,minutes,total,pct
VFR,1481683.85,1638182.2833333334,90.45
MVFR,92028,1638182.2833333334,5.62
IFR,40628.433333333334,1638182.2833333334,2.48
LIFR,23842,1638182.2833333334,1.46
