flight_category,minutes,total,pct
VFR,6002402.266666667,6976464.766666667,86.04
MVFR,571258.15,6976464.766666667,8.19
IFR,233091.35,6976464.766666667,3.34
LIFR,169713,6976464.766666667,2.43
