flight_category,minutes,total,pct
VFR,5008924.35,5816520.75,86.12
MVFR,453053.7166666667,5816520.75,7.79
IFR,203079.68333333332,5816520.75,3.49
LIFR,151463,5816520.75,2.6
