flight_category,minutes,total,pct
VFR,3052724.183333333,3351889.183333333,91.07
MVFR,157992,3351889.183333333,4.71
LIFR,79782,3351889.183333333,2.38
IFR,61391,3351889.183333333,1.83
