flight_category,minutes,total,pct
VFR,3023723.183333333,3318963.183333333,91.1
MVFR,155152,3318963.183333333,4.67
LIFR,79403,3318963.183333333,2.39
IFR,60685,3318963.183333333,1.83
