flight_category,minutes,total,pct
VFR,5548761.716666667,6061538.883333334,91.54
MVFR,271470.0833333333,6061538.883333334,4.48
LIFR,134517,6061538.883333334,2.22
IFR,106790.08333333333,6061538.883333334,1.76
