flight_category,minutes,total,pct
VFR,4532467.233333333,4993251.233333333,90.77
MVFR,262377,4993251.233333333,5.25
LIFR,100914,4993251.233333333,2.02
IFR,97493,4993251.233333333,1.95
