flight_category,minutes,total,pct
VFR,4897432.816666666,5312566.983333333,92.19
MVFR,223729.08333333334,5312566.983333333,4.21
LIFR,104233,5312566.983333333,1.96
IFR,87172.08333333333,5312566.983333333,1.64
