flight_category,minutes,total,pct
VFR,5073716.35,5890512.75,86.13
MVFR,458077.7166666667,5890512.75,7.78
IFR,205866.68333333332,5890512.75,3.49
LIFR,152852,5890512.75,2.59
