flight_category,minutes,total,pct
VFR,698537.0333333333,735331.0333333333,95
MVFR,25106,735331.0333333333,3.41
IFR,7930,735331.0333333333,1.08
LIFR,3758,735331.0333333333,0.51
