flight_category,minutes,total,pct
VFR,1917695.0333333334,2101432.033333333,91.26
MVFR,100379,2101432.033333333,4.78
LIFR,45588,2101432.033333333,2.17
IFR,37770,2101432.033333333,1.8
