flight_category,minutes,total,pct
VFR,3385978.033333333,3753400.033333333,90.21
MVFR,207643,3753400.033333333,5.53
LIFR,81564,3753400.033333333,2.17
IFR,78215,3753400.033333333,2.08
