flight_category,minutes,total,pct
VFR,4182421.433333333,4536889.433333334,92.19
MVFR,196162,4536889.433333334,4.32
LIFR,85806,4536889.433333334,1.89
IFR,72500,4536889.433333334,1.6
