flight_category,minutes,total,pct
VFR,1841644.0333333334,2009503.0333333334,91.65
MVFR,92784,2009503.0333333334,4.62
LIFR,40356,2009503.0333333334,2.01
IFR,34719,2009503.0333333334,1.73
