flight_category,minutes,total,pct
VFR,5989704.266666667,6979004.766666667,85.82
MVFR,575648.15,6979004.766666667,8.25
IFR,239395.35,6979004.766666667,3.43
LIFR,174257,6979004.766666667,2.5
