flight_category,minutes,total,pct
VFR,2071627.15,2351756.583333333,88.09
MVFR,153598,2351756.583333333,6.53
IFR,73200.43333333333,2351756.583333333,3.11
LIFR,53331,2351756.583333333,2.27
