flight_category,minutes,total,pct
VFR,1502372.0333333334,1608764.0333333334,93.39
MVFR,63272,1608764.0333333334,3.93
IFR,22963,1608764.0333333334,1.43
LIFR,20157,1608764.0333333334,1.25
