flight_category,minutes,total,pct
VFR,5338985.316666666,6211891.716666667,85.95
MVFR,495129.7166666667,6211891.716666667,7.97
IFR,217869.68333333332,6211891.716666667,3.51
LIFR,159907,6211891.716666667,2.57
