flight_category,minutes,total,pct
VFR,4920588.366666666,5704449.766666667,86.26
MVFR,441245.7166666667,5704449.766666667,7.74
IFR,196354.68333333332,5704449.766666667,3.44
LIFR,146261,5704449.766666667,2.56
