flight_category,minutes,total,pct
VFR,2665010.183333333,2932399.183333333,90.88
MVFR,136863,2932399.183333333,4.67
LIFR,75087,2932399.183333333,2.56
IFR,55439,2932399.183333333,1.89
