flight_category,minutes,total,pct
VFR,2178038.033333333,2413910.033333333,90.23
MVFR,123175,2413910.033333333,5.1
LIFR,63093,2413910.033333333,2.61
IFR,49604,2413910.033333333,2.05
