flight_category,minutes,total,pct
VFR,2714722.033333333,3034202.033333333,89.47
MVFR,170911,3034202.033333333,5.63
LIFR,78577,3034202.033333333,2.59
IFR,69992,3034202.033333333,2.31
