flight_category,minutes,total,pct
VFR,2853028.033333333,3186210.033333333,89.54
MVFR,180939,3186210.033333333,5.68
LIFR,79680,3186210.033333333,2.5
IFR,72563,3186210.033333333,2.28
