flight_category,minutes,total,pct
VFR,2329398.183333333,2557461.183333333,91.08
MVFR,117719,2557461.183333333,4.6
LIFR,64346,2557461.183333333,2.52
IFR,45998,2557461.183333333,1.8
