flight_category,minutes,total,pct
VFR,6008279.383333334,6968286.783333334,86.22
MVFR,563208.7166666667,6968286.783333334,8.08
IFR,230656.68333333332,6968286.783333334,3.31
LIFR,166142,6968286.783333334,2.38
