flight_category,minutes,total,pct
VFR,6008924.25,6970267.65,86.21
MVFR,564407.7166666667,6970267.65,8.1
IFR,230706.68333333332,6970267.65,3.31
LIFR,166229,6970267.65,2.38
