flight_category,minutes,total,pct
VFR,2712501.183333333,2982961.183333333,90.93
MVFR,138803,2982961.183333333,4.65
LIFR,75760,2982961.183333333,2.54
IFR,55897,2982961.183333333,1.87
