flight_category,minutes,total,pct
VFR,1197501.95,1301273.2833333332,92.03
MVFR,66591,1301273.2833333332,5.12
IFR,25663.333333333332,1301273.2833333332,1.97
LIFR,11517,1301273.2833333332,0.89
