flight_category,minutes,total,pct
VFR,3140726.033333333,3494340.033333333,89.88
MVFR,196577,3494340.033333333,5.63
LIFR,81046,3494340.033333333,2.32
IFR,75991,3494340.033333333,2.17
