flight_category,minutes,total,pct
VFR,2942118.9833333334,3351840.4166666665,87.78
MVFR,236559,3351840.4166666665,7.06
IFR,104027.43333333333,3351840.4166666665,3.1
LIFR,69135,3351840.4166666665,2.06
