flight_category,minutes,total,pct
VFR,980125.0333333333,1057413.3666666667,92.69
MVFR,51534,1057413.3666666667,4.87
IFR,18533.333333333332,1057413.3666666667,1.75
LIFR,7221,1057413.3666666667,0.68
