flight_category,minutes,total,pct
VFR,3389770.033333333,3757484.033333333,90.21
MVFR,207944,3757484.033333333,5.53
LIFR,81583,3757484.033333333,2.17
IFR,78187,3757484.033333333,2.08
