flight_category,minutes,total,pct
VFR,3745977.716666667,4249445.866666667,88.15
MVFR,297760.7166666667,4249445.866666667,7.01
IFR,128633.43333333333,4249445.866666667,3.03
LIFR,77074,4249445.866666667,1.81
