flight_category,minutes,total,pct
VFR,3290097.183333333,3602503.183333333,91.33
MVFR,167575,3602503.183333333,4.65
LIFR,81209,3602503.183333333,2.25
IFR,63622,3602503.183333333,1.77
