flight_category,minutes,total,pct
VFR,4060492.1666666665,4467654.166666666,90.89
MVFR,235141,4467654.166666666,5.26
IFR,86194,4467654.166666666,1.93
LIFR,85827,4467654.166666666,1.92
