flight_category,minutes,total,pct
VFR,5985141.8,6540056.966666667,91.52
MVFR,300123.0833333333,6540056.966666667,4.59
LIFR,141246,6540056.966666667,2.16
IFR,113546.08333333333,6540056.966666667,1.74
