flight_category,minutes,total,pct
VFR,3054964.033333333,3402075.033333333,89.8
MVFR,191602,3402075.033333333,5.63
LIFR,80583,3402075.033333333,2.37
IFR,74926,3402075.033333333,2.2
