flight_category,minutes,total,pct
VFR,4420193.233333333,4865726.233333333,90.84
MVFR,255704,4865726.233333333,5.26
LIFR,95521,4865726.233333333,1.96
IFR,94308,4865726.233333333,1.94
