flight_category,minutes,total,pct
VFR,3430729.5166666666,4048212.1166666667,84.75
MVFR,321470.6,4048212.1166666667,7.94
IFR,161110,4048212.1166666667,3.98
LIFR,134902,4048212.1166666667,3.33
