flight_category,minutes,total,pct
VFR,4575012.433333334,4956196.033333333,92.31
MVFR,208345.08333333334,4956196.033333333,4.2
LIFR,93441,4956196.033333333,1.89
IFR,79397.51666666666,4956196.033333333,1.6
