flight_category,minutes,total,pct
VFR,2938528.033333333,3277153.033333333,89.67
MVFR,185256,3277153.033333333,5.65
LIFR,79906,3277153.033333333,2.44
IFR,73463,3277153.033333333,2.24
