flight_category,minutes,total,pct
VFR,2489949.466666667,2887968.066666667,86.22
MVFR,219705.6,2887968.066666667,7.61
IFR,106611,2887968.066666667,3.69
LIFR,71702,2887968.066666667,2.48
