flight_category,minutes,total,pct
VFR,5068734.866666666,5509934.033333333,91.99
MVFR,235085.08333333334,5509934.033333333,4.27
LIFR,113303,5509934.033333333,2.06
IFR,92811.08333333333,5509934.033333333,1.68
