flight_category,minutes,total,pct
VFR,3726042.716666667,4225613.866666667,88.18
MVFR,295372.7166666667,4225613.866666667,6.99
IFR,127800.43333333333,4225613.866666667,3.02
LIFR,76398,4225613.866666667,1.81
