"icao","site","observed_utc","observed_local","flight_category","temp_c","dewpoint_c","wind_dir_deg","wind_kts","gust_kts","vis_sm","altimeter_hpa","raw_text","fetched_at_utc","fetched_at_local"
"CBBC","Bella Bella Arpt, BC, CA",2025-09-28 21:00:00,"2025-09-28 14:00:00","VFR",11,10,NA,2,NA,9,1005.8,"METAR CBBC 282100Z AUTO VRB02KT 9SM -RA OVC076 11/10 A2970 RMK SLP061",2025-09-28 21:50:50.771622,2025-09-28 17:50:50.77167
"CYAH","La Grande IV Arpt, QC, CA",2025-09-28 21:44:00,"2025-09-28 17:44:00","MVFR",7,6,260,18,23,5,1005.2,"SPECI CYAH 282144Z AUTO 26018G23KT 5SM -RA BR BKN015 OVC022 07/06 A2968 RMK SLP066",2025-09-28 21:51:03.784095,2025-09-28 17:51:03.784139
"CYBC","Baie Comeau Arpt, QC, CA",2025-09-28 21:35:00,"2025-09-28 17:35:00","VFR",12,10,300,4,NA,9,1008.5,"SPECI CYBC 282135Z AUTO 30004KT 240V340 9SM -RA BKN071 BKN089 12/10 A2978 RMK PRESRR SLP089",2025-09-28 21:51:03.790782,2025-09-28 17:51:03.790826
"CYAZ","Tofino Arpt, BC, CA",2025-09-28 21:30:00,"2025-09-28 14:30:00","IFR",14,13,120,18,31,1.75,1004.8,"SPECI CYAZ 282130Z 12018G31KT 1 3/4SM -RA BR OVC007 14/13 A2967 RMK SF8 SLP050 DENSITY ALT 300FT",2025-09-28 21:51:03.797582,2025-09-28 17:51:03.797637
"CYAM","Sault Ste Marie Arpt, ON, CA",2025-09-28 21:00:00,"2025-09-28 17:00:00","VFR",23,8,240,6,NA,25,1021.1,"METAR CYAM 282100Z 24006KT 25SM SKC 23/08 A3015 RMK SLP214 DENSITY ALT 1500FT",2025-09-28 21:51:03.805965,2025-09-28 17:51:03.80602
"CYAT","Attawapisket Arpt, ON, CA",2025-09-28 21:00:00,"2025-09-28 17:00:00","VFR",14,6,290,11,20,9,1011.9,"METAR CYAT 282100Z AUTO 29011G20KT 9SM OVC160 14/06 A2988 RMK SLP120",2025-09-28 21:51:03.81449,2025-09-28 17:51:03.81455
"CYBD","Bella Coola Arpt, BC, CA",2025-09-28 21:00:00,"2025-09-28 14:00:00","MVFR",9,9,NA,2,NA,3,1007.5,"METAR CYBD 282100Z VRB02KT 3SM -RA BR OVC045 09/09 A2975 RMK SC8 SLP077",2025-09-28 21:51:03.823177,2025-09-28 17:51:03.823238
"CWJC","Ennadai Lake(MAPS), NU, CA",2025-09-28 21:00:00,"2025-09-28 21:00:00",NA,7.8,3.8,NA,NA,NA,NA,NA,"METAR CWJC 282100Z AUTO 08/04 RMK AO1 20 3037 SLP121 T00780038",2025-09-28 21:51:03.831686,2025-09-28 17:51:03.831751
"CYAS","Kangirsuk Arpt, QC, CA",2025-09-28 21:00:00,"2025-09-28 17:00:00","VFR",2,1,80,16,NA,8,1005.8,"METAR CYAS 282100Z 08016KT 8SM SCT003 SCT050 OVC250 02/01 A2970 RMK ST3SC1CI4 VIS LWR S LST STFD/NXT OBS 291200Z SLP070",2025-09-28 21:51:03.840347,2025-09-28 17:51:03.840404
"CYAY","St Anthony Arpt, NL, CA",2025-09-28 21:00:00,"2025-09-28 18:30:00","VFR",12,7,200,3,NA,9,1008.2,"METAR CYAY 282100Z AUTO 20003KT 9SM OVC044 12/07 A2977 RMK SLP084",2025-09-28 21:51:03.848891,2025-09-28 17:51:03.848955
"CYBB","Pelly Bay/Kugaaruk Arpt, NU, CA",2025-09-28 21:00:00,"2025-09-28 15:00:00","VFR",3,2,240,5,NA,15,1013,"METAR CYBB 282100Z 24005KT 15SM FEW021 FEW110 OVC250 03/02 A2991 RMK SC1AC2CI6 SC TR SLP130",2025-09-28 21:51:03.85737,2025-09-28 17:51:03.857433
"CYBQ","Tadoule Lake Arpt, MB, CA",2025-09-28 21:44:00,"2025-09-28 16:44:00","VFR",10,9,280,9,15,9,1009.6,"SPECI CYBQ 282144Z AUTO 28009G15KT 9SM -RA FEW017 SCT023 BKN034 OVC055 10/09 A2981 RMK ICE MISG SLP109",2025-09-28 21:51:05.151987,2025-09-28 17:51:05.152032
"CYGL","La Grande Riviere Arpt, QC, CA",2025-09-28 21:42:00,"2025-09-28 17:42:00","IFR",6,6,280,20,29,2,1009.2,"SPECI CYGL 282142Z 28020G29KT 2SM -DZRA BKN008 OVC015 06/06 A2980 RMK SF5SC3 SLP104",2025-09-28 21:51:05.158848,2025-09-28 17:51:05.158896
"CYGR","Îles de la Madeleine Arpt, QC, CA",2025-09-28 21:39:00,"2025-09-28 18:39:00","IFR",18,14,220,16,28,2,1005.8,"SPECI CYGR 282139Z 22016G28KT 2SM +SHRA BKN032 18/14 A2970 RMK CU7 VIS HYR W SLP061 DENSITY ALT 700FT",2025-09-28 21:51:05.165466,2025-09-28 17:51:05.16551
"CYCB","Cambridge Bay Arpt, NU, CA",2025-09-28 21:33:00,"2025-09-28 15:33:00","IFR",4,3,360,16,22,15,1010.2,"SPECI CYCB 282133Z 36016G22KT 15SM VCSH OVC007 04/03 A2983 RMK SC8 CIG RAG VIS N-NE LWR VIS E 4 SLP104",2025-09-28 21:51:05.17202,2025-09-28 17:51:05.172066
"CYGW","Kuujjuarapik Arpt, QC, CA",2025-09-28 21:30:00,"2025-09-28 17:30:00","IFR",7,6,260,20,29,9,1004.1,"SPECI CYGW 282130Z AUTO 26020G29KT 9SM OVC009 07/06 A2965 RMK SLP044",2025-09-28 21:51:05.178609,2025-09-28 17:51:05.178654
"CYLW","Kelowna Arpt, BC, CA",2025-09-28 21:03:00,"2025-09-28 14:03:00","VFR",20,8,240,3,NA,9,1008.5,"SPECI CYLW 282103Z AUTO 24003KT 130V290 9SM CLR 20/08 A2978 RMK SLP084 DENSITY ALT 2500FT",2025-09-28 21:51:05.185338,2025-09-28 17:51:05.185382
"CYBW","Calgary/Springbank Arpt, AB, CA",2025-09-28 21:00:00,"2025-09-28 21:00:00","VFR",15,4,160,16,24,9,1016,"METAR CYBW 282100Z AUTO 16016G24KT 9SM CLR 15/04 A3000 RMK SLP176 DENSITY ALT 4800FT",2025-09-28 21:51:05.191839,2025-09-28 17:51:05.191883
"CYEG","Edmonton Intl Arpt, AB, CA",2025-09-28 21:00:00,"2025-09-28 15:00:00","VFR",15,1,120,8,NA,20,1016,"METAR CYEG 282100Z 12008KT 100V170 20SM FEW070 FEW120 FEW250 15/01 A3000 RMK AC1AC1CI1 UPR AC TR CONTRAILS SLP175 DENSITY ALT 2900FT",2025-09-28 21:51:05.198432,2025-09-28 17:51:05.198476
"CYCQ","Chetwynd Arpt, BC, CA",2025-09-28 21:00:00,"2025-09-28 14:00:00","VFR",9,2,30,5,NA,35,1011.9,"METAR CYCQ 282100Z 03005KT 340V070 35SM OVC160 09/02 A2988 RMK AS8 VIRGA SLP142",2025-09-28 21:51:05.205077,2025-09-28 17:51:05.205121
"CYEK","Arviat/Eskimo Pt Arpt, NU, CA",2025-09-28 21:00:00,"2025-09-28 16:00:00","MVFR",7,4,140,4,NA,9,1008.9,"METAR CYEK 282100Z AUTO 14004KT 9SM OVC025 07/04 A2979 RMK SLP090",2025-09-28 21:51:05.211705,2025-09-28 17:51:05.211749
"CYFO","Flin Flon Arpto, MB, CA",2025-09-28 21:00:00,"2025-09-28 16:00:00","VFR",18,1,300,13,19,15,1014,"METAR CYFO 282100Z 30013G19KT 15SM FEW040 FEW250 18/01 A2994 RMK CU1CI1 CU TR CI TR SLP148 DENSITY ALT 1700FT",2025-09-28 21:51:05.218241,2025-09-28 17:51:05.218315
"CYGE","Golden Arpt, BC, CA",2025-09-28 21:00:00,"2025-09-28 21:00:00","VFR",19,7,0,0,NA,NA,1011.3,"METAR CYGE 282100Z 00000KT 10SM FEW060 FEW066 SCT076 SCT240 19/07 A2986 RMK CF1CU1AC3CI1 CF TR CU TR VIS S LWR FU ALQDS SLP113 DENSITY ALT 3800FT",2025-09-28 21:51:05.224864,2025-09-28 17:51:05.22491
"CYHD","Dryden Rgnl, ON, CA",2025-09-28 21:00:00,"2025-09-28 16:00:00","VFR",25,8,240,11,17,9,1014,"METAR CYHD 282100Z AUTO 24011G17KT 9SM CLR 25/08 A2994 RMK SLP145 DENSITY ALT 2800FT",2025-09-28 21:51:05.231592,2025-09-28 17:51:05.231645
"CYKA","Kamloops Arpt, BC, CA",2025-09-28 21:00:00,"2025-09-28 14:00:00","VFR",18,7,110,8,NA,40,1007.5,"METAR CYKA 282100Z 11008KT 40SM FEW140 BKN220 18/07 A2975 RMK AC1CI6 AC TR SLP080 DENSITY ALT 2000FT",2025-09-28 21:51:05.238309,2025-09-28 17:51:05.238353
"CYLJ","Meadow Lake Arpt, SK, CA",2025-09-28 21:00:00,"2025-09-28 15:00:00","VFR",16,0,280,4,NA,15,1017.4,"METAR CYLJ 282100Z 28004KT 210V310 15SM FEW240 BKN350 16/00 A3004 RMK CI1CS4 SLP184 DENSITY ALT 2000FT",2025-09-28 21:51:05.244884,2025-09-28 17:51:05.244932
"CYMA","Mayo Arpt, YT, CA",2025-09-28 21:00:00,"2025-09-28 14:00:00","VFR",10,2,90,7,NA,20,1005.5,"METAR CYMA 282100Z 09007KT 20SM SCT054TCU SCT170 10/02 A2969 RMK TCU3AC1 SLP077",2025-09-28 21:51:05.251459,2025-09-28 17:51:05.251505
"CYBR","Brandon Arpt, MB, CA",2025-09-28 21:00:00,"2025-09-28 16:00:00","VFR",30,7,260,11,18,15,1011.3,"METAR CYBR 282100Z 26011G18KT 15SM FEW250 30/07 A2986 RMK CI1 CI TR SLP118 DENSITY ALT 3500FT",2025-09-28 21:51:05.270589,2025-09-28 17:51:05.270634
"CYGV","Havre St Pierre Arpt, QC, CA",2025-09-28 21:00:00,"2025-09-28 17:00:00","VFR",10,9,240,5,NA,9,1005.2,"METAR CYGV 282100Z AUTO 24005KT 9SM FEW040 BKN050 BKN076 OVC095 10/09 A2968 RMK SLP054",2025-09-28 21:51:05.27732,2025-09-28 17:51:05.277364
"CYKQ","Waskaganish Arpt, QC, CA",2025-09-28 21:00:00,"2025-09-28 17:00:00","VFR",13,7,310,7,NA,15,1013,"METAR CYKQ 282100Z 31007KT 270V350 15SM FEW030 SCT085 SCT200 13/07 A2991 RMK CU1AC4CI1 CU TR CI TR LAST STFD OBS/NEXT 291300UTC SLP130",2025-09-28 21:51:05.283905,2025-09-28 17:51:05.283951
"CYKP","Ogoki Post, ON, CA",2025-09-28 21:00:00,"2025-09-28 17:00:00","VFR",19,5,290,8,NA,9,1014,"METAR CYKP 282100Z AUTO 29008KT 9SM CLR 19/05 A2994 RMK SLP140 DENSITY ALT 1300FT",2025-09-28 21:51:05.290489,2025-09-28 17:51:05.290532
"CYLH","Lansdowne House Arpt, ON, CA",2025-09-28 21:00:00,"2025-09-28 17:00:00","VFR",19,5,260,7,NA,9,1014,"METAR CYLH 282100Z AUTO 26007KT 9SM CLR 19/05 A2994 RMK SLP146 DENSITY ALT 1500FT",2025-09-28 21:51:05.297096,2025-09-28 17:51:05.297142
"CYHZ","Halifax/Stanfield Intl, NS, CA",2025-09-28 21:00:00,"2025-09-28 18:00:00","VFR",19,15,200,9,19,15,1013,"METAR CYHZ 282100Z 20009G19KT 15SM FEW250 19/15 A2991 RMK CI1 CI TR SLP133 DENSITY ALT 1200FT",2025-09-28 21:51:05.303727,2025-09-28 17:51:05.303771
"CYEV","Inuvik/Zubko Arpt, NT, CA",2025-09-28 21:00:00,"2025-09-28 15:00:00","VFR",1,0,60,6,NA,NA,1008.9,"METAR CYEV 282100Z 06006KT 10SM FEW016 OVC033 01/00 A2979 RMK SC2SC6 BR SLP096",2025-09-28 21:51:05.310404,2025-09-28 17:51:05.310449
"CYHE","Hope Rgnl Airpark, BC, CA",2025-09-28 21:00:00,"2025-09-28 14:00:00","VFR",21,10,140,4,NA,9,1006.2,"METAR CYHE 282100Z AUTO 14004KT 060V180 9SM CLR 21/10 A2971 RMK ICE MISG SLP063 DENSITY ALT 1200FT",2025-09-28 21:51:05.316917,2025-09-28 17:51:05.316961
"CYHU","Montreal/St Hubert, QC, CA",2025-09-28 21:00:00,"2025-09-28 17:00:00","VFR",25,5,290,13,18,9,1016.3,"METAR CYHU 282100Z AUTO 29013G18KT 9SM CLR 25/05 A3001 RMK SLP165 DENSITY ALT 1200FT",2025-09-28 21:51:05.323489,2025-09-28 17:51:05.323534
"CYHY","Hay River/Carter Arpt, NT, CA",2025-09-28 21:00:00,"2025-09-28 15:00:00","MVFR",14,5,60,4,NA,5,1013,"METAR CYHY 282100Z 06004KT 320V090 5SM FU SCT037 14/05 A2991 RMK FU2SC1 SLP136",2025-09-28 21:51:05.330004,2025-09-28 17:51:05.33005
"CYKJ","Key Lake Arpt, SK, CA",2025-09-28 21:00:00,"2025-09-28 15:00:00","VFR",14,3,300,12,21,9,1014.6,"METAR CYKJ 282100Z AUTO 30012G21KT 260V320 9SM FEW042 14/03 A2996 RMK SLP165 DENSITY ALT 1900FT",2025-09-28 21:51:05.336601,2025-09-28 17:51:05.336644
"CYLU","Kangiksualujjuaq Arpt, QC, CA",2025-09-28 21:00:00,"2025-09-28 17:00:00","VFR",6,0,130,4,NA,15,1005.2,"METAR CYLU 282100Z 13004KT 15SM FEW039 BKN230 06/M00 A2968 RMK SC1CS6 LAST STFD OBS/NEXT 291200 UTC SLP055",2025-09-28 21:51:05.343099,2025-09-28 17:51:05.343142
"CYDQ","Dawson Creek Arpt, BC, CA",2025-09-28 21:00:00,"2025-09-28 14:00:00","VFR",11,-1,90,5,NA,9,1012.3,"METAR CYDQ 282100Z AUTO 09005KT 070V160 9SM CLR 11/M01 A2989 RMK SLP143",2025-09-28 21:51:05.349601,2025-09-28 17:51:05.349646
"CYDP","Nain Arpt, NL, CA",2025-09-28 21:00:00,"2025-09-28 18:00:00","VFR",5,3,70,10,NA,15,1006.9,"METAR CYDP 282100Z 07010KT 15SM FEW008 OVC048 05/03 A2973 RMK SF1SC8 TR SF SLP070",2025-09-28 21:51:05.356121,2025-09-28 17:51:05.356165
"CYCK","Chatham/Kent Arpt, ON, CA",2025-09-28 21:00:00,"2025-09-28 17:00:00","VFR",24,13,150,5,NA,9,1021.4,"METAR CYCK 282100Z AUTO 15005KT 9SM CLR 24/13 A3016 RMK SLP215 DENSITY ALT 1700FT",2025-09-28 21:51:05.362657,2025-09-28 17:51:05.362701
"CYCA","Cartwright Arpt, NL, CA",2025-09-28 21:00:00,"2025-09-28 18:00:00","VFR",7,4,NA,4,NA,9,1007.5,"METAR CYCA 282100Z AUTO VRB04KT 9SM OVC040 07/04 A2975 RMK SLP076",2025-09-28 21:51:05.3695,2025-09-28 17:51:05.369545
"CYBK","Baker Lake Arpt, NU, CA",2025-09-28 21:00:00,"2025-09-28 16:00:00","MVFR",6,3,160,10,NA,20,1008.9,"METAR CYBK 282100Z 16010KT 20SM BKN018 OVC025 06/03 A2979 RMK SC6SC2 SLP090",2025-09-28 21:51:05.37604,2025-09-28 17:51:05.376085
"CYDN","Dauphin Arpt, MB, CA",2025-09-28 21:00:00,"2025-09-28 16:00:00","VFR",29,10,300,12,21,9,1009.9,"METAR CYDN 282100Z AUTO 30012G21KT 9SM CLR 29/10 A2982 RMK SLP104 DENSITY ALT 3000FT",2025-09-28 21:51:05.382605,2025-09-28 17:51:05.382649
"CYBG","Bagotville(MIL), QC, CA",2025-09-28 21:00:00,"2025-09-28 17:00:00","VFR",19,4,290,22,29,25,1012.3,"METAR CYBG 282100Z 29022G29KT 25SM SCT075 19/04 A2989 RMK AC3 DENSITY ALT 1271FT SLP127",2025-09-28 21:51:05.389232,2025-09-28 17:51:05.389295
"CYFB","Iqaluit Arpt, NU, CA",2025-09-28 21:00:00,"2025-09-28 17:00:00","VFR",5,-1,320,8,NA,30,1009.2,"METAR CYFB 282100Z 32008KT 30SM FEW025 FEW240 05/M01 A2980 RMK SC1CI1 SC TR SLP096",2025-09-28 21:51:05.395815,2025-09-28 17:51:05.395884
"CYFC","Fredericton Intl, NB, CA",2025-09-28 21:00:00,"2025-09-28 18:00:00","VFR",25,14,300,11,25,9,1009.6,"METAR CYFC 282100Z AUTO 30011G25KT 260V330 9SM BKN060 BKN084 BKN100 25/14 A2981 RMK SLP096 DENSITY ALT 1400FT",2025-09-28 21:51:05.416054,2025-09-28 17:51:05.416098
"CYCD","Nanaimo Arpt, BC, CA",2025-09-28 21:00:00,"2025-09-28 14:00:00","VFR",18,12,140,6,NA,20,1006.9,"METAR CYCD 282100Z 14006KT 070V150 20SM SCT068 BKN190 BKN220 18/12 A2973 RMK AC3CI2CI2 SLP069 DENSITY ALT 700FT",2025-09-28 21:51:05.422638,2025-09-28 17:51:05.422681
"CYCG","Castlegar Rgnl, BC, CA",2025-09-28 21:00:00,"2025-09-28 14:00:00","VFR",22,7,0,0,NA,NA,1009.9,"METAR CYCG 282100Z 00000KT 10SM FEW150 SCT180 BKN240 22/07 A2982 RMK AC1AC3CI3 AC TR FU SLP101 DENSITY ALT 3000FT",2025-09-28 21:51:05.429312,2025-09-28 17:51:05.429363
"CYCO","Coppermine/Kugluktuk Arpt, NU, CA",2025-09-28 21:00:00,"2025-09-28 15:00:00","MVFR",4,2,0,0,NA,15,1014.6,"METAR CYCO 282100Z 00000KT 15SM FEW007 BKN011 OVC020 04/02 A2996 RMK SF2SC5SC1 SLP151",2025-09-28 21:51:05.435972,2025-09-28 17:51:05.436018
"CYCP","Blue River Arpt, BC, CA",2025-09-28 21:00:00,"2025-09-28 21:00:00","VFR",12,8,60,3,NA,15,1010.9,"METAR CYCP 282100Z 06003KT 350V080 15SM FEW012 FEW060 SCT190 BKN350 12/08 A2985 RMK ST1CU1AC2CI2 SLP121 DENSITY ALT 2600FT",2025-09-28 21:51:05.442646,2025-09-28 17:51:05.442698
"CYCY","Cylde River Arpt, NU, CA",2025-09-28 21:00:00,"2025-09-28 17:00:00","VFR",3,-1,30,3,NA,9,1010.9,"METAR CYCY 282100Z AUTO 03003KT 360V060 9SM CLR 03/M01 A2985 RMK SLP112",2025-09-28 21:51:05.449293,2025-09-28 17:51:05.449341
"CYDA","Dawson Arpt, YT, CA",2025-09-28 21:00:00,"2025-09-28 14:00:00","VFR",8,5,60,4,NA,20,1004.8,"METAR CYDA 282100Z 06004KT 030V100 20SM FEW007 SCT018 OVC047 08/05 A2967 RMK ST1SC3SC4 SLP066",2025-09-28 21:51:05.455871,2025-09-28 17:51:05.455913
"CYDB","Burwash Arpt, YT, CA",2025-09-28 21:00:00,"2025-09-28 14:00:00","VFR",7,0,120,13,22,15,1001.8,"METAR CYDB 282100Z 12013G22KT 15SM FEW005 FEW045 SCT160 BKN230 07/M00 A2958 RMK SF1CU1AC3CI3 SF TR AC LENT NE-SE SLP052",2025-09-28 21:51:05.462499,2025-09-28 17:51:05.462543
"CYDC","Princeton Arpt, BC, CA",2025-09-28 21:00:00,"2025-09-28 21:00:00","VFR",20,5,NA,3,NA,15,1007.5,"METAR CYDC 282100Z VRB03KT 15SM SCT049 SCT068 SCT150 BKN250 BKN290 20/05 A2975 RMK FU3CU1AC1CI3CC1 CU TR CC TR FU/CONTRAILS SLP069 DENSITY ALT 3600FT",2025-09-28 21:51:05.469239,2025-09-28 17:51:05.469304
"CYDF","Deer Lake Arpt, NL, CA",2025-09-28 21:00:00,"2025-09-28 18:30:00","VFR",15,8,230,5,NA,15,1008.2,"METAR CYDF 282100Z 23005KT 15SM FEW040 BKN075 15/08 A2977 RMK SC1AC6 PRESFR SLP083 DENSITY ALT 300FT",2025-09-28 21:51:05.475835,2025-09-28 17:51:05.47588
"CYEN","Estevan Arpt, SK, CA",2025-09-28 21:00:00,"2025-09-28 15:00:00","VFR",29,5,360,5,NA,9,1012.3,"METAR CYEN 282100Z AUTO 36005KT 290V030 9SM CLR 29/05 A2989 RMK SLP128 DENSITY ALT 4000FT",2025-09-28 21:51:05.482458,2025-09-28 17:51:05.482502
"CYET","Edson Arpt, AB, CA",2025-09-28 21:00:00,"2025-09-28 15:00:00","VFR",11,5,110,11,17,9,1013.3,"METAR CYET 282100Z AUTO 11011G17KT 090V160 9SM OVC035 11/05 A2992 RMK SLP154 DENSITY ALT 3400FT",2025-09-28 21:51:05.48894,2025-09-28 17:51:05.489007
"CYFS","Fort Simpson Arpt, NT, CA",2025-09-28 21:00:00,"2025-09-28 15:00:00","VFR",8,6,NA,2,NA,15,1011.9,"METAR CYFS 282100Z VRB02KT 15SM SCT008 08/06 A2988 RMK SF4 SLP129",2025-09-28 21:51:05.49566,2025-09-28 17:51:05.495705
"CYGK","Kingston Arpt, ON, CA",2025-09-28 21:00:00,"2025-09-28 17:00:00","VFR",25,6,340,6,NA,15,1019.4,"METAR CYGK 282100Z 34006KT 310V010 15SM SKC 25/06 A3010 RMK SLP195 DENSITY ALT 1400FT",2025-09-28 21:51:05.502285,2025-09-28 17:51:05.502333
"CYGP","Gaspé Arpt, QC, CA",2025-09-28 21:00:00,"2025-09-28 17:00:00","VFR",15,11,260,9,NA,15,1005.8,"METAR CYGP 282100Z 26009KT 15SM FEW025 FEW040TCU FEW140 FEW220 15/11 A2970 RMK CU1TCU1AC1CI1 CU TR CI TR TCU E SLP062 DENSITY ALT 400FT",2025-09-28 21:51:05.508835,2025-09-28 17:51:05.508879
"CYHI","Ulukhaktok/Holman Arpt, NT, CA",2025-09-28 21:00:00,"2025-09-28 15:00:00","VFR",2,0,320,7,NA,15,1014.3,"METAR CYHI 282100Z 32007KT 300V360 15SM PRFG SCT009 BKN130 02/M00 A2995 RMK SF4AC2 CIG RAG/VIS S 8/FG PTCH S-W-N SLP147",2025-09-28 21:51:05.515376,2025-09-28 17:51:05.51542
"CYHK","Gjoa Haven Arpt, NU, CA",2025-09-28 21:00:00,"2025-09-28 15:00:00","VFR",4,3,160,7,NA,9,1011.3,"METAR CYHK 282100Z AUTO 16007KT 9SM CLR 04/03 A2986 RMK SLP119",2025-09-28 21:51:05.521837,2025-09-28 17:51:05.52188
"CYIK","Ivujivik Arpt, QC, CA",2025-09-28 21:00:00,"2025-09-28 17:00:00","VFR",3,1,40,11,NA,15,1005.5,"METAR CYIK 282100Z 04011KT 15SM SCT039 BKN150 OVC180 03/01 A2969 RMK CU4AC3AS1 LST STFD OB/NXT 291200Z SLP059",2025-09-28 21:51:05.528395,2025-09-28 17:51:05.52844
"CYIO","Pond Inlet Arpt, NU, CA",2025-09-28 21:00:00,"2025-09-28 17:00:00","VFR",1,-1,NA,2,NA,9,1011.6,"METAR CYIO 282100Z AUTO VRB02KT 9SM OVC100 01/M01 A2987 RMK SLP123",2025-09-28 21:51:05.535127,2025-09-28 17:51:05.535171
"CYIV","Island Lake Arpt, MB, CA",2025-09-28 21:00:00,"2025-09-28 16:00:00","VFR",15,8,80,3,NA,9,1012.3,"METAR CYIV 282100Z AUTO 08003KT 9SM OVC110 15/08 A2989 RMK SLP132 DENSITY ALT 1000FT",2025-09-28 21:51:05.554018,2025-09-28 17:51:05.554062
"CYKY","Kindersley Arpt, SK, CA",2025-09-28 21:00:00,"2025-09-28 15:00:00","VFR",18,1,40,4,NA,15,1017.4,"METAR CYKY 282100Z 04004KT 320V110 15SM FEW120 FEW240 18/01 A3004 RMK AC1CI2 AC TR SLP182 DENSITY ALT 3100FT",2025-09-28 21:51:05.560694,2025-09-28 17:51:05.560741
"CYLD","Chapleau Arpt, ON, CA",2025-09-28 21:00:00,"2025-09-28 17:00:00","VFR",22,7,230,12,20,15,1019,"METAR CYLD 282100Z 23012G20KT 200V270 15SM SKC 22/07 A3009 RMK SLP200 DENSITY ALT 2400FT",2025-09-28 21:51:05.567317,2025-09-28 17:51:05.567361
"CYLK","Lutselke Arpt, NT, CA",2025-09-28 21:00:00,"2025-09-28 15:00:00","VFR",9,6,NA,2,NA,20,1012.6,"METAR CYLK 282100Z VRB02KT 20SM SCT017 OVC040 09/06 A2990 RMK SC4SC4 CIG RAG SLP136",2025-09-28 21:51:05.574013,2025-09-28 17:51:05.574058
"CYLL","Lloydminster Arpt, AB, CA",2025-09-28 21:00:00,"2025-09-28 15:00:00","VFR",16,-1,280,4,NA,15,1017.7,"METAR CYLL 282100Z 28004KT 260V040 15SM SCT210 16/M01 A3005 RMK CI3 SLP188 DENSITY ALT 2700FT",2025-09-28 21:51:05.580693,2025-09-28 17:51:05.580738
"CYHM","Hamilton/Munro Intl, ON, CA",2025-09-28 21:00:00,"2025-09-28 17:00:00","VFR",24,7,20,6,NA,15,1021.4,"METAR CYHM 282100Z 02006KT 350V060 15SM SKC 24/07 A3016 RMK SLP214 DENSITY ALT 1800FT",2025-09-28 21:51:05.587221,2025-09-28 17:51:05.587281
"CYKF","Waterloo Intl, ON, CA",2025-09-28 21:00:00,"2025-09-28 17:00:00","VFR",24,6,360,5,NA,9,1021.8,"METAR CYKF 282100Z AUTO 36005KT 9SM CLR 24/06 A3017 RMK SLP216 DENSITY ALT 2000FT",2025-09-28 21:51:05.593775,2025-09-28 17:51:05.59382
"CYBL","Campbell River Arpt, BC, CA",2025-09-28 21:00:00,"2025-09-28 14:00:00","IFR",13,11,100,6,NA,6,1006.2,"METAR CYBL 282100Z 10006KT 050V120 6SM BR FEW002 BKN006 BKN018 OVC140 13/11 A2971 RMK SF1SF5SC1AC2 SF TR SLP063",2025-09-28 21:51:05.600365,2025-09-28 17:51:05.60041
"CYBX","Blanc Sablon Arpt, QC, CA",2025-09-28 21:00:00,"2025-09-28 17:00:00","VFR",10,7,0,0,NA,15,1007.5,"METAR CYBX 282100Z 00000KT 15SM FEW040 FEW220 SCT250 10/07 A2975 RMK SC1CC1CI1 SLP078",2025-09-28 21:51:05.606979,2025-09-28 17:51:05.607024
"CYER","Ft Severn Arpt, ON, CA",2025-09-28 21:00:00,"2025-09-28 17:00:00","VFR",12,6,240,6,NA,9,1010.2,"METAR CYER 282100Z AUTO 24006KT 9SM SCT066 OVC086 12/06 A2983 RMK SLP103",2025-09-28 21:51:05.613651,2025-09-28 17:51:05.613695
"CYBU","Nipawin(AUTO), SK, CA",2025-09-28 21:00:00,"2025-09-28 21:00:00","VFR",20,2,330,6,NA,9,1015.7,"METAR CYBU 282100Z AUTO 33006KT 9SM CLR 20/02 A2999 RMK SLP166 DENSITY ALT 2000FT",2025-09-28 21:51:05.620392,2025-09-28 17:51:05.620437
"CYDL","Dease Lake Arpt, BC, CA",2025-09-28 21:00:00,"2025-09-28 14:00:00","VFR",11,-4,130,4,NA,9,1006.9,"METAR CYDL 282100Z AUTO 13004KT 100V190 9SM CLR 11/M04 A2973 RMK SLP087 DENSITY ALT 3000FT",2025-09-28 21:51:05.627012,2025-09-28 17:51:05.627056
"CYNA","Natashquan Arpt, QC, CA",2025-09-28 21:39:00,"2025-09-28 17:39:00","VFR",10,10,250,2,NA,6,1004.5,"SPECI CYNA 282139Z AUTO 25002KT 6SM BR FEW032 BKN049 OVC060 10/10 A2966 RMK SLP047",2025-09-28 21:51:06.886794,2025-09-28 17:51:06.886838
"CYPW","Powell River Arpt, BC, CA",2025-09-28 21:38:00,"2025-09-28 14:38:00","IFR",14,13,130,6,NA,20,1006.9,"SPECI CYPW 282138Z 13006KT 090V150 20SM BKN008 BKN017 OVC150 14/13 A2973 RMK SC6SC1AC1 VIS N-E 3 LO CLD BR CIG VRB 6-10 SLP070 DENSITY ALT 700FT",2025-09-28 21:51:06.89362,2025-09-28 17:51:06.893668
"CYRB","Resolute Bay Arpt, NU, CA",2025-09-28 21:37:00,"2025-09-28 16:37:00","LIFR",-8,-9,340,7,NA,9,1014.3,"SPECI CYRB 282137Z 34007KT 9SM OVC003 M08/M09 A2995 RMK ST8 SLP153",2025-09-28 21:51:06.900292,2025-09-28 17:51:06.900341
"CYWH","Victoria Harbour Arpt, BC, CA",2025-09-28 21:32:00,"2025-09-28 14:32:00","VFR",13,12,210,4,NA,15,1007.5,"SPECI CYWH 282132Z 21004KT 15SM SCT008 BKN160 OVC220 13/12 A2975 RMK SF3AC4CI1 SLP075",2025-09-28 21:51:06.922338,2025-09-28 17:51:06.922383
"CYPH","Inukjuak Arpt, QC, CA",2025-09-28 21:23:00,"2025-09-28 17:23:00","MVFR",8,7,150,6,NA,7,999.4,"SPECI CYPH 282123Z AUTO 15006KT 7SM SCT006 OVC013 08/07 A2951 RMK SLP995",2025-09-28 21:51:06.929076,2025-09-28 17:51:06.929119
"CYUX","Hall Beach Arpt, NU, CA",2025-09-28 21:21:00,"2025-09-28 17:21:00","LIFR",0,0,150,2,NA,6,1013,"SPECI CYUX 282121Z 15002KT 6SM BR OVC002 00/00 A2991 RMK ST8 SLP130",2025-09-28 21:51:06.935982,2025-09-28 17:51:06.936026
"CYTE","Cape Dorset Arpt, NU, CA",2025-09-28 21:21:00,"2025-09-28 17:21:00","VFR",2,2,80,10,NA,9,1009.2,"SPECI CYTE 282121Z AUTO 08010KT 9SM CLR 02/02 A2980 RMK SLP097",2025-09-28 21:51:06.942952,2025-09-28 17:51:06.942996
"CYQI","Yarmouth Arpt, NS, CA",2025-09-28 21:00:00,"2025-09-28 18:00:00","VFR",17,16,230,11,NA,15,1014.6,"METAR CYQI 282100Z 23011KT 15SM FEW006 FEW012 SCT250 17/16 A2996 RMK SF2SC1CI2 SC TR SLP148 DENSITY ALT 400FT",2025-09-28 21:51:06.950028,2025-09-28 17:51:06.950073
"CYPE","Peace River Arpt, AB, CA",2025-09-28 21:00:00,"2025-09-28 15:00:00","VFR",12,1,200,3,NA,9,1014.3,"METAR CYPE 282100Z AUTO 20003KT 100V240 9SM SCT150 SCT170 12/01 A2995 RMK SLP160",2025-09-28 21:51:06.956934,2025-09-28 17:51:06.956977
"CYQB","Quebec/Lesage Intl, QC, CA",2025-09-28 21:00:00,"2025-09-28 17:00:00","VFR",22,7,260,14,NA,30,1014,"METAR CYQB 282100Z 26014KT 30SM FEW072 22/07 A2994 RMK AC1 SLP142 DENSITY ALT 1100FT",2025-09-28 21:51:06.963698,2025-09-28 17:51:06.963746
"CYRL","Red Lake Arpt, ON, CA",2025-09-28 21:00:00,"2025-09-28 16:00:00","VFR",24,9,220,8,NA,15,1011.9,"METAR CYRL 282100Z 22008KT 15SM SKC 24/09 A2988 RMK SLP123 DENSITY ALT 2700FT",2025-09-28 21:51:06.970472,2025-09-28 17:51:06.970515
"CYTL","Big Trout Lake Arpt, ON, CA",2025-09-28 21:00:00,"2025-09-28 16:00:00","VFR",15,8,340,5,NA,9,1013.6,"METAR CYTL 282100Z AUTO 34005KT 300V020 9SM OVC110 15/08 A2993 RMK SLP144",2025-09-28 21:51:06.977197,2025-09-28 17:51:06.97724
"CYVP","Kuujjuaq Arpt, QC, CA",2025-09-28 21:00:00,"2025-09-28 17:00:00","MVFR",8,4,90,7,NA,15,1003.1,"METAR CYVP 282100Z 09007KT 15SM BKN024 BKN040 08/04 A2962 RMK SC6SC1 SLP036",2025-09-28 21:51:06.98386,2025-09-28 17:51:06.983904
"CYOO","Oshawa Arpt, ON, CA",2025-09-28 21:00:00,"2025-09-28 17:00:00","VFR",24,8,330,8,NA,9,1020.7,"METAR CYOO 282100Z AUTO 33008KT 300V360 9SM CLR 24/08 A3014 RMK SLP209 DENSITY ALT 1400FT",2025-09-28 21:51:06.990503,2025-09-28 17:51:06.990548
"CYPL","Pickle Lake Arpt, ON, CA",2025-09-28 21:00:00,"2025-09-28 16:00:00","VFR",22,1,250,5,15,9,1013.6,"METAR CYPL 282100Z AUTO 25005G15KT 210V270 9SM CLR 22/01 A2993 RMK SLP141 DENSITY ALT 2400FT",2025-09-28 21:51:06.997126,2025-09-28 17:51:06.997177
"CYPO","Peawanuck Arpt, ON, CA",2025-09-28 21:00:00,"2025-09-28 17:00:00","VFR",11,4,280,10,15,9,1010.9,"METAR CYPO 282100Z AUTO 28010G15KT 9SM OVC036 11/04 A2985 RMK SLP112",2025-09-28 21:51:07.003723,2025-09-28 17:51:07.003767
"CYQA","Muskoka Arpt, ON, CA",2025-09-28 21:00:00,"2025-09-28 17:00:00","VFR",22,6,280,6,NA,9,1021.1,"METAR CYQA 282100Z AUTO 28006KT 250V330 9SM CLR 22/06 A3015 RMK ICE MISG SLP213 DENSITY ALT 1700FT",2025-09-28 21:51:07.010439,2025-09-28 17:51:07.010483
"CYQK","Kenora Arpt, ON, CA",2025-09-28 21:00:00,"2025-09-28 16:00:00","VFR",23,9,210,13,19,20,1014,"METAR CYQK 282100Z 21013G19KT 20SM SKC 23/09 A2994 RMK SLP142 DENSITY ALT 2600FT",2025-09-28 21:51:07.017003,2025-09-28 17:51:07.017047
"CYRQ","Trois-Rivières, QC, CA",2025-09-28 21:00:00,"2025-09-28 17:00:00","VFR",23,5,300,6,NA,9,1015.3,"METAR CYRQ 282100Z AUTO 30006KT 240V330 9SM CLR 23/05 A2998 RMK SLP155 DENSITY ALT 1200FT",2025-09-28 21:51:07.023627,2025-09-28 17:51:07.023679
"CYSC","Sherbrooke Arpt, QC, CA",2025-09-28 21:00:00,"2025-09-28 17:00:00","VFR",22,6,300,16,21,9,1016,"METAR CYSC 282100Z AUTO 30016G21KT 9SM FEW240 22/06 A3000 RMK SLP164 DENSITY ALT 1700FT",2025-09-28 21:51:07.030313,2025-09-28 17:51:07.030358
"CYPD","Port Hawkesbury Arpt, NS, CA",2025-09-28 21:00:00,"2025-09-28 18:00:00","VFR",19,11,210,6,15,9,1011.9,"METAR CYPD 282100Z AUTO 21006G15KT 9SM CLR 19/11 A2988 RMK SLP123 DENSITY ALT 1000FT",2025-09-28 21:51:07.037214,2025-09-28 17:51:07.037259
"CYOJ","High Level Arpt, AB, CA",2025-09-28 21:00:00,"2025-09-28 15:00:00","VFR",15,0,200,7,NA,15,1014,"METAR CYOJ 282100Z 20007KT 15SM FEW040 BKN260 15/M00 A2994 RMK SF1CI7 SF TR SLP154 DENSITY ALT 1400FT",2025-09-28 21:51:07.044232,2025-09-28 17:51:07.044296
"CYSF","Stony Rapids Arpt, SK, CA",2025-09-28 21:00:00,"2025-09-28 15:00:00","VFR",15,6,260,14,NA,9,1012.3,"METAR CYSF 282100Z AUTO 26014KT 9SM FEW038 15/06 A2989 RMK SLP135",2025-09-28 21:51:07.063767,2025-09-28 17:51:07.063816
"CYSM","Fort Smith Arpt, NT, CA",2025-09-28 21:00:00,"2025-09-28 15:00:00","MVFR",15,4,NA,4,NA,3,1013.3,"METAR CYSM 282100Z VRB04KT 3SM FU SCT045 15/04 A2992 RMK FU1CU2 SLP141 DENSITY ALT 900FT",2025-09-28 21:51:07.071005,2025-09-28 17:51:07.07105
"CYMH","Mary's Harbor Arpt, NL, CA",2025-09-28 21:00:00,"2025-09-28 18:30:00","VFR",8,6,240,3,NA,9,1007.2,"METAR CYMH 282100Z AUTO 24003KT 9SM CLR 08/06 A2974 RMK SLP073",2025-09-28 21:51:07.077642,2025-09-28 17:51:07.077685
"CYMX","Montreal/Mirabel Arpt, QC, CA",2025-09-28 21:00:00,"2025-09-28 17:00:00","VFR",23,5,310,7,NA,30,1017,"METAR CYMX 282100Z 31007KT 250V340 30SM FEW250 23/05 A3003 RMK CI1 CI TR SLP171 DENSITY ALT 1200FT",2025-09-28 21:51:07.084323,2025-09-28 17:51:07.084368
"CYOW","Ottawa/Cartier Intl, ON, CA",2025-09-28 21:00:00,"2025-09-28 17:00:00","VFR",23,7,280,9,NA,15,1018.7,"METAR CYOW 282100Z 28009KT 15SM SKC 23/07 A3008 RMK SLP187 DENSITY ALT 1300FT",2025-09-28 21:51:07.091119,2025-09-28 17:51:07.091166
"CYQG","Windsor Intl, ON, CA",2025-09-28 21:00:00,"2025-09-28 17:00:00","VFR",25,13,60,7,NA,9,1021.8,"METAR CYQG 282100Z AUTO 06007KT 9SM CLR 25/13 A3017 RMK SLP218 DENSITY ALT 1700FT",2025-09-28 21:51:07.097898,2025-09-28 17:51:07.097942
"CYQM","Moncton Intl, NB, CA",2025-09-28 21:00:00,"2025-09-28 18:00:00","VFR",22,14,220,15,24,15,1008.5,"METAR CYQM 282100Z 22015G24KT 15SM FEW038TCU SCT057 BKN099 BKN260 22/14 A2978 RMK TCU1SC3AC3CI1 TCU TR SH SW AND NW TCU CLD NE SLP088 DENSITY ALT 1300FT",2025-09-28 21:51:07.104603,2025-09-28 17:51:07.104648
"CYQQ","Comox(MIL), BC, CA",2025-09-28 21:00:00,"2025-09-28 14:00:00","VFR",14,11,140,5,NA,20,1006.5,"METAR CYQQ 282100Z 14005KT 090V180 20SM FEW013 FEW040 SCT070 OVC170 14/11 A2972 RMK SC1CU1AC3AS5 DENSITY ALT 409FT SLP065",2025-09-28 21:51:07.111253,2025-09-28 17:51:07.111319
"CYQX","Gander Intl Arpt, NL, CA",2025-09-28 21:00:00,"2025-09-28 18:30:00","VFR",14,8,190,4,NA,20,1010.9,"METAR CYQX 282100Z 19004KT 20SM SCT047 SCT120 14/08 A2985 RMK CU3AC1 AC TR SLP112",2025-09-28 21:51:07.117922,2025-09-28 17:51:07.117965
"CYQY","Sydney Arpt, NS, CA",2025-09-28 21:00:00,"2025-09-28 18:00:00","VFR",17,12,220,10,18,15,1011.6,"METAR CYQY 282100Z 22010G18KT 15SM SCT042 SCT063 17/12 A2987 RMK SC3SC1 SLP117 DENSITY ALT 600FT",2025-09-28 21:51:07.12461,2025-09-28 17:51:07.124655
"CYTR","Trenton(MIL), ON, CA",2025-09-28 21:00:00,"2025-09-28 17:00:00","VFR",25,8,330,4,NA,15,1019.7,"METAR CYTR 282100Z 33004KT 310V020 15SM SKC 25/08 A3011 RMK DENSITY ALT 1438FT SLP196",2025-09-28 21:51:07.131199,2025-09-28 17:51:07.131242
"CYUL","Montreal/Trudeau Intl, QC, CA",2025-09-28 21:00:00,"2025-09-28 17:00:00","VFR",24,5,310,13,NA,30,1016.7,"METAR CYUL 282100Z 31013KT 30SM FEW250 24/05 A3002 RMK CI1 CI TR SLP168 DENSITY ALT 1100FT",2025-09-28 21:51:07.137849,2025-09-28 17:51:07.137894
"CYUY","Rouyn/Noranda Arpt, QC, CA",2025-09-28 21:00:00,"2025-09-28 17:00:00","VFR",22,5,250,13,NA,15,1015.7,"METAR CYUY 282100Z 25013KT 15SM SKC 22/05 A2999 RMK SLP162 DENSITY ALT 2000FT",2025-09-28 21:51:07.144518,2025-09-28 17:51:07.144563
"CYVR","Vancouver Intl, BC, CA",2025-09-28 21:00:00,"2025-09-28 14:00:00","VFR",17,14,190,8,NA,20,1006.9,"METAR CYVR 282100Z 19008KT 20SM FEW020 FEW080 BKN220 17/14 A2973 RMK SC1AC1CS7 SC TR AC TR SLP071 DENSITY ALT 500FT",2025-09-28 21:51:07.151183,2025-09-28 17:51:07.151227
"CYWG","Winnipeg Intl Arpt, MB, CA",2025-09-28 21:00:00,"2025-09-28 16:00:00","VFR",27,11,190,12,17,15,1011.3,"METAR CYWG 282100Z 19012G17KT 15SM SKC 27/11 A2986 RMK SLP117 DENSITY ALT 2500FT",2025-09-28 21:51:07.157917,2025-09-28 17:51:07.15796
"CYWK","Wabush Lake Arpt, NL, CA",2025-09-28 21:00:00,"2025-09-28 18:00:00","VFR",9,7,250,8,NA,15,1001.4,"METAR CYWK 282100Z 25008KT 15SM -SHRA SCT015 OVC033 09/07 A2957 RMK CU3SC5 SLP031",2025-09-28 21:51:07.164607,2025-09-28 17:51:07.16465
"CYWJ","Déline Arpt, NT, CA",2025-09-28 21:00:00,"2025-09-28 15:00:00","MVFR",4,3,100,6,NA,15,1010.6,"METAR CYWJ 282100Z 10006KT 15SM SCT008 OVC010 04/03 A2984 RMK ST4ST4 SLP120",2025-09-28 21:51:07.171245,2025-09-28 17:51:07.171311
"CYWL","Williams Lake Rgnl, BC, CA",2025-09-28 21:00:00,"2025-09-28 14:00:00","VFR",12,9,110,13,18,15,1006.2,"METAR CYWL 282100Z 11013G18KT 15SM OVC085 12/09 A2971 RMK AC8 SLP077 DENSITY ALT 3800FT",2025-09-28 21:51:07.177984,2025-09-28 17:51:07.17803
"CYPA","Prince Albert Arpt, SK, CA",2025-09-28 21:00:00,"2025-09-28 15:00:00","VFR",19,2,330,6,16,15,1016.3,"METAR CYPA 282100Z 33006G16KT 300V010 15SM SCT270 19/02 A3001 RMK CI3 SLP177 DENSITY ALT 2100FT",2025-09-28 21:51:07.184742,2025-09-28 17:51:07.184787
"CYPQ","Peterborough Muni, ON, CA",2025-09-28 21:00:00,"2025-09-28 17:00:00","VFR",23,9,300,6,NA,9,1020.7,"METAR CYPQ 282100Z AUTO 30006KT 9SM CLR 23/09 A3014 RMK SLP208 DENSITY ALT 1500FT",2025-09-28 21:51:07.191426,2025-09-28 17:51:07.191471
"CYPY","Fort Chipewyan Arpt, AB, CA",2025-09-28 21:00:00,"2025-09-28 15:00:00","VFR",14,5,250,8,NA,9,1014.3,"METAR CYPY 282100Z AUTO 25008KT 9SM CLR 14/05 A2995 RMK SLP155",2025-09-28 21:51:07.211553,2025-09-28 17:51:07.211596
"CYQF","Red Deer Rgnl, AB, CA",2025-09-28 21:00:00,"2025-09-28 15:00:00","VFR",15,2,140,12,21,9,1016,"METAR CYQF 282100Z AUTO 14012G21KT 9SM CLR 15/02 A3000 RMK SLP178 DENSITY ALT 3600FT",2025-09-28 21:51:07.218194,2025-09-28 17:51:07.218237
"CYQH","Watson Lake Arpt, YT, CA",2025-09-28 21:00:00,"2025-09-28 14:00:00","VFR",10,-3,90,8,NA,40,1009.6,"METAR CYQH 282100Z 09008KT 40SM FEW040 FEW120 BKN240 10/M03 A2981 RMK SC1AC1CI3 SLP120",2025-09-28 21:51:07.224794,2025-09-28 17:51:07.224838
"CYQL","Lethbridge Cnty Arpt, AB, CA",2025-09-28 21:00:00,"2025-09-28 15:00:00","VFR",15,2,140,3,NA,60,1017.4,"METAR CYQL 282100Z 14003KT 080V170 60SM FEW150 BKN270 15/02 A3004 RMK AC1CI7 AC TR SLP180 DENSITY ALT 3700FT",2025-09-28 21:51:07.23148,2025-09-28 17:51:07.231525
"CYQR","Regina Intl Arpt, SK, CA",2025-09-28 21:00:00,"2025-09-28 15:00:00","VFR",23,6,340,12,21,15,1014.3,"METAR CYQR 282100Z 34012G21KT 15SM FEW270 23/06 A2995 RMK CI1 CI TR SLP150 DENSITY ALT 3300FT",2025-09-28 21:51:07.238208,2025-09-28 17:51:07.238252
"CYQT","Thunder Bay Intl, ON, CA",2025-09-28 21:00:00,"2025-09-28 17:00:00","VFR",26,10,200,9,16,20,1016,"METAR CYQT 282100Z 20009G16KT 20SM SKC 26/10 A3000 RMK SLP165 DENSITY ALT 2000FT",2025-09-28 21:51:07.24485,2025-09-28 17:51:07.244894
"CYQU","Grande Prairie Arpt, AB, CA",2025-09-28 21:00:00,"2025-09-28 15:00:00","VFR",11,0,100,9,NA,25,1013.3,"METAR CYQU 282100Z 10009KT 25SM BKN100 OVC240 11/00 A2992 RMK AC7CI1 SLP154",2025-09-28 21:51:07.251523,2025-09-28 17:51:07.251568
"CYQV","Yorkton Muni, SK, CA",2025-09-28 21:00:00,"2025-09-28 15:00:00","VFR",23,5,330,14,NA,9,1013.3,"METAR CYQV 282100Z AUTO 33014KT 9SM CLR 23/05 A2992 RMK SLP140 DENSITY ALT 3000FT",2025-09-28 21:51:07.258107,2025-09-28 17:51:07.258151
"CYQW","North Battleford Arpt, SK, CA",2025-09-28 21:00:00,"2025-09-28 15:00:00","VFR",17,-1,350,6,18,9,1018,"METAR CYQW 282100Z AUTO 35006G18KT 320V050 9SM CLR 17/M01 A3006 RMK SLP194 DENSITY ALT 2400FT",2025-09-28 21:51:07.264696,2025-09-28 17:51:07.26474
"CYQZ","Quesnel Arpt, BC, CA",2025-09-28 21:00:00,"2025-09-28 14:00:00","MVFR",7,5,310,4,NA,9,1007.5,"METAR CYQZ 282100Z AUTO 31004KT 9SM BKN013 OVC040 07/05 A2975 RMK SLP093",2025-09-28 21:51:07.271221,2025-09-28 17:51:07.271287
"CYRJ","Roberval Arpt, QC, CA",2025-09-28 21:00:00,"2025-09-28 17:00:00","VFR",19,3,290,13,19,40,1012.6,"METAR CYRJ 282100Z 29013G19KT 40SM BKN077 19/03 A2990 RMK AC6 SLP131 DENSITY ALT 1200FT",2025-09-28 21:51:07.277837,2025-09-28 17:51:07.277885
"CYRV","Revelstoke Arpt, BC, CA",2025-09-28 21:00:00,"2025-09-28 14:00:00","VFR",18,11,NA,3,NA,9,1010.6,"METAR CYRV 282100Z AUTO VRB03KT 9SM CLR 18/11 A2984 RMK SLP109 DENSITY ALT 2300FT",2025-09-28 21:51:07.284571,2025-09-28 17:51:07.284615
"CYSB","Sudbury Arpt, ON, CA",2025-09-28 21:00:00,"2025-09-28 17:00:00","VFR",22,8,220,16,21,20,1019.7,"METAR CYSB 282100Z 22016G21KT 20SM SKC 22/08 A3011 RMK SLP201 DENSITY ALT 2000FT",2025-09-28 21:51:07.291178,2025-09-28 17:51:07.291222
"CYSN","St Catharines/Niagara Arpt, ON, CA",2025-09-28 21:00:00,"2025-09-28 17:00:00","VFR",24,10,340,3,NA,15,1021.1,"METAR CYSN 282100Z 34003KT 310V010 15SM SKC 24/10 A3015 RMK SLP211 DENSITY ALT 1200FT",2025-09-28 21:51:07.297777,2025-09-28 17:51:07.297822
"CYTH","Thompson Arpt, MB, CA",2025-09-28 21:00:00,"2025-09-28 16:00:00","VFR",17,6,280,14,NA,15,1010.9,"METAR CYTH 282100Z 28014KT 15SM FEW045 17/06 A2985 RMK CU1 SLP119 DENSITY ALT 1200FT",2025-09-28 21:51:07.304431,2025-09-28 17:51:07.304478
"CYTS","Timmins/Power Arpt, ON, CA",2025-09-28 21:00:00,"2025-09-28 17:00:00","VFR",24,6,280,10,19,15,1016,"METAR CYTS 282100Z 28010G19KT 230V300 15SM SKC 24/06 A3000 RMK SLP165 DENSITY ALT 2100FT",2025-09-28 21:51:07.311103,2025-09-28 17:51:07.311147
"CYUB","Tuktoyaktuk Arpt, NT, CA",2025-09-28 21:00:00,"2025-09-28 15:00:00","IFR",0,0,100,9,15,NA,1010.6,"METAR CYUB 282100Z 10009G15KT 10SM BKN009 OVC019 00/00 A2984 RMK ST7ST1 CIG RAG SLP107",2025-09-28 21:51:07.317816,2025-09-28 17:51:07.31786
"CYVC","La Ronge Arpt, SK, CA",2025-09-28 21:00:00,"2025-09-28 15:00:00","VFR",18,1,290,12,17,15,1016,"METAR CYVC 282100Z 29012G17KT 15SM FEW250 18/01 A3000 RMK CI2 SLP171 DENSITY ALT 1800FT",2025-09-28 21:51:07.324429,2025-09-28 17:51:07.324472
"CYVM","Broughton Isl/Qikiqtarjuaq Arpt, NU, CA",2025-09-28 21:00:00,"2025-09-28 17:00:00","VFR",3,0,50,4,NA,9,1011.3,"METAR CYVM 282100Z AUTO 05004KT 9SM CLR 03/M00 A2986 RMK SLP115",2025-09-28 21:51:07.331044,2025-09-28 17:51:07.331089
"CYVO","Val D'Or Arpt, QC, CA",2025-09-28 21:00:00,"2025-09-28 17:00:00","VFR",22,4,250,10,17,15,1016,"METAR CYVO 282100Z 25010G17KT 15SM SKC 22/04 A3000 RMK SLP166 DENSITY ALT 2100FT",2025-09-28 21:51:07.35072,2025-09-28 17:51:07.350766
"CYVQ","Norman Wells Arpt, NT, CA",2025-09-28 21:00:00,"2025-09-28 15:00:00","MVFR",8,5,110,7,NA,20,1009.2,"METAR CYVQ 282100Z 11007KT 060V130 20SM FEW007 BKN015 BKN022 OVC030 08/05 A2980 RMK ST1SC4SC2SC1 SLP099",2025-09-28 21:51:07.357426,2025-09-28 17:51:07.357471
"CYVT","Buffalo Narrows Arpt, SK, CA",2025-09-28 21:00:00,"2025-09-28 15:00:00","VFR",17,1,320,4,NA,9,1016.3,"METAR CYVT 282100Z AUTO 32004KT 9SM CLR 17/01 A3001 RMK SLP172 DENSITY ALT 1900FT",2025-09-28 21:51:07.364066,2025-09-28 17:51:07.364117
"CYVV","Wiarton Arpt, ON, CA",2025-09-28 21:00:00,"2025-09-28 17:00:00","VFR",20,12,270,4,NA,15,1022.4,"METAR CYVV 282100Z 27004KT 15SM SKC 20/12 A3019 RMK SLP227 DENSITY ALT 1200FT",2025-09-28 21:51:07.370727,2025-09-28 17:51:07.370769
"CYMM","Fort McMurray Arpt, AB, CA",2025-09-28 21:00:00,"2025-09-28 15:00:00","VFR",17,0,200,4,NA,9,1016,"METAR CYMM 282100Z AUTO 20004KT 160V270 9SM FEW210 SCT230 17/M00 A3000 RMK SLP171 DENSITY ALT 1700FT",2025-09-28 21:51:07.377458,2025-09-28 17:51:07.377502
"CYMO","Moosonee Arpt, ON, CA",2025-09-28 21:00:00,"2025-09-28 17:00:00","VFR",19,6,290,13,NA,9,1012.6,"METAR CYMO 282100Z AUTO 29013KT 9SM CLR 19/06 A2990 RMK SLP127 DENSITY ALT 600FT",2025-09-28 21:51:07.384108,2025-09-28 17:51:07.384152
"CYMU","Umiujaq Arpt, QC, CA",2025-09-28 21:00:00,"2025-09-28 17:00:00","LIFR",7,7,210,12,NA,0,999.1,"METAR CYMU 282100Z 21012KT 0SM -DZ FG VV002 07/07 A2950 RMK FG8 LAST STFD OBS/NEXT 291200Z SLP996",2025-09-28 21:51:07.390702,2025-09-28 17:51:07.390747
"CYND","Gatineau/Ottawa Exec, QC, CA",2025-09-28 21:00:00,"2025-09-28 17:00:00","VFR",24,3,290,9,15,15,1018,"METAR CYND 282100Z 29009G15KT 260V320 15SM SKC 24/03 A3006 RMK SLP181 DENSITY ALT 1200FT",2025-09-28 21:51:07.397412,2025-09-28 17:51:07.397457
"CYNE","Norway House Arpt, MB, CA",2025-09-28 21:00:00,"2025-09-28 16:00:00","VFR",17,9,350,4,NA,9,1011.9,"METAR CYNE 282100Z AUTO 35004KT 250V010 9SM OVC110 17/09 A2988 RMK SLP129 DENSITY ALT 1200FT",2025-09-28 21:51:07.404011,2025-09-28 17:51:07.404054
"CYNM","Matagami Arpt, QC, CA",2025-09-28 21:00:00,"2025-09-28 17:00:00","VFR",21,5,260,12,21,9,1013,"METAR CYNM 282100Z AUTO 26012G21KT 9SM SCT076 SCT091 21/05 A2991 RMK SLP134 DENSITY ALT 1800FT",2025-09-28 21:51:07.410718,2025-09-28 17:51:07.410762
"CYOD","Cold Lake (Mil), AB, CA",2025-09-28 21:00:00,"2025-09-28 15:00:00","VFR",16,2,210,2,NA,15,1017.7,"METAR CYOD 282100Z 21002KT 15SM FEW170 FEW260 16/02 A3005 RMK AC1CI2 DENSITY ALT 2262FT SLP186",2025-09-28 21:51:07.417412,2025-09-28 17:51:07.417457
"CYTZ","Toronto/Bishop Arpt, ON, CA",2025-09-28 21:00:00,"2025-09-28 17:00:00","VFR",21,15,190,8,NA,9,1020.7,"METAR CYTZ 282100Z AUTO 19008KT 9SM CLR 21/15 A3014 RMK SLP209 DENSITY ALT 800FT",2025-09-28 21:51:07.423959,2025-09-28 17:51:07.424002
"CYMT","Chibougamau Arpt, QC, CA",2025-09-28 21:00:00,"2025-09-28 17:00:00","VFR",16,4,260,10,17,9,1011.9,"METAR CYMT 282100Z AUTO 26010G17KT 9SM FEW071 BKN089 16/04 A2988 RMK SLP128 DENSITY ALT 1800FT",2025-09-28 21:51:07.430614,2025-09-28 17:51:07.430656
"CYPR","Prince Rupert Arpt, BC, CA",2025-09-28 21:00:00,"2025-09-28 14:00:00","VFR",13,6,260,3,NA,9,1005.5,"METAR CYPR 282100Z AUTO 26003KT 230V300 9SM CLR 13/06 A2969 RMK SLP055",2025-09-28 21:51:07.437251,2025-09-28 17:51:07.437319
"CYQD","The Pas Arpt, MB, CA",2025-09-28 21:00:00,"2025-09-28 16:00:00","VFR",19,4,340,11,NA,9,1013.6,"METAR CYQD 282100Z AUTO 34011KT 9SM CLR 19/04 A2993 RMK SLP145 DENSITY ALT 1500FT",2025-09-28 21:51:07.443926,2025-09-28 17:51:07.443971
"CYVL","Colville Lake, NT, CA",2025-09-28 21:00:00,"2025-09-28 15:00:00","MVFR",5,2,150,10,16,9,1009.2,"METAR CYVL 282100Z AUTO 15010G16KT 9SM OVC016 05/02 A2980 RMK SLP109",2025-09-28 21:51:07.450528,2025-09-28 17:51:07.450572
"CYSJ","Saint John Arpt, NB, CA",2025-09-28 21:00:00,"2025-09-28 18:00:00","IFR",17,16,200,17,23,15,1011.3,"METAR CYSJ 282100Z 20017G23KT 15SM BKN007 BKN140 17/16 A2986 RMK SC5AC1 AC TR SLP117 DENSITY ALT 700FT",2025-09-28 21:51:07.457108,2025-09-28 17:51:07.457151
"CYRT","Rankin Inlet Arpt, NU, CA",2025-09-28 21:00:00,"2025-09-28 16:00:00","VFR",6,2,160,3,NA,15,1009.2,"METAR CYRT 282100Z 16003KT 100V170 15SM SCT027 BKN250 06/02 A2980 RMK SC3CI2 PCPN DIST SW SLP095",2025-09-28 21:51:07.46371,2025-09-28 17:51:07.463755
"CYWE","Wekweètì Arpt, NT, CA",2025-09-28 21:00:00,"2025-09-28 15:00:00","VFR",9,1,0,0,NA,9,1012.3,"METAR CYWE 282100Z AUTO 00000KT 9SM OVC035 09/01 A2989 RMK SLP142",2025-09-28 21:51:07.470424,2025-09-28 17:51:07.470469
"CZUM","Churchill Falls Arpt, NL, CA",2025-09-28 21:42:00,"2025-09-28 18:42:00","MVFR",8,6,NA,2,NA,9,1001.4,"SPECI CZUM 282142Z AUTO VRB02KT 9SM -RA BKN024 OVC030 08/06 A2957 RMK SLP032",2025-09-28 21:51:09.348354,2025-09-28 17:51:09.348399
"CYXS","Prince George Arpt, BC, CA",2025-09-28 21:40:00,"2025-09-28 14:40:00","VFR",6,6,350,8,NA,9,1006.9,"SPECI CYXS 282140Z AUTO 35008KT 9SM -RA FEW004 OVC036 06/06 A2973 RMK PCPN 0.5MM PAST HR SLP097",2025-09-28 21:51:09.355233,2025-09-28 17:51:09.355294
"CZSJ","Sandy Lake Arpt, ON, CA",2025-09-28 21:40:00,"2025-09-28 16:40:00","VFR",18,6,100,4,NA,9,1012.3,"SPECI CZSJ 282140Z AUTO 10004KT 070V130 9SM OVC110 18/06 A2989 RMK SLP128 DENSITY ALT 1600FT",2025-09-28 21:51:09.36193,2025-09-28 17:51:09.361974
"K0F2","Bowie Muni, TX, US",2025-09-28 21:35:00,"2025-09-28 21:35:00","VFR",28.5,13.3,0,0,NA,NA,1018.7,"METAR K0F2 282135Z AUTO 00000KT 10SM CLR 29/13 A3008 RMK AO2 T02850133",2025-09-28 21:51:09.368757,2025-09-28 17:51:09.368801
"K06C","Schaumburg Rgnl, IL, US",2025-09-28 21:35:00,"2025-09-28 21:35:00","VFR",26.1,15.5,60,7,NA,NA,1021.4,"METAR K06C 282135Z AUTO 06007KT 10SM CLR 26/16 A3016 RMK AO2 T02610155",2025-09-28 21:51:09.375471,2025-09-28 17:51:09.375517
"K0D8","Gettysburg Muni, SD, US",2025-09-28 21:35:00,"2025-09-28 21:35:00","VFR",31,13,180,17,22,NA,1014,"METAR K0D8 282135Z AUTO 18017G22KT 10SM CLR 31/13 A2994 RMK A01",2025-09-28 21:51:09.382063,2025-09-28 17:51:09.382108
"K05U","Eureka Arpt, NV, US",2025-09-28 21:35:00,"2025-09-28 14:35:00","VFR",22,3,270,8,NA,NA,1019.4,"METAR K05U 282135Z AUTO 27008KT 10SM CLR 22/03 A3010 RMK A01",2025-09-28 21:51:09.38872,2025-09-28 17:51:09.388765
"K0A9","Elizabethton Muni, TN, US",2025-09-28 21:35:00,"2025-09-28 21:35:00","VFR",26,16,0,0,NA,NA,1019.7,"METAR K0A9 282135Z AUTO 00000KT 10SM FEW050 BKN060 OVC070 26/16 A3011 RMK AO2",2025-09-28 21:51:09.39537,2025-09-28 17:51:09.395415
"CYZV","Sept-Îles Arpt, QC, CA",2025-09-28 21:31:00,"2025-09-28 17:31:00","VFR",9,8,250,3,NA,7,1006.9,"SPECI CYZV 282131Z 25003KT 230V300 7SM FEW007 BKN056 BKN120 BKN260 09/08 A2973 RMK SF2SC5AC1CI1 AC TR CI TR VIS SE-W 15 SLP071",2025-09-28 21:51:09.402035,2025-09-28 17:51:09.40208
"K0E0","Moriarty Muni, NM, US",2025-09-28 21:15:00,"2025-09-28 21:15:00","VFR",21,9.9,150,11,16,NA,1024.8,"METAR K0E0 282115Z AUTO 15011G16KT 10SM SCT038 21/10 A3026 RMK AO2 LTG DSNT SW THRU N T02100099",2025-09-28 21:51:09.408726,2025-09-28 17:51:09.408769
"K06D","Rolla Muni, ND, US",2025-09-28 21:15:00,"2025-09-28 21:15:00","VFR",28,1,220,9,NA,NA,1013,"METAR K06D 282115Z AUTO 22009KT 10SM CLR 28/01 A2991 RMK AO2",2025-09-28 21:51:09.415486,2025-09-28 17:51:09.415531
"K08D","Stanley Muni, ND, US",2025-09-28 21:15:00,"2025-09-28 21:15:00","VFR",29,8,360,4,NA,NA,1013,"METAR K08D 282115Z AUTO 36004KT 10SM CLR 29/08 A2991 RMK AO2",2025-09-28 21:51:09.422105,2025-09-28 17:51:09.42215
"CZBF","Bathurst Arpt, NB, CA",2025-09-28 21:00:00,"2025-09-28 18:00:00","VFR",18,12,270,8,15,9,1009.2,"METAR CZBF 282100Z AUTO 27008G15KT 9SM FEW081 18/12 A2980 RMK SLP096 DENSITY ALT 700FT",2025-09-28 21:51:09.428697,2025-09-28 17:51:09.428741
"CZVL","Edmonton/Villenueve Arpt, AB, CA",2025-09-28 21:00:00,"2025-09-28 21:00:00","VFR",14,2,120,7,NA,9,1016.3,"METAR CZVL 282100Z AUTO 12007KT 9SM BKN076 OVC110 14/02 A3001 RMK SLP175 DENSITY ALT 2600FT",2025-09-28 21:51:09.435304,2025-09-28 17:51:09.43535
"CYYD","Smithers Arpt, BC, CA",2025-09-28 21:00:00,"2025-09-28 14:00:00","VFR",5,2,140,4,NA,25,1008.9,"METAR CYYD 282100Z 14004KT 110V170 25SM BKN045 OVC090 05/02 A2979 RMK SC5AC3 SLP105",2025-09-28 21:51:09.441873,2025-09-28 17:51:09.441919
"CYYF","Penticton Rgnl, BC, CA",2025-09-28 21:00:00,"2025-09-28 14:00:00","VFR",21,8,10,3,NA,15,1007.9,"METAR CYYF 282100Z 01003KT 320V070 15SM FEW160 BKN240 21/08 A2976 RMK AC2CI4 PRESFR SLP078 DENSITY ALT 2300FT",2025-09-28 21:51:09.448467,2025-09-28 17:51:09.448512
"CYXH","Medicine Hat Arpt, AB, CA",2025-09-28 21:00:00,"2025-09-28 15:00:00","VFR",19,1,70,7,NA,30,1017,"METAR CYXH 282100Z 07007KT 020V110 30SM FEW170 BKN250 19/01 A3003 RMK AC1CI5 SLP167 DENSITY ALT 3300FT",2025-09-28 21:51:09.467702,2025-09-28 17:51:09.467746
"CYXX","Abbotsford Intl, BC, CA",2025-09-28 21:00:00,"2025-09-28 14:00:00","VFR",21,12,200,4,NA,30,1006.9,"METAR CYXX 282100Z 20004KT 140V280 30SM FEW100 FEW230 BKN240 21/12 A2973 RMK AC1CC2CS5 AC TR AC LENT SLP069 DENSITY ALT 1200FT",2025-09-28 21:51:09.474318,2025-09-28 17:51:09.474375
"CYYQ","Churchill Arpt, MB, CA",2025-09-28 21:00:00,"2025-09-28 16:00:00","VFR",8,7,160,2,NA,15,1007.2,"METAR CYYQ 282100Z 16002KT 15SM FEW005 BKN075 08/07 A2974 RMK ST1AC5 SLP075",2025-09-28 21:51:09.480846,2025-09-28 17:51:09.480891
"CYYT","St Johns Intl, NL, CA",2025-09-28 21:00:00,"2025-09-28 18:30:00","VFR",12,8,250,9,15,15,1014,"METAR CYYT 282100Z 25009G15KT 15SM FEW020 SCT130 12/08 A2994 RMK SC1AC3 SLP145",2025-09-28 21:51:09.487391,2025-09-28 17:51:09.487435
"CYZF","Yellowknife Arpt, NT, CA",2025-09-28 21:00:00,"2025-09-28 15:00:00","VFR",9,5,60,3,NA,15,1013,"METAR CYZF 282100Z 06003KT 030V130 15SM FEW010 09/05 A2991 RMK SC1 SLP143",2025-09-28 21:51:09.494068,2025-09-28 17:51:09.494112
"CYXC","Cranbrook Intl, BC, CA",2025-09-28 21:00:00,"2025-09-28 15:00:00","VFR",22,5,110,7,NA,8,1012.3,"METAR CYXC 282100Z 11007KT 080V140 8SM FEW050 FEW100 SCT160 BKN240 22/05 A2989 RMK FU1CU1AC1AC1CI3 CU TR FU SLP118 DENSITY ALT 4700FT",2025-09-28 21:51:09.50071,2025-09-28 17:51:09.500755
"CYXE","Saskatoon/Diefenbaker Intl, SK, CA",2025-09-28 21:00:00,"2025-09-28 15:00:00","VFR",20,1,350,8,NA,15,1016.3,"METAR CYXE 282100Z 35008KT 300V010 15SM SCT300 20/01 A3001 RMK CI3 SLP175 DENSITY ALT 2500FT",2025-09-28 21:51:09.507312,2025-09-28 17:51:09.507358
"CYXL","Sioux Lookout Arpt, ON, CA",2025-09-28 21:00:00,"2025-09-28 16:00:00","VFR",24,9,220,7,NA,15,1014,"METAR CYXL 282100Z 22007KT 200V270 15SM SKC 24/09 A2994 RMK SLP144 DENSITY ALT 2600FT",2025-09-28 21:51:09.513869,2025-09-28 17:51:09.513917
"CYXR","Earlton Arpt, ON, CA",2025-09-28 21:00:00,"2025-09-28 17:00:00","VFR",24,5,270,17,24,9,1016.3,"METAR CYXR 282100Z AUTO 27017G24KT 9SM CLR 24/05 A3001 RMK SLP168 DENSITY ALT 2000FT",2025-09-28 21:51:09.520392,2025-09-28 17:51:09.52045
"CYZH","Slave Lake Arpt, AB, CA",2025-09-28 21:00:00,"2025-09-28 15:00:00","VFR",15,-1,120,11,NA,9,1015,"METAR CYZH 282100Z AUTO 12011KT 100V160 9SM OVC140 15/M01 A2997 RMK SLP164 DENSITY ALT 2300FT",2025-09-28 21:51:09.526932,2025-09-28 17:51:09.527006
"CYZP","Sandspit Arpt, BC, CA",2025-09-28 21:00:00,"2025-09-28 14:00:00","VFR",14,10,130,17,NA,9,1004.5,"METAR CYZP 282100Z AUTO 13017KT 9SM CLR 14/10 A2966 RMK SLP045",2025-09-28 21:51:09.533597,2025-09-28 17:51:09.533642
"CYZS","Coral Harbour Arpt, NU, CA",2025-09-28 21:00:00,"2025-09-28 16:00:00","VFR",4,-1,80,6,NA,15,1009.2,"METAR CYZS 282100Z 08006KT 15SM FEW015 BKN110 04/M01 A2980 RMK SC1AC6 SLP097",2025-09-28 21:51:09.540215,2025-09-28 17:51:09.540257
"CYZT","Port Hardy Arpt, BC, CA",2025-09-28 21:00:00,"2025-09-28 14:00:00","LIFR",10,10,70,4,NA,4,1005.5,"METAR CYZT 282100Z 07004KT 4SM -RA BR BKN004 OVC008 10/10 A2969 RMK SF7SC1 CIG VRB 003-005 SLP056",2025-09-28 21:51:09.546742,2025-09-28 17:51:09.546786
"CYZU","Whitecourt Arpt, AB, CA",2025-09-28 21:00:00,"2025-09-28 15:00:00","VFR",12,2,110,13,21,15,1014.6,"METAR CYZU 282100Z 11013G21KT 15SM BKN061 BKN240 12/02 A2996 RMK SC5CI2 SLP165 DENSITY ALT 2800FT",2025-09-28 21:51:09.553297,2025-09-28 17:51:09.553344
"CYZW","Teslin Arpt, YT, CA",2025-09-28 21:00:00,"2025-09-28 14:00:00","VFR",9,0,90,5,NA,30,1007.5,"METAR CYZW 282100Z 09005KT 070V160 30SM SCT050 OVC200 09/M00 A2975 RMK CU3CI5 SLP105",2025-09-28 21:51:09.559863,2025-09-28 17:51:09.559909
"CZST","Stewart Arpt, BC, CA",2025-09-28 21:00:00,"2025-09-28 14:00:00","VFR",15,7,NA,3,NA,15,1006.9,"METAR CZST 282100Z VRB03KT 15SM SCT065 15/07 A2973 RMK CU3 SLP069 DENSITY ALT 300FT",2025-09-28 21:51:09.566581,2025-09-28 17:51:09.56664
"CYYB","North Bay/Garland Arpt, ON, CA",2025-09-28 21:00:00,"2025-09-28 17:00:00","VFR",21,7,230,9,16,30,1019.7,"METAR CYYB 282100Z 23009G16KT 30SM SKC 21/07 A3011 RMK SLP201 DENSITY ALT 2000FT",2025-09-28 21:51:09.573179,2025-09-28 17:51:09.573224
"CYYH","Taloyoak Arpt, NU, CA",2025-09-28 21:00:00,"2025-09-28 15:00:00","VFR",4,4,190,6,NA,12,1012.3,"METAR CYYH 282100Z 19006KT 12SM FEW008 SCT042 BKN110 BKN250 04/04 A2989 RMK SC1SC2AS3CC1 SLP126",2025-09-28 21:51:09.579783,2025-09-28 17:51:09.579828
"CYYW","Armstrong Arpt, ON, CA",2025-09-28 21:00:00,"2025-09-28 17:00:00","VFR",24,8,200,7,NA,9,1014,"METAR CYYW 282100Z AUTO 20007KT 170V230 9SM CLR 24/08 A2994 RMK SLP135 DENSITY ALT 2400FT",2025-09-28 21:51:09.586365,2025-09-28 17:51:09.58641
"CZPC","Pincher Creek Arpt, AB, CA",2025-09-28 21:00:00,"2025-09-28 15:00:00","VFR",14,3,100,8,NA,9,1017,"METAR CZPC 282100Z AUTO 10008KT 070V150 9SM FEW220 14/03 A3003 RMK SLP169 DENSITY ALT 4700FT",2025-09-28 21:51:09.605714,2025-09-28 17:51:09.605762
"CYXT","Terrace Arpt, BC, CA",2025-09-28 21:00:00,"2025-09-28 14:00:00","VFR",10,5,360,13,20,20,1007.2,"METAR CYXT 282100Z 36013G20KT 20SM FEW010 FEW055 BKN150 10/05 A2974 RMK SF1SC1AC6 SF TR SLP079",2025-09-28 21:51:09.612651,2025-09-28 17:51:09.612695
"CYZY","Mackenzie Arpt, BC, CA",2025-09-28 21:00:00,"2025-09-28 21:00:00","MVFR",6,4,320,6,NA,9,1010.2,"METAR CYZY 282100Z AUTO 32006KT 280V010 9SM OVC010 06/04 A2983 RMK SLP131",2025-09-28 21:51:09.619332,2025-09-28 17:51:09.619378
"CYYC","Calgary Intl, AB, CA",2025-09-28 21:00:00,"2025-09-28 15:00:00","VFR",15,2,160,14,20,20,1016,"METAR CYYC 282100Z 16014G20KT 150V210 20SM FEW045 OVC250 15/02 A3000 RMK SC1CI8 SC TR CONTRAILS SLP178 DENSITY ALT 4400FT",2025-09-28 21:51:09.625904,2025-09-28 17:51:09.625949
"CYYJ","Victoria Intl, BC, CA",2025-09-28 21:00:00,"2025-09-28 14:00:00","VFR",15,13,130,7,NA,30,1007.2,"METAR CYYJ 282100Z 13007KT 30SM FEW014 SCT025 BKN160 BKN230 15/13 A2974 RMK SC2SC1AC2CC2 SLP072 DENSITY ALT 300FT",2025-09-28 21:51:09.632588,2025-09-28 17:51:09.632639
"CYYR","Goose Bay Arpt, NL, CA",2025-09-28 21:00:00,"2025-09-28 18:00:00","VFR",9,6,40,6,NA,15,1005.2,"METAR CYYR 282100Z 04006KT 15SM BKN038 OVC045 09/06 A2968 RMK SC7SC1 DENSITY ALT -173FT VIRGA SLP051",2025-09-28 21:51:09.639332,2025-09-28 17:51:09.639377
"CYXQ","Beaver Creek Arpt, YT, CA",2025-09-28 21:00:00,"2025-09-28 14:00:00","MVFR",5,2,70,7,NA,20,1003.1,"METAR CYXQ 282100Z 07007KT 20SM FEW010 BKN025 OVC250 05/02 A2962 RMK ST2CU5CI1 SLP059",2025-09-28 21:51:09.645947,2025-09-28 17:51:09.64599
"CYYE","Fort Nelson Arpt, BC, CA",2025-09-28 21:00:00,"2025-09-28 14:00:00","VFR",14,-2,NA,3,NA,30,1011.9,"METAR CYYE 282100Z VRB03KT 30SM BKN240 14/M02 A2988 RMK CI5 SLP134 DENSITY ALT 1500FT",2025-09-28 21:51:09.652727,2025-09-28 17:51:09.652771
"CYYN","Swift Current Arpt, SK, CA",2025-09-28 21:00:00,"2025-09-28 15:00:00","VFR",20,0,30,10,15,7,1016.7,"METAR CYYN 282100Z AUTO 03010G15KT 350V080 7SM CLR 20/00 A3002 RMK SLP167 DENSITY ALT 3800FT",2025-09-28 21:51:09.659379,2025-09-28 17:51:09.659423
"CYYY","Mont Joli Arpt, QC, CA",2025-09-28 21:00:00,"2025-09-28 17:00:00","VFR",17,9,240,11,17,30,1009.2,"METAR CYYY 282100Z 24011G17KT 30SM FEW050 SCT110 17/09 A2980 WS RWY24 RMK SC1AC2 SLP095 DENSITY ALT 600FT",2025-09-28 21:51:09.66606,2025-09-28 17:51:09.666103
"CZFA","Faro Arpt, YT, CA",2025-09-28 21:00:00,"2025-09-28 14:00:00","VFR",9,-1,130,9,NA,30,1006.9,"METAR CZFA 282100Z 13009KT 050V140 30SM FEW040 FEW091 BKN150 BKN240 09/M01 A2973 RMK CF1AC2AC4CC1 CF TR SLP098",2025-09-28 21:51:09.672624,2025-09-28 17:51:09.672668
"CYXY","Whitehorse Arpt, YT, CA",2025-09-28 21:00:00,"2025-09-28 14:00:00","VFR",9,0,140,12,17,40,1005.5,"METAR CYXY 282100Z 14012G17KT 110V170 40SM FEW035 FEW080 BKN260 09/00 A2969 RMK CU1AC1CI5 SLP084",2025-09-28 21:51:09.679172,2025-09-28 17:51:09.679216
"CYYG","Charlottetown Arpt, PE, CA",2025-09-28 21:00:00,"2025-09-28 18:00:00","VFR",21,14,210,16,23,15,1008.9,"METAR CYYG 282100Z 21016G23KT 15SM BKN082 21/14 A2979 RMK AC6 SLP090 DENSITY ALT 1100FT",2025-09-28 21:51:09.685836,2025-09-28 17:51:09.685881
"CYYU","Kapuskasing Arpt, ON, CA",2025-09-28 21:00:00,"2025-09-28 17:00:00","VFR",23,5,280,12,19,15,1015,"METAR CYYU 282100Z 28012G19KT 250V310 15SM SKC 23/05 A2997 RMK SLP155 DENSITY ALT 1800FT",2025-09-28 21:51:09.692413,2025-09-28 17:51:09.692457
"CYXJ","Fort St John/N Peace Rgnl, BC, CA",2025-09-28 21:00:00,"2025-09-28 14:00:00","VFR",10,-1,110,8,NA,60,1012.6,"METAR CYXJ 282100Z 11008KT 60SM BKN140 BKN170 OVC240 10/M01 A2990 RMK AC6AC1CI1 SLP149",2025-09-28 21:51:09.698981,2025-09-28 17:51:09.699024
"CZMT","Masset Arpt, BC, CA",2025-09-28 21:00:00,"2025-09-28 14:00:00","VFR",14,8,150,12,NA,15,1004.8,"METAR CZMT 282100Z 15012KT 15SM SCT024 BKN060 BKN120 14/08 A2967 RMK CU4SC2AC1 AC TR SLP048",2025-09-28 21:51:09.705543,2025-09-28 17:51:09.705595
"CYXU","London Intl, ON, CA",2025-09-28 21:00:00,"2025-09-28 17:00:00","VFR",24,7,350,5,NA,15,1021.8,"METAR CYXU 282100Z 35005KT 15SM SKC 24/07 A3017 RMK SLP219 DENSITY ALT 2000FT",2025-09-28 21:51:09.712072,2025-09-28 17:51:09.712115
"CYYZ","Toronto/Pearson Intl, ON, CA",2025-09-28 21:00:00,"2025-09-28 17:00:00","VFR",24,7,20,9,NA,15,1021.1,"METAR CYYZ 282100Z 02009KT 15SM SKC 24/07 A3015 RMK SLP210 DENSITY ALT 1500FT",2025-09-28 21:51:09.71857,2025-09-28 17:51:09.718614
"CYZX","Greenwood (MIL), NS, CA",2025-09-28 21:00:00,"2025-09-28 18:00:00","VFR",24,13,220,13,23,15,1011.6,"METAR CYZX 282100Z 22013G23KT 15SM FEW140 FEW250 24/13 A2987 RMK AC1CI1 DENSITY ALT 1417FT SLP115",2025-09-28 21:51:09.725063,2025-09-28 17:51:09.725106
"CYXZ","Wawa Arpt, ON, CA",2025-09-28 21:00:00,"2025-09-28 17:00:00","VFR",17,10,230,11,16,15,1020.1,"METAR CYXZ 282100Z 23011G16KT 200V280 15SM SKC 17/10 A3012 RMK SLP207 DENSITY ALT 1200FT",2025-09-28 21:51:09.731733,2025-09-28 17:51:09.731778
"CYZR","Sarnia/Hadfield Arpt, ON, CA",2025-09-28 21:00:00,"2025-09-28 17:00:00",NA,21,11,40,9,NA,9,1022.4,"METAR CYZR 282100Z AUTO 04009KT 9SM 21/11 A3019 RMK CLD MISG SLP224 DENSITY ALT 1100FT",2025-09-28 21:51:09.751005,2025-09-28 17:51:09.751048
"CYZG","Salliut Arpt, QC, CA",2025-09-28 21:00:00,"2025-09-28 17:00:00","VFR",3,1,10,5,NA,15,1005.5,"METAR CYZG 282100Z 01005KT 15SM FEW022 OVC250 03/01 A2969 RMK SC2CS6 LAST STFD OBS/NEXT 291200Z SLP072",2025-09-28 21:51:09.757604,2025-09-28 17:51:09.757648
"CYZE","Gore Bay/Manitoulin Arpt, ON, CA",2025-09-28 21:00:00,"2025-09-28 17:00:00","VFR",21,8,250,9,NA,9,1021.8,"METAR CYZE 282100Z AUTO 25009KT 9SM CLR 21/08 A3017 RMK SLP221 DENSITY ALT 1200FT",2025-09-28 21:51:09.764291,2025-09-28 17:51:09.764339
"CZMD","Muskrat Dam Arpt, ON, CA",2025-09-28 21:00:00,"2025-09-28 16:00:00","VFR",16,8,NA,2,NA,9,1013.3,"METAR CZMD 282100Z AUTO VRB02KT 9SM OVC110 16/08 A2992 RMK SLP144 DENSITY ALT 1200FT",2025-09-28 21:51:09.770921,2025-09-28 17:51:09.770967
"K17J","Donaldsonville Muni, GA, US",2025-09-28 21:35:00,"2025-09-28 21:35:00","VFR",32,16,40,14,18,NA,1014.3,"METAR K17J 282135Z AUTO 04014G18KT 10SM SCT060 32/16 A2995 RMK AO2",2025-09-28 21:51:11.603343,2025-09-28 17:51:11.603396
"K14Y","Long Prairie Muni, MN, US",2025-09-28 21:35:00,"2025-09-28 21:35:00","VFR",25,6,180,8,NA,NA,1018.4,"METAR K14Y 282135Z AUTO 18008KT 10SM CLR 25/06 A3007 RMK AO2",2025-09-28 21:51:11.610199,2025-09-28 17:51:11.610249
"K11R","Brenham Muni, TX, US",2025-09-28 21:35:00,"2025-09-28 21:35:00","VFR",31.6,10.7,0,0,NA,NA,1016,"METAR K11R 282135Z AUTO 00000KT 10SM CLR 32/11 A3000 RMK AO2 T03160107",2025-09-28 21:51:11.616929,2025-09-28 17:51:11.616975
"K0R4","Vidalia/Concordia Arpt, LA, US",2025-09-28 21:35:00,"2025-09-28 21:35:00","VFR",32.2,13.2,40,7,NA,NA,1017,"METAR K0R4 282135Z AUTO 04007KT 10SM CLR 32/13 A3003 RMK AO2 T03220132",2025-09-28 21:51:11.623581,2025-09-28 17:51:11.623627
"K19S","Sublette Muni, KS, US",2025-09-28 21:35:00,"2025-09-28 21:35:00","VFR",NA,NA,180,9,14,NA,1019,"METAR K19S 282135Z AUTO 18009G14KT 10SM SCT095 A3009 RMK AO2",2025-09-28 21:51:11.630199,2025-09-28 17:51:11.630242
"K1D1","Milbank Muni, SD, US",2025-09-28 21:35:00,"2025-09-28 21:35:00","VFR",29,3,180,11,17,NA,1016,"METAR K1D1 282135Z AUTO 18011G17KT 10SM CLR 29/03 A3000 RMK AO2",2025-09-28 21:51:11.636821,2025-09-28 17:51:11.636866
"K0R0","Columbia/Marion Cnty, MS, US",2025-09-28 21:35:00,"2025-09-28 21:35:00",NA,34,16,70,9,NA,NA,1015.7,"METAR K0R0 282135Z AUTO 07009KT CLR 34/16 A2999 RMK AO2",2025-09-28 21:51:11.643439,2025-09-28 17:51:11.643482
"K1A9","Prattville Arpt, AL, US",2025-09-28 21:35:00,"2025-09-28 21:35:00","VFR",NA,NA,50,4,NA,NA,1014.6,"METAR K1A9 282135Z AUTO 05004KT 10SM CLR A2996 RMK AO2",2025-09-28 21:51:11.650039,2025-09-28 17:51:11.650083
"K13K","Eureka Muni, KS, US",2025-09-28 21:35:00,"2025-09-28 21:35:00","VFR",30,16.3,170,6,NA,NA,1019.4,"METAR K13K 282135Z AUTO 17006KT 10SM CLR 30/16 A3010 RMK AO2 T03000163",2025-09-28 21:51:11.656727,2025-09-28 17:51:11.656772
"K1F0","Ardmore/Downtown Exec, OK, US",2025-09-28 21:35:00,"2025-09-28 16:35:00","VFR",29.7,13.8,190,3,NA,NA,1018.4,"METAR K1F0 282135Z AUTO 19003KT 10SM CLR 30/14 A3007 RMK AO2 T02970138",2025-09-28 21:51:11.663406,2025-09-28 17:51:11.66345
"K1A6","Middlesboro/Bell Cnty, KY, US",2025-09-28 21:35:00,"2025-09-28 21:35:00","VFR",28,14.8,30,5,NA,NA,1020.4,"METAR K1A6 282135Z AUTO 03005KT 10SM SCT060 28/15 A3013 RMK AO2 T02800148",2025-09-28 21:51:11.669969,2025-09-28 17:51:11.670016
"K1R8","Bay Minette Muni, AL, US",2025-09-28 21:35:00,"2025-09-28 21:35:00","VFR",31,17,10,4,NA,NA,1013.6,"METAR K1R8 282135Z AUTO 01004KT 10SM FEW070 FEW100 31/17 A2993 RMK AO2",2025-09-28 21:51:11.676627,2025-09-28 17:51:11.676672
"K18A","Canon/Franklin Cnty, GA, US",2025-09-28 21:35:00,"2025-09-28 21:35:00","VFR",27.7,17.7,80,6,NA,NA,1018.4,"METAR K18A 282135Z AUTO 08006KT 10SM CLR 28/18 A3007 RMK AO2 T02770177",2025-09-28 21:51:11.683229,2025-09-28 17:51:11.683292
"K1U7","Paris/Bear Lake Cnty Arpt, ID, US",2025-09-28 21:35:00,"2025-09-28 21:35:00","VFR",19,8,190,16,NA,NA,1020.1,"METAR K1U7 282135Z AUTO 19016KT 10SM FEW065 SCT110 19/08 A3012 RMK A01",2025-09-28 21:51:11.702621,2025-09-28 17:51:11.70267
"K1D8","Redfield Muni, SD, US",2025-09-28 21:35:00,"2025-09-28 21:35:00","VFR",30,15,170,14,22,7,1014.3,"METAR K1D8 282135Z AUTO 17014G22KT 7SM -RA CLR 30/15 A2995 RMK AO2",2025-09-28 21:51:11.709201,2025-09-28 17:51:11.709244
"K1H2","Effingham Cnty, IL, US",2025-09-28 21:35:00,"2025-09-28 21:35:00","VFR",31.2,11,120,4,NA,NA,1020.4,"METAR K1H2 282135Z AUTO 12004KT 10SM CLR 31/11 A3013 RMK AO2 T03120110",2025-09-28 21:51:11.715798,2025-09-28 17:51:11.715843
"K10U","Owyhee Arpt, NV, US",2025-09-28 21:35:00,"2025-09-28 21:35:00","VFR",28,2,240,7,NA,NA,1016.3,"METAR K10U 282135Z AUTO 24007KT 10SM CLR 28/02 A3001 RMK AO2",2025-09-28 21:51:11.722422,2025-09-28 17:51:11.722474
"K1V6","Canon City/Fremont Cnty Arpt, CO, US",2025-09-28 21:35:00,"2025-09-28 15:35:00","VFR",27,5,270,8,NA,NA,1019,"METAR K1V6 282135Z AUTO 27008KT 10SM CLR 27/05 A3009 RMK AO2",2025-09-28 21:51:11.729157,2025-09-28 17:51:11.729202
"K1M5","Portland Muni, TN, US",2025-09-28 21:30:00,"2025-09-28 21:30:00","VFR",29,14,40,11,NA,NA,1019,"METAR K1M5 282130Z AUTO 04011KT 10SM CLR 29/14 A3009 RMK A01",2025-09-28 21:51:11.735817,2025-09-28 17:51:11.735862
"K0S9","Port Townsend/Jefferson Cnty, WA, US",2025-09-28 21:15:00,"2025-09-28 14:15:00","VFR",18,12,300,7,13,NA,1006.5,"METAR K0S9 282115Z AUTO 30007G13KT 10SM CLR 18/12 A2972 RMK AO2",2025-09-28 21:51:11.742465,2025-09-28 17:51:11.742511
"K0V4","Brookneal/Campbell Cnty, VA, US",2025-09-28 21:15:00,"2025-09-28 21:15:00","VFR",26,17,70,7,NA,NA,1019.7,"METAR K0V4 282115Z AUTO 07007KT 10SM SCT040 26/17 A3011 RMK AO1",2025-09-28 21:51:11.749107,2025-09-28 17:51:11.749151
"K0VG","Jonesville/Lee Cnty, VA, US",2025-09-28 21:15:00,"2025-09-28 21:15:00","VFR",28,16,NA,4,NA,NA,1020.4,"METAR K0VG 282115Z AUTO VRB04KT 10SM FEW055 SCT065 28/16 A3013 RMK AO2",2025-09-28 21:51:11.755815,2025-09-28 17:51:11.75586
"K10G","Millersburg/Holmes Cnty, OH, US",2025-09-28 21:15:00,"2025-09-28 21:15:00","VFR",28,15,20,5,NA,NA,1021.8,"METAR K10G 282115Z AUTO 02005KT 10SM BKN070 28/15 A3017 RMK AO2",2025-09-28 21:51:11.762478,2025-09-28 17:51:11.762523
"K15M","Iuka Arpt, MS, US",2025-09-28 21:15:00,"2025-09-28 21:15:00","VFR",29.6,14.9,20,7,NA,8,1018,"METAR K15M 282115Z AUTO 02007KT 8SM CLR 30/15 A3006 RMK AO2 T02960149 $",2025-09-28 21:51:11.768975,2025-09-28 17:51:11.76902
"K1B9","Mansfield Muni, MA, US",2025-09-28 21:15:00,"2025-09-28 21:15:00","VFR",25.5,18.6,NA,5,NA,8,1015.7,"METAR K1B9 282115Z AUTO VRB05KT 8SM CLR 25/19 A2999 RMK AO2 T02550186 $",2025-09-28 21:51:11.775571,2025-09-28 17:51:11.775624
"K1R7","Brookhaven/Lincoln Cnty Arpt, MS, US",2025-09-28 21:15:00,"2025-09-28 21:15:00","VFR",31,16,330,6,NA,9,1016.3,"METAR K1R7 282115Z AUTO 33006KT 9SM CLR 31/16 A3001 RMK A01 TSNO",2025-09-28 21:51:11.782063,2025-09-28 17:51:11.782106
"K0J4","Florala Muni, AL, US",2025-09-28 20:58:00,"2025-09-28 20:58:00","VFR",32.2,16.7,60,8,NA,NA,1014.6,"METAR K0J4 282058Z AUTO 06008KT 10SM SCT060 32/17 A2996 RMK AO2 SLP140 T03220167 56012",2025-09-28 21:51:11.788709,2025-09-28 17:51:11.788754
"K1M4","Haleyville/Posey Fld, AL, US",2025-09-28 20:56:00,"2025-09-28 20:56:00","VFR",28.3,16.7,360,5,NA,NA,1018.7,"METAR K1M4 282056Z AUTO 36005KT 10SM CLR 28/17 A3008 RMK AO2 SLP946 T02830167 56012 $",2025-09-28 21:51:11.795301,2025-09-28 17:51:11.795347
"K12N","Andover/Aeroflex Arpt, NJ, US",2025-09-28 20:54:00,"2025-09-28 20:54:00",NA,29.4,13.3,NA,NA,NA,NA,1018,"METAR K12N 282054Z AUTO 29/13 A3006 RMK AO1 SLP171 60003 T02940133 55003 $",2025-09-28 21:51:11.801857,2025-09-28 17:51:11.801901
"K2G2","Steubenville/Jefferson Cnty, OH, US",2025-09-28 21:35:00,"2025-09-28 21:35:00","VFR",28,11,30,5,NA,NA,1020.7,"METAR K2G2 282135Z AUTO 03005KT 10SM CLR 28/11 A3014 RMK A01",2025-09-28 21:51:13.09528,2025-09-28 17:51:13.095331
"K22N","Lehighton/Arner Mem, PA, US",2025-09-28 21:35:00,"2025-09-28 21:35:00","VFR",28,13,320,4,NA,NA,1018.7,"METAR K22N 282135Z AUTO 32004KT 10SM CLR 28/13 A3008 RMK AO2",2025-09-28 21:51:13.114498,2025-09-28 17:51:13.114587
"K35A","Union/Union Cnty, SC, US",2025-09-28 21:35:00,"2025-09-28 21:35:00","VFR",26.9,19.5,80,4,NA,NA,1019.7,"METAR K35A 282135Z AUTO 08004KT 10SM CLR 27/20 A3011 RMK A02 T02690195",2025-09-28 21:51:13.121747,2025-09-28 17:51:13.12179
"K20V","Kremmling/McElroy Fld, CO, US",2025-09-28 21:35:00,"2025-09-28 21:35:00","VFR",21,1,240,4,NA,NA,1023.1,"METAR K20V 282135Z AUTO 24004KT 10SM CLR 21/01 A3021 RMK AO2 LTG DSNT N",2025-09-28 21:51:13.12834,2025-09-28 17:51:13.128384
"K2V5","Wray Muni, CO, US",2025-09-28 21:35:00,"2025-09-28 21:35:00","VFR",30,6,170,17,24,NA,1017,"METAR K2V5 282135Z AUTO 17017G24KT 10SM SCT100 SCT120 30/06 A3003 RMK AO2",2025-09-28 21:51:13.134936,2025-09-28 17:51:13.13498
"K2A0","Dayton/Anton Arpt, TN, US",2025-09-28 21:35:00,"2025-09-28 21:35:00","VFR",29,16,20,9,NA,NA,1018,"METAR K2A0 282135Z AUTO 02009KT 10SM CLR 29/16 A3006 RMK A01",2025-09-28 21:51:13.141536,2025-09-28 17:51:13.141583
"K2IS","Clewistown/Airglades Arpt, FL, US",2025-09-28 21:35:00,"2025-09-28 21:35:00",NA,28.6,23.4,80,9,NA,NA,1010.6,"METAR K2IS 282135Z AUTO 08009KT SCT025 SCT037 29/23 A2984 RMK AO2 LTG DSNT S PWINO T02860234",2025-09-28 21:51:13.148195,2025-09-28 17:51:13.148241
"K2I0","Madisonville Muni, KY, US",2025-09-28 21:35:00,"2025-09-28 21:35:00","VFR",30.2,11.6,80,6,NA,NA,1019.7,"METAR K2I0 282135Z AUTO 08006KT 10SM CLR 30/12 A3011 RMK AO2 T03020116",2025-09-28 21:51:13.154926,2025-09-28 17:51:13.154971
"K36K","Lakin/Kearney Cnty, KS, US",2025-09-28 21:35:00,"2025-09-28 21:35:00","VFR",31,10,180,15,NA,NA,1019.4,"METAR K36K 282135Z AUTO 18015KT 10SM FEW095 31/10 A3010 RMK AO2",2025-09-28 21:51:13.161561,2025-09-28 17:51:13.161606
"K2J5","Millen Arpt, GA, US",2025-09-28 21:35:00,"2025-09-28 21:35:00","VFR",NA,NA,350,9,NA,NA,1016.3,"METAR K2J5 282135Z AUTO 35009KT 10SM CLR A3001 RMK AO2",2025-09-28 21:51:13.168212,2025-09-28 17:51:13.168257
"K33N","Dover/Cheswold Arpk, DE, US",2025-09-28 21:35:00,"2025-09-28 21:35:00","VFR",27,20,250,4,NA,NA,1018.4,"METAR K33N 282135Z AUTO 25004KT 10SM CLR 27/20 A3007 RMK A01",2025-09-28 21:51:13.174873,2025-09-28 17:51:13.174921
"K21D","Lake Elmo Arpt, MN, US",2025-09-28 21:35:00,"2025-09-28 21:35:00","VFR",23,7,140,8,NA,NA,1020.4,"METAR K21D 282135Z AUTO 14008KT 10SM CLR 23/07 A3013 RMK AO2",2025-09-28 21:51:13.181635,2025-09-28 17:51:13.181681
"K2G9","Somerset Cnty Arpt, PA, US",2025-09-28 21:35:00,"2025-09-28 21:35:00","VFR",24,12,330,4,NA,NA,1022.8,"METAR K2G9 282135Z AUTO 33004KT 10SM SCT050 24/12 A3020 RMK AO2",2025-09-28 21:51:13.188358,2025-09-28 17:51:13.188404
"K2R9","Kenedy/Karnes Cnty, TX, US",2025-09-28 21:35:00,"2025-09-28 21:35:00","VFR",33.4,11.7,120,6,NA,NA,1015.3,"METAR K2R9 282135Z AUTO 12006KT 10SM CLR 33/12 A2998 RMK AO2 T03340117",2025-09-28 21:51:13.194955,2025-09-28 17:51:13.195
"K2V6","Yuma Muni, CO, US",2025-09-28 21:34:00,"2025-09-28 21:34:00","VFR",29,7,200,15,22,NA,1017,"METAR K2V6 282134Z AUTO 20015G22KT 10SM SCT090 29/07 A3003 RMK AO2",2025-09-28 21:51:13.201596,2025-09-28 17:51:13.20164
"K2M2","Lawrenceburg/Lawrence Cnty, TN, US",2025-09-28 21:30:00,"2025-09-28 21:30:00","VFR",28,14,50,7,12,NA,1018.4,"METAR K2M2 282130Z AUTO 05007G12KT 10SM CLR 28/14 A3007 RMK A01",2025-09-28 21:51:13.208296,2025-09-28 17:51:13.208344
"K3AU","Augusta Muni, KS, US",2025-09-28 21:15:00,"2025-09-28 21:15:00","VFR",30,11,180,8,NA,NA,1019,"METAR K3AU 282115Z AUTO 18008KT 10SM CLR 30/11 A3009 RMK AO2",2025-09-28 21:51:13.214948,2025-09-28 17:51:13.214997
"K24J","Live Oak/Suwannee Cnty, FL, US",2025-09-28 21:15:00,"2025-09-28 21:15:00","VFR",32,19,20,8,NA,NA,1013,"METAR K24J 282115Z AUTO 02008KT 10SM FEW048 FEW055 32/19 A2991 RMK A01",2025-09-28 21:51:13.221673,2025-09-28 17:51:13.221717
"K27K","Georgetown/Scott Cnty, KY, US",2025-09-28 21:15:00,"2025-09-28 21:15:00","VFR",27.5,13,80,7,NA,NA,1019.7,"METAR K27K 282115Z AUTO 08007KT 10SM CLR 28/13 A3011 RMK AO2 T02750130 $",2025-09-28 21:51:13.228379,2025-09-28 17:51:13.228426
"K2D5","Oakes Muni, ND, US",2025-09-28 21:15:00,"2025-09-28 21:15:00",NA,29,12,190,17,23,NA,1014.3,"METAR K2D5 282115Z AUTO 19017G23KT CLR 29/12 A2995 RMK AO2",2025-09-28 21:51:13.235101,2025-09-28 17:51:13.235144
"K20U","Beach Arpt, ND, US",2025-09-28 21:15:00,"2025-09-28 21:15:00",NA,29,8,0,0,NA,NA,1013,"METAR K20U 282115Z AUTO 00000KT 10SM 29/08 A2991 RMK AO2 TSNO",2025-09-28 21:51:13.254596,2025-09-28 17:51:13.254678
"K2M8","Millington/Baker Arpt, TN, US",2025-09-28 21:15:00,"2025-09-28 21:15:00","VFR",NA,NA,NA,NA,NA,NA,1018,"METAR K2M8 282115Z AUTO 10SM CLR A3006 RMK AO2 FZRANO $",2025-09-28 21:51:13.262024,2025-09-28 17:51:13.262069
"K2C8","Cavalier Muni, ND, US",2025-09-28 21:15:00,"2025-09-28 21:15:00","VFR",28,14,170,9,14,7,1011.9,"METAR K2C8 282115Z AUTO 17009G14KT 7SM CLR 28/14 A2988 RMK AO2",2025-09-28 21:51:13.268553,2025-09-28 17:51:13.268596
"K2R2","Indianapolis/Hendrick Cnty, IN, US",2025-09-28 21:15:00,"2025-09-28 21:15:00",NA,30.7,14.8,140,4,NA,NA,1020.7,"METAR K2R2 282115Z AUTO 14004KT CLR 31/15 A3014 RMK AO2 T03070148 PWINO TSNO $",2025-09-28 21:51:13.275072,2025-09-28 17:51:13.275115
"K4I3","Mount Vernon/Knox Cnty, OH, US",2025-09-28 21:43:00,"2025-09-28 21:43:00","VFR",29,13,350,3,NA,NA,1021.1,"METAR K4I3 282143Z 35003KT 10SM CLR 29/13 A3015 RMK AO2",2025-09-28 21:51:14.442297,2025-09-28 17:51:14.442348
"K4R5","La Pointe/Madeline Isl Arpt, WI, US",2025-09-28 21:35:00,"2025-09-28 21:35:00","VFR",24.1,5.7,220,7,NA,NA,1019.4,"METAR K4R5 282135Z AUTO 22007KT 10SM OVC100 24/06 A3010 RMK AO2 T02410057",2025-09-28 21:51:14.449227,2025-09-28 17:51:14.449289
"K4F2","Carthage/Panola Cnty, TX, US",2025-09-28 21:35:00,"2025-09-28 21:35:00","VFR",29.7,14.1,10,4,NA,NA,1017.4,"METAR K4F2 282135Z AUTO 01004KT 10SM CLR 30/14 A3004 RMK AO2 T02970141",2025-09-28 21:51:14.455963,2025-09-28 17:51:14.456018
"K4V0","Rangely Arpt, CO, US",2025-09-28 21:35:00,"2025-09-28 21:35:00","VFR",19.1,10.4,250,6,NA,NA,1020.7,"METAR K4V0 282135Z AUTO 25006KT 10SM SCT070 SCT120 19/10 A3014 RMK AO2 LTG DSNT S AND SW T01910104",2025-09-28 21:51:14.462679,2025-09-28 17:51:14.462724
"K4A9","Fort Payne/Isbell Fld, AL, US",2025-09-28 21:35:00,"2025-09-28 21:35:00","VFR",28.8,17.1,30,8,NA,NA,1017.7,"METAR K4A9 282135Z AUTO 03008KT 10SM SCT055 29/17 A3005 RMK AO2 T02880171",2025-09-28 21:51:14.469502,2025-09-28 17:51:14.469548
"K42A","Melbourne Muni, AR, US",2025-09-28 21:35:00,"2025-09-28 21:35:00","VFR",NA,NA,50,5,NA,NA,1019,"METAR K42A 282135Z AUTO 05005KT 10SM CLR A3009 RMK AO2",2025-09-28 21:51:14.476152,2025-09-28 17:51:14.476197
"K46U","Alpine Arpt, WY, US",2025-09-28 21:35:00,"2025-09-28 21:35:00","VFR",17,8,160,12,17,9,1020.4,"METAR K46U 282135Z AUTO 16012G17KT 130V190 9SM FEW060 BKN075 17/08 A3013 RMK A01",2025-09-28 21:51:14.482784,2025-09-28 17:51:14.482828
"K3K3","Syracuse/Hamilton Cnty, KS, US",2025-09-28 21:35:00,"2025-09-28 21:35:00","VFR",31,8,170,17,28,NA,1017.7,"METAR K3K3 282135Z AUTO 17017G28KT 10SM CLR 31/08 A3005 RMK AO2 PK WND 16028/39",2025-09-28 21:51:14.489431,2025-09-28 17:51:14.489475
"K3K7","Leoti/Hoard Mem, KS, US",2025-09-28 21:35:00,"2025-09-28 21:35:00","VFR",30,9,180,13,21,NA,1018,"METAR K3K7 282135Z AUTO 18013G21KT 10SM SCT100 30/09 A3006 RMK AO2 PK WND 17027/20",2025-09-28 21:51:14.496032,2025-09-28 17:51:14.496078
"K3S8","Grants Pass Arpt, OR, US",2025-09-28 21:35:00,"2025-09-28 14:35:00","VFR",27,7,NA,3,11,8,1010.2,"METAR K3S8 282135Z AUTO VRB03G11KT 8SM CLR 27/07 A2983 RMK AO2",2025-09-28 21:51:14.502693,2025-09-28 17:51:14.502737
"K3LF","Litchfield Muni, IL, US",2025-09-28 21:35:00,"2025-09-28 21:35:00","VFR",30.6,9.3,120,4,NA,NA,1020.7,"METAR K3LF 282135Z AUTO 12004KT 10SM CLR 31/09 A3014 RMK AO2 T03060093",2025-09-28 21:51:14.50931,2025-09-28 17:51:14.509357
"K48I","Sutton/Braxton Cnty, WV, US",2025-09-28 21:35:00,"2025-09-28 21:35:00","VFR",26.7,13,NA,4,NA,NA,1021.1,"METAR K48I 282135Z AUTO VRB04KT 10SM CLR 27/13 A3015 RMK AO2 T02670130",2025-09-28 21:51:14.515985,2025-09-28 17:51:14.51603
"K49A","Ellijay/Gilmer Cnty, GA, US",2025-09-28 21:35:00,"2025-09-28 21:35:00","VFR",27,21,0,0,NA,NA,1019,"METAR K49A 282135Z AUTO 00000KT 10SM SCT050 27/21 A3009 RMK AO2",2025-09-28 21:51:14.522581,2025-09-28 17:51:14.522625
"K4A6","Scottsboro Muni, AL, US",2025-09-28 21:35:00,"2025-09-28 21:35:00","VFR",30,17,40,8,NA,NA,1018,"METAR K4A6 282135Z AUTO 04008KT 10SM CLR 30/17 A3006 RMK AO2",2025-09-28 21:51:14.529206,2025-09-28 17:51:14.529249
"K48A","Cochran Arpt, GA, US",2025-09-28 21:35:00,"2025-09-28 21:35:00","VFR",31.1,17.9,20,9,NA,NA,1015.7,"METAR K48A 282135Z AUTO 02009KT 10SM SCT055 31/18 A2999 RMK AO2 T03110179",2025-09-28 21:51:14.54972,2025-09-28 17:51:14.549772
"K40U","Manila Arpt, UT, US",2025-09-28 21:35:00,"2025-09-28 21:35:00","VFR",20.3,7.2,150,6,NA,NA,1020.4,"METAR K40U 282135Z AUTO 15006KT 10SM BKN075 OVC085 20/07 A3013 RMK AO2 LTG DSNT E SW AND W T02030072",2025-09-28 21:51:14.55647,2025-09-28 17:51:14.556517
"K4V1","Walsenburg/Spanish Peaks Arfld, CO, US",2025-09-28 21:35:00,"2025-09-28 21:35:00","VFR",24,4,250,15,21,NA,1021.8,"METAR K4V1 282135Z AUTO 25015G21KT 10SM CLR 24/04 A3017 RMK AO2",2025-09-28 21:51:14.563064,2025-09-28 17:51:14.563107
"K4S1","Gold Beach Muni, OR, US",2025-09-28 21:34:00,"2025-09-28 14:34:00","IFR",15,12,200,18,24,2.5,1011.9,"METAR K4S1 282134Z AUTO 20018G24KT 2 1/2SM HZ CLR 15/12 A2988 RMK AO2 PK WND 21026/46",2025-09-28 21:51:14.569705,2025-09-28 17:51:14.569751
"K49B","Sturgis Muni, SD, US",2025-09-28 21:30:00,"2025-09-28 21:30:00","VFR",30,13,30,4,NA,NA,1012.6,"METAR K49B 282130Z AUTO 03004KT 10SM CLR 30/13 A2990 RMK AO2",2025-09-28 21:51:14.576492,2025-09-28 17:51:14.576538
"K3W7","Electric City/Grand Coulee Arpt, WA, US",2025-09-28 21:30:00,"2025-09-28 14:30:00","VFR",26,6,60,7,NA,NA,1008.2,"METAR K3W7 282130Z AUTO 06007KT 10SM CLR 26/06 A2977 RMK AO2",2025-09-28 21:51:14.583102,2025-09-28 17:51:14.583147
"K4O4","Idabel/McCurtain Rgnl, OK, US",2025-09-28 21:15:00,"2025-09-28 21:15:00","VFR",28,15,30,4,10,NA,1018.4,"METAR K4O4 282115Z AUTO 03004G10KT 10SM CLR 28/15 A3007 RMK AO2",2025-09-28 21:51:14.589763,2025-09-28 17:51:14.589808
"K4M9","Corning Muni, AR, US",2025-09-28 21:15:00,"2025-09-28 21:15:00","VFR",30,18,90,8,NA,9,1019,"METAR K4M9 282115Z AUTO 09008KT 9SM CLR 30/18 A3009 RMK A01",2025-09-28 21:51:14.596407,2025-09-28 17:51:14.59645
"K4M3","Carlisle Muni, AR, US",2025-09-28 21:15:00,"2025-09-28 21:15:00",NA,30,14,40,6,NA,5,1017.7,"METAR K4M3 282115Z AUTO 04006KT 5SM HZ 30/14 A3005 RMK A01",2025-09-28 21:51:14.603043,2025-09-28 17:51:14.603097
"K46D","Carrington Muni, ND, US",2025-09-28 21:15:00,"2025-09-28 21:15:00","MVFR",29,12,170,8,NA,5,1013,"METAR K46D 282115Z AUTO 17008KT 5SM HZ CLR 29/12 A2991 RMK A01",2025-09-28 21:51:14.609761,2025-09-28 17:51:14.609811
"K4S2","Hood River/Jernstedt Arfld, OR, US",2025-09-28 21:15:00,"2025-09-28 21:15:00","VFR",24,7,300,10,18,NA,1008.2,"METAR K4S2 282115Z AUTO 30010G18KT 10SM CLR 24/07 A2977 RMK AO2",2025-09-28 21:51:14.61648,2025-09-28 17:51:14.616525
"K42J","Keystone Airpark, FL, US",2025-09-28 21:15:00,"2025-09-28 21:15:00","VFR",30,23,60,11,21,NA,1013,"METAR K42J 282115Z AUTO 06011G21KT 10SM FEW028 30/23 A2991 RMK A01",2025-09-28 21:51:14.623176,2025-09-28 17:51:14.62322
"K4B8","Plainville/Robertson Fld, CT, US",2025-09-28 21:15:00,"2025-09-28 21:15:00","VFR",28.8,14,0,0,NA,9,1016.3,"METAR K4B8 282115Z AUTO 00000KT 9SM CLR 29/14 A3001 RMK AO2 T02880140",2025-09-28 21:51:14.629739,2025-09-28 17:51:14.629789
"K3R7","Jennings Arpt, LA, US",2025-09-28 21:15:00,"2025-09-28 21:15:00","VFR",30.5,12.6,NA,NA,NA,NA,1015.3,"METAR K3R7 282115Z AUTO 10SM CLR 31/13 A2998 RMK AO2 T03050126",2025-09-28 21:51:14.636431,2025-09-28 17:51:14.636476
"K3T5","LaGrange/Fayette Rgnl, TX, US",2025-09-28 21:15:00,"2025-09-28 21:15:00","VFR",32.9,9,80,5,NA,NA,1014.6,"METAR K3T5 282115Z AUTO 08005KT 10SM CLR 33/09 A2996 RMK AO2 T03290090 $",2025-09-28 21:51:14.643121,2025-09-28 17:51:14.643168
"K3U3","Anaconda/Bowman Fld, MT, US",2025-09-28 21:15:00,"2025-09-28 21:15:00","VFR",27.7,-3.2,190,12,18,NA,1015.3,"METAR K3U3 282115Z AUTO 19012G18KT 10SM CLR 28/M03 A2998 RMK AO2 T02771032",2025-09-28 21:51:14.649825,2025-09-28 17:51:14.649871
"K5T9","Maverick County Arpt, TX, US",2025-09-28 21:35:00,"2025-09-28 16:35:00","VFR",33,12,120,8,15,NA,1014.6,"METAR K5T9 282135Z AUTO 12008G15KT 10SM CLR 33/12 A2996 RMK A01",2025-09-28 21:51:15.774857,2025-09-28 17:51:15.774902
"K57C","East Troy Muni, WI, US",2025-09-28 21:35:00,"2025-09-28 21:35:00","VFR",24.2,9.5,80,6,NA,NA,1022.1,"METAR K57C 282135Z AUTO 08006KT 10SM CLR 24/10 A3018 RMK AO2 T02420095",2025-09-28 21:51:15.78174,2025-09-28 17:51:15.781786
"K5R8","DeQuincey Ind Arpk, LA, US",2025-09-28 21:35:00,"2025-09-28 21:35:00","VFR",30.7,13,350,6,NA,NA,1015.7,"METAR K5R8 282135Z AUTO 35006KT 10SM CLR 31/13 A2999 RMK AO2 T03070130",2025-09-28 21:51:15.802027,2025-09-28 17:51:15.80207
"K5C1","Boerne/Stage Fld, TX, US",2025-09-28 21:35:00,"2025-09-28 21:35:00","VFR",31,11,20,3,NA,NA,1017,"METAR K5C1 282135Z AUTO 02003KT 10SM CLR 31/11 A3003 RMK AO1",2025-09-28 21:51:15.808681,2025-09-28 17:51:15.808725
"K6R3","Cleveland Muni, TX, US",2025-09-28 21:35:00,"2025-09-28 21:35:00","VFR",30.9,10.9,0,0,NA,NA,1016,"METAR K6R3 282135Z AUTO 00000KT 10SM CLR 31/11 A3000 RMK AO2 T03090109",2025-09-28 21:51:15.815351,2025-09-28 17:51:15.815398
"K65S","Bonners Ferry/Boundary Cnty, ID, US",2025-09-28 21:35:00,"2025-09-28 21:35:00","VFR",22,7,360,3,NA,9,1010.9,"METAR K65S 282135Z AUTO 36003KT 9SM CLR 22/07 A2985 RMK AO2",2025-09-28 21:51:15.821883,2025-09-28 17:51:15.821927
"K5A6","Winona/Montgomery Cnty, MS, US",2025-09-28 21:35:00,"2025-09-28 21:35:00","VFR",30.5,15.3,40,7,NA,NA,1016.3,"METAR K5A6 282135Z AUTO 04007KT 10SM SCT070 31/15 A3001 RMK AO2 T03050153",2025-09-28 21:51:15.828586,2025-09-28 17:51:15.828635
"K66R","Columbus/Well Arpt, TX, US",2025-09-28 21:35:00,"2025-09-28 21:35:00","VFR",32.9,11,30,4,NA,NA,1015.7,"METAR K66R 282135Z AUTO 03004KT 10SM CLR 33/11 A2999 RMK AO2 T03290110",2025-09-28 21:51:15.835221,2025-09-28 17:51:15.835285
"K6A1","Butler Muni, GA, US",2025-09-28 21:35:00,"2025-09-28 21:35:00","VFR",29,17.6,80,6,NA,NA,1016.7,"METAR K6A1 282135Z AUTO 08006KT 10SM SCT048 29/18 A3002 RMK AO2 T02900176",2025-09-28 21:51:15.841952,2025-09-28 17:51:15.841996
"K6E5","De Smet/Wilder Arpt, SD, US",2025-09-28 21:35:00,"2025-09-28 21:35:00","VFR",NA,NA,170,10,17,9,1017,"METAR K6E5 282135Z AUTO 17010G17KT 9SM CLR A3003 RMK AO2",2025-09-28 21:51:15.848586,2025-09-28 17:51:15.848631
"K6S0","Big Timber Arpt, MT, US",2025-09-28 21:25:00,"2025-09-28 21:25:00","VFR",28,-3,0,0,NA,NA,1015.7,"METAR K6S0 282125Z AUTO 00000KT 10SM CLR 28/M03 A2999 RMK A01",2025-09-28 21:51:15.855166,2025-09-28 17:51:15.855211
"K6S2","Florence Muni, OR, US",2025-09-28 21:15:00,"2025-09-28 14:15:00","VFR",17,13,220,9,15,NA,1011.3,"METAR K6S2 282115Z AUTO 22009G15KT 10SM CLR 17/13 A2986 RMK AO2",2025-09-28 21:51:15.86183,2025-09-28 17:51:15.861873
"K5A9","Warm Springs/Roosevelt Muni, GA, US",2025-09-28 21:15:00,"2025-09-28 21:15:00","VFR",29,17.5,90,9,NA,NA,1017.4,"METAR K5A9 282115Z AUTO 09009KT 10SM CLR 29/18 A3004 RMK AO2 T02900175",2025-09-28 21:51:15.868431,2025-09-28 17:51:15.868475
"K5H4","Harvey Muni, ND, US",2025-09-28 21:15:00,"2025-09-28 21:15:00","VFR",30,12,160,7,NA,9,1013,"METAR K5H4 282115Z AUTO 16007KT 9SM CLR 30/12 A2991 RMK AO2",2025-09-28 21:51:15.87494,2025-09-28 17:51:15.874984
"K6I2","Lebanon-Springfield/Hoerter Fld, KY, US",2025-09-28 21:15:00,"2025-09-28 21:15:00","VFR",30,12,50,6,NA,NA,1020.4,"METAR K6I2 282115Z AUTO 05006KT 10SM CLR 30/12 A3013 RMK AO2",2025-09-28 21:51:15.881608,2025-09-28 17:51:15.881652
"K54J","DeFuniak Springs Muni, FL, US",2025-09-28 21:15:00,"2025-09-28 21:15:00","VFR",32.1,17.1,50,7,NA,NA,1014,"METAR K54J 282115Z AUTO 05007KT 360V080 10SM CLR 32/17 A2994 RMK AO2 T03210171",2025-09-28 21:51:15.888204,2025-09-28 17:51:15.888248
"K6L4","Logan Cnty, WV, US",2025-09-28 21:15:00,"2025-09-28 21:15:00","VFR",26,14,20,4,10,NA,1021.8,"METAR K6L4 282115Z AUTO 02004G10KT 10SM CLR 26/14 A3017 RMK AO2",2025-09-28 21:51:15.894855,2025-09-28 17:51:15.8949
"K60R","Navasota Muni, TX, US",2025-09-28 21:15:00,"2025-09-28 21:15:00","VFR",33.1,11.6,NA,5,NA,9,1015.7,"METAR K60R 282115Z AUTO VRB05KT 9SM CLR 33/12 A2999 RMK AO2 SLP073 T03310116 $",2025-09-28 21:51:15.901454,2025-09-28 17:51:15.90153
"K6B9","Skaneateles Arpt, NY, US",2025-09-28 21:15:00,"2025-09-28 21:15:00","VFR",22,10,NA,3,NA,NA,1020.7,"METAR K6B9 282115Z AUTO VRB03KT 10SM CLR 22/10 A3014 RMK AO2",2025-09-28 21:51:15.908207,2025-09-28 17:51:15.908252
"K6R6","Dryden/Terrell Cnty, TX, US",2025-09-28 20:51:00,"2025-09-28 20:51:00",NA,33.3,8.3,110,15,22,NA,1017,"METAR K6R6 282051Z AUTO 11015G22KT 33/08 A3003 RMK AO1 SLP133 T03330083 58026",2025-09-28 21:51:15.914814,2025-09-28 17:51:15.914858
"K7S0","Ronan Aprt, MT, US",2025-09-28 21:35:00,"2025-09-28 21:35:00","VFR",24,4,340,7,NA,NA,1012.3,"METAR K7S0 282135Z AUTO 34007KT 10SM CLR 24/04 A2989 RMK A01",2025-09-28 21:51:17.05463,2025-09-28 17:51:17.054674
"K8V7","Springfield Muni, CO, US",2025-09-28 21:35:00,"2025-09-28 21:35:00","VFR",26,7,220,18,23,NA,1020.4,"METAR K8V7 282135Z AUTO 22018G23KT 10SM CLR 26/07 A3013 RMK AO2",2025-09-28 21:51:17.061286,2025-09-28 17:51:17.061335
"K8T6","George West/Live Oak Cnty, TX, US",2025-09-28 21:35:00,"2025-09-28 21:35:00","VFR",33,12,80,5,15,NA,1014.6,"METAR K8T6 282135Z AUTO 08005G15KT 10SM CLR 33/12 A2996 RMK AO2",2025-09-28 21:51:17.067995,2025-09-28 17:51:17.068039
"K74V","Roosevelt Muni, UT, US",2025-09-28 21:35:00,"2025-09-28 15:35:00",NA,16,10,NA,4,NA,NA,1021.4,"METAR K74V 282135Z AUTO VRB04KT 10SM 16/10 A3016 RMK AO2",2025-09-28 21:51:17.074817,2025-09-28 17:51:17.074866
"K82C","Mauston/New Lisbon Arpt, WI, US",2025-09-28 21:35:00,"2025-09-28 21:35:00","VFR",25,8,0,0,NA,NA,1021.4,"METAR K82C 282135Z AUTO 00000KT 10SM CLR 25/08 A3016 RMK AO2 T02500080",2025-09-28 21:51:17.081606,2025-09-28 17:51:17.081651
"K8A3","Livingston Muni, TN, US",2025-09-28 21:35:00,"2025-09-28 21:35:00","VFR",27,13,NA,6,NA,NA,1019.7,"METAR K8A3 282135Z AUTO VRB06KT 10SM CLR 27/13 A3011 RMK A01",2025-09-28 21:51:17.088447,2025-09-28 17:51:17.088491
"K81R","San Saba Muni, TX, US",2025-09-28 21:35:00,"2025-09-28 21:35:00","VFR",30.1,11.9,110,12,NA,NA,1018.4,"METAR K81R 282135Z AUTO 11012KT 10SM CLR 30/12 A3007 RMK AO2 PWINO T03010119",2025-09-28 21:51:17.095156,2025-09-28 17:51:17.095202
"K82V","Pine Bluffs Muni, WY, US",2025-09-28 21:35:00,"2025-09-28 21:35:00",NA,27,5,160,10,15,NA,1018.4,"METAR K82V 282135Z AUTO 16010G15KT 10SM 27/05 A3007 RMK AO2",2025-09-28 21:51:17.10189,2025-09-28 17:51:17.101933
"K8B0","Rangeley/Bean Muni, ME, US",2025-09-28 21:15:00,"2025-09-28 21:15:00","VFR",20,6,280,7,15,NA,1017,"METAR K8B0 282115Z AUTO 28007G15KT 10SM FEW055 20/06 A3003 RMK AO2",2025-09-28 21:51:17.108608,2025-09-28 17:51:17.108651
"K8W2","New Market Arpt, VA, US",2025-09-28 21:15:00,"2025-09-28 21:15:00","VFR",27.7,14,0,0,NA,NA,1020.1,"METAR K8W2 282115Z AUTO 00000KT 10SM CLR 28/14 A3012 RMK AO1 T02770140",2025-09-28 21:51:17.115388,2025-09-28 17:51:17.115434
"K77S","Creswell/Hobby Fld, OR, US",2025-09-28 21:15:00,"2025-09-28 21:15:00","VFR",22,11,0,0,NA,9,1010.2,"METAR K77S 282115Z AUTO 00000KT 9SM CLR 22/11 A2983 RMK A01",2025-09-28 21:51:17.121997,2025-09-28 17:51:17.122041
"K79S","Fort Benton Arpt, MT, US",2025-09-28 21:15:00,"2025-09-28 21:15:00","VFR",22.2,4.7,10,5,NA,NA,1015.3,"METAR K79S 282115Z AUTO 01005KT 10SM CLR 22/05 A2998 RMK AO2 T02220047",2025-09-28 21:51:17.128725,2025-09-28 17:51:17.12877
"K7L2","Linton Muni, ND, US",2025-09-28 21:15:00,"2025-09-28 21:15:00","VFR",28,13,190,14,20,NA,1013.3,"METAR K7L2 282115Z AUTO 19014G20KT 10SM CLR 28/13 A2992 RMK AO2",2025-09-28 21:51:17.135527,2025-09-28 17:51:17.13557
"K96D","Walhalla Muni, ND, US",2025-09-28 21:15:00,"2025-09-28 21:15:00","VFR",28,12,160,10,16,NA,1011.9,"METAR K96D 282115Z AUTO 16010G16KT 10SM CLR 28/12 A2988 RMK AO2",2025-09-28 21:51:17.142247,2025-09-28 17:51:17.142322
"K79J","Andalusia/Benton Fld, AL, US",2025-09-28 20:56:00,"2025-09-28 20:56:00","VFR",31.7,16.7,10,6,NA,NA,1014,"METAR K79J 282056Z AUTO 01006KT 10SM CLR 32/17 A2994 RMK AO2 SLP134 T03170167 56011 TSNO",2025-09-28 21:51:17.148928,2025-09-28 17:51:17.148975
"K8D3","Sisseton Muni, SD, US",2025-09-28 20:56:00,"2025-09-28 20:56:00",NA,28.9,9.4,170,11,19,NA,1015,"METAR K8D3 282056Z AUTO 17011G19KT 29/09 A2997 RMK AO1 SLP137 T02890094 56013 $",2025-09-28 21:51:17.155527,2025-09-28 17:51:17.155571
"KALN","Alton/St Louis Rgnl, IL, US",2025-09-28 21:50:00,"2025-09-28 16:50:00","VFR",31,10,NA,5,NA,NA,1020.1,"METAR KALN 282150Z VRB05KT 10SM CLR 31/10 A3012",2025-09-28 21:51:18.748335,2025-09-28 17:51:18.748379
"KASG","Springdale Muni, AR, US",2025-09-28 21:48:00,"2025-09-28 16:48:00","VFR",28,20,20,7,NA,NA,1020.4,"METAR KASG 282148Z 02007KT 10SM CLR 28/20 A3013",2025-09-28 21:51:18.755184,2025-09-28 17:51:18.755233
"KAEG","Albuquerque/Double Eagle Arpt, NM, US",2025-09-28 21:47:00,"2025-09-28 21:47:00","VFR",16,10,240,19,NA,NA,1024.1,"METAR KAEG 282147Z 24019KT 10SM RA BKN070 OVC090 16/10 A3024 RMK LTG DSNT SW",2025-09-28 21:51:18.761958,2025-09-28 17:51:18.762004
"KANE","Blaine/Anoka Cnty, MN, US",2025-09-28 21:45:00,"2025-09-28 21:45:00","VFR",26,5,150,8,NA,NA,1019.7,"METAR KANE 282145Z 15008KT 10SM CLR 26/05 A3011",2025-09-28 21:51:18.768675,2025-09-28 17:51:18.76872
"KARM","Wharton Rgnl, TX, US",2025-09-28 21:35:00,"2025-09-28 16:35:00","VFR",32.9,11.1,80,10,14,NA,1015.3,"METAR KARM 282135Z AUTO 08010G14KT 10SM CLR 33/11 A2998 RMK AO2 T03290111 TSNO",2025-09-28 21:51:18.775337,2025-09-28 17:51:18.775382
"KA39","Ak-Chin Rgnl, AZ, US",2025-09-28 21:35:00,"2025-09-28 21:35:00","VFR",31,13,0,0,NA,NA,1014.3,"METAR KA39 282135Z AUTO 00000KT 10SM CLR 31/13 A2995 RMK AO2",2025-09-28 21:51:18.781954,2025-09-28 17:51:18.781999
"KAAA","Lincoln/Logan Cnty, IL, US",2025-09-28 21:35:00,"2025-09-28 21:35:00","VFR",31.6,11.1,0,0,NA,NA,1020.1,"METAR KAAA 282135Z AUTO 00000KT 10SM CLR 32/11 A3012 RMK AO2 T03160111",2025-09-28 21:51:18.788615,2025-09-28 17:51:18.78866
"KACB","Bellaire/Antrim Cnty, MI, US",2025-09-28 21:35:00,"2025-09-28 17:35:00","VFR",22.7,7,0,0,NA,NA,1022.8,"METAR KACB 282135Z AUTO 00000KT 10SM CLR 23/07 A3020 RMK AO2 T02270070",2025-09-28 21:51:18.795298,2025-09-28 17:51:18.795355
"KAJG","Mount Carmel Muni, IL, US",2025-09-28 21:35:00,"2025-09-28 21:35:00","VFR",31.6,11.4,70,8,NA,NA,1020.1,"METAR KAJG 282135Z AUTO 07008KT 10SM CLR 32/11 A3012 RMK AO2 T03160114",2025-09-28 21:51:18.801975,2025-09-28 17:51:18.802022
"KARV","Woodruff/Lakeland Arpt, WI, US",2025-09-28 21:35:00,"2025-09-28 16:35:00","VFR",23.1,5.9,200,5,NA,NA,1022.1,"METAR KARV 282135Z AUTO 20005KT 10SM CLR 23/06 A3018 RMK AO2 T02310059",2025-09-28 21:51:18.80863,2025-09-28 17:51:18.808675
"KAIK","Aiken Muni, GA, US",2025-09-28 21:35:00,"2025-09-28 17:35:00","VFR",25.6,19.6,70,9,NA,NA,1018.4,"METAR KAIK 282135Z AUTO 07009KT 10SM SCT024 BKN033 26/20 A3007 RMK AO2 T02560196",2025-09-28 21:51:18.815315,2025-09-28 17:51:18.815365
"KAQX","Allendale Cnty Arpt, SC, US",2025-09-28 21:35:00,"2025-09-28 21:35:00","MVFR",26,22,20,6,NA,NA,1016,"METAR KAQX 282135Z AUTO 02006KT 10SM BKN024 BKN035 26/22 A3000 RMK AO2",2025-09-28 21:51:18.82199,2025-09-28 17:51:18.822036
"KAJR","Cornelia/Habersham Cnty, GA, US",2025-09-28 21:35:00,"2025-09-28 21:35:00","VFR",26.4,16.9,100,6,NA,NA,1019,"METAR KAJR 282135Z AUTO 10006KT 10SM CLR 26/17 A3009 RMK AO2 T02640169",2025-09-28 21:51:18.82867,2025-09-28 17:51:18.828716
"KAPY","Zapata Cnty, TX, US",2025-09-28 21:35:00,"2025-09-28 21:35:00","VFR",34.6,10,70,10,16,NA,1014.6,"METAR KAPY 282135Z AUTO 07010G16KT 10SM CLR 35/10 A2996 RMK AO2 T03460100",2025-09-28 21:51:18.835474,2025-09-28 17:51:18.835519
"K9S2","Scobey Arpt, MT, US",2025-09-28 21:35:00,"2025-09-28 21:35:00","VFR",29,5,20,14,NA,NA,1013.6,"METAR K9S2 282135Z AUTO 02014KT 10SM CLR 29/05 A2993 RMK AO2",2025-09-28 21:51:18.8422,2025-09-28 17:51:18.842243
"KAIT","Aitkin Muni, MN, US",2025-09-28 21:35:00,"2025-09-28 21:35:00","VFR",24,7,180,10,15,NA,1018.7,"METAR KAIT 282135Z AUTO 18010G15KT 10SM CLR 24/07 A3008 RMK AO2",2025-09-28 21:51:18.848982,2025-09-28 17:51:18.849029
"KAMN","Alma/Gratiot Communi, MI, US",2025-09-28 21:35:00,"2025-09-28 17:35:00","VFR",25,3,70,5,NA,NA,1022.1,"METAR KAMN 282135Z AUTO 07005KT 10SM CLR 25/03 A3018 RMK AO2",2025-09-28 21:51:18.855662,2025-09-28 17:51:18.855708
"KACQ","Waseca Muni, MN, US",2025-09-28 21:35:00,"2025-09-28 21:35:00","VFR",26,3,150,5,NA,NA,1020.4,"METAR KACQ 282135Z AUTO 15005KT 10SM CLR 26/03 A3013 RMK AO2",2025-09-28 21:51:18.876007,2025-09-28 17:51:18.876052
"KAEL","Albert Lea Muni, MN, US",2025-09-28 21:35:00,"2025-09-28 16:35:00","VFR",26.5,2.6,170,5,NA,NA,1020.4,"METAR KAEL 282135Z AUTO 17005KT 10SM CLR 26/03 A3013 RMK AO2 T02650026",2025-09-28 21:51:18.882763,2025-09-28 17:51:18.88281
"KAEJ","Buena Vista/Central Colorado Rgnl, CO, US",2025-09-28 21:35:00,"2025-09-28 21:35:00",NA,17.2,2.7,160,11,NA,NA,1025.5,"METAR KAEJ 282135Z AUTO 16011KT SCT080 SCT100 17/03 A3028 RMK AO2 LTG DSNT SW T01720027 PWINO",2025-09-28 21:51:18.889377,2025-09-28 17:51:18.889422
"K9S9","Lexington Arpt, OR, US",2025-09-28 21:35:00,"2025-09-28 21:35:00","VFR",27,2,360,5,11,NA,1009.6,"METAR K9S9 282135Z AUTO 36005G11KT 10SM CLR 27/02 A2981 RMK AO2",2025-09-28 21:51:18.896055,2025-09-28 17:51:18.89611
"KAAS","Campbellsville/Taylor Cnty, KY, US",2025-09-28 21:35:00,"2025-09-28 21:35:00","VFR",28,12,70,12,NA,NA,1021.8,"METAR KAAS 282135Z AUTO 07012KT 10SM CLR 28/12 A3017 RMK AO1",2025-09-28 21:51:18.902793,2025-09-28 17:51:18.902842
"KAFK","Nebraska City Muni, NE, US",2025-09-28 21:35:00,"2025-09-28 21:35:00","VFR",30,14.1,190,4,NA,NA,1019,"METAR KAFK 282135Z AUTO 19004KT 10SM CLR 30/14 A3009 RMK AO2 T03000141",2025-09-28 21:51:18.90959,2025-09-28 17:51:18.909634
"KAHQ","Wahoo Muni, NE, US",2025-09-28 21:35:00,"2025-09-28 21:35:00","VFR",30.9,7.4,150,9,NA,NA,1018.7,"METAR KAHQ 282135Z AUTO 15009KT 10SM CLR 31/07 A3008 RMK AO2 T03090074",2025-09-28 21:51:18.9162,2025-09-28 17:51:18.916244
"KAIO","Atlantic Muni, IA, US",2025-09-28 21:35:00,"2025-09-28 16:35:00","VFR",30,11,0,0,NA,NA,1018.7,"METAR KAIO 282135Z AUTO 00000KT 10SM CLR 30/11 A3008 RMK AO2",2025-09-28 21:51:18.922879,2025-09-28 17:51:18.922928
"KALX","Alexander City/Russell Fld, AL, US",2025-09-28 21:35:00,"2025-09-28 16:35:00","VFR",30.6,16.7,70,8,NA,NA,1016,"METAR KALX 282135Z AUTO 07008KT 030V100 10SM SCT060 31/17 A3000 RMK AO2 T03060167",2025-09-28 21:51:18.929583,2025-09-28 17:51:18.929627
"KANW","Ainsworth Muni, NE, US",2025-09-28 21:35:00,"2025-09-28 16:35:00","VFR",29.7,12,180,14,NA,NA,1017,"METAR KANW 282135Z AUTO 18014KT 10SM CLR 30/12 A3003 RMK AO2 T02970120",2025-09-28 21:51:18.936405,2025-09-28 17:51:18.936451
"KADH","Ada Muni, OK, US",2025-09-28 21:35:00,"2025-09-28 16:35:00","VFR",32,17,110,6,NA,NA,1018.4,"METAR KADH 282135Z AUTO 11006KT 10SM SCT060 32/17 A3007 RMK AO2",2025-09-28 21:51:18.943137,2025-09-28 17:51:18.943182
"KAIG","Antigo/Langlade Cnty, WI, US",2025-09-28 21:35:00,"2025-09-28 21:35:00","VFR",22.3,5.1,190,4,NA,NA,1023.1,"METAR KAIG 282135Z AUTO 19004KT 10SM CLR 22/05 A3021 RMK AO2 T02230051",2025-09-28 21:51:18.949813,2025-09-28 17:51:18.949859
"KANK","Salida/Alexander Fld, CO, US",2025-09-28 21:35:00,"2025-09-28 15:35:00","VFR",17.9,3.3,260,9,NA,9,1024.1,"METAR KANK 282135Z AUTO 26009KT 9SM BKN070 OVC090 18/03 A3024 RMK AO2 WSHFT 2116 T01790033",2025-09-28 21:51:18.956442,2025-09-28 17:51:18.956486
"KAQO","Llano Muni, TX, US",2025-09-28 21:35:00,"2025-09-28 21:35:00","VFR",31,11,NA,3,13,NA,1017.7,"METAR KAQO 282135Z AUTO VRB03G13KT 10SM CLR 31/11 A3005 RMK AO2",2025-09-28 21:51:18.963077,2025-09-28 17:51:18.963122
"KASN","Talladega Muni, AL, US",2025-09-28 21:35:00,"2025-09-28 16:35:00","VFR",31,18,60,8,NA,NA,1016,"METAR KASN 282135Z AUTO 06008KT 10SM SCT060 BKN070 31/18 A3000 RMK AO2",2025-09-28 21:51:18.969651,2025-09-28 17:51:18.969695
"KAFO","Afton Muni, WY, US",2025-09-28 21:35:00,"2025-09-28 15:35:00","VFR",15,10,40,6,NA,NA,1022.1,"METAR KAFO 282135Z AUTO 04006KT 10SM OVC070 15/10 A3018 RMK AO2 LTG DSNT NE AND W",2025-09-28 21:51:18.976411,2025-09-28 17:51:18.976457
"KADC","Wadena Muni, MN, US",2025-09-28 21:35:00,"2025-09-28 21:35:00","VFR",26,7,190,12,NA,NA,1017.7,"METAR KADC 282135Z AUTO 19012KT 10SM CLR 26/07 A3005 RMK AO2",2025-09-28 21:51:18.983019,2025-09-28 17:51:18.983064
"KACP","Oakdale/Parish Arpt, LA, US",2025-09-28 21:35:00,"2025-09-28 21:35:00","VFR",31,12,360,5,NA,NA,1015.3,"METAR KACP 282135Z AUTO 36005KT 10SM CLR 31/12 A2998 RMK AO2",2025-09-28 21:51:18.989692,2025-09-28 17:51:18.989737
"KAIB","Nucla/Hopkins Fld, CO, US",2025-09-28 21:35:00,"2025-09-28 21:35:00","VFR",23.1,5.1,200,8,20,NA,1022.8,"METAR KAIB 282135Z AUTO 20008G20KT 170V230 10SM VCTS CLR 23/05 A3020 RMK AO2 LTG DSNT NE AND E T02310051",2025-09-28 21:51:18.996367,2025-09-28 17:51:18.996412
"K9V9","Chamberlain Muni, SD, US",2025-09-28 21:35:00,"2025-09-28 21:35:00","VFR",30.7,14.1,170,13,20,NA,1016,"METAR K9V9 282135Z AUTO 17013G20KT 10SM CLR 31/14 A3000 RMK AO2 T03070141",2025-09-28 21:51:19.016019,2025-09-28 17:51:19.016067
"KAJZ","Delta/Blake Fld, CO, US",2025-09-28 21:35:00,"2025-09-28 21:35:00","VFR",25.9,7.1,100,10,NA,NA,1020.4,"METAR KAJZ 282135Z AUTO 10010KT 10SM VCTS SCT120 26/07 A3013 RMK AO2 LTG DSNT S T02590071",2025-09-28 21:51:19.022665,2025-09-28 17:51:19.022711
"KADU","Audubon Cnty Arpt, IA, US",2025-09-28 21:35:00,"2025-09-28 21:35:00","VFR",29,8,140,3,NA,NA,1019.7,"METAR KADU 282135Z AUTO 14003KT 10SM SCT036 SCT049 BKN065 29/08 A3011 RMK AO2 PWINO",2025-09-28 21:51:19.029353,2025-09-28 17:51:19.029404
"KAQP","Appleton Muni, MN, US",2025-09-28 21:33:00,"2025-09-28 21:33:00","VFR",29,3,0,0,NA,NA,1016.7,"METAR KAQP 282133Z AUTO 00000KT 10SM CLR 29/03 A3002 RMK AO2 TSNO",2025-09-28 21:51:19.036121,2025-09-28 17:51:19.036165
"KADT","Atwood/Rollins Cnty, KS, US",2025-09-28 21:30:00,"2025-09-28 21:30:00","VFR",30,10.4,160,11,19,NA,1019,"METAR KADT 282130Z AUTO 16011G19KT 10SM CLR 30/10 A3009 RMK AO2 T03000104",2025-09-28 21:51:19.043038,2025-09-28 17:51:19.043082
"KABQ","Albuquerque Intl, NM, US",2025-09-28 21:24:00,"2025-09-28 15:24:00","VFR",23.9,12.8,240,6,NA,NA,1022.1,"SPECI KABQ 282124Z 24006KT 10SM VCTS BKN045CB BKN100 24/13 A3018 RMK AO2 LTG DSNT ALQDS OCNL LTGICCG VC NE AND SE TS VC NE AND SE MOV NE CB DSNT SW-NW SHRA DSNT NE-SE AND SW-NW T02390128 $",2025-09-28 21:51:19.049761,2025-09-28 17:51:19.049808
"KAPF","Naples Muni, FL, US",2025-09-28 21:19:00,"2025-09-28 17:19:00","VFR",28.3,24.4,40,6,NA,NA,1009.9,"SPECI KAPF 282119Z 04006KT 10SM VCTS SCT036 BKN050 OVC065 28/24 A2982 RMK AO2 LTG DSNT SE AND NW RAE08 P0004 T02830244",2025-09-28 21:51:19.056674,2025-09-28 17:51:19.056719
"KANQ","Angola/Tri-State Arpt, IN, US",2025-09-28 21:15:00,"2025-09-28 17:15:00","VFR",29,15,310,6,NA,NA,1021.1,"METAR KANQ 282115Z AUTO 31006KT 10SM FEW055 29/15 A3015 RMK AO2",2025-09-28 21:51:19.063337,2025-09-28 17:51:19.063382
"KASL","Marshall/Harrison Cnty, TX, US",2025-09-28 21:15:00,"2025-09-28 16:15:00","VFR",29.7,15.7,NA,3,NA,NA,1017,"METAR KASL 282115Z AUTO VRB03KT 10SM CLR 30/16 A3003 RMK AO2 T02970157 $",2025-09-28 21:51:19.069988,2025-09-28 17:51:19.070033
"KALM","Alamogordo/White Sands Rgnl, NM, US",2025-09-28 21:15:00,"2025-09-28 15:15:00","IFR",23,16,340,4,NA,1,1020.1,"METAR KALM 282115Z AUTO 34004KT 1SM VCTS RA HZ SCT006 SCT030 OVC060 23/16 A3012 RMK AO2 LTG DSNT ALQDS",2025-09-28 21:51:19.076578,2025-09-28 17:51:19.076624
"KACJ","Americus/Carter Rgnl, GA, US",2025-09-28 21:15:00,"2025-09-28 21:15:00","VFR",29,18.1,50,6,NA,NA,1014.6,"METAR KACJ 282115Z AUTO 05006KT 10SM FEW055 29/18 A2996 RMK AO2 T02900181",2025-09-28 21:51:19.083223,2025-09-28 17:51:19.083316
"KAID","Anderson Muni, IN, US",2025-09-28 21:15:00,"2025-09-28 17:15:00","VFR",30.5,7,0,0,NA,NA,1020.4,"METAR KAID 282115Z AUTO 00000KT 10SM CLR 31/07 A3013 RMK AO2 T03050070",2025-09-28 21:51:19.089946,2025-09-28 17:51:19.08999
"KAGO","Magnolia Muni, AR, US",2025-09-28 21:15:00,"2025-09-28 16:15:00","VFR",30,16,NA,3,NA,NA,1017.4,"METAR KAGO 282115Z AUTO VRB03KT 10SM CLR 30/16 A3004 RMK A01",2025-09-28 21:51:19.096695,2025-09-28 17:51:19.09674
"K9Y1","Killdeer/Dunn Cnty, ND, US",2025-09-28 21:15:00,"2025-09-28 21:15:00","VFR",30,12,180,6,NA,NA,1011.9,"METAR K9Y1 282115Z AUTO 18006KT 10SM CLR 30/12 A2988 RMK AO2",2025-09-28 21:51:19.103345,2025-09-28 17:51:19.10339
"KAFF","Air Force Academy Arfld, CO, US",2025-09-28 21:12:00,"2025-09-28 15:12:00","VFR",24,3,150,18,26,NA,1020.4,"SPECI KAFF 282112Z AUTO 15018G26KT 10SM SCT080 BKN110 24/03 A3013 RMK AO2 WSHFT 05 SLP129",2025-09-28 21:51:19.109946,2025-09-28 17:51:19.109991
"KAJO","Corona Muni, CA, US",2025-09-28 20:56:00,"2025-09-28 20:56:00","VFR",26.7,15.6,NA,3,NA,NA,1015.7,"METAR KAJO 282056Z AUTO VRB03KT 10SM CLR 27/16 A2999 RMK AO2 SLP148 6//// T02670156 58017",2025-09-28 21:51:19.116635,2025-09-28 17:51:19.11668
"KART","Watertown Intl, NY, US",2025-09-28 20:56:00,"2025-09-28 16:56:00","VFR",21.7,16.1,250,9,NA,NA,1019.4,"METAR KART 282056Z AUTO 25009KT 10SM CLR 22/16 A3010 RMK AO2 SLP191 T02170161 53010",2025-09-28 21:51:19.123237,2025-09-28 17:51:19.123302
"KAND","Anderson Rgnl, SC, US",2025-09-28 20:56:00,"2025-09-28 16:56:00","VFR",28.9,16.7,90,8,NA,NA,1018,"METAR KAND 282056Z AUTO 09008KT 10SM CLR 29/17 A3006 RMK AO2 SLP168 T02890167 56010",2025-09-28 21:51:19.129903,2025-09-28 17:51:19.129947
"KARG","Walnut Ridge Rgnl, AR, US",2025-09-28 20:56:00,"2025-09-28 15:56:00","VFR",30.6,14.4,40,6,NA,NA,1019,"METAR KARG 282056Z AUTO 04006KT 10SM CLR 31/14 A3009 RMK AO2 SLP187 6//// T03060144 56015 $",2025-09-28 21:51:19.149435,2025-09-28 17:51:19.149503
"KASH","Nashua/Boire Fld, NH, US",2025-09-28 20:56:00,"2025-09-28 16:56:00","VFR",28.9,16.1,NA,5,NA,NA,1015,"METAR KASH 282056Z VRB05KT 10SM SCT080 29/16 A2997 RMK AO2 SLP146 T02890161 55004",2025-09-28 21:51:19.15661,2025-09-28 17:51:19.156654
"KAFJ","Washington Cnty Arpt, PA, US",2025-09-28 20:56:00,"2025-09-28 16:56:00","VFR",27.8,13.3,350,6,NA,NA,1021.8,"METAR KAFJ 282056Z AUTO 35006KT 10SM CLR 28/13 A3017 RMK AO2 SLP212 T02780133 56006 $",2025-09-28 21:51:19.163135,2025-09-28 17:51:19.16318
"KAAT","Alturas Muni, CA, US",2025-09-28 20:55:00,"2025-09-28 20:55:00","VFR",26.1,5,280,8,NA,NA,1015,"METAR KAAT 282055Z AUTO 28008KT 10SM FEW085 26/05 A2997 RMK AO2 SLP110 T02610050 58016",2025-09-28 21:51:19.169734,2025-09-28 17:51:19.169779
"KADW","Andrews AFB, MD, US",2025-09-28 20:55:00,"2025-09-28 16:55:00","VFR",28,18,60,3,NA,NA,1018.4,"METAR KADW 282055Z 06003KT 10SM SCT040 28/18 A3007 RMK SLPNO",2025-09-28 21:51:19.176418,2025-09-28 17:51:19.176469
"KANJ","Sault Ste Marie Muni, MI, US",2025-09-28 20:55:00,"2025-09-28 20:55:00","VFR",22.8,7.8,240,5,NA,NA,1021.4,"METAR KANJ 282055Z AUTO 24005KT 10SM CLR 23/08 A3016 RMK AO2 SLP211 T02280078 53002",2025-09-28 21:51:19.183119,2025-09-28 17:51:19.183164
"KAST","Astoria Rgnl, OR, US",2025-09-28 20:55:00,"2025-09-28 13:55:00","VFR",18.9,11.7,210,7,NA,NA,1009.6,"METAR KAST 282055Z AUTO 21007KT 180V240 10SM OVC033 19/12 A2981 RMK AO2 SLP093 T01890117 50002 $",2025-09-28 21:51:19.189919,2025-09-28 17:51:19.189967
"KAPG","Phillips(AAF), MD, US",2025-09-28 20:55:00,"2025-09-28 16:55:00","VFR",27,20.3,160,4,NA,NA,1018.4,"METAR KAPG 282055Z AUTO 16004KT 10SM CLR 27/20 A3007 RMK AO2 SLP185 T02700203 57005 $",2025-09-28 21:51:19.196559,2025-09-28 17:51:19.196605
"K9L2","Edwards AF Aux North, CA, US",2025-09-28 20:55:00,"2025-09-28 20:55:00","VFR",28.1,12.8,100,3,NA,NA,1015.3,"METAR K9L2 282055Z AUTO 10003KT 10SM CLR 28/13 A2998 RMK AO2 SLP130 T02810128 57016",2025-09-28 21:51:19.203243,2025-09-28 17:51:19.203309
"KAAO","Wichita/Jabara Arpt, KS, US",2025-09-28 20:54:00,"2025-09-28 20:54:00","VFR",30.6,13.9,220,6,NA,NA,1019,"METAR KAAO 282054Z AUTO 22006KT 10SM CLR 31/14 A3009 RMK AO2 SLP177 T03060139 56013",2025-09-28 21:51:19.209991,2025-09-28 17:51:19.210039
"KAPC","Napa Cnty Arpt, CA, US",2025-09-28 20:54:00,"2025-09-28 13:54:00","MVFR",18.9,15,180,8,NA,NA,1016,"METAR KAPC 282054Z 18008KT 10SM BR OVC023 19/15 A3000 RMK AO2 SLP149 T01890150 58004",2025-09-28 21:51:19.216673,2025-09-28 17:51:19.21672
"KACY","Atlantic City Intl, NJ, US",2025-09-28 20:54:00,"2025-09-28 16:54:00","VFR",25.6,18.9,150,7,NA,NA,1018,"METAR KACY 282054Z 15007KT 10SM CLR 26/19 A3006 RMK AO2 SLP179 T02560189 56002 $",2025-09-28 21:51:19.223506,2025-09-28 17:51:19.223553
"KALO","Waterloo Rgnl, IA, US",2025-09-28 20:54:00,"2025-09-28 15:54:00","VFR",28.3,10.6,0,0,NA,NA,1019.7,"METAR KALO 282054Z 00000KT 10SM CLR 28/11 A3011 RMK AO2 SLP194 T02830106 56015",2025-09-28 21:51:19.230173,2025-09-28 17:51:19.230217
"KAKR","Akron/Fulton Intl, OH, US",2025-09-28 20:54:00,"2025-09-28 16:54:00",NA,27.8,12.8,340,3,NA,NA,1020.7,"METAR KAKR 282054Z AUTO 34003KT CLR 28/13 A3014 RMK AO2 SLP200 T02780128 56002 $",2025-09-28 21:51:19.236944,2025-09-28 17:51:19.236997
"KAKH","Gastonia Muni, NC, US",2025-09-28 20:54:00,"2025-09-28 20:54:00","VFR",25,18.3,20,6,NA,NA,1019,"METAR KAKH 282054Z AUTO 02006KT 10SM FEW032 25/18 A3009 RMK AO2 SLP182 T02500183 55004",2025-09-28 21:51:19.243709,2025-09-28 17:51:19.243758
"KAPN","Alpena Cnty Rgnl, MI, US",2025-09-28 20:54:00,"2025-09-28 16:54:00","VFR",23.3,8.9,140,6,NA,NA,1022.4,"METAR KAPN 282054Z AUTO 14006KT 10SM CLR 23/09 A3019 RMK AO2 SLP224 T02330089 56002 $",2025-09-28 21:51:19.250378,2025-09-28 17:51:19.250423
"KAKQ","Norfolk Muni, VA, US",2025-09-28 20:54:00,"2025-09-28 20:54:00","VFR",24.4,19.4,0,0,NA,NA,1019,"METAR KAKQ 282054Z AUTO 00000KT 10SM CLR 24/19 A3009 RMK AO2 SLP188 T02440194 55004",2025-09-28 21:51:19.256994,2025-09-28 17:51:19.257039
"KANB","Anniston Metro, AL, US",2025-09-28 20:53:00,"2025-09-28 15:53:00","VFR",30.6,16.7,NA,4,NA,NA,1016.7,"METAR KANB 282053Z AUTO VRB04KT 10SM SCT055 31/17 A3002 RMK AO2 SLP158 T03060167 56010",2025-09-28 21:51:19.263669,2025-09-28 17:51:19.263716
"KARA","New Iberia/Acadiana Rgnl, LA, US",2025-09-28 20:53:00,"2025-09-28 15:53:00","VFR",31.1,15,40,7,NA,NA,1014.6,"METAR KARA 282053Z 04007KT 10SM CLR 31/15 A2996 RMK AO2 SLP145 T03110150 56016",2025-09-28 21:51:19.270282,2025-09-28 17:51:19.270332
"KASD","Slidell Arpt, LA, US",2025-09-28 20:53:00,"2025-09-28 20:53:00","VFR",32.8,15.6,80,5,NA,NA,1014,"METAR KASD 282053Z AUTO 08005KT 10SM SCT070 SCT090 33/16 A2994 RMK AO2 SLP138 T03280156 56015",2025-09-28 21:51:19.289577,2025-09-28 17:51:19.289625
"KAMA","Amarillo Intl Arpt, TX, US",2025-09-28 20:53:00,"2025-09-28 15:53:00","VFR",29.4,5,180,11,22,NA,1021.1,"METAR KAMA 282053Z 18011G22KT 10SM CLR 29/05 A3015 RMK AO2 SLP159 T02940050 56021",2025-09-28 21:51:19.296379,2025-09-28 17:51:19.296423
"KARB","Ann Arbor Muni, MI, US",2025-09-28 20:53:00,"2025-09-28 16:53:00","VFR",27.2,14.4,NA,5,NA,NA,1021.4,"METAR KARB 282053Z VRB05KT 10SM BKN050 27/14 A3016 RMK AO2 SLP208 T02720144 56003",2025-09-28 21:51:19.303109,2025-09-28 17:51:19.303152
"KAGC","Pittsburgh/Allegheny Cnty, PA, US",2025-09-28 20:53:00,"2025-09-28 16:53:00","VFR",27.2,12.2,360,5,NA,NA,1020.7,"METAR KAGC 282053Z 36005KT 10SM SCT038 27/12 A3014 RMK AO2 SLP204 T02720122 56007",2025-09-28 21:51:19.309737,2025-09-28 17:51:19.309781
"KAKO","Akron/Plains Rgnl, CO, US",2025-09-28 20:53:00,"2025-09-28 14:53:00","VFR",27.8,7.8,180,16,25,NA,1018,"METAR KAKO 282053Z AUTO 18016G25KT 160V220 10SM CLR 28/08 A3006 RMK AO2 PK WND 19027/2005 SLP123 T02780078 56015",2025-09-28 21:51:19.316483,2025-09-28 17:51:19.316528
"KAPA","Denver/Centennial Arpt, CO, US",2025-09-28 20:53:00,"2025-09-28 14:53:00","VFR",25,3.9,0,0,NA,NA,1019,"METAR KAPA 282053Z 00000KT 10SM SCT085 SCT130 BKN220 25/04 A3009 RMK AO2 SLP125 TCU DSNT W-NW T02500039 58013",2025-09-28 21:51:19.323224,2025-09-28 17:51:19.323286
"KAFW","Fort Worth/Alliance Arpt, TX, US",2025-09-28 20:53:00,"2025-09-28 15:53:00","VFR",30,13.3,60,6,NA,NA,1018,"METAR KAFW 282053Z 06006KT 10SM SCT060 BKN250 30/13 A3006 RMK AO2 SLP166 T03000133 56018 $",2025-09-28 21:51:19.329879,2025-09-28 17:51:19.329923
"KABR","Aberdeen Rgnl, SD, US",2025-09-28 20:53:00,"2025-09-28 15:53:00","VFR",29.4,11.1,180,15,27,NA,1013.6,"METAR KABR 282053Z AUTO 18015G27KT 10SM CLR 29/11 A2993 RMK AO2 PK WND 18028/2022 SLP134 60000 T02940111 58015 PWINO $",2025-09-28 21:51:19.33673,2025-09-28 17:51:19.336773
"KACV","Arcata Arpt, CA, US",2025-09-28 20:53:00,"2025-09-28 13:53:00","VFR",17.2,12.2,240,7,NA,9,1013.3,"METAR KACV 282053Z AUTO 24007KT 9SM CLR 17/12 A2992 RMK AO2 SLP137 T01720122 58010",2025-09-28 21:51:19.343388,2025-09-28 17:51:19.343444
"KASE","Aspen/Pitkin Cnty, CO, US",2025-09-28 20:53:00,"2025-09-28 14:53:00","VFR",15.6,3.9,260,8,19,NA,1025.1,"METAR KASE 282053Z COR 26008G19KT 10SM FEW023 BKN047 16/04 A3027 RMK AO2 LTG DSNT NW SLP155 T01560039 55003",2025-09-28 21:51:19.350052,2025-09-28 17:51:19.350098
"KAOH","Lima/Allen Cnty, OH, US",2025-09-28 20:53:00,"2025-09-28 16:53:00","VFR",30,10,NA,4,NA,NA,1020.4,"METAR KAOH 282053Z AUTO VRB04KT 10SM CLR 30/10 A3013 RMK AO2 SLP198 T03000100 56007",2025-09-28 21:51:19.35672,2025-09-28 17:51:19.356766
"KAAF","Apalachicola Muni, FL, US",2025-09-28 20:53:00,"2025-09-28 16:53:00","VFR",30,23.9,160,9,NA,NA,1012.6,"METAR KAAF 282053Z AUTO 16009KT 10SM CLR 30/24 A2990 RMK AO2 SLP126 T03000239 56009 $",2025-09-28 21:51:19.363347,2025-09-28 17:51:19.363392
"KABY","Albany/SW Georgia Rgnl, GA, US",2025-09-28 20:53:00,"2025-09-28 16:53:00","VFR",32.8,17.8,50,9,17,NA,1015,"METAR KABY 282053Z 05009G17KT 10SM FEW060 FEW090 33/18 A2997 RMK AO2 SLP145 T03280178 56013",2025-09-28 21:51:19.370018,2025-09-28 17:51:19.370062
"KADG","Adrian/Lenawee Cnty, MI, US",2025-09-28 20:53:00,"2025-09-28 16:53:00","VFR",28.9,15,350,7,NA,8,1021.4,"METAR KADG 282053Z AUTO 35007KT 8SM FEW003 29/15 A3016 RMK AO2 SLP210 T02890150 55001 $",2025-09-28 21:51:19.376603,2025-09-28 17:51:19.37665
"KACK","Nantucket Mem Arpt, MA, US",2025-09-28 20:53:00,"2025-09-28 16:53:00","VFR",18.9,17.2,210,8,NA,NA,1017,"METAR KACK 282053Z 21008KT 10SM SCT007 19/17 A3003 RMK AO2 SLP170 T01890172 55005",2025-09-28 21:51:19.383258,2025-09-28 17:51:19.383323
"KAEX","Alexandria Intl, LA, US",2025-09-28 20:53:00,"2025-09-28 15:53:00","VFR",30.6,12.8,350,9,NA,NA,1016,"METAR KAEX 282053Z 35009KT 10SM CLR 31/13 A3000 RMK AO2 SLP161 T03060128 56018 $",2025-09-28 21:51:19.389848,2025-09-28 17:51:19.389894
"KAGS","Augusta Rgnl, GA, US",2025-09-28 20:53:00,"2025-09-28 16:53:00","VFR",27.8,19.4,70,11,NA,NA,1016.3,"METAR KAGS 282053Z 07011KT 10SM FEW033 28/19 A3001 RMK AO2 SLP161 T02780194 58002",2025-09-28 21:51:19.396535,2025-09-28 17:51:19.39658
"KAIA","Alliance Muni, NE, US",2025-09-28 20:53:00,"2025-09-28 14:53:00","VFR",28.3,9.4,170,14,27,NA,1017,"METAR KAIA 282053Z AUTO 17014G27KT 10SM CLR 28/09 A3003 RMK AO2 PK WND 16027/2049 SLP133 T02830094 56014",2025-09-28 21:51:19.403156,2025-09-28 17:51:19.403201
"KALI","Alice Intl, TX, US",2025-09-28 20:53:00,"2025-09-28 15:53:00","VFR",32.2,13.9,NA,4,NA,NA,1015,"METAR KALI 282053Z AUTO VRB04KT 10SM SCT075 32/14 A2997 RMK AO2 SLP147 T03220139 56019 $",2025-09-28 21:51:19.409825,2025-09-28 17:51:19.40987
"KAMG","Alma/Bacon Cnty, GA, US",2025-09-28 20:53:00,"2025-09-28 20:53:00","VFR",30,19.4,NA,NA,NA,NA,1014.3,"METAR KAMG 282053Z AUTO 10SM FEW050 SCT080 BKN100 30/19 A2995 RMK AO2 SLP139 T03000194 56011",2025-09-28 21:51:19.429122,2025-09-28 17:51:19.429167
"KAMW","Ames Muni, IA, US",2025-09-28 20:53:00,"2025-09-28 15:53:00","VFR",29.4,14.4,NA,4,NA,NA,1019,"METAR KAMW 282053Z AUTO VRB04KT 10SM CLR 29/14 A3009 RMK AO2 SLP184 T02940144 56017",2025-09-28 21:51:19.436085,2025-09-28 17:51:19.436129
"KAOO","Altoona/Blair Cnty, PA, US",2025-09-28 20:53:00,"2025-09-28 16:53:00","VFR",28.3,11.7,10,7,NA,NA,1020.7,"METAR KAOO 282053Z AUTO 01007KT 10SM SCT065 28/12 A3014 RMK AO2 SLP198 T02830117 55006 $",2025-09-28 21:51:19.442887,2025-09-28 17:51:19.442936
"KAQW","North Adams/Harriman West Arpt, MA, US",2025-09-28 20:52:00,"2025-09-28 20:52:00",NA,NA,NA,NA,NA,NA,NA,1016.7,"METAR KAQW 282052Z AUTO A3002 RMK AO2 SLPNO 55000 PWINO FZRANO $",2025-09-28 21:51:19.449516,2025-09-28 17:51:19.449558
"KARR","Aurora Muni, IL, US",2025-09-28 20:52:00,"2025-09-28 15:52:00","VFR",30,16.7,120,6,NA,7,1020.7,"METAR KARR 282052Z 12006KT 7SM FEW065 30/17 A3014 RMK AO2 SLP202 T03000167 56011",2025-09-28 21:51:19.456239,2025-09-28 17:51:19.456319
"KAFN","Jaffrey Muni, NH, US",2025-09-28 20:52:00,"2025-09-28 16:52:00","VFR",27.2,13.3,NA,5,NA,NA,1016.7,"METAR KAFN 282052Z AUTO VRB05KT 10SM SCT070 27/13 A3002 RMK AO2 SLP164 T02720133 55001",2025-09-28 21:51:19.463227,2025-09-28 17:51:19.463292
"KABI","Abilene Rgnl, TX, US",2025-09-28 20:52:00,"2025-09-28 15:52:00","VFR",30,12.2,80,4,NA,NA,1019,"METAR KABI 282052Z 08004KT 10SM CLR 30/12 A3009 RMK AO2 SLP165 T03000122 56019 $",2025-09-28 21:51:19.47039,2025-09-28 17:51:19.470436
"KALS","Alamosa/Bergman Fld, CO, US",2025-09-28 20:52:00,"2025-09-28 14:52:00","VFR",17.8,5,290,6,NA,NA,1025.5,"METAR KALS 282052Z AUTO 29006KT 10SM FEW041 SCT050 BKN065 18/05 A3028 RMK AO2 SLP177 T01780050 58018",2025-09-28 21:51:19.477133,2025-09-28 17:51:19.477183
"KACT","Waco Rgnl, TX, US",2025-09-28 20:51:00,"2025-09-28 15:51:00","VFR",31.1,14.4,30,9,NA,NA,1017.4,"METAR KACT 282051Z 03009KT 10SM CLR 31/14 A3004 RMK AO2 SLP167 T03110144 56020",2025-09-28 21:51:19.48379,2025-09-28 17:51:19.483835
"KALB","Albany Intl, NY, US",2025-09-28 20:51:00,"2025-09-28 16:51:00","VFR",27.8,15,280,11,NA,NA,1017,"METAR KALB 282051Z 28011KT 10SM FEW055 FEW070 FEW240 28/15 A3003 RMK AO2 SLP166 T02780150 53006",2025-09-28 21:51:19.490453,2025-09-28 17:51:19.490498
"KABE","Allentown/Lehigh Valley Intl, PA, US",2025-09-28 20:51:00,"2025-09-28 16:51:00","VFR",30,13.9,340,7,NA,NA,1017.7,"METAR KABE 282051Z 34007KT 10SM CLR 30/14 A3005 RMK AO2 SLP173 T03000139 55006 $",2025-09-28 21:51:19.497061,2025-09-28 17:51:19.497104
"KAHN","Athens/Epps Arpt, GA, US",2025-09-28 20:51:00,"2025-09-28 16:51:00","VFR",28.9,18.9,60,8,NA,NA,1017.7,"METAR KAHN 282051Z 06008KT 10SM CLR 29/19 A3005 RMK AO2 SLP169 T02890189 56008",2025-09-28 21:51:19.503767,2025-09-28 17:51:19.503812
"KADM","Ardmore Muni, OK, US",2025-09-28 20:50:00,"2025-09-28 15:50:00","VFR",30,15,0,0,NA,NA,1018,"METAR KADM 282050Z 00000KT 10SM CLR 30/15 A3006",2025-09-28 21:51:19.510376,2025-09-28 17:51:19.51042
"KADS","Dallas/Addison Arpt, TX, US",2025-09-28 20:47:00,"2025-09-28 15:47:00","VFR",29,13,120,6,NA,13,1018.4,"METAR KADS 282047Z 12006KT 13SM SCT060 29/13 A3007",2025-09-28 21:51:19.516911,2025-09-28 17:51:19.516954
"KBIF","Biggs(AAF), TX, US",2025-09-28 21:48:00,"2025-09-28 15:48:00","VFR",27,14,60,22,26,9,1018.4,"SPECI KBIF 282148Z AUTO 06022G26KT 9SM TS FEW050 BKN060 BKN070 BKN095 27/14 A3007 RMK AO2 RAB04E15 TSB48 SLP122 $",2025-09-28 21:51:20.868129,2025-09-28 17:51:20.868173
"KATW","Appleton/Outagamie Cnty, WI, US",2025-09-28 21:45:00,"2025-09-28 16:45:00","VFR",25,-2,0,0,NA,NA,1022.4,"METAR KATW 282145Z 00000KT 10SM CLR 25/M02 A3019",2025-09-28 21:51:20.874878,2025-09-28 17:51:20.874921
"KBAK","Columbus Muni, IN, US",2025-09-28 21:45:00,"2025-09-28 17:45:00","VFR",30,10,0,0,NA,NA,1020.1,"METAR KBAK 282145Z 00000KT 10SM CLR 30/10 A3012",2025-09-28 21:51:20.881645,2025-09-28 17:51:20.881689
"KAVX","Avalon/Catalina Arpt, CA, US",2025-09-28 21:42:00,"2025-09-28 14:42:00","IFR",18.3,15.6,250,8,NA,NA,1017,"SPECI KAVX 282142Z AUTO 25008KT 10SM BKN009 OVC021 18/16 A3003 RMK AO2 CIG 005V013 T01830156 $",2025-09-28 21:51:20.888255,2025-09-28 17:51:20.888321
"KAXS","Altus/Quartz Mtn Rgnl, OK, US",2025-09-28 21:35:00,"2025-09-28 16:35:00","VFR",31,11,100,6,11,NA,1018.7,"METAR KAXS 282135Z AUTO 10006G11KT 10SM CLR 31/11 A3008 RMK AO2",2025-09-28 21:51:20.895025,2025-09-28 17:51:20.89507
"KAZC","Colorado City Muni, AZ, US",2025-09-28 21:35:00,"2025-09-28 21:35:00","VFR",25,6,110,4,NA,NA,1020.4,"METAR KAZC 282135Z AUTO 11004KT 10SM CLR 25/06 A3013 RMK AO2",2025-09-28 21:51:20.901704,2025-09-28 17:51:20.901748
"KBDH","Willmar Muni, MN, US",2025-09-28 21:35:00,"2025-09-28 16:35:00","VFR",28,7,160,12,NA,NA,1017.7,"METAR KBDH 282135Z AUTO 16012KT 10SM CLR 28/07 A3005 RMK AO2",2025-09-28 21:51:20.908392,2025-09-28 17:51:20.908437
"KAWG","Washington Muni, IA, US",2025-09-28 21:35:00,"2025-09-28 21:35:00","VFR",31,14,210,8,NA,NA,1019,"METAR KAWG 282135Z AUTO 21008KT 160V230 10SM CLR 31/14 A3009 RMK AO2",2025-09-28 21:51:20.915155,2025-09-28 17:51:20.915199
"KBBB","Benson Muni, MN, US",2025-09-28 21:35:00,"2025-09-28 16:35:00","VFR",29,8,180,12,18,NA,1017,"METAR KBBB 282135Z AUTO 18012G18KT 10SM CLR 29/08 A3003 RMK AO2",2025-09-28 21:51:20.921828,2025-09-28 17:51:20.921874
"KAUM","Austin Muni, MN, US",2025-09-28 21:35:00,"2025-09-28 16:35:00","VFR",27,4,0,0,NA,NA,1020.7,"METAR KAUM 282135Z AUTO 00000KT 10SM CLR 27/04 A3014 RMK AO2",2025-09-28 21:51:20.928574,2025-09-28 17:51:20.928619
"KBDU","Boulder Muni, CO, US",2025-09-28 21:35:00,"2025-09-28 15:35:00","VFR",23,8,0,0,NA,NA,1018.7,"METAR KBDU 282135Z AUTO 00000KT 10SM CLR 23/08 A3008 RMK AO2 LTG DSNT W AND NW",2025-09-28 21:51:20.935241,2025-09-28 17:51:20.935307
"KAUN","Auburn Muni, CA, US",2025-09-28 21:35:00,"2025-09-28 14:35:00","VFR",18,14,240,6,NA,NA,1016.3,"METAR KAUN 282135Z AUTO 24006KT 10SM SCT019 SCT023 18/14 A3001 RMK A01",2025-09-28 21:51:20.941991,2025-09-28 17:51:20.942042
"KBQK","Brunswick/Golden Isles Arpt, GA, US",2025-09-28 21:35:00,"2025-09-28 17:35:00","VFR",27,22.4,40,10,17,NA,1014.6,"METAR KBQK 282135Z AUTO 04010G17KT 10SM SCT023 SCT029 27/22 A2996 RMK AO2 T02700224",2025-09-28 21:51:20.948596,2025-09-28 17:51:20.948641
"KAXA","Algona Muni, IA, US",2025-09-28 21:35:00,"2025-09-28 16:35:00","VFR",28,2,130,7,NA,NA,1019.4,"METAR KAXA 282135Z AUTO 13007KT 10SM CLR 28/02 A3010 RMK A01",2025-09-28 21:51:20.955203,2025-09-28 17:51:20.955248
"KBNW","Boone Muni, IA, US",2025-09-28 21:35:00,"2025-09-28 16:35:00","VFR",29,13,0,0,NA,9,1019,"METAR KBNW 282135Z AUTO 00000KT 9SM CLR 29/13 A3009 RMK AO2",2025-09-28 21:51:20.961737,2025-09-28 17:51:20.961781
"KBNL","Barnwell Cnty, SC, US",2025-09-28 21:35:00,"2025-09-28 17:35:00","VFR",25,21,350,6,NA,NA,1016.7,"METAR KBNL 282135Z AUTO 35006KT 10SM CLR 25/21 A3002 RMK AO2",2025-09-28 21:51:20.968282,2025-09-28 17:51:20.968331
"KAXH","Houston/SW Arpt, TX, US",2025-09-28 21:35:00,"2025-09-28 21:35:00","VFR",31.8,12.7,30,5,NA,NA,1015.3,"METAR KAXH 282135Z AUTO 03005KT 10SM CLR 32/13 A2998 RMK AO2 T03180127",2025-09-28 21:51:20.974965,2025-09-28 17:51:20.975011
"KBTA","Blair Muni, NE, US",2025-09-28 21:35:00,"2025-09-28 21:35:00","VFR",30.1,10.1,130,6,NA,NA,1019,"METAR KBTA 282135Z AUTO 13006KT 10SM CLR 30/10 A3009 RMK AO2 T03010101",2025-09-28 21:51:20.981616,2025-09-28 17:51:20.98166
"KBPG","Big Springs/McMahon , TX, US",2025-09-28 21:35:00,"2025-09-28 16:35:00","VFR",28.6,8.2,10,10,NA,NA,1019.4,"METAR KBPG 282135Z AUTO 01010KT 10SM CLR 29/08 A3010 RMK AO2 T02860082",2025-09-28 21:51:21.009758,2025-09-28 17:51:21.009805
"KAUH","Aurora/Potter Fld, NE, US",2025-09-28 21:35:00,"2025-09-28 21:35:00","VFR",31.9,15.6,180,9,14,NA,1018,"METAR KAUH 282135Z AUTO 18009G14KT 10SM CLR 32/16 A3006 RMK AO2 T03190156",2025-09-28 21:51:21.016994,2025-09-28 17:51:21.01704
"KBJI","Bemidji Municip, MN, US",2025-09-28 21:35:00,"2025-09-28 16:35:00","VFR",26.5,5.9,190,12,18,NA,1016.7,"METAR KBJI 282135Z AUTO 19012G18KT 10SM CLR 27/06 A3002 RMK AO2 T02650059",2025-09-28 21:51:21.023656,2025-09-28 17:51:21.023701
"KBCK","Black River Falls Arpt, WI, US",2025-09-28 21:35:00,"2025-09-28 21:35:00","VFR",25.2,7.3,130,3,NA,NA,1021.4,"METAR KBCK 282135Z AUTO 13003KT 10SM CLR 25/07 A3016 RMK AO2 T02520073",2025-09-28 21:51:21.030219,2025-09-28 17:51:21.030281
"KBIJ","Blakely/Early Cnty, GA, US",2025-09-28 21:35:00,"2025-09-28 21:35:00","VFR",30,16,60,8,14,NA,1014.6,"METAR KBIJ 282135Z AUTO 06008G14KT 10SM CLR 30/16 A2996 RMK AO2",2025-09-28 21:51:21.036874,2025-09-28 17:51:21.036918
"KBGF","Winchester Muni, TN, US",2025-09-28 21:35:00,"2025-09-28 21:35:00","VFR",28,17,NA,NA,NA,NA,1018.4,"METAR KBGF 282135Z AUTO 10SM SCT060 SCT070 28/17 A3007 RMK A01",2025-09-28 21:51:21.043682,2025-09-28 17:51:21.043729
"KBAX","Bad Axe/Huron Cnty, MI, US",2025-09-28 21:35:00,"2025-09-28 21:35:00","VFR",22.5,7.2,40,4,NA,NA,1022.4,"METAR KBAX 282135Z AUTO 04004KT 10SM SCT110 23/07 A3019 RMK AO2 T02250072",2025-09-28 21:51:21.050633,2025-09-28 17:51:21.050682
"KBAM","Battle Mountain Arpt, NV, US",2025-09-28 21:35:00,"2025-09-28 14:35:00","VFR",30,4,240,6,NA,NA,1015.3,"METAR KBAM 282135Z AUTO 24006KT 10SM SCT095 30/04 A2998 RMK AO1",2025-09-28 21:51:21.05783,2025-09-28 17:51:21.057876
"KAXV","Wapakoneta/Armstrong Arpt, OH, US",2025-09-28 21:35:00,"2025-09-28 17:35:00","VFR",NA,NA,0,0,NA,NA,1020.4,"METAR KAXV 282135Z AUTO 00000KT 10SM OVC080 A3013 RMK AO2",2025-09-28 21:51:21.064692,2025-09-28 17:51:21.064739
"KBBP","Bennettsville/Marlboro Jetport, SC, US",2025-09-28 21:35:00,"2025-09-28 17:35:00","VFR",26,21,30,4,NA,NA,1017.7,"METAR KBBP 282135Z AUTO 03004KT 10SM CLR 26/21 A3005 RMK AO2",2025-09-28 21:51:21.071909,2025-09-28 17:51:21.071956
"KBTN","Britton Muni, SD, US",2025-09-28 21:35:00,"2025-09-28 16:35:00","VFR",29,12,180,16,NA,NA,1014,"METAR KBTN 282135Z AUTO 18016KT 10SM CLR 29/12 A2994 RMK AO2",2025-09-28 21:51:21.078843,2025-09-28 17:51:21.078893
"KAVK","Alva Muni, OK, US",2025-09-28 21:35:00,"2025-09-28 21:35:00","VFR",32,13,150,9,14,NA,1018,"METAR KAVK 282135Z AUTO 15009G14KT 10SM CLR 32/13 A3006 RMK A01",2025-09-28 21:51:21.086092,2025-09-28 17:51:21.086138
"KBFR","Bedford/Grissom Arpt, IN, US",2025-09-28 21:35:00,"2025-09-28 17:35:00",NA,30,15,NA,5,NA,NA,1020.7,"METAR KBFR 282135Z AUTO VRB05KT 10SM 30/15 A3014 RMK AO2",2025-09-28 21:51:21.09335,2025-09-28 17:51:21.093396
"KBMC","Brigham City Arpt, UT, US",2025-09-28 21:35:00,"2025-09-28 15:35:00","VFR",26,7,180,9,NA,NA,1017,"METAR KBMC 282135Z AUTO 18009KT 10SM FEW070 26/07 A3003 RMK AO2",2025-09-28 21:51:21.100302,2025-09-28 17:51:21.100351
"KBMT","Beaumont Muni, TX, US",2025-09-28 21:35:00,"2025-09-28 16:35:00","VFR",30.6,10,110,5,NA,NA,1015.3,"METAR KBMT 282135Z AUTO 11005KT 10SM CLR 31/10 A2998 RMK AO2 T03060100",2025-09-28 21:51:21.107202,2025-09-28 17:51:21.107248
"KASW","Warsaw Muni, IN, US",2025-09-28 21:35:00,"2025-09-28 21:35:00","VFR",28,16.3,30,3,NA,NA,1021.1,"METAR KASW 282135Z AUTO 03003KT 10SM SCT070 27/16 A3015 RMK AO2 T02800163",2025-09-28 21:51:21.114079,2025-09-28 17:51:21.114127
"KBOW","Bartow Muni, FL, US",2025-09-28 21:35:00,"2025-09-28 17:35:00","VFR",29,24,70,11,NA,NA,1011.6,"METAR KBOW 282135Z AUTO 07011KT 10SM CLR 29/24 A2987 RMK AO2 PWINO",2025-09-28 21:51:21.120935,2025-09-28 17:51:21.120982
"KBFA","Boyne Falls Arpt, MI, US",2025-09-28 21:35:00,"2025-09-28 21:35:00","VFR",23,10,320,6,NA,NA,1022.8,"METAR KBFA 282135Z AUTO 32006KT 10SM CLR 23/10 A3020 RMK AO2",2025-09-28 21:51:21.127783,2025-09-28 17:51:21.127831
"KBBD","Brady/Curtis Fld, TX, US",2025-09-28 21:35:00,"2025-09-28 16:35:00","VFR",30,10,70,8,15,NA,1018,"METAR KBBD 282135Z AUTO 07008G15KT 10SM CLR 30/10 A3006 RMK AO2",2025-09-28 21:51:21.13474,2025-09-28 17:51:21.134785
"KAYS","Waycross/Ware Cnty, GA, US",2025-09-28 21:35:00,"2025-09-28 17:35:00",NA,29.7,20.3,80,10,NA,NA,1014.3,"METAR KAYS 282135Z AUTO 08010KT SCT047 SCT060 30/20 A2995 RMK AO2 T02970203 PWINO",2025-09-28 21:51:21.15458,2025-09-28 17:51:21.154628
"KAVQ","Tucson/Marana Rgnl, AZ, US",2025-09-28 21:35:00,"2025-09-28 14:35:00","VFR",31,11,350,8,NA,NA,1014,"METAR KAVQ 282135Z AUTO 35008KT 10SM BKN090 BKN120 31/11 A2994 RMK AO2",2025-09-28 21:51:21.16213,2025-09-28 17:51:21.162186
"KBHC","Baxley Muni, GA, US",2025-09-28 21:35:00,"2025-09-28 21:35:00","VFR",31,19,70,5,NA,NA,1014.6,"METAR KBHC 282135Z AUTO 07005KT 10SM SCT090 SCT110 31/19 A2996 RMK AO2 PNO",2025-09-28 21:51:21.169054,2025-09-28 17:51:21.169098
"KBEC","Wichita/Beech Factory Arpt, KS, US",2025-09-28 21:35:00,"2025-09-28 16:35:00","VFR",29.5,14.8,170,8,NA,NA,1019,"METAR KBEC 282135Z AUTO 17008KT 10SM CLR 30/15 A3009 RMK AO2 T02950148",2025-09-28 21:51:21.175832,2025-09-28 17:51:21.175887
"KAXX","Angel Fire Arpt, NM, US",2025-09-28 21:35:00,"2025-09-28 15:35:00","VFR",17.9,2,240,11,16,NA,1027.5,"METAR KAXX 282135Z AUTO 24011G16KT 10SM CLR 18/02 A3034 RMK AO2 T01790020",2025-09-28 21:51:21.183008,2025-09-28 17:51:21.183056
"KBGE","Bainbridge/Decatur Cnty, GA, US",2025-09-28 21:35:00,"2025-09-28 17:35:00","VFR",32.1,16.8,50,12,NA,NA,1013.6,"METAR KBGE 282135Z AUTO 05012KT 10SM CLR 32/17 A2993 RMK AO2 T03210168",2025-09-28 21:51:21.189925,2025-09-28 17:51:21.189972
"KBKD","Breckenridge/Stephens Cnty, TX, US",2025-09-28 21:35:00,"2025-09-28 16:35:00",NA,31.4,10.1,140,7,NA,NA,1018.4,"METAR KBKD 282135Z AUTO 14007KT CLR 31/10 A3007 RMK AO2 T03140101",2025-09-28 21:51:21.19696,2025-09-28 17:51:21.197005
"KBDN","Bend Muni, OR, US",2025-09-28 21:30:00,"2025-09-28 21:30:00","VFR",29,2,240,10,NA,NA,1010.2,"METAR KBDN 282130Z AUTO 24010KT 10SM CLR 29/02 A2983 RMK AO2",2025-09-28 21:51:21.203784,2025-09-28 17:51:21.20383
"KBQP","Morehouse Mem Arpt, LA, US",2025-09-28 21:30:00,"2025-09-28 21:30:00","VFR",31,13.4,30,4,NA,NA,1017,"METAR KBQP 282130Z AUTO 03004KT 10SM CLR 31/13 A3003 RMK AO2 T03100134 PWINO",2025-09-28 21:51:21.210575,2025-09-28 17:51:21.210623
"KBKN","Blackwell/Tonkawa Muni, OK, US",2025-09-28 21:15:00,"2025-09-28 21:15:00","VFR",35,13,90,7,NA,NA,1018.4,"METAR KBKN 282115Z AUTO 09007KT 10SM CLR 35/13 A3007 RMK AO2",2025-09-28 21:51:21.217496,2025-09-28 17:51:21.21754
"KBEA","Beeville Muni, TX, US",2025-09-28 21:15:00,"2025-09-28 21:15:00","VFR",32.5,7.1,20,4,NA,NA,1015.3,"METAR KBEA 282115Z AUTO 02004KT 10SM CLR 33/07 A2998 RMK AO2 T03250071",2025-09-28 21:51:21.224217,2025-09-28 17:51:21.22426
"KAVC","Mecklenburg/Brunswick Rgnl, VA, US",2025-09-28 21:15:00,"2025-09-28 21:15:00",NA,24,19.7,0,0,NA,NA,1021.4,"METAR KAVC 282115Z AUTO 00000KT BKN039 24/20 A3016 RMK AO2 T02400197",2025-09-28 21:51:21.230904,2025-09-28 17:51:21.230956
"KBKS","Falfurrias/Brooks Cnty, TX, US",2025-09-28 21:15:00,"2025-09-28 21:15:00","VFR",32.1,16.2,90,8,NA,NA,1014.6,"METAR KBKS 282115Z AUTO 09008KT 10SM SCT065 SCT080 32/16 A2996 RMK AO2 T03210162 $",2025-09-28 21:51:21.237623,2025-09-28 17:51:21.23767
"KBRY","Bardstown/Samuel Fld, KY, US",2025-09-28 21:15:00,"2025-09-28 17:15:00","VFR",29.8,13.3,60,9,NA,NA,1019.4,"METAR KBRY 282115Z AUTO 06009KT 10SM FEW070 30/13 A3010 RMK AO2 T02980133 $",2025-09-28 21:51:21.244425,2025-09-28 17:51:21.244473
"KBCB","Blacksburg/VA Tech Montgomery Exec, VA, US",2025-09-28 21:15:00,"2025-09-28 17:15:00","VFR",24.2,16.9,100,3,NA,NA,1023.1,"METAR KBCB 282115Z AUTO 10003KT 10SM SCT060 SCT070 24/17 A3021 RMK AO2 T02420169 PWINO",2025-09-28 21:51:21.251239,2025-09-28 17:51:21.251304
"KBDG","Blanding Muni, UT, US",2025-09-28 21:15:00,"2025-09-28 15:15:00","VFR",14.3,12.2,230,11,NA,9,1023.5,"METAR KBDG 282115Z AUTO 23011KT 9SM -RA FEW050 BKN060 BKN075 OVC100 14/12 A3022 RMK AO2 LTG DSNT NW - E AND SW RAB2100 P0002 T01430122",2025-09-28 21:51:21.258003,2025-09-28 17:51:21.258049
"KATS","Artesia Muni, NM, US",2025-09-28 21:15:00,"2025-09-28 15:15:00","VFR",19,18,360,9,NA,NA,1022.4,"METAR KATS 282115Z AUTO 36009KT 10SM FEW011 BKN080 BKN085 19/18 A3019 RMK AO2",2025-09-28 21:51:21.264857,2025-09-28 17:51:21.264902
"KBOK","Brookings/State Arpt, OR, US",2025-09-28 21:08:00,"2025-09-28 14:08:00","MVFR",14,12,150,12,NA,NA,1014.3,"SPECI KBOK 282108Z AUTO 15012KT 10SM OVC016 14/12 A2995 RMK AO2",2025-09-28 21:51:21.271643,2025-09-28 17:51:21.271698
"KBKF","Buckley SFB, CO, US",2025-09-28 20:58:00,"2025-09-28 14:58:00","VFR",25.8,3.7,0,0,NA,NA,1018,"METAR KBKF 282058Z 00000KT 10SM FEW080 SCT140 BKN220 26/04 A3006 RMK AO2A SLP102 T02580037 57015",2025-09-28 21:51:21.278436,2025-09-28 17:51:21.278483
"KAUO","Auburn Univ Arpt, AL, US",2025-09-28 20:56:00,"2025-09-28 15:56:00","VFR",30.6,18.3,50,4,NA,NA,1016.3,"METAR KAUO 282056Z AUTO 05004KT 10SM CLR 31/18 A3001 RMK AO2 SLP149 T03060183 56009 $",2025-09-28 21:51:21.298421,2025-09-28 17:51:21.298471
"KBID","Block Island Arpt, RI, US",2025-09-28 20:56:00,"2025-09-28 16:56:00","VFR",21.1,16.1,220,11,NA,NA,1017.4,"METAR KBID 282056Z AUTO 22011KT 10SM CLR 21/16 A3004 RMK AO2 SLP171 6//// T02110161 55007 PNO $",2025-09-28 21:51:21.306016,2025-09-28 17:51:21.306063
"KBTP","Pittsburgh/Butler Rgnl, PA, US",2025-09-28 20:56:00,"2025-09-28 16:56:00","VFR",27.8,14.4,330,6,NA,NA,1021.4,"METAR KBTP 282056Z AUTO 33006KT 10SM BKN075 28/14 A3016 RMK AO2 SLP211 T02780144 56004",2025-09-28 21:51:21.312824,2025-09-28 17:51:21.312869
"KAWO","Arlington Muni, WA, US",2025-09-28 20:56:00,"2025-09-28 20:56:00","VFR",23.3,11.1,170,13,NA,NA,1007.9,"METAR KAWO 282056Z AUTO 17013KT 10SM CLR 23/11 A2976 RMK AO2 SLP081 T02330111 56012",2025-09-28 21:51:21.319393,2025-09-28 17:51:21.319438
"KBIH","Bishop Rgnl, CA, US",2025-09-28 20:56:00,"2025-09-28 13:56:00","VFR",27.8,6.7,150,11,21,NA,1016,"METAR KBIH 282056Z AUTO 15011G21KT 10SM CLR 28/07 A3000 RMK AO2 LTG DSNT S AND W SLP111 T02780067 58025",2025-09-28 21:51:21.326021,2025-09-28 17:51:21.326066
"KBMI","Bloomington Rgnl, IL, US",2025-09-28 20:56:00,"2025-09-28 15:56:00","VFR",31.1,9.4,0,0,NA,NA,1021.1,"METAR KBMI 282056Z 00000KT 10SM CLR 31/09 A3015 RMK AO2 SLP202 T03110094 56010",2025-09-28 21:51:21.332735,2025-09-28 17:51:21.332784
"KBKX","Brookings Rgnl, SD, US",2025-09-28 20:56:00,"2025-09-28 15:56:00","VFR",28.9,3.3,170,12,NA,NA,1018,"METAR KBKX 282056Z AUTO 17012KT 10SM CLR 29/03 A3006 RMK AO2 SLP182 T02890033 56015",2025-09-28 21:51:21.339391,2025-09-28 17:51:21.339436
"KBHB","Bar Harbor/Hancock Cnty, ME, US",2025-09-28 20:56:00,"2025-09-28 16:56:00","VFR",20.6,16.1,210,11,NA,NA,1012.6,"METAR KBHB 282056Z AUTO 21011KT 10SM CLR 21/16 A2990 RMK AO2 SLP127 T02060161 55004",2025-09-28 21:51:21.346061,2025-09-28 17:51:21.346106
"KBLM","Farmingdale/Monmouth Exec, NJ, US",2025-09-28 20:56:00,"2025-09-28 16:56:00","VFR",25.6,21.1,120,5,NA,NA,1018.4,"METAR KBLM 282056Z AUTO 12005KT 10SM CLR 26/21 A3007 RMK AO2 SLP182 T02560211 55002",2025-09-28 21:51:21.352696,2025-09-28 17:51:21.352741
"KBJJ","Wooster/Wayne Cnty, OH, US",2025-09-28 20:56:00,"2025-09-28 16:56:00","VFR",27.8,13.3,30,4,NA,NA,1021.1,"METAR KBJJ 282056Z AUTO 03004KT 10SM CLR 28/13 A3015 RMK AO2 SLP206 T02780133 56004",2025-09-28 21:51:21.359351,2025-09-28 17:51:21.359398
"KBKT","Blackstone/Perkinson(AAF), VA, US",2025-09-28 20:55:00,"2025-09-28 16:55:00",NA,25.9,18.3,50,5,NA,NA,1019,"METAR KBKT 282055Z AUTO 05005KT 10SM M 26/18 A3009 RMK AO2 SLP189 T02590183 56005 $",2025-09-28 21:51:21.366062,2025-09-28 17:51:21.366107
"KBLV","Belleville/Scott AFB, IL, US",2025-09-28 20:55:00,"2025-09-28 15:55:00","VFR",32.2,10.8,80,5,NA,NA,1019,"METAR KBLV 282055Z AUTO 08005KT 10SM CLR 32/11 A3009 RMK AO2 SLP189 T03220108 57014",2025-09-28 21:51:21.372701,2025-09-28 17:51:21.372745
"KBIX","Biloxi/Keesler AFB, MS, US",2025-09-28 20:55:00,"2025-09-28 15:55:00","VFR",31.5,18.4,200,6,NA,NA,1013.3,"METAR KBIX 282055Z AUTO 20006KT 10SM SCT085 32/18 A2992 RMK AO2 SLP135 T03150184 56012 $",2025-09-28 21:51:21.37932,2025-09-28 17:51:21.379365
"KBAD","Barksdale AFB, LA, US",2025-09-28 20:55:00,"2025-09-28 15:55:00","VFR",31.4,13.6,340,7,NA,NA,1017,"METAR KBAD 282055Z AUTO 34007KT 10SM CLR 31/14 A3003 RMK AO2 SLP172 T03140136 57017 $",2025-09-28 21:51:21.385903,2025-09-28 17:51:21.385948
"KBFM","Mobile/Downtown Arpt, AL, US",2025-09-28 20:54:00,"2025-09-28 15:54:00","VFR",31.1,17.8,10,8,NA,NA,1014.3,"SPECI KBFM 282054Z 01008KT 10SM SCT055 31/18 A2995 RMK AO2 T03110178",2025-09-28 21:51:21.392628,2025-09-28 17:51:21.392672
"KAUW","Wausau Downtown, WI, US",2025-09-28 20:54:00,"2025-09-28 15:54:00","VFR",22.8,3.3,190,4,NA,NA,1022.8,"METAR KAUW 282054Z AUTO 19004KT 10SM CLR 23/03 A3020 RMK AO2 SLP230 T02280033 56004",2025-09-28 21:51:21.399237,2025-09-28 17:51:21.399301
"KAVL","Asheville Muni, NC, US",2025-09-28 20:54:00,"2025-09-28 16:54:00","VFR",24.4,15.6,110,4,NA,NA,1020.7,"METAR KAVL 282054Z 11004KT 10SM FEW043 FEW050 24/16 A3014 RMK AO2 SLP183 T02440156 55006",2025-09-28 21:51:21.405895,2025-09-28 17:51:21.405939
"KAVP","Wilkes-Barre Scranton Intl, PA, US",2025-09-28 20:54:00,"2025-09-28 16:54:00","VFR",27.8,15.6,NA,3,NA,NA,1018.7,"METAR KAVP 282054Z VRB03KT 10SM CLR 28/16 A3008 RMK AO2 SLP179 T02780156 55003",2025-09-28 21:51:21.412672,2025-09-28 17:51:21.412716
"KBOS","Boston/Logan Intl, MA, US",2025-09-28 20:54:00,"2025-09-28 16:54:00","VFR",28.3,13.9,250,11,22,NA,1015,"METAR KBOS 282054Z 25011G22KT 10SM FEW050 FEW220 28/14 A2997 RMK AO2 SLP147 T02830139 55006",2025-09-28 21:51:21.419342,2025-09-28 17:51:21.419388
"KBTV","Burlington Intl, VT, US",2025-09-28 20:54:00,"2025-09-28 16:54:00","VFR",25.6,8.9,350,12,18,NA,1017,"METAR KBTV 282054Z 35012G18KT 10SM CLR 26/09 A3003 RMK AO2 SLP169 T02560089 53014",2025-09-28 21:51:21.438414,2025-09-28 17:51:21.438506
"KBFL","Bakersfield/Meadows Arpt, CA, US",2025-09-28 20:54:00,"2025-09-28 13:54:00","VFR",27.8,15,290,11,15,NA,1013.6,"METAR KBFL 282054Z 29011G15KT 10SM CLR 28/15 A2993 RMK AO2 SLP129 T02780150 58020",2025-09-28 21:51:21.446247,2025-09-28 17:51:21.446314
"KBDE","Baudette Intl, MN, US",2025-09-28 20:53:00,"2025-09-28 15:53:00","VFR",27.8,8.3,210,9,19,NA,1014.3,"METAR KBDE 282053Z AUTO 21009G19KT 10SM CLR 28/08 A2995 RMK AO2 SLP141 T02780083 56009",2025-09-28 21:51:21.453187,2025-09-28 17:51:21.453231
"KBPI","Big Piney Arpt, WY, US",2025-09-28 20:53:00,"2025-09-28 14:53:00","VFR",20,3.3,210,5,NA,NA,1021.8,"METAR KBPI 282053Z AUTO 21005KT 10SM OVC100 20/03 A3017 RMK AO2 SLP131 T02000033 58015",2025-09-28 21:51:21.459782,2025-09-28 17:51:21.45983
"KBIV","Holland/Tulip City Arpt, MI, US",2025-09-28 20:53:00,"2025-09-28 20:53:00","VFR",24.4,12.2,320,5,NA,NA,1022.1,"METAR KBIV 282053Z AUTO 32005KT 10SM CLR 24/12 A3018 RMK AO2 SLP215 T02440122 56004 $",2025-09-28 21:51:21.466437,2025-09-28 17:51:21.466487
"KASX","Ashland/Kennedy Mem Arpt, WI, US",2025-09-28 20:53:00,"2025-09-28 15:53:00","VFR",25,8.3,200,8,NA,NA,1020.1,"METAR KASX 282053Z AUTO 20008KT 10SM CLR 25/08 A3012 RMK AO2 SLP201 T02500083 56007",2025-09-28 21:51:21.473453,2025-09-28 17:51:21.4735
"KBRO","Brownsville Intl, TX, US",2025-09-28 20:53:00,"2025-09-28 15:53:00","VFR",32.2,18.3,60,8,NA,NA,1014.3,"METAR KBRO 282053Z 06008KT 10SM CLR 32/18 A2995 RMK AO2 SLP140 T03220183 56017",2025-09-28 21:51:21.480116,2025-09-28 17:51:21.480163
"KBIL","Billings/Logan Intl, MT, US",2025-09-28 20:53:00,"2025-09-28 14:53:00","VFR",27.2,2.8,140,4,NA,NA,1014.6,"METAR KBIL 282053Z 14004KT 10SM FEW120 BKN250 27/03 A2996 RMK AO2 SLP117 T02720028 58004",2025-09-28 21:51:21.486769,2025-09-28 17:51:21.486813
"KBLI","Bellingham Intl, WA, US",2025-09-28 20:53:00,"2025-09-28 13:53:00","VFR",17.2,11.7,NA,4,NA,NA,1007.2,"METAR KBLI 282053Z VRB04KT 10SM CLR 17/12 A2974 RMK AO2 SLP077 T01720117 55010",2025-09-28 21:51:21.493531,2025-09-28 17:51:21.493577
"KBHM","Birmingham Intl, AL, US",2025-09-28 20:53:00,"2025-09-28 15:53:00","VFR",31.7,15.6,60,7,NA,NA,1017.4,"METAR KBHM 282053Z 06007KT 10SM FEW065 32/16 A3004 RMK AO2 SLP164 T03170156 56012",2025-09-28 21:51:21.500215,2025-09-28 17:51:21.500276
"KAUS","Austin/Bergstrom Intl, TX, US",2025-09-28 20:53:00,"2025-09-28 15:53:00","VFR",32.2,11.7,NA,4,NA,NA,1016,"METAR KAUS 282053Z VRB04KT 10SM FEW080 FEW300 32/12 A3000 RMK AO2 SLP149 T03220117 58022 $",2025-09-28 21:51:21.506941,2025-09-28 17:51:21.506986
"KBNO","Burns Muni, OR, US",2025-09-28 20:53:00,"2025-09-28 13:53:00","VFR",26.7,4.4,230,7,NA,NA,1014,"METAR KBNO 282053Z AUTO 23007KT 200V270 10SM CLR 27/04 A2994 RMK AO2 SLP115 60000 T02670044 58015",2025-09-28 21:51:21.513595,2025-09-28 17:51:21.513641
"KAXN","Alexandria/Chandler Fld, MN, US",2025-09-28 20:53:00,"2025-09-28 15:53:00","VFR",26.1,6.7,170,13,NA,NA,1018.4,"METAR KAXN 282053Z AUTO 17013KT 10SM CLR 26/07 A3007 RMK AO2 SLP181 T02610067 56012",2025-09-28 21:51:21.520239,2025-09-28 17:51:21.520304
"KBCT","Boca Raton Arpt, FL, US",2025-09-28 20:53:00,"2025-09-28 16:53:00","VFR",25,24,90,12,NA,6,1010.2,"METAR KBCT 282053Z 09012KT 6SM -RA SCT030 25/24 A2983",2025-09-28 21:51:21.526816,2025-09-28 17:51:21.526859
"KBTR","Baton Rouge/Ryan Fld, LA, US",2025-09-28 20:53:00,"2025-09-28 15:53:00","VFR",32.8,14.4,NA,3,NA,NA,1014.3,"METAR KBTR 282053Z VRB03KT 10SM BKN080 33/14 A2995 RMK AO2 SLP142 T03280144 56019",2025-09-28 21:51:21.5335,2025-09-28 17:51:21.533549
"KBFD","Bradford Rgnl, PA, US",2025-09-28 20:53:00,"2025-09-28 16:53:00","VFR",23.9,13.9,310,11,NA,NA,1022.1,"METAR KBFD 282053Z AUTO 31011KT 10SM CLR 24/14 A3018 RMK AO2 SLP207 T02390139 53003",2025-09-28 21:51:21.540155,2025-09-28 17:51:21.5402
"KBKV","Brooksville-Tampa Bay Rgnl, FL, US",2025-09-28 20:53:00,"2025-09-28 20:53:00","VFR",33.9,21.1,60,10,NA,NA,1011.3,"METAR KBKV 282053Z 06010KT 10SM CLR 34/21 A2986 RMK AO2 SLP109 T03390211 56017 $",2025-09-28 21:51:21.546939,2025-09-28 17:51:21.546983
"KBEH","Benton Harbor/SW Michigan Rgnl, MI, US",2025-09-28 20:53:00,"2025-09-28 16:53:00","VFR",22.8,16.1,NA,5,NA,NA,1021.8,"METAR KBEH 282053Z AUTO VRB05KT 10SM CLR 23/16 A3017 RMK AO2 SLP215 T02280161 55002 $",2025-09-28 21:51:21.553671,2025-09-28 17:51:21.553716
"KBRL","Burlington/SE Iowa Rgnl, IA, US",2025-09-28 20:53:00,"2025-09-28 15:53:00","VFR",30.6,12.8,180,4,NA,NA,1019.7,"METAR KBRL 282053Z AUTO 18004KT 10SM CLR 31/13 A3011 RMK AO2 SLP190 T03060128 56012",2025-09-28 21:51:21.560377,2025-09-28 17:51:21.560424
"KBGR","Bangor Intl Arpt, ME, US",2025-09-28 20:53:00,"2025-09-28 16:53:00","VFR",26.1,13.9,310,11,18,NA,1012.3,"METAR KBGR 282053Z 31011G18KT 10SM FEW060 SCT090 26/14 A2989 RMK AO2 SLP118 T02610139 53010",2025-09-28 21:51:21.566989,2025-09-28 17:51:21.567036
"KBKE","Baker Muni, OR, US",2025-09-28 20:53:00,"2025-09-28 13:53:00","VFR",25.6,5.6,90,5,NA,NA,1011.9,"METAR KBKE 282053Z AUTO 09005KT 10SM CLR 26/06 A2988 RMK AO2 SLP108 T02560056 58014",2025-09-28 21:51:21.586843,2025-09-28 17:51:21.586891
"KBNA","Nashville Intl, TN, US",2025-09-28 20:53:00,"2025-09-28 15:53:00","VFR",30.6,12.2,80,8,NA,NA,1019,"METAR KBNA 282053Z 08008KT 10SM CLR 31/12 A3009 RMK AO2 SLP183 T03060122 56013 $",2025-09-28 21:51:21.593861,2025-09-28 17:51:21.593905
"KBPK","Mountain Home/Baxter Cnty, AR, US",2025-09-28 20:53:00,"2025-09-28 15:53:00","VFR",30,11.7,NA,NA,NA,NA,1019.7,"METAR KBPK 282053Z AUTO 10SM CLR 30/12 A3011 RMK AO2 SLP186 T03000117 56015 PWINO $",2025-09-28 21:51:21.600471,2025-09-28 17:51:21.600518
"KBOI","Boise Arpt, ID, US",2025-09-28 20:53:00,"2025-09-28 14:53:00","VFR",29.4,4.4,NA,3,NA,NA,1012.3,"METAR KBOI 282053Z VRB03KT 10SM CLR 29/04 A2989 RMK AO2 SLP094 T02940044 58016",2025-09-28 21:51:21.60713,2025-09-28 17:51:21.607176
"KBTM","Butte/Mooney Arpt, MT, US",2025-09-28 20:53:00,"2025-09-28 14:53:00","VFR",25,-1.7,130,3,14,NA,1017,"METAR KBTM 282053Z AUTO 13003G14KT 10SM CLR 25/M02 A3003 RMK AO2 SLP126 T02501017 58012",2025-09-28 21:51:21.613868,2025-09-28 17:51:21.613914
"KBFF","Scottsbluff/Western Nebraska Rgnl, NE, US",2025-09-28 20:53:00,"2025-09-28 14:53:00","VFR",30,7.8,160,10,NA,NA,1016.3,"METAR KBFF 282053Z AUTO 16010KT 10SM CLR 30/08 A3001 RMK AO2 SLP117 T03000078 56019",2025-09-28 21:51:21.620556,2025-09-28 17:51:21.6206
"KBFI","Seattle/Boeing Fld, WA, US",2025-09-28 20:53:00,"2025-09-28 13:53:00","VFR",21.1,12.2,190,7,NA,NA,1008.2,"METAR KBFI 282053Z 19007KT 10SM CLR 21/12 A2977 RMK AO2 SLP081 T02110122 56005",2025-09-28 21:51:21.627247,2025-09-28 17:51:21.627313
"KBMG","Bloomington/Monroe Cnty, IN, US",2025-09-28 20:53:00,"2025-09-28 16:53:00","VFR",30.6,11.7,30,6,NA,NA,1020.7,"METAR KBMG 282053Z 03006KT 10SM CLR 31/12 A3014 RMK AO2 SLP200 T03060117 56010",2025-09-28 21:51:21.633934,2025-09-28 17:51:21.633979
"KATY","Watertown Rgnl, SD, US",2025-09-28 20:53:00,"2025-09-28 15:53:00","VFR",27.2,8.3,190,12,23,NA,1017,"METAR KATY 282053Z AUTO 19012G23KT 10SM CLR 27/08 A3003 RMK AO2 SLP162 T02720083 56012",2025-09-28 21:51:21.640607,2025-09-28 17:51:21.640652
"KBGM","Binghamton Arpt, NY, US",2025-09-28 20:53:00,"2025-09-28 16:53:00","VFR",24.4,14.4,320,7,NA,NA,1020.1,"METAR KBGM 282053Z 32007KT 10SM CLR 24/14 A3012 RMK AO2 SLP192 T02440144 53004 $",2025-09-28 21:51:21.64738,2025-09-28 17:51:21.647424
"KBAF","Westfield/Barnes Muni, MA, US",2025-09-28 20:53:00,"2025-09-28 16:53:00","VFR",29.4,14.4,320,9,NA,NA,1016,"METAR KBAF 282053Z 32009KT 10SM CLR 29/14 A3000 RMK AO2 SLP157 T02940144 55002",2025-09-28 21:51:21.654062,2025-09-28 17:51:21.654106
"KBKL","Cleveland/Burke Lakefront Arpt, OH, US",2025-09-28 20:53:00,"2025-09-28 16:53:00","VFR",22.8,16.7,30,10,NA,NA,1021.4,"METAR KBKL 282053Z 03010KT 10SM CLR 23/17 A3016 RMK AO2 SLP210 T02280167 53002",2025-09-28 21:51:21.66075,2025-09-28 17:51:21.660794
"KBCE","Bryce Canyon Arpt, UT, US",2025-09-28 20:53:00,"2025-09-28 14:53:00","VFR",12.8,7.2,140,10,NA,NA,1024.8,"METAR KBCE 282053Z AUTO 14010KT 10SM FEW028 BKN040 OVC065 13/07 A3026 RMK AO2 SLP165 T01280072 57011",2025-09-28 21:51:21.667402,2025-09-28 17:51:21.66745
"KBBW","Broken Bow Muni, NE, US",2025-09-28 20:53:00,"2025-09-28 15:53:00","VFR",30,12.2,150,16,23,NA,1017.7,"METAR KBBW 282053Z AUTO 15016G23KT 10SM CLR 30/12 A3005 RMK AO2 SLP162 T03000122 56019",2025-09-28 21:51:21.674226,2025-09-28 17:51:21.674313
"KBMQ","Burnet Muni, TX, US",2025-09-28 20:53:00,"2025-09-28 20:53:00","VFR",30,11.7,60,7,NA,NA,1018,"METAR KBMQ 282053Z AUTO 06007KT 10SM CLR 30/12 A3006 RMK AO2 SLP164 T03000117 58018",2025-09-28 21:51:21.68098,2025-09-28 17:51:21.681025
"KAZO","Kalamazoo Intl, MI, US",2025-09-28 20:53:00,"2025-09-28 16:53:00","VFR",26.7,15,0,0,NA,NA,1021.4,"METAR KAZO 282053Z 00000KT 10SM CLR 27/15 A3016 RMK AO2 SLP212 T02670150 56006",2025-09-28 21:51:21.687729,2025-09-28 17:51:21.687773
"KBTL","Battle Creek/Kellogg Fld Arpt, MI, US",2025-09-28 20:53:00,"2025-09-28 16:53:00","VFR",26.1,12.8,NA,4,NA,NA,1021.8,"METAR KBTL 282053Z VRB04KT 10SM CLR 26/13 A3017 RMK AO2 SLP214 T02610128 56004",2025-09-28 21:51:21.694643,2025-09-28 17:51:21.694687
"KBPT","Beaumont/SE Texas Rgnl, TX, US",2025-09-28 20:53:00,"2025-09-28 15:53:00","VFR",31.1,14.4,60,9,NA,NA,1015.3,"METAR KBPT 282053Z AUTO 06009KT 10SM FEW065 31/14 A2998 RMK AO2 SLP150 T03110144 56018",2025-09-28 21:51:21.70139,2025-09-28 17:51:21.701436
"KBRD","Brainerd/Lakes Rgnl, MN, US",2025-09-28 20:53:00,"2025-09-28 15:53:00","VFR",25.6,6.7,180,9,NA,NA,1018.7,"METAR KBRD 282053Z AUTO 18009KT 10SM CLR 26/07 A3008 RMK AO2 SLP185 T02560067 56012 $",2025-09-28 21:51:21.708065,2025-09-28 17:51:21.70811
"KBDR","Bridgeport/Sikorsky Mem, CT, US",2025-09-28 20:52:00,"2025-09-28 16:52:00","VFR",25,17.8,210,8,NA,NA,1016.7,"METAR KBDR 282052Z 21008KT 10SM CLR 25/18 A3002 RMK AO2 SLP167 T02500178 55007 $",2025-09-28 21:51:21.728126,2025-09-28 17:51:21.728177
"KBLH","Blythe Arpt, CA, US",2025-09-28 20:52:00,"2025-09-28 13:52:00","VFR",30,15,240,5,NA,NA,1013,"METAR KBLH 282052Z AUTO 24005KT 10SM CLR 30/15 A2991 RMK AO2 SLP123 T03000150 58019 $",2025-09-28 21:51:21.735178,2025-09-28 17:51:21.735223
"KBLU","Blue Canyon/Nyack Arpt, CA, US",2025-09-28 20:52:00,"2025-09-28 13:52:00","VFR",18.9,10.6,200,11,16,NA,1020.7,"METAR KBLU 282052Z AUTO 20011G16KT 150V220 10SM CLR 19/11 A3014 RMK AO2 SLP129 T01890106 58002 TSNO",2025-09-28 21:51:21.74182,2025-09-28 17:51:21.741863
"KATL","Atlanta/Hartsfield-Jackson Intl, GA, US",2025-09-28 20:52:00,"2025-09-28 16:52:00","VFR",30,15,40,12,19,NA,1017.4,"METAR KATL 282052Z 04012G19KT 10SM SCT055 30/15 A3004 RMK AO2 SLP164 MDT CU DSNT E-SE W-NW T03000150 56007 $",2025-09-28 21:51:21.748449,2025-09-28 17:51:21.748502
"KBLF","Bluefield/Mercer Cnty, WV, US",2025-09-28 20:52:00,"2025-09-28 16:52:00","VFR",23.9,11.1,NA,NA,NA,NA,1023.1,"METAR KBLF 282052Z AUTO 10SM CLR 24/11 A3021 RMK AO2 SLP199 T02390111 58003",2025-09-28 21:51:21.755343,2025-09-28 17:51:21.755387
"KBIS","Bismarck Arpt, ND, US",2025-09-28 20:52:00,"2025-09-28 15:52:00","VFR",28.3,13.3,160,10,16,NA,1011.9,"METAR KBIS 282052Z 16010G16KT 10SM CLR 28/13 A2988 RMK AO2 SLP111 T02830133 56011",2025-09-28 21:51:21.761976,2025-09-28 17:51:21.76202
"KBML","Berlin Muni, NH, US",2025-09-28 20:52:00,"2025-09-28 16:52:00","VFR",23.9,8.9,320,7,NA,NA,1016,"METAR KBML 282052Z AUTO 32007KT 280V350 10SM CLR 24/09 A3000 RMK AO2 SLP158 T02390089 53016 $",2025-09-28 21:51:21.768604,2025-09-28 17:51:21.76865
"KBAZ","New Braunfels Muni, TX, US",2025-09-28 20:51:00,"2025-09-28 20:51:00","VFR",32.2,11.1,NA,5,NA,NA,1015.7,"METAR KBAZ 282051Z COR VRB05KT 10SM CLR 32/11 A2999 RMK AO2 SLP147 T03220111 58023",2025-09-28 21:51:21.775279,2025-09-28 17:51:21.77533
"KBGD","Borger/Hutchinson Cnty, TX, US",2025-09-28 20:51:00,"2025-09-28 15:51:00","VFR",30,6.1,160,11,20,NA,1020.4,"METAR KBGD 282051Z AUTO 16011G20KT 10SM CLR 30/06 A3013 RMK AO2 SLP160 T03000061 56018",2025-09-28 21:51:21.781885,2025-09-28 17:51:21.78193
"KBKW","Beckley/Raleigh Cnty, WV, US",2025-09-28 20:51:00,"2025-09-28 16:51:00","VFR",25.6,13.3,340,9,NA,NA,1022.4,"METAR KBKW 282051Z AUTO 34009KT 10SM SCT043 26/13 A3019 RMK AO2 SLP194 T02560133 56003",2025-09-28 21:51:21.788588,2025-09-28 17:51:21.788634
"KBDL","Hartford/Bradley Intl, CT, US",2025-09-28 20:51:00,"2025-09-28 16:51:00","VFR",28.9,13.9,280,7,NA,NA,1016,"METAR KBDL 282051Z 28007KT 10SM FEW060 FEW250 29/14 A3000 RMK AO2 SLP159 T02890139 55003 $",2025-09-28 21:51:21.795282,2025-09-28 17:51:21.795332
"KBHK","Baker Muni, MT, US",2025-09-28 20:51:00,"2025-09-28 20:51:00","VFR",30,8.3,320,7,NA,NA,1013.3,"METAR KBHK 282051Z AUTO 32007KT 10SM CLR 30/08 A2992 RMK AO2 SLP111 T03000083 55002",2025-09-28 21:51:21.80195,2025-09-28 17:51:21.801996
"KBED","Bedford/Hanscom Fld, MA, US",2025-09-28 20:51:00,"2025-09-28 16:51:00","VFR",27.8,15.6,230,9,NA,NA,1014.6,"METAR KBED 282051Z 23009KT 10SM CLR 28/16 A2996 RMK AO2 SLP155 T02780156 55005",2025-09-28 21:51:21.80863,2025-09-28 17:51:21.808675
"KBJC","Rocky Mtn Metro, CO, US",2025-09-28 20:51:00,"2025-09-28 14:51:00","VFR",25,6,290,4,NA,NA,1019.4,"METAR KBJC 282051Z 29004KT 10SM SCT080 BKN180 25/06 A3010",2025-09-28 21:51:21.815249,2025-09-28 17:51:21.815315
"KBBG","Branson Arpt, MO, US",2025-09-28 20:45:00,"2025-09-28 15:45:00","VFR",28,14,0,0,NA,NA,1020.7,"METAR KBBG 282045Z 00000KT 10SM CLR 28/14 A3014",2025-09-28 21:51:21.821923,2025-09-28 17:51:21.821968
"KCIC","Chico Muni, CA, US",2025-09-28 21:50:00,"2025-09-28 14:50:00","VFR",23,13,140,15,NA,NA,1015,"METAR KCIC 282150Z 14015KT 10SM SCT034 23/13 A2997",2025-09-28 21:51:23.308869,2025-09-28 17:51:23.308915
"KCHD","Chandler Muni, AZ, US",2025-09-28 21:47:00,"2025-09-28 21:47:00","VFR",30,14,240,7,NA,NA,1013.3,"METAR KCHD 282147Z 24007KT 10SM FEW080 SCT150 30/14 A2992",2025-09-28 21:51:23.315615,2025-09-28 17:51:23.315659
"KCGF","Cleveland/Cuyahoga Cnty, OH, US",2025-09-28 21:45:00,"2025-09-28 17:45:00","VFR",23,15,10,8,NA,NA,1022.1,"METAR KCGF 282145Z 01008KT 10SM CLR 23/15 A3018",2025-09-28 21:51:23.322238,2025-09-28 17:51:23.322304
"KBUU","Burlington Muni, WI, US",2025-09-28 21:35:00,"2025-09-28 21:35:00","VFR",24.4,9.4,110,5,NA,NA,1022.1,"METAR KBUU 282135Z AUTO 11005KT 10SM CLR 24/09 A3018 RMK AO2 T02440094 PWINO",2025-09-28 21:51:23.328925,2025-09-28 17:51:23.32897
"KCHK","Chickasha Muni, OK, US",2025-09-28 21:35:00,"2025-09-28 16:35:00","VFR",30.8,13.4,140,6,NA,NA,1017.7,"METAR KCHK 282135Z AUTO 14006KT 10SM CLR 31/13 A3005 RMK AO2 T03080134",2025-09-28 21:51:23.33563,2025-09-28 17:51:23.335676
"KCBF","Council Bluffs Muni, IA, US",2025-09-28 21:35:00,"2025-09-28 16:35:00","VFR",30,10,140,7,NA,NA,1018.4,"METAR KCBF 282135Z AUTO 14007KT 10SM CLR 30/10 A3007 RMK AO2",2025-09-28 21:51:23.342287,2025-09-28 17:51:23.342335
"KCAV","Clarion Muni, IA, US",2025-09-28 21:35:00,"2025-09-28 21:35:00","VFR",29,3,NA,6,NA,NA,1019.7,"METAR KCAV 282135Z AUTO VRB06KT 10SM CLR 29/03 A3011 RMK A01",2025-09-28 21:51:23.349086,2025-09-28 17:51:23.34913
"KCKN","Crookston Muni, MN, US",2025-09-28 21:35:00,"2025-09-28 16:35:00","VFR",29,11,190,12,20,NA,1013.6,"METAR KCKN 282135Z AUTO 19012G20KT 10SM CLR 29/11 A2993 RMK AO2",2025-09-28 21:51:23.355816,2025-09-28 17:51:23.355861
"KC35","Reedsburg Muni, WI, US",2025-09-28 21:35:00,"2025-09-28 21:35:00","VFR",26.2,6,150,3,NA,NA,1021.4,"METAR KC35 282135Z AUTO 15003KT 10SM CLR 26/06 A3016 RMK AO2 T02620060 PWINO",2025-09-28 21:51:23.362513,2025-09-28 17:51:23.362558
"KC09","Morris Muni, IL, US",2025-09-28 21:35:00,"2025-09-28 21:35:00","VFR",29.8,18.1,80,6,NA,NA,1020.1,"METAR KC09 282135Z AUTO 08006KT 10SM CLR 30/18 A3012 RMK AO2 T02980181",2025-09-28 21:51:23.369332,2025-09-28 17:51:23.369379
"KBVN","Albion Muni, NE, US",2025-09-28 21:35:00,"2025-09-28 21:35:00","VFR",30.1,13.1,160,9,NA,NA,1018,"METAR KBVN 282135Z AUTO 16009KT 10SM CLR 30/13 A3006 RMK AO2 T03010131",2025-09-28 21:51:23.375927,2025-09-28 17:51:23.375971
"KCIR","Cairo Rgnl, IL, US",2025-09-28 21:35:00,"2025-09-28 16:35:00","VFR",30.6,13.8,110,8,NA,NA,1019.4,"METAR KCIR 282135Z AUTO 11008KT 10SM CLR 31/14 A3010 RMK AO2 T03060138",2025-09-28 21:51:23.382641,2025-09-28 17:51:23.382685
"KCKP","Cherokee Cnty, IA, US",2025-09-28 21:35:00,"2025-09-28 21:35:00","VFR",30,4,170,9,NA,NA,1018.7,"METAR KCKP 282135Z AUTO 17009KT 10SM CLR 30/04 A3008 RMK AO2",2025-09-28 21:51:23.389286,2025-09-28 17:51:23.389343
"KCKF","Cordele/Crisp Cnty, GA, US",2025-09-28 21:35:00,"2025-09-28 21:35:00","VFR",31.2,16.6,20,4,NA,NA,1015.7,"METAR KCKF 282135Z AUTO 02004KT 10SM BKN060 BKN070 31/17 A2999 RMK AO2 T03120166",2025-09-28 21:51:23.396034,2025-09-28 17:51:23.396079
"KCIN","Carroll/Neu Arpt, IA, US",2025-09-28 21:35:00,"2025-09-28 16:35:00","VFR",30,5,120,6,NA,NA,1019.4,"METAR KCIN 282135Z AUTO 12006KT 10SM CLR 30/05 A3010 RMK AO2",2025-09-28 21:51:23.402751,2025-09-28 17:51:23.402797
"KCDN","Camden/Woodward Fld, SC, US",2025-09-28 21:35:00,"2025-09-28 17:35:00","VFR",25,21,30,6,NA,NA,1018,"METAR KCDN 282135Z AUTO 03006KT 10SM CLR 25/21 A3006 RMK AO2",2025-09-28 21:51:23.409408,2025-09-28 17:51:23.409455
"KCCY","Charles City/NE Iowa Rgnl, IA, US",2025-09-28 21:35:00,"2025-09-28 16:35:00","VFR",27,4,110,5,NA,NA,1020.4,"METAR KCCY 282135Z AUTO 11005KT 10SM CLR 27/04 A3013 RMK AO2",2025-09-28 21:51:23.416204,2025-09-28 17:51:23.41625
"KC29","Middleton Muni, WI, US",2025-09-28 21:35:00,"2025-09-28 21:35:00","VFR",26,5.9,80,3,NA,NA,1021.8,"METAR KC29 282135Z AUTO 08003KT 10SM CLR 26/06 A3017 RMK AO1 T02600059",2025-09-28 21:51:23.422951,2025-09-28 17:51:23.422996
"KBXA","Bogalusa/Carr Arfld, LA, US",2025-09-28 21:35:00,"2025-09-28 16:35:00","VFR",33.7,13.7,80,5,NA,NA,1014.6,"METAR KBXA 282135Z AUTO 08005KT 10SM SCT080 34/14 A2996 RMK AO2 T03370137",2025-09-28 21:51:23.44238,2025-09-28 17:51:23.442439
"KCFS","Tuscola Area Arpt, MI, US",2025-09-28 21:35:00,"2025-09-28 17:35:00","VFR",24,7,80,3,NA,NA,1022.4,"METAR KCFS 282135Z AUTO 08003KT 10SM CLR 24/07 A3019 RMK AO2",2025-09-28 21:51:23.449773,2025-09-28 17:51:23.449819
"KC08","Westcliffe/Silver West Arpt, CO, US",2025-09-28 21:35:00,"2025-09-28 21:35:00","VFR",18,1,190,11,NA,NA,1026.2,"METAR KC08 282135Z AUTO 19011KT 10SM CLR 18/01 A3030 RMK AO2",2025-09-28 21:51:23.456463,2025-09-28 17:51:23.456506
"KC75","Lacon/Marshall Cnty, IL, US",2025-09-28 21:35:00,"2025-09-28 21:35:00","VFR",30.8,8.2,170,3,NA,NA,1020.1,"METAR KC75 282135Z AUTO 17003KT 10SM CLR 31/08 A3012 RMK AO2 T03080082",2025-09-28 21:51:23.4631,2025-09-28 17:51:23.463144
"KCFD","Bryan/Coulter Fld, TX, US",2025-09-28 21:35:00,"2025-09-28 16:35:00","VFR",31.6,12.6,30,4,NA,NA,1016.7,"METAR KCFD 282135Z AUTO 03004KT 10SM CLR 32/13 A3002 RMK AO2 T03160126",2025-09-28 21:51:23.469833,2025-09-28 17:51:23.469886
"KCMD","Culman Rgnl, AL, US",2025-09-28 21:35:00,"2025-09-28 21:35:00","VFR",29,16,50,9,NA,NA,1018,"METAR KCMD 282135Z AUTO 05009KT 10SM SCT055 29/16 A3006 RMK AO2",2025-09-28 21:51:23.476709,2025-09-28 17:51:23.476755
"KCKI","Kingstree/Williamsburg Rgnl, SC, US",2025-09-28 21:35:00,"2025-09-28 21:35:00","VFR",25,20,360,3,NA,NA,1016.7,"METAR KCKI 282135Z AUTO 36003KT 10SM SCT019 SCT026 SCT034 25/20 A3002 RMK AO2",2025-09-28 21:51:23.483434,2025-09-28 17:51:23.48348
"KCAD","Cadillac/Wexford Cnty, MI, US",2025-09-28 21:35:00,"2025-09-28 17:35:00","VFR",24,5,NA,2,NA,NA,1022.8,"METAR KCAD 282135Z AUTO VRB02KT 10SM CLR 24/05 A3020 RMK AO2",2025-09-28 21:51:23.490192,2025-09-28 17:51:23.490237
"KCFE","Buffalo Muni, MN, US",2025-09-28 21:35:00,"2025-09-28 21:35:00","VFR",25,7,150,7,NA,NA,1019.4,"METAR KCFE 282135Z AUTO 15007KT 10SM CLR 25/07 A3010 RMK AO2",2025-09-28 21:51:23.49688,2025-09-28 17:51:23.49693
"KCEY","Murray/Oakley Fld, KY, US",2025-09-28 21:35:00,"2025-09-28 16:35:00","VFR",30,14,40,8,NA,NA,1019.4,"METAR KCEY 282135Z AUTO 04008KT 10SM CLR 30/14 A3010 RMK A01",2025-09-28 21:51:23.503564,2025-09-28 17:51:23.503611
"KC65","Plymouth Muni, IN, US",2025-09-28 21:35:00,"2025-09-28 17:35:00","VFR",28,17,NA,5,NA,NA,1021.1,"METAR KC65 282135Z AUTO VRB05KT 10SM CLR 28/17 A3015 RMK A01",2025-09-28 21:51:23.510295,2025-09-28 17:51:23.510343
"KCBG","Cambridge Muni, MN, US",2025-09-28 21:35:00,"2025-09-28 21:35:00","VFR",24,7.8,170,7,NA,NA,1019.7,"METAR KCBG 282135Z AUTO 17007KT 10SM CLR 24/08 A3011 RMK AO2 T02400078",2025-09-28 21:51:23.516935,2025-09-28 17:51:23.516981
"KCNB","Canby Muni, MN, US",2025-09-28 21:35:00,"2025-09-28 21:35:00","VFR",30,2.4,170,10,NA,NA,1017.4,"METAR KCNB 282135Z AUTO 17010KT 10SM CLR 30/02 A3004 RMK AO2 T03000024",2025-09-28 21:51:23.523703,2025-09-28 17:51:23.523748
"KCKC","Grand Marais Muni, MN, US",2025-09-28 21:35:00,"2025-09-28 16:35:00","VFR",20,6,210,6,16,NA,1019,"METAR KCKC 282135Z AUTO 21006G16KT 10SM CLR 20/06 A3009 RMK AO2",2025-09-28 21:51:23.530419,2025-09-28 17:51:23.530466
"KC83","Byron Arpt, CA, US",2025-09-28 21:35:00,"2025-09-28 21:35:00","VFR",22,15,330,9,NA,NA,1015,"METAR KC83 282135Z AUTO 33009KT 310V010 10SM OVC039 22/15 A2997 RMK AO2",2025-09-28 21:51:23.53711,2025-09-28 17:51:23.537155
"KBXM","Brunswick Exec, ME, US",2025-09-28 21:35:00,"2025-09-28 17:35:00","VFR",22,18,210,6,NA,NA,1014.3,"METAR KBXM 282135Z AUTO 21006KT 10SM CLR 22/18 A2995 RMK AO2",2025-09-28 21:51:23.543888,2025-09-28 17:51:23.543933
"KCLI","Clintonville Muni, WI, US",2025-09-28 21:35:00,"2025-09-28 16:35:00","VFR",23.8,4.6,210,4,NA,NA,1022.8,"METAR KCLI 282135Z AUTO 21004KT 10SM CLR 24/05 A3020 RMK AO2 T02380046",2025-09-28 21:51:23.550632,2025-09-28 17:51:23.550678
"KBVS","Burlington/Skagit Rgnl, WA, US",2025-09-28 21:35:00,"2025-09-28 14:35:00","VFR",23,15,230,5,13,NA,1007.2,"METAR KBVS 282135Z AUTO 23005G13KT 10SM CLR 23/15 A2974 RMK A01",2025-09-28 21:51:23.557391,2025-09-28 17:51:23.557437
"KCDI","Cambridg Muni, OH, US",2025-09-28 21:35:00,"2025-09-28 21:35:00","VFR",28.6,13.6,20,3,NA,NA,1020.7,"METAR KCDI 282135Z AUTO 02003KT 10SM CLR 29/14 A3014 RMK AO2 T02860136",2025-09-28 21:51:23.564097,2025-09-28 17:51:23.564142
"KCGC","Crystal River Arpt, FL, US",2025-09-28 21:15:00,"2025-09-28 21:15:00","VFR",32,21,50,5,NA,NA,1011.3,"METAR KCGC 282115Z AUTO 05005KT 10SM BKN050 BKN060 OVC080 32/21 A2986 RMK AO2",2025-09-28 21:51:23.586024,2025-09-28 17:51:23.586075
"KC62","Kendallville Muni, IN, US",2025-09-28 21:15:00,"2025-09-28 21:15:00","VFR",28.2,15.2,360,3,NA,NA,1021.4,"METAR KC62 282115Z AUTO 36003KT 10SM SCT055 28/15 A3016 RMK AO2 T02820152",2025-09-28 21:51:23.593634,2025-09-28 17:51:23.593681
"KCCA","Clinton Muni, AR, US",2025-09-28 21:15:00,"2025-09-28 21:15:00","VFR",30,15,100,5,NA,NA,1019,"METAR KCCA 282115Z AUTO 10005KT 10SM CLR 30/15 A3009 RMK AO2",2025-09-28 21:51:23.600504,2025-09-28 17:51:23.600549
"KCCO","Newnan/Coweta Cnty, GA, US",2025-09-28 21:15:00,"2025-09-28 21:15:00","VFR",29.4,15.1,70,6,NA,NA,1018,"METAR KCCO 282115Z AUTO 07006KT 10SM SCT050 29/15 A3006 RMK AO2 T02940151",2025-09-28 21:51:23.60714,2025-09-28 17:51:23.607185
"KCDH","Camden/Harrell Fld, AR, US",2025-09-28 21:15:00,"2025-09-28 16:15:00","VFR",31,16,0,0,NA,NA,1017.7,"METAR KCDH 282115Z AUTO 00000KT 10SM CLR 31/16 A3005 RMK AO2",2025-09-28 21:51:23.614035,2025-09-28 17:51:23.614081
"KCLW","Clearwater Air Park, FL, US",2025-09-28 21:15:00,"2025-09-28 17:15:00","VFR",30,22,330,10,NA,NA,1011.3,"METAR KCLW 282115Z AUTO 33010KT 10SM CLR 30/22 A2986 RMK AO2",2025-09-28 21:51:23.620856,2025-09-28 17:51:23.620902
"KCFJ","Crawfordsville Muni, IN, US",2025-09-28 21:15:00,"2025-09-28 21:15:00","VFR",29,9.2,360,3,NA,NA,1020.7,"METAR KCFJ 282115Z AUTO 36003KT 10SM CLR 29/09 A3014 RMK AO2 T02900092",2025-09-28 21:51:23.627527,2025-09-28 17:51:23.627572
"KBYY","Bay City Muni, TX, US",2025-09-28 21:15:00,"2025-09-28 16:15:00","VFR",30.7,13.9,80,8,NA,NA,1014.3,"METAR KBYY 282115Z AUTO 08008KT 10SM CLR 31/14 A2995 RMK AO2 T03070139",2025-09-28 21:51:23.634306,2025-09-28 17:51:23.634379
"KCKM","Clarksdale/Fletcher Fld, MS, US",2025-09-28 21:15:00,"2025-09-28 16:15:00",NA,NA,NA,30,7,NA,NA,1017.7,"METAR KCKM 282115Z AUTO 03007KT 10SM A3005 RMK A01",2025-09-28 21:51:23.641153,2025-09-28 17:51:23.641197
"KCLS","Chehalis-Centralia Arpt, WA, US",2025-09-28 21:15:00,"2025-09-28 14:15:00","VFR",23,11,240,7,14,NA,1008.5,"METAR KCLS 282115Z AUTO 24007G14KT 10SM CLR 23/11 A2978 RMK AO2",2025-09-28 21:51:23.647896,2025-09-28 17:51:23.647942
"KCMR","Williams/Clark Fld, AZ, US",2025-09-28 21:15:00,"2025-09-28 21:15:00","VFR",15,9,180,13,19,NA,1024.1,"METAR KCMR 282115Z AUTO 18013G19KT 10SM SCT070 BKN080 BKN110 15/09 A3024 RMK AO2",2025-09-28 21:51:23.654623,2025-09-28 17:51:23.654667
"KCKZ","Perkasie/Pennridge Arpt, PA, US",2025-09-28 21:15:00,"2025-09-28 21:15:00","VFR",28,15,0,0,NA,NA,1018.4,"METAR KCKZ 282115Z AUTO 00000KT 10SM CLR 28/15 A3007 RMK AO2",2025-09-28 21:51:23.661341,2025-09-28 17:51:23.661386
"KCJR","Culpeper Rgnl, VA, US",2025-09-28 21:15:00,"2025-09-28 21:15:00","VFR",28.5,13.3,330,5,NA,NA,1019.7,"METAR KCJR 282115Z AUTO 33005KT 10SM CLR 29/13 A3011 RMK AO2 T02850133",2025-09-28 21:51:23.667973,2025-09-28 17:51:23.668018
"KBXK","Buckeye Muni, AZ, US",2025-09-28 21:15:00,"2025-09-28 14:15:00","VFR",30,14,200,7,NA,NA,1014,"METAR KBXK 282115Z AUTO 20007KT 10SM CLR 30/14 A2994 RMK AO2 LTG DSNT NW-NE",2025-09-28 21:51:23.674673,2025-09-28 17:51:23.674719
"KBWP","Breckenridge-Wahpeton/Stern Arpt, ND, US",2025-09-28 21:15:00,"2025-09-28 16:15:00","VFR",28,7,170,18,NA,9,1014.6,"METAR KBWP 282115Z AUTO 17018KT 9SM CLR 28/07 A2996 RMK AO2",2025-09-28 21:51:23.681497,2025-09-28 17:51:23.681542
"KBWD","Brownwood Muni, TX, US",2025-09-28 21:15:00,"2025-09-28 16:15:00","VFR",29.4,10.8,90,8,15,NA,1018,"METAR KBWD 282115Z AUTO 09008G15KT 060V120 10SM CLR 29/11 A3006 RMK AO2 T02940108 $",2025-09-28 21:51:23.688173,2025-09-28 17:51:23.688218
"KBWW","Bowman Rgnl, ND, US",2025-09-28 21:15:00,"2025-09-28 15:15:00","VFR",31,11,150,7,NA,NA,1013,"METAR KBWW 282115Z AUTO 15007KT 130V200 10SM CLR 31/11 A2991 RMK AO2",2025-09-28 21:51:23.695055,2025-09-28 17:51:23.695101
"KCBK","Colby/Shaltz Fld, KS, US",2025-09-28 21:15:00,"2025-09-28 16:15:00","VFR",30.2,10.3,170,14,NA,NA,1018.4,"METAR KCBK 282115Z AUTO 17014KT 10SM SCT090 SCT120 30/10 A3007 RMK AO2 T03020103",2025-09-28 21:51:23.701779,2025-09-28 17:51:23.701826
"KCLK","Clinton Rgnl, OK, US",2025-09-28 21:15:00,"2025-09-28 16:15:00","VFR",30,10,160,5,NA,NA,1019.7,"METAR KCLK 282115Z AUTO 16005KT 10SM CLR 30/10 A3011 RMK AO2 PNO",2025-09-28 21:51:23.708614,2025-09-28 17:51:23.70866
"KCIU","Chippewa Cnty Intl, MI, US",2025-09-28 20:56:00,"2025-09-28 16:56:00","VFR",21.7,7.8,240,8,NA,NA,1022.4,"METAR KCIU 282056Z AUTO 24008KT 10SM CLR 22/08 A3019 RMK AO2 SLP221 T02170078 53004",2025-09-28 21:51:23.728334,2025-09-28 17:51:23.72838
"KBVX","Batesville Rgnl, AR, US",2025-09-28 20:56:00,"2025-09-28 15:56:00","VFR",30.6,13.9,60,6,NA,NA,1019.4,"METAR KBVX 282056Z AUTO 06006KT 10SM CLR 31/14 A3010 RMK AO2 SLP188 T03060139 56016",2025-09-28 21:51:23.735752,2025-09-28 17:51:23.735798
"KCHS","Charleston Intl, SC, US",2025-09-28 20:56:00,"2025-09-28 16:56:00","VFR",26.7,21.1,50,8,NA,NA,1015.7,"METAR KCHS 282056Z 05008KT 10SM SCT033 BKN050 OVC180 27/21 A2999 RMK AO2 SLP154 T02670211 58006",2025-09-28 21:51:23.742558,2025-09-28 17:51:23.742601
"KBZN","Bozeman/Gallatin Fld, MT, US",2025-09-28 20:56:00,"2025-09-28 14:56:00","VFR",27.8,-1.1,60,4,NA,NA,1015.3,"METAR KBZN 282056Z 06004KT 10SM CLR 28/M01 A2998 RMK AO2 SLP118 T02781011 58016",2025-09-28 21:51:23.749139,2025-09-28 17:51:23.74919
"KCEC","Crescent City/McNama, CA, US",2025-09-28 20:56:00,"2025-09-28 13:56:00","MVFR",16.1,11.7,160,10,NA,NA,1014.3,"METAR KCEC 282056Z AUTO 16010KT 10SM OVC021 16/12 A2995 RMK AO2 SLP141 T01610117 58004",2025-09-28 21:51:23.755985,2025-09-28 17:51:23.756031
"KCAE","Columbia Metro, SC, US",2025-09-28 20:56:00,"2025-09-28 16:56:00","VFR",28.3,20,30,6,NA,NA,1017.4,"METAR KCAE 282056Z 03006KT 10SM BKN034 OVC045 29/20 A3004 RMK AO2 SLP169 T02830200 56006 $",2025-09-28 21:51:23.762735,2025-09-28 17:51:23.762786
"KCGZ","Casa Granda Muni, AZ, US",2025-09-28 20:56:00,"2025-09-28 13:56:00","VFR",30.6,13.9,NA,4,NA,NA,1014.3,"METAR KCGZ 282056Z AUTO VRB04KT 10SM CLR 31/14 A2995 RMK AO2 SLP128 6//// T03060139 58023 PNO $",2025-09-28 21:51:23.769478,2025-09-28 17:51:23.769527
"KCEF","Chicopee/Westover AFB, MA, US",2025-09-28 20:55:00,"2025-09-28 16:55:00","VFR",29.9,13.6,300,10,NA,NA,1014.6,"METAR KCEF 282055Z 30010KT 10SM FEW060 30/14 A2996 RMK AO2A SLP147 T02990136 55005",2025-09-28 21:51:23.776203,2025-09-28 17:51:23.776247
"KCBM","Columbus AFB, MS, US",2025-09-28 20:55:00,"2025-09-28 15:55:00","VFR",32.8,16.2,20,11,15,NA,1015,"METAR KCBM 282055Z AUTO 02011G15KT 10SM FEW065 33/16 A2997 RMK AO2 SLP149 T03280162 57014 $",2025-09-28 21:51:23.782929,2025-09-28 17:51:23.782975
"KCAO","Clayton Muni, NM, US",2025-09-28 20:55:00,"2025-09-28 14:55:00","VFR",23.9,3.3,190,20,29,NA,1022.4,"METAR KCAO 282055Z AUTO 19020G29KT 10SM CLR 24/03 A3019 RMK AO2 PK WND 18029/2055 SLP163 T02390033 58014 $",2025-09-28 21:51:23.7896,2025-09-28 17:51:23.789646
"KCMA","Camarillo Arpt, CA, US",2025-09-28 20:55:00,"2025-09-28 20:55:00","VFR",22.8,16.1,220,9,NA,NA,1016,"METAR KCMA 282055Z 22009KT 10SM OVC042 23/16 A3000 RMK AO2 SLP165 T02280161 56009",2025-09-28 21:51:23.796288,2025-09-28 17:51:23.796338
"KCMY","Sparta/Ft McCoy Arpt, WI, US",2025-09-28 20:55:00,"2025-09-28 15:55:00","VFR",25.9,9.7,0,0,NA,NA,1020.7,"METAR KCMY 282055Z AUTO 00000KT 10SM CLR 26/10 A3014 RMK AO2 SLP210 T02590097 57012",2025-09-28 21:51:23.802996,2025-09-28 17:51:23.803046
"KBWI","Baltimore-Washington Intl, MD, US",2025-09-28 20:54:00,"2025-09-28 16:54:00","VFR",28.9,15.6,NA,3,NA,NA,1018.4,"METAR KBWI 282054Z VRB03KT 10SM FEW050 SCT250 29/16 A3007 RMK AO2 SLP180 T02890156 56006 $",2025-09-28 21:51:23.809767,2025-09-28 17:51:23.809813
"KCAR","Caribou Muni, ME, US",2025-09-28 20:54:00,"2025-09-28 16:54:00","VFR",21.1,7.8,NA,6,16,NA,1010.9,"METAR KCAR 282054Z AUTO VRB06G16KT 10SM CLR 21/08 A2985 RMK AO2 SLP113 T02110078 53024",2025-09-28 21:51:23.816574,2025-09-28 17:51:23.81662
"KCEU","Clemson/Oconee Cnty, SC, US",2025-09-28 20:54:00,"2025-09-28 16:54:00","VFR",27.8,18.3,80,8,NA,NA,1018.4,"METAR KCEU 282054Z AUTO 08008KT 10SM CLR 28/18 A3007 RMK AO2 SLP173 T02780183 56008",2025-09-28 21:51:23.823366,2025-09-28 17:51:23.823412
"KBUY","Burlington/Alamance Rgnl, NC, US",2025-09-28 20:54:00,"2025-09-28 20:54:00","VFR",23.9,17.8,30,6,NA,NA,1019.4,"METAR KBUY 282054Z AUTO 03006KT 10SM OVC050 24/18 A3010 RMK AO2 SLP187 T02390178 56004",2025-09-28 21:51:23.830124,2025-09-28 17:51:23.830169
"KBUF","Buffalo-Niagara Intl, NY, US",2025-09-28 20:54:00,"2025-09-28 16:54:00","VFR",23.9,4.4,330,8,NA,NA,1021.4,"METAR KBUF 282054Z 33008KT 10SM CLR 24/04 A3016 RMK AO2 SLP211 T02390044 53008 $",2025-09-28 21:51:23.836892,2025-09-28 17:51:23.836938
"KBVO","Bartlesville Muni, OK, US",2025-09-28 20:53:00,"2025-09-28 15:53:00","VFR",29.4,16.1,120,6,NA,NA,1019,"METAR KBVO 282053Z AUTO 12006KT 10SM CLR 29/16 A3009 RMK AO2 SLP181 T02940161 56016",2025-09-28 21:51:23.843719,2025-09-28 17:51:23.843765
"KBUR","Burbank/Bob Hope Arpt, CA, US",2025-09-28 20:53:00,"2025-09-28 13:53:00","VFR",23.9,14.4,20,5,NA,NA,1016,"METAR KBUR 282053Z 02005KT 10SM SCT034 24/14 A3000 RMK AO2 SLP146 T02390144 58017",2025-09-28 21:51:23.850458,2025-09-28 17:51:23.850507
"KCDC","Cedar City Muni, UT, US",2025-09-28 20:53:00,"2025-09-28 14:53:00","VFR",19.4,8.3,220,7,NA,NA,1020.4,"METAR KCDC 282053Z AUTO 22007KT 10SM BKN090 BKN100 19/08 A3013 RMK AO2 SLP148 T01940083 58013",2025-09-28 21:51:23.869972,2025-09-28 17:51:23.870021
"KCDS","Childress Muni, TX, US",2025-09-28 20:53:00,"2025-09-28 15:53:00","VFR",31.7,9.4,150,9,NA,NA,1019.4,"METAR KCDS 282053Z AUTO 15009KT 10SM CLR 32/09 A3010 RMK AO2 SLP166 T03170094 56022",2025-09-28 21:51:23.877418,2025-09-28 17:51:23.877466
"KCLL","College Station/Easterwood Arpt, TX, US",2025-09-28 20:53:00,"2025-09-28 15:53:00","VFR",32.2,12.2,60,9,NA,NA,1016,"METAR KCLL 282053Z 06009KT 10SM CLR 32/12 A3000 RMK AO2 SLP156 60000 T03220122 56020",2025-09-28 21:51:23.884105,2025-09-28 17:51:23.884149
"KBWG","Bowling Green/Warren Cnty, KY, US",2025-09-28 20:53:00,"2025-09-28 15:53:00","VFR",30.6,12.8,30,5,NA,NA,1019.4,"METAR KBWG 282053Z AUTO 03005KT 10SM CLR 31/13 A3010 RMK AO2 SLP189 T03060128 56011",2025-09-28 21:51:23.890656,2025-09-28 17:51:23.890713
"KCMI","Champaign/Willard Arpt, IL, US",2025-09-28 20:53:00,"2025-09-28 15:53:00","VFR",32.8,10,NA,3,NA,NA,1020.4,"METAR KCMI 282053Z VRB03KT 10SM CLR 33/10 A3013 RMK AO2 SLP198 T03280100 56013",2025-09-28 21:51:23.897413,2025-09-28 17:51:23.897462
"KCLM","Port Angeles Intl, WA, US",2025-09-28 20:53:00,"2025-09-28 13:53:00","VFR",15,10.6,70,4,NA,NA,1007.2,"METAR KCLM 282053Z AUTO 07004KT 10SM CLR 15/11 A2974 RMK AO2 SLP072 T01500106 58006 $",2025-09-28 21:51:23.90413,2025-09-28 17:51:23.904174
"KCKB","Clarksburg/NC West Virginia Arpt, WV, US",2025-09-28 20:53:00,"2025-09-28 16:53:00","VFR",26.7,13.3,80,5,NA,NA,1021.1,"METAR KCKB 282053Z 08005KT 10SM CLR 27/13 A3015 RMK AO2 SLP195 T02670133 56010 $",2025-09-28 21:51:23.910928,2025-09-28 17:51:23.910974
"KCHO","Charlottesville/Albemarle Arpt, VA, US",2025-09-28 20:53:00,"2025-09-28 16:53:00","VFR",27.2,15.6,0,0,NA,NA,1019.7,"METAR KCHO 282053Z 00000KT 10SM CLR 27/16 A3011 RMK AO2 SLP190 T02720156 56006",2025-09-28 21:51:23.917622,2025-09-28 17:51:23.917667
"KCGI","Cape Girardeau Rgnl, MO, US",2025-09-28 20:53:00,"2025-09-28 15:53:00","VFR",28.9,13.9,120,3,NA,NA,1019.4,"METAR KCGI 282053Z 12003KT 10SM CLR 29/14 A3010 RMK AO2 SLP190 T02890139 56013",2025-09-28 21:51:23.924278,2025-09-28 17:51:23.92433
"KCHA","Chattanooga Metro, TN, US",2025-09-28 20:53:00,"2025-09-28 16:53:00","VFR",30,16.1,340,11,19,NA,1018,"METAR KCHA 282053Z 34011G19KT 10SM FEW055 SCT250 30/16 A3006 RMK AO2 SLP173 T03000161 55008 $",2025-09-28 21:51:23.931052,2025-09-28 17:51:23.931096
"KCCR","Concord/Buchanan Fld, CA, US",2025-09-28 20:53:00,"2025-09-28 13:53:00","VFR",20.6,14.4,250,8,NA,NA,1015.3,"METAR KCCR 282053Z 25008KT 10SM OVC033 21/14 A2998 RMK AO2 SLP139 T02060144 58006",2025-09-28 21:51:23.937724,2025-09-28 17:51:23.937769
"KBVY","Beverly Muni, MA, US",2025-09-28 20:53:00,"2025-09-28 16:53:00","VFR",28.3,14.4,260,7,NA,NA,1014.3,"METAR KBVY 282053Z 26007KT 10SM CLR 28/14 A2995 RMK AO2 SLP137 T02830144 55007",2025-09-28 21:51:23.944396,2025-09-28 17:51:23.944442
"KCDR","Chadron Muni, NE, US",2025-09-28 20:53:00,"2025-09-28 14:53:00","VFR",30,10.6,170,16,25,NA,1014.3,"METAR KCDR 282053Z AUTO 17016G25KT 10SM CLR 30/11 A2995 RMK AO2 PK WND 15027/2011 SLP116 T03000106 56017",2025-09-28 21:51:23.950988,2025-09-28 17:51:23.951034
"KCAG","Craig-Moffat Arpt, CO, US",2025-09-28 20:53:00,"2025-09-28 14:53:00","VFR",19.4,7.8,150,9,NA,NA,1021.8,"METAR KCAG 282053Z AUTO 15009KT 10SM -RA SCT075 OVC090 19/08 A3017 RMK AO2 RAB52 SLP164 P0000 60000 T01940078 56013",2025-09-28 21:51:23.957615,2025-09-28 17:51:23.957663
"KCDW","Caldwell/Essex Cnty, NJ, US",2025-09-28 20:53:00,"2025-09-28 16:53:00","VFR",30.6,13.3,0,0,NA,NA,1017.4,"METAR KCDW 282053Z 00000KT 10SM CLR 31/13 A3004 RMK AO2 SLP175 T03060133 55004",2025-09-28 21:51:23.964404,2025-09-28 17:51:23.964449
"KCMX","Houghton Cnty Mem, MI, US",2025-09-28 20:53:00,"2025-09-28 16:53:00","VFR",25.6,8.3,220,7,NA,NA,1019.7,"METAR KCMX 282053Z AUTO 22007KT 10SM CLR 26/08 A3011 RMK AO2 SLP193 T02560083 57006",2025-09-28 21:51:23.971109,2025-09-28 17:51:23.971154
"KCEW","Crestview/Sikes Arpt, FL, US",2025-09-28 20:53:00,"2025-09-28 15:53:00","VFR",33.3,16.1,0,0,NA,NA,1014.3,"METAR KCEW 282053Z AUTO 00000KT 10SM FEW065 33/16 A2995 RMK AO2 SLP137 T03330161 56013",2025-09-28 21:51:23.97784,2025-09-28 17:51:23.977886
"KBYI","Burley Muni, ID, US",2025-09-28 20:53:00,"2025-09-28 14:53:00","VFR",25,8.3,120,4,NA,NA,1015,"METAR KBYI 282053Z AUTO 12004KT 10SM CLR 25/08 A2997 RMK AO2 LTG DSNT SW SLP113 T02500083 56007",2025-09-28 21:51:23.984527,2025-09-28 17:51:23.984573
"KBYG","Buffalo/Johnson Cnty, WY, US",2025-09-28 20:53:00,"2025-09-28 14:53:00","VFR",26.1,0.6,40,4,NA,NA,1017,"METAR KBYG 282053Z AUTO 04004KT 10SM OVC110 26/01 A3003 RMK AO2 SLP115 T02610006 53001",2025-09-28 21:51:23.991256,2025-09-28 17:51:23.991323
"KCFV","Coffeyville Muni, KS, US",2025-09-28 20:52:00,"2025-09-28 15:52:00","VFR",30,16.1,170,3,NA,NA,1018.7,"METAR KCFV 282052Z AUTO 17003KT 10SM CLR 30/16 A3008 RMK AO2 SLP179 T03000161 56017",2025-09-28 21:51:24.010767,2025-09-28 17:51:24.010815
"KCID","Cedar Rapids/E Iowa Arpt, IA, US",2025-09-28 20:52:00,"2025-09-28 15:52:00","VFR",28.9,15,210,6,NA,NA,1019.7,"METAR KCID 282052Z 21006KT 10SM CLR 29/15 A3011 RMK AO2 SLP189 T02890150 56014",2025-09-28 21:51:24.018127,2025-09-28 17:51:24.018174
"KCKV","Clarksville/Outlaw Fld, TN, US",2025-09-28 20:52:00,"2025-09-28 15:52:00","VFR",30.6,12.2,100,7,NA,NA,1019,"METAR KCKV 282052Z AUTO 10007KT 10SM CLR 31/12 A3009 RMK AO2 SLP184 T03060122 56013",2025-09-28 21:51:24.024809,2025-09-28 17:51:24.024855
"KCLT","Charlotte/Douglas Intl, NC, US",2025-09-28 20:52:00,"2025-09-28 16:52:00","VFR",25.6,17.8,20,10,NA,NA,1019,"METAR KCLT 282052Z 02010KT 10SM SCT037 BKN048 BKN250 26/18 A3009 RMK AO2 SLP195 TCU DSNT S T02560178 55004",2025-09-28 21:51:24.031512,2025-09-28 17:51:24.031556
"KCMH","Columbus/Glenn Intl, OH, US",2025-09-28 20:51:00,"2025-09-28 16:51:00","VFR",30.6,11.1,0,0,NA,NA,1020.1,"METAR KCMH 282051Z 00000KT 10SM SCT080 31/11 A3012 RMK AO2 SLP195 T03060111 56009",2025-09-28 21:51:24.038196,2025-09-28 17:51:24.038241
"KCAK","Akron/Canton Rgnl, OH, US",2025-09-28 20:51:00,"2025-09-28 16:51:00","VFR",28.3,12.8,NA,4,NA,NA,1021.1,"METAR KCAK 282051Z VRB04KT 10SM SCT070 28/13 A3015 RMK AO2 SLP202 T02830128 56004 $",2025-09-28 21:51:24.045054,2025-09-28 17:51:24.0451
"KCLE","Cleveland/Hopkins Intl, OH, US",2025-09-28 20:51:00,"2025-09-28 16:51:00","VFR",23.9,16.1,10,9,NA,NA,1021.4,"METAR KCLE 282051Z 01009KT 10SM FEW070 24/16 A3016 RMK AO2 SLP223 T02390161 52003 $",2025-09-28 21:51:24.051769,2025-09-28 17:51:24.051817
"KCWA","Mosinee/C Wisconsin Arpt, WI, US",2025-09-28 21:50:00,"2025-09-28 16:50:00","VFR",22,7,0,0,NA,NA,1022.4,"METAR KCWA 282150Z 00000KT 10SM CLR 22/07 A3019",2025-09-28 21:51:25.418818,2025-09-28 17:51:25.418864
"KCNW","Waco/Texas State Tech Arpt, TX, US",2025-09-28 21:45:00,"2025-09-28 16:45:00","VFR",30,10,20,5,NA,NA,1017.4,"METAR KCNW 282145Z 02005KT 10SM CLR 30/10 A3004",2025-09-28 21:51:25.425674,2025-09-28 17:51:25.425723
"KCWF","Chenault Intl, LA, US",2025-09-28 21:45:00,"2025-09-28 16:45:00","VFR",31,13,30,8,NA,NA,1015.3,"METAR KCWF 282145Z 03008KT 10SM CLR 31/13 A2998",2025-09-28 21:51:25.43263,2025-09-28 17:51:25.432675
"KCOQ","Cloquet/Carlton Cnty, MN, US",2025-09-28 21:35:00,"2025-09-28 21:35:00","VFR",23,5,200,8,NA,NA,1019,"METAR KCOQ 282135Z AUTO 20008KT 10SM CLR 23/05 A3009 RMK AO2 TSNO",2025-09-28 21:51:25.439245,2025-09-28 17:51:25.439339
"KCXP","Carson City Arpt, NV, US",2025-09-28 21:35:00,"2025-09-28 14:35:00","VFR",27,5,260,11,18,NA,1016.3,"METAR KCXP 282135Z AUTO 26011G18KT 10SM CLR 27/05 A3001 RMK AO2",2025-09-28 21:51:25.445994,2025-09-28 17:51:25.446039
"KCVX","Charlevoix Muni, MI, US",2025-09-28 21:35:00,"2025-09-28 21:35:00","VFR",21,11,290,5,NA,NA,1022.8,"METAR KCVX 282135Z AUTO 29005KT 10SM CLR 21/11 A3020 RMK AO2",2025-09-28 21:51:25.4527,2025-09-28 17:51:25.452747
"KCVH","Hollister Muni, CA, US",2025-09-28 21:35:00,"2025-09-28 14:35:00","VFR",23,16,270,12,NA,NA,1015.3,"METAR KCVH 282135Z AUTO 27012KT 10SM SCT027 BKN034 23/16 A2998 RMK A01",2025-09-28 21:51:25.459511,2025-09-28 17:51:25.459557
"KD95","Lapeer/Dumont Arpt, MI, US",2025-09-28 21:35:00,"2025-09-28 21:35:00","VFR",25,5,20,3,NA,NA,1022.4,"METAR KD95 282135Z AUTO 02003KT 10SM CLR 25/05 A3019 RMK AO2",2025-09-28 21:51:25.479837,2025-09-28 17:51:25.479883
"KCQM","Cook Muni, MN, US",2025-09-28 21:35:00,"2025-09-28 21:35:00","VFR",25,4,220,7,15,NA,1017.4,"METAR KCQM 282135Z AUTO 22007G15KT 10SM CLR 25/04 A3004 RMK AO2",2025-09-28 21:51:25.487321,2025-09-28 17:51:25.487373
"KDCM","Chester Muni, SC, US",2025-09-28 21:35:00,"2025-09-28 21:35:00","VFR",25,19,50,5,NA,NA,1019,"METAR KDCM 282135Z AUTO 05005KT 10SM BKN036 25/19 A3009 RMK AO2",2025-09-28 21:51:25.494078,2025-09-28 17:51:25.494125
"KCNC","Chariton Muni, IA, US",2025-09-28 21:35:00,"2025-09-28 21:35:00","VFR",30,17,170,7,NA,NA,1018.7,"METAR KCNC 282135Z AUTO 17007KT 10SM FEW055 FEW065 30/17 A3008 RMK AO2",2025-09-28 21:51:25.500737,2025-09-28 17:51:25.500783
"KCVB","Castroville Muni, TX, US",2025-09-28 21:35:00,"2025-09-28 21:35:00","VFR",33,12,60,8,NA,NA,1015.7,"METAR KCVB 282135Z AUTO 06008KT 10SM CLR 33/12 A2999 RMK AO2",2025-09-28 21:51:25.507485,2025-09-28 17:51:25.50753
"KD39","Sauk Center Muni, MN, US",2025-09-28 21:35:00,"2025-09-28 21:35:00","VFR",25.3,6.5,150,11,NA,NA,1018.4,"METAR KD39 282135Z AUTO 15011KT 10SM CLR 25/07 A3007 RMK AO2 T02530065",2025-09-28 21:51:25.514166,2025-09-28 17:51:25.514213
"KCTJ","Carrollton/W Georgia Rgnl, GA, US",2025-09-28 21:35:00,"2025-09-28 21:35:00","VFR",27.3,15.5,40,4,NA,NA,1019,"METAR KCTJ 282135Z AUTO 04004KT 10SM SCT050 SCT075 SCT095 27/16 A3009 RMK AO2 T02730155",2025-09-28 21:51:25.520824,2025-09-28 17:51:25.52088
"KCZT","Carrizo Springs Arpt, TX, US",2025-09-28 21:35:00,"2025-09-28 16:35:00","VFR",34,11,NA,NA,NA,NA,1015.7,"METAR KCZT 282135Z AUTO 10SM CLR 34/11 A2999 RMK AO2",2025-09-28 21:51:25.527467,2025-09-28 17:51:25.527516
"KD25","Manitowish Waters Arpt, WI, US",2025-09-28 21:35:00,"2025-09-28 21:35:00","VFR",23,6.2,210,6,NA,NA,1021.8,"METAR KD25 282135Z AUTO 21006KT 10SM CLR 23/06 A3017 RMK AO2 T02300062",2025-09-28 21:51:25.534157,2025-09-28 17:51:25.534204
"KDEH","Decorah Muni, IA, US",2025-09-28 21:35:00,"2025-09-28 16:35:00","VFR",26,7,NA,4,NA,NA,1020.4,"METAR KDEH 282135Z AUTO VRB04KT 10SM CLR 26/07 A3013 RMK AO2",2025-09-28 21:51:25.54092,2025-09-28 17:51:25.540965
"KDKR","Crockett/Houston Cnty, TX, US",2025-09-28 21:35:00,"2025-09-28 21:35:00","VFR",31,11,NA,6,11,NA,1016.3,"METAR KDKR 282135Z AUTO VRB06G11KT 10SM CLR 31/11 A3001 RMK AO2",2025-09-28 21:51:25.548292,2025-09-28 17:51:25.548342
"KCPU","San Andreas/Calaveras Cnty, CA, US",2025-09-28 21:35:00,"2025-09-28 21:35:00","VFR",24.4,13.2,320,8,16,NA,1015.3,"METAR KCPU 282135Z AUTO 32008G16KT 10SM CLR 24/13 A2998 RMK AO2 T02440132",2025-09-28 21:51:25.555004,2025-09-28 17:51:25.555051
"KCWV","Claxton/Evans Cnty, GA, US",2025-09-28 21:35:00,"2025-09-28 21:35:00","VFR",29,22,NA,NA,NA,NA,1015,"METAR KCWV 282135Z AUTO 10SM SCT037 SCT042 29/22 A2997 RMK AO2",2025-09-28 21:51:25.561725,2025-09-28 17:51:25.561773
"KDKB","DeKalb/Taylor Muni, IL, US",2025-09-28 21:35:00,"2025-09-28 21:35:00","VFR",27.5,16.2,120,3,NA,NA,1021.4,"METAR KDKB 282135Z AUTO 12003KT 10SM CLR 28/16 A3016 RMK AO2 T02750162",2025-09-28 21:51:25.568454,2025-09-28 17:51:25.5685
"KCXU","Camilla/Mitchell Cnty, GA, US",2025-09-28 21:35:00,"2025-09-28 21:35:00","VFR",31,19,NA,6,14,NA,1014,"METAR KCXU 282135Z AUTO VRB06G14KT 10SM FEW060 FEW070 FEW110 31/19 A2994 RMK AO2",2025-09-28 21:51:25.575123,2025-09-28 17:51:25.575167
"KCSB","Cambridge Muni, NE, US",2025-09-28 21:35:00,"2025-09-28 21:35:00",NA,32,10,150,15,24,NA,1016.7,"METAR KCSB 282135Z AUTO 15015G24KT 10SM 32/10 A3002 RMK AO2",2025-09-28 21:51:25.581866,2025-09-28 17:51:25.581912
"KDED","Deland Muni, FL, US",2025-09-28 21:35:00,"2025-09-28 21:35:00","VFR",28.2,22.8,30,12,16,NA,1012.6,"METAR KDED 282135Z AUTO 03012G16KT 10SM SCT026 SCT040 SCT070 28/23 A2990 RMK AO2 T02820228",2025-09-28 21:51:25.588616,2025-09-28 17:51:25.58866
"KCRX","Corinth/Turner Fld, MS, US",2025-09-28 21:35:00,"2025-09-28 16:35:00","VFR",30,15,NA,4,NA,NA,1017.7,"METAR KCRX 282135Z AUTO VRB04KT 10SM CLR 30/15 A3005 RMK AO2",2025-09-28 21:51:25.595442,2025-09-28 17:51:25.595488
"KCXW","Conway/Cantrell Fld, AR, US",2025-09-28 21:35:00,"2025-09-28 21:35:00","VFR",30,17,90,5,10,NA,1018,"METAR KCXW 282135Z AUTO 09005G10KT 10SM CLR 30/17 A3006 RMK A01",2025-09-28 21:51:25.602204,2025-09-28 17:51:25.602249
"KCOI","Cocoa/Merritt Isl Arpt, FL, US",2025-09-28 21:35:00,"2025-09-28 17:35:00","VFR",29,24,50,8,NA,NA,1011.6,"METAR KCOI 282135Z AUTO 05008KT 10SM FEW045 29/24 A2987 RMK AO2",2025-09-28 21:51:25.621701,2025-09-28 17:51:25.621749
"KCQW","Cheraw Muni, SC, US",2025-09-28 21:35:00,"2025-09-28 17:35:00","VFR",26,20,90,4,NA,NA,1017.7,"METAR KCQW 282135Z AUTO 09004KT 10SM CLR 26/20 A3005 RMK AO2",2025-09-28 21:51:25.629015,2025-09-28 17:51:25.629059
"KDLL","Baraboo-Dells Arpt, WI, US",2025-09-28 21:35:00,"2025-09-28 21:35:00","VFR",27,6.7,130,3,NA,NA,1021.8,"METAR KDLL 282135Z AUTO 13003KT 10SM CLR 27/07 A3017 RMK AO2 T02700067",2025-09-28 21:51:25.635664,2025-09-28 17:51:25.635707
"KDCY","Washington/Daviess Cnty, IN, US",2025-09-28 21:35:00,"2025-09-28 21:35:00","VFR",29.8,12.1,0,0,NA,NA,1020.4,"METAR KDCY 282135Z AUTO 00000KT 10SM CLR 30/12 A3013 RMK AO2 T02980121",2025-09-28 21:51:25.642248,2025-09-28 17:51:25.64231
"KCZL","Calhoun/Tom David Fld, GA, US",2025-09-28 21:35:00,"2025-09-28 21:35:00",NA,30,20,NA,4,NA,NA,1017,"METAR KCZL 282135Z AUTO VRB04KT CLR 30/20 A3003 RMK AO2 PWINO",2025-09-28 21:51:25.648956,2025-09-28 17:51:25.648999
"KCWC","Wichita Falls/Kickapoo Arpt, TX, US",2025-09-28 21:35:00,"2025-09-28 16:35:00","VFR",29.6,12.3,0,0,NA,NA,1018.7,"METAR KCWC 282135Z AUTO 00000KT 10SM CLR 30/12 A3008 RMK AO2 T02960123",2025-09-28 21:51:25.655696,2025-09-28 17:51:25.655741
"KCSQ","Creston Muni, IA, US",2025-09-28 21:35:00,"2025-09-28 16:35:00","VFR",29,15,110,4,10,NA,1019,"METAR KCSQ 282135Z AUTO 11004G10KT 10SM CLR 29/15 A3009 RMK AO2",2025-09-28 21:51:25.662398,2025-09-28 17:51:25.662442
"KCUH","Cushing Muni, OK, US",2025-09-28 21:35:00,"2025-09-28 16:35:00","VFR",31.6,13,70,6,NA,NA,1018.4,"METAR KCUH 282135Z AUTO 07006KT 10SM BKN070 32/13 A3007 RMK AO2 T03160130",2025-09-28 21:51:25.668999,2025-09-28 17:51:25.669044
"KCTY","Cross City Arpt, FL, US",2025-09-28 21:35:00,"2025-09-28 17:35:00","VFR",32,21,40,7,NA,NA,1011.9,"METAR KCTY 282135Z AUTO 04007KT 10SM SCT050 SCT060 32/21 A2988 RMK AO2",2025-09-28 21:51:25.675646,2025-09-28 17:51:25.675691
"KCOM","Coleman Muni, TX, US",2025-09-28 21:35:00,"2025-09-28 16:35:00","VFR",31,9.6,0,0,NA,NA,1018.7,"METAR KCOM 282135Z AUTO 00000KT 10SM CLR 31/10 A3008 RMK AO2 T03100096",2025-09-28 21:51:25.682433,2025-09-28 17:51:25.682478
"KCNY","Moab/Canyonland Fld, UT, US",2025-09-28 21:34:00,"2025-09-28 15:34:00",NA,19.4,11.7,280,15,22,NA,1019,"SPECI KCNY 282134Z AUTO 28015G22KT -TSRA BKN070 OVC080 19/12 A3009 RMK AO2 LTG DSNT W AND NW RAB22 TSB28 P0001 T01940117 $",2025-09-28 21:51:25.68905,2025-09-28 17:51:25.689095
"KD73","Monroe/Walton Cnty, GA, US",2025-09-28 21:30:00,"2025-09-28 21:30:00","VFR",28.4,18.4,NA,NA,NA,NA,1018,"METAR KD73 282130Z AUTO 10SM SCT046 28/18 A3006 RMK AO2 T02840184",2025-09-28 21:51:25.695828,2025-09-28 17:51:25.695872
"KDKX","Knoxville/Downtown Aprt, TN, US",2025-09-28 21:30:00,"2025-09-28 21:30:00","VFR",28,17,NA,4,NA,NA,1019,"METAR KDKX 282130Z AUTO VRB04KT 10SM CLR 28/17 A3009 RMK A01",2025-09-28 21:51:25.702564,2025-09-28 17:51:25.702611
"KD09","Bottineau Muni, ND, US",2025-09-28 21:30:00,"2025-09-28 21:30:00","VFR",29,10,0,0,NA,NA,1011.9,"METAR KD09 282130Z AUTO 00000KT 10SM CLR 29/10 A2988 RMK AO2",2025-09-28 21:51:25.709315,2025-09-28 17:51:25.70936
"KCQB","Chandler Muni, OK, US",2025-09-28 21:30:00,"2025-09-28 21:30:00","IFR",30.9,15,110,6,NA,1.5,1018.7,"METAR KCQB 282130Z AUTO 11006KT 1 1/2SM HZ VV007 31/15 A3008 RMK AO2 VIS 1/2V5 T03090150",2025-09-28 21:51:25.715872,2025-09-28 17:51:25.715921
"KDIJ","Driggs/Reed Mem, ID, US",2025-09-28 21:17:00,"2025-09-28 21:17:00","VFR",19,7,350,3,NA,NA,1021.4,"SPECI KDIJ 282117Z AUTO 35003KT 10SM VCTS FEW090 SCT120 19/07 A3016 RMK AO2 LTG DSNT SW TSB06 $",2025-09-28 21:51:25.72259,2025-09-28 17:51:25.722635
"KCPK","Chesapeake Rgnl, VA, US",2025-09-28 21:15:00,"2025-09-28 21:15:00","MVFR",22.7,18.7,60,6,NA,NA,1019.4,"METAR KCPK 282115Z AUTO 06006KT 10SM OVC029 23/19 A3010 RMK AO2 T02270187",2025-09-28 21:51:25.729361,2025-09-28 17:51:25.729407
"KD55","Langdon/Roberts Fld, ND, US",2025-09-28 21:15:00,"2025-09-28 21:15:00","VFR",28,9,190,11,NA,NA,1013,"METAR KD55 282115Z AUTO 19011KT 10SM CLR 28/09 A2991 RMK AO2",2025-09-28 21:51:25.73605,2025-09-28 17:51:25.736094
"KCXE","Chase City Muni, VA, US",2025-09-28 21:15:00,"2025-09-28 21:15:00","VFR",23.9,18.6,0,0,NA,NA,1019.7,"METAR KCXE 282115Z AUTO 00000KT 10SM SCT036 SCT049 24/19 A3011 RMK AO1 T02390186",2025-09-28 21:51:25.742789,2025-09-28 17:51:25.742833
"KD60","Tioga Muni, ND, US",2025-09-28 21:15:00,"2025-09-28 16:15:00","VFR",29,6,340,4,NA,NA,1013,"METAR KD60 282115Z AUTO 34004KT 10SM CLR 29/06 A2991 RMK AO2",2025-09-28 21:51:25.762737,2025-09-28 17:51:25.762784
"KDBN","Dublin/Barron Arpt, GA, US",2025-09-28 21:15:00,"2025-09-28 17:15:00","MVFR",30.8,19.4,50,5,NA,3,1015.7,"METAR KDBN 282115Z AUTO 05005KT 3SM HZ CLR 31/19 A2999 RMK AO2 T03080194 $",2025-09-28 21:51:25.769925,2025-09-28 17:51:25.769968
"KD57","Glen Ullin Rgnl, ND, US",2025-09-28 21:15:00,"2025-09-28 21:15:00","VFR",27,12,NA,5,12,NA,1011.9,"METAR KD57 282115Z AUTO VRB05G12KT 10SM CLR 27/12 A2988 RMK AO2",2025-09-28 21:51:25.776558,2025-09-28 17:51:25.776603
"KD50","Crosby Muni, ND, US",2025-09-28 21:15:00,"2025-09-28 21:15:00","VFR",29,3,360,7,NA,NA,1012.6,"METAR KD50 282115Z AUTO 36007KT 320V020 10SM CLR 29/03 A2990 RMK AO2",2025-09-28 21:51:25.783142,2025-09-28 17:51:25.783191
"KCPT","Cleburne Muni, TX, US",2025-09-28 21:15:00,"2025-09-28 21:15:00","VFR",30,12.1,80,5,NA,NA,1016.3,"METAR KCPT 282115Z AUTO 08005KT 10SM CLR 30/12 A3001 RMK AO2 T03000121 $",2025-09-28 21:51:25.789879,2025-09-28 17:51:25.789925
"KCRG","Jacksonville/Executive at Craig Arpt, FL, US",2025-09-28 21:00:00,"2025-09-28 17:00:00",NA,NA,NA,NA,NA,NA,NA,1014,"SPECI KCRG 282100Z A2994 RMK AO2 $",2025-09-28 21:51:25.79652,2025-09-28 17:51:25.796565
"KCVN","Clovis Muni, NM, US",2025-09-28 20:56:00,"2025-09-28 14:56:00","VFR",21.1,9.4,200,10,NA,NA,1023.5,"METAR KCVN 282056Z AUTO 20010KT 10SM FEW037 SCT100 21/09 A3022 RMK AO2 RAE21 SLP205 P0000 60000 T02110094 56017 $",2025-09-28 21:51:25.803201,2025-09-28 17:51:25.803246
"KCWI","Clinton Muni, IA, US",2025-09-28 20:56:00,"2025-09-28 15:56:00","VFR",30.6,15,190,7,NA,NA,1020.4,"METAR KCWI 282056Z AUTO 19007KT 10SM CLR 31/15 A3013 RMK AO2 SLP201 T03060150 56013",2025-09-28 21:51:25.809862,2025-09-28 17:51:25.809907
"KDAY","Dayton/Cox Intl, OH, US",2025-09-28 20:56:00,"2025-09-28 16:56:00","VFR",30,10.6,NA,4,NA,NA,1020.7,"METAR KDAY 282056Z VRB04KT 10SM FEW080 30/11 A3014 RMK AO2 SLP199 T03000106 56009",2025-09-28 21:51:25.816626,2025-09-28 17:51:25.816672
"KCOE","Coeur DAlene Arpt, ID, US",2025-09-28 20:56:00,"2025-09-28 13:56:00","VFR",26.1,6.7,NA,3,NA,NA,1010.2,"METAR KCOE 282056Z AUTO VRB03KT 10SM CLR 26/07 A2983 RMK AO2 SLP103 6//// T02610067 57015 PNO $",2025-09-28 21:51:25.82342,2025-09-28 17:51:25.823466
"KD07","Faith Muni, SD, US",2025-09-28 20:56:00,"2025-09-28 20:56:00",NA,30,13.9,190,19,24,NA,1012.6,"METAR KD07 282056Z AUTO 19019G24KT 30/14 A2990 RMK AO1 SLP111 T03000139 56007",2025-09-28 21:51:25.829936,2025-09-28 17:51:25.829979
"KCOD","Cody/Yellowstone Rgnl, WY, US",2025-09-28 20:56:00,"2025-09-28 14:56:00","VFR",26.7,2.8,NA,5,NA,NA,1017.7,"METAR KCOD 282056Z AUTO VRB05KT 10SM FEW100 27/03 A3005 RMK AO2 SLP125 T02670028 56009",2025-09-28 21:51:25.836693,2025-09-28 17:51:25.836739
"KCTB","Cut Bank Muni, MT, US",2025-09-28 20:56:00,"2025-09-28 14:56:00",NA,NA,NA,NA,NA,NA,NA,1017.4,"METAR KCTB 282056Z AUTO A3004 RMK AO2 SLPNO 58009 PWINO FZRANO",2025-09-28 21:51:25.843419,2025-09-28 17:51:25.843471
"KCVO","Corvallis Muni, OR, US",2025-09-28 20:56:00,"2025-09-28 13:56:00","VFR",22.2,11.1,270,9,NA,NA,1010.9,"METAR KCVO 282056Z 27009KT 10SM CLR 22/11 A2985 RMK AO2 SLP111 T02220111 58006",2025-09-28 21:51:25.850212,2025-09-28 17:51:25.850258
"KCXY","Harrisburg/Capital City Arpt, PA, US",2025-09-28 20:56:00,"2025-09-28 16:56:00","VFR",29.4,13.9,0,0,NA,NA,1018.4,"METAR KCXY 282056Z 00000KT 10SM CLR 29/14 A3007 RMK AO2 SLP182 T02940139 56007 $",2025-09-28 21:51:25.856883,2025-09-28 17:51:25.856927
"KDIK","Dickinson/Roosevelt , ND, US",2025-09-28 20:56:00,"2025-09-28 14:56:00","VFR",30.6,8.3,NA,5,NA,9,1011.6,"METAR KDIK 282056Z AUTO VRB05KT 9SM CLR 31/08 A2987 RMK AO2 SLP099 T03060083 55005",2025-09-28 21:51:25.863545,2025-09-28 17:51:25.86359
"KCNK","Concordia/Blosser Muni, KS, US",2025-09-28 20:55:00,"2025-09-28 15:55:00","VFR",32.8,13.9,190,9,NA,NA,1018,"METAR KCNK 282055Z AUTO 19009KT 10SM CLR 33/14 A3006 RMK AO2 SLP166 T03280139 56015 $",2025-09-28 21:51:25.870298,2025-09-28 17:51:25.870347
"KCVS","Clovis/Cannon AFB, NM, US",2025-09-28 20:55:00,"2025-09-28 14:55:00","VFR",22.8,5.2,180,11,NA,NA,1022.4,"METAR KCVS 282055Z AUTO 18011KT 10SM FEW130 SCT200 23/05 A3019 RMK AO2 SLP172 60000 T02280052 57017 $",2025-09-28 21:51:25.877066,2025-09-28 17:51:25.87711
"KDLF","Laughlin AFB, TX, US",2025-09-28 20:55:00,"2025-09-28 15:55:00","VFR",33.1,11,120,8,NA,NA,1014.6,"METAR KDLF 282055Z AUTO 12008KT 10SM CLR 33/11 A2996 RMK AO2 SLP132 T03310110 57024 $",2025-09-28 21:51:25.883832,2025-09-28 17:51:25.883877
"KDLH","Duluth Intl Arpt, MN, US",2025-09-28 20:55:00,"2025-09-28 15:55:00","VFR",23.3,6.1,210,11,NA,NA,1019.4,"METAR KDLH 282055Z 21011KT 10SM CLR 23/06 A3010 RMK AO2 SLP195 T02330061 56009 $",2025-09-28 21:51:25.903799,2025-09-28 17:51:25.903844
"KDAA","Fort Belvoir/Davison(AAF), VA, US",2025-09-28 20:55:00,"2025-09-28 16:55:00","VFR",27.5,18.5,150,4,NA,NA,1018,"METAR KDAA 282055Z AUTO 15004KT 10SM FEW055 28/19 A3006 RMK AO2 SLP182 T02750185 55006 $",2025-09-28 21:51:25.911087,2025-09-28 17:51:25.91113
"KCOF","Cocoa Beach/Patrick(AFB), FL, US",2025-09-28 20:55:00,"2025-09-28 16:55:00","VFR",28.7,23.3,100,4,NA,NA,1010.6,"METAR KCOF 282055Z 10004KT 10SM CLR 29/23 A2984 RMK AO2A SLP109 T02870233 55009 $",2025-09-28 21:51:25.917762,2025-09-28 17:51:25.917806
"KCRW","Charleston/Yeager Arpt, WV, US",2025-09-28 20:54:00,"2025-09-28 16:54:00","VFR",28.9,13.3,NA,4,NA,NA,1020.7,"METAR KCRW 282054Z VRB04KT 10SM SCT060 29/13 A3014 RMK AO2 SLP198 T02890133 55008 $",2025-09-28 21:51:25.924376,2025-09-28 17:51:25.924423
"KDDH","Bennington/Morse State Arpt, VT, US",2025-09-28 20:54:00,"2025-09-28 20:54:00","VFR",26.7,14.4,270,7,17,NA,1017,"METAR KDDH 282054Z AUTO 27007G17KT 220V310 10SM SCT060 27/14 A3003 RMK AO2 SLP164 T02670144 55000",2025-09-28 21:51:25.931059,2025-09-28 17:51:25.931107
"KCOU","Columbia Rgnl, MO, US",2025-09-28 20:54:00,"2025-09-28 15:54:00","VFR",29.4,11.7,NA,5,NA,NA,1020.1,"METAR KCOU 282054Z VRB05KT 10SM CLR 29/12 A3012 RMK AO2 SLP194 T02940117 56012 $",2025-09-28 21:51:25.937855,2025-09-28 17:51:25.937901
"KDEC","Decatur Arpt, IL, US",2025-09-28 20:54:00,"2025-09-28 15:54:00","VFR",32.2,10,210,4,NA,NA,1020.4,"METAR KDEC 282054Z 21004KT 10SM CLR 32/10 A3013 RMK AO2 SLP198 T03220100 56013",2025-09-28 21:51:25.944469,2025-09-28 17:51:25.944513
"KCOS","Colorado Spring Arpt, CO, US",2025-09-28 20:54:00,"2025-09-28 14:54:00","VFR",25.6,4.4,210,13,26,NA,1021.1,"METAR KCOS 282054Z 21013G26KT 10SM SCT085 BKN180 BKN240 26/04 A3015 RMK AO2 PK WND 19027/2023 SLP128 T02560044 56014",2025-09-28 21:51:25.9511,2025-09-28 17:51:25.951146
"KDAN","Danville Rgnl, VA, US",2025-09-28 20:53:00,"2025-09-28 16:53:00","VFR",25.6,17.8,40,7,NA,NA,1019.7,"METAR KDAN 282053Z AUTO 04007KT 10SM BKN055 26/18 A3011 RMK AO2 SLP186 T02560178 56005",2025-09-28 21:51:25.957751,2025-09-28 17:51:25.957796
"KDFI","Defiance Mem Arpt, OH, US",2025-09-28 20:53:00,"2025-09-28 16:53:00","VFR",31.1,13.9,320,9,NA,NA,1020.4,"METAR KDFI 282053Z AUTO 32009KT 10SM FEW080 31/14 A3013 RMK AO2 SLP199 T03110139 56004",2025-09-28 21:51:25.964489,2025-09-28 17:51:25.964535
"KCNM","Carlsbad/Cavern City Air Term, NM, US",2025-09-28 20:53:00,"2025-09-28 14:53:00","VFR",20,16.7,320,14,NA,NA,1021.1,"METAR KCNM 282053Z AUTO 32014KT 10SM FEW032 SCT095 20/17 A3015 RMK AO2 LTG DSNT SW AND NW RAB23E48 SLP166 P0000 60001 T02000167 58015",2025-09-28 21:51:25.971144,2025-09-28 17:51:25.971189
"KDAB","Daytona Beach Intl, FL, US",2025-09-28 20:53:00,"2025-09-28 16:53:00","VFR",28.9,23.9,40,15,NA,NA,1012.3,"METAR KDAB 282053Z 04015KT 10SM SCT022 SCT040 BKN095 29/24 A2989 RMK AO2 SLP122 T02890239 56008 $",2025-09-28 21:51:25.977908,2025-09-28 17:51:25.977953
"KCNO","Chino Arpt, CA, US",2025-09-28 20:53:00,"2025-09-28 13:53:00","VFR",26.7,15,NA,NA,NA,NA,1015.7,"METAR KCNO 282053Z 10SM FEW037 27/15 A2999 RMK AO2 SLP151 T02670150 58017 $",2025-09-28 21:51:25.984536,2025-09-28 17:51:25.984581
"KCPR","Casper/Natrona Cnty, WY, US",2025-09-28 20:53:00,"2025-09-28 14:53:00","VFR",26.7,6.1,220,6,16,NA,1017.7,"METAR KCPR 282053Z 22006G16KT 10SM CLR 27/06 A3005 RMK AO2 SLP116 T02670061 56010",2025-09-28 21:51:25.991153,2025-09-28 17:51:25.991196
"KCOT","Cotulla/LaSalle Cnty, TX, US",2025-09-28 20:53:00,"2025-09-28 15:53:00","VFR",33.3,10.6,NA,6,NA,NA,1015.3,"METAR KCOT 282053Z AUTO VRB06KT 10SM CLR 33/11 A2998 RMK AO2 SLP145 T03330106 57024",2025-09-28 21:51:25.997872,2025-09-28 17:51:25.997916
"KDKK","Dunkirk/Chautauqua Cnty, NY, US",2025-09-28 20:53:00,"2025-09-28 16:53:00","VFR",23.3,10,360,6,NA,NA,1021.8,"METAR KDKK 282053Z AUTO 36006KT 10SM CLR 23/10 A3017 RMK AO2 SLP213 T02330100 53006",2025-09-28 21:51:26.004554,2025-09-28 17:51:26.0046
"KCRE","North Myrtle Beach/Grand Strand Arpt, SC, US",2025-09-28 20:53:00,"2025-09-28 16:53:00","VFR",26.1,21.7,20,8,NA,NA,1016.3,"METAR KCRE 282053Z 02008KT 10SM BKN033 26/22 A3001 RMK AO1 SLP162 T02610217 55005",2025-09-28 21:51:26.011327,2025-09-28 17:51:26.011372
"KDBQ","Dubuque Rgnl, IA, US",2025-09-28 20:53:00,"2025-09-28 15:53:00","VFR",27.8,15.6,130,6,NA,NA,1021.1,"METAR KDBQ 282053Z 13006KT 10SM CLR 28/16 A3015 RMK AO2 SLP205 T02780156 56011",2025-09-28 21:51:26.01798,2025-09-28 17:51:26.018026
"KCRQ","Carlsbad/Palomar Arpt, CA, US",2025-09-28 20:53:00,"2025-09-28 13:53:00","VFR",22.8,15,260,10,NA,NA,1015.3,"METAR KCRQ 282053Z 26010KT 10SM CLR 23/15 A2998 RMK AO2 SLP149 T02280150 58010",2025-09-28 21:51:26.024658,2025-09-28 17:51:26.024703
"KCRS","Corsicana Muni, TX, US",2025-09-28 20:53:00,"2025-09-28 15:53:00","VFR",31.1,15,100,8,NA,NA,1018,"METAR KCRS 282053Z AUTO 10008KT 10SM CLR 31/15 A3006 RMK AO2 SLP173 T03110150 56019",2025-09-28 21:51:26.044819,2025-09-28 17:51:26.044867
"KCSM","Clinton/Sherman Arpt, OK, US",2025-09-28 20:53:00,"2025-09-28 15:53:00","VFR",30,10.6,160,6,NA,NA,1019.7,"METAR KCSM 282053Z AUTO 16006KT 10SM CLR 30/11 A3011 RMK AO2 SLP172 T03000106 57018",2025-09-28 21:51:26.05191,2025-09-28 17:51:26.051956
"KDHT","Dalhart Muni, TX, US",2025-09-28 20:53:00,"2025-09-28 15:53:00","VFR",26.7,8.3,230,13,20,NA,1021.1,"METAR KDHT 282053Z AUTO 23013G20KT 10SM -RA CLR 27/08 A3015 RMK AO2 SLP162 P0000 60000 T02670083 56016",2025-09-28 21:51:26.05892,2025-09-28 17:51:26.058964
"KDHN","Dothan Rgnl, AL, US",2025-09-28 20:53:00,"2025-09-28 15:53:00","VFR",31.7,18.9,40,6,NA,NA,1015.3,"METAR KDHN 282053Z 04006KT 10SM FEW050 32/19 A2998 RMK AO1 SLP147 T03170189 56012",2025-09-28 21:51:26.065618,2025-09-28 17:51:26.065663
"KDAL","Dallas/Love Fld, TX, US",2025-09-28 20:53:00,"2025-09-28 15:53:00","VFR",30.6,13.3,NA,5,NA,NA,1018,"METAR KDAL 282053Z COR VRB05KT 10SM FEW060 BKN250 31/13 A3006 RMK AO2 SLP171 T03060133 56018 $",2025-09-28 21:51:26.072407,2025-09-28 17:51:26.072451
"KCUT","Custer Cnty Arpt, SD, US",2025-09-28 20:53:00,"2025-09-28 20:53:00","VFR",24.4,5.6,NA,6,NA,NA,1019.7,"METAR KCUT 282053Z AUTO VRB06KT 10SM CLR 24/06 A3011 RMK AO2 SLP128 T02440056 56002 $",2025-09-28 21:51:26.079089,2025-09-28 17:51:26.079134
"KCYS","Cheyenne Rgnl, WY, US",2025-09-28 20:53:00,"2025-09-28 14:53:00","VFR",22.8,6.1,130,5,NA,NA,1020.4,"METAR KCYS 282053Z 13005KT 10SM CLR 23/06 A3013 RMK AO2 SLP130 T02280061 56009 $",2025-09-28 21:51:26.085706,2025-09-28 17:51:26.08575
"KDCU","Decatur/Pryor Fld, AL, US",2025-09-28 20:53:00,"2025-09-28 15:53:00","VFR",31.7,15.6,30,8,NA,NA,1017.7,"METAR KDCU 282053Z AUTO 03008KT 10SM CLR 32/16 A3005 RMK AO2 SLP169 T03170156 56012 $",2025-09-28 21:51:26.092431,2025-09-28 17:51:26.092477
"KCXO","Conroe/Executive Arpt, TX, US",2025-09-28 20:53:00,"2025-09-28 15:53:00","VFR",31.7,11.7,NA,NA,NA,NA,1016.3,"METAR KCXO 282053Z 10SM CLR 32/12 A3001 RMK AO2 SLP159 T03170117 56018",2025-09-28 21:51:26.099052,2025-09-28 17:51:26.099099
"KDEN","Denver Intl, CO, US",2025-09-28 20:53:00,"2025-09-28 14:53:00","VFR",25,6.7,NA,6,NA,NA,1018.4,"METAR KDEN 282053Z VRB06KT 10SM FEW075 FEW150 BKN220 25/07 A3007 RMK AO2 SLP112 T02500067 56015",2025-09-28 21:51:26.105746,2025-09-28 17:51:26.105791
"KDFW","Dallas-Ft Worth Intl, TX, US",2025-09-28 20:53:00,"2025-09-28 15:53:00","VFR",30,13.9,80,4,NA,NA,1017.7,"METAR KDFW 282053Z 08004KT 10SM SCT060 BKN250 30/14 A3005 RMK AO2 SLP166 T03000139 56019 $",2025-09-28 21:51:26.112372,2025-09-28 17:51:26.112418
"KDEW","Deer Park Arpt, WA, US",2025-09-28 20:53:00,"2025-09-28 20:53:00","VFR",25.6,3.3,NA,5,NA,9,1010.2,"METAR KDEW 282053Z AUTO VRB05KT 9SM CLR 26/03 A2983 RMK AO2 SLP093 T02560033 56011",2025-09-28 21:51:26.119031,2025-09-28 17:51:26.119076
"KCPS","St Louis/Downtown Arpt, IL, US",2025-09-28 20:53:00,"2025-09-28 15:53:00","VFR",31.7,11.1,70,3,NA,NA,1019.7,"METAR KCPS 282053Z 07003KT 10SM CLR 32/11 A3011 RMK AO2 SLP192 T03170111 56014 $",2025-09-28 21:51:26.125682,2025-09-28 17:51:26.125727
"KCSV","Crossville/Whitson Fld, TN, US",2025-09-28 20:53:00,"2025-09-28 15:53:00","VFR",26.1,13.3,50,9,NA,NA,1021.1,"METAR KCSV 282053Z AUTO 05009KT 10SM CLR 26/13 A3015 RMK AO2 SLP191 T02610133 55005 $",2025-09-28 21:51:26.132336,2025-09-28 17:51:26.132382
"KDET","Detroit/C Young Arpt, MI, US",2025-09-28 20:53:00,"2025-09-28 16:53:00","VFR",25.6,12.8,90,6,NA,NA,1021.8,"METAR KDET 282053Z 09006KT 10SM CLR 26/13 A3017 RMK AO2 SLP214 T02560128 50000",2025-09-28 21:51:26.138949,2025-09-28 17:51:26.138992
"KDEQ","De Queen/Helms Arpt, AR, US",2025-09-28 20:53:00,"2025-09-28 20:53:00","VFR",30.6,16.7,90,5,NA,NA,1017.7,"METAR KDEQ 282053Z AUTO 09005KT 10SM CLR 31/17 A3005 RMK AO2 SLP172 T03060167 56017",2025-09-28 21:51:26.14567,2025-09-28 17:51:26.145716
"KCQX","Chatham Muni, MA, US",2025-09-28 20:52:00,"2025-09-28 20:52:00","VFR",20.6,17.2,210,5,NA,NA,1016.7,"METAR KCQX 282052Z AUTO 21005KT 10SM CLR 21/17 A3002 RMK AO2 SLP167 T02060172 55007 $",2025-09-28 21:51:26.152435,2025-09-28 17:51:26.152481
"KDDC","Dodge City Arpt, KS, US",2025-09-28 20:52:00,"2025-09-28 15:52:00","VFR",30,11.1,180,10,21,7,1019,"METAR KDDC 282052Z AUTO 18010G21KT 7SM CLR 30/11 A3009 RMK AO2 SLP161 T03000111 58014 $",2025-09-28 21:51:26.159095,2025-09-28 17:51:26.15914
"KDCA","Washington/Reagan-National Arpt, VA, US",2025-09-28 20:52:00,"2025-09-28 16:52:00","VFR",28.3,16.1,NA,3,NA,NA,1018.7,"METAR KDCA 282052Z VRB03KT 10SM SCT050 BKN250 28/16 A3008 RMK AO2 SLP185 T02830161 55007",2025-09-28 21:51:26.178291,2025-09-28 17:51:26.178343
"KCNU","Chanute/Johnson Arpt, KS, US",2025-09-28 20:52:00,"2025-09-28 15:52:00","VFR",29.4,16.1,170,5,NA,NA,1019.4,"METAR KCNU 282052Z AUTO 17005KT 10SM CLR 29/16 A3010 RMK AO2 SLP181 T02940161 56017",2025-09-28 21:51:26.185771,2025-09-28 17:51:26.185817
"KCVG","Cincinnati Intl, KY, US",2025-09-28 20:52:00,"2025-09-28 16:52:00","VFR",30,11.7,100,4,NA,NA,1020.4,"METAR KCVG 282052Z 10004KT 10SM FEW075 30/12 A3013 RMK AO2 SLP194 T03000117 56011",2025-09-28 21:51:26.192552,2025-09-28 17:51:26.192596
"KCSG","Columbus Arpt, GA, US",2025-09-28 20:51:00,"2025-09-28 16:51:00","VFR",31.1,16.1,70,7,NA,NA,1015.3,"METAR KCSG 282051Z 07007KT 10SM CLR 31/16 A2998 RMK AO2 SLP146 T03110161 56009",2025-09-28 21:51:26.199195,2025-09-28 17:51:26.199239
"KCON","Concord Muni, NH, US",2025-09-28 20:51:00,"2025-09-28 16:51:00","VFR",29.4,13.9,270,8,NA,NA,1014.3,"METAR KCON 282051Z AUTO 27008KT 10SM BKN070 29/14 A2995 RMK AO2 SLP141 T02940139 55002 $",2025-09-28 21:51:26.205802,2025-09-28 17:51:26.205846
"KCRP","Corpus Christi Intl, TX, US",2025-09-28 20:51:00,"2025-09-28 15:51:00","VFR",31.7,16.7,70,10,NA,NA,1015.3,"METAR KCRP 282051Z 07010KT 10SM FEW055 SCT065 BKN250 32/17 A2998 RMK AO2 SLP149 T03170167 56019 $",2025-09-28 21:51:26.212522,2025-09-28 17:51:26.212568
"KDAW","Rochester/Skyhaven Arpt, NH, US",2025-09-28 20:51:00,"2025-09-28 20:51:00","VFR",28.3,15,0,0,NA,NA,1014,"METAR KDAW 282051Z AUTO 00000KT 10SM FEW080 28/15 A2994 RMK AO2 SLP134 T02830150 55004 $",2025-09-28 21:51:26.219198,2025-09-28 17:51:26.219241
"KDAG","Barstow/Daggett Cnty, CA, US",2025-09-28 20:50:00,"2025-09-28 13:50:00","VFR",27.8,10,NA,3,NA,NA,1015,"METAR KDAG 282050Z AUTO VRB03KT 10SM CLR 28/10 A2997 RMK AO2 SLP126 T02780100 58018",2025-09-28 21:51:26.225883,2025-09-28 17:51:26.225929
"KELP","El Paso Intl, TX, US",2025-09-28 21:48:00,"2025-09-28 15:48:00","VFR",31,13,NA,NA,NA,NA,1017.7,"SPECI KELP 282148Z 10SM TS SCT060CB SCT090 BKN200 31/13 A3005 RMK AO2 TSB47 OCNL LTGICCCCG N-E TS N-E MOV NE VCSH NE-E $",2025-09-28 21:51:27.755946,2025-09-28 17:51:27.755991
"KEMT","El Monte Arpt, CA, US",2025-09-28 21:45:00,"2025-09-28 14:45:00","VFR",26,14,0,0,NA,NA,1015,"METAR KEMT 282145Z 00000KT 10SM CLR 26/14 A2997",2025-09-28 21:51:27.762849,2025-09-28 17:51:27.762893
"KELN","Ellensburg/Bowers Fld, WA, US",2025-09-28 21:44:00,"2025-09-28 14:44:00","VFR",25.6,2.2,130,8,14,NA,1008.2,"SPECI KELN 282144Z AUTO 13008G14KT 10SM SCT018 26/02 A2977 RMK AO2 T02560022",2025-09-28 21:51:27.769574,2025-09-28 17:51:27.76962
"KDTL","Detroit Lakes Arpt, MN, US",2025-09-28 21:42:00,"2025-09-28 16:42:00","VFR",27,8,160,13,NA,NA,1016,"METAR KDTL 282142Z 16013KT 10SM CLR 27/08 A3000 RMK AO2",2025-09-28 21:51:27.776363,2025-09-28 17:51:27.776407
"KDMA","Tucson/Davis AFB, AZ, US",2025-09-28 21:37:00,"2025-09-28 14:37:00","VFR",31,3,200,12,NA,NA,1015.3,"SPECI KDMA 282137Z AUTO 20012KT 10SM FEW095 31/03 A2998 RMK AO2 WSHFT 36 SLP154 $",2025-09-28 21:51:27.783125,2025-09-28 17:51:27.78317
"KDRP","Colt/Delta Rgnl, AR, US",2025-09-28 21:35:00,"2025-09-28 21:35:00","VFR",30,14,40,4,10,NA,1018,"METAR KDRP 282135Z AUTO 04004G10KT 10SM CLR 30/14 A3006 RMK AO2",2025-09-28 21:51:27.789919,2025-09-28 17:51:27.789963
"KEAN","Wheatland/Phifer Fld, WY, US",2025-09-28 21:35:00,"2025-09-28 15:35:00","VFR",28.4,3.6,60,3,NA,NA,1017,"METAR KEAN 282135Z AUTO 06003KT 10SM CLR 28/04 A3003 RMK AO2 LTG DSNT SW T02840036",2025-09-28 21:51:27.796594,2025-09-28 17:51:27.79664
"KE11","Andrews Cnty, TX, US",2025-09-28 21:35:00,"2025-09-28 21:35:00","VFR",29,7.5,100,5,9,NA,1020.1,"METAR KE11 282135Z AUTO 10005G09KT 10SM CLR 29/08 A3012 RMK AO2 T02900075",2025-09-28 21:51:27.81725,2025-09-28 17:51:27.817334
"KEGV","Eagle River/Union Arpt, WI, US",2025-09-28 21:35:00,"2025-09-28 16:35:00","VFR",22.8,2.1,220,5,NA,NA,1022.1,"METAR KEGV 282135Z AUTO 22005KT 10SM CLR 23/02 A3018 RMK AO2 T02280021",2025-09-28 21:51:27.824289,2025-09-28 17:51:27.824339
"KECU","Rocksprings/Edwards Cnty, TX, US",2025-09-28 21:35:00,"2025-09-28 21:35:00","VFR",30,11,80,7,NA,NA,1019.7,"METAR KECU 282135Z AUTO 08007KT 070V130 10SM CLR 30/11 A3011 RMK AO2",2025-09-28 21:51:27.830947,2025-09-28 17:51:27.830992
"KDNS","Denison Muni, IA, US",2025-09-28 21:35:00,"2025-09-28 16:35:00","VFR",29,9,160,7,NA,NA,1019.4,"METAR KDNS 282135Z AUTO 16007KT 10SM CLR 29/09 A3010 RMK AO2",2025-09-28 21:51:27.837612,2025-09-28 17:51:27.837657
"KDVO","Novato/Gnoss Fld, CA, US",2025-09-28 21:35:00,"2025-09-28 14:35:00","VFR",NA,NA,0,0,NA,NA,1015.3,"METAR KDVO 282135Z AUTO 00000KT 10SM BKN032 OVC041 A2998 RMK AO2",2025-09-28 21:51:27.844366,2025-09-28 17:51:27.844417
"KE16","San Martin Arpt, CA, US",2025-09-28 21:35:00,"2025-09-28 21:35:00","VFR",22,15,240,10,NA,NA,1016,"METAR KE16 282135Z AUTO 24010KT 10SM OVC031 22/15 A3000 RMK AO2",2025-09-28 21:51:27.851104,2025-09-28 17:51:27.851148
"KDUC","Duncan/Halliburton Fld, OK, US",2025-09-28 21:35:00,"2025-09-28 16:35:00","VFR",30,13,60,8,NA,NA,1018.7,"METAR KDUC 282135Z AUTO 06008KT 10SM SCT070 30/13 A3008 RMK AO2",2025-09-28 21:51:27.857832,2025-09-28 17:51:27.857877
"KEHA","Elkhart/Morton Cnty, KS, US",2025-09-28 21:35:00,"2025-09-28 21:35:00","VFR",28.3,7.7,180,14,20,NA,1020.4,"METAR KEHA 282135Z AUTO 18014G20KT 10SM CLR 28/08 A3013 RMK AO2 T02830077",2025-09-28 21:51:27.864487,2025-09-28 17:51:27.864532
"KDZJ","Blairsville Arpt, GA, US",2025-09-28 21:35:00,"2025-09-28 21:35:00","VFR",24.3,18.2,170,5,NA,NA,1019.7,"METAR KDZJ 282135Z AUTO 17005KT 10SM SCT048 SCT060 24/18 A3011 RMK AO2 T02430182",2025-09-28 21:51:27.871237,2025-09-28 17:51:27.871301
"KE57","Denver City Arpt, TX, US",2025-09-28 21:35:00,"2025-09-28 21:35:00","VFR",28,6,NA,6,NA,NA,1020.7,"METAR KE57 282135Z AUTO VRB06KT 10SM FEW070 28/06 A3014 RMK AO2",2025-09-28 21:51:27.877964,2025-09-28 17:51:27.878016
"KE41","Big Lake/Reagan Cnty, TX, US",2025-09-28 21:35:00,"2025-09-28 21:35:00","VFR",29.8,8.8,110,8,NA,NA,1019,"METAR KE41 282135Z AUTO 11008KT 10SM CLR 30/09 A3009 RMK AO2 T02980088",2025-09-28 21:51:27.884744,2025-09-28 17:51:27.884789
"KE38","Alpine/Casparis Muni, TX, US",2025-09-28 21:35:00,"2025-09-28 16:35:00","VFR",17.7,16.2,350,6,NA,7,1024.1,"METAR KE38 282135Z AUTO 35006KT 7SM TS SCT018 BKN060 OVC070 18/16 A3024 RMK AO2 LTG DSNT S THRU NW P0006 T01770162",2025-09-28 21:51:27.891408,2025-09-28 17:51:27.891453
"KDWA","Davis/Yolo Cnty, CA, US",2025-09-28 21:35:00,"2025-09-28 21:35:00","VFR",23,14,200,11,NA,NA,1015.7,"METAR KDWA 282135Z AUTO 20011KT 10SM OVC036 23/14 A2999 RMK AO2",2025-09-28 21:51:27.898152,2025-09-28 17:51:27.898196
"KEGT","Wellington Muni, KS, US",2025-09-28 21:35:00,"2025-09-28 21:35:00","VFR",31.5,14.6,130,3,NA,NA,1019,"METAR KEGT 282135Z AUTO 13003KT 10SM CLR 31/15 A3009 RMK AO2 T03150146",2025-09-28 21:51:27.904803,2025-09-28 17:51:27.904849
"KDUA","Durant/Eaker Fld, OK, US",2025-09-28 21:35:00,"2025-09-28 16:35:00","VFR",29,17,60,5,NA,NA,1019.4,"METAR KDUA 282135Z AUTO 06005KT 10SM FEW060 29/17 A3010 RMK AO2",2025-09-28 21:51:27.911611,2025-09-28 17:51:27.911656
"KDLZ","Delaware Muni, OH, US",2025-09-28 21:35:00,"2025-09-28 21:35:00","VFR",31,12,40,5,NA,NA,1020.4,"METAR KDLZ 282135Z AUTO 04005KT 10SM FEW080 31/12 A3013 RMK AO2",2025-09-28 21:51:27.918346,2025-09-28 17:51:27.918393
"KEFK","Newport/Northeast Kingdom Intl, VT, US",2025-09-28 21:35:00,"2025-09-28 17:35:00","VFR",21,7.7,320,10,16,NA,1018,"METAR KEFK 282135Z AUTO 32010G16KT 10SM CLR 21/08 A3006 RMK AO2 T02100077",2025-09-28 21:51:27.925044,2025-09-28 17:51:27.925091
"KDUH","Toledo/Suburban Arpt, MI, US",2025-09-28 21:35:00,"2025-09-28 21:35:00","VFR",25.5,16.1,100,4,NA,NA,1021.4,"METAR KDUH 282135Z AUTO 10004KT 10SM CLR 26/16 A3016 RMK AO2 T02550161",2025-09-28 21:51:27.931725,2025-09-28 17:51:27.931771
"KELO","Ely Muni, MN, US",2025-09-28 21:35:00,"2025-09-28 16:35:00","VFR",24,-10,210,10,NA,NA,1018,"METAR KELO 282135Z AUTO 21010KT 10SM CLR 24/M10 A3006 RMK AO2",2025-09-28 21:51:27.951226,2025-09-28 17:51:27.95129
"KDYB","Summerville Arpt, SC, US",2025-09-28 21:35:00,"2025-09-28 21:35:00","VFR",27,24,0,0,NA,NA,1015.3,"METAR KDYB 282135Z AUTO 00000KT 10SM CLR 27/24 A2998 RMK AO2",2025-09-28 21:51:27.958693,2025-09-28 17:51:27.95874
"KEBG","Edinburg/S Texas Intl, TX, US",2025-09-28 21:35:00,"2025-09-28 21:35:00","VFR",32,15,80,9,17,NA,1014,"METAR KEBG 282135Z AUTO 08009G17KT 050V110 10SM CLR 32/15 A2994 RMK AO2",2025-09-28 21:51:27.965598,2025-09-28 17:51:27.965643
"KELA","Eagle Lake Arpt, TX, US",2025-09-28 21:35:00,"2025-09-28 16:35:00","VFR",31.7,10.5,20,4,NA,NA,1015,"METAR KELA 282135Z AUTO 02004KT 10SM CLR 32/11 A2997 RMK AO2 T03170105",2025-09-28 21:51:27.972173,2025-09-28 17:51:27.972216
"KECS","Newcastle/Mondell Arpt, WY, US",2025-09-28 21:35:00,"2025-09-28 15:35:00","VFR",27,4,140,9,NA,NA,1016,"METAR KECS 282135Z AUTO 14009KT 10SM CLR 27/04 A3000 RMK AO2",2025-09-28 21:51:27.978887,2025-09-28 17:51:27.97893
"KEMM","Kemmerer Muni, WY, US",2025-09-28 21:35:00,"2025-09-28 15:35:00",NA,21,1,250,9,18,NA,1022.4,"METAR KEMM 282135Z AUTO 25009G18KT 10SM 21/01 A3019 RMK AO2",2025-09-28 21:51:27.985604,2025-09-28 17:51:27.985648
"KDZB","Marble Falls/Horseshoe Bay Arpt, TX, US",2025-09-28 21:35:00,"2025-09-28 21:35:00","VFR",32.6,9.7,50,3,NA,7,1017,"METAR KDZB 282135Z AUTO 05003KT 7SM CLR 33/10 A3003 RMK AO2 T03260097",2025-09-28 21:51:27.992246,2025-09-28 17:51:27.992312
"KELY","Ely/Yelland Fld, NV, US",2025-09-28 21:35:00,"2025-09-28 14:35:00","VFR",21.1,6.1,180,15,25,NA,1020.4,"SPECI KELY 282135Z AUTO 18015G25KT 10SM CLR 21/06 A3013 RMK AO2 PK WND 20031/2055 LTG DSNT NW T02110061",2025-09-28 21:51:27.998943,2025-09-28 17:51:27.998987
"KDRM","Drummond Island Arpt, MI, US",2025-09-28 21:35:00,"2025-09-28 17:35:00","VFR",21.1,7.9,240,3,NA,NA,1022.1,"METAR KDRM 282135Z AUTO 24003KT 10SM CLR 21/08 A3018 RMK AO2 T02110079",2025-09-28 21:51:28.005667,2025-09-28 17:51:28.005711
"KDXX","Madison/Lac Qui Parle Cnty, MN, US",2025-09-28 21:35:00,"2025-09-28 21:35:00","VFR",29,-2,180,10,17,NA,1017,"METAR KDXX 282135Z AUTO 18010G17KT 10SM CLR 29/M02 A3003 RMK AO2",2025-09-28 21:51:28.012417,2025-09-28 17:51:28.012463
"KEDJ","Bellefontaine Rgnl, OH, US",2025-09-28 21:35:00,"2025-09-28 21:35:00","VFR",29,-5,0,0,NA,NA,1021.4,"METAR KEDJ 282135Z AUTO 00000KT 10SM CLR 29/M05 A3016 RMK A01",2025-09-28 21:51:28.019073,2025-09-28 17:51:28.019119
"KEDN","Enterprise Muni, AL, US",2025-09-28 21:35:00,"2025-09-28 16:35:00","VFR",30.9,17.1,20,5,NA,NA,1014.3,"METAR KEDN 282135Z AUTO 02005KT 10SM SCT055 SCT100 31/17 A2995 RMK AO1 T03090171",2025-09-28 21:51:28.025792,2025-09-28 17:51:28.025844
"KDTA","Delta Muni, UT, US",2025-09-28 21:35:00,"2025-09-28 15:35:00","VFR",25,3,170,6,15,NA,1018,"METAR KDTA 282135Z AUTO 17006G15KT 10SM CLR 25/03 A3006 RMK AO1",2025-09-28 21:51:28.032509,2025-09-28 17:51:28.032554
"KE01","Monahans/Hurd Mem, TX, US",2025-09-28 21:35:00,"2025-09-28 16:35:00","VFR",30,7,130,8,NA,NA,1018,"METAR KE01 282135Z AUTO 13008KT 10SM CLR 30/07 A3006 RMK AO2",2025-09-28 21:51:28.039307,2025-09-28 17:51:28.039354
"KEFT","Monroe Muni, WI, US",2025-09-28 21:35:00,"2025-09-28 21:35:00","VFR",27.8,11.3,110,3,NA,NA,1021.1,"METAR KEFT 282135Z AUTO 11003KT 10SM CLR 28/11 A3015 RMK AO2 T02780113",2025-09-28 21:51:28.046111,2025-09-28 17:51:28.04616
"KDYT","Duluth/Sky Harbor Arpt, MN, US",2025-09-28 21:35:00,"2025-09-28 21:35:00","VFR",25,8,200,11,NA,NA,1018.4,"METAR KDYT 282135Z AUTO 20011KT 10SM CLR 25/08 A3007 RMK AO2",2025-09-28 21:51:28.052895,2025-09-28 17:51:28.052964
"KEIK","Erie Muni, CO, US",2025-09-28 21:35:00,"2025-09-28 21:35:00","VFR",25.2,8.6,300,6,NA,NA,1017.7,"METAR KEIK 282135Z AUTO 30006KT 10SM CLR 25/09 A3005 RMK AO2 T02520086",2025-09-28 21:51:28.060183,2025-09-28 17:51:28.060231
"KDUX","Dumas/Moore Cnty, TX, US",2025-09-28 21:35:00,"2025-09-28 21:35:00","VFR",27.2,8.5,210,10,NA,NA,1020.7,"METAR KDUX 282135Z AUTO 21010KT 10SM CLR 27/09 A3014 RMK AO2 T02720085",2025-09-28 21:51:28.067065,2025-09-28 17:51:28.06711
"KDNV","Danville/Vermillion Rgnl, IL, US",2025-09-28 21:35:00,"2025-09-28 16:35:00","MVFR",31.2,10.2,180,3,NA,4,1020.4,"METAR KDNV 282135Z AUTO 18003KT 4SM CLR 31/10 A3013 RMK AO2 T03120102",2025-09-28 21:51:28.073786,2025-09-28 17:51:28.073831
"KDMN","Deming Muni, NM, US",2025-09-28 21:34:00,"2025-09-28 15:34:00","VFR",27.2,12.8,360,6,NA,NA,1019,"SPECI KDMN 282134Z AUTO 36006KT 10SM VCTS CLR 27/13 A3009 RMK AO2 T02720128",2025-09-28 21:51:28.09382,2025-09-28 17:51:28.093873
"KEKS","Ennis/Big Sky Arpt, MT, US",2025-09-28 21:30:00,"2025-09-28 21:30:00","VFR",27,3,170,15,NA,NA,1018,"METAR KEKS 282130Z AUTO 17015KT 10SM FEW100 27/03 A3006 RMK AO2",2025-09-28 21:51:28.10131,2025-09-28 17:51:28.101356
"KDVK","Danville/Powell Fld, KY, US",2025-09-28 21:30:00,"2025-09-28 21:30:00","VFR",27,11,90,4,NA,NA,1021.1,"METAR KDVK 282130Z AUTO 09004KT 10SM CLR 27/11 A3015 RMK AO2",2025-09-28 21:51:28.107935,2025-09-28 17:51:28.10799
"KDQH","Douglas Muni, GA, US",2025-09-28 21:15:00,"2025-09-28 21:15:00","VFR",31.1,17.7,70,8,NA,NA,1015,"METAR KDQH 282115Z AUTO 07008KT 040V100 10SM SCT050 31/18 A2997 RMK AO2 T03110177",2025-09-28 21:51:28.11463,2025-09-28 17:51:28.114675
"KELK","Elk City Rgnl, OK, US",2025-09-28 21:15:00,"2025-09-28 16:15:00","VFR",30,10.8,190,8,NA,NA,1019,"METAR KELK 282115Z AUTO 19008KT 10SM CLR 30/11 A3009 RMK AO2 T03000108 $",2025-09-28 21:51:28.121336,2025-09-28 17:51:28.121381
"KEKM","Elkhart Muni, IN, US",2025-09-28 21:15:00,"2025-09-28 17:15:00","VFR",27.9,15.9,NA,3,NA,8,1021.1,"METAR KEKM 282115Z VRB03KT 8SM CLR 28/16 A3015 RMK AO2 T02790159 $",2025-09-28 21:51:28.127962,2025-09-28 17:51:28.128006
"KEDC","Austin/Executive Arpt, TX, US",2025-09-28 21:15:00,"2025-09-28 21:15:00","VFR",32,10,70,7,NA,9,1015.7,"METAR KEDC 282115Z AUTO 07007KT 9SM CLR 32/10 A2999 RMK AO2",2025-09-28 21:51:28.134579,2025-09-28 17:51:28.134623
"KDRI","Deridder/Beauregard Rgnl, LA, US",2025-09-28 21:15:00,"2025-09-28 16:15:00","VFR",30.9,11.3,50,4,NA,NA,1016,"METAR KDRI 282115Z AUTO 05004KT 10SM CLR 31/11 A3000 RMK AO2 T03090113 $",2025-09-28 21:51:28.141172,2025-09-28 17:51:28.141216
"KDYA","Demopolis Muni, AL, US",2025-09-28 21:15:00,"2025-09-28 21:15:00","VFR",33.4,14.2,20,3,NA,NA,1015,"METAR KDYA 282115Z AUTO 02003KT 10SM CLR 33/14 A2997 RMK AO2 T03340142",2025-09-28 21:51:28.147852,2025-09-28 17:51:28.147896
"KDLO","Delano Muni, CA, US",2025-09-28 21:15:00,"2025-09-28 21:15:00","VFR",25.7,13.7,0,0,NA,NA,1014,"METAR KDLO 282115Z AUTO 00000KT 10SM CLR 26/14 A2994 RMK AO2 T02570137",2025-09-28 21:51:28.154516,2025-09-28 17:51:28.154561
"KDNN","Dalton Muni, GA, US",2025-09-28 21:15:00,"2025-09-28 17:15:00","VFR",29.3,18,340,8,NA,NA,1017,"METAR KDNN 282115Z AUTO 34008KT 10SM CLR 29/18 A3003 RMK AO2 T02930180",2025-09-28 21:51:28.161199,2025-09-28 17:51:28.161243
"KEKX","Elizabethtown/Addington Fld, KY, US",2025-09-28 21:15:00,"2025-09-28 17:15:00","VFR",28.3,13.5,110,9,NA,NA,1020.1,"METAR KEKX 282115Z AUTO 11009KT 10SM SCT070 28/14 A3012 RMK AO2 T02830135",2025-09-28 21:51:28.167852,2025-09-28 17:51:28.167897
"KECG","Elizabeth City Rgnl, NC, US",2025-09-28 21:05:00,"2025-09-28 17:05:00","MVFR",21.7,20.6,50,13,NA,6,1019,"SPECI KECG 282105Z 05013KT 6SM -RA BR FEW007 BKN021 OVC027 22/21 A3009 RMK AO2 P0000 T02170206",2025-09-28 21:51:28.174468,2025-09-28 17:51:28.174512
"KEED","Needles Arpt, CA, US",2025-09-28 20:56:00,"2025-09-28 13:56:00",NA,NA,NA,NA,NA,NA,NA,1014,"METAR KEED 282056Z AUTO A2994 RMK AO2 SLPNO 58020 PWINO $",2025-09-28 21:51:28.181059,2025-09-28 17:51:28.181104
"KEGE","Eagle Cnty Rgnl, CO, US",2025-09-28 20:56:00,"2025-09-28 14:56:00","VFR",21.1,4.4,260,11,NA,NA,1022.8,"METAR KEGE 282056Z 26011KT 10SM OVC070 21/04 A3020 RMK AO2 LTG DSNT SW SLP159 T02110044 56016 $",2025-09-28 21:51:28.187838,2025-09-28 17:51:28.187884
"KDVL","Devils Lake Rgnl, ND, US",2025-09-28 20:56:00,"2025-09-28 15:56:00","VFR",26.7,13.3,140,7,NA,NA,1013,"METAR KDVL 282056Z AUTO 14007KT 10SM CLR 27/13 A2991 RMK AO2 SLP129 T02670133 55006",2025-09-28 21:51:28.194646,2025-09-28 17:51:28.19469
"KEEN","Keene/Hopkins Arpt, NH, US",2025-09-28 20:56:00,"2025-09-28 16:56:00","VFR",27.8,15,320,5,NA,NA,1015.7,"METAR KEEN 282056Z AUTO 32005KT 10SM BKN080 28/15 A2999 RMK AO2 SLP156 T02780150 53001 $",2025-09-28 21:51:28.201374,2025-09-28 17:51:28.20142
"KDWU","Ashland Rgnl, KY, US",2025-09-28 20:56:00,"2025-09-28 20:56:00","VFR",30,14.4,0,0,NA,NA,1020.4,"METAR KDWU 282056Z AUTO 00000KT 10SM CLR 30/14 A3013 RMK AO2 SLP199 T03000144 56009",2025-09-28 21:51:28.208016,2025-09-28 17:51:28.20806
"KELZ","Wellsville/Tarantine Fld, NY, US",2025-09-28 20:56:00,"2025-09-28 16:56:00","VFR",24.4,13.3,310,10,NA,NA,1022.4,"METAR KELZ 282056Z AUTO 31010KT 10SM CLR 24/13 A3019 RMK AO2 SLP212 T02440133 53005 $",2025-09-28 21:51:28.214708,2025-09-28 17:51:28.214753
"KEAR","Kearney Rgnl, NE, US",2025-09-28 20:56:00,"2025-09-28 15:56:00","VFR",31.1,12.8,180,13,21,NA,1018,"METAR KEAR 282056Z AUTO 18013G21KT 10SM CLR 31/13 A3006 RMK AO2 SLP165 6//// T03110128 56016 PNO $",2025-09-28 21:51:28.237646,2025-09-28 17:51:28.237693
"KEHR","Henderson City Arpt, KY, US",2025-09-28 20:56:00,"2025-09-28 20:56:00","VFR",31.1,13.9,60,9,NA,NA,1020.1,"METAR KEHR 282056Z AUTO 06009KT 10SM BKN075 31/14 A3012 RMK AO2 SLP196 T03110139 56014",2025-09-28 21:51:28.245063,2025-09-28 17:51:28.245117
"KDYR","Dyersburg Rgnl, TN, US",2025-09-28 20:56:00,"2025-09-28 20:56:00","VFR",30.6,13.3,NA,3,NA,NA,1019,"METAR KDYR 282056Z AUTO VRB03KT 10SM CLR 31/13 A3009 RMK AO2 SLP193 T03060133 56016",2025-09-28 21:51:28.252294,2025-09-28 17:51:28.252341
"KEKO","Elko Rgnl, NV, US",2025-09-28 20:56:00,"2025-09-28 13:56:00","VFR",25,3.9,NA,NA,NA,NA,1016.3,"METAR KEKO 282056Z AUTO 10SM CLR 25/04 A3001 RMK AO2 SLP105 T02500039 58017",2025-09-28 21:51:28.258956,2025-09-28 17:51:28.259001
"KEAU","Eau Claire/Chippewa Valley Rgnl, WI, US",2025-09-28 20:56:00,"2025-09-28 15:56:00","VFR",24.4,4.4,160,6,NA,NA,1021.1,"METAR KEAU 282056Z 16006KT 10SM CLR 24/04 A3015 RMK AO2 SLP210 T02440044 56011",2025-09-28 21:51:28.265716,2025-09-28 17:51:28.26576
"KEKQ","Monticello/Wayne Cnty, KY, US",2025-09-28 20:56:00,"2025-09-28 20:56:00","VFR",28.9,13.3,50,10,14,NA,1020.7,"METAR KEKQ 282056Z AUTO 05010G14KT 10SM CLR 29/13 A3014 RMK AO2 SLP196 6//// T02890133 55008 PNO $",2025-09-28 21:51:28.272508,2025-09-28 17:51:28.272554
"KEDW","Edwards AFB, CA, US",2025-09-28 20:55:00,"2025-09-28 13:55:00","VFR",27.2,11.2,250,3,NA,70,1014.6,"METAR KEDW 282055Z 25003KT 70SM FEW180 27/11 A2996 RMK AO2A SLP125 T02720112 57018",2025-09-28 21:51:28.279117,2025-09-28 17:51:28.27916
"KEGI","Eglin AFB/Duke Fld, FL, US",2025-09-28 20:55:00,"2025-09-28 15:55:00","VFR",33.1,15.1,60,7,NA,NA,1013.3,"METAR KEGI 282055Z AUTO 06007KT 10SM FEW065 33/15 A2992 RMK AO2 SLP131 T03310151 57012 $",2025-09-28 21:51:28.285838,2025-09-28 17:51:28.285885
"KDYS","Abilene/Dyess AFB, TX, US",2025-09-28 20:55:00,"2025-09-28 15:55:00","VFR",29.5,8.5,170,6,NA,NA,1018,"METAR KDYS 282055Z AUTO 17006KT 10SM FEW200 30/09 A3006 RMK AO2 SLP156 T02950085 57018",2025-09-28 21:51:28.292638,2025-09-28 17:51:28.292684
"KEAT","Wenatchee/Pangborn Mem, WA, US",2025-09-28 20:55:00,"2025-09-28 13:55:00","IFR",21.1,4.4,0,0,NA,2.5,1008.5,"METAR KEAT 282055Z AUTO 00000KT 2 1/2SM HZ CLR 21/04 A2978 RMK AO2 SLP080 T02110044 56016",2025-09-28 21:51:28.299394,2025-09-28 17:51:28.299443
"KDOV","Dover AFB, DE, US",2025-09-28 20:55:00,"2025-09-28 16:55:00","VFR",27.2,17.1,290,5,NA,NA,1017.4,"METAR KDOV 282055Z 29005KT 10SM CLR 27/17 A3004 RMK AO2A SLP176 T02720171 57005",2025-09-28 21:51:28.30606,2025-09-28 17:51:28.306105
"KDYL","Doylestown Arpt, PA, US",2025-09-28 20:54:00,"2025-09-28 16:54:00","VFR",30,12.8,NA,3,NA,NA,1018,"METAR KDYL 282054Z AUTO VRB03KT 10SM CLR 30/13 A3006 RMK AO2 SLP173 T03000128 55003",2025-09-28 21:51:28.312851,2025-09-28 17:51:28.312896
"KEFD","Houston/Ellington Arpt, TX, US",2025-09-28 20:54:00,"2025-09-28 15:54:00","VFR",31,12,0,0,NA,NA,1015,"METAR KEFD 282054Z 00000KT 10SM CLR 31/12 A2997",2025-09-28 21:51:28.319536,2025-09-28 17:51:28.31958
"KDSV","Dansville Muni, NY, US",2025-09-28 20:54:00,"2025-09-28 16:54:00","VFR",27.8,11.1,320,12,NA,NA,1020.4,"METAR KDSV 282054Z AUTO 32012KT 10SM CLR 28/11 A3013 RMK AO2 SLP208 T02780111 53008",2025-09-28 21:51:28.326205,2025-09-28 17:51:28.326251
"KDSM","Des Moines Intl, IA, US",2025-09-28 20:54:00,"2025-09-28 15:54:00","VFR",28.3,15.6,80,4,NA,NA,1019.4,"METAR KDSM 282054Z COR 08004KT 10SM FEW060 28/16 A3010 RMK AO2 SLP185 T02830156 56015",2025-09-28 21:51:28.332876,2025-09-28 17:51:28.332923
"KECP","Panama City/NW Florida Beaches Intl, FL, US",2025-09-28 20:53:00,"2025-09-28 15:53:00","VFR",32.8,20,10,6,NA,NA,1012.6,"METAR KECP 282053Z 01006KT 10SM SCT065 33/20 A2990 RMK AO2 SLP135 T03280200 56013",2025-09-28 21:51:28.33957,2025-09-28 17:51:28.339616
"KDRT","Del Rio Intl, TX, US",2025-09-28 20:53:00,"2025-09-28 15:53:00","VFR",32.2,12.2,150,9,16,NA,1015.7,"METAR KDRT 282053Z AUTO 15009G16KT 110V170 10SM CLR 32/12 A2999 RMK AO2 SLP144 T03220122 58024",2025-09-28 21:51:28.346189,2025-09-28 17:51:28.346235
"KEET","Alabaster/Shelby Cnty, AL, US",2025-09-28 20:53:00,"2025-09-28 20:53:00","VFR",31.7,15,NA,4,NA,NA,1016.3,"METAR KEET 282053Z AUTO VRB04KT 10SM FEW070 32/15 A3001 RMK AO2 SLP154 T03170150 56011",2025-09-28 21:51:28.352934,2025-09-28 17:51:28.352982
"KELD","El Dorado/S Arkansas Rgnl, AR, US",2025-09-28 20:53:00,"2025-09-28 15:53:00","VFR",30.6,13.9,30,6,NA,NA,1018,"METAR KELD 282053Z AUTO 03006KT 10SM CLR 31/14 A3006 RMK AO2 SLP175 T03060139 56013 $",2025-09-28 21:51:28.359642,2025-09-28 17:51:28.359688
"KDNL","Augusta/Daniel Fld, GA, US",2025-09-28 20:53:00,"2025-09-28 16:53:00","VFR",27.2,20,80,9,NA,NA,1017.4,"METAR KDNL 282053Z AUTO 08009KT 10SM SCT027 27/20 A3004 RMK AO2 SLP167 T02720200 58005",2025-09-28 21:51:28.379955,2025-09-28 17:51:28.380002
"KDUJ","Du Bois Rgnl, PA, US",2025-09-28 20:53:00,"2025-09-28 16:53:00","VFR",26.1,13.3,300,7,NA,NA,1021.1,"METAR KDUJ 282053Z AUTO 30007KT 270V330 10SM FEW065 26/13 A3015 RMK AO2 SLP201 T02610133 55003 PWINO",2025-09-28 21:51:28.387322,2025-09-28 17:51:28.38737
"KDTW","Detroit/Metro Wayne Cnty, MI, US",2025-09-28 20:53:00,"2025-09-28 16:53:00","VFR",25.6,15,100,8,NA,NA,1021.8,"METAR KDTW 282053Z 10008KT 10SM FEW050 26/15 A3017 RMK AO2 SLP212 T02560150 56003",2025-09-28 21:51:28.394472,2025-09-28 17:51:28.394516
"KELM","Elmira-Corning Rgnl, NY, US",2025-09-28 20:53:00,"2025-09-28 16:53:00","VFR",26.1,16.1,10,8,NA,NA,1019,"METAR KELM 282053Z AUTO 01008KT 10SM SCT060 BKN080 26/16 A3009 RMK AO2 SLP187 T02610161 53006",2025-09-28 21:51:28.401103,2025-09-28 17:51:28.401158
"KDTS","Destin Arpt, FL, US",2025-09-28 20:53:00,"2025-09-28 15:53:00","VFR",32.8,17.8,80,5,NA,NA,1013,"METAR KDTS 282053Z 08005KT 10SM FEW060 BKN090 33/18 A2991 RMK AO2 SLP128 T03280178 56014",2025-09-28 21:51:28.407844,2025-09-28 17:51:28.407887
"KDWH","Houston/Hooks Mem, TX, US",2025-09-28 20:53:00,"2025-09-28 15:53:00","VFR",31.7,12.8,NA,NA,NA,NA,1015.7,"METAR KDWH 282053Z 10SM CLR 32/13 A2999 RMK AO2 SLP152 T03170128 56021",2025-09-28 21:51:28.414603,2025-09-28 17:51:28.414647
"KDXR","Danbury Muni, CT, US",2025-09-28 20:53:00,"2025-09-28 16:53:00","VFR",28.9,11.7,300,5,NA,NA,1017.4,"METAR KDXR 282053Z 30005KT 10SM CLR 29/12 A3004 RMK AO2 SLP170 T02890117 55004",2025-09-28 21:51:28.42132,2025-09-28 17:51:28.421364
"KEEO","Meeker Arpt, CO, US",2025-09-28 20:53:00,"2025-09-28 20:53:00","VFR",21.7,5,210,11,NA,NA,1022.1,"METAR KEEO 282053Z AUTO 21011KT 10SM SCT070 22/05 A3018 RMK AO2 SLP149 60000 T02170050 57015",2025-09-28 21:51:28.427975,2025-09-28 17:51:28.428019
"KEMP","Emporia Muni, KS, US",2025-09-28 20:53:00,"2025-09-28 15:53:00","VFR",31.1,15,NA,3,NA,NA,1018.7,"METAR KEMP 282053Z AUTO VRB03KT 10SM CLR 31/15 A3008 RMK AO2 SLP177 T03110150 56015",2025-09-28 21:51:28.43467,2025-09-28 17:51:28.434714
"KDVT","Phoenix/Deer Valley Arpt, AZ, US",2025-09-28 20:53:00,"2025-09-28 13:53:00","VFR",28.9,14.4,NA,NA,NA,NA,1014.3,"METAR KDVT 282053Z 10SM FEW065 29/14 A2995 RMK AO2 SLP122 T02890144 56018 $",2025-09-28 21:51:28.441442,2025-09-28 17:51:28.441487
"KDRO","Durango/La Plata Cnty, CO, US",2025-09-28 20:53:00,"2025-09-28 14:53:00","VFR",18.9,6.7,120,6,NA,NA,1024.5,"METAR KDRO 282053Z AUTO 12006KT 10SM CLR 19/07 A3025 RMK AO2 SLP179 T01890067 58022",2025-09-28 21:51:28.44826,2025-09-28 17:51:28.448344
"KDTN","Shreveport/Downtown Arpt, LA, US",2025-09-28 20:53:00,"2025-09-28 15:53:00","VFR",30,15,0,0,NA,NA,1017.4,"METAR KDTN 282053Z AUTO 00000KT 10SM CLR 30/15 A3004 RMK AO2 SLP170 T03000150 56018",2025-09-28 21:51:28.45495,2025-09-28 17:51:28.454994
"KDTO","Denton Muni, TX, US",2025-09-28 20:53:00,"2025-09-28 20:53:00","VFR",30,15,50,10,15,NA,1018.4,"METAR KDTO 282053Z 05010G15KT 020V080 10SM FEW060 30/15 A3007 RMK AO2 SLP175 T03000150 56018 $",2025-09-28 21:51:28.461666,2025-09-28 17:51:28.461712
"KDRA","Mercury/Desert Rock, NV, US",2025-09-28 20:53:00,"2025-09-28 13:53:00","VFR",27.2,9.4,230,7,15,NA,1016.3,"METAR KDRA 282053Z AUTO 23007G15KT 10SM FEW060 27/09 A3001 RMK AO2 SLP121 T02720094 58018",2025-09-28 21:51:28.468342,2025-09-28 17:51:28.468388
"KDLN","Dillon Arpt, MT, US",2025-09-28 20:53:00,"2025-09-28 14:53:00","VFR",26.7,3.3,360,5,NA,NA,1015.7,"METAR KDLN 282053Z AUTO 36005KT 10SM CLR 27/03 A2999 RMK AO2 SLP105 T02670033 56016",2025-09-28 21:51:28.474998,2025-09-28 17:51:28.475043
"KDLS","The Dalles Muni, OR, US",2025-09-28 20:53:00,"2025-09-28 13:53:00","VFR",26.7,7.8,320,8,NA,NA,1007.2,"METAR KDLS 282053Z AUTO 32008KT 10SM CLR 27/08 A2974 RMK AO2 SLP070 T02670078 58019 $",2025-09-28 21:51:28.481662,2025-09-28 17:51:28.481706
"KDMO","Sedalia Mem, MO, US",2025-09-28 20:53:00,"2025-09-28 15:53:00","VFR",30,13.9,NA,3,NA,NA,1019.7,"METAR KDMO 282053Z AUTO VRB03KT 10SM CLR 30/14 A3011 RMK AO2 SLP189 T03000139 56013",2025-09-28 21:51:28.488399,2025-09-28 17:51:28.488446
"KDPA","Dupage Cnty Arpt, IL, US",2025-09-28 20:52:00,"2025-09-28 15:52:00","VFR",27.2,14.4,70,9,NA,NA,1021.1,"METAR KDPA 282052Z 07009KT 10SM CLR 27/14 A3015 RMK AO2 SLP205 T02720144 56008",2025-09-28 21:51:28.495097,2025-09-28 17:51:28.495143
"KDVN","Davenport Muni, IA, US",2025-09-28 20:52:00,"2025-09-28 15:52:00","VFR",30.6,14.4,190,5,NA,NA,1020.4,"METAR KDVN 282052Z AUTO 19005KT 10SM CLR 31/14 A3013 RMK AO2 SLP196 T03060144 56012",2025-09-28 21:51:28.501858,2025-09-28 17:51:28.501903
"KEKN","Elkins Arpt, WV, US",2025-09-28 20:51:00,"2025-09-28 16:51:00","VFR",27.2,13.3,NA,6,NA,NA,1022.1,"METAR KEKN 282051Z AUTO VRB06KT 10SM FEW060 27/13 A3018 RMK AO2 SLP211 T02720133 55004 $",2025-09-28 21:51:28.521997,2025-09-28 17:51:28.522046
"KFDK","Frederick Muni, MD, US",2025-09-28 21:47:00,"2025-09-28 17:47:00","VFR",27,19,0,0,NA,NA,1019.4,"METAR KFDK 282147Z 00000KT 10SM CLR 27/19 A3010",2025-09-28 21:51:30.01763,2025-09-28 17:51:30.017675
"KESN","Easton Muni, MD, US",2025-09-28 21:45:00,"2025-09-28 17:45:00","VFR",27,18,320,3,NA,NA,1019,"METAR KESN 282145Z 32003KT 10SM CLR 27/18 A3009",2025-09-28 21:51:30.024509,2025-09-28 17:51:30.024555
"KFMY","Fort Myers/Page Fld, FL, US",2025-09-28 21:39:00,"2025-09-28 17:39:00","VFR",27.2,21.7,70,4,NA,NA,1009.9,"SPECI KFMY 282139Z 07004KT 10SM CLR 27/22 A2982 RMK AO2 PK WND 07027/2054 T02720217",2025-09-28 21:51:30.031252,2025-09-28 17:51:30.031317
"KF44","Athens Muni, TX, US",2025-09-28 21:35:00,"2025-09-28 21:35:00","VFR",30,14,30,5,NA,NA,1017,"METAR KF44 282135Z AUTO 03005KT 10SM CLR 30/14 A3003 RMK AO2",2025-09-28 21:51:30.037962,2025-09-28 17:51:30.038009
"KEVM","Eveleth Muni, MN, US",2025-09-28 21:35:00,"2025-09-28 16:35:00","VFR",24.9,6.8,200,9,NA,NA,1018.7,"METAR KEVM 282135Z AUTO 20009KT 10SM CLR 25/07 A3008 RMK AO2 T02490068",2025-09-28 21:51:30.044614,2025-09-28 17:51:30.044658
"KFKR","Frankfort Muni, IN, US",2025-09-28 21:35:00,"2025-09-28 21:35:00","VFR",NA,NA,330,5,NA,NA,1020.4,"METAR KFKR 282135Z AUTO 33005KT 10SM CLR A3013 RMK AO2",2025-09-28 21:51:30.051368,2025-09-28 17:51:30.051415
"KFFL","Fairfield Muni, IA, US",2025-09-28 21:35:00,"2025-09-28 16:35:00","VFR",30,15,170,8,NA,NA,1019.4,"METAR KFFL 282135Z AUTO 17008KT 10SM CLR 30/15 A3010 RMK A01",2025-09-28 21:51:30.058164,2025-09-28 17:51:30.058243
"KFBR","Fort Bridger Arpt, WY, US",2025-09-28 21:35:00,"2025-09-28 15:35:00","VFR",14.8,6.5,230,10,20,NA,1023.5,"METAR KFBR 282135Z AUTO 23010G20KT 10SM RA OVC065 15/07 A3022 RMK AO2 T01480065",2025-09-28 21:51:30.065072,2025-09-28 17:51:30.065117
"KFMM","Fort Morgan Muni, CO, US",2025-09-28 21:35:00,"2025-09-28 21:35:00","VFR",28,9,140,10,NA,NA,1016.3,"METAR KFMM 282135Z AUTO 14010KT 10SM SCT090 28/09 A3001 RMK AO2",2025-09-28 21:51:30.071799,2025-09-28 17:51:30.071842
"KFOA","Flora Muni, IL, US",2025-09-28 21:35:00,"2025-09-28 21:35:00","VFR",31,13,140,3,NA,NA,1020.1,"METAR KFOA 282135Z AUTO 14003KT 10SM CLR 31/13 A3012 RMK AO2",2025-09-28 21:51:30.078521,2025-09-28 17:51:30.078568
"KFET","Fremont Muni, NE, US",2025-09-28 21:35:00,"2025-09-28 16:35:00","VFR",29.5,9.9,130,8,NA,NA,1018.7,"METAR KFET 282135Z AUTO 13008KT 10SM CLR 30/10 A3008 RMK AO2 T02950099",2025-09-28 21:51:30.085241,2025-09-28 17:51:30.085305
"KFFX","Fremont Muni, MI, US",2025-09-28 21:35:00,"2025-09-28 21:35:00","VFR",25,5,80,3,NA,NA,1022.1,"METAR KFFX 282135Z AUTO 08003KT 10SM CLR 25/05 A3018 RMK AO2",2025-09-28 21:51:30.09194,2025-09-28 17:51:30.091985
"KF05","Vernon/Wilbarger Cnty, TX, US",2025-09-28 21:35:00,"2025-09-28 16:35:00","VFR",32.3,9.6,100,6,NA,NA,1018.7,"METAR KF05 282135Z AUTO 10006KT 10SM CLR 32/10 A3008 RMK AO2 T03230096",2025-09-28 21:51:30.09868,2025-09-28 17:51:30.098726
"KFCH","Fresno/Chandler Exec, CA, US",2025-09-28 21:35:00,"2025-09-28 14:35:00","VFR",27,15,NA,5,NA,NA,1014.3,"METAR KFCH 282135Z AUTO VRB05KT 10SM CLR 27/15 A2995 RMK A01",2025-09-28 21:51:30.105447,2025-09-28 17:51:30.105491
"KFFM","Fergus Falls/Mickelson Fld, MN, US",2025-09-28 21:35:00,"2025-09-28 16:35:00","VFR",27,8,170,13,19,NA,1016,"METAR KFFM 282135Z AUTO 17013G19KT 10SM CLR 27/08 A3000 RMK AO2",2025-09-28 21:51:30.12558,2025-09-28 17:51:30.125629
"KEOE","Newberry Muni, SC, US",2025-09-28 21:35:00,"2025-09-28 21:35:00","VFR",26,18,30,5,NA,NA,1019.4,"METAR KEOE 282135Z AUTO 03005KT 10SM CLR 26/18 A3010 RMK AO2",2025-09-28 21:51:30.132826,2025-09-28 17:51:30.132872
"KERY","Newberry/Luce Cnty, MI, US",2025-09-28 21:35:00,"2025-09-28 21:35:00","VFR",21,6,210,11,NA,NA,1021.8,"METAR KERY 282135Z AUTO 21011KT 10SM CLR 21/06 A3017 RMK AO2",2025-09-28 21:51:30.139897,2025-09-28 17:51:30.139941
"KFDW","Winnsboro/Fairfield Cnty, SC, US",2025-09-28 21:35:00,"2025-09-28 21:35:00","MVFR",25,20,70,4,NA,NA,1018,"METAR KFDW 282135Z AUTO 07004KT 10SM BKN028 BKN047 25/20 A3006 RMK AO1",2025-09-28 21:51:30.146425,2025-09-28 17:51:30.146472
"KENL","Centralia Muni, IL, US",2025-09-28 21:35:00,"2025-09-28 16:35:00","VFR",31.7,9.4,90,4,NA,NA,1020.1,"METAR KENL 282135Z AUTO 09004KT 10SM CLR 32/09 A3012 RMK AO2 T03170094",2025-09-28 21:51:30.153068,2025-09-28 17:51:30.153112
"KFBL","Faribault Muni, MN, US",2025-09-28 21:35:00,"2025-09-28 16:35:00","VFR",27,4,140,6,NA,NA,1020.4,"METAR KFBL 282135Z AUTO 14006KT 10SM CLR 27/04 A3013 RMK AO2",2025-09-28 21:51:30.159718,2025-09-28 17:51:30.159767
"KFKA","Preston/Fillmore Cnty, MN, US",2025-09-28 21:35:00,"2025-09-28 21:35:00","VFR",25,8,150,3,NA,NA,1021.1,"METAR KFKA 282135Z AUTO 15003KT 10SM CLR 25/08 A3015 RMK AO2",2025-09-28 21:51:30.166349,2025-09-28 17:51:30.166393
"KERV","Kerrville Muni, TX, US",2025-09-28 21:35:00,"2025-09-28 16:35:00","VFR",31.2,10.7,40,6,NA,NA,1017.7,"METAR KERV 282135Z AUTO 04006KT 10SM CLR 31/11 A3005 RMK AO2 T03120107",2025-09-28 21:51:30.172918,2025-09-28 17:51:30.172961
"KETB","West Bend Muni, WI, US",2025-09-28 21:35:00,"2025-09-28 16:35:00","VFR",24,13,110,6,NA,NA,1022.4,"METAR KETB 282135Z AUTO 11006KT 10SM CLR 24/13 A3019 RMK AO2",2025-09-28 21:51:30.17955,2025-09-28 17:51:30.179597
"KEOK","Keokuk Muni, IA, US",2025-09-28 21:35:00,"2025-09-28 16:35:00","VFR",30,10,0,0,NA,NA,1019.4,"METAR KEOK 282135Z AUTO 00000KT 10SM CLR 30/10 A3010 RMK A01",2025-09-28 21:51:30.186176,2025-09-28 17:51:30.186221
"KF00","Bonham/Jones Fld, TX, US",2025-09-28 21:35:00,"2025-09-28 21:35:00","VFR",30,12,80,6,NA,NA,1018,"METAR KF00 282135Z AUTO 08006KT 10SM BKN070 30/12 A3006 RMK AO2",2025-09-28 21:51:30.192907,2025-09-28 17:51:30.192952
"KF17","Center Muni, TX, US",2025-09-28 21:35:00,"2025-09-28 21:35:00","VFR",28,12,0,0,NA,NA,1017.4,"METAR KF17 282135Z AUTO 00000KT 10SM CLR 28/12 A3004 RMK AO2",2025-09-28 21:51:30.199667,2025-09-28 17:51:30.199712
"KF46","Rockwall Muni, TX, US",2025-09-28 21:35:00,"2025-09-28 21:35:00","VFR",28.6,14.1,0,0,NA,NA,1018,"METAR KF46 282135Z AUTO 00000KT 10SM CLR 29/14 A3006 RMK AO2 T02860141",2025-09-28 21:51:30.206258,2025-09-28 17:51:30.206324
"KFKS","Frankfort/Dow Mem, MI, US",2025-09-28 21:35:00,"2025-09-28 21:35:00","VFR",21,7,270,4,NA,NA,1022.8,"METAR KFKS 282135Z AUTO 27004KT 10SM CLR 21/07 A3020 RMK AO2",2025-09-28 21:51:30.212935,2025-09-28 17:51:30.21298
"KEZS","Shawano Muni, WI, US",2025-09-28 21:35:00,"2025-09-28 21:35:00",NA,24.8,0.6,160,3,NA,NA,1022.4,"METAR KEZS 282135Z AUTO 16003KT 10SM 25/01 A3019 RMK AO2 T02480006",2025-09-28 21:51:30.219619,2025-09-28 17:51:30.219664
"KETH","Wheaton Muni, MN, US",2025-09-28 21:33:00,"2025-09-28 21:33:00","VFR",28,7,160,10,NA,NA,1016,"METAR KETH 282133Z AUTO 16010KT 10SM CLR 28/07 A3000 RMK AO2",2025-09-28 21:51:30.226362,2025-09-28 17:51:30.22641
"KF45","North Palm Beach Cnty, FL, US",2025-09-28 21:30:00,"2025-09-28 21:30:00","VFR",27,27,70,9,NA,NA,1010.2,"METAR KF45 282130Z AUTO 07009KT 10SM CLR 27/27 A2983 RMK AO2",2025-09-28 21:51:30.233049,2025-09-28 17:51:30.233099
"KEVB","New Smyrna Beach Muni, FL, US",2025-09-28 21:30:00,"2025-09-28 21:30:00","MVFR",22,22,70,20,25,3,1012.6,"SPECI KEVB 282130Z 07020G25KT 3SM +RA BR SCT003 BKN022 BKN031 22/22 A2990",2025-09-28 21:51:30.239673,2025-09-28 17:51:30.239718
"KETN","Eastland Muni, TX, US",2025-09-28 21:30:00,"2025-09-28 16:30:00","VFR",28.7,11,110,6,NA,NA,1018.7,"METAR KETN 282130Z AUTO 11006KT 10SM CLR 29/11 A3008 RMK AO2 T02870110",2025-09-28 21:51:30.246484,2025-09-28 17:51:30.246529
"KEWN","New Bern/Coastal Carolina Rgnl, NC, US",2025-09-28 21:24:00,"2025-09-28 17:24:00","MVFR",23.9,21.1,20,10,NA,NA,1018.4,"SPECI KEWN 282124Z 02010KT 10SM BKN020 BKN075 24/21 A3007 RMK AO2 T02390211 PNO",2025-09-28 21:51:30.266721,2025-09-28 17:51:30.266769
"KFLG","Flagstaff/Pulliam Arpt, AZ, US",2025-09-28 21:23:00,"2025-09-28 14:23:00","VFR",9.4,7.8,210,6,NA,6,1025.1,"SPECI KFLG 282123Z 21006KT 6SM VCTS -RA BR FEW021 BKN042 OVC050 09/08 A3027 RMK AO2 LTG DSNT E-S P0002 T00940078 $",2025-09-28 21:51:30.274007,2025-09-28 17:51:30.274053
"KEVU","Maryville/NW Missouri Rgnl, MO, US",2025-09-28 21:15:00,"2025-09-28 21:15:00","VFR",31.6,14.6,60,4,NA,NA,1018.7,"METAR KEVU 282115Z AUTO 06004KT 10SM CLR 31/14 A3008 RMK AO2 T03160146",2025-09-28 21:51:30.281113,2025-09-28 17:51:30.281159
"KFGX","Flemingsburg Arpt, KY, US",2025-09-28 21:15:00,"2025-09-28 21:15:00","VFR",29.3,11.8,90,4,NA,NA,1021.1,"METAR KFGX 282115Z AUTO 09004KT 10SM CLR 29/12 A3015 RMK AO2 T02930118 PNO",2025-09-28 21:51:30.287661,2025-09-28 17:51:30.287706
"KEQA","El Dorado/Thomas Mem, KS, US",2025-09-28 21:15:00,"2025-09-28 16:15:00","VFR",32,15,200,5,NA,NA,1019,"METAR KEQA 282115Z AUTO 20005KT 10SM CLR 32/15 A3009 RMK AO2",2025-09-28 21:51:30.294399,2025-09-28 17:51:30.294443
"KEMV","Emporia Muni, VA, US",2025-09-28 21:15:00,"2025-09-28 21:15:00","VFR",23.6,19,0,0,NA,NA,1019.7,"METAR KEMV 282115Z AUTO 00000KT 10SM CLR 24/19 A3011 RMK AO2 T02360190",2025-09-28 21:51:30.301019,2025-09-28 17:51:30.301066
"KFKN","Franklin/Rose Arpt, VA, US",2025-09-28 21:15:00,"2025-09-28 17:15:00","VFR",23.6,18.3,30,4,NA,NA,1019.7,"METAR KFKN 282115Z AUTO 03004KT 10SM SCT031 24/18 A3011 RMK AO2 T02360183",2025-09-28 21:51:30.307662,2025-09-28 17:51:30.307707
"KEZF","Fredericksburg/Shannon Aprt, VA, US",2025-09-28 21:15:00,"2025-09-28 21:15:00","VFR",27.5,15.6,40,3,NA,NA,1018.7,"METAR KEZF 282115Z AUTO 04003KT 10SM SCT048 28/16 A3008 RMK AO2 T02750156",2025-09-28 21:51:30.314357,2025-09-28 17:51:30.314404
"KEZM","Eastman/Heart Of Georgia Arpt, GA, US",2025-09-28 21:15:00,"2025-09-28 21:15:00","VFR",31,17,50,6,NA,NA,1016,"METAR KEZM 282115Z AUTO 05006KT 10SM SCT055 31/17 A3000 RMK AO2",2025-09-28 21:51:30.320964,2025-09-28 17:51:30.321009
"KF70","Murrieta/French Valley Arpt, CA, US",2025-09-28 21:15:00,"2025-09-28 14:15:00","VFR",29,13,200,3,NA,NA,1015.3,"METAR KF70 282115Z AUTO 20003KT 10SM CLR 29/13 A2998 RMK AO2",2025-09-28 21:51:30.327611,2025-09-28 17:51:30.327655
"KEUF","Eufaula/Weedon Fld, AL, US",2025-09-28 20:58:00,"2025-09-28 15:58:00","VFR",31.1,16.7,80,7,NA,NA,1015,"METAR KEUF 282058Z AUTO 08007KT 10SM CLR 31/17 A2997 RMK AO1 SLP144 T03110167 56012",2025-09-28 21:51:30.334241,2025-09-28 17:51:30.334306
"KFAM","Farmington Rgnl, MO, US",2025-09-28 20:56:00,"2025-09-28 15:56:00","VFR",30,11.1,NA,3,NA,NA,1020.7,"METAR KFAM 282056Z AUTO VRB03KT 10SM CLR 30/11 A3014 RMK AO2 SLP209 T03000111 56013 $",2025-09-28 21:51:30.341027,2025-09-28 17:51:30.341071
"KEUL","Caldwell Ind Arpt, ID, US",2025-09-28 20:56:00,"2025-09-28 20:56:00","VFR",26.7,3.9,0,0,NA,8,1011.9,"METAR KEUL 282056Z AUTO 00000KT 8SM CLR 27/04 A2988 RMK AO2 SLP105 T02670039 58017",2025-09-28 21:51:30.347574,2025-09-28 17:51:30.347618
"KFKL","Franklin/Lamberton Fld, PA, US",2025-09-28 20:56:00,"2025-09-28 16:56:00","VFR",26.7,14.4,NA,4,NA,NA,1022.1,"METAR KFKL 282056Z AUTO VRB04KT 10SM SCT055 27/14 A3018 RMK AO2 SLP212 T02670144 53001",2025-09-28 21:51:30.354316,2025-09-28 17:51:30.354361
"KEWK","Newton City Arpt, KS, US",2025-09-28 20:56:00,"2025-09-28 15:56:00","VFR",30.6,15,200,6,NA,NA,1019.4,"METAR KEWK 282056Z AUTO 20006KT 10SM CLR 31/15 A3010 RMK AO2 SLP180 T03060150 56012 $",2025-09-28 21:51:30.360878,2025-09-28 17:51:30.360924
"KFLP","Flippin/Marion Cnty, AR, US",2025-09-28 20:56:00,"2025-09-28 15:56:00","VFR",30,12.8,0,0,NA,NA,1019.7,"METAR KFLP 282056Z AUTO 00000KT 10SM CLR 30/13 A3011 RMK AO2 SLP190 T03000128 56015 $",2025-09-28 21:51:30.367633,2025-09-28 17:51:30.367678
"KENV","Wendover Arpt, UT, US",2025-09-28 20:56:00,"2025-09-28 14:56:00","VFR",23.9,7.2,270,7,NA,NA,1018,"METAR KENV 282056Z AUTO 27007KT 10SM CLR 24/07 A3006 RMK AO2 SLP147 60000 T02390072 58012",2025-09-28 21:51:30.374338,2025-09-28 17:51:30.374382
"KESC","Escanaba/Delta Cnty, MI, US",2025-09-28 20:56:00,"2025-09-28 16:56:00","VFR",21.7,6.7,190,9,NA,NA,1022.1,"METAR KESC 282056Z AUTO 19009KT 10SM CLR 22/07 A3018 RMK AO2 SLP223 T02170067 56004",2025-09-28 21:51:30.381094,2025-09-28 17:51:30.38114
"KFNL","Fort Collins/N Colorado Rgnl, CO, US",2025-09-28 20:56:00,"2025-09-28 14:56:00","VFR",27.2,6.7,80,6,NA,NA,1018,"METAR KFNL 282056Z 08006KT 10SM CLR 27/07 A3006 RMK AO2 SLP119 T02720067 56014 $",2025-09-28 21:51:30.387866,2025-09-28 17:51:30.387913
"KFBG","Fort Bragg/Simmons AAF, NC, US",2025-09-28 20:55:00,"2025-09-28 16:55:00","VFR",26.3,19.7,10,7,NA,NA,1017.4,"METAR KFBG 282055Z AUTO 01007KT 10SM FEW028 BKN048 26/20 A3004 RMK AO2 SLP173 T02630197 55002 $",2025-09-28 21:51:30.408062,2025-09-28 17:51:30.408108
"KFFO","Wright Patterson AFB, OH, US",2025-09-28 20:55:00,"2025-09-28 16:55:00","VFR",31,11.4,330,3,NA,NA,1020.1,"METAR KFFO 282055Z AUTO 33003KT 10SM CLR 31/11 A3012 RMK AO2 SLP197 T03100114 57009",2025-09-28 21:51:30.415426,2025-09-28 17:51:30.415472
"KFAF","Fort Eustis/Felker AAF, VA, US",2025-09-28 20:55:00,"2025-09-28 16:55:00","VFR",25.8,18.7,70,8,NA,NA,1018,"METAR KFAF 282055Z AUTO 07008KT 10SM CLR 26/19 A3006 RMK AO2 SLP183 T02580187 55001 $",2025-09-28 21:51:30.422539,2025-09-28 17:51:30.422582
"KFCS","Fort Carson/Butts AAF, CO, US",2025-09-28 20:55:00,"2025-09-28 14:55:00","VFR",25.6,2.9,220,11,19,NA,1019.4,"METAR KFCS 282055Z AUTO 22011G19KT 10SM CLR 26/03 A3010 RMK AO2 SLP133 T02560029 57012 $",2025-09-28 21:51:30.42911,2025-09-28 17:51:30.429154
"KEND","Enid/Vance AFB, OK, US",2025-09-28 20:55:00,"2025-09-28 15:55:00","VFR",32.3,13.5,140,8,NA,NA,1017.4,"METAR KEND 282055Z AUTO 14008KT 10SM CLR 32/14 A3004 RMK AO2 SLP160 T03230135 57017 $",2025-09-28 21:51:30.435913,2025-09-28 17:51:30.435959
"KFHU","Fort Huachuca/Libby AAF, AZ, US",2025-09-28 20:55:00,"2025-09-28 13:55:00","VFR",26,5,310,3,NA,NA,1020.4,"METAR KFHU 282055Z AUTO 31003KT 10SM SCT085 26/05 A3013 RMK AO2 LTG DSNT N-NE SLP146 T02600050 57016",2025-09-28 21:51:30.442681,2025-09-28 17:51:30.442725
"KFIG","Clearfield/Lawrence Arpt, PA, US",2025-09-28 20:54:00,"2025-09-28 20:54:00","VFR",27.8,12.2,280,7,NA,NA,1020.7,"METAR KFIG 282054Z AUTO 28007KT 10SM FEW070 28/12 A3014 RMK AO2 SLP200 T02780122 55003",2025-09-28 21:51:30.449317,2025-09-28 17:51:30.449362
"KEUG","Eugene/Mahlon Sweet Fld, OR, US",2025-09-28 20:54:00,"2025-09-28 13:54:00","VFR",22.2,10.6,190,6,NA,NA,1010.9,"METAR KEUG 282054Z 19006KT 10SM FEW030 SCT040 BKN200 22/11 A2985 RMK AO2 SLP107 FU SCT040 T02220106 58009 $",2025-09-28 21:51:30.45589,2025-09-28 17:51:30.455937
"KEVV","Evansville Rgnl, IN, US",2025-09-28 20:54:00,"2025-09-28 15:54:00","VFR",30.6,13.3,100,8,NA,NA,1020.1,"METAR KEVV 282054Z 10008KT 10SM SCT075 31/13 A3012 RMK AO2 SLP195 T03060133 56014 $",2025-09-28 21:51:30.462658,2025-09-28 17:51:30.462701
"KFFZ","Mesa/Falcon Fld, AZ, US",2025-09-28 20:54:00,"2025-09-28 13:54:00","VFR",28.9,13.9,NA,6,NA,NA,1014,"METAR KFFZ 282054Z VRB06KT 10SM FEW048 29/14 A2994 RMK AO2 SLP116 T02890139 58021 $",2025-09-28 21:51:30.46948,2025-09-28 17:51:30.469527
"KFNT","Flint/Bishop Intl, MI, US",2025-09-28 20:53:00,"2025-09-28 16:53:00","VFR",25,7.8,50,7,NA,NA,1022.1,"METAR KFNT 282053Z 05007KT 10SM CLR 25/08 A3018 RMK AO2 SLP218 T02500078 57004",2025-09-28 21:51:30.476223,2025-09-28 17:51:30.476286
"KFHR","Friday Harbor Arpt, WA, US",2025-09-28 20:53:00,"2025-09-28 13:53:00","VFR",16.7,11.7,NA,3,NA,NA,1007.9,"METAR KFHR 282053Z AUTO VRB03KT 10SM CLR 17/12 A2976 RMK AO2 SLP076 T01670117 58005",2025-09-28 21:51:30.482993,2025-09-28 17:51:30.483037
"KFAT","Fresno/Yosemite Intl, CA, US",2025-09-28 20:53:00,"2025-09-28 13:53:00","VFR",26.7,14.4,NA,3,NA,NA,1014.3,"METAR KFAT 282053Z VRB03KT 10SM FEW085 FEW110 FEW140 27/14 A2995 RMK AO2 SLP138 CB DSNT NE AND E TCU DSNT N-E T02670144 58015",2025-09-28 21:51:30.489704,2025-09-28 17:51:30.489749
"KFLD","Fond Du Lac Cnty Arpt, WI, US",2025-09-28 20:53:00,"2025-09-28 15:53:00","VFR",25,4.4,150,3,NA,NA,1022.1,"METAR KFLD 282053Z AUTO 15003KT 10SM CLR 25/04 A3018 RMK AO2 SLP219 T02500044 56009",2025-09-28 21:51:30.496376,2025-09-28 17:51:30.496422
"KFLL","Ft Lauderdale-Hollywood Intl, FL, US",2025-09-28 20:53:00,"2025-09-28 16:53:00","VFR",27.2,23.9,50,12,20,NA,1009.6,"METAR KFLL 282053Z 05012G20KT 10SM SCT019 BKN031 BKN070 27/24 A2981 RMK AO2 RAE00 SLP094 P0000 60001 T02720239 58012",2025-09-28 21:51:30.503074,2025-09-28 17:51:30.503132
"KEVW","Evanston/Uinta Cnty, WY, US",2025-09-28 20:53:00,"2025-09-28 14:53:00","VFR",19.4,2.8,230,8,NA,NA,1022.1,"METAR KEVW 282053Z AUTO 23008KT 10SM FEW065 19/03 A3018 RMK AO2 LTG DSNT S SLP136 T01940028 56015 $",2025-09-28 21:51:30.509955,2025-09-28 17:51:30.51
"KFDY","Findlay Arpt, OH, US",2025-09-28 20:53:00,"2025-09-28 16:53:00","VFR",30,13.9,30,10,NA,NA,1020.1,"METAR KFDY 282053Z AUTO 03010KT 10SM FEW080 30/14 A3012 RMK AO2 SLP193 T03000139 55003",2025-09-28 21:51:30.516616,2025-09-28 17:51:30.516664
"KFLO","Florence Rgnl, SC, US",2025-09-28 20:53:00,"2025-09-28 16:53:00","VFR",26.1,20,40,9,NA,NA,1017.4,"METAR KFLO 282053Z 04009KT 10SM SCT020 SCT045 26/20 A3004 RMK AO2 SLP168 T02610200 55006",2025-09-28 21:51:30.523355,2025-09-28 17:51:30.5234
"KFCM","Eden Prairie/Flying, MN, US",2025-09-28 20:53:00,"2025-09-28 15:53:00","VFR",25.6,4.4,180,8,NA,NA,1019.7,"METAR KFCM 282053Z 18008KT 10SM CLR 26/04 A3011 RMK AO2 SLP194 T02560044 57013 $",2025-09-28 21:51:30.530035,2025-09-28 17:51:30.530079
"KFAR","Fargo/Hector Intl, ND, US",2025-09-28 20:53:00,"2025-09-28 15:53:00","VFR",30,8.9,170,9,24,NA,1013.6,"METAR KFAR 282053Z 17009G24KT 10SM CLR 30/09 A2993 RMK AO2 SLP133 T03000089 56017 $",2025-09-28 21:51:30.550427,2025-09-28 17:51:30.550476
"KFFC","Peachtree City/Falcon Fld, GA, US",2025-09-28 20:53:00,"2025-09-28 20:53:00","VFR",30,15.6,80,5,NA,NA,1017.4,"METAR KFFC 282053Z AUTO 08005KT 10SM CLR 30/16 A3004 RMK AO2 SLP165 T03000156 56007",2025-09-28 21:51:30.557814,2025-09-28 17:51:30.557861
"KFDR","Frederick Rgnl, OK, US",2025-09-28 20:53:00,"2025-09-28 15:53:00","VFR",30,12.2,80,9,NA,NA,1017.7,"METAR KFDR 282053Z AUTO 08009KT 10SM CLR 30/12 A3005 RMK AO2 SLP158 T03000122 57018 $",2025-09-28 21:51:30.565055,2025-09-28 17:51:30.5651
"KENW","Kenosha Rgnl, WI, US",2025-09-28 20:53:00,"2025-09-28 15:53:00","VFR",23,11,110,8,NA,NA,1022.8,"METAR KENW 282053Z 11008KT 10SM CLR 23/11 A3020",2025-09-28 21:51:30.571766,2025-09-28 17:51:30.571811
"KEQY","Charlotte-Monroe Exec, NC, US",2025-09-28 20:53:00,"2025-09-28 20:53:00","VFR",26.7,18.3,50,8,NA,NA,1018.4,"METAR KEQY 282053Z AUTO 05008KT 10SM FEW050 27/18 A3007 RMK AO2 SLP182 T02670183 55007",2025-09-28 21:51:30.578459,2025-09-28 17:51:30.578508
"KEYE","Indianapolis/Eagle Creek Aprt, IN, US",2025-09-28 20:53:00,"2025-09-28 20:53:00","VFR",30.6,11.1,300,5,NA,NA,1020.4,"METAR KEYE 282053Z AUTO 30005KT 10SM CLR 31/11 A3013 RMK AO2 SLP197 T03060111 56011",2025-09-28 21:51:30.585118,2025-09-28 17:51:30.585167
"KFFT","Frankfort/Capital City Arpt, KY, US",2025-09-28 20:53:00,"2025-09-28 16:53:00",NA,NA,NA,NA,NA,NA,NA,1020.1,"METAR KFFT 282053Z AUTO A3012 RMK AO2 SLPNO 56010 PWINO",2025-09-28 21:51:30.591789,2025-09-28 17:51:30.591831
"KFMN","Farmington/Four Corners Rgnl, NM, US",2025-09-28 20:53:00,"2025-09-28 14:53:00","VFR",22.2,9.4,60,11,16,NA,1021.8,"METAR KFMN 282053Z 06011G16KT 10SM CLR 22/09 A3017 RMK AO2 LTG DSNT S SLP172 T02220094 56023",2025-09-28 21:51:30.598445,2025-09-28 17:51:30.598489
"KFNB","Falls City/Brenner Fld, NE, US",2025-09-28 20:53:00,"2025-09-28 20:53:00","VFR",31.1,9.4,60,4,NA,NA,1018.4,"METAR KFNB 282053Z AUTO 06004KT 10SM CLR 31/09 A3007 RMK AO2 SLP174 T03110094 56014",2025-09-28 21:51:30.605168,2025-09-28 17:51:30.605213
"KFAY","Fayetteville Rgnl, NC, US",2025-09-28 20:53:00,"2025-09-28 16:53:00","VFR",25.6,19.4,50,6,NA,NA,1017.7,"METAR KFAY 282053Z 05006KT 10SM FEW032 26/19 A3005 RMK AO2 SLP169 T02560194 55002",2025-09-28 21:51:30.61186,2025-09-28 17:51:30.611911
"KEWB","New Bedford Rgnl, MA, US",2025-09-28 20:53:00,"2025-09-28 16:53:00","VFR",23.3,16.1,210,8,NA,NA,1016,"METAR KEWB 282053Z 21008KT 10SM CLR 23/16 A3000 RMK AO2 SLP160 T02330161 55004",2025-09-28 21:51:30.618608,2025-09-28 17:51:30.618654
"KEYW","Key West Intl, FL, US",2025-09-28 20:53:00,"2025-09-28 16:53:00","VFR",31.7,27.2,340,12,NA,NA,1009.2,"METAR KEYW 282053Z 34012KT 10SM FEW025 32/27 A2980 RMK AO2 SLP096 T03170272 57014 $",2025-09-28 21:51:30.625299,2025-09-28 17:51:30.625353
"KESF","Alexandria/Esler Rgnl, LA, US",2025-09-28 20:53:00,"2025-09-28 15:53:00","VFR",29.4,14.4,NA,4,NA,NA,1015.7,"METAR KESF 282053Z AUTO VRB04KT 10SM CLR 29/14 A2999 RMK AO2 SLP154 T02940144 56017",2025-09-28 21:51:30.632003,2025-09-28 17:51:30.632048
"KEST","Estherville Muni, IA, US",2025-09-28 20:52:00,"2025-09-28 15:52:00","VFR",27.8,1.7,170,8,NA,NA,1019.7,"METAR KEST 282052Z AUTO 17008KT 10SM CLR 28/02 A3011 RMK AO2 SLP193 T02780017 56016",2025-09-28 21:51:30.638743,2025-09-28 17:51:30.638788
"KERI","Erie Intl, PA, US",2025-09-28 20:51:00,"2025-09-28 16:51:00","VFR",23.9,8.3,50,7,NA,NA,1021.8,"METAR KERI 282051Z 05007KT 10SM CLR 24/08 A3017 RMK AO2 SLP212 T02390083 53003",2025-09-28 21:51:30.645475,2025-09-28 17:51:30.645521
"KEWR","Newark Intl, NJ, US",2025-09-28 20:51:00,"2025-09-28 16:51:00","VFR",31.1,10,270,9,NA,NA,1016.7,"METAR KEWR 282051Z 27009KT 10SM FEW050 FEW250 31/10 A3002 RMK AO2 SLP166 T03110100 55007 $",2025-09-28 21:51:30.652116,2025-09-28 17:51:30.652161
"KFWS","Fort Worth/Spinks Arpt, TX, US",2025-09-28 21:50:00,"2025-09-28 21:50:00","VFR",31,14,120,3,NA,NA,1018,"METAR KFWS 282150Z 12003KT 10SM CLR 31/14 A3006",2025-09-28 21:51:32.209626,2025-09-28 17:51:32.209671
"KGUC","Gunnison Arpt, CO, US",2025-09-28 21:47:00,"2025-09-28 15:47:00","VFR",17,6,360,13,NA,NA,1025.1,"SPECI KGUC 282147Z AUTO 36013KT 10SM FEW080 17/06 A3027 RMK AO2 WSHFT 2122 $",2025-09-28 21:51:32.216497,2025-09-28 17:51:32.216542
"KGCN","Grand Canyon Park Arpt, AZ, US",2025-09-28 21:46:00,"2025-09-28 14:46:00","IFR",12.2,9.4,170,9,21,1.75,1024.1,"SPECI KGCN 282146Z 17009G21KT 1 3/4SM +RA FEW020 SCT034 BKN048 12/09 A3024 RMK AO2 RAB43 P0015 T01220094",2025-09-28 21:51:32.223191,2025-09-28 17:51:32.223236
"KGSB","Goldsboro/Johnson AFB, NC, US",2025-09-28 21:38:00,"2025-09-28 17:38:00","MVFR",24,19,50,8,NA,NA,1018.7,"SPECI KGSB 282138Z AUTO 05008KT 10SM OVC024 24/19 A3008 RMK AO2 RAE2055RAB26E38 SLP189 TSNO $",2025-09-28 21:51:32.230153,2025-09-28 17:51:32.230208
"KGGP","Logansport/Cass Cnty, IN, US",2025-09-28 21:36:00,"2025-09-28 21:36:00","VFR",31,9,0,0,NA,NA,1020.7,"METAR KGGP 282136Z AUTO 00000KT 10SM CLR 31/09 A3014 RMK AO2",2025-09-28 21:51:32.236861,2025-09-28 17:51:32.236908
"KGGF","Grant Muni, NE, US",2025-09-28 21:35:00,"2025-09-28 21:35:00","VFR",29,14,130,13,21,NA,1016.7,"METAR KGGF 282135Z AUTO 13013G21KT 10SM FEW085 29/14 A3002 RMK AO2",2025-09-28 21:51:32.243535,2025-09-28 17:51:32.243583
"KGBG","Galesburg Muni, IL, US",2025-09-28 21:35:00,"2025-09-28 16:35:00","VFR",30.5,6.6,0,0,NA,NA,1020.4,"METAR KGBG 282135Z AUTO 00000KT 10SM CLR 31/07 A3013 RMK AO2 T03050066",2025-09-28 21:51:32.25022,2025-09-28 17:51:32.250298
"KGKT","Gatlinburg-Pigeon Forge Arpt, TN, US",2025-09-28 21:35:00,"2025-09-28 17:35:00","VFR",28,16,50,8,NA,NA,1019,"METAR KGKT 282135Z AUTO 05008KT 10SM CLR 28/16 A3009 RMK A01",2025-09-28 21:51:32.256917,2025-09-28 17:51:32.256962
"KGVT","Greenville/Majors Arpt, TX, US",2025-09-28 21:35:00,"2025-09-28 16:35:00","VFR",29,13,0,0,NA,NA,1017.7,"METAR KGVT 282135Z AUTO 00000KT 10SM CLR 29/13 A3005 RMK AO2",2025-09-28 21:51:32.263681,2025-09-28 17:51:32.263725
"KGNC","Seminole/Gaines Cnty, TX, US",2025-09-28 21:35:00,"2025-09-28 21:35:00","VFR",28.7,8.3,60,7,NA,NA,1021.4,"METAR KGNC 282135Z AUTO 06007KT 10SM CLR 29/08 A3016 RMK AO2 T02870083",2025-09-28 21:51:32.270357,2025-09-28 17:51:32.270403
"KFYM","Fayetteville Muni, TN, US",2025-09-28 21:35:00,"2025-09-28 16:35:00","VFR",29,17,40,7,NA,NA,1018.7,"METAR KFYM 282135Z AUTO 04007KT 10SM CLR 29/17 A3008 RMK A01",2025-09-28 21:51:32.277094,2025-09-28 17:51:32.277138
"KFWC","Fairfield Muni, IL, US",2025-09-28 21:35:00,"2025-09-28 21:35:00","VFR",31.1,10.6,80,4,NA,NA,1020.1,"METAR KFWC 282135Z AUTO 08004KT 10SM CLR 31/11 A3012 RMK AO2 T03110106",2025-09-28 21:51:32.283776,2025-09-28 17:51:32.283822
"KGDJ","Granbury Muni, TX, US",2025-09-28 21:35:00,"2025-09-28 21:35:00",NA,30.4,13,90,7,NA,NA,1018.4,"METAR KGDJ 282135Z AUTO 09007KT CLR 30/13 A3007 RMK AO2 T03040130 PWINO",2025-09-28 21:51:32.290483,2025-09-28 17:51:32.290528
"KGCY","Greeneville/Greene Cnty, TN, US",2025-09-28 21:35:00,"2025-09-28 17:35:00","VFR",26,14,20,7,NA,NA,1019.7,"METAR KGCY 282135Z AUTO 02007KT 10SM CLR 26/14 A3011 RMK A01",2025-09-28 21:51:32.297134,2025-09-28 17:51:32.29718
"KGOO","Grass Valley/Nevada Cnty, CA, US",2025-09-28 21:35:00,"2025-09-28 21:35:00","VFR",19,13,NA,5,NA,NA,1017.4,"METAR KGOO 282135Z AUTO VRB05KT 10SM FEW018 19/13 A3004 RMK A01",2025-09-28 21:51:32.303857,2025-09-28 17:51:32.303904
"KGNB","Granby/Grand Cnty, CO, US",2025-09-28 21:35:00,"2025-09-28 21:35:00","VFR",19,0,190,6,NA,NA,1025.8,"METAR KGNB 282135Z AUTO 19006KT 10SM SCT090 19/00 A3029 RMK AO2 LTG DSNT N T01900000",2025-09-28 21:51:32.310608,2025-09-28 17:51:32.310654
"KGAO","Galliano/Miller Arpt, LA, US",2025-09-28 21:35:00,"2025-09-28 21:35:00","VFR",31,15.8,30,6,NA,NA,1014.3,"METAR KGAO 282135Z AUTO 03006KT 10SM CLR 31/16 A2995 RMK AO2 T03100158",2025-09-28 21:51:32.317346,2025-09-28 17:51:32.317391
"KFXY","Forest City Muni, IA, US",2025-09-28 21:35:00,"2025-09-28 16:35:00","VFR",27,4,100,6,NA,NA,1020.4,"METAR KFXY 282135Z AUTO 10006KT 10SM CLR 27/04 A3013 RMK AO2",2025-09-28 21:51:32.338021,2025-09-28 17:51:32.338067
"KGRN","Gordon Muni, NE, US",2025-09-28 21:35:00,"2025-09-28 15:35:00",NA,30.1,9.7,170,16,NA,NA,1016,"METAR KGRN 282135Z AUTO 17016KT 10SM 30/10 A3000 RMK AO2 T03010097",2025-09-28 21:51:32.345385,2025-09-28 17:51:32.34545
"KGCD","John Day/Grant Cnty, OR, US",2025-09-28 21:35:00,"2025-09-28 14:35:00","VFR",28.3,0.3,0,0,NA,NA,1011.6,"METAR KGCD 282135Z AUTO 00000KT 10SM CLR 28/00 A2987 RMK AO2 T02830003",2025-09-28 21:51:32.352538,2025-09-28 17:51:32.352582
"KFSW","Fort Madison Muni, IA, US",2025-09-28 21:35:00,"2025-09-28 16:35:00","VFR",31,12,NA,4,NA,NA,1019.4,"METAR KFSW 282135Z AUTO VRB04KT 10SM CLR 31/12 A3010 RMK AO2",2025-09-28 21:51:32.359344,2025-09-28 17:51:32.359388
"KGWB","Auburn/De Kalb Cnty, IN, US",2025-09-28 21:35:00,"2025-09-28 21:35:00","VFR",30,15,340,7,NA,NA,1020.7,"METAR KGWB 282135Z AUTO 34007KT 10SM SCT065 30/15 A3014 RMK AO2",2025-09-28 21:51:32.366145,2025-09-28 17:51:32.366195
"KGGE","Georgetown Cnty, SC, US",2025-09-28 21:35:00,"2025-09-28 17:35:00","VFR",25,22,60,5,NA,NA,1016.3,"METAR KGGE 282135Z AUTO 06005KT 10SM SCT016 25/22 A3001 RMK AO2",2025-09-28 21:51:32.372995,2025-09-28 17:51:32.373041
"KGOP","Gatesville Muni, TX, US",2025-09-28 21:35:00,"2025-09-28 21:35:00","VFR",30,13,80,7,NA,NA,1017.7,"METAR KGOP 282135Z AUTO 08007KT 10SM CLR 30/13 A3005 RMK AO2",2025-09-28 21:51:32.379646,2025-09-28 17:51:32.379694
"KFOM","Fillmore Muni, UT, US",2025-09-28 21:35:00,"2025-09-28 15:35:00","VFR",20,10,220,5,20,6,1019.4,"METAR KFOM 282135Z AUTO 22005G20KT 6SM -RA SCT065 BKN080 BKN110 20/10 A3010 RMK AO2",2025-09-28 21:51:32.386411,2025-09-28 17:51:32.386455
"KGMJ","Grove Muni, OK, US",2025-09-28 21:35:00,"2025-09-28 21:35:00","VFR",30,16,0,0,NA,NA,1019,"METAR KGMJ 282135Z AUTO 00000KT 10SM CLR 30/16 A3009 RMK AO2 TSNO",2025-09-28 21:51:32.39302,2025-09-28 17:51:32.393067
"KGIC","Grangeville/Idaho Cnty, ID, US",2025-09-28 21:35:00,"2025-09-28 14:35:00","VFR",28,3,50,4,NA,NA,1011.3,"METAR KGIC 282135Z AUTO 05004KT 10SM CLR 28/03 A2986 RMK AO1",2025-09-28 21:51:32.399712,2025-09-28 17:51:32.399759
"KGLY","Clinton Mem, MO, US",2025-09-28 21:35:00,"2025-09-28 21:35:00","VFR",30,16,0,0,NA,NA,1019,"METAR KGLY 282135Z AUTO 00000KT 10SM CLR 30/16 A3009 RMK AO2",2025-09-28 21:51:32.406352,2025-09-28 17:51:32.406398
"KGCM","Claremore Rgnl, OK, US",2025-09-28 21:35:00,"2025-09-28 21:35:00","VFR",30,19,130,5,NA,NA,1018.7,"METAR KGCM 282135Z AUTO 13005KT 10SM CLR 30/19 A3008 RMK AO2",2025-09-28 21:51:32.412961,2025-09-28 17:51:32.41301
"KGLW","Glasgow Muni, KY, US",2025-09-28 21:35:00,"2025-09-28 16:35:00","VFR",29.2,13.6,80,8,NA,NA,1019.7,"METAR KGLW 282135Z AUTO 08008KT 10SM SCT070 29/14 A3011 RMK AO2 T02920136",2025-09-28 21:51:32.419697,2025-09-28 17:51:32.419753
"KFPK","Charotte/Beach Fld, MI, US",2025-09-28 21:35:00,"2025-09-28 21:35:00","VFR",26,11,40,3,NA,NA,1021.8,"METAR KFPK 282135Z AUTO 04003KT 10SM CLR 26/11 A3017 RMK AO2",2025-09-28 21:51:32.426405,2025-09-28 17:51:32.426449
"KFSE","Fosston Muni, MN, US",2025-09-28 21:35:00,"2025-09-28 21:35:00",NA,27,6,200,12,17,NA,1015.3,"METAR KFSE 282135Z AUTO 20012G17KT 10SM 27/06 A2998 RMK AO2",2025-09-28 21:51:32.433032,2025-09-28 17:51:32.433079
"KFZG","Fitzgerald Muni, GA, US",2025-09-28 21:35:00,"2025-09-28 21:35:00","VFR",31.3,16.8,60,6,NA,NA,1015,"METAR KFZG 282135Z AUTO 06006KT 10SM SCT060 31/17 A2997 RMK AO2 T03130168",2025-09-28 21:51:32.439692,2025-09-28 17:51:32.439736
"KGDB","Granite Falls Muni, MN, US",2025-09-28 21:35:00,"2025-09-28 21:35:00","VFR",29.5,3.5,150,8,14,NA,1018,"METAR KGDB 282135Z AUTO 15008G14KT 10SM CLR 30/04 A3006 RMK AO2 T02950035",2025-09-28 21:51:32.446493,2025-09-28 17:51:32.446538
"KGPM","Grand Prairie Muni, TX, US",2025-09-28 21:35:00,"2025-09-28 21:35:00","VFR",29.1,12.4,30,7,NA,NA,1018.4,"METAR KGPM 282135Z AUTO 03007KT 10SM BKN060 29/12 A3007 RMK AO2 T02910124",2025-09-28 21:51:32.453184,2025-09-28 17:51:32.45323
"KFSO","Highgate/Franklin Cnty, VT, US",2025-09-28 21:35:00,"2025-09-28 21:35:00","VFR",23.6,6.5,310,5,NA,NA,1017.7,"METAR KFSO 282135Z AUTO 31005KT 280V350 10SM CLR 24/07 A3005 RMK AO2 T02360065",2025-09-28 21:51:32.459872,2025-09-28 17:51:32.459921
"KFSK","Fort Scott Muni, KS, US",2025-09-28 21:35:00,"2025-09-28 16:35:00","VFR",30.1,17.4,210,5,NA,NA,1019,"METAR KFSK 282135Z AUTO 21005KT 10SM CLR 30/17 A3009 RMK AO2 T03010174",2025-09-28 21:51:32.480645,2025-09-28 17:51:32.480695
"KGGI","Grinnell Rgnl, IA, US",2025-09-28 21:35:00,"2025-09-28 21:35:00","VFR",29.7,15.9,190,8,NA,NA,1019.7,"METAR KGGI 282135Z AUTO 19008KT 10SM CLR 30/16 A3011 RMK AO2 T02970159",2025-09-28 21:51:32.487993,2025-09-28 17:51:32.48804
"KFOZ","Bigfork Muni, MN, US",2025-09-28 21:33:00,"2025-09-28 21:33:00","VFR",26,6,210,9,14,NA,1018.4,"METAR KFOZ 282133Z AUTO 21009G14KT 10SM SCT100 26/06 A3007 RMK AO2",2025-09-28 21:51:32.494903,2025-09-28 17:51:32.494947
"KFOT","Fortuna/Rohnerville Arpt, CA, US",2025-09-28 21:30:00,"2025-09-28 21:30:00","VFR",23,12,110,6,NA,8,1012.6,"METAR KFOT 282130Z AUTO 11006KT 8SM CLR 23/12 A2990 RMK AO1",2025-09-28 21:51:32.501525,2025-09-28 17:51:32.501571
"KGNG","Gooding Muni, ID, US",2025-09-28 21:30:00,"2025-09-28 15:30:00","VFR",28,6,NA,3,NA,NA,1014.3,"METAR KGNG 282130Z AUTO VRB03KT 10SM CLR 28/06 A2995 RMK AO2",2025-09-28 21:51:32.512744,2025-09-28 17:51:32.51279
"KFYE","Somerville/Fayette Cnty, TN, US",2025-09-28 21:30:00,"2025-09-28 21:30:00","VFR",30,13,NA,6,12,NA,1017.7,"METAR KFYE 282130Z AUTO VRB06G12KT 10SM CLR 30/13 A3005 RMK A01",2025-09-28 21:51:32.519614,2025-09-28 17:51:32.51966
"KGVE","Gordonsville Muni, VA, US",2025-09-28 21:15:00,"2025-09-28 17:15:00","VFR",27.5,16.1,20,5,NA,NA,NA,"METAR KGVE 282115Z AUTO 02005KT 10SM CLR 28/16 RMK AO1 T02750161",2025-09-28 21:51:32.526295,2025-09-28 17:51:32.526343
"KGAF","Grafton/Hutson Fld, ND, US",2025-09-28 21:15:00,"2025-09-28 21:15:00","VFR",29,11,180,12,NA,9,1012.6,"METAR KGAF 282115Z AUTO 18012KT 9SM CLR 29/11 A2990 RMK AO2",2025-09-28 21:51:32.532778,2025-09-28 17:51:32.532822
"KGPH","Mosby/Midwest Air Center, MO, US",2025-09-28 21:15:00,"2025-09-28 21:15:00","VFR",31,13,0,0,NA,NA,1018.7,"METAR KGPH 282115Z AUTO 00000KT 10SM CLR 31/13 A3008 RMK AO2",2025-09-28 21:51:32.539517,2025-09-28 17:51:32.539562
"KFRR","Front Royal/Warren Cnty, VA, US",2025-09-28 21:15:00,"2025-09-28 17:15:00","VFR",27.6,15.8,0,0,NA,NA,1019.4,"METAR KFRR 282115Z AUTO 00000KT 10SM CLR 28/16 A3010 RMK AO2 T02760158",2025-09-28 21:51:32.546206,2025-09-28 17:51:32.546253
"KFYJ","West Point/Middle Peninsula Arpt, VA, US",2025-09-28 21:15:00,"2025-09-28 21:15:00","VFR",24.3,18.1,NA,NA,NA,NA,1019.4,"METAR KFYJ 282115Z AUTO 10SM CLR 24/18 A3010 RMK AO1 T02430181",2025-09-28 21:51:32.552973,2025-09-28 17:51:32.553019
"KGHG","Marshfield Muni, MA, US",2025-09-28 21:15:00,"2025-09-28 21:15:00","VFR",26,17,210,4,NA,NA,1015.3,"METAR KGHG 282115Z AUTO 21004KT 10SM CLR 26/17 A2998 RMK AO2",2025-09-28 21:51:32.559733,2025-09-28 17:51:32.559778
"KGNT","Grants-Milan Muni, NM, US",2025-09-28 21:15:00,"2025-09-28 15:15:00","VFR",16.2,10.5,140,8,NA,NA,1024.1,"METAR KGNT 282115Z AUTO 14008KT 10SM SCT039 SCT055 BKN080 16/11 A3024 RMK AO2 LTG DSNT ALQDS T01620105",2025-09-28 21:51:32.566375,2025-09-28 17:51:32.56642
"KFRH","French Lick Muni, IN, US",2025-09-28 21:15:00,"2025-09-28 17:15:00","VFR",29,12,10,4,NA,NA,1020.4,"METAR KFRH 282115Z AUTO 01004KT 10SM BKN070 29/12 A3013 RMK AO1",2025-09-28 21:51:32.572984,2025-09-28 17:51:32.573032
"KFVX","Farmville Muni, VA, US",2025-09-28 21:15:00,"2025-09-28 21:15:00","VFR",27.3,19.9,40,7,NA,NA,1019,"METAR KFVX 282115Z AUTO 04007KT 10SM SCT050 27/20 A3009 RMK AO2 T02730199",2025-09-28 21:51:32.579682,2025-09-28 17:51:32.579727
"KFRM","Fairmont Muni, MN, US",2025-09-28 20:56:00,"2025-09-28 15:56:00","VFR",28.3,2.8,150,11,NA,NA,1019.7,"METAR KFRM 282056Z AUTO 15011KT 10SM CLR 28/03 A3011 RMK AO2 SLP198 T02830028 56017",2025-09-28 21:51:32.586401,2025-09-28 17:51:32.586448
"KGTU","Georgetown Muni, TX, US",2025-09-28 20:56:00,"2025-09-28 20:56:00","VFR",33.3,11.7,40,7,NA,NA,1017,"METAR KGTU 282056Z 04007KT 010V070 10SM CLR 33/12 A3003 RMK AO2 SLP162 T03330117 58020",2025-09-28 21:51:32.593076,2025-09-28 17:51:32.593122
"KGRD","Greenwood Cnty, GA, US",2025-09-28 20:56:00,"2025-09-28 16:56:00","VFR",25.6,19.4,100,7,NA,NA,1018.7,"METAR KGRD 282056Z AUTO 10007KT 070V150 10SM SCT026 BKN034 26/19 A3008 RMK AO2 SLP180 T02560194 58003 $",2025-09-28 21:51:32.599763,2025-09-28 17:51:32.599807
"KFSD","Sioux Falls/Foss Fld, SD, US",2025-09-28 20:56:00,"2025-09-28 15:56:00","VFR",30.6,2.8,170,12,NA,NA,1018,"METAR KFSD 282056Z 17012KT 10SM CLR 31/03 A3006 RMK AO2 SLP174 T03060028 56019",2025-09-28 21:51:32.619133,2025-09-28 17:51:32.619211
"KFOD","Fort Dodge Rgnl, IA, US",2025-09-28 20:56:00,"2025-09-28 15:56:00","VFR",27.8,6.7,170,5,NA,NA,1020.1,"METAR KFOD 282056Z AUTO 17005KT 10SM CLR 28/07 A3012 RMK AO2 SLP208 T02780067 56017 $",2025-09-28 21:51:32.627357,2025-09-28 17:51:32.627404
"KGAI","Gaithersburg/Montgomery Cnty, MD, US",2025-09-28 20:56:00,"2025-09-28 16:56:00","VFR",27.8,15.6,NA,3,NA,NA,1019.7,"METAR KGAI 282056Z AUTO VRB03KT 10SM CLR 28/16 A3011 RMK AO2 SLP205 6//// T02780156 56006 PNO $",2025-09-28 21:51:32.634725,2025-09-28 17:51:32.634771
"KGBD","Great Bend Muni, KS, US",2025-09-28 20:56:00,"2025-09-28 15:56:00","VFR",32.8,11.1,190,13,NA,NA,1018.7,"METAR KGBD 282056Z AUTO 19013KT 10SM CLR 33/11 A3008 RMK AO2 SLP168 6//// T03280111 56012 PNO $",2025-09-28 21:51:32.641557,2025-09-28 17:51:32.641601
"KGTR","Golden Triangle Arpt, MS, US",2025-09-28 20:56:00,"2025-09-28 15:56:00","VFR",31.1,16.7,20,8,NA,NA,1016.7,"METAR KGTR 282056Z 02008KT 10SM CLR 31/17 A3002 RMK AO2 SLP166 T03110167 56013",2025-09-28 21:51:32.648217,2025-09-28 17:51:32.64828
"KGPZ","Grand Rapids/Itasca Cnty, MN, US",2025-09-28 20:56:00,"2025-09-28 15:56:00","VFR",25,6.1,190,12,NA,NA,1018.7,"METAR KGPZ 282056Z AUTO 19012KT 10SM CLR 25/06 A3008 RMK AO2 SLP185 T02500061 56009",2025-09-28 21:51:32.655003,2025-09-28 17:51:32.655047
"KGAD","Gadsden/NE Alabama Rgnl, AL, US",2025-09-28 20:56:00,"2025-09-28 15:56:00",NA,30.6,18.3,70,10,NA,NA,1017.4,"METAR KGAD 282056Z AUTO 07010KT CLR 31/18 A3004 RMK AO2 SLP170 T03060183 56010 PWINO $",2025-09-28 21:51:32.661729,2025-09-28 17:51:32.661772
"KGVQ","Batavia/Genesee Cnty, NY, US",2025-09-28 20:56:00,"2025-09-28 20:56:00","VFR",22.8,5.6,330,9,NA,NA,1021.4,"METAR KGVQ 282056Z AUTO 33009KT 10SM CLR 23/06 A3016 RMK AO2 SLP209 T02280056 53008",2025-09-28 21:51:32.668397,2025-09-28 17:51:32.668446
"KGDV","Glendive/Dawson Arpt, MT, US",2025-09-28 20:56:00,"2025-09-28 14:56:00","VFR",30,8.9,NA,3,NA,NA,1012.3,"METAR KGDV 282056Z AUTO VRB03KT 10SM CLR 30/09 A2989 RMK AO2 SLP106 T03000089 58003 TSNO $",2025-09-28 21:51:32.675104,2025-09-28 17:51:32.675149
"KGON","Groton-New London Arpt, CT, US",2025-09-28 20:56:00,"2025-09-28 16:56:00","VFR",20.6,NA,250,8,NA,NA,1016.7,"METAR KGON 282056Z 25008KT 10SM CLR 21/ A3002 RMK AO2 SLP165 T0206 55005 $",2025-09-28 21:51:32.681826,2025-09-28 17:51:32.681878
"KFRI","Ft Riley/Marshall Fld, KS, US",2025-09-28 20:55:00,"2025-09-28 15:55:00","VFR",32.8,13.4,190,6,NA,NA,1017.7,"METAR KFRI 282055Z AUTO 19006KT 10SM CLR 33/13 A3005 RMK AO2 SLP165 T03280134 57016 $",2025-09-28 21:51:32.688554,2025-09-28 17:51:32.688599
"KGTB","Ft Drum/Wheeler AAF, NY, US",2025-09-28 20:55:00,"2025-09-28 20:55:00","VFR",24.1,8.9,280,4,NA,NA,1018.4,"METAR KGTB 282055Z AUTO 28004KT 10SM CLR 24/09 A3007 RMK AO2 SLP180 T02410089 52009",2025-09-28 21:51:32.695318,2025-09-28 17:51:32.695365
"KGPI","Kalispell/Glacier Park Intl, MT, US",2025-09-28 20:55:00,"2025-09-28 14:55:00","VFR",23.9,4.4,NA,4,NA,NA,1012.3,"METAR KGPI 282055Z VRB04KT 10SM CLR 24/04 A2989 RMK AO2 SLP116 T02390044 58012",2025-09-28 21:51:32.702108,2025-09-28 17:51:32.702152
"KGFA","Malmstrom AFB, MT, US",2025-09-28 20:55:00,"2025-09-28 14:55:00",NA,20.3,4.3,350,4,NA,NA,1016,"METAR KGFA 282055Z AUTO 35004KT 10SM M 20/04 A3000 RMK AO2 SLP154 T02030043 $",2025-09-28 21:51:32.70886,2025-09-28 17:51:32.708906
"KGUS","Peru/Grissom ARB, IN, US",2025-09-28 20:55:00,"2025-09-28 16:55:00","VFR",31.3,9.5,0,0,NA,NA,1019.7,"METAR KGUS 282055Z AUTO 00000KT 10SM CLR 31/10 A3011 RMK AO2 SLP193 T03130095 57009",2025-09-28 21:51:32.715569,2025-09-28 17:51:32.715624
"KGOV","Grayling(AAF), MI, US",2025-09-28 20:55:00,"2025-09-28 20:55:00","VFR",24.6,5.9,230,3,NA,NA,1022.4,"METAR KGOV 282055Z AUTO 23003KT 10SM CLR 25/06 A3019 RMK AO2 SLP230 T02460059 55003 $",2025-09-28 21:51:32.722438,2025-09-28 17:51:32.722484
"KFTK","Fort Knox/Godman AAF, KY, US",2025-09-28 20:55:00,"2025-09-28 16:55:00","VFR",29.5,13.7,0,0,NA,NA,1019.4,"METAR KFTK 282055Z AUTO 00000KT 10SM FEW070 30/14 A3010 RMK AO2 SLP190 T02950137 57013",2025-09-28 21:51:32.729187,2025-09-28 17:51:32.729232
"KGRF","Fort Lewis/Gray AAF, WA, US",2025-09-28 20:55:00,"2025-09-28 13:55:00","VFR",22,12.5,280,8,NA,NA,1007.9,"METAR KGRF 282055Z AUTO 28008KT 10SM CLR 22/13 A2976 RMK AO2 SLP080 T02200125 55004 $",2025-09-28 21:51:32.735897,2025-09-28 17:51:32.735941
"KGRK","Killeen-Ft Hood Rgnl, TX, US",2025-09-28 20:55:00,"2025-09-28 15:55:00","VFR",30.2,11.2,60,9,NA,NA,1017.7,"METAR KGRK 282055Z AUTO 06009KT 10SM CLR 30/11 A3005 RMK AO2 SLP165 T03020112 57016",2025-09-28 21:51:32.742699,2025-09-28 17:51:32.742746
"KGED","Georgetown/Sussex Cnty, DE, US",2025-09-28 20:54:00,"2025-09-28 16:54:00","VFR",25.6,17.8,NA,4,NA,NA,1018.7,"METAR KGED 282054Z AUTO VRB04KT 10SM CLR 26/18 A3008 RMK AO2 SLP183 T02560178 55004",2025-09-28 21:51:32.762823,2025-09-28 17:51:32.762894
"KFZY","Fulton/Oswego Cnty, NY, US",2025-09-28 20:54:00,"2025-09-28 20:54:00","VFR",21.1,14.4,320,6,NA,NA,1020.4,"METAR KFZY 282054Z AUTO 32006KT 10SM CLR 21/14 A3013 RMK AO2 SLP201 T02110144 53008",2025-09-28 21:51:32.770216,2025-09-28 17:51:32.77028
"KGCK","Garden City Rgnl, KS, US",2025-09-28 20:54:00,"2025-09-28 15:54:00","VFR",30.6,10,180,14,22,NA,1018.4,"METAR KGCK 282054Z 18014G22KT 10SM CLR 31/10 A3007 RMK AO2 SLP151 T03060100 56015",2025-09-28 21:51:32.777409,2025-09-28 17:51:32.777456
"KFWA","Fort Wayne Intl, IN, US",2025-09-28 20:54:00,"2025-09-28 16:54:00","VFR",31.1,11.7,350,6,NA,NA,1020.7,"METAR KFWA 282054Z 35006KT 10SM FEW075 31/12 A3014 RMK AO2 SLP202 T03110117 56004",2025-09-28 21:51:32.783905,2025-09-28 17:51:32.783949
"KGSO","Greensboro Intl, NC, US",2025-09-28 20:54:00,"2025-09-28 16:54:00","VFR",24.4,17.2,50,10,NA,NA,1019.7,"METAR KGSO 282054Z 05010KT 10SM FEW032 BKN048 24/17 A3011 RMK AO2 SLP186 T02440172 55005",2025-09-28 21:51:32.790576,2025-09-28 17:51:32.790622
"KGLR","Gaylord Rgnl, MI, US",2025-09-28 20:53:00,"2025-09-28 16:53:00","VFR",22.8,5,NA,3,NA,NA,1023.1,"METAR KGLR 282053Z AUTO VRB03KT 10SM CLR 23/05 A3021 RMK AO2 SLP230 T02280050 55001",2025-09-28 21:51:32.79724,2025-09-28 17:51:32.797303
"KGFK","Grand Forks Intl, ND, US",2025-09-28 20:53:00,"2025-09-28 15:53:00","VFR",29.4,9.4,200,13,NA,NA,1012.3,"METAR KGFK 282053Z 20013KT 10SM CLR 29/09 A2989 RMK AO2 SLP122 T02940094 56013",2025-09-28 21:51:32.803862,2025-09-28 17:51:32.803907
"KGFL","Glens Falls/Warren Cnty, NY, US",2025-09-28 20:53:00,"2025-09-28 16:53:00","VFR",28.3,13.3,320,9,14,NA,1015.7,"METAR KGFL 282053Z AUTO 32009G14KT 10SM CLR 28/13 A2999 RMK AO2 SLP155 T02830133 53004",2025-09-28 21:51:32.810506,2025-09-28 17:51:32.81055
"KGLD","Goodland/Renner Fld, KS, US",2025-09-28 20:53:00,"2025-09-28 14:53:00","VFR",30,8.3,200,19,27,NA,1018,"METAR KGLD 282053Z AUTO 20019G27KT 10SM SCT100 30/08 A3006 RMK AO2 PK WND 19034/2022 SLP140 T03000083 56017",2025-09-28 21:51:32.817101,2025-09-28 17:51:32.817145
"KGGG","Longview/Gregg Cnty, TX, US",2025-09-28 20:53:00,"2025-09-28 15:53:00","VFR",30,14.4,80,6,NA,NA,1017.4,"METAR KGGG 282053Z 08006KT 10SM CLR 30/14 A3004 RMK AO2 SLP167 T03000144 56016 $",2025-09-28 21:51:32.823739,2025-09-28 17:51:32.823784
"KGTF","Great Falls Intl, MT, US",2025-09-28 20:53:00,"2025-09-28 14:53:00","VFR",20,3.3,350,6,NA,NA,1017,"METAR KGTF 282053Z 35006KT 10SM CLR 20/03 A3003 RMK AO2 SLP156 T02000033 58010 $",2025-09-28 21:51:32.83041,2025-09-28 17:51:32.830455
"KGAG","Gage Arpt, OK, US",2025-09-28 20:53:00,"2025-09-28 15:53:00","VFR",30.6,11.1,170,8,15,NA,1019.4,"METAR KGAG 282053Z AUTO 17008G15KT 140V210 10SM CLR 31/11 A3010 RMK AO2 SLP168 T03060111 58016",2025-09-28 21:51:32.837098,2025-09-28 17:51:32.837143
"KGRB","Green Bay/Straubel Intl, WI, US",2025-09-28 20:53:00,"2025-09-28 15:53:00","VFR",23.9,3.3,0,0,NA,NA,1022.4,"METAR KGRB 282053Z 00000KT 10SM CLR 24/03 A3019 RMK AO2 SLP222 T02390033 58005 $",2025-09-28 21:51:32.843784,2025-09-28 17:51:32.843832
"KFWN","Sussex Arpt, NJ, US",2025-09-28 20:53:00,"2025-09-28 20:53:00","VFR",30,NA,NA,3,NA,NA,1017.4,"METAR KFWN 282053Z AUTO VRB03KT 10SM CLR 30/ A3004 RMK AO2 SLP171 T0300 55003 $",2025-09-28 21:51:32.850492,2025-09-28 17:51:32.850539
"KFXE","Ft Lauderdale Exec, FL, US",2025-09-28 20:53:00,"2025-09-28 16:53:00","VFR",28.3,25,60,14,21,NA,1009.6,"METAR KFXE 282053Z 06014G21KT 10SM FEW017 SCT024 BKN075 28/25 A2981 RMK AO2 SLP098 T02830250 58010",2025-09-28 21:51:32.857112,2025-09-28 17:51:32.857158
"KFYV","Fayetteville/Drake Fld, AR, US",2025-09-28 20:53:00,"2025-09-28 15:53:00","VFR",29.4,13.9,60,4,NA,NA,1020.1,"METAR KFYV 282053Z 06004KT 10SM CLR 29/14 A3012 RMK AO2 SLP187 T02940139 56015",2025-09-28 21:51:32.863747,2025-09-28 17:51:32.863791
"KGCC","Gillette/Campbell Cnty, WY, US",2025-09-28 20:53:00,"2025-09-28 14:53:00","VFR",31.1,2.2,NA,4,NA,NA,1014.6,"METAR KGCC 282053Z AUTO VRB04KT 10SM CLR 31/02 A2996 RMK AO2 SLP093 T03110022 58008 $",2025-09-28 21:51:32.870518,2025-09-28 17:51:32.870564
"KGIF","Winter Haven Rgnl, FL, US",2025-09-28 20:53:00,"2025-09-28 16:53:00","VFR",28.9,24.4,60,10,NA,NA,1011.9,"METAR KGIF 282053Z AUTO 06010KT 10SM FEW025 29/24 A2988 RMK AO1 SLP114 60019 T02890244 58010",2025-09-28 21:51:32.877248,2025-09-28 17:51:32.877315
"KGKY","Arlington Muni, TX, US",2025-09-28 20:53:00,"2025-09-28 20:53:00","VFR",30.6,13.9,30,9,NA,NA,1018,"METAR KGKY 282053Z 03009KT 10SM CLR 31/14 A3006 RMK AO2 SLP171 T03060139 56018",2025-09-28 21:51:32.884016,2025-09-28 17:51:32.88406
"KGLH","Greenville/Mid Delta Arpt, MS, US",2025-09-28 20:53:00,"2025-09-28 15:53:00","VFR",31.7,15.6,20,8,NA,NA,1016.7,"METAR KGLH 282053Z AUTO 02008KT 10SM CLR 32/16 A3002 RMK AO2 SLP170 T03170156 56016",2025-09-28 21:51:32.903959,2025-09-28 17:51:32.904006
"KGMU","Greenville/Downtown Arpt, SC, US",2025-09-28 20:53:00,"2025-09-28 16:53:00","VFR",28.3,16.7,60,9,NA,NA,1018.7,"METAR KGMU 282053Z 06009KT 10SM FEW044 28/17 A3008 RMK AO2 SLP178 T02830167 56009",2025-09-28 21:51:32.911322,2025-09-28 17:51:32.911369
"KGEY","Greybull/South Big Horn Arpt, WY, US",2025-09-28 20:53:00,"2025-09-28 14:53:00","VFR",28.9,2.8,NA,4,NA,NA,1014.6,"METAR KGEY 282053Z AUTO VRB04KT 10SM CLR 29/03 A2996 RMK AO2 SLP113 T02890028 56016",2025-09-28 21:51:32.918653,2025-09-28 17:51:32.918698
"KFRG","Farmingdale/Republic Arpt, NY, US",2025-09-28 20:53:00,"2025-09-28 16:53:00","VFR",25.6,18.3,180,8,NA,NA,1017.4,"METAR KFRG 282053Z 18008KT 10SM CLR 26/18 A3004 RMK AO2 SLP171 T02560183 56004 $",2025-09-28 21:51:32.925194,2025-09-28 17:51:32.925237
"KFVE","Frenchville/N Aroostook Rgnl, ME, US",2025-09-28 20:53:00,"2025-09-28 16:53:00","VFR",19.4,4.4,300,14,26,NA,1010.9,"METAR KFVE 282053Z AUTO 30014G26KT 10SM SCT075 SCT090 19/04 A2985 RMK AO2 PK WND 28032/1958 SLP109 60000 T01940044 53022",2025-09-28 21:51:32.931872,2025-09-28 17:51:32.931918
"KGVL","Gainesville/Gilmer Mem, GA, US",2025-09-28 20:53:00,"2025-09-28 16:53:00","VFR",28.3,16.7,100,8,15,NA,1019,"METAR KGVL 282053Z AUTO 10008G15KT 060V140 10SM CLR 28/17 A3009 RMK AO2 SLP174 T02830167 56007",2025-09-28 21:51:32.938592,2025-09-28 17:51:32.938637
"KGJT","Grand Junction Rgnl, CO, US",2025-09-28 20:53:00,"2025-09-28 14:53:00","VFR",22.8,7.8,270,5,15,NA,1019.4,"METAR KGJT 282053Z 27005G15KT 10SM CLR 23/08 A3010 RMK AO2 LTG DSNT SW SLP137 60001 T02280078 58020",2025-09-28 21:51:32.945316,2025-09-28 17:51:32.945368
"KFOE","Topeka/Forbes Fld, KS, US",2025-09-28 20:53:00,"2025-09-28 15:53:00","VFR",31.7,15,170,7,NA,NA,1018.7,"METAR KFOE 282053Z 17007KT 10SM CLR 32/15 A3008 RMK AO2 SLP175 T03170150 56013",2025-09-28 21:51:32.951972,2025-09-28 17:51:32.952018
"KGUY","Guymon Muni, OK, US",2025-09-28 20:53:00,"2025-09-28 15:53:00","VFR",30.6,6.7,180,12,22,NA,1018.7,"METAR KGUY 282053Z AUTO 18012G22KT 10SM FEW095 31/07 A3008 RMK AO2 SLP137 T03060067 58016",2025-09-28 21:51:32.958597,2025-09-28 17:51:32.958642
"KGPT","Gulfport-Biloxi Intl, MS, US",2025-09-28 20:53:00,"2025-09-28 15:53:00","VFR",31.1,17.8,160,5,NA,NA,1014,"METAR KGPT 282053Z 16005KT 10SM CLR 31/18 A2994 RMK AO2 SLP136 T03110178 56012",2025-09-28 21:51:32.965349,2025-09-28 17:51:32.965395
"KFTY","Atlanta/Fulton Cnty, GA, US",2025-09-28 20:53:00,"2025-09-28 16:53:00","VFR",30,16.1,50,9,15,NA,1017.4,"METAR KFTY 282053Z 05009G15KT 030V090 10SM SCT055 30/16 A3004 RMK AO2 SLP161 T03000161 56008",2025-09-28 21:51:32.971962,2025-09-28 17:51:32.972008
"KFPR","Ft Pierce/Treasure Coast Intl, FL, US",2025-09-28 20:53:00,"2025-09-28 16:53:00","VFR",28.3,22.8,110,10,NA,NA,1011.3,"METAR KFPR 282053Z 11010KT 10SM OVC085 28/23 A2986 RMK AO2 SLP111 T02830228 58005",2025-09-28 21:51:32.978642,2025-09-28 17:51:32.978688
"KGOK","Guthrie-Edmond Rgnl, OK, US",2025-09-28 20:53:00,"2025-09-28 15:53:00","VFR",31.7,13.3,NA,NA,NA,NA,1018.4,"METAR KGOK 282053Z AUTO 10SM CLR 32/13 A3007 RMK AO2 SLP172 T03170133 56017 $",2025-09-28 21:51:32.98533,2025-09-28 17:51:32.985379
"KGNV","Gainesville Rgnl, FL, US",2025-09-28 20:53:00,"2025-09-28 16:53:00","VFR",31.1,22.8,50,13,NA,NA,1013.3,"METAR KGNV 282053Z 05013KT 10SM FEW055 FEW110 31/23 A2992 RMK AO2 SLP128 T03110228 55010",2025-09-28 21:51:32.991951,2025-09-28 17:51:32.991996
"KGGW","Glasgow Intl Arpt, MT, US",2025-09-28 20:53:00,"2025-09-28 14:53:00","VFR",30.6,1.1,60,10,NA,NA,1012.3,"METAR KGGW 282053Z AUTO 06010KT 10SM CLR 31/01 A2989 RMK AO2 SLP111 T03060011 55005 TSNO ",2025-09-28 21:51:32.998684,2025-09-28 17:51:32.998729
"KGEG","Spokane Intl, WA, US",2025-09-28 20:53:00,"2025-09-28 13:53:00","VFR",25.6,5,330,5,NA,6,1010.2,"METAR KGEG 282053Z 33005KT 6SM HZ FEW180 FEW250 26/05 A2983 RMK AO2 SLP085 T02560050 58012 $",2025-09-28 21:51:33.005339,2025-09-28 17:51:33.005381
"KGRI","Grand Island Rgnl, NE, US",2025-09-28 20:53:00,"2025-09-28 15:53:00","VFR",31.1,13.9,160,11,17,NA,1018,"METAR KGRI 282053Z 16011G17KT 10SM CLR 31/14 A3006 RMK AO2 SLP173 T03110139 56017",2025-09-28 21:51:33.012084,2025-09-28 17:51:33.012132
"KGSP","Greenville-Spartanburg Intl, SC, US",2025-09-28 20:53:00,"2025-09-28 16:53:00","VFR",27.8,16.7,60,8,NA,NA,1018.7,"METAR KGSP 282053Z 06008KT 10SM CLR 28/17 A3008 RMK AO2 SLP175 T02780167 56009",2025-09-28 21:51:33.018901,2025-09-28 17:51:33.018948
"KGUP","Gallup Muni, NM, US",2025-09-28 20:53:00,"2025-09-28 14:53:00","VFR",21.1,7.2,220,10,NA,NA,1022.8,"METAR KGUP 282053Z AUTO 22010KT 10SM CLR 21/07 A3020 RMK AO2 LTG DSNT E SLP103 T02110072 57020",2025-09-28 21:51:33.025607,2025-09-28 17:51:33.025653
"KFOK","Westhampton/Gabreski Arpt, NY, US",2025-09-28 20:53:00,"2025-09-28 16:53:00","VFR",23.9,16.1,220,7,NA,NA,1017.7,"METAR KFOK 282053Z 22007KT 10SM CLR 24/16 A3005 RMK AO2 SLP176 T02390161 55002",2025-09-28 21:51:33.045753,2025-09-28 17:51:33.045801
"KFSM","Fort Smith Rgnl, AR, US",2025-09-28 20:53:00,"2025-09-28 15:53:00","VFR",30.6,15,50,7,NA,NA,1018.7,"METAR KFSM 282053Z 05007KT 10SM CLR 31/15 A3008 RMK AO2 SLP181 T03060150 56016",2025-09-28 21:51:33.053307,2025-09-28 17:51:33.053355
"KFST","Fort Stockton/Pecos Cnty, TX, US",2025-09-28 20:53:00,"2025-09-28 15:53:00","VFR",29.4,7.8,90,10,NA,NA,1018.4,"METAR KFST 282053Z AUTO 09010KT 10SM FEW100 29/08 A3007 RMK AO2 LTG DSNT SW AND W SLP132 T02940078 56018",2025-09-28 21:51:33.060531,2025-09-28 17:51:33.060608
"KFTW","Fort Worth/Meacham Intl, TX, US",2025-09-28 20:53:00,"2025-09-28 15:53:00","VFR",30.6,12.2,NA,5,NA,NA,1017.7,"METAR KFTW 282053Z VRB05KT 10SM FEW065 31/12 A3005 RMK AO2 SLP168 T03060122 56020 $",2025-09-28 21:51:33.067474,2025-09-28 17:51:33.067527
"KFUL","Fullerton Muni, CA, US",2025-09-28 20:53:00,"2025-09-28 13:53:00","VFR",25.6,14.4,NA,3,NA,NA,1014.6,"METAR KFUL 282053Z VRB03KT 10SM CLR 26/14 A2996 RMK AO2 SLP145 T02560144 58017",2025-09-28 21:51:33.074307,2025-09-28 17:51:33.074356
"KGKJ","Meadville Arpt, PA, US",2025-09-28 20:53:00,"2025-09-28 16:53:00","VFR",25,16.1,310,6,NA,NA,1022.1,"METAR KGKJ 282053Z AUTO 31006KT 10SM SCT070 25/16 A3018 RMK AO2 SLP211 T02500161 53003",2025-09-28 21:51:33.081043,2025-09-28 17:51:33.081093
"KGRR","Grand Rapids Intl, MI, US",2025-09-28 20:53:00,"2025-09-28 16:53:00","VFR",25.6,10,40,4,NA,NA,1022.1,"METAR KGRR 282053Z 04004KT 10SM CLR 26/10 A3018 RMK AO2 SLP215 T02560100 56005 $",2025-09-28 21:51:33.087733,2025-09-28 17:51:33.087778
"KGEZ","Shelbyville Muni, IN, US",2025-09-28 20:53:00,"2025-09-28 20:53:00","VFR",30.6,11.7,NA,NA,NA,NA,1020.4,"METAR KGEZ 282053Z AUTO 10SM CLR 31/12 A3013 RMK AO2 SLP196 T03060117 56012",2025-09-28 21:51:33.094378,2025-09-28 17:51:33.094423
"KGLS","Galveston/Scholes Intl, TX, US",2025-09-28 20:52:00,"2025-09-28 15:52:00","VFR",30,16.7,10,7,NA,NA,1015.7,"METAR KGLS 282052Z AUTO 01007KT 10SM FEW050 BKN060 30/17 A2999 RMK AO1 SLP157 T03000167 56016 $",2025-09-28 21:51:33.100996,2025-09-28 17:51:33.101045
"KGEU","Glendale Muni, AZ, US",2025-09-28 20:47:00,"2025-09-28 20:47:00","VFR",29,15,0,0,NA,NA,1012.6,"METAR KGEU 282047Z 00000KT 10SM CLR 29/15 A2990",2025-09-28 21:51:33.107997,2025-09-28 17:51:33.108041
"KGYY","Gary Intl, IN, US",2025-09-28 21:50:00,"2025-09-28 16:50:00","VFR",24,18,20,8,NA,NA,1021.8,"METAR KGYY 282150Z 02008KT 10SM CLR 24/18 A3017",2025-09-28 21:51:34.637128,2025-09-28 17:51:34.637173
"KHUM","Houma/Terrebonne Arpt, LA, US",2025-09-28 21:50:00,"2025-09-28 16:50:00","VFR",32,17,40,8,NA,7,1014.6,"METAR KHUM 282150Z 04008KT 7SM SCT060 32/17 A2996",2025-09-28 21:51:34.644003,2025-09-28 17:51:34.644047
"KHOB","Hobbs Arpt, NM, US",2025-09-28 21:50:00,"2025-09-28 15:50:00","VFR",29,7,80,9,19,NA,1020.4,"METAR KHOB 282150Z 08009G19KT 10SM SCT080 29/07 A3013",2025-09-28 21:51:34.650856,2025-09-28 17:51:34.650902
"KGYH","Greenville/Donaldson Fld, SC, US",2025-09-28 21:47:00,"2025-09-28 17:47:00","VFR",28,17,50,6,NA,NA,1018.7,"METAR KGYH 282147Z 05006KT 10SM SCT050 28/17 A3008",2025-09-28 21:51:34.657581,2025-09-28 17:51:34.657627
"KGYR","Phoenix/Goodyear Muni, AZ, US",2025-09-28 21:47:00,"2025-09-28 14:47:00","VFR",31,15,250,5,NA,NA,1013.6,"METAR KGYR 282147Z 25005KT 10SM SCT060 SCT200 31/15 A2993",2025-09-28 21:51:34.677885,2025-09-28 17:51:34.677931
"KHMN","Holloman AFB, NM, US",2025-09-28 21:37:00,"2025-09-28 15:37:00","VFR",25,14,60,14,NA,NA,1020.1,"SPECI KHMN 282137Z AUTO 06014KT 10SM VCTS SCT055 BKN065 25/14 A3012 RMK AO2 WSHFT 29 TSB08E32TSB33E34 SLP136 $",2025-09-28 21:51:34.685206,2025-09-28 17:51:34.685252
"KHCO","Hallock Muni, MN, US",2025-09-28 21:36:00,"2025-09-28 21:36:00","VFR",29,9,200,14,18,NA,1012.3,"METAR KHCO 282136Z AUTO 20014G18KT 10SM CLR 29/09 A2989 RMK AO2",2025-09-28 21:51:34.69208,2025-09-28 17:51:34.692124
"KHHW","Hugo/Stamper Muni, OK, US",2025-09-28 21:35:00,"2025-09-28 16:35:00","VFR",29,13,10,5,NA,NA,1018,"METAR KHHW 282135Z AUTO 01005KT 10SM CLR 29/13 A3006 RMK AO2",2025-09-28 21:51:34.698741,2025-09-28 17:51:34.698785
"KGYB","Giddings/Lee Cnty, TX, US",2025-09-28 21:35:00,"2025-09-28 21:35:00","VFR",32.3,10.8,40,5,NA,NA,1017,"METAR KGYB 282135Z AUTO 04005KT 10SM CLR 32/11 A3003 RMK AO2 T03230108",2025-09-28 21:51:34.705502,2025-09-28 17:51:34.705548
"KHPT","Hampton Muni, IA, US",2025-09-28 21:35:00,"2025-09-28 16:35:00","VFR",26,4,160,3,NA,NA,1020.1,"METAR KHPT 282135Z AUTO 16003KT 10SM CLR 26/04 A3012 RMK AO2",2025-09-28 21:51:34.712172,2025-09-28 17:51:34.712214
"KHRX","Hereford Muni, TX, US",2025-09-28 21:35:00,"2025-09-28 21:35:00",NA,28.4,8.4,230,10,15,NA,1021.8,"METAR KHRX 282135Z AUTO 23010G15KT 10SM 28/08 A3017 RMK AO2 T02840084 TSNO",2025-09-28 21:51:34.718803,2025-09-28 17:51:34.718847
"KHQG","Hugoton Muni, KS, US",2025-09-28 21:35:00,"2025-09-28 21:35:00","VFR",30,7,170,11,20,NA,1018.7,"METAR KHQG 282135Z AUTO 17011G20KT 10SM FEW095 30/07 A3008 RMK AO2 TSNO",2025-09-28 21:51:34.725377,2025-09-28 17:51:34.725422
"KHSG","Thermopolis/Hot Springs Cnty, WY, US",2025-09-28 21:35:00,"2025-09-28 15:35:00","VFR",26.2,2.2,70,6,NA,NA,1016.3,"METAR KHSG 282135Z AUTO 07006KT 10SM CLR 26/02 A3001 RMK AO2 LTG DSNT SE T02620022",2025-09-28 21:51:34.731935,2025-09-28 17:51:34.731978
"KHNR","Harlan Muni, IA, US",2025-09-28 21:35:00,"2025-09-28 21:35:00","VFR",30,9,90,5,NA,NA,1019,"METAR KHNR 282135Z AUTO 09005KT 10SM CLR 30/09 A3009 RMK A01",2025-09-28 21:51:34.73855,2025-09-28 17:51:34.738594
"KHVS","Hartsville Rgnl, SC, US",2025-09-28 21:35:00,"2025-09-28 17:35:00","VFR",25,20,40,5,NA,NA,1017.7,"METAR KHVS 282135Z AUTO 04005KT 10SM CLR 25/20 A3005 RMK AO2",2025-09-28 21:51:34.74523,2025-09-28 17:51:34.745295
"KHDE","Holdrege/Brewster Fld, NE, US",2025-09-28 21:35:00,"2025-09-28 16:35:00","VFR",31,13.7,160,11,19,NA,1018,"METAR KHDE 282135Z AUTO 16011G19KT 10SM CLR 31/14 A3006 RMK AO2 T03100137",2025-09-28 21:51:34.751998,2025-09-28 17:51:34.752043
"KHQU","Thomson/McDuffie Cnty, GA, US",2025-09-28 21:35:00,"2025-09-28 21:35:00","VFR",26,20,60,9,NA,NA,1019,"METAR KHQU 282135Z AUTO 06009KT 10SM CLR 26/20 A3009 RMK AO2",2025-09-28 21:51:34.758703,2025-09-28 17:51:34.758748
"KHJH","Hebron Muni, NE, US",2025-09-28 21:35:00,"2025-09-28 21:35:00","VFR",32.5,11,160,7,NA,NA,1018,"METAR KHJH 282135Z AUTO 16007KT 10SM CLR 33/11 A3006 RMK AO2 T03250110",2025-09-28 21:51:34.765391,2025-09-28 17:51:34.765436
"KHHF","Canadian/Hemphill Cnty, TX, US",2025-09-28 21:35:00,"2025-09-28 21:35:00","VFR",29.7,10.2,150,8,NA,NA,1019.4,"METAR KHHF 282135Z AUTO 15008KT 10SM CLR 30/10 A3010 RMK AO2 T02970102",2025-09-28 21:51:34.772048,2025-09-28 17:51:34.772092
"KHCD","Hutchinson/Butler Fld, MN, US",2025-09-28 21:35:00,"2025-09-28 21:35:00","VFR",26.2,3.6,160,9,NA,NA,1019.4,"METAR KHCD 282135Z AUTO 16009KT 10SM CLR 26/04 A3010 RMK AO2 T02620036",2025-09-28 21:51:34.77878,2025-09-28 17:51:34.778824
"KHAF","Half Moon Bay Arpt, CA, US",2025-09-28 21:35:00,"2025-09-28 14:35:00","MVFR",17,17,170,4,NA,5,1016,"METAR KHAF 282135Z AUTO 17004KT 5SM BR SCT005 BKN013 17/17 A3000 RMK AO2",2025-09-28 21:51:34.785475,2025-09-28 17:51:34.785519
"KHDC","Hammond/Northshore Rgnl, LA, US",2025-09-28 21:35:00,"2025-09-28 21:35:00","VFR",32.1,15.6,60,3,NA,NA,1014.3,"METAR KHDC 282135Z AUTO 06003KT 10SM SCT080 32/16 A2995 RMK AO2 T03210156",2025-09-28 21:51:34.792147,2025-09-28 17:51:34.792192
"KHEQ","Holyoke Arpt, CO, US",2025-09-28 21:35:00,"2025-09-28 21:35:00","VFR",27,8,200,15,22,NA,1017.4,"METAR KHEQ 282135Z AUTO 20015G22KT 10SM CLR 27/08 A3004 RMK AO2",2025-09-28 21:51:34.811328,2025-09-28 17:51:34.811403
"KHYW","Conway/Horry Cnty, SC, US",2025-09-28 21:35:00,"2025-09-28 21:35:00","VFR",26,21,20,7,NA,NA,1016.7,"METAR KHYW 282135Z AUTO 02007KT 10SM CLR 26/21 A3002 RMK AO2",2025-09-28 21:51:34.819593,2025-09-28 17:51:34.819643
"KHOE","Homerville Arpt, GA, US",2025-09-28 21:35:00,"2025-09-28 21:35:00","VFR",29.5,20,0,0,NA,NA,1014.3,"METAR KHOE 282135Z AUTO 00000KT 10SM SCT048 SCT060 SCT070 29/20 A2995 RMK AO2 T02950200",2025-09-28 21:51:34.826741,2025-09-28 17:51:34.826789
"KHFJ","Monett Muni, MO, US",2025-09-28 21:35:00,"2025-09-28 21:35:00","VFR",28,13,120,3,NA,NA,1020.1,"METAR KHFJ 282135Z AUTO 12003KT 10SM CLR 28/13 A3012 RMK AO2",2025-09-28 21:51:34.833566,2025-09-28 17:51:34.83361
"KHSB","Harrisburg/Raleigh Arpt, IL, US",2025-09-28 21:35:00,"2025-09-28 16:35:00","VFR",30,11.8,NA,NA,NA,NA,1020.1,"METAR KHSB 282135Z 10SM CLR 30/12 A3012 RMK AO2 T03000118",2025-09-28 21:51:34.840362,2025-09-28 17:51:34.84041
"KHAI","Three Rivers Muni, MI, US",2025-09-28 21:35:00,"2025-09-28 17:35:00","VFR",27,17,320,5,NA,NA,1021.4,"METAR KHAI 282135Z AUTO 32005KT 10SM CLR 27/17 A3016 RMK AO2",2025-09-28 21:51:34.847074,2025-09-28 17:51:34.847119
"KGYL","Glencoe Muni, MN, US",2025-09-28 21:35:00,"2025-09-28 21:35:00","VFR",27.2,3.7,150,6,NA,NA,1019,"METAR KGYL 282135Z AUTO 15006KT 10SM CLR 27/04 A3009 RMK AO2 T02720037",2025-09-28 21:51:34.853781,2025-09-28 17:51:34.853825
"KHYX","Saginaw Cnty Arpt, MI, US",2025-09-28 21:35:00,"2025-09-28 21:35:00","VFR",24,1,40,4,NA,NA,1022.4,"METAR KHYX 282135Z AUTO 04004KT 10SM CLR 24/01 A3019 RMK AO2",2025-09-28 21:51:34.860482,2025-09-28 17:51:34.860528
"KHVC","Hopkinsville/Christian Cnty, KY, US",2025-09-28 21:35:00,"2025-09-28 21:35:00","VFR",30,12,50,6,NA,NA,1019,"METAR KHVC 282135Z AUTO 05006KT 10SM CLR 30/12 A3009 RMK AO2",2025-09-28 21:51:34.867184,2025-09-28 17:51:34.867253
"KHII","Lake Havasu City Arpt, AZ, US",2025-09-28 21:35:00,"2025-09-28 14:35:00","VFR",30,13,200,8,NA,NA,1013.3,"METAR KHII 282135Z AUTO 20008KT 10SM CLR 30/13 A2992 RMK AO2",2025-09-28 21:51:34.87397,2025-09-28 17:51:34.874014
"KHSD","Oklahoma City/Sundance Arpt, OK, US",2025-09-28 21:35:00,"2025-09-28 21:35:00","VFR",30,13,110,5,NA,NA,1018.4,"METAR KHSD 282135Z AUTO 11005KT 10SM SCT070 30/13 A3007 RMK A01",2025-09-28 21:51:34.88066,2025-09-28 17:51:34.880705
"KHTH","Hawthorne Muni, NV, US",2025-09-28 21:35:00,"2025-09-28 14:35:00","VFR",28,5,NA,4,NA,NA,1014.6,"METAR KHTH 282135Z AUTO VRB04KT 10SM CLR 28/05 A2996 RMK A01",2025-09-28 21:51:34.88738,2025-09-28 17:51:34.887424
"KHMZ","Bedford Arpt, PA, US",2025-09-28 21:35:00,"2025-09-28 21:35:00","VFR",27.6,11.9,340,5,NA,NA,1020.4,"METAR KHMZ 282135Z AUTO 34005KT 10SM SCT065 28/12 A3013 RMK AO2 T02760119",2025-09-28 21:51:34.894053,2025-09-28 17:51:34.894099
"KHZD","Huntingdon/Carroll Cnty, TN, US",2025-09-28 21:30:00,"2025-09-28 21:30:00","VFR",29,13,110,5,11,NA,1018.7,"METAR KHZD 282130Z AUTO 11005G11KT 10SM CLR 29/13 A3008 RMK A01",2025-09-28 21:51:34.900787,2025-09-28 17:51:34.900831
"KGZS","Pulaski/Abernathy Fld, TN, US",2025-09-28 21:30:00,"2025-09-28 21:30:00","VFR",29,15,40,6,NA,NA,1018,"METAR KGZS 282130Z AUTO 04006KT 10SM CLR 29/15 A3006 RMK A01",2025-09-28 21:51:34.907465,2025-09-28 17:51:34.907511
"KHVE","Hanksville Arpt, UT, US",2025-09-28 21:30:00,"2025-09-28 15:30:00","VFR",23,9,230,5,NA,NA,1020.1,"METAR KHVE 282130Z AUTO 23005KT 10SM CLR 23/09 A3012 RMK AO2",2025-09-28 21:51:34.914124,2025-09-28 17:51:34.914169
"KHLB","Batesville Arpt, IN, US",2025-09-28 21:25:00,"2025-09-28 17:25:00",NA,30,11,0,0,NA,NA,1020.7,"METAR KHLB 282125Z AUTO 00000KT 30/11 A3014 RMK A01",2025-09-28 21:51:34.920886,2025-09-28 17:51:34.920929
"KGZN","Cisco/Simmons Mem, TX, US",2025-09-28 21:25:00,"2025-09-28 21:25:00","VFR",29,10,140,8,14,NA,1018.4,"METAR KGZN 282125Z AUTO 14008G14KT 10SM CLR 29/10 A3007 RMK AO2",2025-09-28 21:51:34.927717,2025-09-28 17:51:34.927763
"KHQM","Hoquiam/Bowerman Arpt, WA, US",2025-09-28 21:17:00,"2025-09-28 14:17:00","MVFR",17.2,12.2,180,16,24,NA,1009.6,"SPECI KHQM 282117Z AUTO 18016G24KT 10SM BKN029 OVC033 17/12 A2981 RMK AO2 PK WND 17027/2057 T01720122",2025-09-28 21:51:34.934561,2025-09-28 17:51:34.934606
"KHFY","Greenwood Muni, IN, US",2025-09-28 21:15:00,"2025-09-28 21:15:00","VFR",29.5,13.3,360,4,NA,NA,1021.1,"METAR KHFY 282115Z AUTO 36004KT 10SM CLR 30/13 A3015 RMK AO2 T02950133",2025-09-28 21:51:34.954929,2025-09-28 17:51:34.954978
"KHWY","Warrenton/Fauquier Arpt, VA, US",2025-09-28 21:15:00,"2025-09-28 21:15:00","VFR",29,12.5,350,5,NA,NA,1019.4,"METAR KHWY 282115Z AUTO 35005KT 10SM CLR 29/13 A3010 RMK AO2 T02900125",2025-09-28 21:51:34.962312,2025-09-28 17:51:34.962377
"KHSP","Hot Springs/Ingalls Fld, VA, US",2025-09-28 21:15:00,"2025-09-28 17:15:00","VFR",21.2,14.6,80,5,NA,NA,1024.8,"METAR KHSP 282115Z AUTO 08005KT 10SM CLR 21/15 A3026 RMK AO2 T02120146",2025-09-28 21:51:34.969497,2025-09-28 17:51:34.969543
"KHAE","Hannibal Rgnl, MO, US",2025-09-28 21:15:00,"2025-09-28 21:15:00","VFR",31,8,0,0,NA,NA,1020.4,"METAR KHAE 282115Z AUTO 00000KT 10SM CLR 31/08 A3013 RMK AO2",2025-09-28 21:51:34.976029,2025-09-28 17:51:34.976074
"KHLX","Hillsville/Twin Cnty, VA, US",2025-09-28 21:15:00,"2025-09-28 21:15:00","VFR",23,15,70,6,NA,NA,1022.1,"METAR KHLX 282115Z AUTO 07006KT 10SM CLR 23/15 A3018 RMK AO2",2025-09-28 21:51:34.982781,2025-09-28 17:51:34.982828
"KHEG","Jacksonville/Herlong Arpt, FL, US",2025-09-28 21:15:00,"2025-09-28 21:15:00","MVFR",30,22,40,15,23,NA,1014.3,"METAR KHEG 282115Z AUTO 04015G23KT 10SM BKN027 BKN075 BKN100 30/22 A2995 RMK AO2 TSNO",2025-09-28 21:51:34.989491,2025-09-28 17:51:34.989536
"KHBV","Hebbronville/Hogg Cnty, TX, US",2025-09-28 21:15:00,"2025-09-28 21:15:00","VFR",31.8,11.9,90,6,17,9,1015,"METAR KHBV 282115Z AUTO 09006G17KT 040V120 9SM FEW080 32/12 A2997 RMK AO2 T03180119 $",2025-09-28 21:51:34.996074,2025-09-28 17:51:34.996117
"KHCR","Heber City Muni, UT, US",2025-09-28 21:15:00,"2025-09-28 21:15:00","MVFR",18.7,7.3,190,7,NA,5,1020.4,"METAR KHCR 282115Z AUTO 19007KT 5SM HZ FEW060 SCT090 BKN110 OVC130 19/07 A3013 RMK AO2 LTG DSNT SE - SW T01870073 $",2025-09-28 21:51:35.002683,2025-09-28 17:51:35.002726
"KGWR","Gwinner Muni, ND, US",2025-09-28 21:15:00,"2025-09-28 21:15:00","VFR",29,12,200,15,NA,NA,1014.3,"METAR KGWR 282115Z AUTO 20015KT 10SM CLR 29/12 A2995 RMK A01",2025-09-28 21:51:35.009342,2025-09-28 17:51:35.00939
"KHMT","Hemet/Ryan Arpt, CA, US",2025-09-28 21:15:00,"2025-09-28 14:15:00","VFR",27,14,280,6,NA,NA,1015.7,"METAR KHMT 282115Z AUTO 28006KT 10SM CLR 27/14 A2999 RMK AO2",2025-09-28 21:51:35.015977,2025-09-28 17:51:35.01603
"KHSE","Hatteras/Mitchell Fld, NC, US",2025-09-28 21:02:00,"2025-09-28 17:02:00","MVFR",23.9,21.7,NA,6,NA,NA,1018,"SPECI KHSE 282102Z AUTO VRB06KT 10SM BKN010 24/22 A3006 RMK AO2 CIG 009V013 T02390217",2025-09-28 21:51:35.022676,2025-09-28 17:51:35.022721
"KHEF","Manassas Rgnl, VA, US",2025-09-28 20:56:00,"2025-09-28 16:56:00","VFR",28.9,16.1,350,6,NA,NA,1019,"METAR KHEF 282056Z 35006KT 10SM CLR 29/16 A3009 RMK AO2 SLP195 T02890161 56007",2025-09-28 21:51:35.029405,2025-09-28 17:51:35.029459
"KHNB","Huntingburg Arpt, IN, US",2025-09-28 20:56:00,"2025-09-28 16:56:00","VFR",30,15,90,6,NA,NA,1020.4,"METAR KHNB 282056Z AUTO 09006KT 10SM SCT075 30/15 A3013 RMK AO2 SLP199 T03000150 56012",2025-09-28 21:51:35.036186,2025-09-28 17:51:35.036232
"KHPN","White Plains/Westchester Cnty, NY, US",2025-09-28 20:56:00,"2025-09-28 16:56:00","VFR",28.9,12.8,310,6,NA,NA,1017.4,"METAR KHPN 282056Z 31006KT 10SM CLR 29/13 A3004 RMK AO2 SLP165 T02890128 55004",2025-09-28 21:51:35.042834,2025-09-28 17:51:35.042879
"KHND","Henderson Exec, NV, US",2025-09-28 20:56:00,"2025-09-28 13:56:00","VFR",25.6,13.3,NA,3,NA,NA,1017,"METAR KHND 282056Z VRB03KT 10SM FEW045 SCT100 26/13 A3003 RMK AO2 SLP165 T02560133 58016 $",2025-09-28 21:51:35.049536,2025-09-28 17:51:35.049583
"KHYS","Hays Rgnl, KS, US",2025-09-28 20:56:00,"2025-09-28 15:56:00","VFR",31.7,11.1,190,16,20,NA,1018,"METAR KHYS 282056Z AUTO 19016G20KT 10SM CLR 32/11 A3006 RMK AO2 SLP164 T03170111 58014 $",2025-09-28 21:51:35.056365,2025-09-28 17:51:35.056413
"KHEZ","Natchez/Adams Cnty, MS, US",2025-09-28 20:56:00,"2025-09-28 15:56:00","VFR",29.4,13.3,40,7,NA,NA,1016.7,"METAR KHEZ 282056Z AUTO 04007KT 10SM CLR 29/13 A3002 RMK AO2 SLP164 T02940133 56016 $",2025-09-28 21:51:35.063395,2025-09-28 17:51:35.063439
"KHYI","San Marcos Muni, TX, US",2025-09-28 20:56:00,"2025-09-28 20:56:00","VFR",32.8,12.2,NA,6,14,NA,1016.3,"METAR KHYI 282056Z VRB06G14KT 10SM CLR 33/12 A3001 RMK AO2 SLP154 T03280122 58023",2025-09-28 21:51:35.070209,2025-09-28 17:51:35.070254
"KHWV","Brookhaven Arpt, NY, US",2025-09-28 20:56:00,"2025-09-28 16:56:00","VFR",23.9,16.7,210,6,NA,NA,1017.4,"METAR KHWV 282056Z AUTO 21006KT 10SM CLR 24/17 A3004 RMK AO2 SLP173 T02390167 55002 PWINO",2025-09-28 21:51:35.076952,2025-09-28 17:51:35.076996
"KHYA","Hyannis/Barnstable Muni, MA, US",2025-09-28 20:56:00,"2025-09-28 16:56:00","VFR",21.7,15,220,11,NA,NA,1016,"METAR KHYA 282056Z 22011KT 10SM CLR 22/15 A3000 RMK AO2 SLP161 T02170150 55007 $",2025-09-28 21:51:35.096916,2025-09-28 17:51:35.096962
"KGXY","Greeley/Weld Cnty Arpt, CO, US",2025-09-28 20:56:00,"2025-09-28 14:56:00","VFR",27.2,8.3,NA,4,NA,8,1017.7,"METAR KGXY 282056Z AUTO VRB04KT 8SM CLR 27/08 A3005 RMK AO2 SLP137 T02720083 56016 $",2025-09-28 21:51:35.104288,2025-09-28 17:51:35.104339
"KHDN","Hayden/Yampa Valley Arpt, CO, US",2025-09-28 20:56:00,"2025-09-28 14:56:00","VFR",17.8,7.2,210,17,22,NA,1023.5,"METAR KHDN 282056Z AUTO 21017G22KT 10SM BKN100 BKN120 18/07 A3022 RMK AO2 SLP170 T01780072 56010 $",2025-09-28 21:51:35.111192,2025-09-28 17:51:35.111236
"KHOP","Fort Campbell, KY, US",2025-09-28 20:55:00,"2025-09-28 15:55:00","VFR",30.9,12.7,40,3,NA,NA,1018.7,"METAR KHOP 282055Z AUTO 04003KT 10SM CLR 31/13 A3008 RMK AO2 SLP183 T03090127 57012",2025-09-28 21:51:35.117735,2025-09-28 17:51:35.11778
"KHST","Homestead AFB, FL, US",2025-09-28 20:55:00,"2025-09-28 16:55:00","VFR",28,23.5,30,12,NA,NA,1008.9,"METAR KHST 282055Z AUTO 03012KT 10SM FEW018 SCT130 28/24 A2979 RMK AO2 LTG DSNT W-NW SLP091 T02800235 57013 $",2025-09-28 21:51:35.124426,2025-09-28 17:51:35.12447
"KHRT","Ft Walton Beach/Hurlburt Fld, FL, US",2025-09-28 20:55:00,"2025-09-28 20:55:00","VFR",31.1,19.4,0,0,NA,NA,1012.6,"METAR KHRT 282055Z AUTO 00000KT 10SM SCT070 SCT095 31/19 A2990 RMK AO2 RAB04E12 SLP123 P0000 60000 T03110194 57011 $",2025-09-28 21:51:35.131117,2025-09-28 17:51:35.131163
"KHLR","Killeen/Ft Hood AAF, TX, US",2025-09-28 20:55:00,"2025-09-28 15:55:00","VFR",30.4,12.7,100,5,NA,NA,1017.4,"METAR KHLR 282055Z AUTO 10005KT 10SM CLR 30/13 A3004 RMK AO2 SLP163 T03040127 57016",2025-09-28 21:51:35.137792,2025-09-28 17:51:35.137837
"KHIF","Ogden/Hill AFB, UT, US",2025-09-28 20:55:00,"2025-09-28 14:55:00","VFR",23.8,5.2,300,3,NA,NA,1018,"METAR KHIF 282055Z AUTO 30003KT 10SM BKN070 24/05 A3006 RMK AO2 LTG DSNT S SLP124 T02380052 57013",2025-09-28 21:51:35.144482,2025-09-28 17:51:35.144532
"KHFF","Mackall(AAF), NC, US",2025-09-28 20:55:00,"2025-09-28 16:55:00","VFR",26.5,19.6,90,6,NA,NA,1017,"METAR KHFF 282055Z AUTO 09006KT 10SM SCT030 BKN036 27/20 A3003 RMK AO2 SLP169 T02650196 55006 $",2025-09-28 21:51:35.151102,2025-09-28 17:51:35.151148
"KHON","Huron Rgnl, SD, US",2025-09-28 20:55:00,"2025-09-28 15:55:00","VFR",30,9.4,170,13,22,NA,1015.7,"METAR KHON 282055Z AUTO 17013G22KT 10SM CLR 30/09 A2999 RMK AO2 SLP149 T03000094 56016",2025-09-28 21:51:35.157773,2025-09-28 17:51:35.157817
"KHWD","Hayward Exec, CA, US",2025-09-28 20:54:00,"2025-09-28 13:54:00","MVFR",18.9,15.6,290,7,NA,NA,1015.7,"METAR KHWD 282054Z 29007KT 10SM SCT028 OVC030 19/16 A2999 RMK AO2 SLP165 T01890156 58002",2025-09-28 21:51:35.164502,2025-09-28 17:51:35.164548
"KHEI","Hettinger Muni, ND, US",2025-09-28 20:53:00,"2025-09-28 20:53:00","VFR",27.2,12.2,170,7,NA,NA,1013,"METAR KHEI 282053Z AUTO 17007KT 10SM CLR 27/12 A2991 RMK AO2 SLP118 T02720122 56003 $",2025-09-28 21:51:35.17134,2025-09-28 17:51:35.171385
"KHVN","New Haven/Tweed Arpt, CT, US",2025-09-28 20:53:00,"2025-09-28 16:53:00","VFR",26.1,19.4,220,6,NA,NA,1016.7,"METAR KHVN 282053Z COR 22006KT 10SM CLR 26/19 A3002 RMK AO2 SLP167 T02610194 55007",2025-09-28 21:51:35.177982,2025-09-28 17:51:35.178025
"KHOU","Houston/Hobby Arpt, TX, US",2025-09-28 20:53:00,"2025-09-28 15:53:00","VFR",31.7,13.3,30,8,NA,NA,1015.3,"METAR KHOU 282053Z 03008KT 10SM SCT250 32/13 A2998 RMK AO2 SLP157 T03170133 56018 $",2025-09-28 21:51:35.184669,2025-09-28 17:51:35.184724
"KHVR","Havre/City Arpt, MT, US",2025-09-28 20:53:00,"2025-09-28 14:53:00","VFR",22.8,3.9,10,6,NA,NA,1016,"METAR KHVR 282053Z AUTO 01006KT 10SM CLR 23/04 A3000 RMK AO2 SLP154 T02280039 58005",2025-09-28 21:51:35.191374,2025-09-28 17:51:35.191419
"KHAO","Hamilton/Butler Cnty, OH, US",2025-09-28 20:53:00,"2025-09-28 16:53:00","VFR",30.6,11.7,0,0,NA,NA,1020.4,"METAR KHAO 282053Z AUTO 00000KT 10SM CLR 31/12 A3013 RMK AO2 SLP200 T03060117 56011",2025-09-28 21:51:35.198092,2025-09-28 17:51:35.198137
"KHYR","Hayward Muni, WI, US",2025-09-28 20:53:00,"2025-09-28 15:53:00","VFR",23.9,5,190,9,NA,NA,1021.1,"METAR KHYR 282053Z AUTO 19009KT 10SM CLR 24/05 A3015 RMK AO2 SLP214 T02390050 55009",2025-09-28 21:51:35.204955,2025-09-28 17:51:35.205001
"KHWO","Hollywood/North Perry Aprt, FL, US",2025-09-28 20:53:00,"2025-09-28 16:53:00","VFR",29.4,22.8,60,14,NA,NA,1009.6,"METAR KHWO 282053Z 06014KT 10SM BKN070 29/23 A2981 RMK AO2 SLP095 T02940228 58009 $",2025-09-28 21:51:35.21167,2025-09-28 17:51:35.211716
"KHUL","Houlton Intl, ME, US",2025-09-28 20:53:00,"2025-09-28 17:53:00","VFR",22.8,8.3,280,12,25,NA,1011.3,"METAR KHUL 282053Z AUTO 28012G25KT 10SM CLR 23/08 A2986 RMK AO2 PK WND 27028/2010 SLP110 60000 T02280083 53017",2025-09-28 21:51:35.218415,2025-09-28 17:51:35.218462
"KHRO","Harrison/Boone Cnty, AR, US",2025-09-28 20:53:00,"2025-09-28 15:53:00","VFR",28.9,12.8,0,0,NA,NA,1020.7,"METAR KHRO 282053Z AUTO 00000KT 10SM CLR 29/13 A3014 RMK AO2 SLP193 T02890128 56014",2025-09-28 21:51:35.238655,2025-09-28 17:51:35.238702
"KHJO","Hanford Muni, CA, US",2025-09-28 20:53:00,"2025-09-28 20:53:00","VFR",27.2,15,NA,NA,NA,NA,1014.6,"METAR KHJO 282053Z AUTO 10SM CLR 27/15 A2996 RMK AO2 SLP144 T02720150 58016",2025-09-28 21:51:35.245826,2025-09-28 17:51:35.245874
"KHSV","Huntsville Intl, AL, US",2025-09-28 20:53:00,"2025-09-28 15:53:00","VFR",30,17.2,NA,4,NA,NA,1017.4,"METAR KHSV 282053Z VRB04KT 10SM SCT060 30/17 A3004 RMK AO2 SLP167 T03000172 56013 $",2025-09-28 21:51:35.252618,2025-09-28 17:51:35.252665
"KHLG","Wheeling/Ohio Cnty, WV, US",2025-09-28 20:53:00,"2025-09-28 16:53:00","VFR",28.3,12.8,0,0,NA,NA,1020.7,"METAR KHLG 282053Z 00000KT 10SM CLR 28/13 A3014 RMK AO2 SLP202 T02830128 56007",2025-09-28 21:51:35.259217,2025-09-28 17:51:35.259301
"KHOT","Hot Springs Mem, AR, US",2025-09-28 20:53:00,"2025-09-28 15:53:00","VFR",29.4,13.9,100,3,NA,NA,1018.7,"METAR KHOT 282053Z AUTO 10003KT 10SM CLR 29/14 A3008 RMK AO2 SLP179 T02940139 56014 $",2025-09-28 21:51:35.266024,2025-09-28 17:51:35.266069
"KHBR","Hobart Muni, OK, US",2025-09-28 20:53:00,"2025-09-28 15:53:00","VFR",31.7,10.6,150,10,NA,NA,1019,"METAR KHBR 282053Z AUTO 15010KT 10SM CLR 32/11 A3009 RMK AO2 SLP172 T03170106 56018",2025-09-28 21:51:35.272714,2025-09-28 17:51:35.272759
"KHLN","Helena Rgnl, MT, US",2025-09-28 20:53:00,"2025-09-28 14:53:00","VFR",23.9,2.2,20,6,NA,NA,1014.6,"METAR KHLN 282053Z 02006KT 10SM CLR 24/02 A2996 RMK AO2 SLP137 T02390022 58016",2025-09-28 21:51:35.279403,2025-09-28 17:51:35.279449
"KHKA","Blytheville Muni, AR, US",2025-09-28 20:53:00,"2025-09-28 15:53:00","VFR",30,12.8,70,5,NA,NA,1018.4,"METAR KHKA 282053Z AUTO 07005KT 10SM CLR 30/13 A3007 RMK AO2 SLP181 T03000128 56016 $",2025-09-28 21:51:35.286013,2025-09-28 17:51:35.286058
"KHIO","Portland/Hillsboro Arpt, OR, US",2025-09-28 20:53:00,"2025-09-28 13:53:00","VFR",22.2,11.1,160,6,NA,NA,1009.2,"METAR KHIO 282053Z 16006KT 10SM CLR 22/11 A2980 RMK AO2 SLP091 T02220111 58007",2025-09-28 21:51:35.292711,2025-09-28 17:51:35.292757
"KHIB","Hibbing/Chisholm Arpt, MN, US",2025-09-28 20:53:00,"2025-09-28 15:53:00","VFR",25,4.4,210,9,18,NA,1018,"METAR KHIB 282053Z AUTO 21009G18KT 180V260 10SM CLR 25/04 A3006 RMK AO2 SLP186 T02500044 56010",2025-09-28 21:51:35.299453,2025-09-28 17:51:35.299498
"KHHR","Hawthorne Muni, CA, US",2025-09-28 20:53:00,"2025-09-28 13:53:00","VFR",23.9,15.6,260,11,17,NA,1015.7,"METAR KHHR 282053Z 26011G17KT 10SM CLR 24/16 A2999 RMK AO2 SLP154 T02390156 58014",2025-09-28 21:51:35.306144,2025-09-28 17:51:35.306188
"KHGR","Hagerstown Rgnl, MD, US",2025-09-28 20:53:00,"2025-09-28 16:53:00","VFR",28.3,15.6,350,3,NA,NA,1019.4,"METAR KHGR 282053Z 35003KT 10SM CLR 28/16 A3010 RMK AO2 SLP199 T02830156 56009 $",2025-09-28 21:51:35.312821,2025-09-28 17:51:35.312866
"KHBG","Hattiesburg/Chain Muni, MS, US",2025-09-28 20:53:00,"2025-09-28 15:53:00","VFR",33.3,15.6,60,7,NA,NA,1015.3,"METAR KHBG 282053Z AUTO 06007KT 10SM FEW070 33/16 A2998 RMK AO2 SLP147 T03330156 56013 PWINO $",2025-09-28 21:51:35.319474,2025-09-28 17:51:35.31952
"KHKY","Hickory Rgnl, NC, US",2025-09-28 20:53:00,"2025-09-28 16:53:00","VFR",26.1,16.7,50,8,NA,NA,1019.7,"METAR KHKY 282053Z 05008KT 10SM FEW035 FEW047 26/17 A3011 RMK AO2 SLP177 T02610167 56005",2025-09-28 21:51:35.326141,2025-09-28 17:51:35.326185
"KHTL","Houghton Lake/Blodgett Mem, MI, US",2025-09-28 20:53:00,"2025-09-28 16:53:00","VFR",22.8,6.7,290,5,NA,NA,1023.1,"METAR KHTL 282053Z AUTO 29005KT 10SM CLR 23/07 A3021 RMK AO2 SLP231 T02280067 55003",2025-09-28 21:51:35.332822,2025-09-28 17:51:35.332865
"KGZH","Evergreen/Middleton Fld, AL, US",2025-09-28 20:53:00,"2025-09-28 20:53:00","VFR",33.3,16.1,10,10,15,NA,1014.3,"METAR KGZH 282053Z AUTO 01010G15KT 10SM SCT065 33/16 A2995 RMK AO2 SLP139 T03330161 56014",2025-09-28 21:51:35.339506,2025-09-28 17:51:35.339552
"KHFD","Hartford/Brainard Arpt, CT, US",2025-09-28 20:53:00,"2025-09-28 16:53:00","VFR",29.4,13.3,260,6,NA,NA,1016,"METAR KHFD 282053Z 26006KT 10SM CLR 29/13 A3000 RMK AO2 SLP157 T02940133 55006",2025-09-28 21:51:35.346151,2025-09-28 17:51:35.346195
"KHLC","Hill City Muni, KS, US",2025-09-28 20:53:00,"2025-09-28 15:53:00","VFR",31.7,11.1,160,13,NA,NA,1017.7,"METAR KHLC 282053Z AUTO 16013KT 10SM FEW120 32/11 A3005 RMK AO2 PK WND 18032/2003 SLP157 T03170111 56014",2025-09-28 21:51:35.352864,2025-09-28 17:51:35.352921
"KHRI","Hermiston Muni, OR, US",2025-09-28 20:53:00,"2025-09-28 13:53:00","VFR",26.1,2.2,310,3,NA,NA,1007.9,"METAR KHRI 282053Z AUTO 31003KT 10SM CLR 26/02 A2976 RMK AO2 SLP073 T02610022 58016",2025-09-28 21:51:35.373236,2025-09-28 17:51:35.373312
"KHSI","Hastings Muni, NE, US",2025-09-28 20:53:00,"2025-09-28 15:53:00","VFR",31.1,13.3,160,9,17,NA,1018.4,"METAR KHSI 282053Z AUTO 16009G17KT 10SM CLR 31/13 A3007 RMK AO2 SLP166 T03110133 56017",2025-09-28 21:51:35.380739,2025-09-28 17:51:35.380785
"KHUF","Terre Haute/Hulman Fld, IN, US",2025-09-28 20:53:00,"2025-09-28 16:53:00","VFR",32.2,12.2,350,4,NA,NA,1020.4,"METAR KHUF 282053Z 35004KT 10SM CLR 32/12 A3013 RMK AO2 SLP198 T03220122 56012 $",2025-09-28 21:51:35.387977,2025-09-28 17:51:35.388025
"KGWO","Greenwood/Leflore Arpt, MS, US",2025-09-28 20:53:00,"2025-09-28 15:53:00","VFR",32.8,15.6,10,4,NA,NA,1016.7,"METAR KGWO 282053Z AUTO 01004KT 10SM CLR 33/16 A3002 RMK AO2 SLP162 T03280156 56015 $",2025-09-28 21:51:35.394609,2025-09-28 17:51:35.394653
"KHRL","Harlingen/Valley Intl, TX, US",2025-09-28 20:52:00,"2025-09-28 15:52:00","VFR",30,18.3,40,10,NA,NA,1014.3,"METAR KHRL 282052Z 04010KT 10SM FEW050 30/18 A2995 RMK AO2 SLP142 T03000183 56016",2025-09-28 21:51:35.401359,2025-09-28 17:51:35.401404
"KHIE","Mt Washington Rgnl, NH, US",2025-09-28 20:52:00,"2025-09-28 16:52:00","VFR",23.9,9.4,290,13,21,NA,1016.3,"METAR KHIE 282052Z AUTO 29013G21KT 10SM CLR 24/09 A3001 RMK AO2 PK WND 31026/2000 SLP163 T02390094 53014",2025-09-28 21:51:35.408026,2025-09-28 17:51:35.408071
"KHUT","Hutchinson Muni, KS, US",2025-09-28 20:52:00,"2025-09-28 15:52:00","VFR",31.7,14.4,190,10,NA,NA,1018.7,"METAR KHUT 282052Z 19010KT 10SM CLR 32/14 A3008 RMK AO2 SLP164 T03170144 56013",2025-09-28 21:51:35.4158,2025-09-28 17:51:35.415844
"KHDO","Hondo Muni, TX, US",2025-09-28 20:51:00,"2025-09-28 20:51:00","VFR",32.8,12.8,90,6,NA,NA,1016.3,"METAR KHDO 282051Z AUTO 09006KT 10SM FEW080 33/13 A3001 RMK AO2 SLP147 T03280128 58025 $",2025-09-28 21:51:35.422558,2025-09-28 17:51:35.422603
"KHTS","Huntington/Ferguson Fld, WV, US",2025-09-28 20:51:00,"2025-09-28 16:51:00","VFR",29.4,13.3,60,8,NA,NA,1020.4,"METAR KHTS 282051Z 06008KT 10SM FEW065 29/13 A3013 RMK AO2 SLP196 T02940133 55009",2025-09-28 21:51:35.42923,2025-09-28 17:51:35.429293
"KHQZ","Mesquite Metro, TX, US",2025-09-28 20:50:00,"2025-09-28 20:50:00","VFR",31,13,NA,5,NA,NA,1018,"METAR KHQZ 282050Z VRB05KT 10SM BKN060 31/13 A3006",2025-09-28 21:51:35.436123,2025-09-28 17:51:35.436167
"KGYI","Dennison/N Texas Rgnl, TX, US",2025-09-28 20:50:00,"2025-09-28 15:50:00","VFR",29,16,NA,4,NA,9,1018.7,"METAR KGYI 282050Z VRB04KT 9SM CLR 29/16 A3008",2025-09-28 21:51:35.442854,2025-09-28 17:51:35.442899
"KHSA","Bay St Louis/Stennis Intl, MS, US",2025-09-28 20:50:00,"2025-09-28 20:50:00","VFR",32,16,150,4,NA,NA,1014,"METAR KHSA 282050Z 15004KT 10SM SCT060 32/16 A2994",2025-09-28 21:51:35.449691,2025-09-28 17:51:35.449736
"KHXD","Hilton Head Arpt, SC, US",2025-09-28 20:50:00,"2025-09-28 16:50:00","VFR",27,23,70,5,13,NA,1015.7,"METAR KHXD 282050Z 07005G13KT 10SM FEW020 FEW027 27/23 A2999",2025-09-28 21:51:35.456416,2025-09-28 17:51:35.45646
"KIFP","Bullhead City Intl, AZ, US",2025-09-28 21:49:00,"2025-09-28 14:49:00","VFR",28,15,140,4,NA,NA,1013,"METAR KIFP 282149Z 14004KT 10SM CLR 28/15 A2991",2025-09-28 21:51:36.975619,2025-09-28 17:51:36.975664
"KJDN","Jordan Arpt, MT, US",2025-09-28 21:48:00,"2025-09-28 15:48:00",NA,28.3,2.8,340,9,NA,NA,1013.3,"METAR KJDN 282148Z AUTO 34009KT 28/03 A2992 RMK AO1 SLP126 T02830028",2025-09-28 21:51:36.996244,2025-09-28 17:51:36.996315
"KIMS","Madison Muni, IN, US",2025-09-28 21:44:00,"2025-09-28 17:44:00","VFR",30,12,360,3,NA,NA,1021.4,"METAR KIMS 282144Z 36003KT 10SM SCT075 30/12 A3016 RMK AO1",2025-09-28 21:51:37.003648,2025-09-28 17:51:37.003693
"KI16","Pineville/Kee Fld, WV, US",2025-09-28 21:39:00,"2025-09-28 21:39:00","VFR",22,18,NA,NA,NA,NA,1023.1,"METAR KI16 282139Z AUTO 10SM CLR 22/18 A3021 RMK AO2",2025-09-28 21:51:37.010689,2025-09-28 17:51:37.010733
"KI69","Batavia/Clermont Cnty, OH, US",2025-09-28 21:36:00,"2025-09-28 21:36:00","VFR",30,12,40,4,NA,NA,1020.7,"METAR KI69 282136Z AUTO 04004KT 10SM CLR 30/12 A3014 RMK AO1 T03000120",2025-09-28 21:51:37.017243,2025-09-28 17:51:37.01731
"KICL","Clarinda/Schenck Fld, IA, US",2025-09-28 21:35:00,"2025-09-28 16:35:00","VFR",31,13,0,0,NA,NA,1019,"METAR KICL 282135Z AUTO 00000KT 10SM CLR 31/13 A3009 RMK AO2",2025-09-28 21:51:37.023971,2025-09-28 17:51:37.024015
"KHZR","New Roads/False River Rgnl, LA, US",2025-09-28 21:35:00,"2025-09-28 21:35:00","VFR",29.9,17.2,30,8,NA,NA,1015.3,"METAR KHZR 282135Z AUTO 03008KT 10SM CLR 30/17 A2998 RMK AO2 T02990172",2025-09-28 21:51:37.030637,2025-09-28 17:51:37.030684
"KI63","Mt Sterling Muni, IL, US",2025-09-28 21:35:00,"2025-09-28 21:35:00","VFR",29.9,11.1,230,5,NA,NA,1020.4,"METAR KI63 282135Z AUTO 23005KT 10SM CLR 30/11 A3013 RMK AO2 T02990111",2025-09-28 21:51:37.037245,2025-09-28 17:51:37.037311
"KI75","Osceola Muni, IA, US",2025-09-28 21:35:00,"2025-09-28 21:35:00","VFR",30.2,14.6,200,4,NA,NA,1019,"METAR KI75 282135Z AUTO 20004KT 10SM CLR 30/15 A3009 RMK AO2 T03020146",2025-09-28 21:51:37.043864,2025-09-28 17:51:37.043909
"KIKV","Ankeny Rgnl, IA, US",2025-09-28 21:35:00,"2025-09-28 21:35:00","VFR",29,17,160,6,NA,NA,1019.4,"METAR KIKV 282135Z AUTO 16006KT 10SM CLR 29/17 A3010 RMK AO2",2025-09-28 21:51:37.050627,2025-09-28 17:51:37.050673
"KIKK","Kankakee Arpt, IL, US",2025-09-28 21:35:00,"2025-09-28 16:35:00","VFR",29,17,50,8,NA,NA,1020.7,"METAR KIKK 282135Z AUTO 05008KT 10SM CLR 29/17 A3014 RMK AO2",2025-09-28 21:51:37.057556,2025-09-28 17:51:37.057604
"KHZX","McGregor/Iverson Arpt, MN, US",2025-09-28 21:35:00,"2025-09-28 21:35:00","VFR",25,6,200,9,NA,NA,1019,"METAR KHZX 282135Z AUTO 20009KT 10SM CLR 25/06 A3009 RMK AO2",2025-09-28 21:51:37.06432,2025-09-28 17:51:37.064366
"KINJ","Hillsboro Muni, TX, US",2025-09-28 21:35:00,"2025-09-28 21:35:00","VFR",30.6,14.1,60,6,NA,NA,1017.7,"METAR KINJ 282135Z AUTO 06006KT 10SM SCT065 31/14 A3005 RMK AO2 T03060141",2025-09-28 21:51:37.071143,2025-09-28 17:51:37.071186
"KIER","Natchitoches Rgnl, LA, US",2025-09-28 21:35:00,"2025-09-28 21:35:00","VFR",30.5,12.2,30,9,NA,NA,1016.3,"METAR KIER 282135Z AUTO 03009KT 10SM CLR 31/12 A3001 RMK AO2 T03050122",2025-09-28 21:51:37.077899,2025-09-28 17:51:37.077945
"KHZL","Hazleton Muni, PA, US",2025-09-28 21:35:00,"2025-09-28 17:35:00","VFR",NA,NA,0,0,NA,NA,1021.4,"METAR KHZL 282135Z AUTO 00000KT 10SM CLR A3016 RMK AO2",2025-09-28 21:51:37.084604,2025-09-28 17:51:37.084651
"KJYG","St James Muni, MN, US",2025-09-28 21:35:00,"2025-09-28 21:35:00","VFR",29,3,160,9,NA,NA,1018.7,"METAR KJYG 282135Z AUTO 16009KT 130V190 10SM CLR 29/03 A3008 RMK AO2",2025-09-28 21:51:37.091328,2025-09-28 17:51:37.091374
"KISQ","Manistique/Schoolcraft Cnty, MI, US",2025-09-28 21:35:00,"2025-09-28 17:35:00","VFR",19.8,12.8,190,6,NA,NA,1022.1,"METAR KISQ 282135Z AUTO 19006KT 10SM CLR 20/13 A3018 RMK AO2 T01980128",2025-09-28 21:51:37.097998,2025-09-28 17:51:37.098045
"KJKJ","Moorhead Muni, MN, US",2025-09-28 21:35:00,"2025-09-28 21:35:00","VFR",29,8,170,17,20,NA,1014.3,"METAR KJKJ 282135Z AUTO 17017G20KT 10SM CLR 29/08 A2995 RMK AO2",2025-09-28 21:51:37.104824,2025-09-28 17:51:37.104869
"KIBM","Kimball Muni, NE, US",2025-09-28 21:35:00,"2025-09-28 21:35:00","VFR",27.2,9.1,180,13,16,NA,1018.4,"METAR KIBM 282135Z AUTO 18013G16KT 10SM CLR 27/09 A3007 RMK AO2 LTG DSNT W T02720091",2025-09-28 21:51:37.1116,2025-09-28 17:51:37.111647
"KJYR","York Muni, NE, US",2025-09-28 21:35:00,"2025-09-28 21:35:00","VFR",32,13,170,9,NA,9,1018,"METAR KJYR 282135Z AUTO 17009KT 9SM CLR 32/13 A3006 RMK AO2",2025-09-28 21:51:37.118308,2025-09-28 17:51:37.11836
"KJES","Jesup/Wayne Cnty, GA, US",2025-09-28 21:35:00,"2025-09-28 21:35:00","VFR",30,22,90,7,NA,NA,1015.7,"METAR KJES 282135Z AUTO 09007KT 10SM CLR 30/22 A2999 RMK AO2",2025-09-28 21:51:37.215545,2025-09-28 17:51:37.215591
"KIZA","Santa Ynez Arpt, CA, US",2025-09-28 21:35:00,"2025-09-28 14:35:00","MVFR",21,16,210,7,NA,NA,1016,"METAR KIZA 282135Z AUTO 21007KT 10SM OVC029 21/16 A3000 RMK AO2",2025-09-28 21:51:37.222255,2025-09-28 17:51:37.222319
"KJWG","Watonga Rgnl, OK, US",2025-09-28 21:35:00,"2025-09-28 21:35:00","VFR",30.9,12.5,210,3,NA,NA,1019.7,"METAR KJWG 282135Z AUTO 21003KT 10SM CLR 31/12 A3011 RMK AO2 T03090125",2025-09-28 21:51:37.228855,2025-09-28 17:51:37.228899
"KJMR","Mora Muni, MN, US",2025-09-28 21:35:00,"2025-09-28 21:35:00","VFR",23,7,150,6,NA,NA,1020.7,"METAR KJMR 282135Z AUTO 15006KT 10SM CLR 23/07 A3014 RMK AO2",2025-09-28 21:51:37.235433,2025-09-28 17:51:37.235476
"KI74","Urbana/Grimes Fld, OH, US",2025-09-28 21:35:00,"2025-09-28 21:35:00","VFR",30,11,350,3,NA,NA,1020.7,"METAR KI74 282135Z AUTO 35003KT 10SM BKN080 30/11 A3014 RMK AO2",2025-09-28 21:51:37.24199,2025-09-28 17:51:37.242034
"KIRS","Sturgis/Kirsh Muni, MI, US",2025-09-28 21:35:00,"2025-09-28 17:35:00","VFR",28,16,350,5,NA,NA,1021.4,"METAR KIRS 282135Z AUTO 35005KT 10SM CLR 28/16 A3016 RMK AO2",2025-09-28 21:51:37.248602,2025-09-28 17:51:37.248648
"KJYM","Hillsdale Muni, MI, US",2025-09-28 21:35:00,"2025-09-28 21:35:00","VFR",27,15,290,3,NA,NA,1021.8,"METAR KJYM 282135Z AUTO 29003KT 10SM SCT075 BKN095 OVC120 27/15 A3017 RMK AO2",2025-09-28 21:51:37.255441,2025-09-28 17:51:37.255486
"KIKG","Kingsville/Kleberg Cnty, TX, US",2025-09-28 21:35:00,"2025-09-28 21:35:00","VFR",32.7,14.7,40,8,14,NA,1015,"METAR KIKG 282135Z AUTO 04008G14KT 10SM SCT065 33/15 A2997 RMK AO2 T03270147",2025-09-28 21:51:37.262093,2025-09-28 17:51:37.262137
"KIGQ","Chicago/Lansing Muni, IL, US",2025-09-28 21:35:00,"2025-09-28 21:35:00","VFR",23.8,10.1,50,8,NA,NA,1021.8,"METAR KIGQ 282135Z AUTO 05008KT 10SM CLR 24/10 A3017 RMK AO2 T02380101",2025-09-28 21:51:37.268736,2025-09-28 17:51:37.268781
"KIFA","Iowa Falls Muni, IA, US",2025-09-28 21:35:00,"2025-09-28 16:35:00","VFR",28.9,10.3,90,3,NA,NA,1020.1,"METAR KIFA 282135Z AUTO 09003KT 10SM CLR 29/10 A3012 RMK AO2 T02890103",2025-09-28 21:51:37.275402,2025-09-28 17:51:37.27545
"KIDP","Independence Muni, KS, US",2025-09-28 21:35:00,"2025-09-28 16:35:00","VFR",30,18,170,6,NA,NA,1019,"METAR KIDP 282135Z AUTO 17006KT 10SM CLR 30/18 A3009 RMK AO2",2025-09-28 21:51:37.282076,2025-09-28 17:51:37.282121
"KIJX","Jacksonville Muni, IL, US",2025-09-28 21:35:00,"2025-09-28 21:35:00","VFR",30.9,9.9,0,0,NA,NA,1020.1,"METAR KIJX 282135Z AUTO 00000KT 10SM CLR 31/10 A3012 RMK AO2 T03090099",2025-09-28 21:51:37.288695,2025-09-28 17:51:37.288742
"KI95","Kenton/Hardin Cnty, OH, US",2025-09-28 21:35:00,"2025-09-28 21:35:00","VFR",30,12,0,0,NA,NA,1020.4,"METAR KI95 282135Z AUTO 00000KT 10SM CLR 30/12 A3013 RMK A01",2025-09-28 21:51:37.295447,2025-09-28 17:51:37.295493
"KJOT","Joliet Rgnl, IL, US",2025-09-28 21:35:00,"2025-09-28 16:35:00","VFR",28.5,16.4,60,5,NA,NA,1020.7,"METAR KJOT 282135Z AUTO 06005KT 10SM CLR 29/16 A3014 RMK AO2 T02850164",2025-09-28 21:51:37.302147,2025-09-28 17:51:37.302192
"KI35","Harlan/Guthrie Mem, KY, US",2025-09-28 21:35:00,"2025-09-28 21:35:00","VFR",27.1,15.2,60,4,NA,NA,1021.1,"METAR KI35 282135Z AUTO 06004KT 10SM SCT060 27/15 A3015 RMK AO2 T02710152",2025-09-28 21:51:37.30883,2025-09-28 17:51:37.308875
"KJZI","Charleston Exec, SC, US",2025-09-28 21:35:00,"2025-09-28 21:35:00","VFR",26,23,40,9,NA,NA,1015.3,"METAR KJZI 282135Z AUTO 04009KT 10SM FEW020 SCT026 SCT032 26/23 A2998 RMK AO2",2025-09-28 21:51:37.315498,2025-09-28 17:51:37.315543
"KJVY","Jeffersonville/Clark Rgnl, IN, US",2025-09-28 21:35:00,"2025-09-28 21:35:00","VFR",30,14,0,0,NA,NA,1019.4,"METAR KJVY 282135Z AUTO 00000KT 10SM CLR 30/14 A3010 RMK AO2",2025-09-28 21:51:37.322154,2025-09-28 17:51:37.3222
"KJSV","Sallisaw Muni, OK, US",2025-09-28 21:35:00,"2025-09-28 21:35:00","VFR",30,16,100,5,10,8,1018.7,"METAR KJSV 282135Z AUTO 10005G10KT 8SM CLR 30/16 A3008 RMK AO2",2025-09-28 21:51:37.328857,2025-09-28 17:51:37.328901
"KJAS","Jasper/Bell Fld, TX, US",2025-09-28 21:35:00,"2025-09-28 16:35:00","VFR",31,12,NA,4,11,NA,1015.7,"METAR KJAS 282135Z AUTO VRB04G11KT 10SM CLR 31/12 A2999 RMK AO2",2025-09-28 21:51:37.335619,2025-09-28 17:51:37.335664
"KJAU","Jacksboro/Campbell Cnty, TN, US",2025-09-28 21:30:00,"2025-09-28 21:30:00",NA,27,14,60,4,NA,NA,1019,"METAR KJAU 282130Z AUTO 06004KT 10SM 27/14 A3009 RMK A01",2025-09-28 21:51:37.354493,2025-09-28 17:51:37.354538
"KIMM","Immokalee Rgnl, FL, US",2025-09-28 21:25:00,"2025-09-28 17:25:00","LIFR",23,23,300,17,28,0.25,1010.6,"METAR KIMM 282125Z AUTO 30017G28KT 1/4SM +RA OVC003 23/23 A2984 RMK AO2",2025-09-28 21:51:37.361118,2025-09-28 17:51:37.361162
"KILM","Wilmington Intl, NC, US",2025-09-28 21:21:00,"2025-09-28 17:21:00","VFR",24.4,21.7,50,7,NA,NA,1017,"SPECI KILM 282121Z 05007KT 10SM FEW020 BKN032 OVC042 24/22 A3003 RMK AO2 T02440217",2025-09-28 21:51:37.367631,2025-09-28 17:51:37.367673
"KJYL","Sylvania/Plantation Arpk, GA, US",2025-09-28 21:15:00,"2025-09-28 21:15:00","VFR",28,21.6,70,8,NA,NA,1016.3,"METAR KJYL 282115Z AUTO 07008KT 10SM SCT027 28/22 A3001 RMK AO2 T02800216",2025-09-28 21:51:37.374258,2025-09-28 17:51:37.374323
"KI68","Lebanon/Warren Cnty, OH, US",2025-09-28 21:15:00,"2025-09-28 21:15:00","VFR",30,15,50,6,NA,NA,1020.1,"METAR KI68 282115Z AUTO 05006KT 10SM CLR 30/15 A3012 RMK AO2",2025-09-28 21:51:37.380856,2025-09-28 17:51:37.380899
"KIIY","Washington/Wilkes Cnty, GA, US",2025-09-28 21:15:00,"2025-09-28 21:15:00","IFR",26.6,19.9,70,7,NA,1.5,1018,"METAR KIIY 282115Z AUTO 07007KT 010V090 1 1/2SM HZ SCT027 27/20 A3006 RMK AO2 VIS 3/4V5 T02660199",2025-09-28 21:51:37.387436,2025-09-28 17:51:37.387482
"KIOB","Mount Sterling/Montgomery Cnty, KY, US",2025-09-28 21:15:00,"2025-09-28 21:15:00","VFR",28,12,0,0,NA,NA,1021.4,"METAR KIOB 282115Z AUTO 00000KT 10SM SCT070 28/12 A3016 RMK AO2 PWINO",2025-09-28 21:51:37.394001,2025-09-28 17:51:37.394043
"KIDI","Indiana/Stewart Arpt, PA, US",2025-09-28 21:15:00,"2025-09-28 17:15:00","VFR",27,13,340,7,NA,NA,1021.1,"METAR KIDI 282115Z AUTO 34007KT 10SM CLR 27/13 A3015 RMK A01",2025-09-28 21:51:37.400622,2025-09-28 17:51:37.400673
"KJDD","Mineola/Wood Cnty, TX, US",2025-09-28 21:15:00,"2025-09-28 21:15:00","VFR",28.3,14.2,60,4,NA,NA,1017.7,"METAR KJDD 282115Z AUTO 06004KT 10SM CLR 28/14 A3005 RMK AO2 T02830142",2025-09-28 21:51:37.40724,2025-09-28 17:51:37.407307
"KJFZ","Tazewell Cnty, VA, US",2025-09-28 21:15:00,"2025-09-28 21:15:00","VFR",23.1,15.2,30,4,NA,NA,1023.1,"METAR KJFZ 282115Z AUTO 03004KT 10SM CLR 23/15 A3021 RMK AO2 T02310152",2025-09-28 21:51:37.413749,2025-09-28 17:51:37.413792
"KI67","Harrison/West Arpt, OH, US",2025-09-28 21:15:00,"2025-09-28 21:15:00","VFR",31,12,100,5,NA,NA,1020.1,"METAR KI67 282115Z AUTO 10005KT 10SM CLR 31/12 A3012 RMK AO1",2025-09-28 21:51:37.420285,2025-09-28 17:51:37.420335
"KJFX","Jasper/Walker Cnty, AL, US",2025-09-28 21:15:00,"2025-09-28 21:15:00","VFR",31,17,NA,5,NA,NA,1017.4,"METAR KJFX 282115Z AUTO VRB05KT 10SM CLR 31/17 A3004 RMK AO2",2025-09-28 21:51:37.426909,2025-09-28 17:51:37.426956
"KJGG","Williamsburg-Jamestown Arpt, VA, US",2025-09-28 21:15:00,"2025-09-28 21:15:00","VFR",NA,NA,50,3,NA,NA,1019,"METAR KJGG 282115Z AUTO 05003KT 10SM SCT340 A3009 RMK AO2 $",2025-09-28 21:51:37.433526,2025-09-28 17:51:37.433573
"KI40","Coshocton/Downing Arpt, OH, US",2025-09-28 21:15:00,"2025-09-28 21:15:00","VFR",29,13,0,0,NA,NA,1021.4,"METAR KI40 282115Z AUTO 00000KT 10SM SCT070 29/13 A3016 RMK AO2",2025-09-28 21:51:37.440006,2025-09-28 17:51:37.440051
"KJYO","Leesburg Exec, VA, US",2025-09-28 21:15:00,"2025-09-28 21:15:00","VFR",27,17,360,4,NA,NA,1020.1,"METAR KJYO 282115Z AUTO 36004KT 10SM CLR 27/17 A3012 RMK AO2",2025-09-28 21:51:37.446461,2025-09-28 17:51:37.446505
"KJSO","Jacksonvil0e/Cherokee Cnty, TX, US",2025-09-28 21:15:00,"2025-09-28 16:15:00","VFR",28.9,13.7,20,6,NA,8,1016.7,"METAR KJSO 282115Z AUTO 02006KT 8SM CLR 29/14 A3002 RMK AO2 T02890137",2025-09-28 21:51:37.452961,2025-09-28 17:51:37.453005
"KJWY","Midlothian/Mid-Way Rgnl, TX, US",2025-09-28 21:15:00,"2025-09-28 21:15:00","VFR",29.9,13.7,NA,5,NA,9,1018,"METAR KJWY 282115Z AUTO VRB05KT 9SM CLR 30/14 A3006 RMK AO2 T02990137",2025-09-28 21:51:37.459453,2025-09-28 17:51:37.459498
"KHZE","Hazen/Mercer Cnty, ND, US",2025-09-28 21:15:00,"2025-09-28 21:15:00","VFR",29,9,160,6,NA,NA,1011.9,"METAR KHZE 282115Z AUTO 16006KT 10SM CLR 29/09 A2988 RMK AO2",2025-09-28 21:51:37.466028,2025-09-28 17:51:37.466073
"KINF","Inverness Arpt, FL, US",2025-09-28 21:15:00,"2025-09-28 21:15:00","VFR",31,25,90,9,14,NA,1011.9,"METAR KINF 282115Z AUTO 09009G14KT 10SM SCT050 BKN060 BKN080 31/25 A2988 RMK AO2",2025-09-28 21:51:37.472588,2025-09-28 17:51:37.472633
"KJXI","Gilmer/Stephens Fld, TX, US",2025-09-28 21:15:00,"2025-09-28 21:15:00","VFR",27.9,12.6,0,0,NA,NA,1018.4,"METAR KJXI 282115Z AUTO 00000KT 10SM CLR 28/13 A3007 RMK AO2 T02790126",2025-09-28 21:51:37.491519,2025-09-28 17:51:37.491564
"KIWA","Phoenix/Mesa Gateway Arpt, AZ, US",2025-09-28 21:06:00,"2025-09-28 14:06:00","VFR",31,13,210,4,15,NA,1014.3,"SPECI KIWA 282106Z COR 21004G15KT 170V280 10SM SCT055 SCT075 SCT120 31/13 A2995 RMK LTG DSNT N NW",2025-09-28 21:51:37.49826,2025-09-28 17:51:37.498326
"KISM","Kissimmee Muni, FL, US",2025-09-28 20:56:00,"2025-09-28 16:56:00","VFR",28.9,23.3,80,8,NA,NA,1011.9,"METAR KISM 282056Z 08008KT 10SM SCT049 29/23 A2988 RMK AO2 LTG DSNT N TSB1957E16 SLP117 60002 T02890233 58009 $",2025-09-28 21:51:37.50481,2025-09-28 17:51:37.504854
"KJAX","Jacksonville Intl, FL, US",2025-09-28 20:56:00,"2025-09-28 16:56:00","VFR",28.3,22.2,40,16,21,NA,1013.6,"METAR KJAX 282056Z 04016G21KT 10SM FEW020 SCT045 BKN100 BKN200 28/22 A2993 RMK AO2 SLP136 60000 T02830222 55004 $",2025-09-28 21:51:37.51129,2025-09-28 17:51:37.511343
"KIWD","Ironwood/Iron Cnty, MI, US",2025-09-28 20:56:00,"2025-09-28 15:56:00","VFR",23.9,6.1,210,8,15,NA,1020.7,"METAR KIWD 282056Z AUTO 21008G15KT 10SM CLR 24/06 A3014 RMK AO2 SLP208 T02390061 56006",2025-09-28 21:51:37.517688,2025-09-28 17:51:37.517731
"KISO","Kinston Rgnl, NC, US",2025-09-28 20:56:00,"2025-09-28 16:56:00","MVFR",24,19,40,8,NA,NA,1019,"METAR KISO 282056Z 04008KT 10SM OVC020 24/19 A3009",2025-09-28 21:51:37.52423,2025-09-28 17:51:37.524293
"KJMS","Jamestown Rgnl, ND, US",2025-09-28 20:56:00,"2025-09-28 15:56:00","VFR",27.8,12.8,190,10,NA,NA,1013.3,"METAR KJMS 282056Z AUTO 19010KT 10SM CLR 28/13 A2992 RMK AO2 SLP127 T02780128 56008",2025-09-28 21:51:37.530756,2025-09-28 17:51:37.530799
"KJXN","Jackson Cnty, MI, US",2025-09-28 20:56:00,"2025-09-28 16:56:00","VFR",27.2,12.8,0,0,NA,NA,1021.8,"METAR KJXN 282056Z 00000KT 10SM CLR 27/13 A3017 RMK AO2 SLP214 T02720128 55004",2025-09-28 21:51:37.537257,2025-09-28 17:51:37.537322
"KINW","Winslow/Lindberg Rgnl, AZ, US",2025-09-28 20:56:00,"2025-09-28 13:56:00","VFR",23.3,7.2,180,6,17,NA,1020.1,"METAR KINW 282056Z AUTO 18006G17KT 10SM FEW085 23/07 A3012 RMK AO2 LTG DSNT N AND W SLP138 T02330072 56022",2025-09-28 21:51:37.543784,2025-09-28 17:51:37.543827
"KISP","Islip/Macarthur Arpt, NY, US",2025-09-28 20:56:00,"2025-09-28 16:56:00","VFR",25.6,17.8,200,7,NA,NA,1017.4,"METAR KISP 282056Z 20007KT 10SM FEW250 26/18 A3004 RMK AO2 SLP171 T02560178 55002",2025-09-28 21:51:37.550243,2025-09-28 17:51:37.550313
"KJHW","Jamestown/Chautauqua Cnty, NY, US",2025-09-28 20:56:00,"2025-09-28 16:56:00","VFR",22.8,11.1,340,9,NA,NA,1022.8,"METAR KJHW 282056Z AUTO 34009KT 10SM CLR 23/11 A3020 RMK AO2 SLP228 T02280111 53009",2025-09-28 21:51:37.556866,2025-09-28 17:51:37.556915
"KITH","Ithaca/Tompkins Rgnl, NY, US",2025-09-28 20:55:00,"2025-09-28 16:55:00","VFR",24,16,350,12,NA,NA,1020.4,"METAR KITH 282055Z 35012KT 10SM FEW055 24/16 A3013",2025-09-28 21:51:37.5635,2025-09-28 17:51:37.563544
"KIAB","McConnell AFB, KS, US",2025-09-28 20:55:00,"2025-09-28 15:55:00","VFR",30.8,16,200,10,NA,NA,1018.4,"METAR KIAB 282055Z 20010KT 10SM CLR 31/16 A3007 RMK AO2A SLP171 T03080160 57013 $",2025-09-28 21:51:37.56999,2025-09-28 17:51:37.570034
"KIRK","Kirksville Rgnl, MO, US",2025-09-28 20:55:00,"2025-09-28 15:55:00","VFR",29.4,15.6,150,7,15,6,1020.1,"METAR KIRK 282055Z AUTO 15007G15KT 6SM HZ CLR 29/16 A3012 RMK AO2 SLP195 T02940156 56011 $",2025-09-28 21:51:37.576413,2025-09-28 17:51:37.576461
"KINS","Indian Springs/Creech AFB, NV, US",2025-09-28 20:55:00,"2025-09-28 13:55:00","VFR",25.6,9.8,100,10,NA,NA,1016.3,"METAR KINS 282055Z AUTO 10010KT 10SM CLR 26/10 A3001 RMK AO2 LTG DSNT N SLP119 T02560098 57015 $",2025-09-28 21:51:37.58288,2025-09-28 17:51:37.582924
"KJKA","Gulf Shores/Edwards Arpt, AL, US",2025-09-28 20:55:00,"2025-09-28 15:55:00","VFR",32,20,220,7,NA,NA,1013.6,"METAR KJKA 282055Z 22007KT 10SM FEW060 32/20 A2993",2025-09-28 21:51:37.589509,2025-09-28 17:51:37.589553
"KJAC","Jackson Hole Arpt, WY, US",2025-09-28 20:55:00,"2025-09-28 14:55:00","VFR",20,4,NA,3,NA,NA,1021.1,"METAR KJAC 282055Z VRB03KT 10SM FEW100 20/04 A3015",2025-09-28 21:51:37.596089,2025-09-28 17:51:37.596134
"KILN","Wilmington Arpt, OH, US",2025-09-28 20:54:00,"2025-09-28 16:54:00","VFR",30,11.1,0,0,NA,NA,1020.4,"METAR KILN 282054Z AUTO 00000KT 10SM BKN080 30/11 A3013 RMK AO2 SLP196 T03000111 56010 $",2025-09-28 21:51:37.602643,2025-09-28 17:51:37.602694
"KIZG","Fryeburg/Eastern Slopes Rgnl, ME, US",2025-09-28 20:54:00,"2025-09-28 16:54:00","VFR",26.7,11.7,310,9,18,NA,1014,"METAR KIZG 282054Z AUTO 31009G18KT 10SM CLR 27/12 A2994 RMK AO2 SLP138 T02670117 53007",2025-09-28 21:51:37.609246,2025-09-28 17:51:37.609312
"KINL","International Falls/Einarson Fld, MN, US",2025-09-28 20:54:00,"2025-09-28 15:54:00","VFR",26.7,6.1,210,11,18,NA,1015,"METAR KINL 282054Z AUTO 21011G18KT 10SM CLR 27/06 A2997 RMK AO2 SLP151 T02670061 56011 $",2025-09-28 21:51:37.627701,2025-09-28 17:51:37.627747
"KIND","Indianapolis Intl, IN, US",2025-09-28 20:54:00,"2025-09-28 16:54:00","VFR",30.6,10.6,70,4,NA,NA,1020.4,"METAR KIND 282054Z 07004KT 10SM FEW070 31/11 A3013 RMK AO2 SLP198 T03060106 56011 $",2025-09-28 21:51:37.634297,2025-09-28 17:51:37.634374
"KIPT","Williamsport Rgnl, PA, US",2025-09-28 20:54:00,"2025-09-28 16:54:00","VFR",30,15,270,7,NA,NA,1017.7,"METAR KIPT 282054Z 27007KT 10SM CLR 30/15 A3005 RMK AO2 SLP172 T03000150 56007",2025-09-28 21:51:37.640775,2025-09-28 17:51:37.64082
"KISW","Wisconsin Rapids/S Wood Cnty, WI, US",2025-09-28 20:54:00,"2025-09-28 15:54:00","VFR",23.9,6.7,320,4,NA,NA,1022.4,"METAR KISW 282054Z AUTO 32004KT 10SM CLR 24/07 A3019 RMK AO2 SLP224 T02390067 56009",2025-09-28 21:51:37.647184,2025-09-28 17:51:37.647227
"KIMT","Iron Mountain/Ford Aprt, MI, US",2025-09-28 20:54:00,"2025-09-28 15:54:00","VFR",24.4,6.7,200,6,NA,NA,1021.8,"METAR KIMT 282054Z AUTO 20006KT 10SM CLR 24/07 A3017 RMK AO2 SLP218 T02440067 58004 $",2025-09-28 21:51:37.653653,2025-09-28 17:51:37.653695
"KJST","Johnstown/Murtha Arpt, PA, US",2025-09-28 20:54:00,"2025-09-28 16:54:00","VFR",24.4,11.7,300,7,NA,NA,1022.1,"METAR KJST 282054Z AUTO 30007KT 10SM CLR 24/12 A3018 RMK AO2 SLP212 T02440117 55004 $",2025-09-28 21:51:37.660228,2025-09-28 17:51:37.660287
"KJAN","Jackson/Evers Intl, MS, US",2025-09-28 20:54:00,"2025-09-28 15:54:00","VFR",31.7,16.1,360,9,NA,NA,1016.3,"METAR KJAN 282054Z 36009KT 10SM FEW050 BKN250 32/16 A3001 RMK AO2 SLP156 T03170161 56014 $",2025-09-28 21:51:37.666731,2025-09-28 17:51:37.666776
"KIAH","Houston/Bush Intl, TX, US",2025-09-28 20:53:00,"2025-09-28 15:53:00","VFR",31.7,11.7,30,5,NA,NA,1015.7,"METAR KIAH 282053Z 03005KT 10SM FEW070 SCT250 32/12 A2999 RMK AO2 SLP154 T03170117 56020 $",2025-09-28 21:51:37.673287,2025-09-28 17:51:37.673334
"KHZY","Ashtabula/NE Ohio Rgnl, OH, US",2025-09-28 20:53:00,"2025-09-28 16:53:00","VFR",24.4,14.4,340,5,NA,NA,1021.8,"METAR KHZY 282053Z AUTO 34005KT 10SM CLR 24/14 A3017 RMK AO2 SLP213 T02440144 51004 $",2025-09-28 21:51:37.67979,2025-09-28 17:51:37.679833
"KIML","Imperial Muni, NE, US",2025-09-28 20:53:00,"2025-09-28 14:53:00","VFR",29.4,11.1,NA,NA,NA,NA,1017,"METAR KIML 282053Z AUTO 10SM BKN090 29/11 A3003 RMK AO2 SLP144 T02940111 56019",2025-09-28 21:51:37.686339,2025-09-28 17:51:37.686385
"KIWI","Wiscasset Arpt, ME, US",2025-09-28 20:53:00,"2025-09-28 16:53:00","VFR",25,16.7,200,5,NA,NA,1013.6,"METAR KIWI 282053Z AUTO 20005KT 10SM CLR 25/17 A2993 RMK AO2 SLP134 60000 T02500167 55002",2025-09-28 21:51:37.692865,2025-09-28 17:51:37.692908
"KJEF","Jefferson City Mem, MO, US",2025-09-28 20:53:00,"2025-09-28 15:53:00","VFR",30.6,11.7,110,8,NA,NA,1019,"METAR KJEF 282053Z 11008KT 10SM CLR 31/12 A3009 RMK AO2 SLP177 T03060117 56014 $",2025-09-28 21:51:37.699527,2025-09-28 17:51:37.699584
"KJKL","Jackson/Carroll Arpt, KY, US",2025-09-28 20:53:00,"2025-09-28 20:53:00","VFR",26.1,13.9,0,0,NA,NA,1021.4,"METAR KJKL 282053Z AUTO 00000KT 10SM CLR 26/14 A3016 RMK AO2 SLP200 T02610139 55007",2025-09-28 21:51:37.706073,2025-09-28 17:51:37.706116
"KICT","Wichita/Eisenhower Arpt, KS, US",2025-09-28 20:53:00,"2025-09-28 15:53:00","VFR",30.6,15,170,10,NA,NA,1018.7,"METAR KICT 282053Z 17010KT 10SM BKN250 31/15 A3008 RMK AO2 SLP175 T03060150 56013",2025-09-28 21:51:37.712617,2025-09-28 17:51:37.712662
"KIAG","Niagara Falls Intl, NY, US",2025-09-28 20:53:00,"2025-09-28 16:53:00","VFR",23.9,7.8,330,7,NA,NA,1021.4,"METAR KIAG 282053Z 33007KT 10SM CLR 24/08 A3016 RMK AO2 SLP210 T02390078 51006",2025-09-28 21:51:37.719178,2025-09-28 17:51:37.719221
"KJLN","Joplin Rgnl, MO, US",2025-09-28 20:53:00,"2025-09-28 15:53:00","VFR",28.9,16.1,0,0,NA,NA,1019.4,"METAR KJLN 282053Z 00000KT 10SM FEW060 29/16 A3010 RMK AO2 SLP185 T02890161 56017 $",2025-09-28 21:51:37.725666,2025-09-28 17:51:37.725711
"KJBR","Jonesboro Muni, AR, US",2025-09-28 20:53:00,"2025-09-28 15:53:00","VFR",30.6,13.3,80,10,NA,NA,1018.7,"METAR KJBR 282053Z AUTO 08010KT 10SM CLR 31/13 A3008 RMK AO2 SLP184 T03060133 56015 $",2025-09-28 21:51:37.732156,2025-09-28 17:51:37.7322
"KICR","Winner/Wiley Fld, SD, US",2025-09-28 20:53:00,"2025-09-28 20:53:00","VFR",30,14.4,160,13,22,NA,1015.7,"METAR KICR 282053Z AUTO 16013G22KT 10SM CLR 30/14 A2999 RMK AO2 SLP143 T03000144 56013",2025-09-28 21:51:37.738687,2025-09-28 17:51:37.738731
"KIXD","Olathe/New Century Arpt, KS, US",2025-09-28 20:53:00,"2025-09-28 15:53:00","VFR",30.6,15,200,9,NA,NA,1019.4,"METAR KIXD 282053Z 20009KT 10SM CLR 31/15 A3010 RMK AO2 SLP181 T03060150 56011",2025-09-28 21:51:37.745289,2025-09-28 17:51:37.745349
"KJER","Jerome Cnty Arpt, ID, US",2025-09-28 20:53:00,"2025-09-28 20:53:00","VFR",26.1,7.2,0,0,NA,NA,1014.6,"METAR KJER 282053Z AUTO 00000KT 10SM CLR 26/07 A2996 RMK AO2 LTG DSNT SE SLP111 60000 T02610072 56010",2025-09-28 21:51:37.763907,2025-09-28 17:51:37.763953
"KIDA","Idaho Falls Rgnl, ID, US",2025-09-28 20:53:00,"2025-09-28 14:53:00","VFR",21.1,7.8,100,3,NA,NA,1018.4,"METAR KIDA 282053Z 10003KT 10SM CLR 21/08 A3007 RMK AO2 SLP154 T02110078 58012",2025-09-28 21:51:37.770585,2025-09-28 17:51:37.770628
"KITR","Burlington/Kit Carson Cnty, CO, US",2025-09-28 20:53:00,"2025-09-28 20:53:00","VFR",29.4,5.6,190,20,34,NA,1018.7,"METAR KITR 282053Z AUTO 19020G34KT 10SM FEW100 29/06 A3008 RMK AO2 PK WND 18035/2034 SLP134 T02940056 57014",2025-09-28 21:51:37.777138,2025-09-28 17:51:37.777181
"KIPL","Imperial Cnty Arpt, CA, US",2025-09-28 20:53:00,"2025-09-28 13:53:00","VFR",31.1,15.6,0,0,NA,NA,1011.9,"METAR KIPL 282053Z AUTO 00000KT 10SM CLR 31/16 A2988 RMK AO2 SLP118 T03110156 58019",2025-09-28 21:51:37.783565,2025-09-28 17:51:37.783607
"KIAD","Washington/Dulles Intl, VA, US",2025-09-28 20:52:00,"2025-09-28 16:52:00","VFR",28.9,13.3,30,5,NA,NA,1019,"METAR KIAD 282052Z 03005KT 10SM FEW050 SCT250 29/13 A3009 RMK AO2 SLP187 T02890133 56006 $",2025-09-28 21:51:37.79,2025-09-28 17:51:37.790044
"KIEN","Pine Ridge Strip, SD, US",2025-09-28 20:52:00,"2025-09-28 14:52:00","VFR",31.7,9.4,190,20,31,NA,1015,"METAR KIEN 282052Z AUTO 19020G31KT 10SM CLR 32/09 A2997 RMK AO2 PK WND 16031/2044 SLP112 T03170094 56014 $",2025-09-28 21:51:37.796575,2025-09-28 17:51:37.796618
"KIJD","Willimantic/Windham Arpt, CT, US",2025-09-28 20:52:00,"2025-09-28 20:52:00","VFR",27.8,15.6,280,5,NA,NA,1016.7,"METAR KIJD 282052Z AUTO 28005KT 10SM CLR 28/16 A3002 RMK AO2 SLP162 T02780156 55004",2025-09-28 21:51:37.803093,2025-09-28 17:51:37.803137
"KIOW","Iowa City Muni, IA, US",2025-09-28 20:52:00,"2025-09-28 15:52:00","VFR",30.6,16.1,160,6,NA,NA,1019.7,"METAR KIOW 282052Z AUTO 16006KT 10SM CLR 31/16 A3011 RMK AO2 SLP192 T03060161 56014",2025-09-28 21:51:37.809676,2025-09-28 17:51:37.809721
"KILG","Wilmington/New Castle Arpt, DE, US",2025-09-28 20:51:00,"2025-09-28 16:51:00","VFR",29.4,14.4,330,4,NA,NA,1018.4,"METAR KILG 282051Z 33004KT 10SM CLR 29/14 A3007 RMK AO2 SLP180 T02940144 56005 $",2025-09-28 21:51:37.816218,2025-09-28 17:51:37.816288
"KJFK","New York/JF Kennedy Intl, NY, US",2025-09-28 20:51:00,"2025-09-28 16:51:00","VFR",24.4,18.9,180,9,NA,NA,1017.7,"METAR KJFK 282051Z 18009KT 10SM FEW025 FEW085 SCT250 24/19 A3005 RMK AO2 SLP174 T02440189 55004",2025-09-28 21:51:37.822818,2025-09-28 17:51:37.822864
"KJCT","Junction/Kimble Cnty, TX, US",2025-09-28 20:51:00,"2025-09-28 15:51:00","VFR",32.8,11.7,120,10,15,NA,1017.7,"METAR KJCT 282051Z AUTO 12010G15KT 10SM CLR 33/12 A3005 RMK AO2 SLP142 T03280117 57023",2025-09-28 21:51:37.829408,2025-09-28 17:51:37.829452
"KIGM","Kingman Arpt, AZ, US",2025-09-28 20:51:00,"2025-09-28 13:51:00","VFR",21.7,13.3,110,11,NA,NA,1018.7,"METAR KIGM 282051Z AUTO 11011KT 10SM BKN048 BKN120 22/13 A3008 RMK AO2 SLP129 T02170133 58010",2025-09-28 21:51:37.835953,2025-09-28 17:51:37.835997
"KJQF","Concord Rgnl, NC, US",2025-09-28 20:50:00,"2025-09-28 16:50:00","VFR",27,18,20,9,20,NA,1020.1,"METAR KJQF 282050Z 02009G20KT 10SM BKN034 27/18 A3012",2025-09-28 21:51:37.842523,2025-09-28 17:51:37.842566
"KJWN","Nashville/Tune Arpt, TN, US",2025-09-28 20:50:00,"2025-09-28 20:50:00","VFR",30,13,30,9,NA,NA,1018.4,"METAR KJWN 282050Z 03009KT 10SM CLR 30/13 A3007",2025-09-28 21:51:37.848974,2025-09-28 17:51:37.849021
"KJVL","Janesville/S Wisconsin Rgnl, WI, US",2025-09-28 20:45:00,"2025-09-28 15:45:00","VFR",28,12,NA,4,NA,NA,1021.1,"METAR KJVL 282045Z VRB04KT 10SM CLR 28/12 A3015",2025-09-28 21:51:37.855617,2025-09-28 17:51:37.855661
"KLAL","Lakeland/Linder Intl, FL, US",2025-09-28 21:50:00,"2025-09-28 17:50:00","VFR",30,24,80,10,NA,NA,1011.3,"METAR KLAL 282150Z 08010KT 10SM BKN050 30/24 A2986",2025-09-28 21:51:39.270211,2025-09-28 17:51:39.270255
"KLBE","Latrobe/Palmer Rgnl, PA, US",2025-09-28 21:47:00,"2025-09-28 17:47:00","VFR",27,13,0,0,NA,NA,1021.4,"METAR KLBE 282147Z 00000KT 10SM CLR 27/13 A3016",2025-09-28 21:51:39.276998,2025-09-28 17:51:39.277051
"KLOT","Romeoville/Lewis Univ Arpt, IL, US",2025-09-28 21:45:00,"2025-09-28 16:45:00","VFR",28,16,70,10,NA,NA,1021.1,"METAR KLOT 282145Z 07010KT 10SM CLR 28/16 A3015",2025-09-28 21:51:39.283569,2025-09-28 17:51:39.283612
"KLEE","Leesburg Muni, FL, US",2025-09-28 21:39:00,"2025-09-28 17:39:00","VFR",27.2,24.4,80,5,NA,NA,1012.3,"SPECI KLEE 282139Z 08005KT 10SM VCTS BKN065 BKN085 OVC110 27/24 A2989 RMK AO2 TSE03 T02720244",2025-09-28 21:51:39.290019,2025-09-28 17:51:39.290067
"KLNN","Willoughby/Lake Cnty Exec, OH, US",2025-09-28 21:35:00,"2025-09-28 17:35:00","VFR",22.7,11.5,70,7,NA,NA,1021.8,"METAR KLNN 282135Z AUTO 07007KT 040V130 10SM CLR 23/12 A3017 RMK AO1 T02270115",2025-09-28 21:51:39.296606,2025-09-28 17:51:39.29665
"KLSB","Lordsburg Muni, NM, US",2025-09-28 21:35:00,"2025-09-28 15:35:00","VFR",26,10,330,4,NA,NA,1018.7,"METAR KLSB 282135Z AUTO 33004KT 10SM SCT070 BKN080 26/10 A3008 RMK AO2",2025-09-28 21:51:39.303238,2025-09-28 17:51:39.303304
"KLLN","Levelland Muni, TX, US",2025-09-28 21:35:00,"2025-09-28 21:35:00","VFR",29,5,150,7,NA,NA,1021.4,"METAR KLLN 282135Z AUTO 15007KT 10SM CLR 29/05 A3016 RMK AO2",2025-09-28 21:51:39.309822,2025-09-28 17:51:39.309868
"KLAM","Los Alamos Arpt, NM, US",2025-09-28 21:35:00,"2025-09-28 15:35:00","VFR",19.8,7.6,160,10,NA,8,1024.8,"METAR KLAM 282135Z AUTO 16010KT 8SM CLR 20/08 A3026 RMK AO2 LTG DSNT S AND SW T01980076 $",2025-09-28 21:51:39.316328,2025-09-28 17:51:39.31637
"KK88","Iola/Allen Cnty, KS, US",2025-09-28 21:35:00,"2025-09-28 21:35:00","VFR",30,17,170,7,NA,NA,1018.7,"METAR KK88 282135Z AUTO 17007KT 10SM CLR 30/17 A3008 RMK AO2",2025-09-28 21:51:39.322788,2025-09-28 17:51:39.322832
"KLOM","Philadelphia/Wings Field Arpt, PA, US",2025-09-28 21:35:00,"2025-09-28 17:35:00","VFR",28.2,15,330,4,NA,NA,1018.4,"METAR KLOM 282135Z AUTO 33004KT 10SM CLR 28/15 A3007 RMK AO2 T02820150",2025-09-28 21:51:39.329373,2025-09-28 17:51:39.329419
"KLCG","Wayne Muni, NE, US",2025-09-28 21:35:00,"2025-09-28 21:35:00","VFR",29,8.1,170,10,NA,NA,1018.4,"METAR KLCG 282135Z AUTO 17010KT 10SM CLR 29/08 A3007 RMK AO2 T02900081",2025-09-28 21:51:39.335871,2025-09-28 17:51:39.335917
"KLRO","Mt Pleasant Rgnl, SC, US",2025-09-28 21:35:00,"2025-09-28 21:35:00","VFR",26,23,NA,4,NA,9,1015.3,"METAR KLRO 282135Z AUTO VRB04KT 9SM CLR 26/23 A2998 RMK AO2",2025-09-28 21:51:39.342429,2025-09-28 17:51:39.34248
"KLKR","Lancaster Cnty, SC, US",2025-09-28 21:35:00,"2025-09-28 21:35:00","VFR",23,21,0,0,NA,6,1018.4,"METAR KLKR 282135Z AUTO 00000KT 6SM BR FEW030 SCT045 BKN055 23/21 A3007 RMK AO2",2025-09-28 21:51:39.348913,2025-09-28 17:51:39.348957
"KLKP","Lake Placid Arpt, NY, US",2025-09-28 21:35:00,"2025-09-28 17:35:00","VFR",21,8,320,8,NA,NA,1020.1,"METAR KLKP 282135Z AUTO 32008KT 10SM CLR 21/08 A3012 RMK AO2",2025-09-28 21:51:39.355561,2025-09-28 17:51:39.355605
"KLHB","Hearne Muni, TX, US",2025-09-28 21:35:00,"2025-09-28 21:35:00","VFR",32,13,10,8,NA,NA,1016,"METAR KLHB 282135Z AUTO 01008KT 10SM CLR 32/13 A3000 RMK AO2",2025-09-28 21:51:39.362124,2025-09-28 17:51:39.362168
"KLCQ","Lake City/Gateway Arpt, FL, US",2025-09-28 21:35:00,"2025-09-28 17:35:00","VFR",29,20,40,11,15,NA,1013.3,"METAR KLCQ 282135Z AUTO 04011G15KT 10SM SCT046 29/20 A2992 RMK AO2",2025-09-28 21:51:39.36873,2025-09-28 17:51:39.368783
"KK83","Sabetha Muni, KS, US",2025-09-28 21:35:00,"2025-09-28 21:35:00","VFR",32.4,7.9,200,3,NA,NA,1019.4,"METAR KK83 282135Z AUTO 20003KT 10SM CLR 32/08 A3010 RMK AO2 T03240079",2025-09-28 21:51:39.375236,2025-09-28 17:51:39.375301
"KLQK","Pickens Cnty, SC, US",2025-09-28 21:35:00,"2025-09-28 17:35:00","VFR",28,16.6,80,6,NA,NA,1018.7,"METAR KLQK 282135Z AUTO 08006KT 10SM CLR 28/17 A3008 RMK AO2 T02800166",2025-09-28 21:51:39.381769,2025-09-28 17:51:39.381816
"KLNL","Land OLakes Arpt, WI, US",2025-09-28 21:35:00,"2025-09-28 21:35:00","VFR",23,3.2,220,5,NA,NA,1022.8,"METAR KLNL 282135Z AUTO 22005KT 10SM CLR 23/03 A3020 RMK AO2 T02300032",2025-09-28 21:51:39.388339,2025-09-28 17:51:39.388385
"KLDM","Ludington/Mason Cnty, MI, US",2025-09-28 21:35:00,"2025-09-28 17:35:00","VFR",22,4,320,4,NA,NA,1022.4,"METAR KLDM 282135Z AUTO 32004KT 10SM CLR 22/04 A3019 RMK AO2",2025-09-28 21:51:39.406552,2025-09-28 17:51:39.406596
"KLJF","Litchfield Muni, MN, US",2025-09-28 21:35:00,"2025-09-28 21:35:00","VFR",26,2,160,6,NA,NA,1018.7,"METAR KLJF 282135Z AUTO 16006KT 10SM CLR 26/02 A3008 RMK AO2",2025-09-28 21:51:39.413213,2025-09-28 17:51:39.413276
"KLNC","Lancaster Arpt, TX, US",2025-09-28 21:35:00,"2025-09-28 21:35:00",NA,30.5,13.3,70,5,NA,NA,1018,"METAR KLNC 282135Z AUTO 07005KT SCT065 31/13 A3006 RMK AO2 T03050133 PWINO",2025-09-28 21:51:39.419722,2025-09-28 17:51:39.419765
"KLRJ","Le Mars Muni, IA, US",2025-09-28 21:35:00,"2025-09-28 16:35:00","VFR",30,5,140,9,14,NA,1017.7,"METAR KLRJ 282135Z AUTO 14009G14KT 10SM CLR 30/05 A3005 RMK AO2",2025-09-28 21:51:39.426147,2025-09-28 17:51:39.426193
"KLMO","Longmont/Brand Arpt, CO, US",2025-09-28 21:35:00,"2025-09-28 21:35:00","VFR",26.2,7.2,0,0,NA,7,1018.7,"METAR KLMO 282135Z AUTO 00000KT 7SM CLR 26/07 A3008 RMK AO2 T02620072",2025-09-28 21:51:39.432553,2025-09-28 17:51:39.432596
"KLHM","Lincoln Rgnl, CA, US",2025-09-28 21:35:00,"2025-09-28 21:35:00","VFR",22,13,200,4,NA,NA,1015,"METAR KLHM 282135Z AUTO 20004KT 10SM OVC034 22/13 A2997 RMK AO1",2025-09-28 21:51:39.43907,2025-09-28 17:51:39.439116
"KLMS","Louisville/Winston Cnty, MS, US",2025-09-28 21:35:00,"2025-09-28 16:35:00","VFR",31,15,30,9,14,NA,1017.4,"METAR KLMS 282135Z AUTO 03009G14KT 10SM SCT075 SCT085 31/15 A3004 RMK AO2",2025-09-28 21:51:39.445582,2025-09-28 17:51:39.445628
"KLRU","Las Cruces Intl, NM, US",2025-09-28 21:15:00,"2025-09-28 15:15:00","VFR",26.7,11.6,210,3,NA,NA,1019.7,"METAR KLRU 282115Z AUTO 21003KT 10SM SCT055 27/12 A3011 RMK AO2 T02670116",2025-09-28 21:51:39.452184,2025-09-28 17:51:39.452228
"KL35","Big Bear City Arpt, CA, US",2025-09-28 21:15:00,"2025-09-28 14:15:00","VFR",15,6,30,6,NA,NA,1023.5,"METAR KL35 282115Z AUTO 03006KT 10SM BKN035 BKN043 15/06 A3022 RMK AO2",2025-09-28 21:51:39.458697,2025-09-28 17:51:39.45874
"KK82","Smith Center Arpt, KS, US",2025-09-28 21:15:00,"2025-09-28 21:15:00","VFR",33.4,12.5,170,14,NA,NA,1018,"METAR KK82 282115Z AUTO 17014KT 10SM CLR 33/13 A3006 RMK AO2 T03340125",2025-09-28 21:51:39.465166,2025-09-28 17:51:39.465211
"KLRY","Harrisonville/Smith, MO, US",2025-09-28 21:15:00,"2025-09-28 21:15:00","VFR",32,14,0,0,NA,NA,1020.1,"METAR KLRY 282115Z AUTO 00000KT 10SM CLR 32/14 A3012 RMK AO2",2025-09-28 21:51:39.471687,2025-09-28 17:51:39.471731
"KLDJ","Linden Arpt, NJ, US",2025-09-28 21:15:00,"2025-09-28 17:15:00","VFR",29.5,12.4,320,7,NA,NA,1017.4,"METAR KLDJ 282115Z AUTO 32007KT 10SM CLR 30/12 A3004 RMK AO2 T02950124",2025-09-28 21:51:39.478386,2025-09-28 17:51:39.47843
"KLKU","Louisa/Freeman Fld, VA, US",2025-09-28 21:15:00,"2025-09-28 17:15:00","VFR",26.6,16,70,5,NA,NA,1019.7,"METAR KLKU 282115Z AUTO 07005KT 10SM CLR 27/16 A3011 RMK AO2 T02660160",2025-09-28 21:51:39.484932,2025-09-28 17:51:39.484976
"KL08","Borrego Springs Arpt, CA, US",2025-09-28 21:15:00,"2025-09-28 14:15:00","VFR",31,12,100,7,NA,NA,1012.6,"METAR KL08 282115Z AUTO 10007KT 090V150 10SM CLR 31/12 A2990 RMK AO2",2025-09-28 21:51:39.491451,2025-09-28 17:51:39.491494
"KLBO","Lebanon/Jones Arpt, MO, US",2025-09-28 21:15:00,"2025-09-28 21:15:00","VFR",30,13,120,4,NA,NA,1021.1,"METAR KLBO 282115Z AUTO 12004KT 10SM CLR 30/13 A3015 RMK AO2",2025-09-28 21:51:39.497982,2025-09-28 17:51:39.49803
"KLNP","Wise/Lonesome Pine Arpt, VA, US",2025-09-28 21:15:00,"2025-09-28 17:15:00","VFR",22,14,30,7,NA,NA,1023.5,"METAR KLNP 282115Z AUTO 03007KT 10SM CLR 22/14 A3022 RMK AO2",2025-09-28 21:51:39.50451,2025-09-28 17:51:39.504554
"KLBL","Liberal/Mid America Rgnl, KS, US",2025-09-28 20:56:00,"2025-09-28 15:56:00","VFR",30.6,9.4,180,14,NA,NA,1019.4,"METAR KLBL 282056Z AUTO 18014KT 10SM CLR 31/09 A3010 RMK AO2 SLP163 6//// T03060094 56016 PNO $",2025-09-28 21:51:39.510988,2025-09-28 17:51:39.511035
"KLAS","Las Vegas/Reid Intl, NV, US",2025-09-28 20:56:00,"2025-09-28 13:56:00","VFR",25.6,12.8,30,5,NA,NA,1016.3,"METAR KLAS 282056Z COR 03005KT 10SM FEW050 SCT080 SCT120 26/13 A3001 RMK AO2 SLP143 CB DSNT E-S T02560128 58017",2025-09-28 21:51:39.517558,2025-09-28 17:51:39.517604
"KLBT","Lumberton Muni, NC, US",2025-09-28 20:56:00,"2025-09-28 16:56:00","VFR",26.7,20,20,6,NA,NA,1017,"METAR KLBT 282056Z AUTO 02006KT 10SM FEW030 SCT038 27/20 A3003 RMK AO2 SLP167 T02670200 55006",2025-09-28 21:51:39.524122,2025-09-28 17:51:39.524166
"KLNR","Lone Rock/Tri Cnty Rgnl, WI, US",2025-09-28 20:56:00,"2025-09-28 15:56:00","VFR",27.2,8.9,60,3,NA,NA,1021.1,"METAR KLNR 282056Z AUTO 06003KT 10SM CLR 27/09 A3015 RMK AO2 SLP203 T02720089 56012",2025-09-28 21:51:39.542761,2025-09-28 17:51:39.542809
"KKLS","Kelso/Longview Arpt, WA, US",2025-09-28 20:56:00,"2025-09-28 13:56:00","VFR",23.3,10.6,160,11,16,NA,1009.6,"METAR KKLS 282056Z AUTO 16011G16KT 10SM CLR 23/11 A2981 RMK AO2 SLP098 T02330106 56004",2025-09-28 21:51:39.549707,2025-09-28 17:51:39.549755
"KLCI","Laconia Muni, NH, US",2025-09-28 20:56:00,"2025-09-28 16:56:00","VFR",27.8,13.9,290,9,NA,NA,1014.3,"METAR KLCI 282056Z AUTO 29009KT 10SM CLR 28/14 A2995 RMK AO2 SLP142 T02780139 53001",2025-09-28 21:51:39.556443,2025-09-28 17:51:39.556487
"KLEW","Auburn-Lewiston Muni, ME, US",2025-09-28 20:56:00,"2025-09-28 16:56:00","VFR",27.8,13.3,310,10,17,NA,1013.6,"METAR KLEW 282056Z AUTO 31010G17KT 10SM CLR 28/13 A2993 RMK AO2 SLP138 T02780133 53004",2025-09-28 21:51:39.562878,2025-09-28 17:51:39.562922
"KLRD","Laredo Intl, TX, US",2025-09-28 20:56:00,"2025-09-28 15:56:00","VFR",32.2,14.4,60,5,NA,NA,1015.3,"METAR KLRD 282056Z 06005KT 10SM CLR 32/14 A2998 RMK AO2 SLP149 T03220144 56022 $",2025-09-28 21:51:39.569392,2025-09-28 17:51:39.569436
"KLGD","La Grande/Union Cnty, OR, US",2025-09-28 20:56:00,"2025-09-28 13:56:00","VFR",30,0,180,10,NA,NA,1010.6,"METAR KLGD 282056Z AUTO 18010KT 10SM CLR 30/00 A2984 RMK AO2 SLP089 T03000000 58019 $",2025-09-28 21:51:39.57592,2025-09-28 17:51:39.575965
"KLCK","Columbus/Rickenbacker Intl, OH, US",2025-09-28 20:55:00,"2025-09-28 16:55:00","VFR",30.4,11.1,0,0,NA,NA,1020.4,"METAR KLCK 282055Z AUTO 00000KT 10SM CLR 30/11 A3013 RMK AO2 T03040111",2025-09-28 21:51:39.582443,2025-09-28 17:51:39.582488
"KLLJ","Challis Arpt, ID, US",2025-09-28 20:55:00,"2025-09-28 14:55:00","VFR",25.6,2.2,NA,3,NA,NA,1015,"METAR KLLJ 282055Z AUTO VRB03KT 10SM CLR 26/02 A2997 RMK AO2 SLP096 T02560022 58023",2025-09-28 21:51:39.58901,2025-09-28 17:51:39.589053
"KLRF","Little Rock AFB, AR, US",2025-09-28 20:55:00,"2025-09-28 15:55:00","VFR",30.2,13,0,0,NA,NA,1018.4,"METAR KLRF 282055Z AUTO 00000KT 10SM CLR 30/13 A3007 RMK AO2 SLP183 T03020130 57014 $",2025-09-28 21:51:39.595537,2025-09-28 17:51:39.59558
"KLIC","Limon Muni, CO, US",2025-09-28 20:55:00,"2025-09-28 14:55:00","VFR",27.2,4.4,190,16,25,NA,1019.4,"METAR KLIC 282055Z AUTO 19016G25KT 10SM CLR 27/04 A3010 RMK AO2 PK WND 20027/2029 SLP127 T02720044 56015",2025-09-28 21:51:39.602171,2025-09-28 17:51:39.602215
"KLGF","Laguna(AAF), AZ, US",2025-09-28 20:55:00,"2025-09-28 13:55:00","VFR",30.1,16.8,0,0,NA,9,1012.6,"METAR KLGF 282055Z AUTO 00000KT 9SM CLR 30/17 A2990 RMK AO2 SLP122 T03010168 57018 $",2025-09-28 21:51:39.608642,2025-09-28 17:51:39.608685
"KK62","Falmouth/Snyder Arpt, KY, US",2025-09-28 20:55:00,"2025-09-28 20:55:00","VFR",30,12,20,5,NA,NA,1020.7,"METAR KK62 282055Z AUTO 02005KT 10SM BKN075 30/12 A3014 RMK AO2",2025-09-28 21:51:39.615096,2025-09-28 17:51:39.615141
"KLFI","Langley AFB, VA, US",2025-09-28 20:55:00,"2025-09-28 16:55:00","VFR",23.9,17.8,20,8,NA,NA,1019,"METAR KLFI 282055Z AUTO 02008KT 10SM FEW020 24/18 A3009 RMK AO2 SLP196 T02390178 53005 $",2025-09-28 21:51:39.621621,2025-09-28 17:51:39.621665
"KLHW","Ft Stewart/Mid Coast Rgnl, GA, US",2025-09-28 20:55:00,"2025-09-28 16:55:00","VFR",29.7,21.3,70,6,NA,NA,1013.6,"METAR KLHW 282055Z AUTO 07006KT 10SM FEW190 30/21 A2993 RMK AO2 SLP138 T02970213 57007 $",2025-09-28 21:51:39.628127,2025-09-28 17:51:39.628171
"KLNK","Lincoln Arpt, NE, US",2025-09-28 20:54:00,"2025-09-28 15:54:00","VFR",30.6,8.9,100,8,NA,NA,1018.7,"METAR KLNK 282054Z 10008KT 10SM CLR 31/09 A3008 RMK AO2 SLP178 T03060089 56018",2025-09-28 21:51:39.634723,2025-09-28 17:51:39.634767
"KLEX","Lexington/Blue Grass Aprt, KY, US",2025-09-28 20:54:00,"2025-09-28 16:54:00","VFR",29.4,12.2,40,12,NA,NA,1020.7,"METAR KLEX 282054Z 04012KT 10SM SCT070 29/12 A3014 RMK AO2 SLP197 T02940122 56010 $",2025-09-28 21:51:39.641326,2025-09-28 17:51:39.641372
"KLAF","Lafayette/Purdue Univ Arpt, IN, US",2025-09-28 20:54:00,"2025-09-28 16:54:00","VFR",30.6,11.1,220,3,NA,NA,1020.1,"METAR KLAF 282054Z 22003KT 10SM CLR 31/11 A3012 RMK AO2 SLP197 T03060111 56010 $",2025-09-28 21:51:39.647837,2025-09-28 17:51:39.647883
"KLFK","Lufkin/Angelina Cnty, TX, US",2025-09-28 20:53:00,"2025-09-28 15:53:00","VFR",31.7,11.7,10,6,NA,NA,1016.7,"METAR KLFK 282053Z AUTO 01006KT 10SM CLR 32/12 A3002 RMK AO2 SLP161 T03170117 56018",2025-09-28 21:51:39.654398,2025-09-28 17:51:39.654444
"KLOU","Louisville/Bowman Fld, KY, US",2025-09-28 20:53:00,"2025-09-28 16:53:00","VFR",28.9,13.3,60,8,NA,NA,1020.1,"METAR KLOU 282053Z 06008KT 10SM SCT075 29/13 A3012 RMK AO2 SLP193 T02890133 56013",2025-09-28 21:51:39.660933,2025-09-28 17:51:39.66098
"KLHQ","Lancaster/Fairfield Cnty, OH, US",2025-09-28 20:53:00,"2025-09-28 20:53:00","VFR",30,12.2,NA,NA,NA,NA,1020.4,"METAR KLHQ 282053Z AUTO 10SM SCT080 30/12 A3013 RMK AO2 SLP197 T03000122 56008",2025-09-28 21:51:39.679538,2025-09-28 17:51:39.679588
"KLAN","Lansing/Capital City Arpt, MI, US",2025-09-28 20:53:00,"2025-09-28 16:53:00","VFR",25.6,10.6,0,0,NA,NA,1022.1,"METAR KLAN 282053Z 00000KT 10SM CLR 26/11 A3018 RMK AO2 SLP216 T02560106 55003 $",2025-09-28 21:51:39.68644,2025-09-28 17:51:39.686486
"KLCH","Lake Charles Rgnl, LA, US",2025-09-28 20:53:00,"2025-09-28 15:53:00","VFR",31.1,13.9,30,6,NA,NA,1015.3,"METAR KLCH 282053Z 03006KT 10SM CLR 31/14 A2998 RMK AO2 SLP159 T03110139 56018 $",2025-09-28 21:51:39.692962,2025-09-28 17:51:39.693006
"KLAA","Lamar Muni, CO, US",2025-09-28 20:53:00,"2025-09-28 14:53:00","VFR",31.1,8.3,190,22,31,NA,1017.7,"METAR KLAA 282053Z AUTO 19022G31KT 10SM -RA CLR 31/08 A3005 RMK AO2 PK WND 18032/2040 SLP126 P0000 60000 T03110083 57017",2025-09-28 21:51:39.699425,2025-09-28 17:51:39.699468
"KLOZ","London-Corbin Arpt, KY, US",2025-09-28 20:53:00,"2025-09-28 16:53:00","VFR",27.2,12.8,40,9,NA,NA,1020.7,"METAR KLOZ 282053Z AUTO 04009KT 10SM CLR 27/13 A3014 RMK AO2 SLP197 T02720128 55006 $",2025-09-28 21:51:39.706068,2025-09-28 17:51:39.70611
"KLGB","Long Beach Arpt, CA, US",2025-09-28 20:53:00,"2025-09-28 13:53:00","VFR",25,15.6,210,10,NA,NA,1015.3,"METAR KLGB 282053Z 21010KT 10SM CLR 25/16 A2998 RMK AO2 SLP151 T02500156 58014",2025-09-28 21:51:39.71261,2025-09-28 17:51:39.712654
"KLKV","Lakeview/Lake Cnty, OR, US",2025-09-28 20:53:00,"2025-09-28 13:53:00","VFR",24.4,5.6,150,16,21,NA,1016,"METAR KLKV 282053Z AUTO 15016G21KT 10SM CLR 24/06 A3000 RMK AO2 SLP135 T02440056 58012",2025-09-28 21:51:39.71916,2025-09-28 17:51:39.719203
"KLOL","Lovelock/Derby Fld, NV, US",2025-09-28 20:53:00,"2025-09-28 13:53:00","VFR",28.9,5,220,7,15,NA,1014.3,"METAR KLOL 282053Z AUTO 22007G15KT 10SM CLR 29/05 A2995 RMK AO2 SLP110 T02890050 58016",2025-09-28 21:51:39.725718,2025-09-28 17:51:39.725762
"KLIT","Little Rock/Clinton Natl, AR, US",2025-09-28 20:53:00,"2025-09-28 15:53:00","VFR",29.4,15,100,6,NA,NA,1018.4,"METAR KLIT 282053Z 10006KT 10SM FEW065 29/15 A3007 RMK AO2 SLP184 T02940150 56015",2025-09-28 21:51:39.732347,2025-09-28 17:51:39.732391
"KLPR","Elyria/Lorain Cnty, OH, US",2025-09-28 20:53:00,"2025-09-28 20:53:00","VFR",25,15.6,20,9,NA,NA,1021.8,"METAR KLPR 282053Z AUTO 02009KT 10SM CLR 25/16 A3017 RMK AO2 SLP212 T02500156 51005",2025-09-28 21:51:39.73891,2025-09-28 17:51:39.738961
"KLNS","Lancaster Arpt, PA, US",2025-09-28 20:53:00,"2025-09-28 16:53:00","VFR",27.8,15,360,4,NA,NA,1018.4,"METAR KLNS 282053Z 36004KT 10SM CLR 28/15 A3007 RMK AO2 SLP180 T02780150 56008",2025-09-28 21:51:39.745461,2025-09-28 17:51:39.745515
"KLMT","Klamath Falls Intl, OR, US",2025-09-28 20:53:00,"2025-09-28 13:53:00","VFR",24.4,6.1,160,15,23,NA,1014,"METAR KLMT 282053Z 16015G23KT 10SM CLR 24/06 A2994 RMK AO2 SLP108 T02440061 57009 $",2025-09-28 21:51:39.751933,2025-09-28 17:51:39.751976
"KLND","Lander/Hunt Fld, WY, US",2025-09-28 20:53:00,"2025-09-28 14:53:00","VFR",23.9,5.6,320,6,NA,NA,1017.7,"METAR KLND 282053Z AUTO 32006KT 10SM FEW090 FEW120 24/06 A3005 RMK AO2 SLP113 T02390056 56016",2025-09-28 21:51:39.75853,2025-09-28 17:51:39.758574
"KLBB","Lubbock Intl Arpt, TX, US",2025-09-28 20:53:00,"2025-09-28 15:53:00","VFR",30.6,7.8,150,8,NA,NA,1020.7,"METAR KLBB 282053Z 15008KT 10SM FEW080 SCT180 BKN240 31/08 A3014 RMK AO2 SLP158 T03060078 56020",2025-09-28 21:51:39.765122,2025-09-28 17:51:39.765166
"KLBX","Angleton/Texas Gulf Coast Rgnl, TX, US",2025-09-28 20:53:00,"2025-09-28 15:53:00","VFR",31.1,12.2,NA,5,NA,NA,1015.7,"METAR KLBX 282053Z AUTO VRB05KT 10SM CLR 31/12 A2999 RMK AO2 SLP153 T03110122 56017",2025-09-28 21:51:39.771735,2025-09-28 17:51:39.771779
"KLFT","Lafayette Rgnl, LA, US",2025-09-28 20:53:00,"2025-09-28 15:53:00","VFR",31.1,14.4,30,8,NA,NA,1015,"METAR KLFT 282053Z 03008KT 10SM CLR 31/14 A2997 RMK AO2 SLP148 T03110144 56018",2025-09-28 21:51:39.778302,2025-09-28 17:51:39.778348
"KLLQ","Monticello/Ellis Fld, AR, US",2025-09-28 20:53:00,"2025-09-28 20:53:00","VFR",30.6,9.4,NA,4,NA,NA,1017.7,"METAR KLLQ 282053Z AUTO VRB04KT 10SM CLR 31/09 A3005 RMK AO2 SLP172 T03060094 56016 $",2025-09-28 21:51:39.784871,2025-09-28 17:51:39.784915
"KLAR","Laramie Rgnl, WY, US",2025-09-28 20:53:00,"2025-09-28 14:53:00","VFR",21.7,2.2,40,6,NA,NA,1022.4,"METAR KLAR 282053Z AUTO 04006KT 10SM CLR 22/02 A3019 RMK AO2 SLP122 T02170022 58010 $",2025-09-28 21:51:39.791399,2025-09-28 17:51:39.791443
"KLAW","Lawton-Fort Sill Rgnl, OK, US",2025-09-28 20:53:00,"2025-09-28 15:53:00","VFR",30.6,13.3,NA,6,NA,NA,1018.7,"METAR KLAW 282053Z VRB06KT 10SM CLR 31/13 A3008 RMK AO2 SLP175 T03060133 56019",2025-09-28 21:51:39.798067,2025-09-28 17:51:39.798111
"KLAX","Los Angeles Intl, CA, US",2025-09-28 20:53:00,"2025-09-28 13:53:00","VFR",23.3,15.6,230,12,23,NA,1015.7,"METAR KLAX 282053Z 23012G23KT 10SM FEW016 SCT041 SCT095 23/16 A2999 RMK AO2 SLP154 T02330156 58014 $",2025-09-28 21:51:39.816671,2025-09-28 17:51:39.816718
"KLEB","Lebanon Muni, NH, US",2025-09-28 20:53:00,"2025-09-28 16:53:00","VFR",28.9,13.9,310,9,18,NA,1015,"METAR KLEB 282053Z 31009G18KT 10SM CLR 29/14 A2997 RMK AO2 SLP140 T02890139 53004",2025-09-28 21:51:39.823449,2025-09-28 17:51:39.823494
"KLBF","N Platte/Lee Bird Fld, NE, US",2025-09-28 20:53:00,"2025-09-28 15:53:00","VFR",28.9,13.9,140,8,NA,NA,1017.4,"METAR KLBF 282053Z AUTO 14008KT 10SM CLR 29/14 A3004 RMK AO2 SLP154 T02890139 56014",2025-09-28 21:51:39.830015,2025-09-28 17:51:39.830058
"KLGU","Logan/Cache Arpt, UT, US",2025-09-28 20:51:00,"2025-09-28 14:51:00","VFR",25,6.7,NA,4,NA,NA,1017,"METAR KLGU 282051Z AUTO VRB04KT 10SM SCT075 SCT110 25/07 A3003 RMK AO2 SLP121 T02500067 58015",2025-09-28 21:51:39.836616,2025-09-28 17:51:39.836658
"KLGA","New York/La Guardia Arpt, NY, US",2025-09-28 20:51:00,"2025-09-28 16:51:00","VFR",28.9,14.4,180,5,NA,NA,1016.7,"METAR KLGA 282051Z COR 18005KT 10SM FEW055 FEW250 29/14 A3002 RMK AO2 SLP165 T02890144 55007 $",2025-09-28 21:51:39.843226,2025-09-28 17:51:39.843295
"KLPC","Lompoc Arpt, CA, US",2025-09-28 20:51:00,"2025-09-28 13:51:00","VFR",22.8,15.6,190,8,NA,NA,1016.3,"METAR KLPC 282051Z AUTO 19008KT 10SM OVC036 23/16 A3001 RMK AO2 SLP160 T02280156 58005 $",2025-09-28 21:51:39.849911,2025-09-28 17:51:39.849956
"KMCF","Tampa/MacDill AFB, FL, US",2025-09-28 21:47:00,"2025-09-28 17:47:00","VFR",32,24,70,11,NA,NA,1010.2,"SPECI KMCF 282147Z AUTO 07011KT 10SM -RA FEW035 BKN050 OVC065 32/24 A2983 RMK AO2 LTG DSNT N RAB47 SLP104 $",2025-09-28 21:51:41.248347,2025-09-28 17:51:41.248392
"KM08","Bolivar/Whitehurst Fld, TN, US",2025-09-28 21:40:00,"2025-09-28 21:40:00",NA,30,12,40,7,NA,NA,1018,"METAR KM08 282140Z AUTO 04007KT 10SM 30/12 A3006 RMK A01",2025-09-28 21:51:41.255021,2025-09-28 17:51:41.255064
"KMCO","Orlando Intl, FL, US",2025-09-28 21:39:00,"2025-09-28 17:39:00","VFR",28.3,22.8,60,11,NA,NA,1012.3,"SPECI KMCO 282139Z 06011KT 10SM TS FEW022 SCT045CB SCT090 BKN250 28/23 A2989 RMK AO2 TSB39 OCNL LTGIC N-NE TS N-NE MOV SW SHRA VC NW-NE T02830228",2025-09-28 21:51:41.261594,2025-09-28 17:51:41.261637
"KLXY","Mexia/Limestone Cnty, TX, US",2025-09-28 21:35:00,"2025-09-28 21:35:00","VFR",28.8,13.4,60,5,NA,7,1017.7,"METAR KLXY 282135Z AUTO 06005KT 7SM CLR 29/13 A3005 RMK AO2 T02880134 TSNO",2025-09-28 21:51:41.268105,2025-09-28 17:51:41.268148
"KMAO","Marion Cnty Arpt, SC, US",2025-09-28 21:35:00,"2025-09-28 21:35:00","VFR",25,23,20,4,NA,NA,1017.4,"METAR KMAO 282135Z AUTO 02004KT 10SM CLR 25/23 A3004 RMK AO2",2025-09-28 21:51:41.274672,2025-09-28 17:51:41.274715
"KLZZ","Lampasas Arpt, TX, US",2025-09-28 21:35:00,"2025-09-28 21:35:00","VFR",30,13,100,6,NA,NA,1017.7,"METAR KLZZ 282135Z AUTO 10006KT 10SM CLR 30/13 A3005 RMK AO2",2025-09-28 21:51:41.281136,2025-09-28 17:51:41.28118
"KMBT","Murfreesboro Muni, TN, US",2025-09-28 21:35:00,"2025-09-28 21:35:00","VFR",29,14,60,5,12,NA,1018,"METAR KMBT 282135Z AUTO 06005G12KT 10SM CLR 29/14 A3006 RMK A01",2025-09-28 21:51:41.287693,2025-09-28 17:51:41.287737
"KM25","Mayfield/Grave Cnty, KY, US",2025-09-28 21:35:00,"2025-09-28 21:35:00","VFR",29.8,13.7,50,6,NA,9,1019,"METAR KM25 282135Z AUTO 05006KT 9SM CLR 30/14 A3009 RMK AO2 T02980137",2025-09-28 21:51:41.294166,2025-09-28 17:51:41.294209
"KMDD","Midland Airpark, TX, US",2025-09-28 21:35:00,"2025-09-28 16:35:00","VFR",28.3,7.6,100,7,NA,NA,1019.7,"METAR KMDD 282135Z AUTO 10007KT 10SM CLR 28/08 A3011 RMK AO2 T02830076",2025-09-28 21:51:41.300811,2025-09-28 17:51:41.300861
"KLUX","Laurens Cnty, SC, US",2025-09-28 21:35:00,"2025-09-28 21:35:00","VFR",26,18,80,6,NA,NA,1018.4,"METAR KLUX 282135Z AUTO 08006KT 10SM CLR 26/18 A3007 RMK AO2",2025-09-28 21:51:41.30768,2025-09-28 17:51:41.307725
"KMCC","McClellan AFB, CA, US",2025-09-28 21:35:00,"2025-09-28 14:35:00","VFR",22,14,210,6,NA,NA,1015,"METAR KMCC 282135Z AUTO 21006KT 10SM OVC033 22/14 A2997 RMK AO2",2025-09-28 21:51:41.327114,2025-09-28 17:51:41.327158
"KM75","Malta Arpt, MT, US",2025-09-28 21:35:00,"2025-09-28 15:35:00","VFR",27,3,20,15,NA,NA,1013.6,"METAR KM75 282135Z AUTO 02015KT 10SM CLR 27/03 A2993 RMK A01",2025-09-28 21:51:41.333763,2025-09-28 17:51:41.333819
"KLWA","South Haven Rgnl, MI, US",2025-09-28 21:35:00,"2025-09-28 21:35:00","VFR",23,13,350,8,NA,NA,1021.8,"METAR KLWA 282135Z AUTO 35008KT 10SM CLR 23/13 A3017 RMK AO2",2025-09-28 21:51:41.340331,2025-09-28 17:51:41.340376
"KLUG","Lewisburg/Ellington Arpt, TN, US",2025-09-28 21:35:00,"2025-09-28 21:35:00","VFR",29,13,50,8,NA,NA,1018.4,"METAR KLUG 282135Z AUTO 05008KT 10SM CLR 29/13 A3007 RMK A01",2025-09-28 21:51:41.346866,2025-09-28 17:51:41.346909
"KMDZ","Medford/Taylor Cnty, WI, US",2025-09-28 21:35:00,"2025-09-28 16:35:00","VFR",22.1,4.7,150,4,NA,NA,1022.4,"METAR KMDZ 282135Z AUTO 15004KT 10SM CLR 22/05 A3019 RMK AO2 T02210047 PWINO",2025-09-28 21:51:41.353431,2025-09-28 17:51:41.353475
"KM30","Metropolis Muni, IL, US",2025-09-28 21:35:00,"2025-09-28 21:35:00","VFR",29.9,12.1,0,0,NA,NA,1019.4,"METAR KM30 282135Z AUTO 00000KT 10SM CLR 30/12 A3010 RMK AO2 T02990121",2025-09-28 21:51:41.360061,2025-09-28 17:51:41.360106
"KLUM","Menomenie Muni, WI, US",2025-09-28 21:35:00,"2025-09-28 21:35:00","VFR",25.2,5.4,0,0,NA,NA,1021.1,"METAR KLUM 282135Z AUTO 00000KT 10SM CLR 25/05 A3015 RMK AO2 T02520054 PWINO",2025-09-28 21:51:41.366675,2025-09-28 17:51:41.366718
"KLVN","Lakeville/Airlake Arpt, MN, US",2025-09-28 21:35:00,"2025-09-28 21:35:00","VFR",26,6,160,4,NA,NA,1020.1,"METAR KLVN 282135Z AUTO 16004KT 10SM CLR 26/06 A3012 RMK AO2",2025-09-28 21:51:41.373437,2025-09-28 17:51:41.373482
"KLXL","Little Falls/Morrison Cnty, MN, US",2025-09-28 21:35:00,"2025-09-28 21:35:00","VFR",25,5,160,9,14,NA,1018.4,"METAR KLXL 282135Z AUTO 16009G14KT 10SM CLR 25/05 A3007 RMK AO2",2025-09-28 21:51:41.379934,2025-09-28 17:51:41.37998
"KMDQ","Huntsville/Sharp Fld, AL, US",2025-09-28 21:35:00,"2025-09-28 21:35:00","VFR",29.6,13.4,350,6,NA,NA,1018,"METAR KMDQ 282135Z AUTO 35006KT 10SM CLR 30/13 A3006 RMK A02 T02960134",2025-09-28 21:51:41.386477,2025-09-28 17:51:41.38652
"KLUL","Laurel/Hesler-Noble Fld, MS, US",2025-09-28 21:35:00,"2025-09-28 16:35:00","VFR",32,15.5,20,4,NA,NA,1015.3,"METAR KLUL 282135Z AUTO 02004KT 10SM CLR 32/16 A2998 RMK A02 T03200155",2025-09-28 21:51:41.392941,2025-09-28 17:51:41.392985
"KLUD","Decatur Muni, TX, US",2025-09-28 21:35:00,"2025-09-28 21:35:00","VFR",28.5,13.9,0,0,NA,NA,1018.7,"METAR KLUD 282135Z AUTO 00000KT 10SM SCT060 29/14 A3008 RMK AO2 T02850139",2025-09-28 21:51:41.399451,2025-09-28 17:51:41.399496
"KLXN","Lexington/Kelly Fld, NE, US",2025-09-28 21:35:00,"2025-09-28 16:35:00","VFR",29.5,12.4,180,12,19,NA,1017.7,"METAR KLXN 282135Z AUTO 18012G19KT 10SM CLR 30/12 A3005 RMK AO2 T02950124",2025-09-28 21:51:41.406003,2025-09-28 17:51:41.406047
"KLYO","Lyons/Rice Cnty, KS, US",2025-09-28 21:35:00,"2025-09-28 16:35:00","VFR",31.5,12,160,9,NA,NA,1018.7,"METAR KLYO 282135Z AUTO 16009KT 10SM CLR 32/12 A3008 RMK AO2 T03150120",2025-09-28 21:51:41.412576,2025-09-28 17:51:41.41262
"KM91","Springfield/Robertson Cnty, TN, US",2025-09-28 21:30:00,"2025-09-28 21:30:00","VFR",29,13,50,6,NA,NA,1018.7,"METAR KM91 282130Z AUTO 05006KT 10SM CLR 29/13 A3008 RMK A01",2025-09-28 21:51:41.419054,2025-09-28 17:51:41.419097
"KM54","Lebanon Muni, TN, US",2025-09-28 21:30:00,"2025-09-28 21:30:00","VFR",29,14,60,7,NA,NA,1018,"METAR KM54 282130Z AUTO 06007KT 10SM CLR 29/14 A3006 RMK A01",2025-09-28 21:51:41.425665,2025-09-28 17:51:41.425709
"KM02","Dickson Muni, TN, US",2025-09-28 21:30:00,"2025-09-28 21:30:00","VFR",29,13,50,6,NA,NA,1019,"METAR KM02 282130Z AUTO 05006KT 10SM CLR 29/13 A3009 RMK A01",2025-09-28 21:51:41.432292,2025-09-28 17:51:41.432341
"KM04","Covington Muni, TN, US",2025-09-28 21:25:00,"2025-09-28 21:25:00","VFR",30,14,40,12,NA,NA,1018,"METAR KM04 282125Z AUTO 04012KT 10SM CLR 30/14 A3006 RMK A01",2025-09-28 21:51:41.438921,2025-09-28 17:51:41.438965
"KMEV","Minden-Tahoe Arpt, NV, US",2025-09-28 21:25:00,"2025-09-28 14:25:00","VFR",27,5,250,17,NA,NA,1016,"METAR KMEV 282125Z AUTO 25017KT 10SM CLR 27/05 A3000 RMK AO2",2025-09-28 21:51:41.445653,2025-09-28 17:51:41.445697
"KMAW","Malden Rgnl, MO, US",2025-09-28 21:15:00,"2025-09-28 16:15:00","VFR",31,11,70,4,NA,NA,1019.4,"METAR KMAW 282115Z AUTO 07004KT 10SM CLR 31/11 A3010 RMK AO1",2025-09-28 21:51:41.464857,2025-09-28 17:51:41.4649
"KMBY","Moberly/Bradley Arpt, MO, US",2025-09-28 21:15:00,"2025-09-28 16:15:00","VFR",NA,NA,150,4,NA,NA,1020.1,"METAR KMBY 282115Z AUTO 15004KT 10SM CLR A3012 RMK AO2",2025-09-28 21:51:41.471463,2025-09-28 17:51:41.471507
"KMCX","Monticello/White Cnty, IN, US",2025-09-28 21:15:00,"2025-09-28 21:15:00","VFR",NA,NA,280,4,NA,NA,1020.4,"METAR KMCX 282115Z AUTO 28004KT 10SM CLR A3013 RMK AO2",2025-09-28 21:51:41.477914,2025-09-28 17:51:41.477957
"KMDS","Madison Muni, SD, US",2025-09-28 21:15:00,"2025-09-28 16:15:00","VFR",29,4,170,12,18,NA,1017.4,"METAR KMDS 282115Z AUTO 17012G18KT 10SM CLR 29/04 A3004 RMK AO2 TSNO",2025-09-28 21:51:41.484352,2025-09-28 17:51:41.484396
"KM40","Aberdeen/Monroe Cnty, MS, US",2025-09-28 21:15:00,"2025-09-28 21:15:00","VFR",31,17,NA,6,NA,NA,1017.4,"METAR KM40 282115Z AUTO VRB06KT 10SM CLR 31/17 A3004 RMK AO2",2025-09-28 21:51:41.490929,2025-09-28 17:51:41.490973
"KMEZ","Mena Intermountain Muni, AR, US",2025-09-28 21:15:00,"2025-09-28 21:15:00","VFR",27.6,13.9,0,0,NA,NA,1018.7,"METAR KMEZ 282115Z AUTO 00000KT 10SM CLR 28/14 A3008 RMK AO2 T02760139",2025-09-28 21:51:41.49745,2025-09-28 17:51:41.497496
"KMFV","Melfa/Accomack Cnty, VA, US",2025-09-28 21:15:00,"2025-09-28 17:15:00","VFR",22,18.1,310,4,NA,NA,1019.4,"METAR KMFV 282115Z AUTO 31004KT 10SM SCT034 22/18 A3010 RMK AO2 T02200181",2025-09-28 21:51:41.503999,2025-09-28 17:51:41.504051
"KM21","Greenville/Muhlenberg Cnty, KY, US",2025-09-28 21:15:00,"2025-09-28 21:15:00","VFR",30.2,14.4,60,6,NA,NA,1019.7,"METAR KM21 282115Z AUTO 06006KT 10SM CLR 30/14 A3011 RMK AO2 T03020144",2025-09-28 21:51:41.510574,2025-09-28 17:51:41.510619
"KMGC","Michigan City Muni, IN, US",2025-09-28 21:15:00,"2025-09-28 16:15:00","VFR",23,17,350,5,NA,NA,1022.1,"METAR KMGC 282115Z AUTO 35005KT 10SM CLR 23/17 A3018 RMK AO2",2025-09-28 21:51:41.517097,2025-09-28 17:51:41.51714
"KLVL","Lawrenceville Muni, VA, US",2025-09-28 21:15:00,"2025-09-28 17:15:00","VFR",24,19.3,0,0,NA,NA,1019.7,"METAR KLVL 282115Z AUTO 00000KT 10SM OVC042 24/19 A3011 RMK AO1 T02400193",2025-09-28 21:51:41.523632,2025-09-28 17:51:41.523676
"KM19","Newport Muni, AR, US",2025-09-28 20:56:00,"2025-09-28 20:56:00","MVFR",30.6,12.8,60,9,14,3,1018.7,"METAR KM19 282056Z AUTO 06009G14KT 3SM HZ CLR 31/13 A3008 RMK AO2 SLP197 T03060128 56017 $",2025-09-28 21:51:41.53009,2025-09-28 17:51:41.530132
"KLZU","Lawrenceville/Gwinnett Cnty, GA, US",2025-09-28 20:56:00,"2025-09-28 16:56:00","VFR",NA,NA,70,9,NA,NA,1018,"METAR KLZU 282056Z 07009KT 10SM SCT045 A3006 RMK AO2 SLPNO 56006 $",2025-09-28 21:51:41.536782,2025-09-28 17:51:41.536826
"KMBL","Manistee/Blacker Arpt, MI, US",2025-09-28 20:56:00,"2025-09-28 16:56:00","VFR",22.8,5,320,8,NA,NA,1022.8,"METAR KMBL 282056Z AUTO 32008KT 10SM CLR 23/05 A3020 RMK AO2 SLP226 T02280050 56001",2025-09-28 21:51:41.543354,2025-09-28 17:51:41.543399
"KMDT","Harrisburg Intl, PA, US",2025-09-28 20:56:00,"2025-09-28 16:56:00","VFR",29.4,13.9,10,4,NA,NA,1018,"METAR KMDT 282056Z 01004KT 10SM FEW035 29/14 A3006 RMK AO2 SLP179 T02940139 56007 $",2025-09-28 21:51:41.549926,2025-09-28 17:51:41.54997
"KLWS","Lewiston/Nez Perce Cnty, ID, US",2025-09-28 20:56:00,"2025-09-28 13:56:00","VFR",27.2,3.9,320,7,NA,NA,1008.5,"METAR KLWS 282056Z 32007KT 10SM FU CLR 27/04 A2978 RMK AO2 SLP074 T02720039 56015",2025-09-28 21:51:41.556606,2025-09-28 17:51:41.55665
"KLTS","Altus AFB, OK, US",2025-09-28 20:55:00,"2025-09-28 15:55:00","VFR",31.8,10.5,120,6,NA,NA,1017.7,"METAR KLTS 282055Z AUTO 12006KT 10SM CLR 32/11 A3005 RMK AO2 SLP161 T03180105 57018 $",2025-09-28 21:51:41.563109,2025-09-28 17:51:41.563153
"KLSF","Fort Benning/Lawson AAF, GA, US",2025-09-28 20:55:00,"2025-09-28 15:55:00","VFR",32,17.1,30,4,NA,NA,1013.6,"METAR KLSF 282055Z AUTO 03004KT 10SM CLR 32/17 A2993 RMK AO2 VIS 1 5/8 RWY33 SLP138 T03200171 57011 $",2025-09-28 21:51:41.569725,2025-09-28 17:51:41.569772
"KLUF","Phoenix/Luke AFB, AZ, US",2025-09-28 20:55:00,"2025-09-28 13:55:00","VFR",30.2,15.1,330,3,NA,NA,1013.3,"METAR KLUF 282055Z AUTO 33003KT 10SM CLR 30/15 A2992 RMK AO2 SLP120 T03020151 57019 $",2025-09-28 21:51:41.576295,2025-09-28 17:51:41.576345
"KLSV","Nellis AFB, NV, US",2025-09-28 20:55:00,"2025-09-28 13:55:00","VFR",26.3,10.8,0,0,NA,NA,1014.3,"METAR KLSV 282055Z 00000KT 10SM SCT100 BKN120 26/11 A2995 RMK AO2A SLP122 T02630108 57018 $",2025-09-28 21:51:41.582938,2025-09-28 17:51:41.582982
"KMEM","Memphis Intl, TN, US",2025-09-28 20:54:00,"2025-09-28 15:54:00","VFR",30.6,11.7,30,10,17,NA,1018,"METAR KMEM 282054Z 03010G17KT 10SM FEW060 31/12 A3006 RMK AO2 SLP176 T03060117 56016 $",2025-09-28 21:51:41.60192,2025-09-28 17:51:41.601963
"KMFI","Marshfield Muni, WI, US",2025-09-28 20:54:00,"2025-09-28 15:54:00","VFR",22.8,5,0,0,NA,NA,1022.4,"METAR KMFI 282054Z AUTO 00000KT 10SM CLR 23/05 A3019 RMK AO2 SLP224 T02280050 56008 $",2025-09-28 21:51:41.608576,2025-09-28 17:51:41.60862
"KLWM","Lawrence Muni, MA, US",2025-09-28 20:54:00,"2025-09-28 16:54:00","VFR",28.3,14.4,250,7,NA,NA,1015,"METAR KLWM 282054Z 25007KT 10SM CLR 28/14 A2997 RMK AO2 SLP147 T02830144 56005",2025-09-28 21:51:41.614986,2025-09-28 17:51:41.615042
"KLWT","Lewistown Muni, MT, US",2025-09-28 20:54:00,"2025-09-28 14:54:00","VFR",23.3,3.9,360,7,NA,NA,1017,"METAR KLWT 282054Z AUTO 36007KT 10SM CLR 23/04 A3003 RMK AO2 SLP138 T02330039 50002",2025-09-28 21:51:41.62143,2025-09-28 17:51:41.621475
"KLYH","Lynchburg/Glenn Fld, VA, US",2025-09-28 20:54:00,"2025-09-28 16:54:00","VFR",26.1,16.1,NA,4,NA,NA,1020.4,"METAR KLYH 282054Z VRB04KT 10SM CLR 26/16 A3013 RMK AO2 SLP193 T02610161 56005",2025-09-28 21:51:41.627967,2025-09-28 17:51:41.62801
"KMFR","Medford/Rogue Valley Intl, OR, US",2025-09-28 20:53:00,"2025-09-28 13:53:00","MVFR",27.8,7.2,310,6,NA,4,1009.2,"METAR KMFR 282053Z 31006KT 4SM FU CLR 28/07 A2980 RMK AO2 SLP083 T02780072 58017",2025-09-28 21:51:41.634465,2025-09-28 17:51:41.634515
"KLXT","Lee's Summit Muni, MO, US",2025-09-28 20:53:00,"2025-09-28 20:53:00","VFR",30.6,16.1,230,8,NA,NA,1019,"METAR KLXT 282053Z AUTO 23008KT 10SM CLR 31/16 A3009 RMK AO2 SLP181 T03060161 56012 $",2025-09-28 21:51:41.641056,2025-09-28 17:51:41.641099
"KMCI","Kansas City Intl, MO, US",2025-09-28 20:53:00,"2025-09-28 15:53:00","VFR",31.1,15,210,7,NA,NA,1018.7,"METAR KMCI 282053Z 21007KT 10SM CLR 31/15 A3008 RMK AO2 SLP176 T03110150 56013 $",2025-09-28 21:51:41.647683,2025-09-28 17:51:41.647727
"KMBS","Saginaw Intl, MI, US",2025-09-28 20:53:00,"2025-09-28 16:53:00","VFR",23.3,4.4,110,6,NA,NA,1022.8,"METAR KMBS 282053Z 11006KT 10SM CLR 23/04 A3020 RMK AO2 SLP225 T02330044 55003",2025-09-28 21:51:41.654277,2025-09-28 17:51:41.654327
"KMAE","Madera Muni, CA, US",2025-09-28 20:53:00,"2025-09-28 13:53:00","VFR",27.8,14.4,330,5,NA,NA,1014.6,"METAR KMAE 282053Z AUTO 33005KT 10SM CLR 28/14 A2996 RMK AO2 SLP142 T02780144 58015",2025-09-28 21:51:41.660855,2025-09-28 17:51:41.660898
"KLXV","Leadville/Lake Cnty, CO, US",2025-09-28 20:53:00,"2025-09-28 14:53:00","VFR",13.3,0,230,7,NA,NA,1029.2,"METAR KLXV 282053Z AUTO 23007KT 180V310 10SM CLR 13/00 A3039 RMK AO2 SLP159 T01330000 58009",2025-09-28 21:51:41.667424,2025-09-28 17:51:41.667468
"KMAI","Marianna Muni, FL, US",2025-09-28 20:53:00,"2025-09-28 20:53:00","VFR",31.7,16.1,40,10,NA,NA,1013.3,"METAR KMAI 282053Z AUTO 04010KT 10SM CLR 32/16 A2992 RMK AO2 SLP129 T03170161 56011",2025-09-28 21:51:41.67392,2025-09-28 17:51:41.673965
"KMCE","Merced/Macready Fld, CA, US",2025-09-28 20:53:00,"2025-09-28 13:53:00","VFR",26.1,14.4,360,3,NA,NA,1014,"METAR KMCE 282053Z AUTO 36003KT 10SM CLR 26/14 A2994 RMK AO2 SLP139 T02610144 58014",2025-09-28 21:51:41.68046,2025-09-28 17:51:41.680506
"KMCK","McCook Muni, NE, US",2025-09-28 20:53:00,"2025-09-28 15:53:00","VFR",31.1,11.7,180,13,22,NA,1017,"METAR KMCK 282053Z AUTO 18013G22KT 10SM CLR 31/12 A3003 RMK AO2 SLP149 T03110117 56020",2025-09-28 21:51:41.686919,2025-09-28 17:51:41.686962
"KMCW","Mason City Muni, IA, US",2025-09-28 20:53:00,"2025-09-28 15:53:00","VFR",26.7,2.8,NA,4,NA,NA,1020.1,"METAR KMCW 282053Z AUTO VRB04KT 10SM CLR 27/03 A3012 RMK AO2 SLP194 T02670028 56015",2025-09-28 21:51:41.69349,2025-09-28 17:51:41.693535
"KMDW","Chicago/Midway Intl, IL, US",2025-09-28 20:53:00,"2025-09-28 15:53:00","VFR",26.1,10.6,60,8,NA,NA,1021.8,"METAR KMDW 282053Z 06008KT 10SM FEW070 26/11 A3017 RMK AO2 SLP207 T02610106 55005 $",2025-09-28 21:51:41.699961,2025-09-28 17:51:41.700005
"KLVJ","Houston/Pearland Rgnl, TX, US",2025-09-28 20:53:00,"2025-09-28 20:53:00","VFR",31.1,12.2,10,7,17,NA,1016,"METAR KLVJ 282053Z AUTO 01007G17KT 10SM CLR 31/12 A3000 RMK AO2 SLP158 T03110122 56018",2025-09-28 21:51:41.706728,2025-09-28 17:51:41.706773
"KLVM","Livingston/Mission Fld, MT, US",2025-09-28 20:53:00,"2025-09-28 14:53:00","VFR",27.8,-1.7,240,5,NA,NA,1015.3,"METAR KLVM 282053Z AUTO 24005KT 10SM CLR 28/M02 A2998 RMK AO2 SLP114 T02781017 58008",2025-09-28 21:51:41.713352,2025-09-28 17:51:41.713398
"KLWV","Lawrenceville-Vincennes Intl, IL, US",2025-09-28 20:53:00,"2025-09-28 15:53:00","VFR",30.6,13.3,160,3,NA,NA,1020.1,"METAR KLWV 282053Z AUTO 16003KT 10SM CLR 31/13 A3012 RMK AO2 SLP196 T03060133 56014",2025-09-28 21:51:41.731742,2025-09-28 17:51:41.731802
"KMCB","McComb/Lewis Fld, MS, US",2025-09-28 20:53:00,"2025-09-28 15:53:00","VFR",30,15.6,30,5,NA,NA,1015.3,"METAR KMCB 282053Z AUTO 03005KT 10SM FEW065 30/16 A2998 RMK AO2 SLP148 T03000156 56015",2025-09-28 21:51:41.738664,2025-09-28 17:51:41.738709
"KMCN","Macon/Middle Georgia Rgnl, GA, US",2025-09-28 20:53:00,"2025-09-28 16:53:00","VFR",31.1,17.8,60,10,NA,NA,1016,"METAR KMCN 282053Z 06010KT 10SM FEW055 31/18 A3000 RMK AO2 SLP153 T03110178 56009",2025-09-28 21:51:41.745181,2025-09-28 17:51:41.745224
"KMFE","McAllen/Miller Intl, TX, US",2025-09-28 20:53:00,"2025-09-28 15:53:00","VFR",33.9,15.6,30,10,19,NA,1014.6,"METAR KMFE 282053Z 03010G19KT 10SM BKN075 34/16 A2996 RMK AO2 SLP143 T03390156 56021 $",2025-09-28 21:51:41.751664,2025-09-28 17:51:41.751708
"KMAF","Midland Intl, TX, US",2025-09-28 20:53:00,"2025-09-28 15:53:00","VFR",28.3,8.9,150,10,NA,NA,1019.4,"METAR KMAF 282053Z 15010KT 10SM CLR 28/09 A3010 RMK AO2 SLP150 T02830089 56017 $",2025-09-28 21:51:41.758289,2025-09-28 17:51:41.758336
"KLSE","La Crosse Muni, WI, US",2025-09-28 20:53:00,"2025-09-28 15:53:00","VFR",25,10,NA,4,NA,NA,1021.1,"METAR KLSE 282053Z VRB04KT 10SM CLR 25/10 A3015 RMK AO2 SLP204 T02500100 56015",2025-09-28 21:51:41.764875,2025-09-28 17:51:41.76492
"KLUK","Cincinnati/Lunken Fld, OH, US",2025-09-28 20:53:00,"2025-09-28 16:53:00","VFR",30.6,12.2,70,6,NA,NA,1020.1,"METAR KLUK 282053Z 07006KT 10SM CLR 31/12 A3012 RMK AO2 SLP195 T03060122 56010",2025-09-28 21:51:41.77145,2025-09-28 17:51:41.771493
"KLVK","Livermore Muni, CA, US",2025-09-28 20:53:00,"2025-09-28 13:53:00","VFR",24.4,13.9,250,11,18,NA,1015,"METAR KLVK 282053Z 25011G18KT 10SM SCT032 24/14 A2997 RMK AO2 SLP144 T02440139 58007",2025-09-28 21:51:41.777932,2025-09-28 17:51:41.777977
"KLVS","Las Vegas Muni, NM, US",2025-09-28 20:53:00,"2025-09-28 14:53:00","VFR",18.9,8.9,200,13,20,NA,1025.5,"METAR KLVS 282053Z AUTO 20013G20KT 10SM CLR 19/09 A3028 RMK AO2 SLP171 T01890089 56021",2025-09-28 21:51:41.784461,2025-09-28 17:51:41.784506
"KMBG","Mobridge Muni, SD, US",2025-09-28 20:52:00,"2025-09-28 15:52:00","VFR",27.2,14.4,180,13,NA,NA,1012.3,"METAR KMBG 282052Z AUTO 18013KT 10SM CLR 27/14 A2989 RMK AO2 SLP113 T02720144 56010",2025-09-28 21:51:41.791018,2025-09-28 17:51:41.791062
"KMDH","Murphysboro/S Illinois Arpt, IL, US",2025-09-28 20:52:00,"2025-09-28 15:52:00","VFR",30.6,12.2,90,6,NA,NA,1019.7,"METAR KMDH 282052Z 09006KT 10SM CLR 31/12 A3011 RMK AO2 SLP193 T03060122 56014",2025-09-28 21:51:41.797633,2025-09-28 17:51:41.797678
"KMEB","Laurinberg/Maxton Arpt, NC, US",2025-09-28 20:52:00,"2025-09-28 16:52:00","VFR",26.7,20,30,7,NA,NA,1018,"METAR KMEB 282052Z AUTO 03007KT 10SM SCT031 27/20 A3006 RMK AO2 SLP175 T02670200 55007",2025-09-28 21:51:41.804152,2025-09-28 17:51:41.804196
"KMFD","Mansfield/Lahm Rgnl, OH, US",2025-09-28 20:52:00,"2025-09-28 16:52:00","VFR",28.3,12.8,360,7,NA,NA,1021.4,"METAR KMFD 282052Z 36007KT 10SM CLR 28/13 A3016 RMK AO2 SLP204 T02830128 56004",2025-09-28 21:51:41.810613,2025-09-28 17:51:41.81066
"KLWC","Lawrence Muni, KS, US",2025-09-28 20:52:00,"2025-09-28 15:52:00","VFR",32.2,14.4,250,5,NA,NA,1018.4,"METAR KLWC 282052Z AUTO 25005KT 10SM CLR 32/14 A3007 RMK AO1 SLP174 T03220144 56014",2025-09-28 21:51:41.817063,2025-09-28 17:51:41.817106
"KLWB","Lewisburg/Greenbrier Valley Arpt, WV, US",2025-09-28 20:51:00,"2025-09-28 16:51:00","VFR",25,15,120,4,NA,NA,1022.1,"METAR KLWB 282051Z 12004KT 10SM SCT050 25/15 A3018",2025-09-28 21:51:41.823632,2025-09-28 17:51:41.823675
"KMRF","Marfa Muni, TX, US",2025-09-28 21:50:00,"2025-09-28 16:50:00",NA,19,16,20,16,NA,NA,1021.8,"SPECI KMRF 282150Z AUTO 02016KT 10SM VCTS -RA 19/16 A3017 RMK AO2 PK WND 01028/2043 WSHFT 2018 LTG DSNT ALQDS TSB2058E13B44RAB2054 P0006 $",2025-09-28 21:51:43.323586,2025-09-28 17:51:43.323631
"KMTH","Marathon Arpt, FL, US",2025-09-28 21:48:00,"2025-09-28 17:48:00","VFR",30,24,80,4,NA,NA,1008.5,"SPECI KMTH 282148Z AUTO 08004KT 10SM TS SCT028 BKN046 30/24 A2978 RMK AO2 LTG DSNT NW-NE TSB42 $",2025-09-28 21:51:43.330329,2025-09-28 17:51:43.330373
"KMWA","Marion Rgnl, IL, US",2025-09-28 21:45:00,"2025-09-28 16:45:00","VFR",29,13,80,7,NA,NA,1019.7,"METAR KMWA 282145Z 08007KT 10SM CLR 29/13 A3011",2025-09-28 21:51:43.336854,2025-09-28 17:51:43.3369
"KMTN","Baltimore/Martin State Arpt, MD, US",2025-09-28 21:45:00,"2025-09-28 17:45:00","VFR",26,19,190,4,NA,NA,1019.4,"METAR KMTN 282145Z 19004KT 10SM CLR 26/19 A3010",2025-09-28 21:51:43.343384,2025-09-28 17:51:43.343427
"KMMU","Morristown Muni, NJ, US",2025-09-28 21:45:00,"2025-09-28 17:45:00","VFR",28,17,0,0,NA,NA,1017.7,"METAR KMMU 282145Z 00000KT 10SM SCT250 28/17 A3005",2025-09-28 21:51:43.349995,2025-09-28 17:51:43.350041
"KMWC","Milwaukee/Timmerman Arpt, WI, US",2025-09-28 21:45:00,"2025-09-28 16:45:00","VFR",22,9,0,0,NA,NA,1023.1,"METAR KMWC 282145Z 00000KT 10SM CLR 22/09 A3021",2025-09-28 21:51:43.356571,2025-09-28 17:51:43.356615
"KMLE","Omaha/Millard Arpt, NE, US",2025-09-28 21:35:00,"2025-09-28 21:35:00","VFR",29.7,11,140,6,NA,NA,1018.7,"METAR KMLE 282135Z AUTO 14006KT 10SM CLR 30/11 A3008 RMK AO2 T02970110",2025-09-28 21:51:43.363139,2025-09-28 17:51:43.363185
"KMIO","Miami Muni, OK, US",2025-09-28 21:35:00,"2025-09-28 21:35:00","VFR",NA,NA,0,0,NA,NA,1019,"METAR KMIO 282135Z AUTO 00000KT 10SM CLR A3009 RMK A01",2025-09-28 21:51:43.369727,2025-09-28 17:51:43.36979
"KMMI","Athens/McMinn Cnty, TN, US",2025-09-28 21:35:00,"2025-09-28 17:35:00","VFR",28,16,20,8,NA,NA,1019,"METAR KMMI 282135Z AUTO 02008KT 10SM CLR 28/16 A3009 RMK A01",2025-09-28 21:51:43.376293,2025-09-28 17:51:43.376339
"KMOR","Morristown/Moore Arpt, TN, US",2025-09-28 21:35:00,"2025-09-28 21:35:00","VFR",27,17,NA,3,NA,NA,1019.7,"METAR KMOR 282135Z AUTO VRB03KT 10SM CLR 27/17 A3011 RMK A01",2025-09-28 21:51:43.382856,2025-09-28 17:51:43.382899
"KMHR","Sacramento/Mather Fld, CA, US",2025-09-28 21:35:00,"2025-09-28 14:35:00","VFR",23,16,340,5,10,NA,1014.6,"METAR KMHR 282135Z AUTO 34005G10KT 10SM OVC031 23/16 A2996 RMK AO2",2025-09-28 21:51:43.389439,2025-09-28 17:51:43.389482
"KMZJ","Marana/Pinal Aprk, AZ, US",2025-09-28 21:35:00,"2025-09-28 14:35:00","VFR",31,11,NA,5,NA,NA,1014.6,"METAR KMZJ 282135Z AUTO VRB05KT 10SM CLR 31/11 A2996 RMK AO2",2025-09-28 21:51:43.396088,2025-09-28 17:51:43.396132
"KMGG","Maple Lake Muni, MN, US",2025-09-28 21:35:00,"2025-09-28 21:35:00","VFR",25.6,5.8,140,4,NA,NA,1019.4,"METAR KMGG 282135Z AUTO 14004KT 10SM CLR 26/06 A3010 RMK AO2 T02560058",2025-09-28 21:51:43.402638,2025-09-28 17:51:43.402683
"KMVE","Montevideo/Chippewa Cnty, MN, US",2025-09-28 21:35:00,"2025-09-28 16:35:00","VFR",29,7,180,9,NA,NA,1017.4,"METAR KMVE 282135Z AUTO 18009KT 140V200 10SM CLR 29/07 A3004 RMK AO2",2025-09-28 21:51:43.409133,2025-09-28 17:51:43.409177
"KMWM","Windom Muni, MN, US",2025-09-28 21:35:00,"2025-09-28 21:35:00","VFR",28,4,170,6,NA,NA,1019,"METAR KMWM 282135Z AUTO 17006KT 10SM CLR 28/04 A3009 RMK AO2",2025-09-28 21:51:43.415643,2025-09-28 17:51:43.415686
"KMOX","Morris Muni, MN, US",2025-09-28 21:35:00,"2025-09-28 21:35:00","VFR",29,7,180,14,NA,NA,1016,"METAR KMOX 282135Z AUTO 18014KT 10SM CLR 29/07 A3000 RMK AO2 TSNO",2025-09-28 21:51:43.422188,2025-09-28 17:51:43.422231
"KMWO","Middletown/Hook Fld, OH, US",2025-09-28 21:35:00,"2025-09-28 17:35:00","VFR",31,11,0,0,NA,NA,1020.4,"METAR KMWO 282135Z AUTO 00000KT 10SM CLR 31/11 A3013 RMK AO2",2025-09-28 21:51:43.428857,2025-09-28 17:51:43.428903
"KMHP","Metter Muni, GA, US",2025-09-28 21:35:00,"2025-09-28 21:35:00","VFR",29.4,20.7,50,8,NA,NA,1015.3,"METAR KMHP 282135Z AUTO 05008KT 10SM SCT037 SCT045 BKN060 29/21 A2998 RMK AO2 T02940207",2025-09-28 21:51:43.435631,2025-09-28 17:51:43.435676
"KMPR","McPherson Arpt, KS, US",2025-09-28 21:35:00,"2025-09-28 21:35:00","VFR",30.7,15.2,180,9,NA,NA,1018.7,"METAR KMPR 282135Z AUTO 18009KT 10SM CLR 31/15 A3008 RMK AO2 T03070152",2025-09-28 21:51:43.454473,2025-09-28 17:51:43.454519
"KMGN","Harbor Springs Arpt, MI, US",2025-09-28 21:35:00,"2025-09-28 21:35:00","VFR",22,6.9,270,5,NA,NA,1022.8,"METAR KMGN 282135Z AUTO 27005KT 10SM CLR 22/06 A3020 RMK AO2 T02200069",2025-09-28 21:51:43.461241,2025-09-28 17:51:43.461327
"KMOP","Mount Pleasant Muni, MI, US",2025-09-28 21:35:00,"2025-09-28 21:35:00","VFR",24.2,3,70,3,NA,NA,1022.4,"METAR KMOP 282135Z AUTO 07003KT 10SM CLR 24/03 A3019 RMK AO2 T02420030",2025-09-28 21:51:43.467823,2025-09-28 17:51:43.467865
"KMZH","Moose Lake/Carlton C, MN, US",2025-09-28 21:35:00,"2025-09-28 21:35:00","VFR",25,8,180,5,NA,NA,1019.4,"METAR KMZH 282135Z AUTO 18005KT 10SM CLR 25/08 A3010 RMK AO2",2025-09-28 21:51:43.474283,2025-09-28 17:51:43.474331
"KMJQ","Jackson Muni, MN, US",2025-09-28 21:35:00,"2025-09-28 21:35:00","VFR",27,3,150,8,NA,NA,1019.7,"METAR KMJQ 282135Z AUTO 15008KT 10SM CLR 27/03 A3011 RMK AO2",2025-09-28 21:51:43.480897,2025-09-28 17:51:43.480941
"KMQB","Macomb Muni, IL, US",2025-09-28 21:35:00,"2025-09-28 16:35:00","VFR",31.7,8.3,190,4,NA,NA,1020.4,"METAR KMQB 282135Z AUTO 19004KT 10SM CLR 32/08 A3013 RMK AO2 T03170083",2025-09-28 21:51:43.487525,2025-09-28 17:51:43.487571
"KMKN","Comanche Cnty, TX, US",2025-09-28 21:35:00,"2025-09-28 21:35:00","VFR",30.7,12.4,120,7,NA,NA,1018.7,"METAR KMKN 282135Z AUTO 12007KT 10SM CLR 31/12 A3008 RMK AO2 T03070124",2025-09-28 21:51:43.494123,2025-09-28 17:51:43.494167
"KMJD","Picayune Muni, MS, US",2025-09-28 21:35:00,"2025-09-28 21:35:00","VFR",32,17,40,7,12,NA,1013.6,"METAR KMJD 282135Z AUTO 04007G12KT 10SM SCT070 BKN080 32/17 A2993 RMK AO2",2025-09-28 21:51:43.500738,2025-09-28 17:51:43.500782
"KMKS","Moncks Corner/Berkeley Cnty, SC, US",2025-09-28 21:35:00,"2025-09-28 21:35:00","VFR",26,21,50,6,NA,NA,1016,"METAR KMKS 282135Z AUTO 05006KT 10SM SCT024 SCT030 26/21 A3000 RMK AO2",2025-09-28 21:51:43.507331,2025-09-28 17:51:43.507377
"KMYZ","Marysville Muni, KS, US",2025-09-28 21:35:00,"2025-09-28 21:35:00","VFR",32,10,170,7,NA,NA,1018.4,"METAR KMYZ 282135Z AUTO 17007KT 10SM CLR 32/10 A3007 RMK AO2",2025-09-28 21:51:43.513862,2025-09-28 17:51:43.513906
"KMLJ","Milledgeville/Baldwin Cnty, GA, US",2025-09-28 21:35:00,"2025-09-28 21:35:00","VFR",29,21,70,7,NA,NA,1016,"METAR KMLJ 282135Z AUTO 07007KT 10SM CLR 29/21 A3000 RMK AO2",2025-09-28 21:51:43.520529,2025-09-28 17:51:43.520574
"KMNI","Manning/Cooper Rgnl, SC, US",2025-09-28 21:35:00,"2025-09-28 21:35:00","VFR",25,21,50,6,NA,NA,1016.3,"METAR KMNI 282135Z AUTO 05006KT 10SM SCT024 25/21 A3001 RMK AO2",2025-09-28 21:51:43.527099,2025-09-28 17:51:43.527143
"KMNZ","Hamilton Muni, TX, US",2025-09-28 21:35:00,"2025-09-28 21:35:00","VFR",30,13,140,8,NA,NA,1018.4,"METAR KMNZ 282135Z AUTO 14008KT 10SM CLR 30/13 A3007 RMK AO2",2025-09-28 21:51:43.53365,2025-09-28 17:51:43.533694
"KMUT","Muscatine Muni, IA, US",2025-09-28 21:35:00,"2025-09-28 16:35:00",NA,32,14,160,7,NA,0.75,1019.4,"METAR KMUT 282135Z AUTO 16007KT 130V190 3/4SM HZ 32/14 A3010 RMK AO2",2025-09-28 21:51:43.540079,2025-09-28 17:51:43.540123
"KMZZ","Marion Muni, IN, US",2025-09-28 21:35:00,"2025-09-28 17:35:00","VFR",30.5,6.8,360,4,NA,7,1020.7,"METAR KMZZ 282135Z AUTO 36004KT 7SM CLR 31/07 A3014 RMK AO2 T03050068",2025-09-28 21:51:43.54656,2025-09-28 17:51:43.546603
"KMXO","Monticello Rgnl, IA, US",2025-09-28 21:35:00,"2025-09-28 21:35:00","VFR",29,17,70,6,NA,NA,1019.4,"METAR KMXO 282135Z AUTO 07006KT 10SM CLR 29/17 A3010 RMK AO2",2025-09-28 21:51:43.55313,2025-09-28 17:51:43.553174
"KMNV","Madisonville/Monroe Cnty, TN, US",2025-09-28 21:35:00,"2025-09-28 21:35:00","VFR",27,17,20,7,NA,NA,1019,"METAR KMNV 282135Z AUTO 02007KT 10SM CLR 27/17 A3009 RMK A01",2025-09-28 21:51:43.559784,2025-09-28 17:51:43.559829
"KMRT","Marysville/Union Cnty, OH, US",2025-09-28 21:34:00,"2025-09-28 21:34:00","VFR",30,11,70,4,NA,NA,1020.7,"METAR KMRT 282134Z 07004KT 10SM CLR 30/11 A3014 RMK AO2",2025-09-28 21:51:43.566466,2025-09-28 17:51:43.566512
"KMPZ","Mount Pleasant Muni, IA, US",2025-09-28 21:30:00,"2025-09-28 16:30:00","VFR",30,12,200,5,NA,NA,1019.7,"METAR KMPZ 282130Z AUTO 20005KT 10SM CLR 30/12 A3011 RMK AO2",2025-09-28 21:51:43.573093,2025-09-28 17:51:43.573138
"KMRC","Columbia/Maury Cnty, TN, US",2025-09-28 21:30:00,"2025-09-28 16:30:00","VFR",30,12,NA,4,12,NA,1018,"METAR KMRC 282130Z AUTO VRB04G12KT 10SM CLR 30/12 A3006 RMK A01",2025-09-28 21:51:43.591562,2025-09-28 17:51:43.591608
"KMHV","Mojave Arpt, CA, US",2025-09-28 21:20:00,"2025-09-28 14:20:00","VFR",27,11,NA,5,NA,NA,1016,"METAR KMHV 282120Z AUTO VRB05KT 10SM CLR 27/11 A3000 RMK AO2",2025-09-28 21:51:43.598312,2025-09-28 17:51:43.598356
"KN03","Cortland/Cortland Cnty, NY, US",2025-09-28 21:15:00,"2025-09-28 17:15:00","VFR",23,13,320,6,NA,NA,1020.7,"METAR KN03 282115Z AUTO 32006KT 10SM CLR 23/13 A3014 RMK AO2",2025-09-28 21:51:43.604743,2025-09-28 17:51:43.604789
"KMTV","Martinsville/Blue Ridge Arpt, VA, US",2025-09-28 21:15:00,"2025-09-28 21:15:00","VFR",25.1,15,100,5,NA,NA,1021.1,"METAR KMTV 282115Z AUTO 10005KT 10SM CLR 25/15 A3015 RMK AO2 T02510150",2025-09-28 21:51:43.611155,2025-09-28 17:51:43.611199
"KMQS","Coatesville/Chester Cnty, PA, US",2025-09-28 21:15:00,"2025-09-28 17:15:00","VFR",27,15,320,4,NA,NA,1019.4,"METAR KMQS 282115Z AUTO 32004KT 10SM CLR 27/15 A3010 RMK AO2",2025-09-28 21:51:43.617675,2025-09-28 17:51:43.617718
"KMGR","Moultrie Muni, GA, US",2025-09-28 21:15:00,"2025-09-28 17:15:00","VFR",30.6,17.9,40,11,16,NA,1014,"METAR KMGR 282115Z AUTO 04011G16KT 10SM FEW055 31/18 A2994 RMK AO2 T03060179 $",2025-09-28 21:51:43.62428,2025-09-28 17:51:43.62433
"KMKJ","Marion/Mountain Empire Arpt, VA, US",2025-09-28 21:15:00,"2025-09-28 21:15:00","VFR",21.6,15.2,20,4,NA,NA,1023.1,"METAR KMKJ 282115Z AUTO 02004KT 10SM SCT039 BKN050 OVC085 22/15 A3021 RMK AO2 T02160152",2025-09-28 21:51:43.630814,2025-09-28 17:51:43.630859
"KMYJ","Mexico Mem, MO, US",2025-09-28 21:15:00,"2025-09-28 21:15:00","VFR",30,12,220,3,NA,NA,1020.1,"METAR KMYJ 282115Z AUTO 22003KT 10SM CLR 30/12 A3012 RMK AO2",2025-09-28 21:51:43.637398,2025-09-28 17:51:43.637442
"KMHL","Marshall Muni, MO, US",2025-09-28 21:15:00,"2025-09-28 16:15:00","VFR",31,16,190,6,NA,NA,1019.4,"METAR KMHL 282115Z AUTO 19006KT 10SM SCT065 31/16 A3010 RMK AO2",2025-09-28 21:51:43.644038,2025-09-28 17:51:43.644082
"KMQJ","Indianapolis Rgnl, IN, US",2025-09-28 21:15:00,"2025-09-28 21:15:00","VFR",30.6,12.2,NA,6,NA,9,1020.4,"METAR KMQJ 282115Z AUTO VRB06KT 9SM CLR 31/12 A3013 RMK AO2 T03060122 $",2025-09-28 21:51:43.650637,2025-09-28 17:51:43.65068
"KMMH","Mammoth/Yosemite Arpt, CA, US",2025-09-28 21:15:00,"2025-09-28 14:15:00","VFR",18,6,100,11,18,NA,1021.8,"METAR KMMH 282115Z AUTO 10011G18KT 10SM FEW095 SCT120 18/06 A3017 RMK AO2 LTG DSNT W-NE",2025-09-28 21:51:43.657199,2025-09-28 17:51:43.657243
"KMRH","Beaufort/Smith Fld, NC, US",2025-09-28 21:09:00,"2025-09-28 21:09:00","VFR",23.9,22.2,20,9,NA,NA,1017.4,"SPECI KMRH 282109Z AUTO 02009KT 10SM -RA FEW008 BKN070 BKN090 24/22 A3004 RMK AO2 P0000 T02390222",2025-09-28 21:51:43.663694,2025-09-28 17:51:43.663744
"KMYR","Myrtle Beach Intl, SC, US",2025-09-28 21:08:00,"2025-09-28 17:08:00","VFR",26,22,20,8,NA,NA,1016.7,"SPECI KMYR 282108Z 02008KT 10SM SCT024 BKN037 26/22 A3002 RMK AO2 $",2025-09-28 21:51:43.670146,2025-09-28 17:51:43.67019
"KMYV","Marysville/Yuba Cnty, CA, US",2025-09-28 21:06:00,"2025-09-28 14:06:00","VFR",22.2,13.9,190,7,NA,NA,1015.3,"SPECI KMYV 282106Z AUTO 19007KT 10SM OVC031 22/14 A2998 RMK AO2 T02220139",2025-09-28 21:51:43.676728,2025-09-28 17:51:43.676771
"KMNM","Menominee/Twin Cnty, MI, US",2025-09-28 20:57:00,"2025-09-28 15:57:00","VFR",23.3,5.6,230,6,NA,NA,1022.4,"METAR KMNM 282057Z AUTO 23006KT 10SM CLR 23/06 A3019 RMK AO2 SLP224 T02330056 56003 $",2025-09-28 21:51:43.683242,2025-09-28 17:51:43.683306
"KMWN","Mount Washington(OBS), NH, US",2025-09-28 20:57:00,"2025-09-28 20:57:00","VFR",9,7,290,51,59,45,NA,"METAR KMWN 282057Z 29051G59KT 45SM FEW005 SCT015 SCT200 09/07 RMK HZ DSNT N-SE",2025-09-28 21:51:43.689681,2025-09-28 17:51:43.689723
"KMTC","Selfridge ANGB, MI, US",2025-09-28 20:56:00,"2025-09-28 16:56:00","VFR",24.6,11.9,80,8,NA,NA,1020.7,"METAR KMTC 282056Z 08008KT 10SM FEW050 25/12 A3014 RMK AO2A SLP208 T02460119 55000 $",2025-09-28 21:51:43.696141,2025-09-28 17:51:43.696186
"KMOB","Mobile Rgnl, AL, US",2025-09-28 20:56:00,"2025-09-28 15:56:00","VFR",31.7,16.1,350,7,NA,NA,1014.3,"METAR KMOB 282056Z 35007KT 10SM SCT050 BKN065 32/16 A2995 RMK AO2 SLP139 T03170161 56014",2025-09-28 21:51:43.702826,2025-09-28 17:51:43.702871
"KMJX","Toms River/Miller Arpt, NJ, US",2025-09-28 20:56:00,"2025-09-28 16:56:00","VFR",27.2,17.8,300,4,NA,NA,1018,"METAR KMJX 282056Z AUTO 30004KT 10SM CLR 27/18 A3006 RMK AO2 SLP183 T02720178 55004 $",2025-09-28 21:51:43.709587,2025-09-28 17:51:43.709631
"KMQY","Smyrna Arpt, TN, US",2025-09-28 20:56:00,"2025-09-28 15:56:00","VFR",30.6,13.9,70,11,NA,NA,1019,"METAR KMQY 282056Z 07011KT 10SM CLR 31/14 A3009 RMK AO2 SLP194 6//// T03060139 56011",2025-09-28 21:51:43.727876,2025-09-28 17:51:43.72792
"KMKY","Marco Island Arpt, FL, US",2025-09-28 20:56:00,"2025-09-28 16:56:00","VFR",27.8,24.4,20,12,NA,9,NA,"METAR KMKY 282056Z AUTO 02012KT 9SM -RA SCT035 OVC042 28/24 RMK AO2 LTG DSNT SE RAB17E35B54 SLPNO P0000 60000 T02780244 $",2025-09-28 21:51:43.734512,2025-09-28 17:51:43.734558
"KMVN","Mount Vernon Arpt, IL, US",2025-09-28 20:56:00,"2025-09-28 20:56:00","VFR",31.7,12.2,80,7,NA,NA,1020.1,"METAR KMVN 282056Z AUTO 08007KT 10SM CLR 32/12 A3012 RMK AO2 SLP201 T03170122 56013 $",2025-09-28 21:51:43.740942,2025-09-28 17:51:43.740986
"KMKT","Mankato Rgnl, MN, US",2025-09-28 20:56:00,"2025-09-28 20:56:00","VFR",26.7,5.6,160,6,NA,NA,1020.1,"METAR KMKT 282056Z AUTO 16006KT 10SM CLR 27/06 A3012 RMK AO2 SLP199 6//// T02670056 56015 PNO $",2025-09-28 21:51:43.74736,2025-09-28 17:51:43.747403
"KMTW","Manitowoc Muni, WI, US",2025-09-28 20:56:00,"2025-09-28 15:56:00","VFR",21.1,10,130,6,NA,NA,1022.8,"METAR KMTW 282056Z AUTO 13006KT 10SM CLR 21/10 A3020 RMK AO2 SLP226 T02110100 56004",2025-09-28 21:51:43.753891,2025-09-28 17:51:43.753938
"KMML","Marshall Muni, MN, US",2025-09-28 20:56:00,"2025-09-28 15:56:00","VFR",29.4,5,190,13,NA,NA,1017.7,"METAR KMML 282056Z AUTO 19013KT 10SM CLR 29/05 A3005 RMK AO2 SLP174 T02940050 56017",2025-09-28 21:51:43.760619,2025-09-28 17:51:43.760663
"KMKG","Muskegon Cnty Arpt, MI, US",2025-09-28 20:55:00,"2025-09-28 16:55:00","VFR",24.4,10,270,7,NA,NA,1022.1,"METAR KMKG 282055Z 27007KT 10SM CLR 24/10 A3018 RMK AO2 SLP219 T02440100 56004 $",2025-09-28 21:51:43.76724,2025-09-28 17:51:43.767303
"KMGE","Marietta/Dobbins AFB, GA, US",2025-09-28 20:55:00,"2025-09-28 16:55:00","VFR",29.3,15.4,50,9,NA,NA,1017,"METAR KMGE 282055Z AUTO 05009KT 10SM CLR 29/15 A3003 RMK AO2 SLP160 T02930154 56007 $",2025-09-28 21:51:43.773819,2025-09-28 17:51:43.773863
"KMPE","Philadelphia Muni, MS, US",2025-09-28 20:55:00,"2025-09-28 20:55:00","VFR",NA,NA,40,7,NA,NA,1015.3,"METAR KMPE 282055Z AUTO 04007KT 360V060 10SM CLR A2998 RMK AO2",2025-09-28 21:51:43.780448,2025-09-28 17:51:43.780493
"KMIB","Minot AFB, ND, US",2025-09-28 20:55:00,"2025-09-28 15:55:00","VFR",30.5,7,310,3,NA,NA,1010.6,"METAR KMIB 282055Z 31003KT 10SM FEW200 31/07 A2984 RMK AO2A SLP104 T03050070 57003 $",2025-09-28 21:51:43.786991,2025-09-28 17:51:43.787035
"KMXF","Maxwell AFB, AL, US",2025-09-28 20:55:00,"2025-09-28 15:55:00","VFR",32.9,14.9,30,6,NA,NA,1014,"METAR KMXF 282055Z AUTO 03006KT 10SM CLR 33/15 A2994 RMK AO2 SLP139 T03290149 57015",2025-09-28 21:51:43.793528,2025-09-28 17:51:43.793572
"KMUO","Mountain Home AFB, ID, US",2025-09-28 20:55:00,"2025-09-28 14:55:00","VFR",30.1,1.5,10,4,NA,NA,1011.6,"METAR KMUO 282055Z AUTO 01004KT 10SM CLR 30/02 A2987 RMK AO2 SLP094 T03010015 57015 $",2025-09-28 21:51:43.800112,2025-09-28 17:51:43.800156
"KMUI","Fort Indiantown Gap/Muir AAF, PA, US",2025-09-28 20:55:00,"2025-09-28 16:55:00","VFR",30.6,15.4,290,3,NA,NA,1018,"METAR KMUI 282055Z AUTO 29003KT 10SM CLR 31/15 A3006 RMK AO2 SLP179 T03060154 55004 $",2025-09-28 21:51:43.806672,2025-09-28 17:51:43.806716
"KMKC","Kansas City/Wheeler Downtown Arpt, MO, US",2025-09-28 20:54:00,"2025-09-28 15:54:00","VFR",31.7,15,NA,6,NA,NA,1018,"METAR KMKC 282054Z VRB06KT 10SM CLR 32/15 A3006 RMK AO2 SLP172 T03170150 56015",2025-09-28 21:51:43.813254,2025-09-28 17:51:43.813319
"KMIV","Millville Muni, NJ, US",2025-09-28 20:54:00,"2025-09-28 16:54:00","VFR",27.2,16.7,350,4,NA,NA,1018,"METAR KMIV 282054Z AUTO 35004KT 10SM CLR 27/17 A3006 RMK AO2 SLP177 T02720167 57004",2025-09-28 21:51:43.819804,2025-09-28 17:51:43.819848
"KMGJ","Montgomery/Orange Cnty, NY, US",2025-09-28 20:54:00,"2025-09-28 16:54:00","VFR",27.8,15.6,230,5,NA,NA,1016.7,"METAR KMGJ 282054Z AUTO 23005KT 10SM CLR 28/16 A3002 RMK AO2 SLP163 6//// T02780156 55005 PNO",2025-09-28 21:51:43.826297,2025-09-28 17:51:43.826345
"KMOT","Minot Intl, ND, US",2025-09-28 20:54:00,"2025-09-28 15:54:00","VFR",30,9.4,40,3,NA,NA,1011.6,"METAR KMOT 282054Z 04003KT 10SM CLR 30/09 A2987 RMK AO2 SLP110 T03000094 55005",2025-09-28 21:51:43.832839,2025-09-28 17:51:43.832883
"KMTP","Montauk Arpt, NY, US",2025-09-28 20:54:00,"2025-09-28 16:54:00",NA,23.9,17.2,NA,4,NA,NA,1017.4,"METAR KMTP 282054Z AUTO VRB04KT 24/17 A3004 RMK AO1 SLP173 T02390172 55005",2025-09-28 21:51:43.83953,2025-09-28 17:51:43.839575
"KMRY","Monterey Rgnl, CA, US",2025-09-28 20:54:00,"2025-09-28 13:54:00","VFR",22.2,15,NA,NA,NA,NA,1015.3,"METAR KMRY 282054Z 10SM BKN039 22/15 A2998 RMK AO2 SLP163 T02220150 58011",2025-09-28 21:51:43.846238,2025-09-28 17:51:43.846302
"KMVL","Morrisville-Stowe State Arpt, VT, US",2025-09-28 20:54:00,"2025-09-28 16:54:00","VFR",23.9,10,330,13,21,NA,1017.7,"METAR KMVL 282054Z AUTO 33013G21KT 10SM CLR 24/10 A3005 RMK AO2 SLP176 T02390100 53016 $",2025-09-28 21:51:43.864672,2025-09-28 17:51:43.864716
"KMRB","Martinsburg/E West Virginia Rgnl, WV, US",2025-09-28 20:53:00,"2025-09-28 16:53:00","VFR",28.9,14.4,0,0,NA,NA,1019.4,"METAR KMRB 282053Z AUTO 00000KT 10SM CLR 29/14 A3010 RMK AO2 SLP188 T02890144 56008 PWINO",2025-09-28 21:51:43.871237,2025-09-28 17:51:43.871299
"KMGY","Dayton/Wright Brothers Arpt, OH, US",2025-09-28 20:53:00,"2025-09-28 16:53:00","VFR",29.4,10,0,0,NA,NA,1020.4,"METAR KMGY 282053Z AUTO 00000KT 10SM CLR 29/10 A3013 RMK AO2 SLP197 T02940100 58009",2025-09-28 21:51:43.877736,2025-09-28 17:51:43.877781
"KMHE","Mitchell Muni, SD, US",2025-09-28 20:53:00,"2025-09-28 15:53:00","VFR",29.4,11.1,160,16,22,NA,1016.3,"METAR KMHE 282053Z AUTO 16016G22KT 10SM -RA CLR 29/11 A3001 RMK AO2 RAB50 SLP157 P0000 60000 T02940111 56018",2025-09-28 21:51:43.884192,2025-09-28 17:51:43.884236
"KMMV","McMinnville Muni, OR, US",2025-09-28 20:53:00,"2025-09-28 20:53:00","VFR",22.8,10.6,200,10,17,NA,1009.6,"METAR KMMV 282053Z AUTO 20010G17KT 10SM CLR 23/11 A2981 RMK AO2 SLP094 T02280106 58005",2025-09-28 21:51:43.89075,2025-09-28 17:51:43.890795
"KMWL","Mineral Wells Arpt, TX, US",2025-09-28 20:53:00,"2025-09-28 15:53:00","VFR",30.6,14.4,0,0,NA,NA,1017.7,"METAR KMWL 282053Z AUTO 00000KT 10SM SCT070 31/14 A3005 RMK AO2 SLP164 T03060144 56020",2025-09-28 21:51:43.897305,2025-09-28 17:51:43.89735
"KMTJ","Montrose Rgnl, CO, US",2025-09-28 20:53:00,"2025-09-28 14:53:00","VFR",18.9,7.8,270,9,NA,NA,1022.8,"METAR KMTJ 282053Z AUTO 27009KT 240V300 10SM SCT060 BKN080 BKN100 19/08 A3020 RMK AO2 LTG DSNT SE AND SW RAB12E23 SLP164 P0001 60001 T01890078 56012",2025-09-28 21:51:43.903841,2025-09-28 17:51:43.903885
"KMTO","Mattoon/Coles Cnty, IL, US",2025-09-28 20:53:00,"2025-09-28 15:53:00","VFR",31.1,9.4,110,6,NA,NA,1020.1,"METAR KMTO 282053Z AUTO 11006KT 10SM CLR 31/09 A3012 RMK AO2 SLP194 T03110094 56012",2025-09-28 21:51:43.910378,2025-09-28 17:51:43.910423
"KMIW","Marshalltown Muni, IA, US",2025-09-28 20:53:00,"2025-09-28 20:53:00","VFR",28.3,13.9,NA,NA,NA,NA,1019.4,"METAR KMIW 282053Z AUTO 10SM CLR 28/14 A3010 RMK AO2 SLP188 T02830139 56018",2025-09-28 21:51:43.917003,2025-09-28 17:51:43.917049
"KMKL","Jackson/McKellar Rgnl, TN, US",2025-09-28 20:53:00,"2025-09-28 15:53:00","VFR",30.6,13.3,80,8,NA,NA,1018.7,"METAR KMKL 282053Z 08008KT 10SM CLR 31/13 A3008 RMK AO1 SLP182 T03060133 56013",2025-09-28 21:51:43.923564,2025-09-28 17:51:43.923608
"KMKO","Muskogee/Davis Fld, OK, US",2025-09-28 20:53:00,"2025-09-28 20:53:00","VFR",30,14.4,NA,4,NA,NA,1019.4,"METAR KMKO 282053Z AUTO VRB04KT 10SM CLR 30/14 A3010 RMK AO2 SLP186 T03000144 56018",2025-09-28 21:51:43.930085,2025-09-28 17:51:43.930128
"KMLS","Miles City/Wiley Fld, MT, US",2025-09-28 20:53:00,"2025-09-28 14:53:00","VFR",30,2.2,0,0,NA,NA,1011.9,"METAR KMLS 282053Z AUTO 00000KT 10SM CLR 30/02 A2988 RMK AO2 SLP103 T03000022 56006",2025-09-28 21:51:43.936687,2025-09-28 17:51:43.93673
"KMHT","Manchester Rgnl, NH, US",2025-09-28 20:53:00,"2025-09-28 16:53:00","VFR",29.4,14.4,290,8,NA,NA,1014,"METAR KMHT 282053Z 29008KT 10SM SCT070 SCT085 SCT250 29/14 A2994 RMK AO2 SLP148 T02940144 56004",2025-09-28 21:51:43.943146,2025-09-28 17:51:43.943188
"KMSS","Massena Intl, NY, US",2025-09-28 20:53:00,"2025-09-28 16:53:00","VFR",23.3,6.7,270,8,NA,NA,1018.7,"METAR KMSS 282053Z AUTO 27008KT 10SM CLR 23/07 A3008 RMK AO2 SLP186 T02330067 53009",2025-09-28 21:51:43.94962,2025-09-28 17:51:43.949664
"KMLT","Millinocket Muni, ME, US",2025-09-28 20:53:00,"2025-09-28 20:53:00","VFR",23.3,8.3,300,11,22,NA,1013,"METAR KMLT 282053Z AUTO 30011G22KT 10SM CLR 23/08 A2991 RMK AO2 SLP132 T02330083 53019",2025-09-28 21:51:43.956112,2025-09-28 17:51:43.956156
"KMMK","Meriden/Markham Muni, CT, US",2025-09-28 20:53:00,"2025-09-28 20:53:00","VFR",26.7,18.3,170,6,NA,NA,1016.7,"METAR KMMK 282053Z AUTO 17006KT 10SM CLR 27/18 A3002 RMK AO2 SLP162 T02670183 55005 $",2025-09-28 21:51:43.962707,2025-09-28 17:51:43.962754
"KMNN","Marion Muni, OH, US",2025-09-28 20:53:00,"2025-09-28 16:53:00","VFR",31.1,10.6,0,0,NA,NA,1020.4,"METAR KMNN 282053Z AUTO 00000KT 10SM BKN080 31/11 A3013 RMK AO2 SLP201 T03110106 56006 $",2025-09-28 21:51:43.969242,2025-09-28 17:51:43.969315
"KMPO","Mount Pocono Muni, PA, US",2025-09-28 20:53:00,"2025-09-28 16:53:00","VFR",25.6,12.8,300,10,NA,NA,1020.4,"METAR KMPO 282053Z AUTO 30010KT 10SM FEW055 26/13 A3013 RMK AO2 SLP193 T02560128 55000",2025-09-28 21:51:43.975843,2025-09-28 17:51:43.975888
"KMSN","Madison/Dane Cnty Rgnl, WI, US",2025-09-28 20:53:00,"2025-09-28 15:53:00","VFR",26.7,7.8,0,0,NA,NA,1021.4,"METAR KMSN 282053Z 00000KT 10SM CLR 27/08 A3016 RMK AO2 SLP212 T02670078 56009 $",2025-09-28 21:51:43.994033,2025-09-28 17:51:43.994089
"KMSY","New Orleans/Armstrong Intl, LA, US",2025-09-28 20:53:00,"2025-09-28 15:53:00","VFR",33.3,16.1,80,8,NA,NA,1014,"METAR KMSY 282053Z 08008KT 10SM FEW070 FEW250 33/16 A2994 RMK AO2 SLP143 T03330161 56017 $",2025-09-28 21:51:44.000938,2025-09-28 17:51:44.000983
"KMVY","Marthas Vineyard Arpt, MA, US",2025-09-28 20:53:00,"2025-09-28 16:53:00","VFR",22.2,16.1,230,6,NA,NA,1016.7,"METAR KMVY 282053Z 23006KT 10SM CLR 22/16 A3002 RMK AO2 SLPNO T02220161 56011",2025-09-28 21:51:44.007605,2025-09-28 17:51:44.007648
"KMYF","San Diego/Montgomery Arpt, CA, US",2025-09-28 20:53:00,"2025-09-28 13:53:00","VFR",23.9,14.4,250,7,NA,NA,1015.7,"METAR KMYF 282053Z 25007KT 10SM CLR 24/14 A2999 RMK AO2 SLP150 T02390144 58012",2025-09-28 21:51:44.014081,2025-09-28 17:51:44.014134
"KMSO","Missoula Intl, MT, US",2025-09-28 20:53:00,"2025-09-28 14:53:00","VFR",24.4,2.8,310,3,NA,NA,1012.3,"METAR KMSO 282053Z 31003KT 10SM CLR 24/03 A2989 RMK AO2 SLP107 T02440028 56025 $",2025-09-28 21:51:44.02062,2025-09-28 17:51:44.020663
"KMLU","Monroe Rgnl, LA, US",2025-09-28 20:53:00,"2025-09-28 15:53:00","VFR",32.2,13.9,50,7,14,NA,1017,"METAR KMLU 282053Z 05007G14KT 10SM CLR 32/14 A3003 RMK AO2 SLP168 T03220139 56016",2025-09-28 21:51:44.027308,2025-09-28 17:51:44.027356
"KMGM","Montgomery Rgnl, AL, US",2025-09-28 20:53:00,"2025-09-28 15:53:00","VFR",32.2,16.1,10,6,NA,NA,1014.6,"METAR KMGM 282053Z AUTO 01006KT 10SM CLR 32/16 A2996 RMK AO2 SLP143 T03220161 56016",2025-09-28 21:51:44.033903,2025-09-28 17:51:44.033948
"KMGW","Morgantown Muni, WV, US",2025-09-28 20:53:00,"2025-09-28 16:53:00","VFR",26.7,13.9,NA,5,NA,NA,1021.4,"METAR KMGW 282053Z VRB05KT 10SM SCT070 27/14 A3016 RMK AO2 SLP205 T02670139 56009",2025-09-28 21:51:44.040476,2025-09-28 17:51:44.040522
"KMIA","Miami Intl, FL, US",2025-09-28 20:53:00,"2025-09-28 16:53:00","VFR",28.3,23.3,40,10,NA,NA,1009.2,"METAR KMIA 282053Z 04010KT 10SM FEW030 SCT060 SCT075 SCT150 28/23 A2980 RMK AO2 LTG DSNT W RAB1959RAEMM SLP093 CB DSNT W-SW P0000 60000 T02830233 58013 $",2025-09-28 21:51:44.046975,2025-09-28 17:51:44.047019
"KMIC","Minneapolis/Crystal Arpt, MN, US",2025-09-28 20:53:00,"2025-09-28 20:53:00","VFR",25.6,5,180,9,NA,NA,1019.4,"METAR KMIC 282053Z 18009KT 10SM CLR 26/05 A3010 RMK AO2 SLP193 T02560050 56014",2025-09-28 21:51:44.053476,2025-09-28 17:51:44.05352
"KMIE","Muncie/Johnson Fld, IN, US",2025-09-28 20:53:00,"2025-09-28 16:53:00","VFR",32.2,11.7,NA,4,NA,NA,1020.7,"METAR KMIE 282053Z VRB04KT 10SM FEW080 32/12 A3014 RMK AO2 SLP195 T03220117 56007",2025-09-28 21:51:44.060148,2025-09-28 17:51:44.060191
"KMLB","Melbourne Intl, FL, US",2025-09-28 20:53:00,"2025-09-28 16:53:00","VFR",28.9,22.8,90,9,NA,NA,1011.6,"METAR KMLB 282053Z 09009KT 10SM CLR 29/23 A2987 RMK AO2 SLP112 T02890228 56007",2025-09-28 21:51:44.066783,2025-09-28 17:51:44.066827
"KMLC","McAlester Rgnl, OK, US",2025-09-28 20:53:00,"2025-09-28 15:53:00","VFR",30,13.9,0,0,NA,NA,1018.7,"METAR KMLC 282053Z AUTO 00000KT 10SM CLR 30/14 A3008 RMK AO2 SLP178 T03000139 56018",2025-09-28 21:51:44.073476,2025-09-28 17:51:44.073521
"KMOD","Modesto/Sham Fld, CA, US",2025-09-28 20:53:00,"2025-09-28 13:53:00","VFR",24.4,14.4,NA,4,NA,NA,1014.3,"METAR KMOD 282053Z VRB04KT 10SM FEW035 24/14 A2995 RMK AO2 SLP141 T02440144 58012",2025-09-28 21:51:44.080047,2025-09-28 17:51:44.080091
"KMSL","Muscle Shoals/NW Alabama Rgnl, AL, US",2025-09-28 20:53:00,"2025-09-28 15:53:00","VFR",30.6,13.3,50,4,NA,NA,1017.7,"METAR KMSL 282053Z AUTO 05004KT 10SM CLR 31/13 A3005 RMK AO2 SLP171 T03060133 56012 $",2025-09-28 21:51:44.086531,2025-09-28 17:51:44.086574
"KMSP","Minneapolis-St Paul Intl, MN, US",2025-09-28 20:53:00,"2025-09-28 15:53:00","VFR",26.1,3.9,160,7,NA,NA,1020.1,"METAR KMSP 282053Z 16007KT 10SM CLR 26/04 A3012 RMK AO2 SLP196 T02610039 56016",2025-09-28 21:51:44.09304,2025-09-28 17:51:44.093085
"KMHK","Manhattan Rgnl, KS, US",2025-09-28 20:52:00,"2025-09-28 15:52:00","VFR",32.8,14.4,NA,4,NA,NA,1018,"METAR KMHK 282052Z VRB04KT 10SM CLR 33/14 A3006 RMK AO2 SLP170 T03280144 56016",2025-09-28 21:51:44.09963,2025-09-28 17:51:44.099674
"KMLF","Milford Muni, UT, US",2025-09-28 20:52:00,"2025-09-28 20:52:00","VFR",21.7,6.7,210,13,16,NA,1019,"METAR KMLF 282052Z AUTO 21013G16KT 10SM FEW060 BKN080 BKN100 22/07 A3009 RMK AO2 SLP138 T02170067 58016",2025-09-28 21:51:44.106222,2025-09-28 17:51:44.106282
"KMLI","Moline/Quad City Intl, IL, US",2025-09-28 20:52:00,"2025-09-28 15:52:00","VFR",31.1,13.3,200,5,NA,NA,1019.4,"METAR KMLI 282052Z 20005KT 10SM CLR 31/13 A3010 RMK AO2 SLP189 T03110133 56012",2025-09-28 21:51:44.112838,2025-09-28 17:51:44.112884
"KMKE","Milwaukee/Mitchell Intl, WI, US",2025-09-28 20:52:00,"2025-09-28 15:52:00","VFR",21.1,9.4,80,5,NA,NA,1022.4,"METAR KMKE 282052Z 08005KT 10SM CLR 21/09 A3019 RMK AO2 SLP221 T02110094 56004",2025-09-28 21:51:44.131057,2025-09-28 17:51:44.131101
"KMWH","Moses Lake/Grant Cnty, WA, US",2025-09-28 20:52:00,"2025-09-28 13:52:00","VFR",25,3.3,220,5,NA,7,1008.9,"METAR KMWH 282052Z 22005KT 7SM CLR 25/03 A2979 RMK AO2 SLP084 T02500033 58010",2025-09-28 21:51:44.137584,2025-09-28 17:51:44.137633
"KMPV","Montpelier/Knapp Arpt, VT, US",2025-09-28 20:51:00,"2025-09-28 16:51:00","VFR",22.8,11.1,310,9,19,NA,1018.7,"METAR KMPV 282051Z AUTO 31009G19KT 10SM CLR 23/11 A3008 RMK AO2 SLP183 T02280111 53015",2025-09-28 21:51:44.144046,2025-09-28 17:51:44.144088
"KMYL","McCall Muni, ID, US",2025-09-28 20:51:00,"2025-09-28 14:51:00","VFR",25.6,0.6,170,11,17,NA,1016,"METAR KMYL 282051Z AUTO 17011G17KT 10SM CLR 26/01 A3000 RMK AO2 SLP124 T02560006 58010",2025-09-28 21:51:44.150513,2025-09-28 17:51:44.150555
"KNQA","Millington Rgnl, TN, US",2025-09-28 21:50:00,"2025-09-28 16:50:00","VFR",30,13,20,6,12,NA,1019,"METAR KNQA 282150Z 02006G12KT 10SM CLR 30/13 A3009",2025-09-28 21:51:45.413205,2025-09-28 17:51:45.413319
"KNRA","Coupeville, Out, WA, US",2025-09-28 21:46:00,"2025-09-28 21:46:00","VFR",20.6,11.1,170,8,18,NA,1006.5,"METAR KNRA 282146Z AUTO 17008G18KT 10SM CLR 21/11 A2972 RMK AO2 SLP008 T02060111 TSNO PNO $",2025-09-28 21:51:45.421314,2025-09-28 17:51:45.42136
"KO05","Chester/Rogers Fld, CA, US",2025-09-28 21:35:00,"2025-09-28 21:35:00","VFR",21,9,180,14,21,NA,1018,"METAR KO05 282135Z AUTO 18014G21KT 10SM SCT044 21/09 A3006 RMK A01",2025-09-28 21:51:45.428009,2025-09-28 17:51:45.428053
"KO54","Weaverville Arpt, CA, US",2025-09-28 21:35:00,"2025-09-28 21:35:00","VFR",23,11,NA,3,NA,NA,1014.6,"METAR KO54 282135Z AUTO VRB03KT 10SM CLR 23/11 A2996 RMK A01",2025-09-28 21:51:45.434547,2025-09-28 17:51:45.434589
"KO86","Trinity Center Arpt, CA, US",2025-09-28 21:35:00,"2025-09-28 21:35:00","VFR",25,11,170,8,NA,NA,1014.3,"METAR KO86 282135Z AUTO 17008KT 10SM FEW048 SCT055 25/11 A2995 RMK A01",2025-09-28 21:51:45.441103,2025-09-28 17:51:45.44115
"KOEO","Osceola/Simenstad Muni, WI, US",2025-09-28 21:35:00,"2025-09-28 16:35:00","VFR",24.6,2.3,150,9,NA,NA,1021.4,"METAR KOEO 282135Z AUTO 15009KT 10SM CLR 25/02 A3016 RMK AO2 T02460023 PWINO",2025-09-28 21:51:45.44765,2025-09-28 17:51:45.447694
"KOBE","Okeechobee Cnty Arpt, FL, US",2025-09-28 21:35:00,"2025-09-28 17:35:00","VFR",29,24,100,7,NA,NA,1009.9,"METAR KOBE 282135Z AUTO 10007KT 10SM SCT030 SCT038 29/24 A2982 RMK AO2",2025-09-28 21:51:45.454158,2025-09-28 17:51:45.454204
"KOGA","Ogalla/Searle Fld, NE, US",2025-09-28 21:35:00,"2025-09-28 15:35:00","VFR",29,13.5,140,12,NA,NA,1017,"METAR KOGA 282135Z AUTO 14012KT 10SM CLR 29/14 A3003 RMK AO2 T02900135",2025-09-28 21:51:45.460697,2025-09-28 17:51:45.460741
"KOAR","Marina Muni, CA, US",2025-09-28 21:35:00,"2025-09-28 14:35:00","VFR",22,15,320,7,NA,NA,1015.3,"METAR KOAR 282135Z AUTO 32007KT 10SM BKN046 22/15 A2998 RMK AO2",2025-09-28 21:51:45.467165,2025-09-28 17:51:45.467209
"KOGS","Ogdensburg Intl, NY, US",2025-09-28 21:35:00,"2025-09-28 17:35:00","VFR",24,5,290,6,NA,NA,1018.4,"METAR KOGS 282135Z AUTO 29006KT 10SM CLR 24/05 A3007 RMK AO2",2025-09-28 21:51:45.473754,2025-09-28 17:51:45.473799
"KOCQ","Oconto/Blake Mem, WI, US",2025-09-28 21:35:00,"2025-09-28 21:35:00","VFR",22.8,4.9,160,4,NA,NA,1022.1,"METAR KOCQ 282135Z AUTO 16004KT 10SM CLR 23/05 A3018 RMK AO1 T02280049",2025-09-28 21:51:45.480496,2025-09-28 17:51:45.480544
"KO69","Petaluma Muni, CA, US",2025-09-28 21:35:00,"2025-09-28 21:35:00","VFR",20,14,NA,3,NA,NA,1015.7,"METAR KO69 282135Z AUTO VRB03KT 10SM OVC035 20/14 A2999 RMK A01",2025-09-28 21:51:45.502259,2025-09-28 17:51:45.502336
"KOEB","Coldwater/Branch Cnty, MI, US",2025-09-28 21:35:00,"2025-09-28 21:35:00","VFR",28,16,360,6,NA,NA,1021.4,"METAR KOEB 282135Z AUTO 36006KT 10SM FEW050 28/16 A3016 RMK AO2",2025-09-28 21:51:45.50936,2025-09-28 17:51:45.509404
"KOIN","Oberlin Muni, KS, US",2025-09-28 21:35:00,"2025-09-28 21:35:00","VFR",32,12,190,15,24,NA,1017,"METAR KOIN 282135Z AUTO 19015G24KT 10SM CLR 32/12 A3003 RMK AO2",2025-09-28 21:51:45.515948,2025-09-28 17:51:45.515991
"KOJA","Weatherford/Stafford Arpt, OK, US",2025-09-28 21:30:00,"2025-09-28 21:30:00","VFR",30.2,13.1,170,7,NA,NA,1019.4,"METAR KOJA 282130Z AUTO 17007KT 10SM CLR 30/13 A3010 RMK AO2 T03020131",2025-09-28 21:51:45.522466,2025-09-28 17:51:45.522509
"KNUQ","Moffett Fed Airfld, CA, US",2025-09-28 21:30:00,"2025-09-28 14:30:00","VFR",22,15,170,9,14,NA,1015.3,"METAR KNUQ 282130Z AUTO 17009G14KT 10SM OVC035 22/15 A2998 RMK AO2",2025-09-28 21:51:45.528936,2025-09-28 17:51:45.52898
"KNOW","Port Angeles(CGAS), WA, US",2025-09-28 21:30:00,"2025-09-28 21:30:00","VFR",NA,NA,330,3,NA,NA,1007.5,"METAR KNOW 282130Z AUTO 33003KT 10SM CLR A2975 RMK AO2",2025-09-28 21:51:45.535623,2025-09-28 17:51:45.535668
"KNJM","Swansboro/Bogue Fld, NC, US",2025-09-28 21:25:00,"2025-09-28 21:25:00","MVFR",23.9,22.2,30,6,NA,4,1017.7,"SPECI KNJM 282125Z AUTO 03006KT 4SM -RA BR SCT022 BKN034 OVC041 24/22 A3005 RMK AO2 P0007 T02390222",2025-09-28 21:51:45.542166,2025-09-28 17:51:45.54221
"KOAK","Oakland Intl, CA, US",2025-09-28 21:16:00,"2025-09-28 14:16:00","MVFR",18.9,15.6,280,5,NA,NA,1015.7,"SPECI KOAK 282116Z 28005KT 10SM FEW008 BKN024 OVC075 19/16 A2999 RMK AO2 T01890156 $",2025-09-28 21:51:45.548801,2025-09-28 17:51:45.548845
"KO32","Reedley Muni, CA, US",2025-09-28 21:15:00,"2025-09-28 21:15:00","VFR",27.2,14.5,300,4,NA,9,1013.3,"METAR KO32 282115Z AUTO 30004KT 9SM CLR 27/15 A2992 RMK AO2 T02720145 $",2025-09-28 21:51:45.555461,2025-09-28 17:51:45.555505
"KO22","Columbia Arpt, CA, US",2025-09-28 21:15:00,"2025-09-28 14:15:00","VFR",26,13,190,5,11,NA,1016,"METAR KO22 282115Z AUTO 19005G11KT 10SM CLR 26/13 A3000 RMK A01",2025-09-28 21:51:45.561949,2025-09-28 17:51:45.561992
"KN38","Wellsboro/Grand Canyon Rgnl, PA, US",2025-09-28 21:15:00,"2025-09-28 21:15:00","VFR",24,13,310,9,14,NA,1020.7,"METAR KN38 282115Z AUTO 31009G14KT 280V350 10SM FEW075 24/13 A3014 RMK AO2",2025-09-28 21:51:45.568551,2025-09-28 17:51:45.568595
"KOEL","Oakley Muni, KS, US",2025-09-28 21:15:00,"2025-09-28 21:15:00","VFR",30.5,7.6,210,17,24,NA,1018,"METAR KOEL 282115Z AUTO 21017G24KT 10SM SCT085 SCT110 31/08 A3006 RMK AO1 T03050076",2025-09-28 21:51:45.575094,2025-09-28 17:51:45.575139
"KNRN","Norton Muni, KS, US",2025-09-28 21:15:00,"2025-09-28 21:15:00","VFR",32,10,170,12,19,NA,1017.4,"METAR KNRN 282115Z AUTO 17012G19KT 10SM CLR 32/10 A3004 RMK AO2",2025-09-28 21:51:45.58167,2025-09-28 17:51:45.581717
"KN79","Shamokin/Northumberland Cnty, PA, US",2025-09-28 21:15:00,"2025-09-28 21:15:00","VFR",29,15.7,NA,3,NA,NA,1018.7,"METAR KN79 282115Z AUTO VRB03KT 10SM CLR 29/16 A3008 RMK AO2 T02900157",2025-09-28 21:51:45.588223,2025-09-28 17:51:45.588281
"KOIC","Norwich/Eaton Arpt, NY, US",2025-09-28 21:15:00,"2025-09-28 17:15:00","VFR",24,16,340,10,NA,NA,1019.7,"METAR KOIC 282115Z AUTO 34010KT 10SM CLR 24/16 A3011 RMK AO2",2025-09-28 21:51:45.594708,2025-09-28 17:51:45.59475
"KNY0","Johnstown/Fulton Cnty, NY, US",2025-09-28 21:15:00,"2025-09-28 21:15:00","VFR",23.8,13.7,260,10,15,NA,1018.4,"METAR KNY0 282115Z AUTO 26010G15KT 10SM CLR 24/14 A3007 RMK AO2 T02380137",2025-09-28 21:51:45.601183,2025-09-28 17:51:45.601228
"KNBC","Beaufort(MCAS), SC, US",2025-09-28 21:03:00,"2025-09-28 21:03:00","VFR",27.2,21.1,80,7,NA,NA,1015.3,"SPECI KNBC 282103Z AUTO 08007KT 10SM SCT030 27/21 A2998 RMK AO2 T02720211",2025-09-28 21:51:45.607712,2025-09-28 17:51:45.607756
"KNKT","Cherry Point MCAS, NC, US",2025-09-28 21:02:00,"2025-09-28 21:02:00","MVFR",24.4,22.2,60,5,NA,NA,1018,"SPECI KNKT 282102Z 06005KT 10SM FEW014 BKN021 OVC070 24/22 A3006 RMK AO2 T02440222",2025-09-28 21:51:45.614248,2025-09-28 17:51:45.61436
"KNEL","Lakehurst(NAS), NJ, US",2025-09-28 21:00:00,"2025-09-28 17:00:00",NA,27.8,16.7,260,4,NA,NA,1017.4,"METAR KNEL 282100Z AUTO 26004KT CLR 28/17 A3004 RMK AO2 SLP169 6//// T02780167 56010 PNO $",2025-09-28 21:51:45.620774,2025-09-28 17:51:45.620821
"KNGU","Norfolk NAS, VA, US",2025-09-28 20:59:00,"2025-09-28 16:59:00","MVFR",22.8,18.3,30,10,NA,NA,1019.7,"METAR KNGU 282059Z 03010KT 10SM BKN017 BKN210 23/18 A3011 RMK AO2 SLP196 T02280183 53007 $",2025-09-28 21:51:45.640942,2025-09-28 17:51:45.640989
"KNFE","Fentress(NALF), VA, US",2025-09-28 20:58:00,"2025-09-28 20:58:00","MVFR",21.7,19.4,30,5,NA,NA,1019.4,"METAR KNFE 282058Z AUTO 03005KT 10SM OVC023 22/19 A3010 RMK AO2 SLP194 T02170194 53011 $",2025-09-28 21:51:45.64798,2025-09-28 17:51:45.648024
"KNYL","Yuma (MCAS), AZ, US",2025-09-28 20:57:00,"2025-09-28 13:57:00","VFR",30.6,16.1,NA,4,NA,NA,1012.3,"METAR KNYL 282057Z AUTO VRB04KT 10SM FEW055 31/16 A2989 RMK AO2 SLP119 T03060161 58018 $",2025-09-28 21:51:45.654534,2025-09-28 17:51:45.654578
"KNJW","Meridian Range B, MS, US",2025-09-28 20:57:00,"2025-09-28 20:57:00","VFR",32.2,14.4,NA,NA,NA,NA,1017,"METAR KNJW 282057Z AUTO 10SM FEW070 32/14 A3003 RMK AO2 SLP083 T03220144 56015",2025-09-28 21:51:45.660996,2025-09-28 17:51:45.661039
"KNFL","Fallon (NAS), NV, US",2025-09-28 20:57:00,"2025-09-28 13:57:00","VFR",28.9,6.7,310,6,NA,NA,1014.3,"METAR KNFL 282057Z AUTO 31006KT 10SM CLR 29/07 A2995 RMK AO2 SLP113 T02890067 58017",2025-09-28 21:51:45.667468,2025-09-28 17:51:45.667512
"KNOG","Orange Grove(NAS), TX, US",2025-09-28 20:56:00,"2025-09-28 20:56:00","VFR",32.2,12.2,NA,NA,NA,NA,1015.7,"METAR KNOG 282056Z AUTO 10SM CLR 32/12 A2999 RMK AO2 SLP135 6//// T03220122 56019 PNO $",2025-09-28 21:51:45.673954,2025-09-28 17:51:45.673998
"KNYG","Quantico (MCAF), VA, US",2025-09-28 20:56:00,"2025-09-28 20:56:00","VFR",26.1,18.3,190,4,NA,7,1019,"METAR KNYG 282056Z AUTO 19004KT 7SM CLR 26/18 A3009 RMK AO2 SLP190 T02610183 56008",2025-09-28 21:51:45.680403,2025-09-28 17:51:45.680445
"KNMM","Meridian/MCCain(NAS), MS, US",2025-09-28 20:56:00,"2025-09-28 20:56:00","VFR",31.1,13.9,80,5,NA,NA,1015.7,"METAR KNMM 282056Z 08005KT 10SM BKN070 31/14 A2999 RMK AO2 SLP163 T03110139 56014 $",2025-09-28 21:51:45.686922,2025-09-28 17:51:45.686967
"KNDZ","Milton/Whiting-S(NAS, FL, US",2025-09-28 20:56:00,"2025-09-28 20:56:00","VFR",32.8,15.6,NA,3,NA,NA,1013.6,"METAR KNDZ 282056Z AUTO VRB03KT 10SM FEW070 33/16 A2993 RMK AO2 SLP119 T03280156 56012 $",2025-09-28 21:51:45.69348,2025-09-28 17:51:45.693528
"KNSE","Milton/Whiting N(NAS, FL, US",2025-09-28 20:56:00,"2025-09-28 15:56:00","VFR",33.3,16.7,NA,NA,NA,NA,1013.6,"METAR KNSE 282056Z AUTO 10SM SCT070 33/17 A2993 RMK AO2 SLP119 T03330167 56012 $",2025-09-28 21:51:45.699988,2025-09-28 17:51:45.70003
"KNLC","Lemoore (NAS), CA, US",2025-09-28 20:56:00,"2025-09-28 13:56:00","VFR",27.2,15,NA,6,NA,NA,1014.3,"METAR KNLC 282056Z VRB06KT 10SM FEW060 FEW110 27/15 A2995 RMK AO2 SLP140 RH/46 T02720150 58018",2025-09-28 21:51:45.706668,2025-09-28 17:51:45.706718
"KOFK","Norfolk/Stefan Mem, NE, US",2025-09-28 20:56:00,"2025-09-28 15:56:00","VFR",29.4,8.3,140,12,NA,NA,1018.4,"METAR KOFK 282056Z AUTO 14012KT 10SM CLR 29/08 A3007 RMK AO2 SLP176 T02940083 56017 $",2025-09-28 21:51:45.713213,2025-09-28 17:51:45.713257
"KNCA","New River MCAS, NC, US",2025-09-28 20:56:00,"2025-09-28 20:56:00",NA,23.3,22.2,10,4,NA,5,1017.7,"METAR KNCA 282056Z AUTO 01004KT 5SM -RA BR 23/22 A3005 RMK AO2 RAE1958B01 SLP177 P0003 60003 T02330222 53003 $",2025-09-28 21:51:45.719617,2025-09-28 17:51:45.719661
"KNGP","Corpus Christi/Truax Fld NAS, TX, US",2025-09-28 20:56:00,"2025-09-28 20:56:00","VFR",30.6,20,70,12,NA,NA,1015.3,"METAR KNGP 282056Z AUTO 07012KT 10SM CLR 31/20 A2998 RMK AO2 SLP152 T03060200 56016",2025-09-28 21:51:45.726094,2025-09-28 17:51:45.726137
"KNPA","Pensacola (NAS), FL, US",2025-09-28 20:56:00,"2025-09-28 15:56:00","VFR",30.6,21.1,210,7,NA,NA,1013.3,"METAR KNPA 282056Z 21007KT 10SM SCT070 SCT250 31/21 A2992 RMK AO2 SLP134 T03060211 56010",2025-09-28 21:51:45.732634,2025-09-28 17:51:45.732678
"KNTU","Oceana(NAS), VA, US",2025-09-28 20:56:00,"2025-09-28 16:56:00","MVFR",22.2,18.9,20,5,NA,NA,1019,"METAR KNTU 282056Z 02005KT 10SM OVC024 22/19 A3009 RMK AO2 SLP192 6//// T02220189 53012 PNO $",2025-09-28 21:51:45.739139,2025-09-28 17:51:45.739183
"KNQI","Kingsville(NAS), TX, US",2025-09-28 20:56:00,"2025-09-28 15:56:00","VFR",31.7,15.6,100,10,NA,NA,1015,"METAR KNQI 282056Z 10010KT 10SM SCT065 SCT250 32/16 A2997 RMK AO2 SLP146 T03170156 56018 $",2025-09-28 21:51:45.745599,2025-09-28 17:51:45.745644
"KOAJ","Jacksonville/Ellis Arpt, NC, US",2025-09-28 20:56:00,"2025-09-28 16:56:00","MVFR",23.9,20.6,10,6,NA,NA,1018.4,"METAR KOAJ 282056Z 01006KT 10SM OVC020 24/21 A3007 RMK AO2 SLP183 T02390206 53004 $",2025-09-28 21:51:45.752049,2025-09-28 17:51:45.752092
"KOCH","Nacogdoches Rgnl, TX, US",2025-09-28 20:56:00,"2025-09-28 15:56:00","VFR",30.6,15,350,9,NA,NA,1017.4,"METAR KOCH 282056Z AUTO 35009KT 10SM CLR 31/15 A3004 RMK AO2 SLP172 6//// T03060150 56019 PNO $",2025-09-28 21:51:45.758659,2025-09-28 17:51:45.758704
"KOFF","Bellevue/Offutt AFB, NE, US",2025-09-28 20:55:00,"2025-09-28 15:55:00","VFR",31,10.9,100,4,NA,NA,1018.4,"METAR KOFF 282055Z AUTO 10004KT 10SM CLR 31/11 A3007 RMK AO2 SLP181 T03100109 57017 $",2025-09-28 21:51:45.777992,2025-09-28 17:51:45.778045
"KNBG","New Orleans (NAS), LA, US",2025-09-28 20:55:00,"2025-09-28 15:55:00","VFR",32.2,15,360,8,NA,NA,1014,"METAR KNBG 282055Z COR 36008KT 10SM FEW048 FEW250 32/15 A2994 RMK AO2 SLP138 T03220150 56015 $",2025-09-28 21:51:45.785075,2025-09-28 17:51:45.785118
"KNTD","Pt Mugu (NAS), CA, US",2025-09-28 20:55:00,"2025-09-28 13:55:00","VFR",21.7,16.7,210,10,NA,NA,1016.3,"METAR KNTD 282055Z 21010KT 10SM FEW028 OVC040 22/17 A3001 RMK AO2 SLP162 T02170167 58009 $",2025-09-28 21:51:45.791551,2025-09-28 17:51:45.791597
"KNKX","Miramar (MCAS), CA, US",2025-09-28 20:55:00,"2025-09-28 13:55:00","VFR",24.4,14.4,NA,6,NA,NA,1015.7,"METAR KNKX 282055Z VRB06KT 10SM FEW033 24/14 A2999 RMK AO2 SLP148 T02440144 58012",2025-09-28 21:51:45.798021,2025-09-28 17:51:45.798066
"KOFP","Richmond/Hanover Cnty, VA, US",2025-09-28 20:54:00,"2025-09-28 20:54:00","VFR",25.6,17.8,0,0,NA,NA,1019.4,"METAR KOFP 282054Z AUTO 00000KT 10SM SCT044 26/18 A3010 RMK AO2 SLP192 T02560178 56006",2025-09-28 21:51:45.80444,2025-09-28 17:51:45.804484
"KNXP","Twentynine Palms/Self Arpt, CA, US",2025-09-28 20:54:00,"2025-09-28 20:54:00",NA,28.3,11.7,0,0,NA,NA,1017.7,"METAR KNXP 282054Z AUTO 00000KT 10SM 28/12 A3005 RMK AO2 SLP142 6//// T02830117 58016 PWINO PNO $",2025-09-28 21:51:45.811054,2025-09-28 17:51:45.811099
"KNQX","Key West (NAS), FL, US",2025-09-28 20:53:00,"2025-09-28 16:53:00","VFR",31.1,25.6,340,11,NA,NA,1009.2,"METAR KNQX 282053Z 34011KT 10SM FEW021 31/26 A2980 RMK AO2 SLP089 T03110256 58014 $",2025-09-28 21:51:45.817724,2025-09-28 17:51:45.817769
"KNUW","Whidbey Island(NAS), WA, US",2025-09-28 20:53:00,"2025-09-28 13:53:00","VFR",13.9,11.7,340,6,NA,NA,1007.2,"METAR KNUW 282053Z 34006KT 10SM SCT010 BKN040 BKN120 14/12 A2974 RMK AO2 SLP076 T01390117 58007 $",2025-09-28 21:51:45.824301,2025-09-28 17:51:45.824346
"KNIP","Jacksonville (NAS), FL, US",2025-09-28 20:53:00,"2025-09-28 16:53:00","MVFR",27.8,22.2,40,16,22,NA,1014,"METAR KNIP 282053Z 04016G22KT 10SM BKN030 BKN090 BKN110 28/22 A2994 RMK AO2 SLP133 T02780222 55003",2025-09-28 21:51:45.830845,2025-09-28 17:51:45.830895
"KNEW","New Orleans/Lakefront Arpt, LA, US",2025-09-28 20:53:00,"2025-09-28 15:53:00","VFR",32.8,16.7,0,0,NA,NA,1014.3,"METAR KNEW 282053Z 00000KT 10SM CLR 33/17 A2995 RMK AO1 SLP136 T03280167 56016",2025-09-28 21:51:45.837356,2025-09-28 17:51:45.837401
"KODO","Odessa/Schlemeyer Fld, TX, US",2025-09-28 20:53:00,"2025-09-28 20:53:00","VFR",28.3,8.3,110,7,NA,NA,1020.1,"METAR KODO 282053Z AUTO 11007KT 10SM CLR 28/08 A3012 RMK AO2 SLP152 T02830083 56016 $",2025-09-28 21:51:45.843909,2025-09-28 17:51:45.84396
"KODX","Ord/Sharp Fld, NE, US",2025-09-28 20:53:00,"2025-09-28 20:53:00","VFR",30,15,150,9,NA,NA,1017.4,"METAR KODX 282053Z AUTO 15009KT 10SM -RA CLR 30/15 A3004 RMK AO2 RAB35 SLP167 P0000 60000 T03000150 56018",2025-09-28 21:51:45.85043,2025-09-28 17:51:45.850475
"KOJC","Olathe/Johnson Cnty, KS, US",2025-09-28 20:53:00,"2025-09-28 15:53:00","VFR",30,15.6,240,4,NA,NA,1019.4,"METAR KOJC 282053Z 24004KT 10SM CLR 30/16 A3010 RMK AO2 SLP180 T03000156 56011",2025-09-28 21:51:45.856937,2025-09-28 17:51:45.856981
"KOGB","Orangeburg Muni, SC, US",2025-09-28 20:53:00,"2025-09-28 16:53:00","VFR",26.1,21.1,30,11,NA,NA,1017,"METAR KOGB 282053Z AUTO 03011KT 10SM FEW023 SCT043 26/21 A3003 RMK AO2 SLP166 T02610211 55008",2025-09-28 21:51:45.863594,2025-09-28 17:51:45.863649
"KNUI","St Inigoes/Webster Fld, MD, US",2025-09-28 20:53:00,"2025-09-28 20:53:00","VFR",25.6,16.7,NA,5,NA,NA,1018.7,"METAR KNUI 282053Z AUTO VRB05KT 10SM CLR 26/17 A3008 RMK AO2 SLP185 T02560167 56004 $",2025-09-28 21:51:45.870285,2025-09-28 17:51:45.870334
"KNRS","Imperial Beach(NAS), CA, US",2025-09-28 20:53:00,"2025-09-28 13:53:00","VFR",23.3,16.7,240,9,NA,NA,1016,"METAR KNRS 282053Z AUTO 24009KT 10SM CLR 23/17 A3000 RMK AO2 SLP158 T02330167 58009 $",2025-09-28 21:51:45.87694,2025-09-28 17:51:45.876983
"KNSI","San Nicholas Island Arpt, CA, US",2025-09-28 20:53:00,"2025-09-28 20:53:00",NA,21.1,13.9,180,5,NA,NA,1016.3,"METAR KNSI 282053Z AUTO 18005KT OVC031 21/14 A3001 RMK AO2 SLP157 T02110139 56008 $",2025-09-28 21:51:45.883535,2025-09-28 17:51:45.88358
"KOGD","Ogden/Hinckley Arpt, UT, US",2025-09-28 20:53:00,"2025-09-28 14:53:00","VFR",25.6,7.2,270,7,NA,NA,1017.4,"METAR KOGD 282053Z 27007KT 230V290 10SM -RA FEW070 SCT085 26/07 A3004 RMK AO2 RAE28B52 SLP115 P0000 60000 T02560072 58013",2025-09-28 21:51:45.890088,2025-09-28 17:51:45.890132
"KNHK","Patuxent River NAS, MD, US",2025-09-28 20:52:00,"2025-09-28 16:52:00","VFR",25.6,17.2,10,7,NA,NA,1018.7,"METAR KNHK 282052Z 01007KT 10SM FEW050 SCT250 26/17 A3008 RMK AO2 SLP187 T02560172 56006 $",2025-09-28 21:51:45.896767,2025-09-28 17:51:45.896811
"KNFG","Camp Pendleton(MCB), CA, US",2025-09-28 20:52:00,"2025-09-28 20:52:00","VFR",25,15,240,9,16,NA,1015.3,"METAR KNFG 282052Z AUTO 24009G16KT 10SM CLR 25/15 A2998 RMK AO2 SLP150 T02500150 58011 $",2025-09-28 21:51:45.916245,2025-09-28 17:51:45.916312
"KNFW","Fort Worth/Carswell NAS, TX, US",2025-09-28 20:52:00,"2025-09-28 15:52:00","VFR",30,13.3,120,3,NA,NA,1018,"METAR KNFW 282052Z 12003KT 10SM FEW065 BKN250 30/13 A3006 RMK AO2 SLP162 T03000133 56020 $",2025-09-28 21:51:45.923573,2025-09-28 17:51:45.923616
"KOKC","Oklahoma City/Will Rogers Intl, OK, US",2025-09-28 20:52:00,"2025-09-28 15:52:00","VFR",30,13.3,100,7,NA,NA,1019,"METAR KOKC 282052Z 10007KT 10SM SCT050 BKN250 30/13 A3009 RMK AO2 SLP174 T03000133 56017",2025-09-28 21:51:45.930187,2025-09-28 17:51:45.930229
"KNRB","Mayport (NS), FL, US",2025-09-28 20:52:00,"2025-09-28 16:52:00","VFR",27.2,23.9,20,17,23,NA,1013.6,"METAR KNRB 282052Z AUTO 02017G23KT 10SM SCT016 SCT023 OVC100 27/24 A2993 RMK AO2 SLP135 60000 T02720239 56005",2025-09-28 21:51:45.936665,2025-09-28 17:51:45.936709
"KOKB","Oceanside Muni, CA, US",2025-09-28 20:52:00,"2025-09-28 13:52:00","VFR",25,15.6,240,12,NA,9,1015.3,"METAR KOKB 282052Z AUTO 24012KT 9SM CLR 25/16 A2998 RMK AO2 SLP150 T02500156 58010",2025-09-28 21:51:45.94303,2025-09-28 17:51:45.943093
"KNZY","San Diego/North Island NAS, CA, US",2025-09-28 20:52:00,"2025-09-28 13:52:00","VFR",23.9,15,260,10,NA,NA,1015.3,"METAR KNZY 282052Z 26010KT 10SM FEW030 FEW050 24/15 A2998 RMK AO2 SLP152 T02390150 58011 $",2025-09-28 21:51:45.949635,2025-09-28 17:51:45.94968
"KOCF","Ocala Rgnl, FL, US",2025-09-28 20:51:00,"2025-09-28 16:51:00","VFR",31.7,22.8,10,9,17,NA,1011.9,"METAR KOCF 282051Z 01009G17KT 350V050 10SM FEW041 32/23 A2988 RMK AO2 SLP119 T03170228 56013",2025-09-28 21:51:45.956149,2025-09-28 17:51:45.956192
"KOQU","N Kingston/Quonset Arpt, RI, US",2025-09-28 21:50:00,"2025-09-28 17:50:00","VFR",26,18,230,10,NA,NA,NA,"METAR KOQU 282150Z AUTO 23010KT 10SM CLR 26/18 A3991 RMK AO2",2025-09-28 21:51:47.309936,2025-09-28 17:51:47.309981
"KOMN","Ormond Beach Muni, FL, US",2025-09-28 21:50:00,"2025-09-28 21:50:00","MVFR",27,27,40,10,16,7,1012.3,"METAR KOMN 282150Z COR 04010G16KT 7SM VCSH BKN020 27/27 A2989",2025-09-28 21:51:47.316549,2025-09-28 17:51:47.316592
"KPAO","Palo Alto Arpt, CA, US",2025-09-28 21:47:00,"2025-09-28 14:47:00","MVFR",21,17,360,5,NA,NA,1015.7,"METAR KPAO 282147Z 36005KT 10SM BKN029 21/17 A2999",2025-09-28 21:51:47.323085,2025-09-28 17:51:47.323129
"KOXD","Oxford/Miami Univ Arpt, OH, US",2025-09-28 21:45:00,"2025-09-28 17:45:00","VFR",30,10,100,3,NA,NA,1020.7,"METAR KOXD 282145Z 10003KT 10SM CLR 30/10 A3014 RMK AO2",2025-09-28 21:51:47.329641,2025-09-28 17:51:47.329685
"KOUN","Norman/Univ Oklahoma Arpt, OK, US",2025-09-28 21:45:00,"2025-09-28 16:45:00","VFR",31,13,70,7,NA,NA,1018,"METAR KOUN 282145Z 07007KT 10SM CLR 31/13 A3006",2025-09-28 21:51:47.336161,2025-09-28 17:51:47.336209
"KPBI","Palm Beach Intl, FL, US",2025-09-28 21:44:00,"2025-09-28 17:44:00","VFR",28.3,23.3,NA,4,NA,NA,1009.9,"SPECI KPBI 282144Z VRB04KT 10SM SCT015 BKN045 BKN080 28/23 A2982 RMK AO2 RAE2055 P0000 T02830233 $",2025-09-28 21:51:47.342755,2025-09-28 17:51:47.342799
"KORL","Orlando/Executive, FL, US",2025-09-28 21:40:00,"2025-09-28 17:40:00","VFR",25,23.3,80,11,NA,6,1012.3,"SPECI KORL 282140Z 08011KT 6SM -TSRA BR FEW032 BKN046 OVC110 25/23 A2989 RMK AO2 RAB03 TSB34 P0048 T02500233",2025-09-28 21:51:47.349323,2025-09-28 17:51:47.349372
"KP33","Wilcox/Chocise Cnty, AZ, US",2025-09-28 21:35:00,"2025-09-28 14:35:00","VFR",26,8,210,5,NA,NA,1018.7,"METAR KP33 282135Z AUTO 21005KT 10SM SCT075 SCT090 26/08 A3008 RMK AO2",2025-09-28 21:51:47.369218,2025-09-28 17:51:47.369291
"KPDC","Prairie Du Chien Muni, WI, US",2025-09-28 21:35:00,"2025-09-28 16:35:00","VFR",26.2,9.6,0,0,NA,NA,1020.4,"METAR KPDC 282135Z AUTO 00000KT 10SM CLR 26/10 A3013 RMK AO2 T02620096",2025-09-28 21:51:47.376367,2025-09-28 17:51:47.37641
"KORF","Norfolk Intl, VA, US",2025-09-28 21:35:00,"2025-09-28 17:35:00","MVFR",22.8,18.9,70,6,NA,NA,1019.7,"SPECI KORF 282135Z 07006KT 10SM FEW016 BKN030 23/19 A3011 RMK AO2 T02280189",2025-09-28 21:51:47.382789,2025-09-28 17:51:47.382831
"KOLG","Solon Springs Muni, WI, US",2025-09-28 21:35:00,"2025-09-28 21:35:00","VFR",23,5,190,7,NA,NA,1020.1,"METAR KOLG 282135Z AUTO 19007KT 10SM CLR 23/05 A3012 RMK AO1",2025-09-28 21:51:47.389186,2025-09-28 17:51:47.389229
"KOSC","Wurtsmith(AFB), MI, US",2025-09-28 21:35:00,"2025-09-28 17:35:00","VFR",21,11,150,4,NA,NA,1022.8,"METAR KOSC 282135Z AUTO 15004KT 10SM CLR 21/11 A3020 RMK AO2",2025-09-28 21:51:47.395724,2025-09-28 17:51:47.395766
"KPEA","Pella Muni, IA, US",2025-09-28 21:35:00,"2025-09-28 21:35:00","VFR",30.4,17.4,190,8,NA,NA,1019,"METAR KPEA 282135Z AUTO 19008KT 10SM CLR 30/17 A3009 RMK AO2 T03040174",2025-09-28 21:51:47.402285,2025-09-28 17:51:47.402342
"KPBX","Pikeville/Pike Cnty, KY, US",2025-09-28 21:35:00,"2025-09-28 17:35:00","VFR",26,13.8,10,5,NA,NA,1021.4,"METAR KPBX 282135Z AUTO 01005KT 10SM CLR 26/14 A3016 RMK AO2 T02600138",2025-09-28 21:51:47.408807,2025-09-28 17:51:47.40885
"KORG","Orange/Orange Cnty, TX, US",2025-09-28 21:35:00,"2025-09-28 21:35:00","VFR",31.7,14.8,360,6,NA,NA,1016,"METAR KORG 282135Z AUTO 36006KT 10SM CLR 32/15 A3000 RMK AO2 T03170148 PWINO",2025-09-28 21:51:47.415339,2025-09-28 17:51:47.415383
"KOLZ","Oelwein Muni, IA, US",2025-09-28 21:35:00,"2025-09-28 21:35:00","VFR",28,13,NA,5,NA,NA,1020.4,"METAR KOLZ 282135Z AUTO VRB05KT 10SM FEW060 28/13 A3013 RMK A01",2025-09-28 21:51:47.421975,2025-09-28 17:51:47.422018
"KP52","Cottonwood Arpt, AZ, US",2025-09-28 21:35:00,"2025-09-28 21:35:00","MVFR",15,14,340,6,NA,3,1020.1,"METAR KP52 282135Z AUTO 34006KT 3SM -RA BR CLR 15/14 A3012 RMK AO2 LTG DSNT NE-S",2025-09-28 21:51:47.428531,2025-09-28 17:51:47.428575
"KOWA","Owatonna/Degner Rgnl, MN, US",2025-09-28 21:35:00,"2025-09-28 16:35:00","VFR",25.7,3.2,180,5,NA,NA,1020.1,"METAR KOWA 282135Z AUTO 18005KT 10SM CLR 26/03 A3012 RMK AO2 T02570032",2025-09-28 21:51:47.435106,2025-09-28 17:51:47.435151
"KONZ","Grosse Isle Muni, MI, US",2025-09-28 21:35:00,"2025-09-28 21:35:00","VFR",23,18,160,7,NA,NA,1021.8,"METAR KONZ 282135Z AUTO 16007KT 10SM CLR 23/18 A3017 RMK AO2",2025-09-28 21:51:47.441748,2025-09-28 17:51:47.441796
"KOWP","Sand Springs/Pogue Mem, OK, US",2025-09-28 21:35:00,"2025-09-28 21:35:00","VFR",32.1,12.1,80,3,NA,NA,1019.7,"METAR KOWP 282135Z AUTO 08003KT 10SM CLR 32/12 A3011 RMK AO2 T03210121",2025-09-28 21:51:47.44816,2025-09-28 17:51:47.448208
"KONL","O'Neill Muni, NE, US",2025-09-28 21:35:00,"2025-09-28 16:35:00","VFR",29,13.8,160,11,18,NA,1017.7,"METAR KONL 282135Z AUTO 16011G18KT 10SM CLR 29/14 A3005 RMK AO2 T02900138",2025-09-28 21:51:47.454655,2025-09-28 17:51:47.454709
"KPEZ","Pleasanton Muni, TX, US",2025-09-28 21:35:00,"2025-09-28 21:35:00","VFR",33.3,10,180,12,18,NA,1016,"METAR KPEZ 282135Z AUTO 18012G18KT 10SM CLR 33/10 A3000 RMK AO2 T03330100",2025-09-28 21:51:47.461183,2025-09-28 17:51:47.461226
"KOXV","Knoxville Muni, IA, US",2025-09-28 21:35:00,"2025-09-28 21:35:00","VFR",29,17,160,9,14,9,1018.7,"METAR KOXV 282135Z AUTO 16009G14KT 9SM SCT055 BKN070 29/17 A3008 RMK AO2",2025-09-28 21:51:47.467761,2025-09-28 17:51:47.467804
"KOWX","Ottawa/Putnam Cnty, OH, US",2025-09-28 21:35:00,"2025-09-28 21:35:00","VFR",31,14,20,9,NA,NA,1021.1,"METAR KOWX 282135Z AUTO 02009KT 10SM SCT080 31/14 A3015 RMK AO2",2025-09-28 21:51:47.474418,2025-09-28 17:51:47.474461
"KPCZ","Waupaca Muni, WI, US",2025-09-28 21:35:00,"2025-09-28 21:35:00","VFR",25.5,2.6,0,0,NA,NA,1023.1,"METAR KPCZ 282135Z AUTO 00000KT 10SM CLR 26/03 A3021 RMK AO2 T02550026",2025-09-28 21:51:47.481017,2025-09-28 17:51:47.481061
"KPHN","Port Huron/St Clair Cnty, MI, US",2025-09-28 21:35:00,"2025-09-28 17:35:00","VFR",21,9,40,5,NA,NA,1022.8,"METAR KPHN 282135Z AUTO 04005KT 10SM CLR 21/09 A3020 RMK AO2",2025-09-28 21:51:47.487739,2025-09-28 17:51:47.487785
"KONP","Newport Muni, OR, US",2025-09-28 21:35:00,"2025-09-28 14:35:00","VFR",15,12,210,16,20,NA,1011.6,"METAR KONP 282135Z AUTO 21016G20KT 10SM SCT023 OVC032 15/12 A2987 RMK AO2",2025-09-28 21:51:47.5075,2025-09-28 17:51:47.507546
"KPEX","Paynesville Muni, MN, US",2025-09-28 21:35:00,"2025-09-28 21:35:00","VFR",26,6,160,9,14,NA,1018.7,"METAR KPEX 282135Z AUTO 16009G14KT 10SM CLR 26/06 A3008 RMK AO2",2025-09-28 21:51:47.514409,2025-09-28 17:51:47.514454
"KOPL","Opelousas/St Landry, LA, US",2025-09-28 21:35:00,"2025-09-28 21:35:00","VFR",30.7,13.5,40,7,NA,NA,1015.3,"METAR KOPL 282135Z AUTO 04007KT 10SM CLR 31/14 A2998 RMK AO2 T03070135",2025-09-28 21:51:47.520945,2025-09-28 17:51:47.520991
"KPIM","Pine Mountain/Harris Cnty, GA, US",2025-09-28 21:35:00,"2025-09-28 17:35:00","VFR",29,19,80,9,NA,NA,1016.7,"METAR KPIM 282135Z AUTO 08009KT 10SM FEW048 29/19 A3002 RMK AO2",2025-09-28 21:51:47.52742,2025-09-28 17:51:47.527465
"KPMU","Panola Cnty, MS, US",2025-09-28 21:35:00,"2025-09-28 21:35:00","VFR",31,14,0,0,NA,NA,1017.4,"METAR KPMU 282135Z AUTO 00000KT 10SM CLR 31/14 A3004 RMK AO2",2025-09-28 21:51:47.533874,2025-09-28 17:51:47.533916
"KOXI","Knox/Starke Cnty, IN, US",2025-09-28 21:35:00,"2025-09-28 21:35:00","VFR",28,16,350,7,NA,NA,1020.7,"METAR KOXI 282135Z AUTO 35007KT 10SM CLR 28/16 A3014 RMK AO2",2025-09-28 21:51:47.540428,2025-09-28 17:51:47.540472
"KOOA","Oskaloosa Muni, IA, US",2025-09-28 21:35:00,"2025-09-28 21:35:00","VFR",31.8,13.9,220,9,NA,NA,1019.4,"METAR KOOA 282135Z AUTO 22009KT 10SM CLR 32/14 A3010 RMK AO2 T03180139",2025-09-28 21:51:47.546968,2025-09-28 17:51:47.547011
"KOZA","Ozona Muni, TX, US",2025-09-28 21:35:00,"2025-09-28 16:35:00","VFR",31,8,90,10,14,NA,1018.7,"METAR KOZA 282135Z AUTO 09010G14KT 070V150 10SM CLR 31/08 A3008 RMK AO2",2025-09-28 21:51:47.553499,2025-09-28 17:51:47.553542
"KPEQ","Pecos Muni, TX, US",2025-09-28 21:35:00,"2025-09-28 16:35:00","VFR",27.5,13.2,150,12,NA,NA,1018.4,"METAR KPEQ 282135Z AUTO 15012KT 10SM SCT075 SCT085 28/13 A3007 RMK AO2 LTG DSNT SW AND NW T02750132 PWINO",2025-09-28 21:51:47.560148,2025-09-28 17:51:47.56019
"KOWI","Ottawa Muni, KS, US",2025-09-28 21:35:00,"2025-09-28 21:35:00","VFR",32,18,200,5,NA,NA,1018,"METAR KOWI 282135Z AUTO 20005KT 10SM CLR 32/18 A3006 RMK AO2 PWINO",2025-09-28 21:51:47.566689,2025-09-28 17:51:47.566733
"KP08","Coolidge Muni, AZ, US",2025-09-28 21:35:00,"2025-09-28 21:35:00","VFR",29,15,NA,4,10,NA,1014,"METAR KP08 282135Z AUTO VRB04G10KT 10SM CLR 29/15 A2994 RMK AO2 LTG DSNT N",2025-09-28 21:51:47.573307,2025-09-28 17:51:47.573352
"KPHT","Paris/Henry Cnty, TN, US",2025-09-28 21:35:00,"2025-09-28 16:35:00","VFR",29,13,50,8,NA,NA,1018.7,"METAR KPHT 282135Z AUTO 05008KT 10SM CLR 29/13 A3008 RMK A01",2025-09-28 21:51:47.579789,2025-09-28 17:51:47.579832
"KPJC","Zelienople Muni, PA, US",2025-09-28 21:35:00,"2025-09-28 21:35:00","VFR",27,12,300,4,NA,NA,1020.4,"METAR KPJC 282135Z AUTO 30004KT 10SM SCT075 27/12 A3013 RMK AO2",2025-09-28 21:51:47.586224,2025-09-28 17:51:47.586286
"KPBH","Phillips/Price Cnty, WI, US",2025-09-28 21:35:00,"2025-09-28 21:35:00","VFR",23,6.9,190,6,NA,NA,1021.4,"METAR KPBH 282135Z AUTO 19006KT 10SM CLR 23/07 A3016 RMK AO2 T02300069",2025-09-28 21:51:47.592782,2025-09-28 17:51:47.592824
"KOVL","Olivia Rgnl, MN, US",2025-09-28 21:35:00,"2025-09-28 21:35:00","VFR",27,0,150,10,NA,NA,1018.4,"METAR KOVL 282135Z AUTO 15010KT 10SM CLR 27/00 A3007 RMK AO2",2025-09-28 21:51:47.599377,2025-09-28 17:51:47.599421
"KOSA","Mount Pleasant Rgnl, TX, US",2025-09-28 21:35:00,"2025-09-28 21:35:00","VFR",30.2,14.2,90,3,NA,NA,1017.7,"METAR KOSA 282135Z AUTO 09003KT 10SM BKN065 30/14 A3005 RMK AO2 T03020142",2025-09-28 21:51:47.605906,2025-09-28 17:51:47.605949
"KPKV","Port Lavaca/Calhoun Cnty, TX, US",2025-09-28 21:35:00,"2025-09-28 21:35:00","VFR",34.5,14.5,120,8,NA,NA,1015,"METAR KPKV 282135Z AUTO 12008KT 10SM CLR 35/15 A2997 RMK AO2 T03450145",2025-09-28 21:51:47.612481,2025-09-28 17:51:47.612525
"KONA","Winona Muni, MN, US",2025-09-28 21:35:00,"2025-09-28 21:35:00","VFR",25,9,110,6,NA,NA,1021.1,"METAR KONA 282135Z AUTO 11006KT 10SM CLR 25/09 A3015 RMK AO2 TSNO",2025-09-28 21:51:47.619054,2025-09-28 17:51:47.619099
"KOZW","Howell/Hardy Arpt, MI, US",2025-09-28 21:35:00,"2025-09-28 21:35:00","VFR",26,11,70,4,NA,NA,1022.1,"METAR KOZW 282135Z AUTO 07004KT 10SM CLR 26/11 A3018 RMK AO2",2025-09-28 21:51:47.625737,2025-09-28 17:51:47.625782
"KOKM","Okmulgee Rgnl, OK, US",2025-09-28 21:35:00,"2025-09-28 16:35:00","VFR",30.6,15.1,140,4,NA,NA,1018.7,"METAR KOKM 282135Z AUTO 14004KT 10SM CLR 31/15 A3008 RMK AO2 T03060151",2025-09-28 21:51:47.645491,2025-09-28 17:51:47.645537
"KPHG","Phillipsburg Muni, KS, US",2025-09-28 21:35:00,"2025-09-28 21:35:00","VFR",33,11,160,13,NA,NA,1017.4,"METAR KPHG 282135Z AUTO 16013KT 10SM CLR 33/11 A3004 RMK AO2",2025-09-28 21:51:47.652293,2025-09-28 17:51:47.652344
"KOLY","Olney/Noble Arpt, IL, US",2025-09-28 21:30:00,"2025-09-28 21:30:00","VFR",31.2,14,80,6,NA,NA,1020.4,"METAR KOLY 282130Z AUTO 08006KT 10SM CLR 31/14 A3013 RMK AO2 T03120140",2025-09-28 21:51:47.658785,2025-09-28 17:51:47.658828
"KPMH","Portsmouth Rgnl, OH, US",2025-09-28 21:28:00,"2025-09-28 17:28:00","MVFR",30,13,30,6,NA,5,1020.1,"METAR KPMH 282128Z 03006KT 5SM HZ CLR 30/13 A3012 RMK AO2",2025-09-28 21:51:47.665125,2025-09-28 17:51:47.665167
"KPCW","Port Clinton/Erie-Ottawa Arpt, OH, US",2025-09-28 21:25:00,"2025-09-28 21:25:00","VFR",24,17,60,8,NA,NA,1021.4,"METAR KPCW 282125Z AUTO 06008KT 10SM CLR 24/17 A3016 RMK AO2",2025-09-28 21:51:47.67159,2025-09-28 17:51:47.671635
"KPLD","Portland Muni, IN, US",2025-09-28 21:15:00,"2025-09-28 21:15:00","VFR",31,-2.4,310,3,NA,NA,1020.7,"METAR KPLD 282115Z AUTO 31003KT 10SM CLR 31/M02 A3014 RMK AO2 T03101024",2025-09-28 21:51:47.678169,2025-09-28 17:51:47.678211
"KOKV","Winchester Rgnl, VA, US",2025-09-28 21:15:00,"2025-09-28 17:15:00","VFR",26,14,20,3,NA,NA,1019.7,"METAR KOKV 282115Z AUTO 02003KT 10SM CLR 26/14 A3011 RMK AO2",2025-09-28 21:51:47.684705,2025-09-28 17:51:47.684749
"KOPN","Thomaston/Upson Cnty, GA, US",2025-09-28 21:15:00,"2025-09-28 21:15:00","VFR",28,17,60,5,NA,NA,1017.4,"METAR KOPN 282115Z AUTO 06005KT 10SM SCT047 SCT055 28/17 A3004 RMK AO2",2025-09-28 21:51:47.691391,2025-09-28 17:51:47.691436
"KONM","Socorro Muni, NM, US",2025-09-28 21:15:00,"2025-09-28 21:15:00","VFR",24.4,11.7,110,11,14,NA,1021.4,"METAR KONM 282115Z AUTO 11011G14KT 090V150 10SM SCT049 SCT060 BKN070 24/12 A3016 RMK AO2 LTG DSNT SW THRU N T02440117",2025-09-28 21:51:47.697882,2025-09-28 17:51:47.697925
"KOMH","Orange Cnty Arpt, VA, US",2025-09-28 21:15:00,"2025-09-28 21:15:00","VFR",27,15,340,3,NA,NA,1019.4,"METAR KOMH 282115Z AUTO 34003KT 10SM CLR 27/15 A3010 RMK AO2",2025-09-28 21:51:47.704478,2025-09-28 17:51:47.704521
"KOYM","St Marys Muni, PA, US",2025-09-28 21:15:00,"2025-09-28 17:15:00","VFR",27,13,0,0,NA,NA,1022.8,"METAR KOYM 282115Z AUTO 00000KT 10SM BKN090 OVC120 27/13 A3020 RMK AO2 PWINO",2025-09-28 21:51:47.711043,2025-09-28 17:51:47.711088
"KOQN","West Chester/Brandywine Rgnl, PA, US",2025-09-28 21:15:00,"2025-09-28 21:15:00","VFR",28,12,310,4,NA,NA,1018.7,"METAR KOQN 282115Z AUTO 31004KT 10SM CLR 28/12 A3008 RMK AO2",2025-09-28 21:51:47.717637,2025-09-28 17:51:47.717683
"KPAN","Payson Arpt, AZ, US",2025-09-28 21:15:00,"2025-09-28 14:15:00","VFR",20,10,170,8,20,NA,1021.1,"METAR KPAN 282115Z AUTO 17008G20KT 10SM VCTS RA CLR 20/10 A3015 RMK AO2 LTG DSNT NW-NE",2025-09-28 21:51:47.724105,2025-09-28 17:51:47.724148
"KOLE","Olean/Cattaraugus Cnty, NY, US",2025-09-28 21:15:00,"2025-09-28 21:15:00","VFR",22,9,320,4,NA,NA,1022.8,"METAR KOLE 282115Z AUTO 32004KT 10SM CLR 22/09 A3020 RMK AO2",2025-09-28 21:51:47.730598,2025-09-28 17:51:47.730641
"KPLR","Pell City/St Clair Cnty, AL, US",2025-09-28 21:15:00,"2025-09-28 16:15:00","VFR",31,17,360,7,NA,NA,1016.7,"METAR KPLR 282115Z AUTO 36007KT 10SM FEW060 31/17 A3002 RMK A01",2025-09-28 21:51:47.737113,2025-09-28 17:51:47.737156
"KORS","Eastsound/Orcas Island Arpt, WA, US",2025-09-28 21:15:00,"2025-09-28 14:15:00","VFR",15,14,360,4,NA,9,1006.9,"METAR KORS 282115Z AUTO 36004KT 9SM CLR 15/14 A2973 RMK AO2",2025-09-28 21:51:47.743551,2025-09-28 17:51:47.743594
"KPCM","Plant City Arpt, FL, US",2025-09-28 21:15:00,"2025-09-28 21:15:00","VFR",30,24,NA,NA,NA,NA,1011.9,"METAR KPCM 282115Z AUTO 10SM SCT031 SCT045 BKN095 30/24 A2988 RMK AO2",2025-09-28 21:51:47.750045,2025-09-28 17:51:47.750089
"KPLU","Tacoma/Pierce Cnty, WA, US",2025-09-28 21:15:00,"2025-09-28 21:15:00","VFR",24,11,NA,6,NA,NA,1008.5,"METAR KPLU 282115Z AUTO VRB06KT 10SM CLR 24/11 A2978 RMK AO2",2025-09-28 21:51:47.756742,2025-09-28 17:51:47.756797
"KOTG","Worthington Muni, MN, US",2025-09-28 20:56:00,"2025-09-28 20:56:00","VFR",28.3,2.8,150,8,NA,NA,1019.4,"METAR KOTG 282056Z AUTO 15008KT 10SM CLR 28/03 A3010 RMK AO2 SLP190 T02830028 56015",2025-09-28 21:51:47.763533,2025-09-28 17:51:47.76358
"KOXC","Oxford Arpt, CT, US",2025-09-28 20:56:00,"2025-09-28 16:56:00","VFR",27.2,13.3,270,5,NA,NA,1018,"METAR KOXC 282056Z 27005KT 10SM CLR 27/13 A3006 RMK AO2 SLP187 T02720133 55003 $",2025-09-28 21:51:47.783245,2025-09-28 17:51:47.783319
"KPIB","Hattiesburg/Laurel Rgnl, MS, US",2025-09-28 20:56:00,"2025-09-28 15:56:00","VFR",32.8,15,40,5,NA,NA,1015.7,"METAR KPIB 282056Z AUTO 04005KT 10SM SCT070 33/15 A2999 RMK AO2 SLP153 6//// T03280150 56012 PNO $",2025-09-28 21:51:47.790015,2025-09-28 17:51:47.790064
"KOLU","Columbus Muni, NE, US",2025-09-28 20:56:00,"2025-09-28 20:56:00","VFR",28.3,11.7,120,8,NA,NA,1018.7,"METAR KOLU 282056Z AUTO 12008KT 10SM CLR 28/12 A3008 RMK AO2 SLP182 T02830117 56017",2025-09-28 21:51:47.796526,2025-09-28 17:51:47.796569
"KOKK","Kokomo Muni, IN, US",2025-09-28 20:56:00,"2025-09-28 16:56:00","VFR",31.7,11.7,320,6,NA,NA,1020.7,"METAR KOKK 282056Z AUTO 32006KT 10SM CLR 32/12 A3014 RMK AO2 SLP203 T03170117 56010 $",2025-09-28 21:51:47.803041,2025-09-28 17:51:47.803084
"KOWB","Owensboro/Daviess Cnty, KY, US",2025-09-28 20:56:00,"2025-09-28 15:56:00","VFR",30.6,12.8,90,7,NA,NA,1020.1,"METAR KOWB 282056Z 09007KT 10SM CLR 31/13 A3012 RMK AO2 SLP196 T03060128 56013",2025-09-28 21:51:47.80954,2025-09-28 17:51:47.809586
"KOTH","North Bend/SW Oregon Rgnl, OR, US",2025-09-28 20:56:00,"2025-09-28 13:56:00","VFR",19.4,12.8,250,14,NA,NA,1011.6,"METAR KOTH 282056Z 25014KT 10SM CLR 19/13 A2987 RMK AO2 SLP114 T01940128 58008",2025-09-28 21:51:47.816159,2025-09-28 17:51:47.816201
"KOZR","Ozark/Cairns AAF, AL, US",2025-09-28 20:55:00,"2025-09-28 15:55:00","VFR",33,17.6,20,6,NA,NA,1014,"METAR KOZR 282055Z AUTO 02006KT 10SM CLR 33/18 A2994 RMK AO2 SLP137 T03300176 57013 $",2025-09-28 21:51:47.822667,2025-09-28 17:51:47.822711
"KPAM","Tyndall AFB, FL, US",2025-09-28 20:55:00,"2025-09-28 15:55:00","VFR",31.5,18.1,50,6,NA,NA,1012.3,"METAR KPAM 282055Z 05006KT 10SM FEW060 SCT095 32/18 A2989 RMK AO2A SLP125 T03150181 56013",2025-09-28 21:51:47.829183,2025-09-28 17:51:47.829226
"KPHP","Philip Muni, SD, US",2025-09-28 20:55:00,"2025-09-28 14:55:00","VFR",32.2,11.7,190,16,22,NA,1012.6,"METAR KPHP 282055Z AUTO 19016G22KT 10SM CLR 32/12 A2990 RMK AO2 PK WND 17026/2029 SLP106 T03220117 56013",2025-09-28 21:51:47.835694,2025-09-28 17:51:47.835738
"KPLN","Pellston Rgnl, MI, US",2025-09-28 20:54:00,"2025-09-28 16:54:00","VFR",22.2,8.9,260,6,NA,NA,1022.8,"METAR KPLN 282054Z AUTO 26006KT 10SM CLR 22/09 A3020 RMK AO2 SLP229 T02220089 53004 $",2025-09-28 21:51:47.842204,2025-09-28 17:51:47.842249
"KOLM","Olympia Rgnl, WA, US",2025-09-28 20:54:00,"2025-09-28 13:54:00","VFR",21.7,11.7,240,7,NA,NA,1008.5,"METAR KOLM 282054Z AUTO 24007KT 200V270 10SM CLR 22/12 A2978 RMK AO2 SLP085 T02170117 58006",2025-09-28 21:51:47.848736,2025-09-28 17:51:47.848779
"KPHF","Newport News/Williamsburg Intl, VA, US",2025-09-28 20:54:00,"2025-09-28 16:54:00","VFR",23.9,18.3,30,6,NA,NA,1019.4,"METAR KPHF 282054Z 03006KT 10SM CLR 24/18 A3010 RMK AO2 SLP191 T02390183 53002",2025-09-28 21:51:47.855236,2025-09-28 17:51:47.855298
"KPHL","Philadelphia Intl, PA, US",2025-09-28 20:54:00,"2025-09-28 16:54:00","VFR",29.4,15,NA,5,NA,NA,1018,"METAR KPHL 282054Z VRB05KT 10SM FEW042 FEW270 29/15 A3006 RMK AO2 SLP177 T02940150 55004 $",2025-09-28 21:51:47.861849,2025-09-28 17:51:47.861892
"KOLS","Nogales Intl, AZ, US",2025-09-28 20:54:00,"2025-09-28 13:54:00","VFR",27.8,5.6,170,7,NA,NA,1018.4,"METAR KOLS 282054Z AUTO 17007KT 10SM CLR 28/06 A3007 RMK AO2 SLP122 T02780056 58015",2025-09-28 21:51:47.868316,2025-09-28 17:51:47.868373
"KORH","Worcester Muni, MA, US",2025-09-28 20:54:00,"2025-09-28 16:54:00","VFR",25.6,15.6,240,11,NA,NA,1017,"METAR KORH 282054Z 24011KT 10SM CLR 26/16 A3003 RMK AO2 SLP166 T02560156 55002",2025-09-28 21:51:47.874791,2025-09-28 17:51:47.874836
"KPIA","Peoria Intl, IL, US",2025-09-28 20:54:00,"2025-09-28 15:54:00","VFR",31.1,9.4,240,4,NA,NA,1020.1,"METAR KPIA 282054Z 24004KT 10SM CLR 31/09 A3012 RMK AO2 SLP196 T03110094 56011",2025-09-28 21:51:47.881356,2025-09-28 17:51:47.8814
"KPDT","Pendleton/E Oregon Rgnl, OR, US",2025-09-28 20:53:00,"2025-09-28 13:53:00","VFR",27.8,0.6,310,7,NA,NA,1008.9,"METAR KPDT 282053Z 31007KT 10SM CLR 28/01 A2979 RMK AO2 SLP072 T02780006 58014",2025-09-28 21:51:47.887851,2025-09-28 17:51:47.887894
"KOSU","Columbus/Ohio State Univ Arpt, OH, US",2025-09-28 20:53:00,"2025-09-28 16:53:00","VFR",30,11.1,NA,6,NA,NA,1020.4,"METAR KOSU 282053Z VRB06KT 10SM CLR 30/11 A3013 RMK AO2 SLP196 T03000111 56010",2025-09-28 21:51:47.894722,2025-09-28 17:51:47.894768
"KOSH","Oshkosh/Wittman Rgnl, WI, US",2025-09-28 20:53:00,"2025-09-28 15:53:00","VFR",23.3,6.1,70,7,NA,NA,1022.1,"METAR KOSH 282053Z 07007KT 10SM CLR 23/06 A3018 RMK AO2 SLP214 T02330061 56008",2025-09-28 21:51:47.901474,2025-09-28 17:51:47.901521
"KOXB","Ocean City Muni, MD, US",2025-09-28 20:53:00,"2025-09-28 16:53:00","VFR",22.8,18.9,70,4,NA,NA,1019,"METAR KOXB 282053Z AUTO 07004KT 10SM CLR 23/19 A3009 RMK AO2 SLP188 T02280189 53001",2025-09-28 21:51:47.921025,2025-09-28 17:51:47.92107
"KOLF","Wolf Point/Clayton Arpt, MT, US",2025-09-28 20:53:00,"2025-09-28 14:53:00","VFR",31.1,1.7,50,6,NA,NA,1011.6,"METAR KOLF 282053Z AUTO 05006KT 10SM CLR 31/02 A2987 RMK AO2 SLP110 T03110017 56006",2025-09-28 21:51:47.927728,2025-09-28 17:51:47.927775
"KPIE","St Petersburg-Clearwater Intl, FL, US",2025-09-28 20:53:00,"2025-09-28 16:53:00","VFR",32.8,23.3,320,10,NA,NA,1010.9,"METAR KPIE 282053Z 32010KT 10SM FEW040 33/23 A2985 RMK AO2 SLP107 T03280233 56015",2025-09-28 21:51:47.934366,2025-09-28 17:51:47.93441
"KOVS","Boscobel Arpt, WI, US",2025-09-28 20:53:00,"2025-09-28 20:53:00","VFR",26.7,10,350,4,NA,NA,1020.7,"METAR KOVS 282053Z AUTO 35004KT 10SM CLR 27/10 A3014 RMK AO2 SLP208 T02670100 56013",2025-09-28 21:51:47.940807,2025-09-28 17:51:47.940851
"KONT","Ontario Intl, CA, US",2025-09-28 20:53:00,"2025-09-28 13:53:00","VFR",25,14.4,210,6,NA,NA,1015.7,"METAR KONT 282053Z 21006KT 10SM SCT036 25/14 A2999 RMK AO2 SLP143 T02500144 58017 $",2025-09-28 21:51:47.947228,2025-09-28 17:51:47.947291
"KPBG","Plattsburgh Intl, NY, US",2025-09-28 20:53:00,"2025-09-28 16:53:00","VFR",24.4,8.3,320,11,24,NA,1017.4,"METAR KPBG 282053Z AUTO 32011G24KT 10SM CLR 24/08 A3004 RMK AO2 SLP171 T02440083 53015",2025-09-28 21:51:47.953736,2025-09-28 17:51:47.95378
"KPAH","Paducah/Barkley Rgnl, KY, US",2025-09-28 20:53:00,"2025-09-28 15:53:00","VFR",30,13.3,NA,5,NA,NA,1019,"METAR KPAH 282053Z VRB05KT 10SM CLR 30/13 A3009 RMK AO2 SLP185 T03000133 56016 $",2025-09-28 21:51:47.960233,2025-09-28 17:51:47.960313
"KOVE","Oroville Muni, CA, US",2025-09-28 20:53:00,"2025-09-28 13:53:00","VFR",22.2,13.3,150,11,NA,NA,1015.7,"METAR KOVE 282053Z AUTO 15011KT 10SM OVC032 22/13 A2999 RMK AO2 SLP157 T02220133 58005",2025-09-28 21:51:47.966757,2025-09-28 17:51:47.966802
"KPKD","Park Rapids/Konshok Fld, MN, US",2025-09-28 20:53:00,"2025-09-28 15:53:00","VFR",26.7,5,180,11,NA,NA,1017.4,"METAR KPKD 282053Z AUTO 18011KT 10SM CLR 27/05 A3004 RMK AO2 SLP170 T02670050 56010",2025-09-28 21:51:47.973221,2025-09-28 17:51:47.973281
"KPIH","Pocatello Rgnl, ID, US",2025-09-28 20:53:00,"2025-09-28 14:53:00","VFR",24.4,8.3,130,5,NA,NA,1016.3,"METAR KPIH 282053Z 13005KT 10SM SCT055 24/08 A3001 RMK AO2 RAB07E23 SLP126 P0000 60000 T02440083 58009",2025-09-28 21:51:47.979677,2025-09-28 17:51:47.979721
"KPKB","Parkersburg/Mid Ohio Valley Rgnl, WV, US",2025-09-28 20:53:00,"2025-09-28 16:53:00","VFR",30,12.8,0,0,NA,NA,1020.4,"METAR KPKB 282053Z 00000KT 10SM FEW060 30/13 A3013 RMK AO2 SLP196 T03000128 56011 $",2025-09-28 21:51:47.986182,2025-09-28 17:51:47.986226
"KPMP","Pompano Beach Arpt, FL, US",2025-09-28 20:53:00,"2025-09-28 16:53:00","VFR",26.1,25,100,10,NA,NA,1009.9,"METAR KPMP 282053Z 10010KT 10SM -RA FEW032 BKN055 OVC070 26/25 A2982 RMK AO2 SLP097 P0004 60021 T02610250 58014",2025-09-28 21:51:47.992734,2025-09-28 17:51:47.992779
"KOMK","Omak Arpt, WA, US",2025-09-28 20:53:00,"2025-09-28 13:53:00","VFR",23.3,3.9,NA,3,NA,NA,1008.9,"METAR KOMK 282053Z AUTO VRB03KT 10SM CLR 23/04 A2979 RMK AO2 SLP085 T02330039 58014",2025-09-28 21:51:47.999253,2025-09-28 17:51:47.999316
"KONO","Ontario Muni, OR, US",2025-09-28 20:53:00,"2025-09-28 14:53:00","VFR",25.6,2.8,0,0,NA,NA,1012.3,"METAR KONO 282053Z AUTO 00000KT 10SM CLR 26/03 A2989 RMK AO2 SLP114 T02560028 58018",2025-09-28 21:51:48.005768,2025-09-28 17:51:48.005811
"KOPF","Miami/Opa Locka Arpt, FL, US",2025-09-28 20:53:00,"2025-09-28 16:53:00","VFR",29.4,22.8,70,14,NA,NA,1009.6,"METAR KOPF 282053Z 07014KT 10SM FEW021 BKN060 BKN080 29/23 A2981 RMK AO2 SLP097 T02940228 58010",2025-09-28 21:51:48.012209,2025-09-28 17:51:48.012254
"KPDK","Atlanta/Dekalb-Peachtree Arpt, GA, US",2025-09-28 20:53:00,"2025-09-28 16:53:00","VFR",28.9,15.6,30,7,NA,NA,1017.7,"METAR KPDK 282053Z 03007KT 10SM SCT055 29/16 A3005 RMK AO2 SLP159 T02890156 56007",2025-09-28 21:51:48.018689,2025-09-28 17:51:48.018733
"KPHD","New Philadelphia/Clever Fld, OH, US",2025-09-28 20:53:00,"2025-09-28 16:53:00","VFR",30,12.2,NA,5,NA,NA,1020.7,"METAR KPHD 282053Z AUTO VRB05KT 10SM SCT075 30/12 A3014 RMK AO2 SLP203 T03000122 57005",2025-09-28 21:51:48.025226,2025-09-28 17:51:48.025306
"KOTM","Ottumwa Rgnl, IA, US",2025-09-28 20:53:00,"2025-09-28 15:53:00","VFR",31.1,15,220,9,NA,NA,1018.7,"METAR KOTM 282053Z AUTO 22009KT 10SM SCT065 31/15 A3008 RMK AO2 SLP179 T03110150 58010",2025-09-28 21:51:48.031831,2025-09-28 17:51:48.031874
"KPBF","Pine Bluff/Grider Fld, AR, US",2025-09-28 20:53:00,"2025-09-28 15:53:00","VFR",31.1,13.3,40,6,NA,NA,1018,"METAR KPBF 282053Z AUTO 04006KT 10SM CLR 31/13 A3006 RMK AO2 SLP176 T03110133 56015 $",2025-09-28 21:51:48.050387,2025-09-28 17:51:48.050466
"KOWD","Norwood Mem, MA, US",2025-09-28 20:53:00,"2025-09-28 16:53:00","VFR",27.8,16.1,250,6,NA,NA,1015.3,"METAR KOWD 282053Z 25006KT 10SM CLR 28/16 A2998 RMK AO2 SLP152 T02780161 55008 $",2025-09-28 21:51:48.057886,2025-09-28 17:51:48.057931
"KPDX","Portland Intl, OR, US",2025-09-28 20:53:00,"2025-09-28 13:53:00","VFR",22.8,10,210,7,NA,NA,1009.9,"METAR KPDX 282053Z 21007KT 10SM FEW055 BKN200 23/10 A2982 RMK AO2 SLP096 T02280100 58006 $",2025-09-28 21:51:48.064599,2025-09-28 17:51:48.064641
"KPIR","Pierre Muni, SD, US",2025-09-28 20:53:00,"2025-09-28 15:53:00","VFR",31.7,13.3,180,16,NA,NA,1013,"METAR KPIR 282053Z AUTO 18016KT 10SM CLR 32/13 A2991 RMK AO2 SLP114 T03170133 57016",2025-09-28 21:51:48.071321,2025-09-28 17:51:48.071373
"KPEO","Penn Yan Arpt, NY, US",2025-09-28 20:53:00,"2025-09-28 20:53:00","VFR",25.6,10,340,10,15,NA,1020.4,"METAR KPEO 282053Z AUTO 34010G15KT 10SM CLR 26/10 A3013 RMK AO2 SLP198 T02560100 53008",2025-09-28 21:51:48.077904,2025-09-28 17:51:48.077947
"KPMD","Palmdale Rgnl, CA, US",2025-09-28 20:53:00,"2025-09-28 13:53:00","VFR",26.7,12.8,220,7,18,NA,1016,"METAR KPMD 282053Z 22007G18KT 10SM CLR 27/13 A3000 RMK AO2 SLP135 T02670128 58015 $",2025-09-28 21:51:48.084477,2025-09-28 17:51:48.084525
"KPIL","Port Isabel/Cameron Cnty, TX, US",2025-09-28 20:53:00,"2025-09-28 20:53:00","VFR",30.6,18.3,60,11,NA,NA,1014.6,"METAR KPIL 282053Z AUTO 06011KT 10SM CLR 31/18 A2996 RMK AO2 SLP145 T03060183 56016",2025-09-28 21:51:48.091033,2025-09-28 17:51:48.091076
"KPAE","Everett/Paine Fld, WA, US",2025-09-28 20:53:00,"2025-09-28 13:53:00","VFR",21.1,11.1,180,11,22,NA,1008.2,"METAR KPAE 282053Z 18011G22KT 10SM CLR 21/11 A2977 RMK AO2 SLP079 T02110111 56005",2025-09-28 21:51:48.097638,2025-09-28 17:51:48.097684
"KPGD","Punta Gorda Arpt, FL, US",2025-09-28 20:53:00,"2025-09-28 16:53:00","VFR",28.9,23.3,80,14,19,NA,1010.9,"METAR KPGD 282053Z 08014G19KT 10SM FEW044 FEW055 SCT075 29/23 A2985 RMK AO2 PK WND 06028/2028 LTG DSNT E SLP108 T02890233 55004",2025-09-28 21:51:48.104139,2025-09-28 17:51:48.104181
"KPGA","Page Muni, AZ, US",2025-09-28 20:53:00,"2025-09-28 13:53:00","VFR",22.2,10,30,11,NA,NA,1019.4,"METAR KPGA 282053Z AUTO 03011KT 10SM BKN060 22/10 A3010 RMK AO2 SLP145 T02220100 56021",2025-09-28 21:51:48.110687,2025-09-28 17:51:48.110737
"KORE","Orange Muni, MA, US",2025-09-28 20:52:00,"2025-09-28 20:52:00","VFR",28.3,12.8,280,5,NA,NA,1016,"METAR KORE 282052Z AUTO 28005KT 10SM CLR 28/13 A3000 RMK AO2 SLP158 T02830128 55003",2025-09-28 21:51:48.117166,2025-09-28 17:51:48.11721
"KOMA","Omaha/Eppley Fld, NE, US",2025-09-28 20:52:00,"2025-09-28 15:52:00","VFR",30.6,9.4,150,6,NA,NA,1018.4,"METAR KOMA 282052Z 15006KT 10SM CLR 31/09 A3007 RMK AO2 SLP176 T03060094 56019",2025-09-28 21:51:48.123707,2025-09-28 17:51:48.123751
"KPHX","Phoenix/Sky Harbor Intl, AZ, US",2025-09-28 20:51:00,"2025-09-28 13:51:00","VFR",30.6,15,NA,4,NA,NA,1013.3,"METAR KPHX 282051Z VRB04KT 10SM SCT055 SCT075 SCT120 31/15 A2992 RMK AO2 SLP114 T03060150 58019",2025-09-28 21:51:48.130246,2025-09-28 17:51:48.13031
"KPIT","Pittsburgh Intl, PA, US",2025-09-28 20:51:00,"2025-09-28 16:51:00","VFR",28.3,12.2,360,9,NA,NA,1020.7,"METAR KPIT 282051Z 36009KT 10SM FEW042 28/12 A3014 RMK AO2 SLP207 T02830122 56006 $",2025-09-28 21:51:48.136734,2025-09-28 17:51:48.136778
"KORD","Chicago/O'Hare Intl, IL, US",2025-09-28 20:51:00,"2025-09-28 15:51:00","VFR",25.6,12.2,100,5,NA,NA,1021.4,"METAR KORD 282051Z 10005KT 10SM CLR 26/12 A3016 RMK AO2 SLP210 T02560122 56005 $",2025-09-28 21:51:48.143235,2025-09-28 17:51:48.143297
"KOXR","Oxnard Arpt, CA, US",2025-09-28 20:51:00,"2025-09-28 13:51:00","VFR",21.7,16.1,220,7,NA,NA,1016,"METAR KOXR 282051Z 22007KT 10SM SCT015 OVC042 22/16 A3000 RMK AO2 SLP158 T02170161 57008 $",2025-09-28 21:51:48.149683,2025-09-28 17:51:48.149725
"KOLV","Olive Branch Arpt, MS, US",2025-09-28 20:50:00,"2025-09-28 15:50:00","VFR",30,11,50,8,NA,NA,1017.7,"METAR KOLV 282050Z 05008KT 10SM CLR 30/11 A3005",2025-09-28 21:51:48.156151,2025-09-28 17:51:48.156197
"KRHV","San Jose/Reid-Hillview Arpt, CA, US",2025-09-28 21:47:00,"2025-09-28 14:47:00","MVFR",23,14,250,6,NA,NA,1015.7,"METAR KRHV 282147Z 25006KT 10SM BKN020 23/14 A2999",2025-09-28 21:51:49.5435,2025-09-28 17:51:49.543543
"KPOC","La Verne/Brackett Fld, CA, US",2025-09-28 21:47:00,"2025-09-28 14:47:00","VFR",26,14,250,8,NA,NA,1015.7,"METAR KPOC 282147Z 25008KT 10SM CLR 26/14 A2999",2025-09-28 21:51:49.55018,2025-09-28 17:51:49.550229
"KPPQ","Pittsfield/Penstone Muni, IL, US",2025-09-28 21:35:00,"2025-09-28 21:35:00","VFR",30.7,11.1,160,6,NA,NA,1020.4,"METAR KPPQ 282135Z AUTO 16006KT 10SM CLR 31/11 A3013 RMK AO2 T03070111",2025-09-28 21:51:49.556787,2025-09-28 17:51:49.556833
"KPWD","Plentywood/Sher-Wood Arpt, MT, US",2025-09-28 21:35:00,"2025-09-28 15:35:00","VFR",30,3,20,11,NA,NA,1013,"METAR KPWD 282135Z AUTO 02011KT 10SM CLR 30/03 A2991 RMK AO2",2025-09-28 21:51:49.563519,2025-09-28 17:51:49.563562
"KPUJ","Dallas/Paulding Cnty, GA, US",2025-09-28 21:35:00,"2025-09-28 21:35:00","VFR",28,16,60,6,NA,NA,1017.7,"METAR KPUJ 282135Z AUTO 06006KT 10SM CLR 28/16 A3005 RMK AO2",2025-09-28 21:51:49.570031,2025-09-28 17:51:49.570076
"KRNH","New Richmond Muni, WI, US",2025-09-28 21:35:00,"2025-09-28 21:35:00","VFR",24.2,7,150,4,NA,NA,1020.7,"METAR KRNH 282135Z AUTO 15004KT 10SM CLR 24/07 A3014 RMK AO2 T02420070",2025-09-28 21:51:49.576544,2025-09-28 17:51:49.576587
"KPOV","Ravenna/Portage Cnty, OH, US",2025-09-28 21:35:00,"2025-09-28 21:35:00","VFR",27,12.4,330,5,NA,NA,1021.8,"METAR KPOV 282135Z AUTO 33005KT 10SM CLR 27/12 A3017 RMK AO2 T02700124 PWINO",2025-09-28 21:51:49.583071,2025-09-28 17:51:49.583117
"KRNP","Owosso Community Arpt, MI, US",2025-09-28 21:35:00,"2025-09-28 21:35:00","VFR",25.6,5.7,40,3,NA,NA,1022.1,"METAR KRNP 282135Z AUTO 04003KT 10SM CLR 26/06 A3018 RMK AO2 T02560057",2025-09-28 21:51:49.589599,2025-09-28 17:51:49.589642
"KPYX","Perryton/Ochiltree Cnty, TX, US",2025-09-28 21:35:00,"2025-09-28 21:35:00",NA,31.1,9.4,160,14,NA,NA,1019.7,"METAR KPYX 282135Z AUTO 16014KT 10SM 31/09 A3011 RMK AO2 T03110094",2025-09-28 21:51:49.596257,2025-09-28 17:51:49.596322
"KPRG","Paris/Edgar Cnty, IL, US",2025-09-28 21:35:00,"2025-09-28 21:35:00","VFR",31.5,9.5,130,4,NA,NA,1020.1,"METAR KPRG 282135Z AUTO 13004KT 10SM CLR 32/10 A3012 RMK AO2 T03150095",2025-09-28 21:51:49.602845,2025-09-28 17:51:49.602889
"KRGK","Red Wing Rgnl, WI, US",2025-09-28 21:35:00,"2025-09-28 21:35:00","VFR",25,5,120,7,NA,NA,1020.1,"METAR KRGK 282135Z AUTO 12007KT 10SM CLR 25/05 A3012 RMK AO2",2025-09-28 21:51:49.609357,2025-09-28 17:51:49.609401
"KROS","Rush City Rgnl, MN, US",2025-09-28 21:35:00,"2025-09-28 21:35:00","VFR",23.7,7.8,150,9,NA,NA,1020.1,"METAR KROS 282135Z AUTO 15009KT 10SM CLR 24/08 A3012 RMK AO2 T02370078",2025-09-28 21:51:49.615913,2025-09-28 17:51:49.615956
"KPXE","Perry/Houston Cnty, GA, US",2025-09-28 21:35:00,"2025-09-28 21:35:00","VFR",30,18,40,8,NA,NA,1016.3,"METAR KPXE 282135Z AUTO 04008KT 10SM SCT049 30/18 A3001 RMK AO2",2025-09-28 21:51:49.622445,2025-09-28 17:51:49.622488
"KRLD","Richland Arpt, WA, US",2025-09-28 21:35:00,"2025-09-28 21:35:00","VFR",27,5.7,40,3,NA,NA,1007.5,"METAR KRLD 282135Z AUTO 04003KT 10SM CLR 27/06 A2975 RMK AO2 T02700057",2025-09-28 21:51:49.629036,2025-09-28 17:51:49.62908
"KPPA","Pampa/Lefors Fld, TX, US",2025-09-28 21:35:00,"2025-09-28 16:35:00","VFR",30.3,8.6,150,9,NA,NA,1020.7,"METAR KPPA 282135Z AUTO 15009KT 10SM CLR 30/09 A3014 RMK AO2 T03030086",2025-09-28 21:51:49.635583,2025-09-28 17:51:49.635632
"KPVW","Plainview/Hale Cnty, TX, US",2025-09-28 21:35:00,"2025-09-28 16:35:00","VFR",28.6,3.5,170,8,NA,NA,1020.7,"METAR KPVW 282135Z AUTO 17008KT 10SM CLR 29/04 A3014 RMK AO2 LTG DSNT W T02860035",2025-09-28 21:51:49.642189,2025-09-28 17:51:49.642232
"KPSN","Palestine Muni, TX, US",2025-09-28 21:35:00,"2025-09-28 16:35:00","VFR",30,13,20,11,NA,NA,1017.4,"METAR KPSN 282135Z AUTO 02011KT 340V040 10SM CLR 30/13 A3004 RMK AO2",2025-09-28 21:51:49.662442,2025-09-28 17:51:49.662488
"KPTS","Pittsburg/Atkinson Muni, KS, US",2025-09-28 21:35:00,"2025-09-28 21:35:00","VFR",31,17,NA,5,NA,NA,1019,"METAR KPTS 282135Z AUTO VRB05KT 10SM FEW055 31/17 A3009 RMK AO2",2025-09-28 21:51:49.669338,2025-09-28 17:51:49.669383
"KPSO","Pagosa Springs/Stevens Fld, CO, US",2025-09-28 21:35:00,"2025-09-28 15:35:00","VFR",19,5,190,3,NA,NA,1026.5,"METAR KPSO 282135Z AUTO 19003KT 10SM FEW048 FEW065 19/05 A3031 RMK AO2",2025-09-28 21:51:49.675861,2025-09-28 17:51:49.675903
"KRPD","Rice Lake Rgnl, WI, US",2025-09-28 21:35:00,"2025-09-28 16:35:00","VFR",24,3.1,190,6,NA,NA,1021.8,"METAR KRPD 282135Z AUTO 19006KT 10SM CLR 24/03 A3017 RMK AO2 T02400031",2025-09-28 21:51:49.682389,2025-09-28 17:51:49.682433
"KRCR","Rochester/Fulton Cnty, IN, US",2025-09-28 21:35:00,"2025-09-28 17:35:00",NA,30,14,NA,4,NA,NA,1020.7,"METAR KRCR 282135Z AUTO VRB04KT 10SM 30/14 A3014 RMK AO2",2025-09-28 21:51:49.689056,2025-09-28 17:51:49.6891
"KPVB","Platteville Muni, WI, US",2025-09-28 21:35:00,"2025-09-28 21:35:00","VFR",28,13.1,0,0,NA,NA,1021.1,"METAR KPVB 282135Z AUTO 00000KT 10SM CLR 28/13 A3015 RMK AO1 T02800131",2025-09-28 21:51:49.695813,2025-09-28 17:51:49.695856
"KPVJ","Pauls Valley Muni, OK, US",2025-09-28 21:35:00,"2025-09-28 21:35:00","VFR",30,12.8,0,0,NA,NA,1019.4,"METAR KPVJ 282135Z AUTO 00000KT 10SM SCT070 30/13 A3010 RMK AO2 T03000128",2025-09-28 21:51:49.702413,2025-09-28 17:51:49.702456
"KPTT","Pratt Rgnl, KS, US",2025-09-28 21:35:00,"2025-09-28 16:35:00","VFR",31.1,10.8,180,11,NA,NA,1019,"METAR KPTT 282135Z AUTO 18011KT 10SM CLR 31/11 A3009 RMK AO2 T03110108",2025-09-28 21:51:49.709044,2025-09-28 17:51:49.709093
"KRBW","Walterboro/Lowcountry Rgnl, SC, US",2025-09-28 21:35:00,"2025-09-28 17:35:00","VFR",27,22,40,4,NA,NA,1016,"METAR KRBW 282135Z AUTO 04004KT 10SM SCT028 SCT035 SCT055 27/22 A3000 RMK AO2",2025-09-28 21:51:49.715762,2025-09-28 17:51:49.715806
"KPWC","Pine River Rgnl, MN, US",2025-09-28 21:35:00,"2025-09-28 21:35:00","VFR",25,9,160,7,NA,NA,1019,"METAR KPWC 282135Z AUTO 16007KT 10SM CLR 25/09 A3009 RMK AO2",2025-09-28 21:51:49.722358,2025-09-28 17:51:49.722404
"KPRO","Perry Muni, IA, US",2025-09-28 21:35:00,"2025-09-28 16:35:00","VFR",29.6,13.8,140,5,NA,NA,1018.7,"METAR KPRO 282135Z AUTO 14005KT 10SM CLR 30/14 A3008 RMK AO2 T02960138",2025-09-28 21:51:49.728928,2025-09-28 17:51:49.728975
"KRNC","McMinnville/Warren Cnty, TN, US",2025-09-28 21:35:00,"2025-09-28 16:35:00","VFR",29,13,50,9,NA,NA,1018.7,"METAR KRNC 282135Z AUTO 05009KT 10SM CLR 29/13 A3008 RMK A01",2025-09-28 21:51:49.735503,2025-09-28 17:51:49.735548
"KPMV","Plattsmouth Muni, NE, US",2025-09-28 21:35:00,"2025-09-28 21:35:00","VFR",NA,NA,140,3,NA,NA,1018.7,"METAR KPMV 282135Z AUTO 14003KT 10SM CLR A3008 RMK AO2",2025-09-28 21:51:49.742119,2025-09-28 17:51:49.742162
"KRMY","Marshall/Brooks Fld, MI, US",2025-09-28 21:35:00,"2025-09-28 21:35:00","VFR",26.4,12.3,0,0,NA,NA,1021.8,"METAR KRMY 282135Z AUTO 00000KT 10SM CLR 26/12 A3017 RMK AO2 T02640123",2025-09-28 21:51:49.748669,2025-09-28 17:51:49.748712
"KPNT","Pontiac Muni, IL, US",2025-09-28 21:35:00,"2025-09-28 21:35:00","VFR",31.7,6.1,0,0,NA,NA,1020.4,"METAR KPNT 282135Z AUTO 00000KT 10SM CLR 32/06 A3013 RMK AO2 T03170061",2025-09-28 21:51:49.755195,2025-09-28 17:51:49.755237
"KRKR","Poteau/Kerr Arpt, OK, US",2025-09-28 21:35:00,"2025-09-28 21:35:00","VFR",30,13,330,3,NA,NA,1018.7,"METAR KRKR 282135Z AUTO 33003KT 10SM CLR 30/13 A3008 RMK AO2",2025-09-28 21:51:49.761787,2025-09-28 17:51:49.761832
"KPRS","Presidio/Lely Intl, TX, US",2025-09-28 21:35:00,"2025-09-28 21:35:00","VFR",31.9,14,120,6,NA,NA,1016,"METAR KPRS 282135Z AUTO 12006KT 10SM SCT070 SCT080 32/14 A3000 RMK AO2 LTG DSNT N AND NW T03190140",2025-09-28 21:51:49.768443,2025-09-28 17:51:49.768488
"KPOY","Powell Muni, WY, US",2025-09-28 21:35:00,"2025-09-28 15:35:00","VFR",27,-2,170,5,NA,NA,1017,"METAR KPOY 282135Z AUTO 17005KT 10SM CLR 27/M02 A3003 RMK AO2",2025-09-28 21:51:49.77506,2025-09-28 17:51:49.775106
"KPNA","Pinedale/Wentz Fld, WY, US",2025-09-28 21:35:00,"2025-09-28 15:35:00","VFR",21,1,150,7,NA,NA,1022.1,"METAR KPNA 282135Z AUTO 15007KT 10SM OVC110 21/01 A3018 RMK AO2 LTG DSNT N",2025-09-28 21:51:49.781811,2025-09-28 17:51:49.78186
"KPPO","La Porte Muni, IN, US",2025-09-28 21:35:00,"2025-09-28 16:35:00","VFR",26,17,330,7,NA,NA,1021.8,"METAR KPPO 282135Z AUTO 33007KT 10SM CLR 26/17 A3017 RMK AO2",2025-09-28 21:51:49.802124,2025-09-28 17:51:49.802169
"KPZQ","Rogers City/Presque Isle Arpt, MI, US",2025-09-28 21:35:00,"2025-09-28 21:35:00","VFR",21,7,80,3,NA,NA,1022.4,"METAR KPZQ 282135Z AUTO 08003KT 10SM CLR 21/07 A3019 RMK AO2",2025-09-28 21:51:49.808872,2025-09-28 17:51:49.808915
"KRCX","Ladysmith/Rusk Cnty, WI, US",2025-09-28 21:35:00,"2025-09-28 21:35:00","VFR",23.1,5.7,180,6,NA,NA,1022.1,"METAR KRCX 282135Z AUTO 18006KT 10SM CLR 23/06 A3018 RMK AO2 T02310057",2025-09-28 21:51:49.815433,2025-09-28 17:51:49.815475
"KRBO","Robstown/Nueces Cnty, TX, US",2025-09-28 21:35:00,"2025-09-28 21:35:00",NA,31.9,16.4,100,8,NA,NA,1015,"METAR KRBO 282135Z AUTO 10008KT 10SM 32/16 A2997 RMK AO2 T03190164",2025-09-28 21:51:49.821847,2025-09-28 17:51:49.82189
"KRAS","Port Aransas/Mustang Beach Arpt, TX, US",2025-09-28 21:35:00,"2025-09-28 21:35:00","VFR",30.1,16.4,70,11,NA,NA,1015.7,"METAR KRAS 282135Z AUTO 07011KT 10SM CLR 30/16 A2999 RMK AO2 T03010164",2025-09-28 21:51:49.828403,2025-09-28 17:51:49.828448
"KPNM","Princeton Arpt, MN, US",2025-09-28 21:31:00,"2025-09-28 21:31:00","VFR",24,6,170,10,NA,NA,1020.1,"METAR KPNM 282131Z 17010KT 10SM CLR 24/06 A3012 RMK AO2",2025-09-28 21:51:49.834995,2025-09-28 17:51:49.835038
"KROX","Roseau/Billberg Fld, MN, US",2025-09-28 21:30:00,"2025-09-28 16:30:00","VFR",27,9,210,12,NA,NA,1013.3,"METAR KROX 282130Z 21012KT 10SM CLR 27/09 A2992 RMK AO2",2025-09-28 21:51:49.841527,2025-09-28 17:51:49.841569
"KRKW","Rockwood Muni, TN, US",2025-09-28 21:30:00,"2025-09-28 16:30:00","VFR",27,16,NA,4,NA,NA,1020.4,"METAR KRKW 282130Z AUTO VRB04KT 10SM CLR 27/16 A3013 RMK A01",2025-09-28 21:51:49.848181,2025-09-28 17:51:49.848226
"KPVE","Lexington/Beech River Rgnl, TN, US",2025-09-28 21:30:00,"2025-09-28 21:30:00",NA,29,14,NA,5,NA,NA,1018.7,"METAR KPVE 282130Z AUTO VRB05KT 29/14 A3008 RMK A01",2025-09-28 21:51:49.854743,2025-09-28 17:51:49.854787
"KRNV","Cleveland Muni, MS, US",2025-09-28 21:15:00,"2025-09-28 21:15:00","VFR",31.3,14.8,30,7,NA,NA,1016.7,"METAR KRNV 282115Z AUTO 03007KT 10SM FEW070 31/15 A3002 RMK AO2 T03130148 $",2025-09-28 21:51:49.861367,2025-09-28 17:51:49.86142
"KRAW","Warsaw Muni, MO, US",2025-09-28 21:15:00,"2025-09-28 21:15:00","VFR",30.1,14.1,130,3,NA,NA,1020.1,"METAR KRAW 282115Z AUTO 13003KT 10SM CLR 30/14 A3012 RMK AO2 T03010141",2025-09-28 21:51:49.867889,2025-09-28 17:51:49.867932
"KRBG","Roseburg Rgnl, OR, US",2025-09-28 21:15:00,"2025-09-28 14:15:00","IFR",23.3,8.3,30,3,NA,2.5,1010.2,"SPECI KRBG 282115Z AUTO 03003KT 2 1/2SM HZ OVC032 23/08 A2983 RMK AO2 T02330083",2025-09-28 21:51:49.874329,2025-09-28 17:51:49.874374
"KRID","Richmond Muni, IN, US",2025-09-28 21:15:00,"2025-09-28 21:15:00","VFR",30,12,0,0,NA,NA,1021.1,"METAR KRID 282115Z AUTO 00000KT 10SM CLR 30/12 A3015 RMK AO2",2025-09-28 21:51:49.880821,2025-09-28 17:51:49.880866
"KPTD","Potsdam Muni, NY, US",2025-09-28 21:15:00,"2025-09-28 21:15:00","VFR",23,5,320,6,NA,NA,1019,"METAR KPTD 282115Z AUTO 32006KT 10SM CLR 23/05 A3009 RMK AO2 PNO",2025-09-28 21:51:49.8873,2025-09-28 17:51:49.887347
"KPTB","Petersburg/Dinwiddie Cnty, VA, US",2025-09-28 21:15:00,"2025-09-28 17:15:00","VFR",25.1,17.2,10,3,NA,NA,1019.7,"METAR KPTB 282115Z AUTO 01003KT 10SM BKN036 25/17 A3011 RMK AO2 T02510172",2025-09-28 21:51:49.893789,2025-09-28 17:51:49.893831
"KRCM","Warrensburg Arpt, MO, US",2025-09-28 21:15:00,"2025-09-28 21:15:00","VFR",30,15,150,4,NA,NA,1019,"METAR KRCM 282115Z AUTO 15004KT 10SM CLR 30/15 A3009 RMK AO2",2025-09-28 21:51:49.900441,2025-09-28 17:51:49.900485
"KPSK","Dublin/New River Valley Arpt, VA, US",2025-09-28 21:15:00,"2025-09-28 17:15:00","VFR",24.3,14.9,110,5,NA,NA,1021.8,"METAR KPSK 282115Z AUTO 11005KT 10SM SCT038 24/15 A3017 RMK AO2 T02430149",2025-09-28 21:51:49.907091,2025-09-28 17:51:49.907141
"KPQI","Presque Isle Intl, ME, US",2025-09-28 21:15:00,"2025-09-28 17:15:00","VFR",21,8,290,10,19,NA,1012.3,"SPECI KPQI 282115Z AUTO 29010G19KT 10SM FEW001 21/08 A2989 RMK AO2 PK WND 29026/2100",2025-09-28 21:51:49.913819,2025-09-28 17:51:49.913864
"KRFI","Henderson/Rusk Cnty, TX, US",2025-09-28 21:15:00,"2025-09-28 21:15:00","VFR",33,13.1,30,4,NA,NA,1018,"METAR KRFI 282115Z AUTO 03004KT 10SM CLR 33/13 A3006 RMK AO2 T03300131",2025-09-28 21:51:49.933189,2025-09-28 17:51:49.933257
"KRMN","Stafford Rgnl, VA, US",2025-09-28 21:15:00,"2025-09-28 21:15:00","VFR",27.8,14.9,0,0,NA,NA,1019.4,"METAR KRMN 282115Z AUTO 00000KT 10SM CLR 28/15 A3010 RMK AO2 T02780149 PWINO",2025-09-28 21:51:49.940545,2025-09-28 17:51:49.940588
"KPVF","Placerville Arpt, CA, US",2025-09-28 21:15:00,"2025-09-28 14:15:00","VFR",20,13,0,0,NA,NA,1017.7,"METAR KPVF 282115Z AUTO 00000KT 10SM CLR 20/13 A3005 RMK AO1",2025-09-28 21:51:49.947092,2025-09-28 17:51:49.947136
"KPRN","Greenville/Crenshaw Mem, AL, US",2025-09-28 21:00:00,"2025-09-28 21:00:00","VFR",30.6,16.7,20,3,NA,NA,1014.6,"METAR KPRN 282100Z AUTO 02003KT 10SM FEW060 31/17 A2996 RMK AO2 SLP092 T03060167 56015",2025-09-28 21:51:49.953565,2025-09-28 17:51:49.953608
"KROG","Rogers Muni/Carter Fld, AR, US",2025-09-28 20:58:00,"2025-09-28 15:58:00","VFR",27.2,14.4,NA,NA,NA,NA,1020.7,"METAR KROG 282058Z 10SM CLR 27/14 A3014 RMK AO2 SLP193 T02720144 56016 $",2025-09-28 21:51:49.960029,2025-09-28 17:51:49.960071
"KRKD","Rockland/Knox Cnty, ME, US",2025-09-28 20:56:00,"2025-09-28 16:56:00","VFR",21.1,16.1,240,9,NA,NA,1013.3,"METAR KRKD 282056Z AUTO 24009KT 10SM CLR 21/16 A2992 RMK AO2 SLP133 T02110161 55002 $",2025-09-28 21:51:49.966699,2025-09-28 17:51:49.966743
"KPWG","Mc Gregor Exec, TX, US",2025-09-28 20:56:00,"2025-09-28 20:56:00","VFR",30.6,14.4,60,7,NA,NA,1018,"METAR KPWG 282056Z AUTO 06007KT 010V130 10SM CLR 31/14 A3006 RMK AO2 SLP172 T03060144 56019",2025-09-28 21:51:49.97332,2025-09-28 17:51:49.973366
"KPWT","Bremerton Arpt, WA, US",2025-09-28 20:56:00,"2025-09-28 13:56:00","VFR",18.9,12.8,230,17,23,NA,1008.9,"METAR KPWT 282056Z AUTO 23017G23KT 10SM CLR 19/13 A2979 RMK AO2 SLP092 T01890128 51002",2025-09-28 21:51:49.979868,2025-09-28 17:51:49.979912
"KPVC","Provincetown Muni, MA, US",2025-09-28 20:56:00,"2025-09-28 16:56:00","VFR",22.2,18.3,210,11,NA,NA,1016.3,"METAR KPVC 282056Z AUTO 21011KT 10SM CLR 22/18 A3001 RMK AO2 SLP160 6//// T02220183 55006 PNO $",2025-09-28 21:51:49.986393,2025-09-28 17:51:49.986447
"KPTV","Porterville Muni, CA, US",2025-09-28 20:56:00,"2025-09-28 13:56:00","VFR",28.3,15.6,NA,6,NA,NA,1014.3,"METAR KPTV 282056Z AUTO VRB06KT 10SM CLR 28/16 A2995 RMK AO2 SLP139 T02830156 58019 $",2025-09-28 21:51:49.992907,2025-09-28 17:51:49.992954
"KPTN","Patterson/Williams Mem, LA, US",2025-09-28 20:56:00,"2025-09-28 15:56:00","VFR",31.1,17.8,60,8,NA,NA,1014.6,"METAR KPTN 282056Z AUTO 06008KT 10SM CLR 31/18 A2996 RMK AO2 SLP146 T03110178 56018 $",2025-09-28 21:51:49.999462,2025-09-28 17:51:49.999506
"KRDM","Redmond Muni, OR, US",2025-09-28 20:56:00,"2025-09-28 13:56:00","VFR",28.3,2.8,220,12,24,NA,1009.9,"METAR KRDM 282056Z 22012G24KT 10SM CLR 28/03 A2982 RMK AO2 PK WND 19030/2012 SLP075 T02830028 56013",2025-09-28 21:51:50.005964,2025-09-28 17:51:50.006008
"KPRX","Paris/Cox Fld, TX, US",2025-09-28 20:56:00,"2025-09-28 15:56:00","VFR",30,13.9,360,6,NA,NA,1018.4,"METAR KPRX 282056Z AUTO 36006KT 10SM FEW065 30/14 A3007 RMK AO2 SLP177 T03000139 56019",2025-09-28 21:51:50.012475,2025-09-28 17:51:50.012519
"KPVU","Provo Muni, UT, US",2025-09-28 20:56:00,"2025-09-28 14:56:00","VFR",23.9,8.9,70,10,NA,NA,1018.4,"METAR KPVU 282056Z 07010KT 10SM SCT110 24/09 A3007 RMK AO2 RAB1959E31 SLP133 P0001 60001 T02390089 58013",2025-09-28 21:51:50.018995,2025-09-28 17:51:50.019039
"KPVG","Portsmouth/Hampton Roads Exec, VA, US",2025-09-28 20:56:00,"2025-09-28 20:56:00","VFR",23.9,19.4,NA,NA,NA,NA,1019.4,"METAR KPVG 282056Z AUTO 10SM FEW023 SCT028 24/19 A3010 RMK AO2 SLP194 T02390194 53006 $",2025-09-28 21:51:50.025511,2025-09-28 17:51:50.025555
"KRDR","Grand Forks AFB, ND, US",2025-09-28 20:55:00,"2025-09-28 15:55:00","VFR",29.9,9.4,230,12,NA,NA,1011.9,"METAR KRDR 282055Z AUTO 23012KT 10SM CLR 30/09 A2988 RMK AO2 SLP121 T02990094 57010 $",2025-09-28 21:51:50.032004,2025-09-28 17:51:50.032048
"KPOE","Fort Polk AAF, LA, US",2025-09-28 20:55:00,"2025-09-28 15:55:00","VFR",30.8,13.5,40,6,NA,NA,1015.7,"METAR KPOE 282055Z AUTO 04006KT 10SM CLR 31/14 A2999 RMK AO2 SLP155 T03080135 57019",2025-09-28 21:51:50.038584,2025-09-28 17:51:50.038628
"KRND","Randolph AFB, TX, US",2025-09-28 20:55:00,"2025-09-28 15:55:00","VFR",33,9.1,40,8,NA,NA,1016,"METAR KRND 282055Z AUTO 04008KT 10SM CLR 33/09 A3000 RMK AO2 SLP151 T03300091 57023",2025-09-28 21:51:50.045231,2025-09-28 17:51:50.045294
"KRIV","Riverside/March ARB, CA, US",2025-09-28 20:55:00,"2025-09-28 13:55:00","VFR",24.8,14,20,4,NA,NA,1015.3,"METAR KRIV 282055Z AUTO 02004KT 10SM CLR 25/14 A2998 RMK AO2 SLP140 T02480140 58016",2025-09-28 21:51:50.051883,2025-09-28 17:51:50.051927
"KPOB","Pope AAF, NC, US",2025-09-28 20:55:00,"2025-09-28 16:55:00","VFR",26.1,18.2,10,8,NA,NA,1017.7,"METAR KPOB 282055Z AUTO 01008KT 10SM FEW029 OVC049 26/18 A3005 RMK AO2 SLP177 T02610182 55004 $",2025-09-28 21:51:50.071627,2025-09-28 17:51:50.071675
"KPSM","Portsmouth Intl, NH, US",2025-09-28 20:55:00,"2025-09-28 16:55:00","VFR",29,14.4,230,7,NA,NA,1013.3,"METAR KPSM 282055Z 23007KT 10SM SCT080 SCT250 29/14 A2992 RMK AO2A SLP134 T02900144 56007",2025-09-28 21:51:50.07895,2025-09-28 17:51:50.078994
"KRNO","Reno/Tahoe Intl, NV, US",2025-09-28 20:55:00,"2025-09-28 13:55:00","VFR",25,7.2,0,0,NA,NA,1015.7,"METAR KRNO 282055Z 00000KT 10SM SCT095 BKN140 25/07 A2999 RMK AO2 RAE05 SLP104 TCU DSNT SE P0000 60000 T02500072 58015",2025-09-28 21:51:50.085539,2025-09-28 17:51:50.085583
"KPTW","Pottstown/Heritage Fld, PA, US",2025-09-28 20:54:00,"2025-09-28 16:54:00","VFR",29.4,14.4,340,4,NA,NA,1018.7,"METAR KPTW 282054Z AUTO 34004KT 10SM CLR 29/14 A3008 RMK AO2 SLP181 T02940144 55005",2025-09-28 21:51:50.092014,2025-09-28 17:51:50.092058
"KPNE","Philadelphia/NE Arpt, PA, US",2025-09-28 20:54:00,"2025-09-28 16:54:00","VFR",29.4,15,NA,3,NA,NA,1018,"METAR KPNE 282054Z VRB03KT 10SM CLR 29/15 A3006 RMK AO2 SLP179 T02940150 55004 $",2025-09-28 21:51:50.098605,2025-09-28 17:51:50.098651
"KRFD","Rockford Intl, IL, US",2025-09-28 20:54:00,"2025-09-28 15:54:00","VFR",28.3,13.9,0,0,NA,NA,1021.1,"METAR KRFD 282054Z 00000KT 10SM SCT070 28/14 A3015 RMK AO2 SLP206 T02830139 56011",2025-09-28 21:51:50.105246,2025-09-28 17:51:50.10531
"KRKS","Rock Springs/SW Wyoming Rgnl, WY, US",2025-09-28 20:54:00,"2025-09-28 14:54:00","VFR",20,3.9,0,0,NA,NA,1021.8,"METAR KRKS 282054Z AUTO 00000KT 10SM FEW065 20/04 A3017 RMK AO2 SLP135 T02000039 58013",2025-09-28 21:51:50.111835,2025-09-28 17:51:50.111878
"KRDG","Reading/Spaatz Fld, PA, US",2025-09-28 20:54:00,"2025-09-28 16:54:00","VFR",29.4,15,220,5,NA,NA,1017.7,"METAR KRDG 282054Z 22005KT 10SM CLR 29/15 A3005 RMK AO2 SLP179 T02940150 55006 $",2025-09-28 21:51:50.1183,2025-09-28 17:51:50.118346
"KROC","Rochester Intl Arpt, NY, US",2025-09-28 20:54:00,"2025-09-28 16:54:00","VFR",23.3,5.6,340,8,NA,NA,1021.1,"METAR KROC 282054Z 34008KT 10SM FEW055 23/06 A3015 RMK AO2 SLP210 T02330056 53010 $",2025-09-28 21:51:50.124819,2025-09-28 17:51:50.124863
"KPSF","Pittsfield Muni, MA, US",2025-09-28 20:54:00,"2025-09-28 16:54:00","VFR",26.1,14.4,340,8,NA,NA,1017.4,"METAR KPSF 282054Z AUTO 34008KT 10SM SCT055 SCT070 26/14 A3004 RMK AO2 SLP150 T02610144 55001 $",2025-09-28 21:51:50.131322,2025-09-28 17:51:50.131366
"KRIC","Richmond Intl, VA, US",2025-09-28 20:54:00,"2025-09-28 16:54:00","VFR",26.7,17.2,30,8,NA,NA,1019,"METAR KRIC 282054Z 03008KT 10SM SCT037 BKN300 27/17 A3009 RMK AO2 SLP193 T02670172 55004",2025-09-28 21:51:50.13793,2025-09-28 17:51:50.137975
"KROA","Roanoke Rgnl, VA, US",2025-09-28 20:54:00,"2025-09-28 16:54:00","VFR",25.6,16.7,NA,3,NA,NA,1021.1,"METAR KROA 282054Z VRB03KT 10SM FEW042 BKN070 26/17 A3015 RMK AO2 SLP200 T02560167 55003 $",2025-09-28 21:51:50.144679,2025-09-28 17:51:50.144723
"KRBL","Red Bluff Muni, CA, US",2025-09-28 20:54:00,"2025-09-28 13:54:00","VFR",23.3,13.3,140,13,NA,NA,1014.6,"METAR KRBL 282054Z AUTO 14013KT 10SM CLR 23/13 A2996 RMK AO2 SLP141 T02330133 58010",2025-09-28 21:51:50.151209,2025-09-28 17:51:50.151253
"KRKP","Rockport/Aransas Cnty, TX, US",2025-09-28 20:53:00,"2025-09-28 15:53:00","VFR",31.1,16.7,100,10,NA,9,1015,"METAR KRKP 282053Z AUTO 10010KT 9SM CLR 31/17 A2997 RMK AO2 SLP151 T03110167 57020",2025-09-28 21:51:50.157631,2025-09-28 17:51:50.157675
"KPTK","Pontiac/Oakland Intl, MI, US",2025-09-28 20:53:00,"2025-09-28 16:53:00","VFR",27,11,330,3,NA,NA,1022.1,"METAR KPTK 282053Z 33003KT 10SM FEW050 27/11 A3018 RMK SLPNO T02700110",2025-09-28 21:51:50.164113,2025-09-28 17:51:50.164157
"KPSX","Palacios Muni, TX, US",2025-09-28 20:53:00,"2025-09-28 15:53:00","VFR",32.2,13.9,80,7,NA,NA,1015.3,"METAR KPSX 282053Z AUTO 08007KT 10SM CLR 32/14 A2998 RMK AO2 SLP150 T03220139 56017 $",2025-09-28 21:51:50.170636,2025-09-28 17:51:50.170682
"KPWA","Oklahoma City/Wiley Post Arpt, OK, US",2025-09-28 20:53:00,"2025-09-28 15:53:00","VFR",30.6,13.3,NA,NA,NA,NA,1018.7,"METAR KPWA 282053Z 10SM FEW070 31/13 A3008 RMK AO2 SLP170 T03060133 56017",2025-09-28 21:51:50.17733,2025-09-28 17:51:50.177384
"KRNT","Renton Muni, WA, US",2025-09-28 20:53:00,"2025-09-28 13:53:00","VFR",21.1,11.7,210,9,18,NA,1008.2,"METAR KRNT 282053Z 21009G18KT 180V260 10SM CLR 21/12 A2977 RMK AO2 SLP084 T02110117 56008",2025-09-28 21:51:50.183877,2025-09-28 17:51:50.183922
"KRNM","Ramona Arpt, CA, US",2025-09-28 20:53:00,"2025-09-28 20:53:00","VFR",26.1,13.3,330,5,12,NA,1015.7,"METAR KRNM 282053Z 33005G12KT 10SM SCT080 26/13 A2999 RMK AO2 SLP142 T02610133 58014",2025-09-28 21:51:50.190693,2025-09-28 17:51:50.190742
"KPRC","Prescott/Love Fld, AZ, US",2025-09-28 20:53:00,"2025-09-28 13:53:00","MVFR",14.4,11.7,130,3,NA,3,1021.8,"METAR KPRC 282053Z 13003KT 3SM VCTS RA OVC075 14/12 A3017 RMK AO2 LTG DSNT E-S SLP167 P0006 60008 T01440117 58001",2025-09-28 21:51:50.210482,2025-09-28 17:51:50.210527
"KPSP","Palm Springs Intl, CA, US",2025-09-28 20:53:00,"2025-09-28 13:53:00","VFR",31.7,13.3,NA,4,NA,NA,1013.3,"METAR KPSP 282053Z VRB04KT 10SM CLR 32/13 A2992 RMK AO2 SLP129 T03170133 58020",2025-09-28 21:51:50.217429,2025-09-28 17:51:50.217472
"KPUB","Pueblo Mem Arpt, CO, US",2025-09-28 20:53:00,"2025-09-28 14:53:00","VFR",29.4,4.4,180,14,23,NA,1017.7,"METAR KPUB 282053Z 18014G23KT 10SM SCT100 29/04 A3005 RMK AO2 SLP112 T02940044 56023",2025-09-28 21:51:50.223973,2025-09-28 17:51:50.224016
"KPUW","Pullman/Moscow Rgnl, WA, US",2025-09-28 20:53:00,"2025-09-28 13:53:00","VFR",26.7,0,NA,NA,NA,9,1010.9,"METAR KPUW 282053Z AUTO 9SM R05/6000VP6000FT CLR 27/00 A2985 RMK AO2 SLP094 T02670000 58005",2025-09-28 21:51:50.230534,2025-09-28 17:51:50.230577
"KRDD","Redding Muni, CA, US",2025-09-28 20:53:00,"2025-09-28 13:53:00","VFR",23.9,13.3,200,9,NA,NA,1014,"METAR KRDD 282053Z 20009KT 10SM BKN038 24/13 A2994 RMK AO2 SLP133 T02390133 58009 $",2025-09-28 21:51:50.237128,2025-09-28 17:51:50.237173
"KPNC","Ponca City Rgnl, OK, US",2025-09-28 20:53:00,"2025-09-28 15:53:00","VFR",31.1,15,170,7,NA,NA,1018.4,"METAR KPNC 282053Z AUTO 17007KT 10SM CLR 31/15 A3007 RMK AO2 SLP172 T03110150 56016",2025-09-28 21:51:50.243817,2025-09-28 17:51:50.24386
"KRHI","Rhinelander/Oneida Cnty, WI, US",2025-09-28 20:53:00,"2025-09-28 15:53:00","VFR",22.8,5,190,4,NA,NA,1022.4,"METAR KRHI 282053Z AUTO 19004KT 10SM CLR 23/05 A3019 RMK AO2 SLP228 T02280050 56006",2025-09-28 21:51:50.25042,2025-09-28 17:51:50.250464
"KPRB","Paso Robles Muni, CA, US",2025-09-28 20:53:00,"2025-09-28 13:53:00","MVFR",19.4,14.4,250,9,NA,NA,1018,"METAR KPRB 282053Z AUTO 25009KT 10SM OVC019 19/14 A3006 RMK AO2 SLP173 T01940144 58002",2025-09-28 21:51:50.256985,2025-09-28 17:51:50.25703
"KPOF","Poplar Bluff Muni, MO, US",2025-09-28 20:53:00,"2025-09-28 15:53:00","VFR",30.6,12.2,NA,4,NA,NA,1019,"METAR KPOF 282053Z AUTO VRB04KT 10SM CLR 31/12 A3009 RMK AO2 SLP185 T03060122 56015 $",2025-09-28 21:51:50.263541,2025-09-28 17:51:50.263584
"KRIL","Rifle/Garfield Cnty, CO, US",2025-09-28 20:53:00,"2025-09-28 14:53:00","VFR",21.1,6.1,130,7,NA,NA,1021.1,"METAR KRIL 282053Z AUTO 13007KT 10SM -RA FEW065 BKN080 BKN095 21/06 A3015 RMK AO2 LTG DSNT E RAB52 SLP151 P0000 60000 T02110061 56019",2025-09-28 21:51:50.270115,2025-09-28 17:51:50.270159
"KRIW","Riverton Rgnl, WY, US",2025-09-28 20:53:00,"2025-09-28 14:53:00","VFR",24.4,5,NA,4,NA,NA,1018,"METAR KRIW 282053Z AUTO VRB04KT 10SM CLR 24/05 A3006 RMK AO2 SLP121 T02440050 58015",2025-09-28 21:51:50.276761,2025-09-28 17:51:50.276805
"KPOU","Poughkeepsie/Hudson Valley Rgnl, NY, US",2025-09-28 20:53:00,"2025-09-28 16:53:00","VFR",29.4,13.9,NA,4,NA,NA,1016.3,"METAR KPOU 282053Z AUTO VRB04KT 10SM CLR 29/14 A3001 RMK AO2 SLP156 T02940139 55006",2025-09-28 21:51:50.283345,2025-09-28 17:51:50.283397
"KPUC","Price/Buck Fld, UT, US",2025-09-28 20:53:00,"2025-09-28 14:53:00","VFR",12.2,10,330,9,NA,9,1023.1,"METAR KPUC 282053Z AUTO 33009KT 9SM SCT024 BKN050 OVC090 12/10 A3021 RMK AO2 LTG DSNT S TSB27E43 SLP196 T01220100 55004",2025-09-28 21:51:50.289783,2025-09-28 17:51:50.289827
"KRAL","Riverside Muni, CA, US",2025-09-28 20:53:00,"2025-09-28 13:53:00","VFR",25,14.4,230,5,NA,NA,1015.3,"METAR KRAL 282053Z 23005KT 10SM FEW035 25/14 A2998 RMK AO2 SLP139 T02500144 58018 $",2025-09-28 21:51:50.296225,2025-09-28 17:51:50.296314
"KPQL","Pascagoula/Lott Intl, MS, US",2025-09-28 20:53:00,"2025-09-28 15:53:00","VFR",33.3,17.2,90,7,NA,NA,1013.6,"METAR KPQL 282053Z AUTO 09007KT 10SM CLR 33/17 A2993 RMK AO2 SLP138 T03330172 56014 $",2025-09-28 21:51:50.302708,2025-09-28 17:51:50.302755
"KRBD","Dallas/Executive Arpt, TX, US",2025-09-28 20:53:00,"2025-09-28 15:53:00","VFR",29.4,12.8,90,6,12,NA,1018,"METAR KRBD 282053Z 09006G12KT 10SM CLR 29/13 A3006 RMK AO2 RAE34 SLP171 P0000 60000 T02940128 56017",2025-09-28 21:51:50.309187,2025-09-28 17:51:50.30923
"KRME","Rome/Griffiss Intl, NY, US",2025-09-28 20:53:00,"2025-09-28 16:53:00","VFR",23.9,10.6,290,10,NA,NA,1019.4,"METAR KRME 282053Z 29010KT 10SM CLR 24/11 A3010 RMK AO2 SLP190 T02390106 53009",2025-09-28 21:51:50.315729,2025-09-28 17:51:50.315773
"KPNS","Pensacola Intl, FL, US",2025-09-28 20:53:00,"2025-09-28 15:53:00","VFR",31.7,17.2,100,3,NA,NA,1013.3,"METAR KPNS 282053Z 10003KT 10SM CLR 32/17 A2992 RMK AO2 SLP133 T03170172 56013 $",2025-09-28 21:51:50.322331,2025-09-28 17:51:50.322375
"KRAC","Racine/Batten Intl, WI, US",2025-09-28 20:53:00,"2025-09-28 15:53:00","VFR",21.1,9.4,100,6,NA,NA,1023.1,"METAR KRAC 282053Z AUTO 10006KT 10SM CLR 21/09 A3021 RMK AO2 SLP228 T02110094 56004 $",2025-09-28 21:51:50.328931,2025-09-28 17:51:50.340131
"KPYM","Plymouth Muni, MA, US",2025-09-28 20:52:00,"2025-09-28 16:52:00","VFR",25.6,16.7,210,7,NA,NA,1015.7,"METAR KPYM 282052Z AUTO 21007KT 10SM CLR 26/17 A2999 RMK AO2 SLP159 T02560167 55007",2025-09-28 21:51:50.348062,2025-09-28 17:51:50.348118
"KPPF","Parsons/Tri City Arpt, KS, US",2025-09-28 20:52:00,"2025-09-28 15:52:00","VFR",30,16.7,230,5,NA,NA,1019,"METAR KPPF 282052Z AUTO 23005KT 10SM CLR 30/17 A3009 RMK AO2 SLP182 T03000167 56018 PWINO",2025-09-28 21:51:50.354608,2025-09-28 17:51:50.35465
"KREO","Rome/State Arpt, OR, US",2025-09-28 20:52:00,"2025-09-28 14:52:00",NA,29.4,-2.2,NA,NA,NA,NA,1013.3,"METAR KREO 282052Z AUTO 29/M02 A2992 RMK AO1 SLP100 T02941022 58014",2025-09-28 21:51:50.360909,2025-09-28 17:51:50.360951
"KPWK","Chicago Exec, IL, US",2025-09-28 20:52:00,"2025-09-28 15:52:00","VFR",25,13.3,70,7,NA,NA,1022.4,"METAR KPWK 282052Z 07007KT 10SM CLR 25/13 A3019 RMK AO2 SLP221 T02500133 56004",2025-09-28 21:51:50.367308,2025-09-28 17:51:50.367353
"KRAP","Rapid City Rgnl, SD, US",2025-09-28 20:52:00,"2025-09-28 14:52:00","VFR",32.2,10.6,180,16,24,NA,1014,"METAR KRAP 282052Z 18016G24KT 10SM CLR 32/11 A2994 RMK AO2 PK WND 16029/1956 SLP110 T03220106 55005",2025-09-28 21:51:50.373786,2025-09-28 17:51:50.37383
"KROW","Roswell/Ind Arpt, NM, US",2025-09-28 20:51:00,"2025-09-28 14:51:00","VFR",18.3,15,290,3,NA,NA,1022.8,"METAR KROW 282051Z 29003KT 10SM FEW070 18/15 A3020 RMK AO2 RAE30 SLP180 P0001 60005 T01830150 56017 $",2025-09-28 21:51:50.380279,2025-09-28 17:51:50.380328
"KPWM","Portland Intl, ME, US",2025-09-28 20:51:00,"2025-09-28 16:51:00","VFR",28.3,15,250,9,NA,NA,1013,"METAR KPWM 282051Z 25009KT 10SM FEW120 28/15 A2991 RMK AO2 SLP128 T02830150 55005 $",2025-09-28 21:51:50.386892,2025-09-28 17:51:50.386935
"KRDU","Raleigh-Durham Intl, NC, US",2025-09-28 20:51:00,"2025-09-28 16:51:00","VFR",23.9,18.3,50,6,NA,NA,1019,"METAR KRDU 282051Z 05006KT 10SM SCT035 OVC044 24/18 A3009 RMK AO2 SLP187 T02390183 55003 $",2025-09-28 21:51:50.39343,2025-09-28 17:51:50.393474
"KPVD","Providence/Green Mem, RI, US",2025-09-28 20:51:00,"2025-09-28 16:51:00","VFR",27.2,16.7,240,8,NA,NA,1016,"METAR KPVD 282051Z 24008KT 10SM CLR 27/17 A3000 RMK AO2 SLP160 T02720167 55008 $",2025-09-28 21:51:50.399928,2025-09-28 17:51:50.399972
"KRYY","Marietta/Cobb Cnty, GA, US",2025-09-28 21:50:00,"2025-09-28 21:50:00","VFR",28.9,16.1,150,5,NA,NA,1018,"METAR KRYY 282150Z 15005KT 10SM CLR 29/16 A3006 RMK AO2 SLP909 T02890161 $",2025-09-28 21:51:51.726713,2025-09-28 17:51:51.726756
"KSAW","Marquette/Sawyer Intl, MI, US",2025-09-28 21:47:00,"2025-09-28 17:47:00","VFR",24,6,220,10,NA,NA,1021.4,"METAR KSAW 282147Z 22010KT 10SM CLR 24/06 A3016",2025-09-28 21:51:51.733615,2025-09-28 17:51:51.733658
"KSEE","San Diego/Gillespie Fld, CA, US",2025-09-28 21:47:00,"2025-09-28 14:47:00","VFR",26,14,250,7,NA,NA,1015,"METAR KSEE 282147Z 25007KT 10SM SKC 26/14 A2997",2025-09-28 21:51:51.740314,2025-09-28 17:51:51.74036
"KRYN","Tucson/Ryan Fld, AZ, US",2025-09-28 21:45:00,"2025-09-28 21:45:00","VFR",33,3,230,7,NA,NA,1014.3,"METAR KRYN 282145Z 23007KT 10SM FEW110 33/03 A2995",2025-09-28 21:51:51.746972,2025-09-28 17:51:51.747016
"KRSW","Ft Myers/SW Florida Intl, FL, US",2025-09-28 21:36:00,"2025-09-28 17:36:00","VFR",25,23.3,70,5,NA,NA,1010.2,"SPECI KRSW 282136Z 07005KT 10SM RA CLR 25/23 A2983 RMK AO2 PK WND 05027/2054 P0000 T02500233 $",2025-09-28 21:51:51.765671,2025-09-28 17:51:51.765755
"KRSV","Robinson Muni, IL, US",2025-09-28 21:35:00,"2025-09-28 21:35:00","VFR",32,14,80,4,NA,NA,1020.1,"METAR KRSV 282135Z AUTO 08004KT 10SM CLR 32/14 A3012 RMK AO2",2025-09-28 21:51:51.773876,2025-09-28 17:51:51.773922
"KSBS","Steamboat Springs/Adams Fld, CO, US",2025-09-28 21:35:00,"2025-09-28 15:35:00","VFR",17.4,6.6,200,12,17,NA,1022.8,"METAR KSBS 282135Z AUTO 20012G17KT 10SM BKN110 17/07 A3020 RMK AO1 T01740066",2025-09-28 21:51:51.780547,2025-09-28 17:51:51.78059
"KSEF","Sebring Rgnl, FL, US",2025-09-28 21:35:00,"2025-09-28 17:35:00","VFR",27,25.2,60,5,NA,NA,1011.3,"METAR KSEF 282135Z AUTO 06005KT 10SM SCT048 SCT065 SCT110 27/25 A2986 RMK AO2 T02700252",2025-09-28 21:51:51.787004,2025-09-28 17:51:51.787048
"KSBO","Swainsboro/E Georgia Rgnl, GA, US",2025-09-28 21:35:00,"2025-09-28 21:35:00","VFR",30,18,60,8,14,NA,1016,"METAR KSBO 282135Z AUTO 06008G14KT 10SM CLR 30/18 A3000 RMK AO2",2025-09-28 21:51:51.793525,2025-09-28 17:51:51.793571
"KSAR","Sparta/Hunter Fld, IL, US",2025-09-28 21:35:00,"2025-09-28 16:35:00","VFR",30.8,9.3,170,3,NA,NA,1020.1,"METAR KSAR 282135Z AUTO 17003KT 10SM CLR 31/09 A3012 RMK AO2 T03080093",2025-09-28 21:51:51.800101,2025-09-28 17:51:51.800148
"KRZT","Chillicothe/Ross Cnty, OH, US",2025-09-28 21:35:00,"2025-09-28 21:35:00","VFR",30,7,30,4,NA,NA,1020.7,"METAR KRZT 282135Z AUTO 03004KT 10SM CLR 30/07 A3014 RMK AO2 PWINO",2025-09-28 21:51:51.806685,2025-09-28 17:51:51.806729
"KS24","Fremont/Sandusky Cnty, OH, US",2025-09-28 21:35:00,"2025-09-28 21:35:00","VFR",25,18,30,10,NA,NA,1021.4,"METAR KS24 282135Z AUTO 03010KT 10SM CLR 25/18 A3016 RMK AO2",2025-09-28 21:51:51.813243,2025-09-28 17:51:51.813307
"KRRL","Merrill Muni, WI, US",2025-09-28 21:35:00,"2025-09-28 16:35:00","VFR",23.2,5.3,210,4,NA,NA,1022.1,"METAR KRRL 282135Z AUTO 21004KT 10SM CLR 23/05 A3018 RMK AO2 T02320053 TSNO",2025-09-28 21:51:51.819811,2025-09-28 17:51:51.819854
"KSGS","South St Paul Muni, MN, US",2025-09-28 21:35:00,"2025-09-28 21:35:00","VFR",25.8,4.9,140,5,NA,NA,1020.1,"METAR KSGS 282135Z AUTO 14005KT 10SM CLR 26/05 A3012 RMK AO2 T02580049",2025-09-28 21:51:51.826436,2025-09-28 17:51:51.82648
"KSCD","Sylacauga Muni, AL, US",2025-09-28 21:35:00,"2025-09-28 21:35:00",NA,30.3,16.5,40,5,NA,NA,1016.3,"METAR KSCD 282135Z AUTO 04005KT BKN095 OVC120 30/17 A3001 RMK AO2 T03030165 PWINO",2025-09-28 21:51:51.83286,2025-09-28 17:51:51.832909
"KSEP","Stephenville/Clark Rgnl, TX, US",2025-09-28 21:35:00,"2025-09-28 16:35:00","MVFR",29.9,10,0,0,NA,4,1019.4,"METAR KSEP 282135Z AUTO 00000KT 4SM CLR 30/10 A3010 RMK AO2 T02990100",2025-09-28 21:51:51.839332,2025-09-28 17:51:51.839376
"KRRT","Warroad Intl, MN, US",2025-09-28 21:35:00,"2025-09-28 16:35:00","VFR",27,8,210,7,NA,NA,1013.6,"METAR KRRT 282135Z AUTO 21007KT 10SM CLR 27/08 A2993 RMK AO2",2025-09-28 21:51:51.845921,2025-09-28 17:51:51.845964
"KSAZ","Staples Muni, MN, US",2025-09-28 21:35:00,"2025-09-28 21:35:00","VFR",26,5,150,11,15,NA,1018,"METAR KSAZ 282135Z AUTO 15011G15KT 10SM CLR 26/05 A3006 RMK AO2",2025-09-28 21:51:51.852525,2025-09-28 17:51:51.85257
"KS12","Albany Muni, OR, US",2025-09-28 21:35:00,"2025-09-28 21:35:00","VFR",23,10,190,9,NA,NA,1009.9,"METAR KS12 282135Z AUTO 19009KT 150V210 10SM CLR 23/10 A2982 RMK AO2",2025-09-28 21:51:51.859174,2025-09-28 17:51:51.859219
"KRYV","Watertown Muni, WI, US",2025-09-28 21:35:00,"2025-09-28 21:35:00","VFR",25.2,9.2,100,3,NA,NA,1021.8,"METAR KRYV 282135Z AUTO 10003KT 10SM CLR 25/09 A3017 RMK AO2 T02520092",2025-09-28 21:51:51.865714,2025-09-28 17:51:51.865756
"KSEM","Selma/Craig Fld, AL, US",2025-09-28 21:35:00,"2025-09-28 16:35:00","VFR",33,15,60,5,NA,NA,1014.6,"METAR KSEM 282135Z AUTO 06005KT 10SM FEW100 33/15 A2996 RMK AO2",2025-09-28 21:51:51.872233,2025-09-28 17:51:51.872303
"KSDA","Shenandoah Muni, IA, US",2025-09-28 21:35:00,"2025-09-28 21:35:00","VFR",31,11,0,0,NA,NA,1018,"METAR KSDA 282135Z AUTO 00000KT 10SM CLR 31/11 A3006 RMK AO2",2025-09-28 21:51:51.878878,2025-09-28 17:51:51.878922
"KSAA","Saratoga/Shively Fld, WY, US",2025-09-28 21:35:00,"2025-09-28 15:35:00","VFR",16,2,110,9,16,NA,1024.1,"METAR KSAA 282135Z AUTO 11009G16KT 10SM TS OVC090 16/02 A3024 RMK AO2 LTG DSNT ALQS",2025-09-28 21:51:51.88553,2025-09-28 17:51:51.885579
"KRQO","El Reno Rgnl, OK, US",2025-09-28 21:35:00,"2025-09-28 16:35:00","VFR",30,14,150,4,NA,NA,1019,"METAR KRQO 282135Z AUTO 15004KT 10SM SCT070 30/14 A3009 RMK AO2",2025-09-28 21:51:51.905004,2025-09-28 17:51:51.905052
"KRVJ","Reidsville/Smith Fld, GA, US",2025-09-28 21:35:00,"2025-09-28 21:35:00","VFR",30.7,19.8,70,9,NA,NA,1014.6,"METAR KRVJ 282135Z AUTO 07009KT 040V100 10SM SCT045 SCT060 31/20 A2996 RMK AO2 T03070198",2025-09-28 21:51:51.912206,2025-09-28 17:51:51.912255
"KSJX","Beaver Island Arpt, MI, US",2025-09-28 21:35:00,"2025-09-28 21:35:00","VFR",20,10,240,8,NA,NA,1022.8,"METAR KSJX 282135Z AUTO 24008KT 10SM CLR 20/10 A3020 RMK AO2",2025-09-28 21:51:51.918966,2025-09-28 17:51:51.919009
"KRZN","Siren/Burnett Cnty, WI, US",2025-09-28 21:35:00,"2025-09-28 21:35:00","VFR",24.2,4.9,180,7,NA,NA,1020.4,"METAR KRZN 282135Z AUTO 18007KT 10SM CLR 24/05 A3013 RMK AO2 T02420049",2025-09-28 21:51:51.925526,2025-09-28 17:51:51.925572
"KS39","Prineville Arpt, OR, US",2025-09-28 21:35:00,"2025-09-28 14:35:00","VFR",29,2,260,12,18,NA,1010.2,"METAR KS39 282135Z AUTO 26012G18KT 10SM CLR 29/02 A2983 RMK AO2",2025-09-28 21:51:51.93208,2025-09-28 17:51:51.932122
"KRQB","Big Rapids/Roben Hood Arpt, MI, US",2025-09-28 21:35:00,"2025-09-28 17:35:00","VFR",25,3,190,4,NA,NA,1022.4,"METAR KRQB 282135Z AUTO 19004KT 10SM CLR 25/03 A3019 RMK AO2",2025-09-28 21:51:51.938665,2025-09-28 17:51:51.938708
"KS21","Sunriver Arpt, OR, US",2025-09-28 21:35:00,"2025-09-28 14:35:00","VFR",25,4,230,10,NA,8,1013.6,"METAR KS21 282135Z AUTO 23010KT 8SM CLR 25/04 A2993 RMK AO2",2025-09-28 21:51:51.945198,2025-09-28 17:51:51.945245
"KSCX","Oneida/Scott Muni, TN, US",2025-09-28 21:35:00,"2025-09-28 21:35:00","VFR",26,14,50,6,NA,NA,1020.4,"METAR KSCX 282135Z AUTO 05006KT 10SM FEW050 26/14 A3013 RMK A01",2025-09-28 21:51:51.951833,2025-09-28 17:51:51.951877
"KRZR","Cleveland Rgnl, TN, US",2025-09-28 21:35:00,"2025-09-28 21:35:00","VFR",28,17,20,10,NA,NA,1017.7,"METAR KRZR 282135Z AUTO 02010KT 10SM CLR 28/17 A3005 RMK A01",2025-09-28 21:51:51.958378,2025-09-28 17:51:51.958426
"KRYW","Lago Vista/Allen Arpt, TX, US",2025-09-28 21:35:00,"2025-09-28 21:35:00","VFR",31,10.7,40,7,NA,NA,1018.4,"METAR KRYW 282135Z AUTO 04007KT 020V090 10SM CLR 31/11 A3007 RMK AO2 T03100107",2025-09-28 21:51:51.964965,2025-09-28 17:51:51.965009
"KSEZ","Sedona Arpt, AZ, US",2025-09-28 21:35:00,"2025-09-28 14:35:00","VFR",14,12,290,7,NA,6,1022.4,"METAR KSEZ 282135Z AUTO 29007KT 6SM VCTS RA HZ FEW045 FEW050 OVC065 14/12 A3019 RMK AO2 LTG DSNT ALQDS",2025-09-28 21:51:51.971507,2025-09-28 17:51:51.97155
"KRWV","Caldwell Muni, TX, US",2025-09-28 21:35:00,"2025-09-28 21:35:00","VFR",NA,NA,10,6,NA,NA,1016.3,"METAR KRWV 282135Z AUTO 01006KT 10SM CLR A3001 RMK AO2 PWINO",2025-09-28 21:51:51.978079,2025-09-28 17:51:51.978124
"KS34","Plains Arpt, MT, US",2025-09-28 21:35:00,"2025-09-28 21:35:00","VFR",26,5,0,0,NA,NA,1010.6,"METAR KS34 282135Z AUTO 00000KT 10SM CLR 26/05 A2984 RMK AO2",2025-09-28 21:51:51.984602,2025-09-28 17:51:51.984648
"KSHL","Sheldon Muni, IA, US",2025-09-28 21:35:00,"2025-09-28 21:35:00","VFR",29,4,150,7,15,9,1018,"METAR KSHL 282135Z AUTO 15007G15KT 9SM CLR 29/04 A3006 RMK AO2",2025-09-28 21:51:51.990986,2025-09-28 17:51:51.991028
"KRPJ","Rochelle/Kontz Fld, IL, US",2025-09-28 21:35:00,"2025-09-28 21:35:00","VFR",29.1,13.7,0,0,NA,NA,1020.7,"METAR KRPJ 282135Z AUTO 00000KT 10SM SCT070 29/14 A3014 RMK AO2 T02910137",2025-09-28 21:51:51.997524,2025-09-28 17:51:51.997569
"KS52","Methow Valley State Arpt, WA, US",2025-09-28 21:30:00,"2025-09-28 21:30:00",NA,24.2,3.2,170,6,NA,7,1008.5,"METAR KS52 282130Z AUTO 17006KT 7SM 24/03 A2978 RMK AO2 T02420032",2025-09-28 21:51:52.003944,2025-09-28 17:51:52.003988
"KSGJ","St Augustine Arpt, FL, US",2025-09-28 21:26:00,"2025-09-28 17:26:00","MVFR",NA,NA,20,12,NA,6,1014,"SPECI KSGJ 282126Z 02012KT 6SM HZ BKN011 BKN060 OVC070 A2994 RMK AO2 $",2025-09-28 21:51:52.010359,2025-09-28 17:51:52.010402
"KSFQ","Suffolk Muni, VA, US",2025-09-28 21:15:00,"2025-09-28 21:15:00",NA,23.6,20.7,NA,NA,NA,NA,1019.7,"METAR KSFQ 282115Z AUTO BKN025 BKN033 24/21 A3011 RMK AO2 T02360207 PWINO TSNO",2025-09-28 21:51:52.016844,2025-09-28 17:51:52.016887
"KSHD","Staunton/Shenandoah Valley Rgnl, VA, US",2025-09-28 21:15:00,"2025-09-28 17:15:00","VFR",27,11.5,20,6,NA,NA,1021.4,"METAR KSHD 282115Z AUTO 02006KT 10SM CLR 27/12 A3016 RMK AO2 T02700115",2025-09-28 21:51:52.023499,2025-09-28 17:51:52.023545
"KSIK","Sikeston Arpt, MO, US",2025-09-28 21:15:00,"2025-09-28 16:15:00",NA,30.5,13.2,90,7,NA,NA,1019,"METAR KSIK 282115Z AUTO 09007KT CLR 31/13 A3009 RMK AO2 T03050132 PWINO $",2025-09-28 21:51:52.042911,2025-09-28 17:51:52.042956
"KSDC","Williamson-Sodus Arpt, NY, US",2025-09-28 21:15:00,"2025-09-28 21:15:00","VFR",22,10,300,4,NA,NA,1021.1,"METAR KSDC 282115Z AUTO 30004KT 10SM CLR 22/10 A3015 RMK AO2",2025-09-28 21:51:52.049715,2025-09-28 17:51:52.049759
"KRZL","Rensselaer/Jasper Cnty, IN, US",2025-09-28 21:15:00,"2025-09-28 16:15:00","VFR",30,12,40,4,NA,NA,1021.1,"METAR KRZL 282115Z AUTO 04004KT 10SM CLR 30/12 A3015 RMK AO2",2025-09-28 21:51:52.056158,2025-09-28 17:51:52.056203
"KRVL","Reedsville/Mifflin Cnty, PA, US",2025-09-28 21:15:00,"2025-09-28 17:15:00","VFR",29,15,290,6,NA,9,1019,"METAR KRVL 282115Z AUTO 29006KT 9SM FEW070 29/15 A3009 RMK AO2",2025-09-28 21:51:52.062757,2025-09-28 17:51:52.062803
"KS32","Cooperstown Muni, ND, US",2025-09-28 21:15:00,"2025-09-28 21:15:00",NA,27,13,180,10,17,8,1014,"METAR KS32 282115Z AUTO 18010G17KT 8SM 27/13 A2994 RMK AO2 TSNO",2025-09-28 21:51:52.069205,2025-09-28 17:51:52.069248
"KRPH","Graham Muni, TX, US",2025-09-28 21:15:00,"2025-09-28 21:15:00","VFR",30.1,10.3,NA,5,NA,NA,1017.4,"METAR KRPH 282115Z AUTO VRB05KT 10SM CLR 30/10 A3004 RMK AO2 T03010103",2025-09-28 21:51:52.076426,2025-09-28 17:51:52.076472
"KS25","Watford City Muni, ND, US",2025-09-28 21:15:00,"2025-09-28 21:15:00","VFR",30,13,30,11,NA,NA,1012.3,"METAR KS25 282115Z AUTO 03011KT 10SM CLR 30/13 A2989 RMK AO2",2025-09-28 21:51:52.082945,2025-09-28 17:51:52.082988
"KRSN","Ruston Rgnl, LA, US",2025-09-28 21:15:00,"2025-09-28 16:15:00","VFR",29.1,15.2,350,6,NA,8,1017.4,"METAR KRSN 282115Z AUTO 35006KT 8SM CLR 29/15 A3004 RMK AO2 T02910152",2025-09-28 21:51:52.08944,2025-09-28 17:51:52.089482
"KRUG","Rugby Muni, ND, US",2025-09-28 21:15:00,"2025-09-28 21:15:00","VFR",30,10,NA,5,NA,6,1011.9,"METAR KRUG 282115Z AUTO VRB05KT 6SM HZ CLR 30/10 A2988 RMK AO2",2025-09-28 21:51:52.095944,2025-09-28 17:51:52.095989
"KS33","Madras Muni, OR, US",2025-09-28 21:15:00,"2025-09-28 14:15:00","VFR",28,1,260,10,NA,NA,1009.9,"METAR KS33 282115Z AUTO 26010KT 10SM CLR 28/01 A2982 RMK AO2",2025-09-28 21:51:52.102543,2025-09-28 17:51:52.102594
"KSBD","San Bernardino Intl, CA, US",2025-09-28 20:58:00,"2025-09-28 13:58:00","VFR",25,12,210,4,NA,7,1015.7,"METAR KSBD 282058Z 21004KT 7SM SCT070 25/12 A2999",2025-09-28 21:51:52.109088,2025-09-28 17:51:52.109131
"KSGT","Stuttgart Muni, AR, US",2025-09-28 20:56:00,"2025-09-28 15:56:00","VFR",30,14.4,60,9,NA,NA,1018.4,"METAR KSGT 282056Z AUTO 06009KT 10SM CLR 30/14 A3007 RMK AO2 SLP182 T03000144 56014",2025-09-28 21:51:52.115679,2025-09-28 17:51:52.115723
"KSFZ","Pawtucket/N Central State Arpt, RI, US",2025-09-28 20:56:00,"2025-09-28 16:56:00","VFR",26.1,17.2,NA,4,NA,NA,1016.7,"METAR KSFZ 282056Z AUTO VRB04KT 10SM CLR 26/17 A3002 RMK AO2 SLP162 T02610172 55006 $",2025-09-28 21:51:52.122291,2025-09-28 17:51:52.122339
"KRUT","Rutland/S Vermont Rgnl, VT, US",2025-09-28 20:56:00,"2025-09-28 16:56:00","VFR",26.1,15.6,NA,4,NA,NA,1016.7,"METAR KRUT 282056Z AUTO VRB04KT 10SM CLR 26/16 A3002 RMK AO2 SLP156 T02610156 53003 $",2025-09-28 21:51:52.128897,2025-09-28 17:51:52.12894
"KSFO","San Francisco Intl, CA, US",2025-09-28 20:56:00,"2025-09-28 13:56:00","VFR",20,15,190,12,NA,NA,1015.7,"METAR KSFO 282056Z 19012KT 10SM FEW009 SCT018 OVC038 20/15 A2999 RMK AO2 SLP155 T02000150 58002",2025-09-28 21:51:52.135426,2025-09-28 17:51:52.135469
"KSBP","San Luis Obispo/San Luis Cnty, CA, US",2025-09-28 20:56:00,"2025-09-28 13:56:00","MVFR",19.4,14.4,180,5,NA,NA,1016.7,"METAR KSBP 282056Z 18005KT 10SM OVC021 19/14 A3002 RMK AO2 SLP163 T01940144 58001 $",2025-09-28 21:51:52.141888,2025-09-28 17:51:52.141931
"KSGU","Saint George Muni, UT, US",2025-09-28 20:56:00,"2025-09-28 14:56:00","VFR",23.9,12.8,270,7,NA,NA,1016.7,"METAR KSGU 282056Z AUTO 27007KT 10SM CLR 24/13 A3002 RMK AO2 SLP141 T02390128 58019",2025-09-28 21:51:52.148573,2025-09-28 17:51:52.148618
"KSGH","Springfield Muni, OH, US",2025-09-28 20:56:00,"2025-09-28 16:56:00","VFR",30.6,11.7,330,4,NA,NA,1020.7,"METAR KSGH 282056Z AUTO 33004KT 10SM CLR 31/12 A3014 RMK AO2 SLP203 T03060117 57008",2025-09-28 21:51:52.155239,2025-09-28 17:51:52.155303
"KSHV","Shreveport Rgnl, LA, US",2025-09-28 20:56:00,"2025-09-28 15:56:00","VFR",31,16,350,9,NA,NA,1017,"METAR KSHV 282056Z 35009KT 10SM FEW065 SCT150 BKN290 31/16 A3003 RMK SLPNO",2025-09-28 21:51:52.17351,2025-09-28 17:51:52.173588
"KSDF","Louisville Intl, KY, US",2025-09-28 20:56:00,"2025-09-28 16:56:00","VFR",30.6,12.2,100,8,NA,NA,1019.7,"METAR KSDF 282056Z 10008KT 10SM SCT075 31/12 A3011 RMK AO2 SLP191 T03060122 56013",2025-09-28 21:51:52.181451,2025-09-28 17:51:52.181498
"KSFM","Sanford Rgnl, ME, US",2025-09-28 20:56:00,"2025-09-28 16:56:00","VFR",27.8,15.6,260,6,NA,NA,1014,"METAR KSFM 282056Z AUTO 26006KT 10SM FEW075 28/16 A2994 RMK AO2 SLP140 T02780156 55004",2025-09-28 21:51:52.187956,2025-09-28 17:51:52.187999
"KSCK","Stockton Metro, CA, US",2025-09-28 20:55:00,"2025-09-28 13:55:00","VFR",23.9,14.4,0,0,NA,NA,1015,"METAR KSCK 282055Z 00000KT 10SM OVC034 24/14 A2997 RMK AO2 SLP147 T02390144 58012 $",2025-09-28 21:51:52.194393,2025-09-28 17:51:52.194438
"KSKA","Spokane/Fairchild AFB, WA, US",2025-09-28 20:55:00,"2025-09-28 13:55:00","VFR",26.7,5,0,0,NA,6,1009.9,"METAR KSKA 282055Z 00000KT 6SM HZ FEW170 27/05 A2982 RMK AO2A SLP082 T02670050 57009 $",2025-09-28 21:51:52.200827,2025-09-28 17:51:52.20087
"KSEQ","Seguin/Randolph AUX, TX, US",2025-09-28 20:55:00,"2025-09-28 20:55:00","VFR",33.5,12.5,140,8,NA,NA,1014.3,"METAR KSEQ 282055Z AUTO 14008KT 10SM CLR 34/13 A2995 RMK AO2 SLP138 T03350125 57024",2025-09-28 21:51:52.207453,2025-09-28 17:51:52.2075
"KRYM","Camp Ripley/Miller AAF, MN, US",2025-09-28 20:55:00,"2025-09-28 20:55:00","VFR",26.2,6.2,180,11,NA,NA,1017.7,"METAR KRYM 282055Z AUTO 18011KT 10SM CLR 26/06 A3005 RMK AO2 SLP180 T02620062 57012 $",2025-09-28 21:51:52.214132,2025-09-28 17:51:52.214176
"KSKF","Lackland AFB/Kelly Fld, TX, US",2025-09-28 20:55:00,"2025-09-28 15:55:00","VFR",32.8,10.7,350,4,NA,NA,1015,"METAR KSKF 282055Z AUTO 35004KT 10SM CLR 33/11 A2997 RMK AO2 SLP141 T03280107 57023 $",2025-09-28 21:51:52.220756,2025-09-28 17:51:52.220799
"KRST","Rochester Intl, MN, US",2025-09-28 20:54:00,"2025-09-28 15:54:00","VFR",25,5,190,6,NA,NA,1021.1,"METAR KRST 282054Z 19006KT 10SM CLR 25/05 A3015 RMK AO2 SLP209 T02500050 56011",2025-09-28 21:51:52.227384,2025-09-28 17:51:52.22743
"KSBN","South Bend Rgnl, IN, US",2025-09-28 20:54:00,"2025-09-28 16:54:00","VFR",28.9,15.6,320,6,NA,NA,1021.4,"METAR KSBN 282054Z 32006KT 10SM CLR 29/16 A3016 RMK AO2 SLP209 T02890156 56005 $",2025-09-28 21:51:52.233912,2025-09-28 17:51:52.233956
"KSBY","Salisbury/Ocean City, MD, US",2025-09-28 20:54:00,"2025-09-28 16:54:00","VFR",25.6,17.8,50,4,NA,NA,1018.7,"METAR KSBY 282054Z 05004KT 10SM CLR 26/18 A3008 RMK AO2 SLP189 T02560178 55001",2025-09-28 21:51:52.240484,2025-09-28 17:51:52.240529
"KSET","St Charles/Smartt Arpt, MO, US",2025-09-28 20:54:00,"2025-09-28 20:54:00","VFR",31.7,10,160,7,NA,NA,1019.7,"METAR KSET 282054Z AUTO 16007KT 10SM CLR 32/10 A3011 RMK AO2 SLP190 T03170100 56012",2025-09-28 21:51:52.246971,2025-09-28 17:51:52.247015
"KSJN","St Johns Ind Arpt, AZ, US",2025-09-28 20:54:00,"2025-09-28 13:54:00","VFR",23.3,5.6,280,8,NA,NA,1020.4,"METAR KSJN 282054Z AUTO 28008KT 10SM FEW080 SCT090 23/06 A3013 RMK AO2 SLP126 T02330056 56022 $",2025-09-28 21:51:52.253513,2025-09-28 17:51:52.25356
"KSIY","Montague/Siskiyou Cnty, CA, US",2025-09-28 20:53:00,"2025-09-28 20:53:00","VFR",25.6,8.3,170,22,NA,NA,1012.3,"METAR KSIY 282053Z AUTO 17022KT 10SM CLR 26/08 A2989 RMK AO2 PK WND 17029/2039 SLP114 T02560083 57007",2025-09-28 21:51:52.260053,2025-09-28 17:51:52.260098
"KSGR","Houston/Sugar Land Rgnl, TX, US",2025-09-28 20:53:00,"2025-09-28 15:53:00","VFR",32.8,12.8,70,7,NA,NA,1015.3,"METAR KSGR 282053Z 07007KT 10SM CLR 33/13 A2998 RMK AO2 SLP152 T03280128 56021",2025-09-28 21:51:52.266565,2025-09-28 17:51:52.266609
"KRWF","Redwood Falls Muni, MN, US",2025-09-28 20:53:00,"2025-09-28 15:53:00","VFR",29.4,3.3,140,13,NA,NA,1018.4,"METAR KRWF 282053Z AUTO 14013KT 10SM CLR 29/03 A3007 RMK AO2 SLP179 T02940033 56016",2025-09-28 21:51:52.273087,2025-09-28 17:51:52.27313
"KSFB","Sanford Intl, FL, US",2025-09-28 20:53:00,"2025-09-28 16:53:00","VFR",27.8,23.9,50,10,NA,NA,1011.9,"METAR KSFB 282053Z 05010KT 10SM BKN075 BKN090 28/24 A2988 RMK AO1 WSHFT 1940 LTG DSNT W SLP116 P0003 60003 T02780239 56011",2025-09-28 21:51:52.279648,2025-09-28 17:51:52.279695
"KRSL","Russell Muni, KS, US",2025-09-28 20:53:00,"2025-09-28 15:53:00","VFR",31.1,11.7,180,14,22,NA,1017.7,"METAR KRSL 282053Z AUTO 18014G22KT 10SM CLR 31/12 A3005 RMK AO2 SLP160 T03110117 56012",2025-09-28 21:51:52.286318,2025-09-28 17:51:52.286364
"KSHN","Shelton/Sanderson Fld, WA, US",2025-09-28 20:53:00,"2025-09-28 13:53:00","VFR",18.9,11.7,250,10,NA,NA,1008.2,"METAR KSHN 282053Z AUTO 25010KT 10SM FEW023 19/12 A2977 RMK AO2 SLP083 T01890117 58003",2025-09-28 21:51:52.293002,2025-09-28 17:51:52.293046
"KSHR","Sheridan Cnty Arpt, WY, US",2025-09-28 20:53:00,"2025-09-28 14:53:00","VFR",28.3,0.6,250,4,NA,NA,1014.6,"METAR KSHR 282053Z AUTO 25004KT 10SM FEW110 28/01 A2996 RMK AO2 SLP120 T02830006 58005 $",2025-09-28 21:51:52.31996,2025-09-28 17:51:52.320006
"KRWI","Rocky Mount/Wilson Rgnl, NC, US",2025-09-28 20:53:00,"2025-09-28 16:53:00","MVFR",23.9,17.8,360,8,NA,NA,1019,"METAR KRWI 282053Z AUTO 36008KT 10SM BKN024 BKN031 24/18 A3009 RMK AO2 SLP187 T02390178 55001",2025-09-28 21:51:52.327083,2025-09-28 17:51:52.327128
"KSBM","Sheboygan Cnty Mem, WI, US",2025-09-28 20:53:00,"2025-09-28 15:53:00","VFR",22.2,7.8,130,6,NA,NA,1022.4,"METAR KSBM 282053Z AUTO 13006KT 10SM CLR 22/08 A3019 RMK AO2 SLP224 T02220078 56006",2025-09-28 21:51:52.333924,2025-09-28 17:51:52.333967
"KSAV","Savannah Intl, GA, US",2025-09-28 20:53:00,"2025-09-28 16:53:00","VFR",28.9,21.1,20,9,NA,NA,1015,"METAR KSAV 282053Z 02009KT 10SM SCT038 SCT050 BKN200 29/21 A2997 RMK AO2 SLP149 T02890211 56007",2025-09-28 21:51:52.3404,2025-09-28 17:51:52.340443
"KSDM","San Diego/Brown Fld, CA, US",2025-09-28 20:53:00,"2025-09-28 13:53:00","VFR",26.1,14.4,290,7,15,NA,1015.7,"METAR KSDM 282053Z COR 29007G15KT 10SM FEW032 26/14 A2999 RMK AO2 SLP149 T02610144 58013",2025-09-28 21:51:52.346888,2025-09-28 17:51:52.34693
"KSJC","San Jose Intl Arpt, CA, US",2025-09-28 20:53:00,"2025-09-28 13:53:00","VFR",22.8,14.4,200,11,NA,NA,1015.7,"METAR KSJC 282053Z 20011KT 10SM BKN043 23/14 A2999 RMK AO2 SLP153 T02280144 57004 $",2025-09-28 21:51:52.353603,2025-09-28 17:51:52.353649
"KSDL","Scottsdale Muni, AZ, US",2025-09-28 20:53:00,"2025-09-28 13:53:00","VFR",28.9,15,NA,5,NA,NA,1014.6,"METAR KSDL 282053Z VRB05KT 10SM CLR 29/15 A2996 RMK AO2 SLP124 T02890150 58019",2025-09-28 21:51:52.360345,2025-09-28 17:51:52.360389
"KRUE","Russellville Rgnl, AR, US",2025-09-28 20:53:00,"2025-09-28 20:53:00","VFR",31.1,14.4,140,3,NA,NA,1018.4,"METAR KRUE 282053Z AUTO 14003KT 10SM CLR 31/14 A3007 RMK AO2 SLP176 T03110144 56017 $",2025-09-28 21:51:52.366925,2025-09-28 17:51:52.366971
"KSEG","Selinsgrove/Penn Valley Arpt, PA, US",2025-09-28 20:53:00,"2025-09-28 16:53:00","VFR",30,12.8,340,4,NA,NA,1018.4,"METAR KSEG 282053Z AUTO 34004KT 10SM CLR 30/13 A3007 RMK AO2 SLP180 T03000128 55006",2025-09-28 21:51:52.373662,2025-09-28 17:51:52.373717
"KSAF","Santa Fe Cnty Muni, NM, US",2025-09-28 20:53:00,"2025-09-28 14:53:00","VFR",19.4,8.3,190,7,NA,NA,1024.1,"METAR KSAF 282053Z COR 19007KT 10SM BKN055 BKN075 19/08 A3024 RMK AO2 SLP164 T01940083 56023",2025-09-28 21:51:52.380409,2025-09-28 17:51:52.380455
"KSEA","Seattle-Tacoma Intl, WA, US",2025-09-28 20:53:00,"2025-09-28 13:53:00","VFR",20,12.2,210,7,NA,NA,1008.9,"METAR KSEA 282053Z 21007KT 10SM FEW020 SCT160 BKN240 20/12 A2979 RMK AO2 SLP092 T02000122 56003 $",2025-09-28 21:51:52.387092,2025-09-28 17:51:52.387136
"KSFF","Spokane/Felts Fld, WA, US",2025-09-28 20:53:00,"2025-09-28 13:53:00","VFR",27.8,7.8,0,0,NA,6,1009.6,"METAR KSFF 282053Z 00000KT 6SM HZ CLR 28/08 A2981 RMK AO2 SLP081 T02780078 56015",2025-09-28 21:51:52.393745,2025-09-28 17:51:52.393789
"KRVS","Tulsa/Jones Arpt, OK, US",2025-09-28 20:53:00,"2025-09-28 15:53:00","VFR",30.6,16.7,100,6,NA,NA,1018.7,"METAR KRVS 282053Z 10006KT 10SM CLR 31/17 A3008 RMK AO2 SLP188 T03060167 56018",2025-09-28 21:51:52.400525,2025-09-28 17:51:52.40058
"KRQE","Window Rock Arpt, AZ, US",2025-09-28 20:53:00,"2025-09-28 20:53:00","VFR",18.9,7.8,220,10,16,NA,1023.5,"METAR KRQE 282053Z AUTO 22010G16KT 10SM CLR 19/08 A3022 RMK AO2 RAE07 SLP144 P0000 60000 T01890078 56018",2025-09-28 21:51:52.407297,2025-09-28 17:51:52.407346
"KRTN","Raton/Crews Fld, NM, US",2025-09-28 20:53:00,"2025-09-28 14:53:00","VFR",18.9,6.1,230,10,NA,NA,1023.8,"METAR KRTN 282053Z AUTO 23010KT 10SM CLR 19/06 A3023 RMK AO2 SLP170 T01890061 58018",2025-09-28 21:51:52.413944,2025-09-28 17:51:52.413989
"KSAC","Sacramento Exec, CA, US",2025-09-28 20:53:00,"2025-09-28 13:53:00","VFR",21.1,13.9,280,3,NA,NA,1015.7,"METAR KSAC 282053Z 28003KT 10SM OVC033 21/14 A2999 RMK AO2 SLP154 T02110139 58007",2025-09-28 21:51:52.420673,2025-09-28 17:51:52.420719
"KRXE","Rexburg/Madison Cnty, ID, US",2025-09-28 20:53:00,"2025-09-28 14:53:00","VFR",21.1,8.3,0,0,NA,NA,1018,"METAR KRXE 282053Z AUTO 00000KT 10SM CLR 21/08 A3006 RMK AO2 LTG DSNT E SLP154 T02110083 58013 $",2025-09-28 21:51:52.42741,2025-09-28 17:51:52.427456
"KSBA","Santa Barbara Muni, CA, US",2025-09-28 20:53:00,"2025-09-28 13:53:00","VFR",21.1,15.6,140,5,NA,NA,1016.3,"METAR KSBA 282053Z 14005KT 10SM SCT020 OVC034 21/16 A3001 RMK AO2 SLP162 T02110156 58005 $",2025-09-28 21:51:52.434183,2025-09-28 17:51:52.434228
"KSGF","Springfield Muni, MO, US",2025-09-28 20:52:00,"2025-09-28 15:52:00","VFR",28.9,11.7,0,0,NA,NA,1019.7,"METAR KSGF 282052Z 00000KT 10SM CLR 29/12 A3011 RMK AO2 SLP187 T02890117 56013 $",2025-09-28 21:51:52.441005,2025-09-28 17:51:52.441055
"KSAN","San Diego Intl Arpt, CA, US",2025-09-28 20:51:00,"2025-09-28 13:51:00","VFR",24.4,14.4,260,10,NA,NA,1016,"METAR KSAN 282051Z 26010KT 10SM FEW035 24/14 A3000 RMK AO2 SLP158 T02440144 58012",2025-09-28 21:51:52.460163,2025-09-28 17:51:52.46021
"KSAD","Safford Rgnl, AZ, US",2025-09-28 20:51:00,"2025-09-28 13:51:00","VFR",28.9,7.8,160,4,NA,NA,1016,"METAR KSAD 282051Z AUTO 16004KT 10SM CLR 29/08 A3000 RMK AO2 SLP113 T02890078 57025",2025-09-28 21:51:52.467508,2025-09-28 17:51:52.467555
"KSAT","San Antonio Intl, TX, US",2025-09-28 20:51:00,"2025-09-28 15:51:00","VFR",31.1,12.2,NA,4,NA,NA,1016.3,"METAR KSAT 282051Z VRB04KT 10SM FEW070 FEW250 31/12 A3001 RMK AO2 SLP143 T03110122 58024",2025-09-28 21:51:52.474722,2025-09-28 17:51:52.474767
"KSJT","San Angelo/Mathis Fld, TX, US",2025-09-28 20:51:00,"2025-09-28 15:51:00","VFR",30.6,12.2,60,9,NA,NA,1018,"METAR KSJT 282051Z 06009KT 10SM CLR 31/12 A3006 RMK AO2 SLP158 T03060122 56020",2025-09-28 21:51:52.481196,2025-09-28 17:51:52.481239
"KSUA","Stuart/Witham Fld, FL, US",2025-09-28 21:50:00,"2025-09-28 17:50:00","VFR",28,25,100,7,NA,7,1010.2,"METAR KSUA 282150Z 10007KT 7SM FEW017 BKN045 28/25 A2983",2025-09-28 21:51:53.822061,2025-09-28 17:51:53.822104
"KSUN","Hailey/Friedman Mem, ID, US",2025-09-28 21:47:00,"2025-09-28 15:47:00","VFR",24,7,160,8,14,NA,1018,"METAR KSUN 282147Z 16008G14KT 10SM SCT090 24/07 A3006 RMK TCU DSNT N-NE",2025-09-28 21:51:53.828818,2025-09-28 17:51:53.82887
"KSQL","San Carlos Arpt, CA, US",2025-09-28 21:47:00,"2025-09-28 14:47:00","VFR",21,15,160,7,NA,NA,1015.7,"METAR KSQL 282147Z 16007KT 10SM OVC031 21/15 A2999",2025-09-28 21:51:53.835567,2025-09-28 17:51:53.835611
"KTAZ","Taylorville Muni, IL, US",2025-09-28 21:38:00,"2025-09-28 21:38:00","VFR",31,11,NA,NA,NA,NA,1020.1,"METAR KTAZ 282138Z AUTO 10SM CLR 31/11 A3012 RMK AO2",2025-09-28 21:51:53.842463,2025-09-28 17:51:53.842508
"KT78","Liberty Muni, TX, US",2025-09-28 21:35:00,"2025-09-28 21:35:00","VFR",31,7,NA,5,NA,8,1015,"METAR KT78 282135Z AUTO VRB05KT 8SM CLR 31/07 A2997 RMK AO2",2025-09-28 21:51:53.849072,2025-09-28 17:51:53.849128
"KSRE","Seminole Muni, OK, US",2025-09-28 21:35:00,"2025-09-28 21:35:00","VFR",31,13,80,7,NA,9,1018.4,"METAR KSRE 282135Z AUTO 08007KT 9SM FEW065 31/13 A3007 RMK AO2",2025-09-28 21:51:53.855649,2025-09-28 17:51:53.855692
"KT82","Fredericksburg/Gillespie Cnty, TX, US",2025-09-28 21:35:00,"2025-09-28 21:35:00","VFR",30.7,9.5,90,3,NA,NA,1018,"METAR KT82 282135Z AUTO 09003KT 10SM CLR 31/10 A3006 RMK AO2 T03070095",2025-09-28 21:51:53.862202,2025-09-28 17:51:53.862246
"KTBR","Statesboro Muni, GA, US",2025-09-28 21:35:00,"2025-09-28 17:35:00","VFR",28,21,40,10,NA,NA,1015,"METAR KTBR 282135Z AUTO 04010KT 10SM CLR 28/21 A2997 RMK AO2",2025-09-28 21:51:53.868699,2025-09-28 17:51:53.868746
"KTEX","Telluride Rgnl, CO, US",2025-09-28 21:35:00,"2025-09-28 15:35:00","VFR",13,3,210,8,16,NA,1027.9,"METAR KTEX 282135Z AUTO 21008G16KT 160V270 10SM SCT075 SCT085 13/03 A3035 RMK AO2",2025-09-28 21:51:53.875219,2025-09-28 17:51:53.875279
"KSLH","Cheboygan Cnty Arpt, MI, US",2025-09-28 21:35:00,"2025-09-28 21:35:00","VFR",22,13,NA,2,NA,NA,1022.4,"METAR KSLH 282135Z AUTO VRB02KT 10SM CLR 22/13 A3019 RMK AO2",2025-09-28 21:51:53.881867,2025-09-28 17:51:53.881911
"KTGI","Tangier Island Arpt, VA, US",2025-09-28 21:35:00,"2025-09-28 21:35:00","VFR",24,19.5,NA,NA,NA,NA,1019.4,"METAR KTGI 282135Z AUTO 10SM CLR 24/20 A3010 RMK AO1 T02400195",2025-09-28 21:51:53.888464,2025-09-28 17:51:53.88851
"KSVC","Silver City/Grant Cnty, NM, US",2025-09-28 21:35:00,"2025-09-28 15:35:00","VFR",24,9.1,180,9,NA,NA,1021.8,"METAR KSVC 282135Z AUTO 18009KT 10SM CLR 24/09 A3017 RMK AO2 LTG DSNT NE T02400091",2025-09-28 21:51:53.907907,2025-09-28 17:51:53.907954
"KT74","Taylor Muni, TX, US",2025-09-28 21:35:00,"2025-09-28 21:35:00","VFR",32,10,10,12,NA,NA,1018,"METAR KT74 282135Z AUTO 01012KT 10SM CLR 32/10 A3006 RMK AO2",2025-09-28 21:51:53.91501,2025-09-28 17:51:53.915056
"KSLO","Salem/Leckrone Arpt, IL, US",2025-09-28 21:35:00,"2025-09-28 16:35:00","VFR",31.5,10.5,100,6,NA,NA,1020.1,"METAR KSLO 282135Z AUTO 10006KT 10SM CLR 32/11 A3012 RMK AO2 T03150105",2025-09-28 21:51:53.921728,2025-09-28 17:51:53.921771
"KSUW","Superior/Bong Arpt, WI, US",2025-09-28 21:35:00,"2025-09-28 16:35:00","VFR",25.3,6.6,210,8,14,NA,1019,"METAR KSUW 282135Z AUTO 21008G14KT 10SM CLR 25/07 A3009 RMK AO2 T02530066",2025-09-28 21:51:53.928417,2025-09-28 17:51:53.928471
"KSLB","Storm Lake Muni, IA, US",2025-09-28 21:35:00,"2025-09-28 16:35:00","VFR",29,2,NA,6,12,NA,1019.7,"METAR KSLB 282135Z AUTO VRB06G12KT 10SM CLR 29/02 A3011 RMK AO2",2025-09-28 21:51:53.935142,2025-09-28 17:51:53.935191
"KSTE","Stevens Point Muni, WI, US",2025-09-28 21:35:00,"2025-09-28 16:35:00","VFR",24.6,4.4,340,3,NA,NA,1022.4,"METAR KSTE 282135Z AUTO 34003KT 10SM CLR 25/04 A3019 RMK AO2 T02460044",2025-09-28 21:51:53.942031,2025-09-28 17:51:53.942074
"KSLR","Sulphur Springs Muni, TX, US",2025-09-28 21:35:00,"2025-09-28 16:35:00","VFR",30.5,11.4,70,7,NA,NA,1018.4,"METAR KSLR 282135Z AUTO 07007KT 10SM CLR 31/11 A3007 RMK AO2 T03050114 PWINO",2025-09-28 21:51:53.948802,2025-09-28 17:51:53.948847
"KSMD","Fort Wayne/Smith Fld, IN, US",2025-09-28 21:35:00,"2025-09-28 17:35:00","VFR",30,14,10,7,NA,NA,1021.1,"METAR KSMD 282135Z AUTO 01007KT 10SM CLR 30/14 A3015 RMK A01",2025-09-28 21:51:53.955442,2025-09-28 17:51:53.955485
"KSOA","Sonora Muni, TX, US",2025-09-28 21:35:00,"2025-09-28 21:35:00",NA,30,12,0,0,NA,NA,1019.4,"METAR KSOA 282135Z AUTO 00000KT 10SM 30/12 A3010 RMK AO2",2025-09-28 21:51:53.961919,2025-09-28 17:51:53.961963
"KSPA","Spartanburg/Downtown Arpt, SC, US",2025-09-28 21:35:00,"2025-09-28 17:35:00","VFR",27,16,70,6,NA,NA,1018.7,"METAR KSPA 282135Z AUTO 07006KT 10SM SCT041 SCT047 SCT060 27/16 A3008 RMK AO2",2025-09-28 21:51:53.968372,2025-09-28 17:51:53.968416
"KSSI","Brunswick/McKinnon St Simons Arpt, GA, US",2025-09-28 21:35:00,"2025-09-28 17:35:00","MVFR",28,24,30,12,19,NA,1014,"METAR KSSI 282135Z AUTO 03012G19KT 10SM BKN020 BKN027 BKN041 28/24 A2994 RMK AO2",2025-09-28 21:51:53.974873,2025-09-28 17:51:53.974917
"KSUO","Rosebud/Sioux Tribal Arpt, SD, US",2025-09-28 21:35:00,"2025-09-28 21:35:00","VFR",31,13,170,13,22,NA,1014.3,"METAR KSUO 282135Z AUTO 17013G22KT 10SM CLR 31/13 A2995 RMK AO2",2025-09-28 21:51:53.981365,2025-09-28 17:51:53.981412
"KSPK","Spanish Fork Muni, UT, US",2025-09-28 21:35:00,"2025-09-28 21:35:00","VFR",22,9,90,13,NA,NA,1018.4,"METAR KSPK 282135Z AUTO 09013KT 10SM SCT120 22/09 A3007 RMK AO2",2025-09-28 21:51:53.987801,2025-09-28 17:51:53.987844
"KTEW","Mason/Jewett Fld, MI, US",2025-09-28 21:35:00,"2025-09-28 21:35:00","VFR",26.3,11,360,3,NA,NA,1021.8,"METAR KTEW 282135Z AUTO 36003KT 10SM CLR 26/11 A3017 RMK AO2 T02630110",2025-09-28 21:51:53.994195,2025-09-28 17:51:53.994237
"KSYN","Stanton Arpt, MN, US",2025-09-28 21:35:00,"2025-09-28 16:35:00","VFR",26.5,2.7,140,4,NA,NA,1020.1,"METAR KSYN 282135Z AUTO 14004KT 10SM CLR 27/03 A3012 RMK AO2 T02650027",2025-09-28 21:51:54.000604,2025-09-28 17:51:54.000648
"KSXK","Maurice/Sioux Cnty Rgnl, IA, US",2025-09-28 21:35:00,"2025-09-28 21:35:00","VFR",29,6,160,10,NA,NA,1017.4,"METAR KSXK 282135Z AUTO 16010KT 10SM CLR 29/06 A3004 RMK AO2",2025-09-28 21:51:54.00705,2025-09-28 17:51:54.007097
"KSYF","St Francis/Cheyenne Cnty, KS, US",2025-09-28 21:35:00,"2025-09-28 21:35:00","VFR",31,8,180,15,27,NA,1017,"METAR KSYF 282135Z AUTO 18015G27KT 10SM CLR 31/08 A3003 RMK AO2 PK WND 17031/12",2025-09-28 21:51:54.013618,2025-09-28 17:51:54.013677
"KSME","Somerset/Lake Cumberland Rgnl, KY, US",2025-09-28 21:35:00,"2025-09-28 17:35:00","VFR",29,14,90,9,14,NA,1019.7,"METAR KSME 282135Z AUTO 09009G14KT 10SM CLR 29/14 A3011 RMK AO2",2025-09-28 21:51:54.02012,2025-09-28 17:51:54.020172
"KSNL","Shawnee Rgnl, OK, US",2025-09-28 21:35:00,"2025-09-28 16:35:00","VFR",31.8,11.8,0,0,NA,NA,1018.7,"METAR KSNL 282135Z AUTO 00000KT 10SM SCT065 32/12 A3008 RMK AO2 T03180118",2025-09-28 21:51:54.026765,2025-09-28 17:51:54.02681
"KT35","Cameron Muni, TX, US",2025-09-28 21:35:00,"2025-09-28 21:35:00","VFR",32,11.7,80,6,NA,NA,1016.3,"METAR KT35 282135Z AUTO 08006KT 10SM CLR 32/12 A3001 RMK AO2 T03200117",2025-09-28 21:51:54.04788,2025-09-28 17:51:54.047926
"KSMS","Sumter Muni, SC, US",2025-09-28 21:35:00,"2025-09-28 17:35:00","VFR",25,21,20,7,NA,NA,1017.4,"METAR KSMS 282135Z AUTO 02007KT 10SM FEW029 25/21 A3004 RMK AO2",2025-09-28 21:51:54.055226,2025-09-28 17:51:54.055294
"KT20","Gonzales Muni, TX, US",2025-09-28 21:35:00,"2025-09-28 21:35:00","VFR",33.8,12,10,4,NA,NA,1015,"METAR KT20 282135Z AUTO 01004KT 10SM CLR 34/12 A2997 RMK AO2 T03380120",2025-09-28 21:51:54.061953,2025-09-28 17:51:54.061997
"KSNH","Savannah/Hardin Cnty, TN, US",2025-09-28 21:30:00,"2025-09-28 21:30:00","VFR",29,16,40,5,NA,NA,1017.7,"METAR KSNH 282130Z AUTO 04005KT 10SM CLR 29/16 A3005 RMK A01",2025-09-28 21:51:54.068689,2025-09-28 17:51:54.068731
"KSYI","Shelbyville/Bomar Fld, TN, US",2025-09-28 21:30:00,"2025-09-28 16:30:00","VFR",28,15,70,7,NA,NA,1018.4,"METAR KSYI 282130Z AUTO 07007KT 030V110 10SM CLR 28/15 A3007 RMK A01",2025-09-28 21:51:54.075251,2025-09-28 17:51:54.075315
"KSRB","Sparta/Upper Cumberland Rgnl, TN, US",2025-09-28 21:30:00,"2025-09-28 21:30:00","VFR",28,14,20,6,12,NA,1019.4,"METAR KSRB 282130Z AUTO 02006G12KT 10SM CLR 28/14 A3010 RMK A01",2025-09-28 21:51:54.082155,2025-09-28 17:51:54.082198
"KT41","La Porte Muni, TX, US",2025-09-28 21:30:00,"2025-09-28 21:30:00","VFR",31,12.6,90,6,NA,NA,1015.3,"METAR KT41 282130Z AUTO 09006KT 10SM CLR 31/13 A2998 RMK AO2 TSNO T03100126",2025-09-28 21:51:54.08867,2025-09-28 17:51:54.088723
"KSZT","Sandpoint Arpt, ID, US",2025-09-28 21:30:00,"2025-09-28 21:30:00","VFR",24,6,110,3,NA,7,1010.2,"METAR KSZT 282130Z AUTO 11003KT 7SM CLR 24/06 A2983 RMK AO2",2025-09-28 21:51:54.095168,2025-09-28 17:51:54.095211
"KTCY","Tracy Muni, CA, US",2025-09-28 21:25:00,"2025-09-28 21:25:00","VFR",25,14,310,7,NA,NA,1014.6,"METAR KTCY 282125Z AUTO 31007KT 10SM BKN041 BKN047 25/14 A2996 RMK A01",2025-09-28 21:51:54.101704,2025-09-28 17:51:54.10175
"KSVN","Savannah/Hunter AAF, GA, US",2025-09-28 21:25:00,"2025-09-28 17:25:00","MVFR",27,21,80,10,NA,NA,1014,"SPECI KSVN 282125Z AUTO 08010KT 10SM SCT024 BKN029 BKN038 27/21 A2994 RMK AO2 CIG 029V041 BKN029 V SCT SLP142 $",2025-09-28 21:51:54.108194,2025-09-28 17:51:54.108238
"KSOW","Show Low Muni, AZ, US",2025-09-28 21:15:00,"2025-09-28 14:15:00","VFR",21,7,220,14,NA,NA,1022.8,"METAR KSOW 282115Z AUTO 22014KT 10SM FEW060 SCT090 21/07 A3020 RMK AO2 LTG DSNT W-NE",2025-09-28 21:51:54.114774,2025-09-28 17:51:54.114819
"KSPF","Spearfish/Clyde Fld, SD, US",2025-09-28 21:15:00,"2025-09-28 15:15:00","VFR",30,10,20,4,NA,NA,1014.6,"METAR KSPF 282115Z AUTO 02004KT 10SM CLR 30/10 A2996 RMK AO2",2025-09-28 21:51:54.1213,2025-09-28 17:51:54.121346
"KSTF","Starkville/Bryan Arpt, MS, US",2025-09-28 21:15:00,"2025-09-28 21:15:00","VFR",30,17,30,6,NA,NA,1016,"METAR KSTF 282115Z AUTO 03006KT 10SM FEW060 SCT080 30/17 A3000 RMK AO2",2025-09-28 21:51:54.1278,2025-09-28 17:51:54.12785
"KSNK","Snyder/Winston Fld, TX, US",2025-09-28 21:15:00,"2025-09-28 16:15:00","VFR",29.3,6.9,120,3,14,NA,1019.7,"METAR KSNK 282115Z AUTO 12003G14KT 10SM CLR 29/07 A3011 RMK AO2 T02930069",2025-09-28 21:51:54.13448,2025-09-28 17:51:54.134526
"KT69","Sinton/Thomas Arpt, TX, US",2025-09-28 21:15:00,"2025-09-28 21:15:00","VFR",31,16,NA,NA,NA,NA,1015.3,"METAR KT69 282115Z AUTO 10SM SCT065 31/16 A2998 RMK A01",2025-09-28 21:51:54.141193,2025-09-28 17:51:54.141238
"KSRR","Ruidoso Rgnl, NM, US",2025-09-28 21:15:00,"2025-09-28 15:15:00","VFR",13,10,160,6,NA,NA,1028.2,"METAR KSRR 282115Z AUTO 16006KT 10SM OVC041 13/10 A3036 RMK AO2",2025-09-28 21:51:54.147836,2025-09-28 17:51:54.147881
"KSUZ","Benton/Saline Cnty, AR, US",2025-09-28 21:15:00,"2025-09-28 21:15:00","VFR",29,15,0,0,NA,7,1018.4,"METAR KSUZ 282115Z AUTO 00000KT 7SM CLR 29/15 A3007 RMK A01",2025-09-28 21:51:54.154398,2025-09-28 17:51:54.154441
"KSNC","Chester Arpt, CT, US",2025-09-28 21:15:00,"2025-09-28 21:15:00","VFR",25,19,NA,6,NA,NA,1017.4,"METAR KSNC 282115Z AUTO VRB06KT 10SM CLR 25/19 A3004 RMK AO2",2025-09-28 21:51:54.160993,2025-09-28 17:51:54.161038
"KSLC","Salt Lake City Intl, UT, US",2025-09-28 21:15:00,"2025-09-28 15:15:00","VFR",23.9,7.8,280,13,NA,NA,1017,"SPECI KSLC 282115Z 28013KT 10SM SCT075CB BKN130 BKN250 24/08 A3003 RMK AO2 TSE09 CB W MOV N AND DSNT NE-SE VCSH T02390078 $",2025-09-28 21:51:54.167569,2025-09-28 17:51:54.178922
"KSUE","Sturgeon Bay/Door Cnty, WI, US",2025-09-28 20:57:00,"2025-09-28 15:57:00","VFR",23.3,6.7,80,5,NA,NA,1022.8,"METAR KSUE 282057Z AUTO 08005KT 10SM CLR 23/07 A3020 RMK AO2 SLP227 T02330067 58002",2025-09-28 21:51:54.186807,2025-09-28 17:51:54.186855
"KSLG","Siloam Springs/Smith Fld, AR, US",2025-09-28 20:56:00,"2025-09-28 15:56:00","VFR",28.3,13.3,60,5,NA,NA,1020.4,"METAR KSLG 282056Z AUTO 06005KT 10SM CLR 28/13 A3013 RMK AO2 SLP194 T02830133 56015",2025-09-28 21:51:54.194054,2025-09-28 17:51:54.194099
"KSRC","Searcy Muni, AR, US",2025-09-28 20:56:00,"2025-09-28 20:56:00","VFR",30,15,110,7,NA,NA,1018.7,"METAR KSRC 282056Z AUTO 11007KT 10SM CLR 30/15 A3008 RMK AO2 SLP184 T03000150 56014 $",2025-09-28 21:51:54.200715,2025-09-28 17:51:54.200758
"KSMN","Salmon/Lemhi Cnty, ID, US",2025-09-28 20:56:00,"2025-09-28 14:56:00","VFR",23.9,2.8,340,4,NA,NA,1014.3,"METAR KSMN 282056Z AUTO 34004KT 10SM CLR 24/03 A2995 RMK AO2 SLP122 T02390028 56027",2025-09-28 21:51:54.207168,2025-09-28 17:51:54.207213
"KSQI","Sterling-Rock Falls Arpt, IL, US",2025-09-28 20:56:00,"2025-09-28 15:56:00","VFR",31.1,14.4,250,5,NA,NA,1020.4,"METAR KSQI 282056Z AUTO 25005KT 10SM CLR 31/14 A3013 RMK AO2 SLP196 T03110144 56012",2025-09-28 21:51:54.213848,2025-09-28 17:51:54.213895
"KSOP","Southern Pines/Moore Cnty, NC, US",2025-09-28 20:56:00,"2025-09-28 16:56:00","VFR",25,19.4,30,7,NA,NA,1019,"METAR KSOP 282056Z AUTO 03007KT 10SM OVC055 25/19 A3009 RMK AO2 SLP189 6//// T02500194 55005 PNO $",2025-09-28 21:51:54.220395,2025-09-28 17:51:54.220439
"KSLE","Salem Muni, OR, US",2025-09-28 20:56:00,"2025-09-28 13:56:00","VFR",22.2,10,190,11,NA,NA,1009.9,"METAR KSLE 282056Z 19011KT 10SM CLR 22/10 A2982 RMK AO2 SLP097 T02220100 58007",2025-09-28 21:51:54.227048,2025-09-28 17:51:54.227094
"KTCM","Tacoma/McChord AFB, WA, US",2025-09-28 20:55:00,"2025-09-28 13:55:00","VFR",20.8,12.7,320,7,NA,NA,1008.5,"METAR KTCM 282055Z AUTO 32007KT 10SM CLR 21/13 A2978 RMK AO2 SLP087 T02080127 55003 $",2025-09-28 21:51:54.233911,2025-09-28 17:51:54.233956
"KSSC","Shaw AFB, SC, US",2025-09-28 20:55:00,"2025-09-28 16:55:00","VFR",26.5,20.8,40,8,NA,NA,1016.7,"METAR KSSC 282055Z AUTO 04008KT 10SM CLR 27/21 A3002 RMK AO2 SLP165 T02650208 55005 $",2025-09-28 21:51:54.240707,2025-09-28 17:51:54.240751
"KSUU","Fairfield/Travis AFB, CA, US",2025-09-28 20:55:00,"2025-09-28 13:55:00","VFR",21.1,14.2,230,7,NA,NA,1015,"METAR KSUU 282055Z AUTO 23007KT 10SM OVC033 21/14 A2997 RMK AO2 SLP155 T02110142 58004 $",2025-09-28 21:51:54.24737,2025-09-28 17:51:54.247414
"KSVE","Susanville Muni, CA, US",2025-09-28 20:55:00,"2025-09-28 13:55:00","VFR",28,7,270,10,20,NA,1016,"METAR KSVE 282055Z AUTO 27010G20KT 040V040 10SM CLR 28/07 A3000 RMK A01 P000",2025-09-28 21:51:54.253871,2025-09-28 17:51:54.253915
"KTBN","Waynesville-St Robert Rgnl, MO, US",2025-09-28 20:55:00,"2025-09-28 15:55:00","VFR",29.1,14.1,170,6,NA,NA,1019.4,"METAR KTBN 282055Z AUTO 17006KT 10SM CLR 29/14 A3010 RMK AO2 SLP187 T02910141 57012",2025-09-28 21:51:54.260362,2025-09-28 17:51:54.260408
"KSLI","Los Alamitos AAF, CA, US",2025-09-28 20:55:00,"2025-09-28 20:55:00","VFR",25.9,15.6,200,10,NA,NA,1014,"METAR KSLI 282055Z 20010KT 10SM FEW050 26/16 A2994 RMK AO2A SLP141 T02590156 57016",2025-09-28 21:51:54.266805,2025-09-28 17:51:54.266848
"KSZL","Whiteman AFB, MO, US",2025-09-28 20:55:00,"2025-09-28 15:55:00","VFR",31.4,16.1,140,6,NA,NA,1019,"METAR KSZL 282055Z AUTO 14006KT 10SM CLR 31/16 A3009 RMK AO2 SLP185 T03140161 57014 VISNO RWY01 CHINO RWY01 $",2025-09-28 21:51:54.273278,2025-09-28 17:51:54.273328
"KSUS","St Louis/Spirit of St Louis Arpt, MO, US",2025-09-28 20:54:00,"2025-09-28 15:54:00","VFR",31.1,11.7,0,0,NA,NA,1019.4,"METAR KSUS 282054Z 00000KT 10SM CLR 31/12 A3010 RMK AO2 SLP187 T03110117 56014",2025-09-28 21:51:54.279809,2025-09-28 17:51:54.279854
"KSYR","Syracuse/Hancock Intl, NY, US",2025-09-28 20:54:00,"2025-09-28 16:54:00","VFR",23.3,12.8,310,10,NA,NA,1020.1,"METAR KSYR 282054Z 31010KT 10SM FEW060 FEW200 23/13 A3012 RMK AO2 SLP195 T02330128 53012 $",2025-09-28 21:51:54.286315,2025-09-28 17:51:54.286363
"KTAD","Trinidad/Stokes Arpt, CO, US",2025-09-28 20:54:00,"2025-09-28 14:54:00","VFR",24.4,3.9,240,12,17,NA,1021.8,"METAR KTAD 282054Z AUTO 24012G17KT 10SM CLR 24/04 A3017 RMK AO2 SLP146 T02440039 58015 $",2025-09-28 21:51:54.292889,2025-09-28 17:51:54.292933
"KSTP","Saint Paul/Downtown Arpt, MN, US",2025-09-28 20:53:00,"2025-09-28 15:53:00","VFR",25,6.7,150,7,NA,NA,1020.1,"METAR KSTP 282053Z 15007KT 10SM CLR 25/07 A3012 RMK AO2 SLP198 T02500067 56014 $",2025-09-28 21:51:54.299454,2025-09-28 17:51:54.299498
"KSSF","San Antonio/Stinson Muni, TX, US",2025-09-28 20:53:00,"2025-09-28 15:53:00","VFR",32.2,11.7,360,6,NA,NA,1015.3,"METAR KSSF 282053Z 36006KT 10SM CLR 32/12 A2998 RMK AO2 SLP140 T03220117 58024 $",2025-09-28 21:51:54.317974,2025-09-28 17:51:54.318056
"KSNS","Salinas Muni, CA, US",2025-09-28 20:53:00,"2025-09-28 13:53:00","VFR",22.8,15.6,350,14,21,NA,1015,"METAR KSNS 282053Z 35014G21KT 10SM -RA SCT036 23/16 A2997 RMK AO2 RAB43 SLP158 P0000 60000 T02280156 56009",2025-09-28 21:51:54.325504,2025-09-28 17:51:54.325552
"KSNY","Sidney/Carr Fld, NE, US",2025-09-28 20:53:00,"2025-09-28 14:53:00","VFR",28.3,7.8,180,16,29,NA,1017,"METAR KSNY 282053Z AUTO 18016G29KT 10SM SCT085 28/08 A3003 RMK AO2 PK WND 18029/2047 SLP124 T02830078 56019",2025-09-28 21:51:54.332904,2025-09-28 17:51:54.332951
"KSPW","Spencer Muni, IA, US",2025-09-28 20:53:00,"2025-09-28 15:53:00","VFR",28.9,3.3,130,8,NA,NA,1019.4,"METAR KSPW 282053Z AUTO 13008KT 10SM CLR 29/03 A3010 RMK AO2 SLP190 T02890033 56017 PWINO",2025-09-28 21:51:54.33954,2025-09-28 17:51:54.339583
"KSTC","St Cloud Rgnl, MN, US",2025-09-28 20:53:00,"2025-09-28 15:53:00","VFR",26.1,5,150,13,NA,NA,1019,"METAR KSTC 282053Z 15013KT 10SM CLR 26/05 A3009 RMK AO2 SLP198 T02610050 56015 $",2025-09-28 21:51:54.346051,2025-09-28 17:51:54.346095
"KSTJ","St Joseph/Rosecrans Mem, MO, US",2025-09-28 20:53:00,"2025-09-28 15:53:00","VFR",31.7,13.3,80,3,NA,NA,1018.4,"METAR KSTJ 282053Z 08003KT 10SM CLR 32/13 A3007 RMK AO2 SLP176 T03170133 56015 $",2025-09-28 21:51:54.352632,2025-09-28 17:51:54.352681
"KSTS","Santa Rosa/Schulz Arpt, CA, US",2025-09-28 20:53:00,"2025-09-28 13:53:00","MVFR",21.1,12.8,NA,5,NA,6,1015.7,"METAR KSTS 282053Z VRB05KT 6SM HZ BKN027 OVC035 21/13 A2999 RMK AO2 SLP148 T02110128 58004",2025-09-28 21:51:54.359109,2025-09-28 17:51:54.359153
"KTCC","Tucumcari Muni, NM, US",2025-09-28 20:53:00,"2025-09-28 14:53:00","VFR",26.1,9.4,210,16,24,NA,1021.1,"METAR KTCC 282053Z AUTO 21016G24KT 10SM -RA CLR 26/09 A3015 RMK AO2 PK WND 22026/2037 RAE13B32 SLP160 P0000 60000 T02610094 56024",2025-09-28 21:51:54.365693,2025-09-28 17:51:54.36574
"KSMF","Sacramento Intl, CA, US",2025-09-28 20:53:00,"2025-09-28 13:53:00","VFR",22.2,13.9,230,7,NA,NA,1015.3,"METAR KSMF 282053Z 23007KT 10SM OVC036 22/14 A2998 RMK AO2 SLP151 T02220139 58006",2025-09-28 21:51:54.372318,2025-09-28 17:51:54.372364
"KSMQ","Somerville/Somerset Arpt, NJ, US",2025-09-28 20:53:00,"2025-09-28 20:53:00","VFR",30,15.6,310,3,NA,NA,1016.7,"METAR KSMQ 282053Z AUTO 31003KT 10SM CLR 30/16 A3002 RMK AO2 SLP166 T03000156 55005",2025-09-28 21:51:54.378958,2025-09-28 17:51:54.379003
"KSNA","Santa Ana/Wayne Arpt, CA, US",2025-09-28 20:53:00,"2025-09-28 13:53:00","VFR",23.9,15,220,8,NA,NA,1015.3,"METAR KSNA 282053Z 22008KT 10SM FEW045 24/15 A2998 RMK AO2 SLP151 T02390150 58012",2025-09-28 21:51:54.38546,2025-09-28 17:51:54.385504
"KSWO","Stillwater Muni, OK, US",2025-09-28 20:53:00,"2025-09-28 15:53:00","VFR",31.7,13.9,NA,6,NA,NA,1018.4,"METAR KSWO 282053Z VRB06KT 10SM FEW070 32/14 A3007 RMK AO2 SLP172 T03170139 56018",2025-09-28 21:51:54.391991,2025-09-28 17:51:54.392035
"KSPB","Scappoose Ind Arpk, OR, US",2025-09-28 20:53:00,"2025-09-28 20:53:00","VFR",23.3,10.6,130,9,NA,NA,1009.2,"METAR KSPB 282053Z AUTO 13009KT 10SM CLR 23/11 A2980 RMK AO2 SLP091 T02330106 56007",2025-09-28 21:51:54.398504,2025-09-28 17:51:54.398548
"KTCS","Truth or Consequence Muni, NM, US",2025-09-28 20:53:00,"2025-09-28 14:53:00","VFR",25,13.3,110,4,NA,NA,1020.4,"METAR KTCS 282053Z AUTO 11004KT 10SM SCT050 BKN060 25/13 A3013 RMK AO2 SLP132 60000 T02500133 58024 $",2025-09-28 21:51:54.404997,2025-09-28 17:51:54.405044
"KSRQ","Sarasota-Bradenton Intl, FL, US",2025-09-28 20:53:00,"2025-09-28 16:53:00","VFR",32.2,22.2,330,10,NA,NA,1010.9,"METAR KSRQ 282053Z 33010KT 10SM CLR 32/22 A2985 RMK AO2 SLP106 T03220222 56010",2025-09-28 21:51:54.411518,2025-09-28 17:51:54.411573
"KSPG","St Petersburg/Whitted Arpt, FL, US",2025-09-28 20:53:00,"2025-09-28 16:53:00","VFR",31.7,22.8,360,7,NA,NA,1010.2,"METAR KSPG 282053Z 36007KT 10SM FEW044 32/23 A2983 RMK AO2 SLP101 T03170228 56015",2025-09-28 21:51:54.417996,2025-09-28 17:51:54.41804
"KSLN","Salina Rgnl, KS, US",2025-09-28 20:53:00,"2025-09-28 15:53:00","VFR",31.7,15,180,9,NA,NA,1018.4,"METAR KSLN 282053Z 18009KT 10SM CLR 32/15 A3007 RMK AO2 SLP169 T03170150 56016",2025-09-28 21:51:54.424502,2025-09-28 17:51:54.424547
"KTCL","Tuscaloosa Rgnl, AL, US",2025-09-28 20:53:00,"2025-09-28 15:53:00","VFR",33.3,15,70,9,19,NA,1015.7,"METAR KTCL 282053Z 07009G19KT 10SM FEW070 33/15 A2999 RMK AO2 SLP152 T03330150 56014",2025-09-28 21:51:54.43114,2025-09-28 17:51:54.431183
"KTDZ","Toledo Executive Arpt, OH, US",2025-09-28 20:53:00,"2025-09-28 16:53:00","VFR",26.1,16.1,40,7,NA,NA,1021.8,"METAR KTDZ 282053Z AUTO 04007KT 10SM CLR 26/16 A3017 RMK AO2 SLP212 T02610161 56002 $",2025-09-28 21:51:54.43782,2025-09-28 17:51:54.43788
"KSPS","Wichita Falls Rgnl, TX, US",2025-09-28 20:52:00,"2025-09-28 15:52:00","VFR",30.6,12.8,0,0,NA,NA,1018,"METAR KSPS 282052Z 00000KT 10SM CLR 31/13 A3006 RMK AO2 SLP167 T03060128 58019",2025-09-28 21:51:54.456809,2025-09-28 17:51:54.456858
"KSUX","Sioux City/Day Fld, IA, US",2025-09-28 20:52:00,"2025-09-28 15:52:00","VFR",30,8.3,180,7,NA,NA,1018.4,"METAR KSUX 282052Z 18007KT 10SM CLR 30/08 A3007 RMK AO2 SLP179 T03000083 56018",2025-09-28 21:51:54.46421,2025-09-28 17:51:54.464254
"KTAN","Taunton Muni, MA, US",2025-09-28 20:52:00,"2025-09-28 20:52:00","VFR",25,17.2,220,5,NA,NA,1015.7,"METAR KTAN 282052Z AUTO 22005KT 10SM CLR 25/17 A2999 RMK AO2 SLP156 T02500172 55007",2025-09-28 21:51:54.471359,2025-09-28 17:51:54.471404
"KSPI","Springfield/Lincoln Capital Arpt, IL, US",2025-09-28 20:52:00,"2025-09-28 15:52:00","VFR",32.2,10,0,0,NA,NA,1020.1,"METAR KSPI 282052Z 00000KT 10SM CLR 32/10 A3012 RMK AO2 SLP194 T03220100 56013",2025-09-28 21:51:54.477898,2025-09-28 17:51:54.477942
"KSMX","Santa Maria/Hancock Fld, CA, US",2025-09-28 20:51:00,"2025-09-28 13:51:00","MVFR",20.6,16.1,350,6,NA,8,1016.7,"METAR KSMX 282051Z 35006KT 8SM OVC025 21/16 A3002 RMK AO2 SLP166 T02060161 58001 $",2025-09-28 21:51:54.484317,2025-09-28 17:51:54.484361
"KSLK","Saranac Lake/Adirondack Rgnl, NY, US",2025-09-28 20:51:00,"2025-09-28 16:51:00","VFR",21.1,6.1,NA,3,NA,NA,1019.4,"METAR KSLK 282051Z AUTO VRB03KT 10SM CLR 21/06 A3010 RMK AO2 SLP190 T02110061 53012",2025-09-28 21:51:54.490988,2025-09-28 17:51:54.491033
"KTEB","Teterboro Arpt, NJ, US",2025-09-28 20:51:00,"2025-09-28 16:51:00","VFR",31.1,10.6,340,3,NA,NA,1016.3,"METAR KTEB 282051Z 34003KT 10SM CLR 31/11 A3001 RMK AO2 SLP163 T03110106 55006 $",2025-09-28 21:51:54.497526,2025-09-28 17:51:54.497571
"KSMO","Santa Monica Muni, CA, US",2025-09-28 20:51:00,"2025-09-28 13:51:00","VFR",22.2,16.7,240,9,NA,NA,1015.7,"METAR KSMO 282051Z 24009KT 10SM CLR 22/17 A2999 RMK AO2 SLP155 T02220167 56014",2025-09-28 21:51:54.504003,2025-09-28 17:51:54.504049
"KSTL","St Louis/Lambert Intl, MO, US",2025-09-28 20:51:00,"2025-09-28 15:51:00","VFR",31.1,11.7,120,8,NA,NA,1020.1,"METAR KSTL 282051Z 12008KT 10SM CLR 31/12 A3012 RMK AO2 SLP190 T03110117 56013 $",2025-09-28 21:51:54.510601,2025-09-28 17:51:54.510645
"KSWF","Newburgh/Stewart Intl, NY, US",2025-09-28 20:45:00,"2025-09-28 16:45:00","VFR",29,14,290,5,NA,NA,1016.7,"METAR KSWF 282045Z 29005KT 10SM SKC 29/14 A3002",2025-09-28 21:51:54.517036,2025-09-28 17:51:54.517079
"KTRK","Truckee/Tahoe Arpt, CA, US",2025-09-28 21:49:00,"2025-09-28 14:49:00","VFR",23,6,230,18,NA,NA,1020.1,"METAR KTRK 282149Z 23018KT 10SM SCT060 23/06 A3012",2025-09-28 21:51:55.868199,2025-09-28 17:51:55.868244
"KUIL","Quillayute State Arpt, WA, US",2025-09-28 21:49:00,"2025-09-28 14:49:00","IFR",14,14,170,8,23,2,1007.2,"SPECI KUIL 282149Z AUTO 17008G23KT 130V200 2SM -RA BR BKN007 OVC021 14/14 A2974 RMK AO2 RAB04 P0002 $",2025-09-28 21:51:55.874897,2025-09-28 17:51:55.874945
"KTZR","Columbus/Bolton Fld, OH, US",2025-09-28 21:46:00,"2025-09-28 21:46:00","VFR",29,12,0,0,NA,NA,1020.7,"METAR KTZR 282146Z 00000KT 10SM CLR 29/12 A3014",2025-09-28 21:51:55.881588,2025-09-28 17:51:55.881632
"KUES","Waukesha Cnty, WI, US",2025-09-28 21:45:00,"2025-09-28 16:45:00","VFR",23,11,80,4,NA,NA,1022.8,"METAR KUES 282145Z 08004KT 10SM CLR 23/11 A3020",2025-09-28 21:51:55.888175,2025-09-28 17:51:55.88822
"KTWM","Two Harbors/Helgeson Arpt, MN, US",2025-09-28 21:35:00,"2025-09-28 21:35:00",NA,23,8,200,9,NA,NA,1019,"METAR KTWM 282135Z AUTO 20009KT CLR 23/08 A3009 RMK AO2 PWINO",2025-09-28 21:51:55.894778,2025-09-28 17:51:55.894821
"KTKC","Tracy Muni, MN, US",2025-09-28 21:35:00,"2025-09-28 21:35:00","VFR",28,5,180,13,NA,NA,1018,"METAR KTKC 282135Z AUTO 18013KT 10SM CLR 28/05 A3006 RMK AO2",2025-09-28 21:51:55.915762,2025-09-28 17:51:55.915811
"KUKT","Quakertown Arpt, PA, US",2025-09-28 21:35:00,"2025-09-28 17:35:00","VFR",29,16,230,3,NA,NA,1018.4,"METAR KUKT 282135Z AUTO 23003KT 10SM CLR 29/16 A3007 RMK AO2",2025-09-28 21:51:55.923133,2025-09-28 17:51:55.923179
"KU52","Beaver Muni, UT, US",2025-09-28 21:35:00,"2025-09-28 21:35:00","MVFR",16,11,260,10,NA,3,1020.7,"METAR KU52 282135Z AUTO 26010KT 3SM RA SCT033 OVC065 16/11 A3014 RMK AO2",2025-09-28 21:51:55.929873,2025-09-28 17:51:55.929914
"KU69","Duchesne Muni, UT, US",2025-09-28 21:35:00,"2025-09-28 21:35:00","VFR",14,12,310,7,NA,NA,1022.4,"METAR KU69 282135Z AUTO 31007KT 10SM CLR 14/12 A3019 RMK A01",2025-09-28 21:51:55.936446,2025-09-28 17:51:55.936501
"KULM","New Ulm Muni, MN, US",2025-09-28 21:35:00,"2025-09-28 16:35:00",NA,27,4,150,9,NA,NA,1019,"METAR KULM 282135Z AUTO 15009KT 10SM 27/04 A3009 RMK AO2",2025-09-28 21:51:55.943046,2025-09-28 17:51:55.94309
"KTKV","Tomahawk Rgnl, WI, US",2025-09-28 21:35:00,"2025-09-28 21:35:00","VFR",23.5,0.2,170,4,NA,NA,1022.4,"METAR KTKV 282135Z AUTO 17004KT 10SM CLR 24/00 A3019 RMK AO2 T02350002 PWINO",2025-09-28 21:51:55.949636,2025-09-28 17:51:55.94968
"KTVI","Thomasville Rgnl, GA, US",2025-09-28 21:35:00,"2025-09-28 17:35:00","VFR",32,18,40,12,NA,NA,1014.3,"METAR KTVI 282135Z AUTO 04012KT 10SM SCT050 32/18 A2995 RMK AO2",2025-09-28 21:51:55.956163,2025-09-28 17:51:55.956207
"KU68","Cowley/N Big Horn Cnty, WY, US",2025-09-28 21:35:00,"2025-09-28 21:35:00","VFR",27,0,100,4,NA,NA,1015.3,"METAR KU68 282135Z AUTO 10004KT 10SM CLR 27/00 A2998 RMK AO2",2025-09-28 21:51:55.962737,2025-09-28 17:51:55.962784
"KUBE","Cumberland Muni, WI, US",2025-09-28 21:35:00,"2025-09-28 21:35:00","VFR",24,5,190,5,NA,NA,1021.4,"METAR KUBE 282135Z AUTO 19005KT 10SM CLR 24/05 A3016 RMK AO2",2025-09-28 21:51:55.96928,2025-09-28 17:51:55.969329
"KTTF","Monroe/Custer Arpt, MI, US",2025-09-28 21:35:00,"2025-09-28 21:35:00","VFR",25,17,120,7,NA,NA,1021.4,"METAR KTTF 282135Z AUTO 12007KT 10SM CLR 25/17 A3016 RMK AO2",2025-09-28 21:51:55.975857,2025-09-28 17:51:55.9759
"KTVY","Tooele Valley Arpt, UT, US",2025-09-28 21:35:00,"2025-09-28 21:35:00","VFR",24,7,340,6,NA,NA,1017.7,"METAR KTVY 282135Z AUTO 34006KT 10SM SCT095 24/07 A3005 RMK AO2",2025-09-28 21:51:55.982323,2025-09-28 17:51:55.982367
"KU55","Panguitch Muni, UT, US",2025-09-28 21:35:00,"2025-09-28 15:35:00","VFR",14,9,180,11,18,6,1023.8,"METAR KU55 282135Z AUTO 18011G18KT 6SM HZ FEW047 SCT055 BKN100 14/09 A3023 RMK A01",2025-09-28 21:51:55.988759,2025-09-28 17:51:55.988801
"KTOC","Toccoa/Lefourneau Fld, GA, US",2025-09-28 21:35:00,"2025-09-28 17:35:00","VFR",27.6,17.6,100,5,NA,NA,1018.7,"METAR KTOC 282135Z AUTO 10005KT 10SM BKN047 BKN050 28/18 A3008 RMK AO2 T02760176",2025-09-28 21:51:55.995475,2025-09-28 17:51:55.995519
"KTMK","Tillamook Arpt, OR, US",2025-09-28 21:35:00,"2025-09-28 14:35:00","MVFR",18,16,260,8,NA,NA,1010.6,"METAR KTMK 282135Z AUTO 26008KT 10SM OVC028 18/16 A2984 RMK AO2",2025-09-28 21:51:56.002022,2025-09-28 17:51:56.002065
"KTIF","Thedford/Thomas Cnty, NE, US",2025-09-28 21:35:00,"2025-09-28 21:35:00","VFR",29.9,12.2,160,13,19,NA,1017.4,"METAR KTIF 282135Z AUTO 16013G19KT 10SM CLR 30/12 A3004 RMK AO2 T02990122",2025-09-28 21:51:56.008504,2025-09-28 17:51:56.008547
"KUNU","Juneau/Dodge Cnty, WI, US",2025-09-28 21:35:00,"2025-09-28 16:35:00","VFR",24.9,6.8,110,3,NA,NA,1022.1,"METAR KUNU 282135Z AUTO 11003KT 10SM CLR 25/07 A3018 RMK AO2 T02490068 TSNO",2025-09-28 21:51:56.014959,2025-09-28 17:51:56.015019
"KUVA","Uvalde/Garner Fld, TX, US",2025-09-28 21:35:00,"2025-09-28 16:35:00","VFR",31.2,12.8,50,3,NA,NA,1017,"METAR KUVA 282135Z AUTO 05003KT 10SM SCT075 31/13 A3003 RMK AO2 T03120128",2025-09-28 21:51:56.021485,2025-09-28 17:51:56.02153
"KTOB","Dodge Center Arpt, MN, US",2025-09-28 21:35:00,"2025-09-28 21:35:00","VFR",25.4,4.2,190,7,NA,NA,1020.4,"METAR KTOB 282135Z AUTO 19007KT 10SM CLR 25/04 A3013 RMK AO2 T02540042",2025-09-28 21:51:56.028096,2025-09-28 17:51:56.028144
"KTNU","Newton Muni, IA, US",2025-09-28 21:35:00,"2025-09-28 16:35:00","VFR",30,18,190,9,NA,NA,1019,"METAR KTNU 282135Z AUTO 19009KT 10SM CLR 30/18 A3009 RMK A01",2025-09-28 21:51:56.034869,2025-09-28 17:51:56.034917
"KTIP","Rantoul/Chanute AFB, IL, US",2025-09-28 21:35:00,"2025-09-28 21:35:00","VFR",31.3,8.4,0,0,NA,NA,1020.4,"METAR KTIP 282135Z AUTO 00000KT 10SM CLR 31/08 A3013 RMK AO2 T03130084",2025-09-28 21:51:56.055011,2025-09-28 17:51:56.05506
"KTQH","Tahlequah Muni, OK, US",2025-09-28 21:35:00,"2025-09-28 21:35:00",NA,31,15,0,0,NA,NA,NA,"METAR KTQH 282135Z AUTO 00000KT 10SM 31/15 RMK AO2",2025-09-28 21:51:56.062478,2025-09-28 17:51:56.062565
"KULS","Ulysses Arpt, KS, US",2025-09-28 21:35:00,"2025-09-28 21:35:00","VFR",31,9,160,17,NA,NA,1018,"METAR KULS 282135Z AUTO 16017KT 10SM FEW095 31/09 A3006 RMK AO2",2025-09-28 21:51:56.069236,2025-09-28 17:51:56.069305
"KVCV","Victorville/S California Arpt, CA, US",2025-09-28 21:35:00,"2025-09-28 14:35:00","VFR",28,11,340,4,NA,NA,1017,"METAR KVCV 282135Z AUTO 34004KT 10SM CLR 28/11 A3003 RMK AO2",2025-09-28 21:51:56.075728,2025-09-28 17:51:56.075784
"KUKL","Burlington/Coffey Cnty, KS, US",2025-09-28 21:35:00,"2025-09-28 21:35:00","VFR",30.3,14.6,230,4,NA,NA,1019.4,"METAR KUKL 282135Z AUTO 23004KT 10SM CLR 30/15 A3010 RMK AO2 T03030146",2025-09-28 21:51:56.082594,2025-09-28 17:51:56.082639
"KTYQ","Indianapolis Exec, IN, US",2025-09-28 21:35:00,"2025-09-28 21:35:00","VFR",30,9.6,0,0,NA,NA,1020.7,"METAR KTYQ 282135Z AUTO 00000KT 10SM CLR 30/10 A3014 RMK AO2 T03000096",2025-09-28 21:51:56.089115,2025-09-28 17:51:56.089158
"KVDI","Vidalia Rgnl, GA, US",2025-09-28 21:35:00,"2025-09-28 17:35:00","VFR",31,19,10,9,NA,NA,1014.6,"METAR KVDI 282135Z AUTO 01009KT 10SM FEW049 31/19 A2996 RMK AO2",2025-09-28 21:51:56.095717,2025-09-28 17:51:56.095761
"KTVK","Centerville Muni, IA, US",2025-09-28 21:35:00,"2025-09-28 21:35:00",NA,30,14,180,6,NA,NA,1019.7,"METAR KTVK 282135Z AUTO 18006KT 10SM -DZ 30/14 A3011 RMK AO2",2025-09-28 21:51:56.102337,2025-09-28 17:51:56.102382
"KTQK","Scott City Muni, KS, US",2025-09-28 21:35:00,"2025-09-28 21:35:00","VFR",30.6,9.9,200,17,NA,NA,1018.7,"METAR KTQK 282135Z AUTO 20017KT 10SM SCT095 31/10 A3008 RMK AO2 T03060099",2025-09-28 21:51:56.108869,2025-09-28 17:51:56.108913
"KUWL","New Castle/Henry Cnty, IN, US",2025-09-28 21:30:00,"2025-09-28 21:30:00","VFR",30,10,50,4,NA,NA,1020.7,"METAR KUWL 282130Z AUTO 05004KT 10SM CLR 30/10 A3014 RMK A01",2025-09-28 21:51:56.11537,2025-09-28 17:51:56.115413
"KTHA","Tullahoma Rgnl, TN, US",2025-09-28 21:30:00,"2025-09-28 16:30:00","VFR",28,15,50,9,NA,NA,1018.4,"METAR KTHA 282130Z AUTO 05009KT 10SM CLR 28/15 A3007 RMK A01",2025-09-28 21:51:56.121847,2025-09-28 17:51:56.121891
"KUSE","Wauseon/Fulton Cnty, OH, US",2025-09-28 21:25:00,"2025-09-28 21:25:00","VFR",29,16,340,3,NA,NA,1020.7,"METAR KUSE 282125Z AUTO 34003KT 10SM CLR 29/16 A3014 RMK AO2",2025-09-28 21:51:56.128426,2025-09-28 17:51:56.128471
"KUCY","Union City/Everett-Stewart Rgnl, TN, US",2025-09-28 21:25:00,"2025-09-28 16:25:00","VFR",30,13,70,7,NA,NA,1018,"METAR KUCY 282125Z AUTO 07007KT 10SM CLR 30/13 A3006 RMK A01",2025-09-28 21:51:56.135159,2025-09-28 17:51:56.135202
"KTWF","Twin Falls/Joslin Fld, ID, US",2025-09-28 21:20:00,"2025-09-28 15:20:00","VFR",26.7,6.1,NA,5,NA,NA,1014.6,"SPECI KTWF 282120Z VRB05KT 10SM TS FEW120 27/06 A2996 RMK AO2 LTG DSNT SE TSB20 T02670061",2025-09-28 21:51:56.141868,2025-09-28 17:51:56.141912
"KVBG","Vandenberg AFB, CA, US",2025-09-28 21:20:00,"2025-09-28 14:20:00","MVFR",22,15,190,8,NA,NA,1016,"SPECI KVBG 282120Z AUTO 19008KT 10SM BKN029 22/15 A3000 RMK AO2 SLP160 TSNO $",2025-09-28 21:51:56.148509,2025-09-28 17:51:56.148558
"KUUV","Sullivan Rgnl, MO, US",2025-09-28 21:15:00,"2025-09-28 21:15:00","VFR",30,11,0,0,NA,NA,1021.1,"METAR KUUV 282115Z AUTO 00000KT 10SM CLR 30/11 A3015 RMK AO2",2025-09-28 21:51:56.155049,2025-09-28 17:51:56.155093
"KUYF","London/Madison Cnty, OH, US",2025-09-28 21:15:00,"2025-09-28 21:15:00","VFR",31,11,0,0,NA,NA,1021.1,"METAR KUYF 282115Z AUTO 00000KT 10SM BKN080 31/11 A3015 RMK AO2",2025-09-28 21:51:56.161658,2025-09-28 17:51:56.161703
"KUTA","Tunica Muni, MS, US",2025-09-28 21:15:00,"2025-09-28 16:15:00","VFR",31.1,13.3,70,6,NA,NA,1017.7,"METAR KUTA 282115Z AUTO 07006KT 10SM CLR 31/13 A3005 RMK AO2 T03110133 $",2025-09-28 21:51:56.168245,2025-09-28 17:51:56.168316
"KTME","Houston/Executive Arpt, TX, US",2025-09-28 21:15:00,"2025-09-28 21:15:00","VFR",32,12,70,6,12,NA,1016,"METAR KTME 282115Z AUTO 07006G12KT 10SM CLR 32/12 A3000 RMK AO2",2025-09-28 21:51:56.186669,2025-09-28 17:51:56.186718
"KUXL","Sulphur/Southland Fld, LA, US",2025-09-28 21:15:00,"2025-09-28 21:15:00","VFR",31.5,13.1,0,0,NA,7,1015.3,"METAR KUXL 282115Z AUTO 00000KT 7SM CLR 32/13 A2998 RMK AO2 T03150131",2025-09-28 21:51:56.193962,2025-09-28 17:51:56.19401
"KTMA","Tifton/Myers Arpt, GA, US",2025-09-28 21:15:00,"2025-09-28 17:15:00","VFR",31.2,18.3,NA,5,NA,NA,1015,"METAR KTMA 282115Z AUTO VRB05KT 10SM FEW060 31/18 A2997 RMK AO2 T03120183",2025-09-28 21:51:56.201031,2025-09-28 17:51:56.20108
"KTWT","Sturgis Muni, KY, US",2025-09-28 21:15:00,"2025-09-28 21:15:00",NA,NA,NA,110,7,NA,NA,1019.7,"METAR KTWT 282115Z AUTO 11007KT 10SM A3011 RMK AO2",2025-09-28 21:51:56.207496,2025-09-28 17:51:56.20754
"KTYL","Taylor Arpt, AZ, US",2025-09-28 21:15:00,"2025-09-28 14:15:00","VFR",23,4,210,19,24,NA,1021.8,"METAR KTYL 282115Z AUTO 21019G24KT 10SM CLR 23/04 A3017 RMK AO2 LTG DSNT W AND NW",2025-09-28 21:51:56.214109,2025-09-28 17:51:56.214154
"KTKX","Kennett Arpt, MO, US",2025-09-28 21:15:00,"2025-09-28 16:15:00","VFR",31,14,30,8,NA,NA,1018.4,"METAR KTKX 282115Z AUTO 03008KT 10SM CLR 31/14 A3007 RMK AO2",2025-09-28 21:51:56.220674,2025-09-28 17:51:56.220721
"KTSP","Tehachapi Muni, CA, US",2025-09-28 21:15:00,"2025-09-28 14:15:00","VFR",25,12,320,10,NA,9,1018.4,"METAR KTSP 282115Z AUTO 32010KT 9SM CLR 25/12 A3007 RMK AO2",2025-09-28 21:51:56.227304,2025-09-28 17:51:56.22735
"KUMP","Indianapolis Metro, IN, US",2025-09-28 21:15:00,"2025-09-28 21:15:00","VFR",30.8,12.5,NA,3,NA,NA,1020.4,"METAR KUMP 282115Z AUTO VRB03KT 10SM CLR 31/12 A3013 RMK AO2 T03080125 $",2025-09-28 21:51:56.234102,2025-09-28 17:51:56.234146
"KUOX","Oxford/University Arpt, MS, US",2025-09-28 21:15:00,"2025-09-28 16:15:00","VFR",30,12,40,8,NA,NA,1018.4,"METAR KUOX 282115Z AUTO 04008KT 10SM CLR 30/12 A3007 RMK AO2 PWINO",2025-09-28 21:51:56.240794,2025-09-28 17:51:56.240837
"KVBT","Bentonville Muni, AR, US",2025-09-28 21:03:00,"2025-09-28 21:03:00","MVFR",28,14,NA,4,NA,4,1020.7,"SPECI KVBT 282103Z AUTO VRB04KT 4SM HZ FEW001 28/14 A3014 RMK AO2",2025-09-28 21:51:56.247354,2025-09-28 17:51:56.247398
"KUDG","Darlington Cnty, SC, US",2025-09-28 20:56:00,"2025-09-28 20:56:00","VFR",25.6,21.1,20,4,NA,NA,1018,"METAR KUDG 282056Z AUTO 02004KT 10SM FEW038 26/21 A3006 RMK AO2 SLP178 T02560211 56007 $",2025-09-28 21:51:56.253805,2025-09-28 17:51:56.253849
"KTUS","Tucson Intl Arpt, AZ, US",2025-09-28 20:56:00,"2025-09-28 13:56:00","VFR",30.6,6.7,130,6,NA,NA,1016,"SPECI KTUS 282056Z 13006KT 10SM CLR 31/07 A3000 RMK AO2 T03060067",2025-09-28 21:51:56.260344,2025-09-28 17:51:56.26039
"KTVF","Thief River Rgnl, MN, US",2025-09-28 20:56:00,"2025-09-28 15:56:00","VFR",27.8,8.3,190,14,21,NA,1014.6,"METAR KTVF 282056Z AUTO 19014G21KT 10SM CLR 28/08 A2996 RMK AO2 SLP145 T02780083 56008",2025-09-28 21:51:56.26677,2025-09-28 17:51:56.266813
"KUKI","Ukiah Muni, CA, US",2025-09-28 20:56:00,"2025-09-28 13:56:00","VFR",21.7,10,160,11,NA,6,1014.6,"METAR KUKI 282056Z AUTO 16011KT 6SM HZ CLR 22/10 A2996 RMK AO2 SLP138 T02170100 58009",2025-09-28 21:51:56.273193,2025-09-28 17:51:56.273236
"KTPH","Tonopah Arpt, NV, US",2025-09-28 20:56:00,"2025-09-28 13:56:00","VFR",22.8,4.4,50,5,NA,NA,1019,"METAR KTPH 282056Z AUTO 05005KT 10SM CLR 23/04 A3009 RMK AO2 SLP130 T02280044 58017",2025-09-28 21:51:56.279774,2025-09-28 17:51:56.279819
"KUCP","New Castle Muni, PA, US",2025-09-28 20:56:00,"2025-09-28 20:56:00","VFR",28.9,13.3,350,3,NA,NA,1021.1,"METAR KUCP 282056Z AUTO 35003KT 10SM BKN070 29/13 A3015 RMK AO2 SLP220 T02890133 55002",2025-09-28 21:51:56.286367,2025-09-28 17:51:56.286412
"KTIK","Tinker AFB, OK, US",2025-09-28 20:55:00,"2025-09-28 15:55:00","VFR",31.4,13.2,40,3,NA,NA,1017.4,"METAR KTIK 282055Z AUTO 04003KT 10SM CLR 31/13 A3004 RMK AO2 SLP162 T03140132 57017",2025-09-28 21:51:56.292958,2025-09-28 17:51:56.293003
"KVAD","Valdosta/Moody AFB, GA, US",2025-09-28 20:55:00,"2025-09-28 16:55:00","VFR",31.6,19.5,50,12,NA,NA,1013.6,"METAR KVAD 282055Z AUTO 05012KT 10SM CLR 32/20 A2993 RMK AO2 SLP135 T03160195 56010 $",2025-09-28 21:51:56.299549,2025-09-28 17:51:56.299593
"KTTS","NASA Shuttle Landing Arpt, FL, US",2025-09-28 20:55:00,"2025-09-28 20:55:00","VFR",27,25,90,3,NA,NA,1011.3,"METAR KTTS 282055Z AUTO 09003KT 10SM FEW037 SCT050 BKN060 27/25 A2986 RMK AO2 SLP116 T02700250 FZRANO $",2025-09-28 21:51:56.306146,2025-09-28 17:51:56.306191
"KUIN","Quincy/Baldwin Fld, IL, US",2025-09-28 20:54:00,"2025-09-28 15:54:00","VFR",30.6,8.9,NA,5,NA,NA,1019.7,"METAR KUIN 282054Z AUTO VRB05KT 10SM CLR 31/09 A3011 RMK AO2 SLP192 T03060089 56012",2025-09-28 21:51:56.325467,2025-09-28 17:51:56.325518
"KTQE","Tekamah Muni, NE, US",2025-09-28 20:54:00,"2025-09-28 20:54:00","VFR",31.1,7.2,170,4,NA,NA,1018,"METAR KTQE 282054Z AUTO 17004KT 10SM CLR 31/07 A3006 RMK AO2 SLP171 T03110072 56020",2025-09-28 21:51:56.33285,2025-09-28 17:51:56.332895
"KVAY","Mount Holly/S Jersey Rgnl, NJ, US",2025-09-28 20:54:00,"2025-09-28 16:54:00","VFR",28.3,16.1,0,0,NA,NA,1017.7,"METAR KVAY 282054Z AUTO 00000KT 10SM CLR 28/16 A3005 RMK AO2 SLP175 T02830161 55005",2025-09-28 21:51:56.339952,2025-09-28 17:51:56.339996
"KTIW","Tacoma Narrows Arpt, WA, US",2025-09-28 20:53:00,"2025-09-28 13:53:00","VFR",18.9,12.2,270,6,NA,NA,1008.5,"METAR KTIW 282053Z 27006KT 10SM CLR 19/12 A2978 RMK AO2 SLP084 T01890122 58003",2025-09-28 21:51:56.346487,2025-09-28 17:51:56.346536
"KTVR","Vicksburg/Tallulah Rgnl, LA, US",2025-09-28 20:53:00,"2025-09-28 20:53:00","VFR",32.2,17.2,40,7,NA,NA,1016.3,"METAR KTVR 282053Z AUTO 04007KT 10SM CLR 32/17 A3001 RMK AO2 SLP167 T03220172 56018",2025-09-28 21:51:56.352938,2025-09-28 17:51:56.35298
"KTOP","Topeka/Billard Muni, KS, US",2025-09-28 20:53:00,"2025-09-28 15:53:00","VFR",31.7,15,0,0,NA,NA,1018.4,"METAR KTOP 282053Z 00000KT 10SM CLR 32/15 A3007 RMK AO2 SLP173 T03170150 56015 $",2025-09-28 21:51:56.35954,2025-09-28 17:51:56.359586
"KTOI","Troy Muni, AL, US",2025-09-28 20:53:00,"2025-09-28 15:53:00","VFR",30,17.8,10,7,NA,NA,1015.3,"METAR KTOI 282053Z AUTO 01007KT 10SM SCT055 30/18 A2998 RMK AO2 SLP145 T03000178 56012",2025-09-28 21:51:56.366162,2025-09-28 17:51:56.366206
"KTKI","McKinney Muni, TX, US",2025-09-28 20:53:00,"2025-09-28 20:53:00","VFR",30.6,15,NA,6,NA,NA,1018,"METAR KTKI 282053Z VRB06KT 10SM SCT065 31/15 A3006 RMK AO2 SLP175 T03060150 56019",2025-09-28 21:51:56.372759,2025-09-28 17:51:56.372802
"KUAO","Aurora State Arpt, OR, US",2025-09-28 20:53:00,"2025-09-28 20:53:00","VFR",21.7,11.1,190,13,17,NA,1010.2,"METAR KUAO 282053Z 19013G17KT 10SM CLR 22/11 A2983 RMK AO2 SLP100 T02170111 58007",2025-09-28 21:51:56.379397,2025-09-28 17:51:56.379442
"KTYS","Knoxville/Tyson Arpt, TN, US",2025-09-28 20:53:00,"2025-09-28 16:53:00","VFR",27.2,15,50,10,NA,NA,1018.7,"METAR KTYS 282053Z 05010KT 10SM FEW050 27/15 A3008 RMK AO2 SLP177 T02720150 56007 $",2025-09-28 21:51:56.385877,2025-09-28 17:51:56.385921
"KTUP","Tupelo Rgnl, MS, US",2025-09-28 20:53:00,"2025-09-28 15:53:00","VFR",30,13.3,60,8,NA,NA,1017.7,"METAR KTUP 282053Z 06008KT 10SM CLR 30/13 A3005 RMK AO2 SLP171 T03000133 56014 $",2025-09-28 21:51:56.392396,2025-09-28 17:51:56.39245
"KTUL","Tulsa Intl Arpt, OK, US",2025-09-28 20:53:00,"2025-09-28 15:53:00","VFR",30,15.6,NA,3,NA,NA,1018.7,"METAR KTUL 282053Z VRB03KT 10SM FEW065 SCT250 30/16 A3008 RMK AO2 SLP179 T03000156 56017",2025-09-28 21:51:56.399054,2025-09-28 17:51:56.399097
"KTXK","Texarkana Rgnl, AR, US",2025-09-28 20:53:00,"2025-09-28 15:53:00","VFR",31.7,16.1,80,3,NA,NA,1018,"METAR KTXK 282053Z 08003KT 10SM FEW060 32/16 A3006 RMK AO2 SLP175 T03170161 56016",2025-09-28 21:51:56.405566,2025-09-28 17:51:56.40561
"KUNO","West Plains Rgnl, MO, US",2025-09-28 20:53:00,"2025-09-28 20:53:00","VFR",28.3,11.7,120,4,NA,NA,1020.7,"METAR KUNO 282053Z AUTO 12004KT 10SM CLR 28/12 A3014 RMK AO2 SLP195 T02830117 56013",2025-09-28 21:51:56.412034,2025-09-28 17:51:56.412077
"KTPA","Tampa Intl Arpt, FL, US",2025-09-28 20:53:00,"2025-09-28 16:53:00","VFR",33.9,21.7,360,6,NA,NA,1010.9,"METAR KTPA 282053Z 36006KT 10SM BKN050 BKN250 34/22 A2985 RMK AO2 SLP106 T03390217 56015",2025-09-28 21:51:56.418621,2025-09-28 17:51:56.418665
"KVEL","Vernal Rgnl, UT, US",2025-09-28 20:53:00,"2025-09-28 14:53:00","VFR",22.2,7.8,210,8,NA,NA,1020.7,"METAR KVEL 282053Z AUTO 21008KT 10SM BKN120 22/08 A3014 RMK AO2 LTG DSNT SW SLP153 T02220078 56015 $",2025-09-28 21:51:56.425163,2025-09-28 17:51:56.425207
"KTTD","Portland/Troutdale Arpt, OR, US",2025-09-28 20:53:00,"2025-09-28 13:53:00","VFR",22.2,10.6,80,6,NA,NA,1009.9,"METAR KTTD 282053Z 08006KT 10SM CLR 22/11 A2982 RMK AO2 SLP098 T02220106 58007",2025-09-28 21:51:56.43176,2025-09-28 17:51:56.431804
"KTVL","Lake Tahoe Arpt, CA, US",2025-09-28 20:53:00,"2025-09-28 13:53:00","VFR",21.1,4.4,200,11,22,NA,1020.4,"METAR KTVL 282053Z AUTO 20011G22KT 10SM CLR 21/04 A3013 RMK AO2 SLP149 T02110044 58004",2025-09-28 21:51:56.438422,2025-09-28 17:51:56.43847
"KTTN","Trenton/Mercer Arpt, NJ, US",2025-09-28 20:53:00,"2025-09-28 16:53:00","VFR",28.9,12.8,270,4,NA,NA,1017.7,"METAR KTTN 282053Z 27004KT 10SM CLR 29/13 A3005 RMK AO2 SLP168 T02890128 55004",2025-09-28 21:51:56.445093,2025-09-28 17:51:56.445146
"KUTS","Huntsville Muni, TX, US",2025-09-28 20:53:00,"2025-09-28 15:53:00","VFR",31.7,12.8,120,8,15,NA,1016.3,"METAR KUTS 282053Z AUTO 12008G15KT 10SM -RA CLR 32/13 A3001 RMK AO2 SLP159 P0000 60000 T03170128 56020",2025-09-28 21:51:56.464033,2025-09-28 17:51:56.46408
"KTLH","Tallahassee Intl, FL, US",2025-09-28 20:53:00,"2025-09-28 16:53:00","VFR",32.8,17.8,40,7,17,NA,1012.6,"METAR KTLH 282053Z 04007G17KT 10SM FEW100 33/18 A2990 RMK AO2 SLP123 T03280178 56013",2025-09-28 21:51:56.471247,2025-09-28 17:51:56.471315
"KTMB","Miami Exec Arpt, FL, US",2025-09-28 20:53:00,"2025-09-28 16:53:00",NA,NA,NA,NA,NA,NA,NA,1009.2,"METAR KTMB 282053Z AUTO A2980 RMK AO2 LTG DSNT W SLP092 57010 PWINO $",2025-09-28 21:51:56.478049,2025-09-28 17:51:56.478091
"KTRL","Terrell Muni, TX, US",2025-09-28 20:53:00,"2025-09-28 15:53:00","VFR",29.4,13.3,100,5,NA,NA,1018,"METAR KTRL 282053Z AUTO 10005KT 10SM CLR 29/13 A3006 RMK AO2 SLP174 T02940133 56018",2025-09-28 21:51:56.484596,2025-09-28 17:51:56.484638
"KTYR","Tyler/Pounds Fld, TX, US",2025-09-28 20:53:00,"2025-09-28 15:53:00","VFR",30,13.3,50,6,NA,NA,1018,"METAR KTYR 282053Z 05006KT 10SM CLR 30/13 A3006 RMK AO2 SLP173 T03000133 56018",2025-09-28 21:51:56.491077,2025-09-28 17:51:56.491126
"KTRI","Bristol/Tri-Cities Arpt, TN, US",2025-09-28 20:53:00,"2025-09-28 16:53:00","VFR",26.7,15.6,NA,3,NA,NA,1019.7,"METAR KTRI 282053Z VRB03KT 10SM SCT050 27/16 A3011 RMK AO2 SLP174 T02670156 58009 $",2025-09-28 21:51:56.497713,2025-09-28 17:51:56.497758
"KUUU","Newport State Arpt, RI, US",2025-09-28 20:53:00,"2025-09-28 16:53:00","VFR",22.8,17.2,200,7,NA,NA,1016.7,"METAR KUUU 282053Z AUTO 20007KT 10SM CLR 23/17 A3002 RMK AO2 SLP163 T02280172 55006",2025-09-28 21:51:56.504292,2025-09-28 17:51:56.504342
"KVCB","Vacaville/Nut Tree Arpt, CA, US",2025-09-28 20:53:00,"2025-09-28 20:53:00","VFR",21.7,13.9,220,6,15,NA,1015.7,"METAR KVCB 282053Z AUTO 22006G15KT 10SM OVC037 22/14 A2999 RMK AO2 SLP153 T02170139 58006 $",2025-09-28 21:51:56.510864,2025-09-28 17:51:56.510908
"KTHV","York Arpt, PA, US",2025-09-28 20:53:00,"2025-09-28 16:53:00","VFR",28.3,13.9,290,5,NA,NA,1018.7,"METAR KTHV 282053Z AUTO 29005KT 10SM CLR 28/14 A3008 RMK AO2 SLP185 T02830139 56008",2025-09-28 21:51:56.51748,2025-09-28 17:51:56.517525
"KTVC","Traverse City/Cherry Capital Arpt, MI, US",2025-09-28 20:53:00,"2025-09-28 16:53:00","VFR",23.9,6.1,30,5,NA,NA,1022.1,"METAR KTVC 282053Z 03005KT 10SM CLR 24/06 A3018 RMK AO2 SLP220 T02390061 55003",2025-09-28 21:51:56.524082,2025-09-28 17:51:56.524126
"KTOR","Torrington Muni, WY, US",2025-09-28 20:53:00,"2025-09-28 14:53:00","VFR",30.6,7.2,130,13,24,NA,1016,"METAR KTOR 282053Z AUTO 13013G24KT 10SM CLR 31/07 A3000 RMK AO2 SLP111 T03060072 56015 $",2025-09-28 21:51:56.530614,2025-09-28 17:51:56.530663
"KTRM","Thermal Arpt, CA, US",2025-09-28 20:52:00,"2025-09-28 13:52:00","VFR",32.8,15,NA,4,NA,NA,1011.6,"METAR KTRM 282052Z AUTO VRB04KT 10SM CLR 33/15 A2987 RMK AO2 SLP117 T03280150 58021 TSNO",2025-09-28 21:51:56.53717,2025-09-28 17:51:56.537215
"KTOL","Toledo/Express Arpt, OH, US",2025-09-28 20:52:00,"2025-09-28 16:52:00","VFR",27.8,16.7,70,9,NA,NA,1021.1,"METAR KTOL 282052Z 07009KT 10SM CLR 28/17 A3015 RMK AO2 SLP206 T02780167 56001 $",2025-09-28 21:51:56.543701,2025-09-28 17:51:56.543744
"KTPL","Temple/Miller Rgnl, TX, US",2025-09-28 20:51:00,"2025-09-28 15:51:00",NA,30,13.9,70,6,NA,NA,1017.7,"METAR KTPL 282051Z AUTO 07006KT CLR 30/14 A3005 RMK AO2 SLP166 T03000139 56017 PWINO RVRNO $",2025-09-28 21:51:56.550188,2025-09-28 17:51:56.550231
"KUGN","Waukegan Rgnl, IL, US",2025-09-28 20:51:00,"2025-09-28 15:51:00","VFR",23.9,12.8,NA,5,NA,NA,1022.4,"METAR KUGN 282051Z VRB05KT 10SM CLR 24/13 A3019 RMK AO2 SLP213 T02390128 55003",2025-09-28 21:51:56.556813,2025-09-28 17:51:56.556857
"KVCT","Victoria Rgnl, TX, US",2025-09-28 20:51:00,"2025-09-28 15:51:00","VFR",32.2,11.7,90,8,NA,NA,1015.3,"METAR KVCT 282051Z 09008KT 10SM CLR 32/12 A2998 RMK AO2 SLP149 T03220117 56021",2025-09-28 21:51:56.563383,2025-09-28 17:51:56.563428
"KTOA","Torrance Muni, CA, US",2025-09-28 20:47:00,"2025-09-28 13:47:00","VFR",24,16,200,8,NA,NA,1015.7,"METAR KTOA 282047Z 20008KT 10SM SCT040 24/16 A2999",2025-09-28 21:51:56.570805,2025-09-28 17:51:56.570869
"KTIX","Titusville/Space Coast Rgnl, FL, US",2025-09-28 20:47:00,"2025-09-28 16:47:00","MVFR",28,24,360,10,NA,7,1012.6,"METAR KTIX 282047Z 36010KT 7SM BKN025 28/24 A2990",2025-09-28 21:51:56.578818,2025-09-28 17:51:56.578861
"KVQQ","Jacksonville/Cecil Arpt, FL, US",2025-09-28 21:50:00,"2025-09-28 17:50:00","MVFR",29,22,50,13,21,NA,1013.6,"METAR KVQQ 282150Z 05013G21KT 10SM BKN030 29/22 A2993",2025-09-28 21:51:58.007698,2025-09-28 17:51:58.00774
"KXNO","North/Aux Arfd, SC, US",2025-09-28 21:45:00,"2025-09-28 21:45:00","MVFR",27,21,20,7,NA,NA,1016.3,"SPECI KXNO 282145Z AUTO 02007KT 10SM BKN022 27/21 A3001 RMK AO2 BKN V SCT SLP163 $",2025-09-28 21:51:58.01436,2025-09-28 17:51:58.014403
"KWDG","Enid/Woodring Arpt, OK, US",2025-09-28 21:45:00,"2025-09-28 16:45:00","VFR",33,14,180,3,NA,NA,1018.4,"METAR KWDG 282145Z 18003KT 10SM SCT100 33/14 A3007",2025-09-28 21:51:58.021039,2025-09-28 17:51:58.021086
"KVVS","Connellsville/Hardy Aprt, PA, US",2025-09-28 21:35:00,"2025-09-28 21:35:00","VFR",25.9,13.6,350,4,NA,NA,1021.4,"METAR KVVS 282135Z AUTO 35004KT 10SM CLR 26/14 A3016 RMK AO2 T02590136",2025-09-28 21:51:58.027598,2025-09-28 17:51:58.027642
"KWYS","West Yellowstone Arpt, MT, US",2025-09-28 21:35:00,"2025-09-28 15:35:00","VFR",22,3,220,13,NA,NA,1021.1,"METAR KWYS 282135Z AUTO 22013KT 10SM SCT070 SCT080 22/03 A3015 RMK AO2",2025-09-28 21:51:58.034132,2025-09-28 17:51:58.034176
"KVPC","Cartersville Arpt, GA, US",2025-09-28 21:35:00,"2025-09-28 21:35:00","VFR",30,16,NA,4,NA,NA,1017.4,"METAR KVPC 282135Z AUTO VRB04KT 10SM FEW060 30/16 A3004 RMK AO2",2025-09-28 21:51:58.041833,2025-09-28 17:51:58.041918
"KW22","Buckhannon/Upshur Cnty, WV, US",2025-09-28 21:35:00,"2025-09-28 21:35:00","VFR",28,14,NA,5,NA,NA,1022.1,"METAR KW22 282135Z AUTO VRB05KT 10SM CLR 28/14 A3018 RMK AO2",2025-09-28 21:51:58.049621,2025-09-28 17:51:58.049665
"KVWU","Waskish Muni, MN, US",2025-09-28 21:35:00,"2025-09-28 21:35:00",NA,28,7,200,8,14,NA,1015.3,"METAR KVWU 282135Z AUTO 20008G14KT CLR 28/07 A2998 RMK AO2 PWINO",2025-09-28 21:51:58.056103,2025-09-28 17:51:58.056165
"KXLL","Allentown/Queen City, PA, US",2025-09-28 21:35:00,"2025-09-28 21:35:00","VFR",28,14,330,7,NA,NA,1018.4,"METAR KXLL 282135Z AUTO 33007KT 10SM CLR 28/14 A3007 RMK AO2 TSNO",2025-09-28 21:51:58.062644,2025-09-28 17:51:58.062689
"KZER","Pottsville/Schuylkill Cnty, PA, US",2025-09-28 21:35:00,"2025-09-28 21:35:00","VFR",25,12,300,4,NA,7,1021.1,"METAR KZER 282135Z AUTO 30004KT 7SM CLR 25/12 A3015 RMK AO2",2025-09-28 21:51:58.069321,2025-09-28 17:51:58.069372
"KXBP","Bridgeport Muni, TX, US",2025-09-28 21:35:00,"2025-09-28 21:35:00","VFR",30.2,12.7,80,4,NA,NA,1018.7,"METAR KXBP 282135Z AUTO 08004KT 10SM CLR 30/13 A3008 RMK AO2 T03020127 PNO",2025-09-28 21:51:58.075848,2025-09-28 17:51:58.075892
"KWDR","Winder/Barrow Cnty, GA, US",2025-09-28 21:35:00,"2025-09-28 17:35:00","VFR",27,18,NA,NA,NA,NA,1018.4,"METAR KWDR 282135Z 10SM CLR 27/18 A3007 RMK AO2",2025-09-28 21:51:58.082697,2025-09-28 17:51:58.082747
"KY70","Ionia Cnty Arpt, MI, US",2025-09-28 21:35:00,"2025-09-28 21:35:00","VFR",25,10,60,4,NA,NA,1022.1,"METAR KY70 282135Z AUTO 06004KT 10SM CLR 25/10 A3018 RMK AO2",2025-09-28 21:51:58.089207,2025-09-28 17:51:58.089253
"KVTI","Vinton/Veterans Mem, IA, US",2025-09-28 21:35:00,"2025-09-28 21:35:00","VFR",29.4,13.3,130,5,NA,NA,1019.7,"METAR KVTI 282135Z AUTO 13005KT 10SM CLR 29/13 A3011 RMK AO2 T02940133",2025-09-28 21:51:58.095763,2025-09-28 17:51:58.095806
"KW43","Hulett Muni, WY, US",2025-09-28 21:35:00,"2025-09-28 21:35:00","VFR",30,5,260,7,NA,NA,1015.7,"METAR KW43 282135Z AUTO 26007KT 10SM CLR 30/05 A2999 RMK AO2",2025-09-28 21:51:58.102438,2025-09-28 17:51:58.102483
"KWWR","Woodward Arpt, OK, US",2025-09-28 21:35:00,"2025-09-28 16:35:00","VFR",30,10,160,10,NA,NA,1020.1,"METAR KWWR 282135Z AUTO 16010KT 10SM CLR 30/10 A3012 RMK AO2",2025-09-28 21:51:58.109076,2025-09-28 17:51:58.10912
"KVMR","Vermillion/Davidson Fld, SD, US",2025-09-28 21:35:00,"2025-09-28 21:35:00","VFR",31,7,160,10,NA,NA,1017.7,"METAR KVMR 282135Z AUTO 16010KT 10SM CLR 31/07 A3005 RMK AO2",2025-09-28 21:51:58.128239,2025-09-28 17:51:58.128305
"KY51","Viroqua Muni, WI, US",2025-09-28 21:35:00,"2025-09-28 21:35:00","VFR",25.1,4.1,0,0,NA,NA,1021.8,"METAR KY51 282135Z AUTO 00000KT 10SM CLR 25/04 A3017 RMK AO1 T02510041",2025-09-28 21:51:58.135455,2025-09-28 17:51:58.135501
"KY31","West Branch Arpt, MI, US",2025-09-28 21:35:00,"2025-09-28 17:35:00","VFR",23.8,6.2,110,6,NA,NA,1022.4,"METAR KY31 282135Z AUTO 11006KT 10SM CLR 24/06 A3019 RMK AO2 T02380062",2025-09-28 21:51:58.144497,2025-09-28 17:51:58.144544
"KVVV","Ortonville Muni, MN, US",2025-09-28 21:35:00,"2025-09-28 21:35:00","VFR",28,7,0,0,NA,NA,1016.3,"METAR KVVV 282135Z AUTO 00000KT 10SM CLR 28/07 A3001 RMK AO2",2025-09-28 21:51:58.151076,2025-09-28 17:51:58.151119
"KY23","Chetek Muni, WI, US",2025-09-28 21:35:00,"2025-09-28 21:35:00","VFR",24.9,5.1,160,6,NA,NA,1021.4,"METAR KY23 282135Z AUTO 16006KT 10SM CLR 25/05 A3016 RMK AO2 T02490051",2025-09-28 21:51:58.157543,2025-09-28 17:51:58.157587
"KX26","Sabastian Arpt, FL, US",2025-09-28 21:35:00,"2025-09-28 21:35:00","VFR",29,24,110,9,NA,NA,1011.3,"METAR KX26 282135Z AUTO 11009KT 10SM CLR 29/24 A2986 RMK AO2",2025-09-28 21:51:58.164102,2025-09-28 17:51:58.164146
"KVLL","Oakland-Troy Arpt, MI, US",2025-09-28 21:35:00,"2025-09-28 21:35:00","VFR",26,12,90,8,NA,NA,1021.8,"METAR KVLL 282135Z AUTO 09008KT 10SM CLR 26/12 A3017 RMK AO2",2025-09-28 21:51:58.170651,2025-09-28 17:51:58.170697
"KVYS","Peru/Illinois Valley Rgnl, IL, US",2025-09-28 21:35:00,"2025-09-28 16:35:00","VFR",31.1,12.1,0,0,NA,NA,1020.1,"METAR KVYS 282135Z AUTO 00000KT 10SM CLR 31/12 A3012 RMK AO2 T03110121 TSNO",2025-09-28 21:51:58.177204,2025-09-28 17:51:58.17725
"KVES","Versailles/Darke Cnty, OH, US",2025-09-28 21:35:00,"2025-09-28 21:35:00","VFR",31,10,NA,4,NA,NA,1020.7,"METAR KVES 282135Z AUTO VRB04KT 10SM CLR 31/10 A3014 RMK AO2",2025-09-28 21:51:58.183813,2025-09-28 17:51:58.183856
"KXVG","Longville Muni, MN, US",2025-09-28 21:33:00,"2025-09-28 21:33:00","VFR",24,7,160,12,NA,NA,1017.7,"METAR KXVG 282133Z AUTO 16012KT 10SM CLR 24/07 A3005 RMK AO2",2025-09-28 21:51:58.190322,2025-09-28 17:51:58.190368
"KW78","South Boston/Tuck Arpr, VA, US",2025-09-28 21:15:00,"2025-09-28 21:15:00","VFR",24.8,17.8,30,3,NA,NA,1019.7,"METAR KW78 282115Z AUTO 03003KT 10SM SCT031 BKN050 25/18 A3011 RMK AO1 T02480178",2025-09-28 21:51:58.196842,2025-09-28 17:51:58.196885
"KVNW","Van Wert Cnty Arpt, OH, US",2025-09-28 21:15:00,"2025-09-28 21:15:00","VFR",30,10,330,5,NA,NA,1020.7,"METAR KVNW 282115Z AUTO 33005KT 10SM CLR 30/10 A3014 RMK AO2",2025-09-28 21:51:58.203387,2025-09-28 17:51:58.203431
"KX60","Williston Muni, FL, US",2025-09-28 21:15:00,"2025-09-28 21:15:00","VFR",32.2,21.9,50,8,NA,NA,1012.3,"METAR KX60 282115Z AUTO 05008KT 10SM SCT045 SCT060 32/22 A2989 RMK AO2 T03220219",2025-09-28 21:51:58.209863,2025-09-28 17:51:58.209907
"KVER","Boonville/Vertel Mem, MO, US",2025-09-28 21:15:00,"2025-09-28 21:15:00","VFR",30.3,14,110,7,NA,NA,1019.7,"METAR KVER 282115Z AUTO 11007KT 10SM CLR 30/14 A3011 RMK AO2 T03030140",2025-09-28 21:51:58.216589,2025-09-28 17:51:58.216632
"KW96","Quinton/New Kent Cnty, VA, US",2025-09-28 21:15:00,"2025-09-28 21:15:00","VFR",26.1,17.8,40,5,NA,NA,1019.4,"METAR KW96 282115Z AUTO 04005KT 10SM BKN037 BKN043 26/18 A3010 RMK AO1 T02610178",2025-09-28 21:51:58.22309,2025-09-28 17:51:58.223134
"KW31","Kenbridge/Lunenburg Cnty, VA, US",2025-09-28 21:15:00,"2025-09-28 21:15:00","VFR",24.8,20.1,0,0,NA,NA,1019.7,"METAR KW31 282115Z AUTO 00000KT 10SM BKN047 25/20 A3011 RMK AO1 T02480201",2025-09-28 21:51:58.229723,2025-09-28 17:51:58.229767
"KVJI","Abingdon/Virginia Highlands Arpt, VA, US",2025-09-28 21:15:00,"2025-09-28 17:15:00","VFR",25,15,10,5,NA,NA,1021.1,"METAR KVJI 282115Z AUTO 01005KT 10SM FEW043 SCT055 25/15 A3015 RMK AO2",2025-09-28 21:51:58.236383,2025-09-28 17:51:58.236429
"KVGC","Hamilton Muni, NY, US",2025-09-28 21:15:00,"2025-09-28 21:15:00","VFR",22,11,310,7,15,NA,1020.1,"METAR KVGC 282115Z AUTO 31007G15KT 10SM CLR 22/11 A3012 RMK AO2",2025-09-28 21:51:58.245633,2025-09-28 17:51:58.245679
"KY19","Mandan Muni, ND, US",2025-09-28 21:15:00,"2025-09-28 21:15:00",NA,27,18,190,10,NA,NA,1012.3,"METAR KY19 282115Z AUTO 19010KT 10SM 27/18 A2989 RMK AO2",2025-09-28 21:51:58.2524,2025-09-28 17:51:58.252445
"KXSA","Tappahannock/Essex Cnty, VA, US",2025-09-28 21:15:00,"2025-09-28 21:15:00","VFR",25.6,18.4,20,3,NA,NA,1019.4,"METAR KXSA 282115Z AUTO 02003KT 10SM CLR 26/18 A3010 RMK AO2 T02560184",2025-09-28 21:51:58.271412,2025-09-28 17:51:58.27146
"KW81","Crewe Muni, VA, US",2025-09-28 21:15:00,"2025-09-28 21:15:00","VFR",24.1,16.2,0,0,NA,NA,1019.4,"METAR KW81 282115Z AUTO 00000KT 10SM BKN050 24/16 A3010 RMK AO1 T02410162",2025-09-28 21:51:58.278568,2025-09-28 17:51:58.278615
"KW63","Clarksville/Lake Country Arpt, VA, US",2025-09-28 21:15:00,"2025-09-28 21:15:00","VFR",24,18,50,3,NA,NA,1019.4,"METAR KW63 282115Z AUTO 05003KT 10SM SCT028 OVC048 24/18 A3010 RMK AO1",2025-09-28 21:51:58.285022,2025-09-28 17:51:58.285066
"KVPZ","Valparaiso/Port Cnty, IN, US",2025-09-28 20:56:00,"2025-09-28 15:56:00","VFR",27.8,16.7,NA,4,NA,NA,1021.8,"METAR KVPZ 282056Z AUTO VRB04KT 10SM CLR 28/17 A3017 RMK AO2 SLP211 T02780167 56003",2025-09-28 21:51:58.291614,2025-09-28 17:51:58.291657
"KWJF","Lancaster/Fox Arfld, CA, US",2025-09-28 20:56:00,"2025-09-28 13:56:00","VFR",27.2,12.8,NA,6,NA,NA,1015.7,"METAR KWJF 282056Z AUTO VRB06KT 10SM CLR 27/13 A2999 RMK AO2 SLP139 T02720128 58017",2025-09-28 21:51:58.29818,2025-09-28 17:51:58.298225
"KVIS","Visalia Muni, CA, US",2025-09-28 20:56:00,"2025-09-28 13:56:00","VFR",26.7,15.6,220,5,NA,NA,1014.3,"METAR KVIS 282056Z AUTO 22005KT 10SM CLR 27/16 A2995 RMK AO2 SLP141 T02670156 58017 $",2025-09-28 21:51:58.304774,2025-09-28 17:51:58.30482
"KWVL","Waterville/Lafleur Arpt, ME, US",2025-09-28 20:56:00,"2025-09-28 16:56:00","VFR",25.6,12.8,320,11,15,NA,1012.6,"METAR KWVL 282056Z AUTO 32011G15KT 10SM BKN065 26/13 A2990 RMK AO2 SLP150 T02560128 53010",2025-09-28 21:51:58.311301,2025-09-28 17:51:58.311348
"KY50","Wautoma Muni, WI, US",2025-09-28 20:56:00,"2025-09-28 20:56:00","VFR",24.4,4.4,0,0,NA,NA,1022.1,"METAR KY50 282056Z AUTO 00000KT 10SM CLR 24/04 A3018 RMK AO2 SLP218 T02440044 56011 $",2025-09-28 21:51:58.317853,2025-09-28 17:51:58.317897
"KWWD","Wildwood/Cape May Cnty, NJ, US",2025-09-28 20:56:00,"2025-09-28 16:56:00","MVFR",24.4,19.4,270,3,NA,5,1018.7,"METAR KWWD 282056Z AUTO 27003KT 5SM HZ CLR 24/19 A3008 RMK AO2 SLP187 T02440194 56003",2025-09-28 21:51:58.324311,2025-09-28 17:51:58.324355
"KWMC","Winnemucca Muni, NV, US",2025-09-28 20:56:00,"2025-09-28 13:56:00","VFR",29.4,4.4,260,11,18,NA,1014.3,"METAR KWMC 282056Z AUTO 26011G18KT 10SM SCT090 29/04 A2995 RMK AO2 SLP100 T02940044 58017 $",2025-09-28 21:51:58.330764,2025-09-28 17:51:58.330808
"KYKN","Yankton/Gurney Muni, SD, US",2025-09-28 20:56:00,"2025-09-28 15:56:00","VFR",29.4,5.6,140,11,NA,NA,1017.7,"METAR KYKN 282056Z AUTO 14011KT 10SM CLR 29/06 A3005 RMK AO2 SLP182 T02940056 56019",2025-09-28 21:51:58.337251,2025-09-28 17:51:58.337315
"KWHP","Los Angeles/Whiteman Arpt, CA, US",2025-09-28 20:55:00,"2025-09-28 13:55:00","VFR",23,14,150,4,NA,NA,1016.7,"METAR KWHP 282055Z 15004KT 10SM BKN031 23/14 A3002",2025-09-28 21:51:58.346342,2025-09-28 17:51:58.346393
"KXMR","Cape Kennedy AF Skid, FL, US",2025-09-28 20:55:00,"2025-09-28 20:55:00","VFR",29,23.4,120,7,NA,NA,1010.6,"METAR KXMR 282055Z AUTO 12007KT 10SM FEW022 29/23 A2984 RMK AO2 SLP108 T02900234 56007 $",2025-09-28 21:51:58.352841,2025-09-28 17:51:58.35292
"KVKS","Vicksburg Arpt, MS, US",2025-09-28 20:55:00,"2025-09-28 15:55:00","VFR",31,16,20,9,NA,NA,1015.7,"METAR KVKS 282055Z AUTO 02009KT 360V060 10SM CLR 31/16 A2999 RMK A01",2025-09-28 21:51:58.359433,2025-09-28 17:51:58.359477
"KWRB","Warner Robins AFB, GA, US",2025-09-28 20:55:00,"2025-09-28 16:55:00","VFR",30.8,17.5,60,5,NA,NA,1015.3,"METAR KWRB 282055Z AUTO 06005KT 10SM CLR 31/18 A2998 RMK AO2 SLP152 T03080175 57010 $",2025-09-28 21:51:58.365968,2025-09-28 17:51:58.366012
"KVPS","Valparaiso/Eglin AFB, FL, US",2025-09-28 20:55:00,"2025-09-28 15:55:00","VFR",33.8,15.7,60,5,NA,NA,1013,"METAR KVPS 282055Z AUTO 06005KT 10SM FEW065 34/16 A2991 RMK AO2 SLP134 T03380157 57013 $",2025-09-28 21:51:58.372551,2025-09-28 17:51:58.372596
"KVOK","Camp Douglas/Volk Fld, WI, US",2025-09-28 20:55:00,"2025-09-28 15:55:00","VFR",25,8.5,90,4,NA,NA,1020.7,"METAR KVOK 282055Z AUTO 09004KT 10SM CLR 25/09 A3014 RMK AO2 SLP210 T02500085 57011 $",2025-09-28 21:51:58.37922,2025-09-28 17:51:58.379279
"KWRI","McGuire AFB, NJ, US",2025-09-28 20:55:00,"2025-09-28 16:55:00","VFR",28.3,16.9,310,5,NA,NA,1017.7,"METAR KWRI 282055Z AUTO 31005KT 10SM CLR 28/17 A3005 RMK AO2 SLP175 T02830169 55004",2025-09-28 21:51:58.385821,2025-09-28 17:51:58.385865
"KXNA","Fayetteville/NW Arkansas Rgnl, AR, US",2025-09-28 20:55:00,"2025-09-28 15:55:00","VFR",28,12,80,7,NA,NA,1020.4,"METAR KXNA 282055Z 08007KT 10SM CLR 28/12 A3013",2025-09-28 21:51:58.404485,2025-09-28 17:51:58.404532
"KVTA","Newark/Heath Arpt, OH, US",2025-09-28 20:54:00,"2025-09-28 20:54:00","VFR",30,11.1,40,4,NA,NA,1020.4,"METAR KVTA 282054Z AUTO 04004KT 10SM CLR 30/11 A3013 RMK AO2 SLP196 T03000111 56008",2025-09-28 21:51:58.411766,2025-09-28 17:51:58.411812
"KWAL","Wallops Island Facility Arpt, VA, US",2025-09-28 20:54:00,"2025-09-28 16:54:00","VFR",23.9,19.4,70,7,NA,NA,1019,"METAR KWAL 282054Z AUTO 07007KT 10SM CLR 24/19 A3009 RMK AO2 SLP187 T02390194 53002",2025-09-28 21:51:58.418682,2025-09-28 17:51:58.418725
"KWLD","Winfield/Strother Fld, KS, US",2025-09-28 20:54:00,"2025-09-28 15:54:00","VFR",30.6,15.6,170,6,NA,NA,1019.4,"METAR KWLD 282054Z AUTO 17006KT 10SM CLR 31/16 A3010 RMK AO2 SLP180 T03060156 56015",2025-09-28 21:51:58.425129,2025-09-28 17:51:58.425175
"KVSF","Springfield/Hartness State Arpt, VT, US",2025-09-28 20:54:00,"2025-09-28 16:54:00","VFR",28.3,14.4,290,9,16,NA,1015.7,"METAR KVSF 282054Z AUTO 29009G16KT 10SM FEW060 BKN075 28/14 A2999 RMK AO2 SLP154 T02830144 53001",2025-09-28 21:51:58.431642,2025-09-28 17:51:58.431686
"KWRL","Worland Muni, WY, US",2025-09-28 20:53:00,"2025-09-28 14:53:00","VFR",27.2,4.4,310,6,NA,NA,1015,"METAR KWRL 282053Z AUTO 31006KT 10SM CLR 27/04 A2997 RMK AO2 SLP115 T02720044 56018",2025-09-28 21:51:58.438222,2025-09-28 17:51:58.438284
"KVIH","Vichy/Rolla Arpt, MO, US",2025-09-28 20:53:00,"2025-09-28 15:53:00","VFR",28.9,10.6,0,0,NA,NA,1020.7,"METAR KVIH 282053Z AUTO 00000KT 10SM CLR 29/11 A3014 RMK AO2 SLP196 T02890106 56011",2025-09-28 21:51:58.447304,2025-09-28 17:51:58.447355
"KVUO","Vancouver/Pearson Fld, WA, US",2025-09-28 20:53:00,"2025-09-28 20:53:00","VFR",22.2,10.6,NA,5,NA,NA,1010.2,"METAR KVUO 282053Z AUTO VRB05KT 10SM CLR 22/11 A2983 RMK AO2 SLP102 T02220106 58004 $",2025-09-28 21:51:58.453955,2025-09-28 17:51:58.454
"KWST","Westerly State Arpt, RI, US",2025-09-28 20:53:00,"2025-09-28 16:53:00","VFR",23.9,16.7,230,6,NA,NA,1017,"METAR KWST 282053Z AUTO 23006KT 10SM CLR 24/17 A3003 RMK AO2 SLP167 T02390167 55005",2025-09-28 21:51:58.460555,2025-09-28 17:51:58.460599
"KWVI","Watsonville Muni, CA, US",2025-09-28 20:53:00,"2025-09-28 13:53:00","MVFR",20.6,14.4,290,5,NA,8,1016.3,"METAR KWVI 282053Z AUTO 29005KT 8SM FEW019 OVC027 21/14 A3001 RMK AO2 SLP160 T02060144 56003",2025-09-28 21:51:58.466974,2025-09-28 17:51:58.467016
"KZZV","Zanesville Muni, OH, US",2025-09-28 20:53:00,"2025-09-28 16:53:00","VFR",29.4,11.1,NA,5,NA,NA,1020.4,"METAR KZZV 282053Z AUTO VRB05KT 10SM CLR 29/11 A3013 RMK AO2 SLP199 T02940111 56007",2025-09-28 21:51:58.473502,2025-09-28 17:51:58.473552
"KVRB","Vero Beach Muni, FL, US",2025-09-28 20:53:00,"2025-09-28 16:53:00","VFR",28.9,22.8,120,10,NA,NA,1011.6,"METAR KVRB 282053Z 12010KT 10SM FEW015 29/23 A2987 RMK AO2 SLP113 T02890228 58004",2025-09-28 21:51:58.480104,2025-09-28 17:51:58.480148
"KYKM","Yakima/McAllister Fld, WA, US",2025-09-28 20:53:00,"2025-09-28 13:53:00","VFR",25.6,3.9,150,8,NA,NA,1007.9,"METAR KYKM 282053Z 15008KT 10SM CLR 26/04 A2976 RMK AO2 SLP075 T02560039 58015 $",2025-09-28 21:51:58.486743,2025-09-28 17:51:58.486792
"KVLD","Valdosta Rgnl, GA, US",2025-09-28 20:53:00,"2025-09-28 16:53:00","VFR",31.7,19.4,50,11,17,NA,1014,"METAR KVLD 282053Z 05011G17KT 10SM SCT047 BKN060 OVC095 32/19 A2994 RMK AO2 SLP143 T03170194 56009",2025-09-28 21:51:58.493223,2025-09-28 17:51:58.493284
"KYIP","Detroit/Willow Run Arpt, MI, US",2025-09-28 20:53:00,"2025-09-28 16:53:00","VFR",27.2,14.4,NA,5,NA,NA,1021.8,"METAR KYIP 282053Z VRB05KT 10SM CLR 27/14 A3017 RMK AO2 SLP209 T02720144 56003 $",2025-09-28 21:51:58.49981,2025-09-28 17:51:58.499855
"KVGT","Las Vegas/North Arpt, NV, US",2025-09-28 20:53:00,"2025-09-28 13:53:00","VFR",26.1,11.7,80,6,NA,NA,1015.7,"METAR KVGT 282053Z 08006KT 10SM OVC110 26/12 A2999 RMK AO2 SLP154 T02610117 58017",2025-09-28 21:51:58.506289,2025-09-28 17:51:58.506338
"KVTN","Valentine/Miller Fld, NE, US",2025-09-28 20:52:00,"2025-09-28 15:52:00","VFR",31.1,11.1,180,18,26,NA,1016,"METAR KVTN 282052Z AUTO 18018G26KT 10SM CLR 31/11 A3000 RMK AO2 PK WND 18026/2049 SLP143 T03110111 56018",2025-09-28 21:51:58.512869,2025-09-28 17:51:58.512913
"KXWA","Williston/Basin Intl, ND, US",2025-09-28 20:51:00,"2025-09-28 15:51:00","VFR",30,3.3,NA,6,NA,NA,1012.6,"METAR KXWA 282051Z AUTO VRB06KT 10SM CLR 30/03 A2990 RMK AO2 SLP120 T03000033 57002",2025-09-28 21:51:58.519532,2025-09-28 17:51:58.519578
"KVNY","Van Nuys Arpt, CA, US",2025-09-28 20:51:00,"2025-09-28 13:51:00","VFR",23.9,13.9,0,0,NA,NA,1015.7,"METAR KVNY 282051Z 00000KT 10SM BKN035 24/14 A2999 RMK AO2 SLP147 T02390139 58017",2025-09-28 21:51:58.526186,2025-09-28 17:51:58.526235
"KYNG","Youngstown-Warren Rgnl, OH, US",2025-09-28 20:51:00,"2025-09-28 16:51:00","VFR",27.2,15,300,9,NA,NA,1021.4,"METAR KYNG 282051Z 30009KT 10SM FEW060 SCT075 27/15 A3016 RMK AO2 SLP205 T02720150 53000 $",2025-09-28 21:51:58.547361,2025-09-28 17:51:58.54741
"PAFA","Fairbanks Intl, AK, US",2025-09-28 21:38:00,"2025-09-28 13:38:00","IFR",1.1,-0.6,0,0,NA,2,1005.8,"SPECI PAFA 282138Z 00000KT 2SM -SN BR BKN007 BKN034 OVC044 01/M01 A2970 RMK AO2 SNB10 P0000 T00111006",2025-09-28 21:51:59.752945,2025-09-28 17:51:59.75299
"PAEI","Fairbanks/Eielson AFB, AK, US",2025-09-28 21:35:00,"2025-09-28 13:35:00","IFR",1,0,0,0,NA,2.5,1005.5,"SPECI PAEI 282135Z 00000KT 2 1/2SM -SN BR OVC007 01/M00 A2969 RMK AO2A VIS 2 1/2V3 SLP063 $",2025-09-28 21:51:59.759767,2025-09-28 17:51:59.75981
"PAAD","Point Thomson Arpt, AK, US",2025-09-28 21:35:00,"2025-09-28 21:35:00","IFR",-1.6,-3.4,90,5,NA,NA,1010.9,"METAR PAAD 282135Z AUTO 09005KT 10SM -DZ BKN009 OVC020 M02/M03 A2985 RMK AO2 T10161034 FZRANO",2025-09-28 21:51:59.766486,2025-09-28 17:51:59.76653
"PAFB","Fairbanks/Ladd AAF, AK, US",2025-09-28 21:33:00,"2025-09-28 13:33:00","IFR",1,0,130,3,NA,9,1005.5,"SPECI PAFB 282133Z AUTO 13003KT 9SM OVC006 01/00 A2969 RMK AO2 SNB2055E03SNB18E28 SLP064 $",2025-09-28 21:51:59.773128,2025-09-28 17:51:59.77317
"PABR","Utqiaġvik/Wiley Post-Will Rogers Mem, AK, US",2025-09-28 21:28:00,"2025-09-28 13:28:00","LIFR",-1.1,-2.8,60,20,NA,0.75,1011.3,"SPECI PABR 282128Z AUTO 06020KT 3/4SM -SN BR FEW007 OVC014 M01/M03 A2986 RMK AO2 P0001 T10111028 RVRNO $",2025-09-28 21:51:59.779702,2025-09-28 17:51:59.779745
"PAGL","Golovin Arpt, AK, US",2025-09-28 21:19:00,"2025-09-28 13:19:00","VFR",3,1,290,4,NA,NA,1007.5,"SPECI PAGL 282119Z AUTO 29004KT 10SM -RA SCT024 OVC032 03/01 A2975 RMK AO2 P0000 $",2025-09-28 21:51:59.786222,2025-09-28 17:51:59.786283
"PADQ","Kodiak Arpt, AK, US",2025-09-28 21:18:00,"2025-09-28 13:18:00","VFR",10,5,290,13,17,NA,1000.1,"SPECI PADQ 282118Z 29013G17KT 10SM SCT027 BKN034 OVC045 10/05 A2953 RMK AO2 T01000050 $",2025-09-28 21:51:59.792715,2025-09-28 17:51:59.792758
"PAEG","Eagle Arpt, AK, US",2025-09-28 21:15:00,"2025-09-28 13:15:00","MVFR",7.8,1.7,120,9,17,4,1003.8,"SPECI PAEG 282115Z AUTO 12009G17KT 4SM HZ BKN044 08/02 A2964 RMK AO2 T00780017 TSNO $",2025-09-28 21:51:59.799147,2025-09-28 17:51:59.799188
"PADK","Adak (NAS), AK, US",2025-09-28 21:15:00,"2025-09-28 12:15:00","MVFR",11,7,250,19,29,7,1003.1,"SPECI PADK 282115Z AUTO 25019G29KT 7SM FEW015 BKN028 OVC036 11/07 A2962 RMK AO2 PK WND 24029/2109",2025-09-28 21:51:59.80567,2025-09-28 17:51:59.805716
"PAAK","Atka Arpt, AK, US",2025-09-28 21:06:00,"2025-09-28 12:06:00","MVFR",11,8,260,20,31,NA,1002.1,"SPECI PAAK 282106Z AUTO 26020G31KT 10SM SCT018 BKN025 OVC031 11/08 A2959 RMK AO2 PK WND 27031/2102 TSNO PNO $",2025-09-28 21:51:59.812211,2025-09-28 17:51:59.812254
"PAHX","Shageluk Arpt, AK, US",2025-09-28 21:02:00,"2025-09-28 13:02:00","VFR",2.2,-3.3,NA,3,NA,NA,1006.9,"METAR PAHX 282102Z AUTO VRB03KT 10SM CLR 02/M03 A2973 RMK AO2 SLP069 T00221033 56005 FZRANO",2025-09-28 21:51:59.818805,2025-09-28 17:51:59.81885
"PAFS","Nikolai Arpt, AK, US",2025-09-28 21:01:00,"2025-09-28 13:01:00","VFR",3.3,1.7,NA,6,NA,NA,1005.2,"METAR PAFS 282101Z AUTO VRB06KT 10SM CLR 03/02 A2968 RMK AO2 SLP061 T00330017 58004",2025-09-28 21:51:59.825411,2025-09-28 17:51:59.825458
"PAHL","Huslia Arpt, AK, US",2025-09-28 20:56:00,"2025-09-28 12:56:00","VFR",0.6,-5,40,4,NA,NA,1007.5,"METAR PAHL 282056Z AUTO 04004KT 10SM CLR 01/M05 A2975 RMK AO2 SLP077 T00061050 57008 FZRANO TSNO",2025-09-28 21:51:59.83199,2025-09-28 17:51:59.832037
"PAGA","Galena Arpt, AK, US",2025-09-28 20:56:00,"2025-09-28 12:56:00","VFR",1.7,-6.1,NA,4,NA,NA,1007.9,"METAR PAGA 282056Z AUTO VRB04KT 10SM CLR 02/M06 A2976 RMK AO2 SLP080 T00171061 58007 FZRANO TSNO $",2025-09-28 21:51:59.838863,2025-09-28 17:51:59.838908
"PADL","Dillingham Arpt, AK, US",2025-09-28 20:56:00,"2025-09-28 12:56:00","VFR",5,-3.9,40,18,23,NA,1001.1,"METAR PADL 282056Z 04018G23KT 10SM CLR 05/M04 A2956 RMK AO2 PRESFR SLP013 T00501039 58027",2025-09-28 21:51:59.84796,2025-09-28 17:51:59.84801
"PABL","Buckland Arpt, AK, US",2025-09-28 20:56:00,"2025-09-28 12:56:00","VFR",1.1,-4.4,0,0,NA,NA,1008.5,"METAR PABL 282056Z AUTO 00000KT 10SM BKN065 01/M04 A2978 RMK AO2 SLP085 T00111044 56006 FZRANO",2025-09-28 21:51:59.867705,2025-09-28 17:51:59.867752
"PAFE","Kake Arpt, AK, US",2025-09-28 20:56:00,"2025-09-28 20:56:00","VFR",14.4,3.9,140,7,NA,NA,1006.2,"METAR PAFE 282056Z AUTO 14007KT 10SM FEW049 14/04 A2971 RMK AO2 SLP067 T01440039 56014 $",2025-09-28 21:51:59.875047,2025-09-28 17:51:59.875093
"PAEM","Emmonak Arpt, AK, US",2025-09-28 20:56:00,"2025-09-28 12:56:00","VFR",3.9,-0.6,100,8,NA,NA,1005.8,"METAR PAEM 282056Z AUTO 10008KT 10SM CLR 04/M01 A2970 RMK AO2 SLP056 T00391006 56015",2025-09-28 21:51:59.881815,2025-09-28 17:51:59.881859
"PAGH","Shungnak Arpt, AK, US",2025-09-28 20:56:00,"2025-09-28 12:56:00","VFR",-3.9,-5.6,100,3,NA,NA,1008.9,"METAR PAGH 282056Z AUTO 10003KT 10SM OVC043 M04/M06 A2979 RMK AO2 SLP092 T10391056 58000 FZRANO",2025-09-28 21:51:59.888379,2025-09-28 17:51:59.888422
"PABA","Barter Island Arpt, AK, US",2025-09-28 20:56:00,"2025-09-28 12:56:00","IFR",-1.1,-2.2,30,13,NA,4,1009.9,"METAR PABA 282056Z AUTO 03013KT 4SM -SN BR BKN007 BKN011 OVC018 M01/M02 A2982 RMK AO2 SLP116 P0000 60000 T10111022 58000 FZRANO TSNO",2025-09-28 21:51:59.894782,2025-09-28 17:51:59.89483
"PAGS","Gustavus Arpt, AK, US",2025-09-28 20:56:00,"2025-09-28 12:56:00","VFR",10,8.3,320,9,NA,NA,1005.5,"METAR PAGS 282056Z AUTO 32009KT 10SM BKN055 OVC070 10/08 A2969 RMK AO2 SLP055 T01000083 58006",2025-09-28 21:51:59.901609,2025-09-28 17:51:59.901655
"PABV","Birchwood Arpt, AK, US",2025-09-28 20:56:00,"2025-09-28 20:56:00","VFR",7.2,2.8,360,3,NA,NA,1003.1,"METAR PABV 282056Z AUTO 36003KT 10SM OVC090 07/03 A2962 RMK AO2 SLP031 T00720028 50001 $",2025-09-28 21:51:59.908165,2025-09-28 17:51:59.908211
"PACX","Coldfoot Arpt, AK, US",2025-09-28 20:56:00,"2025-09-28 12:56:00","VFR",-2.2,-8.9,0,0,NA,NA,1006.5,"METAR PACX 282056Z AUTO 00000KT 10SM OVC045 M02/M09 A2972 RMK AO2 SLP693 T10221089 58001 FZRANO",2025-09-28 21:51:59.914848,2025-09-28 17:51:59.914894
"PADU","Dutch Harbor/Unalaska Arpt, AK, US",2025-09-28 20:56:00,"2025-09-28 12:56:00","MVFR",12.2,9.4,220,3,NA,NA,994.3,"METAR PADU 282056Z 22003KT 10SM FEW013 BKN018 OVC025 12/09 A2936 RMK AO2 SLP942 T01220094 53001",2025-09-28 21:51:59.921535,2025-09-28 17:51:59.921587
"PAGM","Gambell Arpt, AK, US",2025-09-28 20:56:00,"2025-09-28 12:56:00","MVFR",4.4,-1.7,80,6,NA,NA,1006.2,"METAR PAGM 282056Z AUTO 08006KT 10SM OVC030 04/M02 A2971 RMK AO2 SLP067 6//// T00441017 52003 PNO $",2025-09-28 21:51:59.928012,2025-09-28 17:51:59.928058
"PAGN","Angoon, AK, US",2025-09-28 20:56:00,"2025-09-28 12:56:00","VFR",13.3,4.4,140,9,NA,NA,1005.5,"METAR PAGN 282056Z AUTO 14009KT 10SM CLR 13/04 A2969 RMK AO2 SLP045 60000 T01330044 58014 $",2025-09-28 21:51:59.934592,2025-09-28 17:51:59.934635
"PAHC","Holy Cross Arpt, AK, US",2025-09-28 20:56:00,"2025-09-28 12:56:00","VFR",0.6,-3.9,20,5,NA,NA,1006.2,"METAR PAHC 282056Z AUTO 02005KT 10SM CLR 01/M04 A2971 RMK AO2 SLP062 T00061039 58007 FZRANO",2025-09-28 21:51:59.942571,2025-09-28 17:51:59.942654
"PAEH","Cape Newenham Arpt, AK, US",2025-09-28 20:55:00,"2025-09-28 12:55:00","VFR",5.5,-1.1,10,8,NA,NA,1000.4,"METAR PAEH 282055Z AUTO 01008KT 270V100 10SM SCT150 06/M01 A2954 RMK AO2 PK WND 04026/2002 SLP008 T00551011 56018 $",2025-09-28 21:51:59.95005,2025-09-28 17:51:59.950095
"PAFR","Ft Richardson/Bryant AAF, AK, US",2025-09-28 20:55:00,"2025-09-28 12:55:00",NA,8,4,10,6,NA,NA,1002.5,"METAR PAFR 282055Z AUTO 01006KT 10SM M 08/04 A2960",2025-09-28 21:51:59.956617,2025-09-28 17:51:59.956663
"PADG","Red Dog Arpt, AK, US",2025-09-28 20:55:00,"2025-09-28 12:55:00","VFR",-1,-8,70,11,NA,NA,1007.9,"METAR PADG 282055Z 07011KT 10SM SKC M01/M08 A2976",2025-09-28 21:51:59.963206,2025-09-28 17:51:59.963249
"PAED","Anchorage/Elmendorf AFB, AK, US",2025-09-28 20:55:00,"2025-09-28 12:55:00","VFR",9.2,4.4,50,6,NA,NA,1001.8,"METAR PAED 282055Z 05006KT 10SM BKN100 09/04 A2958 RMK AO2A SLP014 T00920044 58001 $",2025-09-28 21:51:59.969771,2025-09-28 17:51:59.969817
"PAHN","Haines Arpt, AK, US",2025-09-28 20:54:00,"2025-09-28 12:54:00","VFR",10.6,7.2,170,3,NA,NA,1006.9,"METAR PAHN 282054Z AUTO 17003KT 10SM BKN080 11/07 A2973 RMK AO2 SLP071 60001 T01060072 56007 TSNO",2025-09-28 21:51:59.976425,2025-09-28 17:51:59.976472
"PAGK","Gulkana Arpt, AK, US",2025-09-28 20:53:00,"2025-09-28 12:53:00","LIFR",1.1,0.6,50,3,NA,NA,1003.8,"METAR PAGK 282053Z AUTO 05003KT 10SM OVC003 01/01 A2964 RMK AO2 SLP061 I3001 T00110006 50002 TSNO",2025-09-28 21:51:59.983145,2025-09-28 17:51:59.983189
"PAGY","Skagway Arpt, AK, US",2025-09-28 20:53:00,"2025-09-28 12:53:00","VFR",10.6,7.8,0,0,NA,NA,1006.5,"METAR PAGY 282053Z AUTO 00000KT 10SM CLR 11/08 A2972 RMK AO2 SLP063 T01060078 58018 TSNO",2025-09-28 21:51:59.989755,2025-09-28 17:51:59.989802
"PAHO","Homer Arpt, AK, US",2025-09-28 20:53:00,"2025-09-28 12:53:00","VFR",8.9,3.9,80,8,NA,NA,1001.4,"METAR PAHO 282053Z 08008KT 10SM SCT085 09/04 A2957 RMK AO2 SLP013 T00890039 58003 $",2025-09-28 21:52:00.009038,2025-09-28 17:52:00.009086
"PACV","Cordova/Smith Arpt, AK, US",2025-09-28 20:53:00,"2025-09-28 12:53:00","VFR",8.9,5.6,190,4,NA,NA,1001.8,"METAR PACV 282053Z 19004KT 10SM OVC050 09/06 A2958 RMK AO2 SLP018 60000 T00890056 51004",2025-09-28 21:52:00.016422,2025-09-28 17:52:00.016469
"PABT","Bettles Arpt, AK, US",2025-09-28 20:53:00,"2025-09-28 12:53:00","VFR",0,-8.9,20,6,NA,NA,1006.9,"METAR PABT 282053Z 02006KT 10SM FEW060 FEW150 00/M09 A2973 RMK AO2 SLP083 T00001089 58004 $",2025-09-28 21:52:00.023082,2025-09-28 17:52:00.023125
"PAAQ","Palmer Muni, AK, US",2025-09-28 20:53:00,"2025-09-28 12:53:00","VFR",6.7,3.3,0,0,NA,NA,1001.8,"METAR PAAQ 282053Z 00000KT 10SM OVC095 07/03 A2958 RMK AO2 SLP021 T00670033 50003 $",2025-09-28 21:52:00.029656,2025-09-28 17:52:00.029702
"PACD","Cold Bay Arpt, AK, US",2025-09-28 20:53:00,"2025-09-28 12:53:00","VFR",7.8,5,130,15,24,NA,996.4,"METAR PACD 282053Z 13015G24KT 10SM -RA OVC080 08/05 A2942 RMK AO2 PK WND 14028/2035 SLP964 P0002 60006 T00780050 56025",2025-09-28 21:52:00.036294,2025-09-28 17:52:00.036342
"PABE","Bethel Arpt, AK, US",2025-09-28 20:53:00,"2025-09-28 12:53:00","VFR",2.2,-2.2,60,12,NA,NA,1003.1,"METAR PABE 282053Z 06012KT 10SM CLR 02/M02 A2962 RMK AO2 SLP031 T00221022 56022",2025-09-28 21:52:00.045502,2025-09-28 17:52:00.045549
"PAEN","Kenai Muni, AK, US",2025-09-28 20:53:00,"2025-09-28 12:53:00","VFR",10,3.3,20,11,NA,NA,1001.8,"METAR PAEN 282053Z 02011KT 10SM CLR 10/03 A2958 RMK AO2 SLP020 T01000033 58004",2025-09-28 21:52:00.05209,2025-09-28 17:52:00.052134
"PABI","Ft Greely/Allen Fld, AK, US",2025-09-28 20:53:00,"2025-09-28 12:53:00","MVFR",1.7,-1.7,360,4,NA,NA,1005.2,"METAR PABI 282053Z 36004KT 10SM FEW015 OVC024 02/M02 A2968 RMK AO2 SLP073 T00171017 56006 $",2025-09-28 21:52:00.058677,2025-09-28 17:52:00.05872
"PAEL","Elfin Cove, AK, US",2025-09-28 20:52:00,"2025-09-28 12:52:00","VFR",11,7,NA,5,NA,15,1004.1,"METAR PAEL 282052Z VRB05KT 15SM SCT021 BKN035 OVC090 11/07 A2965 RMK SEA 0 SWELL 3 SW NOSPECI",2025-09-28 21:52:00.065359,2025-09-28 17:52:00.065403
"PAKF","False Pass Arpt, AK, US",2025-09-28 21:47:00,"2025-09-28 13:47:00","IFR",7,6,200,14,22,3,996,"SPECI PAKF 282147Z AUTO 20014G22KT 3SM -RA BR BKN009 BKN013 OVC025 07/06 A2941 RMK AO2 CIG 007V011 P0000",2025-09-28 21:52:02.282146,2025-09-28 17:52:02.28219
"PALP","Deadhorse/Alpine Arstrp, AK, US",2025-09-28 21:47:00,"2025-09-28 21:47:00","MVFR",-1,-3,80,7,NA,NA,1011.9,"METAR PALP 282147Z 08007KT 10SM -SHSN SCT011 BKN026 OVC070 M01/M03 A2988",2025-09-28 21:52:02.288916,2025-09-28 17:52:02.288961
"PAKU","Kuparuk Arpt, AK, US",2025-09-28 21:45:00,"2025-09-28 13:45:00","MVFR",-2,-4,80,8,NA,5,1011.9,"METAR PAKU 282145Z 08008KT 5SM R06/P6000FT -SHSN BR BKN013 BKN070 M02/M04 A2988",2025-09-28 21:52:02.295578,2025-09-28 17:52:02.295621
"PAPB","St George Arpt, AK, US",2025-09-28 21:45:00,"2025-09-28 13:45:00","LIFR",8.3,8.3,230,13,NA,0.5,986.5,"SPECI PAPB 282145Z AUTO 23013KT 1/2SM RA FG VV005 08/08 A2913 RMK AO2 PK WND 13026/2055 RAB2058 T00830083 TSNO PNO $",2025-09-28 21:52:02.302078,2025-09-28 17:52:02.302123
"PFYU","Fort Yukon Arpt, AK, US",2025-09-28 21:41:00,"2025-09-28 13:41:00","MVFR",0,-1,0,0,NA,5,1006.2,"SPECI PFYU 282141Z 00000KT 5SM -SN BR SCT007 BKN011 BKN021 00/M01 A2971 RMK AO2 SNE05B24 P0001 $",2025-09-28 21:52:02.30864,2025-09-28 17:52:02.308685
"PFTO","Tok Junction Arpt, AK, US",2025-09-28 21:39:00,"2025-09-28 13:39:00","MVFR",4,1,70,3,NA,NA,1004.1,"SPECI PFTO 282139Z AUTO 07003KT 10SM SCT013 OVC023 04/01 A2965 RMK AO2 $",2025-09-28 21:52:02.329344,2025-09-28 17:52:02.329393
"PAPE","Perryville Arpt, AK, US",2025-09-28 21:39:00,"2025-09-28 13:39:00","MVFR",8,2,0,0,NA,9,1000.4,"SPECI PAPE 282139Z AUTO 00000KT 9SM OVC030 08/02 A2954 RMK AO2",2025-09-28 21:52:02.33662,2025-09-28 17:52:02.336666
"PANN","Nenana Muni, AK, US",2025-09-28 21:37:00,"2025-09-28 13:37:00","VFR",1.7,-1.1,310,4,NA,NA,1005.5,"SPECI PANN 282137Z AUTO 31004KT 10SM SCT016 OVC070 02/M01 A2969 RMK AO2 T00171011 TSNO",2025-09-28 21:52:02.345894,2025-09-28 17:52:02.345937
"PAOM","Nome Arpt, AK, US",2025-09-28 21:34:00,"2025-09-28 13:34:00","MVFR",5,0.6,0,0,NA,NA,1006.2,"SPECI PAOM 282134Z 00000KT 10SM BKN022 OVC075 05/01 A2971 RMK AO2 T00500006",2025-09-28 21:52:02.352503,2025-09-28 17:52:02.352555
"PFCB","Chenega Bay Arpt, AK, US",2025-09-28 21:30:00,"2025-09-28 13:30:00","MVFR",10.7,9.8,50,4,NA,5,1002.1,"METAR PFCB 282130Z AUTO 05004KT 5SM RA SCT010 BKN014 OVC035 11/10 A2959 RMK AO2 P0002 T01070098",2025-09-28 21:52:02.358971,2025-09-28 17:52:02.359015
"PAQT","Nuiqsut Arpt, AK, US",2025-09-28 21:25:00,"2025-09-28 13:25:00","MVFR",0.6,-2.8,80,8,NA,NA,1012.3,"SPECI PAQT 282125Z AUTO 08008KT 10SM BKN012 OVC075 01/M03 A2989 RMK AO2 T00061028 TSNO $",2025-09-28 21:52:02.365585,2025-09-28 17:52:02.365629
"PAWM","White Mouintain Arpt, AK, US",2025-09-28 21:24:00,"2025-09-28 13:24:00","MVFR",2,0,20,3,NA,4,1006.9,"SPECI PAWM 282124Z AUTO 02003KT 4SM UP BR BKN026 OVC033 02/00 A2973 RMK AO2 SNB2057E10 P0000 FZRANO",2025-09-28 21:52:02.372142,2025-09-28 17:52:02.372186
"PAIW","Wales Arpt, AK, US",2025-09-28 21:23:00,"2025-09-28 13:23:00","VFR",4,4,200,7,NA,NA,1006.5,"SPECI PAIW 282123Z AUTO 20007KT 10SM -RA SCT012 OVC044 04/04 A2972 RMK AO2 P0000",2025-09-28 21:52:02.379023,2025-09-28 17:52:02.379074
"PAOR","Northway Arpt, AK, US",2025-09-28 21:20:00,"2025-09-28 13:20:00","MVFR",5.6,1.7,0,0,NA,NA,1004.1,"SPECI PAOR 282120Z 00000KT 10SM FEW011 OVC030 06/02 A2965 RMK AO2 T00560017 $",2025-09-28 21:52:02.385659,2025-09-28 17:52:02.385703
"PASC","Deadhorse Arpt, AK, US",2025-09-28 21:16:00,"2025-09-28 13:16:00","MVFR",-1.7,-3.9,40,9,NA,NA,1011.3,"SPECI PASC 282116Z 04009KT 10SM BKN017 OVC070 M02/M04 A2986 RMK AO2 T10171039 $",2025-09-28 21:52:02.392181,2025-09-28 17:52:02.392225
"PAKK","Koyuk Arpt, AK, US",2025-09-28 21:13:00,"2025-09-28 13:13:00","VFR",3,-3,130,4,NA,NA,1006.2,"SPECI PAKK 282113Z AUTO 13004KT 10SM SCT024 03/M03 A2971 RMK AO2",2025-09-28 21:52:02.39874,2025-09-28 17:52:02.398784
"PASD","Sand Point Arpt, AK, US",2025-09-28 21:01:00,"2025-09-28 13:01:00","VFR",9,2,NA,3,NA,NA,999.7,"SPECI PASD 282101Z VRB03KT 10SM FEW035 SCT060 SCT110 09/02 A2952 RMK AO2 $",2025-09-28 21:52:02.405298,2025-09-28 17:52:02.405344
"PANU","Nulato Arpt, AK, US",2025-09-28 20:56:00,"2025-09-28 12:56:00","VFR",0.6,-6.7,100,6,NA,NA,1007.9,"METAR PANU 282056Z AUTO 10006KT 10SM CLR 01/M07 A2976 RMK AO2 SLP989 T00061067 56008 FZRANO",2025-09-28 21:52:02.411872,2025-09-28 17:52:02.411916
"PAKI","Kipnuk Arpt, AK, US",2025-09-28 20:56:00,"2025-09-28 12:56:00","VFR",2.2,0,80,14,NA,NA,1001.4,"METAR PAKI 282056Z AUTO 08014KT 10SM CLR 02/00 A2957 RMK AO2 SLP013 T00220000 56020 FZRANO",2025-09-28 21:52:02.4184,2025-09-28 17:52:02.418446
"PARY","Ruby Arpt, AK, US",2025-09-28 20:56:00,"2025-09-28 12:56:00","VFR",-0.6,-6.1,0,0,NA,NA,1006.2,"METAR PARY 282056Z AUTO 00000KT 10SM CLR M01/M06 A2971 RMK AO2 SLP074 T10061061 58007 FZRANO TSNO",2025-09-28 21:52:02.424868,2025-09-28 17:52:02.424911
"PANV","Anvik Arpt, AK, US",2025-09-28 20:56:00,"2025-09-28 12:56:00","VFR",1.1,-5,50,6,NA,NA,1005.8,"METAR PANV 282056Z AUTO 05006KT 10SM CLR 01/M05 A2970 RMK AO2 SLP147 T00111050 58005 FZRANO TSNO",2025-09-28 21:52:02.431472,2025-09-28 17:52:02.431518
"PASL","Sleetmute Arpt, AK, US",2025-09-28 20:56:00,"2025-09-28 12:56:00","VFR",3.9,-5.6,360,5,NA,NA,1005.5,"METAR PASL 282056Z AUTO 36005KT 10SM CLR 04/M06 A2969 RMK AO2 SLP048 T00391056 58015",2025-09-28 21:52:02.43805,2025-09-28 17:52:02.438098
"PAUN","Unalakleet Arpt, AK, US",2025-09-28 20:56:00,"2025-09-28 12:56:00","VFR",0,-4.4,80,8,NA,NA,1007.5,"METAR PAUN 282056Z AUTO 08008KT 10SM BKN070 00/M04 A2975 RMK AO2 SLP078 T00001044 56008 FZRANO",2025-09-28 21:52:02.447179,2025-09-28 17:52:02.447224
"PAVD","Valdez Arpt, AK, US",2025-09-28 20:56:00,"2025-09-28 12:56:00","VFR",8.3,3.9,0,0,NA,NA,1004.1,"METAR PAVD 282056Z 00000KT 10SM BKN085 BKN120 08/04 A2965 RMK AO2 SLP039 6//// T00830039 58004 PNO $",2025-09-28 21:52:02.46545,2025-09-28 17:52:02.465552
"PAWG","Wrangell Arpt, AK, US",2025-09-28 20:56:00,"2025-09-28 12:56:00","VFR",11.1,6.1,0,0,NA,NA,1006.2,"METAR PAWG 282056Z 00000KT 10SM FEW090 11/06 A2971 RMK AO2 SLP061 6//// T01110061 56015 PNO $",2025-09-28 21:52:02.47345,2025-09-28 17:52:02.473497
"PAWN","Noatak Arpt, AK, US",2025-09-28 20:56:00,"2025-09-28 12:56:00","VFR",-1.7,-7.2,50,5,NA,NA,NA,"METAR PAWN 282056Z AUTO 05005KT 10SM CLR M02/M07 RMK AO2 SLPNO T10171072 FZRANO $",2025-09-28 21:52:02.480691,2025-09-28 17:52:02.480736
"PATQ","Atqasuk/Burnell Mem, AK, US",2025-09-28 20:56:00,"2025-09-28 12:56:00","VFR",-1.7,-2.8,200,4,NA,NA,1011.3,"METAR PATQ 282056Z AUTO 20004KT 10SM SCT033 OVC095 M02/M03 A2986 RMK AO2 SNE22 SLP117 P0000 60000 T10171028 53004 FZRANO TSNO",2025-09-28 21:52:02.487386,2025-09-28 17:52:02.487429
"PFCL","Clarks Point Arpt, AK, US",2025-09-28 20:56:00,"2025-09-28 12:56:00","VFR",4.4,-3.3,NA,NA,NA,NA,1001.1,"METAR PFCL 282056Z AUTO 10SM CLR 04/M03 A2956 RMK AO2 SLP003 T00441033 58029 $",2025-09-28 21:52:02.493859,2025-09-28 17:52:02.493901
"PFNO","Noorvik/Curtis Mem, AK, US",2025-09-28 20:56:00,"2025-09-28 12:56:00","VFR",-1.1,-6.1,50,3,NA,NA,1008.9,"METAR PFNO 282056Z AUTO 05003KT 10SM CLR M01/M06 A2979 RMK AO2 SLP088 T10111061 57006 FZRANO $",2025-09-28 21:52:02.50045,2025-09-28 17:52:02.500496
"PAOO","Tooksok Bay Arpt, AK, US",2025-09-28 20:56:00,"2025-09-28 12:56:00","VFR",2.2,-1.1,50,9,NA,NA,1002.5,"METAR PAOO 282056Z AUTO 05009KT 10SM CLR 02/M01 A2960 RMK AO2 SLP027 T00221011 56020 FZRANO TSNO $",2025-09-28 21:52:02.50703,2025-09-28 17:52:02.507078
"PAPG","Petersburg Arpt, AK, US",2025-09-28 20:56:00,"2025-09-28 12:56:00","VFR",13.3,5,30,5,NA,NA,1006.2,"METAR PAPG 282056Z 03005KT 10SM CLR 13/05 A2971 RMK AO2 SLP064 T01330050 56015",2025-09-28 21:52:02.513832,2025-09-28 17:52:02.513878
"PAII","Egegik Arpt, AK, US",2025-09-28 20:56:00,"2025-09-28 12:56:00","VFR",3.3,-2.2,80,7,NA,NA,1001.8,"METAR PAII 282056Z AUTO 08007KT 10SM CLR 03/M02 A2958 RMK AO2 SLP014 T00331022 56019",2025-09-28 21:52:02.520558,2025-09-28 17:52:02.520603
"PAJZ","Koliganek Arpt, AK, US",2025-09-28 20:56:00,"2025-09-28 12:56:00","VFR",4.4,-3.3,20,9,NA,6,1004.5,"METAR PAJZ 282056Z AUTO 02009KT 6SM HZ CLR 04/M03 A2966 RMK AO2 SLP044 P0003 60205 T00441033 58007",2025-09-28 21:52:02.527076,2025-09-28 17:52:02.527119
"PAKH","Akhiok Arpt, AK, US",2025-09-28 20:56:00,"2025-09-28 12:56:00","VFR",11.1,3.9,130,4,NA,NA,1000.8,"METAR PAKH 282056Z AUTO 13004KT 10SM CLR 11/04 A2955 RMK AO2 SLP006 6//// T01110039 58004 PNO $",2025-09-28 21:52:02.533631,2025-09-28 17:52:02.533675
"PAKP","Anaktuvuk Pass Arpt, AK, US",2025-09-28 20:56:00,"2025-09-28 12:56:00","VFR",-6.7,-10.6,40,6,NA,9,993.6,"METAR PAKP 282056Z AUTO 04006KT 9SM -SN OVC039 M07/M11 A2934 RMK AO2 SLP987 6//// T10671106 51129 FZRANO PNO $",2025-09-28 21:52:02.540856,2025-09-28 17:52:02.540936
"PALG","Kalskag Arpt, AK, US",2025-09-28 20:56:00,"2025-09-28 12:56:00","VFR",3.9,-5,NA,4,NA,NA,1005.2,"METAR PALG 282056Z AUTO VRB04KT 10SM CLR 04/M05 A2968 RMK AO2 SLP049 T00391050 58014",2025-09-28 21:52:02.549042,2025-09-28 17:52:02.549086
"PAMH","Minchumina Arpt, AK, US",2025-09-28 20:56:00,"2025-09-28 12:56:00","MVFR",1.1,-1.1,0,0,NA,NA,1005.5,"METAR PAMH 282056Z AUTO 00000KT 10SM OVC011 01/M01 A2969 RMK AO2 SLP057 T00111011 58003 FZRANO TSNO",2025-09-28 21:52:02.555555,2025-09-28 17:52:02.555599
"PAMK","St Michael Arpt, AK, US",2025-09-28 20:56:00,"2025-09-28 12:56:00","VFR",NA,NA,80,7,NA,NA,1006.9,"METAR PAMK 282056Z AUTO 08007KT 10SM CLR A2973 RMK AO2 SLPNO 58007 FZRANO $",2025-09-28 21:52:02.56203,2025-09-28 17:52:02.562072
"PAMM","Metlakatla, AK, US",2025-09-28 20:56:00,"2025-09-28 12:56:00",NA,14.4,4.4,NA,3,NA,NA,1006.2,"METAR PAMM 282056Z AUTO VRB03KT FEW055 14/04 A2971 RMK AO2 SLP052 T01440044 58009 PWINO $",2025-09-28 21:52:02.56863,2025-09-28 17:52:02.568674
"PAPM","Platinum Arpt, AK, US",2025-09-28 20:56:00,"2025-09-28 12:56:00","VFR",3.3,1.1,60,12,NA,NA,1000.8,"METAR PAPM 282056Z AUTO 06012KT 10SM CLR 03/01 A2955 RMK AO2 SLP010 T00330011 58023 TSNO",2025-09-28 21:52:02.575254,2025-09-28 17:52:02.57532
"PAPO","Point Hope Arpt, AK, US",2025-09-28 20:56:00,"2025-09-28 12:56:00","VFR",0.6,-4.4,90,10,NA,NA,1009.6,"METAR PAPO 282056Z AUTO 09010KT 10SM -RA OVC035 01/M04 A2981 RMK AO2 UPB14E26RAB26 SLP093 P0000 60000 T00061044 53003 FZRANO",2025-09-28 21:52:02.58188,2025-09-28 17:52:02.581925
"PAQH","Quinhagak Arpt, AK, US",2025-09-28 20:56:00,"2025-09-28 12:56:00","VFR",4.4,1.1,60,7,NA,NA,1001.8,"METAR PAQH 282056Z AUTO 06007KT 10SM CLR 04/01 A2958 RMK AO2 SLP016 T00440011 58023",2025-09-28 21:52:02.588587,2025-09-28 17:52:02.588631
"PARC","Arctic Village Arpt, AK, US",2025-09-28 20:56:00,"2025-09-28 12:56:00","VFR",-2.2,-6.1,360,5,NA,9,1004.1,"METAR PARC 282056Z AUTO 36005KT 9SM -SN OVC055 M02/M06 A2965 RMK AO2 SLP090 P0000 60000 T10221061 58001 FZRANO TSNO",2025-09-28 21:52:02.610724,2025-09-28 17:52:02.610772
"PAOH","Hoonah, AK, US",2025-09-28 20:56:00,"2025-09-28 12:56:00","VFR",11.7,6.7,90,9,17,NA,1005.5,"METAR PAOH 282056Z AUTO 09009G17KT 10SM FEW050 12/07 A2969 RMK AO2 SLP056 T01170067 58005",2025-09-28 21:52:02.618053,2025-09-28 17:52:02.618098
"PFSH","Shaktoolik Arpt, AK, US",2025-09-28 20:56:00,"2025-09-28 12:56:00","VFR",2.2,-3.9,20,4,NA,NA,1007.9,"METAR PFSH 282056Z AUTO 02004KT 10SM CLR 02/M04 A2976 RMK AO2 SLP076 6//// T00221039 58005 FZRANO TSNO PNO $",2025-09-28 21:52:02.625154,2025-09-28 17:52:02.6252
"PASK","Selawik Arpt, AK, US",2025-09-28 20:56:00,"2025-09-28 12:56:00","VFR",-1.1,-5.6,60,5,NA,NA,1009.6,"METAR PASK 282056Z AUTO 06005KT 10SM CLR M01/M06 A2981 RMK AO2 SLP090 T10111056 55003 FZRANO",2025-09-28 21:52:02.632118,2025-09-28 17:52:02.632164
"PASM","St Marys Arpt, AK, US",2025-09-28 20:56:00,"2025-09-28 12:56:00","VFR",1.7,-3.3,60,10,NA,NA,1005.5,"METAR PASM 282056Z AUTO 06010KT 10SM CLR 02/M03 A2969 RMK AO2 SLP063 T00171033 58015 FZRANO",2025-09-28 21:52:02.638736,2025-09-28 17:52:02.63878
"PASX","Soldotna Arpt, AK, US",2025-09-28 20:56:00,"2025-09-28 12:56:00","VFR",9.4,3.3,40,9,NA,NA,1001.8,"METAR PASX 282056Z AUTO 04009KT 10SM CLR 09/03 A2958 RMK AO2 SLP024 T00940033 58005 TSNO",2025-09-28 21:52:02.647802,2025-09-28 17:52:02.647845
"PAVA","Chevak Arpt, AK, US",2025-09-28 20:56:00,"2025-09-28 12:56:00","VFR",1.7,-0.6,70,15,NA,NA,1004.5,"METAR PAVA 282056Z AUTO 07015KT 10SM CLR 02/M01 A2966 RMK AO2 SLP041 T00171006 57019 FZRANO",2025-09-28 21:52:02.654491,2025-09-28 17:52:02.654536
"PAVC","King Cove Arpt, AK, US",2025-09-28 20:56:00,"2025-09-28 12:56:00",NA,7.2,5,80,7,NA,NA,998.7,"METAR PAVC 282056Z AUTO 08007KT OVC018 07/05 A2949 RMK AO2 SLP987 T00720050 58015 PWINO $",2025-09-28 21:52:02.661041,2025-09-28 17:52:02.661084
"PAMB","Manokotak Arpt, AK, US",2025-09-28 20:56:00,"2025-09-28 12:56:00","VFR",5.6,-3.9,50,17,23,NA,1001.4,"METAR PAMB 282056Z AUTO 05017G23KT 10SM CLR 06/M04 A2957 RMK AO2 PK WND 04027/2020 SLP015 T00561039 58029",2025-09-28 21:52:02.667647,2025-09-28 17:52:02.667691
"PAMY","Mekoryuk Arpt, AK, US",2025-09-28 20:56:00,"2025-09-28 12:56:00","VFR",3.9,0,90,17,21,NA,1000.8,"METAR PAMY 282056Z AUTO 09017G21KT 10SM CLR 04/00 A2955 RMK AO2 SLP006 T00390000 56016",2025-09-28 21:52:02.674171,2025-09-28 17:52:02.674216
"PANW","New Stuyahok Arpt, AK, US",2025-09-28 20:56:00,"2025-09-28 12:56:00","VFR",3.3,-3.9,20,9,NA,NA,1002.8,"METAR PANW 282056Z AUTO 02009KT 10SM CLR 03/M04 A2961 RMK AO2 SLP035 T00331039 58005",2025-09-28 21:52:02.680694,2025-09-28 17:52:02.680742
"PAOU","Nelson Lagoon Arpt, AK, US",2025-09-28 20:56:00,"2025-09-28 12:56:00","VFR",5.6,2.2,70,8,NA,NA,998.4,"METAR PAOU 282056Z AUTO 07008KT 10SM OVC100 06/02 A2948 RMK AO2 SLP983 T00560022 56022",2025-09-28 21:52:02.687197,2025-09-28 17:52:02.687241
"PAPH","Port Heiden Arpt, AK, US",2025-09-28 20:56:00,"2025-09-28 12:56:00","VFR",5.6,-1.7,50,10,NA,NA,1000.1,"METAR PAPH 282056Z AUTO 05010KT 10SM CLR 06/M02 A2953 RMK AO2 SLP001 T00561017 58020 $",2025-09-28 21:52:02.693737,2025-09-28 17:52:02.693783
"PAPN","Pilot Point Arpt, AK, US",2025-09-28 20:56:00,"2025-09-28 12:56:00","VFR",3.9,-1.7,90,4,NA,7,1000.8,"METAR PAPN 282056Z AUTO 09004KT 7SM CLR 04/M02 A2955 RMK AO2 SLP006 6//// T00391017 58022 PNO $",2025-09-28 21:52:02.700199,2025-09-28 17:52:02.700241
"PASA","Savoonga Arpt, AK, US",2025-09-28 20:56:00,"2025-09-28 12:56:00","MVFR",5,-0.6,100,6,NA,NA,1006.2,"METAR PASA 282056Z AUTO 10006KT 10SM OVC029 05/M01 A2971 RMK AO2 SLP062 T00501006 55003 $",2025-09-28 21:52:02.706748,2025-09-28 17:52:02.706796
"PAIG","Igiugig Arpt, AK, US",2025-09-28 20:56:00,"2025-09-28 12:56:00","VFR",NA,NA,30,5,NA,NA,1002.5,"METAR PAIG 282056Z AUTO 03005KT 10SM CLR A2960 RMK AO2 SLPNO 6//// 56007 FZRANO PNO $",2025-09-28 21:52:02.713391,2025-09-28 17:52:02.713437
"PAIN","McKinley Park Arpt, AK, US",2025-09-28 20:56:00,"2025-09-28 12:56:00",NA,-0.6,-2.2,NA,6,NA,NA,1003.8,"METAR PAIN 282056Z AUTO VRB06KT OVC037 M01/M02 A2964 RMK AO2 SLP064 T10061022 55001 PWINO FZRANO TSNO $",2025-09-28 21:52:02.721035,2025-09-28 17:52:02.721078
"PFEL","Elim Arpt, AK, US",2025-09-28 20:56:00,"2025-09-28 12:56:00","MVFR",1.7,-1.7,60,5,NA,NA,1007.5,"METAR PFEL 282056Z AUTO 06005KT 10SM OVC020 02/M02 A2975 RMK AO2 SLP078 T00171017 58001 FZRANO TSNO",2025-09-28 21:52:02.727875,2025-09-28 17:52:02.72792
"PFKO","Kotlik Arpt, AK, US",2025-09-28 20:56:00,"2025-09-28 12:56:00","VFR",2.8,-2.2,100,8,NA,NA,1006.2,"METAR PFKO 282056Z AUTO 10008KT 10SM CLR 03/M02 A2971 RMK AO2 SLP061 T00281022 56013 $",2025-09-28 21:52:02.734657,2025-09-28 17:52:02.734702
"PFWS","South Naknek Arpt, AK, US",2025-09-28 20:56:00,"2025-09-28 12:56:00","VFR",3.9,-1.7,50,9,NA,NA,NA,"METAR PFWS 282056Z AUTO 05009KT 10SM CLR 04/M02 RMK AO2 SLPNO 6//// T00391017 PNO $",2025-09-28 21:52:02.755566,2025-09-28 17:52:02.755613
"PATG","Togiak Arpt, AK, US",2025-09-28 20:56:00,"2025-09-28 12:56:00","VFR",3.3,-2.2,360,11,NA,NA,1001.8,"METAR PATG 282056Z AUTO 36011KT 10SM CLR 03/M02 A2958 RMK AO2 SLP016 T00331022 56027",2025-09-28 21:52:02.762816,2025-09-28 17:52:02.762861
"PAWS","Wasilla Arpt, AK, US",2025-09-28 20:56:00,"2025-09-28 12:56:00","VFR",8.9,3.3,70,3,NA,NA,1002.8,"METAR PAWS 282056Z AUTO 07003KT 10SM BKN090 09/03 A2961 RMK AO2 SLP029 T00890033 50001",2025-09-28 21:52:02.770218,2025-09-28 17:52:02.770281
"PANA","Napakiak Arpt, AK, US",2025-09-28 20:56:00,"2025-09-28 12:56:00","VFR",2.8,-1.7,70,10,NA,7,1002.8,"METAR PANA 282056Z AUTO 07010KT 7SM CLR 03/M02 A2961 RMK AO2 SLP027 T00281017 56021 TSNO",2025-09-28 21:52:02.777023,2025-09-28 17:52:02.777066
"PANI","Aniak Arpt, AK, US",2025-09-28 20:56:00,"2025-09-28 12:56:00","VFR",1.1,-2.2,0,0,NA,NA,1004.8,"METAR PANI 282056Z AUTO 00000KT 10SM CLR 01/M02 A2967 RMK AO2 SLP049 T00111022 58014 FZRANO $",2025-09-28 21:52:02.783621,2025-09-28 17:52:02.783665
"PHHI","Wheeler(AAF), HI, US",2025-09-28 20:55:00,"2025-09-28 10:55:00","VFR",27.7,18.4,100,9,NA,NA,1018,"METAR PHHI 282055Z AUTO 10009KT 10SM OVC035 28/18 A3006 RMK AO2 SLP169 T02770184 50005 $",2025-09-28 21:52:02.790195,2025-09-28 17:52:02.790237
"PASY","Shemya/Eareckson Arpt, AK, US",2025-09-28 20:55:00,"2025-09-28 11:55:00","VFR",12.7,10.8,270,19,NA,7,1005.8,"METAR PASY 282055Z AUTO 27019KT 7SM FEW011 13/11 A2970 RMK AO2 SLP061 T01270108 52046 FZRANO $",2025-09-28 21:52:02.796695,2025-09-28 17:52:02.796737
"PATL","Tatalina Arpt, AK, US",2025-09-28 20:55:00,"2025-09-28 12:55:00","VFR",1.2,-6.1,NA,6,NA,NA,1005.8,"METAR PATL 282055Z AUTO VRB06KT 10SM CLR 01/M06 A2970 RMK AO2 SLP071 T00121061 57007",2025-09-28 21:52:02.803288,2025-09-28 17:52:02.803337
"PAIM","Indian Mtn Arpt, AK, US",2025-09-28 20:55:00,"2025-09-28 12:55:00","VFR",-2.1,-7.4,130,3,NA,NA,1005.5,"METAR PAIM 282055Z AUTO 13003KT 10SM BKN140 M02/M07 A2969 RMK AO2 SLP079 T10211074 57003",2025-09-28 21:52:02.809861,2025-09-28 17:52:02.809906
"PALU","Cape Lisburne Arpt, AK, US",2025-09-28 20:55:00,"2025-09-28 12:55:00","VFR",1,-2.6,130,8,NA,NA,1010.2,"METAR PALU 282055Z AUTO 13008KT 10SM CLR 01/M03 A2983 RMK AO2 SLP102 T00101026 52004",2025-09-28 21:52:02.816405,2025-09-28 17:52:02.816449
"PASV","Sparrevohn Arpt, AK, US",2025-09-28 20:55:00,"2025-09-28 12:55:00","VFR",2.3,-3.1,100,3,NA,NA,1001.8,"METAR PASV 282055Z AUTO 10003KT 10SM CLR 02/M03 A2958 RMK AO2 SLP033 T00231031 57009",2025-09-28 21:52:02.822871,2025-09-28 17:52:02.822915
"PAKN","King Salmon Arpt, AK, US",2025-09-28 20:54:00,"2025-09-28 12:54:00","VFR",5,-1.1,60,5,NA,NA,1000.8,"METAR PAKN 282054Z 06005KT 10SM CLR 05/M01 A2955 RMK AO2 SLP007 T00501011 58009",2025-09-28 21:52:02.829366,2025-09-28 17:52:02.829411
"PAMR","Anchorage/Merrill Fld, AK, US",2025-09-28 20:53:00,"2025-09-28 12:53:00","VFR",8.9,3.9,40,7,NA,NA,1002.1,"METAR PAMR 282053Z 04007KT 10SM OVC100 09/04 A2959 RMK AO2 SLP021 T00890039 50001",2025-09-28 21:52:02.835808,2025-09-28 17:52:02.835851
"PHKO","Keahole Point/Kona Intl, HI, US",2025-09-28 20:53:00,"2025-09-28 10:53:00","VFR",30,21.7,200,11,NA,NA,1015.3,"METAR PHKO 282053Z COR 20011KT 10SM FEW042 SCT050 30/22 A2998 RMK AO2 SLP150 T03000217 50003",2025-09-28 21:52:02.844785,2025-09-28 17:52:02.844828
"PALH","Lake Hood, AK, US",2025-09-28 20:53:00,"2025-09-28 20:53:00","VFR",8.3,4.4,50,7,NA,NA,1002.1,"METAR PALH 282053Z 05007KT 10SM OVC095 08/04 A2959 RMK AO2 SLP021 T00830044 50000",2025-09-28 21:52:02.851315,2025-09-28 17:52:02.851367
"PAJN","Juneau Intl, AK, US",2025-09-28 20:53:00,"2025-09-28 12:53:00","VFR",10,6.7,240,5,NA,NA,1006.2,"METAR PAJN 282053Z 24005KT 10SM SCT050 BKN100 OVC250 10/07 A2971 RMK AO2 SLP061 T01000067 58009 $",2025-09-28 21:52:02.857848,2025-09-28 17:52:02.857893
"PAIL","Iliamna Arpt, AK, US",2025-09-28 20:53:00,"2025-09-28 12:53:00","VFR",7,1,NA,3,NA,NA,1003.5,"METAR PAIL 282053Z VRB03KT 10SM SCT044 07/01 A2963",2025-09-28 21:52:02.864478,2025-09-28 17:52:02.864533
"PHLI","Lihue Arpt, HI, US",2025-09-28 20:53:00,"2025-09-28 10:53:00","VFR",28.9,22.2,70,12,NA,NA,1018,"METAR PHLI 282053Z 07012KT 10SM SCT022 BKN049 BKN055 29/22 A3006 RMK AO2 SLP175 T02890222 52003 $",2025-09-28 21:52:02.87115,2025-09-28 17:52:02.871195
"PAKV","Kaltag Arpt, AK, US",2025-09-28 20:53:00,"2025-09-28 12:53:00","VFR",1.7,-6.1,80,5,NA,NA,1007.9,"METAR PAKV 282053Z AUTO 08005KT 10SM CLR 02/M06 A2976 RMK AO2 SLP081 T00171061 58005 TSNO $",2025-09-28 21:52:02.87778,2025-09-28 17:52:02.877825
"PANC","Anchorage Intl, AK, US",2025-09-28 20:53:00,"2025-09-28 12:53:00","VFR",8.3,5,60,7,NA,NA,1001.8,"METAR PANC 282053Z 06007KT 10SM OVC095 08/05 A2958 RMK AO2 SLP018 T00830050 58000",2025-09-28 21:52:02.897114,2025-09-28 17:52:02.897163
"PASN","St Paul Island Arpt, AK, US",2025-09-28 20:53:00,"2025-09-28 12:53:00","IFR",7.8,6.7,110,23,32,1.25,987.9,"METAR PASN 282053Z AUTO 11023G32KT 1 1/4SM -RA BR OVC007 08/07 A2917 RMK AO2 PK WND 11045/1954 SLP877 P0001 60004 T00780067 56019 TSNO $",2025-09-28 21:52:02.904395,2025-09-28 17:52:02.904442
"PHJR","Kalaeloa Arpt, HI, US",2025-09-28 20:53:00,"2025-09-28 10:53:00","VFR",31.7,19.4,110,9,17,NA,1017,"METAR PHJR 282053Z 11009G17KT 080V150 10SM BKN043 32/19 A3003 RMK AO2 SLP175 T03170194 51005",2025-09-28 21:52:02.911445,2025-09-28 17:52:02.911492
"PASI","Sitka/Gutierrez Arpt, AK, US",2025-09-28 20:53:00,"2025-09-28 12:53:00","VFR",13.9,5,140,14,NA,NA,1003.1,"METAR PASI 282053Z 14014KT 10SM BKN055 14/05 A2962 RMK AO2 SLP032 T01390050 56007 $",2025-09-28 21:52:02.918235,2025-09-28 17:52:02.918299
"PATK","Talkeetna Arpt, AK, US",2025-09-28 20:53:00,"2025-09-28 12:53:00","VFR",9.4,2.8,240,4,NA,NA,1002.5,"METAR PATK 282053Z 24004KT 10SM CLR 09/03 A2960 RMK AO2 SLP026 T00940028 58001 $",2025-09-28 21:52:02.924873,2025-09-28 17:52:02.924917
"PAWD","Seward Arpt, AK, US",2025-09-28 20:53:00,"2025-09-28 12:53:00","VFR",11.7,5.6,350,10,17,NA,1000.4,"METAR PAWD 282053Z AUTO 35010G17KT 10SM FEW070 OVC085 12/06 A2954 RMK AO2 SLP004 T01170056 58001 TSNO $",2025-09-28 21:52:02.931518,2025-09-28 17:52:02.931562
"PAYA","Yakutat Arpt, AK, US",2025-09-28 20:53:00,"2025-09-28 12:53:00","VFR",9.4,6.7,80,7,NA,NA,1002.1,"METAR PAYA 282053Z AUTO 08007KT 10SM -RA OVC045 09/07 A2959 RMK AO2 SLP021 P0001 60004 T00940067 56006 TSNO",2025-09-28 21:52:02.938041,2025-09-28 17:52:02.938093
"PAOT","Kotzebue/Wien Mem, AK, US",2025-09-28 20:53:00,"2025-09-28 12:53:00","VFR",0.6,-6.7,60,7,NA,NA,1008.2,"METAR PAOT 282053Z 06007KT 10SM CLR 01/M07 A2977 RMK AO2 SLP082 T00061067 57003",2025-09-28 21:52:02.947002,2025-09-28 17:52:02.94705
"PAMC","McGrath Arpt, AK, US",2025-09-28 20:53:00,"2025-09-28 12:53:00","VFR",1.1,-5,20,6,NA,NA,1005.8,"METAR PAMC 282053Z 02006KT 10SM CLR 01/M05 A2970 RMK AO2 SLPNO T00111050 58008 $",2025-09-28 21:52:02.953554,2025-09-28 17:52:02.953599
"PATA","Tanana/Calhoun Mem, AK, US",2025-09-28 20:52:00,"2025-09-28 12:52:00","VFR",1.7,-3.3,0,0,NA,NA,1006.9,"METAR PATA 282052Z 00000KT 10SM BKN050 02/M03 A2973 RMK AO2 SLPNO T/DP 35/26 F T00171033 58004 $",2025-09-28 21:52:02.960066,2025-09-28 17:52:02.960109
"PHBK","Kekaha/Barking Sands Arpt, HI, US",2025-09-28 20:51:00,"2025-09-28 10:51:00","VFR",28.3,22.2,320,6,NA,NA,1016.3,"METAR PHBK 282051Z AUTO 32006KT 10SM CLR 28/22 A3001 RMK AO2 SLP165 T02830222 50008 $",2025-09-28 21:52:02.966551,2025-09-28 17:52:02.966595
"PHNY","Lanai Arpt, HI, US",2025-09-28 21:17:00,"2025-09-28 11:17:00","VFR",27,19,180,11,NA,NA,1018.4,"SPECI PHNY 282117Z AUTO 18011KT 130V200 10SM SCT028 BKN034 27/19 A3007 RMK AO2 $",2025-09-28 21:52:04.05461,2025-09-28 17:52:04.05466
"PHNG","Kaneohe Bay (MCAS), HI, US",2025-09-28 21:08:00,"2025-09-28 11:08:00","MVFR",28.3,21.1,70,12,NA,NA,1016.3,"METAR PHNG 282108Z AUTO 07012KT 10SM BKN027 28/21 A3001 RMK AO2 T02830211 $",2025-09-28 21:52:04.061451,2025-09-28 17:52:04.061496
"PHSF","Bradshaw(AAF), HI, US",2025-09-28 20:55:00,"2025-09-28 10:55:00","VFR",24.9,10,280,7,NA,NA,1028.2,"METAR PHSF 282055Z AUTO 28007KT 10SM CLR 25/10 A3036 RMK AO2 SLP151 T02490100 51004 $",2025-09-28 21:52:04.068066,2025-09-28 17:52:04.068109
"PHMK","Molokai Arpt, HI, US",2025-09-28 20:54:00,"2025-09-28 10:54:00","VFR",28.3,20,60,15,26,NA,1017,"METAR PHMK 282054Z 06015G26KT 10SM CLR 28/20 A3003 RMK AO2 PK WND 05030/1955 SLP169 T02830200 50003",2025-09-28 21:52:04.074616,2025-09-28 17:52:04.074661
"PHOG","Kahului Arpt, HI, US",2025-09-28 20:54:00,"2025-09-28 10:54:00","VFR",30,20.6,30,23,30,NA,1016.3,"METAR PHOG 282054Z 03023G30KT 10SM FEW020 SCT050 30/21 A3001 RMK AO2 PK WND 03030/2050 SLP166 T03000206 50001 $",2025-09-28 21:52:04.081183,2025-09-28 17:52:04.081227
"PHNL","Honolulu Intl, HI, US",2025-09-28 20:53:00,"2025-09-28 10:53:00","VFR",30,18.9,60,14,NA,NA,1016.7,"METAR PHNL 282053Z 06014KT 10SM FEW028 SCT041 SCT200 30/19 A3002 RMK AO2 SLP166 T03000189 51006 $",2025-09-28 21:52:04.087945,2025-09-28 17:52:04.087991
"PHTO","Hilo Intl, HI, US",2025-09-28 20:53:00,"2025-09-28 10:53:00","VFR",28.3,21.1,10,9,NA,NA,1017,"METAR PHTO 282053Z COR 01009KT 10SM SCT050 28/21 A3003 RMK AO2 SLP168 T02830211 50003",2025-09-28 21:52:04.105806,2025-09-28 17:52:04.105903
