"icao","site","observed_utc","observed_local","flight_category","temp_c","dewpoint_c","wind_dir_deg","wind_kts","gust_kts","vis_sm","altimeter_hpa","raw_text","fetched_at_utc","fetched_at_local"
"CBBC","Bella Bella Arpt, BC, CA",2025-10-03 17:45:00,"2025-10-03 10:45:00","MVFR",12,12,NA,2,NA,5,1019.7,"SPECI CBBC 031745Z AUTO VRB02KT 5SM RA BR FEW006 BKN011 OVC016 12/12 A3011 RMK PCPN 1.8MM PAST HR SLP199",2025-10-03 18:03:32.633504,2025-10-03 14:03:32.633552
"CYAS","Kangirsuk Arpt, QC, CA",2025-10-03 17:57:00,"2025-10-03 13:57:00","VFR",6,1,290,27,34,13,997.4,"SPECI CYAS 031757Z 29027G34KT 13SM -RA BKN031 06/01 A2945 RMK SC7 SLP983",2025-10-03 18:04:51.901741,2025-10-03 14:04:51.901783
"CYAH","La Grande IV Arpt, QC, CA",2025-10-03 17:49:00,"2025-10-03 13:49:00","MVFR",10,6,310,5,NA,9,1011.3,"SPECI CYAH 031749Z AUTO 31005KT 280V340 9SM SCT020 BKN029 OVC035 10/06 A2986 RMK SLP125",2025-10-03 18:04:51.908172,2025-10-03 14:04:51.908213
"CYBB","Pelly Bay/Kugaaruk Arpt, NU, CA",2025-10-03 17:00:00,"2025-10-03 11:00:00","MVFR",-1,-4,310,8,NA,15,1003.5,"METAR CYBB 031700Z 31008KT 15SM OVC017 M01/M04 A2963 RMK SC8 SLP037",2025-10-03 18:04:51.9145,2025-10-03 14:04:51.914566
"CYBC","Baie Comeau Arpt, QC, CA",2025-10-03 17:00:00,"2025-10-03 13:00:00","VFR",14,6,240,23,31,9,1015,"METAR CYBC 031700Z AUTO 24023G31KT 9SM FEW120 14/06 A2997 RMK SLP152",2025-10-03 18:04:51.922846,2025-10-03 14:04:51.922907
"CYBD","Bella Coola Arpt, BC, CA",2025-10-03 17:00:00,"2025-10-03 10:00:00","MVFR",12,12,280,10,16,4,1017.7,"METAR CYBD 031700Z 28010G16KT 4SM -SHRA BR FEW006 FEW013 BKN037 OVC066 12/12 A3005 RMK SF1SC1CU4AC2 VIS LWR E SLP178",2025-10-03 18:04:51.931069,2025-10-03 14:04:51.931123
"CYAW","Shearwater, NS, CA",2025-10-03 17:00:00,"2025-10-03 17:00:00","VFR",19,6,260,11,NA,15,1022.4,"METAR CYAW 031700Z 26011KT 15SM FEW250 19/06 A3019 RMK CI1 DENSITY ALT 486FT SLP225",2025-10-03 18:04:51.939262,2025-10-03 14:04:51.93932
"CYAT","Attawapisket Arpt, ON, CA",2025-10-03 17:00:00,"2025-10-03 13:00:00","MVFR",10,8,350,5,NA,9,1018.7,"METAR CYAT 031700Z AUTO 35005KT 9SM OVC021 10/08 A3008 RMK SLP189",2025-10-03 18:04:51.94733,2025-10-03 14:04:51.947389
"CYAM","Sault Ste Marie Arpt, ON, CA",2025-10-03 17:00:00,"2025-10-03 13:00:00","VFR",20,15,80,3,NA,20,1020.4,"METAR CYAM 031700Z 08003KT 040V140 20SM FEW064 SCT100 BKN150 BKN250 20/15 A3013 RMK CU1AC3AC3CI1 CU TR CI TR SLP209 DENSITY ALT 1200FT",2025-10-03 18:04:51.955473,2025-10-03 14:04:51.95553
"CYAY","St Anthony Arpt, NL, CA",2025-10-03 17:00:00,"2025-10-03 14:30:00","VFR",14,7,220,22,36,9,1007.2,"METAR CYAY 031700Z AUTO 22022G36KT 9SM BKN140 BKN180 14/07 A2974 RMK SLP073",2025-10-03 18:04:51.963564,2025-10-03 14:04:51.963618
"CWJC","Ennadai Lake, NU, CA",2025-10-03 17:00:00,"2025-10-03 17:00:00",NA,8.6,5.1,NA,NA,NA,NA,NA,"METAR CWJC 031700Z AUTO 09/05 RMK AO1 18 8023 SLP079 T00860051",2025-10-03 18:04:51.971598,2025-10-03 14:04:51.97166
"CYAZ","Tofino Arpt, BC, CA",2025-10-03 17:00:00,"2025-10-03 10:00:00","VFR",13,12,0,0,NA,15,1021.1,"METAR CYAZ 031700Z 00000KT 15SM OVC044 13/12 A3015 RMK SC8 SLP211",2025-10-03 18:04:51.990614,2025-10-03 14:04:51.990655
"CYCY","Cylde River Arpt, NU, CA",2025-10-03 18:02:00,"2025-10-03 14:02:00","VFR",-1,-2,10,19,NA,6,984.8,"SPECI CYCY 031802Z AUTO 01019KT 6SM -SN SCT012 BKN034 OVC046 M01/M02 A2908 RMK SLP852",2025-10-03 18:04:54.396184,2025-10-03 14:04:54.396225
"CYGW","Kuujjuarapik Arpt, QC, CA",2025-10-03 18:02:00,"2025-10-03 14:02:00","MVFR",5,4,310,12,NA,4,1016,"SPECI CYGW 031802Z AUTO 31012KT 4SM -RA BR BKN016 BKN022 OVC030 05/04 A3000 RMK SLP161",2025-10-03 18:04:54.402532,2025-10-03 14:04:54.402575
"CYLU","Kangiksualujjuaq Arpt, QC, CA",2025-10-03 17:50:00,"2025-10-03 13:50:00","IFR",4,3,300,9,NA,5,1000.1,"SPECI CYLU 031750Z 30009KT 5SM -DZ BR SCT004 BKN007 OVC020 04/03 A2953 RMK FG1ST2ST4SC1 VIS N 15 SLP004",2025-10-03 18:04:54.408827,2025-10-03 14:04:54.40887
"CYKO","Akulivik Arpt, QC, CA",2025-10-03 17:46:00,"2025-10-03 13:46:00","MVFR",5,2,310,25,31,15,1004.8,"SPECI CYKO 031746Z 31025G31KT 15SM BKN012TCU BKN037 BKN230 05/02 A2967 RMK TCU6SC1CC1 CC TR SLP049",2025-10-03 18:04:54.415092,2025-10-03 14:04:54.415134
"CYDQ","Dawson Creek Arpt, BC, CA",2025-10-03 17:45:00,"2025-10-03 10:45:00","VFR",11,1,240,24,33,9,1007.2,"SPECI CYDQ 031745Z AUTO 24024G33KT 9SM FEW240 11/01 A2974 RMK SLP088 DENSITY ALT 2500FT",2025-10-03 18:04:54.421422,2025-10-03 14:04:54.421464
"CYHE","Hope Rgnl Airpark, BC, CA",2025-10-03 17:36:00,"2025-10-03 10:36:00","VFR",11,8,80,3,NA,6,1021.1,"SPECI CYHE 031736Z AUTO 08003KT 060V130 6SM HZ OVC071 11/08 A3015 RMK ICE MISG SLP213",2025-10-03 18:04:54.427811,2025-10-03 14:04:54.427855
"CYDL","Dease Lake Arpt, BC, CA",2025-10-03 17:34:00,"2025-10-03 10:34:00","VFR",4,2,210,8,NA,9,1009.9,"SPECI CYDL 031734Z AUTO 21008KT 9SM SCT071 BKN120 04/02 A2982 RMK SLP114",2025-10-03 18:04:54.434109,2025-10-03 14:04:54.43415
"CYEV","Inuvik/Zubko Arpt, NT, CA",2025-10-03 17:28:00,"2025-10-03 11:28:00","VFR",-1,-1,250,4,NA,15,1002.5,"SPECI CYEV 031728Z 25004KT 15SM SCT006 BKN042 M01/M01 A2960 RMK ST4SC3 SLP031",2025-10-03 18:04:54.440434,2025-10-03 14:04:54.440476
"CYGH","Fort Good Hope Arpt, NT, CA",2025-10-03 17:17:00,"2025-10-03 11:17:00","IFR",1,0,260,10,NA,20,1002.8,"SPECI CYGH 031717Z 26010KT 20SM BKN008 01/M00 A2961 RMK SC7 SLP035",2025-10-03 18:04:54.446738,2025-10-03 14:04:54.446784
"CYHK","Gjoa Haven Arpt, NU, CA",2025-10-03 17:15:00,"2025-10-03 11:15:00","MVFR",-1,-2,190,11,NA,15,1003.1,"SPECI CYHK 031715Z 19011KT 15SM OVC011 M01/M02 A2962 RMK SC8 SLP036",2025-10-03 18:04:54.453062,2025-10-03 14:04:54.453103
"CYHZ","Halifax/Stanfield Intl, NS, CA",2025-10-03 17:10:00,"2025-10-03 14:10:00","VFR",19,4,250,13,NA,15,1021.4,"SPECI CYHZ 031710Z 25013KT 190V270 15SM FEW250 19/04 A3016 RMK CI1 CI TR WSHFT 1701 SLP219 DENSITY ALT 900FT",2025-10-03 18:04:54.459438,2025-10-03 14:04:54.459481
"CYBK","Baker Lake Arpt, NU, CA",2025-10-03 17:00:00,"2025-10-03 12:00:00","VFR",6,4,160,9,NA,25,1006.9,"METAR CYBK 031700Z 16009KT 25SM FEW015 BKN060 BKN150 06/04 A2973 RMK SC1SC7AC1 SC TR AC TR SLP069",2025-10-03 18:04:54.465798,2025-10-03 14:04:54.465842
"CYCD","Nanaimo Arpt, BC, CA",2025-10-03 17:00:00,"2025-10-03 10:00:00","MVFR",12,10,150,3,NA,NA,1021.4,"METAR CYCD 031700Z 15003KT 10SM OVC013 12/10 A3016 RMK SC8 SLP215",2025-10-03 18:04:54.472238,2025-10-03 14:04:54.472282
"CYCQ","Chetwynd Arpt, BC, CA",2025-10-03 17:00:00,"2025-10-03 10:00:00","VFR",10,2,240,20,NA,35,1008.9,"METAR CYCQ 031700Z 24020KT 35SM FEW035 SCT120 BKN130 OVC200 10/02 A2979 RMK CU2AC2AC3CI1 SLP106",2025-10-03 18:04:54.478582,2025-10-03 14:04:54.478623
"CYDA","Dawson Arpt, YT, CA",2025-10-03 17:00:00,"2025-10-03 10:00:00","VFR",-2,-3,100,3,NA,20,1007.5,"METAR CYDA 031700Z 10003KT 20SM FEW100 SCT150 BKN210 M02/M03 A2975 RMK AC2AC2CI2 SLP097",2025-10-03 18:04:54.484942,2025-10-03 14:04:54.484985
"CYDB","Burwash Arpt, YT, CA",2025-10-03 17:00:00,"2025-10-03 10:00:00","VFR",-3,-3,0,0,NA,15,1008.2,"METAR CYDB 031700Z 00000KT 15SM FEW002 FEW040 BKN250 M03/M03 A2977 RMK SC1SC1CS5 SLP125",2025-10-03 18:04:54.502162,2025-10-03 14:04:54.502206
"CYGE","Golden Arpt, BC, CA",2025-10-03 17:00:00,"2025-10-03 17:00:00","VFR",9,4,130,4,NA,20,1018.4,"METAR CYGE 031700Z 13004KT 090V160 20SM FEW015 SCT060 SCT090 SCT210 09/04 A3007 RMK SC1CU3AC1CI1 SC TR CI TR SLP198",2025-10-03 18:04:54.508304,2025-10-03 14:04:54.508345
"CYKF","Waterloo Intl, ON, CA",2025-10-03 17:00:00,"2025-10-03 13:00:00","VFR",23,10,NA,4,NA,9,1024.5,"METAR CYKF 031700Z AUTO VRB04KT 9SM CLR 23/10 A3025 RMK SLP247 DENSITY ALT 1900FT",2025-10-03 18:04:54.514586,2025-10-03 14:04:54.514629
"CYBU","Nipawin, SK, CA",2025-10-03 17:00:00,"2025-10-03 17:00:00","VFR",12,8,100,7,NA,9,1013.3,"METAR CYBU 031700Z AUTO 10007KT 040V110 9SM CLR 12/08 A2992 RMK SLP149",2025-10-03 18:04:54.520833,2025-10-03 14:04:54.520875
"CYDN","Dauphin Arpt, MB, CA",2025-10-03 17:00:00,"2025-10-03 12:00:00","VFR",14,11,110,10,NA,9,1014.6,"METAR CYDN 031700Z AUTO 11010KT 9SM FEW120 14/11 A2996 RMK SLP155",2025-10-03 18:04:54.527153,2025-10-03 14:04:54.527193
"CYET","Edson Arpt, AB, CA",2025-10-03 17:00:00,"2025-10-03 11:00:00","VFR",10,2,220,3,NA,9,1011.6,"METAR CYET 031700Z AUTO 22003KT 190V270 9SM CLR 10/02 A2987 RMK SLP138",2025-10-03 18:04:54.53345,2025-10-03 14:04:54.533492
"CYCK","Chatham/Kent Arpt, ON, CA",2025-10-03 17:00:00,"2025-10-03 13:00:00","VFR",25,16,190,5,NA,9,1024.1,"METAR CYCK 031700Z AUTO 19005KT 140V210 9SM CLR 25/16 A3024 RMK SLP240 DENSITY ALT 1600FT",2025-10-03 18:04:54.539725,2025-10-03 14:04:54.53977
"CYHM","Hamilton/Munro Intl, ON, CA",2025-10-03 17:00:00,"2025-10-03 13:00:00","VFR",23,14,260,6,NA,15,1024.1,"METAR CYHM 031700Z 26006KT 100V270 15SM FEW035 23/14 A3024 RMK CF1 CF TR SLP244 DENSITY ALT 1600FT",2025-10-03 18:04:54.545997,2025-10-03 14:04:54.546038
"CYKA","Kamloops Arpt, BC, CA",2025-10-03 17:00:00,"2025-10-03 10:00:00","VFR",10,4,0,0,NA,40,1019,"METAR CYKA 031700Z 00000KT 40SM BKN280 10/04 A3009 RMK CI7 SLP199",2025-10-03 18:04:54.552255,2025-10-03 14:04:54.552296
"CYBX","Blanc Sablon Arpt, QC, CA",2025-10-03 17:00:00,"2025-10-03 13:00:00","VFR",11,8,250,15,21,15,1007.9,"METAR CYBX 031700Z 25015G21KT 15SM SCT052 BKN064 BKN250 11/08 A2976 RMK SC4SC2CI1 CI TR SLP081",2025-10-03 18:04:54.558559,2025-10-03 14:04:54.5586
"CYHA","Quaqtaq Arpt, QC, CA",2025-10-03 17:00:00,"2025-10-03 13:00:00","VFR",5,1,290,17,NA,15,995,"METAR CYHA 031700Z 29017KT 15SM OVC034 05/01 A2938 RMK SC8 SLP953",2025-10-03 18:04:54.564895,2025-10-03 14:04:54.564938
"CYLA","Apaluk Arpt, QC, CA",2025-10-03 17:00:00,"2025-10-03 13:00:00","MVFR",6,2,290,20,30,15,999.1,"METAR CYLA 031700Z 29020G30KT 15SM VCSH BKN028 06/02 A2950 RMK SC6 SLP994",2025-10-03 18:04:54.571182,2025-10-03 14:04:54.571226
"CYCA","Cartwright Arpt, NL, CA",2025-10-03 17:00:00,"2025-10-03 14:00:00","VFR",17,9,240,13,22,9,1000.4,"METAR CYCA 031700Z AUTO 24013G22KT 9SM SCT048 BKN060 17/09 A2954 RMK SLP007 DENSITY ALT 800FT",2025-10-03 18:04:54.578008,2025-10-03 14:04:54.578051
"CYFS","Fort Simpson Arpt, NT, CA",2025-10-03 17:00:00,"2025-10-03 11:00:00","VFR",9,0,300,5,NA,15,996.4,"METAR CYFS 031700Z 30005KT 260V330 15SM FEW087 BKN160 BKN220 09/M00 A2942 RMK AC2AC3CI1 CI TR SLP973",2025-10-03 18:04:54.584333,2025-10-03 14:04:54.584376
"CYLC","Kimmirut Arpt, NU, CA",2025-10-03 17:00:00,"2025-10-03 13:00:00","MVFR",2,1,250,21,27,NA,990.3,"METAR CYLC 031700Z 25021G27KT 10SM -RA OVC014 02/01 A2924 RMK ST8 SLP907",2025-10-03 18:04:54.590847,2025-10-03 14:04:54.590891
"CYDF","Deer Lake Arpt, NL, CA",2025-10-03 17:00:00,"2025-10-03 14:30:00","VFR",16,4,230,15,NA,15,1013.6,"METAR CYDF 031700Z 23015KT 15SM BKN150 BKN210 16/04 A2993 RMK AC5CI2 SLP139 DENSITY ALT 300FT",2025-10-03 18:04:54.597153,2025-10-03 14:04:54.597195
"CYDP","Nain Arpt, NL, CA",2025-10-03 17:00:00,"2025-10-03 14:00:00","VFR",17,12,270,16,23,15,993,"METAR CYDP 031700Z 27016G23KT 15SM SCT040 BKN051 17/12 A2932 RMK SC4SC3 SLP932 DENSITY ALT 1000FT",2025-10-03 18:04:54.603477,2025-10-03 14:04:54.603519
"CYEG","Edmonton Intl Arpt, AB, CA",2025-10-03 17:00:00,"2025-10-03 11:00:00","VFR",14,3,280,4,NA,20,1011.6,"METAR CYEG 031700Z 28004KT 20SM FEW100 FEW250 14/03 A2987 RMK AC2CI1 CI TR SLP127 DENSITY ALT 2900FT",2025-10-03 18:04:54.60984,2025-10-03 14:04:54.609883
"CYGK","Kingston Arpt, ON, CA",2025-10-03 17:00:00,"2025-10-03 13:00:00","VFR",19,13,180,12,NA,15,1024.8,"METAR CYGK 031700Z 18012KT 15SM FEW250 19/13 A3026 RMK CI2 SLP249",2025-10-03 18:04:54.616122,2025-10-03 14:04:54.616164
"CYGP","Gaspé Arpt, QC, CA",2025-10-03 17:00:00,"2025-10-03 13:00:00","VFR",21,5,100,9,NA,15,1013,"METAR CYGP 031700Z 10009KT 15SM FEW170 SCT240 21/05 A2991 RMK AC2CI1 CONTRAILS SLP131 DENSITY ALT 900FT",2025-10-03 18:04:54.633138,2025-10-03 14:04:54.633178
"CYGR","Îles de la Madeleine Arpt, QC, CA",2025-10-03 17:00:00,"2025-10-03 14:00:00","VFR",17,8,240,17,23,20,1016.7,"METAR CYGR 031700Z 24017G23KT 20SM FEW280 17/08 A3002 RMK CI1 SLP168",2025-10-03 18:04:54.639376,2025-10-03 14:04:54.639417
"CYGT","Igloolik Arpt, NU, CA",2025-10-03 17:00:00,"2025-10-03 13:00:00","VFR",-3,-6,350,26,NA,15,994.7,"METAR CYGT 031700Z 35026KT 15SM FEW220 M03/M06 A2937 RMK CS1 SLP952",2025-10-03 18:04:54.64558,2025-10-03 14:04:54.645621
"CYGV","Havre St Pierre Arpt, QC, CA",2025-10-03 17:00:00,"2025-10-03 13:00:00","VFR",12,6,260,21,31,9,1011.6,"METAR CYGV 031700Z AUTO 26021G31KT 9SM CLR 12/06 A2987 RMK SLP117",2025-10-03 18:04:54.651851,2025-10-03 14:04:54.651895
"CYHU","Montreal/St Hubert, QC, CA",2025-10-03 17:00:00,"2025-10-03 13:00:00","VFR",21,10,220,12,NA,9,1022.8,"METAR CYHU 031700Z AUTO 22012KT 9SM CLR 21/10 A3020 RMK SLP229 DENSITY ALT 500FT",2025-10-03 18:04:54.658257,2025-10-03 14:04:54.658302
"CYHY","Hay River/Carter Arpt, NT, CA",2025-10-03 17:00:00,"2025-10-03 11:00:00","VFR",11,3,230,10,NA,15,996.4,"METAR CYHY 031700Z 23010KT 15SM SCT110 BKN200 11/03 A2942 RMK AC3CI4 SLP970 DENSITY ALT 800FT",2025-10-03 18:04:54.664601,2025-10-03 14:04:54.664644
"CYIK","Ivujivik Arpt, QC, CA",2025-10-03 17:00:00,"2025-10-03 13:00:00","MVFR",2,1,290,15,22,NA,1000.8,"METAR CYIK 031700Z 29015G22KT 10SM FEW004 SCT011 SCT014 BKN020 02/01 A2955 RMK ST2ST1ST1SC3 SLP010",2025-10-03 18:04:54.671097,2025-10-03 14:04:54.671141
"CYKJ","Key Lake Arpt, SK, CA",2025-10-03 17:00:00,"2025-10-03 11:00:00","VFR",14,7,200,14,22,9,1009.2,"METAR CYKJ 031700Z AUTO 20014G22KT 9SM SCT100 14/07 A2980 RMK SLP110 DENSITY ALT 2100FT",2025-10-03 18:04:54.677479,2025-10-03 14:04:54.677521
"CYLD","Chapleau Arpt, ON, CA",2025-10-03 17:00:00,"2025-10-03 13:00:00","VFR",22,15,260,6,NA,15,1020.1,"METAR CYLD 031700Z 26006KT 220V330 15SM FEW020 FEW070 22/15 A3012 RMK CF1AS1 CF TR SLP209 DENSITY ALT 2400FT",2025-10-03 18:04:54.683808,2025-10-03 14:04:54.683852
"CYLL","Lloydminster Arpt, AB, CA",2025-10-03 17:00:00,"2025-10-03 11:00:00","VFR",13,6,170,3,NA,15,1011.6,"METAR CYLL 031700Z 17003KT 130V210 15SM FEW150 13/06 A2987 RMK AC1 SLP130 DENSITY ALT 2600FT",2025-10-03 18:04:54.690137,2025-10-03 14:04:54.690179
"CYBL","Campbell River Arpt, BC, CA",2025-10-03 17:00:00,"2025-10-03 10:00:00","MVFR",11,10,NA,2,NA,20,1021.1,"METAR CYBL 031700Z VRB02KT 20SM FEW005 BKN021 OVC200 11/10 A3015 RMK SF2SC5CI1 CIG RAG SLP214",2025-10-03 18:04:54.696533,2025-10-03 14:04:54.696576
"CYBV","Berens River Arpt, MB, CA",2025-10-03 17:00:00,"2025-10-03 12:00:00","VFR",15,9,140,6,NA,15,1017.7,"METAR CYBV 031700Z 14006KT 110V190 15SM BKN170 BKN250 15/09 A3005 RMK AC5CI1 SLP186",2025-10-03 18:04:54.702897,2025-10-03 14:04:54.70294
"CYBW","Calgary/Springbank Arpt, AB, CA",2025-10-03 17:00:00,"2025-10-03 17:00:00","VFR",11,1,310,4,NA,9,1014.3,"METAR CYBW 031700Z AUTO 31004KT 270V340 9SM CLR 11/01 A2995 RMK SLP162 DENSITY ALT 4400FT",2025-10-03 18:04:54.709219,2025-10-03 14:04:54.709263
"CYCB","Cambridge Bay Arpt, NU, CA",2025-10-03 17:00:00,"2025-10-03 11:00:00","IFR",3,3,100,11,NA,15,994.7,"METAR CYCB 031700Z 10011KT 15SM OVC006 03/03 A2937 RMK SC8 SLP949",2025-10-03 18:04:54.715573,2025-10-03 14:04:54.715615
"CYCG","Castlegar Rgnl, BC, CA",2025-10-03 17:00:00,"2025-10-03 10:00:00","VFR",9,5,360,2,NA,15,1018.7,"METAR CYCG 031700Z 36002KT 15SM FEW030 FEW250 09/05 A3008 RMK CF1CI1 CF TR SLP198",2025-10-03 18:04:54.721951,2025-10-03 14:04:54.721995
"CYCO","Coppermine/Kugluktuk Arpt, NU, CA",2025-10-03 17:00:00,"2025-10-03 11:00:00","MVFR",1,1,260,7,NA,15,994.7,"METAR CYCO 031700Z 26007KT 15SM SCT005 BKN010 OVC020 01/01 A2937 RMK SF4ST3SC1 SLP948",2025-10-03 18:04:54.728266,2025-10-03 14:04:54.728309
"CYCP","Blue River Arpt, BC, CA",2025-10-03 17:00:00,"2025-10-03 17:00:00","VFR",9,8,NA,2,NA,6,1018,"METAR CYCP 031700Z VRB02KT 6SM BR SCT003 BKN060 BKN095 09/08 A3006 RMK SF3CU2AC2 SLP195",2025-10-03 18:04:54.734856,2025-10-03 14:04:54.7349
"CYCS","Chesterfield Inlet Arpt, NU, CA",2025-10-03 17:00:00,"2025-10-03 12:00:00","MVFR",3,-1,300,12,17,15,1009.2,"METAR CYCS 031700Z 30012G17KT 15SM OVC015 03/M01 A2980 RMK SC8 SLP093",2025-10-03 18:04:54.741189,2025-10-03 14:04:54.741231
"CYEK","Arviat/Eskimo Pt Arpt, NU, CA",2025-10-03 17:00:00,"2025-10-03 12:00:00","VFR",9,6,190,12,NA,15,1011.6,"METAR CYEK 031700Z 19012KT 15SM SKC 09/06 A2987 RMK SLP117",2025-10-03 18:04:54.74755,2025-10-03 14:04:54.747592
"CYFR","Fort Resolution Arpt, NT, CA",2025-10-03 17:00:00,"2025-10-03 11:00:00","VFR",9,7,170,5,NA,14,996,"METAR CYFR 031700Z 17005KT 14SM FEW055 SCT090 BKN180 09/07 A2941 RMK SC2AC2AS3 SLP967",2025-10-03 18:04:54.764825,2025-10-03 14:04:54.764868
"CYBQ","Tadoule Lake Arpt, MB, CA",2025-10-03 17:00:00,"2025-10-03 12:00:00","VFR",9,5,190,10,17,9,1013,"METAR CYBQ 031700Z AUTO 19010G17KT 9SM CLR 09/05 A2991 RMK SLP146",2025-10-03 18:04:54.771024,2025-10-03 14:04:54.771064
"CYER","Ft Severn Arpt, ON, CA",2025-10-03 17:00:00,"2025-10-03 13:00:00","VFR",9,5,280,7,NA,9,1019.4,"METAR CYER 031700Z AUTO 28007KT 9SM FEW021 OVC041 09/05 A3010 RMK SLP197",2025-10-03 18:04:54.7772,2025-10-03 14:04:54.77724
"CYKP","Ogoki Post, ON, CA",2025-10-03 17:00:00,"2025-10-03 13:00:00","MVFR",13,8,330,3,NA,9,1020.1,"METAR CYKP 031700Z AUTO 33003KT 290V020 9SM OVC025 13/08 A3012 RMK SLP201",2025-10-03 18:04:54.783437,2025-10-03 14:04:54.783479
"CYLH","Lansdowne House Arpt, ON, CA",2025-10-03 17:00:00,"2025-10-03 13:00:00","VFR",13,6,50,6,NA,9,1020.7,"METAR CYLH 031700Z AUTO 05006KT 360V080 9SM FEW027 13/06 A3014 RMK SLP214",2025-10-03 18:04:54.789786,2025-10-03 14:04:54.789829
"CYLJ","Meadow Lake Arpt, SK, CA",2025-10-03 17:00:00,"2025-10-03 11:00:00","VFR",11,8,20,4,NA,15,1011.6,"METAR CYLJ 031700Z 02004KT 320V050 15SM FEW190 FEW220 11/08 A2987 RMK AC1CI1 AC TR CI TR SLP133",2025-10-03 18:04:54.796136,2025-10-03 14:04:54.796178
"CYLT","Alert Arpt, NU, CA",2025-10-03 17:00:00,"2025-10-03 13:00:00","MVFR",-14,-16,210,5,NA,5,994.3,"METAR CYLT 031700Z 21005KT 5SM -SN BKN130 M14/M16 A2936 RMK AC6 DENSITY ALT -2848FT SLP947",2025-10-03 18:04:54.802483,2025-10-03 14:04:54.802525
"CYFO","Flin Flon Arpto, MB, CA",2025-10-03 17:00:00,"2025-10-03 12:00:00","VFR",13,8,170,7,NA,15,1016,"METAR CYFO 031700Z 17007KT 090V200 15SM FEW015 SCT250 BKN300 13/08 A3000 RMK SC1CI3CC2 SLP170",2025-10-03 18:04:54.808781,2025-10-03 14:04:54.808824
"CYIV","Island Lake Arpt, MB, CA",2025-10-03 17:00:00,"2025-10-03 12:00:00","MVFR",9,5,140,5,NA,9,1019.7,"METAR CYIV 031700Z AUTO 14005KT 9SM OVC021 09/05 A3011 RMK SLP208",2025-10-03 18:04:54.81509,2025-10-03 14:04:54.815132
"CYKY","Kindersley Arpt, SK, CA",2025-10-03 17:00:00,"2025-10-03 11:00:00","VFR",12,2,200,8,NA,15,1013,"METAR CYKY 031700Z 20008KT 15SM FEW160 SCT210 BKN240 12/02 A2991 RMK AC1CI3CI3 SLP144 DENSITY ALT 2500FT",2025-10-03 18:04:54.821425,2025-10-03 14:04:54.821467
"CYFB","Iqaluit Arpt, NU, CA",2025-10-03 17:00:00,"2025-10-03 13:00:00","MVFR",5,0,300,22,29,30,986.2,"METAR CYFB 031700Z 30022G29KT 30SM BKN028 BKN085 05/M00 A2912 RMK SC7AC1 AC TR INTMT -RA SLP863",2025-10-03 18:04:54.827734,2025-10-03 14:04:54.827779
"CYJF","Fort Liard Arpt, NT, CA",2025-10-03 17:00:00,"2025-10-03 11:00:00","VFR",12,1,250,11,19,15,999.7,"METAR CYJF 031700Z 25011G19KT 220V290 15SM FEW130 SCT150 BKN170 12/01 A2952 RMK AC2AC1AC2 AC LENT SLP004 DENSITY ALT 1000FT",2025-10-03 18:04:54.834033,2025-10-03 14:04:54.834075
"CYCX","Gagetown , NB, CA",2025-10-03 17:00:00,"2025-10-03 17:00:00","VFR",21,3,220,9,NA,15,1020.4,"METAR CYCX 031700Z 22009KT 200V310 15SM FEW160 FEW250 21/03 A3013 RMK AC1CI2 DENSITY ALT 792FT SLP203",2025-10-03 18:04:54.840361,2025-10-03 14:04:54.840403
"CYFC","Fredericton Intl, NB, CA",2025-10-03 17:00:00,"2025-10-03 14:00:00","VFR",21,3,220,14,20,9,1020.1,"METAR CYFC 031700Z AUTO 22014G20KT 9SM CLR 21/03 A3012 RMK SLP202 DENSITY ALT 600FT",2025-10-03 18:04:54.846772,2025-10-03 14:04:54.846817
"CYGL","La Grande Riviere Arpt, QC, CA",2025-10-03 17:00:00,"2025-10-03 13:00:00","MVFR",8,5,310,9,NA,15,1015,"METAR CYGL 031700Z 31009KT 15SM OVC013 08/05 A2997 RMK SC8 SLP159",2025-10-03 18:04:54.853106,2025-10-03 14:04:54.853148
"CYFT","Makkovik Arpt, NL, CA",2025-10-03 17:00:00,"2025-10-03 14:00:00","VFR",16,9,240,16,26,15,997.7,"METAR CYFT 031700Z 24016G26KT 15SM FEW030 SCT039 BKN100 BKN240 16/09 A2946 RMK SC2SC2AC1CS1 SLP980 DENSITY ALT 900FT",2025-10-03 18:04:54.859467,2025-10-03 14:04:54.859508
"CYHD","Dryden Rgnl, ON, CA",2025-10-03 17:00:00,"2025-10-03 12:00:00","VFR",17,11,140,5,NA,9,1019,"METAR CYHD 031700Z AUTO 14005KT 010V160 9SM OVC120 17/11 A3009 RMK SLP199 DENSITY ALT 1800FT",2025-10-03 18:04:54.86584,2025-10-03 14:04:54.865884
"CYEN","Estevan Arpt, SK, CA",2025-10-03 17:00:00,"2025-10-03 11:00:00","VFR",16,11,80,12,NA,9,1011.6,"METAR CYEN 031700Z AUTO 08012KT 9SM BKN160 16/11 A2987 RMK SLP124 DENSITY ALT 2600FT",2025-10-03 18:04:54.872178,2025-10-03 14:04:54.872221
"CYBR","Brandon Arpt, MB, CA",2025-10-03 17:00:00,"2025-10-03 12:00:00","VFR",18,13,100,12,18,15,1013.6,"METAR CYBR 031700Z 10012G18KT 15SM FEW110 SCT170 BKN250 18/13 A2993 RMK AC2AC1CI3 SLP142 DENSITY ALT 2100FT",2025-10-03 18:04:54.878596,2025-10-03 14:04:54.878638
"CYDC","Princeton Arpt, BC, CA",2025-10-03 17:00:00,"2025-10-03 17:00:00","VFR",6,2,NA,2,NA,25,1020.7,"METAR CYDC 031700Z VRB02KT 25SM FEW270 FEW280 06/02 A3014 RMK CI1CC1 CI TR CC TR SLP220",2025-10-03 18:04:54.896904,2025-10-03 14:04:54.896952
"CYBG","Bagotville, QC, CA",2025-10-03 17:00:00,"2025-10-03 13:00:00","VFR",17,5,10,2,NA,25,1017.7,"METAR CYBG 031700Z 01002KT 25SM FEW160 SCT230 17/05 A3005 RMK AC2CC2 DENSITY ALT 813FT AC STANDING LENT S SLP181",2025-10-03 18:04:54.903195,2025-10-03 14:04:54.903235
"CYIO","Pond Inlet Arpt, NU, CA",2025-10-03 17:00:00,"2025-10-03 13:00:00","VFR",-2,-9,NA,2,NA,35,993.6,"METAR CYIO 031700Z VRB02KT 35SM FEW006 FEW023 BKN031 M02/M09 A2934 RMK SC1SC1SC5 SLP942",2025-10-03 18:04:54.909439,2025-10-03 14:04:54.909482
"CYKD","Aklavik Arpt, NT, CA",2025-10-03 17:00:00,"2025-10-03 11:00:00","VFR",-2,-3,180,4,NA,15,1002.8,"METAR CYKD 031700Z 18004KT 090V190 15SM FEW045 FEW100 SCT160 SCT240 M02/M03 A2961 RMK SC1AC1AC1CI1 SF DIST SE SLP028",2025-10-03 18:04:54.915653,2025-10-03 14:04:54.915712
"CYLK","Lutselke Arpt, NT, CA",2025-10-03 17:00:00,"2025-10-03 11:00:00","VFR",12,7,170,6,15,25,996,"METAR CYLK 031700Z 17006G15KT 130V200 25SM FEW014 FEW190 BKN240 12/07 A2941 RMK SC1CS1CI3 FU SC1 CF ASOCTD SLP969 DENSITY ALT 1000FT",2025-10-03 18:04:54.922084,2025-10-03 14:04:54.922129
"CYLW","Kelowna Arpt, BC, CA",2025-10-03 17:00:00,"2025-10-03 10:00:00","VFR",12,5,NA,3,NA,9,1018.7,"METAR CYLW 031700Z AUTO VRB03KT 9SM CLR 12/05 A3008 RMK SLP195",2025-10-03 18:04:54.928547,2025-10-03 14:04:54.928592
"CYMA","Mayo Arpt, YT, CA",2025-10-03 17:00:00,"2025-10-03 10:00:00","VFR",2,-2,220,5,NA,20,1006.2,"METAR CYMA 031700Z 22005KT 20SM FEW035 FEW100 FEW210 02/M02 A2971 RMK SC1AC1CI2 SC TR AC TR SLP090",2025-10-03 18:04:54.934879,2025-10-03 14:04:54.934921
"CYOO","Oshawa Arpt, ON, CA",2025-10-03 18:04:00,"2025-10-03 14:04:00","VFR",22,14,180,6,NA,7,1023.5,"SPECI CYOO 031804Z AUTO 18006KT 160V220 7SM CLR 22/14 A3022 RMK SLP236 DENSITY ALT 1100FT",2025-10-03 18:04:56.589839,2025-10-03 14:04:56.589882
"CYPC","Paulatuk Arpt, NT, CA",2025-10-03 18:00:00,"2025-10-03 12:00:00","MVFR",1,0,290,15,NA,15,998.4,"METAR CYPC 031800Z 29015KT 15SM -DZ OVC010 01/00 A2948 RMK ST8 SLP984",2025-10-03 18:04:56.596262,2025-10-03 14:04:56.596306
"CYVL","Colville Lake, NT, CA",2025-10-03 17:59:00,"2025-10-03 11:59:00","VFR",1,0,310,9,NA,9,999.1,"SPECI CYVL 031759Z AUTO 31009KT 9SM -SN -UP FEW011 SCT017 BKN045 OVC066 01/00 A2950 RMK SLP010",2025-10-03 18:04:56.602551,2025-10-03 14:04:56.602593
"CYQK","Kenora Arpt, ON, CA",2025-10-03 17:53:00,"2025-10-03 12:53:00","VFR",20,13,90,6,NA,20,1017.7,"SPECI CYQK 031753Z 09006KT 20SM VCSH SCT040 BKN100 BKN160 BKN240 20/13 A3005 RMK SC3AC2AC1CI1 CVCTV CLD EMBD SLP178 DENSITY ALT 2100FT",2025-10-03 18:04:56.608939,2025-10-03 14:04:56.60898
"CYPE","Peace River Arpt, AB, CA",2025-10-03 17:51:00,"2025-10-03 11:51:00","VFR",12,3,250,19,28,9,1005.2,"SPECI CYPE 031751Z AUTO 25019G28KT 9SM SCT110 BKN130 BKN150 12/03 A2968 RMK SLP069 DENSITY ALT 2300FT",2025-10-03 18:04:56.615373,2025-10-03 14:04:56.615415
"CYPX","Puvungnituq Arpt, QC, CA",2025-10-03 17:49:00,"2025-10-03 13:49:00","VFR",5,3,280,23,31,9,1005.5,"SPECI CYPX 031749Z AUTO 28023G31KT 9SM FEW019 SCT030 BKN037 05/03 A2969 RMK SLP056",2025-10-03 18:04:56.621831,2025-10-03 14:04:56.621875
"CYPO","Peawanuck Arpt, ON, CA",2025-10-03 17:42:00,"2025-10-03 13:42:00","MVFR",8,3,310,5,NA,9,1019.7,"SPECI CYPO 031742Z AUTO 31005KT 290V360 9SM OVC028 08/03 A3011 RMK SLP201",2025-10-03 18:04:56.628161,2025-10-03 14:04:56.628203
"CYPR","Prince Rupert Arpt, BC, CA",2025-10-03 17:40:00,"2025-10-03 10:40:00","VFR",9,7,130,10,16,9,1017,"SPECI CYPR 031740Z AUTO 13010G16KT 9SM -RA OVC032 09/07 A3003 RMK SLP172",2025-10-03 18:04:56.634449,2025-10-03 14:04:56.63449
"CYQQ","Comox, BC, CA",2025-10-03 17:36:00,"2025-10-03 10:36:00","MVFR",12,11,160,3,NA,NA,1021.4,"SPECI CYQQ 031736Z 16003KT 10SM SCT004 OVC019 12/11 A3016 RMK SF3SC5 DENSITY ALT -321FT SLP214",2025-10-03 18:04:56.651409,2025-10-03 14:04:56.651452
"CYPA","Prince Albert Arpt, SK, CA",2025-10-03 17:28:00,"2025-10-03 11:28:00","IFR",9,8,80,2,NA,12,1012.3,"SPECI CYPA 031728Z 08002KT 12SM OVC006 09/08 A2989 RMK SC8 BR SLP142",2025-10-03 18:04:56.657632,2025-10-03 14:04:56.657672
"CYMJ","Moose Jaw Arpt, SK, CA",2025-10-03 17:25:00,"2025-10-03 11:25:00","VFR",12,6,310,13,NA,8,1013,"SPECI CYMJ 031725Z CCA 31013KT 8SM -SHRA FEW050 BKN090 OVC180 12/06 A2991 RMK SC2AC4AC2 DENSITY ALT 2070FT SLP139",2025-10-03 18:04:56.66382,2025-10-03 14:04:56.663864
"CYQG","Windsor Intl, ON, CA",2025-10-03 17:22:00,"2025-10-03 13:22:00","VFR",27,9,NA,2,NA,7,1024.1,"SPECI CYQG 031722Z AUTO VRB02KT 7SM CLR 27/09 A3024 RMK SLP237 DENSITY ALT 1900FT",2025-10-03 18:04:56.67014,2025-10-03 14:04:56.670182
"CYUB","Tuktoyaktuk Arpt, NT, CA",2025-10-03 17:17:00,"2025-10-03 11:17:00","MVFR",-1,-1,290,10,17,NA,1001.4,"SPECI CYUB 031717Z 29010G17KT 10SM BKN017 M01/M01 A2957 RMK ST7 SLP015",2025-10-03 18:04:56.676626,2025-10-03 14:04:56.67667
"CYQZ","Quesnel Arpt, BC, CA",2025-10-03 17:04:00,"2025-10-03 10:04:00","MVFR",7,6,0,0,NA,5,1017.4,"SPECI CYQZ 031704Z AUTO 00000KT 5SM RA BR FEW003 OVC046 07/06 A3004 RMK SLP192",2025-10-03 18:04:56.683015,2025-10-03 14:04:56.683059
"CYWK","Wabush Lake Arpt, NL, CA",2025-10-03 17:03:00,"2025-10-03 14:03:00","MVFR",13,9,250,14,20,15,1007.2,"SPECI CYWK 031703Z 25014G20KT 15SM OVC018 13/09 A2974 RMK SC8 SLP084 DENSITY ALT 2300FT",2025-10-03 18:04:56.689368,2025-10-03 14:04:56.689411
"CYOD","Cold Lake , AB, CA",2025-10-03 17:00:00,"2025-10-03 11:00:00","VFR",12,7,190,4,NA,15,1011.6,"METAR CYOD 031700Z 19004KT 15SM FEW130 FEW180 12/07 A2987 RMK AC1AC1 DENSITY ALT 2050FT SLP128",2025-10-03 18:04:56.695814,2025-10-03 14:04:56.695857
"CYOJ","High Level Arpt, AB, CA",2025-10-03 17:00:00,"2025-10-03 11:00:00","VFR",8,4,200,3,NA,15,1001.4,"METAR CYOJ 031700Z 20003KT 15SM SCT060 BKN100 OVC260 08/04 A2957 RMK SC4AS3CI1 SLP027",2025-10-03 18:04:56.70214,2025-10-03 14:04:56.702182
"CYOY","Valcartier Arpt, QC, CA",2025-10-03 17:00:00,"2025-10-03 17:00:00","VFR",17,6,210,7,NA,15,1021.1,"METAR CYOY 031700Z 21007KT 160V270 15SM FEW180 SCT250 17/06 A3015 RMK AC1CI3 DENSITY ALT 828FT SLP215",2025-10-03 18:04:56.708503,2025-10-03 14:04:56.708545
"CYPG","Portage la Prairie/Southport Arpt, MB, CA",2025-10-03 17:00:00,"2025-10-03 12:00:00","VFR",17,15,110,9,NA,15,1014.6,"METAR CYPG 031700Z 11009KT 15SM SCT130 BKN160 BKN240 17/15 A2996 RMK AC4AC2CI1 DENSITY ALT 1541FT SLP148",2025-10-03 18:04:56.714863,2025-10-03 14:04:56.714906
"CYPH","Inukjuak Arpt, QC, CA",2025-10-03 17:00:00,"2025-10-03 13:00:00","VFR",6,4,290,20,NA,9,1008.9,"METAR CYPH 031700Z AUTO 29020KT 9SM FEW036 06/04 A2979 RMK SLP093",2025-10-03 18:04:56.7212,2025-10-03 14:04:56.721244
"CYPQ","Peterborough Muni, ON, CA",2025-10-03 17:00:00,"2025-10-03 13:00:00","VFR",23,7,NA,5,NA,9,1023.8,"METAR CYPQ 031700Z AUTO VRB05KT 9SM CLR 23/07 A3023 RMK SLP241 DENSITY ALT 1400FT",2025-10-03 18:04:56.727616,2025-10-03 14:04:56.727659
"CYPW","Powell River Arpt, BC, CA",2025-10-03 17:00:00,"2025-10-03 10:00:00","LIFR",11,11,0,0,NA,4,1021.4,"METAR CYPW 031700Z 00000KT 4SM BR OVC004 11/11 A3016 RMK ST8 VIS N-E 1 LO CLD BR SLP216",2025-10-03 18:04:56.734045,2025-10-03 14:04:56.734088
"CYQA","Muskoka Arpt, ON, CA",2025-10-03 17:00:00,"2025-10-03 13:00:00","VFR",23,7,300,8,17,9,1023.5,"METAR CYQA 031700Z AUTO 30008G17KT 210V320 9SM CLR 23/07 A3022 RMK SLP238 DENSITY ALT 1800FT",2025-10-03 18:04:56.740441,2025-10-03 14:04:56.740484
"CYQD","The Pas Arpt, MB, CA",2025-10-03 17:00:00,"2025-10-03 12:00:00","VFR",13,7,130,9,NA,9,1015.7,"METAR CYQD 031700Z AUTO 13009KT 9SM SCT220 13/07 A2999 RMK SLP168",2025-10-03 18:04:56.746942,2025-10-03 14:04:56.746985
"CYQF","Red Deer Rgnl, AB, CA",2025-10-03 17:00:00,"2025-10-03 11:00:00","VFR",12,0,240,6,NA,9,1013.3,"METAR CYQF 031700Z AUTO 24006KT 9SM CLR 12/00 A2992 RMK SLP153 DENSITY ALT 3300FT",2025-10-03 18:04:56.753317,2025-10-03 14:04:56.75336
"CYQH","Watson Lake Arpt, YT, CA",2025-10-03 17:00:00,"2025-10-03 10:00:00","VFR",7,1,260,8,NA,30,1004.8,"METAR CYQH 031700Z 26008KT 30SM OVC054 07/01 A2967 RMK SC8 VIRGA W-NW SLP070",2025-10-03 18:04:56.75967,2025-10-03 14:04:56.759732
"CYQI","Yarmouth Arpt, NS, CA",2025-10-03 17:00:00,"2025-10-03 14:00:00","VFR",16,9,240,13,NA,15,1024.8,"METAR CYQI 031700Z 24013KT 15SM FEW030 FEW250 16/09 A3026 RMK CU1CI1 CU TR CI TR SLP249",2025-10-03 18:04:56.766171,2025-10-03 14:04:56.766214
"CYQR","Regina Intl Arpt, SK, CA",2025-10-03 17:00:00,"2025-10-03 11:00:00","VFR",13,9,80,7,NA,15,1012.3,"METAR CYQR 031700Z 08007KT 15SM -SHRA OVC080 13/09 A2989 RMK AC8 CVCTV CLD EMBD PRESFR SLP132 DENSITY ALT 2200FT",2025-10-03 18:04:56.783821,2025-10-03 14:04:56.783863
"CYQT","Thunder Bay Intl, ON, CA",2025-10-03 17:00:00,"2025-10-03 13:00:00","VFR",22,16,90,3,NA,20,1019.7,"METAR CYQT 031700Z 09003KT 070V130 20SM FEW130 SCT220 22/16 A3011 RMK AC2CI1 SLP200 DENSITY ALT 1500FT",2025-10-03 18:04:56.790084,2025-10-03 14:04:56.790125
"CYQU","Grande Prairie Arpt, AB, CA",2025-10-03 17:00:00,"2025-10-03 11:00:00","VFR",10,4,250,13,NA,25,1008.9,"METAR CYQU 031700Z 25013KT 25SM BKN090 OVC200 10/04 A2979 RMK AC7CI1 SLP108",2025-10-03 18:04:56.796301,2025-10-03 14:04:56.796342
"CYRJ","Roberval Arpt, QC, CA",2025-10-03 17:00:00,"2025-10-03 13:00:00","VFR",18,5,250,8,17,40,1017,"METAR CYRJ 031700Z 25008G17KT 200V270 40SM BKN240 18/05 A3003 RMK CI6 SLP176 DENSITY ALT 1000FT",2025-10-03 18:04:56.802599,2025-10-03 14:04:56.80264
"CYRL","Red Lake Arpt, ON, CA",2025-10-03 17:00:00,"2025-10-03 12:00:00","VFR",16,10,100,7,NA,15,1019,"METAR CYRL 031700Z 10007KT 090V150 15SM BKN100 BKN170 BKN240 16/10 A3009 RMK AC5AC1CI1 SLP197 DENSITY ALT 1500FT",2025-10-03 18:04:56.809012,2025-10-03 14:04:56.809055
"CYRV","Revelstoke Arpt, BC, CA",2025-10-03 17:00:00,"2025-10-03 10:00:00","MVFR",9,8,0,0,NA,9,1019,"METAR CYRV 031700Z AUTO 00000KT 9SM FEW004 SCT008 OVC014 09/08 A3009 RMK SLP203",2025-10-03 18:04:56.815413,2025-10-03 14:04:56.815454
"CYSB","Sudbury Arpt, ON, CA",2025-10-03 17:00:00,"2025-10-03 13:00:00","VFR",22,12,210,12,NA,20,1020.7,"METAR CYSB 031700Z 21012KT 190V260 20SM BKN095 22/12 A3014 RMK AC5 SLP212 DENSITY ALT 2000FT",2025-10-03 18:04:56.821726,2025-10-03 14:04:56.821771
"CYSF","Stony Rapids Arpt, SK, CA",2025-10-03 17:00:00,"2025-10-03 11:00:00","VFR",12,8,180,4,NA,9,1004.8,"METAR CYSF 031700Z AUTO 18004KT 120V210 9SM SCT096 SCT120 12/08 A2967 RMK SLP061",2025-10-03 18:04:56.828072,2025-10-03 14:04:56.828116
"CYSM","Fort Smith Arpt, NT, CA",2025-10-03 17:00:00,"2025-10-03 11:00:00","VFR",12,6,200,8,16,15,998.1,"METAR CYSM 031700Z 20008G16KT 15SM FEW150 BKN260 12/06 A2947 RMK AC1CI6 AC TR SLP990 DENSITY ALT 1000FT",2025-10-03 18:04:56.834395,2025-10-03 14:04:56.834438
"CYSN","St Catharines/Niagara Arpt, ON, CA",2025-10-03 17:00:00,"2025-10-03 13:00:00","VFR",23,15,290,3,NA,15,1023.8,"METAR CYSN 031700Z 29003KT 240V040 15SM SKC 23/15 A3023 RMK SLP240 DENSITY ALT 1100FT",2025-10-03 18:04:56.84075,2025-10-03 14:04:56.8408
"CYTH","Thompson Arpt, MB, CA",2025-10-03 17:00:00,"2025-10-03 12:00:00","VFR",10,5,220,5,NA,15,1018,"METAR CYTH 031700Z 22005KT 15SM FEW020 SCT250 10/05 A3006 RMK SC1CI3 SLP193",2025-10-03 18:04:56.847127,2025-10-03 14:04:56.84717
"CYTQ","Tasiujaq Arpt, QC, CA",2025-10-03 17:00:00,"2025-10-03 13:00:00","MVFR",7,0,300,19,28,15,1001.1,"METAR CYTQ 031700Z 30019G28KT 15SM -SHRA BKN030 BKN240 07/M00 A2956 RMK SC6CI1 -SHRA OCNL SLP015",2025-10-03 18:04:56.85344,2025-10-03 14:04:56.853481
"CYTS","Timmins/Power Arpt, ON, CA",2025-10-03 17:00:00,"2025-10-03 13:00:00","VFR",20,14,260,4,NA,15,1019,"METAR CYTS 031700Z 26004KT 210V310 15SM FEW020 SCT250 20/14 A3009 RMK SC2CI1 SLP195 DENSITY ALT 1700FT",2025-10-03 18:04:56.859893,2025-10-03 14:04:56.859937
"CYMM","Fort McMurray Arpt, AB, CA",2025-10-03 17:00:00,"2025-10-03 11:00:00","VFR",15,6,220,11,NA,9,1006.9,"METAR CYMM 031700Z AUTO 22011KT 9SM CLR 15/06 A2973 RMK SLP080 DENSITY ALT 1800FT",2025-10-03 18:04:56.866336,2025-10-03 14:04:56.866379
"CYMO","Moosonee Arpt, ON, CA",2025-10-03 17:00:00,"2025-10-03 13:00:00","MVFR",12,9,350,7,NA,9,1018.4,"METAR CYMO 031700Z AUTO 35007KT 330V040 9SM OVC012 12/09 A3007 RMK SLP184",2025-10-03 18:04:56.872752,2025-10-03 14:04:56.872798
"CYNA","Natashquan Arpt, QC, CA",2025-10-03 17:00:00,"2025-10-03 13:00:00","VFR",11,6,260,15,21,9,1011.3,"METAR CYNA 031700Z AUTO 26015G21KT 9SM SCT150 11/06 A2986 RMK SLP114",2025-10-03 18:04:56.879162,2025-10-03 14:04:56.879206
"CYND","Gatineau/Ottawa Exec, QC, CA",2025-10-03 17:00:00,"2025-10-03 13:00:00","VFR",21,8,160,3,NA,15,1022.8,"METAR CYND 031700Z 16003KT 140V230 15SM SCT250 21/08 A3020 RMK CI3 SLP230 DENSITY ALT 700FT",2025-10-03 18:04:56.885536,2025-10-03 14:04:56.885578
"CYNE","Norway House Arpt, MB, CA",2025-10-03 17:00:00,"2025-10-03 12:00:00","MVFR",11,5,120,7,NA,9,1018.4,"METAR CYNE 031700Z AUTO 12007KT 080V160 9SM OVC029 11/05 A3007 RMK SLP194",2025-10-03 18:04:56.891936,2025-10-03 14:04:56.891979
"CYNM","Matagami Arpt, QC, CA",2025-10-03 17:00:00,"2025-10-03 13:00:00","MVFR",16,13,270,7,NA,9,1017.4,"METAR CYNM 031700Z AUTO 27007KT 230V300 9SM OVC017 16/13 A3004 RMK SLP179 DENSITY ALT 1200FT",2025-10-03 18:04:56.89831,2025-10-03 14:04:56.898354
"CYVC","La Ronge Arpt, SK, CA",2025-10-03 17:00:00,"2025-10-03 11:00:00","VFR",11,7,150,8,NA,15,1013.6,"METAR CYVC 031700Z 15008KT 15SM OVC200 11/07 A2993 RMK CI8 SLP152",2025-10-03 18:04:56.904777,2025-10-03 14:04:56.915487
"CYVM","Broughton Isl/Qikiqtarjuaq Arpt, NU, CA",2025-10-03 17:00:00,"2025-10-03 13:00:00","VFR",2,1,360,2,NA,12,970.6,"METAR CYVM 031700Z 36002KT 12SM FEW007 FEW011 FEW020 SCT050 OVC060 02/01 A2866 RMK SF1SC2SC1SC2SC4 SF TR SC TR SUN VISBL SLP709",2025-10-03 18:04:56.92195,2025-10-03 14:04:56.921993
"CYVO","Val D'Or Arpt, QC, CA",2025-10-03 17:00:00,"2025-10-03 13:00:00","VFR",17,10,250,8,NA,15,1019.4,"METAR CYVO 031700Z 25008KT 15SM FEW060 BKN075 17/10 A3010 RMK CU2AC5 SLP204 DENSITY ALT 1400FT",2025-10-03 18:04:56.928262,2025-10-03 14:04:56.928302
"CYVT","Buffalo Narrows Arpt, SK, CA",2025-10-03 17:00:00,"2025-10-03 11:00:00","VFR",14,7,190,8,15,9,1009.2,"METAR CYVT 031700Z AUTO 19008G15KT 9SM BKN091 OVC110 14/07 A2980 RMK SLP106 DENSITY ALT 1800FT",2025-10-03 18:04:56.934585,2025-10-03 14:04:56.934627
"CYWJ","Déline Arpt, NT, CA",2025-10-03 17:00:00,"2025-10-03 11:00:00","VFR",4,1,310,11,NA,20,997.7,"METAR CYWJ 031700Z 31011KT 20SM OVC061 04/01 A2946 RMK SC8 SLP991",2025-10-03 18:04:56.941022,2025-10-03 14:04:56.941066
"CYWL","Williams Lake Rgnl, BC, CA",2025-10-03 17:00:00,"2025-10-03 10:00:00","VFR",5,4,140,5,NA,15,1017.7,"METAR CYWL 031700Z 14005KT 15SM FEW100 BKN200 05/04 A3005 RMK AC2CI5 SLP197",2025-10-03 18:04:56.947441,2025-10-03 14:04:56.947484
"CYWA","Petawawa Arpt, ON, CA",2025-10-03 17:00:00,"2025-10-03 13:00:00","VFR",21,8,120,6,NA,15,1021.8,"METAR CYWA 031700Z 12006KT 15SM FEW240 21/08 A3017 RMK CI1 OBS TAKEN +11 DENSITY ALT 1042FT SLP219",2025-10-03 18:04:56.953897,2025-10-03 14:04:56.953943
"CYPY","Fort Chipewyan Arpt, AB, CA",2025-10-03 17:00:00,"2025-10-03 11:00:00","VFR",13,7,210,6,NA,9,1001.4,"METAR CYPY 031700Z AUTO 21006KT 170V250 9SM CLR 13/07 A2957 RMK SLP024 DENSITY ALT 1100FT",2025-10-03 18:04:56.960187,2025-10-03 14:04:56.960229
"CYQL","Lethbridge Cnty Arpt, AB, CA",2025-10-03 17:00:00,"2025-10-03 11:00:00","VFR",14,0,260,6,NA,60,1014.3,"METAR CYQL 031700Z 26006KT 60SM FEW150 BKN270 14/00 A2995 RMK AC2CI4 SLP146 DENSITY ALT 3700FT",2025-10-03 18:04:56.966501,2025-10-03 14:04:56.966542
"CYQW","North Battleford Arpt, SK, CA",2025-10-03 17:00:00,"2025-10-03 11:00:00","VFR",9,7,130,4,NA,9,1013,"METAR CYQW 031700Z AUTO 13004KT 060V170 9SM CLR 09/07 A2991 RMK SLP144",2025-10-03 18:04:56.972798,2025-10-03 14:04:56.972841
"CYPL","Pickle Lake Arpt, ON, CA",2025-10-03 17:00:00,"2025-10-03 12:00:00","VFR",14,8,10,3,NA,9,1020.4,"METAR CYPL 031700Z AUTO 01003KT 280V070 9SM CLR 14/08 A3013 RMK SLP212",2025-10-03 18:04:56.979104,2025-10-03 14:04:56.979147
"CYRB","Resolute Bay Arpt, NU, CA",2025-10-03 17:00:00,"2025-10-03 12:00:00","MVFR",-7,-8,110,2,NA,20,998.1,"METAR CYRB 031700Z 11002KT 20SM -SN OVC017 M07/M08 A2947 RMK SC8 SLP988",2025-10-03 18:04:56.985414,2025-10-03 14:04:56.985458
"CYRQ","Trois-Rivières, QC, CA",2025-10-03 17:00:00,"2025-10-03 13:00:00","VFR",19,8,210,15,NA,9,1021.8,"METAR CYRQ 031700Z AUTO 21015KT 9SM CLR 19/08 A3017 RMK SLP219 DENSITY ALT 400FT",2025-10-03 18:04:56.991796,2025-10-03 14:04:56.991841
"CYSC","Sherbrooke Arpt, QC, CA",2025-10-03 17:00:00,"2025-10-03 13:00:00","VFR",20,6,230,10,16,9,1023.1,"METAR CYSC 031700Z AUTO 23010G16KT 210V300 9SM FEW250 20/06 A3021 RMK SLP235 DENSITY ALT 1300FT",2025-10-03 18:04:56.998241,2025-10-03 14:04:56.998283
"CYVQ","Norman Wells Arpt, NT, CA",2025-10-03 17:00:00,"2025-10-03 11:00:00","VFR",3,1,290,11,17,30,1002.5,"METAR CYVQ 031700Z 29011G17KT 30SM FEW006 BKN050 BKN100 03/01 A2960 RMK ST2SC3AC2 SLP031",2025-10-03 18:04:57.004664,2025-10-03 14:04:57.004725
"CYQV","Yorkton Muni, SK, CA",2025-10-03 17:00:00,"2025-10-03 11:00:00","VFR",14,11,120,6,NA,9,1014,"METAR CYQV 031700Z AUTO 12006KT 9SM FEW100 BKN130 OVC150 14/11 A2994 RMK SLP154 DENSITY ALT 1900FT",2025-10-03 18:04:57.011042,2025-10-03 14:04:57.011084
"CYUX","Hall Beach Arpt, NU, CA",2025-10-03 17:00:00,"2025-10-03 13:00:00","VFR",-2,-4,330,25,NA,NA,995,"METAR CYUX 031700Z 33025KT 10SM SCT020 M02/M04 A2938 RMK SC4 SLP952",2025-10-03 18:04:57.017487,2025-10-03 14:04:57.01753
"CYMT","Chibougamau Arpt, QC, CA",2025-10-03 17:00:00,"2025-10-03 13:00:00","MVFR",10,8,200,6,NA,9,1017,"METAR CYMT 031700Z AUTO 20006KT 190V250 9SM SCT013 OVC022 10/08 A3003 RMK SLP181",2025-10-03 18:04:57.023836,2025-10-03 14:04:57.023881
"CYMU","Umiujaq Arpt, QC, CA",2025-10-03 17:00:00,"2025-10-03 13:00:00","MVFR",6,4,290,17,NA,NA,1012.3,"METAR CYMU 031700Z 29017KT 10SM BKN015 06/04 A2989 RMK SC7 INTMT -RA CIG RAG SLP128",2025-10-03 18:04:57.030233,2025-10-03 14:04:57.030277
"CYSK","Sanikiluaq Arpt, QC, CA",2025-10-03 17:00:00,"2025-10-03 13:00:00","MVFR",6,3,270,12,NA,15,1014.6,"METAR CYSK 031700Z 27012KT 15SM OVC029 06/03 A2996 RMK SC8 SLP148",2025-10-03 18:04:57.036583,2025-10-03 14:04:57.036626
"CYPD","Port Hawkesbury Arpt, NS, CA",2025-10-03 17:00:00,"2025-10-03 14:00:00","VFR",19,5,270,9,17,9,1020.1,"METAR CYPD 031700Z AUTO 27009G17KT 9SM CLR 19/05 A3012 RMK SLP202 DENSITY ALT 700FT",2025-10-03 18:04:57.053374,2025-10-03 14:04:57.053416
"CYWH","Victoria Harbour Arpt, BC, CA",2025-10-03 17:00:00,"2025-10-03 10:00:00","MVFR",13,12,80,3,NA,15,1021.4,"METAR CYWH 031700Z 08003KT 030V090 15SM BKN012 OVC025 13/12 A3016 RMK SC6SC2 SLP214",2025-10-03 18:04:57.059557,2025-10-03 14:04:57.059598
"CYTR","Trenton, ON, CA",2025-10-03 17:00:00,"2025-10-03 13:00:00","VFR",22,14,210,7,NA,15,1024.1,"METAR CYTR 031700Z 21007KT 15SM FEW250 22/14 A3024 RMK CI2 DENSITY ALT 956FT SLP242",2025-10-03 18:04:57.065899,2025-10-03 14:04:57.065942
"CYUL","Montreal/Trudeau Intl, QC, CA",2025-10-03 17:00:00,"2025-10-03 13:00:00","VFR",20,10,220,9,NA,30,1022.8,"METAR CYUL 031700Z 22009KT 30SM FEW250 20/10 A3020 RMK CI1 SLP229 DENSITY ALT 400FT",2025-10-03 18:04:57.072159,2025-10-03 14:04:57.072201
"CYTZ","Toronto/Bishop Arpt, ON, CA",2025-10-03 17:00:00,"2025-10-03 13:00:00",NA,19,15,NA,NA,NA,NA,1024.1,"METAR CYTZ 031700Z AUTO /////KT 19/15 A3024 RMK WIND MISG CLD MISG WX MISG VIS MISG SLP243 DENSITY ALT 500FT",2025-10-03 18:04:57.078546,2025-10-03 14:04:57.078587
"CYVV","Wiarton Arpt, ON, CA",2025-10-03 17:00:00,"2025-10-03 13:00:00","VFR",22,11,250,7,NA,15,1023.1,"METAR CYVV 031700Z 25007KT 15SM SKC 22/11 A3021 RMK SLP233 DENSITY ALT 1500FT",2025-10-03 18:04:57.084901,2025-10-03 14:04:57.084944
"CYRT","Rankin Inlet Arpt, NU, CA",2025-10-03 17:00:00,"2025-10-03 12:00:00","VFR",6,1,260,9,NA,15,1009.9,"METAR CYRT 031700Z 26009KT 15SM FEW012 FEW030 SCT250 06/01 A2982 RMK SC1SC2CI1 SC TR SLP101",2025-10-03 18:04:57.091208,2025-10-03 14:04:57.091249
"CYUT","Repulse Bay Arpt, NU, CA",2025-10-03 17:00:00,"2025-10-03 12:00:00","MVFR",0,-5,320,16,NA,15,1003.1,"METAR CYUT 031700Z 32016KT 15SM BKN025 00/M05 A2962 RMK SC7 SLP036",2025-10-03 18:04:57.097477,2025-10-03 14:04:57.09752
"CYWE","Wekweètì Arpt, NT, CA",2025-10-03 17:00:00,"2025-10-03 11:00:00","MVFR",7,5,210,6,NA,9,992.3,"METAR CYWE 031700Z AUTO 21006KT 9SM OVC010 07/05 A2930 RMK SLP941",2025-10-03 18:04:57.1038,2025-10-03 14:04:57.103844
"CYMH","Mary's Harbor Arpt, NL, CA",2025-10-03 17:00:00,"2025-10-03 14:30:00","VFR",20,5,230,16,27,9,1002.5,"METAR CYMH 031700Z AUTO 23016G27KT 9SM CLR 20/05 A2960 RMK SLP026 DENSITY ALT 1000FT",2025-10-03 18:04:57.1101,2025-10-03 14:04:57.110142
"CYMX","Montreal/Mirabel Arpt, QC, CA",2025-10-03 17:00:00,"2025-10-03 13:00:00","VFR",20,9,230,7,NA,25,1022.4,"METAR CYMX 031700Z 23007KT 170V320 25SM FEW250 20/09 A3019 RMK CI2 SLP229 DENSITY ALT 700FT",2025-10-03 18:04:57.116403,2025-10-03 14:04:57.116446
"CYOW","Ottawa/Cartier Intl, ON, CA",2025-10-03 17:00:00,"2025-10-03 13:00:00","VFR",22,8,250,6,NA,15,1022.8,"METAR CYOW 031700Z 25006KT 200V280 15SM FEW200 BKN260 22/08 A3020 RMK CI1CI5 CI TR SLP232 DENSITY ALT 1000FT",2025-10-03 18:04:57.12276,2025-10-03 14:04:57.122804
"CYQB","Quebec/Lesage Intl, QC, CA",2025-10-03 17:00:00,"2025-10-03 13:00:00","VFR",18,7,260,13,18,30,1021.1,"METAR CYQB 031700Z 26013G18KT 30SM FEW120 FEW220 BKN280 18/07 A3015 RMK AC1CI2CI4 AC TR SLP215",2025-10-03 18:04:57.129121,2025-10-03 14:04:57.129164
"CYQM","Moncton Intl, NB, CA",2025-10-03 17:00:00,"2025-10-03 14:00:00","VFR",20,3,220,17,22,15,1019,"METAR CYQM 031700Z 22017G22KT 15SM FEW240 20/03 A3009 RMK CI1 CI TR SLP194 DENSITY ALT 700FT",2025-10-03 18:04:57.135499,2025-10-03 14:04:57.135541
"CYQX","Gander Intl Arpt, NL, CA",2025-10-03 17:00:00,"2025-10-03 14:30:00","VFR",18,6,250,12,19,20,1012.6,"METAR CYQX 031700Z 25012G19KT 20SM SCT140 18/06 A2990 RMK AC3 SLP130 DENSITY ALT 1000FT",2025-10-03 18:04:57.141884,2025-10-03 14:04:57.141927
"CYQY","Sydney Arpt, NS, CA",2025-10-03 17:00:00,"2025-10-03 14:00:00","VFR",19,6,280,15,22,15,1018.4,"METAR CYQY 031700Z 28015G22KT 230V290 15SM FEW160 SCT200 SCT240 19/06 A3007 RMK AC2CC2CI1 CI TR SLP187 DENSITY ALT 600FT",2025-10-03 18:04:57.14827,2025-10-03 14:04:57.148312
"CYSJ","Saint John Arpt, NB, CA",2025-10-03 17:00:00,"2025-10-03 14:00:00","VFR",17,8,190,13,NA,15,1021.4,"METAR CYSJ 031700Z 19013KT 15SM SKC 17/08 A3016 RMK SLP219",2025-10-03 18:04:57.154677,2025-10-03 14:04:57.154739
"CYTE","Cape Dorset Arpt, NU, CA",2025-10-03 17:00:00,"2025-10-03 13:00:00","MVFR",3,1,NA,NA,NA,15,993,"METAR CYTE 031700Z 27025G//KT 15SM BKN017 03/01 A2932 RMK SC7 WIND EST SLP935",2025-10-03 18:04:57.161075,2025-10-03 14:04:57.161119
"CYTL","Big Trout Lake Arpt, ON, CA",2025-10-03 17:00:00,"2025-10-03 12:00:00","MVFR",7,4,20,3,NA,9,1021.4,"METAR CYTL 031700Z AUTO 02003KT 320V060 9SM OVC014 07/04 A3016 RMK SLP226",2025-10-03 18:04:57.167553,2025-10-03 14:04:57.167596
"CYUY","Rouyn/Noranda Arpt, QC, CA",2025-10-03 17:00:00,"2025-10-03 13:00:00","VFR",19,11,230,8,NA,15,1019,"METAR CYUY 031700Z 23008KT 15SM SCT063 BKN085 BKN120 19/11 A3009 RMK SC3AC3AC1 SLP198 DENSITY ALT 1500FT",2025-10-03 18:04:57.184637,2025-10-03 14:04:57.184682
"CYVP","Kuujjuaq Arpt, QC, CA",2025-10-03 17:00:00,"2025-10-03 13:00:00","VFR",8,2,290,16,22,15,1001.1,"METAR CYVP 031700Z 29016G22KT 250V340 15SM -SHRA BKN032 BKN150 BKN180 08/02 A2956 RMK SC5AC1AC1 CVCTV CLD EMBD SLP014",2025-10-03 18:04:57.191005,2025-10-03 14:04:57.191046
"CYVR","Vancouver Intl, BC, CA",2025-10-03 17:00:00,"2025-10-03 10:00:00","VFR",14,11,120,3,NA,20,1021.1,"METAR CYVR 031700Z 12003KT 050V140 20SM FEW014 BKN060 BKN220 14/11 A3015 RMK SC1SC4CI1 SLP212",2025-10-03 18:04:57.197264,2025-10-03 14:04:57.197305
"CYWG","Winnipeg Intl Arpt, MB, CA",2025-10-03 17:00:00,"2025-10-03 12:00:00","VFR",21,14,130,10,NA,15,1014.6,"METAR CYWG 031700Z 13010KT 15SM BKN140 BKN200 21/14 A2996 RMK AC5CI2 SLP149 DENSITY ALT 1700FT",2025-10-03 18:04:57.20353,2025-10-03 14:04:57.203573
"CZUM","Churchill Falls Arpt, NL, CA",2025-10-03 17:56:00,"2025-10-03 14:56:00","MVFR",14,10,240,7,26,9,1004.1,"SPECI CZUM 031756Z AUTO 24007G26KT 200V280 9SM BKN025 BKN030 14/10 A2965 RMK SLP051 DENSITY ALT 2000FT",2025-10-03 18:04:58.897089,2025-10-03 14:04:58.897133
"K0E0","Moriarty Muni, NM, US",2025-10-03 17:55:00,"2025-10-03 17:55:00","VFR",25.8,3.9,200,17,20,NA,1027.5,"METAR K0E0 031755Z AUTO 20017G20KT 10SM BKN095 26/04 A3034 RMK AO2 T02580039 10258 20045",2025-10-03 18:04:58.903578,2025-10-03 14:04:58.903622
"K06C","Schaumburg Rgnl, IL, US",2025-10-03 17:55:00,"2025-10-03 17:55:00","VFR",30.3,17.2,220,6,NA,NA,1022.4,"METAR K06C 031755Z AUTO 22006KT 10SM CLR 30/17 A3019 RMK AO2 T03030172 10304 20178",2025-10-03 18:04:58.909961,2025-10-03 14:04:58.910006
"K06D","Rolla Muni, ND, US",2025-10-03 17:55:00,"2025-10-03 17:55:00","VFR",23,10,130,8,NA,NA,1012.3,"METAR K06D 031755Z AUTO 13008KT 10SM CLR 23/10 A2989 RMK AO2",2025-10-03 18:04:58.916306,2025-10-03 14:04:58.916351
"K0F2","Bowie Muni, TX, US",2025-10-03 17:55:00,"2025-10-03 17:55:00","VFR",30.2,16.7,170,5,NA,NA,1021.4,"METAR K0F2 031755Z AUTO 17005KT 10SM CLR 30/17 A3016 RMK AO2 T03020167 10304 20175",2025-10-03 18:04:58.922819,2025-10-03 14:04:58.922863
"K08D","Stanley Muni, ND, US",2025-10-03 17:55:00,"2025-10-03 17:55:00","VFR",22,13,110,9,NA,NA,1010.6,"METAR K08D 031755Z AUTO 11009KT 10SM CLR 22/13 A2984 RMK AO2",2025-10-03 18:04:58.929253,2025-10-03 14:04:58.929296
"CZFN","Fort Norman Arpt, NT, CA",2025-10-03 17:51:00,"2025-10-03 11:51:00","VFR",4,1,290,8,NA,15,1001.1,"SPECI CZFN 031751Z 29008KT 190V330 15SM FEW011 BKN077 04/01 A2956 RMK SF2AS5 SLP020",2025-10-03 18:04:58.935554,2025-10-03 14:04:58.935596
"CYYD","Smithers Arpt, BC, CA",2025-10-03 17:45:00,"2025-10-03 10:45:00","VFR",9,6,NA,2,NA,25,1015,"SPECI CYYD 031745Z VRB02KT 25SM FEW040 BKN060 BKN075 09/06 A2997 RMK CF1SC4AC2 SLP161",2025-10-03 18:04:58.941941,2025-10-03 14:04:58.941986
"CYZR","Sarnia/Hadfield Arpt, ON, CA",2025-10-03 17:44:00,"2025-10-03 13:44:00","VFR",27,8,90,3,NA,7,1023.1,"SPECI CYZR 031744Z AUTO 09003KT 050V190 7SM CLR 27/08 A3021 RMK SLP232 DENSITY ALT 1800FT",2025-10-03 18:04:58.948229,2025-10-03 14:04:58.948272
"K0A9","Elizabethton Muni, TN, US",2025-10-03 17:35:00,"2025-10-03 17:35:00","VFR",22,10,NA,5,NA,NA,1026.8,"METAR K0A9 031735Z AUTO VRB05KT 10SM CLR 22/10 A3032 RMK AO2",2025-10-03 18:04:58.954653,2025-10-03 14:04:58.954715
"K0D8","Gettysburg Muni, SD, US",2025-10-03 17:35:00,"2025-10-03 17:35:00","VFR",12,-1,170,12,18,NA,1013.3,"METAR K0D8 031735Z AUTO 17012G18KT 10SM CLR 12/M01 A2992 RMK A01",2025-10-03 18:04:58.961101,2025-10-03 14:04:58.961145
"K05U","Eureka Arpt, NV, US",2025-10-03 17:35:00,"2025-10-03 10:35:00","MVFR",5,4,320,3,11,3,1020.4,"METAR K05U 031735Z AUTO 32003G11KT 3SM BR BKN018 OVC023 05/04 A3013 RMK A01",2025-10-03 18:04:58.979292,2025-10-03 14:04:58.979335
"CYZG","Salliut Arpt, QC, CA",2025-10-03 17:34:00,"2025-10-03 13:34:00","IFR",1,0,330,12,NA,3,998.4,"SPECI CYZG 031734Z 33012KT 3SM -DZRA BR SCT003 OVC008 01/00 A2948 RMK FG2NS2SC4 SLP999",2025-10-03 18:04:58.986074,2025-10-03 14:04:58.986115
"CZEM","Eastmain River Arpt, QC, CA",2025-10-03 17:19:00,"2025-10-03 13:19:00","MVFR",10,8,320,9,16,15,1016.3,"SPECI CZEM 031719Z 32009G16KT 15SM BKN010 OVC080 10/08 A3001 RMK SC6AC2 SLP166",2025-10-03 18:04:58.992332,2025-10-03 14:04:58.992372
"CYYG","Charlottetown Arpt, PE, CA",2025-10-03 17:00:00,"2025-10-03 14:00:00","VFR",18,6,240,11,18,15,1018.7,"METAR CYYG 031700Z 24011G18KT 15SM FEW260 18/06 A3008 RMK CI1 CI TR SLP190 DENSITY ALT 500FT",2025-10-03 18:04:58.99862,2025-10-03 14:04:58.998663
"CYYU","Kapuskasing Arpt, ON, CA",2025-10-03 17:00:00,"2025-10-03 13:00:00","VFR",20,15,280,5,NA,15,1018.4,"METAR CYYU 031700Z 28005KT 240V330 15SM FEW018 FEW064 SCT260 20/15 A3007 RMK SC1SC1CI3 SC TR SLP188 DENSITY ALT 1400FT",2025-10-03 18:04:59.004987,2025-10-03 14:04:59.005031
"CYYY","Mont Joli Arpt, QC, CA",2025-10-03 17:00:00,"2025-10-03 13:00:00","VFR",20,1,250,16,25,30,1015.3,"METAR CYYY 031700Z 25016G25KT 30SM FEW120 SCT240 20/01 A2998 RMK AC1CI2 SLP157 DENSITY ALT 700FT",2025-10-03 18:04:59.0114,2025-10-03 14:04:59.011442
"CYXT","Terrace Arpt, BC, CA",2025-10-03 17:00:00,"2025-10-03 10:00:00","VFR",9,8,190,12,20,20,1018,"METAR CYXT 031700Z 19012G20KT 20SM FEW001 FEW020 SCT042 BKN048 BKN095 09/08 A3006 RMK SF1SF1SC3SC3AC1 SF TR SF TR SLP188",2025-10-03 18:04:59.017761,2025-10-03 14:04:59.017805
"CYXL","Sioux Lookout Arpt, ON, CA",2025-10-03 17:00:00,"2025-10-03 12:00:00","VFR",16,10,180,6,NA,15,1019.7,"METAR CYXL 031700Z 18006KT 110V220 15SM SCT100 BKN120 BKN240 16/10 A3011 RMK AC4AC2CI1 DIST SHRA NW ACC ASOCTD SLP209 DENSITY ALT 1500FT",2025-10-03 18:04:59.024069,2025-10-03 14:04:59.024111
"CYYW","Armstrong Arpt, ON, CA",2025-10-03 17:00:00,"2025-10-03 13:00:00","VFR",17,11,130,4,NA,9,1020.1,"METAR CYYW 031700Z AUTO 13004KT 060V160 9SM CLR 17/11 A3012 RMK SLP198 DENSITY ALT 1300FT",2025-10-03 18:04:59.030387,2025-10-03 14:04:59.030431
"CZMD","Muskrat Dam Arpt, ON, CA",2025-10-03 17:00:00,"2025-10-03 12:00:00","MVFR",10,4,200,3,NA,9,1020.7,"METAR CZMD 031700Z AUTO 20003KT 170V260 9SM OVC024 10/04 A3014 RMK SLP217",2025-10-03 18:04:59.036784,2025-10-03 14:04:59.036829
"CZSJ","Sandy Lake Arpt, ON, CA",2025-10-03 17:00:00,"2025-10-03 12:00:00","MVFR",10,6,120,4,NA,9,1020.1,"METAR CZSJ 031700Z AUTO 12004KT 050V210 9SM OVC018 10/06 A3012 RMK SLP212",2025-10-03 18:04:59.043151,2025-10-03 14:04:59.043193
"CZFA","Faro Arpt, YT, CA",2025-10-03 17:00:00,"2025-10-03 10:00:00","VFR",3,-2,280,13,18,30,1006.2,"METAR CZFA 031700Z 28013G18KT 30SM FEW010 FEW026 SCT032 03/M02 A2971 RMK SC1SC2SC2 SC TR SLP094",2025-10-03 18:04:59.049516,2025-10-03 14:04:59.049559
"CZMT","Masset Arpt, BC, CA",2025-10-03 17:00:00,"2025-10-03 10:00:00","MVFR",11,10,160,9,NA,15,1015,"METAR CZMT 031700Z 16009KT 15SM BKN028 11/10 A2997 RMK SC7 SLP149",2025-10-03 18:04:59.055912,2025-10-03 14:04:59.055954
"CYXS","Prince George Arpt, BC, CA",2025-10-03 17:00:00,"2025-10-03 10:00:00","VFR",7,7,170,7,NA,8,1015.7,"METAR CYXS 031700Z AUTO 17007KT 8SM -RA FEW007 BKN031 OVC040 07/07 A2999 RMK PCPN 2.0MM PAST HR SLP175",2025-10-03 18:04:59.062296,2025-10-03 14:04:59.062339
"CYZE","Gore Bay/Manitoulin Arpt, ON, CA",2025-10-03 17:00:00,"2025-10-03 13:00:00","VFR",22,14,200,8,NA,9,1021.1,"METAR CYZE 031700Z AUTO 20008KT 9SM CLR 22/14 A3015 RMK SLP215 DENSITY ALT 1300FT",2025-10-03 18:04:59.068716,2025-10-03 14:04:59.068764
"CYXU","London Intl, ON, CA",2025-10-03 17:00:00,"2025-10-03 13:00:00","VFR",24,11,0,0,NA,15,1024.5,"METAR CYXU 031700Z 00000KT 15SM FEW052 24/11 A3025 RMK CU1 CU TR SLP246 DENSITY ALT 1800FT",2025-10-03 18:04:59.0751,2025-10-03 14:04:59.075143
"CYXX","Abbotsford Intl, BC, CA",2025-10-03 17:00:00,"2025-10-03 10:00:00","VFR",13,10,80,3,NA,30,1021.1,"METAR CYXX 031700Z 08003KT 030V110 30SM FEW057 SCT100 13/10 A3015 RMK CU2AC1 SLP212",2025-10-03 18:04:59.081509,2025-10-03 14:04:59.081551
"CYYC","Calgary Intl, AB, CA",2025-10-03 17:00:00,"2025-10-03 11:00:00","VFR",14,-3,280,10,NA,40,1014,"METAR CYYC 031700Z 28010KT 40SM FEW066 FEW250 14/M03 A2994 RMK AC1CI1 AC TR SLP150 DENSITY ALT 4400FT",2025-10-03 18:04:59.087898,2025-10-03 14:04:59.087943
"CYYQ","Churchill Arpt, MB, CA",2025-10-03 17:00:00,"2025-10-03 12:00:00","VFR",10,4,240,11,NA,15,1016,"METAR CYYQ 031700Z 24011KT 15SM FEW250 10/04 A3000 RMK CI2 SLP162",2025-10-03 18:04:59.094259,2025-10-03 14:04:59.094303
"CYZV","Sept-Îles Arpt, QC, CA",2025-10-03 17:00:00,"2025-10-03 13:00:00","VFR",14,5,240,11,16,30,1012.6,"METAR CYZV 031700Z 24011G16KT 30SM FEW070 SCT100 BKN160 BKN200 OVC280 14/05 A2990 RMK AC1AC4AC1CC2CI1 AC TR SLP129",2025-10-03 18:04:59.10076,2025-10-03 14:04:59.100806
"CYXH","Medicine Hat Arpt, AB, CA",2025-10-03 17:00:00,"2025-10-03 11:00:00","VFR",16,2,210,11,NA,30,1013.6,"METAR CYXH 031700Z 21011KT 30SM FEW140 SCT180 BKN240 16/02 A2993 RMK AC2AC2CI2 SLP143 DENSITY ALT 3000FT",2025-10-03 18:04:59.117779,2025-10-03 14:04:59.117822
"CYXQ","Beaver Creek Arpt, YT, CA",2025-10-03 17:00:00,"2025-10-03 10:00:00","VFR",-3,-4,0,0,NA,25,1007.2,"METAR CYXQ 031700Z 00000KT 25SM SCT090 OVC250 M03/M04 A2974 RMK AC3CI5 SLP108",2025-10-03 18:04:59.123951,2025-10-03 14:04:59.123992
"CYYF","Penticton Rgnl, BC, CA",2025-10-03 17:00:00,"2025-10-03 10:00:00","VFR",12,6,190,3,NA,15,1019,"METAR CYYF 031700Z 19003KT 15SM SCT240 12/06 A3009 RMK CI3 SLP195",2025-10-03 18:04:59.130177,2025-10-03 14:04:59.130219
"CYYH","Taloyoak Arpt, NU, CA",2025-10-03 17:00:00,"2025-10-03 11:00:00","VFR",0,-4,290,8,NA,20,1002.8,"METAR CYYH 031700Z 29008KT 20SM FEW015 FEW050 FEW081 SCT230 M00/M04 A2961 RMK SC1SC1AC1CI3 SC TR SC TR SLP033",2025-10-03 18:04:59.13645,2025-10-03 14:04:59.136492
"CYYN","Swift Current Arpt, SK, CA",2025-10-03 17:00:00,"2025-10-03 11:00:00","VFR",9,8,300,8,NA,9,1014.3,"METAR CYYN 031700Z AUTO 30008KT 9SM -RA SCT055 OVC074 09/08 A2995 RMK PCPN 2.0MM PAST HR SLP157",2025-10-03 18:04:59.142873,2025-10-03 14:04:59.142916
"CYZH","Slave Lake Arpt, AB, CA",2025-10-03 17:00:00,"2025-10-03 11:00:00","VFR",6,6,80,4,NA,9,1008.5,"METAR CYZH 031700Z AUTO 08004KT 9SM FEW001 SCT150 06/06 A2978 RMK SLP106",2025-10-03 18:04:59.149313,2025-10-03 14:04:59.149356
"CZPC","Pincher Creek Arpt, AB, CA",2025-10-03 17:00:00,"2025-10-03 11:00:00","VFR",13,-1,270,12,NA,9,1015,"METAR CZPC 031700Z AUTO 27012KT 9SM CLR 13/M01 A2997 RMK SLP156 DENSITY ALT 4600FT",2025-10-03 18:04:59.15564,2025-10-03 14:04:59.155683
"CYYR","Goose Bay Arpt, NL, CA",2025-10-03 17:00:00,"2025-10-03 14:00:00","VFR",19,10,230,21,29,15,1002.5,"METAR CYYR 031700Z 23021G29KT 15SM FEW035 FEW130 FEW230 19/10 A2960 RMK SC1AC1CI1 DENSITY ALT 1232FT SLP024",2025-10-03 18:04:59.162092,2025-10-03 14:04:59.162135
"CYZX","Greenwood , NS, CA",2025-10-03 17:00:00,"2025-10-03 14:00:00","VFR",20,5,230,13,20,15,1021.8,"METAR CYZX 031700Z 23013G20KT 15SM SKC 20/05 A3017 RMK DENSITY ALT 540FT SLP217",2025-10-03 18:04:59.168479,2025-10-03 14:04:59.168521
"CZVL","Edmonton/Villenueve Arpt, AB, CA",2025-10-03 17:00:00,"2025-10-03 17:00:00","VFR",15,2,280,4,NA,9,1011.3,"METAR CZVL 031700Z AUTO 28004KT 240V310 9SM CLR 15/02 A2986 RMK SLP121 DENSITY ALT 2900FT",2025-10-03 18:04:59.17482,2025-10-03 14:04:59.174864
"CYYB","North Bay/Garland Arpt, ON, CA",2025-10-03 17:00:00,"2025-10-03 13:00:00","VFR",20,11,230,8,NA,30,1021.8,"METAR CYYB 031700Z 23008KT 30SM SCT150 20/11 A3017 RMK AC4 SLP221 DENSITY ALT 1900FT",2025-10-03 18:04:59.181135,2025-10-03 14:04:59.181177
"CYXJ","Fort St John/N Peace Rgnl, BC, CA",2025-10-03 17:00:00,"2025-10-03 10:00:00","VFR",10,4,240,16,21,60,1006.5,"METAR CYXJ 031700Z 24016G21KT 60SM FEW039 BKN084 OVC230 10/04 A2972 RMK SC1AC6CI1 SLP082 DENSITY ALT 2500FT",2025-10-03 18:04:59.187423,2025-10-03 14:04:59.187467
"CYZW","Teslin Arpt, YT, CA",2025-10-03 17:00:00,"2025-10-03 10:00:00","VFR",6,1,270,9,NA,30,1007.9,"METAR CYZW 031700Z 27009KT 30SM BKN060 06/01 A2976 RMK CU7 PRESRR SLP105",2025-10-03 18:04:59.193774,2025-10-03 14:04:59.193817
"CYZU","Whitecourt Arpt, AB, CA",2025-10-03 17:00:00,"2025-10-03 11:00:00","VFR",9,4,230,4,NA,15,1010.9,"METAR CYZU 031700Z 23004KT 15SM FEW120 BKN240 09/04 A2985 RMK AC1CI6 SLP129",2025-10-03 18:04:59.200115,2025-10-03 14:04:59.200155
"CYZP","Sandspit Arpt, BC, CA",2025-10-03 17:00:00,"2025-10-03 10:00:00","VFR",12,9,180,9,NA,9,1015.3,"METAR CYZP 031700Z AUTO 18009KT 9SM BKN038 12/09 A2998 RMK SLP153",2025-10-03 18:04:59.206506,2025-10-03 14:04:59.206547
"CYZT","Port Hardy Arpt, BC, CA",2025-10-03 17:00:00,"2025-10-03 10:00:00","VFR",11,11,0,0,NA,15,1020.7,"METAR CYZT 031700Z 00000KT 15SM PRFG FEW001 SCT030 BKN060 OVC110 11/11 A3014 RMK SF1SC3SC3AC1 FG BANK SE-S SLP207",2025-10-03 18:04:59.212882,2025-10-03 14:04:59.212925
"CYXR","Earlton Arpt, ON, CA",2025-10-03 17:00:00,"2025-10-03 13:00:00","VFR",17,12,220,7,NA,9,1019.7,"METAR CYXR 031700Z AUTO 22007KT 9SM OVC055 17/12 A3011 RMK SLP202 DENSITY ALT 1000FT",2025-10-03 18:04:59.21923,2025-10-03 14:04:59.219275
"CYZS","Coral Harbour Arpt, NU, CA",2025-10-03 17:00:00,"2025-10-03 12:00:00","MVFR",1,-4,320,24,NA,15,1002.5,"METAR CYZS 031700Z 32024KT 15SM BKN020 01/M04 A2960 RMK SC6 SLP030",2025-10-03 18:04:59.225575,2025-10-03 14:04:59.225616
"CYXN","Whale Cove Arpt, NU, CA",2025-10-03 17:00:00,"2025-10-03 12:00:00","VFR",7,3,240,14,NA,15,1010.6,"METAR CYXN 031700Z 24014KT 15SM BKN060 07/03 A2984 RMK SC6 SLP108",2025-10-03 18:04:59.232032,2025-10-03 14:04:59.232075
"CYZF","Yellowknife Arpt, NT, CA",2025-10-03 17:00:00,"2025-10-03 11:00:00","VFR",10,5,210,7,NA,15,993.6,"METAR CYZF 031700Z 21007KT 15SM FEW080 BKN150 BKN240 10/05 A2934 RMK AC2AC5CI1 CI TR SLP945 DENSITY ALT 900FT",2025-10-03 18:04:59.24927,2025-10-03 14:04:59.249313
"CZST","Stewart Arpt, BC, CA",2025-10-03 17:00:00,"2025-10-03 10:00:00","VFR",8,7,220,3,NA,6,1016.3,"METAR CZST 031700Z 22003KT 170V260 6SM -RA BR BKN040 OVC060 08/07 A3001 RMK SC5SC3 SLP165",2025-10-03 18:04:59.255429,2025-10-03 14:04:59.255471
"CYXZ","Wawa Arpt, ON, CA",2025-10-03 17:00:00,"2025-10-03 13:00:00","VFR",19,15,280,3,NA,15,1020.4,"METAR CYXZ 031700Z 28003KT 230V320 15SM FEW087 19/15 A3013 RMK AC1 AC TR SLP207 DENSITY ALT 1400FT",2025-10-03 18:04:59.261656,2025-10-03 14:04:59.261714
"CYXY","Whitehorse Arpt, YT, CA",2025-10-03 17:00:00,"2025-10-03 10:00:00","VFR",4,2,0,0,NA,40,1008.9,"METAR CYXY 031700Z 00000KT 40SM FEW010 FEW035 BKN078 04/02 A2979 RMK SF1SC1AC4 SF TR SLP117",2025-10-03 18:04:59.267949,2025-10-03 14:04:59.267991
"CYYJ","Victoria Intl, BC, CA",2025-10-03 17:00:00,"2025-10-03 10:00:00","MVFR",13,12,300,5,NA,15,1021.1,"METAR CYYJ 031700Z 30005KT 15SM SCT012 OVC019 13/12 A3015 RMK SC4SC4 SLP214",2025-10-03 18:04:59.27431,2025-10-03 14:04:59.274351
"CYYT","St Johns Intl, NL, CA",2025-10-03 17:00:00,"2025-10-03 14:30:00","VFR",16,6,280,15,NA,15,1015,"METAR CYYT 031700Z 28015KT 15SM FEW042 16/06 A2997 RMK SC1 SC TR SLP154 DENSITY ALT 700FT",2025-10-03 18:04:59.280666,2025-10-03 14:04:59.280726
"CYYZ","Toronto/Pearson Intl, ON, CA",2025-10-03 17:00:00,"2025-10-03 13:00:00","VFR",22,13,110,3,NA,15,1023.8,"METAR CYYZ 031700Z 11003KT 15SM SKC 22/13 A3023 RMK SLP241 DENSITY ALT 1300FT",2025-10-03 18:04:59.287436,2025-10-03 14:04:59.287479
"CYZY","Mackenzie Arpt, BC, CA",2025-10-03 17:00:00,"2025-10-03 17:00:00","VFR",8,4,NA,3,NA,9,1012.3,"METAR CYZY 031700Z AUTO VRB03KT 9SM OVC031 08/04 A2989 RMK SLP144",2025-10-03 18:04:59.293859,2025-10-03 14:04:59.293903
"CZBF","Bathurst Arpt, NB, CA",2025-10-03 17:00:00,"2025-10-03 14:00:00","VFR",24,-1,240,11,18,9,1016,"METAR CZBF 031700Z AUTO 24011G18KT 9SM CLR 24/M01 A3000 RMK SLP164 DENSITY ALT 1200FT",2025-10-03 18:04:59.300149,2025-10-03 14:04:59.300192
"CYXC","Cranbrook Intl, BC, CA",2025-10-03 17:00:00,"2025-10-03 11:00:00","VFR",8,2,0,0,NA,25,1018.4,"METAR CYXC 031700Z 00000KT 25SM FEW065 FEW250 08/02 A3007 RMK CU1CI1 CU TR CI TR SLP196",2025-10-03 18:04:59.306463,2025-10-03 14:04:59.306505
"CYXE","Saskatoon/Diefenbaker Intl, SK, CA",2025-10-03 17:00:00,"2025-10-03 11:00:00","VFR",9,6,200,3,NA,12,1012.6,"METAR CYXE 031700Z 20003KT 12SM FEW040 BKN110 BKN140 09/06 A2990 RMK SC1AC5AC2 SC TR SLP144",2025-10-03 18:04:59.312992,2025-10-03 14:04:59.313035
"CYXP","Pangnirtung Arpt, NU, CA",2025-10-03 17:00:00,"2025-10-03 13:00:00","MVFR",2,1,240,18,23,7,974,"METAR CYXP 031700Z 24018G23KT 7SM -RASN SCT006 BKN019 02/01 A2876 RMK ST3SC5 SLP743",2025-10-03 18:04:59.319288,2025-10-03 14:04:59.319329
"CYYE","Fort Nelson Arpt, BC, CA",2025-10-03 17:00:00,"2025-10-03 10:00:00","VFR",5,1,170,3,NA,30,1002.8,"METAR CYYE 031700Z 17003KT 100V180 30SM FEW086 SCT170 BKN230 05/01 A2961 RMK AC2AC2CI1 SLP046",2025-10-03 18:04:59.325628,2025-10-03 14:04:59.32567
"K0J4","Florala Muni, AL, US",2025-10-03 17:58:00,"2025-10-03 17:58:00","VFR",28.3,16.1,80,11,17,NA,1021.8,"METAR K0J4 031758Z AUTO 08011G17KT 10SM SCT036 28/16 A3017 RMK AO2 SLP210 T02830161 10283 20183 58014",2025-10-03 18:05:01.391621,2025-10-03 14:05:01.391664
"K1M4","Haleyville/Posey Fld, AL, US",2025-10-03 17:56:00,"2025-10-03 17:56:00","VFR",25,13.9,60,7,NA,NA,1025.8,"METAR K1M4 031756Z AUTO 06007KT 10SM CLR 25/14 A3029 RMK AO2 SLP015 T02500139 10250 20111 58015 $",2025-10-03 18:05:01.398157,2025-10-03 14:05:01.398199
"K1B9","Mansfield Muni, MA, US",2025-10-03 17:55:00,"2025-10-03 17:55:00","VFR",21.1,8.9,220,5,NA,NA,1024.5,"METAR K1B9 031755Z AUTO 22005KT 10SM FEW270 21/09 A3025 RMK AO2 T02110089 $",2025-10-03 18:05:01.404461,2025-10-03 14:05:01.404504
"K0VG","Jonesville/Lee Cnty, VA, US",2025-10-03 17:55:00,"2025-10-03 17:55:00","VFR",22,12,0,0,NA,NA,1026.8,"METAR K0VG 031755Z AUTO 00000KT 10SM CLR 22/12 A3032 RMK AO2",2025-10-03 18:05:01.410785,2025-10-03 14:05:01.410829
"K11R","Brenham Muni, TX, US",2025-10-03 17:55:00,"2025-10-03 17:55:00","VFR",30.1,18.6,40,4,NA,NA,1019.4,"METAR K11R 031755Z AUTO 04004KT 10SM SCT047 BKN055 BKN065 30/19 A3010 RMK AO2 T03010186 10310 20182",2025-10-03 18:05:01.427575,2025-10-03 14:05:01.427617
"K13K","Eureka Muni, KS, US",2025-10-03 17:55:00,"2025-10-03 17:55:00","VFR",28.9,17.9,190,14,17,NA,1022.1,"METAR K13K 031755Z AUTO 19014G17KT 10SM CLR 29/18 A3018 RMK AO2 T02890179 10291 20163",2025-10-03 18:05:01.433793,2025-10-03 14:05:01.433836
"K15M","Iuka Arpt, MS, US",2025-10-03 17:55:00,"2025-10-03 17:55:00","VFR",25.6,16.1,NA,4,NA,NA,1025.1,"METAR K15M 031755Z AUTO VRB04KT 10SM CLR 26/16 A3027 RMK AO2 T02560161 10257 20146 58014",2025-10-03 18:05:01.440059,2025-10-03 14:05:01.4401
"K1R7","Brookhaven/Lincoln Cnty Arpt, MS, US",2025-10-03 17:55:00,"2025-10-03 17:55:00","VFR",27,18,NA,6,NA,NA,1022.1,"METAR K1R7 031755Z AUTO VRB06KT 10SM CLR 27/18 A3018 RMK A01 TSNO",2025-10-03 18:05:01.446419,2025-10-03 14:05:01.446464
"K14Y","Long Prairie Muni, MN, US",2025-10-03 17:55:00,"2025-10-03 17:55:00","VFR",27,15,150,6,NA,NA,1018,"METAR K14Y 031755Z AUTO 15006KT 10SM CLR 27/15 A3006 RMK AO2",2025-10-03 18:05:01.452818,2025-10-03 14:05:01.452863
"K10G","Millersburg/Holmes Cnty, OH, US",2025-10-03 17:55:00,"2025-10-03 17:55:00","VFR",23,15,0,0,NA,NA,1025.5,"METAR K10G 031755Z AUTO 00000KT 10SM CLR 23/15 A3028 RMK AO2",2025-10-03 18:05:01.459159,2025-10-03 14:05:01.459203
"K18A","Canon/Franklin Cnty, GA, US",2025-10-03 17:55:00,"2025-10-03 17:55:00","VFR",21.6,11.2,30,5,NA,NA,1026.5,"METAR K18A 031755Z AUTO 03005KT 10SM CLR 22/11 A3031 RMK AO2 T02160112 10230 20130",2025-10-03 18:05:01.465474,2025-10-03 14:05:01.465518
"K1F0","Ardmore/Downtown Exec, OK, US",2025-10-03 17:55:00,"2025-10-03 12:55:00","VFR",29.5,19.6,260,5,NA,NA,1021.8,"METAR K1F0 031755Z AUTO 26005KT 10SM CLR 30/20 A3017 RMK AO2 T02950196 10299 20176",2025-10-03 18:05:01.471789,2025-10-03 14:05:01.471833
"K1H2","Effingham Cnty, IL, US",2025-10-03 17:55:00,"2025-10-03 17:55:00","VFR",30.5,14.8,190,6,NA,NA,1024.1,"METAR K1H2 031755Z AUTO 19006KT 10SM CLR 31/15 A3024 RMK AO2 T03050148 10305 20159",2025-10-03 18:05:01.478123,2025-10-03 14:05:01.478167
"K0S9","Port Townsend/Jefferson Cnty, WA, US",2025-10-03 17:55:00,"2025-10-03 10:55:00","IFR",13,12,10,3,NA,NA,1021.4,"METAR K0S9 031755Z AUTO 01003KT 10SM OVC008 13/12 A3016 RMK AO2",2025-10-03 18:05:01.484425,2025-10-03 14:05:01.484468
"K16J","Dawson Muni, GA, US",2025-10-03 17:55:00,"2025-10-03 17:55:00",NA,28,16,50,9,17,NA,1022.4,"METAR K16J 031755Z AUTO 05009G17KT 020V080 10SM 28/16 A3019 RMK AO2 10282 20171",2025-10-03 18:05:01.490762,2025-10-03 14:05:01.490806
"K1A6","Middlesboro/Bell Cnty, KY, US",2025-10-03 17:55:00,"2025-10-03 17:55:00","VFR",24,13.6,0,0,NA,NA,1026.8,"METAR K1A6 031755Z AUTO 00000KT 10SM CLR 24/14 A3032 RMK AO2 T02400136 10240 20128",2025-10-03 18:05:01.497087,2025-10-03 14:05:01.497132
"K0R4","Vidalia/Concordia Arpt, LA, US",2025-10-03 17:55:00,"2025-10-03 17:55:00","VFR",30.6,17,20,5,NA,NA,1022.1,"METAR K0R4 031755Z AUTO 02005KT 10SM CLR 31/17 A3018 RMK AO2 T03060170 10306 20191",2025-10-03 18:05:01.503429,2025-10-03 14:05:01.503474
"K0W3","Churchville/Hartford Cnty, MD, US",2025-10-03 17:55:00,"2025-10-03 17:55:00","VFR",20.5,13.2,220,6,NA,NA,1027.2,"METAR K0W3 031755Z AUTO 22006KT 10SM SCT036 21/13 A3033 RMK AO2 T02050132 $",2025-10-03 18:05:01.509818,2025-10-03 14:05:01.509862
"K1V6","Canon City/Fremont Cnty Arpt, CO, US",2025-10-03 17:55:00,"2025-10-03 11:55:00","VFR",29,2,0,0,NA,NA,1020.7,"METAR K1V6 031755Z AUTO 00000KT 10SM CLR 29/02 A3014 RMK AO2",2025-10-03 18:05:01.516132,2025-10-03 14:05:01.516175
"K17J","Donaldsonville Muni, GA, US",2025-10-03 17:55:00,"2025-10-03 17:55:00","VFR",29,15,90,12,19,NA,1021.4,"METAR K17J 031755Z AUTO 09012G19KT 10SM SCT047 29/15 A3016 RMK AO2",2025-10-03 18:05:01.522495,2025-10-03 14:05:01.522538
"K19S","Sublette Muni, KS, US",2025-10-03 17:55:00,"2025-10-03 17:55:00","VFR",NA,NA,180,14,19,NA,1019.7,"METAR K19S 031755Z AUTO 18014G19KT 10SM CLR A3011 RMK AO2",2025-10-03 18:05:01.529612,2025-10-03 14:05:01.529655
"K1A5","Franklin/Macon Cnty, NC, US",2025-10-03 17:55:00,"2025-10-03 17:55:00","VFR",22.4,11,360,3,NA,NA,1027.9,"METAR K1A5 031755Z AUTO 36003KT 10SM CLR 22/11 A3035 RMK AO2 T02240110 10224 20082",2025-10-03 18:05:01.536139,2025-10-03 14:05:01.536183
"K0V4","Brookneal/Campbell Cnty, VA, US",2025-10-03 17:55:00,"2025-10-03 17:55:00","VFR",21,10,150,7,NA,NA,1027.9,"METAR K0V4 031755Z AUTO 15007KT 10SM CLR 21/10 A3035 RMK AO1",2025-10-03 18:05:01.542562,2025-10-03 14:05:01.542605
"K12N","Andover/Aeroflex Arpt, NJ, US",2025-10-03 17:54:00,"2025-10-03 17:54:00",NA,20.6,10,NA,6,NA,NA,1026.2,"METAR K12N 031754Z AUTO VRB06KT 21/10 A3030 RMK AO1 SLP260 T02060100 10211 20056 58027 $",2025-10-03 18:05:01.559317,2025-10-03 14:05:01.559358
"K10U","Owyhee Arpt, NV, US",2025-10-03 17:35:00,"2025-10-03 17:35:00","VFR",7,6,290,4,NA,7,1018,"METAR K10U 031735Z AUTO 29004KT 7SM -RA FEW013 SCT023 07/06 A3006 RMK AO2",2025-10-03 18:05:01.565463,2025-10-03 14:05:01.565504
"K1D8","Redfield Muni, SD, US",2025-10-03 17:35:00,"2025-10-03 17:35:00","VFR",28,18,170,15,NA,NA,1014,"METAR K1D8 031735Z AUTO 17015KT 10SM CLR 28/18 A2994 RMK AO2",2025-10-03 18:05:01.571819,2025-10-03 14:05:01.571862
"K1D1","Milbank Muni, SD, US",2025-10-03 17:35:00,"2025-10-03 17:35:00","VFR",29,18,180,12,NA,NA,1016,"METAR K1D1 031735Z AUTO 18012KT 10SM CLR 29/18 A3000 RMK AO2",2025-10-03 18:05:01.578169,2025-10-03 14:05:01.578212
"K0R0","Columbia/Marion Cnty, MS, US",2025-10-03 17:35:00,"2025-10-03 17:35:00",NA,30,18,70,5,NA,NA,1022.1,"METAR K0R0 031735Z AUTO 07005KT CLR 30/18 A3018 RMK AO2",2025-10-03 18:05:01.584534,2025-10-03 14:05:01.584576
"K1U7","Paris/Bear Lake Cnty Arpt, ID, US",2025-10-03 17:35:00,"2025-10-03 17:35:00","VFR",15,11,90,6,12,NA,1017.7,"METAR K1U7 031735Z AUTO 09006G12KT 10SM CLR 15/11 A3005 RMK A01",2025-10-03 18:05:01.59091,2025-10-03 14:05:01.590955
"K1M5","Portland Muni, TN, US",2025-10-03 17:35:00,"2025-10-03 17:35:00","VFR",25,13,NA,3,NA,NA,1025.8,"METAR K1M5 031735Z AUTO VRB03KT 10SM CLR 25/13 A3029 RMK A01",2025-10-03 18:05:01.597348,2025-10-03 14:05:01.597392
"K1R8","Bay Minette Muni, AL, US",2025-10-03 17:30:00,"2025-10-03 17:30:00","VFR",26,18,100,5,NA,NA,1020.7,"METAR K1R8 031730Z AUTO 10005KT 10SM CLR 26/18 A3014 RMK AO2",2025-10-03 18:05:01.603823,2025-10-03 14:05:01.603867
"K2R2","Indianapolis/Hendrick Cnty, IN, US",2025-10-03 17:55:00,"2025-10-03 17:55:00",NA,27.6,17.6,210,4,NA,NA,1023.8,"METAR K2R2 031755Z AUTO 21004KT FEW110 28/18 A3023 RMK AO2 T02760176 10293 20145 58012 PWINO TSNO $",2025-10-03 18:05:03.146873,2025-10-03 14:05:03.146915
"K36K","Lakin/Kearney Cnty, KS, US",2025-10-03 17:55:00,"2025-10-03 17:55:00","VFR",30,11,170,7,13,NA,1019.7,"METAR K36K 031755Z AUTO 17007G13KT 10SM CLR 30/11 A3011 RMK AO2",2025-10-03 18:05:03.153278,2025-10-03 14:05:03.153322
"K35A","Union/Union Cnty, SC, US",2025-10-03 17:55:00,"2025-10-03 17:55:00","VFR",21.9,11.1,330,7,NA,NA,1027.9,"METAR K35A 031755Z AUTO 33007KT 10SM CLR 22/11 A3035 RMK A02 T02190111 10224 20114",2025-10-03 18:05:03.159659,2025-10-03 14:05:03.159734
"K2W6","Leonardtown/St Marys, MD, US",2025-10-03 17:55:00,"2025-10-03 13:55:00","VFR",20,8,0,0,NA,NA,1027.5,"METAR K2W6 031755Z AUTO 00000KT 10SM CLR 20/08 A3034 RMK AO2 T02000080 $",2025-10-03 18:05:03.166176,2025-10-03 14:05:03.166219
"K21D","Lake Elmo Arpt, MN, US",2025-10-03 17:55:00,"2025-10-03 17:55:00","VFR",27,17,170,3,NA,NA,1019.4,"METAR K21D 031755Z AUTO 17003KT 10SM CLR 27/17 A3010 RMK AO2",2025-10-03 18:05:03.172666,2025-10-03 14:05:03.172728
"K22N","Lehighton/Arner Mem, PA, US",2025-10-03 17:55:00,"2025-10-03 17:55:00","VFR",21,8,230,6,NA,NA,1026.8,"METAR K22N 031755Z AUTO 23006KT 10SM CLR 21/08 A3032 RMK AO2",2025-10-03 18:05:03.179105,2025-10-03 14:05:03.179149
"K24J","Live Oak/Suwannee Cnty, FL, US",2025-10-03 17:55:00,"2025-10-03 17:55:00","VFR",26,20,40,7,13,NA,1020.4,"METAR K24J 031755Z AUTO 04007G13KT 020V080 10SM FEW027 SCT050 BKN060 26/20 A3013 RMK A01",2025-10-03 18:05:03.185445,2025-10-03 14:05:03.185489
"K2M8","Millington/Baker Arpt, TN, US",2025-10-03 17:55:00,"2025-10-03 17:55:00","VFR",NA,NA,NA,NA,NA,NA,1024.5,"METAR K2M8 031755Z AUTO 10SM CLR A3025 RMK AO2 1//// 2//// FZRANO $",2025-10-03 18:05:03.191808,2025-10-03 14:05:03.191853
"K2IS","Clewistown/Airglades Arpt, FL, US",2025-10-03 17:55:00,"2025-10-03 17:55:00",NA,28.3,22.1,70,16,20,NA,1016,"METAR K2IS 031755Z AUTO 07016G20KT SCT055 BKN080 OVC085 28/22 A3000 RMK AO2 LTG DSNT NE PWINO T02830221 10295 20241 60001",2025-10-03 18:05:03.198193,2025-10-03 14:05:03.198236
"K2I0","Madisonville Muni, KY, US",2025-10-03 17:55:00,"2025-10-03 17:55:00","VFR",20.4,14.3,230,7,NA,NA,1025.8,"METAR K2I0 031755Z AUTO 23007KT 10SM SCT095 BKN120 20/14 A3029 RMK AO2 60002 T02040143 10204 20170",2025-10-03 18:05:03.215548,2025-10-03 14:05:03.215589
"K2C8","Cavalier Muni, ND, US",2025-10-03 17:55:00,"2025-10-03 17:55:00","VFR",25,16,160,8,NA,7,1013.3,"METAR K2C8 031755Z AUTO 16008KT 7SM CLR 25/16 A2992 RMK AO2",2025-10-03 18:05:03.221765,2025-10-03 14:05:03.221808
"K2G9","Somerset Cnty Arpt, PA, US",2025-10-03 17:55:00,"2025-10-03 17:55:00","VFR",20,9,340,4,NA,NA,1026.8,"METAR K2G9 031755Z AUTO 34004KT 10SM CLR 20/09 A3032 RMK AO2",2025-10-03 18:05:03.228014,2025-10-03 14:05:03.228057
"K2G4","Oakland/Garrett Cnty, MD, US",2025-10-03 17:55:00,"2025-10-03 17:55:00","VFR",21,8,0,0,NA,9,1027.2,"METAR K2G4 031755Z AUTO 00000KT 9SM CLR 21/08 A3033 RMK AO2 TSNO",2025-10-03 18:05:03.234263,2025-10-03 14:05:03.234306
"K20U","Beach Arpt, ND, US",2025-10-03 17:55:00,"2025-10-03 17:55:00",NA,25,9,160,13,NA,NA,1009.9,"METAR K20U 031755Z AUTO 16013KT 10SM 25/09 A2982 RMK AO2 TSNO",2025-10-03 18:05:03.240667,2025-10-03 14:05:03.240729
"K2R9","Kenedy/Karnes Cnty, TX, US",2025-10-03 17:55:00,"2025-10-03 17:55:00","VFR",32.6,17.5,50,5,NA,NA,1019,"METAR K2R9 031755Z AUTO 05005KT 10SM SCT050 33/18 A3009 RMK AO2 T03260175 10329 20186",2025-10-03 18:05:03.247098,2025-10-03 14:05:03.247142
"K2V5","Wray Muni, CO, US",2025-10-03 17:55:00,"2025-10-03 17:55:00","VFR",30,11,150,8,NA,NA,1018,"METAR K2V5 031755Z AUTO 15008KT 10SM CLR 30/11 A3006 RMK AO2",2025-10-03 18:05:03.253453,2025-10-03 14:05:03.253497
"K3AU","Augusta Muni, KS, US",2025-10-03 17:55:00,"2025-10-03 17:55:00","VFR",28,13,190,15,18,NA,1021.4,"METAR K3AU 031755Z AUTO 19015G18KT 10SM CLR 28/13 A3016 RMK AO2",2025-10-03 18:05:03.259838,2025-10-03 14:05:03.259883
"K27K","Georgetown/Scott Cnty, KY, US",2025-10-03 17:55:00,"2025-10-03 17:55:00","VFR",26.2,18,0,0,NA,NA,1024.5,"METAR K27K 031755Z AUTO 00000KT 10SM CLR 26/18 A3025 RMK AO2 T02620180 10270 20143 58016 $",2025-10-03 18:05:03.266217,2025-10-03 14:05:03.26626
"K2D5","Oakes Muni, ND, US",2025-10-03 17:55:00,"2025-10-03 17:55:00",NA,29,16,190,17,22,NA,1013,"METAR K2D5 031755Z AUTO 19017G22KT CLR 29/16 A2991 RMK AO2",2025-10-03 18:05:03.272554,2025-10-03 14:05:03.272596
"K20V","Kremmling/McElroy Fld, CO, US",2025-10-03 17:55:00,"2025-10-03 17:55:00","VFR",18,1,0,0,NA,NA,1026.2,"METAR K20V 031755Z AUTO 00000KT 10SM CLR 18/01 A3030 RMK AO2",2025-10-03 18:05:03.278986,2025-10-03 14:05:03.279031
"K24A","Sylva/Jackson Cnty, NC, US",2025-10-03 17:55:00,"2025-10-03 17:55:00","VFR",21.1,11.3,30,3,NA,NA,1027.9,"METAR K24A 031755Z AUTO 03003KT 10SM CLR 21/11 A3035 RMK AO2 T02110113 10215 20065",2025-10-03 18:05:03.285311,2025-10-03 14:05:03.285354
"K2A0","Dayton/Anton Arpt, TN, US",2025-10-03 17:35:00,"2025-10-03 17:35:00","VFR",25,14,NA,4,11,NA,1025.5,"METAR K2A0 031735Z AUTO VRB04G11KT 10SM CLR 25/14 A3028 RMK A01",2025-10-03 18:05:03.292062,2025-10-03 14:05:03.292106
"K2G2","Steubenville/Jefferson Cnty, OH, US",2025-10-03 17:35:00,"2025-10-03 17:35:00","VFR",24,11,NA,4,NA,NA,1025.5,"METAR K2G2 031735Z AUTO VRB04KT 10SM CLR 24/11 A3028 RMK A01",2025-10-03 18:05:03.298496,2025-10-03 14:05:03.298541
"K2M2","Lawrenceburg/Lawrence Cnty, TN, US",2025-10-03 17:35:00,"2025-10-03 17:35:00","VFR",24,14,0,0,NA,9,1025.8,"METAR K2M2 031735Z AUTO 00000KT 9SM CLR 24/14 A3029 RMK A01",2025-10-03 18:05:03.304875,2025-10-03 14:05:03.304917
"K2J5","Millen Arpt, GA, US",2025-10-03 17:35:00,"2025-10-03 17:35:00","VFR",25.2,11.1,20,9,NA,NA,1025.1,"METAR K2J5 031735Z AUTO 02009KT 350V060 10SM CLR 25/11 A3027 RMK AO2 T02520111",2025-10-03 18:05:03.31126,2025-10-03 14:05:03.311303
"K33N","Dover/Cheswold Arpk, DE, US",2025-10-03 17:35:00,"2025-10-03 17:35:00","VFR",21,10,0,0,NA,NA,1027.2,"METAR K33N 031735Z AUTO 00000KT 10SM CLR 21/10 A3033 RMK A01",2025-10-03 18:05:03.317624,2025-10-03 14:05:03.317668
"K2V6","Yuma Muni, CO, US",2025-10-03 17:34:00,"2025-10-03 17:34:00","VFR",27,10,150,7,NA,NA,1019,"METAR K2V6 031734Z AUTO 15007KT 10SM CLR 27/10 A3009 RMK AO2",2025-10-03 18:05:03.324208,2025-10-03 14:05:03.324253
"K4O4","Idabel/McCurtain Rgnl, OK, US",2025-10-03 17:55:00,"2025-10-03 17:55:00","VFR",30,17,NA,6,12,NA,1022.1,"METAR K4O4 031755Z AUTO VRB06G12KT 10SM CLR 30/17 A3018 RMK AO2",2025-10-03 18:05:05.321813,2025-10-03 14:05:05.321856
"K48A","Cochran Arpt, GA, US",2025-10-03 17:55:00,"2025-10-03 17:55:00","VFR",26.9,12.4,50,12,19,NA,1023.8,"METAR K48A 031755Z AUTO 05012G19KT 10SM BKN050 27/12 A3023 RMK AO2 T02690124 10272 20166",2025-10-03 18:05:05.328205,2025-10-03 14:05:05.328247
"K4A9","Fort Payne/Isbell Fld, AL, US",2025-10-03 17:55:00,"2025-10-03 17:55:00","VFR",24.1,11.9,90,5,NA,NA,1025.8,"METAR K4A9 031755Z AUTO 09005KT 10SM CLR 24/12 A3029 RMK AO2 T02410119 10243 20135",2025-10-03 18:05:05.334476,2025-10-03 14:05:05.334519
"K4F2","Carthage/Panola Cnty, TX, US",2025-10-03 17:55:00,"2025-10-03 17:55:00","VFR",28.9,19.5,0,0,NA,NA,1021.1,"METAR K4F2 031755Z AUTO 00000KT 10SM SCT040 SCT047 SCT060 29/19 A3015 RMK AO2 T02890195 10300 20167",2025-10-03 18:05:05.340874,2025-10-03 14:05:05.340919
"K4V1","Walsenburg/Spanish Peaks Arfld, CO, US",2025-10-03 17:55:00,"2025-10-03 17:55:00","VFR",28,0,270,21,29,NA,1022.8,"METAR K4V1 031755Z AUTO 27021G29KT 10SM CLR 28/M00 A3020 RMK AO2",2025-10-03 18:05:05.34726,2025-10-03 14:05:05.347303
"K3T5","LaGrange/Fayette Rgnl, TX, US",2025-10-03 17:55:00,"2025-10-03 17:55:00","VFR",32.2,14.7,40,7,NA,NA,1018.4,"METAR K3T5 031755Z AUTO 04007KT 10SM FEW060 32/15 A3007 RMK AO2 T03220147 10323 20178 58012 $",2025-10-03 18:05:05.353644,2025-10-03 14:05:05.353688
"K3U3","Anaconda/Bowman Fld, MT, US",2025-10-03 17:55:00,"2025-10-03 17:55:00","MVFR",11.3,7.7,180,3,NA,NA,1016,"METAR K3U3 031755Z AUTO 18003KT 10SM BKN016 OVC022 11/08 A3000 RMK AO2 CIG 014V019 T01130077",2025-10-03 18:05:05.360036,2025-10-03 14:05:05.36008
"K4R5","La Pointe/Madeline Isl Arpt, WI, US",2025-10-03 17:55:00,"2025-10-03 17:55:00","VFR",22.2,16,40,5,NA,NA,1019.4,"METAR K4R5 031755Z AUTO 04005KT 10SM OVC100 22/16 A3010 RMK AO2 T02220160",2025-10-03 18:05:05.366412,2025-10-03 14:05:05.366457
"K4V0","Rangely Arpt, CO, US",2025-10-03 17:55:00,"2025-10-03 17:55:00","VFR",26.5,2.1,190,14,19,NA,1018.7,"METAR K4V0 031755Z AUTO 19014G19KT 10SM CLR 27/02 A3008 RMK AO2 T02650021 10266 20058",2025-10-03 18:05:05.372823,2025-10-03 14:05:05.372867
"K4S2","Hood River/Jernstedt Arfld, OR, US",2025-10-03 17:55:00,"2025-10-03 17:55:00","VFR",17,9,0,0,NA,NA,1020.4,"METAR K4S2 031755Z AUTO 00000KT 10SM CLR 17/09 A3013 RMK AO2",2025-10-03 18:05:05.379233,2025-10-03 14:05:05.379278
"K42J","Keystone Airpark, FL, US",2025-10-03 17:55:00,"2025-10-03 17:55:00","VFR",28,19,60,17,23,8,1019,"METAR K42J 031755Z AUTO 06017G23KT 8SM FEW041 SCT049 BKN060 28/19 A3009 RMK A01",2025-10-03 18:05:05.385547,2025-10-03 14:05:05.385588
"K4M9","Corning Muni, AR, US",2025-10-03 17:55:00,"2025-10-03 17:55:00","MVFR",28,18,190,7,NA,5,1024.5,"METAR K4M9 031755Z AUTO 19007KT 140V210 5SM HZ CLR 28/18 A3025 RMK A01",2025-10-03 18:05:05.391901,2025-10-03 14:05:05.391943
"K40U","Manila Arpt, UT, US",2025-10-03 17:55:00,"2025-10-03 17:55:00","VFR",24.1,2,170,17,24,NA,1018,"METAR K40U 031755Z AUTO 17017G24KT 10SM CLR 24/02 A3006 RMK AO2 T02410020 10244 20041",2025-10-03 18:05:05.398315,2025-10-03 14:05:05.398357
"K3K7","Leoti/Hoard Mem, KS, US",2025-10-03 17:55:00,"2025-10-03 17:55:00","VFR",31,10,180,11,16,NA,1018,"METAR K3K7 031755Z AUTO 18011G16KT 10SM CLR 31/10 A3006 RMK AO2 10307 20111",2025-10-03 18:05:05.404706,2025-10-03 14:05:05.404758
"K49A","Ellijay/Gilmer Cnty, GA, US",2025-10-03 17:55:00,"2025-10-03 17:55:00","LIFR",22,15,NA,3,NA,0.25,1026.8,"METAR K49A 031755Z AUTO VRB03KT 1/4SM -RA HZ VV002 22/15 A3032 RMK AO2 VIS M1/4V4",2025-10-03 18:05:05.411183,2025-10-03 14:05:05.411227
"K3LF","Litchfield Muni, IL, US",2025-10-03 17:55:00,"2025-10-03 17:55:00","VFR",29,15,190,6,NA,NA,1024.1,"METAR K3LF 031755Z AUTO 19006KT 10SM CLR 29/15 A3024 RMK AO2 T02900150 10292 20180",2025-10-03 18:05:05.417619,2025-10-03 14:05:05.417663
"K48I","Sutton/Braxton Cnty, WV, US",2025-10-03 17:55:00,"2025-10-03 17:55:00","VFR",25,10.8,NA,4,NA,NA,1025.8,"METAR K48I 031755Z AUTO VRB04KT 10SM CLR 25/11 A3029 RMK AO2 T02500108",2025-10-03 18:05:05.424085,2025-10-03 14:05:05.424129
"K3K3","Syracuse/Hamilton Cnty, KS, US",2025-10-03 17:55:00,"2025-10-03 17:55:00","VFR",32,9,170,8,NA,NA,1018,"METAR K3K3 031755Z AUTO 17008KT 10SM CLR 32/09 A3006 RMK AO2 10318 20107",2025-10-03 18:05:05.43058,2025-10-03 14:05:05.430623
"K4A6","Scottsboro Muni, AL, US",2025-10-03 17:55:00,"2025-10-03 17:55:00","VFR",25,14,180,5,NA,6,1025.5,"METAR K4A6 031755Z AUTO 18005KT 6SM HZ CLR 25/14 A3028 RMK AO2",2025-10-03 18:05:05.447582,2025-10-03 14:05:05.447623
"K46D","Carrington Muni, ND, US",2025-10-03 17:55:00,"2025-10-03 17:55:00","MVFR",26,15,140,16,NA,5,1011.6,"METAR K46D 031755Z AUTO 14016KT 5SM HZ CLR 26/15 A2987 RMK A01",2025-10-03 18:05:05.453846,2025-10-03 14:05:05.453889
"K4B8","Plainville/Robertson Fld, CT, US",2025-10-03 17:55:00,"2025-10-03 17:55:00","VFR",21.3,9.3,NA,6,NA,8,1025.1,"METAR K4B8 031755Z AUTO VRB06KT 8SM CLR 21/09 A3027 RMK AO2 T02130093 10217 20074 58027",2025-10-03 18:05:05.460095,2025-10-03 14:05:05.460138
"K4M3","Carlisle Muni, AR, US",2025-10-03 17:55:00,"2025-10-03 17:55:00",NA,28,13,90,7,NA,NA,1022.8,"METAR K4M3 031755Z AUTO 09007KT 10SM 28/13 A3020 RMK A01",2025-10-03 18:05:05.466483,2025-10-03 14:05:05.466526
"K4I3","Mount Vernon/Knox Cnty, OH, US",2025-10-03 17:44:00,"2025-10-03 17:44:00","VFR",26,13,NA,5,NA,NA,1025.1,"METAR K4I3 031744Z VRB05KT 10SM CLR 26/13 A3027 RMK AO2",2025-10-03 18:05:05.47308,2025-10-03 14:05:05.473127
"K3S8","Grants Pass Arpt, OR, US",2025-10-03 17:35:00,"2025-10-03 10:35:00","VFR",16,9,340,9,NA,NA,1022.4,"METAR K3S8 031735Z AUTO 34009KT 10SM SCT027 OVC035 16/09 A3019 RMK AO2",2025-10-03 18:05:05.479617,2025-10-03 14:05:05.47966
"K3W7","Electric City/Grand Coulee Arpt, WA, US",2025-10-03 17:35:00,"2025-10-03 10:35:00","VFR",14,7,290,4,NA,9,1018.4,"METAR K3W7 031735Z AUTO 29004KT 9SM CLR 14/07 A3007 RMK AO2",2025-10-03 18:05:05.485991,2025-10-03 14:05:05.486035
"K42A","Melbourne Muni, AR, US",2025-10-03 17:35:00,"2025-10-03 17:35:00","VFR",NA,NA,NA,4,10,NA,1024.5,"METAR K42A 031735Z AUTO VRB04G10KT 10SM CLR A3025 RMK AO2",2025-10-03 18:05:05.492425,2025-10-03 14:05:05.492469
"K3J1","Ridgeland Arpt, SC, US",2025-10-03 17:35:00,"2025-10-03 17:35:00","VFR",26,17,20,12,NA,NA,1023.1,"METAR K3J1 031735Z AUTO 02012KT 10SM CLR 26/17 A3021 RMK AO2",2025-10-03 18:05:05.498837,2025-10-03 14:05:05.49888
"K46U","Alpine Arpt, WY, US",2025-10-03 17:35:00,"2025-10-03 17:35:00","VFR",14,8,0,0,NA,9,1018.7,"METAR K46U 031735Z AUTO 00000KT 9SM BKN065 BKN075 OVC085 14/08 A3008 RMK A01",2025-10-03 18:05:05.505148,2025-10-03 14:05:05.50519
"K4S1","Gold Beach Muni, OR, US",2025-10-03 17:34:00,"2025-10-03 10:34:00","VFR",16,11,40,8,NA,8,1021.4,"METAR K4S1 031734Z AUTO 04008KT 8SM CLR 16/11 A3016 RMK AO2",2025-10-03 18:05:05.511446,2025-10-03 14:05:05.511489
"K49B","Sturgis Muni, SD, US",2025-10-03 17:15:00,"2025-10-03 17:15:00","VFR",32,5,NA,3,NA,NA,1011.6,"METAR K49B 031715Z AUTO VRB03KT 10SM CLR 32/05 A2987 RMK AO2",2025-10-03 18:05:05.517844,2025-10-03 14:05:05.517888
"K5A6","Winona/Montgomery Cnty, MS, US",2025-10-03 17:55:00,"2025-10-03 17:55:00","VFR",26.5,13.7,110,4,NA,NA,1023.5,"METAR K5A6 031755Z AUTO 11004KT 10SM CLR 27/14 A3022 RMK AO2 T02650137 10266 20141",2025-10-03 18:05:07.928345,2025-10-03 14:05:07.928388
"K54J","DeFuniak Springs Muni, FL, US",2025-10-03 17:55:00,"2025-10-03 17:55:00","VFR",27,17.8,60,7,NA,NA,1021.1,"METAR K54J 031755Z AUTO 06007KT 10SM SCT036 27/18 A3015 RMK AO2 T02700178 10272 20171",2025-10-03 18:05:07.934872,2025-10-03 14:05:07.934926
"K5H4","Harvey Muni, ND, US",2025-10-03 17:55:00,"2025-10-03 17:55:00","VFR",27,15,140,9,NA,8,1011.6,"METAR K5H4 031755Z AUTO 14009KT 8SM CLR 27/15 A2987 RMK AO2",2025-10-03 18:05:07.941161,2025-10-03 14:05:07.941204
"K6I2","Lebanon-Springfield/Hoerter Fld, KY, US",2025-10-03 17:55:00,"2025-10-03 17:55:00","VFR",28,15,200,7,NA,NA,1025.8,"METAR K6I2 031755Z AUTO 20007KT 10SM CLR 28/15 A3029 RMK AO2",2025-10-03 18:05:07.947509,2025-10-03 14:05:07.947554
"K5T9","Maverick County Arpt, TX, US",2025-10-03 17:55:00,"2025-10-03 12:55:00","VFR",32,16,90,9,NA,NA,1018.4,"METAR K5T9 031755Z AUTO 09009KT 10SM CLR 32/16 A3007 RMK A01",2025-10-03 18:05:07.953894,2025-10-03 14:05:07.953938
"K6S2","Florence Muni, OR, US",2025-10-03 17:55:00,"2025-10-03 10:55:00","IFR",13,13,0,0,NA,NA,1022.4,"METAR K6S2 031755Z AUTO 00000KT 10SM OVC005 13/13 A3019 RMK AO2",2025-10-03 18:05:07.960237,2025-10-03 14:05:07.960281
"K60R","Navasota Muni, TX, US",2025-10-03 17:55:00,"2025-10-03 17:55:00","VFR",32.6,21.1,NA,6,NA,NA,1019,"METAR K60R 031755Z AUTO VRB06KT 10SM FEW045 33/21 A3009 RMK AO2 SLP108 T03260211 10334 20190 58010 $",2025-10-03 18:05:07.977291,2025-10-03 14:05:07.977333
"K6E5","De Smet/Wilder Arpt, SD, US",2025-10-03 17:55:00,"2025-10-03 17:55:00","VFR",NA,NA,170,15,20,7,1016.3,"METAR K6E5 031755Z AUTO 17015G20KT 7SM CLR A3001 RMK AO2",2025-10-03 18:05:07.983727,2025-10-03 14:05:07.983771
"K6S0","Big Timber Arpt, MT, US",2025-10-03 17:55:00,"2025-10-03 17:55:00","VFR",16,6,280,5,10,NA,1014.3,"METAR K6S0 031755Z AUTO 28005G10KT 10SM CLR 16/06 A2995 RMK A01",2025-10-03 18:05:07.990018,2025-10-03 14:05:07.990062
"K6R3","Cleveland Muni, TX, US",2025-10-03 17:55:00,"2025-10-03 17:55:00","VFR",29.7,18.4,0,0,NA,NA,1020.1,"METAR K6R3 031755Z AUTO 00000KT 10SM CLR 30/18 A3012 RMK AO2 T02970184 10297 20191",2025-10-03 18:05:07.996342,2025-10-03 14:05:07.996385
"K5C1","Boerne/Stage Fld, TX, US",2025-10-03 17:55:00,"2025-10-03 17:55:00","VFR",29,13,50,3,NA,NA,1020.7,"METAR K5C1 031755Z AUTO 05003KT 10SM CLR 29/13 A3014 RMK AO1",2025-10-03 18:05:08.002858,2025-10-03 14:05:08.002912
"K6B9","Skaneateles Arpt, NY, US",2025-10-03 17:55:00,"2025-10-03 17:55:00","VFR",22,9,260,7,NA,NA,1024.8,"METAR K6B9 031755Z AUTO 26007KT 10SM CLR 22/09 A3026 RMK AO2",2025-10-03 18:05:08.009217,2025-10-03 14:05:08.009261
"K6L4","Logan Cnty, WV, US",2025-10-03 17:55:00,"2025-10-03 17:55:00","VFR",23,12,NA,4,NA,NA,1026.5,"METAR K6L4 031755Z AUTO VRB04KT 10SM CLR 23/12 A3031 RMK AO2",2025-10-03 18:05:08.015661,2025-10-03 14:05:08.015722
"K5R8","DeQuincey Ind Arpk, LA, US",2025-10-03 17:55:00,"2025-10-03 17:55:00","VFR",28.9,18.4,360,6,NA,NA,1020.1,"METAR K5R8 031755Z AUTO 36006KT 10SM SCT039 SCT047 BKN090 29/18 A3012 RMK AO2 T02890184 10298 20190",2025-10-03 18:05:08.022077,2025-10-03 14:05:08.02212
"K6A1","Butler Muni, GA, US",2025-10-03 17:55:00,"2025-10-03 17:55:00","VFR",25.7,13.2,80,8,NA,NA,1024.5,"METAR K6A1 031755Z AUTO 08008KT 10SM CLR 26/13 A3025 RMK AO2 T02570132 10257 20147",2025-10-03 18:05:08.028473,2025-10-03 14:05:08.028515
"K57C","East Troy Muni, WI, US",2025-10-03 17:55:00,"2025-10-03 17:55:00","VFR",29.2,14.1,270,5,NA,NA,1021.8,"METAR K57C 031755Z AUTO 27005KT 10SM CLR 29/14 A3017 RMK AO2 T02920141 10292 20121",2025-10-03 18:05:08.034812,2025-10-03 14:05:08.034858
"K4V9","Neligh/Antelope Cnty, NE, US",2025-10-03 17:55:00,"2025-10-03 17:55:00","VFR",30,17,170,15,NA,NA,1017.4,"METAR K4V9 031755Z AUTO 17015KT 10SM CLR 30/17 A3004 RMK AO2 P0009",2025-10-03 18:05:08.041092,2025-10-03 14:05:08.041134
"K5A9","Warm Springs/Roosevelt Muni, GA, US",2025-10-03 17:55:00,"2025-10-03 17:55:00","VFR",24,13.5,50,10,15,NA,1025.1,"METAR K5A9 031755Z AUTO 05010G15KT 10SM CLR 24/14 A3027 RMK AO2 T02400135 10242 20142",2025-10-03 18:05:08.047435,2025-10-03 14:05:08.047478
"K66R","Columbus/Well Arpt, TX, US",2025-10-03 17:55:00,"2025-10-03 17:55:00","VFR",32.7,19.8,70,9,NA,NA,1019.4,"METAR K66R 031755Z AUTO 07009KT 10SM SCT043 SCT085 33/20 A3010 RMK AO2 T03270198 10327 20187",2025-10-03 18:05:08.05379,2025-10-03 14:05:08.053835
"K6R6","Dryden/Terrell Cnty, TX, US",2025-10-03 17:51:00,"2025-10-03 17:51:00",NA,31.1,11.1,130,6,NA,NA,1021.4,"METAR K6R6 031751Z AUTO 13006KT 31/11 A3016 RMK AO1 SLP175 T03110111 10311 20194 58007",2025-10-03 18:05:08.060094,2025-10-03 14:05:08.060136
"K65S","Bonners Ferry/Boundary Cnty, ID, US",2025-10-03 17:50:00,"2025-10-03 17:50:00","VFR",12,5,NA,4,NA,NA,1018,"METAR K65S 031750Z AUTO VRB04KT 10SM CLR 12/05 A3006 RMK AO2",2025-10-03 18:05:08.066558,2025-10-03 14:05:08.0666
"K8D3","Sisseton Muni, SD, US",2025-10-03 17:56:00,"2025-10-03 17:56:00",NA,31.1,16.1,190,16,22,NA,1013.6,"METAR K8D3 031756Z AUTO 19016G22KT 31/16 A2993 RMK AO1 SLP117 T03110161 10317 20139 58021",2025-10-03 18:05:09.408078,2025-10-03 14:05:09.408122
"K79J","Andalusia/Benton Fld, AL, US",2025-10-03 17:56:00,"2025-10-03 17:56:00","VFR",27.8,16.7,80,8,NA,NA,1021.4,"METAR K79J 031756Z AUTO 08008KT 10SM CLR 28/17 A3016 RMK AO2 SLP209 T02780167 10283 20183 58013 TSNO",2025-10-03 18:05:09.414576,2025-10-03 14:05:09.414619
"K7S0","Ronan Arpt, MT, US",2025-10-03 17:55:00,"2025-10-03 17:55:00","VFR",13,10,340,3,NA,NA,1016.7,"METAR K7S0 031755Z AUTO 34003KT 10SM FEW017 BKN050 OVC090 13/10 A3002 RMK A01",2025-10-03 18:05:09.431555,2025-10-03 14:05:09.431612
"K8A3","Livingston Muni, TN, US",2025-10-03 17:55:00,"2025-10-03 17:55:00","VFR",24,13,NA,4,NA,NA,1026.2,"METAR K8A3 031755Z AUTO VRB04KT 10SM CLR 24/13 A3030 RMK A01",2025-10-03 18:05:09.438227,2025-10-03 14:05:09.43827
"K8V7","Springfield Muni, CO, US",2025-10-03 17:55:00,"2025-10-03 17:55:00","VFR",31,4,210,19,27,NA,1020.4,"METAR K8V7 031755Z AUTO 21019G27KT 10SM CLR 31/04 A3013 RMK AO2",2025-10-03 18:05:09.444399,2025-10-03 14:05:09.444441
"K81R","San Saba Muni, TX, US",2025-10-03 17:55:00,"2025-10-03 17:55:00","VFR",31.5,16.3,170,3,NA,NA,1021.1,"METAR K81R 031755Z AUTO 17003KT 10SM SCT065 31/16 A3015 RMK AO2 PWINO T03150163 10320 20173",2025-10-03 18:05:09.450718,2025-10-03 14:05:09.450766
"K7L2","Linton Muni, ND, US",2025-10-03 17:55:00,"2025-10-03 17:55:00","VFR",-9,-18,150,8,14,9,1012.3,"METAR K7L2 031755Z AUTO 15008G14KT 9SM CLR M09/M18 A2989 RMK AO2",2025-10-03 18:05:09.457141,2025-10-03 14:05:09.457186
"K8B0","Rangeley/Bean Muni, ME, US",2025-10-03 17:55:00,"2025-10-03 17:55:00","VFR",20,0,NA,4,11,NA,1022.8,"METAR K8B0 031755Z AUTO VRB04G11KT 10SM CLR 20/00 A3020 RMK AO2",2025-10-03 18:05:09.463659,2025-10-03 14:05:09.46372
"K82V","Pine Bluffs Muni, WY, US",2025-10-03 17:55:00,"2025-10-03 17:55:00",NA,27,1,0,0,NA,NA,1020.1,"METAR K82V 031755Z AUTO 00000KT 10SM 27/01 A3012 RMK AO2",2025-10-03 18:05:09.470032,2025-10-03 14:05:09.470077
"K8W2","New Market Arpt, VA, US",2025-10-03 17:55:00,"2025-10-03 17:55:00","VFR",22.4,8.7,0,0,NA,NA,1026.8,"METAR K8W2 031755Z AUTO 00000KT 10SM CLR 22/09 A3032 RMK AO1 T02240087 10229 20066",2025-10-03 18:05:09.47639,2025-10-03 14:05:09.476433
"K74V","Roosevelt Muni, UT, US",2025-10-03 17:55:00,"2025-10-03 11:55:00",NA,21,4,90,4,NA,NA,1018,"METAR K74V 031755Z AUTO 09004KT 10SM 21/04 A3006 RMK AO2",2025-10-03 18:05:09.482772,2025-10-03 14:05:09.482817
"K8T6","George West/Live Oak Cnty, TX, US",2025-10-03 17:55:00,"2025-10-03 17:55:00","VFR",32,18,NA,4,NA,NA,1018,"METAR K8T6 031755Z AUTO VRB04KT 10SM FEW055 32/18 A3006 RMK AO2",2025-10-03 18:05:09.489177,2025-10-03 14:05:09.48922
"K8A1","Guntersville Muni, AL, US",2025-10-03 17:55:00,"2025-10-03 17:55:00","VFR",25,13,70,7,NA,NA,1025.1,"METAR K8A1 031755Z AUTO 07007KT 10SM CLR 25/13 A3027 RMK AO2 10252 20159",2025-10-03 18:05:09.495608,2025-10-03 14:05:09.495652
"K82C","Mauston/New Lisbon Arpt, WI, US",2025-10-03 17:55:00,"2025-10-03 17:55:00","VFR",28.5,19.1,210,4,NA,NA,1020.1,"METAR K82C 031755Z AUTO 21004KT 10SM CLR 29/19 A3012 RMK AO2 T02850191 10285 20208",2025-10-03 18:05:09.501972,2025-10-03 14:05:09.502014
"K7W6","Engelhard/Hyde Cnty, NC, US",2025-10-03 17:55:00,"2025-10-03 17:55:00","VFR",23.1,15.5,20,11,NA,NA,1025.8,"METAR K7W6 031755Z AUTO 02011KT 10SM OVC060 23/16 A3029 RMK AO2 T02310155 10245 20161",2025-10-03 18:05:09.508344,2025-10-03 14:05:09.508386
"K79S","Fort Benton Arpt, MT, US",2025-10-03 17:55:00,"2025-10-03 17:55:00","VFR",14.5,8.6,0,0,NA,NA,1014,"METAR K79S 031755Z AUTO 00000KT 10SM BKN120 15/09 A2994 RMK AO2 T01450086 10147 20098 58012",2025-10-03 18:05:09.514726,2025-10-03 14:05:09.514773
"K96D","Walhalla Muni, ND, US",2025-10-03 17:55:00,"2025-10-03 17:55:00","VFR",24,14,140,8,NA,NA,1013,"METAR K96D 031755Z AUTO 14008KT 10SM CLR 24/14 A2991 RMK AO2",2025-10-03 18:05:09.521129,2025-10-03 14:05:09.521174
"K9A4","Courtland, AL, US",2025-10-03 17:55:00,"2025-10-03 17:55:00","VFR",25,12,140,6,NA,NA,1025.8,"METAR K9A4 031755Z AUTO 14006KT 10SM CLR 25/12 A3029 RMK AO2",2025-10-03 18:05:09.527503,2025-10-03 14:05:09.527546
"K77S","Creswell/Hobby Fld, OR, US",2025-10-03 17:55:00,"2025-10-03 17:55:00","MVFR",15,14,0,0,NA,9,1022.1,"METAR K77S 031755Z AUTO 00000KT 9SM SCT009 OVC013 15/14 A3018 RMK A01",2025-10-03 18:05:09.533816,2025-10-03 14:05:09.533861
"KARB","Ann Arbor Muni, MI, US",2025-10-03 18:00:00,"2025-10-03 14:00:00","VFR",28.3,11.1,310,5,NA,NA,1023.1,"SPECI KARB 031800Z 31005KT 10SM CLR 28/11 A3021 RMK AO2 T02830111",2025-10-03 18:05:12.163955,2025-10-03 14:05:12.163998
"KAFP","Wadesboro/Anson Cnty, NC, US",2025-10-03 18:00:00,"2025-10-03 18:00:00","MVFR",22.6,11.8,30,6,NA,5,1026.5,"METAR KAFP 031800Z AUTO 03006KT 5SM HZ CLR 23/12 A3031 RMK AO2 T02260118",2025-10-03 18:05:12.170305,2025-10-03 14:05:12.170346
"KAID","Anderson Muni, IN, US",2025-10-03 17:59:00,"2025-10-03 13:59:00","VFR",29,10,200,4,NA,NA,1024.1,"METAR KAID 031759Z 20004KT 10SM CLR 29/10 A3024",2025-10-03 18:05:12.176713,2025-10-03 14:05:12.176761
"KART","Watertown Intl, NY, US",2025-10-03 17:56:00,"2025-10-03 13:56:00","VFR",20.6,10.6,270,10,NA,NA,1024.1,"METAR KART 031756Z AUTO 27010KT 10SM CLR 21/11 A3024 RMK AO2 SLP238 T02060106 10211 20128 58016",2025-10-03 18:05:12.18309,2025-10-03 14:05:12.183134
"KAND","Anderson Rgnl, SC, US",2025-10-03 17:56:00,"2025-10-03 13:56:00","VFR",23.3,10.6,60,8,NA,NA,1026.5,"METAR KAND 031756Z AUTO 06008KT 10SM CLR 23/11 A3031 RMK AO2 SLP257 T02330106 10233 20139 58023",2025-10-03 18:05:12.189445,2025-10-03 14:05:12.189489
"KAJO","Corona Muni, CA, US",2025-10-03 17:56:00,"2025-10-03 17:56:00","VFR",21.1,15,260,5,NA,NA,1016.7,"METAR KAJO 031756Z AUTO 26005KT 10SM OVC037 21/15 A3002 RMK AO2 SLP160 T02110150 10222 20122 50001",2025-10-03 18:05:12.195819,2025-10-03 14:05:12.195864
"KARG","Walnut Ridge Rgnl, AR, US",2025-10-03 17:56:00,"2025-10-03 12:56:00","VFR",28.3,14.4,160,6,NA,NA,1024.1,"METAR KARG 031756Z AUTO 16006KT 10SM CLR 28/14 A3024 RMK AO2 SLP240 6//// T02830144 10283 20156 $",2025-10-03 18:05:12.202181,2025-10-03 14:05:12.202224
"KAFJ","Washington Cnty Arpt, PA, US",2025-10-03 17:56:00,"2025-10-03 13:56:00","VFR",24.4,11.7,NA,4,NA,9,1026.5,"METAR KAFJ 031756Z AUTO VRB04KT 9SM CLR 24/12 A3031 RMK AO2 SLP260 T02440117 10244 20100 58020 $",2025-10-03 18:05:12.208615,2025-10-03 14:05:12.208658
"KAIT","Aitkin Muni, MN, US",2025-10-03 17:56:00,"2025-10-03 17:56:00","VFR",27,17,140,5,NA,NA,1018.4,"METAR KAIT 031756Z AUTO 14005KT 10SM CLR 27/17 A3007 RMK AO2",2025-10-03 18:05:12.215015,2025-10-03 14:05:12.215059
"KASH","Nashua/Boire Fld, NH, US",2025-10-03 17:56:00,"2025-10-03 13:56:00","VFR",22.8,7.8,NA,3,NA,NA,1024.1,"METAR KASH 031756Z VRB03KT 10SM SCT060 23/08 A3024 RMK AO2 SLP238 T02280078 10228 20050 58027",2025-10-03 18:05:12.221413,2025-10-03 14:05:12.221456
"KAJZ","Delta/Blake Fld, CO, US",2025-10-03 17:55:00,"2025-10-03 17:55:00","VFR",29.5,0.4,100,6,NA,NA,1021.1,"METAR KAJZ 031755Z AUTO 10006KT 10SM SCT110 30/00 A3015 RMK AO2 T02950004 10295 20086 PWINO",2025-10-03 18:05:12.227882,2025-10-03 14:05:12.227927
"KASL","Marshall/Harrison Cnty, TX, US",2025-10-03 17:55:00,"2025-10-03 12:55:00","VFR",29.7,19.8,NA,4,NA,NA,1021.1,"METAR KASL 031755Z AUTO VRB04KT 10SM CLR 30/20 A3015 RMK AO2 T02970198 10297 20176 58005 $",2025-10-03 18:05:12.23437,2025-10-03 14:05:12.234414
"KALM","Alamogordo/White Sands Rgnl, NM, US",2025-10-03 17:55:00,"2025-10-03 11:55:00","VFR",30,5,220,12,19,NA,1023.5,"METAR KALM 031755Z AUTO 22012G19KT 10SM CLR 30/05 A3022 RMK AO2",2025-10-03 18:05:12.240788,2025-10-03 14:05:12.240833
"KAEJ","Buena Vista/Central Colorado Rgnl, CO, US",2025-10-03 17:55:00,"2025-10-03 17:55:00",NA,21.1,-0.4,140,11,NA,NA,1027.2,"METAR KAEJ 031755Z AUTO 14011KT CLR 21/00 A3033 RMK AO2 T02111004 10211 20029 PWINO",2025-10-03 18:05:12.247108,2025-10-03 14:05:12.247151
"KAEL","Albert Lea Muni, MN, US",2025-10-03 17:55:00,"2025-10-03 12:55:00","VFR",30.2,15.8,230,6,NA,NA,1019.7,"METAR KAEL 031755Z AUTO 23006KT 10SM CLR 30/16 A3011 RMK AO2 T03020158 10302 20169 58010",2025-10-03 18:05:12.253517,2025-10-03 14:05:12.253562
"KACJ","Americus/Carter Rgnl, GA, US",2025-10-03 17:55:00,"2025-10-03 17:55:00","VFR",25.6,14.1,70,10,15,NA,1022.4,"METAR KACJ 031755Z AUTO 07010G15KT 10SM CLR 26/14 A3019 RMK AO2 P0002 60007 T02560141 10261 20159 58021",2025-10-03 18:05:12.259989,2025-10-03 14:05:12.260033
"KADC","Wadena Muni, MN, US",2025-10-03 17:55:00,"2025-10-03 17:55:00","VFR",28,13,130,12,NA,NA,1017,"METAR KADC 031755Z AUTO 13012KT 10SM CLR 28/13 A3003 RMK AO2",2025-10-03 18:05:12.266464,2025-10-03 14:05:12.266508
"KAJG","Mount Carmel Muni, IL, US",2025-10-03 17:55:00,"2025-10-03 17:55:00","VFR",31.2,15.8,190,4,NA,NA,1023.8,"METAR KAJG 031755Z AUTO 19004KT 10SM CLR 31/16 A3023 RMK AO2 T03120158 10312 20160",2025-10-03 18:05:12.283867,2025-10-03 14:05:12.28391
"KAIB","Nucla/Hopkins Fld, CO, US",2025-10-03 17:55:00,"2025-10-03 17:55:00","VFR",26.5,1.9,NA,NA,NA,NA,1023.8,"METAR KAIB 031755Z AUTO 10SM SCT095 27/02 A3023 RMK AO2 T02650019 10265 20092",2025-10-03 18:05:12.290128,2025-10-03 14:05:12.290171
"KACB","Bellaire/Antrim Cnty, MI, US",2025-10-03 17:55:00,"2025-10-03 13:55:00","VFR",28.2,14,240,4,NA,NA,1020.7,"METAR KACB 031755Z AUTO 24004KT 10SM SCT075 28/14 A3014 RMK AO2 T02820140 10283 20090",2025-10-03 18:05:12.296711,2025-10-03 14:05:12.296772
"KAPG","Phillips, MD, US",2025-10-03 17:55:00,"2025-10-03 13:55:00","VFR",21,12,250,7,NA,9,1027.2,"METAR KAPG 031755Z 25007KT 9SM SCT040 21/12 A3033 RMK AO2A",2025-10-03 18:05:12.302989,2025-10-03 14:05:12.303031
"KAGO","Magnolia Muni, AR, US",2025-10-03 17:55:00,"2025-10-03 12:55:00","VFR",28,16,100,4,NA,7,1021.8,"METAR KAGO 031755Z AUTO 10004KT 7SM CLR 28/16 A3017 RMK A01",2025-10-03 18:05:12.309386,2025-10-03 14:05:12.309428
"KAHQ","Wahoo Muni, NE, US",2025-10-03 17:55:00,"2025-10-03 17:55:00","VFR",30.7,14.5,200,10,NA,NA,1019.4,"METAR KAHQ 031755Z AUTO 20010KT 10SM CLR 31/15 A3010 RMK AO2 T03070145 10308 20148",2025-10-03 18:05:12.315765,2025-10-03 14:05:12.315811
"K9V9","Chamberlain Muni, SD, US",2025-10-03 17:55:00,"2025-10-03 17:55:00","VFR",NA,NA,180,14,18,NA,1015,"METAR K9V9 031755Z AUTO 18014G18KT 10SM CLR A2997 RMK AO2",2025-10-03 18:05:12.322152,2025-10-03 14:05:12.322197
"KANJ","Sault Ste Marie Muni, MI, US",2025-10-03 17:55:00,"2025-10-03 17:55:00","VFR",20.6,15,0,0,NA,NA,1020.1,"METAR KANJ 031755Z AUTO 00000KT 10SM FEW070 BKN090 21/15 A3012 RMK AO2 SLP199 T02060150 10217 20117 58005",2025-10-03 18:05:12.328553,2025-10-03 14:05:12.328596
"KAMN","Alma/Gratiot Communi, MI, US",2025-10-03 17:55:00,"2025-10-03 13:55:00","VFR",29,13,220,7,NA,NA,1022.4,"METAR KAMN 031755Z AUTO 22007KT 10SM CLR 29/13 A3019 RMK AO2 10296 20069",2025-10-03 18:05:12.334981,2025-10-03 14:05:12.335024
"KAFO","Afton Muni, WY, US",2025-10-03 17:55:00,"2025-10-03 11:55:00","VFR",12,9,90,5,NA,NA,1019.4,"METAR KAFO 031755Z AUTO 09005KT 10SM -RA SCT031 BKN060 OVC090 12/09 A3010 RMK AO2",2025-10-03 18:05:12.341357,2025-10-03 14:05:12.341403
"KAQX","Allendale Cnty Arpt, SC, US",2025-10-03 17:55:00,"2025-10-03 17:55:00","VFR",25,13,0,0,11,NA,1023.8,"METAR KAQX 031755Z AUTO 00000G11KT 10SM CLR 25/13 A3023 RMK AO2",2025-10-03 18:05:12.3479,2025-10-03 14:05:12.347944
"K9K7","Ellsworth Muni, KS, US",2025-10-03 17:55:00,"2025-10-03 17:55:00","VFR",30,15,180,17,20,NA,1020.4,"METAR K9K7 031755Z AUTO 18017G20KT 10SM CLR 30/15 A3013 RMK AO2 10299 20165",2025-10-03 18:05:12.354322,2025-10-03 14:05:12.354366
"KADH","Ada Muni, OK, US",2025-10-03 17:55:00,"2025-10-03 12:55:00","VFR",31,21,130,8,NA,NA,1022.1,"METAR KADH 031755Z AUTO 13008KT 10SM CLR 31/21 A3018 RMK AO2 10306 20194",2025-10-03 18:05:12.360806,2025-10-03 14:05:12.360851
"KALX","Alexander City/Russell Fld, AL, US",2025-10-03 17:55:00,"2025-10-03 12:55:00","VFR",23.8,14,100,7,NA,NA,1024.1,"METAR KALX 031755Z AUTO 10007KT 10SM CLR 24/14 A3024 RMK AO2 T02380140 10247 20156",2025-10-03 18:05:12.367246,2025-10-03 14:05:12.367291
"K9L2","Edwards AF Aux North, CA, US",2025-10-03 17:55:00,"2025-10-03 17:55:00","VFR",20.8,8.4,270,14,18,9,1015.7,"METAR K9L2 031755Z AUTO 27014G18KT 9SM SCT055 21/08 A2999 RMK AO2 SLP137 T02080084 10215 20155 50002",2025-10-03 18:05:12.373642,2025-10-03 14:05:12.373684
"KANK","Salida/Alexander Fld, CO, US",2025-10-03 17:55:00,"2025-10-03 11:55:00","VFR",22.5,-0.1,180,18,23,NA,1025.5,"METAR KANK 031755Z AUTO 18018G23KT 10SM CLR 22/M00 A3028 RMK AO2 T02251001 10230 20067 58021 $",2025-10-03 18:05:12.380139,2025-10-03 14:05:12.380183
"KAQO","Llano Muni, TX, US",2025-10-03 17:55:00,"2025-10-03 17:55:00","VFR",32,14,NA,4,NA,NA,1020.7,"METAR KAQO 031755Z AUTO VRB04KT 10SM CLR 32/14 A3014 RMK AO2",2025-10-03 18:05:12.386653,2025-10-03 14:05:12.386712
"KAIK","Aiken Muni, GA, US",2025-10-03 17:55:00,"2025-10-03 13:55:00","VFR",23.9,11.4,10,10,NA,NA,1025.8,"METAR KAIK 031755Z AUTO 01010KT 10SM CLR 24/11 A3029 RMK AO2 T02390114 10243 20134",2025-10-03 18:05:12.393187,2025-10-03 14:05:12.393231
"KAAS","Campbellsville/Taylor Cnty, KY, US",2025-10-03 17:55:00,"2025-10-03 17:55:00","VFR",25,14,0,0,NA,NA,1027.5,"METAR KAAS 031755Z AUTO 00000KT 10SM CLR 25/14 A3034 RMK AO1",2025-10-03 18:05:12.410956,2025-10-03 14:05:12.411037
"KACQ","Waseca Muni, MN, US",2025-10-03 17:55:00,"2025-10-03 17:55:00","VFR",29,16,200,7,NA,NA,1020.1,"METAR KACQ 031755Z AUTO 20007KT 10SM CLR 29/16 A3012 RMK AO2",2025-10-03 18:05:12.41755,2025-10-03 14:05:12.417591
"KAST","Astoria Rgnl, OR, US",2025-10-03 17:55:00,"2025-10-03 10:55:00","MVFR",15.6,12.2,70,3,NA,NA,1021.1,"METAR KAST 031755Z AUTO 07003KT 10SM OVC026 16/12 A3015 RMK AO2 SLP209 60000 T01560122 10156 20100 53003",2025-10-03 18:05:12.423822,2025-10-03 14:05:12.423865
"KASJ","Ahoskie/Tri Cnty, NC, US",2025-10-03 17:55:00,"2025-10-03 17:55:00","VFR",21.2,12.3,20,3,NA,NA,1026.5,"METAR KASJ 031755Z AUTO 02003KT 10SM SCT040 21/12 A3031 RMK AO2 T02120123 10229 20111",2025-10-03 18:05:12.430297,2025-10-03 14:05:12.430341
"KA39","Ak-Chin Rgnl, AZ, US",2025-10-03 17:55:00,"2025-10-03 17:55:00","VFR",34,7,170,6,NA,NA,1014,"METAR KA39 031755Z AUTO 17006KT 10SM CLR 34/07 A2994 RMK AO2",2025-10-03 18:05:12.436782,2025-10-03 14:05:12.436828
"KARV","Woodruff/Lakeland Arpt, WI, US",2025-10-03 17:55:00,"2025-10-03 12:55:00","VFR",24.7,16.7,180,3,NA,NA,1020.1,"METAR KARV 031755Z AUTO 18003KT 10SM CLR 25/17 A3012 RMK AO2 T02470167 10250 20137",2025-10-03 18:05:12.443255,2025-10-03 14:05:12.443301
"KASN","Talladega Muni, AL, US",2025-10-03 17:55:00,"2025-10-03 12:55:00","VFR",26,15,80,8,NA,NA,1024.1,"METAR KASN 031755Z AUTO 08008KT 050V120 10SM CLR 26/15 A3024 RMK AO2 10262 20156",2025-10-03 18:05:12.449632,2025-10-03 14:05:12.449677
"K9Y1","Killdeer/Dunn Cnty, ND, US",2025-10-03 17:55:00,"2025-10-03 17:55:00","VFR",27,12,130,14,17,NA,1009.2,"METAR K9Y1 031755Z AUTO 13014G17KT 10SM CLR 27/12 A2980 RMK AO2 10272 20076",2025-10-03 18:05:12.456054,2025-10-03 14:05:12.456099
"K9S2","Scobey Arpt, MT, US",2025-10-03 17:55:00,"2025-10-03 17:55:00","VFR",24,7,70,6,NA,NA,1009.9,"METAR K9S2 031755Z AUTO 07006KT 10SM CLR 24/07 A2982 RMK AO2",2025-10-03 18:05:12.462407,2025-10-03 14:05:12.462451
"K9S9","Lexington Arpt, OR, US",2025-10-03 17:55:00,"2025-10-03 17:55:00","VFR",16,9,270,7,NA,NA,1020.7,"METAR K9S9 031755Z AUTO 27007KT 10SM FEW027 16/09 A3014 RMK AO2",2025-10-03 18:05:12.468822,2025-10-03 14:05:12.468866
"KARM","Wharton Rgnl, TX, US",2025-10-03 17:55:00,"2025-10-03 12:55:00","VFR",31.9,19.3,40,9,NA,NA,1018.7,"METAR KARM 031755Z AUTO 04009KT 10SM SCT044 SCT050 32/19 A3008 RMK AO2 T03190193 10319 20212 TSNO",2025-10-03 18:05:12.475236,2025-10-03 14:05:12.475278
"KAIG","Antigo/Langlade Cnty, WI, US",2025-10-03 17:55:00,"2025-10-03 17:55:00","VFR",26.2,16,210,7,NA,NA,1020.7,"METAR KAIG 031755Z AUTO 21007KT 10SM CLR 26/16 A3014 RMK AO2 T02620160 10262 20129",2025-10-03 18:05:12.481635,2025-10-03 14:05:12.481679
"KAIO","Atlantic Muni, IA, US",2025-10-03 17:55:00,"2025-10-03 12:55:00","VFR",30,16,210,12,17,NA,1019.7,"METAR KAIO 031755Z AUTO 21012G17KT 10SM CLR 30/16 A3011 RMK AO2",2025-10-03 18:05:12.488337,2025-10-03 14:05:12.488382
"KAAA","Lincoln/Logan Cnty, IL, US",2025-10-03 17:55:00,"2025-10-03 17:55:00","VFR",30.8,17.3,290,3,NA,NA,1022.4,"METAR KAAA 031755Z AUTO 29003KT 10SM CLR 31/17 A3019 RMK AO2 T03080173 10310 20152",2025-10-03 18:05:12.494807,2025-10-03 14:05:12.494852
"KAFK","Nebraska City Muni, NE, US",2025-10-03 17:55:00,"2025-10-03 17:55:00","VFR",29.7,17.8,190,9,17,NA,1020.4,"METAR KAFK 031755Z AUTO 19009G17KT 10SM CLR 30/18 A3013 RMK AO2 T02970178 10298 20165",2025-10-03 18:05:12.50121,2025-10-03 14:05:12.501254
"KANW","Ainsworth Muni, NE, US",2025-10-03 17:55:00,"2025-10-03 12:55:00","VFR",29.9,13.9,180,13,18,NA,1016.3,"METAR KANW 031755Z AUTO 18013G18KT 10SM CLR 30/14 A3001 RMK AO2 T02990139 10300 20161",2025-10-03 18:05:12.507682,2025-10-03 14:05:12.507747
"KANQ","Angola/Tri-State Arpt, IN, US",2025-10-03 17:55:00,"2025-10-03 13:55:00","VFR",29,13,0,0,NA,NA,1023.5,"METAR KANQ 031755Z AUTO 00000KT 10SM FEW065 29/13 A3022 RMK AO2",2025-10-03 18:05:12.514151,2025-10-03 14:05:12.514195
"KAJR","Cornelia/Habersham Cnty, GA, US",2025-10-03 17:55:00,"2025-10-03 17:55:00","VFR",21.2,10.6,40,6,NA,7,1026.8,"METAR KAJR 031755Z AUTO 04006KT 7SM CLR 21/11 A3032 RMK AO2 T02120106 10212 20132",2025-10-03 18:05:12.520469,2025-10-03 14:05:12.520512
"KAFF","Air Force Academy Arfld, CO, US",2025-10-03 17:55:00,"2025-10-03 11:55:00","VFR",26.2,-0.8,130,5,NA,NA,1022.8,"METAR KAFF 031755Z AUTO 13005KT 10SM CLR 26/M01 A3020 RMK AO2 SLPNO T02621008 10262 20069 57009",2025-10-03 18:05:12.526939,2025-10-03 14:05:12.526985
"KAAT","Alturas Muni, CA, US",2025-10-03 17:55:00,"2025-10-03 17:55:00","VFR",7.8,6.1,0,0,NA,7,1019.4,"METAR KAAT 031755Z AUTO 00000KT 7SM -RA SCT016 BKN042 OVC050 08/06 A3010 RMK AO2 SLP181 P0013 60071 T00780061 10083 20067 53005",2025-10-03 18:05:12.54418,2025-10-03 14:05:12.544221
"KACP","Oakdale/Parish Arpt, LA, US",2025-10-03 17:55:00,"2025-10-03 17:55:00","VFR",30,16,70,6,NA,NA,1020.1,"METAR KACP 031755Z AUTO 07006KT 10SM CLR 30/16 A3012 RMK AO2",2025-10-03 18:05:12.550543,2025-10-03 14:05:12.550585
"KADU","Audubon Cnty Arpt, IA, US",2025-10-03 17:55:00,"2025-10-03 17:55:00","MVFR",29,16,160,8,NA,NA,1020.7,"METAR KADU 031755Z AUTO 16008KT 10SM SCT005 BKN019 OVC070 29/16 A3014 RMK AO2 PWINO",2025-10-03 18:05:12.556882,2025-10-03 14:05:12.556924
"KADW","Andrews AFB, MD, US",2025-10-03 17:55:00,"2025-10-03 13:55:00","VFR",21.3,10.1,0,0,NA,NA,1026.5,"METAR KADW 031755Z AUTO 00000KT 10SM CLR 21/10 A3031 RMK AO2 SLP270 T02130101 10213 20107 57024 TSNO $",2025-10-03 18:05:12.563164,2025-10-03 14:05:12.563206
"KAAO","Wichita/Jabara Arpt, KS, US",2025-10-03 17:54:00,"2025-10-03 17:54:00","VFR",30,16.1,190,14,19,9,1021.1,"METAR KAAO 031754Z AUTO 19014G19KT 9SM CLR 30/16 A3015 RMK AO2 SLP198 T03000161 10300 20172 58010",2025-10-03 18:05:12.569493,2025-10-03 14:05:12.569535
"KAKQ","Norfolk Muni, VA, US",2025-10-03 17:54:00,"2025-10-03 17:54:00","VFR",21.7,11.7,NA,4,NA,NA,1027.2,"METAR KAKQ 031754Z AUTO VRB04KT 10SM CLR 22/12 A3033 RMK AO2 SLP271 T02170117 10217 20094 58021",2025-10-03 18:05:12.575911,2025-10-03 14:05:12.575954
"KAKH","Gastonia Muni, NC, US",2025-10-03 17:54:00,"2025-10-03 17:54:00","VFR",21.7,11.1,20,7,NA,NA,1026.8,"METAR KAKH 031754Z AUTO 02007KT 10SM CLR 22/11 A3032 RMK AO2 SLP266 T02170111 10217 20111 58022",2025-10-03 18:05:12.582266,2025-10-03 14:05:12.582311
"KACY","Atlantic City Intl, NJ, US",2025-10-03 17:54:00,"2025-10-03 13:54:00","VFR",20.6,8.9,110,8,NA,NA,1027.2,"METAR KACY 031754Z 11008KT 10SM CLR 21/09 A3033 RMK AO2 SLP271 T02060089 10211 20100 58026 $",2025-10-03 18:05:12.588819,2025-10-03 14:05:12.588864
"KALO","Waterloo Rgnl, IA, US",2025-10-03 17:54:00,"2025-10-03 12:54:00","VFR",31.1,15,190,9,NA,NA,1020.4,"METAR KALO 031754Z 19009KT 10SM CLR 31/15 A3013 RMK AO2 SLP197 T03110150 10311 20156 58012",2025-10-03 18:05:12.59517,2025-10-03 14:05:12.595214
"KAKR","Akron/Fulton Intl, OH, US",2025-10-03 17:54:00,"2025-10-03 13:54:00","VFR",24.4,12.2,230,5,NA,NA,1024.8,"METAR KAKR 031754Z AUTO 23005KT 10SM CLR 24/12 A3026 RMK AO2 SLP242 T02440122 10250 20133 58015 $",2025-10-03 18:05:12.60155,2025-10-03 14:05:12.601594
"KAPN","Alpena Cnty Rgnl, MI, US",2025-10-03 17:54:00,"2025-10-03 13:54:00","VFR",28.9,12.2,260,10,NA,NA,1021.1,"METAR KAPN 031754Z AUTO 26010KT 10SM CLR 29/12 A3015 RMK AO2 SLP208 T02890122 10289 20067 58015",2025-10-03 18:05:12.607943,2025-10-03 14:05:12.607988
"KAPC","Napa Cnty Arpt, CA, US",2025-10-03 17:54:00,"2025-10-03 10:54:00","VFR",18.9,12.8,NA,3,NA,NA,1018,"METAR KAPC 031754Z VRB03KT 10SM SCT025 19/13 A3006 RMK AO2 SLP170 T01890128 10189 20133 51008",2025-10-03 18:05:12.614388,2025-10-03 14:05:12.614433
"KAQP","Appleton Muni, MN, US",2025-10-03 17:54:00,"2025-10-03 17:54:00","VFR",31,16,190,5,NA,NA,1016,"METAR KAQP 031754Z AUTO 19005KT 10SM CLR 31/16 A3000 RMK AO2 TSNO",2025-10-03 18:05:12.620847,2025-10-03 14:05:12.620891
"KACK","Nantucket Mem Arpt, MA, US",2025-10-03 17:53:00,"2025-10-03 13:53:00","VFR",18.3,10.6,240,13,NA,NA,NA,"METAR KACK 031753Z 24013KT 10SM CLR 18/11 RMK AO2 SLPNO T01830106 10183 20133 $",2025-10-03 18:05:12.627361,2025-10-03 14:05:12.627405
"KACV","Arcata Arpt, CA, US",2025-10-03 17:53:00,"2025-10-03 10:53:00","IFR",13.9,11.7,290,6,NA,NA,1020.7,"METAR KACV 031753Z AUTO 29006KT 10SM BKN008 BKN012 14/12 A3014 RMK AO2 SLP213 T01390117 10144 20106 53010",2025-10-03 18:05:12.633795,2025-10-03 14:05:12.633841
"KADG","Adrian/Lenawee Cnty, MI, US",2025-10-03 17:53:00,"2025-10-03 13:53:00","VFR",28.3,11.1,NA,5,NA,NA,1023.8,"METAR KADG 031753Z AUTO VRB05KT 10SM CLR 28/11 A3023 RMK AO2 SLP235 T02830111 10289 20089 58015",2025-10-03 18:05:12.640255,2025-10-03 14:05:12.640299
"KAEX","Alexandria Intl, LA, US",2025-10-03 17:53:00,"2025-10-03 12:53:00","VFR",30,14.4,60,9,16,NA,1020.4,"METAR KAEX 031753Z 06009G16KT 10SM CLR 30/14 A3013 RMK AO2 SLP207 T03000144 10300 20194 58010",2025-10-03 18:05:12.646743,2025-10-03 14:05:12.646789
"KAFW","Fort Worth/Alliance Arpt, TX, US",2025-10-03 17:53:00,"2025-10-03 12:53:00","VFR",31.1,16.7,170,4,NA,NA,1020.7,"METAR KAFW 031753Z 17004KT 10SM FEW050 31/17 A3014 RMK AO2 SLP190 T03110167 10317 20206 58008 $",2025-10-03 18:05:12.653184,2025-10-03 14:05:12.653229
"KAGS","Augusta Rgnl, GA, US",2025-10-03 17:53:00,"2025-10-03 13:53:00","VFR",25.6,10.6,10,7,20,NA,1024.5,"METAR KAGS 031753Z 01007G20KT 10SM CLR 26/11 A3025 RMK AO2 SLP241 T02560106 10256 20150 58024",2025-10-03 18:05:12.659642,2025-10-03 14:05:12.659687
"KAMA","Amarillo Intl Arpt, TX, US",2025-10-03 17:53:00,"2025-10-03 12:53:00","VFR",30,8.9,220,11,NA,NA,1022.8,"METAR KAMA 031753Z 22011KT 10SM CLR 30/09 A3020 RMK AO2 SLP171 T03000089 10300 20172 58006",2025-10-03 18:05:12.676816,2025-10-03 14:05:12.676861
"KAMW","Ames Muni, IA, US",2025-10-03 17:53:00,"2025-10-03 12:53:00","VFR",30.6,16.1,190,8,15,NA,1020.7,"METAR KAMW 031753Z AUTO 19008G15KT 10SM CLR 31/16 A3014 RMK AO2 SLP196 T03060161 10306 20150 58012",2025-10-03 18:05:12.683321,2025-10-03 14:05:12.683364
"KAOH","Lima/Allen Cnty, OH, US",2025-10-03 17:53:00,"2025-10-03 13:53:00","VFR",28.3,10,280,6,NA,NA,1024.1,"METAR KAOH 031753Z AUTO 28006KT 10SM CLR 28/10 A3024 RMK AO2 SLP235 T02830100 10283 20133 58013",2025-10-03 18:05:12.689641,2025-10-03 14:05:12.689685
"KAOO","Altoona/Blair Cnty, PA, US",2025-10-03 17:53:00,"2025-10-03 13:53:00","VFR",22.2,8.9,230,7,NA,NA,1026.5,"METAR KAOO 031753Z AUTO 23007KT 10SM CLR 22/09 A3031 RMK AO2 SLP258 T02220089 10222 20083 58022",2025-10-03 18:05:12.695986,2025-10-03 14:05:12.69603
"KAPF","Naples Muni, FL, US",2025-10-03 17:53:00,"2025-10-03 13:53:00","VFR",32.2,21.7,60,11,NA,NA,1014,"METAR KAPF 031753Z 06011KT 10SM SCT040 32/22 A2994 RMK AO2 SLP137 T03220217 10328 20239 58018 $",2025-10-03 18:05:12.70242,2025-10-03 14:05:12.702464
"KASE","Aspen/Pitkin Cnty, CO, US",2025-10-03 17:53:00,"2025-10-03 11:53:00","VFR",20.6,-2.2,160,13,17,NA,1025.8,"METAR KASE 031753Z 16013G17KT 10SM SCT090 21/M02 A3029 RMK AO2 SLP150 T02061022 10211 20039 58011",2025-10-03 18:05:12.708785,2025-10-03 14:05:12.70883
"KAAF","Apalachicola Muni, FL, US",2025-10-03 17:53:00,"2025-10-03 13:53:00","VFR",28.3,18.9,100,13,20,NA,1019,"METAR KAAF 031753Z AUTO 10013G20KT 10SM CLR 28/19 A3009 RMK AO1 SLP190 T02830189 10289 20200 56014",2025-10-03 18:05:12.715152,2025-10-03 14:05:12.715196
"KABR","Aberdeen Rgnl, SD, US",2025-10-03 17:53:00,"2025-10-03 12:53:00","VFR",28.3,16.1,170,15,23,NA,1012.6,"METAR KABR 031753Z AUTO 17015G23KT 10SM CLR 28/16 A2990 RMK AO2 PK WND 17026/1705 SLP120 T02830161 10283 20172 58020",2025-10-03 18:05:12.721541,2025-10-03 14:05:12.721586
"KANB","Anniston Metro, AL, US",2025-10-03 17:53:00,"2025-10-03 12:53:00","VFR",24.4,13.9,NA,6,NA,NA,1025.1,"METAR KANB 031753Z AUTO VRB06KT 10SM CLR 24/14 A3027 RMK AO2 SLP245 T02440139 10250 20133 58014",2025-10-03 18:05:12.727964,2025-10-03 14:05:12.728008
"KASD","Slidell Arpt, LA, US",2025-10-03 17:53:00,"2025-10-03 17:53:00","VFR",27.8,19.4,100,7,NA,NA,1019.4,"METAR KASD 031753Z AUTO 10007KT 050V140 10SM CLR 28/19 A3010 RMK AO2 SLP194 T02780194 10278 20200 58009",2025-10-03 18:05:12.73437,2025-10-03 14:05:12.734414
"KAKO","Akron/Plains Rgnl, CO, US",2025-10-03 17:53:00,"2025-10-03 11:53:00","VFR",26.7,7.8,290,5,NA,NA,1019.4,"METAR KAKO 031753Z AUTO 29005KT 10SM CLR 27/08 A3010 RMK AO2 SLP133 T02670078 10267 20117 58011",2025-10-03 18:05:12.740788,2025-10-03 14:05:12.740833
"KAMG","Alma/Bacon Cnty, GA, US",2025-10-03 17:53:00,"2025-10-03 17:53:00","VFR",27.2,15.6,NA,NA,NA,NA,1022.1,"METAR KAMG 031753Z AUTO 10SM CLR 27/16 A3018 RMK AO2 SLP218 T02720156 10278 20194 58018",2025-10-03 18:05:12.747174,2025-10-03 14:05:12.747217
"KAPA","Denver/Centennial Arpt, CO, US",2025-10-03 17:53:00,"2025-10-03 11:53:00","VFR",26.7,1.7,220,10,15,NA,1021.1,"METAR KAPA 031753Z 22010G15KT 10SM FEW110 27/02 A3015 RMK AO2 SLP135 T02670017 10267 20117 58012",2025-10-03 18:05:12.7536,2025-10-03 14:05:12.753645
"KARA","New Iberia/Acadiana Rgnl, LA, US",2025-10-03 17:53:00,"2025-10-03 12:53:00","VFR",29.4,18.3,NA,NA,NA,NA,1019.4,"METAR KARA 031753Z 10SM BKN100 29/18 A3010 RMK AO2 SLP190 T02940183 10300 20211 58008",2025-10-03 18:05:12.760027,2025-10-03 14:05:12.760071
"KABY","Albany/SW Georgia Rgnl, GA, US",2025-10-03 17:53:00,"2025-10-03 13:53:00","VFR",28.9,14.4,80,10,20,NA,1022.4,"METAR KABY 031753Z 08010G20KT 10SM FEW049 29/14 A3019 RMK AO2 SLP222 T02890144 10289 20183 58019",2025-10-03 18:05:12.766638,2025-10-03 14:05:12.766683
"KAGC","Pittsburgh/Allegheny Cnty, PA, US",2025-10-03 17:53:00,"2025-10-03 13:53:00","VFR",23.3,10.6,160,5,NA,NA,1025.5,"METAR KAGC 031753Z 16005KT 10SM CLR 23/11 A3028 RMK AO2 SLP255 T02330106 10239 20117 58019 $",2025-10-03 18:05:12.773076,2025-10-03 14:05:12.773122
"KALW","Walla Walla Rgnl, WA, US",2025-10-03 17:53:00,"2025-10-03 10:53:00","VFR",15.6,9.4,200,7,NA,NA,1019,"METAR KALW 031753Z 20007KT 10SM CLR 16/09 A3009 RMK AO2 SLP190 T01560094 10156 20094 50003",2025-10-03 18:05:12.779516,2025-10-03 14:05:12.779559
"KAIA","Alliance Muni, NE, US",2025-10-03 17:53:00,"2025-10-03 11:53:00","VFR",30.6,5,170,12,NA,NA,1017,"METAR KAIA 031753Z AUTO 17012KT 10SM CLR 31/05 A3003 RMK AO2 SLP126 T03060050 10306 20106 58015",2025-10-03 18:05:12.785931,2025-10-03 14:05:12.785975
"KABQ","Albuquerque Intl, NM, US",2025-10-03 17:52:00,"2025-10-03 11:52:00","VFR",25,5.6,190,13,19,NA,1025.5,"METAR KABQ 031752Z 19013G19KT 10SM FEW075 SCT100 25/06 A3028 RMK AO2 SLP175 T02500056 10250 20144 58007",2025-10-03 18:05:12.792386,2025-10-03 14:05:12.792431
"KABI","Abilene Rgnl, TX, US",2025-10-03 17:52:00,"2025-10-03 12:52:00","VFR",31.7,13.9,0,0,NA,NA,1021.1,"METAR KABI 031752Z 00000KT 10SM CLR 32/14 A3015 RMK AO2 SLP180 T03170139 10322 20183 58010 $",2025-10-03 18:05:12.816894,2025-10-03 14:05:12.816939
"KARR","Aurora Muni, IL, US",2025-10-03 17:52:00,"2025-10-03 12:52:00","VFR",31.1,15,190,9,NA,8,1022.1,"METAR KARR 031752Z 19009KT 8SM CLR 31/15 A3018 RMK AO2 SLP214 T03110150 10317 20139 58015",2025-10-03 18:05:12.823275,2025-10-03 14:05:12.823315
"KAQW","North Adams/Harriman West Arpt, MA, US",2025-10-03 17:52:00,"2025-10-03 17:52:00",NA,NA,NA,NA,NA,NA,NA,1024.5,"METAR KAQW 031752Z AUTO A3025 RMK AO2 SLPNO 58030 PWINO FZRANO",2025-10-03 18:05:12.829417,2025-10-03 14:05:12.829458
"KAFN","Jaffrey Muni, NH, US",2025-10-03 17:52:00,"2025-10-03 13:52:00","VFR",21.1,6.7,250,6,NA,NA,1024.5,"METAR KAFN 031752Z AUTO 25006KT 10SM CLR 21/07 A3025 RMK AO2 SLP252 T02110067 10211 20067 58023",2025-10-03 18:05:12.835685,2025-10-03 14:05:12.83575
"KALS","Alamosa/Bergman Fld, CO, US",2025-10-03 17:52:00,"2025-10-03 11:52:00","VFR",22.2,0.6,220,8,15,NA,1027.5,"METAR KALS 031752Z AUTO 22008G15KT 200V260 10SM CLR 22/01 A3034 RMK AO2 SLP198 T02220006 10222 20011 58014",2025-10-03 18:05:12.842166,2025-10-03 14:05:12.842209
"KACT","Waco Rgnl, TX, US",2025-10-03 17:51:00,"2025-10-03 12:51:00","VFR",32.8,18.3,100,3,NA,NA,1019.7,"METAR KACT 031751Z 10003KT 10SM CLR 33/18 A3011 RMK AO2 SLP189 T03280183 10328 20178 58010",2025-10-03 18:05:12.848527,2025-10-03 14:05:12.848572
"KALB","Albany Intl, NY, US",2025-10-03 17:51:00,"2025-10-03 13:51:00","VFR",20,8.9,NA,3,NA,NA,1024.8,"METAR KALB 031751Z VRB03KT 10SM FEW200 FEW250 20/09 A3026 RMK AO2 SLP248 T02000089 10206 20072 58028 $",2025-10-03 18:05:12.85512,2025-10-03 14:05:12.855165
"KANE","Blaine/Anoka Cnty, MN, US",2025-10-03 17:51:00,"2025-10-03 17:51:00","VFR",29,17,200,4,NA,NA,1018.7,"METAR KANE 031751Z 20004KT 10SM CLR 29/17 A3008",2025-10-03 18:05:12.861639,2025-10-03 14:05:12.861685
"KABE","Allentown/Lehigh Valley Intl, PA, US",2025-10-03 17:51:00,"2025-10-03 13:51:00","VFR",21.1,9.4,220,7,15,NA,1026.5,"METAR KABE 031751Z 22007G15KT 10SM CLR 21/09 A3031 RMK AO2 SLP265 T02110094 10211 20072 58028 $",2025-10-03 18:05:12.86835,2025-10-03 14:05:12.868395
"KAHN","Athens/Epps Arpt, GA, US",2025-10-03 17:51:00,"2025-10-03 13:51:00","VFR",22.8,11.7,80,5,NA,NA,1026.2,"METAR KAHN 031751Z 08005KT 10SM CLR 23/12 A3030 RMK AO2 SLP257 T02280117 10233 20133 58020",2025-10-03 18:05:12.876419,2025-10-03 14:05:12.876472
"KALN","Alton/St Louis Rgnl, IL, US",2025-10-03 17:50:00,"2025-10-03 12:50:00","VFR",29,15,210,9,NA,NA,1023.8,"METAR KALN 031750Z 21009KT 10SM FEW065 29/15 A3023",2025-10-03 18:05:12.885055,2025-10-03 14:05:12.885109
"KAEG","Albuquerque/Double Eagle Arpt, NM, US",2025-10-03 17:50:00,"2025-10-03 17:50:00","VFR",25,5,150,10,16,NA,1026.5,"METAR KAEG 031750Z 15010G16KT 10SM CLR 25/05 A3031",2025-10-03 18:05:12.893162,2025-10-03 14:05:12.893231
"KADM","Ardmore Muni, OK, US",2025-10-03 17:50:00,"2025-10-03 12:50:00","VFR",29,20,0,0,NA,NA,1021.4,"METAR KADM 031750Z 00000KT 10SM CLR 29/20 A3016",2025-10-03 18:05:12.901079,2025-10-03 14:05:12.90115
"KACZ","Wallace/Henderson Fld, NC, US",2025-10-03 17:50:00,"2025-10-03 17:50:00","VFR",25.1,15.9,60,7,17,NA,1025.1,"METAR KACZ 031750Z AUTO 06007G17KT 10SM SCT037 25/16 A3027 RMK AO2 T02510159 10254 20139",2025-10-03 18:05:12.908106,2025-10-03 14:05:12.908151
"KADS","Dallas/Addison Arpt, TX, US",2025-10-03 17:49:00,"2025-10-03 12:49:00","VFR",30,18,90,4,NA,NA,1021.1,"METAR KADS 031749Z 09004KT 10SM FEW040 30/18 A3015",2025-10-03 18:05:12.914654,2025-10-03 14:05:12.914715
"KASG","Springdale Muni, AR, US",2025-10-03 17:48:00,"2025-10-03 12:48:00","VFR",28,21,180,7,NA,NA,1024.1,"METAR KASG 031748Z 18007KT 10SM CLR 28/21 A3024",2025-10-03 18:05:12.92129,2025-10-03 14:05:12.921335
"KADT","Atwood/Rollins Cnty, KS, US",2025-10-03 17:30:00,"2025-10-03 17:30:00","VFR",26.8,13.2,120,10,NA,NA,1020.1,"METAR KADT 031730Z AUTO 12010KT 10SM CLR 27/13 A3012 RMK AO2 T02680132",2025-10-03 18:05:12.927996,2025-10-03 14:05:12.928041
"KBKF","Buckley SFB, CO, US",2025-10-03 17:58:00,"2025-10-03 11:58:00","VFR",28.3,0.9,220,10,NA,NA,1020.1,"METAR KBKF 031758Z 22010KT 10SM FEW120 28/01 A3012 RMK AO2A SLP115 T02830009 10283 20113 58012",2025-10-03 18:05:16.312333,2025-10-03 14:05:16.312378
"KBKX","Brookings Rgnl, SD, US",2025-10-03 17:56:00,"2025-10-03 12:56:00","VFR",29.4,15.6,180,16,19,NA,1017,"METAR KBKX 031756Z AUTO 18016G19KT 10SM CLR 29/16 A3003 RMK AO2 SLP171 T02940156 10294 20156 58017",2025-10-03 18:05:16.318828,2025-10-03 14:05:16.318873
"KBIH","Bishop Rgnl, CA, US",2025-10-03 17:56:00,"2025-10-03 10:56:00","VFR",21.1,-0.6,310,8,NA,NA,1013,"METAR KBIH 031756Z AUTO 31008KT 280V340 10SM FEW080 21/M01 A2991 RMK AO2 SLP081 T02111006 10211 20089 58001",2025-10-03 18:05:16.325219,2025-10-03 14:05:16.325263
"KBID","Block Island Arpt, RI, US",2025-10-03 17:56:00,"2025-10-03 13:56:00","VFR",18.9,10,240,10,NA,NA,1026.5,"METAR KBID 031756Z AUTO 24010KT 10SM FEW028 19/10 A3031 RMK AO2 SLP265 6//// T01890100 10189 20150 58022 PNO $",2025-10-03 18:05:16.331644,2025-10-03 14:05:16.331689
"KAWO","Arlington Muni, WA, US",2025-10-03 17:56:00,"2025-10-03 17:56:00","MVFR",13.9,10.6,0,0,NA,NA,1021.8,"METAR KAWO 031756Z AUTO 00000KT 10SM OVC019 14/11 A3017 RMK AO2 SLP222 T01390106 10139 20056 51005",2025-10-03 18:05:16.338151,2025-10-03 14:05:16.338193
"KBJJ","Wooster/Wayne Cnty, OH, US",2025-10-03 17:56:00,"2025-10-03 13:56:00","VFR",25,12.2,0,0,NA,NA,1025.1,"METAR KBJJ 031756Z AUTO 00000KT 10SM CLR 25/12 A3027 RMK AO2 SLP246 T02500122 10250 20100 58015",2025-10-03 18:05:16.344524,2025-10-03 14:05:16.344569
"KAUO","Auburn Univ Arpt, AL, US",2025-10-03 17:56:00,"2025-10-03 12:56:00","VFR",24.4,15,70,7,NA,NA,1024.5,"METAR KAUO 031756Z AUTO 07007KT 10SM OVC042 24/15 A3025 RMK AO2 SLP231 T02440150 10256 20150 58014 $",2025-10-03 18:05:16.351065,2025-10-03 14:05:16.35111
"KAXS","Altus/Quartz Mtn Rgnl, OK, US",2025-10-03 17:56:00,"2025-10-03 12:56:00","VFR",31,15,150,8,NA,NA,1021.1,"METAR KAXS 031756Z AUTO 15008KT 10SM CLR 31/15 A3015 RMK AO2",2025-10-03 18:05:16.357456,2025-10-03 14:05:16.3575
"KBHB","Bar Harbor/Hancock Cnty, ME, US",2025-10-03 17:56:00,"2025-10-03 13:56:00","VFR",18.3,9.4,210,12,NA,NA,1022.4,"METAR KBHB 031756Z AUTO 21012KT 10SM CLR 18/09 A3019 RMK AO2 SLP226 T01830094 10183 20117 58026",2025-10-03 18:05:16.363884,2025-10-03 14:05:16.363928
"KBLM","Farmingdale/Monmouth Exec, NJ, US",2025-10-03 17:56:00,"2025-10-03 13:56:00","VFR",21.1,8.9,240,5,NA,NA,1027.2,"METAR KBLM 031756Z AUTO 24005KT 10SM CLR 21/09 A3033 RMK AO2 SLP271 T02110089 10217 20106 58027",2025-10-03 18:05:16.370363,2025-10-03 14:05:16.370406
"KBMI","Bloomington Rgnl, IL, US",2025-10-03 17:56:00,"2025-10-03 12:56:00","VFR",30.6,16.1,NA,5,NA,NA,1023.1,"METAR KBMI 031756Z COR VRB05KT 10SM SCT060 31/16 A3021 RMK AO2 SLP221 T03060161 10306 20161 58014",2025-10-03 18:05:16.376864,2025-10-03 14:05:16.376909
"KBOK","Brookings/State Arpt, OR, US",2025-10-03 17:56:00,"2025-10-03 10:56:00","VFR",17.2,10,240,3,NA,NA,1021.1,"METAR KBOK 031756Z AUTO 24003KT 10SM CLR 17/10 A3015 RMK AO2 SLP210 6//// T01720100 10178 20083 50005",2025-10-03 18:05:16.383302,2025-10-03 14:05:16.383347
"KBTP","Pittsburgh/Butler Rgnl, PA, US",2025-10-03 17:56:00,"2025-10-03 13:56:00","VFR",24.4,11.7,NA,6,NA,NA,1025.8,"METAR KBTP 031756Z AUTO VRB06KT 10SM CLR 24/12 A3029 RMK AO2 SLP260 T02440117 10244 20106 58018",2025-10-03 18:05:16.389826,2025-10-03 14:05:16.389879
"KBPG","Big Springs/McMahon , TX, US",2025-10-03 17:55:00,"2025-10-03 12:55:00","VFR",30.3,10.5,330,6,NA,NA,1021.8,"METAR KBPG 031755Z AUTO 33006KT 10SM CLR 30/11 A3017 RMK AO2 T03030105 10305 20174",2025-10-03 18:05:16.396268,2025-10-03 14:05:16.396312
"KAXA","Algona Muni, IA, US",2025-10-03 17:55:00,"2025-10-03 12:55:00","VFR",30,17,170,10,16,NA,1019.4,"METAR KAXA 031755Z AUTO 17010G16KT 10SM CLR 30/17 A3010 RMK A01",2025-10-03 18:05:16.402805,2025-10-03 14:05:16.40285
"KAVQ","Tucson/Marana Rgnl, AZ, US",2025-10-03 17:55:00,"2025-10-03 10:55:00","VFR",33,7,NA,4,NA,NA,1014.6,"METAR KAVQ 031755Z AUTO VRB04KT 10SM CLR 33/07 A2996 RMK AO2",2025-10-03 18:05:16.420648,2025-10-03 14:05:16.42071
"KBTA","Blair Muni, NE, US",2025-10-03 17:55:00,"2025-10-03 17:55:00","VFR",29.5,16.1,180,10,NA,NA,1019.7,"METAR KBTA 031755Z AUTO 18010KT 10SM CLR 30/16 A3011 RMK AO2 T02950161 10295 20177",2025-10-03 18:05:16.427296,2025-10-03 14:05:16.427339
"KBGE","Bainbridge/Decatur Cnty, GA, US",2025-10-03 17:55:00,"2025-10-03 13:55:00","VFR",29.5,16.9,90,19,24,NA,1021.1,"METAR KBGE 031755Z AUTO 09019G24KT 10SM SCT043 SCT110 30/17 A3015 RMK AO2 T02950169 10300 20176",2025-10-03 18:05:16.433687,2025-10-03 14:05:16.433751
"KBDG","Blanding Muni, UT, US",2025-10-03 17:55:00,"2025-10-03 11:55:00","VFR",22.9,1.5,150,10,NA,NA,1022.8,"METAR KBDG 031755Z AUTO 15010KT 10SM SCT095 23/01 A3020 RMK AO2 T02290015",2025-10-03 18:05:16.440049,2025-10-03 14:05:16.440093
"KBKT","Blackstone/Perkinson, VA, US",2025-10-03 17:55:00,"2025-10-03 13:55:00","VFR",21.4,11.1,180,4,NA,NA,1027.2,"METAR KBKT 031755Z AUTO 18004KT 10SM CLR 21/11 A3033 RMK AO2 SLP273 T02140111 10223 20109 57022",2025-10-03 18:05:16.446518,2025-10-03 14:05:16.446563
"KAXX","Angel Fire Arpt, NM, US",2025-10-03 17:55:00,"2025-10-03 11:55:00","VFR",20.5,2.8,290,15,20,NA,1030.9,"METAR KAXX 031755Z AUTO 29015G20KT 10SM SCT070 21/03 A3044 RMK AO2 T02050028 10205 21048",2025-10-03 18:05:16.45299,2025-10-03 14:05:16.453034
"KAVC","Mecklenburg/Brunswick Rgnl, VA, US",2025-10-03 17:55:00,"2025-10-03 17:55:00",NA,20.6,11.9,0,0,NA,NA,1029.5,"METAR KAVC 031755Z AUTO 00000KT CLR 21/12 A3040 RMK AO2 T02060119 10214 20097",2025-10-03 18:05:16.459436,2025-10-03 14:05:16.459479
"KAUM","Austin Muni, MN, US",2025-10-03 17:55:00,"2025-10-03 12:55:00","VFR",30,17,210,8,NA,NA,1020.1,"METAR KAUM 031755Z AUTO 21008KT 10SM CLR 30/17 A3012 RMK AO2",2025-10-03 18:05:16.465934,2025-10-03 14:05:16.465979
"KATS","Artesia Muni, NM, US",2025-10-03 17:55:00,"2025-10-03 11:55:00","VFR",29,9,170,4,10,NA,1023.1,"METAR KATS 031755Z AUTO 17004G10KT 10SM CLR 29/09 A3021 RMK AO2",2025-10-03 18:05:16.472387,2025-10-03 14:05:16.472433
"KBEA","Beeville Muni, TX, US",2025-10-03 17:55:00,"2025-10-03 17:55:00","VFR",30.9,15.8,70,5,NA,NA,1018.4,"METAR KBEA 031755Z AUTO 07005KT 10SM SCT049 31/16 A3007 RMK AO2 T03090158 10312 20195",2025-10-03 18:05:16.478832,2025-10-03 14:05:16.478883
"KAUH","Aurora/Potter Fld, NE, US",2025-10-03 17:55:00,"2025-10-03 17:55:00","VFR",30.3,16.4,190,9,16,NA,1018.7,"METAR KAUH 031755Z AUTO 19009G16KT 10SM CLR 30/16 A3008 RMK AO2 T03030164 10303 20170",2025-10-03 18:05:16.485264,2025-10-03 14:05:16.485307
"KBAD","Barksdale AFB, LA, US",2025-10-03 17:55:00,"2025-10-03 12:55:00","VFR",29.7,19.1,110,8,NA,NA,1021.1,"METAR KBAD 031755Z AUTO 11008KT 10SM CLR 30/19 A3015 RMK AO2 SLP212 T02970191 10304 20189 58008 $",2025-10-03 18:05:16.49176,2025-10-03 14:05:16.491806
"KAYS","Waycross/Ware Cnty, GA, US",2025-10-03 17:55:00,"2025-10-03 13:55:00",NA,27.6,17.2,60,12,17,NA,1021.8,"METAR KAYS 031755Z AUTO 06012G17KT BKN042 BKN065 BKN085 28/17 A3017 RMK AO2 T02760172 PWINO",2025-10-03 18:05:16.498129,2025-10-03 14:05:16.498171
"KBDH","Willmar Muni, MN, US",2025-10-03 17:55:00,"2025-10-03 12:55:00","VFR",30,19,150,9,NA,NA,1017.4,"METAR KBDH 031755Z AUTO 15009KT 10SM CLR 30/19 A3004 RMK AO2",2025-10-03 18:05:16.504554,2025-10-03 14:05:16.504598
"KBDU","Boulder Muni, CO, US",2025-10-03 17:55:00,"2025-10-03 11:55:00","VFR",26,7,0,0,NA,NA,1019.7,"METAR KBDU 031755Z AUTO 00000KT 10SM CLR 26/07 A3011 RMK AO2",2025-10-03 18:05:16.511055,2025-10-03 14:05:16.511105
"KBKS","Falfurrias/Brooks Cnty, TX, US",2025-10-03 17:55:00,"2025-10-03 17:55:00","VFR",32.1,20.7,60,7,NA,NA,1017.4,"METAR KBKS 031755Z AUTO 06007KT 10SM CLR 32/21 A3004 RMK AO2 T03210207 $",2025-10-03 18:05:16.517561,2025-10-03 14:05:16.517607
"KBKD","Breckenridge/Stephens Cnty, TX, US",2025-10-03 17:55:00,"2025-10-03 12:55:00",NA,32.3,13.3,210,4,NA,NA,1020.4,"METAR KBKD 031755Z AUTO 21004KT CLR 32/13 A3013 RMK AO2 T03230133 10323 20175",2025-10-03 18:05:16.523938,2025-10-03 14:05:16.52398
"KBEC","Wichita/Beech Factory Arpt, KS, US",2025-10-03 17:55:00,"2025-10-03 12:55:00","VFR",28.5,15.7,200,11,NA,NA,1021.4,"METAR KBEC 031755Z AUTO 20011KT 10SM OVC110 29/16 A3016 RMK AO2 T02850157 10287 20170",2025-10-03 18:05:16.530527,2025-10-03 14:05:16.530573
"KBHC","Baxley Muni, GA, US",2025-10-03 17:55:00,"2025-10-03 17:55:00","VFR",28,13,50,13,19,NA,1022.4,"METAR KBHC 031755Z AUTO 05013G19KT 10SM SCT090 28/13 A3019 RMK AO2 PNO",2025-10-03 18:05:16.536997,2025-10-03 14:05:16.537039
"KBBD","Brady/Curtis Fld, TX, US",2025-10-03 17:55:00,"2025-10-03 12:55:00","VFR",29,13,200,7,NA,NA,1021.1,"METAR KBBD 031755Z AUTO 20007KT 10SM CLR 29/13 A3015 RMK AO2",2025-10-03 18:05:16.553936,2025-10-03 14:05:16.553982
"KAXV","Wapakoneta/Armstrong Arpt, OH, US",2025-10-03 17:55:00,"2025-10-03 13:55:00","VFR",28,10,0,0,NA,NA,1024.1,"METAR KAXV 031755Z AUTO 00000KT 10SM CLR 28/10 A3024 RMK AO2",2025-10-03 18:05:16.560477,2025-10-03 14:05:16.56052
"KBBB","Benson Muni, MN, US",2025-10-03 17:55:00,"2025-10-03 12:55:00","VFR",30,18,160,11,NA,NA,1016.3,"METAR KBBB 031755Z AUTO 16011KT 10SM CLR 30/18 A3001 RMK AO2",2025-10-03 18:05:16.566725,2025-10-03 14:05:16.566772
"KBAM","Battle Mountain Arpt, NV, US",2025-10-03 17:55:00,"2025-10-03 10:55:00","VFR",10,7,70,4,NA,NA,1018,"METAR KBAM 031755Z AUTO 07004KT 10SM SCT110 10/07 A3006 RMK AO1",2025-10-03 18:05:16.573143,2025-10-03 14:05:16.573187
"KBNL","Barnwell Cnty, SC, US",2025-10-03 17:55:00,"2025-10-03 13:55:00","VFR",25,11,30,9,NA,NA,1024.8,"METAR KBNL 031755Z AUTO 03009KT 010V070 10SM CLR 25/11 A3026 RMK AO2",2025-10-03 18:05:16.579762,2025-10-03 14:05:16.579809
"KBCK","Black River Falls Arpt, WI, US",2025-10-03 17:55:00,"2025-10-03 17:55:00","VFR",28.5,16.9,210,3,NA,NA,1019.7,"METAR KBCK 031755Z AUTO 21003KT 10SM CLR 29/17 A3011 RMK AO2 T02850169 10285 20122",2025-10-03 18:05:16.586234,2025-10-03 14:05:16.586278
"KBCB","Blacksburg/VA Tech Montgomery Exec, VA, US",2025-10-03 17:55:00,"2025-10-03 13:55:00","VFR",19.4,10.1,0,0,NA,NA,1029.2,"METAR KBCB 031755Z AUTO 00000KT 10SM CLR 19/10 A3039 RMK AO2 T01940101 10194 20069",2025-10-03 18:05:16.592691,2025-10-03 14:05:16.592757
"KAZC","Colorado City Muni, AZ, US",2025-10-03 17:55:00,"2025-10-03 17:55:00","VFR",26,4,160,14,21,NA,1018,"METAR KAZC 031755Z AUTO 16014G21KT 10SM SCT080 26/04 A3006 RMK AO2",2025-10-03 18:05:16.599114,2025-10-03 14:05:16.599157
"KBMC","Brigham City Arpt, UT, US",2025-10-03 17:55:00,"2025-10-03 11:55:00","VFR",18,11,340,6,NA,NA,1014.3,"METAR KBMC 031755Z AUTO 34006KT 10SM SCT085 18/11 A2995 RMK AO2 10219 20136",2025-10-03 18:05:16.605543,2025-10-03 14:05:16.605587
"KBTN","Britton Muni, SD, US",2025-10-03 17:55:00,"2025-10-03 12:55:00","VFR",29,17,170,18,NA,NA,1012.6,"METAR KBTN 031755Z AUTO 17018KT 10SM CLR 29/17 A2990 RMK AO2",2025-10-03 18:05:16.611941,2025-10-03 14:05:16.611985
"KBBP","Bennettsville/Marlboro Jetport, SC, US",2025-10-03 17:55:00,"2025-10-03 13:55:00","VFR",23,14,50,7,NA,NA,1025.5,"METAR KBBP 031755Z AUTO 05007KT 10SM CLR 23/14 A3028 RMK AO2",2025-10-03 18:05:16.618346,2025-10-03 14:05:16.61839
"KBLV","Belleville/Scott AFB, IL, US",2025-10-03 17:55:00,"2025-10-03 12:55:00","VFR",31.1,15.9,220,7,NA,NA,1022.8,"METAR KBLV 031755Z AUTO 22007KT 10SM CLR 31/16 A3020 RMK AO2 SLP226 60000 T03110159 10315 20162 57016 $",2025-10-03 18:05:16.62489,2025-10-03 14:05:16.624934
"KBQK","Brunswick/Golden Isles Arpt, GA, US",2025-10-03 17:55:00,"2025-10-03 13:55:00","VFR",25.7,19.5,50,15,20,NA,1022.1,"METAR KBQK 031755Z AUTO 05015G20KT 10SM SCT022 BKN047 OVC070 26/19 A3018 RMK AO2 T02570195 10259 20205",2025-10-03 18:05:16.631289,2025-10-03 14:05:16.631333
"KBNW","Boone Muni, IA, US",2025-10-03 17:55:00,"2025-10-03 12:55:00","VFR",30,17,220,10,NA,NA,1020.4,"METAR KBNW 031755Z AUTO 22010KT 10SM CLR 30/17 A3013 RMK AO2",2025-10-03 18:05:16.637733,2025-10-03 14:05:16.637779
"KBAB","Beale AFB, CA, US",2025-10-03 17:55:00,"2025-10-03 10:55:00","VFR",18.8,12.1,0,0,NA,NA,1018,"METAR KBAB 031755Z AUTO 00000KT 10SM FEW080 FEW130 19/12 A3006 RMK AO2 SLP182 60012 T01880121 10189 20144 52011 $",2025-10-03 18:05:16.644241,2025-10-03 14:05:16.644286
"KBIJ","Blakely/Early Cnty, GA, US",2025-10-03 17:55:00,"2025-10-03 17:55:00","VFR",27,14,80,9,NA,NA,1022.1,"METAR KBIJ 031755Z AUTO 08009KT 10SM CLR 27/14 A3018 RMK AO2",2025-10-03 18:05:16.650735,2025-10-03 14:05:16.650783
"KAXH","Houston/SW Arpt, TX, US",2025-10-03 17:55:00,"2025-10-03 17:55:00","VFR",30.9,18.9,70,9,NA,NA,1019.4,"METAR KAXH 031755Z AUTO 07009KT 10SM CLR 31/19 A3010 RMK AO2 T03090189 10320 20230",2025-10-03 18:05:16.657221,2025-10-03 14:05:16.657265
"KBFA","Boyne Falls Arpt, MI, US",2025-10-03 17:55:00,"2025-10-03 17:55:00","VFR",28,15,NA,4,NA,NA,1020.7,"METAR KBFA 031755Z AUTO VRB04KT 10SM CLR 28/15 A3014 RMK AO2",2025-10-03 18:05:16.663732,2025-10-03 14:05:16.663781
"KBGF","Winchester Muni, TN, US",2025-10-03 17:55:00,"2025-10-03 17:55:00","VFR",25,13,NA,NA,NA,NA,1025.8,"METAR KBGF 031755Z AUTO 10SM CLR 25/13 A3029 RMK A01",2025-10-03 18:05:16.670153,2025-10-03 14:05:16.670195
"KBOW","Bartow Muni, FL, US",2025-10-03 17:55:00,"2025-10-03 13:55:00","VFR",28,23,50,8,NA,NA,1017,"METAR KBOW 031755Z AUTO 05008KT 10SM CLR 28/23 A3003 RMK AO2 PWINO",2025-10-03 18:05:16.687789,2025-10-03 14:05:16.687837
"KASW","Warsaw Muni, IN, US",2025-10-03 17:55:00,"2025-10-03 17:55:00","VFR",29.1,13,220,5,NA,NA,1023.5,"METAR KASW 031755Z AUTO 22005KT 10SM SCT055 29/13 A3022 RMK AO2 T02910141",2025-10-03 18:05:16.694232,2025-10-03 14:05:16.694275
"KAUN","Auburn Muni, CA, US",2025-10-03 17:55:00,"2025-10-03 10:55:00","VFR",14,13,0,0,NA,NA,1018.7,"METAR KAUN 031755Z AUTO 00000KT 10SM FEW048 SCT090 BKN110 14/13 A3008 RMK A01",2025-10-03 18:05:16.700516,2025-10-03 14:05:16.700558
"KAWG","Washington Muni, IA, US",2025-10-03 17:55:00,"2025-10-03 17:55:00","IFR",31,17,250,5,12,2.5,1021.4,"METAR KAWG 031755Z AUTO 25005G12KT 2 1/2SM HZ CLR 31/17 A3016 RMK AO2",2025-10-03 18:05:16.706816,2025-10-03 14:05:16.706859
"KBFR","Bedford/Grissom Arpt, IN, US",2025-10-03 17:55:00,"2025-10-03 13:55:00",NA,23,20,220,5,NA,NA,1025.1,"METAR KBFR 031755Z AUTO 22005KT 10SM 23/20 A3027 RMK AO2 10261 20145",2025-10-03 18:05:16.713268,2025-10-03 14:05:16.713312
"KBJI","Bemidji Municip, MN, US",2025-10-03 17:55:00,"2025-10-03 12:55:00","VFR",27.3,14.9,150,12,NA,NA,1017,"METAR KBJI 031755Z AUTO 15012KT 10SM CLR 27/15 A3003 RMK AO2 T02730149 10275 20062",2025-10-03 18:05:16.71975,2025-10-03 14:05:16.719796
"KBRY","Bardstown/Samuel Fld, KY, US",2025-10-03 17:55:00,"2025-10-03 13:55:00","VFR",26.5,16.6,NA,3,NA,NA,1024.8,"METAR KBRY 031755Z AUTO VRB03KT 10SM CLR 27/17 A3026 RMK AO2 T02650166 $",2025-10-03 18:05:16.726264,2025-10-03 14:05:16.726313
"KBKN","Blackwell/Tonkawa Muni, OK, US",2025-10-03 17:55:00,"2025-10-03 17:55:00","VFR",32,16,190,12,19,9,1021.1,"METAR KBKN 031755Z AUTO 19012G19KT 9SM CLR 32/16 A3015 RMK AO2",2025-10-03 18:05:16.732586,2025-10-03 14:05:16.732629
"KBMT","Beaumont Muni, TX, US",2025-10-03 17:55:00,"2025-10-03 12:55:00","VFR",29.6,18.3,60,10,NA,NA,1019,"METAR KBMT 031755Z AUTO 06010KT 10SM SCT038 SCT044 SCT049 30/18 A3009 RMK AO2 T02960183 10300 20200",2025-10-03 18:05:16.738982,2025-10-03 14:05:16.739027
"KAVK","Alva Muni, OK, US",2025-10-03 17:55:00,"2025-10-03 17:55:00","VFR",31,16,180,15,NA,NA,1020.1,"METAR KAVK 031755Z AUTO 18015KT 10SM CLR 31/16 A3012 RMK A01",2025-10-03 18:05:16.745423,2025-10-03 14:05:16.745467
"KBDN","Bend Muni, OR, US",2025-10-03 17:55:00,"2025-10-03 17:55:00","MVFR",14,7,330,7,NA,NA,1020.1,"METAR KBDN 031755Z AUTO 33007KT 10SM BKN023 OVC036 14/07 A3012 RMK AO2",2025-10-03 18:05:16.751878,2025-10-03 14:05:16.751922
"KAVL","Asheville Muni, NC, US",2025-10-03 17:54:00,"2025-10-03 13:54:00","VFR",20.6,10.6,320,6,NA,NA,1027.5,"METAR KAVL 031754Z 32006KT 10SM CLR 21/11 A3034 RMK AO2 SLP263 T02060106 10206 20067 58022",2025-10-03 18:05:16.758271,2025-10-03 14:05:16.758315
"KBFL","Bakersfield/Meadows Arpt, CA, US",2025-10-03 17:54:00,"2025-10-03 10:54:00","VFR",19.4,11.7,310,9,NA,NA,1017.7,"METAR KBFL 031754Z 31009KT 10SM OVC060 19/12 A3005 RMK AO2 SLP170 T01940117 10200 20167 50003",2025-10-03 18:05:16.764771,2025-10-03 14:05:16.764816
"KAUW","Wausau Downtown, WI, US",2025-10-03 17:54:00,"2025-10-03 12:54:00","VFR",26.1,16.1,140,6,NA,NA,1019.7,"METAR KAUW 031754Z AUTO 14006KT 10SM CLR 26/16 A3011 RMK AO2 SLP196 T02610161 10261 20150 58009",2025-10-03 18:05:16.77126,2025-10-03 14:05:16.771304
"KBTV","Burlington Intl, VT, US",2025-10-03 17:54:00,"2025-10-03 13:54:00","VFR",21.1,7.2,190,8,NA,NA,1023.1,"METAR KBTV 031754Z 19008KT 10SM FEW100 21/07 A3021 RMK AO2 SLP232 T02110072 10211 20061 58026",2025-10-03 18:05:16.777719,2025-10-03 14:05:16.777769
"KAVP","Wilkes-Barre Scranton Intl, PA, US",2025-10-03 17:54:00,"2025-10-03 13:54:00","VFR",20.6,10,250,9,15,NA,1026.2,"METAR KAVP 031754Z 25009G15KT 10SM CLR 21/10 A3030 RMK AO2 SLP259 T02060100 10206 20078 58025",2025-10-03 18:05:16.784145,2025-10-03 14:05:16.784188
"KBOS","Boston/Logan Intl, MA, US",2025-10-03 17:54:00,"2025-10-03 13:54:00","VFR",22.2,8.9,220,11,16,NA,1024.1,"METAR KBOS 031754Z 22011G16KT 10SM FEW180 FEW250 22/09 A3024 RMK AO2 SLP240 T02220089 10222 20128 58028",2025-10-03 18:05:16.790505,2025-10-03 14:05:16.790548
"KASX","Ashland/Kennedy Mem Arpt, WI, US",2025-10-03 17:53:00,"2025-10-03 12:53:00","VFR",23.9,16.1,50,4,NA,NA,1019.4,"METAR KASX 031753Z AUTO 05004KT 10SM SCT110 24/16 A3010 RMK AO2 SLP190 T02390161 10239 20128 58001",2025-10-03 18:05:16.796948,2025-10-03 14:05:16.796992
"KBKL","Cleveland/Burke Lakefront Arpt, OH, US",2025-10-03 17:53:00,"2025-10-03 13:53:00","VFR",22.8,16.1,340,6,NA,NA,1024.1,"METAR KBKL 031753Z COR 34006KT 10SM CLR 23/16 A3024 RMK AO2 SLP237 T02280161 10244 20150 58012",2025-10-03 18:05:16.803347,2025-10-03 14:05:16.803391
"KBCT","Boca Raton Arpt, FL, US",2025-10-03 17:53:00,"2025-10-03 13:53:00","VFR",30,23,90,16,24,NA,1015,"METAR KBCT 031753Z 09016G24KT 10SM SCT030 30/23 A2997",2025-10-03 18:05:16.821232,2025-10-03 14:05:16.821279
"KBPT","Beaumont/SE Texas Rgnl, TX, US",2025-10-03 17:53:00,"2025-10-03 12:53:00","VFR",28.9,20,50,12,NA,NA,1019,"METAR KBPT 031753Z 05012KT 10SM BKN036 BKN055 29/20 A3009 RMK AO2 SLP188 T02890200 10306 20222 58007",2025-10-03 18:05:16.827754,2025-10-03 14:05:16.827799
"KBRD","Brainerd/Lakes Rgnl, MN, US",2025-10-03 17:53:00,"2025-10-03 12:53:00","VFR",27.8,16.1,140,7,NA,NA,1018.4,"METAR KBRD 031753Z AUTO 14007KT 10SM CLR 28/16 A3007 RMK AO2 SLP177 T02780161 10278 20117 58008",2025-10-03 18:05:16.834046,2025-10-03 14:05:16.834089
"KBRO","Brownsville Intl, TX, US",2025-10-03 17:53:00,"2025-10-03 12:53:00","VFR",33.3,21.1,20,10,NA,NA,1016.7,"METAR KBRO 031753Z 02010KT 10SM CLR 33/21 A3002 RMK AO2 SLP165 T03330211 10339 20228 58007",2025-10-03 18:05:16.84037,2025-10-03 14:05:16.840413
"KBFM","Mobile/Downtown Arpt, AL, US",2025-10-03 17:53:00,"2025-10-03 12:53:00","VFR",26.1,18.3,20,5,NA,NA,1020.7,"METAR KBFM 031753Z 02005KT 10SM FEW036 26/18 A3014 RMK AO2 SLP207 T02610183 10261 20206 58014",2025-10-03 18:05:16.846852,2025-10-03 14:05:16.846896
"KBMG","Bloomington/Monroe Cnty, IN, US",2025-10-03 17:53:00,"2025-10-03 13:53:00","VFR",26.7,18.3,200,6,NA,NA,1024.5,"METAR KBMG 031753Z 20006KT 10SM CLR 27/18 A3025 RMK AO2 SLP236 T02670183 10283 20144 58010",2025-10-03 18:05:16.853254,2025-10-03 14:05:16.853299
"KATY","Watertown Rgnl, SD, US",2025-10-03 17:53:00,"2025-10-03 12:53:00","VFR",27.8,16.1,180,13,24,NA,1016,"METAR KATY 031753Z AUTO 18013G24KT 10SM FEW120 28/16 A3000 RMK AO2 SLP151 T02780161 10278 20172 58014",2025-10-03 18:05:16.859681,2025-10-03 14:05:16.859744
"KBBW","Broken Bow Muni, NE, US",2025-10-03 17:53:00,"2025-10-03 12:53:00","VFR",26.7,15.6,150,11,NA,NA,1018,"METAR KBBW 031753Z AUTO 15011KT 10SM CLR 27/16 A3006 RMK AO2 SLP164 T02670156 10267 20100 58015",2025-10-03 18:05:16.866053,2025-10-03 14:05:16.866096
"KBFF","Scottsbluff/Western Nebraska Rgnl, NE, US",2025-10-03 17:53:00,"2025-10-03 11:53:00","VFR",26.7,8.9,130,7,NA,NA,1017,"METAR KBFF 031753Z AUTO 13007KT 10SM CLR 27/09 A3003 RMK AO2 SLP127 T02670089 10267 20111 58013",2025-10-03 18:05:16.872438,2025-10-03 14:05:16.872483
"KBGM","Binghamton Arpt, NY, US",2025-10-03 17:53:00,"2025-10-03 13:53:00","VFR",20,9.4,250,3,NA,NA,1025.5,"METAR KBGM 031753Z 25003KT 10SM CLR 20/09 A3028 RMK AO2 SLP252 T02000094 10206 20089 58020",2025-10-03 18:05:16.87882,2025-10-03 14:05:16.878865
"KBGR","Bangor Intl Arpt, ME, US",2025-10-03 17:53:00,"2025-10-03 13:53:00","VFR",20.6,5.6,180,6,NA,NA,1021.8,"METAR KBGR 031753Z 18006KT 10SM FEW200 21/06 A3017 RMK AO2 SLP215 T02060056 10217 20078 58033",2025-10-03 18:05:16.885223,2025-10-03 14:05:16.885266
"KBHM","Birmingham Intl, AL, US",2025-10-03 17:53:00,"2025-10-03 12:53:00","VFR",25.6,14.4,50,7,NA,NA,1025.5,"METAR KBHM 031753Z 05007KT 10SM FEW060 FEW180 BKN250 26/14 A3028 RMK AO2 SLP247 T02560144 10256 20156 58016",2025-10-03 18:05:16.891649,2025-10-03 14:05:16.891706
"KBKV","Brooksville-Tampa Bay Rgnl, FL, US",2025-10-03 17:53:00,"2025-10-03 17:53:00","VFR",29.4,20,60,11,NA,NA,1017.4,"METAR KBKV 031753Z AUTO 06011KT 10SM BKN042 BKN090 29/20 A3004 RMK AO2 SLP168 6//// T02940200 10306 20228",2025-10-03 18:05:16.898146,2025-10-03 14:05:16.898191
"KBPK","Mountain Home/Baxter Cnty, AR, US",2025-10-03 17:53:00,"2025-10-03 12:53:00","VFR",28.9,13.3,60,3,NA,NA,1024.1,"METAR KBPK 031753Z AUTO 06003KT 10SM CLR 29/13 A3024 RMK AO2 SLP229 T02890133 10289 20167 58008 PWINO",2025-10-03 18:05:16.904639,2025-10-03 14:05:16.904685
"KBTM","Butte/Mooney Arpt, MT, US",2025-10-03 17:53:00,"2025-10-03 11:53:00","MVFR",10.6,6.7,0,0,NA,NA,1017,"METAR KBTM 031753Z AUTO 00000KT 10SM OVC014 11/07 A3003 RMK AO2 SLP143 T01060067 10106 20083 56001",2025-10-03 18:05:16.911091,2025-10-03 14:05:16.911134
"KBFD","Bradford Rgnl, PA, US",2025-10-03 17:53:00,"2025-10-03 13:53:00","VFR",22.2,9.4,NA,5,NA,NA,1025.8,"METAR KBFD 031753Z AUTO VRB05KT 10SM CLR 22/09 A3029 RMK AO2 SLP253 T02220094 10222 20056 58017",2025-10-03 18:05:16.91763,2025-10-03 14:05:16.917674
"KBEH","Benton Harbor/SW Michigan Rgnl, MI, US",2025-10-03 17:53:00,"2025-10-03 13:53:00","VFR",28.3,16.1,270,8,NA,NA,1022.4,"METAR KBEH 031753Z AUTO 27008KT 10SM CLR 28/16 A3019 RMK AO2 SLP221 T02830161 10289 20139 58013",2025-10-03 18:05:16.924102,2025-10-03 14:05:16.924146
"KBFI","Seattle/Boeing Fld, WA, US",2025-10-03 17:53:00,"2025-10-03 10:53:00","IFR",12.8,10,NA,3,NA,NA,1021.8,"METAR KBFI 031753Z VRB03KT 10SM OVC009 13/10 A3017 RMK AO2 SLP215 T01280100 10128 20106 53007",2025-10-03 18:05:16.930711,2025-10-03 14:05:16.930761
"KAZO","Kalamazoo Intl, MI, US",2025-10-03 17:53:00,"2025-10-03 13:53:00","VFR",28.9,16.1,250,6,NA,NA,1023.1,"METAR KAZO 031753Z COR 25006KT 10SM CLR 29/16 A3021 RMK AO2 SLP227 T02890161 10289 20111 58015",2025-10-03 18:05:16.937149,2025-10-03 14:05:16.937191
"KBCE","Bryce Canyon Arpt, UT, US",2025-10-03 17:53:00,"2025-10-03 11:53:00","VFR",18.9,-1.7,170,26,38,NA,1022.1,"METAR KBCE 031753Z AUTO 17026G38KT 10SM CLR 19/M02 A3018 RMK AO2 PK WND 17038/1747 SLP123 T01891017 10189 20011 58010",2025-10-03 18:05:16.955135,2025-10-03 14:05:16.95518
"KBDE","Baudette Intl, MN, US",2025-10-03 17:53:00,"2025-10-03 12:53:00","VFR",25.6,11.7,130,10,NA,NA,1016.3,"METAR KBDE 031753Z AUTO 13010KT 10SM CLR 26/12 A3001 RMK AO2 SLP162 T02560117 10256 20094 58020",2025-10-03 18:05:16.961517,2025-10-03 14:05:16.96156
"KBLI","Bellingham Intl, WA, US",2025-10-03 17:53:00,"2025-10-03 10:53:00","VFR",13.9,10,280,4,NA,NA,1021.4,"METAR KBLI 031753Z 28004KT 10SM FEW011 14/10 A3016 RMK AO2 SLP219 T01390100 10139 20061 51007",2025-10-03 18:05:16.967871,2025-10-03 14:05:16.967915
"KBNO","Burns Muni, OR, US",2025-10-03 17:53:00,"2025-10-03 10:53:00","VFR",13.9,4.4,360,8,NA,NA,1018.4,"METAR KBNO 031753Z AUTO 36008KT 10SM OVC095 14/04 A3007 RMK AO2 SLP168 T01390044 10144 20083 51004",2025-10-03 18:05:16.974325,2025-10-03 14:05:16.974378
"KBOI","Boise Arpt, ID, US",2025-10-03 17:53:00,"2025-10-03 11:53:00","VFR",13.3,10.6,310,9,NA,NA,1016.7,"METAR KBOI 031753Z 31009KT 10SM FEW010 BKN040 OVC065 13/11 A3002 RMK AO2 SLP156 60003 T01330106 10133 20111 57002",2025-10-03 18:05:16.980934,2025-10-03 14:05:16.980978
"KBMQ","Burnet Muni, TX, US",2025-10-03 17:53:00,"2025-10-03 17:53:00","VFR",31.7,14.4,350,4,NA,NA,1021.1,"METAR KBMQ 031753Z AUTO 35004KT 10SM FEW065 32/14 A3015 RMK AO2 SLP188 T03170144 10317 20189 58010",2025-10-03 18:05:16.98741,2025-10-03 14:05:16.987454
"KBNA","Nashville Intl, TN, US",2025-10-03 17:53:00,"2025-10-03 12:53:00","VFR",25.6,12.8,150,4,NA,NA,1025.8,"METAR KBNA 031753Z 15004KT 10SM FEW050 SCT065 SCT250 26/13 A3029 RMK AO2 SLP253 T02560128 10267 20167 58017 $",2025-10-03 18:05:16.993944,2025-10-03 14:05:16.993989
"KBPI","Big Piney Arpt, WY, US",2025-10-03 17:53:00,"2025-10-03 11:53:00","VFR",20,1.1,180,10,NA,NA,1019,"METAR KBPI 031753Z AUTO 18010KT 10SM SCT090 BKN100 20/01 A3009 RMK AO2 LTG DSNT NW SLP113 60000 T02000011 10200 20000 58017",2025-10-03 18:05:17.000396,2025-10-03 14:05:17.000441
"KBTR","Baton Rouge/Ryan Fld, LA, US",2025-10-03 17:53:00,"2025-10-03 12:53:00","VFR",28.3,18.3,110,6,NA,NA,1020.1,"METAR KBTR 031753Z 11006KT 10SM BKN110 28/18 A3012 RMK AO2 SLP197 T02830183 10283 20194 58009",2025-10-03 18:05:17.00682,2025-10-03 14:05:17.006863
"KBIL","Billings/Logan Intl, MT, US",2025-10-03 17:53:00,"2025-10-03 11:53:00","VFR",17.8,7.8,250,4,NA,NA,1012.6,"METAR KBIL 031753Z 25004KT 10SM BKN085 BKN180 18/08 A2990 RMK AO2 SLP105 ACSL DSNT SE-SW T01780078 10178 20100 58010",2025-10-03 18:05:17.013257,2025-10-03 14:05:17.013301
"KBKE","Baker Muni, OR, US",2025-10-03 17:53:00,"2025-10-03 10:53:00","VFR",12.2,5.6,330,15,27,NA,1018.4,"METAR KBKE 031753Z AUTO 33015G27KT 10SM OVC100 12/06 A3007 RMK AO2 PK WND 33027/1709 RAB25E34 SLP178 P0000 60000 T01220056 10122 20078 51005",2025-10-03 18:05:17.01968,2025-10-03 14:05:17.019742
"KAUS","Austin/Bergstrom Intl, TX, US",2025-10-03 17:53:00,"2025-10-03 12:53:00","VFR",32.8,15.6,120,6,NA,NA,1019,"METAR KAUS 031753Z 12006KT 10SM FEW070 33/16 A3009 RMK AO2 SLP177 T03280156 10328 20172 58012",2025-10-03 18:05:17.026181,2025-10-03 14:05:17.026224
"KBIV","Holland/Tulip City Arpt, MI, US",2025-10-03 17:53:00,"2025-10-03 17:53:00","VFR",27.2,15,290,3,NA,NA,1022.8,"METAR KBIV 031753Z AUTO 29003KT 10SM CLR 27/15 A3020 RMK AO2 SLP223 T02720150 10278 20133 58012",2025-10-03 18:05:17.032625,2025-10-03 14:05:17.032669
"KBAF","Westfield/Barnes Muni, MA, US",2025-10-03 17:53:00,"2025-10-03 13:53:00","VFR",21.7,10,150,6,NA,NA,1024.8,"METAR KBAF 031753Z 15006KT 10SM CLR 22/10 A3026 RMK AO2 SLP247 T02170100 10217 20044 58030",2025-10-03 18:05:17.039054,2025-10-03 14:05:17.039098
"KBRL","Burlington/SE Iowa Rgnl, IA, US",2025-10-03 17:53:00,"2025-10-03 12:53:00","VFR",30.6,15.6,220,8,NA,NA,1022.1,"METAR KBRL 031753Z AUTO 22008KT 10SM FEW060 31/16 A3018 RMK AO2 SLP213 T03060156 10311 20150 58013",2025-10-03 18:05:17.045468,2025-10-03 14:05:17.045512
"KBTL","Battle Creek/Kellogg Fld Arpt, MI, US",2025-10-03 17:53:00,"2025-10-03 13:53:00","VFR",27.8,15.6,240,5,NA,NA,1023.5,"METAR KBTL 031753Z 24005KT 10SM CLR 28/16 A3022 RMK AO2 SLP229 T02780156 10278 20111 58013",2025-10-03 18:05:17.051908,2025-10-03 14:05:17.051952
"KAXN","Alexandria/Chandler Fld, MN, US",2025-10-03 17:53:00,"2025-10-03 12:53:00","VFR",28.9,14.4,160,12,20,NA,1017.4,"METAR KAXN 031753Z AUTO 16012G20KT 10SM CLR 29/14 A3004 RMK AO2 SLP169 60000 T02890144 10289 20133 58017",2025-10-03 18:05:17.058356,2025-10-03 14:05:17.058401
"KBIS","Bismarck Arpt, ND, US",2025-10-03 17:52:00,"2025-10-03 12:52:00","VFR",26.1,14.4,130,13,NA,NA,1010.9,"METAR KBIS 031752Z 13013KT 10SM CLR 26/14 A2985 RMK AO2 SLP102 T02610144 10261 20111 58024",2025-10-03 18:05:17.064914,2025-10-03 14:05:17.064957
"KATL","Atlanta/Hartsfield-Jackson Intl, GA, US",2025-10-03 17:52:00,"2025-10-03 13:52:00","VFR",24.4,11.7,40,10,NA,NA,1025.8,"METAR KATL 031752Z 04010KT 10SM FEW060 FEW200 BKN250 24/12 A3029 RMK AO2 SLP250 T02440117 10244 20161 58018 $",2025-10-03 18:05:17.082355,2025-10-03 14:05:17.082401
"KBML","Berlin Muni, NH, US",2025-10-03 17:52:00,"2025-10-03 13:52:00","VFR",22.8,2.8,NA,5,NA,NA,1022.8,"METAR KBML 031752Z AUTO VRB05KT 10SM CLR 23/03 A3020 RMK AO2 SLP234 T02280028 10228 20011 56026",2025-10-03 18:05:17.089356,2025-10-03 14:05:17.089401
"KBDR","Bridgeport/Sikorsky Mem, CT, US",2025-10-03 17:52:00,"2025-10-03 13:52:00","VFR",20.6,8.9,220,12,NA,NA,1026.2,"METAR KBDR 031752Z 22012KT 10SM CLR 21/09 A3030 RMK AO2 SLP261 T02060089 10206 20111 58024",2025-10-03 18:05:17.096851,2025-10-03 14:05:17.096895
"KBLU","Blue Canyon/Nyack Arpt, CA, US",2025-10-03 17:52:00,"2025-10-03 10:52:00","VFR",6.7,5,NA,3,NA,NA,1019.7,"METAR KBLU 031752Z AUTO VRB03KT 10SM SCT012 BKN032 OVC039 07/05 A3011 RMK AO2 SLP175 60014 T00670050 10072 20039 53008 TSNO",2025-10-03 18:05:17.103225,2025-10-03 14:05:17.103268
"KBLF","Bluefield/Mercer Cnty, WV, US",2025-10-03 17:52:00,"2025-10-03 13:52:00","VFR",20,10,0,0,NA,NA,1028.2,"METAR KBLF 031752Z AUTO 00000KT 10SM CLR 20/10 A3036 RMK AO2 SLP261 T02000100 10206 20072 58017",2025-10-03 18:05:17.109597,2025-10-03 14:05:17.109641
"KBLH","Blythe Arpt, CA, US",2025-10-03 17:52:00,"2025-10-03 10:52:00","VFR",31.1,5.6,220,5,NA,NA,1011.3,"METAR KBLH 031752Z AUTO 22005KT 10SM CLR 31/06 A2986 RMK AO2 SLP104 T03110056 10311 20206 50003 $",2025-10-03 18:05:17.11602,2025-10-03 14:05:17.116064
"KBGD","Borger/Hutchinson Cnty, TX, US",2025-10-03 17:51:00,"2025-10-03 12:51:00","VFR",30,10,190,11,17,NA,1021.8,"METAR KBGD 031751Z AUTO 19011G17KT 10SM CLR 30/10 A3017 RMK AO2 SLP169 T03000100 10300 20200 58009",2025-10-03 18:05:17.122447,2025-10-03 14:05:17.122496
"KAVX","Avalon/Catalina Arpt, CA, US",2025-10-03 17:51:00,"2025-10-03 10:51:00","VFR",18.3,13.9,NA,3,NA,NA,1017.7,"METAR KAVX 031751Z AUTO VRB03KT 10SM CLR 18/14 A3005 RMK AO2 SLP158 T01830139 10189 20150 51007 $",2025-10-03 18:05:17.12893,2025-10-03 14:05:17.128973
"KBHK","Baker Muni, MT, US",2025-10-03 17:51:00,"2025-10-03 17:51:00","VFR",27.2,8.3,150,8,NA,NA,1009.9,"METAR KBHK 031751Z AUTO 15008KT 10SM CLR 27/08 A2982 RMK AO2 SLP077 T02720083 10272 20078 58023",2025-10-03 18:05:17.135392,2025-10-03 14:05:17.135437
"KBAZ","New Braunfels Muni, TX, US",2025-10-03 17:51:00,"2025-10-03 17:51:00","VFR",32.2,13.9,NA,5,NA,NA,1019,"METAR KBAZ 031751Z VRB05KT 10SM CLR 32/14 A3009 RMK AO2 SLP179 T03220139 10328 20189 58009",2025-10-03 18:05:17.141821,2025-10-03 14:05:17.141866
"KBKW","Beckley/Raleigh Cnty, WV, US",2025-10-03 17:51:00,"2025-10-03 13:51:00","VFR",22.2,10,0,0,NA,NA,1027.5,"METAR KBKW 031751Z AUTO 00000KT 10SM CLR 22/10 A3034 RMK AO2 SLP252 T02220100 10228 20100 58020",2025-10-03 18:05:17.148224,2025-10-03 14:05:17.148267
"KBED","Bedford/Hanscom Fld, MA, US",2025-10-03 17:51:00,"2025-10-03 13:51:00","VFR",22.2,8.3,260,7,NA,NA,1023.8,"METAR KBED 031751Z 26007KT 10SM CLR 22/08 A3023 RMK AO2 SLP250 6//// T02220083 10222 20072 58027",2025-10-03 18:05:17.154615,2025-10-03 14:05:17.15466
"KBDL","Hartford/Bradley Intl, CT, US",2025-10-03 17:51:00,"2025-10-03 13:51:00","VFR",22.2,8.9,180,6,NA,NA,1024.8,"METAR KBDL 031751Z 18006KT 10SM FEW200 SCT250 22/09 A3026 RMK AO2 SLP248 T02220089 10222 20072 58029",2025-10-03 18:05:17.161013,2025-10-03 14:05:17.161056
"KBJC","Rocky Mtn Metro, CO, US",2025-10-03 17:49:00,"2025-10-03 11:49:00","VFR",27,2,140,5,NA,NA,1021.1,"METAR KBJC 031749Z 14005KT 10SM SKC 27/02 A3015",2025-10-03 18:05:17.167414,2025-10-03 14:05:17.167457
"KBBG","Branson Arpt, MO, US",2025-10-03 17:45:00,"2025-10-03 12:45:00","VFR",28,16,0,0,NA,NA,1024.8,"METAR KBBG 031745Z 00000KT 10SM CLR 28/16 A3026",2025-10-03 18:05:17.173843,2025-10-03 14:05:17.173886
"KBAK","Columbus Muni, IN, US",2025-10-03 17:45:00,"2025-10-03 13:45:00","VFR",27,15,230,5,NA,NA,1024.1,"METAR KBAK 031745Z 23005KT 10SM SCT065 SCT075 27/15 A3024",2025-10-03 18:05:17.180223,2025-10-03 14:05:17.180267
"KATW","Appleton/Outagamie Cnty, WI, US",2025-10-03 17:45:00,"2025-10-03 12:45:00","VFR",30,17,220,8,15,NA,1020.4,"METAR KATW 031745Z 22008G15KT 10SM SCT100 30/17 A3013",2025-10-03 18:05:17.18664,2025-10-03 14:05:17.186684
"KBQP","Morehouse Mem Arpt, LA, US",2025-10-03 17:30:00,"2025-10-03 17:30:00","VFR",28.5,12.4,70,5,NA,NA,1022.8,"METAR KBQP 031730Z AUTO 07005KT 10SM CLR 29/12 A3020 RMK AO2 T02850124",2025-10-03 18:05:17.193034,2025-10-03 14:05:17.193078
"KBIX","Biloxi/Keesler AFB, MS, US",2025-10-03 16:55:00,"2025-10-03 11:55:00","VFR",26.4,18,70,7,NA,NA,1019.4,"METAR KBIX 031655Z AUTO 07007KT 10SM SCT150 26/18 A3010 RMK AO2 SLP196 T02640180",2025-10-03 18:05:17.199464,2025-10-03 14:05:17.199509
"KBIF","Biggs, TX, US",2025-10-03 16:55:00,"2025-10-03 10:55:00",NA,29,6.7,70,4,NA,NA,1022.8,"METAR KBIF 031655Z 07004KT 10SM 29/07 A3020 RMK AO2 SLP156 T02780067 $",2025-10-03 18:05:17.216564,2025-10-03 14:05:17.21661
"KBYI","Burley Muni, ID, US",2025-10-03 18:00:00,"2025-10-03 12:00:00","MVFR",13.9,7.2,310,8,NA,NA,1016.3,"SPECI KBYI 031800Z AUTO 31008KT 10SM BKN023 BKN029 14/07 A3001 RMK AO2 T01390072",2025-10-03 18:05:19.707653,2025-10-03 14:05:19.707713
"KBZN","Bozeman/Gallatin Fld, MT, US",2025-10-03 17:56:00,"2025-10-03 11:56:00","MVFR",11.7,8.9,NA,3,NA,NA,1016,"METAR KBZN 031756Z VRB03KT 10SM OVC010 12/09 A3000 RMK AO2 CIG 007V011 SLP149 T01170089 10117 20050 58004",2025-10-03 18:05:19.714375,2025-10-03 14:05:19.714418
"KCGZ","Casa Granda Muni, AZ, US",2025-10-03 17:56:00,"2025-10-03 10:56:00","VFR",33.9,7.2,180,7,NA,NA,1013.6,"METAR KCGZ 031756Z AUTO 18007KT 10SM CLR 34/07 A2993 RMK AO2 SLP118 6//// T03390072 10339 20211 58008 PNO $",2025-10-03 18:05:19.720787,2025-10-03 14:05:19.720831
"KCEC","Crescent City/McNama, CA, US",2025-10-03 17:56:00,"2025-10-03 10:56:00","VFR",15.6,11.7,330,6,NA,NA,1021.1,"METAR KCEC 031756Z AUTO 33006KT 10SM CLR 16/12 A3015 RMK AO2 SLP211 T01560117 10156 20078 51008",2025-10-03 18:05:19.727126,2025-10-03 14:05:19.727168
"KCIU","Chippewa Cnty Intl, MI, US",2025-10-03 17:56:00,"2025-10-03 13:56:00","VFR",22.2,16.1,NA,5,NA,NA,1020.7,"METAR KCIU 031756Z AUTO VRB05KT 10SM SCT100 22/16 A3014 RMK AO2 SLP205 60000 T02220161 10222 20139 58005",2025-10-03 18:05:19.733534,2025-10-03 14:05:19.733577
"KCAE","Columbia Metro, SC, US",2025-10-03 17:56:00,"2025-10-03 13:56:00","VFR",23.9,11.7,50,6,NA,NA,1025.1,"METAR KCAE 031756Z 05006KT 10SM FEW250 24/12 A3027 RMK AO2 SLP248 60000 T02390117 10239 20150 58021 $",2025-10-03 18:05:19.739857,2025-10-03 14:05:19.7399
"KCHS","Charleston Intl, SC, US",2025-10-03 17:56:00,"2025-10-03 13:56:00","VFR",26.1,16.1,NA,3,NA,NA,1023.5,"METAR KCHS 031756Z VRB03KT 10SM FEW070 26/16 A3022 RMK AO2 SLP233 T02610161 10267 20156 58019",2025-10-03 18:05:19.746344,2025-10-03 14:05:19.746389
"KBVX","Batesville Rgnl, AR, US",2025-10-03 17:56:00,"2025-10-03 12:56:00","VFR",28.3,14.4,210,6,NA,NA,1024.5,"METAR KBVX 031756Z AUTO 21006KT 10SM CLR 28/14 A3025 RMK AO2 SLP240 T02830144 10283 20156 58011",2025-10-03 18:05:19.752776,2025-10-03 14:05:19.752821
"KBXA","Bogalusa/Carr Arfld, LA, US",2025-10-03 17:55:00,"2025-10-03 12:55:00","VFR",29.1,17.7,0,0,NA,NA,1020.4,"METAR KBXA 031755Z AUTO 00000KT 10SM CLR 29/18 A3013 RMK AO2 T02910177 10293 20182",2025-10-03 18:05:19.759185,2025-10-03 14:05:19.759228
"KC35","Reedsburg Muni, WI, US",2025-10-03 17:55:00,"2025-10-03 17:55:00","VFR",30.6,16.1,170,9,NA,NA,1020.4,"METAR KC35 031755Z AUTO 17009KT 10SM CLR 31/16 A3013 RMK AO2 T03060161 10306 20188 PWINO",2025-10-03 18:05:19.765797,2025-10-03 14:05:19.765857
"KCBK","Colby/Shaltz Fld, KS, US",2025-10-03 17:55:00,"2025-10-03 12:55:00","VFR",27.8,12.2,140,11,NA,NA,1018.4,"METAR KCBK 031755Z AUTO 14011KT 10SM CLR 28/12 A3007 RMK AO2 T02780122 10281 20142",2025-10-03 18:05:19.772338,2025-10-03 14:05:19.772381
"KCLK","Clinton Rgnl, OK, US",2025-10-03 17:55:00,"2025-10-03 12:55:00","VFR",29,13,190,8,16,NA,1021.8,"METAR KCLK 031755Z AUTO 19008G16KT 10SM CLR 29/13 A3017 RMK AO2",2025-10-03 18:05:19.778753,2025-10-03 14:05:19.778799
"KCDI","Cambridg Muni, OH, US",2025-10-03 17:55:00,"2025-10-03 17:55:00","VFR",25.2,14.9,210,4,NA,NA,1025.1,"METAR KCDI 031755Z AUTO 21004KT 10SM CLR 25/15 A3027 RMK AO2 T02520149 10252 20079",2025-10-03 18:05:19.785146,2025-10-03 14:05:19.785189
"KBWW","Bowman Rgnl, ND, US",2025-10-03 17:55:00,"2025-10-03 11:55:00","VFR",29,8,190,12,NA,NA,1010.2,"METAR KBWW 031755Z AUTO 19012KT 10SM CLR 29/08 A2983 RMK AO2",2025-10-03 18:05:19.802787,2025-10-03 14:05:19.802833
"KCBF","Council Bluffs Muni, IA, US",2025-10-03 17:55:00,"2025-10-03 12:55:00","VFR",29,17,190,9,15,NA,1019.7,"METAR KCBF 031755Z AUTO 19009G15KT 10SM CLR 29/17 A3011 RMK AO2",2025-10-03 18:05:19.809471,2025-10-03 14:05:19.809514
"KCFD","Bryan/Coulter Fld, TX, US",2025-10-03 17:55:00,"2025-10-03 12:55:00","VFR",32.4,18.2,150,5,NA,NA,1020.1,"METAR KCFD 031755Z AUTO 15005KT 10SM BKN049 32/18 A3012 RMK AO2 T03240182 10324 20180",2025-10-03 18:05:19.815726,2025-10-03 14:05:19.815772
"KBUU","Burlington Muni, WI, US",2025-10-03 17:55:00,"2025-10-03 17:55:00","VFR",29.7,12.5,240,5,NA,NA,1021.8,"METAR KBUU 031755Z AUTO 24005KT 10SM CLR 30/13 A3017 RMK AO2 T02970125 10298 20117 PWINO",2025-10-03 18:05:19.821999,2025-10-03 14:05:19.822044
"KC29","Middleton Muni, WI, US",2025-10-03 17:55:00,"2025-10-03 17:55:00","VFR",30.2,11.9,220,8,NA,NA,1021.4,"METAR KC29 031755Z AUTO 22008KT 10SM CLR 30/12 A3016 RMK AO1 T03020119 10303 20180",2025-10-03 18:05:19.828412,2025-10-03 14:05:19.828457
"KC75","Lacon/Marshall Cnty, IL, US",2025-10-03 17:55:00,"2025-10-03 17:55:00","VFR",30.5,13.1,230,5,NA,NA,1022.1,"METAR KC75 031755Z AUTO 23005KT 10SM CLR 31/13 A3018 RMK AO2 T03050131 10306 20141",2025-10-03 18:05:19.834982,2025-10-03 14:05:19.835026
"KCDN","Camden/Woodward Fld, SC, US",2025-10-03 17:55:00,"2025-10-03 13:55:00","VFR",23,13,0,0,NA,NA,1025.8,"METAR KCDN 031755Z AUTO 00000KT 10SM CLR 23/13 A3029 RMK AO2",2025-10-03 18:05:19.84143,2025-10-03 14:05:19.841475
"KBVN","Albion Muni, NE, US",2025-10-03 17:55:00,"2025-10-03 17:55:00","VFR",29,15.9,170,10,NA,NA,1018.7,"METAR KBVN 031755Z AUTO 17010KT 10SM CLR 29/16 A3008 RMK AO2 T02900159 10291 20153",2025-10-03 18:05:19.847903,2025-10-03 14:05:19.847946
"KCBM","Columbus AFB, MS, US",2025-10-03 17:55:00,"2025-10-03 12:55:00","VFR",28.5,14.3,90,9,NA,NA,1022.4,"METAR KCBM 031755Z 09009KT 10SM FEW050 29/14 A3019 RMK AO2A SLP224 T02850143 10286 20146 57018 CHINO RWY31C $",2025-10-03 18:05:19.854247,2025-10-03 14:05:19.854291
"KCEF","Chicopee/Westover AFB, MA, US",2025-10-03 17:55:00,"2025-10-03 13:55:00","VFR",21.7,8.6,200,7,NA,NA,1023.8,"METAR KCEF 031755Z 20007KT 10SM FEW100 FEW250 22/09 A3023 RMK AO2A SLP241 T02170086 10218 20057 57028",2025-10-03 18:05:19.860724,2025-10-03 14:05:19.860789
"KC09","Morris Muni, IL, US",2025-10-03 17:55:00,"2025-10-03 17:55:00","VFR",31.4,17.4,290,5,NA,NA,1021.8,"METAR KC09 031755Z AUTO 29005KT 10SM BKN060 BKN075 31/17 A3017 RMK AO2 T03140174 10314 20156",2025-10-03 18:05:19.86734,2025-10-03 14:05:19.867383
"KC08","Westcliffe/Silver West Arpt, CO, US",2025-10-03 17:55:00,"2025-10-03 17:55:00","VFR",22,-3,210,10,22,NA,1028.5,"METAR KC08 031755Z AUTO 21010G22KT 180V240 10SM CLR 22/M03 A3037 RMK AO2",2025-10-03 18:05:19.873734,2025-10-03 14:05:19.87378
"KC83","Byron Arpt, CA, US",2025-10-03 17:55:00,"2025-10-03 17:55:00","VFR",19,12,230,10,NA,NA,1018,"METAR KC83 031755Z AUTO 23010KT 10SM OVC031 19/12 A3006 RMK AO2",2025-10-03 18:05:19.880114,2025-10-03 14:05:19.880157
"KCCB","Upland/Cable Arpt, CA, US",2025-10-03 17:55:00,"2025-10-03 10:55:00","MVFR",19,15,220,5,NA,9,1016.7,"METAR KCCB 031755Z AUTO 22005KT 9SM FEW016 OVC022 19/15 A3002 RMK AO2",2025-10-03 18:05:19.886431,2025-10-03 14:05:19.886473
"KCEY","Murray/Oakley Fld, KY, US",2025-10-03 17:55:00,"2025-10-03 12:55:00","VFR",27,14,300,3,NA,NA,1025.5,"METAR KCEY 031755Z AUTO 30003KT 10SM FEW110 27/14 A3028 RMK A01",2025-10-03 18:05:19.89282,2025-10-03 14:05:19.892865
"KCJR","Culpeper Rgnl, VA, US",2025-10-03 17:55:00,"2025-10-03 17:55:00","VFR",22.7,8.5,150,5,NA,NA,1027.5,"METAR KCJR 031755Z AUTO 15005KT 10SM CLR 23/09 A3034 RMK AO2 T02270085 10227 20077",2025-10-03 18:05:19.899251,2025-10-03 14:05:19.899295
"KC65","Plymouth Muni, IN, US",2025-10-03 17:55:00,"2025-10-03 13:55:00","VFR",30,17,NA,4,NA,NA,1022.8,"METAR KC65 031755Z AUTO VRB04KT 10SM CLR 30/17 A3020 RMK A01",2025-10-03 18:05:19.905871,2025-10-03 14:05:19.905915
"KCIN","Carroll/Neu Arpt, IA, US",2025-10-03 17:55:00,"2025-10-03 12:55:00","VFR",30,15,200,13,NA,NA,1020.1,"METAR KCIN 031755Z AUTO 20013KT 10SM CLR 30/15 A3012 RMK AO2",2025-10-03 18:05:19.912297,2025-10-03 14:05:19.912341
"KCKI","Kingstree/Williamsburg Rgnl, SC, US",2025-10-03 17:55:00,"2025-10-03 17:55:00","VFR",25,13,50,4,NA,NA,1024.8,"METAR KCKI 031755Z AUTO 05004KT 10SM CLR 25/13 A3026 RMK AO2",2025-10-03 18:05:19.918725,2025-10-03 14:05:19.918773
"KCMD","Culman Rgnl, AL, US",2025-10-03 17:55:00,"2025-10-03 17:55:00","VFR",25,14,NA,5,NA,NA,1025.5,"METAR KCMD 031755Z AUTO VRB05KT 10SM CLR 25/14 A3028 RMK AO2",2025-10-03 18:05:19.936151,2025-10-03 14:05:19.936196
"KCCO","Newnan/Coweta Cnty, GA, US",2025-10-03 17:55:00,"2025-10-03 17:55:00","VFR",24,11.6,80,8,14,NA,1026.2,"METAR KCCO 031755Z AUTO 08008G14KT 10SM CLR 24/12 A3030 RMK AO2 T02400116 10244 20147",2025-10-03 18:05:19.942672,2025-10-03 14:05:19.942733
"KCKF","Cordele/Crisp Cnty, GA, US",2025-10-03 17:55:00,"2025-10-03 17:55:00","VFR",27.2,12.4,50,12,20,NA,1023.5,"METAR KCKF 031755Z AUTO 05012G20KT 10SM SCT047 27/12 A3022 RMK AO2 T02720124 10273 20168",2025-10-03 18:05:19.948934,2025-10-03 14:05:19.948977
"KC62","Kendallville Muni, IN, US",2025-10-03 17:55:00,"2025-10-03 17:55:00","VFR",28,13.3,190,3,NA,NA,1023.8,"METAR KC62 031755Z AUTO 19003KT 10SM BKN060 28/13 A3023 RMK AO2 T02910133",2025-10-03 18:05:19.955229,2025-10-03 14:05:19.955272
"KCCA","Clinton Muni, AR, US",2025-10-03 17:55:00,"2025-10-03 17:55:00","VFR",27,17,0,0,NA,NA,1024.1,"METAR KCCA 031755Z AUTO 00000KT 10SM CLR 27/17 A3024 RMK AO2",2025-10-03 18:05:19.961731,2025-10-03 14:05:19.961779
"KBVS","Burlington/Skagit Rgnl, WA, US",2025-10-03 17:55:00,"2025-10-03 10:55:00","IFR",13,13,200,3,NA,7,1021.8,"METAR KBVS 031755Z AUTO 20003KT 7SM OVC007 13/13 A3017 RMK A01",2025-10-03 18:05:19.968068,2025-10-03 14:05:19.968111
"KCGS","College Park Arpt, MD, US",2025-10-03 17:55:00,"2025-10-03 13:55:00","MVFR",21.5,10,0,0,NA,5,1027.5,"METAR KCGS 031755Z AUTO 00000KT 5SM HZ CLR 22/10 A3034 RMK AO2 T02150100 10220 20093",2025-10-03 18:05:19.974407,2025-10-03 14:05:19.974449
"KCBG","Cambridge Muni, MN, US",2025-10-03 17:55:00,"2025-10-03 17:55:00","VFR",27.3,16.6,0,0,NA,8,1019,"METAR KCBG 031755Z AUTO 00000KT 8SM FEW150 27/17 A3009 RMK AO2 T02730166",2025-10-03 18:05:19.980767,2025-10-03 14:05:19.980811
"KCGE","Cambridge/Dorchester Rgnl, MD, US",2025-10-03 17:55:00,"2025-10-03 13:55:00","VFR",20,9,0,0,NA,NA,1027.2,"METAR KCGE 031755Z AUTO 00000KT 10SM CLR 20/09 A3033 RMK A01",2025-10-03 18:05:19.987123,2025-10-03 14:05:19.987168
"KCHK","Chickasha Muni, OK, US",2025-10-03 17:55:00,"2025-10-03 12:55:00","VFR",30.4,16.5,170,11,NA,NA,1020.7,"METAR KCHK 031755Z AUTO 17011KT 10SM CLR 30/16 A3014 RMK AO2 T03040165 10308 20160",2025-10-03 18:05:19.993528,2025-10-03 14:05:19.99357
"KCIR","Cairo Rgnl, IL, US",2025-10-03 17:55:00,"2025-10-03 12:55:00","VFR",28,15.1,190,6,NA,NA,1024.8,"METAR KCIR 031755Z AUTO 19006KT 10SM CLR 28/15 A3026 RMK AO2 T02800151 10280 20169",2025-10-03 18:05:19.999938,2025-10-03 14:05:19.999983
"KCBE","Cumberland Arpt, MD, US",2025-10-03 17:55:00,"2025-10-03 13:55:00","VFR",22.8,10.6,280,4,NA,NA,1027.5,"METAR KCBE 031755Z AUTO 28004KT 10SM CLR 23/11 A3034 RMK AO2 T02280106 10230 20069",2025-10-03 18:05:20.00633,2025-10-03 14:05:20.006373
"KCFE","Buffalo Muni, MN, US",2025-10-03 17:55:00,"2025-10-03 17:55:00","VFR",27,18,170,5,NA,NA,1018.7,"METAR KCFE 031755Z AUTO 17005KT 10SM CLR 27/18 A3008 RMK AO2",2025-10-03 18:05:20.012886,2025-10-03 14:05:20.01293
"KCKP","Cherokee Cnty, IA, US",2025-10-03 17:55:00,"2025-10-03 17:55:00","VFR",30,16,190,11,NA,NA,1019,"METAR KCKP 031755Z AUTO 19011KT 10SM CLR 30/16 A3009 RMK AO2 10295 20142",2025-10-03 18:05:20.019311,2025-10-03 14:05:20.019355
"KCLI","Clintonville Muni, WI, US",2025-10-03 17:55:00,"2025-10-03 12:55:00","VFR",27.8,16.8,220,8,NA,NA,1020.4,"METAR KCLI 031755Z AUTO 22008KT 10SM CLR 28/17 A3013 RMK AO2 T02780168 10280 20139",2025-10-03 18:05:20.025681,2025-10-03 14:05:20.025762
"KBWP","Breckenridge-Wahpeton/Stern Arpt, ND, US",2025-10-03 17:55:00,"2025-10-03 12:55:00","VFR",30,16,160,19,29,NA,1013,"METAR KBWP 031755Z AUTO 16019G29KT 10SM CLR 30/16 A2991 RMK AO2",2025-10-03 18:05:20.032138,2025-10-03 14:05:20.032181
"KCCY","Charles City/NE Iowa Rgnl, IA, US",2025-10-03 17:55:00,"2025-10-03 12:55:00","VFR",30,17,200,9,14,9,1020.4,"METAR KCCY 031755Z AUTO 20009G14KT 9SM CLR 30/17 A3013 RMK AO2",2025-10-03 18:05:20.038482,2025-10-03 14:05:20.038524
"KBYS","Bicycle Lake , CA, US",2025-10-03 17:55:00,"2025-10-03 10:55:00","VFR",23,10.4,190,14,NA,NA,1014.3,"METAR KBYS 031755Z AUTO 19014KT 10SM CLR 23/10 A2995 RMK AO2 SLP119 T02300104 10230 20166 55001 $",2025-10-03 18:05:20.044926,2025-10-03 14:05:20.044969
"KCNB","Canby Muni, MN, US",2025-10-03 17:55:00,"2025-10-03 17:55:00","VFR",31.2,13.7,160,12,15,NA,1016.7,"METAR KCNB 031755Z AUTO 16012G15KT 10SM CLR 31/14 A3002 RMK AO2 T03120137 10312 20150",2025-10-03 18:05:20.051325,2025-10-03 14:05:20.051368
"KCFJ","Crawfordsville Muni, IN, US",2025-10-03 17:55:00,"2025-10-03 17:55:00","VFR",28.5,13.8,260,3,NA,NA,1023.5,"METAR KCFJ 031755Z AUTO 26003KT 10SM CLR 29/14 A3022 RMK AO2 T02850138 10285 20126",2025-10-03 18:05:20.069025,2025-10-03 14:05:20.069072
"KCFS","Tuscola Area Arpt, MI, US",2025-10-03 17:55:00,"2025-10-03 13:55:00","VFR",28,12,NA,4,NA,NA,1022.4,"METAR KCFS 031755Z AUTO VRB04KT 10SM CLR 28/12 A3019 RMK AO2 10276 20054",2025-10-03 18:05:20.075496,2025-10-03 14:05:20.075539
"KCGC","Crystal River Arpt, FL, US",2025-10-03 17:55:00,"2025-10-03 17:55:00","VFR",28,20,70,17,23,NA,1018,"METAR KCGC 031755Z AUTO 07017G23KT 10SM BKN065 OVC110 28/20 A3006 RMK AO2",2025-10-03 18:05:20.081787,2025-10-03 14:05:20.081833
"KCKZ","Perkasie/Pennridge Arpt, PA, US",2025-10-03 17:55:00,"2025-10-03 17:55:00","VFR",21,11,290,7,NA,NA,1027.2,"METAR KCKZ 031755Z AUTO 29007KT 260V320 10SM FEW039 21/11 A3033 RMK AO2",2025-10-03 18:05:20.088104,2025-10-03 14:05:20.088151
"KCMA","Camarillo Arpt, CA, US",2025-10-03 17:55:00,"2025-10-03 17:55:00","VFR",22.8,14.4,240,8,NA,NA,1015.7,"METAR KCMA 031755Z 24008KT 10SM CLR 23/14 A2999 RMK AO2 SLP163 T02280144 10228 20172 50004",2025-10-03 18:05:20.094578,2025-10-03 14:05:20.094632
"KCAO","Clayton Muni, NM, US",2025-10-03 17:55:00,"2025-10-03 11:55:00","VFR",28.3,6.7,230,15,23,NA,1022.8,"METAR KCAO 031755Z AUTO 23015G23KT 10SM CLR 28/07 A3020 RMK AO2 SLP158 T02830067 10283 20139 58009 $",2025-10-03 18:05:20.100988,2025-10-03 14:05:20.101033
"KCAD","Cadillac/Wexford Cnty, MI, US",2025-10-03 17:55:00,"2025-10-03 13:55:00","VFR",28,14,220,12,NA,NA,1022.1,"METAR KCAD 031755Z AUTO 22012KT 10SM CLR 28/14 A3018 RMK AO2 10287 20070",2025-10-03 18:05:20.107487,2025-10-03 14:05:20.107531
"KBVI","Beaver Falls Arpt, PA, US",2025-10-03 17:55:00,"2025-10-03 13:55:00","VFR",26.6,9.4,0,0,NA,NA,1025.5,"METAR KBVI 031755Z AUTO 00000KT 10SM SCT050 27/09 A3028 RMK AO2 T02660094",2025-10-03 18:05:20.1139,2025-10-03 14:05:20.113945
"KCLS","Chehalis-Centralia Arpt, WA, US",2025-10-03 17:55:00,"2025-10-03 10:55:00","IFR",11,11,0,0,NA,3,1022.1,"METAR KCLS 031755Z AUTO 00000KT 3SM BR OVC005 11/11 A3018 RMK AO2",2025-10-03 18:05:20.120245,2025-10-03 14:05:20.120287
"KCMR","Williams/Clark Fld, AZ, US",2025-10-03 17:55:00,"2025-10-03 17:55:00","VFR",22,0,190,16,25,NA,1023.1,"METAR KCMR 031755Z AUTO 19016G25KT 10SM CLR 22/M00 A3021 RMK AO2",2025-10-03 18:05:20.126627,2025-10-03 14:05:20.12667
"KCMY","Sparta/Ft McCoy Arpt, WI, US",2025-10-03 17:55:00,"2025-10-03 12:55:00","VFR",29.1,17.9,0,0,NA,NA,1019,"METAR KCMY 031755Z AUTO 00000KT 10SM CLR 29/18 A3009 RMK AO2 SLP190 T02910179 10291 20158 57011",2025-10-03 18:05:20.133028,2025-10-03 14:05:20.133071
"KBXK","Buckeye Muni, AZ, US",2025-10-03 17:55:00,"2025-10-03 10:55:00","VFR",32,10,160,8,NA,NA,1013,"METAR KBXK 031755Z AUTO 16008KT 10SM CLR 32/10 A2991 RMK AO2",2025-10-03 18:05:20.139378,2025-10-03 14:05:20.139422
"KCDH","Camden/Harrell Fld, AR, US",2025-10-03 17:55:00,"2025-10-03 12:55:00","VFR",30,16,0,0,NA,9,1022.4,"METAR KCDH 031755Z AUTO 00000KT 9SM CLR 30/16 A3019 RMK AO2",2025-10-03 18:05:20.145675,2025-10-03 14:05:20.145736
"KCKM","Clarksdale/Fletcher Fld, MS, US",2025-10-03 17:55:00,"2025-10-03 12:55:00",NA,NA,NA,NA,5,10,NA,1023.8,"METAR KCKM 031755Z AUTO VRB05G10KT 10SM A3023 RMK A01",2025-10-03 18:05:20.152142,2025-10-03 14:05:20.152186
"KCLW","Clearwater Air Park, FL, US",2025-10-03 17:55:00,"2025-10-03 13:55:00","VFR",29,20,60,12,17,NA,1016.3,"METAR KCLW 031755Z AUTO 06012G17KT 10SM BKN038 BKN047 BKN050 29/20 A3001 RMK AO2",2025-10-03 18:05:20.158548,2025-10-03 14:05:20.158593
"KBWD","Brownwood Muni, TX, US",2025-10-03 17:55:00,"2025-10-03 12:55:00","VFR",30.9,15.2,240,5,NA,NA,1020.4,"METAR KBWD 031755Z AUTO 24005KT 10SM CLR 31/15 A3013 RMK AO2 T03090152 $",2025-10-03 18:05:20.164967,2025-10-03 14:05:20.165012
"KBYY","Bay City Muni, TX, US",2025-10-03 17:55:00,"2025-10-03 12:55:00","VFR",30.8,20.7,80,11,NA,NA,1017.4,"METAR KBYY 031755Z AUTO 08011KT 10SM CLR 31/21 A3004 RMK AO2 T03080207",2025-10-03 18:05:20.171353,2025-10-03 14:05:20.171396
"KCKN","Crookston Muni, MN, US",2025-10-03 17:55:00,"2025-10-03 12:55:00","VFR",29,13,150,18,22,NA,1013.3,"METAR KCKN 031755Z AUTO 15018G22KT 10SM CLR 29/13 A2992 RMK AO2",2025-10-03 18:05:20.177782,2025-10-03 14:05:20.177829
"KBXM","Brunswick Exec, ME, US",2025-10-03 17:55:00,"2025-10-03 13:55:00","VFR",19,7,200,8,NA,NA,1023.8,"METAR KBXM 031755Z AUTO 20008KT 10SM CLR 19/07 A3023 RMK AO2 10192 20074",2025-10-03 18:05:20.195168,2025-10-03 14:05:20.195215
"KCAV","Clarion Muni, IA, US",2025-10-03 17:55:00,"2025-10-03 17:55:00","VFR",31,17,190,10,NA,NA,1020.4,"METAR KCAV 031755Z AUTO 19010KT 10SM CLR 31/17 A3013 RMK A01",2025-10-03 18:05:20.202133,2025-10-03 14:05:20.202176
"KCEU","Clemson/Oconee Cnty, SC, US",2025-10-03 17:54:00,"2025-10-03 13:54:00","VFR",21.7,11.7,60,4,NA,NA,1026.8,"METAR KCEU 031754Z AUTO 06004KT 10SM CLR 22/12 A3032 RMK AO2 SLP260 T02170117 10217 20133 58023",2025-10-03 18:05:20.208404,2025-10-03 14:05:20.208447
"KBUF","Buffalo-Niagara Intl, NY, US",2025-10-03 17:54:00,"2025-10-03 13:54:00","VFR",23.3,11.7,230,7,NA,NA,1024.5,"METAR KBUF 031754Z 23007KT 10SM FEW046 FEW260 23/12 A3025 RMK AO2 SLP242 T02330117 10233 20111 58014",2025-10-03 18:05:20.214669,2025-10-03 14:05:20.214731
"KBUY","Burlington/Alamance Rgnl, NC, US",2025-10-03 17:54:00,"2025-10-03 17:54:00","VFR",21.1,11.7,0,0,NA,NA,1027.2,"METAR KBUY 031754Z AUTO 00000KT 10SM SCT036 21/12 A3033 RMK AO2 SLP268 T02110117 10211 20100 58022",2025-10-03 18:05:20.221087,2025-10-03 14:05:20.221131
"KBWI","Baltimore-Washington Intl, MD, US",2025-10-03 17:54:00,"2025-10-03 13:54:00","VFR",21.1,9.4,200,6,NA,NA,1027.2,"METAR KBWI 031754Z 20006KT 10SM FEW045 BKN250 21/09 A3033 RMK AO2 SLP270 T02110094 10211 20100 58024",2025-10-03 18:05:20.227519,2025-10-03 14:05:20.227563
"KCAR","Caribou Muni, ME, US",2025-10-03 17:54:00,"2025-10-03 13:54:00","VFR",21.1,2.8,260,7,NA,NA,1018.4,"METAR KCAR 031754Z AUTO 26007KT 10SM CLR 21/03 A3007 RMK AO2 SLP187 T02110028 10211 20056 58026",2025-10-03 18:05:20.23395,2025-10-03 14:05:20.233996
"KCDW","Caldwell/Essex Cnty, NJ, US",2025-10-03 17:53:00,"2025-10-03 13:53:00","VFR",21.7,10,NA,3,NA,NA,1026.2,"METAR KCDW 031753Z VRB03KT 10SM CLR 22/10 A3030 RMK AO2 SLP266 T02170100 10222 20078 58028",2025-10-03 18:05:20.240414,2025-10-03 14:05:20.240458
"KBVY","Beverly Muni, MA, US",2025-10-03 17:53:00,"2025-10-03 13:53:00","VFR",21.7,8.3,240,11,15,NA,1023.8,"METAR KBVY 031753Z 24011G15KT 10SM CLR 22/08 A3023 RMK AO2 SLP232 T02170083 10217 20089 58027",2025-10-03 18:05:20.246844,2025-10-03 14:05:20.246888
"KBWG","Bowling Green/Warren Cnty, KY, US",2025-10-03 17:53:00,"2025-10-03 12:53:00","VFR",26.7,14.4,NA,4,NA,NA,1025.8,"METAR KBWG 031753Z AUTO VRB04KT 10SM SCT065 27/14 A3029 RMK AO2 SLP252 T02670144 10267 20183 58017",2025-10-03 18:05:20.253371,2025-10-03 14:05:20.253415
"KBVO","Bartlesville Muni, OK, US",2025-10-03 17:53:00,"2025-10-03 12:53:00","VFR",30,19.4,200,6,NA,NA,1022.1,"METAR KBVO 031753Z AUTO 20006KT 10SM CLR 30/19 A3018 RMK AO2 SLP209 T03000194 10300 20156 58011",2025-10-03 18:05:20.259914,2025-10-03 14:05:20.25996
"KCDS","Childress Muni, TX, US",2025-10-03 17:53:00,"2025-10-03 12:53:00","VFR",31.1,13.3,210,7,NA,NA,1021.4,"METAR KCDS 031753Z AUTO 21007KT 10SM CLR 31/13 A3016 RMK AO2 SLP184 T03110133 10311 20178 58009",2025-10-03 18:05:20.266483,2025-10-03 14:05:20.266528
"KCEW","Crestview/Sikes Arpt, FL, US",2025-10-03 17:53:00,"2025-10-03 12:53:00","VFR",26.7,17.8,NA,5,NA,NA,1021.4,"METAR KCEW 031753Z AUTO VRB05KT 10SM CLR 27/18 A3016 RMK AO2 SLP211 T02670178 10278 20178 58010 $",2025-10-03 18:05:20.273008,2025-10-03 14:05:20.273054
"KCHA","Chattanooga Metro, TN, US",2025-10-03 17:53:00,"2025-10-03 13:53:00","VFR",25,11.7,280,4,NA,NA,1025.8,"METAR KCHA 031753Z 28004KT 10SM FEW050 SCT250 25/12 A3029 RMK AO2 SLP250 T02500117 10256 20144 58022",2025-10-03 18:05:20.279484,2025-10-03 14:05:20.279527
"KCLL","College Station/Easterwood Arpt, TX, US",2025-10-03 17:53:00,"2025-10-03 12:53:00","VFR",30.6,18.3,NA,6,NA,NA,1019.4,"METAR KCLL 031753Z VRB06KT 10SM FEW049 31/18 A3010 RMK AO2 SLP188 T03060183 10322 20211 58011",2025-10-03 18:05:20.285974,2025-10-03 14:05:20.286019
"KCMX","Houghton Cnty Mem, MI, US",2025-10-03 17:53:00,"2025-10-03 13:53:00","VFR",26.1,16.1,160,4,NA,NA,1019.4,"METAR KCMX 031753Z AUTO 16004KT 10SM CLR 26/16 A3010 RMK AO2 SLP188 T02610161 10267 20183 58004",2025-10-03 18:05:20.292423,2025-10-03 14:05:20.292467
"KCHO","Charlottesville/Albemarle Arpt, VA, US",2025-10-03 17:53:00,"2025-10-03 13:53:00","VFR",21.1,10,NA,3,NA,NA,1027.2,"METAR KCHO 031753Z VRB03KT 10SM CLR 21/10 A3033 RMK AO2 SLP269 T02110100 10211 20089 58025",2025-10-03 18:05:20.299166,2025-10-03 14:05:20.29921
"KCMI","Champaign/Willard Arpt, IL, US",2025-10-03 17:53:00,"2025-10-03 12:53:00","VFR",31.1,16.1,250,6,NA,NA,1022.8,"METAR KCMI 031753Z 25006KT 10SM CLR 31/16 A3020 RMK AO2 SLP222 T03110161 10317 20167 58016",2025-10-03 18:05:20.305584,2025-10-03 14:05:20.305629
"KCDC","Cedar City Muni, UT, US",2025-10-03 17:53:00,"2025-10-03 11:53:00","VFR",23.3,2.8,210,20,39,NA,1016.3,"METAR KCDC 031753Z AUTO 21020G39KT 10SM FEW075 23/03 A3001 RMK AO2 PK WND 20039/1749 SLP087 T02330028 10239 20128 57012",2025-10-03 18:05:20.312027,2025-10-03 14:05:20.312071
"KCKB","Clarksburg/NC West Virginia Arpt, WV, US",2025-10-03 17:53:00,"2025-10-03 13:53:00","VFR",23.3,8.9,NA,4,NA,NA,1025.8,"METAR KCKB 031753Z VRB04KT 10SM CLR 23/09 A3029 RMK AO2 SLP246 T02330089 10239 20078 58024",2025-10-03 18:05:20.329225,2025-10-03 14:05:20.32927
"KCCR","Concord/Buchanan Fld, CA, US",2025-10-03 17:53:00,"2025-10-03 10:53:00","MVFR",17.8,11.1,NA,4,NA,NA,1018.4,"METAR KCCR 031753Z VRB04KT 10SM OVC029 18/11 A3007 RMK AO2 SLP167 T01780111 10178 20150 53008",2025-10-03 18:05:20.335933,2025-10-03 14:05:20.335975
"KCLM","Port Angeles Intl, WA, US",2025-10-03 17:53:00,"2025-10-03 10:53:00","VFR",13.3,10.6,70,6,NA,NA,1021.8,"METAR KCLM 031753Z AUTO 07006KT 10SM FEW027 13/11 A3017 RMK AO2 SLP215 T01330106 10139 20078 51006",2025-10-03 18:05:20.342169,2025-10-03 14:05:20.342211
"KBUR","Burbank/Bob Hope Arpt, CA, US",2025-10-03 17:53:00,"2025-10-03 10:53:00","VFR",20.6,15.6,130,9,19,NA,1016.3,"METAR KBUR 031753Z 13009G19KT 10SM SCT017 21/16 A3001 RMK AO2 SLP151 T02060156 10206 20183 50003",2025-10-03 18:05:20.348805,2025-10-03 14:05:20.34885
"KCGI","Cape Girardeau Rgnl, MO, US",2025-10-03 17:53:00,"2025-10-03 12:53:00","VFR",27.8,15,210,6,NA,NA,1024.5,"METAR KCGI 031753Z 21006KT 10SM CLR 28/15 A3025 RMK AO2 SLP240 T02780150 10278 20150 58014",2025-10-03 18:05:20.355222,2025-10-03 14:05:20.355265
"KBYG","Buffalo/Johnson Cnty, WY, US",2025-10-03 17:53:00,"2025-10-03 11:53:00","VFR",28.3,-1.1,240,16,21,NA,1013.3,"METAR KBYG 031753Z AUTO 24016G21KT 10SM CLR 28/M01 A2992 RMK AO2 WSHFT 1647 SLP067 T02831011 10283 20139 58006",2025-10-03 18:05:20.361621,2025-10-03 14:05:20.361665
"KCAG","Craig-Moffat Arpt, CO, US",2025-10-03 17:53:00,"2025-10-03 11:53:00","VFR",25.6,-1.7,220,17,41,NA,1020.7,"METAR KCAG 031753Z AUTO 22017G41KT 10SM CLR 26/M02 A3014 RMK AO2 PK WND 23041/1749 WSHFT 1644 SLP151 T02561017 10256 20017 58017",2025-10-03 18:05:20.36804,2025-10-03 14:05:20.368083
"KCDR","Chadron Muni, NE, US",2025-10-03 17:53:00,"2025-10-03 11:53:00","VFR",30.6,7.2,180,6,NA,NA,1014.3,"METAR KCDR 031753Z AUTO 18006KT 10SM CLR 31/07 A2995 RMK AO2 SLP110 T03060072 10306 20156 58016",2025-10-03 18:05:20.374389,2025-10-03 14:05:20.374432
"KCKV","Clarksville/Outlaw Fld, TN, US",2025-10-03 17:52:00,"2025-10-03 12:52:00","VFR",26.7,13.9,180,4,NA,NA,1025.5,"METAR KCKV 031752Z AUTO 18004KT 10SM SCT065 27/14 A3028 RMK AO2 SLP248 T02670139 10267 20178 58015",2025-10-03 18:05:20.38077,2025-10-03 14:05:20.380815
"KCLT","Charlotte/Douglas Intl, NC, US",2025-10-03 17:52:00,"2025-10-03 13:52:00","VFR",22.8,10.6,70,8,NA,NA,1027.2,"METAR KCLT 031752Z 07008KT 10SM FEW040 FEW250 23/11 A3033 RMK AO2 SLP279 T02280106 10228 20117 58023",2025-10-03 18:05:20.387103,2025-10-03 14:05:20.387147
"KCFV","Coffeyville Muni, KS, US",2025-10-03 17:52:00,"2025-10-03 12:52:00","VFR",30,18.9,190,7,NA,NA,1021.4,"METAR KCFV 031752Z AUTO 19007KT 10SM CLR 30/19 A3016 RMK AO2 SLP208 T03000189 10300 20194 58011",2025-10-03 18:05:20.393488,2025-10-03 14:05:20.393531
"KCID","Cedar Rapids/E Iowa Arpt, IA, US",2025-10-03 17:52:00,"2025-10-03 12:52:00","VFR",30,15,220,8,NA,NA,1021.4,"METAR KCID 031752Z 22008KT 10SM CLR 30/15 A3016 RMK AO2 SLP206 T03000150 10300 20150 58011",2025-10-03 18:05:20.399853,2025-10-03 14:05:20.399896
"KCLE","Cleveland/Hopkins Intl, OH, US",2025-10-03 17:51:00,"2025-10-03 13:51:00","VFR",26.1,8.9,0,0,NA,NA,1023.8,"METAR KCLE 031751Z 00000KT 10SM CLR 26/09 A3023 RMK AO2 SLP248 T02610089 10272 20133 58015 $",2025-10-03 18:05:20.4064,2025-10-03 14:05:20.406476
"KCAK","Akron/Canton Rgnl, OH, US",2025-10-03 17:51:00,"2025-10-03 13:51:00","VFR",24.4,12.8,NA,4,NA,NA,1025.1,"METAR KCAK 031751Z VRB04KT 10SM FEW250 24/13 A3027 RMK AO2 SLP245 T02440128 10244 20122 58015",2025-10-03 18:05:20.413315,2025-10-03 14:05:20.41336
"KCMH","Columbus/Glenn Intl, OH, US",2025-10-03 17:51:00,"2025-10-03 13:51:00","VFR",26.7,13.3,NA,3,NA,NA,1024.5,"METAR KCMH 031751Z VRB03KT 10SM SCT250 27/13 A3025 RMK AO2 SLP238 T02670133 10267 20139 58017",2025-10-03 18:05:20.419865,2025-10-03 14:05:20.41991
"KCIC","Chico Muni, CA, US",2025-10-03 17:50:00,"2025-10-03 10:50:00","MVFR",16,14,0,0,NA,NA,1018.7,"METAR KCIC 031750Z 00000KT 10SM SCT012 BKN017 BKN038 16/14 A3008",2025-10-03 18:05:20.4264,2025-10-03 14:05:20.426444
"KCKC","Grand Marais Muni, MN, US",2025-10-03 17:48:00,"2025-10-03 12:48:00","VFR",26,9,130,6,NA,NA,1020.4,"METAR KCKC 031748Z 13006KT 10SM CLR 26/09 A3013 RMK AO2",2025-10-03 18:05:20.432948,2025-10-03 14:05:20.432992
"KCHD","Chandler Muni, AZ, US",2025-10-03 17:47:00,"2025-10-03 17:47:00","VFR",32,10,0,0,NA,NA,1013.3,"METAR KCHD 031747Z 00000KT 10SM CLR 32/10 A2992",2025-10-03 18:05:20.439337,2025-10-03 14:05:20.439381
"KCGF","Cleveland/Cuyahoga Cnty, OH, US",2025-10-03 17:45:00,"2025-10-03 13:45:00","VFR",26,11,230,7,NA,NA,1024.5,"METAR KCGF 031745Z 23007KT 10SM CLR 26/11 A3025",2025-10-03 18:05:20.44578,2025-10-03 14:05:20.445827
"KCWI","Clinton Muni, IA, US",2025-10-03 17:56:00,"2025-10-03 12:56:00","VFR",30,14.4,230,9,NA,NA,1021.8,"METAR KCWI 031756Z AUTO 23009KT 10SM FEW002 30/14 A3017 RMK AO2 SLP216 T03000144 10306 20133 58013",2025-10-03 18:05:22.144682,2025-10-03 14:05:22.144746
"KCXY","Harrisburg/Capital City Arpt, PA, US",2025-10-03 17:56:00,"2025-10-03 13:56:00","VFR",21.7,10,0,0,NA,NA,1026.5,"METAR KCXY 031756Z COR 00000KT 10SM CLR 22/10 A3031 RMK AO2 SLP263 6//// T02170100 10217 20100 58027",2025-10-03 18:05:22.151227,2025-10-03 14:05:22.151272
"KCTB","Cut Bank Muni, MT, US",2025-10-03 17:56:00,"2025-10-03 11:56:00","VFR",13.3,6.1,220,4,NA,NA,1014.6,"METAR KCTB 031756Z AUTO 22004KT 10SM OVC110 13/06 A2996 RMK AO2 SLP138 60002 T01330061 10133 20078 58011",2025-10-03 18:05:22.157565,2025-10-03 14:05:22.157607
"KCVN","Clovis Muni, NM, US",2025-10-03 17:56:00,"2025-10-03 11:56:00","VFR",31.1,7.2,190,13,21,NA,1024.1,"METAR KCVN 031756Z AUTO 19013G21KT 10SM CLR 31/07 A3024 RMK AO2 SLP194 T03110072 10311 20122 58011 $",2025-10-03 18:05:22.163931,2025-10-03 14:05:22.163975
"KCVO","Corvallis Muni, OR, US",2025-10-03 17:56:00,"2025-10-03 10:56:00","IFR",12.8,11.7,120,6,NA,NA,1022.4,"METAR KCVO 031756Z 12006KT 10SM BKN006 13/12 A3019 RMK AO2 SLP229 60001 T01280117 10139 20072 53008",2025-10-03 18:05:22.170219,2025-10-03 14:05:22.170264
"KCOE","Coeur DAlene Arpt, ID, US",2025-10-03 17:56:00,"2025-10-03 10:56:00","VFR",13.9,7.2,350,4,NA,NA,1018,"METAR KCOE 031756Z AUTO 35004KT 10SM CLR 14/07 A3006 RMK AO2 SLP194 T01390072 10139 20056 58003",2025-10-03 18:05:22.176604,2025-10-03 14:05:22.176649
"KD07","Faith Muni, SD, US",2025-10-03 17:56:00,"2025-10-03 17:56:00",NA,25.6,14.4,180,17,24,NA,1010.9,"METAR KD07 031756Z AUTO 18017G24KT 26/14 A2985 RMK AO1 SLP094 T02560144 10256 20133 57018",2025-10-03 18:05:22.183005,2025-10-03 14:05:22.183049
"KDIK","Dickinson/Roosevelt , ND, US",2025-10-03 17:56:00,"2025-10-03 11:56:00","VFR",26.7,11.7,140,11,NA,NA,1009.6,"METAR KDIK 031756Z AUTO 14011KT 10SM CLR 27/12 A2981 RMK AO2 SLP078 T02670117 10267 20089 58027",2025-10-03 18:05:22.189406,2025-10-03 14:05:22.189449
"KDAY","Dayton/Cox Intl, OH, US",2025-10-03 17:56:00,"2025-10-03 13:56:00","VFR",27.8,11.7,NA,3,NA,NA,1024.5,"METAR KDAY 031756Z VRB03KT 10SM FEW250 28/12 A3025 RMK AO2 SLP235 T02780117 10283 20144 58016",2025-10-03 18:05:22.195884,2025-10-03 14:05:22.195928
"KCVS","Clovis/Cannon AFB, NM, US",2025-10-03 17:56:00,"2025-10-03 11:56:00","VFR",31,5,180,11,NA,NA,1023.1,"SPECI KCVS 031756Z AUTO 18011KT 10SM FEW100 31/05 A3021 RMK AO2 WSHFT 46 SLP163 $",2025-10-03 18:05:22.20225,2025-10-03 14:05:22.202292
"KCOD","Cody/Yellowstone Rgnl, WY, US",2025-10-03 17:56:00,"2025-10-03 11:56:00","VFR",20.6,3.9,110,5,NA,NA,1015,"METAR KCOD 031756Z AUTO 11005KT 10SM CLR 21/04 A2997 RMK AO2 SLP112 T02060039 10206 20061 58014",2025-10-03 18:05:22.208627,2025-10-03 14:05:22.208671
"KDIJ","Driggs/Reed Mem, ID, US",2025-10-03 17:56:00,"2025-10-03 17:56:00","VFR",10,7.2,130,3,NA,NA,1019.4,"METAR KDIJ 031756Z AUTO 13003KT 10SM SCT090 BKN120 10/07 A3010 RMK AO2 RAE42 SLP168 P0000 60000 T01000072 10144 20072 58001 $",2025-10-03 18:05:22.215048,2025-10-03 14:05:22.215092
"KCXE","Chase City Muni, VA, US",2025-10-03 17:55:00,"2025-10-03 17:55:00","VFR",21,11.1,110,4,NA,NA,1027.9,"METAR KCXE 031755Z AUTO 11004KT 10SM CLR 21/11 A3035 RMK AO1 T02100111 10210 20096",2025-10-03 18:05:22.221591,2025-10-03 14:05:22.221634
"KCNK","Concordia/Blosser Muni, KS, US",2025-10-03 17:55:00,"2025-10-03 12:55:00","VFR",30.6,14.4,190,15,NA,NA,1019.4,"METAR KCNK 031755Z AUTO 19015KT 10SM CLR 31/14 A3010 RMK AO2 SLP177 T03060144 10306 20194 58009",2025-10-03 18:05:22.228039,2025-10-03 14:05:22.228084
"KCTJ","Carrollton/W Georgia Rgnl, GA, US",2025-10-03 17:55:00,"2025-10-03 17:55:00","VFR",23.1,12.4,100,5,NA,NA,1027.5,"METAR KCTJ 031755Z AUTO 10005KT 10SM CLR 23/12 A3034 RMK AO2 T02310124",2025-10-03 18:05:22.246643,2025-10-03 14:05:22.246688
"KDAA","Fort Belvoir/Davison, VA, US",2025-10-03 17:55:00,"2025-10-03 13:55:00","VFR",21.5,10,130,5,NA,NA,1026.5,"METAR KDAA 031755Z AUTO 13005KT 10SM CLR 22/10 A3031 RMK AO2 SLP267 T02150100 10219 20091 57024 $",2025-10-03 18:05:22.253003,2025-10-03 14:05:22.253045
"KD57","Glen Ullin Rgnl, ND, US",2025-10-03 17:55:00,"2025-10-03 17:55:00","VFR",26,12,140,13,NA,NA,1009.9,"METAR KD57 031755Z AUTO 14013KT 10SM CLR 26/12 A2982 RMK AO2",2025-10-03 18:05:22.259295,2025-10-03 14:05:22.259338
"KCPT","Cleburne Muni, TX, US",2025-10-03 17:55:00,"2025-10-03 17:55:00","VFR",31.2,16,NA,3,NA,NA,1019,"METAR KCPT 031755Z AUTO VRB03KT 10SM CLR 31/16 A3009 RMK AO2 T03120160 $",2025-10-03 18:05:22.265745,2025-10-03 14:05:22.26579
"KD09","Bottineau Muni, ND, US",2025-10-03 17:55:00,"2025-10-03 17:55:00","VFR",24,13,110,12,NA,NA,1010.9,"METAR KD09 031755Z AUTO 11012KT 10SM CLR 24/13 A2985 RMK AO2 LTG DSNT S",2025-10-03 18:05:22.272167,2025-10-03 14:05:22.272211
"KCNC","Chariton Muni, IA, US",2025-10-03 17:55:00,"2025-10-03 17:55:00","VFR",29,16,220,9,NA,NA,1021.4,"METAR KCNC 031755Z AUTO 22009KT 10SM CLR 29/16 A3016 RMK AO2",2025-10-03 18:05:22.278558,2025-10-03 14:05:22.278602
"KDLL","Baraboo-Dells Arpt, WI, US",2025-10-03 17:55:00,"2025-10-03 17:55:00","VFR",29.7,16.5,210,9,NA,NA,1020.7,"METAR KDLL 031755Z AUTO 21009KT 10SM CLR 30/17 A3014 RMK AO2 T02970165 10298 20165",2025-10-03 18:05:22.284986,2025-10-03 14:05:22.28503
"KD60","Tioga Muni, ND, US",2025-10-03 17:55:00,"2025-10-03 12:55:00","VFR",24,12,100,14,NA,NA,1010.2,"METAR KD60 031755Z AUTO 10014KT 10SM CLR 24/12 A2983 RMK AO2",2025-10-03 18:05:22.291298,2025-10-03 14:05:22.291343
"KCWC","Wichita Falls/Kickapoo Arpt, TX, US",2025-10-03 17:55:00,"2025-10-03 12:55:00","VFR",31.1,15.5,170,10,18,NA,1021.1,"METAR KCWC 031755Z AUTO 17010G18KT 130V220 10SM CLR 31/16 A3015 RMK AO2 T03110155 10311 20175",2025-10-03 18:05:22.297664,2025-10-03 14:05:22.297727
"KCWV","Claxton/Evans Cnty, GA, US",2025-10-03 17:55:00,"2025-10-03 17:55:00","VFR",27,14,NA,NA,NA,NA,1023.1,"METAR KCWV 031755Z AUTO 10SM FEW050 FEW060 27/14 A3021 RMK AO2 10276 20169",2025-10-03 18:05:22.304406,2025-10-03 14:05:22.304451
"KCXU","Camilla/Mitchell Cnty, GA, US",2025-10-03 17:55:00,"2025-10-03 17:55:00","VFR",29,17,100,10,NA,NA,1021.4,"METAR KCXU 031755Z AUTO 10010KT 10SM CLR 29/17 A3016 RMK AO2 10306 20181",2025-10-03 18:05:22.310794,2025-10-03 14:05:22.310838
"KCZL","Calhoun/Tom David Fld, GA, US",2025-10-03 17:55:00,"2025-10-03 17:55:00",NA,24,14,0,0,NA,NA,1025.8,"METAR KCZL 031755Z AUTO 00000KT CLR 24/14 A3029 RMK AO2 PWINO 10243 20116",2025-10-03 18:05:22.3171,2025-10-03 14:05:22.317142
"KDCM","Chester Muni, SC, US",2025-10-03 17:55:00,"2025-10-03 17:55:00","VFR",22,8,40,7,NA,NA,1026.8,"METAR KDCM 031755Z AUTO 04007KT 10SM CLR 22/08 A3032 RMK AO2",2025-10-03 18:05:22.323471,2025-10-03 14:05:22.323515
"KCWF","Chenault Intl, LA, US",2025-10-03 17:55:00,"2025-10-03 12:55:00","VFR",30,19,60,11,15,NA,1019.7,"METAR KCWF 031755Z 06011G15KT 10SM SCT035 30/19 A3011",2025-10-03 18:05:22.329934,2025-10-03 14:05:22.329978
"KCNW","Waco/Texas State Tech Arpt, TX, US",2025-10-03 17:55:00,"2025-10-03 12:55:00","VFR",32,16,40,4,NA,NA,1020.1,"METAR KCNW 031755Z 04004KT 10SM HZ CLR 32/16 A3012",2025-10-03 18:05:22.336297,2025-10-03 14:05:22.336341
"KCVH","Hollister Muni, CA, US",2025-10-03 17:55:00,"2025-10-03 10:55:00","VFR",19,11,250,10,NA,NA,1019,"METAR KCVH 031755Z AUTO 25010KT 10SM SCT028 BKN036 BKN043 19/11 A3009 RMK A01",2025-10-03 18:05:22.342638,2025-10-03 14:05:22.342682
"KDCY","Washington/Daviess Cnty, IN, US",2025-10-03 17:55:00,"2025-10-03 17:55:00","VFR",27.7,17.7,210,6,NA,NA,1024.5,"METAR KDCY 031755Z AUTO 21006KT 10SM CLR 28/18 A3025 RMK AO2 T02770177 10277 20160",2025-10-03 18:05:22.349109,2025-10-03 14:05:22.349152
"KCOM","Coleman Muni, TX, US",2025-10-03 17:55:00,"2025-10-03 12:55:00","VFR",31.7,12.2,190,6,NA,NA,1021.1,"METAR KCOM 031755Z AUTO 19006KT 10SM CLR 32/12 A3015 RMK AO2 T03170122 10317 20145 PWINO",2025-10-03 18:05:22.355503,2025-10-03 14:05:22.355546
"KCQM","Cook Muni, MN, US",2025-10-03 17:55:00,"2025-10-03 17:55:00","VFR",26,15,NA,4,NA,NA,1018.4,"METAR KCQM 031755Z AUTO VRB04KT 10SM CLR 26/15 A3007 RMK AO2",2025-10-03 18:05:22.372638,2025-10-03 14:05:22.372683
"KCRX","Corinth/Turner Fld, MS, US",2025-10-03 17:55:00,"2025-10-03 12:55:00","VFR",26,15,170,6,NA,NA,1025.1,"METAR KCRX 031755Z AUTO 17006KT 10SM CLR 26/15 A3027 RMK AO2",2025-10-03 18:05:22.379421,2025-10-03 14:05:22.379463
"KCVX","Charlevoix Muni, MI, US",2025-10-03 17:55:00,"2025-10-03 17:55:00","VFR",26,14,240,8,NA,NA,1020.4,"METAR KCVX 031755Z AUTO 24008KT 10SM CLR 26/14 A3013 RMK AO2 10269 20146",2025-10-03 18:05:22.385722,2025-10-03 14:05:22.38577
"KCPK","Chesapeake Rgnl, VA, US",2025-10-03 17:55:00,"2025-10-03 17:55:00","VFR",24.6,11.8,80,6,NA,NA,1026.8,"METAR KCPK 031755Z AUTO 08006KT 10SM SCT038 25/12 A3032 RMK AO2 T02460118 10251 20108",2025-10-03 18:05:22.392016,2025-10-03 14:05:22.39206
"KDLH","Duluth Intl Arpt, MN, US",2025-10-03 17:55:00,"2025-10-03 12:55:00","VFR",25.6,14.4,110,11,NA,NA,1019.4,"METAR KDLH 031755Z 11011KT 10SM CLR 26/14 A3010 RMK AO2 SLP189 T02560144 10256 20122 58007",2025-10-03 18:05:22.398495,2025-10-03 14:05:22.398538
"KDBN","Dublin/Barron Arpt, GA, US",2025-10-03 17:55:00,"2025-10-03 13:55:00","VFR",27,12.8,20,9,NA,NA,1024.5,"METAR KDBN 031755Z AUTO 02009KT 10SM CLR 27/13 A3025 RMK AO2 T02700128 10271 20157 58018 $",2025-10-03 18:05:22.404898,2025-10-03 14:05:22.404942
"KCOQ","Cloquet/Carlton Cnty, MN, US",2025-10-03 17:55:00,"2025-10-03 17:55:00","VFR",26,15,100,7,NA,7,1018.7,"METAR KCOQ 031755Z AUTO 10007KT 7SM CLR 26/15 A3008 RMK AO2 TSNO",2025-10-03 18:05:22.411242,2025-10-03 14:05:22.411287
"KD55","Langdon/Roberts Fld, ND, US",2025-10-03 17:55:00,"2025-10-03 17:55:00","VFR",27,11,160,17,NA,NA,1013,"METAR KD55 031755Z AUTO 16017KT 10SM CLR 27/11 A2991 RMK AO2",2025-10-03 18:05:22.41768,2025-10-03 14:05:22.417746
"KDLF","Laughlin AFB, TX, US",2025-10-03 17:55:00,"2025-10-03 12:55:00","VFR",32.3,14.4,180,9,NA,NA,1018,"METAR KDLF 031755Z AUTO 18009KT 10SM CLR 32/14 A3006 RMK AO2 SLP166 T03230144 10323 20198 58012 $",2025-10-03 18:05:22.424068,2025-10-03 14:05:22.424113
"KCZT","Carrizo Springs Arpt, TX, US",2025-10-03 17:55:00,"2025-10-03 12:55:00","VFR",33,15,NA,NA,NA,NA,1019.4,"METAR KCZT 031755Z AUTO 10SM CLR 33/15 A3010 RMK AO2",2025-10-03 18:05:22.430602,2025-10-03 14:05:22.430645
"KCPC","Whiteville/Columbus Cnty, NC, US",2025-10-03 17:55:00,"2025-10-03 17:55:00","VFR",24.3,15.2,360,4,NA,NA,1025.1,"METAR KCPC 031755Z AUTO 36004KT 10SM SCT031 24/15 A3027 RMK AO2 T02430152 10246 20139",2025-10-03 18:05:22.437095,2025-10-03 14:05:22.43714
"KCTZ","Clinton/Sampson Cnty, NC, US",2025-10-03 17:55:00,"2025-10-03 13:55:00","VFR",25.1,15.4,40,4,NA,NA,1025.8,"METAR KCTZ 031755Z AUTO 04004KT 10SM CLR 25/15 A3029 RMK AO2 T02510154 10252 20134",2025-10-03 18:05:22.443579,2025-10-03 14:05:22.44363
"KCTY","Cross City Arpt, FL, US",2025-10-03 17:55:00,"2025-10-03 13:55:00","VFR",29,21,50,10,17,NA,1018.7,"METAR KCTY 031755Z AUTO 05010G17KT 10SM BKN033 OVC041 29/21 A3008 RMK AO2 10294 20212",2025-10-03 18:05:22.449992,2025-10-03 14:05:22.450037
"KD39","Sauk Center Muni, MN, US",2025-10-03 17:55:00,"2025-10-03 17:55:00","VFR",28,16.1,140,10,NA,NA,1017.7,"METAR KD39 031755Z AUTO 14010KT 10SM CLR 28/16 A3005 RMK AO2 T02800161 10280 20102",2025-10-03 18:05:22.456392,2025-10-03 14:05:22.456437
"KD50","Crosby Muni, ND, US",2025-10-03 17:55:00,"2025-10-03 17:55:00","VFR",23,11,60,10,NA,NA,1009.6,"METAR KD50 031755Z AUTO 06010KT 10SM CLR 23/11 A2981 RMK AO2",2025-10-03 18:05:22.462944,2025-10-03 14:05:22.462988
"KDKR","Crockett/Houston Cnty, TX, US",2025-10-03 17:55:00,"2025-10-03 17:55:00","VFR",31,16,0,0,NA,NA,1020.1,"METAR KDKR 031755Z AUTO 00000KT 10SM CLR 31/16 A3012 RMK AO2",2025-10-03 18:05:22.46941,2025-10-03 14:05:22.469454
"KCXP","Carson City Arpt, NV, US",2025-10-03 17:55:00,"2025-10-03 10:55:00","MVFR",8,5,300,6,NA,3,1019,"METAR KCXP 031755Z AUTO 30006KT 3SM -RA HZ CLR 08/05 A3009 RMK AO2 P0009",2025-10-03 18:05:22.475788,2025-10-03 14:05:22.47583
"KCXW","Conway/Cantrell Fld, AR, US",2025-10-03 17:55:00,"2025-10-03 17:55:00","VFR",28,20,160,6,NA,9,1023.1,"METAR KCXW 031755Z AUTO 16006KT 9SM CLR 28/20 A3021 RMK A01",2025-10-03 18:05:22.482135,2025-10-03 14:05:22.482177
"KDKX","Knoxville/Downtown Arpt, TN, US",2025-10-03 17:55:00,"2025-10-03 17:55:00","VFR",25,14,NA,5,NA,NA,1025.8,"METAR KDKX 031755Z AUTO VRB05KT 10SM CLR 25/14 A3029 RMK A01",2025-10-03 18:05:22.488545,2025-10-03 14:05:22.488589
"KCQW","Cheraw Muni, SC, US",2025-10-03 17:55:00,"2025-10-03 13:55:00","VFR",24,14,NA,6,NA,NA,1025.8,"METAR KCQW 031755Z AUTO VRB06KT 10SM CLR 24/14 A3029 RMK AO2",2025-10-03 18:05:22.50617,2025-10-03 14:05:22.506215
"KD95","Lapeer/Dumont Arpt, MI, US",2025-10-03 17:55:00,"2025-10-03 17:55:00","VFR",29,10,180,3,NA,NA,1023.1,"METAR KD95 031755Z AUTO 18003KT 10SM CLR 29/10 A3021 RMK AO2",2025-10-03 18:05:22.512661,2025-10-03 14:05:22.512722
"KCPU","San Andreas/Calaveras Cnty, CA, US",2025-10-03 17:55:00,"2025-10-03 17:55:00","VFR",15.5,10.8,330,3,NA,NA,1018.7,"METAR KCPU 031755Z AUTO 33003KT 10SM SCT014 SCT019 16/11 A3008 RMK AO2 T01550108 10172 20120",2025-10-03 18:05:22.51896,2025-10-03 14:05:22.519002
"KCSB","Cambridge Muni, NE, US",2025-10-03 17:55:00,"2025-10-03 17:55:00",NA,27,17,140,10,NA,9,1017.7,"METAR KCSB 031755Z AUTO 14010KT 9SM 27/17 A3005 RMK AO2",2025-10-03 18:05:22.525225,2025-10-03 14:05:22.525266
"KCSQ","Creston Muni, IA, US",2025-10-03 17:55:00,"2025-10-03 12:55:00","VFR",30,17,220,10,15,NA,1021.4,"METAR KCSQ 031755Z AUTO 22010G15KT 10SM CLR 30/17 A3016 RMK AO2",2025-10-03 18:05:22.531754,2025-10-03 14:05:22.531799
"KCUH","Cushing Muni, OK, US",2025-10-03 17:55:00,"2025-10-03 12:55:00","VFR",30.7,15.6,200,12,18,NA,1021.4,"METAR KCUH 031755Z AUTO 20012G18KT 10SM CLR 31/16 A3016 RMK AO2 T03070156 10307 20158",2025-10-03 18:05:22.538195,2025-10-03 14:05:22.538239
"KCVB","Castroville Muni, TX, US",2025-10-03 17:55:00,"2025-10-03 17:55:00","VFR",32,15,110,6,NA,NA,1019.4,"METAR KCVB 031755Z AUTO 11006KT 10SM CLR 32/15 A3010 RMK AO2 10327 20188",2025-10-03 18:05:22.544636,2025-10-03 14:05:22.544683
"KD25","Manitowish Waters Arpt, WI, US",2025-10-03 17:55:00,"2025-10-03 17:55:00","VFR",24.8,16.2,160,3,NA,NA,1020.1,"METAR KD25 031755Z AUTO 16003KT 10SM CLR 25/16 A3012 RMK AO2 T02480162 10251 20112",2025-10-03 18:05:22.551087,2025-10-03 14:05:22.551131
"KDKB","DeKalb/Taylor Muni, IL, US",2025-10-03 17:55:00,"2025-10-03 17:55:00","VFR",30.2,13.9,240,7,NA,NA,1022.4,"METAR KDKB 031755Z AUTO 24007KT 10SM SCT070 30/14 A3019 RMK AO2 T03020139 10302 20136",2025-10-03 18:05:22.557536,2025-10-03 14:05:22.55758
"KDEH","Decorah Muni, IA, US",2025-10-03 17:55:00,"2025-10-03 12:55:00","VFR",29,17,NA,4,12,9,1020.1,"METAR KDEH 031755Z AUTO VRB04G12KT 9SM CLR 29/17 A3012 RMK AO2",2025-10-03 18:05:22.564047,2025-10-03 14:05:22.56409
"KDDH","Bennington/Morse State Arpt, VT, US",2025-10-03 17:54:00,"2025-10-03 17:54:00","VFR",20.6,7.8,NA,5,NA,NA,1024.8,"METAR KDDH 031754Z AUTO VRB05KT 10SM CLR 21/08 A3026 RMK AO2 SLP249 T02060078 10206 20033 58025",2025-10-03 18:05:22.570503,2025-10-03 14:05:22.570548
"KCOU","Columbia Rgnl, MO, US",2025-10-03 17:54:00,"2025-10-03 12:54:00","VFR",28.3,18.3,170,7,NA,NA,1023.5,"METAR KCOU 031754Z 17007KT 140V200 10SM CLR 28/18 A3022 RMK AO2 SLP224 T02830183 10289 20172 58007 $",2025-10-03 18:05:22.576909,2025-10-03 14:05:22.576954
"KDEC","Decatur Arpt, IL, US",2025-10-03 17:54:00,"2025-10-03 12:54:00","VFR",30,16.7,230,7,NA,NA,1023.1,"METAR KDEC 031754Z 23007KT 10SM FEW100 30/17 A3021 RMK AO2 SLP223 T03000167 10306 20156 58014",2025-10-03 18:05:22.583281,2025-10-03 14:05:22.583323
"KCRW","Charleston/Yeager Arpt, WV, US",2025-10-03 17:54:00,"2025-10-03 13:54:00","VFR",25.6,11.7,0,0,NA,NA,1025.5,"METAR KCRW 031754Z 00000KT 10SM FEW060 26/12 A3028 RMK AO2 SLP247 T02560117 10256 20111 58021",2025-10-03 18:05:22.589674,2025-10-03 14:05:22.589737
"KCOS","Colorado Spring Arpt, CO, US",2025-10-03 17:54:00,"2025-10-03 11:54:00","VFR",25,4.4,130,5,NA,NA,1022.8,"METAR KCOS 031754Z 13005KT 10SM FEW120 25/04 A3020 RMK AO2 SLP146 T02500044 10256 20083 58014",2025-10-03 18:05:22.596135,2025-10-03 14:05:22.596178
"KDBQ","Dubuque Rgnl, IA, US",2025-10-03 17:53:00,"2025-10-03 12:53:00","VFR",28.9,16.1,210,10,17,NA,1022.1,"METAR KDBQ 031753Z 21010G17KT 10SM FEW090 29/16 A3018 RMK AO2 SLP212 T02890161 10300 20156 58011",2025-10-03 18:05:22.602523,2025-10-03 14:05:22.602567
"KDFI","Defiance Mem Arpt, OH, US",2025-10-03 17:53:00,"2025-10-03 13:53:00","VFR",29.4,11.7,NA,4,NA,NA,1023.5,"METAR KDFI 031753Z AUTO VRB04KT 10SM CLR 29/12 A3022 RMK AO2 SLP230 T02940117 10306 20089 58017",2025-10-03 18:05:22.608982,2025-10-03 14:05:22.609027
"KDFW","Dallas-Ft Worth Intl, TX, US",2025-10-03 17:53:00,"2025-10-03 12:53:00","VFR",31.1,17.2,120,4,NA,NA,1020.1,"METAR KDFW 031753Z 12004KT 10SM FEW040 31/17 A3012 RMK AO2 SLP191 T03110172 10311 20211 58009",2025-10-03 18:05:22.615361,2025-10-03 14:05:22.615402
"KDGW","Douglas/Converse Cnty, WY, US",2025-10-03 17:53:00,"2025-10-03 11:53:00","VFR",26.1,2.8,220,19,24,NA,1016.7,"METAR KDGW 031753Z AUTO 22019G24KT 10SM CLR 26/03 A3002 RMK AO2 SLP112 T02610028 10261 20050 57012",2025-10-03 18:05:22.632772,2025-10-03 14:05:22.632818
"KDHN","Dothan Rgnl, AL, US",2025-10-03 17:53:00,"2025-10-03 12:53:00","VFR",27.8,16.1,80,10,15,NA,1022.8,"METAR KDHN 031753Z 08010G15KT 10SM FEW044 SCT075 BKN095 28/16 A3020 RMK AO1 SLP220 T02780161 10278 20172 58016",2025-10-03 18:05:22.639759,2025-10-03 14:05:22.639805
"KDHT","Dalhart Muni, TX, US",2025-10-03 17:53:00,"2025-10-03 12:53:00","VFR",30.6,6.7,230,17,24,NA,1021.8,"METAR KDHT 031753Z AUTO 23017G24KT 10SM CLR 31/07 A3017 RMK AO2 PK WND 22027/1742 SLP162 T03060067 10311 20111 58011",2025-10-03 18:05:22.645968,2025-10-03 14:05:22.646011
"KDKK","Dunkirk/Chautauqua Cnty, NY, US",2025-10-03 17:53:00,"2025-10-03 13:53:00","VFR",23.3,12.8,290,7,NA,NA,1024.5,"METAR KDKK 031753Z AUTO 29007KT 10SM CLR 23/13 A3025 RMK AO2 SLP242 T02330128 10239 20122 58013",2025-10-03 18:05:22.652183,2025-10-03 14:05:22.652225
"KCNO","Chino Arpt, CA, US",2025-10-03 17:53:00,"2025-10-03 10:53:00","MVFR",21.7,15,NA,6,NA,NA,1017,"METAR KCNO 031753Z VRB06KT 10SM BKN029 22/15 A3003 RMK AO2 SLP165 T02170150 10228 20139 57000",2025-10-03 18:05:22.658608,2025-10-03 14:05:22.658652
"KCPS","St Louis/Downtown Arpt, IL, US",2025-10-03 17:53:00,"2025-10-03 12:53:00","VFR",30,16.1,NA,6,NA,NA,1023.1,"METAR KCPS 031753Z VRB06KT 10SM CLR 30/16 A3021 RMK AO2 SLP227 T03000161 10306 20156 58013",2025-10-03 18:05:22.665069,2025-10-03 14:05:22.665115
"KCSM","Clinton/Sherman Arpt, OK, US",2025-10-03 17:53:00,"2025-10-03 12:53:00","VFR",29.4,14.4,180,13,NA,NA,1021.8,"METAR KCSM 031753Z 18013KT 10SM CLR 29/14 A3017 RMK AO2 SLP192 T02940144 10294 20189 58008",2025-10-03 18:05:22.67147,2025-10-03 14:05:22.671515
"KDAL","Dallas/Love Fld, TX, US",2025-10-03 17:53:00,"2025-10-03 12:53:00","VFR",30.6,18.3,220,3,NA,NA,1020.4,"METAR KDAL 031753Z 22003KT 10SM FEW045 31/18 A3013 RMK AO2 SLP196 T03060183 10311 20217 58010",2025-10-03 18:05:22.677901,2025-10-03 14:05:22.677945
"KDAN","Danville Rgnl, VA, US",2025-10-03 17:53:00,"2025-10-03 13:53:00","VFR",21.1,10,0,0,NA,NA,1027.5,"METAR KDAN 031753Z AUTO 00000KT 10SM CLR 21/10 A3034 RMK AO2 SLP268 T02110100 10211 20083 58023",2025-10-03 18:05:22.684334,2025-10-03 14:05:22.684378
"KCRE","North Myrtle Beach/Grand Strand Arpt, SC, US",2025-10-03 17:53:00,"2025-10-03 13:53:00","VFR",25.6,16.7,30,8,NA,NA,1023.8,"METAR KCRE 031753Z 03008KT 10SM SCT034 26/17 A3023 RMK AO1 SLP239 T02560167 10261 20144 58016",2025-10-03 18:05:22.690706,2025-10-03 14:05:22.690755
"KCRG","Jacksonville/Executive at Craig Arpt, FL, US",2025-10-03 17:53:00,"2025-10-03 13:53:00",NA,NA,NA,NA,NA,NA,NA,1020.4,"METAR KCRG 031753Z A3013 RMK AO2 SLP204 6//// 58007 $",2025-10-03 18:05:22.697054,2025-10-03 14:05:22.697096
"KCXO","Conroe/Executive Arpt, TX, US",2025-10-03 17:53:00,"2025-10-03 12:53:00","VFR",31.7,18.3,120,7,15,NA,1019.7,"METAR KCXO 031753Z 12007G15KT 10SM SCT055 32/18 A3011 RMK AO2 SLP193 T03170183 10317 20200 58008",2025-10-03 18:05:22.703438,2025-10-03 14:05:22.703482
"KCSV","Crossville/Whitson Fld, TN, US",2025-10-03 17:53:00,"2025-10-03 12:53:00","VFR",23.3,13.3,70,6,NA,NA,1027.2,"METAR KCSV 031753Z AUTO 07006KT 10SM FEW038 23/13 A3033 RMK AO2 SLP255 T02330133 10239 20111 58017",2025-10-03 18:05:22.709983,2025-10-03 14:05:22.710028
"KDAB","Daytona Beach Intl, FL, US",2025-10-03 17:53:00,"2025-10-03 13:53:00","VFR",27.8,19.4,70,16,24,NA,1018.4,"METAR KDAB 031753Z 07016G24KT 10SM FEW033 BKN060 BKN080 28/19 A3007 RMK AO2 PK WND 07027/1718 SLP182 60000 T02780194 10278 20239 58012",2025-10-03 18:05:22.716436,2025-10-03 14:05:22.716479
"KCNM","Carlsbad/Cavern City Air Term, NM, US",2025-10-03 17:53:00,"2025-10-03 11:53:00","VFR",30.6,7.8,150,12,NA,NA,1022.1,"METAR KCNM 031753Z AUTO 15012KT 10SM CLR 31/08 A3018 RMK AO2 SLP163 T03060078 10306 20156 58010",2025-10-03 18:05:22.722946,2025-10-03 14:05:22.722991
"KCPR","Casper/Natrona Cnty, WY, US",2025-10-03 17:53:00,"2025-10-03 11:53:00","VFR",25.6,2.8,210,25,35,NA,1016.3,"METAR KCPR 031753Z 21025G35KT 10SM CLR 26/03 A3001 RMK AO2 PK WND 21035/1753 SLP113 T02560028 10261 20089 58015",2025-10-03 18:05:22.729425,2025-10-03 14:05:22.729469
"KCUB","Columbia/Downtown Arpt, SC, US",2025-10-03 17:53:00,"2025-10-03 13:53:00","VFR",23.3,12.8,70,7,NA,NA,1025.5,"METAR KCUB 031753Z AUTO 07007KT 10SM CLR 23/13 A3028 RMK AO2 SLP253 T02330128 10233 20144 58020",2025-10-03 18:05:22.735868,2025-10-03 14:05:22.735913
"KDCU","Decatur/Pryor Fld, AL, US",2025-10-03 17:53:00,"2025-10-03 12:53:00","VFR",26.1,12.8,130,6,NA,NA,1025.5,"METAR KDCU 031753Z AUTO 13006KT 10SM CLR 26/13 A3028 RMK AO2 SLP247 T02610128 10267 20139 58018 $",2025-10-03 18:05:22.74228,2025-10-03 14:05:22.742327
"KDEQ","De Queen/Helms Arpt, AR, US",2025-10-03 17:53:00,"2025-10-03 17:53:00","VFR",28.9,17.8,140,9,NA,NA,1021.8,"METAR KDEQ 031753Z AUTO 14009KT 10SM CLR 29/18 A3017 RMK AO2 SLP211 T02890178 10289 20161 58007",2025-10-03 18:05:22.748746,2025-10-03 14:05:22.748793
"KDEW","Deer Park Arpt, WA, US",2025-10-03 17:53:00,"2025-10-03 17:53:00","VFR",13.3,6.1,0,0,NA,NA,1018,"METAR KDEW 031753Z AUTO 00000KT 10SM CLR 13/06 A3006 RMK AO2 SLP182 T01330061 10133 20006 57001",2025-10-03 18:05:22.767104,2025-10-03 14:05:22.767149
"KCRS","Corsicana Muni, TX, US",2025-10-03 17:53:00,"2025-10-03 12:53:00","VFR",31.1,19.4,120,8,NA,NA,1020.7,"METAR KCRS 031753Z AUTO 12008KT 10SM CLR 31/19 A3014 RMK AO2 SLP201 T03110194 10317 20206 58007",2025-10-03 18:05:22.773762,2025-10-03 14:05:22.773806
"KCRQ","Carlsbad/Palomar Arpt, CA, US",2025-10-03 17:53:00,"2025-10-03 10:53:00","MVFR",21.1,15.6,210,6,NA,NA,1016.3,"METAR KCRQ 031753Z AUTO 21006KT 10SM OVC024 21/16 A3001 RMK AO2 SLP160 T02110156 10211 20167 50005",2025-10-03 18:05:22.780018,2025-10-03 14:05:22.780062
"KCUT","Custer Cnty Arpt, SD, US",2025-10-03 17:53:00,"2025-10-03 17:53:00","VFR",26.1,0,240,10,20,NA,1018,"METAR KCUT 031753Z AUTO 24010G20KT 10SM CLR 26/00 A3006 RMK AO2 PK WND 23027/1717 SLP117 T02610000 10261 20094 58012",2025-10-03 18:05:22.786363,2025-10-03 14:05:22.786408
"KCNY","Moab/Canyonland Fld, UT, US",2025-10-03 17:53:00,"2025-10-03 11:53:00","VFR",NA,NA,170,10,20,NA,1016.7,"METAR KCNY 031753Z AUTO 17010G20KT 10SM CLR A3002 RMK AO2 SLPNO 10278 20178 58009 $",2025-10-03 18:05:22.792843,2025-10-03 14:05:22.792887
"KCOT","Cotulla/LaSalle Cnty, TX, US",2025-10-03 17:53:00,"2025-10-03 12:53:00","VFR",32.2,14.4,NA,5,NA,NA,1018.7,"METAR KCOT 031753Z AUTO VRB05KT 10SM CLR 32/14 A3008 RMK AO2 SLP177 T03220144 10328 20200 58014",2025-10-03 18:05:22.799248,2025-10-03 14:05:22.799294
"KDEN","Denver Intl, CO, US",2025-10-03 17:53:00,"2025-10-03 11:53:00","VFR",26.1,1.1,0,0,NA,NA,1020.1,"METAR KDEN 031753Z 00000KT 10SM FEW120 26/01 A3012 RMK AO2 SLP128 T02610011 10267 20128 58010",2025-10-03 18:05:22.805634,2025-10-03 14:05:22.805679
"KCYS","Cheyenne Rgnl, WY, US",2025-10-03 17:53:00,"2025-10-03 11:53:00","VFR",26.7,0.6,220,12,17,NA,1021.1,"METAR KCYS 031753Z 22012G17KT 10SM CLR 27/01 A3015 RMK AO2 SLP129 T02670006 10267 20094 58012 $",2025-10-03 18:05:22.812002,2025-10-03 14:05:22.812046
"KDET","Detroit/C Young Arpt, MI, US",2025-10-03 17:53:00,"2025-10-03 13:53:00","VFR",27.2,10,130,5,NA,NA,1023.5,"METAR KDET 031753Z 13005KT 10SM CLR 27/10 A3022 RMK AO2 SLP231 T02720100 10278 20111 58014",2025-10-03 18:05:22.818341,2025-10-03 14:05:22.818385
"KCVG","Cincinnati Intl, KY, US",2025-10-03 17:52:00,"2025-10-03 13:52:00","VFR",27.2,13.9,220,5,NA,NA,1024.5,"METAR KCVG 031752Z 22005KT 10SM FEW055 FEW300 27/14 A3025 RMK AO2 SLP235 T02720139 10283 20156 58013",2025-10-03 18:05:22.824745,2025-10-03 14:05:22.82479
"KCNU","Chanute/Johnson Arpt, KS, US",2025-10-03 17:52:00,"2025-10-03 12:52:00","VFR",28.9,18.9,200,9,NA,NA,1022.1,"METAR KCNU 031752Z AUTO 20009KT 10SM CLR 29/19 A3018 RMK AO2 SLP211 T02890189 10289 20178 58010",2025-10-03 18:05:22.831107,2025-10-03 14:05:22.831151
"KDCA","Washington/Reagan-National Arpt, VA, US",2025-10-03 17:52:00,"2025-10-03 13:52:00","VFR",21.1,10.6,170,5,NA,NA,1027.2,"METAR KDCA 031752Z 17005KT 10SM FEW045 SCT250 21/11 A3033 RMK AO2 SLP271 T02110106 10211 20133 58024",2025-10-03 18:05:22.837461,2025-10-03 14:05:22.837505
"KDDC","Dodge City Arpt, KS, US",2025-10-03 17:52:00,"2025-10-03 12:52:00","VFR",27.2,15,190,17,25,7,1020.1,"METAR KDDC 031752Z AUTO 19017G25KT 7SM CLR 27/15 A3012 RMK AO2 PK WND 17027/1716 SLP171 T02720150 10278 20156 58006 $",2025-10-03 18:05:22.843785,2025-10-03 14:05:22.84383
"KCQX","Chatham Muni, MA, US",2025-10-03 17:52:00,"2025-10-03 17:52:00","VFR",18.9,10.6,220,10,21,NA,1025.8,"METAR KCQX 031752Z AUTO 22010G21KT 10SM CLR 19/11 A3029 RMK AO2 SLP258 T01890106 10194 20117 58024 TSNO",2025-10-03 18:05:22.8502,2025-10-03 14:05:22.850243
"KDAW","Rochester/Skyhaven Arpt, NH, US",2025-10-03 17:51:00,"2025-10-03 17:51:00","VFR",22.8,8.3,NA,3,NA,NA,1023.5,"METAR KDAW 031751Z AUTO VRB03KT 10SM CLR 23/08 A3022 RMK AO2 SLP232 T02280083 10228 20067 58023 $",2025-10-03 18:05:22.856642,2025-10-03 14:05:22.856685
"KCSG","Columbus Arpt, GA, US",2025-10-03 17:51:00,"2025-10-03 13:51:00","VFR",25,12.8,100,11,21,NA,1023.8,"METAR KCSG 031751Z 10011G21KT 10SM CLR 25/13 A3023 RMK AO2 SLP231 T02500128 10256 20172 58018 $",2025-10-03 18:05:22.863036,2025-10-03 14:05:22.86308
"KCON","Concord Muni, NH, US",2025-10-03 17:51:00,"2025-10-03 13:51:00","VFR",22.8,6.1,0,0,NA,NA,1023.5,"METAR KCON 031751Z AUTO 00000KT 10SM CLR 23/06 A3022 RMK AO2 SLP235 T02280061 10228 20039 58029 $",2025-10-03 18:05:22.86945,2025-10-03 14:05:22.869496
"KCRP","Corpus Christi Intl, TX, US",2025-10-03 17:51:00,"2025-10-03 12:51:00","VFR",30.6,21.1,50,11,NA,NA,1018,"METAR KCRP 031751Z 05011KT 10SM FEW034TCU SCT045 BKN090 BKN200 BKN250 31/21 A3006 RMK AO2 SLP177 CB DSNT NE-E E-SE MOV SW TCU N SE W-NW TCU DSNT ALQDS T03060211 10317 20200 58006",2025-10-03 18:05:22.875873,2025-10-03 14:05:22.875918
"KCWA","Mosinee/C Wisconsin Arpt, WI, US",2025-10-03 17:50:00,"2025-10-03 12:50:00","VFR",26,18,210,5,NA,NA,1020.1,"METAR KCWA 031750Z 21005KT 10SM CLR 26/18 A3012",2025-10-03 18:05:22.882313,2025-10-03 14:05:22.882358
"KD73","Monroe/Walton Cnty, GA, US",2025-10-03 17:30:00,"2025-10-03 17:30:00","VFR",22.5,12.3,NA,NA,NA,NA,1026.5,"METAR KD73 031730Z AUTO 10SM CLR 22/12 A3031 RMK AO2 T02250123",2025-10-03 18:05:22.900159,2025-10-03 14:05:22.900205
"KDED","Deland Muni, FL, US",2025-10-03 17:30:00,"2025-10-03 17:30:00","VFR",27.8,19.7,50,12,NA,NA,1019,"METAR KDED 031730Z AUTO 05012KT 10SM SCT038 SCT048 OVC060 28/20 A3009 RMK AO2 T02780197",2025-10-03 18:05:22.906488,2025-10-03 14:05:22.906531
"KCQB","Chandler Muni, OK, US",2025-10-03 17:30:00,"2025-10-03 17:30:00","VFR",30.3,18,170,8,NA,NA,1022.1,"METAR KCQB 031730Z AUTO 17008KT 10SM CLR 30/18 A3018 RMK AO2 T03030180",2025-10-03 18:05:22.912758,2025-10-03 14:05:22.912802
"KCOF","Cocoa Beach/Patrick, FL, US",2025-10-03 16:55:00,"2025-10-03 12:55:00","VFR",29.2,20.9,70,16,NA,NA,1016.3,"METAR KCOF 031655Z AUTO 07016KT 10SM CLR 29/21 A3001 RMK AO2 SLP167 T02920209 $",2025-10-03 18:05:22.919168,2025-10-03 14:05:22.919213
"KDPL","Kenansville/Duplin Arpt, NC, US",2025-10-03 18:00:00,"2025-10-03 18:00:00","VFR",25,15,40,5,NA,NA,1025.5,"METAR KDPL 031800Z AUTO 04005KT 10SM CLR 25/15 A3028 RMK AO2",2025-10-03 18:05:25.384885,2025-10-03 14:05:25.384928
"KEAU","Eau Claire/Chippewa Valley Rgnl, WI, US",2025-10-03 17:56:00,"2025-10-03 12:56:00","VFR",28.9,16.1,220,9,NA,NA,1019,"METAR KEAU 031756Z 22009KT 10SM CLR 29/16 A3009 RMK AO2 SLP183 T02890161 10289 20150 58005",2025-10-03 18:05:25.391341,2025-10-03 14:05:25.391384
"KEKQ","Monticello/Wayne Cnty, KY, US",2025-10-03 17:56:00,"2025-10-03 17:56:00","VFR",25.6,14.4,NA,5,NA,NA,1026.8,"METAR KEKQ 031756Z AUTO VRB05KT 10SM FEW060 26/14 A3032 RMK AO2 SLP258 6//// T02560144 10261 20144 58018 PNO $",2025-10-03 18:05:25.397798,2025-10-03 14:05:25.397843
"KDWU","Ashland Rgnl, KY, US",2025-10-03 17:56:00,"2025-10-03 17:56:00","VFR",25.6,17.2,0,0,NA,NA,1025.1,"METAR KDWU 031756Z AUTO 00000KT 10SM CLR 26/17 A3027 RMK AO2 SLP248 T02560172 10261 20122 58021",2025-10-03 18:05:25.404155,2025-10-03 14:05:25.404199
"KEEN","Keene/Hopkins Arpt, NH, US",2025-10-03 17:56:00,"2025-10-03 13:56:00","VFR",21.1,8.9,210,5,NA,NA,1024.1,"METAR KEEN 031756Z AUTO 21005KT 10SM CLR 21/09 A3024 RMK AO2 SLP244 T02110089 10211 20022 58032 $",2025-10-03 18:05:25.410571,2025-10-03 14:05:25.410613
"KDYR","Dyersburg Rgnl, TN, US",2025-10-03 17:56:00,"2025-10-03 17:56:00","VFR",27.2,13.3,160,3,NA,NA,1025.1,"METAR KDYR 031756Z AUTO 16003KT 10SM CLR 27/13 A3027 RMK AO2 SLP255 T02720133 10272 20178 58014",2025-10-03 18:05:25.416981,2025-10-03 14:05:25.417025
"KEAR","Kearney Rgnl, NE, US",2025-10-03 17:56:00,"2025-10-03 12:56:00","VFR",28.3,15,160,12,NA,NA,1018.7,"METAR KEAR 031756Z AUTO 16012KT 10SM CLR 28/15 A3008 RMK AO2 SLPNO 6//// T02830150",2025-10-03 18:05:25.423337,2025-10-03 14:05:25.423381
"KDVL","Devils Lake Rgnl, ND, US",2025-10-03 17:56:00,"2025-10-03 12:56:00","VFR",25.6,15.6,150,11,NA,NA,1011.9,"METAR KDVL 031756Z AUTO 15011KT 10SM CLR 26/16 A2988 RMK AO2 SLP117 T02560156 10256 20128 58028",2025-10-03 18:05:25.429845,2025-10-03 14:05:25.42989
"KEED","Needles Arpt, CA, US",2025-10-03 17:56:00,"2025-10-03 10:56:00",NA,NA,NA,NA,NA,NA,NA,1011.3,"METAR KEED 031756Z AUTO A2986 RMK AO2 SLPNO 50000 PWINO $",2025-10-03 18:05:25.436224,2025-10-03 14:05:25.436266
"KEHR","Henderson City Arpt, KY, US",2025-10-03 17:56:00,"2025-10-03 17:56:00","VFR",27.2,13.3,180,8,NA,NA,1025.1,"METAR KEHR 031756Z AUTO 18008KT 10SM CLR 27/13 A3027 RMK AO2 SLP248 T02720133 10272 20189 58011",2025-10-03 18:05:25.455254,2025-10-03 14:05:25.455335
"KEKO","Elko Rgnl, NV, US",2025-10-03 17:56:00,"2025-10-03 10:56:00","VFR",7.2,6.1,200,14,18,9,1018,"METAR KEKO 031756Z AUTO 20014G18KT 9SM -RA FEW019 BKN045 OVC050 07/06 A3006 RMK AO2 SLP162 P0002 60008 T00720061 10089 20067 53003",2025-10-03 18:05:25.462395,2025-10-03 14:05:25.462441
"KEGE","Eagle Cnty Rgnl, CO, US",2025-10-03 17:56:00,"2025-10-03 11:56:00","VFR",19.4,0,0,0,NA,NA,1024.5,"METAR KEGE 031756Z 00000KT 10SM CLR 19/00 A3025 RMK AO2 SLP180 T01940000 10200 20033 58025 $",2025-10-03 18:05:25.469076,2025-10-03 14:05:25.46912
"KELZ","Wellsville/Tarantine Fld, NY, US",2025-10-03 17:56:00,"2025-10-03 13:56:00","VFR",22.8,8.9,240,7,NA,NA,1026.2,"METAR KELZ 031756Z AUTO 24007KT 10SM CLR 23/09 A3030 RMK AO2 SLP255 T02280089 10228 20100 58016",2025-10-03 18:05:25.475708,2025-10-03 14:05:25.475756
"KELK","Elk City Rgnl, OK, US",2025-10-03 17:55:00,"2025-10-03 12:55:00",NA,29.3,14.9,200,10,NA,NA,1021.4,"METAR KELK 031755Z AUTO 20010KT 10SM 29/15 A3016 RMK AO2 T02930149 10294 20170 58010 $",2025-10-03 18:05:25.481996,2025-10-03 14:05:25.48204
"KEKM","Elkhart Muni, IN, US",2025-10-03 17:55:00,"2025-10-03 13:55:00","MVFR",29.4,16.4,250,8,NA,4,1022.8,"METAR KEKM 031755Z AUTO 25008KT 4SM HZ FEW055 29/16 A3020 RMK AO2 T02940164 $",2025-10-03 18:05:25.488393,2025-10-03 14:05:25.488436
"KEGI","Eglin AFB/Duke Fld, FL, US",2025-10-03 17:55:00,"2025-10-03 12:55:00","VFR",27.1,17.8,60,7,NA,NA,1020.1,"METAR KEGI 031755Z AUTO 06007KT 10SM FEW140 FEW160 SCT200 27/18 A3012 RMK AO2 SLP199 T02710178 10271 20180 57011 $",2025-10-03 18:05:25.494831,2025-10-03 14:05:25.494876
"KEDN","Enterprise Muni, AL, US",2025-10-03 17:55:00,"2025-10-03 12:55:00","VFR",26,16,110,9,16,NA,1021.8,"METAR KEDN 031755Z AUTO 11009G16KT 10SM SCT038 SCT065 26/16 A3017 RMK AO1 T02600160 10265 20172",2025-10-03 18:05:25.501254,2025-10-03 14:05:25.501298
"KDXX","Madison/Lac Qui Parle Cnty, MN, US",2025-10-03 17:55:00,"2025-10-03 17:55:00","VFR",29,13,170,10,14,NA,1016.7,"METAR KDXX 031755Z AUTO 17010G14KT 10SM CLR 29/13 A3002 RMK AO2",2025-10-03 18:05:25.507624,2025-10-03 14:05:25.507668
"KDTL","Detroit Lakes Arpt, MN, US",2025-10-03 17:55:00,"2025-10-03 12:55:00","VFR",28,15,130,16,NA,NA,1015,"METAR KDTL 031755Z AUTO 13016KT 10SM CLR 28/15 A2997 RMK AO2",2025-10-03 18:05:25.514077,2025-10-03 14:05:25.514121
"KEFK","Newport/Northeast Kingdom Intl, VT, US",2025-10-03 17:55:00,"2025-10-03 13:55:00","VFR",21.4,2.8,240,5,9,NA,1023.5,"METAR KEFK 031755Z AUTO 24005G09KT 10SM CLR 21/03 A3022 RMK AO2 T02140028 10215 20047",2025-10-03 18:05:25.520458,2025-10-03 14:05:25.520503
"KEDW","Edwards AFB, CA, US",2025-10-03 17:55:00,"2025-10-03 10:55:00","VFR",20.8,7.8,290,11,NA,90,1015,"METAR KEDW 031755Z 29011KT 90SM SCT050 21/08 A2997 RMK AO2A PK WND 28027/50 SLP132 T02080078 10217 20155 50001",2025-10-03 18:05:25.526833,2025-10-03 14:05:25.526877
"KDYT","Duluth/Sky Harbor Arpt, MN, US",2025-10-03 17:55:00,"2025-10-03 17:55:00","VFR",19,17,110,5,NA,NA,1018.4,"METAR KDYT 031755Z AUTO 11005KT 10SM CLR 19/17 A3007 RMK AO2",2025-10-03 18:05:25.533239,2025-10-03 14:05:25.533282
"KDUA","Durant/Eaker Fld, OK, US",2025-10-03 17:55:00,"2025-10-03 12:55:00","VFR",30,21,150,6,11,NA,1022.4,"METAR KDUA 031755Z AUTO 15006G11KT 10SM FEW042 30/21 A3019 RMK AO2",2025-10-03 18:05:25.539743,2025-10-03 14:05:25.539789
"KEDC","Austin/Executive Arpt, TX, US",2025-10-03 17:55:00,"2025-10-03 17:55:00","VFR",33,15,60,4,11,8,1018.7,"METAR KEDC 031755Z AUTO 06004G11KT 8SM FEW060 33/15 A3008 RMK AO2",2025-10-03 18:05:25.54608,2025-10-03 14:05:25.546124
"KE16","San Martin Arpt, CA, US",2025-10-03 17:55:00,"2025-10-03 17:55:00","VFR",19,9,350,6,NA,NA,1019.4,"METAR KE16 031755Z AUTO 35006KT 10SM CLR 19/09 A3010 RMK AO2",2025-10-03 18:05:25.552535,2025-10-03 14:05:25.55258
"KDWA","Davis/Yolo Cnty, CA, US",2025-10-03 17:55:00,"2025-10-03 17:55:00","VFR",17,15,10,4,NA,NA,1018.7,"METAR KDWA 031755Z AUTO 01004KT 10SM OVC075 17/15 A3008 RMK AO2",2025-10-03 18:05:25.559025,2025-10-03 14:05:25.559069
"KE77","San Manuel Arpt, AZ, US",2025-10-03 17:55:00,"2025-10-03 17:55:00","VFR",29,10,NA,7,NA,NA,1020.1,"METAR KE77 031755Z AUTO VRB07KT 10SM CLR 29/10 A3012 RMK AO2",2025-10-03 18:05:25.565478,2025-10-03 14:05:25.565522
"KEDU","Davis/University Arpt, CA, US",2025-10-03 17:55:00,"2025-10-03 17:55:00","MVFR",17,15,20,7,NA,NA,1018.4,"METAR KEDU 031755Z AUTO 02007KT 10SM SCT011 BKN018 BKN080 17/15 A3007 RMK AO1",2025-10-03 18:05:25.571929,2025-10-03 14:05:25.571972
"KE57","Denver City Arpt, TX, US",2025-10-03 17:55:00,"2025-10-03 17:55:00","VFR",31,5,NA,5,11,NA,1023.1,"METAR KE57 031755Z AUTO VRB05G11KT 10SM CLR 31/05 A3021 RMK AO2",2025-10-03 18:05:25.5893,2025-10-03 14:05:25.589365
"KDMA","Tucson/Davis AFB, AZ, US",2025-10-03 17:55:00,"2025-10-03 10:55:00","VFR",32.2,5.6,100,3,NA,NA,1016.7,"METAR KDMA 031755Z AUTO 10003KT 10SM CLR 32/06 A3002 RMK AO2 SLP163 T03220056 10323 20206 58008 $",2025-10-03 18:05:25.596629,2025-10-03 14:05:25.596676
"KDUX","Dumas/Moore Cnty, TX, US",2025-10-03 17:55:00,"2025-10-03 17:55:00","VFR",28.3,9,200,11,NA,NA,1022.4,"METAR KDUX 031755Z AUTO 20011KT 10SM CLR 28/09 A3019 RMK AO2 T02830090 10283 20136",2025-10-03 18:05:25.603414,2025-10-03 14:05:25.603459
"KDZJ","Blairsville Arpt, GA, US",2025-10-03 17:55:00,"2025-10-03 17:55:00","VFR",21.9,11.2,0,0,NA,NA,1027.2,"METAR KDZJ 031755Z AUTO 00000KT 10SM CLR 22/11 A3033 RMK AO2 T02190112 10223 20078",2025-10-03 18:05:25.610147,2025-10-03 14:05:25.610189
"KDZB","Marble Falls/Horseshoe Bay Arpt, TX, US",2025-10-03 17:55:00,"2025-10-03 17:55:00","VFR",31.4,13.2,120,3,NA,7,1020.4,"METAR KDZB 031755Z AUTO 12003KT 7SM BKN070 BKN080 31/13 A3013 RMK AO2 T03140132 10332 20170",2025-10-03 18:05:25.616425,2025-10-03 14:05:25.616472
"KE38","Alpine/Casparis Muni, TX, US",2025-10-03 17:55:00,"2025-10-03 12:55:00","VFR",27.1,6.2,140,6,NA,NA,1026.5,"METAR KE38 031755Z AUTO 14006KT 10SM CLR 27/06 A3031 RMK AO2 T02710062 10271 20123",2025-10-03 18:05:25.622899,2025-10-03 14:05:25.622943
"KE41","Big Lake/Reagan Cnty, TX, US",2025-10-03 17:55:00,"2025-10-03 17:55:00","VFR",29.7,10.6,190,7,NA,NA,1022.4,"METAR KE41 031755Z AUTO 19007KT 10SM CLR 30/11 A3019 RMK AO2 T02970106 10300 20175",2025-10-03 18:05:25.629406,2025-10-03 14:05:25.62945
"KEAT","Wenatchee/Pangborn Mem, WA, US",2025-10-03 17:55:00,"2025-10-03 10:55:00","MVFR",13.9,5.6,230,5,NA,5,1018.7,"METAR KEAT 031755Z AUTO 23005KT 5SM HZ CLR 14/06 A3008 RMK AO2 SLP185 T01390056 10139 20072 58005",2025-10-03 18:05:25.635843,2025-10-03 14:05:25.635885
"KDLO","Delano Muni, CA, US",2025-10-03 17:55:00,"2025-10-03 17:55:00","VFR",18.7,10.6,30,4,NA,NA,1018,"METAR KDLO 031755Z AUTO 03004KT 10SM SCT029 SCT065 SCT080 19/11 A3006 RMK AO2 T01870106 10188 20150",2025-10-03 18:05:25.642292,2025-10-03 14:05:25.642335
"KDRI","Deridder/Beauregard Rgnl, LA, US",2025-10-03 17:55:00,"2025-10-03 12:55:00","VFR",29.6,17,NA,5,NA,NA,1020.4,"METAR KDRI 031755Z AUTO VRB05KT 10SM SCT046 SCT060 30/17 A3013 RMK AO2 T02960170 $",2025-10-03 18:05:25.64881,2025-10-03 14:05:25.648854
"KDLZ","Delaware Muni, OH, US",2025-10-03 17:55:00,"2025-10-03 17:55:00","VFR",27,12,NA,3,NA,NA,1024.5,"METAR KDLZ 031755Z AUTO VRB03KT 10SM CLR 27/12 A3025 RMK AO2 10282 20122",2025-10-03 18:05:25.655342,2025-10-03 14:05:25.655387
"KECU","Rocksprings/Edwards Cnty, TX, US",2025-10-03 17:55:00,"2025-10-03 17:55:00","VFR",29,14,NA,5,12,NA,1023.5,"METAR KECU 031755Z AUTO VRB05G12KT 10SM FEW050 29/14 A3022 RMK AO2",2025-10-03 18:05:25.661883,2025-10-03 14:05:25.661926
"KDYA","Demopolis Muni, AL, US",2025-10-03 17:55:00,"2025-10-03 17:55:00","VFR",27.4,16,10,6,NA,NA,1023.1,"METAR KDYA 031755Z AUTO 01006KT 10SM CLR 27/16 A3021 RMK AO2 T02740160 10274 20136",2025-10-03 18:05:25.668307,2025-10-03 14:05:25.668351
"KDNN","Dalton Muni, GA, US",2025-10-03 17:55:00,"2025-10-03 13:55:00","VFR",23.6,13.4,150,5,NA,NA,1025.1,"METAR KDNN 031755Z AUTO 15005KT 10SM CLR 24/13 A3027 RMK AO2 T02360134",2025-10-03 18:05:25.674717,2025-10-03 14:05:25.674764
"KEBG","Edinburg/S Texas Intl, TX, US",2025-10-03 17:55:00,"2025-10-03 17:55:00","VFR",32,19,50,9,NA,NA,1017,"METAR KEBG 031755Z AUTO 05009KT 10SM SCT048 BKN065 BKN075 32/19 A3003 RMK AO2 10329 20190",2025-10-03 18:05:25.681144,2025-10-03 14:05:25.681188
"KEMM","Kemmerer Muni, WY, US",2025-10-03 17:55:00,"2025-10-03 11:55:00",NA,19,0,270,10,16,NA,1020.1,"METAR KEMM 031755Z AUTO 27010G16KT 10SM 19/00 A3012 RMK AO2",2025-10-03 18:05:25.687715,2025-10-03 14:05:25.687763
"KDYB","Summerville Arpt, SC, US",2025-10-03 17:55:00,"2025-10-03 17:55:00","VFR",26,18,30,7,NA,NA,1023.8,"METAR KDYB 031755Z AUTO 03007KT 360V060 10SM CLR 26/18 A3023 RMK AO2",2025-10-03 18:05:25.69419,2025-10-03 14:05:25.694235
"KDVO","Novato/Gnoss Fld, CA, US",2025-10-03 17:55:00,"2025-10-03 10:55:00","VFR",NA,NA,NA,4,NA,NA,1018,"METAR KDVO 031755Z AUTO VRB04KT 10SM CLR A3006 RMK AO2",2025-10-03 18:05:25.700746,2025-10-03 14:05:25.700792
"KDNS","Denison Muni, IA, US",2025-10-03 17:55:00,"2025-10-03 12:55:00","VFR",29,17,160,8,NA,9,1020.1,"METAR KDNS 031755Z AUTO 16008KT 9SM CLR 29/17 A3012 RMK AO2",2025-10-03 18:05:25.707091,2025-10-03 14:05:25.707134
"KEHA","Elkhart/Morton Cnty, KS, US",2025-10-03 17:55:00,"2025-10-03 17:55:00","VFR",32.8,6.6,210,19,24,NA,1020.4,"METAR KEHA 031755Z AUTO 21019G24KT 10SM CLR 33/07 A3013 RMK AO2 T03280066 10331 20170",2025-10-03 18:05:25.725058,2025-10-03 14:05:25.725121
"KEDE","Edenton/Northeast Rgnl, NC, US",2025-10-03 17:55:00,"2025-10-03 13:55:00","VFR",23.7,15.4,50,8,NA,NA,1026.5,"METAR KEDE 031755Z AUTO 05008KT 10SM BKN042 OVC047 24/15 A3031 RMK AO2 T02370154 10250 20134",2025-10-03 18:05:25.73243,2025-10-03 14:05:25.732477
"KELA","Eagle Lake Arpt, TX, US",2025-10-03 17:55:00,"2025-10-03 12:55:00","VFR",29.8,18.7,70,6,NA,NA,1019,"METAR KELA 031755Z AUTO 07006KT 10SM SCT043 SCT050 SCT070 30/19 A3009 RMK AO2 T02980187 10313 20185",2025-10-03 18:05:25.739163,2025-10-03 14:05:25.739207
"KEDJ","Bellefontaine Rgnl, OH, US",2025-10-03 17:55:00,"2025-10-03 17:55:00","VFR",29,-7,0,0,10,NA,1024.8,"METAR KEDJ 031755Z AUTO 00000G10KT 10SM CLR 29/M07 A3026 RMK A01",2025-10-03 18:05:25.745817,2025-10-03 14:05:25.745862
"KDTA","Delta Muni, UT, US",2025-10-03 17:55:00,"2025-10-03 11:55:00","VFR",25,0,210,17,24,NA,1014.3,"METAR KDTA 031755Z AUTO 21017G24KT 10SM CLR 25/00 A2995 RMK AO1",2025-10-03 18:05:25.752161,2025-10-03 14:05:25.752206
"KDMW","Westminster/Carroll Cnty Rgnl, MD, US",2025-10-03 17:55:00,"2025-10-03 17:55:00",NA,22,10,220,6,NA,NA,1027.2,"METAR KDMW 031755Z AUTO 22006KT 10SM C 22/10 A3033 RMK AO2",2025-10-03 18:05:25.758624,2025-10-03 14:05:25.758668
"KDNV","Danville/Vermillion Rgnl, IL, US",2025-10-03 17:55:00,"2025-10-03 12:55:00","VFR",30.7,16.5,190,7,NA,NA,1023.1,"METAR KDNV 031755Z AUTO 19007KT 160V230 10SM CLR 31/17 A3021 RMK AO2 T03070165 10309 20150",2025-10-03 18:05:25.765114,2025-10-03 14:05:25.765159
"KEIK","Erie Muni, CO, US",2025-10-03 17:55:00,"2025-10-03 17:55:00","VFR",27.4,3.8,110,5,NA,9,1019,"METAR KEIK 031755Z AUTO 11005KT 9SM CLR 27/04 A3009 RMK AO2 T02740038",2025-10-03 18:05:25.771604,2025-10-03 14:05:25.771646
"KEHO","Shelby/Cleveland Cnty, NC, US",2025-10-03 17:55:00,"2025-10-03 17:55:00","VFR",20.5,9.8,40,4,NA,NA,1027.2,"METAR KEHO 031755Z AUTO 04004KT 10SM CLR 21/10 A3033 RMK AO2 T02050098 10205 20107",2025-10-03 18:05:25.778029,2025-10-03 14:05:25.778073
"KECS","Newcastle/Mondell Arpt, WY, US",2025-10-03 17:55:00,"2025-10-03 11:55:00","VFR",27,0,180,9,16,NA,1015.3,"METAR KECS 031755Z AUTO 18009G16KT 10SM CLR 27/00 A2998 RMK AO2",2025-10-03 18:05:25.784465,2025-10-03 14:05:25.78451
"KDRP","Colt/Delta Rgnl, AR, US",2025-10-03 17:55:00,"2025-10-03 17:55:00","VFR",28,14,120,9,NA,NA,1023.8,"METAR KDRP 031755Z AUTO 12009KT 080V160 10SM CLR 28/14 A3023 RMK AO2",2025-10-03 18:05:25.790947,2025-10-03 14:05:25.790993
"KEAN","Wheatland/Phifer Fld, WY, US",2025-10-03 17:55:00,"2025-10-03 11:55:00","VFR",30.1,-1.8,230,15,21,NA,1017.4,"METAR KEAN 031755Z AUTO 23015G21KT 10SM CLR 30/M02 A3004 RMK AO2 T03011018 10301 20087",2025-10-03 18:05:25.797433,2025-10-03 14:05:25.797475
"KELO","Ely Muni, MN, US",2025-10-03 17:55:00,"2025-10-03 12:55:00","VFR",25,3,100,5,NA,NA,1019.7,"METAR KELO 031755Z AUTO 10005KT 10SM CLR 25/03 A3011 RMK AO2",2025-10-03 18:05:25.803894,2025-10-03 14:05:25.803952
"KDUH","Toledo/Suburban Arpt, MI, US",2025-10-03 17:55:00,"2025-10-03 17:55:00","VFR",29.1,9.7,0,0,NA,NA,1023.5,"METAR KDUH 031755Z AUTO 00000KT 10SM CLR 29/10 A3022 RMK AO2 T02910097 10291 20094",2025-10-03 18:05:25.810413,2025-10-03 14:05:25.810457
"KE11","Andrews Cnty, TX, US",2025-10-03 17:55:00,"2025-10-03 17:55:00","VFR",30.1,7.6,270,3,NA,NA,1022.8,"METAR KE11 031755Z AUTO 27003KT 10SM CLR 30/08 A3020 RMK AO2 T03010076 10312 20151",2025-10-03 18:05:25.816852,2025-10-03 14:05:25.816897
"KEGV","Eagle River/Union Arpt, WI, US",2025-10-03 17:55:00,"2025-10-03 12:55:00","VFR",25.4,15,40,5,NA,NA,1019.7,"METAR KEGV 031755Z AUTO 04005KT 10SM CLR 25/15 A3011 RMK AO2 T02540150 10254 20125",2025-10-03 18:05:25.823283,2025-10-03 14:05:25.823327
"KDQH","Douglas Muni, GA, US",2025-10-03 17:55:00,"2025-10-03 17:55:00","VFR",27.4,14.6,60,14,NA,NA,1022.8,"METAR KDQH 031755Z AUTO 06014KT 10SM BKN046 BKN055 BKN085 27/15 A3020 RMK AO2 T02740146",2025-10-03 18:05:25.829783,2025-10-03 14:05:25.829828
"KDRM","Drummond Island Arpt, MI, US",2025-10-03 17:55:00,"2025-10-03 13:55:00","VFR",22.4,12.5,230,4,NA,NA,1020.7,"METAR KDRM 031755Z AUTO 23004KT 10SM CLR 22/13 A3014 RMK AO2 T02240125 10229 20119",2025-10-03 18:05:25.836268,2025-10-03 14:05:25.836313
"KEFT","Monroe Muni, WI, US",2025-10-03 17:55:00,"2025-10-03 17:55:00","VFR",30,12,230,8,NA,NA,1021.8,"METAR KEFT 031755Z AUTO 23008KT 10SM CLR 30/12 A3017 RMK AO2 T03000120 10301 20165",2025-10-03 18:05:25.842756,2025-10-03 14:05:25.842802
"KDOV","Dover AFB, DE, US",2025-10-03 17:55:00,"2025-10-03 13:55:00","VFR",20,7.7,90,7,NA,NA,1026.8,"METAR KDOV 031755Z AUTO 09007KT 10SM CLR 20/08 A3032 RMK AO2 SLP271 T02000077 10202 20119 57023",2025-10-03 18:05:25.861967,2025-10-03 14:05:25.862037
"KE01","Monahans/Hurd Mem, TX, US",2025-10-03 17:55:00,"2025-10-03 12:55:00","VFR",31,9,0,0,NA,9,1021.1,"METAR KE01 031755Z AUTO 00000KT 9SM CLR 31/09 A3015 RMK AO2",2025-10-03 18:05:25.869544,2025-10-03 14:05:25.86959
"KEGT","Wellington Muni, KS, US",2025-10-03 17:55:00,"2025-10-03 17:55:00","VFR",29.9,16,180,7,NA,NA,1021.4,"METAR KEGT 031755Z AUTO 18007KT 10SM CLR 30/16 A3016 RMK AO2 T02990160 10302 20171",2025-10-03 18:05:25.87639,2025-10-03 14:05:25.876436
"KECG","Elizabeth City Rgnl, NC, US",2025-10-03 17:54:00,"2025-10-03 13:54:00","VFR",22.8,13.9,50,12,NA,NA,1026.8,"METAR KECG 031754Z 05012KT 10SM CLR 23/14 A3032 RMK AO2 SLP266 T02280139 10228 20161 58015",2025-10-03 18:05:25.88312,2025-10-03 14:05:25.883163
"KDSM","Des Moines Intl, IA, US",2025-10-03 17:54:00,"2025-10-03 12:54:00","VFR",28.9,16.1,210,8,NA,NA,1021.1,"METAR KDSM 031754Z 21008KT 10SM FEW090 29/16 A3015 RMK AO2 SLP203 T02890161 10289 20183 58013",2025-10-03 18:05:25.889462,2025-10-03 14:05:25.889507
"KDYL","Doylestown Arpt, PA, US",2025-10-03 17:54:00,"2025-10-03 13:54:00","VFR",22.2,8.9,240,6,NA,NA,1026.8,"METAR KDYL 031754Z AUTO 24006KT 10SM CLR 22/09 A3032 RMK AO2 SLP265 T02220089 10222 20072 58026",2025-10-03 18:05:25.895996,2025-10-03 14:05:25.896039
"KDSV","Dansville Muni, NY, US",2025-10-03 17:54:00,"2025-10-03 13:54:00","VFR",27.2,7.8,NA,4,NA,NA,1024.1,"METAR KDSV 031754Z AUTO VRB04KT 10SM CLR 27/08 A3024 RMK AO2 SLP244 T02720078 10278 20100 58023",2025-10-03 18:05:25.902513,2025-10-03 14:05:25.902557
"KDRT","Del Rio Intl, TX, US",2025-10-03 17:53:00,"2025-10-03 12:53:00","VFR",31.7,15,170,8,NA,NA,1019,"METAR KDRT 031753Z AUTO 17008KT 10SM CLR 32/15 A3009 RMK AO2 SLP179 T03170150 10317 20217 58012",2025-10-03 18:05:25.909019,2025-10-03 14:05:25.909063
"KEMP","Emporia Muni, KS, US",2025-10-03 17:53:00,"2025-10-03 12:53:00","VFR",29.4,16.7,210,14,24,NA,1021.4,"METAR KEMP 031753Z AUTO 21014G24KT 10SM CLR 29/17 A3016 RMK AO2 SLP203 T02940167 10294 20167 58013",2025-10-03 18:05:25.915445,2025-10-03 14:05:25.91549
"KDLS","The Dalles Muni, OR, US",2025-10-03 17:53:00,"2025-10-03 10:53:00","VFR",17.8,10,290,8,NA,NA,1019.7,"METAR KDLS 031753Z AUTO 29008KT 260V330 10SM CLR 18/10 A3011 RMK AO2 SLP194 T01780100 10183 20117 50002",2025-10-03 18:05:25.92191,2025-10-03 14:05:25.921955
"KDLN","Dillon Arpt, MT, US",2025-10-03 17:53:00,"2025-10-03 11:53:00","VFR",12.2,8.3,NA,3,NA,NA,1016,"METAR KDLN 031753Z AUTO VRB03KT 10SM FEW014 BKN036 12/08 A3000 RMK AO2 SLP133 T01220083 10122 20078 50001",2025-10-03 18:05:25.928394,2025-10-03 14:05:25.928438
"KELD","El Dorado/S Arkansas Rgnl, AR, US",2025-10-03 17:53:00,"2025-10-03 12:53:00","VFR",28.9,14.4,70,7,NA,NA,1022.4,"METAR KELD 031753Z AUTO 07007KT 10SM CLR 29/14 A3019 RMK AO2 SLP220 T02890144 10289 20161 58007",2025-10-03 18:05:25.934946,2025-10-03 14:05:25.93499
"KDTN","Shreveport/Downtown Arpt, LA, US",2025-10-03 17:53:00,"2025-10-03 12:53:00","VFR",30,19.4,70,6,NA,NA,1021.8,"METAR KDTN 031753Z AUTO 07006KT 10SM SCT038 30/19 A3017 RMK AO2 SLP213 T03000194 10300 20189 58006",2025-10-03 18:05:25.941348,2025-10-03 14:05:25.941392
"KDRO","Durango/La Plata Cnty, CO, US",2025-10-03 17:53:00,"2025-10-03 11:53:00","VFR",21.1,1.1,120,8,NA,NA,1026.8,"METAR KDRO 031753Z AUTO 12008KT 10SM FEW090 BKN110 21/01 A3032 RMK AO2 SLP200 T02110011 10222 20033 58007",2025-10-03 18:05:25.947791,2025-10-03 14:05:25.947836
"KEEO","Meeker Arpt, CO, US",2025-10-03 17:53:00,"2025-10-03 17:53:00","VFR",24.4,0,200,14,25,NA,1021.4,"METAR KEEO 031753Z AUTO 20014G25KT 10SM CLR 24/00 A3016 RMK AO2 PK WND 21027/1732 SLP138 T02440000 10244 20050 57016",2025-10-03 18:05:25.95422,2025-10-03 14:05:25.954264
"KELM","Elmira-Corning Rgnl, NY, US",2025-10-03 17:53:00,"2025-10-03 13:53:00","VFR",22.8,7.8,210,3,NA,NA,1024.5,"METAR KELM 031753Z 21003KT 10SM CLR 23/08 A3025 RMK AO2 SLP244 T02280078 10228 20050 58025",2025-10-03 18:05:25.960707,2025-10-03 14:05:25.960759
"KELN","Ellensburg/Bowers Fld, WA, US",2025-10-03 17:53:00,"2025-10-03 10:53:00","VFR",12.2,6.7,180,3,NA,NA,1019,"METAR KELN 031753Z AUTO 18003KT 10SM CLR 12/07 A3009 RMK AO2 SLP192 T01220067 10122 20028 58001 $",2025-10-03 18:05:25.967148,2025-10-03 14:05:25.967192
"KDTO","Denton Muni, TX, US",2025-10-03 17:53:00,"2025-10-03 17:53:00","VFR",30,18.9,100,6,NA,NA,1020.7,"METAR KDTO 031753Z 10006KT 10SM CLR 30/19 A3014 RMK AO2 SLP199 T03000189 10300 20172 58008",2025-10-03 18:05:25.973569,2025-10-03 14:05:25.973611
"KDVT","Phoenix/Deer Valley Arpt, AZ, US",2025-10-03 17:53:00,"2025-10-03 10:53:00","VFR",31.7,9.4,NA,5,NA,NA,1013.6,"METAR KDVT 031753Z COR VRB05KT 10SM CLR 32/09 A2993 RMK AO2 SLP109 T03170094 10317 20211 58004",2025-10-03 18:05:25.980081,2025-10-03 14:05:25.980125
"KDWH","Houston/Hooks Mem, TX, US",2025-10-03 17:53:00,"2025-10-03 12:53:00","VFR",31.1,17.8,NA,5,15,NA,1019.4,"METAR KDWH 031753Z VRB05G15KT 10SM SCT055 31/18 A3010 RMK AO2 SLP189 T03110178 10317 20217 58008",2025-10-03 18:05:25.997977,2025-10-03 14:05:25.998052
"KELY","Ely/Yelland Fld, NV, US",2025-10-03 17:53:00,"2025-10-03 10:53:00","VFR",19.4,0.6,170,18,28,NA,1015,"METAR KELY 031753Z AUTO 17018G28KT 10SM SCT075 BKN090 19/01 A2997 RMK AO2 PK WND 19029/1704 SLP062 T01940006 10194 20094 58009",2025-10-03 18:05:26.0051,2025-10-03 14:05:26.005147
"KDMN","Deming Muni, NM, US",2025-10-03 17:53:00,"2025-10-03 11:53:00","VFR",30,7.8,90,8,15,NA,1022.8,"METAR KDMN 031753Z AUTO 09008G15KT 10SM CLR 30/08 A3020 RMK AO2 SLP144 T03000078 10300 20183 58008",2025-10-03 18:05:26.011908,2025-10-03 14:05:26.011955
"KDNL","Augusta/Daniel Fld, GA, US",2025-10-03 17:53:00,"2025-10-03 13:53:00","VFR",23.9,10.6,30,10,15,NA,1025.1,"METAR KDNL 031753Z AUTO 03010G15KT 10SM CLR 24/11 A3027 RMK AO2 SLP246 T02390106 10239 20150 58022",2025-10-03 18:05:26.018583,2025-10-03 14:05:26.018626
"KDTW","Detroit/Metro Wayne Cnty, MI, US",2025-10-03 17:53:00,"2025-10-03 13:53:00","VFR",27.2,11.1,150,5,NA,NA,1023.8,"METAR KDTW 031753Z 15005KT 10SM CLR 27/11 A3023 RMK AO2 SLP234 T02720111 10272 20117 58013",2025-10-03 18:05:26.024922,2025-10-03 14:05:26.024967
"KDUJ","Du Bois Rgnl, PA, US",2025-10-03 17:53:00,"2025-10-03 13:53:00","VFR",21.7,10.6,280,8,NA,NA,1025.8,"METAR KDUJ 031753Z AUTO 28008KT 10SM SCT044 22/11 A3029 RMK AO2 SLP252 T02170106 10222 20094 58016 PWINO",2025-10-03 18:05:26.031323,2025-10-03 14:05:26.031367
"KDMO","Sedalia Mem, MO, US",2025-10-03 17:53:00,"2025-10-03 12:53:00","VFR",29.4,17.8,200,9,16,NA,1023.1,"METAR KDMO 031753Z AUTO 20009G16KT 10SM SCT047 29/18 A3021 RMK AO2 SLP220 T02940178 10294 20194 58010",2025-10-03 18:05:26.037782,2025-10-03 14:05:26.037827
"KECP","Panama City/NW Florida Beaches Intl, FL, US",2025-10-03 17:53:00,"2025-10-03 12:53:00","VFR",28.9,19.4,50,9,19,NA,1019.4,"METAR KECP 031753Z 05009G19KT 10SM SCT040 29/19 A3010 RMK AO2 RAB1655E47 SLP204 P0000 60000 T02890194 10294 20200 56013",2025-10-03 18:05:26.044251,2025-10-03 14:05:26.044296
"KEET","Alabaster/Shelby Cnty, AL, US",2025-10-03 17:53:00,"2025-10-03 17:53:00","VFR",25.6,13.9,NA,3,NA,NA,1024.1,"METAR KEET 031753Z AUTO VRB03KT 10SM CLR 26/14 A3024 RMK AO2 SLP236 T02560139 10272 20139 58016",2025-10-03 18:05:26.050689,2025-10-03 14:05:26.050757
"KDRA","Mercury/Desert Rock, NV, US",2025-10-03 17:53:00,"2025-10-03 10:53:00","VFR",23.9,5,200,26,42,NA,1012.3,"METAR KDRA 031753Z AUTO 20026G42KT 10SM CLR 24/05 A2989 RMK AO2 PK WND 21042/1749 SLP077 T02390050 10244 20206 56003",2025-10-03 18:05:26.057217,2025-10-03 14:05:26.057261
"KDTS","Destin Arpt, FL, US",2025-10-03 17:53:00,"2025-10-03 12:53:00","VFR",27.8,18.3,60,7,NA,NA,1019.7,"METAR KDTS 031753Z 06007KT 10SM SCT075 28/18 A3011 RMK AO2 SLP197 T02780183 10278 20200 58011",2025-10-03 18:05:26.063758,2025-10-03 14:05:26.063803
"KDXR","Danbury Muni, CT, US",2025-10-03 17:53:00,"2025-10-03 13:53:00","VFR",21.7,8.9,250,8,NA,NA,1026.2,"METAR KDXR 031753Z 25008KT 10SM CLR 22/09 A3030 RMK AO2 SLP259 T02170089 10217 20072 58026",2025-10-03 18:05:26.070277,2025-10-03 14:05:26.070321
"KDPA","Dupage Cnty Arpt, IL, US",2025-10-03 17:52:00,"2025-10-03 12:52:00","VFR",30.6,15.6,220,10,15,NA,1022.1,"METAR KDPA 031752Z 22010G15KT 10SM CLR 31/16 A3018 RMK AO2 SLP214 T03060156 10306 20156 58013",2025-10-03 18:05:26.076773,2025-10-03 14:05:26.076818
"KDVN","Davenport Muni, IA, US",2025-10-03 17:52:00,"2025-10-03 12:52:00","VFR",31.1,15,220,7,NA,NA,1022.4,"METAR KDVN 031752Z AUTO 22007KT 10SM CLR 31/15 A3019 RMK AO2 SLP215 T03110150 10311 20150 58011",2025-10-03 18:05:26.083207,2025-10-03 14:05:26.083251
"KEKN","Elkins Arpt, WV, US",2025-10-03 17:51:00,"2025-10-03 13:51:00","VFR",24.4,8.9,350,4,NA,NA,1026.5,"METAR KEKN 031751Z AUTO 35004KT 10SM CLR 24/09 A3031 RMK AO2 SLP261 T02440089 10244 20056 58026",2025-10-03 18:05:26.089623,2025-10-03 14:05:26.089668
"KELP","El Paso Intl, TX, US",2025-10-03 17:51:00,"2025-10-03 11:51:00","VFR",29.4,6.1,130,10,16,NA,1022.8,"METAR KELP 031751Z 13010G16KT 100V160 10SM FEW110 29/06 A3020 RMK AO2 SLP148 T02940061 10294 20200 58007 $",2025-10-03 18:05:26.096055,2025-10-03 14:05:26.096097
"KEKS","Ennis/Big Sky Arpt, MT, US",2025-10-03 17:50:00,"2025-10-03 17:50:00","VFR",12,8,0,0,NA,NA,1017.7,"METAR KEKS 031750Z AUTO 00000KT 10SM FEW120 12/08 A3005 RMK AO2",2025-10-03 18:05:26.102603,2025-10-03 14:05:26.102647
"KEMT","El Monte Arpt, CA, US",2025-10-03 17:45:00,"2025-10-03 10:45:00","MVFR",20,17,0,0,NA,8,1016.7,"METAR KEMT 031745Z 00000KT 8SM BKN014 20/17 A3002",2025-10-03 18:05:26.109013,2025-10-03 14:05:26.109057
"KDVK","Danville/Powell Fld, KY, US",2025-10-03 17:30:00,"2025-10-03 17:30:00","VFR",25,15,240,3,NA,NA,1026.8,"METAR KDVK 031730Z AUTO 24003KT 10SM CLR 25/15 A3032 RMK AO2",2025-10-03 18:05:26.115442,2025-10-03 14:05:26.115486
"KDYS","Abilene/Dyess AFB, TX, US",2025-10-03 16:55:00,"2025-10-03 11:55:00","VFR",29.1,12.9,0,0,NA,NA,1020.7,"METAR KDYS 031655Z AUTO 00000KT 10SM CLR 29/13 A3014 RMK AO2 SLP181 T02910129 $",2025-10-03 18:05:26.133089,2025-10-03 14:05:26.133161
"KFLL","Ft Lauderdale-Hollywood Intl, FL, US",2025-10-03 18:00:00,"2025-10-03 14:00:00","VFR",29.4,23.3,70,12,25,NA,1014,"SPECI KFLL 031800Z 07012G25KT 10SM SCT025 BKN040 BKN180 29/23 A2994 RMK AO2 T02940233",2025-10-03 18:05:50.756058,2025-10-03 14:05:50.756104
"KFFA","First Flight Airport, NC, US",2025-10-03 18:00:00,"2025-10-03 14:00:00","VFR",NA,NA,60,6,NA,NA,1026.2,"METAR KFFA 031800Z AUTO 06006KT 10SM OVC060 A3030 RMK AO2",2025-10-03 18:05:50.762572,2025-10-03 14:05:50.762619
"KFME","Fort Meade/Tipton Fld, MD, US",2025-10-03 17:59:00,"2025-10-03 13:59:00","VFR",21,11,0,0,NA,NA,1028.2,"METAR KFME 031759Z AUTO 00000KT 10SM CLR 21/11 A3036 RMK AO1",2025-10-03 18:05:50.769004,2025-10-03 14:05:50.769048
"KEUF","Eufaula/Weedon Fld, AL, US",2025-10-03 17:58:00,"2025-10-03 12:58:00","VFR",25.6,14.4,70,8,17,NA,1023.1,"METAR KEUF 031758Z AUTO 07008G17KT 10SM -RA FEW045 26/14 A3021 RMK AO1 SLP225 P0000 60000 T02560144 10272 20156 58015",2025-10-03 18:05:50.775361,2025-10-03 14:05:50.775405
"KFLG","Flagstaff/Pulliam Arpt, AZ, US",2025-10-03 17:57:00,"2025-10-03 10:57:00","VFR",20,3.3,200,18,33,NA,1024.1,"METAR KFLG 031757Z 20018G33KT 10SM FEW055 20/03 A3024 RMK AO2 PK WND 19033/1754 SLP158 T02000033 10206 20044 58007 $",2025-10-03 18:05:50.781812,2025-10-03 14:05:50.781857
"KFCI","Richmond/Chesterfield Cnty, VA, US",2025-10-03 17:56:00,"2025-10-03 17:56:00","VFR",21.1,10,NA,3,NA,NA,1027.5,"METAR KFCI 031756Z AUTO VRB03KT 10SM CLR 21/10 A3034 RMK AO2 SLP286 T02110100 10217 20094 58023 $",2025-10-03 18:05:50.788264,2025-10-03 14:05:50.788307
"KESC","Escanaba/Delta Cnty, MI, US",2025-10-03 17:56:00,"2025-10-03 13:56:00","VFR",22.8,16.7,170,7,NA,NA,1019.7,"METAR KESC 031756Z AUTO 17007KT 10SM BKN085 23/17 A3011 RMK AO2 SLP197 T02280167 10244 20156 58010",2025-10-03 18:05:50.79465,2025-10-03 14:05:50.79471
"KFAM","Farmington Rgnl, MO, US",2025-10-03 17:56:00,"2025-10-03 12:56:00","VFR",28.9,15,200,5,NA,NA,1024.8,"METAR KFAM 031756Z AUTO 20005KT 10SM CLR 29/15 A3026 RMK AO2 SLP250 T02890150 10294 20150 58010 $",2025-10-03 18:05:50.801023,2025-10-03 14:05:50.801066
"KEUL","Caldwell Ind Arpt, ID, US",2025-10-03 17:56:00,"2025-10-03 17:56:00","MVFR",13.9,11.7,300,3,NA,9,1017,"METAR KEUL 031756Z AUTO 30003KT 9SM BKN012 OVC032 14/12 A3003 RMK AO2 RAE03 SLP164 P0000 60003 T01390117 10139 20117 51001",2025-10-03 18:05:50.807307,2025-10-03 14:05:50.807348
"KENV","Wendover Arpt, UT, US",2025-10-03 17:56:00,"2025-10-03 11:56:00","VFR",20,4.4,20,11,NA,NA,1014,"METAR KENV 031756Z AUTO 02011KT 10SM CLR 20/04 A2994 RMK AO2 SLP109 T02000044 10200 20144 58005",2025-10-03 18:05:50.813726,2025-10-03 14:05:50.813773
"KFMH","Otis ANGB, MA, US",2025-10-03 17:56:00,"2025-10-03 13:56:00","VFR",19,11,240,12,NA,NA,1026.2,"METAR KFMH 031756Z 24012KT 10SM CLR 19/11 A3030",2025-10-03 18:05:50.8202,2025-10-03 14:05:50.820244
"KFNL","Fort Collins/N Colorado Rgnl, CO, US",2025-10-03 17:56:00,"2025-10-03 11:56:00","VFR",26.1,9.4,150,6,NA,6,1019.7,"METAR KFNL 031756Z 15006KT 6SM CLR 26/09 A3011 RMK AO2 SLP133 T02610094 10261 20089 58014 $",2025-10-03 18:05:50.826558,2025-10-03 14:05:50.826601
"KEWK","Newton City Arpt, KS, US",2025-10-03 17:56:00,"2025-10-03 12:56:00","VFR",28.9,15.6,200,16,NA,NA,1021.4,"METAR KEWK 031756Z AUTO 20016KT 10SM CLR 29/16 A3016 RMK AO2 SLP198 T02890156 10289 20172 58011 $",2025-10-03 18:05:50.832956,2025-10-03 14:05:50.832999
"KFLP","Flippin/Marion Cnty, AR, US",2025-10-03 17:56:00,"2025-10-03 12:56:00","VFR",28.9,16.7,0,0,NA,NA,1024.1,"METAR KFLP 031756Z AUTO 00000KT 10SM CLR 29/17 A3024 RMK AO2 SLP232 T02890167 10294 20156 58012 $",2025-10-03 18:05:50.839359,2025-10-03 14:05:50.839403
"KFKL","Franklin/Lamberton Fld, PA, US",2025-10-03 17:56:00,"2025-10-03 13:56:00","VFR",23.9,12.2,NA,5,NA,NA,1025.8,"METAR KFKL 031756Z AUTO VRB05KT 10SM SCT045 24/12 A3029 RMK AO2 SLP254 T02390122 10239 20094 58016",2025-10-03 18:05:50.857511,2025-10-03 14:05:50.857556
"KEVM","Eveleth Muni, MN, US",2025-10-03 17:55:00,"2025-10-03 12:55:00","VFR",26.5,15.5,150,7,NA,NA,1019.4,"METAR KEVM 031755Z AUTO 15007KT 10SM CLR 27/16 A3010 RMK AO2 6//// T02650155",2025-10-03 18:05:50.864265,2025-10-03 14:05:50.86431
"KFBL","Faribault Muni, MN, US",2025-10-03 17:55:00,"2025-10-03 12:55:00","VFR",29,16,200,7,NA,NA,1019.4,"METAR KFBL 031755Z AUTO 20007KT 182V242 10SM CLR 29/16 A3010 RMK AO2",2025-10-03 18:05:50.870965,2025-10-03 14:05:50.87101
"KERV","Kerrville Muni, TX, US",2025-10-03 17:55:00,"2025-10-03 12:55:00","VFR",31,13.9,120,5,NA,NA,1021.1,"METAR KERV 031755Z AUTO 12005KT 10SM BKN065 31/14 A3015 RMK AO2 T03100139 10315 20155",2025-10-03 18:05:50.877224,2025-10-03 14:05:50.877267
"KERY","Newberry/Luce Cnty, MI, US",2025-10-03 17:55:00,"2025-10-03 17:55:00","VFR",24,18,160,3,NA,NA,1020.1,"METAR KERY 031755Z AUTO 16003KT 10SM CLR 24/18 A3012 RMK AO2 10238 20166",2025-10-03 18:05:50.883718,2025-10-03 14:05:50.883767
"KFKS","Frankfort/Dow Mem, MI, US",2025-10-03 17:55:00,"2025-10-03 17:55:00","VFR",27,15,200,6,NA,NA,1021.1,"METAR KFKS 031755Z AUTO 20006KT 170V250 10SM CLR 27/15 A3015 RMK AO2 10266 20159",2025-10-03 18:05:50.890203,2025-10-03 14:05:50.890249
"KFFX","Fremont Muni, MI, US",2025-10-03 17:55:00,"2025-10-03 17:55:00","VFR",29,16,250,7,NA,NA,1021.8,"METAR KFFX 031755Z AUTO 25007KT 10SM CLR 29/16 A3017 RMK AO2 10290 20128",2025-10-03 18:05:50.896659,2025-10-03 14:05:50.89672
"KF17","Center Muni, TX, US",2025-10-03 17:55:00,"2025-10-03 17:55:00","VFR",28,16,80,8,NA,NA,1021.4,"METAR KF17 031755Z AUTO 08008KT 10SM SCT048 28/16 A3016 RMK AO2",2025-10-03 18:05:50.903091,2025-10-03 14:05:50.903136
"KEMV","Emporia Muni, VA, US",2025-10-03 17:55:00,"2025-10-03 17:55:00","VFR",21.5,12.2,0,0,NA,NA,1027.9,"METAR KEMV 031755Z AUTO 00000KT 10SM SCT037 22/12 A3035 RMK AO2 T02150122 10217 20102",2025-10-03 18:05:50.909508,2025-10-03 14:05:50.909551
"KEXX","Lexington/Davidson Cnty, NC, US",2025-10-03 17:55:00,"2025-10-03 17:55:00","VFR",21.2,9,40,4,NA,NA,1027.2,"METAR KEXX 031755Z AUTO 04004KT 10SM CLR 21/09 A3033 RMK AO2 T02120090 10214 20100",2025-10-03 18:05:50.915925,2025-10-03 14:05:50.915972
"KEZM","Eastman/Heart Of Georgia Arpt, GA, US",2025-10-03 17:55:00,"2025-10-03 17:55:00","VFR",26,11,100,11,16,NA,1024.5,"METAR KEZM 031755Z AUTO 10011G16KT 10SM SCT050 26/11 A3025 RMK AO2",2025-10-03 18:05:50.922362,2025-10-03 14:05:50.922405
"KF05","Vernon/Wilbarger Cnty, TX, US",2025-10-03 17:55:00,"2025-10-03 12:55:00","VFR",31.8,13.7,160,7,NA,NA,1021.1,"METAR KF05 031755Z AUTO 16007KT 130V200 10SM CLR 32/14 A3015 RMK AO2 T03180137 10318 20170",2025-10-03 18:05:50.928781,2025-10-03 14:05:50.928827
"KENL","Centralia Muni, IL, US",2025-10-03 17:55:00,"2025-10-03 12:55:00","VFR",31.1,15.2,190,6,NA,NA,1023.8,"METAR KENL 031755Z AUTO 19006KT 10SM SCT055 31/15 A3023 RMK AO2 T03110152 10311 20177",2025-10-03 18:05:50.935207,2025-10-03 14:05:50.935252
"KEZS","Shawano Muni, WI, US",2025-10-03 17:55:00,"2025-10-03 17:55:00",NA,27.2,15.2,220,4,NA,NA,1020.1,"METAR KEZS 031755Z AUTO 22004KT 10SM 27/15 A3012 RMK AO2 T02720152 10272 20170",2025-10-03 18:05:50.941777,2025-10-03 14:05:50.941823
"KFBR","Fort Bridger Arpt, WY, US",2025-10-03 17:55:00,"2025-10-03 11:55:00","VFR",23.8,-7.5,230,21,30,NA,1019.7,"METAR KFBR 031755Z AUTO 23021G30KT 10SM CLR 24/M07 A3011 RMK AO2 T02381075 10239 20078",2025-10-03 18:05:50.94825,2025-10-03 14:05:50.948293
"KFCH","Fresno/Chandler Exec, CA, US",2025-10-03 17:55:00,"2025-10-03 10:55:00","VFR",20,12,330,9,NA,NA,1018.4,"METAR KFCH 031755Z AUTO 33009KT 10SM FEW028 20/12 A3007 RMK A01",2025-10-03 18:05:50.954661,2025-10-03 14:05:50.954723
"KF00","Bonham/Jones Fld, TX, US",2025-10-03 17:55:00,"2025-10-03 17:55:00","VFR",32,18,120,9,NA,NA,1021.4,"METAR KF00 031755Z AUTO 12009KT 10SM SCT046 32/18 A3016 RMK AO2",2025-10-03 18:05:50.961114,2025-10-03 14:05:50.961159
"KEOE","Newberry Muni, SC, US",2025-10-03 17:55:00,"2025-10-03 17:55:00","VFR",22,8,360,7,11,NA,1027.5,"METAR KEOE 031755Z AUTO 36007G11KT 10SM CLR 22/08 A3034 RMK AO2",2025-10-03 18:05:50.967514,2025-10-03 14:05:50.967559
"KEZF","Fredericksburg/Shannon Arpt, VA, US",2025-10-03 17:55:00,"2025-10-03 17:55:00","VFR",21.1,9.1,150,6,NA,NA,1026.8,"METAR KEZF 031755Z AUTO 15006KT 10SM CLR 21/09 A3032 RMK AO2 T02110091 10213 20115",2025-10-03 18:05:50.973956,2025-10-03 14:05:50.974002
"KFDW","Winnsboro/Fairfield Cnty, SC, US",2025-10-03 17:55:00,"2025-10-03 17:55:00","VFR",23,10,50,8,NA,NA,1026.2,"METAR KFDW 031755Z AUTO 05008KT 10SM CLR 23/10 A3030 RMK AO1",2025-10-03 18:05:50.991802,2025-10-03 14:05:50.991849
"KFGX","Flemingsburg Arpt, KY, US",2025-10-03 17:55:00,"2025-10-03 17:55:00","VFR",26.7,14.8,0,0,NA,NA,1025.5,"METAR KFGX 031755Z AUTO 00000KT 10SM CLR 27/15 A3028 RMK AO2 T02670148 10271 20145",2025-10-03 18:05:50.998531,2025-10-03 14:05:50.998575
"KFKN","Franklin/Rose Arpt, VA, US",2025-10-03 17:55:00,"2025-10-03 13:55:00","VFR",22.4,11.7,90,5,NA,NA,1027.2,"METAR KFKN 031755Z AUTO 09005KT 10SM BKN040 22/12 A3033 RMK AO2 T02240117 10227 20109",2025-10-03 18:05:51.005223,2025-10-03 14:05:51.005266
"KFET","Fremont Muni, NE, US",2025-10-03 17:55:00,"2025-10-03 12:55:00","VFR",30.2,15.6,170,9,14,NA,1019.4,"METAR KFET 031755Z AUTO 17009G14KT 10SM CLR 30/16 A3010 RMK AO2 T03020156 10302 20175",2025-10-03 18:05:51.011567,2025-10-03 14:05:51.01161
"KETB","West Bend Muni, WI, US",2025-10-03 17:55:00,"2025-10-03 12:55:00","VFR",31,13,230,8,NA,NA,1021.4,"METAR KETB 031755Z AUTO 23008KT 10SM CLR 31/13 A3016 RMK AO2",2025-10-03 18:05:51.018067,2025-10-03 14:05:51.018112
"KFAF","Fort Eustis/Felker AAF, VA, US",2025-10-03 17:55:00,"2025-10-03 13:55:00","VFR",22.5,12.1,80,6,NA,NA,1026.2,"METAR KFAF 031755Z 08006KT 10SM FEW040 23/12 A3030 RMK AO2A SLP264 T02250121 10236 20150 57019 $",2025-10-03 18:05:51.024427,2025-10-03 14:05:51.024471
"KF46","Rockwall Muni, TX, US",2025-10-03 17:55:00,"2025-10-03 17:55:00","VFR",30.1,18.3,100,4,NA,NA,1021.1,"METAR KF46 031755Z AUTO 10004KT 10SM SCT044 30/18 A3015 RMK AO2 T03010183 10303 20197",2025-10-03 18:05:51.030874,2025-10-03 14:05:51.030919
"KFMM","Fort Morgan Muni, CO, US",2025-10-03 17:55:00,"2025-10-03 17:55:00","VFR",24,10,0,0,NA,NA,1019,"METAR KFMM 031755Z AUTO 00000KT 10SM CLR 24/10 A3009 RMK AO2",2025-10-03 18:05:51.037261,2025-10-03 14:05:51.037305
"KEOK","Keokuk Muni, IA, US",2025-10-03 17:55:00,"2025-10-03 12:55:00","VFR",31,15,NA,5,NA,7,1022.1,"METAR KEOK 031755Z AUTO VRB05KT 7SM SCT060 31/15 A3018 RMK A01",2025-10-03 18:05:51.043617,2025-10-03 14:05:51.04366
"KFFL","Fairfield Muni, IA, US",2025-10-03 17:55:00,"2025-10-03 12:55:00","MVFR",31,16,220,8,14,4,1021.4,"METAR KFFL 031755Z AUTO 22008G14KT 4SM HZ FEW060 31/16 A3016 RMK A01",2025-10-03 18:05:51.04995,2025-10-03 14:05:51.049994
"KFOA","Flora Muni, IL, US",2025-10-03 17:55:00,"2025-10-03 17:55:00","VFR",30,16,220,5,NA,NA,1023.8,"METAR KFOA 031755Z AUTO 22005KT 10SM CLR 30/16 A3023 RMK AO2",2025-10-03 18:05:51.056334,2025-10-03 14:05:51.056377
"KETC","Tarboro/Edgecombe Arpt, NC, US",2025-10-03 17:55:00,"2025-10-03 17:55:00","VFR",24,13.2,360,4,NA,7,1026.5,"METAR KETC 031755Z AUTO 36004KT 7SM SCT039 24/13 A3031 RMK AO2 T02400132 10243 20118",2025-10-03 18:05:51.062658,2025-10-03 14:05:51.062717
"KEYF","Elizabethtown/Brown Fld, NC, US",2025-10-03 17:55:00,"2025-10-03 17:55:00","VFR",24.7,14.6,20,8,NA,NA,1025.5,"METAR KEYF 031755Z AUTO 02008KT 340V040 10SM SCT037 25/15 A3028 RMK AO2 T02470146 10252 20124",2025-10-03 18:05:51.06909,2025-10-03 14:05:51.069135
"KFFM","Fergus Falls/Mickelson Fld, MN, US",2025-10-03 17:55:00,"2025-10-03 12:55:00","VFR",29,16,150,19,27,NA,1014.6,"METAR KFFM 031755Z AUTO 15019G27KT 10SM CLR 29/16 A2996 RMK AO2",2025-10-03 18:05:51.075477,2025-10-03 14:05:51.075521
"KFKA","Preston/Fillmore Cnty, MN, US",2025-10-03 17:55:00,"2025-10-03 17:55:00","VFR",29,18,220,6,13,NA,1020.1,"METAR KFKA 031755Z AUTO 22006G13KT 10SM CLR 29/18 A3012 RMK AO2",2025-10-03 18:05:51.081919,2025-10-03 14:05:51.081963
"KFKR","Frankfort Muni, IN, US",2025-10-03 17:55:00,"2025-10-03 17:55:00","VFR",NA,NA,NA,5,11,NA,1023.1,"METAR KFKR 031755Z AUTO VRB05G11KT 10SM CLR A3021 RMK AO2",2025-10-03 18:05:51.088332,2025-10-03 14:05:51.088376
"KFBG","Fort Bragg/Simmons AAF, NC, US",2025-10-03 17:55:00,"2025-10-03 13:55:00","VFR",24,13.2,20,7,NA,NA,1025.1,"METAR KFBG 031755Z AUTO 02007KT 10SM CLR 24/13 A3027 RMK AO2 SLP252 T02400132 10243 20133 57022 $",2025-10-03 18:05:51.094742,2025-10-03 14:05:51.094787
"KEND","Enid/Vance AFB, OK, US",2025-10-03 17:55:00,"2025-10-03 12:55:00","VFR",30.8,15.6,200,13,NA,NA,1019.7,"METAR KEND 031755Z AUTO 20013KT 10SM CLR 31/16 A3011 RMK AO2 SLP184 T03080156 10308 20179 58010",2025-10-03 18:05:51.101145,2025-10-03 14:05:51.101189
"KFCS","Fort Carson/Butts AAF, CO, US",2025-10-03 17:55:00,"2025-10-03 11:55:00","VFR",28.8,-1.4,220,13,NA,NA,1020.7,"METAR KFCS 031755Z AUTO 22013KT 10SM CLR 29/M01 A3014 RMK AO2 SLP139 T02881014 10288 20068 58016 $",2025-10-03 18:05:51.118083,2025-10-03 14:05:51.11815
"KFHU","Fort Huachuca/Libby AAF, AZ, US",2025-10-03 17:55:00,"2025-10-03 10:55:00","VFR",29.7,11.7,120,11,NA,NA,1021.8,"METAR KFHU 031755Z AUTO 12011KT 10SM FEW110 30/12 A3017 RMK AO2 SLP143 T02970117 10300 20186 58007",2025-10-03 18:05:51.125512,2025-10-03 14:05:51.125559
"KF70","Murrieta/French Valley Arpt, CA, US",2025-10-03 17:55:00,"2025-10-03 10:55:00","VFR",23,13,210,5,NA,NA,1017,"METAR KF70 031755Z AUTO 21005KT 10SM CLR 23/13 A3003 RMK AO2",2025-10-03 18:05:51.132215,2025-10-03 14:05:51.13226
"KFFO","Wright Patterson AFB, OH, US",2025-10-03 17:55:00,"2025-10-03 13:55:00","VFR",28.5,12,0,0,NA,NA,1023.5,"METAR KFFO 031755Z 00000KT 10SM FEW250 29/12 A3022 RMK AO2A SLP232 T02850120 10288 20124 57017",2025-10-03 18:05:51.138789,2025-10-03 14:05:51.138832
"KEVU","Maryville/NW Missouri Rgnl, MO, US",2025-10-03 17:55:00,"2025-10-03 17:55:00","VFR",31.2,18,190,9,14,NA,1020.7,"METAR KEVU 031755Z AUTO 19009G14KT 10SM CLR 31/17 A3014 RMK AO2 T03120180",2025-10-03 18:05:51.145091,2025-10-03 14:05:51.145135
"KEZZ","Cameron Arpt, MO, US",2025-10-03 17:55:00,"2025-10-03 17:55:00","VFR",29,17,180,9,NA,NA,1023.5,"METAR KEZZ 031755Z AUTO 18009KT 10SM CLR 29/17 A3022 RMK AO2",2025-10-03 18:05:51.151515,2025-10-03 14:05:51.151561
"KF44","Athens Muni, TX, US",2025-10-03 17:55:00,"2025-10-03 17:55:00","VFR",31,17,140,7,NA,NA,1020.1,"METAR KF44 031755Z AUTO 14007KT 10SM SCT049 31/17 A3012 RMK AO2",2025-10-03 18:05:51.15789,2025-10-03 14:05:51.157936
"KEQA","El Dorado/Thomas Mem, KS, US",2025-10-03 17:55:00,"2025-10-03 12:55:00","VFR",31,15,190,15,19,NA,1021.8,"METAR KEQA 031755Z AUTO 19015G19KT 10SM CLR 31/15 A3017 RMK AO2",2025-10-03 18:05:51.164409,2025-10-03 14:05:51.164454
"KFFZ","Mesa/Falcon Fld, AZ, US",2025-10-03 17:54:00,"2025-10-03 10:54:00","VFR",32.8,8.9,180,7,NA,NA,1013.3,"METAR KFFZ 031754Z 18007KT 10SM CLR 33/09 A2992 RMK AO2 SLP105 T03280089 10328 20239 58005",2025-10-03 18:05:51.170823,2025-10-03 14:05:51.170867
"KEUG","Eugene/Mahlon Sweet Fld, OR, US",2025-10-03 17:54:00,"2025-10-03 10:54:00","IFR",12.8,11.7,120,5,NA,NA,1022.4,"METAR KEUG 031754Z 12005KT 10SM BKN005 OVC010 13/12 A3019 RMK AO2 SLP224 T01280117 10128 20072 53009 $",2025-10-03 18:05:51.177207,2025-10-03 14:05:51.17725
"KEVV","Evansville Rgnl, IN, US",2025-10-03 17:54:00,"2025-10-03 12:54:00","VFR",26.7,16.1,210,5,NA,NA,1025.1,"METAR KEVV 031754Z 21005KT 10SM CLR 27/16 A3027 RMK AO2 SLP245 T02670161 10272 20189 58014 $",2025-10-03 18:05:51.183642,2025-10-03 14:05:51.183686
"KFIG","Clearfield/Lawrence Arpt, PA, US",2025-10-03 17:54:00,"2025-10-03 17:54:00","VFR",23.9,11.1,230,5,NA,NA,1026.2,"METAR KFIG 031754Z AUTO 23005KT 10SM CLR 24/11 A3030 RMK AO2 SLP258 T02390111 10239 20056 58021",2025-10-03 18:05:51.190128,2025-10-03 14:05:51.190171
"KEWN","New Bern/Coastal Carolina Rgnl, NC, US",2025-10-03 17:54:00,"2025-10-03 13:54:00",NA,25,16.7,NA,NA,NA,NA,1025.5,"METAR KEWN 031754Z 25/17 A3028 RMK AO2 SLP252 6//// T02500167",2025-10-03 18:05:51.196434,2025-10-03 14:05:51.196475
"KFDR","Frederick Rgnl, OK, US",2025-10-03 17:53:00,"2025-10-03 12:53:00","VFR",31.7,15,170,8,NA,NA,1020.1,"METAR KFDR 031753Z AUTO 17008KT 10SM CLR 32/15 A3012 RMK AO2 SLP180 T03170150 10317 20167 58012",2025-10-03 18:05:51.20282,2025-10-03 14:05:51.202864
"KFLO","Florence Rgnl, SC, US",2025-10-03 17:53:00,"2025-10-03 13:53:00","VFR",24.4,13.9,20,10,NA,NA,1025.1,"METAR KFLO 031753Z 02010KT 340V040 10SM CLR 24/14 A3027 RMK AO2 SLP248 T02440139 10250 20128 58022",2025-10-03 18:05:51.209278,2025-10-03 14:05:51.209322
"KFMN","Farmington/Four Corners Rgnl, NM, US",2025-10-03 17:53:00,"2025-10-03 11:53:00","VFR",25,2.2,100,10,NA,NA,1022.8,"METAR KFMN 031753Z 10010KT 10SM CLR 25/02 A3020 RMK AO2 SLP172 T02500022 10250 20094 58015",2025-10-03 18:05:51.215664,2025-10-03 14:05:51.215727
"KFAT","Fresno/Yosemite Intl, CA, US",2025-10-03 17:53:00,"2025-10-03 10:53:00","VFR",20,12.2,NA,6,NA,NA,1017.7,"METAR KFAT 031753Z VRB06KT 10SM SCT026 BKN080 BKN150 20/12 A3005 RMK AO2 SLP174 T02000122 10200 20144 51003 $",2025-10-03 18:05:51.222125,2025-10-03 14:05:51.222168
"KFAR","Fargo/Hector Intl, ND, US",2025-10-03 17:53:00,"2025-10-03 12:53:00","VFR",30,14.4,150,16,26,NA,1013,"METAR KFAR 031753Z 15016G26KT 10SM CLR 30/14 A2991 RMK AO2 PK WND 14026/1738 SLP125 T03000144 10300 20172 58028",2025-10-03 18:05:51.228505,2025-10-03 14:05:51.228549
"KEYW","Key West Intl, FL, US",2025-10-03 17:53:00,"2025-10-03 13:53:00","MVFR",26.7,25.6,70,8,NA,5,1013.6,"METAR KEYW 031753Z 07008KT 5SM -RA BR FEW018 BKN060 OVC090 27/26 A2993 RMK AO2 LTG DSNT S RAE11B30 SLP141 P0002 60071 T02670256 10289 20250 58010 $",2025-10-03 18:05:51.234853,2025-10-03 14:05:51.234897
"KFNB","Falls City/Brenner Fld, NE, US",2025-10-03 17:53:00,"2025-10-03 17:53:00","VFR",30,16.1,220,8,NA,NA,1020.4,"METAR KFNB 031753Z AUTO 22008KT 10SM CLR 30/16 A3013 RMK AO2 SLP193 T03000161 10300 20172 58011",2025-10-03 18:05:51.252085,2025-10-03 14:05:51.252146
"KFAY","Fayetteville Rgnl, NC, US",2025-10-03 17:53:00,"2025-10-03 13:53:00","VFR",23.9,13.3,60,8,NA,NA,1025.5,"METAR KFAY 031753Z 06008KT 10SM CLR 24/13 A3028 RMK AO2 SLP249 T02390133 10239 20128 58022",2025-10-03 18:05:51.259016,2025-10-03 14:05:51.259062
"KFCM","Eden Prairie/Flying, MN, US",2025-10-03 17:53:00,"2025-10-03 12:53:00","VFR",26.7,17.2,100,3,NA,9,1018.7,"METAR KFCM 031753Z 10003KT 9SM FEW110 27/17 A3008 RMK AO2 SLP180 T02670172 10267 20156 58007",2025-10-03 18:05:51.265655,2025-10-03 14:05:51.265758
"KFDY","Findlay Arpt, OH, US",2025-10-03 17:53:00,"2025-10-03 13:53:00","VFR",28.3,9.4,NA,3,NA,NA,1023.5,"METAR KFDY 031753Z AUTO VRB03KT 10SM CLR 28/09 A3022 RMK AO2 SLP227 T02830094 10294 20111 58014",2025-10-03 18:05:51.272285,2025-10-03 14:05:51.272328
"KFFC","Peachtree City/Falcon Fld, GA, US",2025-10-03 17:53:00,"2025-10-03 17:53:00","VFR",23.9,12.2,50,7,14,NA,1025.5,"METAR KFFC 031753Z AUTO 05007G14KT 10SM CLR 24/12 A3028 RMK AO2 SLP250 T02390122 10244 20144 58018",2025-10-03 18:05:51.278641,2025-10-03 14:05:51.278685
"KFLD","Fond Du Lac Cnty Arpt, WI, US",2025-10-03 17:53:00,"2025-10-03 12:53:00","VFR",29.4,15,200,12,NA,NA,1020.7,"METAR KFLD 031753Z AUTO 20012KT 10SM SCT110 29/15 A3014 RMK AO2 SLP201 T02940150 10294 20144 58014",2025-10-03 18:05:51.2851,2025-10-03 14:05:51.285143
"KFMY","Fort Myers/Page Fld, FL, US",2025-10-03 17:53:00,"2025-10-03 13:53:00","VFR",30.6,21.1,80,12,21,NA,1014.6,"METAR KFMY 031753Z 08012G21KT 10SM FEW039 BKN070 31/21 A2996 RMK AO2 SLP146 60000 T03060211 10306 20233 58015",2025-10-03 18:05:51.291528,2025-10-03 14:05:51.291572
"KFNT","Flint/Bishop Intl, MI, US",2025-10-03 17:53:00,"2025-10-03 13:53:00","VFR",28.9,11.1,NA,5,NA,NA,1023.1,"METAR KFNT 031753Z VRB05KT 10SM CLR 29/11 A3021 RMK AO2 SLP226 T02890111 10289 20078 58016",2025-10-03 18:05:51.298056,2025-10-03 14:05:51.298101
"KESF","Alexandria/Esler Rgnl, LA, US",2025-10-03 17:53:00,"2025-10-03 12:53:00","VFR",28.3,14.4,NA,5,NA,NA,1020.4,"METAR KESF 031753Z AUTO VRB05KT 10SM CLR 28/14 A3013 RMK AO2 SLP201 T02830144 10289 20172 58009",2025-10-03 18:05:51.304462,2025-10-03 14:05:51.304507
"KETH","Wheaton Muni, MN, US",2025-10-03 17:53:00,"2025-10-03 17:53:00","VFR",29,19,160,14,20,NA,1014.6,"METAR KETH 031753Z AUTO 16014G20KT 10SM CLR 29/19 A2996 RMK AO2",2025-10-03 18:05:51.31086,2025-10-03 14:05:51.310904
"KEQY","Charlotte-Monroe Exec, NC, US",2025-10-03 17:53:00,"2025-10-03 17:53:00","VFR",21.7,11.1,40,6,NA,NA,1026.5,"METAR KEQY 031753Z AUTO 04006KT 10SM CLR 22/11 A3031 RMK AO2 SLP271 T02170111 10228 20111 58021",2025-10-03 18:05:51.317267,2025-10-03 14:05:51.317311
"KEPH","Ephrata Muni, WA, US",2025-10-03 17:53:00,"2025-10-03 10:53:00","VFR",17.2,5.6,190,5,NA,NA,1018.4,"METAR KEPH 031753Z AUTO 19005KT 10SM CLR 17/06 A3007 RMK AO2 SLP183 T01720056 10172 20061 58002",2025-10-03 18:05:51.323894,2025-10-03 14:05:51.323938
"KENW","Kenosha Rgnl, WI, US",2025-10-03 17:53:00,"2025-10-03 12:53:00","VFR",29,17,240,4,NA,NA,1021.8,"METAR KENW 031753Z 24004KT 10SM SCT050 29/17 A3017",2025-10-03 18:05:51.33026,2025-10-03 14:05:51.330306
"KFFT","Frankfort/Capital City Arpt, KY, US",2025-10-03 17:53:00,"2025-10-03 13:53:00",NA,NA,NA,NA,NA,NA,NA,1024.8,"METAR KFFT 031753Z AUTO A3026 RMK AO2 SLPNO 58017 PWINO FZRANO",2025-10-03 18:05:51.336559,2025-10-03 14:05:51.3366
"KEVW","Evanston/Uinta Cnty, WY, US",2025-10-03 17:53:00,"2025-10-03 11:53:00","VFR",22.2,-0.6,210,25,42,NA,1018.4,"METAR KEVW 031753Z AUTO 21025G42KT 10SM BKN085 22/M01 A3007 RMK AO2 PK WND 22042/1751 SLP090 T02221006 10228 20100 58008",2025-10-03 18:05:51.342945,2025-10-03 14:05:51.34299
"KFHR","Friday Harbor Arpt, WA, US",2025-10-03 17:53:00,"2025-10-03 10:53:00","IFR",11.1,11.1,0,0,NA,8,1021.8,"METAR KFHR 031753Z AUTO 00000KT 8SM OVC009 11/11 A3017 RMK AO2 CIG 005V012 SLP218 T01110111 10111 20072 53004",2025-10-03 18:05:51.349283,2025-10-03 14:05:51.349326
"KEWB","New Bedford Rgnl, MA, US",2025-10-03 17:53:00,"2025-10-03 13:53:00","VFR",20,9.4,190,8,NA,NA,1025.1,"METAR KEWB 031753Z 19008KT 10SM CLR 20/09 A3027 RMK AO2 SLP250 60019 T02000094 10206 20067 58025",2025-10-03 18:05:51.355713,2025-10-03 14:05:51.355761
"KEYE","Indianapolis/Eagle Creek Arpt, IN, US",2025-10-03 17:53:00,"2025-10-03 17:53:00","VFR",28.9,13.3,0,0,NA,NA,1023.5,"METAR KEYE 031753Z AUTO 00000KT 10SM FEW095 29/13 A3022 RMK AO2 SLP228 T02890133 10294 20144 58016",2025-10-03 18:05:51.362145,2025-10-03 14:05:51.3622
"KFIT","Fitchburg Muni, MA, US",2025-10-03 17:52:00,"2025-10-03 17:52:00","VFR",22.8,7.2,230,8,NA,NA,1024.5,"METAR KFIT 031752Z AUTO 23008KT 10SM CLR 23/07 A3025 RMK AO2 SLP245 T02280072 10228 20094 58024",2025-10-03 18:05:51.36861,2025-10-03 14:05:51.368656
"KEST","Estherville Muni, IA, US",2025-10-03 17:52:00,"2025-10-03 12:52:00","VFR",30.6,15,200,10,NA,NA,1019,"METAR KEST 031752Z AUTO 20010KT 10SM CLR 31/15 A3009 RMK AO2 SLP183 T03060150 10306 20150 58011",2025-10-03 18:05:51.386643,2025-10-03 14:05:51.386688
"KEWR","Newark Intl, NJ, US",2025-10-03 17:51:00,"2025-10-03 13:51:00","VFR",23.3,7.8,230,5,NA,NA,1026.2,"METAR KEWR 031751Z 23005KT 10SM FEW050 SCT250 23/08 A3030 RMK AO2 SLP261 T02330078 10233 20139 58028 $",2025-10-03 18:05:51.393549,2025-10-03 14:05:51.393594
"KERI","Erie Intl, PA, US",2025-10-03 17:51:00,"2025-10-03 13:51:00","VFR",23.9,12.8,300,9,NA,NA,1024.5,"METAR KERI 031751Z 30009KT 10SM CLR 24/13 A3025 RMK AO2 SLP242 T02390128 10250 20139 56012",2025-10-03 18:05:51.400306,2025-10-03 14:05:51.400353
"KF45","North Palm Beach Cnty, FL, US",2025-10-03 17:50:00,"2025-10-03 17:50:00","VFR",29,22,100,17,23,NA,1015,"METAR KF45 031750Z AUTO 10017G23KT 10SM VCTS FEW035 BKN070 29/22 A2997 RMK AO2 LTG DSNT N",2025-10-03 18:05:51.406777,2025-10-03 14:05:51.40682
"KESN","Easton Muni, MD, US",2025-10-03 17:50:00,"2025-10-03 13:50:00","VFR",21,6,0,0,NA,NA,1027.2,"METAR KESN 031750Z 00000KT 10SM CLR 21/06 A3033",2025-10-03 18:05:51.413165,2025-10-03 14:05:51.413209
"KEVB","New Smyrna Beach Muni, FL, US",2025-10-03 17:47:00,"2025-10-03 17:47:00","VFR",28,22,80,16,21,NA,1018.4,"METAR KEVB 031747Z 08016G21KT 10SM SCT030 BKN060 28/22 A3007",2025-10-03 18:05:51.419586,2025-10-03 14:05:51.419629
"KFDK","Frederick Muni, MD, US",2025-10-03 17:45:00,"2025-10-03 13:45:00","VFR",21,12,230,8,NA,NA,1027.2,"METAR KFDK 031745Z 23008KT 10SM CLR 21/12 A3033",2025-10-03 18:05:51.426106,2025-10-03 14:05:51.426152
"KETN","Eastland Muni, TX, US",2025-10-03 17:30:00,"2025-10-03 12:30:00","VFR",29.5,14.2,140,4,NA,NA,1021.4,"METAR KETN 031730Z AUTO 14004KT 10SM CLR 29/14 A3016 RMK AO2 T02950142",2025-10-03 18:05:51.43255,2025-10-03 14:05:51.432595
"KGEV","Jefferson/Ashe Cnty, NC, US",2025-10-03 18:00:00,"2025-10-03 18:00:00",NA,19.3,11.6,40,3,NA,NA,1028.5,"METAR KGEV 031800Z AUTO 04003KT CLR 19/12 A3037 RMK AO2 T01930116 PWINO",2025-10-03 18:05:53.999201,2025-10-03 14:05:53.999243
"KFRI","Ft Riley/Marshall Fld, KS, US",2025-10-03 17:59:00,"2025-10-03 12:59:00","VFR",31,15,220,14,21,NA,1019.7,"SPECI KFRI 031759Z AUTO 22014G21KT 10SM CLR 31/15 A3011 RMK AO2 WSHFT 48 SLP186",2025-10-03 18:05:54.005713,2025-10-03 14:05:54.005764
"KGON","Groton-New London Arpt, CT, US",2025-10-03 17:56:00,"2025-10-03 13:56:00","VFR",17.2,10.6,230,14,20,NA,1026.2,"METAR KGON 031756Z 23014G20KT 10SM CLR 17/11 A3030 RMK AO2 SLP258 T01720106 10172 20078 58023",2025-10-03 18:05:54.012132,2025-10-03 14:05:54.012177
"KGAD","Gadsden/NE Alabama Rgnl, AL, US",2025-10-03 17:56:00,"2025-10-03 12:56:00",NA,23.9,14.4,60,6,14,NA,1025.8,"METAR KGAD 031756Z AUTO 06006G14KT OVC055 24/14 A3029 RMK AO2 SLP258 T02390144 10239 20133 58016 PWINO $",2025-10-03 18:05:54.018469,2025-10-03 14:05:54.018512
"KGAI","Gaithersburg/Montgomery Cnty, MD, US",2025-10-03 17:56:00,"2025-10-03 13:56:00","VFR",22.2,10,NA,5,NA,NA,1027.5,"METAR KGAI 031756Z AUTO VRB05KT 10SM CLR 22/10 A3034 RMK AO2 SLP288 T02220100 10228 20083 58025",2025-10-03 18:05:54.024939,2025-10-03 14:05:54.024984
"KGBD","Great Bend Muni, KS, US",2025-10-03 17:56:00,"2025-10-03 12:56:00","VFR",NA,NA,180,20,25,NA,1019.4,"METAR KGBD 031756Z AUTO 18020G25KT 10SM CLR A3010 RMK AO2 PK WND 17030/1711 SLPNO 57009 FZRANO $",2025-10-03 18:05:54.031373,2025-10-03 14:05:54.031415
"KFSD","Sioux Falls/Foss Fld, SD, US",2025-10-03 17:56:00,"2025-10-03 12:56:00","VFR",31.7,15,200,16,NA,NA,1017.4,"METAR KFSD 031756Z 20016KT 10SM SCT140 32/15 A3004 RMK AO2 SLP164 T03170150 10317 20133 58015",2025-10-03 18:05:54.049335,2025-10-03 14:05:54.04938
"KGTR","Golden Triangle Arpt, MS, US",2025-10-03 17:56:00,"2025-10-03 12:56:00","VFR",27.8,14.4,140,10,NA,NA,1024.1,"METAR KGTR 031756Z 14010KT 10SM FEW055 28/14 A3024 RMK AO2 SLP238 T02780144 10278 20150 58018",2025-10-03 18:05:54.056164,2025-10-03 14:05:54.05621
"KGKT","Gatlinburg-Pigeon Forge Arpt, TN, US",2025-10-03 17:56:00,"2025-10-03 13:56:00","VFR",25,14,NA,5,NA,NA,1026.2,"METAR KGKT 031756Z AUTO VRB05KT 10SM CLR 25/14 A3030 RMK A01",2025-10-03 18:05:54.062885,2025-10-03 14:05:54.062929
"KGTU","Georgetown Muni, TX, US",2025-10-03 17:56:00,"2025-10-03 17:56:00","VFR",33.9,15.6,50,7,NA,NA,1019.7,"METAR KGTU 031756Z 05007KT 10SM CLR 34/16 A3011 RMK AO2 SLP190 T03390156 10339 20178 58013",2025-10-03 18:05:54.069155,2025-10-03 14:05:54.069206
"KGRD","Greenwood Cnty, SC, US",2025-10-03 17:56:00,"2025-10-03 13:56:00","VFR",22.8,11.1,NA,6,14,NA,1026.8,"METAR KGRD 031756Z AUTO VRB06G14KT 10SM CLR 23/11 A3032 RMK AO2 SLP262 T02280111 10233 20122 58022",2025-10-03 18:05:54.075731,2025-10-03 14:05:54.075781
"KGUC","Gunnison Arpt, CO, US",2025-10-03 17:56:00,"2025-10-03 11:56:00","VFR",18.3,0.6,0,0,NA,NA,1027.5,"METAR KGUC 031756Z AUTO 00000KT 10SM CLR 18/01 A3034 RMK AO2 SLP206 T01830006 10189 21006 58021 $",2025-10-03 18:05:54.082095,2025-10-03 14:05:54.082139
"KGDV","Glendive/Dawson Arpt, MT, US",2025-10-03 17:56:00,"2025-10-03 11:56:00","VFR",26.7,9.4,190,9,NA,NA,1008.9,"METAR KGDV 031756Z AUTO 19009KT 10SM CLR 27/09 A2979 RMK AO2 SLP072 T02670094 10267 20128 57024 TSNO $",2025-10-03 18:05:54.08848,2025-10-03 14:05:54.088524
"KFRM","Fairmont Muni, MN, US",2025-10-03 17:56:00,"2025-10-03 12:56:00","VFR",30.6,15.6,220,13,NA,NA,1019.4,"METAR KFRM 031756Z AUTO 22013KT 10SM CLR 31/16 A3010 RMK AO2 SLP188 T03060156 10311 20139 58012",2025-10-03 18:05:54.094823,2025-10-03 14:05:54.094869
"KGPZ","Grand Rapids/Itasca Cnty, MN, US",2025-10-03 17:56:00,"2025-10-03 12:56:00","VFR",26.7,12.2,150,10,15,NA,1018.7,"METAR KGPZ 031756Z AUTO 15010G15KT 10SM CLR 27/12 A3008 RMK AO2 SLP185 T02670122 10267 20100 58018",2025-10-03 18:05:54.101222,2025-10-03 14:05:54.101265
"KFOD","Fort Dodge Rgnl, IA, US",2025-10-03 17:56:00,"2025-10-03 12:56:00","VFR",29.4,16.7,160,8,NA,NA,1020.4,"METAR KFOD 031756Z AUTO 16008KT 10SM CLR 29/17 A3013 RMK AO2 SLP205 T02940167 10300 20167 58014 $",2025-10-03 18:05:54.107586,2025-10-03 14:05:54.107629
"KFSE","Fosston Muni, MN, US",2025-10-03 17:55:00,"2025-10-03 17:55:00",NA,28,8,160,14,18,NA,1015.3,"METAR KFSE 031755Z AUTO 16014G18KT 10SM 28/08 A2998 RMK AO2",2025-10-03 18:05:54.114127,2025-10-03 14:05:54.114171
"KGGI","Grinnell Rgnl, IA, US",2025-10-03 17:55:00,"2025-10-03 17:55:00","VFR",29.2,16.9,230,4,NA,NA,1022.1,"METAR KGGI 031755Z AUTO 23004KT 10SM CLR 29/17 A3018 RMK AO2 T02920169 10292 20173",2025-10-03 18:05:54.120485,2025-10-03 14:05:54.120529
"KGCD","John Day/Grant Cnty, OR, US",2025-10-03 17:55:00,"2025-10-03 10:55:00","VFR",12.1,5.2,310,8,NA,NA,1019.4,"METAR KGCD 031755Z AUTO 31008KT 10SM OVC031 12/05 A3010 RMK AO2 T01210052 10124 20079",2025-10-03 18:05:54.126871,2025-10-03 14:05:54.126916
"KGGE","Georgetown Cnty, SC, US",2025-10-03 17:55:00,"2025-10-03 13:55:00","VFR",26,17,30,9,NA,NA,1024.1,"METAR KGGE 031755Z AUTO 03009KT 350V060 10SM SCT032 26/17 A3024 RMK AO2",2025-10-03 18:05:54.133291,2025-10-03 14:05:54.133335
"KGMJ","Grove Muni, OK, US",2025-10-03 17:55:00,"2025-10-03 17:55:00","VFR",29,18,180,6,NA,NA,1022.4,"METAR KGMJ 031755Z AUTO 18006KT 10SM CLR 29/18 A3019 RMK AO2 TSNO",2025-10-03 18:05:54.139749,2025-10-03 14:05:54.139797
"KGPM","Grand Prairie Muni, TX, US",2025-10-03 17:55:00,"2025-10-03 17:55:00","VFR",30.8,17.1,20,5,NA,NA,1021.1,"METAR KGPM 031755Z AUTO 02005KT 10SM CLR 31/17 A3015 RMK AO2 T03080171 10308 20213",2025-10-03 18:05:54.146138,2025-10-03 14:05:54.146181
"KFYE","Somerville/Fayette Cnty, TN, US",2025-10-03 17:55:00,"2025-10-03 17:55:00","VFR",26,13,0,0,NA,NA,1024.5,"METAR KFYE 031755Z AUTO 00000KT 10SM CLR 26/13 A3025 RMK A01",2025-10-03 18:05:54.152492,2025-10-03 14:05:54.152534
"KFYM","Fayetteville Muni, TN, US",2025-10-03 17:55:00,"2025-10-03 12:55:00","VFR",24,14,0,0,NA,NA,1026.2,"METAR KFYM 031755Z AUTO 00000KT 10SM CLR 24/14 A3030 RMK A01",2025-10-03 18:05:54.15892,2025-10-03 14:05:54.158964
"KGCY","Greeneville/Greene Cnty, TN, US",2025-10-03 17:55:00,"2025-10-03 13:55:00","VFR",22,10,0,0,NA,NA,1026.5,"METAR KGCY 031755Z AUTO 00000KT 10SM CLR 22/10 A3031 RMK A01",2025-10-03 18:05:54.176799,2025-10-03 14:05:54.176876
"KGNG","Gooding Muni, ID, US",2025-10-03 17:55:00,"2025-10-03 11:55:00","VFR",13,13,270,13,NA,NA,1017.7,"METAR KGNG 031755Z AUTO 27013KT 10SM SCT015 BKN038 BKN110 13/13 A3005 RMK AO2",2025-10-03 18:05:54.183953,2025-10-03 14:05:54.184001
"KGOO","Grass Valley/Nevada Cnty, CA, US",2025-10-03 17:55:00,"2025-10-03 17:55:00","VFR",13,9,0,0,NA,NA,1018.4,"METAR KGOO 031755Z AUTO 00000KT 10SM OVC047 13/09 A3007 RMK A01",2025-10-03 18:05:54.190621,2025-10-03 14:05:54.190665
"KFSW","Fort Madison Muni, IA, US",2025-10-03 17:55:00,"2025-10-03 12:55:00","VFR",31,16,140,8,NA,NA,1022.1,"METAR KFSW 031755Z AUTO 14008KT 10SM CLR 31/16 A3018 RMK AO2 10313 20182",2025-10-03 18:05:54.197174,2025-10-03 14:05:54.197217
"KGLY","Clinton Mem, MO, US",2025-10-03 17:55:00,"2025-10-03 17:55:00","VFR",30,19,170,6,NA,NA,1022.4,"METAR KGLY 031755Z AUTO 17006KT 10SM CLR 30/19 A3019 RMK AO2",2025-10-03 18:05:54.20352,2025-10-03 14:05:54.203565
"KFSK","Fort Scott Muni, KS, US",2025-10-03 17:55:00,"2025-10-03 12:55:00","VFR",30,18.8,200,10,NA,NA,1022.4,"METAR KFSK 031755Z AUTO 20010KT 10SM CLR 30/19 A3019 RMK AO2 T03000188 10300 20159",2025-10-03 18:05:54.210053,2025-10-03 14:05:54.210097
"KGDB","Granite Falls Muni, MN, US",2025-10-03 17:55:00,"2025-10-03 17:55:00","VFR",31.1,14.8,190,10,15,NA,1017.7,"METAR KGDB 031755Z AUTO 19010G15KT 10SM CLR 31/15 A3005 RMK AO2 T03110148 10311 20152",2025-10-03 18:05:54.216452,2025-10-03 14:05:54.216496
"KGLW","Glasgow Muni, KY, US",2025-10-03 17:55:00,"2025-10-03 12:55:00","VFR",24.3,14.6,300,3,NA,NA,1025.8,"METAR KGLW 031755Z AUTO 30003KT 10SM SCT050 SCT060 SCT075 24/15 A3029 RMK AO2 T02430146 10252 20155",2025-10-03 18:05:54.222847,2025-10-03 14:05:54.222891
"KGCM","Claremore Rgnl, OK, US",2025-10-03 17:55:00,"2025-10-03 17:55:00","VFR",30,20,190,7,NA,NA,1022.1,"METAR KGCM 031755Z AUTO 19007KT 10SM CLR 30/20 A3018 RMK AO2",2025-10-03 18:05:54.229259,2025-10-03 14:05:54.229304
"KGRN","Gordon Muni, NE, US",2025-10-03 17:55:00,"2025-10-03 11:55:00","VFR",30.7,8.5,200,19,28,NA,1015.7,"METAR KGRN 031755Z AUTO 20019G28KT 10SM CLR 31/09 A2999 RMK AO2 T03070085 10308 20120",2025-10-03 18:05:54.235632,2025-10-03 14:05:54.235676
"KGOV","Grayling, MI, US",2025-10-03 17:55:00,"2025-10-03 17:55:00","VFR",29.8,13.1,270,7,NA,NA,1021.4,"METAR KGOV 031755Z AUTO 27007KT 10SM CLR 30/13 A3016 RMK AO2 SLP218 T02980131 10299 20053 57014 $",2025-10-03 18:05:54.242108,2025-10-03 14:05:54.242152
"KFSI","Fort Sill/Post AAF, OK, US",2025-10-03 17:55:00,"2025-10-03 12:55:00","VFR",31.2,16.3,140,9,16,NA,1019.7,"METAR KFSI 031755Z 14009G16KT 10SM CLR 31/16 A3011 RMK AO2 SLP185 T03120163 10313 20171 58013 $",2025-10-03 18:05:54.248517,2025-10-03 14:05:54.248562
"KGAF","Grafton/Hutson Fld, ND, US",2025-10-03 17:55:00,"2025-10-03 17:55:00","VFR",26,16,140,9,15,8,1013.6,"METAR KGAF 031755Z AUTO 14009G15KT 8SM CLR 26/16 A2993 RMK AO2",2025-10-03 18:05:54.254892,2025-10-03 14:05:54.254935
"KGPH","Mosby/Midwest Air Center, MO, US",2025-10-03 17:55:00,"2025-10-03 17:55:00",NA,30,17,190,8,NA,NA,1021.8,"METAR KGPH 031755Z AUTO 19008KT 10SM 30/17 A3017 RMK AO2",2025-10-03 18:05:54.261277,2025-10-03 14:05:54.261321
"KGGP","Logansport/Cass Cnty, IN, US",2025-10-03 17:55:00,"2025-10-03 17:55:00","VFR",30,13,0,0,NA,NA,1023.1,"METAR KGGP 031755Z AUTO 00000KT 10SM CLR 30/13 A3021 RMK AO2",2025-10-03 18:05:54.267668,2025-10-03 14:05:54.267732
"KFOM","Fillmore Muni, UT, US",2025-10-03 17:55:00,"2025-10-03 11:55:00","VFR",26,-1,230,21,25,NA,1014.3,"METAR KFOM 031755Z AUTO 23021G25KT 10SM CLR 26/M01 A2995 RMK AO2 10257 20118",2025-10-03 18:05:54.274144,2025-10-03 14:05:54.27419
"KGSB","Goldsboro/Johnson AFB, NC, US",2025-10-03 17:55:00,"2025-10-03 13:55:00","VFR",26.2,13.3,60,5,NA,NA,1025.1,"METAR KGSB 031755Z 06005KT 10SM SCT040 26/13 A3027 RMK AO2A SLP253 T02620133 10262 20139 57021 TSNO $",2025-10-03 18:05:54.28067,2025-10-03 14:05:54.280733
"KGOP","Gatesville Muni, TX, US",2025-10-03 17:55:00,"2025-10-03 17:55:00","VFR",32,17,NA,3,NA,NA,1020.1,"METAR KGOP 031755Z AUTO VRB03KT 10SM CLR 32/17 A3012 RMK AO2",2025-10-03 18:05:54.287127,2025-10-03 14:05:54.28717
"KGBG","Galesburg Muni, IL, US",2025-10-03 17:55:00,"2025-10-03 12:55:00","VFR",29.8,12.9,0,0,NA,NA,1022.4,"METAR KGBG 031755Z AUTO 00000KT 10SM SCT065 30/13 A3019 RMK AO2 T02980129 10303 20146",2025-10-03 18:05:54.293612,2025-10-03 14:05:54.293656
"KFXY","Forest City Muni, IA, US",2025-10-03 17:55:00,"2025-10-03 12:55:00","VFR",30,16,160,8,NA,NA,1020.1,"METAR KFXY 031755Z AUTO 16008KT 10SM CLR 30/16 A3012 RMK AO2",2025-10-03 18:05:54.311816,2025-10-03 14:05:54.311861
"KFQD","Rutherfordton/Marchman Fld, NC, US",2025-10-03 17:55:00,"2025-10-03 17:55:00","VFR",21,10,340,3,NA,NA,1027.5,"METAR KFQD 031755Z AUTO 34003KT 10SM SCT036 21/10 A3034 RMK AO2",2025-10-03 18:05:54.318734,2025-10-03 14:05:54.318781
"KGAO","Galliano/Miller Arpt, LA, US",2025-10-03 17:55:00,"2025-10-03 17:55:00","MVFR",26,22.5,60,4,NA,NA,1018.7,"METAR KGAO 031755Z AUTO 06004KT 10SM BKN025 BKN042 BKN050 26/23 A3008 RMK AO2 P0011 60102 T02600225 10260 20221",2025-10-03 18:05:54.325709,2025-10-03 14:05:54.325759
"KFYJ","West Point/Middle Peninsula Arpt, VA, US",2025-10-03 17:55:00,"2025-10-03 17:55:00","VFR",21.3,9,NA,NA,NA,7,1027.5,"METAR KFYJ 031755Z AUTO 7SM CLR 21/09 A3034 RMK AO1 T02130090 10215 20087",2025-10-03 18:05:54.332151,2025-10-03 14:05:54.332192
"KGIC","Grangeville/Idaho Cnty, ID, US",2025-10-03 17:55:00,"2025-10-03 10:55:00","MVFR",11,8,280,3,NA,NA,1018.7,"METAR KGIC 031755Z AUTO 28003KT 10SM BKN022 OVC027 11/08 A3008 RMK AO1",2025-10-03 18:05:54.338537,2025-10-03 14:05:54.338582
"KGWB","Auburn/De Kalb Cnty, IN, US",2025-10-03 17:55:00,"2025-10-03 17:55:00","VFR",29,13,NA,4,NA,NA,1023.1,"METAR KGWB 031755Z AUTO VRB04KT 10SM CLR 29/13 A3021 RMK AO2 10294 20098",2025-10-03 18:05:54.345058,2025-10-03 14:05:54.345102
"KFRR","Front Royal/Warren Cnty, VA, US",2025-10-03 17:55:00,"2025-10-03 13:55:00","VFR",22,11.6,110,3,NA,NA,1026.5,"METAR KFRR 031755Z AUTO 11003KT 10SM CLR 22/12 A3031 RMK AO2 T02200116 10220 20099",2025-10-03 18:05:54.351534,2025-10-03 14:05:54.351577
"KGVE","Gordonsville Muni, VA, US",2025-10-03 17:55:00,"2025-10-03 13:55:00","VFR",21.7,9.9,0,0,NA,NA,NA,"METAR KGVE 031755Z AUTO 00000KT 10SM CLR 22/10 RMK AO1 T02170099 10219 20076",2025-10-03 18:05:54.358018,2025-10-03 14:05:54.358062
"KGNT","Grants-Milan Muni, NM, US",2025-10-03 17:55:00,"2025-10-03 11:55:00","VFR",24.9,1.8,140,13,16,NA,1026.8,"METAR KGNT 031755Z AUTO 14013G16KT 10SM SCT090 BKN100 25/02 A3032 RMK AO2 T02490018 10255 20055",2025-10-03 18:05:54.364708,2025-10-03 14:05:54.364758
"KFVX","Farmville Muni, VA, US",2025-10-03 17:55:00,"2025-10-03 17:55:00","VFR",22.2,12.7,10,3,NA,NA,1027.2,"METAR KFVX 031755Z AUTO 01003KT 10SM CLR 22/13 A3033 RMK AO2 T02220127 10229 20091",2025-10-03 18:05:54.37134,2025-10-03 14:05:54.371385
"KFWC","Fairfield Muni, IL, US",2025-10-03 17:55:00,"2025-10-03 17:55:00","VFR",29.3,15.2,220,7,NA,NA,1024.1,"METAR KFWC 031755Z AUTO 22007KT 10SM CLR 29/15 A3024 RMK AO2 T02930152 10293 20155",2025-10-03 18:05:54.377972,2025-10-03 14:05:54.378018
"KFZG","Fitzgerald Muni, GA, US",2025-10-03 17:55:00,"2025-10-03 17:55:00","VFR",27.6,14.3,80,12,17,NA,1022.8,"METAR KFZG 031755Z AUTO 08012G17KT 10SM SCT046 BKN055 28/14 A3020 RMK AO2 T02760143 10276 20177",2025-10-03 18:05:54.384547,2025-10-03 14:05:54.384593
"KGDJ","Granbury Muni, TX, US",2025-10-03 17:55:00,"2025-10-03 17:55:00",NA,31,15.6,100,5,NA,NA,1021.1,"METAR KGDJ 031755Z AUTO 10005KT CLR 31/16 A3015 RMK AO2 T03100156 10311 20160 PWINO",2025-10-03 18:05:54.39102,2025-10-03 14:05:54.391064
"KGGF","Grant Muni, NE, US",2025-10-03 17:55:00,"2025-10-03 17:55:00","LIFR",27,15,160,14,NA,0.5,1017.4,"METAR KGGF 031755Z AUTO 16014KT 1/2SM -RA HZ VV005 27/15 A3004 RMK AO2",2025-10-03 18:05:54.397434,2025-10-03 14:05:54.397477
"KGHG","Marshfield Muni, MA, US",2025-10-03 17:55:00,"2025-10-03 17:55:00","VFR",21,9,220,10,17,NA,1024.5,"METAR KGHG 031755Z AUTO 22010G17KT 10SM CLR 21/09 A3025 RMK AO2",2025-10-03 18:05:54.403908,2025-10-03 14:05:54.403952
"KGPI","Kalispell/Glacier Park Intl, MT, US",2025-10-03 17:55:00,"2025-10-03 11:55:00","VFR",12.2,5.6,0,0,NA,NA,1016.3,"METAR KGPI 031755Z 00000KT 10SM CLR 12/06 A3001 RMK AO2 SLP166 T01220056 10122 20067 58001",2025-10-03 18:05:54.410366,2025-10-03 14:05:54.41041
"KFTK","Fort Knox/Godman AAF, KY, US",2025-10-03 17:55:00,"2025-10-03 13:55:00","VFR",25.9,18.3,270,9,NA,NA,1024.1,"METAR KFTK 031755Z 27009KT 10SM SCT035 26/18 A3024 RMK AO2A SLP237 WND DATA ESTMD T02590183 10265 20175 57013 $",2025-10-03 18:05:54.41679,2025-10-03 14:05:54.416835
"KGFA","Malmstrom AFB, MT, US",2025-10-03 17:55:00,"2025-10-03 11:55:00","VFR",13.5,8.5,0,0,NA,NA,1014.3,"METAR KGFA 031755Z 00000KT 10SM SCT020 BKN080 14/09 A2995 RMK AO2A SLP143 60001 T01350085 10135 20097 58012 $",2025-10-03 18:05:54.423224,2025-10-03 14:05:54.423267
"KFSO","Highgate/Franklin Cnty, VT, US",2025-10-03 17:55:00,"2025-10-03 17:55:00","VFR",21.4,8.3,220,4,NA,NA,1023.5,"METAR KFSO 031755Z AUTO 22004KT 10SM CLR 21/08 A3022 RMK AO2 T02140083 10214 20109",2025-10-03 18:05:54.429657,2025-10-03 14:05:54.429725
"KFPK","Charotte/Beach Fld, MI, US",2025-10-03 17:55:00,"2025-10-03 17:55:00","VFR",30,15,290,5,NA,NA,1022.8,"METAR KFPK 031755Z AUTO 29005KT 10SM FEW070 30/15 A3020 RMK AO2 10297 20078",2025-10-03 18:05:54.4484,2025-10-03 14:05:54.448446
"KFRH","French Lick Muni, IN, US",2025-10-03 17:55:00,"2025-10-03 13:55:00","VFR",24,17,230,5,NA,NA,1025.5,"METAR KFRH 031755Z AUTO 23005KT 10SM SCT060 BKN085 24/17 A3028 RMK AO1",2025-10-03 18:05:54.455272,2025-10-03 14:05:54.455318
"KGRF","Fort Lewis/Gray AAF, WA, US",2025-10-03 17:55:00,"2025-10-03 10:55:00","IFR",12.6,11.3,0,0,NA,NA,1020.7,"METAR KGRF 031755Z 00000KT 10SM OVC005 13/11 A3014 RMK AO2A SLP211 T01260113 10126 20065 52006 $",2025-10-03 18:05:54.462085,2025-10-03 14:05:54.462131
"KGTB","Ft Drum/Wheeler AAF, NY, US",2025-10-03 17:55:00,"2025-10-03 17:55:00","VFR",22.6,7.6,240,7,NA,NA,1022.8,"METAR KGTB 031755Z AUTO 24007KT 10SM CLR 23/08 A3020 RMK AO2 SLP226 T02260076 10226 20094 57019",2025-10-03 18:05:54.468444,2025-10-03 14:05:54.468489
"KGRK","Killeen-Ft Hood Rgnl, TX, US",2025-10-03 17:55:00,"2025-10-03 12:55:00","VFR",31.8,15.7,0,0,NA,NA,1020.1,"METAR KGRK 031755Z AUTO 00000KT 10SM CLR 32/16 A3012 RMK AO2 SLP185 T03180157 10323 20193 58011",2025-10-03 18:05:54.475007,2025-10-03 14:05:54.475052
"KGUS","Peru/Grissom ARB, IN, US",2025-10-03 17:55:00,"2025-10-03 13:55:00","VFR",30.6,12.5,0,0,NA,NA,1022.4,"METAR KGUS 031755Z AUTO 00000KT 10SM BKN070 31/13 A3019 RMK AO2 SLP221 60000 T03060125 10307 20138 57015 $",2025-10-03 18:05:54.481457,2025-10-03 14:05:54.481501
"KGCK","Garden City Rgnl, KS, US",2025-10-03 17:54:00,"2025-10-03 12:54:00","VFR",28.3,12.8,170,13,19,NA,1018.7,"METAR KGCK 031754Z 17013G19KT 10SM CLR 28/13 A3008 RMK AO2 SLP155 T02830128 10283 20139 58011",2025-10-03 18:05:54.487921,2025-10-03 14:05:54.487966
"KGED","Georgetown/Sussex Cnty, DE, US",2025-10-03 17:54:00,"2025-10-03 13:54:00","VFR",20.6,8.3,170,4,NA,NA,1027.2,"METAR KGED 031754Z AUTO 17004KT 10SM CLR 21/08 A3033 RMK AO2 SLP271 T02060083 10206 20089 58025",2025-10-03 18:05:54.494326,2025-10-03 14:05:54.494371
"KGCN","Grand Canyon Park Arpt, AZ, US",2025-10-03 17:54:00,"2025-10-03 10:54:00","VFR",22.2,1.1,210,15,27,NA,1022.4,"METAR KGCN 031754Z 21015G27KT 10SM CLR 22/01 A3019 RMK AO2 PK WND 21029/1738 SLP137 T02220011 10222 20039 58007",2025-10-03 18:05:54.500758,2025-10-03 14:05:54.500803
"KFWA","Fort Wayne Intl, IN, US",2025-10-03 17:54:00,"2025-10-03 13:54:00","VFR",29.4,11.7,230,3,NA,NA,1023.8,"METAR KFWA 031754Z 23003KT 10SM FEW060 29/12 A3023 RMK AO2 SLP232 T02940117 10300 20106 58015",2025-10-03 18:05:54.507216,2025-10-03 14:05:54.50726
"KGSO","Greensboro Intl, NC, US",2025-10-03 17:54:00,"2025-10-03 13:54:00","VFR",21.1,8.9,NA,5,NA,NA,1027.2,"METAR KGSO 031754Z VRB05KT 10SM FEW045 FEW250 21/09 A3033 RMK AO2 SLP266 T02110089 10211 20106 58024",2025-10-03 18:05:54.513682,2025-10-03 14:05:54.513747
"KFZY","Fulton/Oswego Cnty, NY, US",2025-10-03 17:54:00,"2025-10-03 17:54:00","VFR",22.8,9.4,230,5,NA,NA,1024.1,"METAR KFZY 031754Z AUTO 23005KT 10SM CLR 23/09 A3024 RMK AO2 SLP240 T02280094 10228 20089 58019",2025-10-03 18:05:54.520123,2025-10-03 14:05:54.520168
"KGPT","Gulfport-Biloxi Intl, MS, US",2025-10-03 17:53:00,"2025-10-03 12:53:00","VFR",27.2,18.9,80,10,NA,NA,1019.7,"METAR KGPT 031753Z 08010KT 10SM CLR 27/19 A3011 RMK AO2 SLP194 T02720189 10272 20211 58010",2025-10-03 18:05:54.526566,2025-10-03 14:05:54.526611
"KGEZ","Shelbyville Muni, IN, US",2025-10-03 17:53:00,"2025-10-03 17:53:00","VFR",28.9,13.3,NA,4,NA,NA,1023.8,"METAR KGEZ 031753Z AUTO VRB04KT 10SM CLR 29/13 A3023 RMK AO2 SLP231 T02890133 10289 20133 58015",2025-10-03 18:05:54.533146,2025-10-03 14:05:54.53319
"KGKJ","Meadville Arpt, PA, US",2025-10-03 17:53:00,"2025-10-03 13:53:00","VFR",24.4,10,250,7,NA,NA,1025.5,"METAR KGKJ 031753Z AUTO 25007KT 10SM CLR 24/10 A3028 RMK AO2 SLP247 T02440100 10244 20117 58015",2025-10-03 18:05:54.539616,2025-10-03 14:05:54.539661
"KFOK","Westhampton/Gabreski Arpt, NY, US",2025-10-03 17:53:00,"2025-10-03 13:53:00","VFR",20,10.6,210,9,18,NA,1027.2,"METAR KFOK 031753Z 21009G18KT 10SM CLR 20/11 A3033 RMK AO2 SLP268 T02000106 10200 20083 58023",2025-10-03 18:05:54.546106,2025-10-03 14:05:54.546148
"KFRG","Farmingdale/Republic Arpt, NY, US",2025-10-03 17:53:00,"2025-10-03 13:53:00","VFR",20.6,8.9,220,8,NA,NA,1026.5,"METAR KFRG 031753Z 22008KT 10SM CLR 21/09 A3031 RMK AO2 SLP264 T02060089 10206 20117 58025",2025-10-03 18:05:54.552569,2025-10-03 14:05:54.552613
"KGFL","Glens Falls/Warren Cnty, NY, US",2025-10-03 17:53:00,"2025-10-03 13:53:00","VFR",19.4,9.4,170,6,NA,NA,1024.5,"METAR KGFL 031753Z AUTO 17006KT 10SM CLR 19/09 A3025 RMK AO2 SLP246 T01940094 10194 20022 58028",2025-10-03 18:05:54.559027,2025-10-03 14:05:54.559072
"KGEY","Greybull/South Big Horn Arpt, WY, US",2025-10-03 17:53:00,"2025-10-03 11:53:00","VFR",19.4,5,0,0,NA,NA,1013,"METAR KGEY 031753Z AUTO 00000KT 10SM CLR 19/05 A2991 RMK AO2 SLP104 T01940050 10194 20061 58017",2025-10-03 18:05:54.57665,2025-10-03 14:05:54.57675
"KFTW","Fort Worth/Meacham Intl, TX, US",2025-10-03 17:53:00,"2025-10-03 12:53:00","VFR",31.1,16.1,70,5,NA,NA,1020.1,"METAR KFTW 031753Z 07005KT 10SM CLR 31/16 A3012 RMK AO2 SLP191 T03110161 10317 20217 58010 $",2025-10-03 18:05:54.584423,2025-10-03 14:05:54.584468
"KGRR","Grand Rapids Intl, MI, US",2025-10-03 17:53:00,"2025-10-03 13:53:00","VFR",28.3,15,NA,4,NA,NA,1022.8,"METAR KGRR 031753Z VRB04KT 10SM FEW080 28/15 A3020 RMK AO2 SLP224 T02830150 10283 20122 58013",2025-10-03 18:05:54.591332,2025-10-03 14:05:54.591377
"KGCC","Gillette/Campbell Cnty, WY, US",2025-10-03 17:53:00,"2025-10-03 11:53:00","VFR",29.4,0.6,220,19,26,NA,1012.6,"METAR KGCC 031753Z AUTO 22019G26KT 10SM CLR 29/01 A2990 RMK AO2 PK WND 19028/1743 SLP074 T02940006 10294 20139 56015",2025-10-03 18:05:54.597973,2025-10-03 14:05:54.598016
"KGJT","Grand Junction Rgnl, CO, US",2025-10-03 17:53:00,"2025-10-03 11:53:00","VFR",27.8,1.1,130,18,24,9,1018.7,"METAR KGJT 031753Z 13018G24KT 9SM CLR 28/01 A3008 RMK AO2 SLP116 T02780011 10278 20144 58013 $",2025-10-03 18:05:54.604234,2025-10-03 14:05:54.604276
"KGRI","Grand Island Rgnl, NE, US",2025-10-03 17:53:00,"2025-10-03 12:53:00","VFR",30,14.4,180,12,18,NA,1018.7,"METAR KGRI 031753Z 18012G18KT 10SM CLR 30/14 A3008 RMK AO2 SLP175 T03000144 10300 20161 58013",2025-10-03 18:05:54.610682,2025-10-03 14:05:54.610755
"KGSH","Goshen Muni, IN, US",2025-10-03 17:53:00,"2025-10-03 13:53:00","VFR",29.4,15,200,5,NA,NA,1023.1,"METAR KGSH 031753Z AUTO 20005KT 10SM CLR 29/15 A3021 RMK AO2 SLP225 T02940150 10294 20106 58015",2025-10-03 18:05:54.617131,2025-10-03 14:05:54.617175
"KGGW","Glasgow Intl Arpt, MT, US",2025-10-03 17:53:00,"2025-10-03 11:53:00","VFR",23.3,7.8,290,8,NA,NA,1009.2,"METAR KGGW 031753Z AUTO 29008KT 10SM CLR 23/08 A2980 RMK AO2 SLP086 T02330078 10233 20117 58023 TSNO ",2025-10-03 18:05:54.623538,2025-10-03 14:05:54.623581
"KGMU","Greenville/Downtown Arpt, SC, US",2025-10-03 17:53:00,"2025-10-03 13:53:00","VFR",22.2,11.1,70,6,NA,NA,1027.2,"METAR KGMU 031753Z 07006KT 10SM CLR 22/11 A3033 RMK AO2 SLP265 T02220111 10222 20128 58022",2025-10-03 18:05:54.62992,2025-10-03 14:05:54.629964
"KGLD","Goodland/Renner Fld, KS, US",2025-10-03 17:53:00,"2025-10-03 11:53:00","VFR",28.9,11.7,180,14,NA,NA,1018,"METAR KGLD 031753Z AUTO 18014KT 10SM CLR 29/12 A3006 RMK AO2 SLP139 T02890117 10289 20122 58010 $",2025-10-03 18:05:54.636429,2025-10-03 14:05:54.636474
"KFYV","Fayetteville/Drake Fld, AR, US",2025-10-03 17:53:00,"2025-10-03 12:53:00","VFR",28.9,16.1,180,7,NA,NA,1023.8,"METAR KFYV 031753Z 18007KT 10SM CLR 29/16 A3023 RMK AO2 SLP223 T02890161 10289 20150 58008",2025-10-03 18:05:54.642885,2025-10-03 14:05:54.642931
"KGAG","Gage Arpt, OK, US",2025-10-03 17:53:00,"2025-10-03 12:53:00","VFR",28.9,13.9,190,16,NA,NA,1020.7,"METAR KGAG 031753Z AUTO 19016KT 10SM FEW110 29/14 A3014 RMK AO2 PK WND 20028/1726 SLP179 T02890139 10300 20194 58008",2025-10-03 18:05:54.649299,2025-10-03 14:05:54.649344
"KGKY","Arlington Muni, TX, US",2025-10-03 17:53:00,"2025-10-03 17:53:00","VFR",31.7,17.2,NA,NA,NA,NA,1020.4,"METAR KGKY 031753Z 10SM CLR 32/17 A3013 RMK AO2 SLP195 T03170172 10322 20189 58009",2025-10-03 18:05:54.655676,2025-10-03 14:05:54.655737
"KGNV","Gainesville Rgnl, FL, US",2025-10-03 17:53:00,"2025-10-03 13:53:00","VFR",29.4,20,80,14,22,NA,1019.7,"METAR KGNV 031753Z 08014G22KT 10SM FEW037 SCT060 BKN080 29/20 A3011 RMK AO2 SLP192 60000 T02940200 10294 20217 58018",2025-10-03 18:05:54.662136,2025-10-03 14:05:54.662179
"KFTY","Atlanta/Fulton Cnty, GA, US",2025-10-03 17:53:00,"2025-10-03 13:53:00","VFR",22.8,12.2,80,8,NA,NA,1025.8,"METAR KFTY 031753Z 08008KT 10SM CLR 23/12 A3029 RMK AO2 SLP249 T02280122 10233 20144 58016",2025-10-03 18:05:54.668557,2025-10-03 14:05:54.668601
"KFUL","Fullerton Muni, CA, US",2025-10-03 17:53:00,"2025-10-03 10:53:00","MVFR",20.6,17.2,0,0,NA,NA,1016,"METAR KFUL 031753Z 00000KT 10SM FEW011 BKN019 OVC042 21/17 A3000 RMK AO2 SLP156 60001 T02060172 10206 20178 50002",2025-10-03 18:05:54.674986,2025-10-03 14:05:54.67503
"KFVE","Frenchville/N Aroostook Rgnl, ME, US",2025-10-03 17:53:00,"2025-10-03 13:53:00","VFR",20.6,1.7,270,14,18,NA,1018,"METAR KFVE 031753Z AUTO 27014G18KT 10SM CLR 21/02 A3006 RMK AO2 SLP178 T02060017 10211 20061 56024",2025-10-03 18:05:54.681412,2025-10-03 14:05:54.681455
"KFXE","Ft Lauderdale Exec, FL, US",2025-10-03 17:53:00,"2025-10-03 13:53:00","VFR",30,22.8,70,16,24,NA,1014.3,"METAR KFXE 031753Z 07016G24KT 10SM FEW027 30/23 A2995 RMK AO2 SLP145 T03000228 10311 20272 58014",2025-10-03 18:05:54.687925,2025-10-03 14:05:54.68797
"KFWN","Sussex Arpt, NJ, US",2025-10-03 17:53:00,"2025-10-03 17:53:00","VFR",22.2,10.6,200,7,NA,NA,1025.5,"METAR KFWN 031753Z AUTO 20007KT 10SM CLR 22/11 A3028 RMK AO2 SLP254 T02220106 10228 20050 58030",2025-10-03 18:05:54.694362,2025-10-03 14:05:54.694407
"KGUP","Gallup Muni, NM, US",2025-10-03 17:53:00,"2025-10-03 11:53:00","VFR",26.1,6.1,180,16,26,NA,1024.8,"METAR KGUP 031753Z AUTO 18016G26KT 10SM SCT080 BKN100 26/06 A3026 RMK AO2 PK WND 19026/1753 SLP106 T02610061 10261 20050 58013 $",2025-10-03 18:05:54.712992,2025-10-03 14:05:54.713039
"KFOZ","Bigfork Muni, MN, US",2025-10-03 17:53:00,"2025-10-03 17:53:00","VFR",28,9,150,9,17,NA,1019,"METAR KFOZ 031753Z AUTO 15009G17KT 10SM SCT085 28/09 A3009 RMK AO2",2025-10-03 18:05:54.719956,2025-10-03 14:05:54.720001
"KGTF","Great Falls Intl, MT, US",2025-10-03 17:53:00,"2025-10-03 11:53:00","VFR",13.3,8.3,140,3,NA,NA,1015,"METAR KGTF 031753Z 14003KT 10SM FEW018 13/08 A2997 RMK AO2 SLP146 60000 T01330083 10133 20083 58009",2025-10-03 18:05:54.726688,2025-10-03 14:05:54.726754
"KGRB","Green Bay/Straubel Intl, WI, US",2025-10-03 17:53:00,"2025-10-03 12:53:00","VFR",29.4,15.6,210,7,15,NA,1019.7,"METAR KGRB 031753Z 21007G15KT 180V250 10SM CLR 29/16 A3011 RMK AO2 SLP194 T02940156 10294 20139 58014",2025-10-03 18:05:54.733161,2025-10-03 14:05:54.733203
"KGEG","Spokane Intl, WA, US",2025-10-03 17:53:00,"2025-10-03 10:53:00","VFR",13.3,6.7,300,3,NA,NA,1018.4,"METAR KGEG 031753Z 30003KT 10SM FEW025 FEW150 FEW250 13/07 A3007 RMK AO2 SLP181 T01330067 10133 20061 53004 $",2025-10-03 18:05:54.739551,2025-10-03 14:05:54.739594
"KGFK","Grand Forks Intl, ND, US",2025-10-03 17:53:00,"2025-10-03 12:53:00","VFR",28.9,13.9,160,13,NA,9,1012.3,"METAR KGFK 031753Z 16013KT 9SM SCT150 29/14 A2989 RMK AO2 SLP121 P0000 60000 T02890139 10289 20100 58031",2025-10-03 18:05:54.745925,2025-10-03 14:05:54.745968
"KGGG","Longview/Gregg Cnty, TX, US",2025-10-03 17:53:00,"2025-10-03 12:53:00","VFR",31.1,17.8,NA,5,NA,NA,1020.7,"METAR KGGG 031753Z VRB05KT 10SM CLR 31/18 A3014 RMK AO2 SLP201 T03110178 10311 20194 58006",2025-10-03 18:05:54.752412,2025-10-03 14:05:54.752456
"KGIF","Winter Haven Rgnl, FL, US",2025-10-03 17:53:00,"2025-10-03 13:53:00","VFR",27.8,23.9,60,10,NA,NA,1017.4,"METAR KGIF 031753Z AUTO 06010KT 10SM FEW045 BKN065 BKN080 28/24 A3004 RMK AO1 SLP168 P0004 60004 T02780239 10306 20233 58016",2025-10-03 18:05:54.758844,2025-10-03 14:05:54.758889
"KGLR","Gaylord Rgnl, MI, US",2025-10-03 17:53:00,"2025-10-03 13:53:00","VFR",26.7,12.8,250,10,NA,NA,1022.1,"METAR KGLR 031753Z AUTO 25010KT 10SM BKN070 27/13 A3018 RMK AO2 SLP215 T02670128 10267 20128 58011",2025-10-03 18:05:54.765259,2025-10-03 14:05:54.765304
"KGSP","Greenville-Spartanburg Intl, SC, US",2025-10-03 17:53:00,"2025-10-03 13:53:00","VFR",20.6,10.6,70,8,NA,NA,1027.2,"METAR KGSP 031753Z 07008KT 10SM CLR 21/11 A3033 RMK AO2 SLP265 T02060106 10217 20111 58022",2025-10-03 18:05:54.77175,2025-10-03 14:05:54.771796
"KGUY","Guymon Muni, OK, US",2025-10-03 17:53:00,"2025-10-03 12:53:00","VFR",32.2,9.4,200,17,24,NA,1019,"METAR KGUY 031753Z AUTO 20017G24KT 10SM CLR 32/09 A3009 RMK AO2 SLP137 T03220094 10322 20161 58012",2025-10-03 18:05:54.77824,2025-10-03 14:05:54.778284
"KGVL","Gainesville/Gilmer Mem, GA, US",2025-10-03 17:53:00,"2025-10-03 13:53:00","VFR",21.7,11.1,110,7,NA,NA,1027.2,"METAR KGVL 031753Z AUTO 11007KT 10SM CLR 22/11 A3033 RMK AO2 SLP260 T02170111 10222 20139 58018",2025-10-03 18:05:54.784784,2025-10-03 14:05:54.784831
"KFOE","Topeka/Forbes Fld, KS, US",2025-10-03 17:53:00,"2025-10-03 12:53:00","VFR",29.4,16.1,200,13,19,NA,1021.1,"METAR KFOE 031753Z 20013G19KT 10SM CLR 29/16 A3015 RMK AO2 SLP200 T02940161 10294 20150 58010",2025-10-03 18:05:54.791204,2025-10-03 14:05:54.791248
"KFPR","Ft Pierce/Treasure Coast Intl, FL, US",2025-10-03 17:53:00,"2025-10-03 13:53:00","VFR",29.4,21.7,60,12,27,NA,1016,"METAR KFPR 031753Z 06012G27KT 10SM BKN034 BKN041 OVC055 29/22 A3000 RMK AO2 PK WND 08027/1748 LTG DSNT S AND SW SLP157 T02940217 10294 20250 58011",2025-10-03 18:05:54.797611,2025-10-03 14:05:54.797656
"KFSM","Fort Smith Rgnl, AR, US",2025-10-03 17:53:00,"2025-10-03 12:53:00","VFR",30,18.3,NA,4,NA,NA,1022.4,"METAR KFSM 031753Z VRB04KT 10SM CLR 30/18 A3019 RMK AO2 SLP217 T03000183 10300 20194 58010",2025-10-03 18:05:54.804093,2025-10-03 14:05:54.804138
"KFST","Fort Stockton/Pecos Cnty, TX, US",2025-10-03 17:53:00,"2025-10-03 12:53:00","VFR",31.1,8.3,140,10,NA,NA,1021.4,"METAR KFST 031753Z AUTO 14010KT 10SM CLR 31/08 A3016 RMK AO2 SLP164 T03110083 10311 20172 58009",2025-10-03 18:05:54.810512,2025-10-03 14:05:54.810557
"KGLS","Galveston/Scholes Intl, TX, US",2025-10-03 17:52:00,"2025-10-03 12:52:00","MVFR",30,22.8,70,14,22,NA,1019,"METAR KGLS 031752Z 07014G22KT 10SM SCT023 BKN030 30/23 A3009 RMK AO1 SLP189 T03000228 10300 20250 58003",2025-10-03 18:05:54.816937,2025-10-03 14:05:54.816979
"KFOT","Fortuna/Rohnerville Arpt, CA, US",2025-10-03 17:50:00,"2025-10-03 17:50:00","MVFR",14,14,300,7,NA,8,1021.1,"METAR KFOT 031750Z AUTO 30007KT 8SM BKN014 OVC020 14/14 A3015 RMK AO1",2025-10-03 18:05:54.824196,2025-10-03 14:05:54.824238
"KFWS","Fort Worth/Spinks Arpt, TX, US",2025-10-03 17:49:00,"2025-10-03 17:49:00","VFR",31,18,80,6,NA,NA,1020.7,"METAR KFWS 031749Z 08006KT 10SM SCT055 31/18 A3014",2025-10-03 18:05:54.830619,2025-10-03 14:05:54.830663
"KGEU","Glendale Muni, AZ, US",2025-10-03 17:48:00,"2025-10-03 17:48:00","VFR",32,9,NA,4,NA,NA,1011.6,"METAR KGEU 031748Z VRB04KT 10SM CLR 32/09 A2987",2025-10-03 18:05:54.848735,2025-10-03 14:05:54.848783
"KGVT","Greenville/Majors Arpt, TX, US",2025-10-03 17:35:00,"2025-10-03 12:35:00","VFR",30,18,80,3,NA,NA,1021.4,"METAR KGVT 031735Z AUTO 08003KT 10SM SCT045 30/18 A3016 RMK AO2",2025-10-03 18:05:54.855515,2025-10-03 14:05:54.85556
"KGNB","Granby/Grand Cnty, CO, US",2025-10-03 17:35:00,"2025-10-03 17:35:00","VFR",17.7,1.1,340,3,NA,NA,1028.9,"METAR KGNB 031735Z AUTO 34003KT 10SM CLR 18/01 A3038 RMK AO2 T01770011",2025-10-03 18:05:54.862256,2025-10-03 14:05:54.862299
"KGNC","Seminole/Gaines Cnty, TX, US",2025-10-03 17:35:00,"2025-10-03 17:35:00","VFR",29.9,8.8,180,6,NA,NA,1024.5,"METAR KGNC 031735Z AUTO 18006KT 10SM CLR 30/09 A3025 RMK AO2 T02990088",2025-10-03 18:05:54.868635,2025-10-03 14:05:54.868679
"KGOK","Guthrie-Edmond Rgnl, OK, US",2025-10-03 16:53:00,"2025-10-03 11:53:00","VFR",28.9,17.8,190,13,NA,NA,1021.8,"METAR KGOK 031653Z AUTO 19013KT 10SM CLR 29/18 A3017 RMK AO2 SLP208 T02890178 $",2025-10-03 18:05:54.875088,2025-10-03 14:05:54.875133
"KGWW","Goldsboro/Wayne Muni, NC, US",2025-10-03 18:00:00,"2025-10-03 18:00:00","VFR",24.4,12.7,40,10,15,NA,1025.8,"METAR KGWW 031800Z AUTO 04010G15KT 10SM CLR 24/13 A3029 RMK AO2 T02440127",2025-10-03 18:05:56.945224,2025-10-03 14:05:56.945268
"KHRJ","Erwin/Harnett Rgnl, NC, US",2025-10-03 18:00:00,"2025-10-03 18:00:00","VFR",23.1,13.3,50,5,NA,NA,1026.8,"METAR KHRJ 031800Z AUTO 05005KT 10SM CLR 23/13 A3032 RMK AO2 T02310133",2025-10-03 18:05:56.951754,2025-10-03 14:05:56.9518
"KHIF","Ogden/Hill AFB, UT, US",2025-10-03 17:58:00,"2025-10-03 11:58:00","VFR",15.6,10.6,80,8,NA,NA,1014.6,"METAR KHIF 031758Z 08008KT 10SM -TSRA SCT070 BKN080 16/11 A2996 RMK AO2A SLP098 RAB1655 TSB39 P0003 60003 T01560106 10207 20156 55003",2025-10-03 18:05:56.958092,2025-10-03 14:05:56.958138
"KHNB","Huntingburg Arpt, IN, US",2025-10-03 17:56:00,"2025-10-03 13:56:00","VFR",21.7,17.8,190,7,NA,NA,1025.5,"METAR KHNB 031756Z AUTO 19007KT 10SM CLR 22/18 A3028 RMK AO2 SLP250 60002 T02170178 10228 20183 58011",2025-10-03 18:05:56.964486,2025-10-03 14:05:56.964529
"KHYS","Hays Rgnl, KS, US",2025-10-03 17:56:00,"2025-10-03 12:56:00","VFR",28.9,14.4,180,17,NA,NA,1018.7,"METAR KHYS 031756Z AUTO 18017KT 10SM CLR 29/14 A3008 RMK AO2 SLP173 T02890144 10289 20139 58014 $",2025-10-03 18:05:56.97092,2025-10-03 14:05:56.970966
"KHYI","San Marcos Muni, TX, US",2025-10-03 17:56:00,"2025-10-03 17:56:00","VFR",33.3,15,NA,3,NA,NA,1019.4,"METAR KHYI 031756Z VRB03KT 10SM CLR 33/15 A3010 RMK AO2 SLP185 T03330150 10344 20183 58013",2025-10-03 18:05:56.977338,2025-10-03 14:05:56.977382
"KHYA","Hyannis/Barnstable Muni, MA, US",2025-10-03 17:56:00,"2025-10-03 13:56:00","VFR",19.4,11.1,230,15,22,NA,1025.1,"METAR KHYA 031756Z 23015G22KT 10SM CLR 19/11 A3027 RMK AO2 SLP251 T01940111 10194 20094 58024",2025-10-03 18:05:56.983655,2025-10-03 14:05:56.983717
"KHND","Henderson Exec, NV, US",2025-10-03 17:56:00,"2025-10-03 10:56:00","VFR",26.7,8.9,210,22,27,NA,1013,"METAR KHND 031756Z 21022G27KT 10SM CLR 27/09 A2991 RMK AO2 PK WND 21027/1755 SLP119 T02670089 10267 20200 58003 $",2025-10-03 18:05:56.990001,2025-10-03 14:05:56.990045
"KHEF","Manassas Rgnl, VA, US",2025-10-03 17:56:00,"2025-10-03 13:56:00","VFR",22.2,10.6,160,5,NA,NA,1027.5,"METAR KHEF 031756Z 16005KT 10SM CLR 22/11 A3034 RMK AO2 SLP277 T02220106 10222 20072 58027 $",2025-10-03 18:05:57.007812,2025-10-03 14:05:57.007859
"KHPN","White Plains/Westchester Cnty, NY, US",2025-10-03 17:56:00,"2025-10-03 13:56:00","VFR",21.1,9.4,0,0,NA,NA,1025.8,"METAR KHPN 031756Z 00000KT 10SM CLR 21/09 A3029 RMK AO2 SLP257 T02110094 10211 20111 58026",2025-10-03 18:05:57.01456,2025-10-03 14:05:57.014605
"KGXY","Greeley/Weld Cnty Arpt, CO, US",2025-10-03 17:56:00,"2025-10-03 11:56:00","VFR",25.6,7.8,160,5,NA,NA,1019.4,"METAR KGXY 031756Z AUTO 16005KT 10SM CLR 26/08 A3010 RMK AO2 SLP159 T02560078 10256 20072 58015 $",2025-10-03 18:05:57.021219,2025-10-03 14:05:57.021264
"KHWV","Brookhaven Arpt, NY, US",2025-10-03 17:56:00,"2025-10-03 13:56:00","VFR",20,8.9,210,8,16,NA,1026.8,"METAR KHWV 031756Z AUTO 21008G16KT 10SM CLR 20/09 A3032 RMK AO2 SLP266 T02000089 10206 20072 58023 PWINO",2025-10-03 18:05:57.027655,2025-10-03 14:05:57.027714
"KHEZ","Natchez/Adams Cnty, MS, US",2025-10-03 17:56:00,"2025-10-03 12:56:00","VFR",27.2,16.7,10,6,NA,NA,1021.4,"METAR KHEZ 031756Z AUTO 01006KT 10SM CLR 27/17 A3016 RMK AO2 SLP211 T02720167 10278 20189 58011 $",2025-10-03 18:05:57.034061,2025-10-03 14:05:57.034105
"KHQU","Thomson/McDuffie Cnty, GA, US",2025-10-03 17:55:00,"2025-10-03 17:55:00","VFR",23,12,30,10,15,NA,1027.2,"METAR KHQU 031755Z AUTO 03010G15KT 10SM CLR 23/12 A3033 RMK AO2",2025-10-03 18:05:57.040423,2025-10-03 14:05:57.040468
"KHDC","Hammond/Northshore Rgnl, LA, US",2025-10-03 17:55:00,"2025-10-03 17:55:00","VFR",27.6,18.5,30,3,NA,NA,1020.1,"METAR KHDC 031755Z AUTO 03003KT 10SM CLR 28/19 A3012 RMK AO2 T02760185 10286 20196",2025-10-03 18:05:57.046818,2025-10-03 14:05:57.046864
"KHJH","Hebron Muni, NE, US",2025-10-03 17:55:00,"2025-10-03 17:55:00","VFR",30.5,13.5,180,10,17,NA,1019.4,"METAR KHJH 031755Z AUTO 18010G17KT 10SM CLR 31/14 A3010 RMK AO2 T03050135 10305 20152",2025-10-03 18:05:57.053192,2025-10-03 14:05:57.053235
"KHBV","Hebbronville/Hogg Cnty, TX, US",2025-10-03 17:55:00,"2025-10-03 17:55:00","VFR",31.2,17.1,50,8,NA,9,1018,"METAR KHBV 031755Z AUTO 05008KT 9SM SCT060 31/17 A3006 RMK AO2 T03120171 10321 20184 58010 $",2025-10-03 18:05:57.059562,2025-10-03 14:05:57.059605
"KHRX","Hereford Muni, TX, US",2025-10-03 17:55:00,"2025-10-03 17:55:00","VFR",32.1,5.5,230,13,22,NA,1023.1,"METAR KHRX 031755Z AUTO 23013G22KT 10SM CLR 32/06 A3021 RMK AO2 T03210055 10325 20145 TSNO",2025-10-03 18:05:57.066055,2025-10-03 14:05:57.066101
"KGWR","Gwinner Muni, ND, US",2025-10-03 17:55:00,"2025-10-03 17:55:00","VFR",30,17,180,8,NA,NA,1013,"METAR KGWR 031755Z AUTO 18008KT 10SM CLR 30/17 A2991 RMK A01",2025-10-03 18:05:57.072484,2025-10-03 14:05:57.072529
"KHPT","Hampton Muni, IA, US",2025-10-03 17:55:00,"2025-10-03 12:55:00","VFR",28,13,200,7,NA,NA,1020.4,"METAR KHPT 031755Z AUTO 20007KT 10SM CLR 28/13 A3013 RMK AO2",2025-10-03 18:05:57.078914,2025-10-03 14:05:57.078957
"KHLR","Killeen/Ft Hood AAF, TX, US",2025-10-03 17:55:00,"2025-10-03 12:55:00","VFR",31.5,17,130,4,NA,NA,1019.4,"METAR KHLR 031755Z AUTO 13004KT 10SM CLR 32/17 A3010 RMK AO2 SLP182 T03150170 10317 20205 58011",2025-10-03 18:05:57.085263,2025-10-03 14:05:57.085305
"KHSB","Harrisburg/Raleigh Arpt, IL, US",2025-10-03 17:55:00,"2025-10-03 12:55:00","VFR",28,16.6,NA,NA,NA,NA,1024.5,"METAR KHSB 031755Z 10SM CLR 28/17 A3025 RMK AO2 T02800166 10280 20158",2025-10-03 18:05:57.091712,2025-10-03 14:05:57.09176
"KHRT","Ft Walton Beach/Hurlburt Fld, FL, US",2025-10-03 17:55:00,"2025-10-03 17:55:00","VFR",28.8,18.8,100,8,NA,NA,1019.4,"METAR KHRT 031755Z 10008KT 10SM SCT060 OVC180 29/19 A3010 RMK AO2A SLP191 T02880188 10288 20200 58009 $",2025-10-03 18:05:57.098124,2025-10-03 14:05:57.098168
"KHEQ","Holyoke Arpt, CO, US",2025-10-03 17:55:00,"2025-10-03 17:55:00","VFR",27,13,200,6,NA,NA,1018.4,"METAR KHEQ 031755Z AUTO 20006KT 10SM CLR 27/13 A3007 RMK AO2",2025-10-03 18:05:57.104541,2025-10-03 14:05:57.104584
"KHUA","Huntsville/Redstone AAF, AL, US",2025-10-03 17:55:00,"2025-10-03 12:55:00","VFR",27,14,170,3,NA,7,1024.8,"METAR KHUA 031755Z 17003KT 7SM CLR 27/14 A3026 RMK SLPNO RVRNO $",2025-10-03 18:05:57.110878,2025-10-03 14:05:57.110921
"KHYW","Conway/Horry Cnty, SC, US",2025-10-03 17:55:00,"2025-10-03 17:55:00","VFR",25,16,10,6,NA,NA,1024.5,"METAR KHYW 031755Z AUTO 01006KT 10SM CLR 25/16 A3025 RMK AO2",2025-10-03 18:05:57.117348,2025-10-03 14:05:57.117402
"KGZN","Cisco/Simmons Mem, TX, US",2025-10-03 17:55:00,"2025-10-03 17:55:00","VFR",31,13,NA,5,11,NA,1020.4,"METAR KGZN 031755Z AUTO VRB05G11KT 10SM CLR 31/13 A3013 RMK AO2",2025-10-03 18:05:57.123852,2025-10-03 14:05:57.123899
"KGZS","Pulaski/Abernathy Fld, TN, US",2025-10-03 17:55:00,"2025-10-03 17:55:00","VFR",25,15,190,5,NA,NA,1025.5,"METAR KGZS 031755Z AUTO 19005KT 10SM CLR 25/15 A3028 RMK A01",2025-10-03 18:05:57.141455,2025-10-03 14:05:57.141501
"KHLB","Batesville Arpt, IN, US",2025-10-03 17:55:00,"2025-10-03 13:55:00","VFR",29,14,0,0,NA,NA,1024.1,"METAR KHLB 031755Z AUTO 00000KT 10SM CLR 29/14 A3024 RMK A01",2025-10-03 18:05:57.148176,2025-10-03 14:05:57.148221
"KHSD","Oklahoma City/Sundance Arpt, OK, US",2025-10-03 17:55:00,"2025-10-03 17:55:00","VFR",30,17,160,11,16,NA,1021.4,"METAR KHSD 031755Z AUTO 16011G16KT 140V200 10SM CLR 30/17 A3016 RMK A01",2025-10-03 18:05:57.154867,2025-10-03 14:05:57.15491
"KHTH","Hawthorne Muni, NV, US",2025-10-03 17:55:00,"2025-10-03 10:55:00","MVFR",10,7,210,7,NA,3,1018,"METAR KHTH 031755Z AUTO 21007KT 3SM HZ SCT028 BKN034 OVC044 10/07 A3006 RMK A01 P0004",2025-10-03 18:05:57.161052,2025-10-03 14:05:57.161095
"KHVC","Hopkinsville/Christian Cnty, KY, US",2025-10-03 17:55:00,"2025-10-03 17:55:00","VFR",23,13,0,0,NA,NA,1025.5,"METAR KHVC 031755Z AUTO 00000KT 10SM SCT100 23/13 A3028 RMK AO2",2025-10-03 18:05:57.167516,2025-10-03 14:05:57.167559
"KHZD","Huntingdon/Carroll Cnty, TN, US",2025-10-03 17:55:00,"2025-10-03 17:55:00","VFR",26,13,NA,3,NA,NA,1024.8,"METAR KHZD 031755Z AUTO VRB03KT 10SM CLR 26/13 A3026 RMK A01",2025-10-03 18:05:57.173948,2025-10-03 14:05:57.173993
"KHAE","Hannibal Rgnl, MO, US",2025-10-03 17:55:00,"2025-10-03 17:55:00","VFR",31,16,250,5,NA,NA,1022.8,"METAR KHAE 031755Z AUTO 25005KT 10SM SCT050 31/16 A3020 RMK AO2",2025-10-03 18:05:57.180393,2025-10-03 14:05:57.180436
"KHDE","Holdrege/Brewster Fld, NE, US",2025-10-03 17:55:00,"2025-10-03 12:55:00","VFR",27.2,15.4,170,12,NA,NA,1018.4,"METAR KHDE 031755Z AUTO 17012KT 10SM CLR 27/15 A3007 RMK AO2 T02720154 10274 20143",2025-10-03 18:05:57.186815,2025-10-03 14:05:57.186859
"KHLX","Hillsville/Twin Cnty, VA, US",2025-10-03 17:55:00,"2025-10-03 17:55:00","VFR",20,10,20,5,NA,NA,1027.9,"METAR KHLX 031755Z AUTO 02005KT 10SM CLR 20/10 A3035 RMK AO2",2025-10-03 18:05:57.193221,2025-10-03 14:05:57.193266
"KHHW","Hugo/Stamper Muni, OK, US",2025-10-03 17:55:00,"2025-10-03 12:55:00","VFR",30,17,70,6,NA,NA,1021.8,"METAR KHHW 031755Z AUTO 07006KT 10SM SCT045 30/17 A3017 RMK AO2",2025-10-03 18:05:57.19971,2025-10-03 14:05:57.19976
"KHFY","Greenwood Muni, IN, US",2025-10-03 17:55:00,"2025-10-03 17:55:00","VFR",28.2,15.5,0,0,NA,NA,1024.1,"METAR KHFY 031755Z AUTO 00000KT 10SM SCT050 28/16 A3024 RMK AO2 T02820155 10284 20137",2025-10-03 18:05:57.206155,2025-10-03 14:05:57.206199
"KHQG","Hugoton Muni, KS, US",2025-10-03 17:55:00,"2025-10-03 17:55:00","VFR",32,11,200,12,20,NA,1019,"METAR KHQG 031755Z AUTO 20012G20KT 10SM CLR 32/11 A3009 RMK AO2 TSNO 10320 20129",2025-10-03 18:05:57.212553,2025-10-03 14:05:57.212597
"KGYB","Giddings/Lee Cnty, TX, US",2025-10-03 17:55:00,"2025-10-03 17:55:00","VFR",32.3,15.8,80,7,NA,NA,1020.4,"METAR KGYB 031755Z AUTO 08007KT 030V140 10SM CLR 32/16 A3013 RMK AO2 T03230158 10325 20181",2025-10-03 18:05:57.219039,2025-10-03 14:05:57.219083
"KHSG","Thermopolis/Hot Springs Cnty, WY, US",2025-10-03 17:55:00,"2025-10-03 11:55:00","VFR",24.8,1.8,100,9,NA,NA,1013.6,"METAR KHSG 031755Z AUTO 10009KT 10SM CLR 25/02 A2993 RMK AO2 T02480018 10248 20046",2025-10-03 18:05:57.22548,2025-10-03 14:05:57.225524
"KHII","Lake Havasu City Arpt, AZ, US",2025-10-03 17:55:00,"2025-10-03 10:55:00",NA,32,5,200,10,NA,NA,1010.9,"METAR KHII 031755Z AUTO 20010KT CLR 32/05 A2985 RMK AO2 P0004",2025-10-03 18:05:57.231947,2025-10-03 14:05:57.231991
"KHNR","Harlan Muni, IA, US",2025-10-03 17:55:00,"2025-10-03 17:55:00","VFR",29,17,180,11,NA,NA,1020.1,"METAR KHNR 031755Z AUTO 18011KT 10SM CLR 29/17 A3012 RMK A01",2025-10-03 18:05:57.238426,2025-10-03 14:05:57.23847
"KHBI","Asheboro Muni, NC, US",2025-10-03 17:55:00,"2025-10-03 17:55:00","VFR",20,11,60,3,NA,NA,1027.9,"METAR KHBI 031755Z AUTO 06003KT 10SM SCT035 20/11 A3035 RMK AO2 T02000110 10200 20081",2025-10-03 18:05:57.244886,2025-10-03 14:05:57.24493
"KHNZ","Oxford-Henderson Arpt, NC, US",2025-10-03 17:55:00,"2025-10-03 17:55:00","MVFR",19.5,11.2,0,0,NA,NA,1027.5,"METAR KHNZ 031755Z AUTO 00000KT 10SM BKN029 20/11 A3034 RMK AO2 T01950112 10197 20087",2025-10-03 18:05:57.251312,2025-10-03 14:05:57.251356
"KHAF","Half Moon Bay Arpt, CA, US",2025-10-03 17:55:00,"2025-10-03 10:55:00","MVFR",17,14,340,12,18,6,1019,"METAR KHAF 031755Z AUTO 34012G18KT 6SM HZ SCT014 OVC022 17/14 A3009 RMK AO2",2025-10-03 18:05:57.269374,2025-10-03 14:05:57.269438
"KHCO","Hallock Muni, MN, US",2025-10-03 17:55:00,"2025-10-03 17:55:00","VFR",28,16,150,12,NA,NA,1013.3,"METAR KHCO 031755Z AUTO 15012KT 10SM CLR 28/16 A2992 RMK AO2",2025-10-03 18:05:57.276436,2025-10-03 14:05:57.276481
"KHVS","Hartsville Rgnl, SC, US",2025-10-03 17:55:00,"2025-10-03 13:55:00","VFR",24,14,NA,6,NA,NA,1025.5,"METAR KHVS 031755Z AUTO VRB06KT 10SM CLR 24/14 A3028 RMK AO2",2025-10-03 18:05:57.283241,2025-10-03 14:05:57.283286
"KHSP","Hot Springs/Ingalls Fld, VA, US",2025-10-03 17:55:00,"2025-10-03 13:55:00","VFR",16.2,10.2,100,4,NA,7,1029.2,"METAR KHSP 031755Z AUTO 10004KT 7SM CLR 16/10 A3039 RMK AO2 T01620102 10165 20062",2025-10-03 18:05:57.289689,2025-10-03 14:05:57.28975
"KGYL","Glencoe Muni, MN, US",2025-10-03 17:55:00,"2025-10-03 17:55:00","VFR",28.5,16.3,190,6,NA,NA,1018.7,"METAR KGYL 031755Z AUTO 19006KT 10SM CLR 29/16 A3008 RMK AO2 T02850163 10285 20128",2025-10-03 18:05:57.296114,2025-10-03 14:05:57.29616
"KHAI","Three Rivers Muni, MI, US",2025-10-03 17:55:00,"2025-10-03 13:55:00","VFR",29,15,NA,4,NA,NA,1022.8,"METAR KHAI 031755Z AUTO VRB04KT 10SM SCT075 29/15 A3020 RMK AO2 10297 20103",2025-10-03 18:05:57.302577,2025-10-03 14:05:57.30262
"KHEG","Jacksonville/Herlong Arpt, FL, US",2025-10-03 17:55:00,"2025-10-03 17:55:00","MVFR",26,21,40,14,25,9,1020.7,"METAR KHEG 031755Z AUTO 04014G25KT 9SM BKN023 BKN030 OVC055 26/21 A3014 RMK AO2 TSNO",2025-10-03 18:05:57.308985,2025-10-03 14:05:57.309028
"KHFJ","Monett Muni, MO, US",2025-10-03 17:55:00,"2025-10-03 17:55:00","VFR",27,15,190,5,NA,NA,1023.8,"METAR KHFJ 031755Z AUTO 19005KT 10SM SCT047 BKN060 27/15 A3023 RMK AO2",2025-10-03 18:05:57.315445,2025-10-03 14:05:57.31549
"KHHF","Canadian/Hemphill Cnty, TX, US",2025-10-03 17:55:00,"2025-10-03 17:55:00","VFR",28.2,13.4,190,13,16,NA,1021.1,"METAR KHHF 031755Z AUTO 19013G16KT 10SM BKN120 28/13 A3015 RMK AO2 T02820134 10282 20188",2025-10-03 18:05:57.32215,2025-10-03 14:05:57.32222
"KHMT","Hemet/Ryan Arpt, CA, US",2025-10-03 17:55:00,"2025-10-03 10:55:00","VFR",22,12,210,6,NA,NA,1017,"METAR KHMT 031755Z AUTO 21006KT 10SM CLR 22/12 A3003 RMK AO2",2025-10-03 18:05:57.328911,2025-10-03 14:05:57.328955
"KHCR","Heber City Muni, UT, US",2025-10-03 17:55:00,"2025-10-03 17:55:00","VFR",25,-0.2,190,15,20,NA,1015.3,"METAR KHCR 031755Z AUTO 19015G20KT 140V230 10SM SCT100 25/M00 A2998 RMK AO2 T02501002 10251 20065 56016 $",2025-10-03 18:05:57.335386,2025-10-03 14:05:57.33543
"KHON","Huron Rgnl, SD, US",2025-10-03 17:55:00,"2025-10-03 12:55:00","VFR",28.9,16.1,170,12,22,NA,1014.6,"METAR KHON 031755Z AUTO 17012G22KT 10SM CLR 29/16 A2996 RMK AO2 SLP136 T02890161 10289 20172 58015",2025-10-03 18:05:57.34186,2025-10-03 14:05:57.341904
"KHYX","Saginaw Cnty Arpt, MI, US",2025-10-03 17:55:00,"2025-10-03 17:55:00","VFR",28,13,210,6,NA,NA,1022.1,"METAR KHYX 031755Z AUTO 21006KT 10SM CLR 28/13 A3018 RMK AO2 10283 20089",2025-10-03 18:05:57.348268,2025-10-03 14:05:57.348312
"KHOP","Fort Campbell, KY, US",2025-10-03 17:55:00,"2025-10-03 12:55:00","VFR",26.6,14,170,3,NA,NA,1024.8,"METAR KHOP 031755Z AUTO 17003KT 10SM CLR 27/14 A3026 RMK AO2 SLP244 T02660140 10267 20184 57015",2025-10-03 18:05:57.354675,2025-10-03 14:05:57.354739
"KHMN","Holloman AFB, NM, US",2025-10-03 17:55:00,"2025-10-03 11:55:00","VFR",28.9,4.4,170,10,18,NA,1024.5,"METAR KHMN 031755Z AUTO 17010G18KT 10SM CLR 29/04 A3025 RMK AO2 SLP168 T02890044 10290 20150 58009 $",2025-10-03 18:05:57.361126,2025-10-03 14:05:57.361169
"KHST","Homestead AFB, FL, US",2025-10-03 17:55:00,"2025-10-03 13:55:00","VFR",29.6,22.8,50,15,18,NA,1014,"METAR KHST 031755Z AUTO 05015G18KT 10SM FEW032 30/23 A2994 RMK AO2 SLP142 60038 T02960228 10298 20237 57019",2025-10-03 18:05:57.367567,2025-10-03 14:05:57.367611
"KHFF","Mackall, NC, US",2025-10-03 17:55:00,"2025-10-03 13:55:00","VFR",23,13.7,50,6,NA,NA,1025.5,"METAR KHFF 031755Z AUTO 05006KT 10SM FEW034 23/14 A3028 RMK AO2 SLP255 T02300137 10231 20113 57021 $",2025-10-03 18:05:57.373982,2025-10-03 14:05:57.374026
"KHOE","Homerville Arpt, GA, US",2025-10-03 17:55:00,"2025-10-03 17:55:00","VFR",27.2,18.3,50,9,15,NA,1022.1,"METAR KHOE 031755Z AUTO 05009G15KT 360V090 10SM SCT035 BKN048 BKN050 27/18 A3018 RMK AO2 T02720183",2025-10-03 18:05:57.380363,2025-10-03 14:05:57.380407
"KHWY","Warrenton/Fauquier Arpt, VA, US",2025-10-03 17:55:00,"2025-10-03 17:55:00","MVFR",22.5,6.4,0,0,NA,5,1027.2,"METAR KHWY 031755Z AUTO 00000KT 5SM HZ CLR 23/06 A3033 RMK AO2 T02250064 10231 20065",2025-10-03 18:05:57.386686,2025-10-03 14:05:57.38675
"KHWD","Hayward Exec, CA, US",2025-10-03 17:54:00,"2025-10-03 10:54:00","VFR",17.8,11.7,260,5,NA,NA,1018.4,"METAR KHWD 031754Z 26005KT 10SM BKN034 18/12 A3007 RMK AO2 SLP190 T01780117 10178 20156 51008",2025-10-03 18:05:57.471711,2025-10-03 14:05:57.471758
"KHLG","Wheeling/Ohio Cnty, WV, US",2025-10-03 17:53:00,"2025-10-03 13:53:00","VFR",23.9,11.7,300,3,NA,NA,1025.5,"METAR KHLG 031753Z 30003KT 10SM CLR 24/12 A3028 RMK AO2 SLP252 T02390117 10239 20128 58019",2025-10-03 18:05:57.478139,2025-10-03 14:05:57.478181
"KHLN","Helena Rgnl, MT, US",2025-10-03 17:53:00,"2025-10-03 11:53:00","VFR",15.6,7.2,280,6,NA,NA,1014.6,"METAR KHLN 031753Z 28006KT 10SM SCT060 16/07 A2996 RMK AO2 SLP148 T01560072 10156 20094 58010 $",2025-10-03 18:05:57.484442,2025-10-03 14:05:57.484484
"KHUF","Terre Haute/Hulman Fld, IN, US",2025-10-03 17:53:00,"2025-10-03 13:53:00","VFR",31.1,17.8,180,7,NA,NA,1023.1,"METAR KHUF 031753Z 18007KT 10SM FEW050 31/18 A3021 RMK AO2 SLP226 T03110178 10317 20144 58016",2025-10-03 18:05:57.490593,2025-10-03 14:05:57.490634
"KHGR","Hagerstown Rgnl, MD, US",2025-10-03 17:53:00,"2025-10-03 13:53:00","VFR",21.1,10.6,190,4,NA,NA,1026.8,"METAR KHGR 031753Z 19004KT 10SM CLR 21/11 A3032 RMK AO2 SLP274 T02110106 10211 20117 58025 $",2025-10-03 18:05:57.49683,2025-10-03 14:05:57.496872
"KGWO","Greenwood/Leflore Arpt, MS, US",2025-10-03 17:53:00,"2025-10-03 12:53:00","VFR",28.9,13.3,60,8,NA,NA,1023.1,"METAR KGWO 031753Z AUTO 06008KT 10SM CLR 29/13 A3021 RMK AO2 SLP229 T02890133 10289 20156 58016 $",2025-10-03 18:05:57.503112,2025-10-03 14:05:57.503156
"KHBG","Hattiesburg/Chain Muni, MS, US",2025-10-03 17:53:00,"2025-10-03 12:53:00","VFR",28.3,16.7,110,5,NA,NA,1021.1,"METAR KHBG 031753Z AUTO 11005KT 10SM CLR 28/17 A3015 RMK AO2 SLP208 T02830167 10294 20189 58015 PWINO $",2025-10-03 18:05:57.509566,2025-10-03 14:05:57.509611
"KHBR","Hobart Muni, OK, US",2025-10-03 17:53:00,"2025-10-03 12:53:00","VFR",30.6,13.3,190,12,18,NA,1021.4,"METAR KHBR 031753Z AUTO 19012G18KT 10SM CLR 31/13 A3016 RMK AO2 SLP195 T03060133 10306 20183 58009",2025-10-03 18:05:57.516019,2025-10-03 14:05:57.516063
"KHIO","Portland/Hillsboro Arpt, OR, US",2025-10-03 17:53:00,"2025-10-03 10:53:00","LIFR",12.2,10.6,0,0,NA,NA,1022.1,"METAR KHIO 031753Z 00000KT 10SM BKN004 12/11 A3018 RMK AO2 SLP221 T01220106 10122 20089 53008 $",2025-10-03 18:05:57.522424,2025-10-03 14:05:57.52247
"KHFD","Hartford/Brainard Arpt, CT, US",2025-10-03 17:53:00,"2025-10-03 13:53:00","VFR",21.7,9.4,NA,6,NA,NA,1025.1,"METAR KHFD 031753Z VRB06KT 10SM CLR 22/09 A3027 RMK AO2 SLP249 T02170094 10217 20083 58028",2025-10-03 18:05:57.528929,2025-10-03 14:05:57.528973
"KHKY","Hickory Rgnl, NC, US",2025-10-03 17:53:00,"2025-10-03 13:53:00","VFR",20.6,10,NA,3,NA,NA,1027.5,"METAR KHKY 031753Z VRB03KT 10SM CLR 21/10 A3034 RMK AO2 SLP260 T02060100 10211 20100 58024",2025-10-03 18:05:57.535415,2025-10-03 14:05:57.535459
"KHUL","Houlton Intl, ME, US",2025-10-03 17:53:00,"2025-10-03 14:53:00","VFR",20.6,2.8,230,12,18,NA,1019.4,"METAR KHUL 031753Z AUTO 23012G18KT 10SM CLR 21/03 A3010 RMK AO2 SLP195 T02060028 10206 20067 56028",2025-10-03 18:05:57.541896,2025-10-03 14:05:57.54194
"KHLC","Hill City Muni, KS, US",2025-10-03 17:53:00,"2025-10-03 12:53:00","VFR",27.8,14.4,170,10,NA,NA,1018.7,"METAR KHLC 031753Z AUTO 17010KT 10SM CLR 28/14 A3008 RMK AO2 SLP166 T02780144 10283 20128 58014",2025-10-03 18:05:57.548291,2025-10-03 14:05:57.548335
"KHSV","Huntsville Intl, AL, US",2025-10-03 17:53:00,"2025-10-03 12:53:00","VFR",25.6,13.3,130,5,NA,NA,1025.5,"METAR KHSV 031753Z 13005KT 10SM FEW048 FEW250 26/13 A3028 RMK AO2 SLP247 T02560133 10256 20144 58018 $",2025-10-03 18:05:57.554751,2025-10-03 14:05:57.554796
"KHRO","Harrison/Boone Cnty, AR, US",2025-10-03 17:53:00,"2025-10-03 12:53:00","VFR",28.3,15,190,4,NA,NA,1024.5,"METAR KHRO 031753Z AUTO 19004KT 10SM CLR 28/15 A3025 RMK AO2 SLP229 T02830150 10283 20167 58008",2025-10-03 18:05:57.561277,2025-10-03 14:05:57.561321
"KHSI","Hastings Muni, NE, US",2025-10-03 17:53:00,"2025-10-03 12:53:00","VFR",28.3,14.4,170,10,18,NA,1019,"METAR KHSI 031753Z AUTO 17010G18KT 10SM CLR 28/14 A3009 RMK AO2 SLP173 T02830144 10283 20167 58012",2025-10-03 18:05:57.567743,2025-10-03 14:05:57.567788
"KHJO","Hanford Muni, CA, US",2025-10-03 17:53:00,"2025-10-03 17:53:00","VFR",20,11.7,NA,5,NA,NA,1018,"METAR KHJO 031753Z AUTO VRB05KT 10SM SCT041 20/12 A3006 RMK AO2 SLP179 60000 T02000117 10200 20144 50004",2025-10-03 18:05:57.574271,2025-10-03 14:05:57.574317
"KHHR","Hawthorne Muni, CA, US",2025-10-03 17:53:00,"2025-10-03 10:53:00","VFR",21.1,15.6,280,7,NA,NA,1016.3,"METAR KHHR 031753Z 28007KT 10SM SCT027 OVC033 21/16 A3001 RMK AO2 SLP161 60001 T02110156 10211 20189 51007",2025-10-03 18:05:57.581074,2025-10-03 14:05:57.581119
"KHWO","Hollywood/North Perry Arpt, FL, US",2025-10-03 17:53:00,"2025-10-03 13:53:00","VFR",30,23.9,50,14,22,NA,1014.3,"METAR KHWO 031753Z 05014G22KT 10SM SCT025 BKN037 30/24 A2995 RMK AO2 SLP141 T03000239 10311 20267 58016 $",2025-10-03 18:05:57.588678,2025-10-03 14:05:57.588741
"KHEI","Hettinger Muni, ND, US",2025-10-03 17:53:00,"2025-10-03 17:53:00","VFR",26.7,12.2,130,13,NA,NA,1010.6,"METAR KHEI 031753Z AUTO 13013KT 10SM CLR 27/12 A2984 RMK AO2 SLP088 T02670122 10278 20094 57022",2025-10-03 18:05:57.605443,2025-10-03 14:05:57.605485
"KHAO","Hamilton/Butler Cnty, OH, US",2025-10-03 17:53:00,"2025-10-03 13:53:00","VFR",28.9,13.9,90,5,NA,NA,1024.5,"METAR KHAO 031753Z AUTO 09005KT 10SM CLR 29/14 A3025 RMK AO2 SLP239 T02890139 10289 20106 58018",2025-10-03 18:05:57.611902,2025-10-03 14:05:57.611944
"KHVR","Havre/City Arpt, MT, US",2025-10-03 17:53:00,"2025-10-03 11:53:00","VFR",14.4,8.3,0,0,NA,NA,1013.6,"METAR KHVR 031753Z AUTO 00000KT 10SM CLR 14/08 A2993 RMK AO2 SLP137 60002 T01440083 10150 20089 58010",2025-10-03 18:05:57.618119,2025-10-03 14:05:57.618161
"KHVN","New Haven/Tweed Arpt, CT, US",2025-10-03 17:53:00,"2025-10-03 13:53:00","VFR",21.1,11.7,200,10,17,NA,1026.2,"METAR KHVN 031753Z 20010G17KT 10SM CLR 21/12 A3030 RMK AO2 SLP259 T02110117 10217 20106 58023 $",2025-10-03 18:05:57.624331,2025-10-03 14:05:57.624374
"KHQM","Hoquiam/Bowerman Arpt, WA, US",2025-10-03 17:53:00,"2025-10-03 10:53:00","MVFR",15,12.2,110,5,NA,NA,1021.4,"METAR KHQM 031753Z AUTO 11005KT 10SM OVC019 15/12 A3016 RMK AO2 SLP216 T01500122 10150 20128 53006",2025-10-03 18:05:57.630544,2025-10-03 14:05:57.630588
"KGZH","Evergreen/Middleton Fld, AL, US",2025-10-03 17:53:00,"2025-10-03 17:53:00","VFR",27.8,16.1,50,9,17,NA,1021.4,"METAR KGZH 031753Z AUTO 05009G17KT 10SM SCT041 28/16 A3016 RMK AO2 SLP210 T02780161 10289 20172 58013",2025-10-03 18:05:57.637005,2025-10-03 14:05:57.637047
"KHOT","Hot Springs Mem, AR, US",2025-10-03 17:53:00,"2025-10-03 12:53:00","VFR",28.3,16.1,0,0,NA,NA,1023.5,"METAR KHOT 031753Z AUTO 00000KT 10SM CLR 28/16 A3022 RMK AO2 SLP227 T02830161 10283 20167 58006 $",2025-10-03 18:05:57.643305,2025-10-03 14:05:57.643348
"KHTL","Houghton Lake/Blodgett Mem, MI, US",2025-10-03 17:53:00,"2025-10-03 13:53:00","VFR",28.3,13.3,NA,4,NA,NA,1022.4,"METAR KHTL 031753Z AUTO VRB04KT 10SM CLR 28/13 A3019 RMK AO2 SLP222 T02830133 10283 20061 58014",2025-10-03 18:05:57.649599,2025-10-03 14:05:57.649641
"KHIB","Hibbing/Chisholm Arpt, MN, US",2025-10-03 17:53:00,"2025-10-03 12:53:00","VFR",26.7,11.7,160,10,NA,NA,1018.7,"METAR KHIB 031753Z AUTO 16010KT 10SM CLR 27/12 A3008 RMK AO2 SLP183 T02670117 10267 20078 58014",2025-10-03 18:05:57.655882,2025-10-03 14:05:57.655924
"KHOU","Houston/Hobby Arpt, TX, US",2025-10-03 17:53:00,"2025-10-03 12:53:00","VFR",30.6,19.4,70,11,20,NA,1018.7,"METAR KHOU 031753Z 07011G20KT 10SM SCT045 31/19 A3008 RMK AO2 SLP190 T03060194 10311 20239 58006",2025-10-03 18:05:57.662166,2025-10-03 14:05:57.662209
"KHRI","Hermiston Muni, OR, US",2025-10-03 17:53:00,"2025-10-03 10:53:00","VFR",16.7,10.6,290,7,NA,NA,1019.4,"METAR KHRI 031753Z AUTO 29007KT 10SM CLR 17/11 A3010 RMK AO2 SLP191 T01670106 10167 20061 58000",2025-10-03 18:05:57.66846,2025-10-03 14:05:57.668503
"KHKS","Jackson/Hawkins Fld, MS, US",2025-10-03 17:53:00,"2025-10-03 12:53:00","VFR",28,16,90,7,14,NA,1022.4,"METAR KHKS 031753Z 09007G14KT 10SM FEW043 28/16 A3019",2025-10-03 18:05:57.674681,2025-10-03 14:05:57.674743
"KHYR","Hayward Muni, WI, US",2025-10-03 17:53:00,"2025-10-03 12:53:00","VFR",24.4,15.6,0,0,NA,NA,1019.4,"METAR KHYR 031753Z AUTO 00000KT 10SM CLR 24/16 A3010 RMK AO2 SLP192 T02440156 10250 20111 58003",2025-10-03 18:05:57.680927,2025-10-03 14:05:57.680978
"KHKA","Blytheville Muni, AR, US",2025-10-03 17:53:00,"2025-10-03 12:53:00","VFR",27.2,13.3,180,6,NA,NA,1024.5,"METAR KHKA 031753Z AUTO 18006KT 10SM CLR 27/13 A3025 RMK AO2 SLP240 T02720133 10272 20183 58012 $",2025-10-03 18:05:57.687391,2025-10-03 14:05:57.687434
"KHRL","Harlingen/Valley Intl, TX, US",2025-10-03 17:52:00,"2025-10-03 12:52:00","VFR",32.2,21.7,NA,5,NA,NA,1017,"METAR KHRL 031752Z VRB05KT 10SM FEW039 FEW049 SCT060 32/22 A3003 RMK AO2 SLP166 T03220217 10328 20200 58009",2025-10-03 18:05:57.693734,2025-10-03 14:05:57.693779
"KHUT","Hutchinson Muni, KS, US",2025-10-03 17:52:00,"2025-10-03 12:52:00","VFR",28.9,15.6,180,16,NA,NA,1020.4,"METAR KHUT 031752Z 18016KT 10SM CLR 29/16 A3013 RMK AO2 SLP181 T02890156 10294 20167 58010",2025-10-03 18:05:57.700048,2025-10-03 14:05:57.700091
"KHTS","Huntington/Ferguson Fld, WV, US",2025-10-03 17:51:00,"2025-10-03 13:51:00","VFR",26.7,15,NA,3,NA,NA,1025.1,"METAR KHTS 031751Z VRB03KT 10SM CLR 27/15 A3027 RMK AO2 SLP244 T02670150 10267 20139 58019",2025-10-03 18:05:57.706373,2025-10-03 14:05:57.706416
"KHDO","Hondo Muni, TX, US",2025-10-03 17:51:00,"2025-10-03 17:51:00","VFR",30.6,14.4,0,0,NA,NA,1019.7,"METAR KHDO 031751Z AUTO 00000KT 10SM CLR 31/14 A3011 RMK AO2 SLP180 T03060144 10322 20172 58009",2025-10-03 18:05:57.713352,2025-10-03 14:05:57.713394
"KHSE","Hatteras/Mitchell Fld, NC, US",2025-10-03 17:51:00,"2025-10-03 13:51:00","VFR",22.8,17.8,50,11,20,NA,1025.1,"METAR KHSE 031751Z AUTO 05011G20KT 10SM BKN060 OVC075 23/18 A3027 RMK AO2 SLP251 60001 T02280178 10233 20189 58013",2025-10-03 18:05:57.719678,2025-10-03 14:05:57.719741
"KGYY","Gary Intl, IN, US",2025-10-03 17:50:00,"2025-10-03 12:50:00","VFR",32,18,NA,5,NA,NA,1022.1,"METAR KGYY 031750Z VRB05KT 10SM CLR 32/18 A3018",2025-10-03 18:05:57.736342,2025-10-03 14:05:57.736385
"KHSA","Bay St Louis/Stennis Intl, MS, US",2025-10-03 17:50:00,"2025-10-03 17:50:00","VFR",28,19,100,5,NA,NA,1019.7,"METAR KHSA 031750Z 10005KT 10SM SCT030 28/19 A3011",2025-10-03 18:05:57.742587,2025-10-03 14:05:57.742629
"KHQZ","Mesquite Metro, TX, US",2025-10-03 17:50:00,"2025-10-03 17:50:00","VFR",33,17,90,5,NA,NA,1021.1,"METAR KHQZ 031750Z 09005KT 10SM CLR 33/17 A3015",2025-10-03 18:05:57.748802,2025-10-03 14:05:57.748845
"KHXD","Hilton Head Arpt, SC, US",2025-10-03 17:50:00,"2025-10-03 13:50:00","VFR",26,18,60,9,17,NA,1023.5,"METAR KHXD 031750Z 06009G17KT 10SM FEW055 26/18 A3022",2025-10-03 18:05:57.754949,2025-10-03 14:05:57.754991
"KHOB","Hobbs Arpt, NM, US",2025-10-03 17:50:00,"2025-10-03 11:50:00","VFR",30,6,150,9,NA,NA,1023.1,"METAR KHOB 031750Z 15009KT 10SM CLR 30/06 A3021",2025-10-03 18:05:57.761198,2025-10-03 14:05:57.76124
"KGYI","Dennison/N Texas Rgnl, TX, US",2025-10-03 17:50:00,"2025-10-03 12:50:00","VFR",30,19,NA,3,NA,NA,1021.8,"METAR KGYI 031750Z VRB03KT 10SM CLR 30/19 A3017",2025-10-03 18:05:57.767503,2025-10-03 14:05:57.767545
"KGYR","Phoenix/Goodyear Muni, AZ, US",2025-10-03 17:47:00,"2025-10-03 10:47:00","VFR",32,12,NA,5,NA,NA,1013,"METAR KGYR 031747Z VRB05KT 10SM FEW180 32/12 A2991",2025-10-03 18:05:57.773916,2025-10-03 14:05:57.773959
"KHUM","Houma/Terrebonne Arpt, LA, US",2025-10-03 17:47:00,"2025-10-03 12:47:00","VFR",27,21,70,7,NA,7,1019.4,"METAR KHUM 031747Z 07007KT 7SM SCT025 27/21 A3010",2025-10-03 18:05:57.780174,2025-10-03 14:05:57.780215
"KGYH","Greenville/Donaldson Fld, SC, US",2025-10-03 17:47:00,"2025-10-03 13:47:00","VFR",22,11,50,9,NA,NA,1027.2,"METAR KGYH 031747Z 05009KT 10SM CLR 22/11 A3033",2025-10-03 18:05:57.786378,2025-10-03 14:05:57.786421
"KHCD","Hutchinson/Butler Fld, MN, US",2025-10-03 17:42:00,"2025-10-03 17:42:00","VFR",27,17,160,6,NA,NA,1019,"METAR KHCD 031742Z 16006KT 10SM CLR 27/17 A3009 RMK AO2",2025-10-03 18:05:57.792707,2025-10-03 14:05:57.792756
"KHMZ","Bedford Arpt, PA, US",2025-10-03 17:35:00,"2025-10-03 17:35:00","VFR",21.8,8.5,120,3,NA,NA,1026.5,"METAR KHMZ 031735Z AUTO 12003KT 10SM CLR 22/09 A3031 RMK AO2 T02180085",2025-10-03 18:05:57.798959,2025-10-03 14:05:57.799001
"KHVE","Hanksville Arpt, UT, US",2025-10-03 17:30:00,"2025-10-03 11:30:00","VFR",28,1,220,8,21,NA,1017.4,"METAR KHVE 031730Z AUTO 22008G21KT 10SM CLR 28/01 A3004 RMK AO2",2025-10-03 18:05:57.805205,2025-10-03 14:05:57.805247
"KHDN","Hayden/Yampa Valley Arpt, CO, US",2025-10-03 16:56:00,"2025-10-03 10:56:00","VFR",21.1,1.1,60,4,NA,NA,1023.5,"METAR KHDN 031656Z AUTO 06004KT 10SM CLR 21/01 A3022 RMK AO2 SLP165 T02110011 $",2025-10-03 18:05:57.811426,2025-10-03 14:05:57.811468
"KJNX","Smithfield/Johnston Rgnl, NC, US",2025-10-03 18:00:00,"2025-10-03 18:00:00","VFR",24,14,30,8,15,NA,1026.2,"METAR KJNX 031800Z AUTO 03008G15KT 10SM CLR 24/14 A3030 RMK AO2",2025-10-03 18:06:00.025929,2025-10-03 14:06:00.025974
"KISO","Kinston Rgnl, NC, US",2025-10-03 17:56:00,"2025-10-03 13:56:00","VFR",25,14,60,9,NA,NA,1025.8,"METAR KISO 031756Z 06009KT 10SM CLR 25/14 A3029",2025-10-03 18:06:00.043167,2025-10-03 14:06:00.043211
"KJMS","Jamestown Rgnl, ND, US",2025-10-03 17:56:00,"2025-10-03 12:56:00","VFR",25.6,15,160,12,19,NA,1012.6,"METAR KJMS 031756Z AUTO 16012G19KT 10SM CLR 26/15 A2990 RMK AO2 SLP121 T02560150 10256 20117 57021",2025-10-03 18:06:00.049463,2025-10-03 14:06:00.049505
"KJXN","Jackson Cnty, MI, US",2025-10-03 17:56:00,"2025-10-03 13:56:00","VFR",28.9,11.1,NA,5,NA,NA,1023.5,"METAR KJXN 031756Z VRB05KT 10SM CLR 29/11 A3022 RMK AO2 SLP231 T02890111 10289 20083 58014",2025-10-03 18:06:00.055708,2025-10-03 14:06:00.055757
"KITH","Ithaca/Tompkins Rgnl, NY, US",2025-10-03 17:56:00,"2025-10-03 13:56:00","VFR",23.3,10,180,7,NA,NA,1025.1,"METAR KITH 031756Z 18007KT 10SM CLR 23/10 A3027 RMK AO2 SLP247 T02330100 10233 20111 58022",2025-10-03 18:06:00.061898,2025-10-03 14:06:00.06194
"KI69","Batavia/Clermont Cnty, OH, US",2025-10-03 17:56:00,"2025-10-03 17:56:00",NA,27.6,13.1,210,4,NA,NA,1024.8,"METAR KI69 031756Z AUTO 21004KT 10SM 28/13 A3026 RMK AO1 T02760131 10277 20138",2025-10-03 18:06:00.068105,2025-10-03 14:06:00.068147
"KISM","Kissimmee Muni, FL, US",2025-10-03 17:56:00,"2025-10-03 13:56:00","VFR",29.4,20,90,14,NA,NA,1017.4,"METAR KISM 031756Z 09014KT 10SM BKN037 BKN046 29/20 A3004 RMK AO2 SLP170 60000 T02940200 10294 20233 58017 $",2025-10-03 18:06:00.074369,2025-10-03 14:06:00.074414
"KIWD","Ironwood/Iron Cnty, MI, US",2025-10-03 17:56:00,"2025-10-03 12:56:00","VFR",25.6,16.1,130,8,NA,NA,1019.4,"METAR KIWD 031756Z AUTO 13008KT 10SM BKN075 26/16 A3010 RMK AO2 SLP188 T02560161 10261 20133 58006",2025-10-03 18:06:00.080679,2025-10-03 14:06:00.080741
"KJHW","Jamestown/Chautauqua Cnty, NY, US",2025-10-03 17:56:00,"2025-10-03 13:56:00","VFR",22.2,11.1,NA,3,NA,NA,1025.8,"METAR KJHW 031756Z AUTO VRB03KT 10SM CLR 22/11 A3029 RMK AO2 SLP257 T02220111 10228 20100 58015",2025-10-03 18:06:00.086988,2025-10-03 14:06:00.087032
"KJKA","Gulf Shores/Edwards Arpt, AL, US",2025-10-03 17:56:00,"2025-10-03 12:56:00","VFR",27,20,80,11,NA,NA,1020.1,"METAR KJKA 031756Z 08011KT 10SM CLR 27/20 A3012",2025-10-03 18:06:00.093257,2025-10-03 14:06:00.0933
"KJAX","Jacksonville Intl, FL, US",2025-10-03 17:56:00,"2025-10-03 13:56:00","MVFR",27.8,21.7,40,16,24,NA,1020.1,"METAR KJAX 031756Z 04016G24KT 10SM FEW009 BKN022 28/22 A3012 RMK AO2 PK WND 03027/1730 SLP200 60005 T02780217 10278 20217 58010",2025-10-03 18:06:00.099491,2025-10-03 14:06:00.099533
"KJAC","Jackson Hole Arpt, WY, US",2025-10-03 17:56:00,"2025-10-03 11:56:00","VFR",13,6,220,7,NA,9,1018.7,"METAR KJAC 031756Z 22007KT 09SM FEW038 OVC060 13/06 A3008 -RA",2025-10-03 18:06:00.105682,2025-10-03 14:06:00.105743
"KJYM","Hillsdale Muni, MI, US",2025-10-03 17:56:00,"2025-10-03 17:56:00","VFR",29,11,NA,3,NA,NA,1023.8,"METAR KJYM 031756Z AUTO VRB03KT 10SM SCT090 BKN110 29/11 A3023 RMK AO2",2025-10-03 18:06:00.112055,2025-10-03 14:06:00.112098
"KINW","Winslow/Lindberg Rgnl, AZ, US",2025-10-03 17:56:00,"2025-10-03 10:56:00","VFR",28.3,5,140,11,NA,NA,1020.1,"METAR KINW 031756Z AUTO 14011KT 10SM FEW090 BKN100 28/05 A3012 RMK AO2 SLP128 T02830050 10283 20106 58016",2025-10-03 18:06:00.118371,2025-10-03 14:06:00.118413
"KISP","Islip/Macarthur Arpt, NY, US",2025-10-03 17:56:00,"2025-10-03 13:56:00","VFR",21.1,8.3,220,12,19,NA,1026.5,"METAR KISP 031756Z 22012G19KT 10SM FEW050 FEW250 21/08 A3031 RMK AO2 SLP263 T02110083 10217 20122 58024",2025-10-03 18:06:00.124643,2025-10-03 14:06:00.124687
"KJSO","Jacksonvil0e/Cherokee Cnty, TX, US",2025-10-03 17:55:00,"2025-10-03 12:55:00","VFR",30.1,17.2,NA,5,NA,NA,1020.1,"METAR KJSO 031755Z AUTO VRB05KT 10SM SCT055 SCT070 30/17 A3012 RMK AO2 T03010172 10303 20201 58007",2025-10-03 18:06:00.130988,2025-10-03 14:06:00.131031
"KJXI","Gilmer/Stephens Fld, TX, US",2025-10-03 17:55:00,"2025-10-03 17:55:00","VFR",29.8,14.4,80,6,NA,NA,1021.4,"METAR KJXI 031755Z AUTO 08006KT 10SM CLR 30/14 A3016 RMK AO2 T02980144 10298 20186",2025-10-03 18:06:00.137297,2025-10-03 14:06:00.13735
"KJSV","Sallisaw Muni, OK, US",2025-10-03 17:55:00,"2025-10-03 17:55:00","VFR",30,19,170,5,NA,9,1022.4,"METAR KJSV 031755Z AUTO 17005KT 9SM CLR 30/19 A3019 RMK AO2",2025-10-03 18:06:00.143556,2025-10-03 14:06:00.143599
"KI67","Harrison/West Arpt, OH, US",2025-10-03 17:55:00,"2025-10-03 17:55:00","VFR",28,13,210,4,NA,NA,1024.1,"METAR KI67 031755Z AUTO 21004KT 10SM CLR 28/13 A3024 RMK AO1",2025-10-03 18:06:00.149937,2025-10-03 14:06:00.14998
"KI93","Hardinsburg/Breckinridge Cnty, KY, US",2025-10-03 17:55:00,"2025-10-03 17:55:00","VFR",24,17,NA,4,11,NA,1025.5,"METAR KI93 031755Z AUTO VRB04G11KT 10SM CLR 24/17 A3028 RMK AO2",2025-10-03 18:06:00.156372,2025-10-03 14:06:00.156416
"KIMM","Immokalee Rgnl, FL, US",2025-10-03 17:55:00,"2025-10-03 13:55:00","VFR",27,25,50,12,25,7,1015,"METAR KIMM 031755Z AUTO 05012G25KT 7SM RA FEW028 SCT046 SCT065 27/25 A2997 RMK AO2",2025-10-03 18:06:00.173071,2025-10-03 14:06:00.173112
"KJVY","Jeffersonville/Clark Rgnl, IN, US",2025-10-03 17:55:00,"2025-10-03 17:55:00","VFR",28,20,NA,3,10,NA,1023.8,"METAR KJVY 031755Z VRB03G10KT 10SM CLR 28/20 A3023 RMK AO2 RWY 36 PREFERRED CALM WIND RUNWAY FOR NOISE ABATEMENT",2025-10-03 18:06:00.179396,2025-10-03 14:06:00.179438
"KJYL","Sylvania/Plantation Arpk, GA, US",2025-10-03 17:55:00,"2025-10-03 17:55:00","MVFR",27.3,11.2,100,7,15,4,1024.1,"METAR KJYL 031755Z AUTO 10007G15KT 4SM HZ SCT050 27/11 A3024 RMK AO2 T02730112 10277 20163",2025-10-03 18:06:00.185552,2025-10-03 14:06:00.185593
"KHZR","New Roads/False River Rgnl, LA, US",2025-10-03 17:55:00,"2025-10-03 17:55:00","VFR",27.8,17.9,0,0,NA,NA,1020.4,"METAR KHZR 031755Z AUTO 00000KT 10SM SCT043 BKN049 28/18 A3013 RMK AO2 T02780179 10283 20193",2025-10-03 18:06:00.191755,2025-10-03 14:06:00.191799
"KIOB","Mount Sterling/Montgomery Cnty, KY, US",2025-10-03 17:55:00,"2025-10-03 17:55:00","VFR",26,17,0,0,NA,NA,1026.2,"METAR KIOB 031755Z AUTO 00000KT 10SM SCT034 26/17 A3030 RMK AO2 PWINO",2025-10-03 18:06:00.198009,2025-10-03 14:06:00.198053
"KJFZ","Tazewell Cnty, VA, US",2025-10-03 17:55:00,"2025-10-03 17:55:00","VFR",20.6,10.8,320,4,NA,NA,1027.9,"METAR KJFZ 031755Z AUTO 32004KT 10SM CLR 21/11 A3035 RMK AO2 T02060108 10212 20090",2025-10-03 18:06:00.204308,2025-10-03 14:06:00.204353
"KIKG","Kingsville/Kleberg Cnty, TX, US",2025-10-03 17:55:00,"2025-10-03 17:55:00","VFR",31.9,19.4,40,7,NA,NA,1018,"METAR KIKG 031755Z AUTO 04007KT 10SM SCT048 32/19 A3006 RMK AO2 T03190194 10327 20191",2025-10-03 18:06:00.210732,2025-10-03 14:06:00.210777
"KI75","Osceola Muni, IA, US",2025-10-03 17:55:00,"2025-10-03 17:55:00","VFR",30.2,14.9,200,9,NA,NA,1021.8,"METAR KI75 031755Z AUTO 20009KT 10SM CLR 30/15 A3017 RMK AO2 T03020149 10302 20164",2025-10-03 18:06:00.217025,2025-10-03 14:06:00.217067
"KIIB","Independence Muni, IA, US",2025-10-03 17:55:00,"2025-10-03 17:55:00","VFR",30.3,16.1,190,12,NA,NA,1021.8,"METAR KIIB 031755Z AUTO 19012KT 10SM CLR 30/16 A3017 RMK AO2 T03030161 10305 20150",2025-10-03 18:06:00.223306,2025-10-03 14:06:00.223349
"KJOT","Joliet Rgnl, IL, US",2025-10-03 17:55:00,"2025-10-03 12:55:00","VFR",31.1,16.2,180,5,NA,NA,1022.1,"METAR KJOT 031755Z AUTO 18005KT 10SM CLR 31/16 A3018 RMK AO2 T03110162 10311 20142",2025-10-03 18:06:00.229557,2025-10-03 14:06:00.2296
"KI63","Mt Sterling Muni, IL, US",2025-10-03 17:55:00,"2025-10-03 17:55:00","VFR",28.7,16.6,230,5,NA,NA,1022.8,"METAR KI63 031755Z AUTO 23005KT 10SM SCT050 SCT060 29/17 A3020 RMK AO2 T02870166 10300 20146",2025-10-03 18:06:00.235846,2025-10-03 14:06:00.235889
"KJDD","Mineola/Wood Cnty, TX, US",2025-10-03 17:55:00,"2025-10-03 17:55:00","VFR",30.1,16.8,NA,3,NA,NA,1020.7,"METAR KJDD 031755Z AUTO VRB03KT 10SM SCT050 30/17 A3014 RMK AO2 T03010168 $",2025-10-03 18:06:00.242178,2025-10-03 14:06:00.242222
"KIGQ","Chicago/Lansing Muni, IL, US",2025-10-03 17:55:00,"2025-10-03 17:55:00","VFR",29.6,11.9,260,4,NA,NA,1022.4,"METAR KIGQ 031755Z AUTO 26004KT 10SM CLR 30/12 A3019 RMK AO2 T02960119 10296 20156",2025-10-03 18:06:00.248463,2025-10-03 14:06:00.248505
"KIRS","Sturgis/Kirsh Muni, MI, US",2025-10-03 17:55:00,"2025-10-03 13:55:00","VFR",29,14,NA,4,NA,NA,1023.1,"METAR KIRS 031755Z AUTO VRB04KT 10SM BKN055 29/14 A3021 RMK AO2 10293 20118",2025-10-03 18:06:00.254802,2025-10-03 14:06:00.254846
"KI40","Coshocton/Downing Arpt, OH, US",2025-10-03 17:55:00,"2025-10-03 17:55:00","VFR",25,14,170,3,NA,NA,1025.8,"METAR KI40 031755Z AUTO 17003KT 10SM CLR 25/14 A3029 RMK AO2",2025-10-03 18:06:00.26113,2025-10-03 14:06:00.261173
"KJYO","Leesburg Exec, VA, US",2025-10-03 17:55:00,"2025-10-03 17:55:00","VFR",22,12,240,5,NA,NA,1027.5,"METAR KJYO 031755Z AUTO 24005KT 10SM CLR 22/12 A3034 RMK AO2",2025-10-03 18:06:00.267491,2025-10-03 14:06:00.267534
"KJYR","York Muni, NE, US",2025-10-03 17:55:00,"2025-10-03 17:55:00","VFR",31,14,180,12,18,NA,1018.7,"METAR KJYR 031755Z AUTO 18012G18KT 10SM CLR 31/14 A3008 RMK AO2",2025-10-03 18:06:00.273855,2025-10-03 14:06:00.273899
"KIJX","Jacksonville Muni, IL, US",2025-10-03 17:55:00,"2025-10-03 17:55:00","VFR",28.7,15.8,160,3,NA,NA,1022.4,"METAR KIJX 031755Z AUTO 16003KT 10SM CLR 29/16 A3019 RMK AO2 T02870158 10300 20176",2025-10-03 18:06:00.280357,2025-10-03 14:06:00.280399
"KI35","Harlan/Guthrie Mem, KY, US",2025-10-03 17:55:00,"2025-10-03 17:55:00","VFR",24.6,13.7,0,0,NA,NA,1026.8,"METAR KI35 031755Z AUTO 00000KT 10SM SCT050 25/14 A3032 RMK AO2 T02460137 10251 20124",2025-10-03 18:06:00.286747,2025-10-03 14:06:00.286794
"KI95","Kenton/Hardin Cnty, OH, US",2025-10-03 17:55:00,"2025-10-03 17:55:00","VFR",28,11,60,4,NA,NA,1023.8,"METAR KI95 031755Z AUTO 06004KT 10SM CLR 28/11 A3023 RMK A01",2025-10-03 18:06:00.304014,2025-10-03 14:06:00.304058
"KIKV","Ankeny Rgnl, IA, US",2025-10-03 17:55:00,"2025-10-03 17:55:00","VFR",29,17,210,8,14,NA,1021.1,"METAR KIKV 031755Z AUTO 21008G14KT 180V240 10SM CLR 29/17 A3015 RMK AO2",2025-10-03 18:06:00.310316,2025-10-03 14:06:00.310358
"KIZA","Santa Ynez Arpt, CA, US",2025-10-03 17:55:00,"2025-10-03 10:55:00","VFR",21,12,300,14,NA,NA,1017,"METAR KIZA 031755Z AUTO 30014KT 10SM CLR 21/12 A3003 RMK AO2",2025-10-03 18:06:00.316567,2025-10-03 14:06:00.31661
"KJAS","Jasper/Bell Fld, TX, US",2025-10-03 17:55:00,"2025-10-03 12:55:00","VFR",31,20,90,8,NA,9,1019.7,"METAR KJAS 031755Z AUTO 09008KT 9SM CLR 31/20 A3011 RMK AO2",2025-10-03 18:06:00.322716,2025-10-03 14:06:00.322762
"KIPJ","Lincolnton/Lincoln Cnty, NC, US",2025-10-03 17:55:00,"2025-10-03 17:55:00","VFR",20.8,10.4,50,7,NA,NA,1027.5,"METAR KIPJ 031755Z AUTO 05007KT 10SM CLR 21/10 A3034 RMK AO2 T02080104 10209 20104",2025-10-03 18:06:00.329286,2025-10-03 14:06:00.329329
"KIXA","Halifax/Northampton Rgnl, NC, US",2025-10-03 17:55:00,"2025-10-03 17:55:00","VFR",21,16,70,4,NA,NA,1027.2,"METAR KIXA 031755Z AUTO 07004KT 10SM OVC039 21/16 A3033 RMK AO2",2025-10-03 18:06:00.335623,2025-10-03 14:06:00.335667
"KIIY","Washington/Wilkes Cnty, GA, US",2025-10-03 17:55:00,"2025-10-03 17:55:00","VFR",23,11.9,80,6,NA,NA,1026.2,"METAR KIIY 031755Z AUTO 08006KT 10SM CLR 23/12 A3030 RMK AO2 T02300119 10233 20128",2025-10-03 18:06:00.341945,2025-10-03 14:06:00.341989
"KJYG","St James Muni, MN, US",2025-10-03 17:55:00,"2025-10-03 17:55:00","VFR",32,15,220,11,17,NA,1018,"METAR KJYG 031755Z AUTO 22011G17KT 10SM CLR 32/15 A3006 RMK AO2",2025-10-03 18:06:00.348254,2025-10-03 14:06:00.348296
"KIBM","Kimball Muni, NE, US",2025-10-03 17:55:00,"2025-10-03 17:55:00","VFR",28.4,2.5,80,4,NA,NA,1019.4,"METAR KIBM 031755Z AUTO 08004KT 10SM CLR 28/03 A3010 RMK AO2 T02840025 10289 20099",2025-10-03 18:06:00.354516,2025-10-03 14:06:00.354559
"KIKK","Kankakee Arpt, IL, US",2025-10-03 17:55:00,"2025-10-03 12:55:00","VFR",31,15,0,0,NA,NA,1022.4,"METAR KIKK 031755Z AUTO 00000KT 10SM BKN060 BKN080 BKN110 31/15 A3019 RMK AO2",2025-10-03 18:06:00.36093,2025-10-03 14:06:00.360973
"KJES","Jesup/Wayne Cnty, GA, US",2025-10-03 17:55:00,"2025-10-03 17:55:00","VFR",28,17,70,7,NA,NA,1023.1,"METAR KJES 031755Z AUTO 07007KT 10SM SCT042 SCT047 SCT060 28/17 A3021 RMK AO2",2025-10-03 18:06:00.367262,2025-10-03 14:06:00.367305
"KJZI","Charleston Exec, SC, US",2025-10-03 17:55:00,"2025-10-03 17:55:00","VFR",27,18,40,7,13,NA,1023.5,"METAR KJZI 031755Z AUTO 04007G13KT 10SM CLR 27/18 A3022 RMK AO2",2025-10-03 18:06:00.373576,2025-10-03 14:06:00.373619
"KJMR","Mora Muni, MN, US",2025-10-03 17:55:00,"2025-10-03 17:55:00","VFR",26,17,0,0,NA,NA,1020.1,"METAR KJMR 031755Z AUTO 00000KT 10SM CLR 26/17 A3012 RMK AO2",2025-10-03 18:06:00.379869,2025-10-03 14:06:00.379911
"KHZE","Hazen/Mercer Cnty, ND, US",2025-10-03 17:55:00,"2025-10-03 17:55:00","VFR",27,11,120,10,NA,NA,1010.2,"METAR KHZE 031755Z AUTO 12010KT 10SM CLR 27/11 A2983 RMK AO2",2025-10-03 18:06:00.386153,2025-10-03 14:06:00.386197
"KIDI","Indiana/Stewart Arpt, PA, US",2025-10-03 17:55:00,"2025-10-03 13:55:00","VFR",23,11,0,0,NA,NA,1026.2,"METAR KIDI 031755Z AUTO 00000KT 10SM CLR 23/11 A3030 RMK A01",2025-10-03 18:06:00.392478,2025-10-03 14:06:00.392532
"KINJ","Hillsboro Muni, TX, US",2025-10-03 17:55:00,"2025-10-03 17:55:00","VFR",31.1,17.6,0,0,NA,NA,1020.4,"METAR KINJ 031755Z AUTO 00000KT 10SM SCT055 31/18 A3013 RMK AO2 T03110176 10311 20200",2025-10-03 18:06:00.398822,2025-10-03 14:06:00.398866
"KIWA","Phoenix/Mesa Gateway Arpt, AZ, US",2025-10-03 17:55:00,"2025-10-03 10:55:00","VFR",33,9,170,10,NA,NA,1013.6,"METAR KIWA 031755Z 17010KT 10SM FEW120 33/09 A2993",2025-10-03 18:06:00.405169,2025-10-03 14:06:00.405214
"KJGG","Williamsburg-Jamestown Arpt, VA, US",2025-10-03 17:55:00,"2025-10-03 17:55:00","VFR",NA,NA,0,0,NA,NA,1026.8,"METAR KJGG 031755Z AUTO 00000KT 10SM CLR A3032 RMK AO2 1//// 2//// 58022 $",2025-10-03 18:06:00.411608,2025-10-03 14:06:00.411653
"KJWY","Midlothian/Mid-Way Rgnl, TX, US",2025-10-03 17:55:00,"2025-10-03 17:55:00","VFR",30.9,18.5,NA,3,NA,NA,1021.1,"METAR KJWY 031755Z AUTO VRB03KT 10SM CLR 31/18 A3015 RMK AO2 T03090185 10309 20187 58008 $",2025-10-03 18:06:00.418175,2025-10-03 14:06:00.418221
"KIRK","Kirksville Rgnl, MO, US",2025-10-03 17:55:00,"2025-10-03 12:55:00","VFR",28.9,16.7,240,4,NA,NA,1022.4,"METAR KIRK 031755Z AUTO 24004KT 10SM CLR 29/17 A3019 RMK AO2 SLP221 T02890167 10294 20150 58012",2025-10-03 18:06:00.436648,2025-10-03 14:06:00.43669
"KJKJ","Moorhead Muni, MN, US",2025-10-03 17:55:00,"2025-10-03 17:55:00","VFR",30,17,160,17,22,NA,1013.3,"METAR KJKJ 031755Z AUTO 16017G22KT 10SM CLR 30/17 A2992 RMK AO2",2025-10-03 18:06:00.44306,2025-10-03 14:06:00.443102
"KHZL","Hazleton Muni, PA, US",2025-10-03 17:55:00,"2025-10-03 13:55:00","VFR",NA,NA,250,4,NA,NA,1027.5,"METAR KHZL 031755Z AUTO 25004KT 10SM CLR A3034 RMK AO2",2025-10-03 18:06:00.449387,2025-10-03 14:06:00.44943
"KISQ","Manistique/Schoolcraft Cnty, MI, US",2025-10-03 17:55:00,"2025-10-03 13:55:00","VFR",22.7,18.3,200,5,NA,NA,1019.7,"METAR KISQ 031755Z AUTO 20005KT 10SM SCT095 SCT120 23/18 A3011 RMK AO2 T02270183 10228 20180",2025-10-03 18:06:00.455654,2025-10-03 14:06:00.455721
"KHZX","McGregor/Iverson Arpt, MN, US",2025-10-03 17:55:00,"2025-10-03 17:55:00","VFR",27,16,150,4,NA,NA,1018.7,"METAR KHZX 031755Z AUTO 15004KT 10SM CLR 27/16 A3008 RMK AO2",2025-10-03 18:06:00.461921,2025-10-03 14:06:00.461964
"KI23","Washington Court House/Fayette Cnty, OH, US",2025-10-03 17:55:00,"2025-10-03 17:55:00","VFR",28,11,0,0,NA,NA,1024.5,"METAR KI23 031755Z AUTO 00000KT 10SM CLR 28/11 A3025 RMK AO1",2025-10-03 18:06:00.468224,2025-10-03 14:06:00.468268
"KI68","Lebanon/Warren Cnty, OH, US",2025-10-03 17:55:00,"2025-10-03 17:55:00","VFR",29,16,NA,6,NA,NA,1024.1,"METAR KI68 031755Z AUTO VRB06KT 10SM CLR 29/16 A3024 RMK AO2",2025-10-03 18:06:00.474582,2025-10-03 14:06:00.474625
"KI74","Urbana/Grimes Fld, OH, US",2025-10-03 17:55:00,"2025-10-03 17:55:00","VFR",28,12,0,0,NA,NA,1024.5,"METAR KI74 031755Z AUTO 00000KT 10SM SCT065 28/12 A3025 RMK AO2",2025-10-03 18:06:00.480853,2025-10-03 14:06:00.480896
"KICL","Clarinda/Schenck Fld, IA, US",2025-10-03 17:55:00,"2025-10-03 12:55:00","VFR",30,18,210,7,14,NA,1021.1,"METAR KICL 031755Z AUTO 21007G14KT 170V230 10SM CLR 30/18 A3015 RMK AO2",2025-10-03 18:06:00.4872,2025-10-03 14:06:00.487244
"KIFA","Iowa Falls Muni, IA, US",2025-10-03 17:55:00,"2025-10-03 12:55:00","VFR",30.5,14.2,180,10,NA,NA,1021.4,"METAR KIFA 031755Z AUTO 18010KT 10SM CLR 31/14 A3016 RMK AO2 T03050142 10305 20148",2025-10-03 18:06:00.493516,2025-10-03 14:06:00.493559
"KINF","Inverness Arpt, FL, US",2025-10-03 17:55:00,"2025-10-03 17:55:00","VFR",27,22,30,11,NA,7,1018,"METAR KINF 031755Z AUTO 03011KT 7SM SCT055 OVC070 27/22 A3006 RMK AO2 P0001",2025-10-03 18:06:00.499782,2025-10-03 14:06:00.499825
"KIAB","McConnell AFB, KS, US",2025-10-03 17:55:00,"2025-10-03 12:55:00","VFR",29.5,17,210,15,20,NA,1020.4,"METAR KIAB 031755Z AUTO 21015G20KT 10SM CLR 30/17 A3013 RMK AO2 SLP190 T02950170 10296 20185 58011",2025-10-03 18:06:00.506097,2025-10-03 14:06:00.506141
"KINS","Indian Springs/Creech AFB, NV, US",2025-10-03 17:55:00,"2025-10-03 10:55:00","VFR",26.8,-1.1,230,6,17,NA,1011.9,"METAR KINS 031755Z AUTO 23006G17KT 10SM CLR 27/M01 A2988 RMK AO2 PK WND 26031/23 SLP070 T02681011 10268 20182 58004 $",2025-10-03 18:06:00.512388,2025-10-03 14:06:00.512432
"KJFX","Jasper/Walker Cnty, AL, US",2025-10-03 17:55:00,"2025-10-03 17:55:00","VFR",NA,NA,60,4,11,NA,1025.1,"METAR KJFX 031755Z AUTO 06004G11KT 10SM FEW045 A3027 RMK AO2",2025-10-03 18:06:00.518658,2025-10-03 14:06:00.518719
"KIER","Natchitoches Rgnl, LA, US",2025-10-03 17:55:00,"2025-10-03 17:55:00","VFR",29.9,15.5,110,9,NA,NA,1021.1,"METAR KIER 031755Z AUTO 11009KT 10SM CLR 30/16 A3015 RMK AO2 T02990155 10300 20172",2025-10-03 18:06:00.524973,2025-10-03 14:06:00.525017
"KJWG","Watonga Rgnl, OK, US",2025-10-03 17:55:00,"2025-10-03 17:55:00","VFR",29.5,15.6,170,11,NA,NA,1022.4,"METAR KJWG 031755Z AUTO 17011KT 10SM CLR 29/16 A3019 RMK AO2 T02950156 10296 20162",2025-10-03 18:06:00.531238,2025-10-03 14:06:00.531282
"KISW","Wisconsin Rapids/S Wood Cnty, WI, US",2025-10-03 17:54:00,"2025-10-03 12:54:00","VFR",27.2,17.2,200,6,NA,NA,1020.4,"METAR KISW 031754Z AUTO 20006KT 10SM CLR 27/17 A3013 RMK AO2 SLP197 T02720172 10272 20172 58008",2025-10-03 18:06:00.5375,2025-10-03 14:06:00.537543
"KJST","Johnstown/Murtha Arpt, PA, US",2025-10-03 17:54:00,"2025-10-03 13:54:00","VFR",21.1,8.9,NA,4,NA,NA,1026.8,"METAR KJST 031754Z AUTO VRB04KT 10SM CLR 21/09 A3032 RMK AO2 SLP261 T02110089 10211 20106 58017",2025-10-03 18:06:00.543876,2025-10-03 14:06:00.543919
"KIPT","Williamsport Rgnl, PA, US",2025-10-03 17:54:00,"2025-10-03 13:54:00","VFR",21.7,10.6,110,4,NA,NA,1025.5,"METAR KIPT 031754Z 11004KT 10SM CLR 22/11 A3028 RMK AO2 SLP253 T02170106 10217 20083 58026",2025-10-03 18:06:00.55028,2025-10-03 14:06:00.550325
"KJAN","Jackson/Evers Intl, MS, US",2025-10-03 17:54:00,"2025-10-03 12:54:00","VFR",27.8,15.6,60,10,19,NA,1022.4,"METAR KJAN 031754Z 06010G19KT 10SM FEW038 28/16 A3019 RMK AO2 SLP217 T02780156 10283 20167 58015",2025-10-03 18:06:00.56737,2025-10-03 14:06:00.567412
"KINL","International Falls/Einarson Fld, MN, US",2025-10-03 17:54:00,"2025-10-03 12:54:00","VFR",25.6,12.2,130,10,NA,NA,1017,"METAR KINL 031754Z AUTO 13010KT 10SM CLR 26/12 A3003 RMK AO2 SLP172 T02560122 10256 20067 58020",2025-10-03 18:06:00.573591,2025-10-03 14:06:00.573633
"KILN","Wilmington Arpt, OH, US",2025-10-03 17:54:00,"2025-10-03 13:54:00","VFR",27.2,12.2,0,0,NA,NA,1024.5,"METAR KILN 031754Z AUTO 00000KT 10SM CLR 27/12 A3025 RMK AO2 SLP238 T02720122 10278 20133 58016",2025-10-03 18:06:00.579853,2025-10-03 14:06:00.579895
"KINT","Winston-Salem/Reynolds Arpt, NC, US",2025-10-03 17:54:00,"2025-10-03 13:54:00","VFR",20,9,0,0,NA,NA,1027.9,"METAR KINT 031754Z 00000KT 10SM CLR 20/09 A3035",2025-10-03 18:06:00.586045,2025-10-03 14:06:00.586088
"KIMT","Iron Mountain/Ford Arpt, MI, US",2025-10-03 17:54:00,"2025-10-03 12:54:00","VFR",26.7,18.3,190,4,NA,NA,1019.4,"METAR KIMT 031754Z AUTO 19004KT 10SM CLR 27/18 A3010 RMK AO2 SLP189 T02670183 10272 20139 58010",2025-10-03 18:06:00.592314,2025-10-03 14:06:00.592356
"KIND","Indianapolis Intl, IN, US",2025-10-03 17:54:00,"2025-10-03 13:54:00","VFR",29.4,13.9,150,5,NA,NA,1023.5,"METAR KIND 031754Z 15005KT 10SM SCT060 29/14 A3022 RMK AO2 SLP227 TCU DSNT SW T02940139 10300 20167 58015",2025-10-03 18:06:00.598577,2025-10-03 14:06:00.59862
"KIZG","Fryeburg/Eastern Slopes Rgnl, ME, US",2025-10-03 17:54:00,"2025-10-03 13:54:00","VFR",22.2,5.6,NA,4,NA,NA,1022.8,"METAR KIZG 031754Z AUTO VRB04KT 10SM CLR 22/06 A3020 RMK AO2 SLP229 T02220056 10222 20022 58026",2025-10-03 18:06:00.604939,2025-10-03 14:06:00.60498
"KJEF","Jefferson City Mem, MO, US",2025-10-03 17:53:00,"2025-10-03 12:53:00","VFR",28.9,17.2,300,4,NA,NA,1022.4,"METAR KJEF 031753Z 30004KT 10SM SCT048 BKN060 BKN090 29/17 A3019 RMK AO2 SLP211 T02890172 10289 20161 58012",2025-10-03 18:06:00.611313,2025-10-03 14:06:00.611358
"KIPL","Imperial Cnty Arpt, CA, US",2025-10-03 17:53:00,"2025-10-03 10:53:00","VFR",31.7,6.7,270,9,NA,NA,1010.9,"METAR KIPL 031753Z AUTO 27009KT 10SM CLR 32/07 A2985 RMK AO2 SLP110 T03170067 10322 20244 50001",2025-10-03 18:06:00.617599,2025-10-03 14:06:00.617642
"KIDA","Idaho Falls Rgnl, ID, US",2025-10-03 17:53:00,"2025-10-03 11:53:00","VFR",12.8,6.7,150,6,NA,NA,1017,"METAR KIDA 031753Z 15006KT 10SM FEW120 13/07 A3003 RMK AO2 SLP148 T01280067 10128 20100 58007",2025-10-03 18:06:00.623896,2025-10-03 14:06:00.62394
"KIML","Imperial Muni, NE, US",2025-10-03 17:53:00,"2025-10-03 11:53:00","VFR",27.8,13.3,NA,NA,NA,NA,1017.7,"METAR KIML 031753Z AUTO 10SM CLR 28/13 A3005 RMK AO2 SLP147 T02780133 10278 20111 58012",2025-10-03 18:06:00.630151,2025-10-03 14:06:00.630194
"KHZY","Ashtabula/NE Ohio Rgnl, OH, US",2025-10-03 17:53:00,"2025-10-03 13:53:00","VFR",25.6,10,210,5,NA,NA,1024.8,"METAR KHZY 031753Z AUTO 21005KT 10SM CLR 26/10 A3026 RMK AO2 SLP241 T02560100 10256 20111 58015",2025-10-03 18:06:00.636525,2025-10-03 14:06:00.636569
"KICR","Winner/Wiley Fld, SD, US",2025-10-03 17:53:00,"2025-10-03 17:53:00","VFR",30,15,180,19,26,NA,1014.3,"METAR KICR 031753Z AUTO 18019G26KT 10SM CLR 30/15 A2995 RMK AO2 PK WND 18026/1751 SLP124 T03000150 10300 20194 58014",2025-10-03 18:06:00.64285,2025-10-03 14:06:00.642893
"KICT","Wichita/Eisenhower Arpt, KS, US",2025-10-03 17:53:00,"2025-10-03 12:53:00","VFR",28.9,16.1,190,17,NA,NA,1020.7,"METAR KICT 031753Z 19017KT 10SM FEW100 29/16 A3014 RMK AO2 SLP193 T02890161 10289 20172 58010",2025-10-03 18:06:00.649127,2025-10-03 14:06:00.64917
"KITR","Burlington/Kit Carson Cnty, CO, US",2025-10-03 17:53:00,"2025-10-03 17:53:00","VFR",29.4,6.7,170,15,24,NA,1018.7,"METAR KITR 031753Z AUTO 17015G24KT 10SM CLR 29/07 A3008 RMK AO2 SLP133 T02940067 10300 20100 58011",2025-10-03 18:06:00.6554,2025-10-03 14:06:00.655445
"KIWI","Wiscasset Arpt, ME, US",2025-10-03 17:53:00,"2025-10-03 13:53:00","VFR",20,8.3,160,7,NA,NA,1023.5,"METAR KIWI 031753Z AUTO 16007KT 10SM CLR 20/08 A3022 RMK AO2 SLP234 T02000083 10206 20078 57023",2025-10-03 18:06:00.661676,2025-10-03 14:06:00.66174
"KIXD","Olathe/New Century Arpt, KS, US",2025-10-03 17:53:00,"2025-10-03 12:53:00","VFR",29.4,17.2,220,8,NA,NA,1022.1,"METAR KIXD 031753Z 22008KT 10SM CLR 29/17 A3018 RMK AO2 SLP210 T02940172 10294 20172 58009",2025-10-03 18:06:00.667979,2025-10-03 14:06:00.668022
"KJER","Jerome Cnty Arpt, ID, US",2025-10-03 17:53:00,"2025-10-03 17:53:00","MVFR",11.7,8.3,290,10,NA,NA,1017,"METAR KJER 031753Z AUTO 29010KT 10SM BKN014 OVC022 12/08 A3003 RMK AO2 SLP157 T01170083 10117 20078 50004",2025-10-03 18:06:00.67434,2025-10-03 14:06:00.674382
"KILM","Wilmington Intl, NC, US",2025-10-03 17:53:00,"2025-10-03 13:53:00","VFR",25.6,16.1,40,7,14,NA,1024.5,"METAR KILM 031753Z 04007G14KT 10SM SCT036 26/16 A3025 RMK AO2 SLP243 T02560161 10261 20139 58016",2025-10-03 18:06:00.680828,2025-10-03 14:06:00.680873
"KJLN","Joplin Rgnl, MO, US",2025-10-03 17:53:00,"2025-10-03 12:53:00","VFR",28.9,18.3,180,5,NA,NA,1023.1,"METAR KJLN 031753Z 18005KT 10SM FEW060 29/18 A3021 RMK AO2 SLP218 T02890183 10289 20194 58008",2025-10-03 18:06:00.697737,2025-10-03 14:06:00.697783
"KIAG","Niagara Falls Intl, NY, US",2025-10-03 17:53:00,"2025-10-03 13:53:00","VFR",24.4,12.2,260,9,NA,NA,1023.8,"METAR KIAG 031753Z 26009KT 10SM CLR 24/12 A3023 RMK AO2 SLP238 T02440122 10250 20083 58014",2025-10-03 18:06:00.703985,2025-10-03 14:06:00.704027
"KIAH","Houston/Bush Intl, TX, US",2025-10-03 17:53:00,"2025-10-03 12:53:00","VFR",31.1,18.3,70,9,NA,NA,1019.4,"METAR KIAH 031753Z 07009KT 10SM SCT050 31/18 A3010 RMK AO2 SLP190 T03110183 10311 20217 58006 $",2025-10-03 18:06:00.710245,2025-10-03 14:06:00.710288
"KJBR","Jonesboro Muni, AR, US",2025-10-03 17:53:00,"2025-10-03 12:53:00","VFR",27.8,12.8,NA,NA,NA,NA,1024.5,"METAR KJBR 031753Z AUTO 10SM CLR 28/13 A3025 RMK AO2 SLP241 T02780128 10278 20167 58012 $",2025-10-03 18:06:00.716438,2025-10-03 14:06:00.71648
"KJKL","Jackson/Carroll Arpt, KY, US",2025-10-03 17:53:00,"2025-10-03 17:53:00","VFR",23.9,15,0,0,NA,NA,1026.2,"METAR KJKL 031753Z AUTO 00000KT 10SM CLR 24/15 A3030 RMK AO2 SLP249 T02390150 10244 20144 58018",2025-10-03 18:06:00.722678,2025-10-03 14:06:00.72274
"KIAD","Washington/Dulles Intl, VA, US",2025-10-03 17:52:00,"2025-10-03 13:52:00","VFR",22.2,9.4,170,8,NA,NA,1027.2,"METAR KIAD 031752Z 17008KT 10SM FEW050 BKN250 22/09 A3033 RMK AO2 SLP270 T02220094 10222 20089 58026",2025-10-03 18:06:00.728999,2025-10-03 14:06:00.729043
"KIJD","Willimantic/Windham Arpt, CT, US",2025-10-03 17:52:00,"2025-10-03 17:52:00","VFR",21.1,7.8,280,5,NA,NA,1025.5,"METAR KIJD 031752Z AUTO 28005KT 10SM CLR 21/08 A3028 RMK AO2 SLP253 T02110078 10211 20044 58026",2025-10-03 18:06:00.735309,2025-10-03 14:06:00.735352
"KIOW","Iowa City Muni, IA, US",2025-10-03 17:52:00,"2025-10-03 12:52:00","VFR",31.1,15.6,190,8,15,NA,1021.8,"METAR KIOW 031752Z AUTO 19008G15KT 170V230 10SM CLR 31/16 A3017 RMK AO2 SLP213 T03110156 10311 20156 58013",2025-10-03 18:06:00.741588,2025-10-03 14:06:00.741631
"KIGM","Kingman Arpt, AZ, US",2025-10-03 17:51:00,"2025-10-03 10:51:00","VFR",27.2,6.7,210,23,36,NA,1015.3,"METAR KIGM 031751Z AUTO 21023G36KT 10SM CLR 27/07 A2998 RMK AO2 PK WND 22037/1731 SLP085 T02720067 10272 20167 58002",2025-10-03 18:06:00.747903,2025-10-03 14:06:00.747945
"KILG","Wilmington/New Castle Arpt, DE, US",2025-10-03 17:51:00,"2025-10-03 13:51:00","VFR",21.7,NA,240,5,NA,NA,1027.2,"METAR KILG 031751Z 24005KT 10SM CLR 22/ A3033 RMK AO2 SLP272 T0217 10217 20094 58026 $",2025-10-03 18:06:00.754249,2025-10-03 14:06:00.754291
"KJFK","New York/JF Kennedy Intl, NY, US",2025-10-03 17:51:00,"2025-10-03 13:51:00","VFR",20,8.9,200,12,NA,NA,1026.8,"METAR KJFK 031751Z 20012KT 10SM FEW055 FEW250 20/09 A3032 RMK AO2 SLP268 T02000089 10206 20144 58024",2025-10-03 18:06:00.760577,2025-10-03 14:06:00.76062
"KJCT","Junction/Kimble Cnty, TX, US",2025-10-03 17:51:00,"2025-10-03 12:51:00","VFR",30.6,15.6,230,5,NA,NA,1021.1,"METAR KJCT 031751Z AUTO 23005KT 10SM FEW065 31/16 A3015 RMK AO2 SLP173 T03060156 10311 20139 58015",2025-10-03 18:06:00.766878,2025-10-03 14:06:00.766921
"KJQF","Concord Rgnl, NC, US",2025-10-03 17:50:00,"2025-10-03 13:50:00","VFR",22,9,60,8,NA,NA,1028.2,"METAR KJQF 031750Z 06008KT 10SM CLR 22/09 A3036",2025-10-03 18:06:00.773208,2025-10-03 14:06:00.773251
"KIMS","Madison Muni, IN, US",2025-10-03 17:50:00,"2025-10-03 13:50:00","VFR",29,18,250,4,NA,NA,1025.5,"METAR KIMS 031750Z 25004KT 10SM CLR 29/18 A3028 RMK AO1",2025-10-03 18:06:00.779509,2025-10-03 14:06:00.779554
"KJWN","Nashville/Tune Arpt, TN, US",2025-10-03 17:50:00,"2025-10-03 17:50:00","VFR",26,13,0,0,NA,NA,1025.5,"METAR KJWN 031750Z 00000KT 10SM CLR 26/13 A3028",2025-10-03 18:06:00.78589,2025-10-03 14:06:00.785933
"KJDN","Jordan Arpt, MT, US",2025-10-03 17:48:00,"2025-10-03 11:48:00",NA,21.1,5,230,4,NA,NA,1009.6,"METAR KJDN 031748Z AUTO 23004KT 21/05 A2981 RMK AO1 SLP088 T02110050 10211 20083 56016",2025-10-03 18:06:00.792112,2025-10-03 14:06:00.792154
"KIFP","Bullhead City Intl, AZ, US",2025-10-03 17:47:00,"2025-10-03 10:47:00","VFR",30,5,200,8,NA,NA,1010.6,"METAR KIFP 031747Z 20008KT 10SM CLR 30/05 A2984",2025-10-03 18:06:00.798375,2025-10-03 14:06:00.798419
"KJAU","Jacksboro/Campbell Cnty, TN, US",2025-10-03 17:45:00,"2025-10-03 17:45:00",NA,23,14,0,0,NA,NA,1025.8,"METAR KJAU 031745Z AUTO 00000KT 10SM 23/14 A3029 RMK A01",2025-10-03 18:06:00.804727,2025-10-03 14:06:00.804773
"KJVL","Janesville/S Wisconsin Rgnl, WI, US",2025-10-03 17:45:00,"2025-10-03 12:45:00","VFR",31,14,240,5,NA,NA,1021.4,"METAR KJVL 031745Z 24005KT 10SM FEW250 31/14 A3016",2025-10-03 18:06:00.811121,2025-10-03 14:06:00.811164
"KIDP","Independence Muni, KS, US",2025-10-03 17:35:00,"2025-10-03 12:35:00","VFR",29,20,200,9,NA,NA,1022.1,"METAR KIDP 031735Z AUTO 20009KT 10SM CLR 29/20 A3018 RMK AO2",2025-10-03 18:06:00.827999,2025-10-03 14:06:00.828042
"KI16","Pineville/Kee Fld, WV, US",2025-10-03 17:22:00,"2025-10-03 17:22:00","VFR",24,12,NA,NA,NA,NA,1028.9,"METAR KI16 031722Z AUTO 10SM CLR 24/12 A3038 RMK AO2",2025-10-03 18:06:00.834259,2025-10-03 14:06:00.834301
"KIEN","Pine Ridge Strip, SD, US",2025-10-03 16:52:00,"2025-10-03 10:52:00","VFR",28.9,10,200,12,NA,NA,1015.3,"METAR KIEN 031652Z AUTO 20012KT 10SM CLR 29/10 A2998 RMK AO2 SLP116 T02890100",2025-10-03 18:06:00.840461,2025-10-03 14:06:00.840503
"KLMS","Louisville/Winston Cnty, MS, US",2025-10-03 18:00:00,"2025-10-03 13:00:00","VFR",26,13,70,10,NA,6,1024.5,"METAR KLMS 031800Z AUTO 07010KT 6SM HZ SCT046 26/13 A3025 RMK AO2",2025-10-03 18:06:02.875407,2025-10-03 14:06:02.87545
"KLGD","La Grande/Union Cnty, OR, US",2025-10-03 17:56:00,"2025-10-03 10:56:00","VFR",13.3,7.2,300,11,NA,NA,1019.4,"METAR KLGD 031756Z AUTO 30011KT 10SM BKN110 13/07 A3010 RMK AO2 SLP192 T01330072 10133 20106 51007 $",2025-10-03 18:06:02.881971,2025-10-03 14:06:02.882016
"KLNR","Lone Rock/Tri Cnty Rgnl, WI, US",2025-10-03 17:56:00,"2025-10-03 12:56:00","VFR",31.1,16.7,NA,NA,NA,NA,1020.1,"METAR KLNR 031756Z AUTO 10SM CLR 31/17 A3012 RMK AO2 SLP192 T03110167 10311 20150 58016",2025-10-03 18:06:02.888263,2025-10-03 14:06:02.888304
"KLBL","Liberal/Mid America Rgnl, KS, US",2025-10-03 17:56:00,"2025-10-03 12:56:00","VFR",29.4,12.2,200,16,NA,NA,1020.1,"METAR KLBL 031756Z AUTO 20016KT 10SM CLR 29/12 A3012 RMK AO2 SLP167 6//// T02940122 10294 20161 58008 PNO $",2025-10-03 18:06:02.894568,2025-10-03 14:06:02.894611
"KLAS","Las Vegas/Reid Intl, NV, US",2025-10-03 17:56:00,"2025-10-03 10:56:00","VFR",26.7,8.3,200,15,25,NA,1011.9,"METAR KLAS 031756Z 20015G25KT 10SM FEW100 27/08 A2988 RMK AO2 PK WND 21028/1745 SLP095 T02670083 10267 20222 58003",2025-10-03 18:06:02.900844,2025-10-03 14:06:02.900888
"KLCI","Laconia Muni, NH, US",2025-10-03 17:56:00,"2025-10-03 13:56:00","VFR",21.7,5.6,210,8,NA,NA,1023.5,"METAR KLCI 031756Z AUTO 21008KT 10SM CLR 22/06 A3022 RMK AO2 SLP231 T02170056 10217 20083 58026",2025-10-03 18:06:02.907131,2025-10-03 14:06:02.907176
"KKLS","Kelso/Longview Arpt, WA, US",2025-10-03 17:56:00,"2025-10-03 10:56:00","MVFR",13.9,10.6,250,3,NA,NA,1022.1,"METAR KKLS 031756Z AUTO 25003KT 10SM OVC010 14/11 A3018 RMK AO2 CIG 009V012 SLP225 T01390106 10139 20106 50003",2025-10-03 18:06:02.913426,2025-10-03 14:06:02.913468
"KLRD","Laredo Intl, TX, US",2025-10-03 17:56:00,"2025-10-03 12:56:00","VFR",31.7,17.2,NA,3,NA,NA,1018.4,"METAR KLRD 031756Z VRB03KT 10SM CLR 32/17 A3007 RMK AO2 SLP179 T03170172 10317 20217 58009 $",2025-10-03 18:06:02.919975,2025-10-03 14:06:02.920018
"KLBT","Lumberton Muni, NC, US",2025-10-03 17:56:00,"2025-10-03 13:56:00","VFR",25,13.9,30,10,18,NA,1025.1,"METAR KLBT 031756Z AUTO 03010G18KT 10SM CLR 25/14 A3027 RMK AO2 SLP248 T02500139 10250 20133 58022",2025-10-03 18:06:02.926266,2025-10-03 14:06:02.926308
"KLEW","Auburn-Lewiston Muni, ME, US",2025-10-03 17:56:00,"2025-10-03 13:56:00","VFR",20.6,5.6,NA,4,NA,NA,1023.1,"METAR KLEW 031756Z AUTO VRB04KT 10SM CLR 21/06 A3021 RMK AO2 SLP236 T02060056 10206 20039 58024",2025-10-03 18:06:02.932585,2025-10-03 14:06:02.932628
"KLCK","Columbus/Rickenbacker Intl, OH, US",2025-10-03 17:55:00,"2025-10-03 13:55:00","VFR",27.1,13.2,0,0,NA,NA,1024.5,"METAR KLCK 031755Z AUTO 00000KT 10SM CLR 27/13 A3025 RMK AO2 T02710132 10272 20116",2025-10-03 18:06:02.938964,2025-10-03 14:06:02.939006
"KLNL","Land OLakes Arpt, WI, US",2025-10-03 17:55:00,"2025-10-03 17:55:00","VFR",26,14.7,0,0,NA,NA,1020.4,"METAR KLNL 031755Z AUTO 00000KT 10SM CLR 26/15 A3013 RMK AO2 T02600147 10260 20111",2025-10-03 18:06:02.945509,2025-10-03 14:06:02.945551
"KLRJ","Le Mars Muni, IA, US",2025-10-03 17:55:00,"2025-10-03 12:55:00","VFR",30,17,180,12,17,NA,1018,"METAR KLRJ 031755Z AUTO 18012G17KT 10SM CLR 30/17 A3006 RMK AO2",2025-10-03 18:06:02.963415,2025-10-03 14:06:02.963458
"KLDM","Ludington/Mason Cnty, MI, US",2025-10-03 17:55:00,"2025-10-03 13:55:00","VFR",26,16,230,9,NA,NA,1021.4,"METAR KLDM 031755Z AUTO 23009KT 10SM CLR 26/16 A3016 RMK AO2 10262 20103",2025-10-03 18:06:02.969622,2025-10-03 14:06:02.969664
"KK88","Iola/Allen Cnty, KS, US",2025-10-03 17:55:00,"2025-10-03 17:55:00","VFR",29,21,210,10,NA,NA,1021.8,"METAR KK88 031755Z AUTO 21010KT 10SM CLR 29/21 A3017 RMK AO2",2025-10-03 18:06:02.975869,2025-10-03 14:06:02.975911
"KLKP","Lake Placid Arpt, NY, US",2025-10-03 17:55:00,"2025-10-03 13:55:00","VFR",22,5,250,6,NA,NA,1023.8,"METAR KLKP 031755Z AUTO 25006KT 220V280 10SM CLR 22/05 A3023 RMK AO2 10219 20008",2025-10-03 18:06:02.9821,2025-10-03 14:06:02.982143
"KLKR","Lancaster Cnty, SC, US",2025-10-03 17:55:00,"2025-10-03 17:55:00","VFR",23,10,0,0,NA,7,1026.5,"METAR KLKR 031755Z AUTO 00000KT 7SM CLR 23/10 A3031 RMK AO2",2025-10-03 18:06:02.988247,2025-10-03 14:06:02.988291
"KLLN","Levelland Muni, TX, US",2025-10-03 17:55:00,"2025-10-03 17:55:00","VFR",30,8,200,11,NA,NA,1023.5,"METAR KLLN 031755Z AUTO 20011KT 10SM CLR 30/08 A3022 RMK AO2",2025-10-03 18:06:02.994543,2025-10-03 14:06:02.994586
"KLRO","Mt Pleasant Rgnl, SC, US",2025-10-03 17:55:00,"2025-10-03 17:55:00","VFR",26,18,NA,5,11,9,1023.1,"METAR KLRO 031755Z AUTO VRB05G11KT 9SM FEW037 26/18 A3021 RMK AO2",2025-10-03 18:06:03.000856,2025-10-03 14:06:03.0009
"KLRF","Little Rock AFB, AR, US",2025-10-03 17:55:00,"2025-10-03 12:55:00","VFR",28,14.6,0,0,NA,NA,1023.5,"METAR KLRF 031755Z AUTO 00000KT 10SM CLR 28/15 A3022 RMK AO2 SLP234 T02800146 10283 20155 58009 PNO $",2025-10-03 18:06:03.007145,2025-10-03 14:06:03.00719
"KLFI","Langley AFB, VA, US",2025-10-03 17:55:00,"2025-10-03 13:55:00","VFR",21.4,11.1,70,8,NA,NA,1027.2,"METAR KLFI 031755Z 07008KT 10SM FEW050 21/11 A3033 RMK AO2A SLP277 T02140111 10227 20177 57018 $",2025-10-03 18:06:03.013408,2025-10-03 14:06:03.013451
"KLHM","Lincoln Rgnl, CA, US",2025-10-03 17:55:00,"2025-10-03 17:55:00","VFR",17,11,130,4,NA,NA,1018,"METAR KLHM 031755Z AUTO 13004KT 10SM SCT049 BKN070 BKN100 17/11 A3006 RMK AO1",2025-10-03 18:06:03.019642,2025-10-03 14:06:03.019684
"KLQK","Pickens Cnty, SC, US",2025-10-03 17:55:00,"2025-10-03 13:55:00","VFR",22.5,9.4,90,6,NA,NA,1026.5,"METAR KLQK 031755Z AUTO 09006KT 10SM CLR 23/09 A3031 RMK AO2 T02250094 10225 20131",2025-10-03 18:06:03.025907,2025-10-03 14:06:03.025952
"KLLR","Little River Arpt, CA, US",2025-10-03 17:55:00,"2025-10-03 17:55:00","VFR",17,11,330,9,14,NA,1019.7,"METAR KLLR 031755Z AUTO 33009G14KT 10SM SCT021 17/11 A3011 RMK A01",2025-10-03 18:06:03.032169,2025-10-03 14:06:03.032212
"KK62","Falmouth/Snyder Arpt, KY, US",2025-10-03 17:55:00,"2025-10-03 17:55:00","VFR",28,14,0,0,NA,NA,1024.8,"METAR KK62 031755Z AUTO 00000KT 10SM CLR 28/14 A3026 RMK AO2",2025-10-03 18:06:03.03842,2025-10-03 14:06:03.038462
"KLRU","Las Cruces Intl, NM, US",2025-10-03 17:55:00,"2025-10-03 11:55:00","VFR",28.2,3.6,140,5,NA,NA,1024.1,"METAR KLRU 031755Z AUTO 14005KT 10SM CLR 28/04 A3024 RMK AO2 T02820036 10282 20176",2025-10-03 18:06:03.044772,2025-10-03 14:06:03.044818
"KL35","Big Bear City Arpt, CA, US",2025-10-03 17:55:00,"2025-10-03 10:55:00","VFR",13,0,250,12,18,NA,1021.8,"METAR KL35 031755Z AUTO 25012G18KT 10SM CLR 13/00 A3017 RMK AO2",2025-10-03 18:06:03.051066,2025-10-03 14:06:03.051109
"KLNP","Wise/Lonesome Pine Arpt, VA, US",2025-10-03 17:55:00,"2025-10-03 13:55:00","VFR",20,12,350,5,NA,NA,1028.5,"METAR KLNP 031755Z AUTO 35005KT 10SM SCT035 20/12 A3037 RMK AO2",2025-10-03 18:06:03.057331,2025-10-03 14:06:03.057374
"KLMO","Longmont/Brand Arpt, CO, US",2025-10-03 17:55:00,"2025-10-03 17:55:00","VFR",27.1,5.4,80,3,NA,NA,1020.1,"METAR KLMO 031755Z AUTO 08003KT 10SM CLR 27/05 A3012 RMK AO2 T02710054 10271 20075",2025-10-03 18:06:03.063621,2025-10-03 14:06:03.063665
"KLAM","Los Alamos Arpt, NM, US",2025-10-03 17:55:00,"2025-10-03 11:55:00","VFR",21.8,4.9,220,10,17,8,1028.2,"METAR KLAM 031755Z AUTO 22010G17KT 8SM CLR 22/05 A3036 RMK AO2 T02180049 10221 20138 58004 $",2025-10-03 18:06:03.069936,2025-10-03 14:06:03.069978
"KLCQ","Lake City/Gateway Arpt, FL, US",2025-10-03 17:55:00,"2025-10-03 13:55:00","MVFR",25,19,50,9,17,NA,1020.1,"METAR KLCQ 031755Z AUTO 05009G17KT 10SM BKN023 OVC029 25/19 A3012 RMK AO2",2025-10-03 18:06:03.076301,2025-10-03 14:06:03.076347
"KLOM","Philadelphia/Wings Field Arpt, PA, US",2025-10-03 17:55:00,"2025-10-03 13:55:00","VFR",21.1,9.4,290,6,NA,NA,1027.2,"METAR KLOM 031755Z AUTO 29006KT 10SM CLR 21/09 A3033 RMK AO2 T02110094 10213 20077",2025-10-03 18:06:03.093768,2025-10-03 14:06:03.093812
"KK82","Smith Center Arpt, KS, US",2025-10-03 17:55:00,"2025-10-03 17:55:00","VFR",30.2,14.4,190,12,NA,NA,1018.7,"METAR KK82 031755Z AUTO 19012KT 10SM CLR 30/14 A3008 RMK AO2 T03020144 10307 20148",2025-10-03 18:06:03.10009,2025-10-03 14:06:03.100132
"KLHZ","Louisburg/Franklin Cnty, NC, US",2025-10-03 17:55:00,"2025-10-03 13:55:00","VFR",21,12,50,6,NA,NA,1027.5,"METAR KLHZ 031755Z AUTO 05006KT 10SM SCT033 21/12 A3034 RMK AO2",2025-10-03 18:06:03.106328,2025-10-03 14:06:03.10637
"KLJF","Litchfield Muni, MN, US",2025-10-03 17:55:00,"2025-10-03 17:55:00","VFR",28,16,160,5,NA,NA,1018.4,"METAR KLJF 031755Z AUTO 16005KT 10SM CLR 28/16 A3007 RMK AO2",2025-10-03 18:06:03.112578,2025-10-03 14:06:03.112622
"KK83","Sabetha Muni, KS, US",2025-10-03 17:55:00,"2025-10-03 17:55:00","VFR",31.1,12.7,180,12,NA,NA,1021.1,"METAR KK83 031755Z AUTO 18012KT 10SM CLR 31/13 A3015 RMK AO2 T03110127 10311 20185",2025-10-03 18:06:03.118884,2025-10-03 14:06:03.118929
"KLCG","Wayne Muni, NE, US",2025-10-03 17:55:00,"2025-10-03 17:55:00","VFR",29.5,16.9,180,12,NA,NA,1018.4,"METAR KLCG 031755Z AUTO 18012KT 10SM CLR 30/17 A3007 RMK AO2 T02950169 10295 20145",2025-10-03 18:06:03.125217,2025-10-03 14:06:03.125261
"KLHB","Hearne Muni, TX, US",2025-10-03 17:55:00,"2025-10-03 17:55:00","VFR",33,18,NA,4,NA,NA,1019,"METAR KLHB 031755Z AUTO VRB04KT 10SM CLR 33/18 A3009 RMK AO2 10331 20194",2025-10-03 18:06:03.131561,2025-10-03 14:06:03.131604
"KLNN","Willoughby/Lake Cnty Exec, OH, US",2025-10-03 17:55:00,"2025-10-03 13:55:00","VFR",23.3,10.3,310,6,NA,NA,1024.5,"METAR KLNN 031755Z AUTO 31006KT 10SM CLR 23/10 A3025 RMK AO1 T02330103 10241 20134",2025-10-03 18:06:03.137864,2025-10-03 14:06:03.137907
"KLSB","Lordsburg Muni, NM, US",2025-10-03 17:55:00,"2025-10-03 11:55:00","VFR",29,7,140,11,18,NA,1022.1,"METAR KLSB 031755Z AUTO 14011G18KT 10SM SCT120 29/07 A3018 RMK AO2",2025-10-03 18:06:03.144167,2025-10-03 14:06:03.14421
"KLGF","Laguna, AZ, US",2025-10-03 17:55:00,"2025-10-03 10:55:00","VFR",31.1,5.5,230,4,NA,NA,1011.6,"METAR KLGF 031755Z AUTO 23004KT 10SM CLR 31/06 A2987 RMK AO2 SLP111 T03110055 10311 20218 50004 $",2025-10-03 18:06:03.150437,2025-10-03 14:06:03.15048
"KLRY","Harrisonville/Smith, MO, US",2025-10-03 17:55:00,"2025-10-03 17:55:00","VFR",31,17,260,5,NA,NA,1022.8,"METAR KLRY 031755Z AUTO 26005KT 10SM CLR 31/17 A3020 RMK AO2",2025-10-03 18:06:03.156734,2025-10-03 14:06:03.15678
"KLDJ","Linden Arpt, NJ, US",2025-10-03 17:55:00,"2025-10-03 13:55:00","VFR",22,7.4,270,5,NA,NA,1026.5,"METAR KLDJ 031755Z AUTO 27005KT 10SM CLR 22/07 A3031 RMK AO2 T02200074 10222 20105",2025-10-03 18:06:03.163106,2025-10-03 14:06:03.163149
"KLIC","Limon Muni, CO, US",2025-10-03 17:55:00,"2025-10-03 11:55:00","VFR",27.8,3.3,NA,4,NA,NA,1020.7,"METAR KLIC 031755Z AUTO VRB04KT 10SM CLR 28/03 A3014 RMK AO2 SLP137 T02780033 10278 20028 58012",2025-10-03 18:06:03.169517,2025-10-03 14:06:03.169559
"KLLJ","Challis Arpt, ID, US",2025-10-03 17:55:00,"2025-10-03 11:55:00","VFR",12.2,6.1,0,0,NA,NA,1016,"METAR KLLJ 031755Z AUTO 00000KT 10SM FEW035 OVC080 12/06 A3000 RMK AO2 SLP126 60000 T01220061 10122 20083 50002",2025-10-03 18:06:03.175795,2025-10-03 14:06:03.175838
"KLNA","Lantana/Palm Beach Cnty, FL, US",2025-10-03 17:55:00,"2025-10-03 13:55:00","MVFR",27.2,19.8,70,13,23,7,1015.3,"METAR KLNA 031755Z AUTO 07013G23KT 7SM BKN020 BKN034 OVC049 27/20 A2998 RMK AO2 T02720198 10300 20272",2025-10-03 18:06:03.182002,2025-10-03 14:06:03.182044
"KLNC","Lancaster Arpt, TX, US",2025-10-03 17:55:00,"2025-10-03 17:55:00",NA,31,18.3,110,4,NA,NA,1021.1,"METAR KLNC 031755Z AUTO 11004KT CLR 31/18 A3015 RMK AO2 T03100183 10310 20173 PWINO",2025-10-03 18:06:03.18819,2025-10-03 14:06:03.188231
"KLBO","Lebanon/Jones Arpt, MO, US",2025-10-03 17:55:00,"2025-10-03 17:55:00","VFR",28,15,0,0,NA,NA,1024.5,"METAR KLBO 031755Z AUTO 00000KT 10SM CLR 28/15 A3025 RMK AO2",2025-10-03 18:06:03.19454,2025-10-03 14:06:03.194583
"KLKU","Louisa/Freeman Fld, VA, US",2025-10-03 17:55:00,"2025-10-03 13:55:00","VFR",21,9.7,180,3,NA,NA,1027.5,"METAR KLKU 031755Z AUTO 18003KT 10SM CLR 21/10 A3034 RMK AO2 T02100097 10214 20083",2025-10-03 18:06:03.200906,2025-10-03 14:06:03.200951
"KL08","Borrego Springs Arpt, CA, US",2025-10-03 17:55:00,"2025-10-03 10:55:00","VFR",30,8,NA,3,10,NA,1011.9,"METAR KL08 031755Z AUTO VRB03G10KT 10SM CLR 30/08 A2988 RMK AO2",2025-10-03 18:06:03.218084,2025-10-03 14:06:03.218136
"KLAF","Lafayette/Purdue Univ Arpt, IN, US",2025-10-03 17:54:00,"2025-10-03 13:54:00","VFR",30,15,NA,NA,NA,NA,1022.8,"METAR KLAF 031754Z 10SM SCT060 30/15 A3020 RMK AO2 SLP223 T03000150 10306 20133 58017",2025-10-03 18:06:03.224633,2025-10-03 14:06:03.224676
"KLNK","Lincoln Arpt, NE, US",2025-10-03 17:54:00,"2025-10-03 12:54:00","VFR",30.6,15.6,200,13,18,NA,1019.4,"METAR KLNK 031754Z 20013G18KT 10SM CLR 31/16 A3010 RMK AO2 SLP180 T03060156 10306 20161 58015",2025-10-03 18:06:03.230826,2025-10-03 14:06:03.23087
"KLEX","Lexington/Blue Grass Arpt, KY, US",2025-10-03 17:54:00,"2025-10-03 13:54:00","VFR",26.1,16.1,200,6,NA,NA,1025.5,"METAR KLEX 031754Z 20006KT 10SM CLR 26/16 A3028 RMK AO2 SLP245 T02610161 10261 20161 58017",2025-10-03 18:06:03.237036,2025-10-03 14:06:03.237079
"KLIT","Little Rock/Clinton Natl, AR, US",2025-10-03 17:53:00,"2025-10-03 12:53:00","VFR",27.2,13.9,130,5,NA,NA,1023.5,"METAR KLIT 031753Z 13005KT 10SM CLR 27/14 A3022 RMK AO2 SLP235 T02720139 10278 20172 58008",2025-10-03 18:06:03.243278,2025-10-03 14:06:03.243321
"KLCH","Lake Charles Rgnl, LA, US",2025-10-03 17:53:00,"2025-10-03 12:53:00","VFR",30,20.6,60,13,NA,NA,1019.7,"METAR KLCH 031753Z 06013KT 10SM FEW037 30/21 A3011 RMK AO2 SLP202 T03000206 10300 20206 58007 $",2025-10-03 18:06:03.249506,2025-10-03 14:06:03.249547
"KLEE","Leesburg Muni, FL, US",2025-10-03 17:53:00,"2025-10-03 13:53:00","VFR",28.9,20.6,60,17,28,NA,1018,"METAR KLEE 031753Z 06017G28KT 10SM CLR 29/21 A3006 RMK AO2 PK WND 04028/1736 SLP179 T02890206 10306 20228 56015",2025-10-03 18:06:03.255863,2025-10-03 14:06:03.255907
"KLFK","Lufkin/Angelina Cnty, TX, US",2025-10-03 17:53:00,"2025-10-03 12:53:00","VFR",30,17.8,80,6,NA,NA,1020.4,"METAR KLFK 031753Z AUTO 08006KT 10SM FEW050 SCT070 30/18 A3013 RMK AO2 SLP198 T03000178 10306 20189 58007",2025-10-03 18:06:03.2621,2025-10-03 14:06:03.262143
"KLLQ","Monticello/Ellis Fld, AR, US",2025-10-03 17:53:00,"2025-10-03 17:53:00","VFR",28.9,10,80,10,16,NA,1022.8,"METAR KLLQ 031753Z AUTO 08010G16KT 10SM CLR 29/10 A3020 RMK AO2 SLP224 T02890100 10294 20161 58011",2025-10-03 18:06:03.268359,2025-10-03 14:06:03.268402
"KLOZ","London-Corbin Arpt, KY, US",2025-10-03 17:53:00,"2025-10-03 13:53:00","VFR",23.9,14.4,NA,3,NA,NA,1026.5,"METAR KLOZ 031753Z AUTO VRB03KT 10SM FEW060 24/14 A3031 RMK AO2 SLP254 T02390144 10239 20128 58018",2025-10-03 18:06:03.274664,2025-10-03 14:06:03.274725
"KLAR","Laramie Rgnl, WY, US",2025-10-03 17:53:00,"2025-10-03 11:53:00","VFR",22.8,-1.1,250,21,30,NA,1023.1,"METAR KLAR 031753Z AUTO 25021G30KT 10SM CLR 23/M01 A3021 RMK AO2 PK WND 26033/1734 SLP122 T02281011 10228 20056 58013",2025-10-03 18:06:03.280962,2025-10-03 14:06:03.281004
"KLBF","N Platte/Lee Bird Fld, NE, US",2025-10-03 17:53:00,"2025-10-03 12:53:00","VFR",28.3,15.6,130,8,NA,NA,1017.4,"METAR KLBF 031753Z AUTO 13008KT 10SM CLR 28/16 A3004 RMK AO2 SLP148 T02830156 10283 20106 58016",2025-10-03 18:06:03.287233,2025-10-03 14:06:03.287277
"KLOU","Louisville/Bowman Fld, KY, US",2025-10-03 17:53:00,"2025-10-03 13:53:00","VFR",26.7,18.9,190,8,NA,NA,1024.8,"METAR KLOU 031753Z 19008KT 10SM CLR 27/19 A3026 RMK AO2 SLP243 T02670189 10272 20161 58014",2025-10-03 18:06:03.293467,2025-10-03 14:06:03.293509
"KLAX","Los Angeles Intl, CA, US",2025-10-03 17:53:00,"2025-10-03 10:53:00","MVFR",20.6,15.6,280,8,NA,8,1016.3,"METAR KLAX 031753Z 28008KT 8SM FEW009 SCT017 BKN026 21/16 A3001 RMK AO2 SLP161 T02060156 10211 20189 51008 $",2025-10-03 18:06:03.299666,2025-10-03 14:06:03.299726
"KLFT","Lafayette Rgnl, LA, US",2025-10-03 17:53:00,"2025-10-03 12:53:00","VFR",28.3,18.3,NA,6,NA,NA,1019.4,"METAR KLFT 031753Z VRB06KT 10SM BKN100 28/18 A3010 RMK AO2 SLP193 T02830183 10289 20206 58009",2025-10-03 18:06:03.30603,2025-10-03 14:06:03.306073
"KLBX","Angleton/Texas Gulf Coast Rgnl, TX, US",2025-10-03 17:53:00,"2025-10-03 12:53:00","VFR",30.6,20,60,9,18,NA,1018.7,"METAR KLBX 031753Z AUTO 06009G18KT 030V100 10SM SCT042 BKN060 31/20 A3008 RMK AO2 SLP185 T03060200 10311 20200 58005",2025-10-03 18:06:03.312288,2025-10-03 14:06:03.312331
"KLOL","Lovelock/Derby Fld, NV, US",2025-10-03 17:53:00,"2025-10-03 10:53:00","VFR",12.8,7.8,270,4,NA,NA,1016.7,"METAR KLOL 031753Z AUTO 27004KT 10SM SCT038 13/08 A3002 RMK AO2 SLP153 60003 T01280078 10133 20089 51009",2025-10-03 18:06:03.318546,2025-10-03 14:06:03.318589
"KLKV","Lakeview/Lake Cnty, OR, US",2025-10-03 17:53:00,"2025-10-03 10:53:00","MVFR",8.9,6.1,350,11,NA,NA,1019.7,"METAR KLKV 031753Z AUTO 35011KT 10SM -RA OVC020 09/06 A3011 RMK AO2 RAB37 SLP191 P0000 60000 T00890061 10100 20072 51012",2025-10-03 18:06:03.325131,2025-10-03 14:06:03.325175
"KLMT","Klamath Falls Intl, OR, US",2025-10-03 17:53:00,"2025-10-03 10:53:00","VFR",12.2,4.4,320,10,NA,NA,1019.7,"METAR KLMT 031753Z 32010KT 10SM SCT095 12/04 A3011 RMK AO2 SLP177 T01220044 10128 20061 53006",2025-10-03 18:06:03.331536,2025-10-03 14:06:03.33158
"KLNS","Lancaster Arpt, PA, US",2025-10-03 17:53:00,"2025-10-03 13:53:00","VFR",20.6,10.6,NA,4,NA,NA,1026.8,"METAR KLNS 031753Z VRB04KT 10SM CLR 21/11 A3032 RMK AO2 SLP267 T02060106 10206 20089 58026",2025-10-03 18:06:03.349454,2025-10-03 14:06:03.349496
"KLPR","Elyria/Lorain Cnty, OH, US",2025-10-03 17:53:00,"2025-10-03 17:53:00","VFR",27.2,10,NA,3,NA,NA,1024.5,"METAR KLPR 031753Z AUTO VRB03KT 10SM CLR 27/10 A3025 RMK AO2 SLP239 6//// T02720100 10272 20128 58014",2025-10-03 18:06:03.355939,2025-10-03 14:06:03.355983
"KLND","Lander/Hunt Fld, WY, US",2025-10-03 17:53:00,"2025-10-03 11:53:00","VFR",20,2.8,NA,3,NA,NA,1015.3,"METAR KLND 031753Z AUTO VRB03KT 10SM CLR 20/03 A2998 RMK AO2 SLP094 T02000028 10200 20083 58013",2025-10-03 18:06:03.362209,2025-10-03 14:06:03.362252
"KLGB","Long Beach Arpt, CA, US",2025-10-03 17:53:00,"2025-10-03 10:53:00","VFR",22.2,15.6,180,7,NA,NA,1016,"METAR KLGB 031753Z 18007KT 10SM SCT016 BKN038 22/16 A3000 RMK AO2 SLP158 T02220156 10222 20183 50004",2025-10-03 18:06:03.368418,2025-10-03 14:06:03.36846
"KLAN","Lansing/Capital City Arpt, MI, US",2025-10-03 17:53:00,"2025-10-03 13:53:00","VFR",28.9,13.3,240,6,NA,NA,1023.1,"METAR KLAN 031753Z 24006KT 10SM CLR 29/13 A3021 RMK AO2 SLP226 T02890133 10289 20117 58016",2025-10-03 18:06:03.374635,2025-10-03 14:06:03.374677
"KLAA","Lamar Muni, CO, US",2025-10-03 17:53:00,"2025-10-03 11:53:00","VFR",30,6.1,NA,6,NA,NA,1018.4,"METAR KLAA 031753Z AUTO VRB06KT 10SM CLR 30/06 A3007 RMK AO2 SLP138 T03000061 10300 20067 58016",2025-10-03 18:06:03.380997,2025-10-03 14:06:03.381047
"KLAW","Lawton-Fort Sill Rgnl, OK, US",2025-10-03 17:53:00,"2025-10-03 12:53:00","VFR",30.6,16.1,140,8,16,NA,1021.1,"METAR KLAW 031753Z 14008G16KT 10SM CLR 31/16 A3015 RMK AO2 SLP197 T03060161 10311 20156 58013",2025-10-03 18:06:03.387393,2025-10-03 14:06:03.387436
"KLBB","Lubbock Intl Arpt, TX, US",2025-10-03 17:53:00,"2025-10-03 12:53:00","VFR",31.7,8.9,170,7,NA,NA,1022.8,"METAR KLBB 031753Z 17007KT 10SM FEW120 32/09 A3020 RMK AO2 SLP173 T03170089 10317 20189 58007",2025-10-03 18:06:03.393654,2025-10-03 14:06:03.393725
"KLEB","Lebanon Muni, NH, US",2025-10-03 17:53:00,"2025-10-03 13:53:00","VFR",21.7,8.3,0,0,NA,NA,1023.5,"METAR KLEB 031753Z 00000KT 10SM CLR 22/08 A3022 RMK AO2 SLP230 T02170083 10222 20028 58034",2025-10-03 18:06:03.399981,2025-10-03 14:06:03.400024
"KLGU","Logan/Cache Arpt, UT, US",2025-10-03 17:51:00,"2025-10-03 11:51:00","VFR",15.6,10.6,0,0,NA,NA,1015.3,"METAR KLGU 031751Z AUTO 00000KT 10SM BKN080 16/11 A2998 RMK AO2 SLP119 60004 T01560106 10178 20089 51005",2025-10-03 18:06:03.406244,2025-10-03 14:06:03.406287
"KLGA","New York/La Guardia Arpt, NY, US",2025-10-03 17:51:00,"2025-10-03 13:51:00","VFR",21.1,6.1,220,7,14,NA,1026.2,"METAR KLGA 031751Z 22007G14KT 10SM FEW050 SCT250 21/06 A3030 RMK AO2 SLP261 T02110061 10217 20150 58026",2025-10-03 18:06:03.412526,2025-10-03 14:06:03.41257
"KLPC","Lompoc Arpt, CA, US",2025-10-03 17:51:00,"2025-10-03 10:51:00","VFR",20,13.3,310,15,20,NA,1018,"METAR KLPC 031751Z AUTO 31015G20KT 10SM FEW025 20/13 A3006 RMK AO2 SLP180 T02000133 10206 20106 58001 $",2025-10-03 18:06:03.418775,2025-10-03 14:06:03.418819
"KLAL","Lakeland/Linder Intl, FL, US",2025-10-03 17:50:00,"2025-10-03 13:50:00","VFR",30,21,70,10,16,NA,1017,"METAR KLAL 031750Z 07010G16KT 10SM VCSH SCT070 30/21 A3003",2025-10-03 18:06:03.425035,2025-10-03 14:06:03.425077
"KLBE","Latrobe/Palmer Rgnl, PA, US",2025-10-03 17:45:00,"2025-10-03 13:45:00","VFR",23,11,0,0,NA,NA,1026.5,"METAR KLBE 031745Z 00000KT 10SM CLR 23/11 A3031",2025-10-03 18:06:03.431266,2025-10-03 14:06:03.431308
"KLOT","Romeoville/Lewis Univ Arpt, IL, US",2025-10-03 17:45:00,"2025-10-03 12:45:00","VFR",30,17,170,4,10,NA,1022.8,"METAR KLOT 031745Z 17004G10KT 10SM FEW050 30/17 A3020",2025-10-03 18:06:03.437538,2025-10-03 14:06:03.437581
"KLHW","Ft Stewart/Mid Coast Rgnl, GA, US",2025-10-03 16:55:00,"2025-10-03 12:55:00","VFR",26,15.9,40,5,NA,NA,1022.1,"METAR KLHW 031655Z AUTO 04005KT 10SM CLR 26/16 A3018 RMK AO2 SLP223 T02600159 $",2025-10-03 18:06:03.443968,2025-10-03 14:06:03.44401
"KMEI","Meridian/Key Fld, MS, US",2025-10-03 17:58:00,"2025-10-03 12:58:00","VFR",27.8,16.1,70,10,17,NA,1022.4,"METAR KMEI 031758Z 07010G17KT 10SM SCT043 28/16 A3019 RMK AO2 SLP219 T02780161 10283 20150 58020",2025-10-03 18:06:05.342875,2025-10-03 14:06:05.34292
"KLZU","Lawrenceville/Gwinnett Cnty, GA, US",2025-10-03 17:56:00,"2025-10-03 13:56:00","VFR",22.2,12.2,30,8,NA,NA,1026.5,"METAR KLZU 031756Z 03008KT 10SM CLR 22/12 A3031 RMK AO2 SLPNO T02220122 58019",2025-10-03 18:06:05.349382,2025-10-03 14:06:05.349428
"KMDT","Harrisburg Intl, PA, US",2025-10-03 17:56:00,"2025-10-03 13:56:00","VFR",21.7,10,200,5,NA,NA,1026.2,"METAR KMDT 031756Z 20005KT 10SM FEW050 BKN250 22/10 A3030 RMK AO2 SLP262 T02170100 10217 20106 58027",2025-10-03 18:06:05.355733,2025-10-03 14:06:05.355777
"KMBL","Manistee/Blacker Arpt, MI, US",2025-10-03 17:56:00,"2025-10-03 13:56:00","VFR",27.8,16.7,240,6,NA,NA,1021.1,"METAR KMBL 031756Z AUTO 24006KT 10SM CLR 28/17 A3015 RMK AO2 SLP210 T02780167 10283 20094 58013",2025-10-03 18:06:05.362055,2025-10-03 14:06:05.362097
"KM19","Newport Muni, AR, US",2025-10-03 17:56:00,"2025-10-03 17:56:00","VFR",28.3,13.3,NA,4,NA,NA,1024.1,"METAR KM19 031756Z AUTO VRB04KT 10SM CLR 28/13 A3024 RMK AO2 SLP251 T02830133 10283 20156 58012 $",2025-10-03 18:06:05.36852,2025-10-03 14:06:05.368565
"KLWS","Lewiston/Nez Perce Cnty, ID, US",2025-10-03 17:56:00,"2025-10-03 10:56:00","VFR",15.6,8.9,0,0,NA,NA,1018.4,"METAR KLWS 031756Z 00000KT 10SM OVC120 16/09 A3007 RMK AO2 SLP181 T01560089 10156 20122 51011 $",2025-10-03 18:06:05.375007,2025-10-03 14:06:05.375053
"KMBT","Murfreesboro Muni, TN, US",2025-10-03 17:55:00,"2025-10-03 17:55:00","VFR",25,13,0,0,NA,NA,1025.1,"METAR KMBT 031755Z AUTO 00000KT 10SM CLR 25/13 A3027 RMK A01",2025-10-03 18:06:05.381365,2025-10-03 14:06:05.381407
"KMCC","McClellan AFB, CA, US",2025-10-03 17:55:00,"2025-10-03 10:55:00","VFR",17,14,150,4,NA,NA,1018,"METAR KMCC 031755Z AUTO 15004KT 10SM SCT018 BKN038 OVC080 17/14 A3006 RMK AO2",2025-10-03 18:06:05.38768,2025-10-03 14:06:05.387743
"KMEV","Minden-Tahoe Arpt, NV, US",2025-10-03 17:55:00,"2025-10-03 10:55:00","VFR",12,4,20,11,NA,NA,1018,"METAR KMEV 031755Z AUTO 02011KT 10SM SCT060 SCT080 12/04 A3006 RMK AO2",2025-10-03 18:06:05.393984,2025-10-03 14:06:05.394027
"KLYO","Lyons/Rice Cnty, KS, US",2025-10-03 17:55:00,"2025-10-03 12:55:00","VFR",29.7,14.5,160,17,22,NA,1020.1,"METAR KLYO 031755Z AUTO 16017G22KT 10SM CLR 30/14 A3012 RMK AO2 T02970145 10299 20166",2025-10-03 18:06:05.400296,2025-10-03 14:06:05.400339
"KMDQ","Huntsville/Sharp Fld, AL, US",2025-10-03 17:55:00,"2025-10-03 17:55:00","VFR",25,11.2,160,7,NA,NA,1025.8,"METAR KMDQ 031755Z AUTO 16007KT 10SM CLR 25/11 A3029 RMK A02 T02500112 10253 20119",2025-10-03 18:06:05.406618,2025-10-03 14:06:05.406661
"KMDD","Midland Airpark, TX, US",2025-10-03 17:55:00,"2025-10-03 12:55:00","VFR",30,8.8,0,0,NA,NA,1022.1,"METAR KMDD 031755Z AUTO 00000KT 10SM CLR 30/09 A3018 RMK AO2 T03000088 10303 20188",2025-10-03 18:06:05.413003,2025-10-03 14:06:05.413047
"KLSV","Nellis AFB, NV, US",2025-10-03 17:55:00,"2025-10-03 10:55:00","VFR",27.7,7,220,17,NA,NA,1010.2,"METAR KLSV 031755Z 22017KT 10SM FEW100 FEW250 28/07 A2983 RMK AO2A SLP077 T02770070 10279 20229 58000 $",2025-10-03 18:06:05.419333,2025-10-03 14:06:05.419375
"KM21","Greenville/Muhlenberg Cnty, KY, US",2025-10-03 17:55:00,"2025-10-03 17:55:00","VFR",22.4,15.7,220,4,NA,NA,1026.2,"METAR KM21 031755Z AUTO 22004KT 10SM BKN120 22/16 A3030 RMK AO2 60011 T02240157 10224 20175",2025-10-03 18:06:05.425666,2025-10-03 14:06:05.425727
"KLUL","Laurel/Hesler-Noble Fld, MS, US",2025-10-03 17:55:00,"2025-10-03 12:55:00","VFR",26.7,17,30,6,NA,NA,1021.8,"METAR KLUL 031755Z AUTO 03006KT 10SM CLR 27/17 A3017 RMK A02 T02670170 10273 20172",2025-10-03 18:06:05.432022,2025-10-03 14:06:05.432065
"KLWA","South Haven Rgnl, MI, US",2025-10-03 17:55:00,"2025-10-03 17:55:00","VFR",28,16,270,8,NA,NA,1022.4,"METAR KLWA 031755Z AUTO 27008KT 10SM CLR 28/16 A3019 RMK AO2 10285 20131",2025-10-03 18:06:05.438313,2025-10-03 14:06:05.438357
"KLUD","Decatur Muni, TX, US",2025-10-03 17:55:00,"2025-10-03 17:55:00","VFR",30.2,17.3,110,3,NA,7,1021.4,"METAR KLUD 031755Z AUTO 11003KT 7SM CLR 30/17 A3016 RMK AO2 T03020173 10302 20185",2025-10-03 18:06:05.444766,2025-10-03 14:06:05.444809
"KMDS","Madison Muni, SD, US",2025-10-03 17:55:00,"2025-10-03 12:55:00","VFR",29,16,170,16,NA,9,1017,"METAR KMDS 031755Z AUTO 17016KT 9SM CLR 29/16 A3003 RMK AO2 TSNO",2025-10-03 18:06:05.451197,2025-10-03 14:06:05.451239
"KMGC","Michigan City Muni, IN, US",2025-10-03 17:55:00,"2025-10-03 12:55:00","VFR",29,15,180,6,NA,NA,1022.8,"METAR KMGC 031755Z AUTO 18006KT 10SM CLR 29/15 A3020 RMK AO2",2025-10-03 18:06:05.468323,2025-10-03 14:06:05.468365
"KLUM","Menomenie Muni, WI, US",2025-10-03 17:55:00,"2025-10-03 17:55:00","VFR",29.6,17.2,190,4,NA,NA,1019,"METAR KLUM 031755Z AUTO 19004KT 10SM CLR 30/17 A3009 RMK AO2 T02960172 10296 20168 PWINO",2025-10-03 18:06:05.474637,2025-10-03 14:06:05.47468
"KLUF","Phoenix/Luke AFB, AZ, US",2025-10-03 17:55:00,"2025-10-03 10:55:00","VFR",32.3,9.1,40,3,NA,NA,1012.3,"METAR KLUF 031755Z AUTO 04003KT 10SM CLR 32/09 A2989 RMK AO2 SLP106 T03230091 10325 20225 58006 $",2025-10-03 18:06:05.480861,2025-10-03 14:06:05.480904
"KLUG","Lewisburg/Ellington Arpt, TN, US",2025-10-03 17:55:00,"2025-10-03 17:55:00","VFR",26,14,NA,5,NA,NA,1025.5,"METAR KLUG 031755Z AUTO VRB05KT 10SM CLR 26/14 A3028 RMK A01",2025-10-03 18:06:05.487073,2025-10-03 14:06:05.487116
"KM02","Dickson Muni, TN, US",2025-10-03 17:55:00,"2025-10-03 17:55:00","VFR",26,13,0,0,NA,NA,1025.5,"METAR KM02 031755Z AUTO 00000KT 10SM CLR 26/13 A3028 RMK A01",2025-10-03 18:06:05.493366,2025-10-03 14:06:05.493409
"KM75","Malta Arpt, MT, US",2025-10-03 17:55:00,"2025-10-03 11:55:00","VFR",22,6,300,11,NA,NA,1010.6,"METAR KM75 031755Z AUTO 30011KT 10SM CLR 22/06 A2984 RMK A01",2025-10-03 18:06:05.499681,2025-10-03 14:06:05.499745
"KM91","Springfield/Robertson Cnty, TN, US",2025-10-03 17:55:00,"2025-10-03 17:55:00","VFR",26,14,0,0,NA,NA,1025.1,"METAR KM91 031755Z AUTO 00000KT 10SM CLR 26/14 A3027 RMK A01",2025-10-03 18:06:05.506051,2025-10-03 14:06:05.506093
"KMCZ","Williamston/Martin Cnty, NC, US",2025-10-03 17:55:00,"2025-10-03 17:55:00","VFR",24.7,14.3,80,4,NA,NA,1026.5,"METAR KMCZ 031755Z AUTO 08004KT 10SM SCT040 25/14 A3031 RMK AO2 T02470143 10252 20126",2025-10-03 18:06:05.512354,2025-10-03 14:06:05.512396
"KLVN","Lakeville/Airlake Arpt, MN, US",2025-10-03 17:55:00,"2025-10-03 17:55:00","VFR",29,17,200,5,NA,NA,1019.4,"METAR KLVN 031755Z AUTO 20005KT 10SM CLR 29/17 A3010 RMK AO2",2025-10-03 18:06:05.518628,2025-10-03 14:06:05.518671
"KM25","Mayfield/Grave Cnty, KY, US",2025-10-03 17:55:00,"2025-10-03 17:55:00","VFR",26.6,14.4,0,0,NA,9,1024.8,"METAR KM25 031755Z AUTO 00000KT 9SM CLR 27/14 A3026 RMK AO2 T02660144",2025-10-03 18:06:05.524917,2025-10-03 14:06:05.52496
"KMAW","Malden Rgnl, MO, US",2025-10-03 17:55:00,"2025-10-03 12:55:00","VFR",28,12,200,6,NA,NA,1024.8,"METAR KMAW 031755Z AUTO 20006KT 10SM CLR 28/12 A3026 RMK AO1",2025-10-03 18:06:05.531199,2025-10-03 14:06:05.531243
"KLZZ","Lampasas Arpt, TX, US",2025-10-03 17:55:00,"2025-10-03 17:55:00","VFR",32,15,80,5,NA,NA,1020.4,"METAR KLZZ 031755Z AUTO 08005KT 10SM CLR 32/15 A3013 RMK AO2 10320 20164",2025-10-03 18:06:05.537492,2025-10-03 14:06:05.537535
"KMCX","Monticello/White Cnty, IN, US",2025-10-03 17:55:00,"2025-10-03 17:55:00","VFR",30.3,12.2,150,4,NA,NA,1023.1,"METAR KMCX 031755Z AUTO 15004KT 10SM CLR 30/12 A3021 RMK AO2 T03030122 10305 20134",2025-10-03 18:06:05.543837,2025-10-03 14:06:05.543881
"KLUX","Laurens Cnty, SC, US",2025-10-03 17:55:00,"2025-10-03 17:55:00","VFR",22,10,60,9,NA,NA,1026.5,"METAR KLUX 031755Z AUTO 06009KT 10SM CLR 22/10 A3031 RMK AO2",2025-10-03 18:06:05.550133,2025-10-03 14:06:05.550175
"KMCD","Mackinac Isl Arpt, MI, US",2025-10-03 17:55:00,"2025-10-03 13:55:00","VFR",22,15,250,11,18,NA,1020.4,"METAR KMCD 031755Z AUTO 25011G18KT 220V280 10SM CLR 22/15 A3013 RMK AO2 10219 20157",2025-10-03 18:06:05.556433,2025-10-03 14:06:05.556477
"KMFV","Melfa/Accomack Cnty, VA, US",2025-10-03 17:55:00,"2025-10-03 13:55:00","VFR",20.5,9.8,120,3,NA,NA,1027.2,"METAR KMFV 031755Z AUTO 12003KT 10SM CLR 21/10 A3033 RMK AO2 T02050098 10205 20090",2025-10-03 18:06:05.562742,2025-10-03 14:06:05.562787
"KLVL","Lawrenceville Muni, VA, US",2025-10-03 17:55:00,"2025-10-03 13:55:00","VFR",22.6,11.9,20,3,NA,NA,1027.5,"METAR KLVL 031755Z AUTO 02003KT 10SM CLR 23/12 A3034 RMK AO1 T02260119 10227 20115",2025-10-03 18:06:05.569076,2025-10-03 14:06:05.569119
"KLXN","Lexington/Kelly Fld, NE, US",2025-10-03 17:55:00,"2025-10-03 12:55:00","VFR",26.7,15.3,150,9,14,NA,1018,"METAR KLXN 031755Z AUTO 15009G14KT 10SM CLR 27/15 A3006 RMK AO2 T02670153 10267 20110",2025-10-03 18:06:05.575459,2025-10-03 14:06:05.575502
"KLXL","Little Falls/Morrison Cnty, MN, US",2025-10-03 17:55:00,"2025-10-03 17:55:00","VFR",26,17,140,4,NA,NA,1017.7,"METAR KLXL 031755Z AUTO 14004KT 10SM CLR 26/17 A3005 RMK AO2",2025-10-03 18:06:05.581849,2025-10-03 14:06:05.581894
"KM30","Metropolis Muni, IL, US",2025-10-03 17:55:00,"2025-10-03 17:55:00","VFR",26.6,14.1,0,0,NA,NA,1025.5,"METAR KM30 031755Z AUTO 00000KT 10SM CLR 27/14 A3028 RMK AO2 T02660141 10266 20170",2025-10-03 18:06:05.598797,2025-10-03 14:06:05.59884
"KMBO","Madison/Campbell Fld, MS, US",2025-10-03 17:55:00,"2025-10-03 12:55:00","VFR",26,16,NA,6,12,NA,1022.1,"METAR KMBO 031755Z AUTO VRB06G12KT 360V160 10SM CLR 26/16 A3018 RMK AO2",2025-10-03 18:06:05.605147,2025-10-03 14:06:05.605189
"KMDZ","Medford/Taylor Cnty, WI, US",2025-10-03 17:55:00,"2025-10-03 12:55:00","VFR",26,15.5,230,3,NA,NA,1020.1,"METAR KMDZ 031755Z AUTO 23003KT 10SM CLR 26/16 A3012 RMK AO2 T02600155 10260 20127 PWINO",2025-10-03 18:06:05.611371,2025-10-03 14:06:05.611414
"KMEZ","Mena Intermountain Muni, AR, US",2025-10-03 17:55:00,"2025-10-03 17:55:00","VFR",26.5,18.5,40,3,NA,NA,1023.1,"METAR KMEZ 031755Z AUTO 04003KT 10SM CLR 27/19 A3021 RMK AO2 T02650185 10271 20136 58009",2025-10-03 18:06:05.617619,2025-10-03 14:06:05.617662
"KLSF","Fort Benning/Lawson AAF, GA, US",2025-10-03 17:55:00,"2025-10-03 12:55:00","VFR",26.5,13.2,40,6,NA,NA,1022.1,"METAR KLSF 031755Z AUTO 04006KT 10SM FEW180 27/13 A3018 RMK AO2 SLP223 T02650132 10272 20170 58016 $",2025-10-03 18:06:05.623869,2025-10-03 14:06:05.623912
"KLTS","Altus AFB, OK, US",2025-10-03 17:55:00,"2025-10-03 12:55:00","VFR",30.8,14,180,5,NA,NA,1019.7,"METAR KLTS 031755Z AUTO 18005KT 10SM CLR 31/14 A3011 RMK AO2 SLP179 T03080140 10310 20161 58011 $",2025-10-03 18:06:05.630213,2025-10-03 14:06:05.630256
"KMCF","Tampa/MacDill AFB, FL, US",2025-10-03 17:55:00,"2025-10-03 13:55:00","VFR",31.3,20.8,60,16,NA,NA,1016,"METAR KMCF 031755Z AUTO 06016KT 10SM CLR 31/21 A3000 RMK AO2 SLP162 T03130208 10316 20233 57018",2025-10-03 18:06:05.636738,2025-10-03 14:06:05.636788
"KM40","Aberdeen/Monroe Cnty, MS, US",2025-10-03 17:55:00,"2025-10-03 17:55:00","VFR",27,15,90,6,NA,NA,1024.8,"METAR KM40 031755Z AUTO 09006KT 10SM BKN050 27/15 A3026 RMK AO2",2025-10-03 18:06:05.643108,2025-10-03 14:06:05.643151
"KMBY","Moberly/Bradley Arpt, MO, US",2025-10-03 17:55:00,"2025-10-03 12:55:00","VFR",30,16,200,4,NA,NA,1022.8,"METAR KMBY 031755Z AUTO 20004KT 10SM CLR 30/16 A3020 RMK AO2",2025-10-03 18:06:05.649439,2025-10-03 14:06:05.649482
"KLWT","Lewistown Muni, MT, US",2025-10-03 17:54:00,"2025-10-03 11:54:00","VFR",12.8,4.4,290,11,NA,NA,1014.6,"METAR KLWT 031754Z AUTO 29011KT 10SM CLR 13/04 A2996 RMK AO2 SLP132 T01280044 10128 20072 58004",2025-10-03 18:06:05.65575,2025-10-03 14:06:05.655795
"KLWM","Lawrence Muni, MA, US",2025-10-03 17:54:00,"2025-10-03 13:54:00","VFR",21.7,8.3,240,7,NA,NA,1024.5,"METAR KLWM 031754Z 24007KT 10SM CLR 22/08 A3025 RMK AO2 SLP244 T02170083 10217 20078 58025",2025-10-03 18:06:05.662025,2025-10-03 14:06:05.662069
"KMFI","Marshfield Muni, WI, US",2025-10-03 17:54:00,"2025-10-03 12:54:00","VFR",26.7,17.2,NA,6,NA,NA,1020.1,"METAR KMFI 031754Z AUTO VRB06KT 10SM CLR 27/17 A3012 RMK AO2 SLP195 T02670172 10267 20144 58006",2025-10-03 18:06:05.66835,2025-10-03 14:06:05.668392
"KMEM","Memphis Intl, TN, US",2025-10-03 17:54:00,"2025-10-03 12:54:00","VFR",26.7,11.1,NA,5,NA,NA,1024.5,"METAR KMEM 031754Z VRB05KT 10SM CLR 27/11 A3025 RMK AO2 SLP240 T02670111 10272 20194 58012 $",2025-10-03 18:06:05.674726,2025-10-03 14:06:05.674772
"KLYH","Lynchburg/Glenn Fld, VA, US",2025-10-03 17:54:00,"2025-10-03 13:54:00","VFR",20.6,8.3,NA,3,NA,NA,1027.9,"METAR KLYH 031754Z VRB03KT 10SM CLR 21/08 A3035 RMK AO2 SLP273 T02060083 10206 20089 58024",2025-10-03 18:06:05.681079,2025-10-03 14:06:05.681122
"KLVJ","Houston/Pearland Rgnl, TX, US",2025-10-03 17:53:00,"2025-10-03 17:53:00","VFR",30,19.4,80,11,18,NA,1019.4,"METAR KLVJ 031753Z AUTO 08011G18KT 10SM CLR 30/19 A3010 RMK AO2 SLP192 T03000194 10306 20233 58005",2025-10-03 18:06:05.687452,2025-10-03 14:06:05.687495
"KLXV","Leadville/Lake Cnty, CO, US",2025-10-03 17:53:00,"2025-10-03 11:53:00","VFR",15.6,-2.8,180,4,17,NA,1031.9,"METAR KLXV 031753Z AUTO 18004G17KT 10SM CLR 16/M03 A3047 RMK AO2 SLP179 T01561028 10161 21028 58009",2025-10-03 18:06:05.69376,2025-10-03 14:06:05.693816
"KMAE","Madera Muni, CA, US",2025-10-03 17:53:00,"2025-10-03 10:53:00","VFR",18.9,11.7,330,7,NA,NA,1018,"METAR KMAE 031753Z AUTO 33007KT 10SM FEW027 19/12 A3006 RMK AO2 SLP178 T01890117 10194 20117 51006",2025-10-03 18:06:05.700089,2025-10-03 14:06:05.700134
"KMCE","Merced/Macready Fld, CA, US",2025-10-03 17:53:00,"2025-10-03 10:53:00","VFR",18.9,11.7,330,5,NA,NA,1017.7,"METAR KMCE 031753Z AUTO 33005KT 10SM FEW025 BKN045 OVC055 19/12 A3005 RMK AO2 SLP176 T01890117 10194 20139 53008",2025-10-03 18:06:05.706476,2025-10-03 14:06:05.70652
"KMCW","Mason City Muni, IA, US",2025-10-03 17:53:00,"2025-10-03 12:53:00","VFR",30.6,15.6,190,9,NA,NA,1020.1,"METAR KMCW 031753Z AUTO 19009KT 10SM CLR 31/16 A3012 RMK AO2 SLP186 T03060156 10311 20156 58012",2025-10-03 18:06:05.712948,2025-10-03 14:06:05.712992
"KLSE","La Crosse Muni, WI, US",2025-10-03 17:53:00,"2025-10-03 12:53:00","VFR",28.3,17.8,210,6,NA,NA,1019.4,"METAR KLSE 031753Z 21006KT 10SM CLR 28/18 A3010 RMK AO2 SLP181 T02830178 10283 20183 58010",2025-10-03 18:06:05.729749,2025-10-03 14:06:05.729816
"KMBS","Saginaw Intl, MI, US",2025-10-03 17:53:00,"2025-10-03 13:53:00","VFR",27.2,12.8,190,6,NA,NA,1022.8,"METAR KMBS 031753Z 19006KT 10SM CLR 27/13 A3020 RMK AO2 SLP223 T02720128 10272 20111 58016",2025-10-03 18:06:05.736025,2025-10-03 14:06:05.736069
"KLUK","Cincinnati/Lunken Fld, OH, US",2025-10-03 17:53:00,"2025-10-03 13:53:00","VFR",28.3,13.3,NA,3,NA,NA,1024.1,"METAR KLUK 031753Z VRB03KT 10SM CLR 28/13 A3024 RMK AO2 SLP238 T02830133 10283 20128 58018",2025-10-03 18:06:05.7423,2025-10-03 14:06:05.742341
"KMFE","McAllen/Miller Intl, TX, US",2025-10-03 17:53:00,"2025-10-03 12:53:00","VFR",33.3,19.4,NA,3,NA,NA,1017.4,"METAR KMFE 031753Z VRB03KT 10SM BKN045 33/19 A3004 RMK AO2 SLP171 T03330194 10339 20222 58009 $",2025-10-03 18:06:05.748573,2025-10-03 14:06:05.748616
"KMCI","Kansas City Intl, MO, US",2025-10-03 17:53:00,"2025-10-03 12:53:00","VFR",30,17.8,190,8,16,NA,1021.4,"METAR KMCI 031753Z 19008G16KT 160V220 10SM FEW050 30/18 A3016 RMK AO2 SLP202 T03000178 10306 20172 58011",2025-10-03 18:06:05.754853,2025-10-03 14:06:05.754896
"KLXT","Lee's Summit Muni, MO, US",2025-10-03 17:53:00,"2025-10-03 17:53:00","VFR",30,18.3,190,8,NA,NA,1022.1,"METAR KLXT 031753Z AUTO 19008KT 160V230 10SM CLR 30/18 A3018 RMK AO2 SLP211 T03000183 10300 20194 58010 $",2025-10-03 18:06:05.761252,2025-10-03 14:06:05.761296
"KLWV","Lawrenceville-Vincennes Intl, IL, US",2025-10-03 17:53:00,"2025-10-03 12:53:00","VFR",30,16.1,250,8,NA,NA,1023.8,"METAR KLWV 031753Z AUTO 25008KT 10SM CLR 30/16 A3023 RMK AO2 SLP232 T03000161 10300 20150 58013",2025-10-03 18:06:05.767579,2025-10-03 14:06:05.767622
"KMAI","Marianna Muni, FL, US",2025-10-03 17:53:00,"2025-10-03 17:53:00","VFR",28.9,16.7,90,11,NA,NA,1020.4,"METAR KMAI 031753Z AUTO 09011KT 10SM SCT044 29/17 A3013 RMK AO2 SLP200 T02890167 10289 20178 58019",2025-10-03 18:06:05.773943,2025-10-03 14:06:05.773986
"KMCB","McComb/Lewis Fld, MS, US",2025-10-03 17:53:00,"2025-10-03 12:53:00","VFR",26.7,16.7,NA,5,NA,NA,1020.7,"METAR KMCB 031753Z AUTO VRB05KT 10SM CLR 27/17 A3014 RMK AO2 SLP202 T02670167 10272 20183 58012",2025-10-03 18:06:05.780246,2025-10-03 14:06:05.780291
"KMCN","Macon/Middle Georgia Rgnl, GA, US",2025-10-03 17:53:00,"2025-10-03 13:53:00","VFR",25.6,12.2,70,10,19,NA,1024.1,"METAR KMCN 031753Z 07010G19KT 10SM CLR 26/12 A3024 RMK AO2 SLP239 T02560122 10261 20150 58020 $",2025-10-03 18:06:05.786659,2025-10-03 14:06:05.78672
"KLVS","Las Vegas Muni, NM, US",2025-10-03 17:53:00,"2025-10-03 11:53:00","VFR",23.3,6.1,230,16,25,NA,1027.9,"METAR KLVS 031753Z AUTO 23016G25KT 10SM CLR 23/06 A3035 RMK AO2 SLP176 T02330061 10233 20094 58004 $",2025-10-03 18:06:05.793024,2025-10-03 14:06:05.793067
"KMCO","Orlando Intl, FL, US",2025-10-03 17:53:00,"2025-10-03 13:53:00","VFR",28.9,20.6,70,14,28,NA,1017.4,"METAR KMCO 031753Z 07014G28KT 10SM FEW030 SCT075 SCT250 29/21 A3004 RMK AO2 PK WND 06028/1744 RAE1654 SLP169 P0000 60014 T02890206 10294 20228 58015",2025-10-03 18:06:05.799302,2025-10-03 14:06:05.799346
"KMCK","McCook Muni, NE, US",2025-10-03 17:53:00,"2025-10-03 12:53:00","VFR",26.7,15,130,12,NA,NA,1018,"METAR KMCK 031753Z AUTO 13012KT 10SM CLR 27/15 A3006 RMK AO2 SLP156 T02670150 10267 20111 58014",2025-10-03 18:06:05.805636,2025-10-03 14:06:05.805679
"KMDW","Chicago/Midway Intl, IL, US",2025-10-03 17:53:00,"2025-10-03 12:53:00","VFR",30.6,14.4,230,5,NA,NA,1022.1,"METAR KMDW 031753Z 23005KT 10SM FEW060 31/14 A3018 RMK AO2 SLP208 T03060144 10306 20189 58014 $",2025-10-03 18:06:05.811936,2025-10-03 14:06:05.81198
"KMFR","Medford/Rogue Valley Intl, OR, US",2025-10-03 17:53:00,"2025-10-03 10:53:00","VFR",15.6,8.9,300,6,NA,NA,1020.7,"METAR KMFR 031753Z 30006KT 10SM FEW044 OVC055 16/09 A3014 RMK AO2 SLP204 T01560089 10156 20117 51008",2025-10-03 18:06:05.818224,2025-10-03 14:06:05.818269
"KMAF","Midland Intl, TX, US",2025-10-03 17:53:00,"2025-10-03 12:53:00","VFR",30,8.9,0,0,NA,NA,1021.8,"METAR KMAF 031753Z 00000KT 10SM CLR 30/09 A3017 RMK AO2 SLP168 T03000089 10311 20156 58008",2025-10-03 18:06:05.824512,2025-10-03 14:06:05.824555
"KLVK","Livermore Muni, CA, US",2025-10-03 17:53:00,"2025-10-03 10:53:00","VFR",17.2,11.1,240,7,NA,NA,1018.4,"METAR KLVK 031753Z 24007KT 10SM FEW023 OVC033 17/11 A3007 RMK AO2 SLP178 T01720111 10172 20150 53009",2025-10-03 18:06:05.830886,2025-10-03 14:06:05.830928
"KLVM","Livingston/Mission Fld, MT, US",2025-10-03 17:53:00,"2025-10-03 11:53:00","VFR",16.7,7.2,300,10,NA,NA,1014.3,"METAR KLVM 031753Z AUTO 30010KT 10SM CLR 17/07 A2995 RMK AO2 SLP119 T01670072 10167 20033 58011",2025-10-03 18:06:05.837253,2025-10-03 14:06:05.837296
"KMEB","Laurinberg/Maxton Arpt, NC, US",2025-10-03 17:52:00,"2025-10-03 13:52:00","VFR",23.9,13.9,NA,NA,NA,NA,1026.2,"METAR KMEB 031752Z AUTO 10SM CLR 24/14 A3030 RMK AO2 SLP258 T02390139 10239 20122 58021",2025-10-03 18:06:05.854038,2025-10-03 14:06:05.85408
"KLWC","Lawrence Muni, KS, US",2025-10-03 17:52:00,"2025-10-03 12:52:00","VFR",31.1,16.7,220,7,NA,NA,1021.1,"METAR KLWC 031752Z AUTO 22007KT 10SM CLR 31/17 A3015 RMK AO1 SLP203 T03110167 10311 20133 58012",2025-10-03 18:06:05.860354,2025-10-03 14:06:05.860397
"KMDH","Murphysboro/S Illinois Arpt, IL, US",2025-10-03 17:52:00,"2025-10-03 12:52:00","VFR",28.3,16.1,200,11,NA,NA,1024.5,"METAR KMDH 031752Z 20011KT 10SM CLR 28/16 A3025 RMK AO2 SLP238 T02830161 10283 20156 58014",2025-10-03 18:06:05.866542,2025-10-03 14:06:05.866585
"KMFD","Mansfield/Lahm Rgnl, OH, US",2025-10-03 17:52:00,"2025-10-03 13:52:00","VFR",26.1,11.1,280,4,NA,NA,1024.8,"METAR KMFD 031752Z 28004KT 10SM CLR 26/11 A3026 RMK AO2 SLP243 T02610111 10261 20117 58012 $",2025-10-03 18:06:05.872736,2025-10-03 14:06:05.872781
"KMBG","Mobridge Muni, SD, US",2025-10-03 17:52:00,"2025-10-03 12:52:00","VFR",25,16.1,150,12,NA,NA,1010.9,"METAR KMBG 031752Z AUTO 15012KT 10SM CLR 25/16 A2985 RMK AO2 SLP096 T02500161 10250 20128 58022",2025-10-03 18:06:05.878929,2025-10-03 14:06:05.878971
"KM54","Lebanon Muni, TN, US",2025-10-03 17:50:00,"2025-10-03 17:50:00","VFR",26,14,250,4,NA,NA,1025.1,"METAR KM54 031750Z AUTO 25004KT 10SM BKN055 26/14 A3027 RMK A01",2025-10-03 18:06:05.885175,2025-10-03 14:06:05.885223
"KM04","Covington Muni, TN, US",2025-10-03 17:50:00,"2025-10-03 17:50:00","VFR",27,13,150,4,NA,NA,1024.5,"METAR KM04 031750Z AUTO 15004KT 10SM CLR 27/13 A3025 RMK A01",2025-10-03 18:06:05.891475,2025-10-03 14:06:05.891519
"KLWB","Lewisburg/Greenbrier Valley Arpt, WV, US",2025-10-03 17:45:00,"2025-10-03 13:45:00","VFR",19,9,260,4,NA,NA,1027.5,"METAR KLWB 031745Z 26004KT 10SM CLR 19/09 A3034",2025-10-03 18:06:05.89779,2025-10-03 14:06:05.897834
"KMAO","Marion Cnty Arpt, SC, US",2025-10-03 17:35:00,"2025-10-03 17:35:00","VFR",24,15,40,6,NA,NA,1025.1,"METAR KMAO 031735Z AUTO 04006KT 360V070 10SM CLR 24/15 A3027 RMK AO2",2025-10-03 18:06:05.904141,2025-10-03 14:06:05.904185
"KMRF","Marfa Muni, TX, US",2025-10-03 18:01:00,"2025-10-03 13:01:00","VFR",25,7.8,130,9,17,NA,1026.2,"METAR KMRF 031801Z AUTO 13009G17KT 10SM CLR 25/08 A3030 RMK AO2 SLP198 T02500078 10250 20100 50002 $",2025-10-03 18:06:07.467396,2025-10-03 14:06:07.467439
"KMHV","Mojave Arpt, CA, US",2025-10-03 18:00:00,"2025-10-03 11:00:00","VFR",18,5,280,21,26,NA,1016.7,"METAR KMHV 031800Z AUTO 28021G26KT 10SM CLR 18/05 A3002 RMK AO2",2025-10-03 18:06:07.473789,2025-10-03 14:06:07.473833
"KMRH","Beaufort/Smith Fld, NC, US",2025-10-03 17:58:00,"2025-10-03 17:58:00","VFR",24.4,17.2,30,11,22,NA,1024.8,"METAR KMRH 031758Z AUTO 03011G22KT 10SM FEW028 SCT033 SCT060 24/17 A3026 RMK AO2 SLP245 T02440172 10244 20200 58009",2025-10-03 18:06:07.480041,2025-10-03 14:06:07.480085
"KMNM","Menominee/Twin Cnty, MI, US",2025-10-03 17:57:00,"2025-10-03 12:57:00","VFR",26.7,17.2,220,6,NA,NA,1019.7,"METAR KMNM 031757Z AUTO 22006KT 10SM CLR 27/17 A3011 RMK AO2 SLP192 T02670172 10272 20172 58013 $",2025-10-03 18:06:07.486416,2025-10-03 14:06:07.486459
"KMOB","Mobile Rgnl, AL, US",2025-10-03 17:56:00,"2025-10-03 12:56:00","VFR",26.7,17.8,70,9,NA,NA,1020.7,"METAR KMOB 031756Z 07009KT 10SM FEW029 SCT110 BKN210 27/18 A3014 RMK AO2 SLP202 T02670178 10272 20189 58014 $",2025-10-03 18:06:07.492826,2025-10-03 14:06:07.492869
"KMTC","Selfridge ANGB, MI, US",2025-10-03 17:56:00,"2025-10-03 13:56:00","VFR",26.3,14.7,80,6,NA,NA,1022.1,"METAR KMTC 031756Z 08006KT 10SM FEW250 26/15 A3018 RMK AO2A SLP223 T02630147 10263 20099 57015 $",2025-10-03 18:06:07.510039,2025-10-03 14:06:07.510082
"KMSV","Monticello/Sullivan Cnty, NY, US",2025-10-03 17:56:00,"2025-10-03 13:56:00","VFR",20,8.9,280,6,NA,NA,1026.2,"METAR KMSV 031756Z AUTO 28006KT 10SM CLR 20/09 A3030 RMK AO2 SLP263 T02000089 10200 20056 58025",2025-10-03 18:06:07.51624,2025-10-03 14:06:07.516285
"KMTW","Manitowoc Muni, WI, US",2025-10-03 17:56:00,"2025-10-03 12:56:00","VFR",30,15.6,230,8,NA,NA,1020.4,"METAR KMTW 031756Z AUTO 23008KT 10SM CLR 30/16 A3013 RMK AO2 SLP200 T03000156 10300 20133 58013",2025-10-03 18:06:07.522477,2025-10-03 14:06:07.522519
"KMKY","Marco Island Arpt, FL, US",2025-10-03 17:56:00,"2025-10-03 13:56:00","VFR",31.7,21.1,50,9,NA,NA,NA,"METAR KMKY 031756Z AUTO 05009KT 10SM FEW041 SCT055 32/21 RMK AO2 SLPNO 6//// T03170211 PNO $",2025-10-03 18:06:07.528662,2025-10-03 14:06:07.528722
"KMVN","Mount Vernon Arpt, IL, US",2025-10-03 17:56:00,"2025-10-03 17:56:00","VFR",30.6,16.7,220,7,NA,NA,1024.1,"METAR KMVN 031756Z AUTO 22007KT 10SM CLR 31/17 A3024 RMK AO2 SLP241 T03060167 10306 20144 58015 $",2025-10-03 18:06:07.534885,2025-10-03 14:06:07.534929
"KMML","Marshall Muni, MN, US",2025-10-03 17:56:00,"2025-10-03 12:56:00","VFR",31.1,15,200,20,NA,NA,1016.7,"METAR KMML 031756Z AUTO 20020KT 10SM CLR 31/15 A3002 RMK AO2 SLP161 T03110150 10311 20172 58018",2025-10-03 18:06:07.5412,2025-10-03 14:06:07.541245
"KMJX","Toms River/Miller Arpt, NJ, US",2025-10-03 17:56:00,"2025-10-03 13:56:00","VFR",22.2,7.2,210,7,NA,NA,1027.2,"METAR KMJX 031756Z AUTO 21007KT 10SM CLR 22/07 A3033 RMK AO2 SLP274 T02220072 10222 20056 58028 $",2025-10-03 18:06:07.547535,2025-10-03 14:06:07.547578
"KMKT","Mankato Rgnl, MN, US",2025-10-03 17:56:00,"2025-10-03 17:56:00","VFR",29.4,17.2,180,7,NA,9,1019,"METAR KMKT 031756Z AUTO 18007KT 9SM BKN120 29/17 A3009 RMK AO2 SLP187 6//// T02940172 10294 20150 58012 PNO $",2025-10-03 18:06:07.553805,2025-10-03 14:06:07.553846
"KMQY","Smyrna Arpt, TN, US",2025-10-03 17:56:00,"2025-10-03 12:56:00","VFR",25.6,13.9,10,3,NA,NA,1026.2,"METAR KMQY 031756Z 01003KT 10SM CLR 26/14 A3030 RMK AO2 SLP264 6//// T02560139 10261 20139 58019",2025-10-03 18:06:07.560103,2025-10-03 14:06:07.560147
"KMHL","Marshall Muni, MO, US",2025-10-03 17:55:00,"2025-10-03 12:55:00","VFR",29,18,200,5,NA,NA,1022.4,"METAR KMHL 031755Z AUTO 20005KT 10SM SCT046 BKN055 29/18 A3019 RMK AO2",2025-10-03 18:06:07.566405,2025-10-03 14:06:07.566448
"KN24","Questa Muni, NM, US",2025-10-03 17:55:00,"2025-10-03 17:55:00","VFR",22.3,0.9,230,8,16,NA,1029.9,"METAR KN24 031755Z AUTO 23008G16KT 10SM CLR 22/01 A3041 RMK AO2 T02230009 10223 20057",2025-10-03 18:06:07.572735,2025-10-03 14:06:07.57278
"KMTV","Martinsville/Blue Ridge Arpt, VA, US",2025-10-03 17:55:00,"2025-10-03 17:55:00","VFR",20.2,7.9,190,4,NA,NA,1028.9,"METAR KMTV 031755Z AUTO 19004KT 10SM CLR 20/08 A3038 RMK AO2 T02020079 10202 20057",2025-10-03 18:06:07.57902,2025-10-03 14:06:07.579064
"KMMT","Columbia/McEntire JNGB, SC, US",2025-10-03 17:55:00,"2025-10-03 13:55:00","VFR",26.2,13.6,10,6,NA,NA,1024.5,"METAR KMMT 031755Z 01006KT 10SM FEW050 26/14 A3025 RMK AO2A SLP245 T02620136 10262 20149 57020 $",2025-10-03 18:06:07.585358,2025-10-03 14:06:07.585402
"KMRN","Morganton/Foothills Rgnl, NC, US",2025-10-03 17:55:00,"2025-10-03 13:55:00","VFR",21.2,11.1,0,0,NA,NA,1028.5,"METAR KMRN 031755Z AUTO 00000KT 10SM CLR 21/11 A3037 RMK AO2 T02120111",2025-10-03 18:06:07.591721,2025-10-03 14:06:07.591767
"KMMH","Mammoth/Yosemite Arpt, CA, US",2025-10-03 17:55:00,"2025-10-03 10:55:00","VFR",8,1,290,24,NA,NA,1018.4,"METAR KMMH 031755Z AUTO 29024KT 10SM CLR 08/01 A3007 RMK AO2",2025-10-03 18:06:07.598001,2025-10-03 14:06:07.598044
"KMJQ","Jackson Muni, MN, US",2025-10-03 17:55:00,"2025-10-03 17:55:00","VFR",29,14,210,12,17,NA,1019.4,"METAR KMJQ 031755Z AUTO 21012G17KT 10SM CLR 29/14 A3010 RMK AO2",2025-10-03 18:06:07.604296,2025-10-03 14:06:07.60434
"KMQB","Macomb Muni, IL, US",2025-10-03 17:55:00,"2025-10-03 12:55:00","VFR",31.5,14.5,160,8,NA,NA,1022.8,"METAR KMQB 031755Z AUTO 16008KT 10SM SCT090 32/15 A3020 RMK AO2 T03150145 10319 20130",2025-10-03 18:06:07.610598,2025-10-03 14:06:07.610641
"KMIO","Miami Muni, OK, US",2025-10-03 17:55:00,"2025-10-03 17:55:00","VFR",NA,NA,NA,5,10,NA,1022.4,"METAR KMIO 031755Z AUTO VRB05G10KT 10SM CLR A3019 RMK A01",2025-10-03 18:06:07.617137,2025-10-03 14:06:07.617182
"KMMI","Athens/McMinn Cnty, TN, US",2025-10-03 17:55:00,"2025-10-03 13:55:00","VFR",24,14,60,6,NA,NA,1026.2,"METAR KMMI 031755Z AUTO 06006KT 10SM CLR 24/14 A3030 RMK A01",2025-10-03 18:06:07.635172,2025-10-03 14:06:07.635217
"KMOR","Morristown/Moore Arpt, TN, US",2025-10-03 17:55:00,"2025-10-03 17:55:00","VFR",23,13,10,4,NA,NA,1026.5,"METAR KMOR 031755Z AUTO 01004KT 10SM CLR 23/13 A3031 RMK A01",2025-10-03 18:06:07.641894,2025-10-03 14:06:07.641937
"KMHR","Sacramento/Mather Fld, CA, US",2025-10-03 17:55:00,"2025-10-03 10:55:00","MVFR",19,14,NA,4,NA,NA,1017.7,"METAR KMHR 031755Z AUTO VRB04KT 10SM BKN020 BKN025 OVC031 19/14 A3005 RMK AO2",2025-10-03 18:06:07.648252,2025-10-03 14:06:07.648294
"KMUI","Fort Indiantown Gap/Muir AAF, PA, US",2025-10-03 17:55:00,"2025-10-03 13:55:00","VFR",21.9,11,210,5,NA,NA,1026.2,"METAR KMUI 031755Z 21005KT 10SM BKN250 22/11 A3030 RMK AO2A SLP263 T02190110 10220 20085 57028",2025-10-03 18:06:07.654593,2025-10-03 14:06:07.654634
"KMNI","Manning/Cooper Rgnl, SC, US",2025-10-03 17:55:00,"2025-10-03 17:55:00","VFR",24,14,40,4,NA,NA,1024.8,"METAR KMNI 031755Z AUTO 04004KT 10SM CLR 24/14 A3026 RMK AO2",2025-10-03 18:06:07.660871,2025-10-03 14:06:07.660914
"KMWK","Mt Airy/Surry Cnty, NC, US",2025-10-03 17:55:00,"2025-10-03 17:55:00","VFR",20.9,12.1,40,3,NA,NA,1028.2,"METAR KMWK 031755Z AUTO 04003KT 10SM CLR 21/12 A3036 RMK AO2 T02090121 10209 20081",2025-10-03 18:06:07.667149,2025-10-03 14:06:07.667192
"KMHP","Metter Muni, GA, US",2025-10-03 17:55:00,"2025-10-03 17:55:00","VFR",27.4,10.2,50,11,NA,NA,1023.5,"METAR KMHP 031755Z AUTO 05011KT 10SM CLR 27/10 A3022 RMK AO2 T02740102 10275 20168",2025-10-03 18:06:07.673552,2025-10-03 14:06:07.673595
"KMJD","Picayune Muni, MS, US",2025-10-03 17:55:00,"2025-10-03 17:55:00","IFR",27,19,NA,6,NA,1.75,1019.4,"METAR KMJD 031755Z AUTO VRB06KT 1 3/4SM HZ CLR 27/19 A3010 RMK AO2 VIS 1 1/4V3",2025-10-03 18:06:07.679955,2025-10-03 14:06:07.679998
"KMYZ","Marysville Muni, KS, US",2025-10-03 17:55:00,"2025-10-03 17:55:00","VFR",30,14,160,8,15,NA,1020.1,"METAR KMYZ 031755Z AUTO 16008G15KT 10SM CLR 30/14 A3012 RMK AO2",2025-10-03 18:06:07.686396,2025-10-03 14:06:07.686455
"KMLE","Omaha/Millard Arpt, NE, US",2025-10-03 17:55:00,"2025-10-03 17:55:00","VFR",28.8,16.1,160,8,NA,NA,1019.7,"METAR KMLE 031755Z AUTO 16008KT 140V210 10SM SCT075 29/16 A3011 RMK AO2 T02880161 10295 20165",2025-10-03 18:06:07.692787,2025-10-03 14:06:07.692831
"KMZZ","Marion Muni, IN, US",2025-10-03 17:55:00,"2025-10-03 13:55:00","VFR",28.9,8.9,0,0,NA,NA,1023.5,"METAR KMZZ 031755Z AUTO 00000KT 10SM CLR 29/09 A3022 RMK AO2 T02890089 10333 20037",2025-10-03 18:06:07.699072,2025-10-03 14:06:07.699115
"KMQI","Manteo/Dare Cnty, NC, US",2025-10-03 17:55:00,"2025-10-03 13:55:00","VFR",21.2,15,50,11,NA,NA,1026.5,"METAR KMQI 031755Z AUTO 05011KT 10SM SCT024 OVC055 21/15 A3031 RMK AO2 T02120150 10221 20185",2025-10-03 18:06:07.705343,2025-10-03 14:06:07.705385
"KMNZ","Hamilton Muni, TX, US",2025-10-03 17:55:00,"2025-10-03 17:55:00","VFR",30,16,NA,2,NA,NA,1021.1,"METAR KMNZ 031755Z AUTO VRB02KT 10SM SCT075 30/16 A3015 RMK AO2 10312 20169",2025-10-03 18:06:07.711659,2025-10-03 14:06:07.71172
"KMQS","Coatesville/Chester Cnty, PA, US",2025-10-03 17:55:00,"2025-10-03 13:55:00","VFR",20,11,290,7,NA,NA,1027.5,"METAR KMQS 031755Z AUTO 29007KT 270V330 10SM CLR 20/11 A3034 RMK AO2",2025-10-03 18:06:07.718006,2025-10-03 14:06:07.718049
"KMKG","Muskegon Cnty Arpt, MI, US",2025-10-03 17:55:00,"2025-10-03 13:55:00","VFR",25.6,15.6,220,7,NA,NA,1022.4,"METAR KMKG 031755Z 22007KT 10SM FEW110 26/16 A3019 RMK AO2 SLP222 T02560156 10261 20122 58009",2025-10-03 18:06:07.724264,2025-10-03 14:06:07.724308
"KMYJ","Mexico Mem, MO, US",2025-10-03 17:55:00,"2025-10-03 17:55:00","VFR",30,18,200,4,NA,NA,1022.8,"METAR KMYJ 031755Z AUTO 20004KT 10SM CLR 30/18 A3020 RMK AO2",2025-10-03 18:06:07.730527,2025-10-03 14:06:07.73057
"KMGR","Moultrie Muni, GA, US",2025-10-03 17:55:00,"2025-10-03 13:55:00","VFR",27.6,16.3,80,10,NA,NA,1021.8,"METAR KMGR 031755Z AUTO 08010KT 10SM OVC046 28/16 A3017 RMK AO2 T02760163 $",2025-10-03 18:06:07.736856,2025-10-03 14:06:07.736901
"KMGG","Maple Lake Muni, MN, US",2025-10-03 17:55:00,"2025-10-03 17:55:00","VFR",27.5,17.1,140,3,NA,NA,1019,"METAR KMGG 031755Z AUTO 14003KT 10SM CLR 28/17 A3009 RMK AO2 T02750171 10275 20136",2025-10-03 18:06:07.743227,2025-10-03 14:06:07.743271
"KMVE","Montevideo/Chippewa Cnty, MN, US",2025-10-03 17:55:00,"2025-10-03 12:55:00","VFR",31,17,190,10,15,NA,1017,"METAR KMVE 031755Z AUTO 19010G15KT 160V220 10SM CLR 31/17 A3003 RMK AO2",2025-10-03 18:06:07.749679,2025-10-03 14:06:07.749744
"KMWM","Windom Muni, MN, US",2025-10-03 17:55:00,"2025-10-03 17:55:00","VFR",31,14,200,14,NA,NA,1018.7,"METAR KMWM 031755Z AUTO 20014KT 10SM CLR 31/14 A3008 RMK AO2",2025-10-03 18:06:07.769952,2025-10-03 14:06:07.769997
"KMOX","Morris Muni, MN, US",2025-10-03 17:55:00,"2025-10-03 17:55:00","VFR",29,18,170,14,NA,NA,1015.3,"METAR KMOX 031755Z AUTO 17014KT 10SM CLR 29/18 A2998 RMK AO2 TSNO",2025-10-03 18:06:07.776744,2025-10-03 14:06:07.776788
"KMGE","Marietta/Dobbins AFB, GA, US",2025-10-03 17:55:00,"2025-10-03 13:55:00","VFR",23.9,12.5,90,4,NA,NA,1025.1,"METAR KMGE 031755Z 09004KT 10SM BKN250 24/13 A3027 RMK AO2A SLP246 T02390125 10241 20145 58016 $",2025-10-03 18:06:07.783168,2025-10-03 14:06:07.783212
"KMUO","Mountain Home AFB, ID, US",2025-10-03 17:55:00,"2025-10-03 11:55:00","MVFR",12.5,10,260,5,NA,NA,1016.7,"METAR KMUO 031755Z 26005KT 10SM BKN017 OVC041 13/10 A3002 RMK AO2A DZB17E23 SLP159 P0000 60000 T01250100 10126 20103 51004 $",2025-10-03 18:06:07.789343,2025-10-03 14:06:07.789385
"KMKV","Marksville Muni, LA, US",2025-10-03 17:55:00,"2025-10-03 17:55:00",NA,29.2,15.2,50,9,NA,NA,1020.7,"METAR KMKV 031755Z AUTO 05009KT 360V070 10SM 29/15 A3014 RMK AO2 T02920152 10296 20194 58010 $",2025-10-03 18:06:07.795526,2025-10-03 14:06:07.795568
"KMXF","Maxwell AFB, AL, US",2025-10-03 17:55:00,"2025-10-03 12:55:00","VFR",27.7,14.7,90,10,NA,NA,1022.1,"METAR KMXF 031755Z AUTO 09010KT 10SM FEW046 28/15 A3018 RMK AO2 SLP221 T02770147 10277 20175 58016",2025-10-03 18:06:07.801787,2025-10-03 14:06:07.801831
"KMNV","Madisonville/Monroe Cnty, TN, US",2025-10-03 17:55:00,"2025-10-03 17:55:00","VFR",25,16,NA,6,NA,NA,1025.8,"METAR KMNV 031755Z AUTO VRB06KT 10SM CLR 25/16 A3029 RMK A01",2025-10-03 18:06:07.808156,2025-10-03 14:06:07.808198
"KMZJ","Marana/Pinal Aprk, AZ, US",2025-10-03 17:55:00,"2025-10-03 10:55:00","VFR",34,7,120,5,NA,NA,1015,"METAR KMZJ 031755Z AUTO 12005KT 10SM CLR 34/07 A2997 RMK AO2",2025-10-03 18:06:07.814457,2025-10-03 14:06:07.814501
"KMKJ","Marion/Mountain Empire Arpt, VA, US",2025-10-03 17:55:00,"2025-10-03 17:55:00","VFR",20.3,9.4,150,3,NA,NA,1028.9,"METAR KMKJ 031755Z AUTO 15003KT 10SM CLR 20/09 A3038 RMK AO2 T02030094 10203 20048",2025-10-03 18:06:07.820687,2025-10-03 14:06:07.820751
"KMOP","Mount Pleasant Muni, MI, US",2025-10-03 17:55:00,"2025-10-03 17:55:00","VFR",28.5,10.9,210,6,NA,7,1022.1,"METAR KMOP 031755Z AUTO 21006KT 190V260 7SM CLR 29/11 A3018 RMK AO2 T02850109 10285 20077",2025-10-03 18:06:07.826924,2025-10-03 14:06:07.826966
"KMIB","Minot AFB, ND, US",2025-10-03 17:55:00,"2025-10-03 12:55:00","VFR",22.2,12.4,120,10,NA,NA,1009.2,"METAR KMIB 031755Z 12010KT 10SM BKN190 22/12 A2980 RMK AO2A SLP093 T02220124 10222 20084 57033 $",2025-10-03 18:06:07.833208,2025-10-03 14:06:07.83325
"KMPR","McPherson Arpt, KS, US",2025-10-03 17:55:00,"2025-10-03 17:55:00","VFR",29.4,16.4,190,16,21,NA,1020.4,"METAR KMPR 031755Z AUTO 19016G21KT 10SM SCT110 29/16 A3013 RMK AO2 T02940164 10298 20168",2025-10-03 18:06:07.839501,2025-10-03 14:06:07.839545
"KMWO","Middletown/Hook Fld, OH, US",2025-10-03 17:55:00,"2025-10-03 13:55:00","VFR",29,13,250,3,NA,7,1024.5,"METAR KMWO 031755Z AUTO 25003KT 7SM CLR 29/13 A3025 RMK AO2",2025-10-03 18:06:07.845792,2025-10-03 14:06:07.845835
"KMQJ","Indianapolis Rgnl, IN, US",2025-10-03 17:55:00,"2025-10-03 17:55:00","VFR",30.1,14.2,250,5,NA,NA,1023.8,"METAR KMQJ 031755Z AUTO 25005KT 10SM FEW065 30/14 A3023 RMK AO2 T03010142 $",2025-10-03 18:06:07.852055,2025-10-03 14:06:07.852098
"KMKS","Moncks Corner/Berkeley Cnty, SC, US",2025-10-03 17:55:00,"2025-10-03 17:55:00","VFR",24,16,10,9,NA,NA,1024.1,"METAR KMKS 031755Z AUTO 01009KT 10SM CLR 24/16 A3024 RMK AO2",2025-10-03 18:06:07.858303,2025-10-03 14:06:07.858346
"KMLJ","Milledgeville/Baldwin Cnty, GA, US",2025-10-03 17:55:00,"2025-10-03 17:55:00","VFR",25,13,70,9,NA,NA,1024.8,"METAR KMLJ 031755Z AUTO 07009KT 10SM CLR 25/13 A3026 RMK AO2",2025-10-03 18:06:07.864594,2025-10-03 14:06:07.864635
"KN03","Cortland/Cortland Cnty, NY, US",2025-10-03 17:55:00,"2025-10-03 13:55:00","VFR",22,6,180,5,NA,NA,1025.1,"METAR KN03 031755Z AUTO 18005KT 10SM CLR 22/06 A3027 RMK AO2",2025-10-03 18:06:07.870864,2025-10-03 14:06:07.870908
"KMXO","Monticello Rgnl, IA, US",2025-10-03 17:55:00,"2025-10-03 17:55:00","VFR",30,16,240,8,13,NA,1021.1,"METAR KMXO 031755Z AUTO 24008G13KT 10SM CLR 30/16 A3015 RMK AO2",2025-10-03 18:06:07.877182,2025-10-03 14:06:07.877227
"KMUT","Muscatine Muni, IA, US",2025-10-03 17:55:00,"2025-10-03 12:55:00","VFR",32,16,230,11,NA,NA,1021.4,"METAR KMUT 031755Z AUTO 23011KT 10SM CLR 32/16 A3016 RMK AO2",2025-10-03 18:06:07.883631,2025-10-03 14:06:07.883674
"KMGN","Harbor Springs Arpt, MI, US",2025-10-03 17:55:00,"2025-10-03 17:55:00","VFR",26.5,13.9,250,4,NA,NA,1020.7,"METAR KMGN 031755Z AUTO 25004KT 10SM CLR 26/13 A3014 RMK AO2 T02650139",2025-10-03 18:06:07.901717,2025-10-03 14:06:07.901768
"KMKN","Comanche Cnty, TX, US",2025-10-03 17:55:00,"2025-10-03 17:55:00","VFR",32.9,16.3,150,8,NA,NA,1021.4,"METAR KMKN 031755Z AUTO 15008KT 10SM SCT060 33/16 A3016 RMK AO2 T03290163 10329 20166",2025-10-03 18:06:07.908496,2025-10-03 14:06:07.908539
"KMZH","Moose Lake/Carlton C, MN, US",2025-10-03 17:55:00,"2025-10-03 17:55:00","VFR",27,16,50,3,NA,NA,1019,"METAR KMZH 031755Z AUTO 05003KT 10SM CLR 27/16 A3009 RMK AO2",2025-10-03 18:06:07.914762,2025-10-03 14:06:07.914807
"KMKC","Kansas City/Wheeler Downtown Arpt, MO, US",2025-10-03 17:54:00,"2025-10-03 12:54:00","VFR",30.6,18.9,170,8,NA,NA,1021.1,"METAR KMKC 031754Z 17008KT 10SM CLR 31/19 A3015 RMK AO2 SLP203 T03060189 10306 20189 58012",2025-10-03 18:06:07.920942,2025-10-03 14:06:07.920984
"KMVL","Morrisville-Stowe State Arpt, VT, US",2025-10-03 17:54:00,"2025-10-03 13:54:00","VFR",22.8,5,NA,3,NA,NA,1023.1,"METAR KMVL 031754Z AUTO VRB03KT 10SM CLR 23/05 A3021 RMK AO2 SLP234 T02280050 10228 20006 58029",2025-10-03 18:06:07.92725,2025-10-03 14:06:07.927292
"KMIV","Millville Muni, NJ, US",2025-10-03 17:54:00,"2025-10-03 13:54:00","VFR",20,6.7,0,0,NA,NA,1027.2,"METAR KMIV 031754Z AUTO 00000KT 10SM CLR 20/07 A3033 RMK AO2 SLP270 T02000067 10206 20072 58026 $",2025-10-03 18:06:07.9335,2025-10-03 14:06:07.933544
"KMTP","Montauk Arpt, NY, US",2025-10-03 17:54:00,"2025-10-03 13:54:00",NA,21.1,11.1,NA,5,NA,NA,1026.8,"METAR KMTP 031754Z AUTO VRB05KT 21/11 A3032 RMK AO1 SLP266 T02110111 10211 20167 58022",2025-10-03 18:06:07.939886,2025-10-03 14:06:07.939929
"KMOT","Minot Intl, ND, US",2025-10-03 17:54:00,"2025-10-03 12:54:00","VFR",22.8,12.8,80,7,NA,NA,1010.2,"METAR KMOT 031754Z 08007KT 10SM CLR 23/13 A2983 RMK AO2 SLP095 T02280128 10228 20094 58033",2025-10-03 18:06:07.946316,2025-10-03 14:06:07.94636
"KMGJ","Montgomery/Orange Cnty, NY, US",2025-10-03 17:54:00,"2025-10-03 13:54:00","VFR",20.6,10,170,7,NA,NA,1025.1,"METAR KMGJ 031754Z AUTO 17007KT 10SM CLR 21/10 A3027 RMK AO2 SLP251 T02060100 10211 20044 58029",2025-10-03 18:06:07.952607,2025-10-03 14:06:07.95265
"KMRY","Monterey Rgnl, CA, US",2025-10-03 17:54:00,"2025-10-03 10:54:00","MVFR",17.2,11.7,300,9,NA,NA,1020.1,"METAR KMRY 031754Z 30009KT 10SM BKN024 17/12 A3012 RMK AO2 SLP210 T01720117 10178 20150 50005",2025-10-03 18:06:07.958893,2025-10-03 14:06:07.958937
"KMGY","Dayton/Wright Brothers Arpt, OH, US",2025-10-03 17:53:00,"2025-10-03 13:53:00","VFR",27.8,12.2,NA,3,NA,NA,1024.1,"METAR KMGY 031753Z AUTO VRB03KT 10SM CLR 28/12 A3024 RMK AO2 SLP234 T02780122 10278 20150 58016",2025-10-03 18:06:07.965221,2025-10-03 14:06:07.965265
"KMHT","Manchester Rgnl, NH, US",2025-10-03 17:53:00,"2025-10-03 13:53:00","VFR",21.7,8.3,190,3,NA,NA,1023.5,"METAR KMHT 031753Z 19003KT 10SM SCT250 22/08 A3022 RMK AO2 SLP246 T02170083 10228 20050 58028",2025-10-03 18:06:07.971491,2025-10-03 14:06:07.971534
"KMIC","Minneapolis/Crystal Arpt, MN, US",2025-10-03 17:53:00,"2025-10-03 17:53:00","VFR",27.2,16.7,160,5,NA,NA,1018.4,"METAR KMIC 031753Z 16005KT 10SM BKN110 27/17 A3007 RMK AO2 SLP177 T02720167 10278 20150 58008",2025-10-03 18:06:07.97776,2025-10-03 14:06:07.977803
"KMVY","Marthas Vineyard Arpt, MA, US",2025-10-03 17:53:00,"2025-10-03 13:53:00","VFR",NA,NA,230,11,18,NA,1026.2,"METAR KMVY 031753Z 23011G18KT 10SM CLR A3030 RMK AO2 SLPNO 58020",2025-10-03 18:06:07.984055,2025-10-03 14:06:07.984099
"KMGW","Morgantown Muni, WV, US",2025-10-03 17:53:00,"2025-10-03 13:53:00","VFR",23.3,9.4,0,0,NA,NA,1026.5,"METAR KMGW 031753Z 00000KT 10SM CLR 23/09 A3031 RMK AO2 SLP257 T02330094 10233 20106 58020",2025-10-03 18:06:07.990334,2025-10-03 14:06:07.990376
"KMKO","Muskogee/Davis Fld, OK, US",2025-10-03 17:53:00,"2025-10-03 17:53:00","VFR",30.6,15,160,7,NA,NA,1022.8,"METAR KMKO 031753Z AUTO 16007KT 120V200 10SM CLR 31/15 A3020 RMK AO2 SLP220 T03060150 10311 20183 58008",2025-10-03 18:06:07.996678,2025-10-03 14:06:07.996741
"KMYV","Marysville/Yuba Cnty, CA, US",2025-10-03 17:53:00,"2025-10-03 10:53:00","VFR",17.8,13.9,0,0,NA,NA,1018.4,"METAR KMYV 031753Z AUTO 00000KT 10SM SCT080 18/14 A3007 RMK AO2 SLP186 60015 T01780139 10178 20139 53012",2025-10-03 18:06:08.002989,2025-10-03 14:06:08.003032
"KMLB","Melbourne Intl, FL, US",2025-10-03 17:53:00,"2025-10-03 13:53:00","MVFR",28.9,21.7,70,14,NA,NA,1016.3,"METAR KMLB 031753Z 07014KT 10SM FEW025 BKN030 OVC044 29/22 A3001 RMK AO2 SLP162 T02890217 10294 20272 58013",2025-10-03 18:06:08.009309,2025-10-03 14:06:08.009353
"KMMK","Meriden/Markham Muni, CT, US",2025-10-03 17:53:00,"2025-10-03 17:53:00","VFR",22.2,8.3,250,7,NA,NA,1025.5,"METAR KMMK 031753Z AUTO 25007KT 220V300 10SM CLR 22/08 A3028 RMK AO2 SLP253 T02220083 10228 20067 58027",2025-10-03 18:06:08.015736,2025-10-03 14:06:08.015783
"KMTO","Mattoon/Coles Cnty, IL, US",2025-10-03 17:53:00,"2025-10-03 12:53:00","VFR",30.6,15,250,9,15,NA,1023.1,"METAR KMTO 031753Z AUTO 25009G15KT 220V280 10SM FEW055 FEW070 31/15 A3021 RMK AO2 SLP223 T03060150 10306 20189 58014",2025-10-03 18:06:08.03439,2025-10-03 14:06:08.034434
"KMMV","McMinnville Muni, OR, US",2025-10-03 17:53:00,"2025-10-03 17:53:00","IFR",11.7,11.1,80,3,NA,NA,1022.1,"METAR KMMV 031753Z AUTO 08003KT 10SM OVC005 12/11 A3018 RMK AO2 CIG 004V008 SLP219 T01170111 10117 20078 53005 $",2025-10-03 18:06:08.041219,2025-10-03 14:06:08.041261
"KMTJ","Montrose Rgnl, CO, US",2025-10-03 17:53:00,"2025-10-03 11:53:00","VFR",23.9,2.8,NA,5,19,NA,1022.1,"METAR KMTJ 031753Z AUTO VRB05G19KT 10SM BKN110 24/03 A3018 RMK AO2 SLP153 T02390028 10261 20083 58015",2025-10-03 18:06:08.047502,2025-10-03 14:06:08.047546
"KMKL","Jackson/McKellar Rgnl, TN, US",2025-10-03 17:53:00,"2025-10-03 12:53:00","VFR",27.2,13.3,NA,3,NA,NA,1025.1,"METAR KMKL 031753Z VRB03KT 10SM CLR 27/13 A3027 RMK AO1 SLP246 T02720133 10272 20167 58015",2025-10-03 18:06:08.053779,2025-10-03 14:06:08.053823
"KMLU","Monroe Rgnl, LA, US",2025-10-03 17:53:00,"2025-10-03 12:53:00","VFR",30,13.3,40,10,NA,9,1022.4,"METAR KMLU 031753Z 04010KT 9SM CLR 30/13 A3019 RMK AO2 SLP220 T03000133 10300 20194 58010",2025-10-03 18:06:08.05997,2025-10-03 14:06:08.060019
"KMRB","Martinsburg/E West Virginia Rgnl, WV, US",2025-10-03 17:53:00,"2025-10-03 13:53:00","VFR",21.7,11.1,NA,4,NA,NA,1026.2,"METAR KMRB 031753Z VRB04KT 10SM CLR 22/11 A3030 RMK AO2 SLP261 T02170111 10222 20083 58027",2025-10-03 18:06:08.066341,2025-10-03 14:06:08.066384
"KMNN","Marion Muni, OH, US",2025-10-03 17:53:00,"2025-10-03 13:53:00","VFR",28.9,10.6,NA,3,NA,NA,1024.5,"METAR KMNN 031753Z AUTO VRB03KT 10SM CLR 29/11 A3025 RMK AO2 SLP240 T02890106 10289 20122 58015",2025-10-03 18:06:08.072747,2025-10-03 14:06:08.072792
"KMIA","Miami Intl, FL, US",2025-10-03 17:53:00,"2025-10-03 13:53:00","MVFR",30.6,22.8,80,13,21,NA,1014.3,"METAR KMIA 031753Z 08013G21KT 10SM BKN030CB BKN250 31/23 A2995 RMK AO2 PK WND 11026/1712 SLP140 CB N-NE MOV SW T03060228 10311 20261 58016 $",2025-10-03 18:06:08.079062,2025-10-03 14:06:08.079106
"KMIE","Muncie/Johnson Fld, IN, US",2025-10-03 17:53:00,"2025-10-03 13:53:00","VFR",30,11.1,0,0,NA,NA,1023.8,"METAR KMIE 031753Z 00000KT 10SM CLR 30/11 A3023 RMK AO2 SLP228 T03000111 10306 20111 58015",2025-10-03 18:06:08.085332,2025-10-03 14:06:08.085374
"KMLS","Miles City/Wiley Fld, MT, US",2025-10-03 17:53:00,"2025-10-03 11:53:00","VFR",21.7,5,NA,5,NA,NA,1009.2,"METAR KMLS 031753Z AUTO VRB05KT 10SM CLR 22/05 A2980 RMK AO2 SLP078 T02170050 10222 20122 58012",2025-10-03 18:06:08.09174,2025-10-03 14:06:08.091785
"KMSO","Missoula Intl, MT, US",2025-10-03 17:53:00,"2025-10-03 11:53:00","VFR",12.2,9.4,310,6,NA,NA,1016.3,"METAR KMSO 031753Z 31006KT 10SM OVC065 12/09 A3001 RMK AO2 SLP161 60006 T01220094 10122 20106 53001",2025-10-03 18:06:08.098037,2025-10-03 14:06:08.098081
"KMHE","Mitchell Muni, SD, US",2025-10-03 17:53:00,"2025-10-03 12:53:00","VFR",30,16.1,170,15,22,NA,1015.3,"METAR KMHE 031753Z AUTO 17015G22KT 10SM CLR 30/16 A2998 RMK AO2 SLP145 T03000161 10300 20167 58021",2025-10-03 18:06:08.104337,2025-10-03 14:06:08.10438
"KMGM","Montgomery Rgnl, AL, US",2025-10-03 17:53:00,"2025-10-03 12:53:00","VFR",26.7,15,90,14,NA,NA,1022.8,"METAR KMGM 031753Z 09014KT 10SM FEW045 SCT060 27/15 A3020 RMK AO2 SLP224 T02670150 10272 20167 58017",2025-10-03 18:06:08.110678,2025-10-03 14:06:08.110766
"KMWN","Mount Washington, NH, US",2025-10-03 17:53:00,"2025-10-03 17:53:00","VFR",8,-11,280,23,26,90,NA,"METAR KMWN 031753Z 28023G26KT 90SM SCT120 BKN130 BKN160 08/M11 RMK CCSL DSNT NE-E 10106 20078",2025-10-03 18:06:08.117023,2025-10-03 14:06:08.117066
"KMOD","Modesto/Sham Fld, CA, US",2025-10-03 17:53:00,"2025-10-03 10:53:00","VFR",20,10.6,310,8,17,NA,1017.7,"METAR KMOD 031753Z 31008G17KT 10SM FEW030 BKN080 20/11 A3005 RMK AO2 SLP175 T02000106 10200 20133 53006",2025-10-03 18:06:08.123313,2025-10-03 14:06:08.123356
"KMPO","Mount Pocono Muni, PA, US",2025-10-03 17:53:00,"2025-10-03 13:53:00","VFR",18.3,7.2,190,6,NA,NA,1026.5,"METAR KMPO 031753Z AUTO 19006KT 10SM CLR 18/07 A3031 RMK AO2 SLP267 T01830072 10189 20072 58021",2025-10-03 18:06:08.12961,2025-10-03 14:06:08.129654
"KMSY","New Orleans/Armstrong Intl, LA, US",2025-10-03 17:53:00,"2025-10-03 12:53:00","VFR",27.2,21.7,60,11,NA,NA,1019.4,"METAR KMSY 031753Z 06011KT 10SM SCT025 BKN150 BKN250 27/22 A3010 RMK AO2 SLP195 T02720217 10289 20244 58007",2025-10-03 18:06:08.135916,2025-10-03 14:06:08.13596
"KMSP","Minneapolis-St Paul Intl, MN, US",2025-10-03 17:53:00,"2025-10-03 12:53:00","VFR",28.3,16.1,NA,4,NA,NA,1018.7,"METAR KMSP 031753Z VRB04KT 10SM SCT110 SCT250 28/16 A3008 RMK AO2 SLP182 T02830161 10283 20183 58007",2025-10-03 18:06:08.142311,2025-10-03 14:06:08.142354
"KMLC","McAlester Rgnl, OK, US",2025-10-03 17:53:00,"2025-10-03 12:53:00","VFR",30.6,17.2,NA,4,NA,NA,1022.1,"METAR KMLC 031753Z AUTO VRB04KT 10SM CLR 31/17 A3018 RMK AO2 SLP208 T03060172 10311 20178 58010",2025-10-03 18:06:08.148803,2025-10-03 14:06:08.148849
"KMSS","Massena Intl, NY, US",2025-10-03 17:53:00,"2025-10-03 13:53:00","VFR",22.2,8.3,220,11,16,NA,1023.1,"METAR KMSS 031753Z AUTO 22011G16KT 10SM CLR 22/08 A3021 RMK AO2 SLP231 T02220083 10228 20039 58021",2025-10-03 18:06:08.16738,2025-10-03 14:06:08.167425
"KMSL","Muscle Shoals/NW Alabama Rgnl, AL, US",2025-10-03 17:53:00,"2025-10-03 12:53:00","VFR",26.1,12.8,90,4,NA,NA,1025.1,"METAR KMSL 031753Z AUTO 09004KT 10SM CLR 26/13 A3027 RMK AO2 SLP245 T02610128 10267 20139 58016",2025-10-03 18:06:08.174177,2025-10-03 14:06:08.174221
"KMSN","Madison/Dane Cnty Rgnl, WI, US",2025-10-03 17:53:00,"2025-10-03 12:53:00","VFR",28.9,15.6,210,6,NA,NA,1021.1,"METAR KMSN 031753Z 21006KT 10SM FEW100 SCT250 29/16 A3015 RMK AO2 SLP203 T02890156 10289 20144 58013",2025-10-03 18:06:08.180438,2025-10-03 14:06:08.18048
"KMLT","Millinocket Muni, ME, US",2025-10-03 17:53:00,"2025-10-03 17:53:00","VFR",21.1,1.7,NA,6,NA,NA,1020.7,"METAR KMLT 031753Z AUTO VRB06KT 10SM CLR 21/02 A3014 RMK AO2 SLP213 T02110017 10217 20061 56030",2025-10-03 18:06:08.186712,2025-10-03 14:06:08.18676
"KMYF","San Diego/Montgomery Arpt, CA, US",2025-10-03 17:53:00,"2025-10-03 10:53:00","MVFR",22.2,15,NA,NA,NA,NA,1016.7,"METAR KMYF 031753Z 10SM BKN023 22/15 A3002 RMK AO2 SLP163 T02220150 10222 20161 50004",2025-10-03 18:06:08.192961,2025-10-03 14:06:08.193004
"KMIW","Marshalltown Muni, IA, US",2025-10-03 17:53:00,"2025-10-03 17:53:00","VFR",28.9,16.1,210,9,NA,NA,1021.1,"METAR KMIW 031753Z AUTO 21009KT 10SM CLR 29/16 A3015 RMK AO2 SLP201 T02890161 10289 20156 58010",2025-10-03 18:06:08.199243,2025-10-03 14:06:08.199289
"KMTH","Marathon Arpt, FL, US",2025-10-03 17:53:00,"2025-10-03 13:53:00","VFR",26.7,24.4,60,11,17,NA,1013.6,"METAR KMTH 031753Z AUTO 06011G17KT 10SM VCTS -RA SCT023 BKN055 OVC110 27/24 A2993 RMK AO2 RAB01 SLP135 P0004 60004 T02670244 10306 20256 58009",2025-10-03 18:06:08.205595,2025-10-03 14:06:08.205639
"KMWL","Mineral Wells Arpt, TX, US",2025-10-03 17:53:00,"2025-10-03 12:53:00","VFR",31.7,16.7,170,6,NA,NA,1020.1,"METAR KMWL 031753Z AUTO 17006KT 10SM CLR 32/17 A3012 RMK AO2 SLP187 T03170167 10322 20172 58009",2025-10-03 18:06:08.211938,2025-10-03 14:06:08.211981
"KMYR","Myrtle Beach Intl, SC, US",2025-10-03 17:53:00,"2025-10-03 13:53:00","VFR",25.6,17.2,NA,5,NA,NA,1024.5,"METAR KMYR 031753Z VRB05KT 10SM SCT035 26/17 A3025 RMK AO2 SLP243 T02560172 10256 20150 58016 $",2025-10-03 18:06:08.21827,2025-10-03 14:06:08.218313
"KMLF","Milford Muni, UT, US",2025-10-03 17:52:00,"2025-10-03 17:52:00","VFR",25,2.8,190,32,43,NA,1014.3,"METAR KMLF 031752Z AUTO 19032G43KT 10SM CLR 25/03 A2995 RMK AO2 PK WND 21043/1751 SLP081 T02500028 10250 20100 58014 $",2025-10-03 18:06:08.22453,2025-10-03 14:06:08.224572
"KMKE","Milwaukee/Mitchell Intl, WI, US",2025-10-03 17:52:00,"2025-10-03 12:52:00","VFR",29.4,14.4,230,7,NA,NA,1021.1,"METAR KMKE 031752Z 23007KT 10SM FEW060 SCT250 29/14 A3015 RMK AO2 SLP206 T02940144 10294 20172 58012",2025-10-03 18:06:08.230812,2025-10-03 14:06:08.230856
"KMWH","Moses Lake/Grant Cnty, WA, US",2025-10-03 17:52:00,"2025-10-03 10:52:00","VFR",16.1,-1.1,230,3,NA,NA,1018.7,"METAR KMWH 031752Z 23003KT 10SM CLR 16/M01 A3008 RMK AO2 SLP188 T01611011 10167 20028 58001",2025-10-03 18:06:08.237112,2025-10-03 14:06:08.237155
"KMHK","Manhattan Rgnl, KS, US",2025-10-03 17:52:00,"2025-10-03 12:52:00","VFR",30.6,16.1,210,11,NA,NA,1020.1,"METAR KMHK 031752Z 21011KT 10SM CLR 31/16 A3012 RMK AO2 SLP190 T03060161 10306 20150 58013",2025-10-03 18:06:08.243402,2025-10-03 14:06:08.243446
"KMLI","Moline/Quad City Intl, IL, US",2025-10-03 17:52:00,"2025-10-03 12:52:00","VFR",31.1,15,260,5,NA,NA,1021.4,"METAR KMLI 031752Z 26005KT 10SM CLR 31/15 A3016 RMK AO2 SLP210 T03110150 10317 20139 58014",2025-10-03 18:06:08.249682,2025-10-03 14:06:08.249745
"KMYL","McCall Muni, ID, US",2025-10-03 17:51:00,"2025-10-03 11:51:00","VFR",8.3,7.2,40,3,NA,NA,1018,"METAR KMYL 031751Z AUTO 04003KT 10SM FEW010 SCT016 OVC055 08/07 A3006 RMK AO2 RAE1659 SLP167 P0000 60003 T00830072 10083 20061 50005",2025-10-03 18:06:08.256029,2025-10-03 14:06:08.256072
"KMPV","Montpelier/Knapp Arpt, VT, US",2025-10-03 17:51:00,"2025-10-03 13:51:00","VFR",21.7,5,0,0,NA,NA,1024.8,"METAR KMPV 031751Z AUTO 00000KT 10SM CLR 22/05 A3026 RMK AO2 SLP249 T02170050 10222 20028 58026",2025-10-03 18:06:08.262338,2025-10-03 14:06:08.26238
"KMMU","Morristown Muni, NJ, US",2025-10-03 17:50:00,"2025-10-03 13:50:00","VFR",22,11,230,7,15,NA,1026.5,"METAR KMMU 031750Z 23007G15KT 10SM FEW060 FEW250 22/11 A3031",2025-10-03 18:06:08.268619,2025-10-03 14:06:08.268661
"KMRC","Columbia/Maury Cnty, TN, US",2025-10-03 17:50:00,"2025-10-03 12:50:00","VFR",26,12,0,0,NA,NA,1025.1,"METAR KMRC 031750Z AUTO 00000KT 10SM BKN055 26/12 A3027 RMK A01",2025-10-03 18:06:08.274974,2025-10-03 14:06:08.275018
"KMRT","Marysville/Union Cnty, OH, US",2025-10-03 17:49:00,"2025-10-03 17:49:00","VFR",28,11,0,0,NA,NA,1024.8,"METAR KMRT 031749Z 00000KT 10SM CLR 28/11 A3026 RMK AO2",2025-10-03 18:06:08.281361,2025-10-03 14:06:08.281406
"KMTN","Baltimore/Martin State Arpt, MD, US",2025-10-03 17:45:00,"2025-10-03 13:45:00","VFR",21,10,190,6,NA,NA,1028.2,"METAR KMTN 031745Z 19006KT 10SM CLR 21/10 A3036",2025-10-03 18:06:08.299378,2025-10-03 14:06:08.299423
"KMWC","Milwaukee/Timmerman Arpt, WI, US",2025-10-03 17:45:00,"2025-10-03 12:45:00","VFR",29,17,0,0,NA,NA,1021.8,"METAR KMWC 031745Z 00000KT 10SM CLR 29/17 A3017",2025-10-03 18:06:08.306111,2025-10-03 14:06:08.306154
"KMWA","Marion Rgnl, IL, US",2025-10-03 17:45:00,"2025-10-03 12:45:00","VFR",27,17,240,7,NA,NA,1025.1,"METAR KMWA 031745Z 24007KT 10SM CLR 27/17 A3027",2025-10-03 18:06:08.312317,2025-10-03 14:06:08.31236
"KMPZ","Mount Pleasant Muni, IA, US",2025-10-03 17:30:00,"2025-10-03 12:30:00","VFR",30,15,240,7,NA,NA,1022.1,"METAR KMPZ 031730Z AUTO 24007KT 10SM CLR 30/15 A3018 RMK AO2",2025-10-03 18:06:08.318484,2025-10-03 14:06:08.318526
"KOGD","Ogden/Hinckley Arpt, UT, US",2025-10-03 18:00:00,"2025-10-03 12:00:00","VFR",17.8,10,130,7,17,NA,1014,"SPECI KOGD 031800Z 13007G17KT 10SM -TSRA FEW070 OVC085 18/10 A2994 RMK AO2 TSB1754 P0000 T01780100",2025-10-03 18:06:09.895377,2025-10-03 14:06:09.89542
"KNEL","Lakehurst, NJ, US",2025-10-03 18:00:00,"2025-10-03 14:00:00","VFR",20.6,5.6,280,5,NA,NA,1026.2,"METAR KNEL 031800Z AUTO 28005KT 10SM CLR 21/06 A3030 RMK AO2 SLP260 6//// T02060056 10211 20056 58022 PNO $",2025-10-03 18:06:09.901716,2025-10-03 14:06:09.901763
"KNGU","Norfolk NAS, VA, US",2025-10-03 17:59:00,"2025-10-03 13:59:00","VFR",20,12.2,NA,NA,NA,NA,1027.9,"METAR KNGU 031759Z 10SM BKN031 20/12 A3035 RMK AO2 SLP278 T02000122 10217 20183 58016",2025-10-03 18:06:09.907981,2025-10-03 14:06:09.908024
"KNFE","Fentress, VA, US",2025-10-03 17:58:00,"2025-10-03 17:58:00","VFR",21.7,12.8,60,6,NA,NA,1027.2,"METAR KNFE 031758Z AUTO 06006KT 10SM BKN035 22/13 A3033 RMK AO2 SLP271 T02170128 10228 20133 58017",2025-10-03 18:06:09.914204,2025-10-03 14:06:09.914247
"KNYL","Yuma , AZ, US",2025-10-03 17:57:00,"2025-10-03 10:57:00","VFR",30.6,2.2,300,12,NA,NA,1011.6,"METAR KNYL 031757Z 30012KT 10SM CLR 31/02 A2987 RMK AO2 SLP111 T03060022 10306 20211 50004",2025-10-03 18:06:09.920453,2025-10-03 14:06:09.920496
"KNFL","Fallon , NV, US",2025-10-03 17:57:00,"2025-10-03 10:57:00","VFR",13.3,7.2,210,6,NA,NA,1017,"METAR KNFL 031757Z 21006KT 10SM SCT015 SCT050 BKN100 BKN170 13/07 A3003 RMK AO2 SLP138 CB DSNT ALQDS 60002 T01330072 10133 20106 50007",2025-10-03 18:06:09.926768,2025-10-03 14:06:09.926812
"KNJW","Meridian Range B, MS, US",2025-10-03 17:57:00,"2025-10-03 17:57:00","VFR",26.7,14.4,70,8,NA,NA,1024.1,"METAR KNJW 031757Z AUTO 07008KT 10SM FEW050 27/14 A3024 RMK AO2 SLP153 T02670144 10267 20144 58019",2025-10-03 18:06:09.933058,2025-10-03 14:06:09.9331
"KNQI","Kingsville, TX, US",2025-10-03 17:56:00,"2025-10-03 12:56:00","VFR",31.7,20.6,70,10,15,NA,1017.7,"METAR KNQI 031756Z 07010G15KT 10SM SCT045 BKN070 BKN090 32/21 A3005 RMK AO2 SLP171 T03170206 10322 20189 58010 $",2025-10-03 18:06:09.939371,2025-10-03 14:06:09.939414
"KOAJ","Jacksonville/Ellis Arpt, NC, US",2025-10-03 17:56:00,"2025-10-03 13:56:00","VFR",25,16.1,40,8,NA,NA,1025.1,"METAR KOAJ 031756Z 04008KT 10SM BKN035 25/16 A3027 RMK AO2 SLP253 T02500161 10250 20133 58019 $",2025-10-03 18:06:09.945602,2025-10-03 14:06:09.945644
"KNMM","Meridian/MCCain, MS, US",2025-10-03 17:56:00,"2025-10-03 17:56:00","VFR",27.2,15,100,11,17,NA,1022.8,"METAR KNMM 031756Z 10011G17KT 10SM FEW044 FEW055 SCT200 27/15 A3020 RMK AO2 SLP236 T02720150 10272 20128 58021 $",2025-10-03 18:06:09.952043,2025-10-03 14:06:09.952085
"KNLC","Lemoore , CA, US",2025-10-03 17:56:00,"2025-10-03 10:56:00","VFR",20.6,10.6,360,8,NA,NA,1017.7,"METAR KNLC 031756Z 36008KT 10SM FEW045 BKN060 21/11 A3005 RMK AO2 SLP177 RH/50 T02060106 10211 20122 50002 ",2025-10-03 18:06:09.95849,2025-10-03 14:06:09.958534
"KNID","China Lake , CA, US",2025-10-03 17:56:00,"2025-10-03 17:56:00","VFR",23.3,3.9,230,12,21,NA,1014.3,"METAR KNID 031756Z 23012G21KT 10SM FEW080 23/04 A2995 RMK AO2 SLP127 T02330039 10239 20183 50000 $",2025-10-03 18:06:09.977562,2025-10-03 14:06:09.977608
"KNPA","Pensacola , FL, US",2025-10-03 17:56:00,"2025-10-03 12:56:00","VFR",26.1,18.3,60,12,NA,NA,1020.1,"METAR KNPA 031756Z 06012KT 10SM FEW030 BKN200 BKN280 26/18 A3012 RMK AO2 SLP200 T02610183 10272 20206 58009",2025-10-03 18:06:09.984133,2025-10-03 14:06:09.984174
"KNBC","Beaufort, SC, US",2025-10-03 17:56:00,"2025-10-03 17:56:00","VFR",27.2,17.2,40,11,NA,7,1023.1,"METAR KNBC 031756Z 04011KT 7SM FEW070 27/17 A3021 RMK AO2 SLP230 T02720172 10272 20167 58020",2025-10-03 18:06:09.990492,2025-10-03 14:06:09.990533
"KNSE","Milton/Whiting N, FL, US",2025-10-03 17:56:00,"2025-10-03 12:56:00","VFR",27.2,18.3,70,8,NA,NA,1020.7,"METAR KNSE 031756Z 07008KT 10SM SCT050 SCT130 BKN250 27/18 A3014 RMK AO2 SLP190 T02720183 10278 20172 58010 $",2025-10-03 18:06:09.996817,2025-10-03 14:06:09.996861
"KNGP","Corpus Christi/Truax Fld NAS, TX, US",2025-10-03 17:56:00,"2025-10-03 17:56:00","VFR",30,21.7,60,12,NA,NA,1018,"METAR KNGP 031756Z 06012KT 10SM FEW035 FEW100 SCT250 30/22 A3006 RMK AO2 SLP178 CB DSNT SE TCU DSNT NE AND E T2 SET T03000217 10300 20239 58004",2025-10-03 18:06:10.00321,2025-10-03 14:06:10.003251
"KNCA","New River MCAS, NC, US",2025-10-03 17:56:00,"2025-10-03 17:56:00","VFR",25,16.1,70,7,NA,NA,1024.8,"METAR KNCA 031756Z 07007KT 10SM FEW035 25/16 A3026 RMK AO2 SLP248 T02500161 10256 20139 58016",2025-10-03 18:06:10.009642,2025-10-03 14:06:10.009687
"KNOG","Orange Grove, TX, US",2025-10-03 17:56:00,"2025-10-03 17:56:00","VFR",31.7,18.9,40,7,NA,NA,1018.4,"METAR KNOG 031756Z AUTO 04007KT 10SM SCT044 32/19 A3007 RMK AO2 SLP163 6//// T03170189 10322 20200 58009 PWINO PNO $",2025-10-03 18:06:10.016182,2025-10-03 14:06:10.016227
"KOFK","Norfolk/Stefan Mem, NE, US",2025-10-03 17:56:00,"2025-10-03 12:56:00","VFR",29.4,16.1,160,15,NA,NA,1018,"METAR KOFK 031756Z AUTO 16015KT 10SM CLR 29/16 A3006 RMK AO2 SLP167 T02940161 10294 20133 58016",2025-10-03 18:06:10.022689,2025-10-03 14:06:10.022778
"KNDZ","Milton/Whiting-S, FL, US",2025-10-03 17:56:00,"2025-10-03 17:56:00","VFR",27.2,17.8,70,8,NA,NA,1020.4,"METAR KNDZ 031756Z 07008KT 10SM FEW050 BKN130 BKN250 27/18 A3013 RMK AO2 SLP189 T02720178 10272 20178 58009 $",2025-10-03 18:06:10.029115,2025-10-03 14:06:10.029158
"KNJK","El Centro, CA, US",2025-10-03 17:56:00,"2025-10-03 10:56:00","VFR",32.2,6.7,250,9,NA,NA,1011.6,"METAR KNJK 031756Z 25009KT 220V280 10SM CLR 32/07 A2987 RMK AO2 SLP131 T03220067 10328 20244 50001 $",2025-10-03 18:06:10.035488,2025-10-03 14:06:10.03553
"KNYG","Quantico , VA, US",2025-10-03 17:56:00,"2025-10-03 17:56:00","VFR",20,10,190,6,NA,NA,1027.9,"METAR KNYG 031756Z 19006KT 10SM CLR 20/10 A3035 RMK AO2 SLP277 T02000100 10206 20111 58025",2025-10-03 18:06:10.041855,2025-10-03 14:06:10.041898
"KOCH","Nacogdoches Rgnl, TX, US",2025-10-03 17:56:00,"2025-10-03 12:56:00","VFR",30,17.2,90,6,NA,NA,1021.1,"METAR KOCH 031756Z AUTO 09006KT 10SM FEW060 30/17 A3015 RMK AO2 SLP209 60000 T03000172 10300 20178 58006",2025-10-03 18:06:10.048217,2025-10-03 14:06:10.048259
"KNTU","Oceana, VA, US",2025-10-03 17:56:00,"2025-10-03 13:56:00","VFR",20.6,12.8,100,5,NA,NA,1026.8,"METAR KNTU 031756Z 10005KT 10SM SCT032 21/13 A3032 RMK AO2 SLP271 T02060128 10217 20183 58016",2025-10-03 18:06:10.054542,2025-10-03 14:06:10.054585
"KNKT","Cherry Point MCAS, NC, US",2025-10-03 17:55:00,"2025-10-03 17:55:00","VFR",23.9,16.7,60,13,NA,NA,1025.1,"METAR KNKT 031755Z 06013KT 10SM CLR 24/17 A3027 RMK AO2 SLP248 T02390167 10244 20167 58014",2025-10-03 18:06:10.060962,2025-10-03 14:06:10.061007
"KNRN","Norton Muni, KS, US",2025-10-03 17:55:00,"2025-10-03 17:55:00","VFR",27,15,150,14,NA,NA,1018,"METAR KNRN 031755Z AUTO 15014KT 10SM CLR 27/15 A3006 RMK AO2 10272 20140",2025-10-03 18:06:10.067497,2025-10-03 14:06:10.067541
"KOEL","Oakley Muni, KS, US",2025-10-03 17:55:00,"2025-10-03 17:55:00","VFR",28.1,10.9,170,12,NA,NA,1018.4,"METAR KOEL 031755Z AUTO 17012KT 10SM CLR 28/11 A3007 RMK AO1 T02810109 10281 20129",2025-10-03 18:06:10.073963,2025-10-03 14:06:10.074006
"KO05","Chester/Rogers Fld, CA, US",2025-10-03 17:55:00,"2025-10-03 17:55:00","VFR",12,5,0,0,NA,NA,1018.7,"METAR KO05 031755Z AUTO 00000KT 10SM FEW028 SCT034 OVC055 12/05 A3008 RMK A01",2025-10-03 18:06:10.080431,2025-10-03 14:06:10.080474
"KO69","Petaluma Muni, CA, US",2025-10-03 17:55:00,"2025-10-03 17:55:00","VFR",18,12,NA,3,NA,NA,1018.4,"METAR KO69 031755Z AUTO VRB03KT 10SM FEW060 OVC075 18/12 A3007 RMK A01",2025-10-03 18:06:10.086942,2025-10-03 14:06:10.086987
"KO86","Trinity Center Arpt, CA, US",2025-10-03 17:55:00,"2025-10-03 17:55:00","VFR",16,11,150,8,NA,NA,1018.4,"METAR KO86 031755Z AUTO 15008KT 10SM FEW045 FEW095 16/11 A3007 RMK A01",2025-10-03 18:06:10.093521,2025-10-03 14:06:10.093565
"KOGA","Ogalla/Searle Fld, NE, US",2025-10-03 17:55:00,"2025-10-03 11:55:00","VFR",28.2,13,160,10,NA,NA,1017.7,"METAR KOGA 031755Z AUTO 16010KT 10SM CLR 28/13 A3005 RMK AO2 T02820130 10283 20103",2025-10-03 18:06:10.112983,2025-10-03 14:06:10.11303
"KN38","Wellsboro/Grand Canyon Rgnl, PA, US",2025-10-03 17:55:00,"2025-10-03 17:55:00","VFR",22,10,160,4,NA,NA,1025.5,"METAR KN38 031755Z AUTO 16004KT 10SM CLR 22/10 A3028 RMK AO2",2025-10-03 18:06:10.119555,2025-10-03 14:06:10.119597
"KOIC","Norwich/Eaton Arpt, NY, US",2025-10-03 17:55:00,"2025-10-03 13:55:00","VFR",21,8,NA,2,NA,NA,1025.1,"METAR KOIC 031755Z AUTO VRB02KT 10SM CLR 21/08 A3027 RMK AO2 10213 20052",2025-10-03 18:06:10.126009,2025-10-03 14:06:10.126053
"KO32","Reedley Muni, CA, US",2025-10-03 17:55:00,"2025-10-03 17:55:00","VFR",19.1,15.2,300,3,NA,NA,1016.7,"METAR KO32 031755Z AUTO 30003KT 10SM FEW023 SCT090 19/15 A3002 RMK AO2 T01910152 $",2025-10-03 18:06:10.132375,2025-10-03 14:06:10.132418
"KOBE","Okeechobee Cnty Arpt, FL, US",2025-10-03 17:55:00,"2025-10-03 13:55:00",NA,28,25,90,7,NA,NA,1015.3,"METAR KOBE 031755Z AUTO 09007KT 050V130 28/25 A2998 RMK AO2 LTG DSNT E",2025-10-03 18:06:10.138631,2025-10-03 14:06:10.138674
"KOCW","Washington/Warren Arpt, NC, US",2025-10-03 17:55:00,"2025-10-03 13:55:00","VFR",25,14,30,7,NA,NA,1025.8,"METAR KOCW 031755Z AUTO 03007KT 10SM SCT039 OVC060 25/14 A3029 RMK AO2 T02500140 10251 20130",2025-10-03 18:06:10.145147,2025-10-03 14:06:10.145192
"KNKX","Miramar , CA, US",2025-10-03 17:55:00,"2025-10-03 10:55:00","VFR",22.2,15,0,0,NA,NA,1016.7,"METAR KNKX 031755Z AUTO 00000KT 10SM FEW027 22/15 A3002 RMK AO2 SLP161 T02220150 10228 20144 50004",2025-10-03 18:06:10.151561,2025-10-03 14:06:10.151605
"KNTD","Pt Mugu , CA, US",2025-10-03 17:55:00,"2025-10-03 10:55:00","VFR",22.2,13.9,250,10,NA,NA,1016.3,"METAR KNTD 031755Z 25010KT 10SM FEW030 FEW045 22/14 A3001 RMK AO2 SLP162 T02220139 10222 20161 51007 $",2025-10-03 18:06:10.158067,2025-10-03 14:06:10.158111
"KOIN","Oberlin Muni, KS, US",2025-10-03 17:55:00,"2025-10-03 17:55:00","VFR",28,15,140,10,16,NA,1017.7,"METAR KOIN 031755Z AUTO 14010G16KT 10SM CLR 28/15 A3005 RMK AO2 10277 20121",2025-10-03 18:06:10.164468,2025-10-03 14:06:10.164511
"KOAR","Marina Muni, CA, US",2025-10-03 17:55:00,"2025-10-03 10:55:00","VFR",18,12,300,11,18,NA,1019.4,"METAR KOAR 031755Z AUTO 30011G18KT 10SM CLR 18/12 A3010 RMK AO2",2025-10-03 18:06:10.170885,2025-10-03 14:06:10.170928
"KOCQ","Oconto/Blake Mem, WI, US",2025-10-03 17:55:00,"2025-10-03 17:55:00","VFR",28.2,17.2,170,5,NA,NA,1019.4,"METAR KOCQ 031755Z AUTO 17005KT 10SM SCT080 28/17 A3010 RMK AO1 T02820172 10285 20131",2025-10-03 18:06:10.17726,2025-10-03 14:06:10.177303
"KOGS","Ogdensburg Intl, NY, US",2025-10-03 17:55:00,"2025-10-03 13:55:00","VFR",24,12,220,5,13,NA,1022.4,"METAR KOGS 031755Z AUTO 22005G13KT 10SM CLR 24/12 A3019 RMK AO2",2025-10-03 18:06:10.183638,2025-10-03 14:06:10.183681
"KOEO","Osceola/Simenstad Muni, WI, US",2025-10-03 17:55:00,"2025-10-03 12:55:00","VFR",28.5,12.5,270,4,NA,NA,1020.1,"METAR KOEO 031755Z AUTO 27004KT 10SM CLR 29/13 A3012 RMK AO2 T02850125 10285 20134 PWINO",2025-10-03 18:06:10.190104,2025-10-03 14:06:10.190148
"KOEB","Coldwater/Branch Cnty, MI, US",2025-10-03 17:55:00,"2025-10-03 17:55:00","VFR",29,13,220,8,NA,NA,1023.5,"METAR KOEB 031755Z AUTO 22008KT 10SM CLR 29/13 A3022 RMK AO2 10300 20095",2025-10-03 18:06:10.196503,2025-10-03 14:06:10.196547
"KN79","Shamokin/Northumberland Cnty, PA, US",2025-10-03 17:55:00,"2025-10-03 17:55:00","VFR",21.5,10.5,230,6,NA,9,1025.8,"METAR KN79 031755Z AUTO 23006KT 9SM CLR 22/11 A3029 RMK AO2 T02150105",2025-10-03 18:06:10.202845,2025-10-03 14:06:10.202887
"KO22","Columbia Arpt, CA, US",2025-10-03 17:55:00,"2025-10-03 10:55:00","VFR",15,11,0,0,NA,NA,1018.4,"METAR KO22 031755Z AUTO 00000KT 10SM SCT047 15/11 A3007 RMK A01",2025-10-03 18:06:10.209305,2025-10-03 14:06:10.209347
"KOFF","Bellevue/Offutt AFB, NE, US",2025-10-03 17:55:00,"2025-10-03 12:55:00","VFR",30.3,16.7,140,8,NA,NA,1019.4,"METAR KOFF 031755Z 14008KT 10SM FEW070 30/17 A3010 RMK AO2A SLP188 T03030167 10305 20154 57013 $",2025-10-03 18:06:10.215744,2025-10-03 14:06:10.215791
"KNBG","New Orleans , LA, US",2025-10-03 17:55:00,"2025-10-03 12:55:00","VFR",27.2,22.2,60,11,NA,NA,1019,"METAR KNBG 031755Z 06011KT 10SM SCT023 BKN100 BKN250 27/22 A3009 RMK AO2 SLP188 T02720222 10272 20217 58007 $",2025-10-03 18:06:10.222198,2025-10-03 14:06:10.222242
"KNY0","Johnstown/Fulton Cnty, NY, US",2025-10-03 17:55:00,"2025-10-03 17:55:00","VFR",20.4,9.2,270,6,NA,NA,1025.1,"METAR KNY0 031755Z AUTO 27006KT 10SM CLR 20/09 A3027 RMK AO2 T02040092 10204 20050",2025-10-03 18:06:10.240872,2025-10-03 14:06:10.240944
"KO26","Lone Pine Arpt, CA, US",2025-10-03 17:55:00,"2025-10-03 17:55:00","VFR",24,-3,100,14,21,NA,1013.6,"METAR KO26 031755Z AUTO 10014G21KT 10SM CLR 24/M03 A2993 RMK A01",2025-10-03 18:06:10.248517,2025-10-03 14:06:10.248562
"KNXP","Twentynine Palms/Self Arpt, CA, US",2025-10-03 17:54:00,"2025-10-03 17:54:00",NA,26.1,6.7,0,0,NA,NA,1016.3,"METAR KNXP 031754Z AUTO 00000KT 10SM 26/07 A3001 RMK AO2 SLP126 6//// T02610067 10267 20167 58004 PWINO PNO $",2025-10-03 18:06:10.255228,2025-10-03 14:06:10.255272
"KOFP","Richmond/Hanover Cnty, VA, US",2025-10-03 17:54:00,"2025-10-03 17:54:00","VFR",20.6,10,0,0,NA,NA,1027.9,"METAR KOFP 031754Z AUTO 00000KT 10SM CLR 21/10 A3035 RMK AO2 SLP277 T02060100 10211 20089 58025",2025-10-03 18:06:10.261731,2025-10-03 14:06:10.261776
"KNRS","Imperial Beach, CA, US",2025-10-03 17:53:00,"2025-10-03 10:53:00","VFR",22.2,15.6,280,8,NA,NA,1017,"METAR KNRS 031753Z 28008KT 260V330 10SM SCT019 22/16 A3003 RMK AO2 SLP169 T02220156 10228 20133 51007 $",2025-10-03 18:06:10.268105,2025-10-03 14:06:10.26815
"KNUI","St Inigoes/Webster Fld, MD, US",2025-10-03 17:53:00,"2025-10-03 17:53:00","VFR",20.6,7.8,70,3,NA,NA,1027.5,"METAR KNUI 031753Z AUTO 07003KT 10SM CLR 21/08 A3034 RMK AO2 SLP271 T02060078 10206 20106 58022",2025-10-03 18:06:10.274406,2025-10-03 14:06:10.274449
"KNEW","New Orleans/Lakefront Arpt, LA, US",2025-10-03 17:53:00,"2025-10-03 12:53:00","MVFR",27.2,21.7,70,14,NA,NA,1019.7,"METAR KNEW 031753Z 07014KT 10SM BKN022 27/22 A3011 RMK AO1 SLP189 T02720217 10278 20233 58008",2025-10-03 18:06:10.280845,2025-10-03 14:06:10.280889
"KODX","Ord/Sharp Fld, NE, US",2025-10-03 17:53:00,"2025-10-03 17:53:00","VFR",27.2,16.7,160,10,NA,NA,1017.7,"METAR KODX 031753Z AUTO 16010KT 10SM -RA CLR 27/17 A3005 RMK AO2 SLP168 P0000 60001 T02720167 10272 20106 58014",2025-10-03 18:06:10.287241,2025-10-03 14:06:10.287288
"KNSI","San Nicholas Island Arpt, CA, US",2025-10-03 17:53:00,"2025-10-03 17:53:00","VFR",20,13.9,310,22,31,NA,1017.4,"METAR KNSI 031753Z 31022G31KT 10SM FEW012 20/14 A3004 RMK AO2 PK WND 31034/1718 SLP168 T02000139 10200 20156 51009 $",2025-10-03 18:06:10.29359,2025-10-03 14:06:10.293633
"KNIP","Jacksonville , FL, US",2025-10-03 17:53:00,"2025-10-03 13:53:00","VFR",26.7,21.1,40,16,25,NA,1020.1,"METAR KNIP 031753Z 04016G25KT 10SM SCT027 BKN034 27/21 A3012 RMK AO2 PK WND 04027/1700 RAB06E15 SLP196 P0000 60001 T02670211 10283 20228 58009",2025-10-03 18:06:10.300038,2025-10-03 14:06:10.300082
"KOGB","Orangeburg Muni, SC, US",2025-10-03 17:53:00,"2025-10-03 13:53:00","VFR",24.4,14.4,90,5,NA,NA,1024.8,"METAR KOGB 031753Z AUTO 09005KT 10SM CLR 24/14 A3026 RMK AO2 SLP246 T02440144 10244 20144 58018",2025-10-03 18:06:10.306472,2025-10-03 14:06:10.306517
"KOJC","Olathe/Johnson Cnty, KS, US",2025-10-03 17:53:00,"2025-10-03 12:53:00","VFR",28.9,18.3,200,10,NA,NA,1022.1,"METAR KOJC 031753Z 20010KT 10SM FEW040 29/18 A3018 RMK AO2 SLP209 T02890183 10289 20172 58009",2025-10-03 18:06:10.312872,2025-10-03 14:06:10.312917
"KOAK","Oakland Intl, CA, US",2025-10-03 17:53:00,"2025-10-03 10:53:00","VFR",18.3,11.1,NA,3,NA,NA,1018.4,"METAR KOAK 031753Z VRB03KT 10SM FEW025 BKN035 18/11 A3007 RMK AO2 SLP183 T01830111 10189 20156 53010",2025-10-03 18:06:10.319347,2025-10-03 14:06:10.31939
"KODO","Odessa/Schlemeyer Fld, TX, US",2025-10-03 17:53:00,"2025-10-03 17:53:00","VFR",30.6,8.3,NA,4,NA,NA,1022.1,"METAR KODO 031753Z AUTO VRB04KT 10SM CLR 31/08 A3018 RMK AO2 SLP170 T03060083 10306 20183 58009",2025-10-03 18:06:10.325823,2025-10-03 14:06:10.325868
"KNUW","Whidbey Island, WA, US",2025-10-03 17:53:00,"2025-10-03 10:53:00","LIFR",11.1,11.1,260,3,NA,2,1022.1,"METAR KNUW 031753Z 26003KT 2SM BR OVC004 11/11 A3018 RMK AO2 SLP222 T01110111 10111 20106 51010 $",2025-10-03 18:06:10.332352,2025-10-03 14:06:10.332394
"KNQX","Key West , FL, US",2025-10-03 17:53:00,"2025-10-03 13:53:00","VFR",27.2,24.4,80,11,NA,7,1013.6,"METAR KNQX 031753Z 08011KT 7SM BR FEW022 BKN040 BKN075 27/24 A2993 RMK AO2 RAB28E53 SLP134 OCNL LTGICCG DSNT E CB DSNT E T1 SET P0003 60076 T02720244 10283 20244 58011 $",2025-10-03 18:06:10.338672,2025-10-03 14:06:10.338731
"KNRB","Mayport , FL, US",2025-10-03 17:52:00,"2025-10-03 13:52:00","MVFR",26.1,21.7,30,23,29,NA,1020.4,"METAR KNRB 031752Z 03023G29KT 10SM BKN015 BKN030 BKN120 26/22 A3013 RMK AO2 PK WND 03030/1654 SLP201 60001 T02610217 10289 20244 58008",2025-10-03 18:06:10.345099,2025-10-03 14:06:10.345143
"KOKC","Oklahoma City/Will Rogers Intl, OK, US",2025-10-03 17:52:00,"2025-10-03 12:52:00","VFR",30,16.1,160,11,18,NA,1021.8,"METAR KOKC 031752Z 16011G18KT 10SM SCT055 30/16 A3017 RMK AO2 SLP203 T03000161 10300 20161 58008",2025-10-03 18:06:10.351531,2025-10-03 14:06:10.351575
"KNHK","Patuxent River NAS, MD, US",2025-10-03 17:52:00,"2025-10-03 13:52:00","VFR",20,8.3,NA,4,NA,NA,1027.5,"METAR KNHK 031752Z VRB04KT 10SM CLR 20/08 A3034 RMK AO2 SLP275 T02000083 10200 20111 58021 $",2025-10-03 18:06:10.35808,2025-10-03 14:06:10.358124
"KNZY","San Diego/North Island NAS, CA, US",2025-10-03 17:52:00,"2025-10-03 10:52:00","MVFR",21.1,14.4,210,6,NA,NA,1016.7,"METAR KNZY 031752Z 21006KT 10SM BKN024 21/14 A3002 RMK AO2 SLP164 T02110144 10211 20178 50007",2025-10-03 18:06:10.376785,2025-10-03 14:06:10.376832
"KOKB","Oceanside Muni, CA, US",2025-10-03 17:52:00,"2025-10-03 10:52:00","MVFR",22.2,16.1,240,9,NA,8,1016.3,"METAR KOKB 031752Z AUTO 24009KT 8SM OVC028 22/16 A3001 RMK AO2 SLP162 T02220161 10228 20144 51004",2025-10-03 18:06:10.383815,2025-10-03 14:06:10.383861
"KNFW","Fort Worth/Carswell NAS, TX, US",2025-10-03 17:52:00,"2025-10-03 12:52:00","VFR",31.1,17.2,0,0,NA,NA,1020.4,"METAR KNFW 031752Z 00000KT 10SM SCT050 31/17 A3013 RMK AO2 SLP186 T03110172 10322 20200 58010 $",2025-10-03 18:06:10.390196,2025-10-03 14:06:10.390239
"KNFG","Camp Pendleton, CA, US",2025-10-03 17:52:00,"2025-10-03 17:52:00","MVFR",21.7,15.6,220,5,NA,NA,1016.7,"METAR KNFG 031752Z 22005KT 10SM OVC027 22/16 A3002 RMK AO2 SLP163 T02170156 10222 20100 51003",2025-10-03 18:06:10.396564,2025-10-03 14:06:10.396606
"KOCF","Ocala Rgnl, FL, US",2025-10-03 17:51:00,"2025-10-03 13:51:00","VFR",26.7,21.7,80,12,16,NA,1018.7,"METAR KOCF 031751Z 08012G16KT 10SM FEW036 SCT044 SCT080 27/22 A3008 RMK AO2 RAB12E37 SLP184 P0007 60007 T02670217 10294 20217 58018",2025-10-03 18:06:10.402939,2025-10-03 14:06:10.402982
"KNJM","Swansboro/Bogue Fld, NC, US",2025-10-03 17:51:00,"2025-10-03 17:51:00","VFR",25.6,16.7,30,14,20,7,1024.8,"METAR KNJM 031751Z AUTO 03014G20KT 7SM SCT031 SCT070 26/17 A3026 RMK AO2 SLP252 T02560167 10256 20150 58013",2025-10-03 18:06:10.409205,2025-10-03 14:06:10.409247
"KNQA","Millington Rgnl, TN, US",2025-10-03 17:50:00,"2025-10-03 12:50:00","VFR",27,13,160,4,NA,NA,1024.5,"METAR KNQA 031750Z 16004KT 10SM CLR 27/13 A3025",2025-10-03 18:06:10.415648,2025-10-03 14:06:10.41571
"KO54","Weaverville Arpt, CA, US",2025-10-03 17:50:00,"2025-10-03 17:50:00","VFR",14,9,0,0,NA,NA,1019.4,"METAR KO54 031750Z AUTO 00000KT 10SM SCT019 14/09 A3010 RMK A01",2025-10-03 18:06:10.422052,2025-10-03 14:06:10.422095
"KNUQ","Moffett Fed Airfld, CA, US",2025-10-03 17:50:00,"2025-10-03 10:50:00","VFR",18,11,290,7,NA,NA,1018.7,"METAR KNUQ 031750Z AUTO 29007KT 270V330 10SM BKN031 OVC039 18/11 A3008 RMK AO2",2025-10-03 18:06:10.428403,2025-10-03 14:06:10.428446
"KNFJ","Milton/Choctaw, FL, US",2025-10-03 17:48:00,"2025-10-03 17:48:00","VFR",26.1,18.3,50,9,NA,NA,1020.7,"METAR KNFJ 031748Z AUTO 05009KT 10SM FEW065 26/18 A3014 RMK AO2 SLP209 T02610183 10261 20189 58007 $ ",2025-10-03 18:06:10.434813,2025-10-03 14:06:10.434856
"KNRA","Coupeville, Out, WA, US",2025-10-03 17:46:00,"2025-10-03 17:46:00","LIFR",11.1,11.1,220,3,NA,NA,1021.8,"METAR KNRA 031746Z AUTO 22003KT 10SM OVC002 11/11 A3017 RMK AO2 SLP160 6//// T01110111 10111 20056 51009 TSNO PNO $",2025-10-03 18:06:10.44119,2025-10-03 14:06:10.441232
"KOJA","Weatherford/Stafford Arpt, OK, US",2025-10-03 17:30:00,"2025-10-03 17:30:00","VFR",29,15.4,190,11,18,NA,1022.1,"METAR KOJA 031730Z AUTO 19011G18KT 10SM CLR 29/15 A3018 RMK AO2 T02900154",2025-10-03 18:06:10.4476,2025-10-03 14:06:10.447649
"KNOW","Port Angeles, WA, US",2025-10-03 17:30:00,"2025-10-03 17:30:00","MVFR",NA,NA,0,0,NA,NA,1021.8,"METAR KNOW 031730Z AUTO 00000KT 10SM SCT013 OVC025 A3017 RMK AO2",2025-10-03 18:06:10.453923,2025-10-03 14:06:10.453965
"KNUC","San Clemente, CA, US",2025-10-03 16:56:00,"2025-10-03 16:56:00","VFR",21.1,15,290,15,NA,NA,1017.4,"METAR KNUC 031656Z 29015KT 10SM FEW014 SCT020 21/15 A3004 RMK SLP170 T02110150",2025-10-03 18:06:10.460246,2025-10-03 14:06:10.460289
"KONX","Currituck Cnty, NC, US",2025-10-03 18:00:00,"2025-10-03 18:00:00","VFR",21.3,13.8,40,9,NA,NA,1027.2,"METAR KONX 031800Z AUTO 04009KT 10SM CLR 21/14 A3033 RMK AO2 T02130138",2025-10-03 18:06:12.541854,2025-10-03 14:06:12.5419
"KPAE","Everett/Paine Fld, WA, US",2025-10-03 17:57:00,"2025-10-03 10:57:00","IFR",13.9,10.6,NA,4,NA,NA,1021.8,"SPECI KPAE 031757Z VRB04KT 10SM BKN006 OVC012 14/11 A3017 RMK AO2 T01390106",2025-10-03 18:06:12.548721,2025-10-03 14:06:12.548768
"KOLU","Columbus Muni, NE, US",2025-10-03 17:56:00,"2025-10-03 17:56:00","VFR",28.9,17.2,180,11,18,NA,1019,"METAR KOLU 031756Z AUTO 18011G18KT 10SM CLR 29/17 A3009 RMK AO2 SLP179 T02890172 10289 20128 58015",2025-10-03 18:06:12.554975,2025-10-03 14:06:12.555018
"KPIB","Hattiesburg/Laurel Rgnl, MS, US",2025-10-03 17:56:00,"2025-10-03 12:56:00","VFR",27.8,15.6,20,7,NA,NA,1021.8,"METAR KPIB 031756Z AUTO 02007KT 350V060 10SM CLR 28/16 A3017 RMK AO2 SLP212 6//// T02780156 10283 20161 58016 PNO $",2025-10-03 18:06:12.561149,2025-10-03 14:06:12.561191
"KOTG","Worthington Muni, MN, US",2025-10-03 17:56:00,"2025-10-03 17:56:00","VFR",30,15,190,14,20,NA,1019,"METAR KOTG 031756Z AUTO 19014G20KT 10SM CLR 30/15 A3009 RMK AO2 SLP181 T03000150 10306 20172 58014",2025-10-03 18:06:12.567383,2025-10-03 14:06:12.567425
"KOTH","North Bend/SW Oregon Rgnl, OR, US",2025-10-03 17:56:00,"2025-10-03 10:56:00","MVFR",13.9,12.2,NA,3,NA,5,1023.1,"METAR KOTH 031756Z VRB03KT 5SM BR SCT004 14/12 A3021 RMK AO2 SLP230 T01390122 10139 20106 53004",2025-10-03 18:06:12.573663,2025-10-03 14:06:12.573725
"KOKK","Kokomo Muni, IN, US",2025-10-03 17:56:00,"2025-10-03 13:56:00","VFR",31.1,13.3,NA,6,NA,NA,1023.8,"METAR KOKK 031756Z AUTO VRB06KT 10SM CLR 31/13 A3023 RMK AO2 SLP233 T03110133 10311 20111 58015 $",2025-10-03 18:06:12.580094,2025-10-03 14:06:12.580137
"KOWB","Owensboro/Daviess Cnty, KY, US",2025-10-03 17:56:00,"2025-10-03 12:56:00","VFR",19.4,15.6,160,4,NA,NA,1026.2,"METAR KOWB 031756Z 16004KT 10SM BKN075 OVC095 19/16 A3030 RMK AO2 SLP257 60009 T01940156 10206 20189 58009",2025-10-03 18:06:12.586404,2025-10-03 14:06:12.586446
"KP52","Cottonwood Arpt, AZ, US",2025-10-03 17:55:00,"2025-10-03 17:55:00","VFR",26,8,140,6,NA,NA,NA,"METAR KP52 031755Z AUTO 14006KT 10SM CLR 26/08 RMK AO2",2025-10-03 18:06:12.59268,2025-10-03 14:06:12.592743
"KPCW","Port Clinton/Erie-Ottawa Arpt, OH, US",2025-10-03 17:55:00,"2025-10-03 17:55:00","VFR",27,7,360,4,NA,NA,1023.8,"METAR KPCW 031755Z AUTO 36004KT 10SM CLR 27/07 A3023 RMK AO2",2025-10-03 18:06:12.599004,2025-10-03 14:06:12.599058
"KPHT","Paris/Henry Cnty, TN, US",2025-10-03 17:55:00,"2025-10-03 12:55:00","VFR",26,14,110,4,12,9,1025.1,"METAR KPHT 031755Z AUTO 11004G12KT 9SM CLR 26/14 A3027 RMK A01",2025-10-03 18:06:12.605233,2025-10-03 14:06:12.605274
"KPEZ","Pleasanton Muni, TX, US",2025-10-03 17:55:00,"2025-10-03 17:55:00","VFR",32.4,14.6,330,5,NA,NA,1019.4,"METAR KPEZ 031755Z AUTO 33005KT 10SM CLR 32/15 A3010 RMK AO2 T03240146 10324 20172",2025-10-03 18:06:12.611599,2025-10-03 14:06:12.611643
"KPEA","Pella Muni, IA, US",2025-10-03 17:55:00,"2025-10-03 17:55:00","VFR",30.2,17.1,240,9,NA,NA,1021.8,"METAR KPEA 031755Z AUTO 24009KT 170V270 10SM CLR 30/17 A3017 RMK AO2 T03020171 10305 20160",2025-10-03 18:06:12.617937,2025-10-03 14:06:12.61798
"KPBH","Phillips/Price Cnty, WI, US",2025-10-03 17:55:00,"2025-10-03 17:55:00","VFR",25,17,240,4,NA,NA,1019.7,"METAR KPBH 031755Z AUTO 24004KT 10SM CLR 25/17 A3011 RMK AO2 T02500170 10251 20123",2025-10-03 18:06:12.624213,2025-10-03 14:06:12.624256
"KPHP","Philip Muni, SD, US",2025-10-03 17:55:00,"2025-10-03 11:55:00","VFR",33.3,11.1,190,23,34,NA,1010.9,"METAR KPHP 031755Z AUTO 19023G34KT 10SM CLR 33/11 A2985 RMK AO2 PK WND 19034/1752 SLP086 T03330111 10333 20139 58028",2025-10-03 18:06:12.63048,2025-10-03 14:06:12.630523
"KONZ","Grosse Isle Muni, MI, US",2025-10-03 17:55:00,"2025-10-03 17:55:00","VFR",22,17,190,9,NA,NA,1023.8,"METAR KONZ 031755Z AUTO 19009KT 10SM FEW110 22/17 A3023 RMK AO2 10225 20110",2025-10-03 18:06:12.63683,2025-10-03 14:06:12.636875
"KPLU","Tacoma/Pierce Cnty, WA, US",2025-10-03 17:55:00,"2025-10-03 17:55:00","MVFR",15,13,0,0,NA,NA,1021.8,"METAR KPLU 031755Z AUTO 00000KT 10SM BKN013 BKN043 15/13 A3017 RMK AO2",2025-10-03 18:06:12.643138,2025-10-03 14:06:12.643181
"KOSA","Mount Pleasant Rgnl, TX, US",2025-10-03 17:55:00,"2025-10-03 17:55:00","VFR",30.5,16.3,90,5,NA,NA,1021.4,"METAR KOSA 031755Z AUTO 09005KT 10SM CLR 31/16 A3016 RMK AO2 T03050163 10310 20179",2025-10-03 18:06:12.649571,2025-10-03 14:06:12.649617
"KOZW","Howell/Hardy Arpt, MI, US",2025-10-03 17:55:00,"2025-10-03 17:55:00","VFR",30,12,240,5,NA,NA,1023.1,"METAR KOZW 031755Z AUTO 24005KT 10SM CLR 30/12 A3021 RMK AO2 10298 20105",2025-10-03 18:06:12.656002,2025-10-03 14:06:12.656047
"KPCM","Plant City Arpt, FL, US",2025-10-03 17:55:00,"2025-10-03 17:55:00","VFR",30,22,NA,NA,NA,NA,1017.4,"METAR KPCM 031755Z AUTO 10SM BKN075 BKN090 30/22 A3004 RMK AO2",2025-10-03 18:06:12.67401,2025-10-03 14:06:12.674055
"KOWI","Ottawa Muni, KS, US",2025-10-03 17:55:00,"2025-10-03 17:55:00","VFR",31,20,190,10,NA,NA,1021.1,"METAR KOWI 031755Z AUTO 19010KT 10SM CLR 31/20 A3015 RMK AO2 PWINO",2025-10-03 18:06:12.680486,2025-10-03 14:06:12.680528
"KP08","Coolidge Muni, AZ, US",2025-10-03 17:55:00,"2025-10-03 17:55:00","VFR",33,8,0,0,NA,NA,1014,"METAR KP08 031755Z AUTO 00000KT 10SM CLR 33/08 A2994 RMK AO2",2025-10-03 18:06:12.686749,2025-10-03 14:06:12.686793
"KP33","Wilcox/Chocise Cnty, AZ, US",2025-10-03 17:55:00,"2025-10-03 10:55:00","VFR",30,12,150,10,NA,NA,1020.7,"METAR KP33 031755Z AUTO 15010KT 10SM CLR 30/12 A3014 RMK AO2",2025-10-03 18:06:12.693003,2025-10-03 14:06:12.693056
"KONL","O'Neill Muni, NE, US",2025-10-03 17:55:00,"2025-10-03 12:55:00","VFR",30.1,15.5,180,12,NA,NA,1017.4,"METAR KONL 031755Z AUTO 18012KT 10SM CLR 30/16 A3004 RMK AO2 T03010155 10301 20151",2025-10-03 18:06:12.699232,2025-10-03 14:06:12.699275
"KOYM","St Marys Muni, PA, US",2025-10-03 17:55:00,"2025-10-03 13:55:00","VFR",23,11,220,3,NA,NA,1027.2,"METAR KOYM 031755Z AUTO 22003KT 10SM BKN090 BKN120 23/11 A3033 RMK AO2 PWINO",2025-10-03 18:06:12.705485,2025-10-03 14:06:12.705528
"KOXV","Knoxville Muni, IA, US",2025-10-03 17:55:00,"2025-10-03 17:55:00","VFR",30,16,200,11,NA,NA,1021.4,"METAR KOXV 031755Z AUTO 20011KT 10SM CLR 30/16 A3016 RMK AO2",2025-10-03 18:06:12.71184,2025-10-03 14:06:12.711884
"KPEX","Paynesville Muni, MN, US",2025-10-03 17:55:00,"2025-10-03 17:55:00","VFR",27,18,140,7,NA,NA,1018.4,"METAR KPEX 031755Z AUTO 14007KT 10SM CLR 27/18 A3007 RMK AO2",2025-10-03 18:06:12.718116,2025-10-03 14:06:12.718159
"KONP","Newport Muni, OR, US",2025-10-03 17:55:00,"2025-10-03 10:55:00","LIFR",12,12,0,0,NA,7,1023.1,"METAR KONP 031755Z AUTO 00000KT 7SM OVC004 12/12 A3021 RMK AO2",2025-10-03 18:06:12.724354,2025-10-03 14:06:12.724395
"KORS","Eastsound/Orcas Island Arpt, WA, US",2025-10-03 17:55:00,"2025-10-03 10:55:00","MVFR",12,12,0,0,NA,8,1021.4,"METAR KORS 031755Z AUTO 00000KT 8SM FEW008 OVC016 12/12 A3016 RMK AO2",2025-10-03 18:06:12.730545,2025-10-03 14:06:12.730586
"KPCZ","Waupaca Muni, WI, US",2025-10-03 17:55:00,"2025-10-03 17:55:00","VFR",28.5,16.3,200,8,NA,NA,1021.1,"METAR KPCZ 031755Z AUTO 20008KT 10SM CLR 29/16 A3015 RMK AO2 T02850163 10285 20168",2025-10-03 18:06:12.73692,2025-10-03 14:06:12.736963
"KPDC","Prairie Du Chien Muni, WI, US",2025-10-03 17:55:00,"2025-10-03 12:55:00","VFR",29.5,17.3,180,6,NA,NA,1020.4,"METAR KPDC 031755Z AUTO 18006KT 10SM CLR 30/17 A3013 RMK AO2 T02950173 10295 20157",2025-10-03 18:06:12.743183,2025-10-03 14:06:12.743224
"KPKV","Port Lavaca/Calhoun Cnty, TX, US",2025-10-03 17:55:00,"2025-10-03 17:55:00","VFR",32.2,22.7,80,6,NA,NA,1018.4,"METAR KPKV 031755Z AUTO 08006KT 10SM CLR 32/23 A3007 RMK AO2 T03220227 10332 20220",2025-10-03 18:06:12.749477,2025-10-03 14:06:12.749519
"KPAN","Payson Arpt, AZ, US",2025-10-03 17:55:00,"2025-10-03 10:55:00","VFR",25,6,180,9,16,NA,1022.1,"METAR KPAN 031755Z AUTO 18009G16KT 140V200 10SM CLR 25/06 A3018 RMK AO2 10254 20144",2025-10-03 18:06:12.755754,2025-10-03 14:06:12.755798
"KOLZ","Oelwein Muni, IA, US",2025-10-03 17:55:00,"2025-10-03 17:55:00","VFR",29,16,220,9,NA,NA,1021.1,"METAR KOLZ 031755Z AUTO 22009KT 10SM CLR 29/16 A3015 RMK A01",2025-10-03 18:06:12.762021,2025-10-03 14:06:12.762064
"KOOA","Oskaloosa Muni, IA, US",2025-10-03 17:55:00,"2025-10-03 17:55:00","VFR",31.8,14.8,190,7,NA,NA,1021.8,"METAR KOOA 031755Z AUTO 19007KT 10SM CLR 32/15 A3017 RMK AO2 T03180148 10318 20170",2025-10-03 18:06:12.768277,2025-10-03 14:06:12.768319
"KPMU","Panola Cnty, MS, US",2025-10-03 17:55:00,"2025-10-03 17:55:00","VFR",28,12,NA,6,11,NA,1023.8,"METAR KPMU 031755Z AUTO VRB06G11KT 10SM CLR 28/12 A3023 RMK AO2",2025-10-03 18:06:12.774748,2025-10-03 14:06:12.774794
"KPHG","Phillipsburg Muni, KS, US",2025-10-03 17:55:00,"2025-10-03 17:55:00","VFR",28,15,150,8,NA,NA,1018.7,"METAR KPHG 031755Z AUTO 15008KT 10SM CLR 28/15 A3008 RMK AO2 10283 20136",2025-10-03 18:06:12.781144,2025-10-03 14:06:12.781197
"KPAM","Tyndall AFB, FL, US",2025-10-03 17:55:00,"2025-10-03 12:55:00","VFR",29.1,18.8,90,10,NA,NA,1019,"METAR KPAM 031755Z 09010KT 10SM SCT040 BKN190 29/19 A3009 RMK AO2A SLP192 T02910188 10292 20195 57015 $",2025-10-03 18:06:12.78759,2025-10-03 14:06:12.787634
"KOKM","Okmulgee Rgnl, OK, US",2025-10-03 17:55:00,"2025-10-03 12:55:00","VFR",31.1,16.7,150,6,NA,NA,1022.1,"METAR KOKM 031755Z AUTO 15006KT 10SM CLR 31/17 A3018 RMK AO2 T03110167 10311 20181",2025-10-03 18:06:12.805087,2025-10-03 14:06:12.805131
"KOPL","Opelousas/St Landry, LA, US",2025-10-03 17:55:00,"2025-10-03 17:55:00","VFR",29.9,15.8,60,5,NA,NA,1019.7,"METAR KOPL 031755Z AUTO 06005KT 10SM CLR 30/16 A3011 RMK AO2 T02990158 10299 20196",2025-10-03 18:06:12.811431,2025-10-03 14:06:12.811475
"KPBX","Pikeville/Pike Cnty, KY, US",2025-10-03 17:55:00,"2025-10-03 13:55:00","VFR",24.2,12.7,80,3,NA,NA,1026.5,"METAR KPBX 031755Z AUTO 08003KT 10SM CLR 24/13 A3031 RMK AO2 T02420127 10242 20138",2025-10-03 18:06:12.817724,2025-10-03 14:06:12.817769
"KPIM","Pine Mountain/Harris Cnty, GA, US",2025-10-03 17:55:00,"2025-10-03 13:55:00","VFR",25,15,60,6,15,NA,1024.8,"METAR KPIM 031755Z AUTO 06006G15KT 010V100 10SM CLR 25/15 A3026 RMK AO2 10251 20141",2025-10-03 18:06:12.823905,2025-10-03 14:06:12.823947
"KOLE","Olean/Cattaraugus Cnty, NY, US",2025-10-03 17:55:00,"2025-10-03 17:55:00","VFR",22,9,0,0,NA,NA,1025.8,"METAR KOLE 031755Z AUTO 00000KT 10SM CLR 22/09 A3029 RMK AO2",2025-10-03 18:06:12.83008,2025-10-03 14:06:12.830124
"KORG","Orange/Orange Cnty, TX, US",2025-10-03 17:55:00,"2025-10-03 17:55:00","VFR",32.3,20.3,40,8,NA,NA,1020.1,"METAR KORG 031755Z AUTO 04008KT 10SM BKN037 BKN044 BKN050 32/20 A3012 RMK AO2 T03230203 10326 20192 PWINO",2025-10-03 18:06:12.836431,2025-10-03 14:06:12.836476
"KOQN","West Chester/Brandywine Rgnl, PA, US",2025-10-03 17:55:00,"2025-10-03 17:55:00","VFR",20,10,260,5,NA,NA,1027.2,"METAR KOQN 031755Z AUTO 26005KT 10SM CLR 20/10 A3033 RMK AO2",2025-10-03 18:06:12.842764,2025-10-03 14:06:12.842808
"KOKV","Winchester Rgnl, VA, US",2025-10-03 17:55:00,"2025-10-03 13:55:00","VFR",20,10,150,8,NA,NA,1026.5,"METAR KOKV 031755Z AUTO 15008KT 110V190 10SM CLR 20/10 A3031 RMK AO2",2025-10-03 18:06:12.849044,2025-10-03 14:06:12.849087
"KOZA","Ozona Muni, TX, US",2025-10-03 17:55:00,"2025-10-03 12:55:00","VFR",30,11,300,5,NA,NA,1022.1,"METAR KOZA 031755Z AUTO 30005KT 10SM CLR 30/11 A3018 RMK AO2",2025-10-03 18:06:12.855291,2025-10-03 14:06:12.855334
"KPGV","Greenville/Pitt Arpt, NC, US",2025-10-03 17:55:00,"2025-10-03 13:55:00","VFR",25,13,350,8,NA,NA,1025.8,"METAR KPGV 031755Z AUTO 35008KT 333V053 10SM SCT044 25/13 A3029 RMK AO2",2025-10-03 18:06:12.86154,2025-10-03 14:06:12.861582
"KPLD","Portland Muni, IN, US",2025-10-03 17:55:00,"2025-10-03 17:55:00","VFR",29.1,-1.5,0,0,NA,7,1023.8,"METAR KPLD 031755Z AUTO 00000KT 7SM CLR 29/M01 A3023 RMK AO2 T02911015 10298 20134",2025-10-03 18:06:12.867739,2025-10-03 14:06:12.867783
"KONM","Socorro Muni, NM, US",2025-10-03 17:55:00,"2025-10-03 17:55:00","VFR",27.5,5.3,160,15,18,NA,1024.5,"METAR KONM 031755Z AUTO 16015G18KT 10SM CLR 28/05 A3025 RMK AO2 T02750053 10277 20160",2025-10-03 18:06:12.87409,2025-10-03 14:06:12.874134
"KOPN","Thomaston/Upson Cnty, GA, US",2025-10-03 17:55:00,"2025-10-03 17:55:00","VFR",23,13,80,4,NA,NA,1025.5,"METAR KOPN 031755Z AUTO 08004KT 10SM CLR 23/13 A3028 RMK AO2",2025-10-03 18:06:12.880442,2025-10-03 14:06:12.880485
"KPJC","Zelienople Muni, PA, US",2025-10-03 17:55:00,"2025-10-03 17:55:00","VFR",25,8,170,3,NA,NA,1025.1,"METAR KPJC 031755Z AUTO 17003KT 10SM CLR 25/08 A3027 RMK AO2",2025-10-03 18:06:12.886772,2025-10-03 14:06:12.886817
"KOWP","Sand Springs/Pogue Mem, OK, US",2025-10-03 17:55:00,"2025-10-03 17:55:00","VFR",31.9,14.1,170,5,NA,NA,1022.8,"METAR KOWP 031755Z AUTO 17005KT 10SM CLR 32/14 A3020 RMK AO2 T03190141 10319 20206",2025-10-03 18:06:12.893053,2025-10-03 14:06:12.893096
"KOWX","Ottawa/Putnam Cnty, OH, US",2025-10-03 17:55:00,"2025-10-03 17:55:00","MVFR",30,12,NA,5,NA,3,1024.1,"METAR KOWX 031755Z AUTO VRB05KT 3SM HZ CLR 30/12 A3024 RMK AO2 VIS 2V4 10299 20087",2025-10-03 18:06:12.899322,2025-10-03 14:06:12.899365
"KPHN","Port Huron/St Clair Cnty, MI, US",2025-10-03 17:55:00,"2025-10-03 13:55:00","VFR",27,10,0,0,NA,NA,1023.1,"METAR KPHN 031755Z AUTO 00000KT 10SM CLR 27/10 A3021 RMK AO2",2025-10-03 18:06:12.905613,2025-10-03 14:06:12.905657
"KOLG","Solon Springs Muni, WI, US",2025-10-03 17:55:00,"2025-10-03 17:55:00","VFR",25,15,70,5,NA,NA,1019,"METAR KOLG 031755Z AUTO 07005KT 10SM CLR 25/15 A3009 RMK AO1",2025-10-03 18:06:12.912041,2025-10-03 14:06:12.912086
"KOMH","Orange Cnty Arpt, VA, US",2025-10-03 17:55:00,"2025-10-03 17:55:00","VFR",22,10,210,6,NA,NA,1027.2,"METAR KOMH 031755Z AUTO 21006KT 10SM CLR 22/10 A3033 RMK AO2",2025-10-03 18:06:12.929425,2025-10-03 14:06:12.929492
"KORK","N Little Rock Muni, AR, US",2025-10-03 17:55:00,"2025-10-03 17:55:00","VFR",27,15,140,6,NA,NA,1023.5,"METAR KORK 031755Z AUTO 14006KT 10SM CLR 27/15 A3022 RMK AO2",2025-10-03 18:06:12.936342,2025-10-03 14:06:12.936387
"KOWA","Owatonna/Degner Rgnl, MN, US",2025-10-03 17:55:00,"2025-10-03 12:55:00","VFR",28.8,16.4,220,8,NA,NA,1019.4,"METAR KOWA 031755Z AUTO 22008KT 10SM SCT130 29/16 A3010 RMK AO2 T02880164",2025-10-03 18:06:12.942593,2025-10-03 14:06:12.942635
"KONA","Winona Muni, MN, US",2025-10-03 17:55:00,"2025-10-03 17:55:00","VFR",28,17,0,0,NA,NA,1019.4,"METAR KONA 031755Z AUTO 00000KT 10SM CLR 28/17 A3010 RMK AO2 TSNO",2025-10-03 18:06:12.948937,2025-10-03 14:06:12.948979
"KOVL","Olivia Rgnl, MN, US",2025-10-03 17:55:00,"2025-10-03 17:55:00","VFR",28,13,180,7,NA,NA,1017.7,"METAR KOVL 031755Z AUTO 18007KT 140V200 10SM CLR 28/13 A3005 RMK AO2",2025-10-03 18:06:12.955126,2025-10-03 14:06:12.955167
"KOSC","Wurtsmith, MI, US",2025-10-03 17:55:00,"2025-10-03 13:55:00","VFR",27,14,200,6,NA,NA,1021.4,"METAR KOSC 031755Z AUTO 20006KT 10SM CLR 27/14 A3016 RMK AO2 10276 20105",2025-10-03 18:06:12.961332,2025-10-03 14:06:12.961373
"KOZR","Ozark/Cairns AAF, AL, US",2025-10-03 17:55:00,"2025-10-03 12:55:00","VFR",29.2,16.4,50,16,NA,NA,1021.1,"METAR KOZR 031755Z AUTO 05016KT 10SM BKN070 29/16 A3015 RMK AO2 SLP209 T02920164 10292 20167 57017 $",2025-10-03 18:06:12.967772,2025-10-03 14:06:12.967816
"KPLR","Pell City/St Clair Cnty, AL, US",2025-10-03 17:55:00,"2025-10-03 12:55:00","VFR",26,14,60,8,NA,NA,1025.1,"METAR KPLR 031755Z AUTO 06008KT 360V110 10SM CLR 26/14 A3027 RMK A01",2025-10-03 18:06:12.974068,2025-10-03 14:06:12.974111
"KPHL","Philadelphia Intl, PA, US",2025-10-03 17:54:00,"2025-10-03 13:54:00","VFR",20.6,7.8,230,6,NA,NA,1027.2,"METAR KPHL 031754Z 23006KT 10SM FEW045 BKN250 21/08 A3033 RMK AO2 SLP270 T02060078 10211 20117 58026 $",2025-10-03 18:06:12.980402,2025-10-03 14:06:12.980445
"KPHF","Newport News/Williamsburg Intl, VA, US",2025-10-03 17:54:00,"2025-10-03 13:54:00","VFR",20.6,11.7,90,6,NA,NA,1027.5,"METAR KPHF 031754Z 09006KT 10SM CLR 21/12 A3034 RMK AO2 SLP273 T02060117 10211 20122 58018",2025-10-03 18:06:12.986687,2025-10-03 14:06:12.986753
"KOLS","Nogales Intl, AZ, US",2025-10-03 17:54:00,"2025-10-03 10:54:00",NA,NA,NA,NA,NA,NA,NA,1019.4,"METAR KOLS 031754Z AUTO A3010 RMK AO2 SLPNO 58007 PWINO $",2025-10-03 18:06:12.992949,2025-10-03 14:06:12.992993
"KORH","Worcester Muni, MA, US",2025-10-03 17:54:00,"2025-10-03 13:54:00","VFR",19.4,7.8,240,12,19,NA,1025.1,"METAR KORH 031754Z 24012G19KT 10SM CLR 19/08 A3027 RMK AO2 SLP254 T01940078 10194 20100 58022",2025-10-03 18:06:12.999275,2025-10-03 14:06:12.999318
"KPIA","Peoria Intl, IL, US",2025-10-03 17:54:00,"2025-10-03 12:54:00","VFR",30.6,15,NA,NA,NA,NA,1022.1,"METAR KPIA 031754Z 10SM FEW070 31/15 A3018 RMK AO2 SLP216 T03060150 10306 20161 58015",2025-10-03 18:06:13.005541,2025-10-03 14:06:13.0056
"KPLN","Pellston Rgnl, MI, US",2025-10-03 17:54:00,"2025-10-03 13:54:00","VFR",27.2,13.9,240,7,17,NA,1020.4,"METAR KPLN 031754Z AUTO 24007G17KT 210V280 10SM CLR 27/14 A3013 RMK AO2 SLP204 T02720139 10272 20117 58009",2025-10-03 18:06:13.011835,2025-10-03 14:06:13.011879
"KOLM","Olympia Rgnl, WA, US",2025-10-03 17:54:00,"2025-10-03 10:54:00","LIFR",10.6,10.6,NA,3,NA,8,1021.8,"METAR KOLM 031754Z VRB03KT 8SM OVC003 11/11 A3017 RMK AO2 SLP219 T01060106 10106 20072 53003",2025-10-03 18:06:13.01815,2025-10-03 14:06:13.018192
"KOXB","Ocean City Muni, MD, US",2025-10-03 17:53:00,"2025-10-03 13:53:00","VFR",20,10,120,7,NA,NA,1027.9,"METAR KOXB 031753Z AUTO 12007KT 10SM CLR 20/10 A3035 RMK AO2 SLP277 T02000100 10206 20128 58021",2025-10-03 18:06:13.024443,2025-10-03 14:06:13.024486
"KPAH","Paducah/Barkley Rgnl, KY, US",2025-10-03 17:53:00,"2025-10-03 12:53:00","VFR",27.2,14.4,0,0,NA,NA,1024.5,"METAR KPAH 031753Z 00000KT 10SM CLR 27/14 A3025 RMK AO2 SLP241 T02720144 10272 20194 58015",2025-10-03 18:06:13.030762,2025-10-03 14:06:13.030807
"KPDX","Portland Intl, OR, US",2025-10-03 17:53:00,"2025-10-03 10:53:00","IFR",12.2,10.6,0,0,NA,3,1022.4,"METAR KPDX 031753Z 00000KT 3SM OVC005 12/11 A3019 RMK AO2 SFC VIS 7 SLP222 60000 T01220106 10122 20111 53009 $",2025-10-03 18:06:13.037055,2025-10-03 14:06:13.037097
"KOMK","Omak Arpt, WA, US",2025-10-03 17:53:00,"2025-10-03 10:53:00","VFR",13.3,3.9,NA,3,NA,NA,1018.7,"METAR KOMK 031753Z AUTO VRB03KT 10SM CLR 13/04 A3008 RMK AO2 SLP187 T01330039 10139 20028 58009",2025-10-03 18:06:13.043544,2025-10-03 14:06:13.043589
"KPIH","Pocatello Rgnl, ID, US",2025-10-03 17:53:00,"2025-10-03 11:53:00","VFR",15,6.1,0,0,NA,NA,1016,"METAR KPIH 031753Z 00000KT 10SM CLR 15/06 A3000 RMK AO2 SLP128 T01500061 10150 20083 58012",2025-10-03 18:06:13.061613,2025-10-03 14:06:13.06166
"KPKD","Park Rapids/Konshok Fld, MN, US",2025-10-03 17:53:00,"2025-10-03 12:53:00","VFR",27.8,14.4,150,14,NA,NA,1017,"METAR KPKD 031753Z AUTO 15014KT 10SM FEW120 28/14 A3003 RMK AO2 SLP167 T02780144 10278 20078 58019",2025-10-03 18:06:13.068363,2025-10-03 14:06:13.068405
"KPIL","Port Isabel/Cameron Cnty, TX, US",2025-10-03 17:53:00,"2025-10-03 17:53:00","VFR",30,22.8,40,10,19,NA,1017.4,"METAR KPIL 031753Z AUTO 04010G19KT 10SM SCT031 30/23 A3004 RMK AO2 SLP170 T03000228 10311 20217 58003",2025-10-03 18:06:13.074584,2025-10-03 14:06:13.07463
"KPIR","Pierre Muni, SD, US",2025-10-03 17:53:00,"2025-10-03 12:53:00","VFR",28.9,15.6,190,10,NA,NA,1012.3,"METAR KPIR 031753Z AUTO 19010KT 10SM CLR 29/16 A2989 RMK AO2 SLP105 60000 T02890156 10289 20139 58019",2025-10-03 18:06:13.080809,2025-10-03 14:06:13.080853
"KOTM","Ottumwa Rgnl, IA, US",2025-10-03 17:53:00,"2025-10-03 12:53:00","VFR",30,15.6,220,8,NA,NA,1021.8,"METAR KOTM 031753Z AUTO 22008KT 10SM CLR 30/16 A3017 RMK AO2 SLP208 T03000156 10300 20172 55012",2025-10-03 18:06:13.087132,2025-10-03 14:06:13.087174
"KOWD","Norwood Mem, MA, US",2025-10-03 17:53:00,"2025-10-03 13:53:00","VFR",21.7,8.9,250,7,NA,NA,1024.8,"METAR KOWD 031753Z 25007KT 10SM CLR 22/09 A3026 RMK AO2 SLP245 T02170089 10217 20056 58027",2025-10-03 18:06:13.093368,2025-10-03 14:06:13.093414
"KOVS","Boscobel Arpt, WI, US",2025-10-03 17:53:00,"2025-10-03 17:53:00","VFR",30,17.8,NA,NA,NA,NA,1020.4,"METAR KOVS 031753Z AUTO 10SM CLR 30/18 A3013 RMK AO2 SLP201 T03000178 10300 20144 58014",2025-10-03 18:06:13.099759,2025-10-03 14:06:13.099803
"KPGA","Page Muni, AZ, US",2025-10-03 17:53:00,"2025-10-03 10:53:00","VFR",27.8,3.3,180,14,24,NA,1017,"METAR KPGA 031753Z AUTO 18014G24KT 10SM CLR 28/03 A3003 RMK AO2 SLP099 T02780033 10278 20189 58012",2025-10-03 18:06:13.106079,2025-10-03 14:06:13.106122
"KOLF","Wolf Point/Clayton Arpt, MT, US",2025-10-03 17:53:00,"2025-10-03 11:53:00","VFR",23.3,7.8,70,10,NA,NA,1008.5,"METAR KOLF 031753Z AUTO 07010KT 10SM CLR 23/08 A2978 RMK AO2 SLP080 T02330078 10233 20100 58029",2025-10-03 18:06:13.11236,2025-10-03 14:06:13.112402
"KOPF","Miami/Opa Locka Arpt, FL, US",2025-10-03 17:53:00,"2025-10-03 13:53:00","VFR",28.9,23.3,80,16,24,9,1014.6,"METAR KOPF 031753Z 08016G24KT 9SM -RA FEW028 SCT049 BKN060 29/23 A2996 RMK AO2 RAB52 SLP145 P0000 60000 T02890233 10311 20261 58015",2025-10-03 18:06:13.118611,2025-10-03 14:06:13.118652
"KORL","Orlando/Executive, FL, US",2025-10-03 17:53:00,"2025-10-03 13:53:00","VFR",28.3,20,60,15,NA,NA,1017.4,"METAR KORL 031753Z 06015KT 10SM FEW038 SCT050 28/20 A3004 RMK AO2 PK WND 08026/1723 SLP174 60008 T02830200 10294 20228 58018",2025-10-03 18:06:13.124909,2025-10-03 14:06:13.124952
"KPGD","Punta Gorda Arpt, FL, US",2025-10-03 17:53:00,"2025-10-03 13:53:00","VFR",30,21.7,100,11,21,NA,1015.7,"METAR KPGD 031753Z 10011G21KT 10SM BKN040 BKN048 BKN075 30/22 A2999 RMK AO2 SLP155 T03000217 10306 20217 58015",2025-10-03 18:06:13.131173,2025-10-03 14:06:13.131216
"KPMD","Palmdale Rgnl, CA, US",2025-10-03 17:53:00,"2025-10-03 10:53:00","VFR",18.9,9.4,300,15,NA,NA,1016.7,"METAR KPMD 031753Z 30015KT 10SM SCT036 SCT045 19/09 A3002 RMK AO2 WSHFT 1725 SLP145 T01890094 10200 20156 50001 $",2025-10-03 18:06:13.137425,2025-10-03 14:06:13.137467
"KPMP","Pompano Beach Arpt, FL, US",2025-10-03 17:53:00,"2025-10-03 13:53:00","VFR",30,23.3,70,17,24,NA,1014.6,"METAR KPMP 031753Z 07017G24KT 10SM FEW025 30/23 A2996 RMK AO2 SLP146 T03000233 10300 20272 58014 $",2025-10-03 18:06:13.143723,2025-10-03 14:06:13.143769
"KPKB","Parkersburg/Mid Ohio Valley Rgnl, WV, US",2025-10-03 17:53:00,"2025-10-03 13:53:00","VFR",23.9,11.1,0,0,NA,NA,1025.5,"METAR KPKB 031753Z 00000KT 10SM CLR 24/11 A3028 RMK AO2 SLP249 T02390111 10244 20100 58020",2025-10-03 18:06:13.15004,2025-10-03 14:06:13.150082
"KPIE","St Petersburg-Clearwater Intl, FL, US",2025-10-03 17:53:00,"2025-10-03 13:53:00","VFR",29.4,21.7,70,11,22,NA,1016.3,"METAR KPIE 031753Z 07011G22KT 10SM FEW045 FEW050 SCT075 29/22 A3001 RMK AO2 SLP162 T02940217 10311 20239 58018",2025-10-03 18:06:13.156404,2025-10-03 14:06:13.156446
"KONT","Ontario Intl, CA, US",2025-10-03 17:53:00,"2025-10-03 10:53:00","MVFR",20,14.4,200,4,NA,NA,1016.7,"METAR KONT 031753Z 20004KT 10SM OVC021 20/14 A3002 RMK AO2 SLP155 CIG 019V024 T02000144 10200 20161 50002 $",2025-10-03 18:06:13.162756,2025-10-03 14:06:13.162801
"KOVE","Oroville Muni, CA, US",2025-10-03 17:53:00,"2025-10-03 10:53:00","VFR",16.7,12.8,290,4,NA,NA,1018.7,"METAR KOVE 031753Z AUTO 29004KT 10SM FEW055 OVC090 17/13 A3008 RMK AO2 SLP187 60018 T01670128 10172 20133 53013",2025-10-03 18:06:13.16914,2025-10-03 14:06:13.169184
"KPBF","Pine Bluff/Grider Fld, AR, US",2025-10-03 17:53:00,"2025-10-03 12:53:00","VFR",29.4,13.3,80,5,15,NA,1023.5,"METAR KPBF 031753Z AUTO 08005G15KT 10SM CLR 29/13 A3022 RMK AO2 SLP229 T02940133 10294 20167 58010 $",2025-10-03 18:06:13.175625,2025-10-03 14:06:13.175671
"KPBG","Plattsburgh Intl, NY, US",2025-10-03 17:53:00,"2025-10-03 13:53:00","VFR",19.4,10.6,150,12,NA,NA,1022.8,"METAR KPBG 031753Z AUTO 15012KT 10SM CLR 19/11 A3020 RMK AO2 SLP227 T01940106 10194 20044 58025",2025-10-03 18:06:13.193636,2025-10-03 14:06:13.193681
"KPBI","Palm Beach Intl, FL, US",2025-10-03 17:53:00,"2025-10-03 13:53:00","VFR",26.7,22.8,80,15,23,NA,1015.3,"METAR KPBI 031753Z 08015G23KT 10SM -RA SCT021CB BKN040 OVC085 27/23 A2998 RMK AO2 RAE07B29 SLP152 CB SW MOV W P0006 60011 T02670228 10300 20239 58010 $",2025-10-03 18:06:13.200136,2025-10-03 14:06:13.200179
"KPDK","Atlanta/Dekalb-Peachtree Arpt, GA, US",2025-10-03 17:53:00,"2025-10-03 13:53:00","VFR",25,11.7,NA,NA,NA,NA,1026.2,"METAR KPDK 031753Z 10SM CLR 25/12 A3030 RMK AO2 SLP248 T02500117 10250 20150 58016",2025-10-03 18:06:13.206344,2025-10-03 14:06:13.206386
"KPDT","Pendleton/E Oregon Rgnl, OR, US",2025-10-03 17:53:00,"2025-10-03 10:53:00","VFR",15,10,NA,3,NA,NA,1019.4,"METAR KPDT 031753Z VRB03KT 10SM CLR 15/10 A3010 RMK AO2 SLP187 T01500100 10150 20083 50002",2025-10-03 18:06:13.212647,2025-10-03 14:06:13.21269
"KPEO","Penn Yan Arpt, NY, US",2025-10-03 17:53:00,"2025-10-03 17:53:00","VFR",24.4,7.2,NA,NA,NA,NA,1024.5,"METAR KPEO 031753Z AUTO 10SM CLR 24/07 A3025 RMK AO2 SLP240 T02440072 10244 20122 58021",2025-10-03 18:06:13.218933,2025-10-03 14:06:13.218976
"KPHD","New Philadelphia/Clever Fld, OH, US",2025-10-03 17:53:00,"2025-10-03 13:53:00","VFR",25,13.3,NA,3,NA,NA,1025.1,"METAR KPHD 031753Z AUTO VRB03KT 10SM CLR 25/13 A3027 RMK AO2 SLP248 T02500133 10250 20106 58018",2025-10-03 18:06:13.225288,2025-10-03 14:06:13.225331
"KONO","Ontario Muni, OR, US",2025-10-03 17:53:00,"2025-10-03 11:53:00","VFR",15.6,10,350,7,NA,NA,1017,"METAR KONO 031753Z AUTO 35007KT 10SM SCT065 BKN085 OVC120 16/10 A3003 RMK AO2 SLP167 60000 T01560100 10161 20128 50001",2025-10-03 18:06:13.231603,2025-10-03 14:06:13.231646
"KOSH","Oshkosh/Wittman Rgnl, WI, US",2025-10-03 17:53:00,"2025-10-03 12:53:00","VFR",29.4,15.6,200,10,19,NA,1020.1,"METAR KOSH 031753Z 20010G19KT 10SM FEW100 29/16 A3012 RMK AO2 SLP186 T02940156 10294 20161 58015",2025-10-03 18:06:13.237875,2025-10-03 14:06:13.237917
"KORE","Orange Muni, MA, US",2025-10-03 17:52:00,"2025-10-03 17:52:00","VFR",20.6,8.3,NA,4,NA,NA,1024.8,"METAR KORE 031752Z AUTO VRB04KT 10SM CLR 21/08 A3026 RMK AO2 SLP249 T02060083 10211 20028 58027",2025-10-03 18:06:13.244193,2025-10-03 14:06:13.244234
"KOMA","Omaha/Eppley Fld, NE, US",2025-10-03 17:52:00,"2025-10-03 12:52:00","VFR",29.4,16.7,160,10,NA,NA,1019.7,"METAR KOMA 031752Z 16010KT 10SM FEW075 29/17 A3011 RMK AO2 SLP187 T02940167 10294 20178 58013",2025-10-03 18:06:13.250427,2025-10-03 14:06:13.250469
"KORF","Norfolk Intl, VA, US",2025-10-03 17:51:00,"2025-10-03 13:51:00","VFR",20.6,12.2,70,9,NA,NA,1027.2,"METAR KORF 031751Z 07009KT 10SM SCT031 21/12 A3033 RMK AO2 SLP271 T02060122 10211 20178 58016",2025-10-03 18:06:13.256681,2025-10-03 14:06:13.256743
"KOXR","Oxnard Arpt, CA, US",2025-10-03 17:51:00,"2025-10-03 10:51:00","VFR",21.7,13.3,250,12,NA,NA,1015.7,"METAR KOXR 031751Z 25012KT 10SM CLR 22/13 A2999 RMK AO2 SLP156 60000 T02170133 10222 20172 51005",2025-10-03 18:06:13.263011,2025-10-03 14:06:13.263054
"KPIT","Pittsburgh Intl, PA, US",2025-10-03 17:51:00,"2025-10-03 13:51:00","VFR",23.9,10,200,6,NA,NA,1025.5,"METAR KPIT 031751Z 20006KT 10SM FEW050 FEW250 24/10 A3028 RMK AO2 SLP255 T02390100 10239 20117 58018",2025-10-03 18:06:13.269238,2025-10-03 14:06:13.26928
"KPHX","Phoenix/Sky Harbor Intl, AZ, US",2025-10-03 17:51:00,"2025-10-03 10:51:00","VFR",32.8,8.3,180,5,NA,NA,1012.3,"METAR KPHX 031751Z 18005KT 10SM FEW110 FEW150 33/08 A2989 RMK AO2 SLP102 T03280083 10333 20250 58003",2025-10-03 18:06:13.275531,2025-10-03 14:06:13.275574
"KORD","Chicago/O'Hare Intl, IL, US",2025-10-03 17:51:00,"2025-10-03 12:51:00","VFR",30.6,15,200,8,NA,NA,1021.8,"METAR KORD 031751Z 20008KT 10SM FEW060 FEW075 31/15 A3017 RMK AO2 SLP212 T03060150 10306 20178 58012 $",2025-10-03 18:06:13.281852,2025-10-03 14:06:13.281897
"KOQU","N Kingston/Quonset Arpt, RI, US",2025-10-03 17:50:00,"2025-10-03 13:50:00","VFR",19,11,230,12,NA,NA,1025.1,"METAR KOQU 031750Z AUTO 23012KT 10SM CLR 19/11 A3027 RMK AO2",2025-10-03 18:06:13.288136,2025-10-03 14:06:13.288179
"KOMN","Ormond Beach Muni, FL, US",2025-10-03 17:50:00,"2025-10-03 17:50:00","VFR",28,23,80,15,19,7,1018.7,"METAR KOMN 031750Z 08015G19KT 7SM SCT025 BKN040 28/23 A3008",2025-10-03 18:06:13.294443,2025-10-03 14:06:13.294484
"KOLV","Olive Branch Arpt, MS, US",2025-10-03 17:50:00,"2025-10-03 12:50:00","VFR",28,11,160,5,NA,NA,1024.5,"METAR KOLV 031750Z 16005KT 10SM CLR 28/11 A3025",2025-10-03 18:06:13.300858,2025-10-03 14:06:13.300904
"KPAO","Palo Alto Arpt, CA, US",2025-10-03 17:47:00,"2025-10-03 10:47:00","MVFR",18,12,280,9,NA,NA,1018.7,"METAR KPAO 031747Z 28009KT 10SM BKN020 18/12 A3008",2025-10-03 18:06:13.307313,2025-10-03 14:06:13.307358
"KPMH","Portsmouth Rgnl, OH, US",2025-10-03 17:45:00,"2025-10-03 13:45:00","VFR",26,16,NA,4,NA,NA,1024.8,"METAR KPMH 031745Z VRB04KT 10SM CLR 26/16 A3026 RMK AO2",2025-10-03 18:06:13.325275,2025-10-03 14:06:13.32532
"KOUN","Norman/Univ Oklahoma Arpt, OK, US",2025-10-03 17:45:00,"2025-10-03 12:45:00","VFR",30,17,140,9,NA,NA,1021.4,"METAR KOUN 031745Z 14009KT 10SM SCT043 30/17 A3016",2025-10-03 18:06:13.331621,2025-10-03 14:06:13.331662
"KOXD","Oxford/Miami Univ Arpt, OH, US",2025-10-03 17:41:00,"2025-10-03 13:41:00","VFR",29,11,270,3,NA,NA,1024.8,"METAR KOXD 031741Z 27003KT 10SM CLR 29/11 A3026 RMK AO2",2025-10-03 18:06:13.337821,2025-10-03 14:06:13.337863
"KPEQ","Pecos Muni, TX, US",2025-10-03 17:35:00,"2025-10-03 12:35:00","VFR",29.9,8.3,0,0,NA,NA,1021.4,"METAR KPEQ 031735Z AUTO 00000KT 10SM CLR 30/08 A3016 RMK AO2 T02990083 PWINO",2025-10-03 18:06:13.344051,2025-10-03 14:06:13.344093
"KOXI","Knox/Starke Cnty, IN, US",2025-10-03 17:34:00,"2025-10-03 17:34:00","VFR",30,17,210,7,NA,NA,1022.8,"METAR KOXI 031734Z AUTO 21007KT 150V260 10SM FEW065 30/17 A3020 RMK AO2",2025-10-03 18:06:13.350284,2025-10-03 14:06:13.350327
"KOLY","Olney/Noble Arpt, IL, US",2025-10-03 17:30:00,"2025-10-03 17:30:00","VFR",29.5,16.7,250,5,NA,NA,1024.1,"METAR KOLY 031730Z AUTO 25005KT 10SM SCT065 30/17 A3024 RMK AO2 T02950167",2025-10-03 18:06:13.356578,2025-10-03 14:06:13.35662
"KOXC","Oxford Arpt, CT, US",2025-10-03 16:56:00,"2025-10-03 12:56:00","VFR",18.9,9.4,NA,4,NA,NA,1027.2,"METAR KOXC 031656Z VRB04KT 10SM CLR 19/09 A3033 RMK AO2 SLP282 T01890094 $",2025-10-03 18:06:13.362952,2025-10-03 14:06:13.362994
"KOSU","Columbus/Ohio State Univ Arpt, OH, US",2025-10-03 16:53:00,"2025-10-03 12:53:00","VFR",25,13,0,0,NA,NA,1025.1,"METAR KOSU 031653Z 00000KT 10SM CLR 25/13 A3027",2025-10-03 18:06:13.369177,2025-10-03 14:06:13.36922
"KRCZ","Rockingham/Richmond Cnty, NC, US",2025-10-03 18:00:00,"2025-10-03 18:00:00","VFR",22.8,13.4,40,6,NA,NA,1026.2,"METAR KRCZ 031800Z AUTO 04006KT 10SM CLR 23/13 A3030 RMK AO2 T02280134",2025-10-03 18:06:14.98948,2025-10-03 14:06:14.989523
"KPRN","Greenville/Crenshaw Mem, AL, US",2025-10-03 18:00:00,"2025-10-03 18:00:00","VFR",26.7,15.6,30,10,NA,NA,1022.1,"METAR KPRN 031800Z AUTO 03010KT 10SM BKN040 27/16 A3018 RMK AO2 SLP166 T02670156 10272 20167 58007",2025-10-03 18:06:14.995842,2025-10-03 14:06:14.995886
"KROG","Rogers Muni/Carter Fld, AR, US",2025-10-03 17:58:00,"2025-10-03 12:58:00","VFR",28.3,15.6,180,7,NA,NA,1024.5,"METAR KROG 031758Z 18007KT 10SM CLR 28/16 A3025 RMK AO2 SLP228 T02830156 10283 20183 58008",2025-10-03 18:06:15.00214,2025-10-03 14:06:15.002182
"KRHP","Andrews/W Carolina Rgnl, NC, US",2025-10-03 17:58:00,"2025-10-03 17:58:00","VFR",24.1,9.9,280,4,NA,NA,1026.2,"METAR KRHP 031758Z AUTO 28004KT 10SM CLR 24/10 A3030 RMK AO2 T02410099 10246 20070",2025-10-03 18:06:15.008501,2025-10-03 14:06:15.008543
"KPTV","Porterville Muni, CA, US",2025-10-03 17:56:00,"2025-10-03 10:56:00","VFR",20,12.8,350,7,NA,NA,1018.4,"METAR KPTV 031756Z AUTO 35007KT 10SM FEW026 BKN035 OVC044 20/13 A3007 RMK AO2 SLP179 T02000128 10200 20156 50003 $",2025-10-03 18:06:15.014951,2025-10-03 14:06:15.014994
"KPVG","Portsmouth/Hampton Roads Exec, VA, US",2025-10-03 17:56:00,"2025-10-03 17:56:00","VFR",23.3,13.3,NA,5,NA,NA,1027.2,"METAR KPVG 031756Z AUTO VRB05KT 10SM CLR 23/13 A3033 RMK AO2 SLP272 T02330133 10233 20106 58019 $",2025-10-03 18:06:15.033383,2025-10-03 14:06:15.033428
"KPWT","Bremerton Arpt, WA, US",2025-10-03 17:56:00,"2025-10-03 10:56:00","VFR",13.9,11.1,250,4,NA,NA,1021.8,"METAR KPWT 031756Z AUTO 25004KT 10SM FEW011 14/11 A3017 RMK AO2 SLP222 T01390111 10139 20033 51008",2025-10-03 18:06:15.039888,2025-10-03 14:06:15.03993
"KPVC","Provincetown Muni, MA, US",2025-10-03 17:56:00,"2025-10-03 13:56:00","VFR",20,11.7,230,13,NA,NA,1025.1,"METAR KPVC 031756Z AUTO 23013KT 10SM CLR 20/12 A3027 RMK AO2 SLP251 6//// T02000117 10200 20144 58025 PNO $",2025-10-03 18:06:15.046112,2025-10-03 14:06:15.046154
"KRDM","Redmond Muni, OR, US",2025-10-03 17:56:00,"2025-10-03 10:56:00","VFR",13.3,7.2,330,9,NA,NA,1020.4,"METAR KRDM 031756Z 33009KT 10SM SCT020 13/07 A3013 RMK AO2 SLP195 60000 T01330072 10133 20083 51004",2025-10-03 18:06:15.052329,2025-10-03 14:06:15.052372
"KPVU","Provo Muni, UT, US",2025-10-03 17:56:00,"2025-10-03 11:56:00","VFR",25.6,3.9,NA,4,NA,NA,1013.6,"METAR KPVU 031756Z VRB04KT 10SM CLR 26/04 A2993 RMK AO2 SLP083 T02560039 10256 20133 58016",2025-10-03 18:06:15.0586,2025-10-03 14:06:15.058642
"KPQI","Presque Isle Intl, ME, US",2025-10-03 17:56:00,"2025-10-03 13:56:00","VFR",21.1,2.8,270,11,16,NA,1019,"METAR KPQI 031756Z AUTO 27011G16KT 10SM CLR 21/03 A3009 RMK AO2 SLP216 T02110028 10217 20044 56028",2025-10-03 18:06:15.064937,2025-10-03 14:06:15.064981
"KPTN","Patterson/Williams Mem, LA, US",2025-10-03 17:56:00,"2025-10-03 12:56:00","MVFR",27.2,21.7,60,11,NA,NA,1019,"METAR KPTN 031756Z AUTO 06011KT 10SM BKN029 BKN033 BKN043 27/22 A3009 RMK AO2 SLP191 T02720217 10283 20211 58008 $",2025-10-03 18:06:15.071261,2025-10-03 14:06:15.071303
"KPRX","Paris/Cox Fld, TX, US",2025-10-03 17:56:00,"2025-10-03 12:56:00","VFR",30,17.2,110,7,NA,NA,1021.8,"METAR KPRX 031756Z AUTO 11007KT 070V130 10SM CLR 30/17 A3017 RMK AO2 SLP211 T03000172 10300 20189 58009",2025-10-03 18:06:15.077553,2025-10-03 14:06:15.077596
"KPWG","Mc Gregor Exec, TX, US",2025-10-03 17:56:00,"2025-10-03 17:56:00","VFR",31.7,16.7,0,0,NA,NA,1020.1,"METAR KPWG 031756Z AUTO 00000KT 10SM CLR 32/17 A3012 RMK AO2 SLP193 T03170167 10328 20172 58012",2025-10-03 18:06:15.083825,2025-10-03 14:06:15.083868
"KRKD","Rockland/Knox Cnty, ME, US",2025-10-03 17:56:00,"2025-10-03 13:56:00","VFR",17.2,10,190,9,NA,NA,1023.1,"METAR KRKD 031756Z AUTO 19009KT 10SM CLR 17/10 A3021 RMK AO2 SLP229 T01720100 10183 20083 56023 $",2025-10-03 18:06:15.090066,2025-10-03 14:06:15.090109
"KPWC","Pine River Rgnl, MN, US",2025-10-03 17:56:00,"2025-10-03 17:56:00","VFR",27,17,130,9,NA,NA,1019,"METAR KPWC 031756Z AUTO 13009KT 10SM SCT120 27/17 A3009 RMK AO2",2025-10-03 18:06:15.096308,2025-10-03 14:06:15.096351
"KRCA","Ellsworth AFB, SD, US",2025-10-03 17:55:00,"2025-10-03 11:55:00","VFR",32,8,160,10,NA,NA,NA,"METAR KRCA 031755Z 16010KT 10SM CLR 32/08 29/89 RMK AO2A SLPNO RVRNO $",2025-10-03 18:06:15.102573,2025-10-03 14:06:15.102616
"KPVF","Placerville Arpt, CA, US",2025-10-03 17:55:00,"2025-10-03 10:55:00","MVFR",13,9,0,0,NA,NA,1019,"METAR KPVF 031755Z AUTO 00000KT 10SM BKN015 OVC020 13/09 A3009 RMK AO1",2025-10-03 18:06:15.108859,2025-10-03 14:06:15.108901
"KRPD","Rice Lake Rgnl, WI, US",2025-10-03 17:55:00,"2025-10-03 12:55:00","VFR",27,16,250,5,NA,7,1020.1,"METAR KRPD 031755Z AUTO 25005KT 7SM CLR 27/16 A3012 RMK AO2 T02700160 10270 20130",2025-10-03 18:06:15.115081,2025-10-03 14:06:15.115133
"KPUJ","Dallas/Paulding Cnty, GA, US",2025-10-03 17:55:00,"2025-10-03 17:55:00","VFR",24,13,NA,5,NA,NA,1025.5,"METAR KPUJ 031755Z AUTO VRB05KT 10SM CLR 24/13 A3028 RMK AO2 10237 20132",2025-10-03 18:06:15.12148,2025-10-03 14:06:15.121522
"KRNV","Cleveland Muni, MS, US",2025-10-03 17:55:00,"2025-10-03 17:55:00","VFR",28.2,13,70,7,NA,NA,1022.8,"METAR KRNV 031755Z AUTO 07007KT 040V120 10SM CLR 28/13 A3020 RMK AO2 T02820130 $",2025-10-03 18:06:15.127797,2025-10-03 14:06:15.12784
"KPVE","Lexington/Beech River Rgnl, TN, US",2025-10-03 17:55:00,"2025-10-03 17:55:00",NA,26,14,0,0,NA,NA,1025.5,"METAR KPVE 031755Z AUTO 00000KT 10SM 26/14 A3028 RMK A01",2025-10-03 18:06:15.134165,2025-10-03 14:06:15.134209
"KPOY","Powell Muni, WY, US",2025-10-03 17:55:00,"2025-10-03 11:55:00","VFR",20,1,140,11,NA,NA,1014,"METAR KPOY 031755Z AUTO 14011KT 10SM CLR 20/01 A2994 RMK AO2",2025-10-03 18:06:15.140511,2025-10-03 14:06:15.140555
"KPRG","Paris/Edgar Cnty, IL, US",2025-10-03 17:55:00,"2025-10-03 17:55:00","VFR",30.1,15.3,220,3,NA,NA,1023.1,"METAR KPRG 031755Z AUTO 22003KT 10SM CLR 30/15 A3021 RMK AO2 T03010153 10309 20140",2025-10-03 18:06:15.158122,2025-10-03 14:06:15.158189
"KRCM","Warrensburg Arpt, MO, US",2025-10-03 17:55:00,"2025-10-03 17:55:00","VFR",30,17,170,7,NA,NA,1022.1,"METAR KRCM 031755Z AUTO 17007KT 10SM SCT046 30/17 A3018 RMK AO2",2025-10-03 18:06:15.16539,2025-10-03 14:06:15.165435
"KRAS","Port Aransas/Mustang Beach Arpt, TX, US",2025-10-03 17:55:00,"2025-10-03 17:55:00","MVFR",29.8,23,40,11,14,NA,1018.7,"METAR KRAS 031755Z AUTO 04011G14KT 10SM BKN023 30/23 A3008 RMK AO2 T02980230 10298 20251",2025-10-03 18:06:15.17174,2025-10-03 14:06:15.171786
"KRBO","Robstown/Nueces Cnty, TX, US",2025-10-03 17:55:00,"2025-10-03 17:55:00",NA,31.5,21.7,80,4,NA,NA,1018,"METAR KRBO 031755Z AUTO 08004KT 10SM 32/22 A3006 RMK AO2 T03150217 10320 20196",2025-10-03 18:06:15.177982,2025-10-03 14:06:15.178024
"KPSO","Pagosa Springs/Stevens Fld, CO, US",2025-10-03 17:55:00,"2025-10-03 11:55:00","VFR",20,1,NA,4,NA,NA,1029.5,"METAR KPSO 031755Z AUTO VRB04KT 10SM SCT075 SCT085 20/01 A3040 RMK AO2 10209 20031",2025-10-03 18:06:15.184256,2025-10-03 14:06:15.184298
"KRKR","Poteau/Kerr Arpt, OK, US",2025-10-03 17:55:00,"2025-10-03 17:55:00","VFR",30,16,360,4,NA,NA,1022.1,"METAR KRKR 031755Z AUTO 36004KT 10SM CLR 30/16 A3018 RMK AO2",2025-10-03 18:06:15.190478,2025-10-03 14:06:15.190528
"KRNH","New Richmond Muni, WI, US",2025-10-03 17:55:00,"2025-10-03 17:55:00","VFR",28,16,230,6,NA,NA,1019.4,"METAR KRNH 031755Z AUTO 23006KT 10SM CLR 28/16 A3010 RMK AO2 T02800160 10280 20160",2025-10-03 18:06:15.196859,2025-10-03 14:06:15.196903
"KPSN","Palestine Muni, TX, US",2025-10-03 17:55:00,"2025-10-03 12:55:00","VFR",32,15,80,7,NA,NA,1020.4,"METAR KPSN 031755Z AUTO 08007KT 10SM CLR 32/15 A3013 RMK AO2",2025-10-03 18:06:15.203133,2025-10-03 14:06:15.203175
"KPSM","Portsmouth Intl, NH, US",2025-10-03 17:55:00,"2025-10-03 13:55:00","VFR",22.7,7.6,210,9,NA,NA,1023.1,"METAR KPSM 031755Z 21009KT 10SM SCT250 23/08 A3021 RMK AO2A SLP233 T02270076 10227 20083 57025",2025-10-03 18:06:15.209438,2025-10-03 14:06:15.209481
"KPYX","Perryton/Ochiltree Cnty, TX, US",2025-10-03 17:55:00,"2025-10-03 17:55:00",NA,30.7,13.7,190,11,NA,NA,1020.7,"METAR KPYX 031755Z AUTO 19011KT 10SM 31/14 A3014 RMK AO2 T03070137 10307 20177",2025-10-03 18:06:15.215709,2025-10-03 14:06:15.215758
"KRGK","Red Wing Rgnl, WI, US",2025-10-03 17:55:00,"2025-10-03 17:55:00","VFR",29,16,150,4,NA,NA,1018.7,"METAR KRGK 031755Z AUTO 15004KT 10SM CLR 29/16 A3008 RMK AO2",2025-10-03 18:06:15.222025,2025-10-03 14:06:15.22208
"KRBW","Walterboro/Lowcountry Rgnl, SC, US",2025-10-03 17:55:00,"2025-10-03 13:55:00","VFR",26,16,10,7,NA,NA,1024.1,"METAR KRBW 031755Z AUTO 01007KT 340V040 10SM CLR 26/16 A3024 RMK AO2",2025-10-03 18:06:15.22836,2025-10-03 14:06:15.228403
"KRNO","Reno/Tahoe Intl, NV, US",2025-10-03 17:55:00,"2025-10-03 10:55:00","VFR",13.3,2.8,210,5,NA,NA,1018,"METAR KRNO 031755Z 21005KT 10SM FEW050 SCT085 SCT200 13/03 A3006 RMK AO2 SLP150 CB DSNT NE MTN TOPS OBSCD DSNT SW T01330028 10139 20056 51006",2025-10-03 18:06:15.23463,2025-10-03 14:06:15.234673
"KRCX","Ladysmith/Rusk Cnty, WI, US",2025-10-03 17:55:00,"2025-10-03 17:55:00","VFR",25.7,17.3,260,7,NA,NA,1020.1,"METAR KRCX 031755Z AUTO 26007KT 10SM CLR 26/17 A3012 RMK AO2 T02570173 10257 20129",2025-10-03 18:06:15.24091,2025-10-03 14:06:15.240953
"KRID","Richmond Muni, IN, US",2025-10-03 17:55:00,"2025-10-03 17:55:00","VFR",28,13,230,4,NA,NA,1024.8,"METAR KRID 031755Z AUTO 23004KT 10SM CLR 28/13 A3026 RMK AO2",2025-10-03 18:06:15.247213,2025-10-03 14:06:15.247256
"KPMV","Plattsmouth Muni, NE, US",2025-10-03 17:55:00,"2025-10-03 17:55:00","VFR",29.8,15.8,170,12,NA,NA,1020.1,"METAR KPMV 031755Z AUTO 17012KT 10SM SCT080 30/16 A3012 RMK AO2 T02980158 10298 20182",2025-10-03 18:06:15.253503,2025-10-03 14:06:15.253545
"KPVB","Platteville Muni, WI, US",2025-10-03 17:55:00,"2025-10-03 17:55:00","VFR",29.9,15.5,200,6,NA,NA,1021.8,"METAR KPVB 031755Z AUTO 20006KT 10SM CLR 30/16 A3017 RMK AO1 6//// T02990155",2025-10-03 18:06:15.259811,2025-10-03 14:06:15.259855
"KPPO","La Porte Muni, IN, US",2025-10-03 17:55:00,"2025-10-03 12:55:00","VFR",29,17,NA,5,NA,NA,1022.8,"METAR KPPO 031755Z AUTO VRB05KT 10SM SCT085 29/17 A3020 RMK AO2 10294 20118",2025-10-03 18:06:15.266241,2025-10-03 14:06:15.266284
"KPTS","Pittsburg/Atkinson Muni, KS, US",2025-10-03 17:55:00,"2025-10-03 17:55:00","VFR",29,20,210,5,NA,NA,1022.4,"METAR KPTS 031755Z AUTO 21005KT 10SM CLR 29/20 A3019 RMK AO2 10301 20179",2025-10-03 18:06:15.27267,2025-10-03 14:06:15.272731
"KRCR","Rochester/Fulton Cnty, IN, US",2025-10-03 17:55:00,"2025-10-03 13:55:00",NA,30,16,0,0,NA,9,1023.1,"METAR KRCR 031755Z AUTO 00000KT 9SM 30/16 A3021 RMK AO2",2025-10-03 18:06:15.29052,2025-10-03 14:06:15.290565
"KPNT","Pontiac Muni, IL, US",2025-10-03 17:55:00,"2025-10-03 17:55:00","VFR",30.8,12.6,230,6,NA,NA,1022.4,"METAR KPNT 031755Z AUTO 23006KT 10SM CLR 31/13 A3019 RMK AO2 T03080126 10311 20145",2025-10-03 18:06:15.297178,2025-10-03 14:06:15.297221
"KPRS","Presidio/Lely Intl, TX, US",2025-10-03 17:55:00,"2025-10-03 17:55:00","VFR",30,7.5,130,5,NA,NA,1022.1,"METAR KPRS 031755Z AUTO 13005KT 10SM CLR 30/08 A3018 RMK AO2 T03000075 10304 20194",2025-10-03 18:06:15.303375,2025-10-03 14:06:15.303417
"KPPA","Pampa/Lefors Fld, TX, US",2025-10-03 17:55:00,"2025-10-03 12:55:00","VFR",32.3,12.2,210,11,NA,NA,1022.4,"METAR KPPA 031755Z AUTO 21011KT 10SM CLR 32/12 A3019 RMK AO2 T03230122 10323 20195",2025-10-03 18:06:15.309602,2025-10-03 14:06:15.309644
"KPTB","Petersburg/Dinwiddie Cnty, VA, US",2025-10-03 17:55:00,"2025-10-03 13:55:00","VFR",21.3,8.3,0,0,NA,NA,1027.5,"METAR KPTB 031755Z AUTO 00000KT 10SM CLR 21/08 A3034 RMK AO2 T02130083 10214 20085",2025-10-03 18:06:15.315797,2025-10-03 14:06:15.31584
"KPOV","Ravenna/Portage Cnty, OH, US",2025-10-03 17:55:00,"2025-10-03 17:55:00","VFR",24.7,9.3,0,0,NA,NA,1025.1,"METAR KPOV 031755Z AUTO 00000KT 10SM CLR 25/09 A3027 RMK AO2 T02470093 PWINO",2025-10-03 18:06:15.32206,2025-10-03 14:06:15.322103
"KROS","Rush City Rgnl, MN, US",2025-10-03 17:55:00,"2025-10-03 17:55:00","VFR",26.5,17.6,0,0,NA,NA,1019,"METAR KROS 031755Z AUTO 00000KT 10SM CLR 27/18 A3009 RMK AO2 T02650176 10265 20122",2025-10-03 18:06:15.328341,2025-10-03 14:06:15.328384
"KRMN","Stafford Rgnl, VA, US",2025-10-03 17:55:00,"2025-10-03 17:55:00","VFR",22.3,7.8,0,0,NA,NA,1027.5,"METAR KRMN 031755Z AUTO 00000KT 10SM CLR 22/08 A3034 RMK AO2 T02230078 10226 20098 PWINO",2025-10-03 18:06:15.335002,2025-10-03 14:06:15.335045
"KPZQ","Rogers City/Presque Isle Arpt, MI, US",2025-10-03 17:55:00,"2025-10-03 17:55:00","VFR",28,14,250,8,NA,NA,1020.1,"METAR KPZQ 031755Z AUTO 25008KT 10SM CLR 28/14 A3012 RMK AO2 10279 20142",2025-10-03 18:06:15.341276,2025-10-03 14:06:15.341321
"KRIV","Riverside/March ARB, CA, US",2025-10-03 17:55:00,"2025-10-03 10:55:00","VFR",21.4,12.2,0,0,NA,NA,1016,"METAR KRIV 031755Z 00000KT 10SM SCT020 SCT050 21/12 A3000 RMK AO2A SLP150 T02140122 10215 20118 50000",2025-10-03 18:06:15.347543,2025-10-03 14:06:15.347585
"KPTT","Pratt Rgnl, KS, US",2025-10-03 17:55:00,"2025-10-03 12:55:00","VFR",29.5,14.8,180,19,22,NA,1020.4,"METAR KPTT 031755Z AUTO 18019G22KT 10SM SCT120 30/15 A3013 RMK AO2 T02950148 10296 20184",2025-10-03 18:06:15.353832,2025-10-03 14:06:15.353877
"KPWD","Plentywood/Sher-Wood Arpt, MT, US",2025-10-03 17:55:00,"2025-10-03 11:55:00","VFR",24,7,100,9,NA,NA,1009.6,"METAR KPWD 031755Z AUTO 10009KT 10SM CLR 24/07 A2981 RMK AO2",2025-10-03 18:06:15.360104,2025-10-03 14:06:15.360147
"KRKW","Rockwood Muni, TN, US",2025-10-03 17:55:00,"2025-10-03 12:55:00","VFR",23,14,0,0,NA,NA,1026.8,"METAR KRKW 031755Z AUTO 00000KT 10SM CLR 23/14 A3032 RMK A01",2025-10-03 18:06:15.366361,2025-10-03 14:06:15.366405
"KRNC","McMinnville/Warren Cnty, TN, US",2025-10-03 17:55:00,"2025-10-03 12:55:00","VFR",25,13,0,0,NA,NA,1025.8,"METAR KRNC 031755Z AUTO 00000KT 10SM FEW060 25/13 A3029 RMK A01",2025-10-03 18:06:15.372669,2025-10-03 14:06:15.37273
"KRMY","Marshall/Brooks Fld, MI, US",2025-10-03 17:55:00,"2025-10-03 17:55:00","VFR",28,14,270,7,NA,NA,1023.1,"METAR KRMY 031755Z AUTO 27007KT 10SM CLR 28/14 A3021 RMK AO2 T02800140 10297 20085",2025-10-03 18:06:15.379022,2025-10-03 14:06:15.379066
"KRFI","Henderson/Rusk Cnty, TX, US",2025-10-03 17:55:00,"2025-10-03 17:55:00","VFR",34.4,14.8,90,3,NA,NA,1021.4,"METAR KRFI 031755Z AUTO 09003KT 10SM CLR 34/15 A3016 RMK AO2 T03440148 10351 20193",2025-10-03 18:06:15.385307,2025-10-03 14:06:15.385352
"KRDR","Grand Forks AFB, ND, US",2025-10-03 17:55:00,"2025-10-03 12:55:00","VFR",29.1,14.5,180,16,NA,NA,1011.9,"METAR KRDR 031755Z AUTO 18016KT 10SM CLR 29/15 A2988 RMK AO2 SLP120 T02910145 10291 20087 57029 $",2025-10-03 18:06:15.391609,2025-10-03 14:06:15.391655
"KPTD","Potsdam Muni, NY, US",2025-10-03 17:55:00,"2025-10-03 17:55:00","VFR",22,8,230,7,12,NA,1023.1,"METAR KPTD 031755Z AUTO 23007G12KT 10SM CLR 22/08 A3021 RMK AO2 PNO",2025-10-03 18:06:15.398016,2025-10-03 14:06:15.398061
"KPPQ","Pittsfield/Penstone Muni, IL, US",2025-10-03 17:55:00,"2025-10-03 17:55:00","VFR",29.6,16.6,220,5,NA,NA,1022.8,"METAR KPPQ 031755Z AUTO 22005KT 10SM SCT050 SCT070 BKN080 30/17 A3020 RMK AO2 T02960166 10304 20165",2025-10-03 18:06:15.404452,2025-10-03 14:06:15.404496
"KPSK","Dublin/New River Valley Arpt, VA, US",2025-10-03 17:55:00,"2025-10-03 13:55:00","VFR",18.9,10.9,70,4,NA,NA,1027.9,"METAR KPSK 031755Z AUTO 07004KT 10SM CLR 19/11 A3035 RMK AO2 T01890109 10189 20062",2025-10-03 18:06:15.422125,2025-10-03 14:06:15.422169
"KPVW","Plainview/Hale Cnty, TX, US",2025-10-03 17:55:00,"2025-10-03 12:55:00","VFR",28.4,8.9,240,8,NA,NA,1022.8,"METAR KPVW 031755Z AUTO 24008KT 10SM CLR 28/09 A3020 RMK AO2 T02840089 10285 20145",2025-10-03 18:06:15.428454,2025-10-03 14:06:15.428496
"KPXE","Perry/Houston Cnty, GA, US",2025-10-03 17:55:00,"2025-10-03 17:55:00","VFR",26,13,80,10,15,NA,1024.5,"METAR KPXE 031755Z AUTO 08010G15KT 10SM CLR 26/13 A3025 RMK AO2",2025-10-03 18:06:15.434651,2025-10-03 14:06:15.434709
"KPRO","Perry Muni, IA, US",2025-10-03 17:55:00,"2025-10-03 12:55:00","VFR",31,17.5,160,8,NA,NA,1020.1,"METAR KPRO 031755Z AUTO 16008KT 10SM CLR 31/18 A3012 RMK AO2 T03100175",2025-10-03 18:06:15.440892,2025-10-03 14:06:15.440934
"KRLD","Richland Arpt, WA, US",2025-10-03 17:55:00,"2025-10-03 17:55:00","VFR",17.5,9.1,0,0,NA,NA,1019.4,"METAR KRLD 031755Z AUTO 00000KT 10SM CLR 18/09 A3010 RMK AO2 T01750091 10176 20066",2025-10-03 18:06:15.447129,2025-10-03 14:06:15.447173
"KRNP","Owosso Community Arpt, MI, US",2025-10-03 17:55:00,"2025-10-03 17:55:00","VFR",29.9,11.5,220,5,NA,NA,1022.8,"METAR KRNP 031755Z AUTO 22005KT 10SM CLR 30/12 A3020 RMK AO2 T02990115 10300 20105",2025-10-03 18:06:15.453632,2025-10-03 14:06:15.453675
"KPOB","Pope AAF, NC, US",2025-10-03 17:55:00,"2025-10-03 13:55:00","VFR",23.8,13.3,30,8,NA,NA,1025.5,"METAR KPOB 031755Z AUTO 03008KT 10SM CLR 24/13 A3028 RMK AO2 SLP256 T02380133 10242 20123 57023 $",2025-10-03 18:06:15.459994,2025-10-03 14:06:15.460036
"KRND","Randolph AFB, TX, US",2025-10-03 17:55:00,"2025-10-03 12:55:00","VFR",32.5,13.6,60,4,NA,NA,1019,"METAR KRND 031755Z AUTO 06004KT 10SM CLR 33/14 A3009 RMK AO2 SLP180 T03250136 10328 20199 58011",2025-10-03 18:06:15.466297,2025-10-03 14:06:15.466339
"KPOE","Fort Polk AAF, LA, US",2025-10-03 17:55:00,"2025-10-03 12:55:00","VFR",29.1,17.9,10,9,NA,NA,1020.1,"METAR KPOE 031755Z AUTO 01009KT 10SM BKN046 29/18 A3012 RMK AO2 SLP199 T02910179 10298 20197 58007",2025-10-03 18:06:15.472581,2025-10-03 14:06:15.472625
"KRAW","Warsaw Muni, MO, US",2025-10-03 17:55:00,"2025-10-03 17:55:00","VFR",28.5,17.1,210,5,NA,NA,1023.5,"METAR KRAW 031755Z AUTO 21005KT 10SM CLR 29/17 A3022 RMK AO2 T02850171 10286 20175",2025-10-03 18:06:15.478895,2025-10-03 14:06:15.478937
"KROA","Roanoke Rgnl, VA, US",2025-10-03 17:54:00,"2025-10-03 13:54:00","VFR",20,9.4,NA,3,NA,NA,1028.2,"METAR KROA 031754Z VRB03KT 10SM FEW035 20/09 A3036 RMK AO2 SLP277 T02000094 10200 20083 58025",2025-10-03 18:06:15.485245,2025-10-03 14:06:15.485288
"KRIC","Richmond Intl, VA, US",2025-10-03 17:54:00,"2025-10-03 13:54:00","VFR",21.1,10,0,0,NA,NA,1027.5,"METAR KRIC 031754Z COR 00000KT 10SM FEW040 FEW300 21/10 A3034 RMK AO2 SLP278 T02110100 10217 20106 58024",2025-10-03 18:06:15.491506,2025-10-03 14:06:15.491548
"KRFD","Rockford Intl, IL, US",2025-10-03 17:54:00,"2025-10-03 12:54:00","VFR",30.6,14.4,250,6,NA,NA,1022.1,"METAR KRFD 031754Z 25006KT 10SM FEW070 FEW250 31/14 A3018 RMK AO2 SLP215 T03060144 10306 20144 58014",2025-10-03 18:06:15.497918,2025-10-03 14:06:15.497961
"KPTW","Pottstown/Heritage Fld, PA, US",2025-10-03 17:54:00,"2025-10-03 13:54:00","VFR",21.7,9.4,190,7,NA,NA,1027.2,"METAR KPTW 031754Z AUTO 19007KT 10SM BKN041 22/09 A3033 RMK AO2 SLP269 T02170094 10217 20078 58028",2025-10-03 18:06:15.50419,2025-10-03 14:06:15.504233
"KRDG","Reading/Spaatz Fld, PA, US",2025-10-03 17:54:00,"2025-10-03 13:54:00","VFR",22.2,10.6,NA,5,NA,NA,1026.5,"METAR KRDG 031754Z VRB05KT 10SM CLR 22/11 A3031 RMK AO2 SLP269 T02220106 10222 20100 $",2025-10-03 18:06:15.510567,2025-10-03 14:06:15.510611
"KPSF","Pittsfield Muni, MA, US",2025-10-03 17:54:00,"2025-10-03 13:54:00","VFR",20.6,6.7,240,7,NA,NA,1024.8,"METAR KPSF 031754Z AUTO 24007KT 10SM CLR 21/07 A3026 RMK AO2 SLP238 T02060067 10206 20044 58023",2025-10-03 18:06:15.516937,2025-10-03 14:06:15.516981
"KPNE","Philadelphia/NE Arpt, PA, US",2025-10-03 17:54:00,"2025-10-03 13:54:00","VFR",21.1,9.4,260,6,NA,NA,1027.2,"METAR KPNE 031754Z 26006KT 10SM CLR 21/09 A3033 RMK AO2 SLP272 T02110094 10211 20100 58027",2025-10-03 18:06:15.523328,2025-10-03 14:06:15.523373
"KRKS","Rock Springs/SW Wyoming Rgnl, WY, US",2025-10-03 17:54:00,"2025-10-03 11:54:00","VFR",22.2,0.6,190,22,32,NA,1019.4,"METAR KRKS 031754Z AUTO 19022G32KT 10SM CLR 22/01 A3010 RMK AO2 PK WND 20036/1729 SLP114 T02220006 10228 20133 58006",2025-10-03 18:06:15.529793,2025-10-03 14:06:15.529838
"KROC","Rochester Intl Arpt, NY, US",2025-10-03 17:54:00,"2025-10-03 13:54:00","VFR",25,7.2,NA,4,NA,NA,1023.8,"METAR KROC 031754Z VRB04KT 10SM FEW250 25/07 A3023 RMK AO2 SLP239 T02500072 10256 20122 58019 $",2025-10-03 18:06:15.547657,2025-10-03 14:06:15.54772
"KRBL","Red Bluff Muni, CA, US",2025-10-03 17:54:00,"2025-10-03 10:54:00","VFR",17.2,13.9,120,4,NA,NA,1018,"METAR KRBL 031754Z AUTO 12004KT 10SM SCT095 BKN110 17/14 A3006 RMK AO2 SLP179 60001 T01720139 10172 20133 51009",2025-10-03 18:06:15.554477,2025-10-03 14:06:15.554521
"KPUB","Pueblo Mem Arpt, CO, US",2025-10-03 17:53:00,"2025-10-03 11:53:00","VFR",25.6,4.4,80,4,NA,NA,1019.7,"METAR KPUB 031753Z 08004KT 10SM CLR 26/04 A3011 RMK AO2 SLP139 T02560044 10256 20078 58016",2025-10-03 18:06:15.560735,2025-10-03 14:06:15.560781
"KRAL","Riverside Muni, CA, US",2025-10-03 17:53:00,"2025-10-03 10:53:00","VFR",21.1,13.9,0,0,NA,NA,1016.7,"METAR KRAL 031753Z 00000KT 10SM OVC048 21/14 A3002 RMK AO2 SLP150 T02110139 10217 20144 50000",2025-10-03 18:06:15.566938,2025-10-03 14:06:15.566982
"KRIW","Riverton Rgnl, WY, US",2025-10-03 17:53:00,"2025-10-03 11:53:00","VFR",21.1,3.3,90,7,NA,NA,1015.3,"METAR KRIW 031753Z AUTO 09007KT 10SM CLR 21/03 A2998 RMK AO2 SLP093 T02110033 10217 20072 58014",2025-10-03 18:06:15.573183,2025-10-03 14:06:15.573234
"KRKP","Rockport/Aransas Cnty, TX, US",2025-10-03 17:53:00,"2025-10-03 12:53:00","VFR",31.1,22.2,60,7,NA,8,1018,"METAR KRKP 031753Z AUTO 06007KT 8SM SCT050 31/22 A3006 RMK AO2 SLP180 T03110222 10317 20228 58008",2025-10-03 18:06:15.579417,2025-10-03 14:06:15.579459
"KROX","Roseau/Billberg Fld, MN, US",2025-10-03 17:53:00,"2025-10-03 12:53:00","VFR",27,11,150,7,NA,8,1015.3,"METAR KROX 031753Z 15007KT 8SM CLR 27/11 A2998 RMK AO2",2025-10-03 18:06:15.585792,2025-10-03 14:06:15.585836
"KPQL","Pascagoula/Lott Intl, MS, US",2025-10-03 17:53:00,"2025-10-03 12:53:00","VFR",26.7,18.9,100,7,NA,NA,1020.1,"METAR KPQL 031753Z 10007KT 10SM CLR 27/19 A3012 RMK AO2 SLP201 T02670189 10272 20206 58011 $",2025-10-03 18:06:15.592151,2025-10-03 14:06:15.592195
"KRAC","Racine/Batten Intl, WI, US",2025-10-03 17:53:00,"2025-10-03 12:53:00","VFR",28.9,16.7,NA,4,NA,NA,1022.1,"METAR KRAC 031753Z AUTO VRB04KT 10SM CLR 29/17 A3018 RMK AO2 SLP216 T02890167 10294 20172 58012",2025-10-03 18:06:15.598468,2025-10-03 14:06:15.598512
"KPOF","Poplar Bluff Muni, MO, US",2025-10-03 17:53:00,"2025-10-03 12:53:00","VFR",27.8,14.4,200,6,NA,NA,1024.1,"METAR KPOF 031753Z AUTO 20006KT 10SM CLR 28/14 A3024 RMK AO2 SLP238 T02780144 10283 20150 58012",2025-10-03 18:06:15.604804,2025-10-03 14:06:15.604849
"KPSP","Palm Springs Intl, CA, US",2025-10-03 17:53:00,"2025-10-03 10:53:00","VFR",30,6.7,0,0,NA,NA,1012.3,"METAR KPSP 031753Z 00000KT 10SM CLR 30/07 A2989 RMK AO2 SLP116 T03000067 10311 20200 50000",2025-10-03 18:06:15.611089,2025-10-03 14:06:15.611131
"KPTK","Pontiac/Oakland Intl, MI, US",2025-10-03 17:53:00,"2025-10-03 13:53:00","VFR",28.1,10.3,270,6,NA,NA,1023.8,"METAR KPTK 031753Z 27006KT 10SM FEW070 28/10 A3023 RMK SLPNO T02810103",2025-10-03 18:06:15.61741,2025-10-03 14:06:15.617453
"KRNM","Ramona Arpt, CA, US",2025-10-03 17:53:00,"2025-10-03 17:53:00","VFR",22.2,13.3,260,10,NA,NA,1017,"METAR KRNM 031753Z 26010KT 10SM SCT035 22/13 A3003 RMK AO2 SLP158 T02220133 10222 20094 50001",2025-10-03 18:06:15.623777,2025-10-03 14:06:15.623822
"KPNC","Ponca City Rgnl, OK, US",2025-10-03 17:53:00,"2025-10-03 12:53:00","VFR",30.6,17.2,190,9,20,NA,1021.1,"METAR KPNC 031753Z AUTO 19009G20KT 160V230 10SM FEW048 31/17 A3015 RMK AO2 SLP197 T03060172 10306 20183 58012",2025-10-03 18:06:15.630083,2025-10-03 14:06:15.630127
"KRIL","Rifle/Garfield Cnty, CO, US",2025-10-03 17:53:00,"2025-10-03 11:53:00","VFR",23.9,2.2,NA,3,NA,NA,1020.1,"METAR KRIL 031753Z AUTO VRB03KT 10SM FEW110 24/02 A3012 RMK AO2 SLP138 T02390022 10239 20072 58021 $",2025-10-03 18:06:15.636509,2025-10-03 14:06:15.636552
"KRMG","Rome/Russell Arpt, GA, US",2025-10-03 17:53:00,"2025-10-03 13:53:00","VFR",25.6,11.7,0,0,NA,NA,1025.5,"METAR KRMG 031753Z AUTO 00000KT 10SM CLR 26/12 A3028 RMK AO2 SLP245 T02560117 10261 20133 58021",2025-10-03 18:06:15.642881,2025-10-03 14:06:15.642925
"KPSC","Pasco/Tri Cities Arpt, WA, US",2025-10-03 17:53:00,"2025-10-03 10:53:00","VFR",16.7,7.8,140,3,NA,NA,1019.4,"METAR KPSC 031753Z 14003KT 10SM CLR 17/08 A3010 RMK AO2 SLP192 T01670078 10167 20050 50003",2025-10-03 18:06:15.649237,2025-10-03 14:06:15.649281
"KPUC","Price/Buck Fld, UT, US",2025-10-03 17:53:00,"2025-10-03 11:53:00","VFR",21.7,2.2,NA,NA,NA,NA,1019.4,"METAR KPUC 031753Z AUTO 10SM CLR 22/02 A3010 RMK AO2 SLP131 T02170022 10217 20111 58008",2025-10-03 18:06:15.655685,2025-10-03 14:06:15.655749
"KRBG","Roseburg Rgnl, OR, US",2025-10-03 17:53:00,"2025-10-03 10:53:00","VFR",16.1,10,60,5,NA,NA,1021.8,"METAR KRBG 031753Z AUTO 06005KT 10SM FEW025 16/10 A3017 RMK AO2 SLP218 T01610100 10161 20100 51005",2025-10-03 18:06:15.662209,2025-10-03 14:06:15.662254
"KRHI","Rhinelander/Oneida Cnty, WI, US",2025-10-03 17:53:00,"2025-10-03 12:53:00","VFR",25.6,15.6,260,5,NA,NA,1020.1,"METAR KRHI 031753Z AUTO 26005KT 10SM CLR 26/16 A3012 RMK AO2 SLP194 T02560156 10261 20133 56009",2025-10-03 18:06:15.686813,2025-10-03 14:06:15.686857
"KRME","Rome/Griffiss Intl, NY, US",2025-10-03 17:53:00,"2025-10-03 13:53:00","VFR",21.7,9.4,NA,3,NA,NA,1024.5,"METAR KRME 031753Z VRB03KT 10SM CLR 22/09 A3025 RMK AO2 SLP243 T02170094 10222 20067 58026",2025-10-03 18:06:15.693627,2025-10-03 14:06:15.693672
"KPRB","Paso Robles Muni, CA, US",2025-10-03 17:53:00,"2025-10-03 10:53:00","VFR",18.9,8.9,340,16,22,NA,1019.7,"METAR KPRB 031753Z AUTO 34016G22KT 10SM FEW026 19/09 A3011 RMK AO2 SLP192 60000 T01890089 10189 20089 58001",2025-10-03 18:06:15.699972,2025-10-03 14:06:15.700015
"KPNS","Pensacola Intl, FL, US",2025-10-03 17:53:00,"2025-10-03 12:53:00","VFR",26.7,18.9,90,9,NA,NA,1020.4,"METAR KPNS 031753Z 09009KT 10SM CLR 27/19 A3013 RMK AO2 SLP202 T02670189 10267 20200 58007 $",2025-10-03 18:06:15.706165,2025-10-03 14:06:15.706207
"KPRC","Prescott/Love Fld, AZ, US",2025-10-03 17:53:00,"2025-10-03 10:53:00","VFR",25.6,1.7,180,14,22,NA,1020.1,"METAR KPRC 031753Z 18014G22KT 10SM CLR 26/02 A3012 RMK AO2 SLP123 T02560017 10256 20117 58006",2025-10-03 18:06:15.712406,2025-10-03 14:06:15.712449
"KPWA","Oklahoma City/Wiley Post Arpt, OK, US",2025-10-03 17:53:00,"2025-10-03 12:53:00","VFR",30,17.2,180,11,18,NA,1021.4,"METAR KPWA 031753Z 18011G18KT 10SM CLR 30/17 A3016 RMK AO2 SLP198 T03000172 10306 20194 58008",2025-10-03 18:06:15.718778,2025-10-03 14:06:15.718825
"KRDD","Redding Muni, CA, US",2025-10-03 17:53:00,"2025-10-03 10:53:00","VFR",17.8,13.9,0,0,NA,NA,1017.4,"METAR KRDD 031753Z 00000KT 10SM SCT070 18/14 A3004 RMK AO2 SLP170 60000 T01780139 10178 20144 53009",2025-10-03 18:06:15.725137,2025-10-03 14:06:15.725181
"KPOU","Poughkeepsie/Hudson Valley Rgnl, NY, US",2025-10-03 17:53:00,"2025-10-03 13:53:00","VFR",21.7,8.3,190,5,NA,NA,1025.1,"METAR KPOU 031753Z 19005KT 10SM CLR 22/08 A3027 RMK AO2 SLP246 T02170083 10222 20061 58028",2025-10-03 18:06:15.73147,2025-10-03 14:06:15.731514
"KRNT","Renton Muni, WA, US",2025-10-03 17:53:00,"2025-10-03 10:53:00","IFR",12.8,11.1,0,0,NA,9,1021.8,"METAR KRNT 031753Z 00000KT 9SM OVC006 13/11 A3017 RMK AO2 SLP221 T01280111 10128 20106 53006",2025-10-03 18:06:15.73778,2025-10-03 14:06:15.737823
"KPUW","Pullman/Moscow Rgnl, WA, US",2025-10-03 17:53:00,"2025-10-03 10:53:00","VFR",14.4,8.3,280,10,NA,7,1019,"METAR KPUW 031753Z AUTO 28010KT 7SM CLR 14/08 A3009 RMK AO2 SLP187 T01440083 10144 20083 51009",2025-10-03 18:06:15.744213,2025-10-03 14:06:15.744258
"KRBD","Dallas/Executive Arpt, TX, US",2025-10-03 17:53:00,"2025-10-03 12:53:00","VFR",31.1,18.3,NA,6,NA,NA,1020.4,"METAR KRBD 031753Z VRB06KT 10SM CLR 31/18 A3013 RMK AO2 SLP196 T03110183 10311 20200 58009",2025-10-03 18:06:15.750754,2025-10-03 14:06:15.750802
"KPSX","Palacios Muni, TX, US",2025-10-03 17:53:00,"2025-10-03 12:53:00","VFR",32.2,21.1,50,10,15,NA,1018,"METAR KPSX 031753Z AUTO 05010G15KT 10SM BKN039 BKN049 32/21 A3006 RMK AO2 SLP177 T03220211 10322 20217 58010",2025-10-03 18:06:15.757273,2025-10-03 14:06:15.757316
"KRAP","Rapid City Rgnl, SD, US",2025-10-03 17:52:00,"2025-10-03 11:52:00","VFR",31.7,7.2,170,16,22,NA,1011.9,"METAR KRAP 031752Z 17016G22KT 10SM CLR 32/07 A2988 RMK AO2 SLP090 T03170072 10317 20106 58022",2025-10-03 18:06:15.763793,2025-10-03 14:06:15.763838
"KPPF","Parsons/Tri City Arpt, KS, US",2025-10-03 17:52:00,"2025-10-03 12:52:00","VFR",30,19.4,190,10,16,NA,1022.1,"METAR KPPF 031752Z AUTO 19010G16KT 10SM CLR 30/19 A3018 RMK AO2 SLP211 T03000194 10300 20183 58010 PWINO",2025-10-03 18:06:15.770274,2025-10-03 14:06:15.770319
"KPYM","Plymouth Muni, MA, US",2025-10-03 17:52:00,"2025-10-03 13:52:00","VFR",20.6,8.9,210,10,NA,NA,1024.8,"METAR KPYM 031752Z AUTO 21010KT 10SM CLR 21/09 A3026 RMK AO2 SLP250 T02060089 10206 20067 58026",2025-10-03 18:06:15.776825,2025-10-03 14:06:15.776871
"KPWK","Chicago Exec, IL, US",2025-10-03 17:52:00,"2025-10-03 12:52:00","VFR",30,15,220,9,NA,NA,1022.4,"METAR KPWK 031752Z 22009KT 10SM CLR 30/15 A3019 RMK AO2 SLP218 T03000150 10306 20156 58013",2025-10-03 18:06:15.783458,2025-10-03 14:06:15.783502
"KREO","Rome/State Arpt, OR, US",2025-10-03 17:52:00,"2025-10-03 11:52:00",NA,11.1,9.4,360,7,NA,NA,1017,"METAR KREO 031752Z AUTO 36007KT 11/09 A3003 RMK AO1 SLP162 T01110094 10111 20089 53006",2025-10-03 18:06:15.789937,2025-10-03 14:06:15.789987
"KROW","Roswell/Ind Arpt, NM, US",2025-10-03 17:51:00,"2025-10-03 11:51:00","VFR",29.4,7.8,190,8,NA,NA,1022.8,"METAR KROW 031751Z 19008KT 10SM CLR 29/08 A3020 RMK AO2 SLP165 T02940078 10294 20133 58006",2025-10-03 18:06:15.796533,2025-10-03 14:06:15.796579
"KPVD","Providence/Green Mem, RI, US",2025-10-03 17:51:00,"2025-10-03 13:51:00","VFR",21.1,8.9,230,8,NA,NA,1025.5,"METAR KPVD 031751Z 23008KT 190V290 10SM FEW250 21/09 A3028 RMK AO2 SLP253 T02110089 10211 20094 58028 $",2025-10-03 18:06:15.803163,2025-10-03 14:06:15.803208
"KPWM","Portland Intl, ME, US",2025-10-03 17:51:00,"2025-10-03 13:51:00","VFR",20,9.4,150,9,NA,NA,1023.1,"METAR KPWM 031751Z 15009KT 10SM SCT250 20/09 A3021 RMK AO2 SLP231 T02000094 10211 20072 58025 $",2025-10-03 18:06:15.821259,2025-10-03 14:06:15.821305
"KRDU","Raleigh-Durham Intl, NC, US",2025-10-03 17:51:00,"2025-10-03 13:51:00","VFR",21.7,12.8,340,6,NA,NA,1027.2,"METAR KRDU 031751Z 34006KT 10SM SCT032 22/13 A3033 RMK AO2 SLP268 T02170128 10222 20106 58019",2025-10-03 18:06:15.827992,2025-10-03 14:06:15.828038
"KPOC","La Verne/Brackett Fld, CA, US",2025-10-03 17:47:00,"2025-10-03 10:47:00","MVFR",19,15,190,5,NA,NA,1017,"METAR KPOC 031747Z 19005KT 10SM BKN015 19/15 A3003",2025-10-03 18:06:15.83429,2025-10-03 14:06:15.834332
"KPNA","Pinedale/Wentz Fld, WY, US",2025-10-03 17:35:00,"2025-10-03 11:35:00","VFR",19,0,110,7,15,NA,1019.7,"METAR KPNA 031735Z AUTO 11007G15KT 10SM SCT100 19/00 A3011 RMK AO2",2025-10-03 18:06:15.840489,2025-10-03 14:06:15.840532
"KPNM","Princeton Arpt, MN, US",2025-10-03 17:32:00,"2025-10-03 17:32:00","VFR",26,15,160,3,NA,NA,1019.4,"METAR KPNM 031732Z 16003KT 10SM CLR 26/15 A3010 RMK AO2",2025-10-03 18:06:15.846781,2025-10-03 14:06:15.846827
"KPVJ","Pauls Valley Muni, OK, US",2025-10-03 17:30:00,"2025-10-03 17:30:00","VFR",29.9,17.4,180,6,NA,NA,1023.1,"METAR KPVJ 031730Z AUTO 18006KT 10SM CLR 30/17 A3021 RMK AO2 T02990174",2025-10-03 18:06:15.853128,2025-10-03 14:06:15.853171
"KRHV","San Jose/Reid-Hillview Arpt, CA, US",2025-10-03 16:47:00,"2025-10-03 09:47:00","MVFR",17,11,270,5,NA,NA,1018.7,"METAR KRHV 031647Z 27005KT 10SM BKN022 17/11 A3008",2025-10-03 18:06:15.859469,2025-10-03 14:06:15.859512
"KSBP","San Luis Obispo/San Luis Cnty, CA, US",2025-10-03 18:03:00,"2025-10-03 11:03:00","VFR",20,11.1,NA,6,NA,NA,1018,"SPECI KSBP 031803Z VRB06KT 10SM SCT032 20/11 A3006 RMK AO2 T02000111",2025-10-03 18:06:18.001516,2025-10-03 14:06:18.00156
"KSEA","Seattle-Tacoma Intl, WA, US",2025-10-03 18:00:00,"2025-10-03 11:00:00","LIFR",11.1,10.6,220,5,NA,1,1021.8,"SPECI KSEA 031800Z 22005KT 1SM R16L/P6000FT BR OVC001 11/11 A3017 RMK AO2 SFC VIS 5 T01110106",2025-10-03 18:06:18.007925,2025-10-03 14:06:18.007968
"KSEE","San Diego/Gillespie Fld, CA, US",2025-10-03 17:59:00,"2025-10-03 10:59:00","VFR",24,15,NA,5,NA,NA,1016.7,"METAR KSEE 031759Z VRB05KT 10SM SKC 24/15 A3002",2025-10-03 18:06:18.014239,2025-10-03 14:06:18.014282
"KSGJ","St Augustine Arpt, FL, US",2025-10-03 17:56:00,"2025-10-03 13:56:00","VFR",NA,NA,60,15,NA,NA,1019.7,"METAR KSGJ 031756Z 06015KT 10SM BKN070 A3011 RMK AO2 SLPNO 58014 $",2025-10-03 18:06:18.020532,2025-10-03 14:06:18.020575
"KSGT","Stuttgart Muni, AR, US",2025-10-03 17:56:00,"2025-10-03 12:56:00","VFR",28.3,13.3,100,6,NA,NA,1023.8,"METAR KSGT 031756Z AUTO 10006KT 10SM CLR 28/13 A3023 RMK AO2 SLP235 T02830133 10283 20178 58010",2025-10-03 18:06:18.026816,2025-10-03 14:06:18.026861
"KRUT","Rutland/S Vermont Rgnl, VT, US",2025-10-03 17:56:00,"2025-10-03 13:56:00","VFR",21.1,7.8,220,5,NA,NA,1024.1,"METAR KRUT 031756Z AUTO 22005KT 10SM CLR 21/08 A3024 RMK AO2 SLP236 T02110078 10211 20044 58026 $",2025-10-03 18:06:18.033168,2025-10-03 14:06:18.033212
"KSGH","Springfield Muni, OH, US",2025-10-03 17:56:00,"2025-10-03 13:56:00","VFR",27.8,13.3,230,4,NA,NA,1024.5,"METAR KSGH 031756Z AUTO 23004KT 10SM CLR 28/13 A3025 RMK AO2 SLP240 T02780133 10278 20106 58016",2025-10-03 18:06:18.050502,2025-10-03 14:06:18.050571
"KSGU","Saint George Muni, UT, US",2025-10-03 17:56:00,"2025-10-03 11:56:00","VFR",28.9,5.6,220,15,18,NA,1012.3,"METAR KSGU 031756Z AUTO 22015G18KT 10SM CLR 29/06 A2989 RMK AO2 SLP087 T02890056 10289 20194 58020",2025-10-03 18:06:18.057792,2025-10-03 14:06:18.057837
"KSFO","San Francisco Intl, CA, US",2025-10-03 17:56:00,"2025-10-03 10:56:00","VFR",18.3,12.2,270,10,NA,NA,1018.4,"METAR KSFO 031756Z 27010KT 10SM FEW009 SCT019 18/12 A3007 RMK AO2 SLP183 T01830122 10189 20156 51008",2025-10-03 18:06:18.06451,2025-10-03 14:06:18.064553
"KSFM","Sanford Rgnl, ME, US",2025-10-03 17:56:00,"2025-10-03 13:56:00","VFR",22.2,7.2,NA,4,NA,NA,1023.5,"METAR KSFM 031756Z AUTO VRB04KT 10SM CLR 22/07 A3022 RMK AO2 SLP237 T02220072 10222 20083 58025",2025-10-03 18:06:18.070817,2025-10-03 14:06:18.07086
"KSHV","Shreveport Rgnl, LA, US",2025-10-03 17:56:00,"2025-10-03 12:56:00","VFR",29,19,70,5,NA,NA,1021.8,"METAR KSHV 031756Z 07005KT 10SM BKN036 29/19 A3017 RMK SLPNO",2025-10-03 18:06:18.077078,2025-10-03 14:06:18.07712
"KSDF","Louisville Intl, KY, US",2025-10-03 17:56:00,"2025-10-03 13:56:00","VFR",27.2,18.3,240,8,NA,NA,1024.5,"METAR KSDF 031756Z 24008KT 10SM FEW030 FEW065 BKN300 27/18 A3025 RMK AO2 SLP239 T02720183 10272 20167 58015",2025-10-03 18:06:18.083353,2025-10-03 14:06:18.083396
"KSFZ","Pawtucket/N Central State Arpt, RI, US",2025-10-03 17:56:00,"2025-10-03 13:56:00","VFR",21.1,10,0,0,NA,NA,1025.5,"METAR KSFZ 031756Z AUTO 00000KT 10SM CLR 21/10 A3028 RMK AO2 SLP253 T02110100 10211 20089 58024 $",2025-10-03 18:06:18.089742,2025-10-03 14:06:18.089788
"KSAR","Sparta/Hunter Fld, IL, US",2025-10-03 17:55:00,"2025-10-03 12:55:00","VFR",30,14.3,250,4,NA,NA,1024.1,"METAR KSAR 031755Z AUTO 25004KT 10SM CLR 30/14 A3024 RMK AO2 T03000143 10305 20168",2025-10-03 18:06:18.096103,2025-10-03 14:06:18.096146
"KRPJ","Rochelle/Kontz Fld, IL, US",2025-10-03 17:55:00,"2025-10-03 17:55:00","VFR",30.2,11.9,250,9,NA,NA,1022.1,"METAR KRPJ 031755Z AUTO 25009KT 10SM SCT070 30/12 A3018 RMK AO2 T03020119 10305 20131",2025-10-03 18:06:18.102396,2025-10-03 14:06:18.102438
"KRRT","Warroad Intl, MN, US",2025-10-03 17:55:00,"2025-10-03 12:55:00","VFR",22,15,70,7,NA,NA,1016,"METAR KRRT 031755Z AUTO 07007KT 10SM SCT110 22/15 A3000 RMK AO2",2025-10-03 18:06:18.10871,2025-10-03 14:06:18.10876
"KRVL","Reedsville/Mifflin Cnty, PA, US",2025-10-03 17:55:00,"2025-10-03 13:55:00","IFR",21,11,230,4,NA,1.25,1026.2,"METAR KRVL 031755Z AUTO 23004KT 1 1/4SM HZ CLR 21/11 A3030 RMK AO2",2025-10-03 18:06:18.115032,2025-10-03 14:06:18.115075
"KS39","Prineville Arpt, OR, US",2025-10-03 17:55:00,"2025-10-03 10:55:00","MVFR",13,8,310,7,NA,NA,1020.4,"METAR KS39 031755Z AUTO 31007KT 270V340 10SM FEW015 BKN022 OVC032 13/08 A3013 RMK AO2",2025-10-03 18:06:18.121357,2025-10-03 14:06:18.121399
"KRRL","Merrill Muni, WI, US",2025-10-03 17:55:00,"2025-10-03 12:55:00","VFR",26.6,16.7,240,6,NA,NA,1019.7,"METAR KRRL 031755Z AUTO 24006KT 10SM CLR 27/17 A3011 RMK AO2 T02660167 10266 20108 TSNO",2025-10-03 18:06:18.12765,2025-10-03 14:06:18.127708
"KS25","Watford City Muni, ND, US",2025-10-03 17:55:00,"2025-10-03 17:55:00","VFR",26,13,120,12,NA,NA,1008.9,"METAR KS25 031755Z AUTO 12012KT 10SM CLR 26/13 A2979 RMK AO2",2025-10-03 18:06:18.133974,2025-10-03 14:06:18.134017
"KSAA","Saratoga/Shively Fld, WY, US",2025-10-03 17:55:00,"2025-10-03 11:55:00","VFR",23,-2,200,16,20,NA,1022.8,"METAR KSAA 031755Z AUTO 20016G20KT 10SM SCT100 23/M02 A3020 RMK AO2",2025-10-03 18:06:18.140254,2025-10-03 14:06:18.140298
"KSBS","Steamboat Springs/Adams Fld, CO, US",2025-10-03 17:55:00,"2025-10-03 11:55:00","VFR",22.2,0.2,0,0,NA,NA,1022.8,"METAR KSBS 031755Z AUTO 00000KT 10SM CLR 22/00 A3020 RMK AO1 T02220002 10225 20025",2025-10-03 18:06:18.146514,2025-10-03 14:06:18.146557
"KSCD","Sylacauga Muni, AL, US",2025-10-03 17:55:00,"2025-10-03 17:55:00",NA,25.3,13.7,80,5,NA,NA,1024.5,"METAR KSCD 031755Z AUTO 08005KT SCT070 BKN090 BKN110 25/14 A3025 RMK AO2 T02530137 10266 20175 PWINO",2025-10-03 18:06:18.152774,2025-10-03 14:06:18.152817
"KSIK","Sikeston Arpt, MO, US",2025-10-03 17:55:00,"2025-10-03 12:55:00",NA,28.6,13.8,180,5,NA,NA,1024.5,"METAR KSIK 031755Z AUTO 18005KT 29/14 A3025 RMK AO2 T02860138 PWINO $",2025-10-03 18:06:18.159071,2025-10-03 14:06:18.159113
"KSEQ","Seguin/Randolph AUX, TX, US",2025-10-03 17:55:00,"2025-10-03 17:55:00","VFR",33,15.5,100,8,NA,NA,1017.4,"METAR KSEQ 031755Z AUTO 10008KT 10SM CLR 33/16 A3004 RMK AO2 SLP167 T03300155 10330 20191 58013",2025-10-03 18:06:18.165482,2025-10-03 14:06:18.165526
"KSCK","Stockton Metro, CA, US",2025-10-03 17:55:00,"2025-10-03 10:55:00","VFR",19.4,12.2,240,5,NA,NA,1018,"METAR KSCK 031755Z 24005KT 10SM BKN034 19/12 A3006 RMK AO2 SLP177 T01940122 10206 20139 53006",2025-10-03 18:06:18.183689,2025-10-03 14:06:18.183757
"KSEF","Sebring Rgnl, FL, US",2025-10-03 17:55:00,"2025-10-03 13:55:00","VFR",27.8,23.4,130,13,NA,NA,1016.7,"METAR KSEF 031755Z AUTO 13013KT 10SM SCT070 28/23 A3002 RMK AO2 T02780234 10309 20218",2025-10-03 18:06:18.190681,2025-10-03 14:06:18.190745
"KS12","Albany Muni, OR, US",2025-10-03 17:55:00,"2025-10-03 17:55:00","LIFR",13,13,90,3,NA,NA,1022.1,"METAR KS12 031755Z AUTO 09003KT 10SM OVC004 13/13 A3018 RMK AO2",2025-10-03 18:06:18.197393,2025-10-03 14:06:18.197435
"KS32","Cooperstown Muni, ND, US",2025-10-03 17:55:00,"2025-10-03 17:55:00",NA,26,17,150,17,NA,8,1013,"METAR KS32 031755Z AUTO 15017KT 8SM 26/17 A2991 RMK AO2 TSNO",2025-10-03 18:06:18.203575,2025-10-03 14:06:18.203615
"KRSN","Ruston Rgnl, LA, US",2025-10-03 17:55:00,"2025-10-03 12:55:00","VFR",27.7,15.5,NA,5,NA,NA,1022.1,"METAR KRSN 031755Z AUTO VRB05KT 10SM CLR 28/16 A3018 RMK AO2 T02770155 10279 20170 58005",2025-10-03 18:06:18.209889,2025-10-03 14:06:18.209932
"KSBO","Swainsboro/E Georgia Rgnl, GA, US",2025-10-03 17:55:00,"2025-10-03 17:55:00","VFR",26,11,50,10,14,NA,1024.5,"METAR KSBO 031755Z AUTO 05010G14KT 020V080 10SM CLR 26/11 A3025 RMK AO2",2025-10-03 18:06:18.216169,2025-10-03 14:06:18.216213
"KRZL","Rensselaer/Jasper Cnty, IN, US",2025-10-03 17:55:00,"2025-10-03 12:55:00","VFR",30,14,150,4,NA,7,1023.1,"METAR KRZL 031755Z AUTO 15004KT 7SM CLR 30/14 A3021 RMK AO2",2025-10-03 18:06:18.222482,2025-10-03 14:06:18.222523
"KRQO","El Reno Rgnl, OK, US",2025-10-03 17:55:00,"2025-10-03 12:55:00","VFR",30,17,170,12,NA,NA,1021.8,"METAR KRQO 031755Z AUTO 17012KT 10SM CLR 30/17 A3017 RMK AO2",2025-10-03 18:06:18.228809,2025-10-03 14:06:18.228852
"KS24","Fremont/Sandusky Cnty, OH, US",2025-10-03 17:55:00,"2025-10-03 17:55:00","VFR",28,12,NA,3,NA,NA,1023.8,"METAR KS24 031755Z AUTO VRB03KT 10SM CLR 28/12 A3023 RMK AO2",2025-10-03 18:06:18.235199,2025-10-03 14:06:18.235243
"KSDC","Williamson-Sodus Arpt, NY, US",2025-10-03 17:55:00,"2025-10-03 17:55:00","VFR",23,8,10,4,NA,NA,1024.5,"METAR KSDC 031755Z AUTO 01004KT 10SM CLR 23/08 A3025 RMK AO2",2025-10-03 18:06:18.241482,2025-10-03 14:06:18.241526
"KSKA","Spokane/Fairchild AFB, WA, US",2025-10-03 17:55:00,"2025-10-03 10:55:00","VFR",14.7,6.5,0,0,NA,NA,1018,"METAR KSKA 031755Z 00000KT 10SM CLR 15/07 A3006 RMK AO2A SLP178 T01470065 10147 20035 53003 $",2025-10-03 18:06:18.247808,2025-10-03 14:06:18.24785
"KRSV","Robinson Muni, IL, US",2025-10-03 17:55:00,"2025-10-03 17:55:00","VFR",30,16,250,6,NA,NA,1023.1,"METAR KRSV 031755Z AUTO 25006KT 10SM FEW055 SCT065 SCT090 30/16 A3021 RMK AO2 10308 20143",2025-10-03 18:06:18.254071,2025-10-03 14:06:18.254114
"KS33","Madras Muni, OR, US",2025-10-03 17:55:00,"2025-10-03 10:55:00","VFR",13,7,300,6,NA,NA,1021.4,"METAR KS33 031755Z AUTO 30006KT 10SM CLR 13/07 A3016 RMK AO2",2025-10-03 18:06:18.260329,2025-10-03 14:06:18.260372
"KRYM","Camp Ripley/Miller AAF, MN, US",2025-10-03 17:55:00,"2025-10-03 17:55:00","VFR",26.1,17.2,110,7,NA,NA,1017,"METAR KRYM 031755Z AUTO 11007KT 10SM FEW150 26/17 A3003 RMK AO2 SLP169 T02610172 10262 20117 57015 $",2025-10-03 18:06:18.2666,2025-10-03 14:06:18.266643
"KSFQ","Suffolk Muni, VA, US",2025-10-03 17:55:00,"2025-10-03 17:55:00",NA,23.2,13.2,NA,NA,NA,NA,1027.5,"METAR KSFQ 031755Z AUTO SCT039 23/13 A3034 RMK AO2 T02320132 10232 20121 PWINO TSNO",2025-10-03 18:06:18.272816,2025-10-03 14:06:18.272859
"KSKF","Lackland AFB/Kelly Fld, TX, US",2025-10-03 17:55:00,"2025-10-03 12:55:00","VFR",31.8,14,130,6,NA,NA,1018,"METAR KSKF 031755Z 13006KT 10SM CLR 32/14 A3006 RMK AO2A SLP171 T03180140 10324 20205 58011 $",2025-10-03 18:06:18.279055,2025-10-03 14:06:18.279098
"KRPH","Graham Muni, TX, US",2025-10-03 17:55:00,"2025-10-03 17:55:00","VFR",31.4,13.9,NA,3,NA,NA,1020.1,"METAR KRPH 031755Z AUTO VRB03KT 10SM CLR 31/14 A3012 RMK AO2 T03140139 10321 20182 58008",2025-10-03 18:06:18.285432,2025-10-03 14:06:18.285475
"KSHL","Sheldon Muni, IA, US",2025-10-03 17:55:00,"2025-10-03 17:55:00","VFR",30,16,170,12,18,NA,1018,"METAR KSHL 031755Z AUTO 17012G18KT 10SM CLR 30/16 A3006 RMK AO2",2025-10-03 18:06:18.291767,2025-10-03 14:06:18.291811
"KRYV","Watertown Muni, WI, US",2025-10-03 17:55:00,"2025-10-03 17:55:00","VFR",29.5,14.5,240,6,NA,NA,1021.4,"METAR KRYV 031755Z AUTO 24006KT 10SM CLR 30/15 A3016 RMK AO2 T02950145 10298 20083",2025-10-03 18:06:18.298107,2025-10-03 14:06:18.298153
"KRVJ","Reidsville/Smith Fld, GA, US",2025-10-03 17:55:00,"2025-10-03 17:55:00","VFR",28,13.2,70,12,19,NA,1023.1,"METAR KRVJ 031755Z AUTO 07012G19KT 10SM CLR 28/13 A3021 RMK AO2 T02800132 10294 20177",2025-10-03 18:06:18.315767,2025-10-03 14:06:18.315816
"KRZR","Cleveland Rgnl, TN, US",2025-10-03 17:55:00,"2025-10-03 17:55:00","VFR",26,11,80,5,NA,NA,1024.8,"METAR KRZR 031755Z AUTO 08005KT 10SM CLR 26/11 A3026 RMK A01",2025-10-03 18:06:18.32287,2025-10-03 14:06:18.322916
"KRUQ","Salisbury/Rowan Cnty, NC, US",2025-10-03 17:55:00,"2025-10-03 13:55:00",NA,20.8,9.1,30,7,NA,NA,1027.2,"METAR KRUQ 031755Z AUTO 03007KT 10SM 21/09 A3033 RMK AO2 T02080091 10208 20085",2025-10-03 18:06:18.329485,2025-10-03 14:06:18.329528
"KSIF","Eden/Shiloh Arpt, NC, US",2025-10-03 17:55:00,"2025-10-03 17:55:00","VFR",20.7,10.2,140,4,NA,7,1027.5,"METAR KSIF 031755Z AUTO 14004KT 7SM CLR 21/10 A3034 RMK AO2 T02070102 10210 20073",2025-10-03 18:06:18.336543,2025-10-03 14:06:18.336584
"KSDA","Shenandoah Muni, IA, US",2025-10-03 17:55:00,"2025-10-03 17:55:00","VFR",31,16,180,9,NA,NA,1019.7,"METAR KSDA 031755Z AUTO 18009KT 10SM CLR 31/16 A3011 RMK AO2",2025-10-03 18:06:18.342949,2025-10-03 14:06:18.342992
"KRZT","Chillicothe/Ross Cnty, OH, US",2025-10-03 17:55:00,"2025-10-03 17:55:00","VFR",27,12,0,0,NA,NA,1024.8,"METAR KRZT 031755Z AUTO 00000KT 10SM CLR 27/12 A3026 RMK AO2 PWINO",2025-10-03 18:06:18.349262,2025-10-03 14:06:18.349308
"KRZN","Siren/Burnett Cnty, WI, US",2025-10-03 17:55:00,"2025-10-03 17:55:00","VFR",26.2,16.2,0,0,NA,NA,1019.4,"METAR KRZN 031755Z AUTO 00000KT 10SM CLR 26/16 A3010 RMK AO2 T02620162 10262 20126",2025-10-03 18:06:18.355577,2025-10-03 14:06:18.35562
"KS21","Sunriver Arpt, OR, US",2025-10-03 17:55:00,"2025-10-03 10:55:00","MVFR",11,5,10,8,NA,NA,1022.1,"METAR KS21 031755Z AUTO 01008KT 10SM FEW016 BKN026 11/05 A3018 RMK AO2",2025-10-03 18:06:18.361917,2025-10-03 14:06:18.36196
"KS34","Plains Arpt, MT, US",2025-10-03 17:55:00,"2025-10-03 17:55:00","VFR",13,12,0,0,NA,NA,1016.7,"METAR KS34 031755Z AUTO 00000KT 10SM BKN075 BKN120 13/12 A3002 RMK AO2",2025-10-03 18:06:18.368343,2025-10-03 14:06:18.368386
"KRQB","Big Rapids/Roben Hood Arpt, MI, US",2025-10-03 17:55:00,"2025-10-03 13:55:00","VFR",29,14,260,7,NA,NA,1022.1,"METAR KRQB 031755Z AUTO 26007KT 10SM CLR 29/14 A3018 RMK AO2 10288 20071",2025-10-03 18:06:18.374679,2025-10-03 14:06:18.374744
"KSHD","Staunton/Shenandoah Valley Rgnl, VA, US",2025-10-03 17:55:00,"2025-10-03 13:55:00","VFR",20.9,10,170,4,NA,NA,1027.9,"METAR KSHD 031755Z AUTO 17004KT 10SM CLR 21/10 A3035 RMK AO2 T02090100 10209 20062",2025-10-03 18:06:18.381096,2025-10-03 14:06:18.38114
"KSAZ","Staples Muni, MN, US",2025-10-03 17:55:00,"2025-10-03 17:55:00","VFR",27,15,150,8,NA,NA,1017.7,"METAR KSAZ 031755Z AUTO 15008KT 10SM CLR 27/15 A3005 RMK AO2",2025-10-03 18:06:18.387521,2025-10-03 14:06:18.387579
"KSBX","Shelby/Toole Cnty Arpt, MT, US",2025-10-03 17:55:00,"2025-10-03 11:55:00","VFR",14,7,0,0,NA,NA,1015.3,"METAR KSBX 031755Z AUTO 00000KT 10SM BKN100 14/07 A2998 RMK AO2",2025-10-03 18:06:18.393879,2025-10-03 14:06:18.393924
"KSCX","Oneida/Scott Muni, TN, US",2025-10-03 17:55:00,"2025-10-03 17:55:00","VFR",24,14,0,0,NA,NA,1026.5,"METAR KSCX 031755Z AUTO 00000KT 10SM CLR 24/14 A3031 RMK A01",2025-10-03 18:06:18.400176,2025-10-03 14:06:18.400219
"KRUG","Rugby Muni, ND, US",2025-10-03 17:55:00,"2025-10-03 17:55:00","VFR",25,14,160,6,NA,8,1010.9,"METAR KRUG 031755Z AUTO 16006KT 8SM CLR 25/14 A2985 RMK AO2",2025-10-03 18:06:18.406403,2025-10-03 14:06:18.406444
"KSEP","Stephenville/Clark Rgnl, TX, US",2025-10-03 17:55:00,"2025-10-03 12:55:00","VFR",30.9,14.8,180,5,NA,NA,1022.4,"METAR KSEP 031755Z AUTO 18005KT 10SM CLR 31/15 A3019 RMK AO2 T03090148 10309 20187",2025-10-03 18:06:18.412796,2025-10-03 14:06:18.412839
"KSGS","South St Paul Muni, MN, US",2025-10-03 17:55:00,"2025-10-03 17:55:00","VFR",29,15.5,170,4,NA,NA,1019,"METAR KSGS 031755Z AUTO 17004KT 10SM CLR 29/16 A3009 RMK AO2 T02900155 10291 20159",2025-10-03 18:06:18.419156,2025-10-03 14:06:18.419201
"KSJX","Beaver Island Arpt, MI, US",2025-10-03 17:55:00,"2025-10-03 17:55:00","VFR",24,16,220,11,17,NA,1020.1,"METAR KSJX 031755Z AUTO 22011G17KT 10SM SCT120 24/16 A3012 RMK AO2 10235 20186",2025-10-03 18:06:18.425525,2025-10-03 14:06:18.425569
"KSEM","Selma/Craig Fld, AL, US",2025-10-03 17:55:00,"2025-10-03 12:55:00","VFR",27,15,0,0,17,NA,1022.4,"METAR KSEM 031755Z AUTO 00000G17KT 10SM FEW055 27/15 A3019 RMK AO2",2025-10-03 18:06:18.431987,2025-10-03 14:06:18.432032
"KRST","Rochester Intl, MN, US",2025-10-03 17:54:00,"2025-10-03 12:54:00","VFR",28.9,16.1,230,9,16,NA,1020.1,"METAR KRST 031754Z 23009G16KT 10SM CLR 29/16 A3012 RMK AO2 SLP192 T02890161 10289 20161 58008",2025-10-03 18:06:18.450528,2025-10-03 14:06:18.450585
"KSBY","Salisbury/Ocean City, MD, US",2025-10-03 17:54:00,"2025-10-03 13:54:00","VFR",21.1,9.4,NA,4,NA,NA,1027.5,"METAR KSBY 031754Z VRB04KT 10SM CLR 21/09 A3034 RMK AO2 SLP275 T02110094 10211 20083 58025",2025-10-03 18:06:18.457479,2025-10-03 14:06:18.457523
"KSJN","St Johns Ind Arpt, AZ, US",2025-10-03 17:54:00,"2025-10-03 10:54:00","VFR",27.2,6.7,180,16,27,NA,1021.8,"METAR KSJN 031754Z AUTO 18016G27KT 110V230 10SM BKN085 OVC110 27/07 A3017 RMK AO2 PK WND 19027/1754 SLP125 T02720067 10278 20089 58020",2025-10-03 18:06:18.463891,2025-10-03 14:06:18.463933
"KSET","St Charles/Smartt Arpt, MO, US",2025-10-03 17:54:00,"2025-10-03 17:54:00","VFR",30,15.6,180,6,NA,NA,1022.8,"METAR KSET 031754Z AUTO 18006KT 10SM CLR 30/16 A3020 RMK AO2 SLP221 T03000156 10306 20161 58013",2025-10-03 18:06:18.470094,2025-10-03 14:06:18.470136
"KSBN","South Bend Rgnl, IN, US",2025-10-03 17:54:00,"2025-10-03 13:54:00","VFR",30,16.1,190,5,NA,NA,1023.1,"METAR KSBN 031754Z 19005KT 10SM CLR 30/16 A3021 RMK AO2 SLP225 T03000161 10300 20122 58015",2025-10-03 18:06:18.476272,2025-10-03 14:06:18.476314
"KSAC","Sacramento Exec, CA, US",2025-10-03 17:53:00,"2025-10-03 10:53:00","MVFR",16.1,13.3,0,0,NA,NA,1018,"METAR KSAC 031753Z 00000KT 10SM OVC014 16/13 A3006 RMK AO2 SLP179 T01610133 10161 20133 53013",2025-10-03 18:06:18.482643,2025-10-03 14:06:18.482685
"KRSL","Russell Muni, KS, US",2025-10-03 17:53:00,"2025-10-03 12:53:00","VFR",30,13.9,200,15,23,NA,1018.4,"METAR KRSL 031753Z AUTO 20015G23KT 10SM CLR 30/14 A3007 RMK AO2 PK WND 16028/1711 SLP167 T03000139 10306 20178 58013",2025-10-03 18:06:18.489074,2025-10-03 14:06:18.489117
"KSAV","Savannah Intl, GA, US",2025-10-03 17:53:00,"2025-10-03 13:53:00","VFR",27.2,16.1,50,8,NA,NA,1022.8,"METAR KSAV 031753Z 05008KT 10SM SCT045 27/16 A3020 RMK AO2 SLP226 T02720161 10272 20178 58019 $",2025-10-03 18:06:18.495672,2025-10-03 14:06:18.495733
"KRUE","Russellville Rgnl, AR, US",2025-10-03 17:53:00,"2025-10-03 17:53:00","VFR",28.9,16.1,NA,5,NA,NA,1023.1,"METAR KRUE 031753Z AUTO VRB05KT 10SM CLR 29/16 A3021 RMK AO2 SLP223 T02890161 10294 20172 58008 $",2025-10-03 18:06:18.502045,2025-10-03 14:06:18.502089
"KRSW","Ft Myers/SW Florida Intl, FL, US",2025-10-03 17:53:00,"2025-10-03 13:53:00","VFR",29.4,22.8,80,14,NA,NA,1015,"METAR KRSW 031753Z 08014KT 10SM -RA FEW034 BKN050 BKN075 29/23 A2997 RMK AO2 RAB51 SLP145 P0000 60000 T02940228 10306 20233 58015",2025-10-03 18:06:18.508391,2025-10-03 14:06:18.508434
"KSFB","Sanford Intl, FL, US",2025-10-03 17:53:00,"2025-10-03 13:53:00","MVFR",27.2,21.7,40,22,31,4,1018,"METAR KSFB 031753Z 04022G31KT 4SM HZ SCT029 SCT035 BKN043 27/22 A3006 RMK AO1 PK WND 04031/1752 SLP178 P0002 60006 T02720217 10289 20222 58010",2025-10-03 18:06:18.514587,2025-10-03 14:06:18.514628
"KRVS","Tulsa/Jones Arpt, OK, US",2025-10-03 17:53:00,"2025-10-03 12:53:00","VFR",30.6,17.8,160,7,17,NA,1021.8,"METAR KRVS 031753Z 16007G17KT 10SM CLR 31/18 A3017 RMK AO2 SLP217 T03060178 10306 20189 58013",2025-10-03 18:06:18.521891,2025-10-03 14:06:18.521934
"KRXE","Rexburg/Madison Cnty, ID, US",2025-10-03 17:53:00,"2025-10-03 11:53:00","MVFR",11.7,7.2,220,3,NA,NA,1017.4,"METAR KRXE 031753Z AUTO 22003KT 10SM BKN015 12/07 A3004 RMK AO2 SLP153 T01170072 10122 20100 58004",2025-10-03 18:06:18.528145,2025-10-03 14:06:18.528188
"KSAF","Santa Fe Cnty Muni, NM, US",2025-10-03 17:53:00,"2025-10-03 11:53:00","VFR",22.2,5,0,0,NA,NA,1027.5,"METAR KSAF 031753Z 00000KT 10SM CLR 22/05 A3034 RMK AO2 SLP190 T02220050 10228 20072 58004",2025-10-03 18:06:18.534964,2025-10-03 14:06:18.535006
"KSHR","Sheridan Cnty Arpt, WY, US",2025-10-03 17:53:00,"2025-10-03 11:53:00","VFR",21.7,5,330,6,NA,NA,1011.6,"METAR KSHR 031753Z AUTO 33006KT 10SM CLR 22/05 A2987 RMK AO2 SLP095 T02170050 10217 20050 57011",2025-10-03 18:06:18.541255,2025-10-03 14:06:18.541297
"KSDM","San Diego/Brown Fld, CA, US",2025-10-03 17:53:00,"2025-10-03 10:53:00","VFR",23.9,14.4,280,7,NA,NA,1016.7,"METAR KSDM 031753Z 28007KT 10SM FEW022 24/14 A3002 RMK AO2 SLP161 T02390144 10244 20139 50003",2025-10-03 18:06:18.547776,2025-10-03 14:06:18.547819
"KRWI","Rocky Mount/Wilson Rgnl, NC, US",2025-10-03 17:53:00,"2025-10-03 13:53:00","VFR",23.9,12.2,30,8,NA,NA,1026.5,"METAR KRWI 031753Z AUTO 03008KT 10SM FEW040 24/12 A3031 RMK AO2 SLP264 T02390122 10250 20117 58022",2025-10-03 18:06:18.554174,2025-10-03 14:06:18.554217
"KSJC","San Jose Intl Arpt, CA, US",2025-10-03 17:53:00,"2025-10-03 10:53:00","VFR",18.3,10.6,340,8,NA,NA,1018.7,"METAR KSJC 031753Z 34008KT 10SM FEW014 SCT026 BKN032 18/11 A3008 RMK AO2 SLP184 T01830106 10183 20150 53005",2025-10-03 18:06:18.560523,2025-10-03 14:06:18.560569
"KSIY","Montague/Siskiyou Cnty, CA, US",2025-10-03 17:53:00,"2025-10-03 17:53:00","VFR",13.9,7.2,NA,5,NA,NA,1020.4,"METAR KSIY 031753Z AUTO VRB05KT 10SM CLR 14/07 A3013 RMK AO2 SLP207 T01390072 10139 20083 51006",2025-10-03 18:06:18.566992,2025-10-03 14:06:18.567037
"KSGR","Houston/Sugar Land Rgnl, TX, US",2025-10-03 17:53:00,"2025-10-03 12:53:00","VFR",31.1,17.2,70,12,NA,NA,1018.7,"METAR KSGR 031753Z 07012KT 10SM CLR 31/17 A3008 RMK AO2 SLP188 T03110172 10328 20217 58007",2025-10-03 18:06:18.584755,2025-10-03 14:06:18.584802
"KRQE","Window Rock Arpt, AZ, US",2025-10-03 17:53:00,"2025-10-03 17:53:00","VFR",23.9,5,210,13,21,NA,1025.5,"METAR KRQE 031753Z AUTO 21013G21KT 10SM FEW110 24/05 A3028 RMK AO2 SLP151 T02390050 10244 20033 58012",2025-10-03 18:06:18.591475,2025-10-03 14:06:18.591518
"KSEG","Selinsgrove/Penn Valley Arpt, PA, US",2025-10-03 17:53:00,"2025-10-03 13:53:00","VFR",21.7,10.6,NA,5,NA,NA,1026.5,"METAR KSEG 031753Z AUTO VRB05KT 10SM CLR 22/11 A3031 RMK AO2 SLP262 T02170106 10222 20083 58026",2025-10-03 18:06:18.597882,2025-10-03 14:06:18.597924
"KRWF","Redwood Falls Muni, MN, US",2025-10-03 17:53:00,"2025-10-03 12:53:00","VFR",30.6,16.1,180,9,NA,NA,1017.4,"METAR KRWF 031753Z AUTO 18009KT 10SM CLR 31/16 A3004 RMK AO2 SLP168 T03060161 10306 20144 58013",2025-10-03 18:06:18.604188,2025-10-03 14:06:18.60423
"KRTN","Raton/Crews Fld, NM, US",2025-10-03 17:53:00,"2025-10-03 11:53:00","VFR",23.9,5,180,12,NA,NA,1025.1,"METAR KRTN 031753Z AUTO 18012KT 10SM CLR 24/05 A3027 RMK AO2 SLP166 T02390050 10239 20056 58011",2025-10-03 18:06:18.610514,2025-10-03 14:06:18.610557
"KSDL","Scottsdale Muni, AZ, US",2025-10-03 17:53:00,"2025-10-03 10:53:00","VFR",31.7,8.9,NA,4,NA,NA,1014,"METAR KSDL 031753Z VRB04KT 10SM CLR 32/09 A2994 RMK AO2 SLP112 T03170089 10317 20228 58003",2025-10-03 18:06:18.616935,2025-10-03 14:06:18.616979
"KSFF","Spokane/Felts Fld, WA, US",2025-10-03 17:53:00,"2025-10-03 10:53:00","VFR",13.9,8.3,240,3,NA,NA,1018,"METAR KSFF 031753Z 24003KT 10SM CLR 14/08 A3006 RMK AO2 SLP179 T01390083 10139 20072 52000",2025-10-03 18:06:18.623251,2025-10-03 14:06:18.623296
"KSHN","Shelton/Sanderson Fld, WA, US",2025-10-03 17:53:00,"2025-10-03 10:53:00","IFR",13.3,11.1,100,3,NA,NA,1020.7,"METAR KSHN 031753Z AUTO 10003KT 10SM OVC008 13/11 A3014 RMK AO2 CIG 006V011 SLP210 T01330111 10133 20050 51006",2025-10-03 18:06:18.629536,2025-10-03 14:06:18.629578
"KSBM","Sheboygan Cnty Mem, WI, US",2025-10-03 17:53:00,"2025-10-03 12:53:00","VFR",30.6,13.9,230,10,NA,NA,1020.7,"METAR KSBM 031753Z AUTO 23010KT 10SM CLR 31/14 A3014 RMK AO2 SLP203 T03060139 10306 20144 58012",2025-10-03 18:06:18.635974,2025-10-03 14:06:18.636017
"KSBA","Santa Barbara Muni, CA, US",2025-10-03 17:53:00,"2025-10-03 10:53:00","VFR",25,8.9,NA,5,NA,NA,1015.3,"METAR KSBA 031753Z VRB05KT 10SM CLR 25/09 A2998 RMK AO2 SLP152 T02500089 10250 20133 58002 $",2025-10-03 18:06:18.642334,2025-10-03 14:06:18.642377
"KSGF","Springfield Muni, MO, US",2025-10-03 17:52:00,"2025-10-03 12:52:00","VFR",27.8,14.4,NA,6,NA,NA,1023.5,"METAR KSGF 031752Z VRB06KT 10SM CLR 28/14 A3022 RMK AO2 SLP222 T02780144 10283 20183 58009",2025-10-03 18:06:18.648617,2025-10-03 14:06:18.648659
"KSJT","San Angelo/Mathis Fld, TX, US",2025-10-03 17:51:00,"2025-10-03 12:51:00","VFR",30.6,13.3,330,4,NA,NA,1020.7,"METAR KSJT 031751Z 33004KT 10SM CLR 31/13 A3014 RMK AO2 SLP184 T03060133 10311 20144 58011",2025-10-03 18:06:18.654914,2025-10-03 14:06:18.654958
"KSAN","San Diego Intl Arpt, CA, US",2025-10-03 17:51:00,"2025-10-03 10:51:00","MVFR",21.7,16.1,220,7,NA,NA,1017.4,"METAR KSAN 031751Z 22007KT 10SM BKN024 22/16 A3004 RMK AO2 SLP171 T02170161 10222 20178 50006",2025-10-03 18:06:18.661195,2025-10-03 14:06:18.661237
"KSBD","San Bernardino Intl, CA, US",2025-10-03 17:51:00,"2025-10-03 10:51:00","VFR",22,11,250,3,NA,7,1017,"METAR KSBD 031751Z 25003KT 7SM BKN049 BKN060 22/11 A3003",2025-10-03 18:06:18.66745,2025-10-03 14:06:18.667492
"KSAD","Safford Rgnl, AZ, US",2025-10-03 17:51:00,"2025-10-03 10:51:00","VFR",31.7,7.8,120,9,NA,NA,1017.7,"METAR KSAD 031751Z AUTO 12009KT 10SM FEW120 32/08 A3005 RMK AO2 SLP118 T03170078 10317 20183 58010",2025-10-03 18:06:18.673827,2025-10-03 14:06:18.67387
"KSAT","San Antonio Intl, TX, US",2025-10-03 17:51:00,"2025-10-03 12:51:00","VFR",31.1,15,0,0,NA,NA,1019.4,"METAR KSAT 031751Z 00000KT 10SM FEW060 31/15 A3010 RMK AO2 SLP173 T03110150 10311 20200 58010",2025-10-03 18:06:18.680084,2025-10-03 14:06:18.680129
"KRYY","Marietta/Cobb Cnty, GA, US",2025-10-03 17:50:00,"2025-10-03 17:50:00","VFR",23.3,12.8,NA,6,NA,NA,1026.5,"METAR KRYY 031750Z VRB06KT 10SM CLR 23/13 A3031 RMK AO2 SLP994 T02330128 10239 20133 58015 $",2025-10-03 18:06:18.686472,2025-10-03 14:06:18.686516
"KSAW","Marquette/Sawyer Intl, MI, US",2025-10-03 17:46:00,"2025-10-03 13:46:00","VFR",25,17,60,7,NA,NA,1020.1,"METAR KSAW 031746Z 06007KT 10SM BKN090 25/17 A3012",2025-10-03 18:06:18.693002,2025-10-03 14:06:18.693047
"KRYN","Tucson/Ryan Fld, AZ, US",2025-10-03 17:45:00,"2025-10-03 17:45:00","VFR",34,5,0,0,NA,NA,1015.3,"METAR KRYN 031745Z 00000KT 10SM FEW120 34/05 A2998",2025-10-03 18:06:18.71051,2025-10-03 14:06:18.710555
"KRYW","Lago Vista/Allen Arpt, TX, US",2025-10-03 17:35:00,"2025-10-03 17:35:00","VFR",32.2,14,20,5,NA,NA,1021.4,"METAR KRYW 031735Z AUTO 02005KT 10SM SCT060 32/14 A3016 RMK AO2 T03220140",2025-10-03 18:06:18.717349,2025-10-03 14:06:18.717393
"KSEZ","Sedona Arpt, AZ, US",2025-10-03 17:35:00,"2025-10-03 10:35:00","VFR",27,7,160,8,16,NA,1020.4,"METAR KSEZ 031735Z AUTO 16008G16KT 120V210 10SM SCT075 27/07 A3013 RMK AO2",2025-10-03 18:06:18.724082,2025-10-03 14:06:18.724125
"KRWV","Caldwell Muni, TX, US",2025-10-03 17:35:00,"2025-10-03 17:35:00","VFR",NA,NA,20,4,NA,NA,1020.1,"METAR KRWV 031735Z AUTO 02004KT 10SM SCT055 A3012 RMK AO2 PWINO",2025-10-03 18:06:18.730325,2025-10-03 14:06:18.730368
"KS52","Methow Valley State Arpt, WA, US",2025-10-03 17:30:00,"2025-10-03 17:30:00","VFR",11.1,3,0,0,NA,NA,1019.4,"METAR KS52 031730Z AUTO 00000KT 10SM SCT095 11/03 A3010 RMK AO2 T01110030",2025-10-03 18:06:18.736537,2025-10-03 14:06:18.73658
"KSCH","Schenectady Cnty, NY, US",2025-10-03 16:51:00,"2025-10-03 12:51:00","VFR",21,8,180,5,NA,NA,1026.2,"METAR KSCH 031651Z 18005KT 10SM CLR 21/08 A3030",2025-10-03 18:06:18.742767,2025-10-03 14:06:18.742811
"KSNS","Salinas Muni, CA, US",2025-10-03 18:03:00,"2025-10-03 11:03:00","VFR",17.8,11.7,300,13,NA,NA,1019.4,"SPECI KSNS 031803Z 30013KT 10SM SCT027 BKN037 18/12 A3010 RMK AO2 T01780117",2025-10-03 18:06:21.308384,2025-10-03 14:06:21.308426
"KTCM","Tacoma/McChord AFB, WA, US",2025-10-03 18:00:00,"2025-10-03 11:00:00","IFR",13,12,0,0,NA,NA,1021.4,"SPECI KTCM 031800Z AUTO 00000KT 10SM OVC006 13/12 A3016 RMK AO2 CIG 005 RWY34 SLP218 $",2025-10-03 18:06:21.314857,2025-10-03 14:06:21.3149
"KSUE","Sturgeon Bay/Door Cnty, WI, US",2025-10-03 17:57:00,"2025-10-03 12:57:00","VFR",29.4,16.1,220,10,NA,NA,1019.7,"METAR KSUE 031757Z AUTO 22010KT 10SM FEW075 29/16 A3011 RMK AO2 SLP191 6//// T02940161 10300 20172 58014",2025-10-03 18:06:21.321106,2025-10-03 14:06:21.321149
"KSOP","Southern Pines/Moore Cnty, NC, US",2025-10-03 17:56:00,"2025-10-03 13:56:00","VFR",22.2,13.9,40,8,NA,NA,1026.8,"METAR KSOP 031756Z AUTO 04008KT 10SM FEW032 22/14 A3032 RMK AO2 SLP270 6//// T02220139 10222 20117 58022 PNO $",2025-10-03 18:06:21.327333,2025-10-03 14:06:21.327376
"KSLG","Siloam Springs/Smith Fld, AR, US",2025-10-03 17:56:00,"2025-10-03 12:56:00","VFR",28.3,15,200,5,NA,NA,1024.1,"METAR KSLG 031756Z AUTO 20005KT 10SM CLR 28/15 A3024 RMK AO2 SLP227 T02830150 10283 20172 58006",2025-10-03 18:06:21.333586,2025-10-03 14:06:21.333629
"KTAZ","Taylorville Muni, IL, US",2025-10-03 17:56:00,"2025-10-03 17:56:00","VFR",30,16,NA,NA,NA,NA,1023.1,"METAR KTAZ 031756Z AUTO 10SM CLR 30/16 A3021 RMK AO2",2025-10-03 18:06:21.340131,2025-10-03 14:06:21.340174
"KSQI","Sterling-Rock Falls Arpt, IL, US",2025-10-03 17:56:00,"2025-10-03 12:56:00","VFR",32.2,14.4,260,10,NA,NA,1021.8,"METAR KSQI 031756Z AUTO 26010KT 10SM CLR 32/14 A3017 RMK AO2 SLP211 T03220144 10322 20133 58015",2025-10-03 18:06:21.346432,2025-10-03 14:06:21.346477
"KSLE","Salem Muni, OR, US",2025-10-03 17:56:00,"2025-10-03 10:56:00","IFR",11.1,10.6,0,0,NA,2.5,1022.1,"METAR KSLE 031756Z 00000KT 2 1/2SM BR OVC005 11/11 A3018 RMK AO2 SLP220 T01110106 10111 20089 52010 $",2025-10-03 18:06:21.352854,2025-10-03 14:06:21.352896
"KSMN","Salmon/Lemhi Cnty, ID, US",2025-10-03 17:56:00,"2025-10-03 11:56:00","VFR",11.1,9.4,330,4,NA,6,1016.3,"METAR KSMN 031756Z AUTO 33004KT 6SM -RA BR OVC038 11/09 A3001 RMK AO2 RAB13 SLP152 P0000 60000 T01110094 10122 20106 53006",2025-10-03 18:06:21.370027,2025-10-03 14:06:21.370071
"KSMO","Santa Monica Muni, CA, US",2025-10-03 17:56:00,"2025-10-03 10:56:00","MVFR",21.1,15.6,220,6,NA,NA,1016.3,"SPECI KSMO 031756Z 22006KT 10SM BKN019 21/16 A3001 RMK AO2 T02110156",2025-10-03 18:06:21.376876,2025-10-03 14:06:21.376922
"KSRC","Searcy Muni, AR, US",2025-10-03 17:56:00,"2025-10-03 17:56:00","VFR",28.3,15,NA,4,NA,NA,1024.1,"METAR KSRC 031756Z AUTO VRB04KT 10SM CLR 28/15 A3024 RMK AO2 SLP237 T02830150 10283 20167 58010 $",2025-10-03 18:06:21.383672,2025-10-03 14:06:21.383734
"KT74","Taylor Muni, TX, US",2025-10-03 17:55:00,"2025-10-03 17:55:00","VFR",32,15,50,5,NA,NA,1021.1,"METAR KT74 031755Z AUTO 05005KT 10SM SCT060 32/15 A3015 RMK AO2",2025-10-03 18:06:21.389894,2025-10-03 14:06:21.389938
"KSRR","Ruidoso Rgnl, NM, US",2025-10-03 17:55:00,"2025-10-03 11:55:00","VFR",22,3,130,15,22,NA,1029.5,"METAR KSRR 031755Z AUTO 13015G22KT 10SM BKN085 22/03 A3040 RMK AO2",2025-10-03 18:06:21.396122,2025-10-03 14:06:21.396167
"KSPF","Spearfish/Clyde Fld, SD, US",2025-10-03 17:55:00,"2025-10-03 11:55:00","VFR",31,1,210,14,19,NA,1013,"METAR KSPF 031755Z AUTO 21014G19KT 10SM CLR 31/01 A2991 RMK AO2",2025-10-03 18:06:21.402367,2025-10-03 14:06:21.402411
"KSSC","Shaw AFB, SC, US",2025-10-03 17:55:00,"2025-10-03 13:55:00","VFR",24.3,14.4,350,4,NA,NA,1024.8,"METAR KSSC 031755Z 35004KT 10SM FEW250 24/14 A3026 RMK AO2A SLP247 T02430144 10249 20134 57020 $",2025-10-03 18:06:21.408782,2025-10-03 14:06:21.408827
"KSXK","Maurice/Sioux Cnty Rgnl, IA, US",2025-10-03 17:55:00,"2025-10-03 17:55:00","VFR",29,16,190,17,NA,NA,1017.7,"METAR KSXK 031755Z AUTO 19017KT 10SM CLR 29/16 A3005 RMK AO2",2025-10-03 18:06:21.415163,2025-10-03 14:06:21.415206
"KSLO","Salem/Leckrone Arpt, IL, US",2025-10-03 17:55:00,"2025-10-03 12:55:00","VFR",30,15.9,190,5,NA,NA,1023.8,"METAR KSLO 031755Z AUTO 19005KT 10SM CLR 30/16 A3023 RMK AO2 T03000159 10302 20179",2025-10-03 18:06:21.42151,2025-10-03 14:06:21.421551
"KT78","Liberty Muni, TX, US",2025-10-03 17:55:00,"2025-10-03 17:55:00","VFR",32,16,NA,6,NA,8,1018.7,"METAR KT78 031755Z AUTO VRB06KT 8SM FEW044 32/16 A3008 RMK AO2",2025-10-03 18:06:21.427841,2025-10-03 14:06:21.427886
"KSVC","Silver City/Grant Cnty, NM, US",2025-10-03 17:55:00,"2025-10-03 11:55:00","VFR",25.8,5.2,140,10,NA,NA,1025.5,"METAR KSVC 031755Z AUTO 14010KT 10SM CLR 26/05 A3028 RMK AO2 T02580052 10258 20123",2025-10-03 18:06:21.434139,2025-10-03 14:06:21.434181
"KSWW","Sweetwater/Avenger Fld, TX, US",2025-10-03 17:55:00,"2025-10-03 12:55:00",NA,33,10,170,3,NA,NA,1022.4,"METAR KSWW 031755Z AUTO 17003KT 10SM 33/10 A3019 RMK AO2 T03300100 10330 20198",2025-10-03 18:06:21.440412,2025-10-03 14:06:21.440455
"KSPK","Spanish Fork Muni, UT, US",2025-10-03 17:55:00,"2025-10-03 17:55:00","VFR",25,4,0,0,NA,NA,1013.6,"METAR KSPK 031755Z AUTO 00000KT 10SM CLR 25/04 A2993 RMK AO2",2025-10-03 18:06:21.446764,2025-10-03 14:06:21.446811
"KSRB","Sparta/Upper Cumberland Rgnl, TN, US",2025-10-03 17:55:00,"2025-10-03 17:55:00","VFR",25,14,NA,5,NA,9,1026.2,"METAR KSRB 031755Z AUTO VRB05KT 9SM CLR 25/14 A3030 RMK A01",2025-10-03 18:06:21.453143,2025-10-03 14:06:21.453185
"KSRE","Seminole Muni, OK, US",2025-10-03 17:55:00,"2025-10-03 17:55:00","VFR",31,16,NA,5,10,9,1021.8,"METAR KSRE 031755Z AUTO VRB05G10KT 9SM CLR 31/16 A3017 RMK AO2",2025-10-03 18:06:21.459453,2025-10-03 14:06:21.459496
"KSUO","Rosebud/Sioux Tribal Arpt, SD, US",2025-10-03 17:55:00,"2025-10-03 17:55:00","VFR",31,13,190,15,22,NA,1013.6,"METAR KSUO 031755Z AUTO 19015G22KT 10SM CLR 31/13 A2993 RMK AO2",2025-10-03 18:06:21.465757,2025-10-03 14:06:21.465801
"KSVE","Susanville Muni, CA, US",2025-10-03 17:55:00,"2025-10-03 10:55:00","VFR",13,7,340,4,NA,NA,1018.7,"METAR KSVE 031755Z AUTO 34004KT 10SM FEW027 BKN037 OVC050 13/07 A3008 RMK A01 P000",2025-10-03 18:06:21.472057,2025-10-03 14:06:21.4721
"KSYI","Shelbyville/Bomar Fld, TN, US",2025-10-03 17:55:00,"2025-10-03 12:55:00","VFR",25,14,0,0,NA,NA,1025.5,"METAR KSYI 031755Z AUTO 00000KT 10SM CLR 25/14 A3028 RMK A01",2025-10-03 18:06:21.478434,2025-10-03 14:06:21.478477
"KTCY","Tracy Muni, CA, US",2025-10-03 17:55:00,"2025-10-03 17:55:00","VFR",20,10,300,8,13,NA,1018,"METAR KTCY 031755Z AUTO 30008G13KT 10SM BKN035 BKN041 20/10 A3006 RMK A01",2025-10-03 18:06:21.48488,2025-10-03 14:06:21.484924
"KSLB","Storm Lake Muni, IA, US",2025-10-03 17:55:00,"2025-10-03 12:55:00","VFR",30,14,200,15,NA,NA,1019.7,"METAR KSLB 031755Z AUTO 20015KT 10SM CLR 30/14 A3011 RMK AO2",2025-10-03 18:06:21.502321,2025-10-03 14:06:21.502368
"KSLR","Sulphur Springs Muni, TX, US",2025-10-03 17:55:00,"2025-10-03 12:55:00","VFR",32,14.6,140,4,NA,NA,1021.8,"METAR KSLR 031755Z AUTO 14004KT 10SM SCT055 32/15 A3017 RMK AO2 T03200146 10320 20190 PWINO",2025-10-03 18:06:21.509176,2025-10-03 14:06:21.509222
"KSMD","Fort Wayne/Smith Fld, IN, US",2025-10-03 17:55:00,"2025-10-03 13:55:00","VFR",32,12,0,0,NA,9,1023.8,"METAR KSMD 031755Z AUTO 00000KT 9SM CLR 32/12 A3023 RMK A01",2025-10-03 18:06:21.515673,2025-10-03 14:06:21.515736
"KSOA","Sonora Muni, TX, US",2025-10-03 17:55:00,"2025-10-03 17:55:00","VFR",29,14,0,0,NA,NA,1022.8,"METAR KSOA 031755Z AUTO 00000KT 10SM CLR 29/14 A3020 RMK AO2",2025-10-03 18:06:21.521957,2025-10-03 14:06:21.521999
"KSYF","St Francis/Cheyenne Cnty, KS, US",2025-10-03 17:55:00,"2025-10-03 17:55:00","VFR",31,10,160,16,NA,NA,1017,"METAR KSYF 031755Z AUTO 16016KT 10SM CLR 31/10 A3003 RMK AO2 10316 20121",2025-10-03 18:06:21.528183,2025-10-03 14:06:21.528226
"KT20","Gonzales Muni, TX, US",2025-10-03 17:55:00,"2025-10-03 17:55:00","VFR",33.1,15.5,80,6,NA,NA,1019,"METAR KT20 031755Z AUTO 08006KT 10SM CLR 33/16 A3009 RMK AO2 T03310155 10331 20196",2025-10-03 18:06:21.534513,2025-10-03 14:06:21.534557
"KT35","Cameron Muni, TX, US",2025-10-03 17:55:00,"2025-10-03 17:55:00","VFR",33.7,17,70,4,NA,NA,1019.4,"METAR KT35 031755Z AUTO 07004KT 10SM CLR 34/17 A3010 RMK AO2 T03370170 10337 20186",2025-10-03 18:06:21.540883,2025-10-03 14:06:21.540927
"KTBR","Statesboro Muni, GA, US",2025-10-03 17:55:00,"2025-10-03 13:55:00","VFR",27,13,50,7,15,NA,1023.1,"METAR KTBR 031755Z AUTO 05007G15KT 10SM CLR 27/13 A3021 RMK AO2 10264 20158",2025-10-03 18:06:21.547235,2025-10-03 14:06:21.547279
"KSNL","Shawnee Rgnl, OK, US",2025-10-03 17:55:00,"2025-10-03 12:55:00","VFR",31.3,14.4,180,10,NA,NA,1021.8,"METAR KSNL 031755Z AUTO 18010KT 140V220 10SM CLR 31/14 A3017 RMK AO2 T03130144 10315 20200",2025-10-03 18:06:21.553584,2025-10-03 14:06:21.553628
"KSUT","Southport/Cape Fear Rgnl, NC, US",2025-10-03 17:55:00,"2025-10-03 17:55:00","VFR",25,17,60,12,20,NA,1024.1,"METAR KSUT 031755Z AUTO 06012G20KT 10SM FEW026 25/17 A3024 RMK AO2 10256 20143",2025-10-03 18:06:21.560057,2025-10-03 14:06:21.5601
"KTDF","Roxboro/Person Cnty, NC, US",2025-10-03 17:55:00,"2025-10-03 17:55:00","VFR",20,12,0,0,NA,NA,1027.9,"METAR KTDF 031755Z AUTO 00000KT 10SM SCT034 20/12 A3035 RMK AO2",2025-10-03 18:06:21.566376,2025-10-03 14:06:21.566418
"KSPA","Spartanburg/Downtown Arpt, SC, US",2025-10-03 17:55:00,"2025-10-03 13:55:00","VFR",21,9,40,6,NA,7,1026.8,"METAR KSPA 031755Z AUTO 04006KT 7SM CLR 21/09 A3032 RMK AO2",2025-10-03 18:06:21.57266,2025-10-03 14:06:21.57272
"KSSI","Brunswick/McKinnon St Simons Arpt, GA, US",2025-10-03 17:55:00,"2025-10-03 13:55:00","VFR",24,21,30,11,22,NA,1021.4,"METAR KSSI 031755Z AUTO 03011G22KT 330V060 10SM SCT016 BKN042 BKN050 24/21 A3016 RMK AO2",2025-10-03 18:06:21.579014,2025-10-03 14:06:21.579059
"KSME","Somerset/Lake Cumberland Rgnl, KY, US",2025-10-03 17:55:00,"2025-10-03 13:55:00","VFR",26,15,0,0,NA,NA,1025.5,"METAR KSME 031755Z AUTO 00000KT 10SM CLR 26/15 A3028 RMK AO2",2025-10-03 18:06:21.585381,2025-10-03 14:06:21.585424
"KTEX","Telluride Rgnl, CO, US",2025-10-03 17:55:00,"2025-10-03 11:55:00","VFR",17,0,190,13,23,NA,1030.2,"METAR KTEX 031755Z AUTO 19013G23KT 140V260 10SM BKN075 OVC090 17/00 A3042 RMK AO2",2025-10-03 18:06:21.591726,2025-10-03 14:06:21.591773
"KSVH","Statesville Muni, NC, US",2025-10-03 17:55:00,"2025-10-03 13:55:00","VFR",20.9,10.4,30,6,NA,NA,1027.9,"METAR KSVH 031755Z AUTO 03006KT 10SM CLR 21/10 A3035 RMK AO2 T02090104 10210 20112",2025-10-03 18:06:21.598051,2025-10-03 14:06:21.598095
"KSTE","Stevens Point Muni, WI, US",2025-10-03 17:55:00,"2025-10-03 12:55:00","VFR",27.6,16.6,260,5,NA,NA,1020.4,"METAR KSTE 031755Z AUTO 26005KT 10SM CLR 28/17 A3013 RMK AO2 T02760166 10277 20168",2025-10-03 18:06:21.604484,2025-10-03 14:06:21.604527
"KSMS","Sumter Muni, SC, US",2025-10-03 17:55:00,"2025-10-03 13:55:00","VFR",24,15,0,0,12,NA,1025.5,"METAR KSMS 031755Z AUTO 00000G12KT 10SM CLR 24/15 A3028 RMK AO2",2025-10-03 18:06:21.611061,2025-10-03 14:06:21.611105
"KTBN","Waynesville-St Robert Rgnl, MO, US",2025-10-03 17:55:00,"2025-10-03 12:55:00","VFR",29.7,16.8,160,3,NA,NA,1023.1,"METAR KTBN 031755Z AUTO 16003KT 10SM CLR 30/17 A3021 RMK AO2 SLP222 T02970168 10298 20164 58009 $",2025-10-03 18:06:21.617497,2025-10-03 14:06:21.617542
"KSNK","Snyder/Winston Fld, TX, US",2025-10-03 17:55:00,"2025-10-03 12:55:00","VFR",30.3,9.4,0,0,NA,NA,1021.8,"METAR KSNK 031755Z AUTO 00000KT 10SM CLR 30/09 A3017 RMK AO2 T03030094",2025-10-03 18:06:21.635551,2025-10-03 14:06:21.635593
"KTEW","Mason/Jewett Fld, MI, US",2025-10-03 17:55:00,"2025-10-03 17:55:00","VFR",29,13.2,220,5,NA,NA,1023.1,"METAR KTEW 031755Z AUTO 22005KT 10SM CLR 29/13 A3021 RMK AO2 T02900132 10293 20117",2025-10-03 18:06:21.642288,2025-10-03 14:06:21.642333
"KSOW","Show Low Muni, AZ, US",2025-10-03 17:55:00,"2025-10-03 10:55:00","VFR",25,7,200,19,25,NA,1024.8,"METAR KSOW 031755Z AUTO 20019G25KT 10SM FEW055 FEW065 SCT090 25/07 A3026 RMK AO2",2025-10-03 18:06:21.648636,2025-10-03 14:06:21.648679
"KSUW","Superior/Bong Arpt, WI, US",2025-10-03 17:55:00,"2025-10-03 12:55:00","VFR",24.1,17,60,6,NA,NA,1019,"METAR KSUW 031755Z AUTO 06006KT 10SM CLR 24/17 A3009 RMK AO2 T02410170 10241 20097",2025-10-03 18:06:21.654914,2025-10-03 14:06:21.654955
"KT69","Sinton/Thomas Arpt, TX, US",2025-10-03 17:55:00,"2025-10-03 17:55:00","VFR",31,22,NA,NA,NA,NA,1018,"METAR KT69 031755Z AUTO 10SM FEW038 31/22 A3006 RMK A01",2025-10-03 18:06:21.661127,2025-10-03 14:06:21.661169
"KSLI","Los Alamitos AAF, CA, US",2025-10-03 17:55:00,"2025-10-03 17:55:00","VFR",23.3,16.3,180,7,NA,NA,1015,"METAR KSLI 031755Z 18007KT 10SM FEW018 SCT026 BKN040 23/16 A2997 RMK AO2A SLP152 60000 T02330163 10233 20184 50003",2025-10-03 18:06:21.66745,2025-10-03 14:06:21.667494
"KSNC","Chester Arpt, CT, US",2025-10-03 17:55:00,"2025-10-03 17:55:00","VFR",21,9,NA,6,NA,NA,1026.2,"METAR KSNC 031755Z AUTO VRB06KT 170V230 10SM CLR 21/09 A3030 RMK AO2",2025-10-03 18:06:21.673827,2025-10-03 14:06:21.67387
"KSUZ","Benton/Saline Cnty, AR, US",2025-10-03 17:55:00,"2025-10-03 17:55:00","VFR",29,16,NA,4,NA,6,1023.1,"METAR KSUZ 031755Z AUTO VRB04KT 6SM HZ CLR 29/16 A3021 RMK A01",2025-10-03 18:06:21.680117,2025-10-03 14:06:21.680159
"KT82","Fredericksburg/Gillespie Cnty, TX, US",2025-10-03 17:55:00,"2025-10-03 17:55:00","VFR",29.2,13.8,170,7,NA,NA,1021.4,"METAR KT82 031755Z AUTO 17007KT 10SM SCT060 29/14 A3016 RMK AO2 T02920138 10294 20148",2025-10-03 18:06:21.686468,2025-10-03 14:06:21.68651
"KSZL","Whiteman AFB, MO, US",2025-10-03 17:55:00,"2025-10-03 12:55:00","VFR",30.7,18.1,190,8,NA,NA,1022.4,"METAR KSZL 031755Z 19008KT 10SM FEW049 SCT060 31/18 A3019 RMK AO2A SLP218 T03070181 10318 20178 57010 VISNO RWY01 CHINO RWY01 $",2025-10-03 18:06:21.692884,2025-10-03 14:06:21.692927
"KSTF","Starkville/Bryan Arpt, MS, US",2025-10-03 17:55:00,"2025-10-03 17:55:00","VFR",27,14,100,8,NA,NA,1023.1,"METAR KSTF 031755Z AUTO 10008KT 10SM SCT050 27/14 A3021 RMK AO2",2025-10-03 18:06:21.699165,2025-10-03 14:06:21.699208
"KSYN","Stanton Arpt, MN, US",2025-10-03 17:55:00,"2025-10-03 12:55:00","VFR",30,16,240,5,NA,NA,1019,"METAR KSYN 031755Z AUTO 24005KT 10SM CLR 30/16 A3009 RMK AO2",2025-10-03 18:06:21.705422,2025-10-03 14:06:21.705465
"KSLH","Cheboygan Cnty Arpt, MI, US",2025-10-03 17:55:00,"2025-10-03 17:55:00","VFR",28,14,250,7,NA,NA,1020.1,"METAR KSLH 031755Z AUTO 25007KT 10SM CLR 28/14 A3012 RMK AO2 10281 20125",2025-10-03 18:06:21.71171,2025-10-03 14:06:21.711757
"KSLC","Salt Lake City Intl, UT, US",2025-10-03 17:54:00,"2025-10-03 11:54:00","VFR",25.6,6.1,220,6,NA,NA,1012.6,"METAR KSLC 031754Z 22006KT 10SM FEW090 SCT110 BKN130 26/06 A2990 RMK AO2 LTG DSNT N RAE02 SLP075 VIRGA CB DSNT N SH DSNT NW-NE P0000 60000 T02560061 10256 20189 58006 $",2025-10-03 18:06:21.717978,2025-10-03 14:06:21.71802
"KTAD","Trinidad/Stokes Arpt, CO, US",2025-10-03 17:54:00,"2025-10-03 11:54:00","VFR",28.9,1.7,NA,NA,NA,NA,1022.4,"METAR KTAD 031754Z AUTO 10SM CLR 29/02 A3019 RMK AO2 SLP128 T02890017 10289 20133 58013",2025-10-03 18:06:21.724287,2025-10-03 14:06:21.72433
"KSUS","St Louis/Spirit of St Louis Arpt, MO, US",2025-10-03 17:54:00,"2025-10-03 12:54:00","VFR",30,16.1,260,5,NA,NA,1022.8,"METAR KSUS 031754Z 26005KT 10SM FEW055 30/16 A3020 RMK AO2 SLP219 T03000161 10300 20161 58012",2025-10-03 18:06:21.730606,2025-10-03 14:06:21.730649
"KSYR","Syracuse/Hancock Intl, NY, US",2025-10-03 17:54:00,"2025-10-03 13:54:00","VFR",23.3,10,280,5,NA,NA,1024.5,"METAR KSYR 031754Z 28005KT 10SM FEW250 23/10 A3025 RMK AO2 SLP238 T02330100 10233 20083 58021 $",2025-10-03 18:06:21.736954,2025-10-03 14:06:21.736998
"KTDZ","Toledo Executive Arpt, OH, US",2025-10-03 17:53:00,"2025-10-03 13:53:00","VFR",27.8,9.4,0,0,NA,NA,1023.8,"METAR KTDZ 031753Z AUTO 00000KT 10SM CLR 28/09 A3023 RMK AO2 SLP234 T02780094 10283 20100 58014",2025-10-03 18:06:21.743335,2025-10-03 14:06:21.743379
"KSNY","Sidney/Carr Fld, NE, US",2025-10-03 17:53:00,"2025-10-03 11:53:00","VFR",28.3,9.4,190,11,18,NA,1018,"METAR KSNY 031753Z AUTO 19011G18KT 10SM CLR 28/09 A3006 RMK AO2 SLP128 T02830094 10283 20100 58008",2025-10-03 18:06:21.760719,2025-10-03 14:06:21.760768
"KSMF","Sacramento Intl, CA, US",2025-10-03 17:53:00,"2025-10-03 10:53:00","VFR",16.7,13.3,0,0,NA,NA,1018,"METAR KSMF 031753Z 00000KT 10SM FEW019 OVC036 17/13 A3006 RMK AO2 RAB20E35 SLP178 P0000 60000 T01670133 10167 20128 53012",2025-10-03 18:06:21.767489,2025-10-03 14:06:21.767534
"KSPG","St Petersburg/Whitted Arpt, FL, US",2025-10-03 17:53:00,"2025-10-03 13:53:00","VFR",28.9,22.2,60,14,22,NA,1015.7,"METAR KSPG 031753Z 06014G22KT 10SM CLR 29/22 A2999 RMK AO2 SLP156 T02890222 10289 20239 58020 $",2025-10-03 18:06:21.774199,2025-10-03 14:06:21.774241
"KSPW","Spencer Muni, IA, US",2025-10-03 17:53:00,"2025-10-03 12:53:00","VFR",31.1,14.4,200,14,21,NA,1019,"METAR KSPW 031753Z AUTO 20014G21KT 10SM CLR 31/14 A3009 RMK AO2 SLP181 T03110144 10311 20139 58014 PWINO",2025-10-03 18:06:21.780473,2025-10-03 14:06:21.780516
"KSTJ","St Joseph/Rosecrans Mem, MO, US",2025-10-03 17:53:00,"2025-10-03 12:53:00","VFR",31.1,16.7,200,8,NA,NA,1021.1,"METAR KSTJ 031753Z 20008KT 10SM CLR 31/17 A3015 RMK AO2 SLP203 T03110167 10317 20139 $",2025-10-03 18:06:21.786752,2025-10-03 14:06:21.786796
"KTCL","Tuscaloosa Rgnl, AL, US",2025-10-03 17:53:00,"2025-10-03 12:53:00","VFR",26.7,13.9,NA,5,NA,NA,1023.8,"METAR KTCL 031753Z VRB05KT 10SM BKN065 27/14 A3023 RMK AO2 SLP234 T02670139 10272 20139 58019",2025-10-03 18:06:21.793095,2025-10-03 14:06:21.793139
"KSNA","Santa Ana/Wayne Arpt, CA, US",2025-10-03 17:53:00,"2025-10-03 10:53:00","VFR",22.8,16.1,180,7,NA,NA,1016.3,"METAR KSNA 031753Z 18007KT 10SM FEW021 SCT041 23/16 A3001 RMK AO2 SLP159 60000 T02280161 10228 20178 50005",2025-10-03 18:06:21.799497,2025-10-03 14:06:21.799539
"KSLN","Salina Rgnl, KS, US",2025-10-03 17:53:00,"2025-10-03 12:53:00","VFR",30,16.1,190,17,25,NA,1019.7,"METAR KSLN 031753Z 19017G25KT 10SM CLR 30/16 A3011 RMK AO2 PK WND 19027/1703 SLP183 T03000161 10300 20167 58013",2025-10-03 18:06:21.805894,2025-10-03 14:06:21.805937
"KSTS","Santa Rosa/Schulz Arpt, CA, US",2025-10-03 17:53:00,"2025-10-03 10:53:00","VFR",18.9,11.1,NA,4,NA,NA,1018,"METAR KSTS 031753Z VRB04KT 10SM SCT030 19/11 A3006 RMK AO2 SLP173 T01890111 10189 20106 52006",2025-10-03 18:06:21.812266,2025-10-03 14:06:21.81231
"KTCC","Tucumcari Muni, NM, US",2025-10-03 17:53:00,"2025-10-03 11:53:00","VFR",31.7,6.1,220,16,27,NA,1022.1,"METAR KTCC 031753Z AUTO 22016G27KT 10SM CLR 32/06 A3018 RMK AO2 PK WND 24027/1747 SLP159 T03170061 10317 20167 58008",2025-10-03 18:06:21.818674,2025-10-03 14:06:21.818738
"KSMQ","Somerville/Somerset Arpt, NJ, US",2025-10-03 17:53:00,"2025-10-03 17:53:00","VFR",22.8,11.1,NA,3,NA,NA,1025.8,"METAR KSMQ 031753Z AUTO VRB03KT 10SM FEW050 23/11 A3029 RMK AO2 SLP257 T02280111 10239 20061 58029",2025-10-03 18:06:21.825113,2025-10-03 14:06:21.825156
"KSTP","Saint Paul/Downtown Arpt, MN, US",2025-10-03 17:53:00,"2025-10-03 12:53:00","VFR",27.2,17.8,0,0,NA,NA,1018.7,"METAR KSTP 031753Z 00000KT 10SM CLR 27/18 A3008 RMK AO2 SLP182 T02720178 10278 20161 58008",2025-10-03 18:06:21.831387,2025-10-03 14:06:21.831431
"KTCS","Truth or Consequence Muni, NM, US",2025-10-03 17:53:00,"2025-10-03 11:53:00","VFR",26.7,6.7,180,10,18,NA,1024.5,"METAR KTCS 031753Z AUTO 18010G18KT 10SM CLR 27/07 A3025 RMK AO2 SLP161 T02670067 10267 20150 58006",2025-10-03 18:06:21.837729,2025-10-03 14:06:21.837775
"KSPB","Scappoose Ind Arpk, OR, US",2025-10-03 17:53:00,"2025-10-03 17:53:00","LIFR",11.7,11.1,110,3,NA,5,1021.8,"METAR KSPB 031753Z AUTO 11003KT 5SM BR OVC003 12/11 A3017 RMK AO2 SLP217 T01170111 10117 20072 53005",2025-10-03 18:06:21.844002,2025-10-03 14:06:21.844044
"KSRQ","Sarasota-Bradenton Intl, FL, US",2025-10-03 17:53:00,"2025-10-03 13:53:00","VFR",31.1,20.6,90,8,NA,NA,1015.7,"METAR KSRQ 031753Z 09008KT 10SM FEW048 FEW055 FEW070 31/21 A2999 RMK AO2 SLP155 T03110206 10311 20228 58017",2025-10-03 18:06:21.85029,2025-10-03 14:06:21.850333
"KSSF","San Antonio/Stinson Muni, TX, US",2025-10-03 17:53:00,"2025-10-03 12:53:00","VFR",32.2,15.6,220,7,NA,NA,1018.4,"METAR KSSF 031753Z 22007KT 10SM FEW065 32/16 A3007 RMK AO2 SLP171 T03220156 10328 20206 58012 $",2025-10-03 18:06:21.856664,2025-10-03 14:06:21.856725
"KSTC","St Cloud Rgnl, MN, US",2025-10-03 17:53:00,"2025-10-03 12:53:00","VFR",27.8,16.7,160,7,NA,NA,1018,"METAR KSTC 031753Z 16007KT 10SM CLR 28/17 A3006 RMK AO2 SLP183 60000 T02780167 10278 20111 58013 $",2025-10-03 18:06:21.863162,2025-10-03 14:06:21.863206
"KSWO","Stillwater Muni, OK, US",2025-10-03 17:53:00,"2025-10-03 12:53:00","VFR",31.1,16.7,180,14,NA,NA,1021.4,"METAR KSWO 031753Z 18014KT 10SM FEW047 31/17 A3016 RMK AO2 SLP200 T03110167 10311 20178 58012",2025-10-03 18:06:21.869529,2025-10-03 14:06:21.869574
"KSPS","Wichita Falls Rgnl, TX, US",2025-10-03 17:52:00,"2025-10-03 12:52:00","VFR",31.1,15.6,180,10,NA,NA,1020.4,"METAR KSPS 031752Z 18010KT 10SM CLR 31/16 A3013 RMK AO2 SLP191 T03110156 10311 20167 58010",2025-10-03 18:06:21.87607,2025-10-03 14:06:21.876115
"KSPI","Springfield/Lincoln Capital Arpt, IL, US",2025-10-03 17:52:00,"2025-10-03 12:52:00","VFR",30,16.1,0,0,NA,NA,1022.8,"METAR KSPI 031752Z 00000KT 10SM CLR 30/16 A3020 RMK AO2 SLP221 T03000161 10306 20172 58013",2025-10-03 18:06:21.894066,2025-10-03 14:06:21.894112
"KSUX","Sioux City/Day Fld, IA, US",2025-10-03 17:52:00,"2025-10-03 12:52:00","VFR",29.4,16.7,170,10,NA,NA,1018.7,"METAR KSUX 031752Z 17010KT 10SM CLR 29/17 A3008 RMK AO2 SLP178 T02940167 10294 20144 58014",2025-10-03 18:06:21.90086,2025-10-03 14:06:21.900905
"KTAN","Taunton Muni, MA, US",2025-10-03 17:52:00,"2025-10-03 17:52:00","VFR",20.6,8.9,220,7,NA,NA,1025.1,"METAR KTAN 031752Z AUTO 22007KT 160V240 10SM CLR 21/09 A3027 RMK AO2 SLP251 T02060089 10206 20056 58026",2025-10-03 18:06:21.907317,2025-10-03 14:06:21.90736
"KSTL","St Louis/Lambert Intl, MO, US",2025-10-03 17:51:00,"2025-10-03 12:51:00","VFR",30.6,15,240,6,NA,NA,1023.5,"METAR KSTL 031751Z 24006KT 10SM FEW055 FEW075 31/15 A3022 RMK AO2 SLP221 T03060150 10311 20206 58010 $",2025-10-03 18:06:21.913567,2025-10-03 14:06:21.913609
"KSLK","Saranac Lake/Adirondack Rgnl, NY, US",2025-10-03 17:51:00,"2025-10-03 13:51:00","VFR",21.7,3.3,240,7,NA,NA,1023.5,"METAR KSLK 031751Z AUTO 24007KT 10SM CLR 22/03 A3022 RMK AO2 SLP239 T02170033 10217 20006 58021",2025-10-03 18:06:21.919797,2025-10-03 14:06:21.91984
"KTEB","Teterboro Arpt, NJ, US",2025-10-03 17:51:00,"2025-10-03 13:51:00","VFR",21.7,8.9,250,6,NA,NA,1025.8,"METAR KTEB 031751Z 25006KT 10SM CLR 22/09 A3029 RMK AO2 SLP257 T02170089 10228 20117 58029",2025-10-03 18:06:21.926175,2025-10-03 14:06:21.926218
"KSMX","Santa Maria/Hancock Fld, CA, US",2025-10-03 17:51:00,"2025-10-03 10:51:00","VFR",20,12.8,290,13,NA,NA,1018.4,"METAR KSMX 031751Z 29013KT 10SM SCT024 20/13 A3007 RMK AO2 SLP182 T02000128 10200 20117 50001 $",2025-10-03 18:06:21.932543,2025-10-03 14:06:21.932585
"KSQL","San Carlos Arpt, CA, US",2025-10-03 17:50:00,"2025-10-03 10:50:00","MVFR",18,12,280,11,16,NA,1018.7,"METAR KSQL 031750Z 28011G16KT 10SM BKN027 18/12 A3008",2025-10-03 18:06:21.938876,2025-10-03 14:06:21.938919
"KSUA","Stuart/Witham Fld, FL, US",2025-10-03 17:47:00,"2025-10-03 13:47:00","MVFR",29,24,90,18,25,7,1015.7,"METAR KSUA 031747Z 09018G25KT 7SM VCTS BKN023 BKN028 29/24 A2999",2025-10-03 18:06:21.945123,2025-10-03 14:06:21.945164
"KSNH","Savannah/Hardin Cnty, TN, US",2025-10-03 17:45:00,"2025-10-03 17:45:00","VFR",26,16,180,6,NA,NA,1024.8,"METAR KSNH 031745Z AUTO 18006KT 10SM CLR 26/16 A3026 RMK A01",2025-10-03 18:06:21.951468,2025-10-03 14:06:21.951511
"KSWF","Newburgh/Stewart Intl, NY, US",2025-10-03 17:45:00,"2025-10-03 13:45:00","VFR",NA,NA,250,8,NA,NA,1025.5,"METAR KSWF 031745Z 25008KT 10SM SKC 21/009 A3028",2025-10-03 18:06:21.957869,2025-10-03 14:06:21.957913
"KTFP","Ingleside Rgnl, TX, US",2025-10-03 17:35:00,"2025-10-03 17:35:00","VFR",30.3,22,50,8,NA,NA,1018,"METAR KTFP 031735Z AUTO 05008KT 10SM SCT029 30/22 A3006 RMK AO1 T03030220",2025-10-03 18:06:21.964128,2025-10-03 14:06:21.964171
"KSZT","Sandpoint Arpt, ID, US",2025-10-03 17:30:00,"2025-10-03 17:30:00","VFR",13,5,40,8,14,NA,1017.7,"METAR KSZT 031730Z AUTO 04008G14KT 10SM CLR 13/05 A3005 RMK AO2",2025-10-03 18:06:21.97041,2025-10-03 14:06:21.970452
"KT41","La Porte Muni, TX, US",2025-10-03 17:30:00,"2025-10-03 17:30:00","VFR",30.6,20.9,100,11,NA,NA,1019.7,"METAR KT41 031730Z AUTO 10011KT 10SM SCT038 31/21 A3011 RMK AO2 TSNO T03060209",2025-10-03 18:06:21.976685,2025-10-03 14:06:21.976749
"KSUU","Fairfield/Travis AFB, CA, US",2025-10-03 17:10:00,"2025-10-03 10:10:00","VFR",19,13,340,3,NA,NA,1017,"SPECI KSUU 031710Z AUTO 34003KT 10SM FEW016 FEW026 BKN090 19/13 A3003 RMK AO2 SLP175 $",2025-10-03 18:06:21.98302,2025-10-03 14:06:21.983063
"KSVN","Savannah/Hunter AAF, GA, US",2025-10-03 16:55:00,"2025-10-03 12:55:00","VFR",26.9,16.8,30,9,NA,NA,1022.1,"METAR KSVN 031655Z AUTO 03009KT 10SM CLR 27/17 A3018 RMK AO2 SLP223 T02690168",2025-10-03 18:06:21.989381,2025-10-03 14:06:21.989425
"KSUN","Hailey/Friedman Mem, ID, US",2025-10-03 16:55:00,"2025-10-03 10:55:00","MVFR",11,9,130,10,NA,7,1017.4,"METAR KSUN 031655Z 13010KT 7SM SCT006 BKN013 11/09 A3004",2025-10-03 18:06:21.995716,2025-10-03 14:06:21.995763
"KVBT","Bentonville Muni, AR, US",2025-10-03 17:56:00,"2025-10-03 17:56:00","VFR",27.8,15.6,190,4,NA,NA,1024.5,"METAR KVBT 031756Z AUTO 19004KT 10SM CLR 28/16 A3025 RMK AO2 SLP234 T02780156 10278 20183 58007",2025-10-03 18:06:23.958248,2025-10-03 14:06:23.958291
"KUCP","New Castle Muni, PA, US",2025-10-03 17:56:00,"2025-10-03 17:56:00","VFR",24.4,11.7,0,0,NA,9,1025.5,"METAR KUCP 031756Z AUTO 00000KT 9SM CLR 24/12 A3028 RMK AO2 SLP266 T02440117 10250 20100 58018",2025-10-03 18:06:23.964603,2025-10-03 14:06:23.964643
"KTVF","Thief River Rgnl, MN, US",2025-10-03 17:56:00,"2025-10-03 12:56:00","VFR",28.3,10,160,16,22,NA,1015,"METAR KTVF 031756Z AUTO 16016G22KT 10SM CLR 28/10 A2997 RMK AO2 SLP146 T02830100 10289 20139 58023",2025-10-03 18:06:23.970959,2025-10-03 14:06:23.971002
"KUKI","Ukiah Muni, CA, US",2025-10-03 17:56:00,"2025-10-03 10:56:00","VFR",17.8,10,NA,3,NA,NA,1018.4,"METAR KUKI 031756Z AUTO VRB03KT 10SM CLR 18/10 A3007 RMK AO2 SLP178 T01780100 10178 20133 51005",2025-10-03 18:06:23.977315,2025-10-03 14:06:23.977358
"KUDG","Darlington Cnty, SC, US",2025-10-03 17:56:00,"2025-10-03 17:56:00","VFR",24.4,14.4,360,8,NA,NA,1025.8,"METAR KUDG 031756Z AUTO 36008KT 10SM CLR 24/14 A3029 RMK AO2 SLP256 T02440144 10244 20122 58023 $",2025-10-03 18:06:23.98359,2025-10-03 14:06:23.983634
"KU55","Panguitch Muni, UT, US",2025-10-03 17:55:00,"2025-10-03 11:55:00","VFR",21,-1,200,20,31,NA,1020.4,"METAR KU55 031755Z AUTO 20020G31KT 10SM CLR 21/M01 A3013 RMK A01",2025-10-03 18:06:23.989908,2025-10-03 14:06:23.989951
"KUTA","Tunica Muni, MS, US",2025-10-03 17:55:00,"2025-10-03 12:55:00","VFR",28,12.9,NA,4,NA,NA,1024.1,"METAR KUTA 031755Z AUTO VRB04KT 10SM CLR 28/13 A3024 RMK AO2 T02800129 10280 20172 58010 $",2025-10-03 18:06:23.996336,2025-10-03 14:06:23.99638
"KUOX","Oxford/University Arpt, MS, US",2025-10-03 17:55:00,"2025-10-03 12:55:00","VFR",26,13,NA,5,NA,NA,1024.8,"METAR KUOX 031755Z AUTO VRB05KT 10SM CLR 26/13 A3026 RMK AO2 PWINO",2025-10-03 18:06:24.002673,2025-10-03 14:06:24.002738
"KULS","Ulysses Arpt, KS, US",2025-10-03 17:55:00,"2025-10-03 17:55:00","VFR",33,10,190,15,21,9,1018,"METAR KULS 031755Z AUTO 19015G21KT 9SM CLR 33/10 A3006 RMK AO2",2025-10-03 18:06:24.008929,2025-10-03 14:06:24.008971
"KUSE","Wauseon/Fulton Cnty, OH, US",2025-10-03 17:55:00,"2025-10-03 17:55:00","VFR",30,10,NA,3,NA,NA,1023.5,"METAR KUSE 031755Z AUTO VRB03KT 10SM CLR 30/10 A3022 RMK AO2",2025-10-03 18:06:24.015297,2025-10-03 14:06:24.015341
"KUWL","New Castle/Henry Cnty, IN, US",2025-10-03 17:55:00,"2025-10-03 17:55:00","LIFR",29,12,NA,5,11,0.25,1024.1,"METAR KUWL 031755Z AUTO VRB05G11KT M1/4SM HZ BKN065 29/12 A3024 RMK A01",2025-10-03 18:06:24.021593,2025-10-03 14:06:24.021636
"KVCV","Victorville/S California Arpt, CA, US",2025-10-03 17:55:00,"2025-10-03 10:55:00","VFR",21,10,260,8,NA,NA,1017,"METAR KVCV 031755Z AUTO 26008KT 10SM BKN035 BKN041 21/10 A3003 RMK AO2",2025-10-03 18:06:24.027897,2025-10-03 14:06:24.02794
"KUKL","Burlington/Coffey Cnty, KS, US",2025-10-03 17:55:00,"2025-10-03 17:55:00","VFR",29.9,17.7,200,11,NA,NA,1022.1,"METAR KUKL 031755Z AUTO 20011KT 10SM CLR 30/18 A3018 RMK AO2 T02990177 10299 20166",2025-10-03 18:06:24.034238,2025-10-03 14:06:24.034281
"KUXL","Sulphur/Southland Fld, LA, US",2025-10-03 17:55:00,"2025-10-03 17:55:00","VFR",30.2,20.1,40,11,NA,NA,1019.7,"METAR KUXL 031755Z AUTO 04011KT 10SM CLR 30/20 A3011 RMK AO2 T03020201 10302 20227",2025-10-03 18:06:24.040581,2025-10-03 14:06:24.040625
"KTKX","Kennett Arpt, MO, US",2025-10-03 17:55:00,"2025-10-03 12:55:00","VFR",29,14,190,5,NA,NA,1024.1,"METAR KTKX 031755Z AUTO 19005KT 10SM CLR 29/14 A3024 RMK AO2",2025-10-03 18:06:24.04698,2025-10-03 14:06:24.047026
"KVAD","Valdosta/Moody AFB, GA, US",2025-10-03 17:55:00,"2025-10-03 13:55:00","VFR",27.4,16.6,50,12,17,NA,1021.1,"METAR KVAD 031755Z AUTO 05012G17KT 10SM FEW039 SCT050 BKN060 27/17 A3015 RMK AO2 SLP210 T02740166 10280 20192 58013 $",2025-10-03 18:06:24.064472,2025-10-03 14:06:24.064556
"KTTS","NASA Shuttle Landing Arpt, FL, US",2025-10-03 17:55:00,"2025-10-03 17:55:00",NA,NA,NA,NA,NA,NA,NA,1017.4,"METAR KTTS 031755Z AUTO M M M M M A3004 RMK AO2 SLPNO ALSTG ESTMD 10291 20248 57007 RVRNO FZRANO TSNO $",2025-10-03 18:06:24.071733,2025-10-03 14:06:24.071779
"KULM","New Ulm Muni, MN, US",2025-10-03 17:55:00,"2025-10-03 12:55:00","VFR",29,16,190,7,NA,NA,1018.4,"METAR KULM 031755Z AUTO 19007KT 10SM CLR 29/16 A3007 RMK AO2",2025-10-03 18:06:24.078429,2025-10-03 14:06:24.078472
"KTIP","Rantoul/Chanute AFB, IL, US",2025-10-03 17:55:00,"2025-10-03 17:55:00","VFR",30,14.3,200,5,NA,NA,1022.8,"METAR KTIP 031755Z AUTO 20005KT 10SM SCT085 30/14 A3020 RMK AO2 T03000143 10306 20155",2025-10-03 18:06:24.084676,2025-10-03 14:06:24.084739
"KTMA","Tifton/Myers Arpt, GA, US",2025-10-03 17:55:00,"2025-10-03 13:55:00","VFR",28,15.2,60,13,18,NA,1022.8,"METAR KTMA 031755Z AUTO 06013G18KT 10SM BKN048 28/15 A3020 RMK AO2 T02800152 10281 20182 58014",2025-10-03 18:06:24.090943,2025-10-03 14:06:24.090986
"KUYF","London/Madison Cnty, OH, US",2025-10-03 17:55:00,"2025-10-03 17:55:00","VFR",29,11,10,5,NA,NA,1024.8,"METAR KUYF 031755Z AUTO 01005KT 10SM CLR 29/11 A3026 RMK AO2",2025-10-03 18:06:24.097251,2025-10-03 14:06:24.097294
"KTWM","Two Harbors/Helgeson Arpt, MN, US",2025-10-03 17:55:00,"2025-10-03 17:55:00",NA,26,17,100,5,NA,NA,1019.4,"METAR KTWM 031755Z AUTO 10005KT CLR 26/17 A3010 RMK AO2 PWINO",2025-10-03 18:06:24.103581,2025-10-03 14:06:24.103622
"KTWT","Sturgis Muni, KY, US",2025-10-03 17:55:00,"2025-10-03 17:55:00",NA,NA,NA,190,6,NA,NA,1025.5,"METAR KTWT 031755Z AUTO 19006KT 10SM A3028 RMK AO2",2025-10-03 18:06:24.109993,2025-10-03 14:06:24.110037
"KUNU","Juneau/Dodge Cnty, WI, US",2025-10-03 17:55:00,"2025-10-03 12:55:00","VFR",28.8,14.8,230,10,14,NA,1021.8,"METAR KUNU 031755Z AUTO 23010G14KT 10SM CLR 29/15 A3017 RMK AO2 T02880148 10289 20140 TSNO",2025-10-03 18:06:24.116314,2025-10-03 14:06:24.116356
"KTVI","Thomasville Rgnl, GA, US",2025-10-03 17:55:00,"2025-10-03 13:55:00","VFR",27,16,60,11,17,NA,1021.8,"METAR KTVI 031755Z AUTO 06011G17KT 10SM BKN041 OVC050 27/16 A3017 RMK AO2",2025-10-03 18:06:24.12271,2025-10-03 14:06:24.122759
"KTVY","Tooele Valley Arpt, UT, US",2025-10-03 17:55:00,"2025-10-03 17:55:00","VFR",22,8,200,5,NA,NA,1013.3,"METAR KTVY 031755Z AUTO 20005KT 10SM OVC090 22/08 A2992 RMK AO2 10249 20176",2025-10-03 18:06:24.129093,2025-10-03 14:06:24.129137
"KTQH","Tahlequah Muni, OK, US",2025-10-03 17:55:00,"2025-10-03 17:55:00",NA,31,15,0,0,NA,NA,NA,"METAR KTQH 031755Z AUTO 00000KT 10SM 31/15 RMK AO2",2025-10-03 18:06:24.135378,2025-10-03 14:06:24.13542
"KTMK","Tillamook Arpt, OR, US",2025-10-03 17:55:00,"2025-10-03 10:55:00","MVFR",16,14,0,0,NA,NA,1021.8,"METAR KTMK 031755Z AUTO 00000KT 10SM FEW015 OVC028 16/14 A3017 RMK AO2",2025-10-03 18:06:24.14168,2025-10-03 14:06:24.141743
"KTNU","Newton Muni, IA, US",2025-10-03 17:55:00,"2025-10-03 12:55:00","VFR",30,17,230,8,NA,NA,1021.1,"METAR KTNU 031755Z AUTO 23008KT 190V250 10SM CLR 30/17 A3015 RMK A01",2025-10-03 18:06:24.14801,2025-10-03 14:06:24.148054
"KU14","Nephi Muni, UT, US",2025-10-03 17:55:00,"2025-10-03 11:55:00","VFR",26,1,160,20,26,NA,1014.6,"METAR KU14 031755Z AUTO 16020G26KT 10SM CLR 26/01 A2996 RMK AO2 PK WND 17026/43 10266 20102",2025-10-03 18:06:24.154443,2025-10-03 14:06:24.154486
"KTKC","Tracy Muni, MN, US",2025-10-03 17:55:00,"2025-10-03 17:55:00","VFR",30,16,220,12,NA,NA,1017.7,"METAR KTKC 031755Z AUTO 22012KT 10SM FEW120 30/16 A3005 RMK AO2",2025-10-03 18:06:24.160798,2025-10-03 14:06:24.160841
"KTTA","Sanford/Lee Cnty, NC, US",2025-10-03 17:55:00,"2025-10-03 17:55:00","VFR",21.4,12.3,350,4,NA,NA,1026.8,"METAR KTTA 031755Z AUTO 35004KT 10SM SCT035 21/12 A3032 RMK AO2 T02140123 10218 20077",2025-10-03 18:06:24.167188,2025-10-03 14:06:24.16723
"KVBG","Vandenberg AFB, CA, US",2025-10-03 17:55:00,"2025-10-03 10:55:00","VFR",18.5,13.3,330,17,23,NA,1018.4,"METAR KVBG 031755Z 33017G23KT 10SM SCT018 19/13 A3007 RMK AO2A SLP185 T01850133 10185 20121 50003",2025-10-03 18:06:24.173588,2025-10-03 14:06:24.173631
"KTSP","Tehachapi Muni, CA, US",2025-10-03 17:55:00,"2025-10-03 10:55:00","MVFR",11,10,310,17,NA,NA,1019,"METAR KTSP 031755Z AUTO 31017KT 10SM FEW021 BKN028 OVC040 11/10 A3009 RMK AO2",2025-10-03 18:06:24.18006,2025-10-03 14:06:24.180105
"KVDI","Vidalia Rgnl, GA, US",2025-10-03 17:55:00,"2025-10-03 13:55:00","VFR",28,11,40,12,19,NA,1023.1,"METAR KVDI 031755Z AUTO 04012G19KT 010V070 10SM CLR 28/11 A3021 RMK AO2 10278 20165",2025-10-03 18:06:24.197756,2025-10-03 14:06:24.197804
"KTQK","Scott City Muni, KS, US",2025-10-03 17:55:00,"2025-10-03 17:55:00","VFR",29.8,12.3,180,12,17,NA,1018.7,"METAR KTQK 031755Z AUTO 18012G17KT 10SM CLR 30/12 A3008 RMK AO2 T02980123 10300 20123",2025-10-03 18:06:24.204628,2025-10-03 14:06:24.204672
"KUKF","Wilkesboro/Wilkes Cnty, NC, US",2025-10-03 17:55:00,"2025-10-03 13:55:00","VFR",20,10,90,3,NA,NA,1029.2,"METAR KUKF 031755Z AUTO 09003KT 10SM CLR 20/10 A3039 RMK AO2",2025-10-03 18:06:24.211055,2025-10-03 14:06:24.211099
"KTVK","Centerville Muni, IA, US",2025-10-03 17:55:00,"2025-10-03 17:55:00",NA,30,15,210,8,NA,NA,1022.4,"METAR KTVK 031755Z AUTO 21008KT 10SM -RA 30/15 A3019 RMK AO2",2025-10-03 18:06:24.217334,2025-10-03 14:06:24.217376
"KTYQ","Indianapolis Exec, IN, US",2025-10-03 17:55:00,"2025-10-03 17:55:00","VFR",27.9,14.6,0,0,NA,NA,1023.8,"METAR KTYQ 031755Z AUTO 00000KT 10SM CLR 28/15 A3023 RMK AO2 T02790146 10294 20107",2025-10-03 18:06:24.2236,2025-10-03 14:06:24.223643
"KTME","Houston/Executive Arpt, TX, US",2025-10-03 17:55:00,"2025-10-03 17:55:00","VFR",31,17,80,8,NA,NA,1019.4,"METAR KTME 031755Z AUTO 08008KT 10SM FEW050 31/17 A3010 RMK AO2",2025-10-03 18:06:24.229959,2025-10-03 14:06:24.230003
"KUMP","Indianapolis Metro, IN, US",2025-10-03 17:55:00,"2025-10-03 17:55:00","VFR",29.9,13.5,290,3,NA,NA,1023.8,"METAR KUMP 031755Z AUTO 29003KT 10SM CLR 30/14 A3023 RMK AO2 T02990135 $",2025-10-03 18:06:24.236339,2025-10-03 14:06:24.236382
"KU96","Halls Crossing Arpt, UT, US",2025-10-03 17:55:00,"2025-10-03 17:55:00","VFR",27.5,2.5,130,11,NA,NA,1017.4,"METAR KU96 031755Z AUTO 13011KT 10SM CLR 27/03 A3004 RMK AO2 T02750025 10276 20190 58006 $",2025-10-03 18:06:24.242677,2025-10-03 14:06:24.242753
"KTIK","Tinker AFB, OK, US",2025-10-03 17:55:00,"2025-10-03 12:55:00","VFR",30.7,17,170,8,NA,NA,1020.1,"METAR KTIK 031755Z AUTO 17008KT 10SM CLR 31/17 A3012 RMK AO2 SLP188 T03070170 10307 20191 58008",2025-10-03 18:06:24.249047,2025-10-03 14:06:24.24909
"KTYL","Taylor Arpt, AZ, US",2025-10-03 17:55:00,"2025-10-03 10:55:00","VFR",27,5,190,13,25,NA,1023.5,"METAR KTYL 031755Z AUTO 19013G25KT 10SM CLR 27/05 A3022 RMK AO2",2025-10-03 18:06:24.255464,2025-10-03 14:06:24.255507
"KTKV","Tomahawk Rgnl, WI, US",2025-10-03 17:55:00,"2025-10-03 17:55:00","VFR",27.3,12.9,0,0,NA,NA,1020.1,"METAR KTKV 031755Z AUTO 00000KT 10SM CLR 27/13 A3012 RMK AO2 T02730129 10273 20110 PWINO",2025-10-03 18:06:24.261784,2025-10-03 14:06:24.261827
"KTIF","Thedford/Thomas Cnty, NE, US",2025-10-03 17:55:00,"2025-10-03 17:55:00","VFR",30.5,12.2,160,14,20,NA,1017.4,"METAR KTIF 031755Z AUTO 16014G20KT 10SM CLR 31/12 A3004 RMK AO2 T03050122 10305 20140",2025-10-03 18:06:24.268071,2025-10-03 14:06:24.268114
"KUNI","Albany/Ohio Univ Arpt, OH, US",2025-10-03 17:55:00,"2025-10-03 13:55:00","VFR",25.9,15.4,NA,3,NA,NA,1024.8,"METAR KUNI 031755Z AUTO VRB03KT 10SM CLR 26/15 A3026 RMK AO2 T02590154 10259 20098 58021",2025-10-03 18:06:24.274475,2025-10-03 14:06:24.274518
"KUKT","Quakertown Arpt, PA, US",2025-10-03 17:55:00,"2025-10-03 13:55:00","VFR",21,10,210,5,NA,NA,1026.8,"METAR KUKT 031755Z AUTO 21005KT 10SM FEW042 21/10 A3032 RMK AO2",2025-10-03 18:06:24.280855,2025-10-03 14:06:24.280899
"KTOB","Dodge Center Arpt, MN, US",2025-10-03 17:55:00,"2025-10-03 17:55:00","VFR",28.9,17,230,8,NA,NA,1020.1,"METAR KTOB 031755Z AUTO 23008KT 10SM CLR 29/17 A3012 RMK AO2 T02890170 10289 20155 58007",2025-10-03 18:06:24.287158,2025-10-03 14:06:24.287201
"KUBE","Cumberland Muni, WI, US",2025-10-03 17:55:00,"2025-10-03 17:55:00","VFR",27,17,300,4,NA,NA,1019.4,"METAR KUBE 031755Z AUTO 30004KT 10SM CLR 27/17 A3010 RMK AO2",2025-10-03 18:06:24.293485,2025-10-03 14:06:24.29353
"KUUV","Sullivan Rgnl, MO, US",2025-10-03 17:55:00,"2025-10-03 17:55:00","VFR",30,13,140,5,NA,NA,1024.5,"METAR KUUV 031755Z AUTO 14005KT 10SM SCT055 30/13 A3025 RMK AO2",2025-10-03 18:06:24.299863,2025-10-03 14:06:24.299909
"KTOC","Toccoa/Lefourneau Fld, GA, US",2025-10-03 17:55:00,"2025-10-03 13:55:00","VFR",22.2,11.6,50,6,NA,NA,1026.8,"METAR KTOC 031755Z AUTO 05006KT 10SM CLR 22/12 A3032 RMK AO2 T02220116 10224 20128",2025-10-03 18:06:24.306309,2025-10-03 14:06:24.306353
"KTHA","Tullahoma Rgnl, TN, US",2025-10-03 17:55:00,"2025-10-03 12:55:00","VFR",24,13,0,0,NA,NA,1025.5,"METAR KTHA 031755Z AUTO 00000KT 10SM CLR 24/13 A3028 RMK A01",2025-10-03 18:06:24.323599,2025-10-03 14:06:24.323663
"KU52","Beaver Muni, UT, US",2025-10-03 17:55:00,"2025-10-03 17:55:00","VFR",24,-1,210,18,26,NA,1016.7,"METAR KU52 031755Z AUTO 21018G26KT 10SM -RA CLR 24/M01 A3002 RMK AO2",2025-10-03 18:06:24.330685,2025-10-03 14:06:24.330751
"KUIN","Quincy/Baldwin Fld, IL, US",2025-10-03 17:54:00,"2025-10-03 12:54:00","VFR",29.4,16.1,NA,4,NA,NA,1022.4,"METAR KUIN 031754Z AUTO VRB04KT 10SM FEW055 SCT080 29/16 A3019 RMK AO2 SLP214 T02940161 10306 20178 58013",2025-10-03 18:06:24.33738,2025-10-03 14:06:24.337424
"KVAY","Mount Holly/S Jersey Rgnl, NJ, US",2025-10-03 17:54:00,"2025-10-03 13:54:00","VFR",20.6,8.3,NA,3,NA,NA,1026.8,"METAR KVAY 031754Z AUTO VRB03KT 10SM CLR 21/08 A3032 RMK AO2 SLP267 T02060083 10211 20061 58028",2025-10-03 18:06:24.343904,2025-10-03 14:06:24.343946
"KTQE","Tekamah Muni, NE, US",2025-10-03 17:54:00,"2025-10-03 17:54:00","VFR",30.6,16.1,200,11,15,NA,1019,"METAR KTQE 031754Z AUTO 20011G15KT 10SM CLR 31/16 A3009 RMK AO2 SLP177 T03060161 10306 20150 58014",2025-10-03 18:06:24.350106,2025-10-03 14:06:24.350148
"KTYR","Tyler/Pounds Fld, TX, US",2025-10-03 17:53:00,"2025-10-03 12:53:00","VFR",31.1,16.1,NA,4,NA,NA,1021.1,"METAR KTYR 031753Z VRB04KT 10SM FEW050 31/16 A3015 RMK AO2 SLP203 T03110161 10317 20200 58008",2025-10-03 18:06:24.356476,2025-10-03 14:06:24.356519
"KTRI","Bristol/Tri-Cities Arpt, TN, US",2025-10-03 17:53:00,"2025-10-03 13:53:00","VFR",21.7,9.4,0,0,NA,NA,1026.8,"METAR KTRI 031753Z 00000KT 10SM FEW050 SCT120 SCT250 22/09 A3032 RMK AO2 SLP250 T02170094 10217 20089 58026 $",2025-10-03 18:06:24.362836,2025-10-03 14:06:24.362883
"KTPA","Tampa Intl Arpt, FL, US",2025-10-03 17:53:00,"2025-10-03 13:53:00","VFR",30.6,21.7,40,11,18,NA,1016.7,"METAR KTPA 031753Z 04011G18KT 10SM FEW040 SCT080 31/22 A3002 RMK AO2 RAB19E35 SLP165 P0000 60000 T03060217 10306 20239 58017",2025-10-03 18:06:24.369486,2025-10-03 14:06:24.36953
"KTUL","Tulsa Intl Arpt, OK, US",2025-10-03 17:53:00,"2025-10-03 12:53:00","VFR",29.4,17.2,NA,3,NA,NA,1021.8,"METAR KTUL 031753Z VRB03KT 10SM FEW050 29/17 A3017 RMK AO2 SLP209 T02940172 10306 20211 58011",2025-10-03 18:06:24.375907,2025-10-03 14:06:24.375951
"KTUP","Tupelo Rgnl, MS, US",2025-10-03 17:53:00,"2025-10-03 12:53:00","VFR",26.1,13.9,90,8,NA,NA,1024.8,"METAR KTUP 031753Z 09008KT 10SM CLR 26/14 A3026 RMK AO2 SLP245 T02610139 10267 20150 58010 $",2025-10-03 18:06:24.382255,2025-10-03 14:06:24.382298
"KTXK","Texarkana Rgnl, AR, US",2025-10-03 17:53:00,"2025-10-03 12:53:00","VFR",30.6,18.9,140,6,NA,NA,1022.1,"METAR KTXK 031753Z 14006KT 10SM CLR 31/19 A3018 RMK AO2 SLP216 T03060189 10306 20183 58005",2025-10-03 18:06:24.388657,2025-10-03 14:06:24.388717
"KUTS","Huntsville Muni, TX, US",2025-10-03 17:53:00,"2025-10-03 12:53:00","VFR",31.7,18.3,120,9,NA,NA,1020.1,"METAR KUTS 031753Z AUTO 12009KT 10SM BKN055 32/18 A3012 RMK AO1 SLP193 T03170183 10317 20200 58008",2025-10-03 18:06:24.394963,2025-10-03 14:06:24.395007
"KTHV","York Arpt, PA, US",2025-10-03 17:53:00,"2025-10-03 13:53:00","VFR",21.1,9.4,0,0,NA,NA,1026.8,"METAR KTHV 031753Z AUTO 00000KT 10SM CLR 21/09 A3032 RMK AO2 SLP268 T02110094 10217 20083 58025",2025-10-03 18:06:24.401304,2025-10-03 14:06:24.401347
"KTUS","Tucson Intl Arpt, AZ, US",2025-10-03 17:53:00,"2025-10-03 10:53:00","VFR",31.7,6.7,100,4,NA,NA,1017,"METAR KTUS 031753Z 10004KT 10SM CLR 32/07 A3003 RMK AO2 SLP118 T03170067 10317 20206 58007",2025-10-03 18:06:24.40763,2025-10-03 14:06:24.407674
"KUIL","Quillayute State Arpt, WA, US",2025-10-03 17:53:00,"2025-10-03 10:53:00","VFR",14.4,11.1,100,3,NA,NA,1020.7,"METAR KUIL 031753Z AUTO 10003KT 10SM FEW019 14/11 A3014 RMK AO2 SLP208 T01440111 10144 20089 51004",2025-10-03 18:06:24.413961,2025-10-03 14:06:24.414005
"KTOR","Torrington Muni, WY, US",2025-10-03 17:53:00,"2025-10-03 11:53:00","VFR",27.2,4.4,140,7,NA,NA,1016.7,"METAR KTOR 031753Z AUTO 14007KT 10SM CLR 27/04 A3002 RMK AO2 SLP120 T02720044 10272 20089 58017",2025-10-03 18:06:24.420276,2025-10-03 14:06:24.420321
"KTVC","Traverse City/Cherry Capital Arpt, MI, US",2025-10-03 17:53:00,"2025-10-03 13:53:00","VFR",29.4,13.3,240,9,NA,NA,1020.4,"METAR KTVC 031753Z 24009KT 10SM SCT250 29/13 A3013 RMK AO2 SLP200 T02940133 10294 20161 58013",2025-10-03 18:06:24.42662,2025-10-03 14:06:24.426664
"KTIW","Tacoma Narrows Arpt, WA, US",2025-10-03 17:53:00,"2025-10-03 10:53:00","LIFR",11.1,10.6,0,0,NA,0.5,1021.8,"METAR KTIW 031753Z 00000KT 1/2SM FG VV002 11/11 A3017 RMK AO2 SLP216 T01110106 10111 20100 51007",2025-10-03 18:06:24.43305,2025-10-03 14:06:24.433093
"KTVL","Lake Tahoe Arpt, CA, US",2025-10-03 17:53:00,"2025-10-03 10:53:00","VFR",7.8,0,190,9,NA,NA,1019,"METAR KTVL 031753Z AUTO 19009KT 10SM SCT060 08/00 A3009 RMK AO2 SLP160 60000 T00780000 10078 20006 51010",2025-10-03 18:06:24.43948,2025-10-03 14:06:24.439524
"KTVR","Vicksburg/Tallulah Rgnl, LA, US",2025-10-03 17:53:00,"2025-10-03 17:53:00","VFR",29.4,15,70,7,NA,NA,1022.1,"METAR KTVR 031753Z AUTO 07007KT 10SM CLR 29/15 A3018 RMK AO2 SLP224 T02940150 10294 20189 58010",2025-10-03 18:06:24.45712,2025-10-03 14:06:24.457164
"KVEL","Vernal Rgnl, UT, US",2025-10-03 17:53:00,"2025-10-03 11:53:00","VFR",25,3.3,170,9,18,NA,1018,"METAR KVEL 031753Z AUTO 17009G18KT 10SM CLR 25/03 A3006 RMK AO2 SLP123 T02500033 10250 20100 58012",2025-10-03 18:06:24.463886,2025-10-03 14:06:24.463932
"KTTD","Portland/Troutdale Arpt, OR, US",2025-10-03 17:53:00,"2025-10-03 10:53:00","LIFR",12.8,12.2,0,0,NA,4,1022.1,"METAR KTTD 031753Z 00000KT 4SM BR OVC004 13/12 A3018 RMK AO2 SLP220 T01280122 10128 20106 53009",2025-10-03 18:06:24.470177,2025-10-03 14:06:24.470218
"KUUU","Newport State Arpt, RI, US",2025-10-03 17:53:00,"2025-10-03 13:53:00","VFR",18.9,10.6,210,9,16,NA,1025.8,"METAR KUUU 031753Z AUTO 21009G16KT 10SM CLR 19/11 A3029 RMK AO2 SLP255 T01890106 10194 20128 58024",2025-10-03 18:06:24.476369,2025-10-03 14:06:24.476412
"KUNV","State College/Univ Park Arpt, PA, US",2025-10-03 17:53:00,"2025-10-03 13:53:00","VFR",21,11,170,3,NA,NA,1026.5,"METAR KUNV 031753Z 17003KT 10SM CLR 21/11 A3031",2025-10-03 18:06:24.482594,2025-10-03 14:06:24.482637
"KTYS","Knoxville/Tyson Arpt, TN, US",2025-10-03 17:53:00,"2025-10-03 13:53:00","VFR",23.3,12.2,20,5,NA,NA,1025.8,"METAR KTYS 031753Z 02005KT 10SM FEW050 FEW150 23/12 A3029 RMK AO2 SLP248 T02330122 10239 20133 58023",2025-10-03 18:06:24.488954,2025-10-03 14:06:24.488997
"KTOP","Topeka/Billard Muni, KS, US",2025-10-03 17:53:00,"2025-10-03 12:53:00","VFR",30,16.7,210,9,16,NA,1021.1,"METAR KTOP 031753Z 21009G16KT 10SM CLR 30/17 A3015 RMK AO2 SLP200 T03000167 10300 20156 58012",2025-10-03 18:06:24.4953,2025-10-03 14:06:24.495342
"KTLH","Tallahassee Intl, FL, US",2025-10-03 17:53:00,"2025-10-03 13:53:00","VFR",28.9,17.8,70,13,20,NA,1020.1,"METAR KTLH 031753Z 07013G20KT 030V100 10SM BKN055 29/18 A3012 RMK AO2 SLP197 T02890178 10289 20200 58016 $",2025-10-03 18:06:24.501614,2025-10-03 14:06:24.501658
"KUAO","Aurora State Arpt, OR, US",2025-10-03 17:53:00,"2025-10-03 17:53:00","LIFR",11.7,11.7,0,0,NA,1,1022.8,"METAR KUAO 031753Z 00000KT 1SM BR OVC002 12/12 A3020 RMK AO2 SLP224 T01170117 10117 20106 53010",2025-10-03 18:06:24.507936,2025-10-03 14:06:24.507977
"KTWF","Twin Falls/Joslin Fld, ID, US",2025-10-03 17:53:00,"2025-10-03 11:53:00","MVFR",12.2,7.2,290,10,NA,7,1017,"METAR KTWF 031753Z 29010KT 7SM BKN019 OVC027 12/07 A3003 RMK AO2 SLP140 T01220072 10128 20083 51004",2025-10-03 18:06:24.514207,2025-10-03 14:06:24.514249
"KTOI","Troy Muni, AL, US",2025-10-03 17:53:00,"2025-10-03 12:53:00","VFR",24.4,15.6,40,9,NA,NA,1022.8,"METAR KTOI 031753Z AUTO 04009KT 10SM CLR 24/16 A3020 RMK AO2 SLP223 T02440156 10261 20156 58013",2025-10-03 18:06:24.520517,2025-10-03 14:06:24.52056
"KTKI","McKinney Muni, TX, US",2025-10-03 17:53:00,"2025-10-03 17:53:00","VFR",30.6,18.9,NA,5,NA,NA,1021.1,"METAR KTKI 031753Z VRB05KT 10SM CLR 31/19 A3015 RMK AO2 SLP205 T03060189 10306 20189 58009",2025-10-03 18:06:24.526942,2025-10-03 14:06:24.526984
"KVCB","Vacaville/Nut Tree Arpt, CA, US",2025-10-03 17:53:00,"2025-10-03 17:53:00","VFR",18.9,11.7,20,8,NA,NA,1018.4,"METAR KVCB 031753Z AUTO 02008KT 10SM FEW028 OVC095 19/12 A3007 RMK AO2 SLP181 T01890117 10189 20122 $",2025-10-03 18:06:24.533275,2025-10-03 14:06:24.533319
"KTTN","Trenton/Mercer Arpt, NJ, US",2025-10-03 17:53:00,"2025-10-03 13:53:00","VFR",21.1,8.3,250,7,NA,NA,1026.5,"METAR KTTN 031753Z 25007KT 10SM CLR 21/08 A3031 RMK AO2 SLP259 T02110083 10211 20078 58027",2025-10-03 18:06:24.539561,2025-10-03 14:06:24.539604
"KTRL","Terrell Muni, TX, US",2025-10-03 17:53:00,"2025-10-03 12:53:00","VFR",31.1,18.9,90,7,NA,NA,1020.7,"METAR KTRL 031753Z AUTO 09007KT 040V130 10SM FEW045 31/19 A3014 RMK AO2 SLP200 T03110189 10311 20183 58011",2025-10-03 18:06:24.545905,2025-10-03 14:06:24.545948
"KTMB","Miami Exec Arpt, FL, US",2025-10-03 17:53:00,"2025-10-03 13:53:00","VFR",30.6,23.9,90,16,21,NA,1014,"METAR KTMB 031753Z AUTO 09016G21KT 10SM SCT032 SCT085 31/24 A2994 RMK AO2 SLP136 60000 T03060239 58020",2025-10-03 18:06:24.552326,2025-10-03 14:06:24.552371
"KTOL","Toledo/Express Arpt, OH, US",2025-10-03 17:52:00,"2025-10-03 13:52:00","VFR",27.8,10,0,0,NA,NA,1023.5,"METAR KTOL 031752Z 00000KT 10SM CLR 28/10 A3022 RMK AO2 SLP231 T02780100 10289 20089 58014 $",2025-10-03 18:06:24.558789,2025-10-03 14:06:24.558835
"KTRM","Thermal Arpt, CA, US",2025-10-03 17:52:00,"2025-10-03 10:52:00","VFR",31.7,8.9,280,6,NA,NA,1010.6,"METAR KTRM 031752Z AUTO 28006KT 10SM CLR 32/09 A2984 RMK AO2 SLP106 T03170089 10317 20233 50000 TSNO",2025-10-03 18:06:24.565262,2025-10-03 14:06:24.565306
"KTPL","Temple/Miller Rgnl, TX, US",2025-10-03 17:51:00,"2025-10-03 12:51:00",NA,32.8,17.2,340,5,NA,NA,1020.1,"METAR KTPL 031751Z AUTO 34005KT CLR 33/17 A3012 RMK AO2 SLP190 T03280172 10328 20167 58010 PWINO RVRNO $",2025-10-03 18:06:24.583129,2025-10-03 14:06:24.583174
"KUGN","Waukegan Rgnl, IL, US",2025-10-03 17:51:00,"2025-10-03 12:51:00","VFR",32.2,14.4,260,7,NA,NA,1021.8,"METAR KUGN 031751Z 26007KT 10SM CLR 32/14 A3017 RMK AO2 SLP201 T03220144 10322 20178 58011",2025-10-03 18:06:24.589995,2025-10-03 14:06:24.590041
"KVCT","Victoria Rgnl, TX, US",2025-10-03 17:51:00,"2025-10-03 12:51:00","VFR",31.7,20,70,8,NA,NA,1018.4,"METAR KVCT 031751Z 07008KT 10SM SCT046 BKN060 32/20 A3007 RMK AO2 SLP181 T03170200 10317 20189 58012",2025-10-03 18:06:24.596581,2025-10-03 14:06:24.596623
"KTZR","Columbus/Bolton Fld, OH, US",2025-10-03 17:50:00,"2025-10-03 17:50:00","VFR",27,15,190,6,NA,NA,1024.8,"METAR KTZR 031750Z 19006KT 10SM CLR 27/15 A3026",2025-10-03 18:06:24.602849,2025-10-03 14:06:24.602903
"KU69","Duchesne Muni, UT, US",2025-10-03 17:50:00,"2025-10-03 17:50:00","VFR",21,3,110,11,NA,NA,1018.7,"METAR KU69 031750Z AUTO 11011KT 10SM CLR 21/03 A3008 RMK A01",2025-10-03 18:06:24.609065,2025-10-03 14:06:24.609108
"KTIX","Titusville/Space Coast Rgnl, FL, US",2025-10-03 17:47:00,"2025-10-03 13:47:00","VFR",30,21,80,17,22,7,1018.4,"METAR KTIX 031747Z 08017G22KT 7SM SCT032 SCT037 30/21 A3007",2025-10-03 18:06:24.615288,2025-10-03 14:06:24.615329
"KTOA","Torrance Muni, CA, US",2025-10-03 17:47:00,"2025-10-03 10:47:00","MVFR",22,17,260,10,NA,NA,1016.3,"METAR KTOA 031747Z 26010KT 10SM BKN014 BKN017 BKN022 22/17 A3001",2025-10-03 18:06:24.621672,2025-10-03 14:06:24.621734
"KTRK","Truckee/Tahoe Arpt, CA, US",2025-10-03 17:47:00,"2025-10-03 10:47:00","VFR",6,4,0,0,NA,NA,1019.7,"METAR KTRK 031747Z 00000KT 10SM FEW005 SCT025 BKN055 BKN085 06/04 A3011",2025-10-03 18:06:24.627978,2025-10-03 14:06:24.628022
"KUCY","Union City/Everett-Stewart Rgnl, TN, US",2025-10-03 17:45:00,"2025-10-03 12:45:00","VFR",28,15,NA,6,NA,NA,1024.5,"METAR KUCY 031745Z AUTO VRB06KT 10SM CLR 28/15 A3025 RMK A01",2025-10-03 18:06:24.634343,2025-10-03 14:06:24.634386
"KUES","Waukesha Cnty, WI, US",2025-10-03 17:45:00,"2025-10-03 12:45:00","VFR",29,16,230,7,NA,NA,1022.4,"METAR KUES 031745Z 23007KT 10SM CLR 29/16 A3019",2025-10-03 18:06:24.640778,2025-10-03 14:06:24.640823
"KU68","Cowley/N Big Horn Cnty, WY, US",2025-10-03 17:35:00,"2025-10-03 17:35:00","VFR",18,5,0,0,NA,NA,1013.6,"METAR KU68 031735Z AUTO 00000KT 10SM CLR 18/05 A2993 RMK AO2",2025-10-03 18:06:24.647118,2025-10-03 14:06:24.64716
"KUNO","West Plains Rgnl, MO, US",2025-10-03 16:53:00,"2025-10-03 16:53:00","VFR",25.6,15.6,NA,6,NA,NA,1025.5,"METAR KUNO 031653Z AUTO VRB06KT 10SM CLR 26/16 A3028 RMK AO2 SLP243 T02560156",2025-10-03 18:06:24.653418,2025-10-03 14:06:24.65346
"KXMR","Cape Kennedy AF Skid, FL, US",2025-10-03 18:01:00,"2025-10-03 18:01:00","VFR",26,22,40,12,NA,NA,1016,"SPECI KXMR 031801Z AUTO 04012KT 10SM -RA FEW015 SCT047 SCT200 26/22 A3000 RMK AO2 RAB01 SLP162 $",2025-10-03 18:06:26.672981,2025-10-03 14:06:26.673024
"KVNY","Van Nuys Arpt, CA, US",2025-10-03 17:58:00,"2025-10-03 10:58:00","VFR",21.7,14.4,160,9,NA,NA,1015.7,"SPECI KVNY 031758Z 16009KT 10SM FEW024 BKN047 BKN055 22/14 A2999 RMK AO2 T02170144",2025-10-03 18:06:26.67943,2025-10-03 14:06:26.679473
"KWJF","Lancaster/Fox Arfld, CA, US",2025-10-03 17:56:00,"2025-10-03 10:56:00","VFR",20.6,7.2,270,21,27,NA,1016.7,"METAR KWJF 031756Z 27021G27KT 10SM SCT045 BKN055 21/07 A3002 RMK AO2 PK WND 27028/1712 SLP154 T02060072 10206 20150 50002",2025-10-03 18:06:26.68589,2025-10-03 14:06:26.685936
"KWMC","Winnemucca Muni, NV, US",2025-10-03 17:56:00,"2025-10-03 10:56:00","VFR",12.8,7.2,50,7,NA,NA,1017,"METAR KWMC 031756Z AUTO 05007KT 10SM CLR 13/07 A3003 RMK AO2 SLP150 60001 T01280072 10128 20083 51007",2025-10-03 18:06:26.703511,2025-10-03 14:06:26.703555
"KWWD","Wildwood/Cape May Cnty, NJ, US",2025-10-03 17:56:00,"2025-10-03 13:56:00","VFR",19.4,10,230,5,NA,NA,1027.9,"METAR KWWD 031756Z AUTO 23005KT 10SM OVC040 19/10 A3035 RMK AO2 SLP280 T01940100 10206 20106 58022",2025-10-03 18:06:26.710292,2025-10-03 14:06:26.710336
"KWVL","Waterville/Lafleur Arpt, ME, US",2025-10-03 17:56:00,"2025-10-03 13:56:00","VFR",21.1,5,200,8,NA,NA,1021.4,"METAR KWVL 031756Z AUTO 20008KT 150V230 10SM CLR 21/05 A3016 RMK AO2 SLP240 T02110050 10211 20044 58031",2025-10-03 18:06:26.716772,2025-10-03 14:06:26.716817
"KY50","Wautoma Muni, WI, US",2025-10-03 17:56:00,"2025-10-03 17:56:00","VFR",28.9,17.8,220,7,NA,NA,1020.1,"METAR KY50 031756Z AUTO 22007KT 10SM CLR 29/18 A3012 RMK AO2 SLP194 6//// T02890178 10289 20133 58015 $",2025-10-03 18:06:26.722975,2025-10-03 14:06:26.723018
"KYKN","Yankton/Gurney Muni, SD, US",2025-10-03 17:56:00,"2025-10-03 12:56:00","VFR",30.6,16.7,150,16,20,NA,1017,"METAR KYKN 031756Z AUTO 15016G20KT 10SM CLR 31/17 A3003 RMK AO2 SLP171 T03060167 10306 20133 58019",2025-10-03 18:06:26.729162,2025-10-03 14:06:26.729206
"KVPZ","Valparaiso/Port Cnty, IN, US",2025-10-03 17:56:00,"2025-10-03 12:56:00","VFR",30,16.1,260,9,NA,NA,1022.8,"METAR KVPZ 031756Z AUTO 26009KT 10SM CLR 30/16 A3020 RMK AO2 SLP222 T03000161 10300 20133 58015",2025-10-03 18:06:26.735477,2025-10-03 14:06:26.735525
"KVIS","Visalia Muni, CA, US",2025-10-03 17:56:00,"2025-10-03 10:56:00","VFR",20,12.2,330,7,14,NA,1018,"METAR KVIS 031756Z AUTO 33007G14KT 10SM FEW026 BKN033 BKN070 20/12 A3006 RMK AO2 SLP178 6//// T02000122 10206 20139 56001 PNO $",2025-10-03 18:06:26.741818,2025-10-03 14:06:26.741863
"KW31","Kenbridge/Lunenburg Cnty, VA, US",2025-10-03 17:55:00,"2025-10-03 17:55:00","VFR",20.9,12,0,0,NA,NA,1027.9,"METAR KW31 031755Z AUTO 00000KT 10SM CLR 21/12 A3035 RMK AO1 T02090120 10209 20097",2025-10-03 18:06:26.748149,2025-10-03 14:06:26.748191
"KVNW","Van Wert Cnty Arpt, OH, US",2025-10-03 17:55:00,"2025-10-03 17:55:00","VFR",31,9,0,0,NA,NA,1023.8,"METAR KVNW 031755Z AUTO 00000KT 10SM CLR 31/09 A3023 RMK AO2",2025-10-03 18:06:26.754445,2025-10-03 14:06:26.754488
"KW96","Quinton/New Kent Cnty, VA, US",2025-10-03 17:55:00,"2025-10-03 17:55:00","VFR",20.9,8.8,40,4,NA,NA,1027.5,"METAR KW96 031755Z AUTO 04004KT 10SM CLR 21/09 A3034 RMK AO1 T02090088 10209 20091",2025-10-03 18:06:26.760864,2025-10-03 14:06:26.760909
"KZPH","Zephyrhills Muni, FL, US",2025-10-03 17:55:00,"2025-10-03 13:55:00","VFR",29.3,21.3,60,9,17,NA,1017.4,"METAR KZPH 031755Z AUTO 06009G17KT 10SM SCT034 SCT040 SCT085 29/21 A3004 RMK A02 T02930213 10296 20220 60002",2025-10-03 18:06:26.767214,2025-10-03 14:06:26.767257
"KVVS","Connellsville/Hardy Arpt, PA, US",2025-10-03 17:55:00,"2025-10-03 17:55:00","VFR",23.8,9.3,230,6,NA,NA,1026.2,"METAR KVVS 031755Z AUTO 23006KT 10SM CLR 24/09 A3030 RMK AO2 T02380093 10241 20114",2025-10-03 18:06:26.773535,2025-10-03 14:06:26.773578
"KVGC","Hamilton Muni, NY, US",2025-10-03 17:55:00,"2025-10-03 17:55:00","VFR",22,7,0,0,NA,NA,1025.1,"METAR KVGC 031755Z AUTO 00000KT 10SM CLR 22/07 A3027 RMK AO2",2025-10-03 18:06:26.779859,2025-10-03 14:06:26.779902
"KY19","Mandan Muni, ND, US",2025-10-03 17:55:00,"2025-10-03 17:55:00",NA,24,17,130,11,NA,NA,1011.3,"METAR KY19 031755Z AUTO 13011KT 10SM 24/17 A2986 RMK AO2",2025-10-03 18:06:26.786144,2025-10-03 14:06:26.786186
"KXNI","Zuni Reserv Arpt, NM, US",2025-10-03 17:55:00,"2025-10-03 17:55:00",NA,27,20,NA,NA,NA,NA,NA,"METAR KXNI 031755Z AUTO 27/20 A3755 RMK AO2 PWINO TSNO",2025-10-03 18:06:26.792487,2025-10-03 14:06:26.792537
"KXNA","Fayetteville/NW Arkansas Rgnl, AR, US",2025-10-03 17:55:00,"2025-10-03 12:55:00","VFR",28,15,190,6,NA,NA,1023.8,"METAR KXNA 031755Z 19006KT 10SM CLR 28/15 A3023",2025-10-03 18:06:26.798957,2025-10-03 14:06:26.799001
"KX59","Valkaria Arpt, FL, US",2025-10-03 17:55:00,"2025-10-03 17:55:00","VFR",29.4,26.4,80,11,NA,9,1016,"METAR KX59 031755Z AUTO 08011KT 9SM FEW027 29/26 A3000 RMK AO2 T02940264 $",2025-10-03 18:06:26.805253,2025-10-03 14:06:26.805295
"KW78","South Boston/Tuck Arpr, VA, US",2025-10-03 17:55:00,"2025-10-03 17:55:00","VFR",21.5,9.8,0,0,NA,NA,1027.5,"METAR KW78 031755Z AUTO 00000KT 10SM SCT039 22/10 A3034 RMK AO1 T02150098 10216 20074",2025-10-03 18:06:26.811686,2025-10-03 14:06:26.811752
"KVMR","Vermillion/Davidson Fld, SD, US",2025-10-03 17:55:00,"2025-10-03 17:55:00","VFR",31,17,140,11,16,NA,1017.7,"METAR KVMR 031755Z AUTO 14011G16KT 10SM CLR 31/17 A3005 RMK AO2",2025-10-03 18:06:26.828757,2025-10-03 14:06:26.828844
"KVJI","Abingdon/Virginia Highlands Arpt, VA, US",2025-10-03 17:55:00,"2025-10-03 13:55:00","VFR",21,10,260,2,NA,NA,1027.5,"METAR KVJI 031755Z AUTO 26002KT 10SM CLR 21/10 A3034 RMK AO2 10212 20093",2025-10-03 18:06:26.836079,2025-10-03 14:06:26.836124
"KWYS","West Yellowstone Arpt, MT, US",2025-10-03 17:55:00,"2025-10-03 11:55:00","VFR",15,5,220,11,16,NA,1018,"METAR KWYS 031755Z AUTO 22011G16KT 180V240 10SM OVC110 15/05 A3006 RMK AO2",2025-10-03 18:06:26.842764,2025-10-03 14:06:26.842808
"KVVV","Ortonville Muni, MN, US",2025-10-03 17:55:00,"2025-10-03 17:55:00","VFR",29,17,160,8,14,7,1015.7,"METAR KVVV 031755Z AUTO 16008G14KT 7SM CLR 29/17 A2999 RMK AO2",2025-10-03 18:06:26.848934,2025-10-03 14:06:26.848976
"KVWU","Waskish Muni, MN, US",2025-10-03 17:55:00,"2025-10-03 17:55:00",NA,29,12,160,9,14,NA,1016.3,"METAR KVWU 031755Z AUTO 16009G14KT 143V203 CLR 29/12 A3001 RMK AO2 PWINO",2025-10-03 18:06:26.855237,2025-10-03 14:06:26.855278
"KY51","Viroqua Muni, WI, US",2025-10-03 17:55:00,"2025-10-03 17:55:00","VFR",28.3,16.3,200,9,NA,NA,1021.1,"METAR KY51 031755Z AUTO 20009KT 10SM CLR 28/16 A3015 RMK AO1 T02830163 10283 20176",2025-10-03 18:06:26.861538,2025-10-03 14:06:26.861582
"KVOK","Camp Douglas/Volk Fld, WI, US",2025-10-03 17:55:00,"2025-10-03 12:55:00","VFR",28.4,17.6,230,8,NA,NA,1019,"METAR KVOK 031755Z 23008KT 10SM FEW250 28/18 A3009 RMK AO2A SLP188 T02840176 10285 20182 57009",2025-10-03 18:06:26.867909,2025-10-03 14:06:26.867953
"KVER","Boonville/Vertel Mem, MO, US",2025-10-03 17:55:00,"2025-10-03 17:55:00","VFR",29.3,18.5,180,7,NA,NA,1022.8,"METAR KVER 031755Z AUTO 18007KT 150V230 10SM SCT046 29/19 A3020 RMK AO2 T02930185 10352 20067",2025-10-03 18:06:26.874303,2025-10-03 14:06:26.874347
"KW40","Mt Olive Muni, NC, US",2025-10-03 17:55:00,"2025-10-03 17:55:00","VFR",24.8,13.7,30,9,NA,NA,1025.8,"METAR KW40 031755Z AUTO 03009KT 10SM CLR 25/14 A3029 RMK AO2 T02480137 10252 20134",2025-10-03 18:06:26.880624,2025-10-03 14:06:26.88067
"KXBP","Bridgeport Muni, TX, US",2025-10-03 17:55:00,"2025-10-03 17:55:00","VFR",32.2,14,80,4,NA,NA,1021.1,"METAR KXBP 031755Z AUTO 08004KT 10SM SCT060 32/14 A3015 RMK AO2 6//// T03220140",2025-10-03 18:06:26.88703,2025-10-03 14:06:26.887073
"KVES","Versailles/Darke Cnty, OH, US",2025-10-03 17:55:00,"2025-10-03 17:55:00","VFR",29,11,NA,3,NA,NA,1024.1,"METAR KVES 031755Z AUTO VRB03KT 10SM CLR 29/11 A3024 RMK AO2 10294 20114",2025-10-03 18:06:26.893482,2025-10-03 14:06:26.893525
"KY70","Ionia Cnty Arpt, MI, US",2025-10-03 17:55:00,"2025-10-03 17:55:00","VFR",29,14,290,7,NA,NA,1022.4,"METAR KY70 031755Z AUTO 29007KT 10SM CLR 29/14 A3019 RMK AO2 10290 20088",2025-10-03 18:06:26.899802,2025-10-03 14:06:26.899845
"KY23","Chetek Muni, WI, US",2025-10-03 17:55:00,"2025-10-03 17:55:00","VFR",28,17.7,0,0,NA,NA,1019.4,"METAR KY23 031755Z AUTO 00000KT 10SM CLR 28/18 A3010 RMK AO2 T02800177 10280 20142",2025-10-03 18:06:26.906111,2025-10-03 14:06:26.906154
"KVYS","Peru/Illinois Valley Rgnl, IL, US",2025-10-03 17:55:00,"2025-10-03 12:55:00","VFR",30.9,12.6,230,5,NA,NA,1022.1,"METAR KVYS 031755Z AUTO 23005KT 10SM CLR 31/13 A3018 RMK AO2 T03090126 TSNO",2025-10-03 18:06:26.91244,2025-10-03 14:06:26.912485
"KZER","Pottsville/Schuylkill Cnty, PA, US",2025-10-03 17:55:00,"2025-10-03 17:55:00","MVFR",17,10,190,5,NA,5,1027.5,"METAR KZER 031755Z AUTO 19005KT 5SM HZ CLR 17/10 A3034 RMK AO2",2025-10-03 18:06:26.918742,2025-10-03 14:06:26.918788
"KVLL","Oakland-Troy Arpt, MI, US",2025-10-03 17:55:00,"2025-10-03 17:55:00","VFR",28,10,100,3,NA,NA,1023.1,"METAR KVLL 031755Z AUTO 10003KT 10SM CLR 28/10 A3021 RMK AO2 10282 20111",2025-10-03 18:06:26.925076,2025-10-03 14:06:26.925119
"KW81","Crewe Muni, VA, US",2025-10-03 17:55:00,"2025-10-03 17:55:00","VFR",20.5,6.7,160,3,NA,NA,1027.5,"METAR KW81 031755Z AUTO 16003KT 10SM CLR 21/07 A3034 RMK AO1 T02050067 10205 20083",2025-10-03 18:06:26.931415,2025-10-03 14:06:26.93146
"KX60","Williston Muni, FL, US",2025-10-03 17:55:00,"2025-10-03 17:55:00","VFR",28.4,21.1,80,11,19,NA,1018.4,"METAR KX60 031755Z AUTO 08011G19KT 10SM SCT033 SCT041 SCT060 28/21 A3007 RMK AO2 T02840211 10290 20214",2025-10-03 18:06:26.937805,2025-10-03 14:06:26.937848
"KXSA","Tappahannock/Essex Cnty, VA, US",2025-10-03 17:55:00,"2025-10-03 17:55:00","VFR",20.8,10.3,0,0,NA,NA,1027.9,"METAR KXSA 031755Z AUTO 00000KT 10SM CLR 21/10 A3035 RMK AO2 T02080103 10212 20085",2025-10-03 18:06:26.94417,2025-10-03 14:06:26.944214
"KWHP","Los Angeles/Whiteman Arpt, CA, US",2025-10-03 17:55:00,"2025-10-03 10:55:00","MVFR",20,15,120,6,NA,NA,1016.7,"METAR KWHP 031755Z 12006KT 10SM BKN019 20/15 A3002",2025-10-03 18:06:26.964175,2025-10-03 14:06:26.96422
"KXNO","North/Aux Arfd, SC, US",2025-10-03 17:55:00,"2025-10-03 17:55:00","VFR",24.7,13.6,360,9,NA,NA,1024.5,"METAR KXNO 031755Z AUTO 36009KT 10SM CLR 25/14 A3025 RMK AO2 SLP244 T02470136 10247 20136 58019 $",2025-10-03 18:06:26.970804,2025-10-03 14:06:26.970851
"KW43","Hulett Muni, WY, US",2025-10-03 17:55:00,"2025-10-03 17:55:00","VFR",28,0,200,16,21,NA,1013.3,"METAR KW43 031755Z AUTO 20016G21KT 10SM CLR 28/00 A2992 RMK AO2",2025-10-03 18:06:26.977464,2025-10-03 14:06:26.97751
"KWWR","Woodward Arpt, OK, US",2025-10-03 17:55:00,"2025-10-03 12:55:00","VFR",28,13,180,17,22,NA,1021.8,"METAR KWWR 031755Z AUTO 18017G22KT 10SM BKN110 28/13 A3017 RMK AO2",2025-10-03 18:06:26.984115,2025-10-03 14:06:26.984158
"KXLL","Allentown/Queen City, PA, US",2025-10-03 17:55:00,"2025-10-03 17:55:00","VFR",21,11,220,7,NA,NA,1027.2,"METAR KXLL 031755Z AUTO 22007KT 10SM CLR 21/11 A3033 RMK AO2 TSNO",2025-10-03 18:06:26.990338,2025-10-03 14:06:26.990381
"KWRB","Warner Robins AFB, GA, US",2025-10-03 17:55:00,"2025-10-03 13:55:00","VFR",26,12.8,50,12,15,NA,1023.8,"METAR KWRB 031755Z AUTO 05012G15KT 10SM CLR 26/13 A3023 RMK AO2 SLP237 T02600128 10260 20162 57021 $",2025-10-03 18:06:26.996673,2025-10-03 14:06:26.996738
"KY31","West Branch Arpt, MI, US",2025-10-03 17:55:00,"2025-10-03 13:55:00","VFR",28.3,13.6,200,4,NA,NA,1021.8,"METAR KY31 031755Z AUTO 20004KT 10SM CLR 28/14 A3017 RMK AO2 T02830136 10285 20046",2025-10-03 18:06:27.003012,2025-10-03 14:06:27.003083
"KVPS","Valparaiso/Eglin AFB, FL, US",2025-10-03 17:55:00,"2025-10-03 12:55:00","VFR",28.8,18.2,20,8,NA,NA,1019.7,"METAR KVPS 031755Z AUTO 02008KT 10SM BKN060 29/18 A3011 RMK AO2 SLP202 T02880182 10290 20195 57011 $",2025-10-03 18:06:27.009573,2025-10-03 14:06:27.009616
"KWRI","McGuire AFB, NJ, US",2025-10-03 17:55:00,"2025-10-03 13:55:00","VFR",21.4,8.3,0,0,NA,NA,1026.8,"METAR KWRI 031755Z AUTO 00000KT 10SM CLR 21/08 A3032 RMK AO2 SLP267 T02140083 10214 20085 57027",2025-10-03 18:06:27.015904,2025-10-03 14:06:27.015947
"KVTI","Vinton/Veterans Mem, IA, US",2025-10-03 17:55:00,"2025-10-03 17:55:00","VFR",31,14.8,210,7,NA,NA,1021.4,"METAR KVTI 031755Z AUTO 21007KT 10SM CLR 31/15 A3016 RMK AO2 T03100148 10311 20167",2025-10-03 18:06:27.022249,2025-10-03 14:06:27.022291
"KW22","Buckhannon/Upshur Cnty, WV, US",2025-10-03 17:55:00,"2025-10-03 17:55:00","VFR",26,7,0,0,NA,NA,1026.5,"METAR KW22 031755Z AUTO 00000KT 10SM CLR 26/07 A3031 RMK AO2",2025-10-03 18:06:27.028546,2025-10-03 14:06:27.028588
"KVPC","Cartersville Arpt, GA, US",2025-10-03 17:55:00,"2025-10-03 17:55:00","VFR",24,13,50,5,13,NA,1026.2,"METAR KVPC 031755Z AUTO 05005G13KT 10SM CLR 24/13 A3030 RMK AO2",2025-10-03 18:06:27.034828,2025-10-03 14:06:27.034873
"KWDR","Winder/Barrow Cnty, GA, US",2025-10-03 17:55:00,"2025-10-03 13:55:00","VFR",21,12,NA,NA,NA,NA,1026.8,"METAR KWDR 031755Z 10SM CLR 21/12 A3032 RMK AO2",2025-10-03 18:06:27.041129,2025-10-03 14:06:27.041173
"KX26","Sabastian Arpt, FL, US",2025-10-03 17:55:00,"2025-10-03 17:55:00","VFR",29,23,70,14,19,NA,1016.3,"METAR KX26 031755Z AUTO 07014G19KT 10SM CLR 29/23 A3001 RMK AO2 LTG DSNT N 10299 20261",2025-10-03 18:06:27.047478,2025-10-03 14:06:27.047521
"KVUJ","Albemarle/Stanly Cnty, NC, US",2025-10-03 17:55:00,"2025-10-03 17:55:00","VFR",22.1,11.4,40,3,NA,NA,1028.2,"METAR KVUJ 031755Z AUTO 04003KT 10SM CLR 22/11 A3036 RMK AO2 T02210114 10221 20108",2025-10-03 18:06:27.053805,2025-10-03 14:06:27.053849
"KVTA","Newark/Heath Arpt, OH, US",2025-10-03 17:54:00,"2025-10-03 17:54:00","VFR",26.1,13.3,NA,NA,NA,NA,1024.5,"METAR KVTA 031754Z AUTO 10SM CLR 26/13 A3025 RMK AO2 SLP241 T02610133 10261 20089 58018",2025-10-03 18:06:27.060145,2025-10-03 14:06:27.06019
"KVSF","Springfield/Hartness State Arpt, VT, US",2025-10-03 17:54:00,"2025-10-03 13:54:00","VFR",22.2,8.9,120,7,NA,NA,1023.8,"METAR KVSF 031754Z AUTO 12007KT 10SM CLR 22/09 A3023 RMK AO2 SLP238 T02220089 10222 20028 58032",2025-10-03 18:06:27.066478,2025-10-03 14:06:27.066522
"KWLD","Winfield/Strother Fld, KS, US",2025-10-03 17:54:00,"2025-10-03 12:54:00","VFR",29.4,18.3,180,10,18,NA,1021.8,"METAR KWLD 031754Z AUTO 18010G18KT 10SM CLR 29/18 A3017 RMK AO2 SLP205 T02940183 10294 20178 58010",2025-10-03 18:06:27.072814,2025-10-03 14:06:27.072857
"KWAL","Wallops Island Facility Arpt, VA, US",2025-10-03 17:54:00,"2025-10-03 13:54:00","VFR",19.4,10,NA,6,NA,NA,1027.9,"METAR KWAL 031754Z VRB06KT 10SM FEW040 FEW250 19/10 A3035 RMK AO2 SLP273 T01940100 10200 20122 58020",2025-10-03 18:06:27.079286,2025-10-03 14:06:27.079333
"KWST","Westerly State Arpt, RI, US",2025-10-03 17:53:00,"2025-10-03 13:53:00","VFR",18.9,10,240,11,20,NA,1026.2,"METAR KWST 031753Z AUTO 24011G20KT 10SM CLR 19/10 A3030 RMK AO2 SLP260 T01890100 10189 20072 58023",2025-10-03 18:06:27.097555,2025-10-03 14:06:27.0976
"KWVI","Watsonville Muni, CA, US",2025-10-03 17:53:00,"2025-10-03 10:53:00","VFR",18.9,10.6,250,11,16,NA,1019,"METAR KWVI 031753Z AUTO 25011G16KT 10SM BKN035 19/11 A3009 RMK AO2 SLP188 T01890106 10200 20122 50002",2025-10-03 18:06:27.104203,2025-10-03 14:06:27.104248
"KYKM","Yakima/McAllister Fld, WA, US",2025-10-03 17:53:00,"2025-10-03 10:53:00","MVFR",16.1,6.7,0,0,NA,4,1019.4,"METAR KYKM 031753Z 00000KT 4SM HZ CLR 16/07 A3010 RMK AO2 SLP193 T01610067 10161 20039 58000 $",2025-10-03 18:06:27.110878,2025-10-03 14:06:27.110921
"KXVG","Longville Muni, MN, US",2025-10-03 17:53:00,"2025-10-03 17:53:00","VFR",27,16,150,11,15,NA,1017.7,"METAR KXVG 031753Z AUTO 15011G15KT 10SM CLR 27/16 A3005 RMK AO2",2025-10-03 18:06:27.117343,2025-10-03 14:06:27.117386
"KVIH","Vichy/Rolla Arpt, MO, US",2025-10-03 17:53:00,"2025-10-03 12:53:00","VFR",28.3,15,NA,4,NA,NA,1024.5,"METAR KVIH 031753Z AUTO VRB04KT 10SM CLR 28/15 A3025 RMK AO2 SLP230 T02830150 10289 20194 58009",2025-10-03 18:06:27.123844,2025-10-03 14:06:27.123887
"KYIP","Detroit/Willow Run Arpt, MI, US",2025-10-03 17:53:00,"2025-10-03 13:53:00","VFR",27.8,11.1,0,0,NA,NA,1023.8,"METAR KYIP 031753Z 00000KT 10SM CLR 28/11 A3023 RMK AO2 SLP231 T02780111 10278 20089 58014",2025-10-03 18:06:27.130253,2025-10-03 14:06:27.130297
"KZZV","Zanesville Muni, OH, US",2025-10-03 17:53:00,"2025-10-03 13:53:00","VFR",24.4,13.9,240,5,NA,NA,1025.1,"METAR KZZV 031753Z AUTO 24005KT 10SM CLR 24/14 A3027 RMK AO2 SLP246 T02440139 10244 20111 58018",2025-10-03 18:06:27.136632,2025-10-03 14:06:27.136675
"KVLD","Valdosta Rgnl, GA, US",2025-10-03 17:53:00,"2025-10-03 13:53:00","VFR",26.7,16.7,80,11,19,NA,1021.1,"METAR KVLD 031753Z 08011G19KT 10SM SCT039 BKN060 BKN075 27/17 A3015 RMK AO2 SLP216 T02670167 10278 20194 58014",2025-10-03 18:06:27.142997,2025-10-03 14:06:27.14304
"KVGT","Las Vegas/North Arpt, NV, US",2025-10-03 17:53:00,"2025-10-03 10:53:00","VFR",26.7,7.8,150,12,21,NA,1011.6,"METAR KVGT 031753Z 15012G21KT 10SM CLR 27/08 A2987 RMK AO2 SLP108 T02670078 10267 20211 58003",2025-10-03 18:06:27.149309,2025-10-03 14:06:27.149352
"KVRB","Vero Beach Muni, FL, US",2025-10-03 17:53:00,"2025-10-03 13:53:00","VFR",28.9,21.7,60,17,28,NA,1016.3,"METAR KVRB 031753Z 06017G28KT 10SM SCT029 SCT039 29/22 A3001 RMK AO2 PK WND 07028/1744 LTG DSNT S AND SW SLP161 T02890217 10300 20261 58013",2025-10-03 18:06:27.155688,2025-10-03 14:06:27.155769
"KVUO","Vancouver/Pearson Fld, WA, US",2025-10-03 17:53:00,"2025-10-03 17:53:00","IFR",12.2,10.6,0,0,NA,NA,1022.8,"METAR KVUO 031753Z AUTO 00000KT 10SM OVC005 12/11 A3020 RMK AO2 SLP227 T01220106 10122 20106 53009",2025-10-03 18:06:27.16217,2025-10-03 14:06:27.162213
"KWRL","Worland Muni, WY, US",2025-10-03 17:53:00,"2025-10-03 11:53:00","VFR",22.2,5,NA,4,NA,NA,1013,"METAR KWRL 031753Z AUTO VRB04KT 10SM FEW110 22/05 A2991 RMK AO2 SLP093 T02220050 10222 20044 58018",2025-10-03 18:06:27.168615,2025-10-03 14:06:27.168659
"KVTN","Valentine/Miller Fld, NE, US",2025-10-03 17:52:00,"2025-10-03 12:52:00","VFR",30.6,12.8,180,19,24,NA,1015.7,"METAR KVTN 031752Z AUTO 18019G24KT 10SM CLR 31/13 A2999 RMK AO2 SLP131 T03060128 10306 20156 58019 $",2025-10-03 18:06:27.175099,2025-10-03 14:06:27.175144
"KXWA","Williston/Basin Intl, ND, US",2025-10-03 17:51:00,"2025-10-03 12:51:00","VFR",25,10.6,120,13,NA,NA,1009.2,"METAR KXWA 031751Z AUTO 12013KT 10SM CLR 25/11 A2980 RMK AO2 SLP087 T02500106 10250 20122 58031",2025-10-03 18:06:27.181413,2025-10-03 14:06:27.181456
"KYNG","Youngstown-Warren Rgnl, OH, US",2025-10-03 17:51:00,"2025-10-03 13:51:00","VFR",24.4,10.6,NA,4,NA,NA,1025.5,"METAR KYNG 031751Z VRB04KT 10SM FEW055 FEW250 24/11 A3028 RMK AO2 SLP248 T02440106 10250 20094 58015",2025-10-03 18:06:27.187807,2025-10-03 14:06:27.187851
"KVQQ","Jacksonville/Cecil Arpt, FL, US",2025-10-03 17:50:00,"2025-10-03 13:50:00","MVFR",27,22,30,12,24,NA,1020.1,"METAR KVQQ 031750Z 03012G24KT 10SM BKN020 27/22 A3012",2025-10-03 18:06:27.19414,2025-10-03 14:06:27.194183
"KWDG","Enid/Woodring Arpt, OK, US",2025-10-03 17:47:00,"2025-10-03 12:47:00","VFR",31,16,190,14,24,NA,1021.1,"METAR KWDG 031747Z 19014G24KT 10SM CLR 31/16 A3015",2025-10-03 18:06:27.200483,2025-10-03 14:06:27.200527
"KVKS","Vicksburg Arpt, MS, US",2025-10-03 17:35:00,"2025-10-03 12:35:00","VFR",28,15,NA,4,15,NA,1021.4,"METAR KVKS 031735Z AUTO VRB04G15KT 10SM CLR 28/15 A3016 RMK A01",2025-10-03 18:06:27.206941,2025-10-03 14:06:27.206986
"PAHX","Shageluk Arpt, AK, US",2025-10-03 18:02:00,"2025-10-03 10:02:00","VFR",3.3,1.7,220,6,NA,NA,1013,"METAR PAHX 031802Z AUTO 22006KT 10SM BKN065 OVC080 03/02 A2991 RMK AO2 SLP129 T00330017 10044 20017 53021",2025-10-03 18:06:28.803072,2025-10-03 14:06:28.803117
"PAGY","Skagway Arpt, AK, US",2025-10-03 18:01:00,"2025-10-03 10:01:00","VFR",8.3,7.2,250,4,NA,NA,1012.6,"SPECI PAGY 031801Z AUTO 25004KT 10SM FEW018 SCT025 08/07 A2990 RMK AO2 T00830072 TSNO",2025-10-03 18:06:28.809635,2025-10-03 14:06:28.809677
"PAEH","Cape Newenham Arpt, AK, US",2025-10-03 18:01:00,"2025-10-03 10:01:00","IFR",7,7,20,22,29,5,1012.6,"SPECI PAEH 031801Z AUTO 02022G29KT 010V070 5SM BR BKN006 07/07 A2990 RMK AO2 PK WND 03029/1757 SLP126 $",2025-10-03 18:06:28.815814,2025-10-03 14:06:28.815857
"PAFS","Nikolai Arpt, AK, US",2025-10-03 18:01:00,"2025-10-03 10:01:00","VFR",4,3,230,12,NA,NA,1013,"SPECI PAFS 031801Z AUTO 23012KT 10SM FEW025 BKN033 04/03 A2991 RMK AO2 RAE1736 P0000",2025-10-03 18:06:28.822109,2025-10-03 14:06:28.822155
"PAAK","Atka Arpt, AK, US",2025-10-03 17:56:00,"2025-10-03 08:56:00","IFR",10,7.8,150,35,51,1.5,994.7,"METAR PAAK 031756Z AUTO 15035G51KT 1 1/2SM -RA BR SCT015 BKN021 OVC030 10/08 A2937 RMK AO2 PK WND 15056/1657 PRESFR SLP945 P0001 6//// T01000078 10111 20089 58075 TSNO",2025-10-03 18:06:28.828407,2025-10-03 14:06:28.828449
"PAGH","Shungnak Arpt, AK, US",2025-10-03 17:56:00,"2025-10-03 09:56:00","IFR",0.6,0.6,250,7,16,NA,1005.5,"METAR PAGH 031756Z AUTO 25007G16KT 10SM OVC008 01/01 A2969 RMK AO2 UPE30 SLP059 P0000 60000 T00060006 10006 20000 53027 FZRANO",2025-10-03 18:06:28.834727,2025-10-03 14:06:28.834772
"PAHL","Huslia Arpt, AK, US",2025-10-03 17:56:00,"2025-10-03 09:56:00","VFR",0.6,-1.1,250,9,14,NA,1007.9,"METAR PAHL 031756Z AUTO 25009G14KT 10SM CLR 01/M01 A2976 RMK AO2 SLP080 60000 T00061011 10033 20006 51045 FZRANO TSNO",2025-10-03 18:06:28.840999,2025-10-03 14:06:28.841041
"PAGL","Golovin Arpt, AK, US",2025-10-03 17:56:00,"2025-10-03 09:56:00","VFR",0.6,-1.1,350,3,NA,NA,1009.9,"METAR PAGL 031756Z AUTO 35003KT 10SM OVC034 01/M01 A2982 RMK AO2 SLP094 T00061011 10011 21006 51024 FZRANO $",2025-10-03 18:06:28.847325,2025-10-03 14:06:28.847367
"PAFE","Kake Arpt, AK, US",2025-10-03 17:56:00,"2025-10-03 17:56:00","MVFR",10,8.9,110,5,NA,NA,1016,"METAR PAFE 031756Z AUTO 11005KT 10SM OVC011 10/09 A3000 RMK AO2 SLP164 60000 T01000089 10100 20083 53014",2025-10-03 18:06:28.85357,2025-10-03 14:06:28.853612
"PAGS","Gustavus Arpt, AK, US",2025-10-03 17:56:00,"2025-10-03 09:56:00","MVFR",8.9,8.3,0,0,NA,NA,1013.6,"METAR PAGS 031756Z AUTO 00000KT 10SM BKN025 BKN034 OVC055 09/08 A2993 RMK AO2 SLP136 60000 T00890083 10089 20078 53018",2025-10-03 18:06:28.859862,2025-10-03 14:06:28.859906
"PABL","Buckland Arpt, AK, US",2025-10-03 17:56:00,"2025-10-03 09:56:00","VFR",0.6,-1.7,240,10,16,NA,1007.9,"METAR PABL 031756Z AUTO 24010G16KT 10SM -SN OVC031 01/M02 A2976 RMK AO2 RAB50E56SNB56 SLPNO P0000 60000 T00061017 10011 20006 51019 FZRANO",2025-10-03 18:06:28.866149,2025-10-03 14:06:28.866192
"PABV","Birchwood Arpt, AK, US",2025-10-03 17:56:00,"2025-10-03 17:56:00","VFR",6.1,2.2,50,6,NA,NA,1013.6,"METAR PABV 031756Z AUTO 05006KT 10SM BKN039 OVC060 06/02 A2993 RMK AO2 SLP134 T00610022 10061 20033 53024 $",2025-10-03 18:06:28.872411,2025-10-03 14:06:28.872454
"PAEM","Emmonak Arpt, AK, US",2025-10-03 17:56:00,"2025-10-03 09:56:00","VFR",2.2,1.1,170,6,NA,NA,1010.6,"METAR PAEM 031756Z AUTO 17006KT 10SM -RA FEW030 BKN037 OVC045 02/01 A2984 RMK AO2 UPB16E19RAB19 SLP104 6//// T00220011 10033 20011 51012 FZRANO PNO $",2025-10-03 18:06:28.878685,2025-10-03 14:06:28.878749
"PAGM","Gambell Arpt, AK, US",2025-10-03 17:56:00,"2025-10-03 09:56:00","MVFR",2.2,-2.2,60,19,25,NA,1007.5,"METAR PAGM 031756Z AUTO 06019G25KT 10SM OVC024 02/M02 A2975 RMK AO2 PK WND 05027/1733 SLP081 6//// T00221022 10028 20022 55005 FZRANO PNO $",2025-10-03 18:06:28.884977,2025-10-03 14:06:28.885021
"PABA","Barter Island Arpt, AK, US",2025-10-03 17:56:00,"2025-10-03 09:56:00","MVFR",-3.3,-4.4,230,3,NA,NA,1002.8,"METAR PABA 031756Z AUTO 23003KT 10SM OVC015 M03/M04 A2961 RMK AO2 SLP045 60000 T10331044 11033 21044 53019 FZRANO TSNO",2025-10-03 18:06:28.891276,2025-10-03 14:06:28.891318
"PAGA","Galena Arpt, AK, US",2025-10-03 17:56:00,"2025-10-03 09:56:00","VFR",1.7,0,250,10,NA,NA,1009.6,"METAR PAGA 031756Z AUTO 25010KT 10SM CLR 02/00 A2981 RMK AO2 SLP096 T00170000 10050 20011 51037 FZRANO TSNO $",2025-10-03 18:06:28.897667,2025-10-03 14:06:28.897749
"PADU","Dutch Harbor/Unalaska Arpt, AK, US",2025-10-03 17:56:00,"2025-10-03 09:56:00","VFR",8.9,4.4,150,19,26,NA,1010.9,"METAR PADU 031756Z 15019G26KT 10SM FEW021 BKN042 BKN100 09/04 A2985 RMK AO2 PK WND 15026/1752 SLP106 T00890044 10117 20089 56018",2025-10-03 18:06:28.904129,2025-10-03 14:06:28.904175
"PADL","Dillingham Arpt, AK, US",2025-10-03 17:56:00,"2025-10-03 09:56:00","MVFR",7.8,7.2,200,8,NA,NA,1015.3,"METAR PADL 031756Z 20008KT 10SM OVC017 08/07 A2998 RMK AO2 SLP154 T00780072 10083 20078 51008",2025-10-03 18:06:28.922323,2025-10-03 14:06:28.922365
"PAGN","Angoon, AK, US",2025-10-03 17:56:00,"2025-10-03 09:56:00","IFR",8.9,8.9,0,0,NA,NA,1015.3,"METAR PAGN 031756Z AUTO 00000KT 10SM BKN007 BKN034 OVC044 09/09 A2998 RMK AO2 SLP141 60001 T00890089 10089 20078 51025 $",2025-10-03 18:06:28.929032,2025-10-03 14:06:28.929078
"PACX","Coldfoot Arpt, AK, US",2025-10-03 17:56:00,"2025-10-03 09:56:00","VFR",-1.7,-3.3,30,6,NA,NA,1002.5,"METAR PACX 031756Z AUTO 03006KT 10SM OVC037 M02/M03 A2960 RMK AO2 SNE49 SLP653 P0000 60000 T10171033 11017 21022 53030 FZRANO",2025-10-03 18:06:28.93573,2025-10-03 14:06:28.935777
"PAHC","Holy Cross Arpt, AK, US",2025-10-03 17:56:00,"2025-10-03 09:56:00","VFR",3.3,2.2,0,0,NA,NA,1012.6,"METAR PAHC 031756Z AUTO 00000KT 10SM OVC065 03/02 A2990 RMK AO2 SLP128 T00330022 10044 20028 51010",2025-10-03 18:06:28.942081,2025-10-03 14:06:28.942124
"PAFR","Ft Richardson/Bryant AAF, AK, US",2025-10-03 17:55:00,"2025-10-03 09:55:00","VFR",10.3,4.4,200,12,NA,9,1012.3,"METAR PAFR 031755Z AUTO 20012KT 9SM FEW032 SCT060 OVC100 10/04 A2989 RMK AO2 SLP125 T01030044 10103 20076 52025 $",2025-10-03 18:06:28.948265,2025-10-03 14:06:28.948306
"PAED","Anchorage/Elmendorf AFB, AK, US",2025-10-03 17:55:00,"2025-10-03 09:55:00","VFR",10.2,4.1,210,13,NA,NA,1011.9,"METAR PAED 031755Z 21013KT 10SM SCT028 BKN110 10/04 A2988 RMK AO2A PK WND 19026/40 SLP115 T01020041 10102 20091 52027 $",2025-10-03 18:06:28.954632,2025-10-03 14:06:28.954677
"PAFB","Fairbanks/Ladd AAF, AK, US",2025-10-03 17:55:00,"2025-10-03 09:55:00","MVFR",5.4,3.1,260,12,NA,8,1006.2,"METAR PAFB 031755Z 26012KT 8SM -RA FEW012 SCT015 OVC021 05/03 A2971 RMK AO2A SLP070 P0000 60022 T00540031 10056 20028 52034 $",2025-10-03 18:06:28.960923,2025-10-03 14:06:28.960965
"PAAD","Point Thomson Arpt, AK, US",2025-10-03 17:55:00,"2025-10-03 17:55:00","MVFR",-3,-5.4,0,0,NA,NA,1003.8,"METAR PAAD 031755Z AUTO 00000KT 10SM OVC017 M03/M05 A2964 RMK AO2 T10301054 11030 21037 FZRANO",2025-10-03 18:06:28.967292,2025-10-03 14:06:28.967335
"PAEI","Fairbanks/Eielson AFB, AK, US",2025-10-03 17:55:00,"2025-10-03 09:55:00","MVFR",4.4,2.7,90,10,15,NA,1006.9,"METAR PAEI 031755Z 09010G15KT 10SM SCT020 BKN029 OVC035 04/03 A2973 RMK AO2A CIG 020V029 CIG 022 RWY32 SLP076 60021 T00440027 10044 20024 52032 $",2025-10-03 18:06:28.97362,2025-10-03 14:06:28.973663
"PAHN","Haines Arpt, AK, US",2025-10-03 17:54:00,"2025-10-03 09:54:00","VFR",8.9,6.1,300,8,NA,NA,1012.6,"METAR PAHN 031754Z AUTO 30008KT 10SM BKN050 09/06 A2990 RMK AO2 SLP129 T00890061 10089 20067 51021 TSNO",2025-10-03 18:06:28.979956,2025-10-03 14:06:28.979999
"PAEG","Eagle Arpt, AK, US",2025-10-03 17:53:00,"2025-10-03 09:53:00","VFR",1.7,0,120,7,NA,NA,1004.8,"METAR PAEG 031753Z AUTO 12007KT 10SM FEW065 BKN090 BKN110 02/00 A2967 RMK AO2 SLP059 I6000 T00170000 10017 21011 53007 TSNO $",2025-10-03 18:06:28.986245,2025-10-03 14:06:28.986287
"PABR","Utqiaġvik, AK, US",2025-10-03 17:53:00,"2025-10-03 09:53:00","MVFR",-2.8,-7.8,300,7,NA,NA,1004.8,"METAR PABR 031753Z 30007KT 10SM BKN025 M03/M08 A2967 RMK AO2 SLP047 T10281078 11022 21039 53021 $",2025-10-03 18:06:28.992507,2025-10-03 14:06:28.992549
"PAAQ","Palmer Muni, AK, US",2025-10-03 17:53:00,"2025-10-03 09:53:00","VFR",4.4,3.3,10,4,NA,NA,1012.6,"METAR PAAQ 031753Z 01004KT 10SM OVC040 04/03 A2990 RMK AO2 RAE25 SLP128 P0000 60000 T00440033 10044 20022 51027 $",2025-10-03 18:06:28.998844,2025-10-03 14:06:28.998888
"PADQ","Kodiak Arpt, AK, US",2025-10-03 17:53:00,"2025-10-03 09:53:00","VFR",7.2,4.4,260,3,NA,NA,1016.7,"METAR PADQ 031753Z 26003KT 10SM CLR 07/04 A3002 RMK AO2 SLP165 T00720044 10111 20056 51017",2025-10-03 18:06:29.005103,2025-10-03 14:06:29.005145
"PACD","Cold Bay Arpt, AK, US",2025-10-03 17:53:00,"2025-10-03 09:53:00","MVFR",7.8,5.6,140,24,34,NA,1013.6,"METAR PACD 031753Z 14024G34KT 10SM BKN015 08/06 A2993 RMK AO2 PK WND 14038/1656 SLP137 T00780056 10078 20067 55006 $",2025-10-03 18:06:29.011347,2025-10-03 14:06:29.011391
"PABT","Bettles Arpt, AK, US",2025-10-03 17:53:00,"2025-10-03 09:53:00","IFR",0,-1.1,340,3,NA,3,1002.8,"METAR PABT 031753Z 34003KT 3SM -SN BR FEW005 BKN009 OVC015 00/M01 A2961 RMK AO2 SLP038 PCPN VRY LGT 60011 4/003 T00001011 10000 21006 53025 $",2025-10-03 18:06:29.017552,2025-10-03 14:06:29.017594
"PAEN","Kenai Muni, AK, US",2025-10-03 17:53:00,"2025-10-03 09:53:00","VFR",9.4,6.1,180,14,21,NA,1011.9,"METAR PAEN 031753Z 18014G21KT 10SM CLR 09/06 A2988 RMK AO2 SLP121 T00940061 10094 20078 53023",2025-10-03 18:06:29.023859,2025-10-03 14:06:29.023903
"PACV","Cordova/Smith Arpt, AK, US",2025-10-03 17:53:00,"2025-10-03 09:53:00","VFR",2.2,2.2,0,0,NA,NA,1013,"METAR PACV 031753Z 00000KT 10SM BKN210 02/02 A2991 RMK AO2 SLP130 T00220022 10022 20000 53023",2025-10-03 18:06:29.030209,2025-10-03 14:06:29.030253
"PABI","Ft Greely/Allen Fld, AK, US",2025-10-03 17:53:00,"2025-10-03 09:53:00","VFR",1.1,0,180,5,NA,NA,1008.5,"METAR PABI 031753Z 18005KT 10SM -RA SCT029 OVC065 01/00 A2978 RMK AO2 SLP105 P0001 60003 T00110000 10017 20006 51021 $",2025-10-03 18:06:29.047197,2025-10-03 14:06:29.04726
"PAHO","Homer Arpt, AK, US",2025-10-03 17:53:00,"2025-10-03 09:53:00","MVFR",10,6.7,230,14,23,NA,1015.3,"METAR PAHO 031753Z 23014G23KT 10SM OVC019 10/07 A2998 RMK AO2 SLP151 60000 T01000067 10100 20094 53024 $",2025-10-03 18:06:29.05433,2025-10-03 14:06:29.054376
"PADG","Red Dog Arpt, AK, US",2025-10-03 17:53:00,"2025-10-03 09:53:00","VFR",-4,-5,0,0,NA,NA,1003.5,"METAR PADG 031753Z 00000KT 10SM -SN BR SCT037 BKN043 OVC065 M04/M05 A2963 RMK VIS 5 N",2025-10-03 18:06:29.061055,2025-10-03 14:06:29.0611
"PAFA","Fairbanks Intl, AK, US",2025-10-03 17:53:00,"2025-10-03 09:53:00","MVFR",5,2.2,240,15,21,NA,1006.2,"METAR PAFA 031753Z 24015G21KT 10SM BKN026 BKN033 BKN047 05/02 A2971 RMK AO2 PK WND 24026/1719 RAE32 SLP068 P0000 60027 T00500022 10050 20028 53033 $",2025-10-03 18:06:29.067787,2025-10-03 14:06:29.067831
"PABE","Bethel Arpt, AK, US",2025-10-03 17:53:00,"2025-10-03 09:53:00","LIFR",7,7,160,8,NA,1,1011.6,"METAR PABE 031753Z 16008KT 1SM BR OVC003 07/07 A2987",2025-10-03 18:06:29.074029,2025-10-03 14:06:29.074072
"PAEL","Elfin Cove, AK, US",2025-10-03 16:50:00,"2025-10-03 08:50:00","MVFR",9,8,0,0,NA,12,1012.3,"METAR PAEL 031650Z 00000KT 12SM FEW008 BKN022 BKN200 09/08 A2989 RMK SEA 0 SWELL 2 SW MIN 7.3 NOSPECI",2025-10-03 18:06:29.080208,2025-10-03 14:06:29.08025
"PANU","Nulato Arpt, AK, US",2025-10-03 18:04:00,"2025-10-03 10:04:00","LIFR",1,1,230,3,NA,NA,1009.9,"SPECI PANU 031804Z AUTO 23003KT 10SM BKN004 01/01 A2982 RMK AO2 FZRANO",2025-10-03 18:06:31.134928,2025-10-03 14:06:31.13497
"PAKW","Klawock Arpt, AK, US",2025-10-03 18:02:00,"2025-10-03 10:02:00","LIFR",12.8,10.6,NA,NA,NA,2,1014.6,"SPECI PAKW 031802Z AUTO 2SM BR OVC004 13/11 A2996 RMK AO2 T01280106 TSNO PNO $",2025-10-03 18:06:31.141209,2025-10-03 14:06:31.14125
"PALU","Cape Lisburne Arpt, AK, US",2025-10-03 18:01:00,"2025-10-03 10:01:00","MVFR",2,-1,10,10,NA,NA,1007.9,"SPECI PALU 031801Z 01010KT 10SM -SHRA BKN024 BKN046 02/M01 A2976 RMK AO2A SLP076 COR1802",2025-10-03 18:06:31.147474,2025-10-03 14:06:31.147516
"PAIM","Indian Mtn Arpt, AK, US",2025-10-03 18:00:00,"2025-10-03 10:00:00","IFR",0,0,270,12,19,1.25,1004.5,"SPECI PAIM 031800Z AUTO 27012G19KT 250V320 1 1/4SM -SN BR OVC009 00/00 A2966 RMK AO2 SLP060",2025-10-03 18:06:31.153647,2025-10-03 14:06:31.15369
"PAKI","Kipnuk Arpt, AK, US",2025-10-03 17:59:00,"2025-10-03 09:59:00","IFR",8,7,170,10,NA,2.5,1009.9,"SPECI PAKI 031759Z AUTO 17010KT 2 1/2SM BR BKN009 OVC016 08/07 A2982 RMK AO2 CIG 004V013",2025-10-03 18:06:31.159973,2025-10-03 14:06:31.160015
"PAMM","Metlakatla, AK, US",2025-10-03 17:56:00,"2025-10-03 09:56:00",NA,10,8.9,150,7,15,NA,1016.3,"METAR PAMM 031756Z AUTO 15007G15KT 120V190 BKN016 OVC023 10/09 A3001 RMK AO2 SLP153 60009 T01000089 10100 20089 51017 PWINO $",2025-10-03 18:06:31.166264,2025-10-03 14:06:31.166306
"PAVC","King Cove Arpt, AK, US",2025-10-03 17:56:00,"2025-10-03 09:56:00",NA,6.7,5.6,110,9,NA,NA,1017,"METAR PAVC 031756Z AUTO 11009KT OVC016 07/06 A3003 RMK AO2 SLP170 T00670056 10072 20028 58004 PWINO $",2025-10-03 18:06:31.172503,2025-10-03 14:06:31.172544
"PAII","Egegik Arpt, AK, US",2025-10-03 17:56:00,"2025-10-03 09:56:00","MVFR",6.7,5.6,180,6,NA,NA,1017.7,"METAR PAII 031756Z AUTO 18006KT 10SM OVC017 07/06 A3005 RMK AO2 SLP174 T00670056 10089 20067 53007",2025-10-03 18:06:31.178954,2025-10-03 14:06:31.178998
"PFKO","Kotlik Arpt, AK, US",2025-10-03 17:56:00,"2025-10-03 09:56:00","MVFR",1.1,0.6,180,7,NA,NA,1010.6,"METAR PFKO 031756Z AUTO 18007KT 10SM BKN029 OVC095 01/01 A2984 RMK AO2 SLP107 60000 T00110006 10022 20000 51015 FZRANO $",2025-10-03 18:06:31.196952,2025-10-03 14:06:31.197014
"PAIG","Igiugig Arpt, AK, US",2025-10-03 17:56:00,"2025-10-03 09:56:00","MVFR",NA,NA,170,8,NA,NA,1017,"METAR PAIG 031756Z AUTO 17008KT 10SM BKN016 OVC022 A3003 RMK AO2 SLPNO 6//// 53017 FZRANO PNO $",2025-10-03 18:06:31.204063,2025-10-03 14:06:31.204109
"PAIW","Wales Arpt, AK, US",2025-10-03 17:56:00,"2025-10-03 09:56:00","VFR",0,-1.7,350,6,NA,NA,1009.9,"METAR PAIW 031756Z AUTO 35006KT 10SM FEW026 BKN036 00/M02 A2982 RMK AO2 UPE08 SLP097 P0000 60000 T00001017 10017 21006 53015 FZRANO",2025-10-03 18:06:31.210794,2025-10-03 14:06:31.21084
"PFTO","Tok Junction Arpt, AK, US",2025-10-03 17:56:00,"2025-10-03 09:56:00","VFR",-1.7,-2.2,0,0,NA,NA,1006.5,"METAR PFTO 031756Z AUTO 00000KT 10SM OVC100 M02/M02 A2972 RMK AO2 SLP578 T10171022 10000 21022 53014 FZRANO",2025-10-03 18:06:31.217445,2025-10-03 14:06:31.217489
"PAOU","Nelson Lagoon Arpt, AK, US",2025-10-03 17:56:00,"2025-10-03 09:56:00","VFR",6.7,3.9,160,6,NA,NA,1015.3,"METAR PAOU 031756Z AUTO 16006KT 10SM CLR 07/04 A2998 RMK AO2 SLP153 T00670039 10067 20039 55005",2025-10-03 18:06:31.223744,2025-10-03 14:06:31.223791
"PAPH","Port Heiden Arpt, AK, US",2025-10-03 17:56:00,"2025-10-03 09:56:00","VFR",3.9,3.3,140,4,NA,NA,1017.4,"METAR PAPH 031756Z AUTO 14004KT 10SM CLR 04/03 A3004 RMK AO2 SLP172 T00390033 10061 20006 56004 $",2025-10-03 18:06:31.230021,2025-10-03 14:06:31.230064
"PARS","Russian Mission Arpt, AK, US",2025-10-03 17:56:00,"2025-10-03 09:56:00","MVFR",3.3,3.3,0,0,NA,NA,1012.3,"METAR PARS 031756Z AUTO 00000KT 10SM BKN027 OVC055 03/03 A2989 RMK AO2 SLP123 6//// T00330033 10044 20033 51008 PNO $",2025-10-03 18:06:31.236311,2025-10-03 14:06:31.236354
"PASD","Sand Point Arpt, AK, US",2025-10-03 17:56:00,"2025-10-03 09:56:00","MVFR",7.2,6.2,180,12,NA,NA,1018,"METAR PASD 031756Z 18012KT 10SM FEW017 SCT021 BKN027 07/06 A3006 RMK AO2 SLPNO 6//// T00720062 $",2025-10-03 18:06:31.24261,2025-10-03 14:06:31.242652
"PASM","St Marys Arpt, AK, US",2025-10-03 17:56:00,"2025-10-03 09:56:00","VFR",2.2,2.2,100,6,NA,NA,1010.9,"METAR PASM 031756Z AUTO 10006KT 10SM BKN060 02/02 A2985 RMK AO2 SLP117 T00220022 10028 20017 50003 FZRANO",2025-10-03 18:06:31.248888,2025-10-03 14:06:31.248932
"PFEL","Elim Arpt, AK, US",2025-10-03 17:56:00,"2025-10-03 09:56:00","VFR",-0.6,-1.7,260,6,NA,NA,1008.9,"METAR PFEL 031756Z AUTO 26006KT 10SM CLR M01/M02 A2979 RMK AO2 SLP090 T10061017 10006 21011 51027 FZRANO TSNO",2025-10-03 18:06:31.255198,2025-10-03 14:06:31.255241
"PAKF","False Pass Arpt, AK, US",2025-10-03 17:56:00,"2025-10-03 09:56:00","MVFR",8.3,5,170,11,18,NA,1014.3,"METAR PAKF 031756Z AUTO 17011G18KT 10SM OVC018 08/05 A2995 RMK AO2 PK WND 20026/1720 SLP143 T00830050 10083 20028 58004",2025-10-03 18:06:31.261476,2025-10-03 14:06:31.261518
"PAKK","Koyuk Arpt, AK, US",2025-10-03 17:56:00,"2025-10-03 09:56:00","VFR",-0.6,-1.1,0,0,NA,NA,1007.9,"METAR PAKK 031756Z AUTO 00000KT 10SM SCT041 M01/M01 A2976 RMK AO2 SLP087 T10061011 10000 21017 53032 FZRANO",2025-10-03 18:06:31.267723,2025-10-03 14:06:31.267776
"PAMK","St Michael Arpt, AK, US",2025-10-03 17:56:00,"2025-10-03 09:56:00","VFR",NA,NA,210,10,NA,NA,1010.9,"METAR PAMK 031756Z AUTO 21010KT 10SM BKN110 A2985 RMK AO2 SLPNO 60000 52024 FZRANO $",2025-10-03 18:06:31.273976,2025-10-03 14:06:31.274019
"PAMY","Mekoryuk Arpt, AK, US",2025-10-03 17:56:00,"2025-10-03 09:56:00","MVFR",7.8,7.8,150,7,NA,NA,1006.9,"METAR PAMY 031756Z AUTO 15007KT 10SM FEW008 OVC012 08/08 A2973 RMK AO2 SLP066 T00780078 10078 20033 56010",2025-10-03 18:06:31.280252,2025-10-03 14:06:31.280295
"PAPN","Pilot Point Arpt, AK, US",2025-10-03 17:56:00,"2025-10-03 09:56:00","VFR",4.4,3.9,140,7,NA,7,1017.4,"METAR PAPN 031756Z AUTO 14007KT 7SM CLR 04/04 A3004 RMK AO2 SLP173 6//// T00440039 10067 20039 53002 PNO $",2025-10-03 18:06:31.286484,2025-10-03 14:06:31.286525
"PAKP","Anaktuvuk Pass Arpt, AK, US",2025-10-03 17:56:00,"2025-10-03 09:56:00","VFR",-3.3,-4.4,180,8,NA,9,1001.1,"METAR PAKP 031756Z AUTO 18008KT 9SM -SN OVC038 M03/M04 A2956 RMK AO2 SLP055 P0000 60000 T10331044 11033 21050 53065 FZRANO",2025-10-03 18:06:31.29268,2025-10-03 14:06:31.292742
"PASA","Savoonga Arpt, AK, US",2025-10-03 17:56:00,"2025-10-03 09:56:00","VFR",1.7,-1.1,70,15,NA,NA,1008.5,"METAR PASA 031756Z AUTO 07015KT 10SM FEW021 OVC090 02/M01 A2978 RMK AO2 SLP085 T00171011 10017 20011 51001 FZRANO $",2025-10-03 18:06:31.29899,2025-10-03 14:06:31.299034
"PAVD","Valdez Arpt, AK, US",2025-10-03 17:56:00,"2025-10-03 09:56:00","VFR",2.8,2.8,80,3,NA,NA,1016,"METAR PAVD 031756Z 08003KT 10SM FEW050 SCT250 03/03 A3000 RMK AO2 SLP157 6//// T00280028 10028 20000 53026 $",2025-10-03 18:06:31.305326,2025-10-03 14:06:31.305369
"PAWM","White Mouintain Arpt, AK, US",2025-10-03 17:56:00,"2025-10-03 09:56:00","VFR",-1.1,-1.7,340,8,NA,8,1009.2,"METAR PAWM 031756Z AUTO 34008KT 8SM SCT039 M01/M02 A2980 RMK AO2 SLP096 T10111017 10000 21011 51024 FZRANO",2025-10-03 18:06:31.311666,2025-10-03 14:06:31.311727
"PAWN","Noatak Arpt, AK, US",2025-10-03 17:56:00,"2025-10-03 09:56:00","MVFR",-1.1,-2.2,40,3,NA,9,NA,"METAR PAWN 031756Z AUTO 04003KT 9SM -SN OVC012 M01/M02 RMK AO2 SNE25B48 SLPNO P0000 60000 T10111022 10000 21011 FZRANO $",2025-10-03 18:06:31.329566,2025-10-03 14:06:31.329608
"PAPE","Perryville Arpt, AK, US",2025-10-03 17:56:00,"2025-10-03 09:56:00","VFR",3.9,2.2,0,0,NA,NA,1018.7,"METAR PAPE 031756Z AUTO 00000KT 10SM CLR 04/02 A3008 RMK AO2 SLP183 T00390022 10039 20017 53007",2025-10-03 18:06:31.336324,2025-10-03 14:06:31.33637
"PFNO","Noorvik/Curtis Mem, AK, US",2025-10-03 17:56:00,"2025-10-03 09:56:00","LIFR",0.6,0.6,250,5,NA,2.5,1005.5,"METAR PFNO 031756Z AUTO 25005KT 2 1/2SM -RA BR BKN003 OVC018 01/01 A2969 RMK AO2 RAB50 SLP054 P0000 60001 T00060006 10011 21006 51042 FZRANO $",2025-10-03 18:06:31.343162,2025-10-03 14:06:31.343206
"PFCL","Clarks Point Arpt, AK, US",2025-10-03 17:56:00,"2025-10-03 09:56:00","MVFR",8.3,7.2,NA,NA,NA,NA,1015.7,"METAR PFCL 031756Z AUTO 10SM OVC014 08/07 A2999 RMK AO2 SLP150 T00830072 10083 20078 51006 $",2025-10-03 18:06:31.349802,2025-10-03 14:06:31.349845
"PFSH","Shaktoolik Arpt, AK, US",2025-10-03 17:56:00,"2025-10-03 09:56:00","VFR",3.9,-0.6,300,9,NA,NA,1009.6,"METAR PFSH 031756Z AUTO 30009KT 10SM CLR 04/M01 A2981 RMK AO2 SLP095 6//// T00391006 10044 20033 51028 TSNO PNO $",2025-10-03 18:06:31.356035,2025-10-03 14:06:31.356078
"PFWS","South Naknek Arpt, AK, US",2025-10-03 17:56:00,"2025-10-03 09:56:00","MVFR",6.7,6.1,170,10,NA,5,NA,"METAR PFWS 031756Z AUTO 17010KT 5SM -RA BR OVC013 07/06 RMK AO2 SLPNO P0076 60076 T00670061 10083 20067 $",2025-10-03 18:06:31.362237,2025-10-03 14:06:31.362279
"PAIN","McKinley Park Arpt, AK, US",2025-10-03 17:56:00,"2025-10-03 09:56:00","VFR",1.1,0.6,0,0,NA,NA,1009.6,"METAR PAIN 031756Z AUTO 00000KT 10SM UP BKN041 OVC049 01/01 A2981 RMK AO2 RAE14B46E55UPB55 SLP118 P0000 60005 T00110006 10017 20006 53021 FZRANO TSNO",2025-10-03 18:06:31.368596,2025-10-03 14:06:31.368638
"PAMO","Mountain Village Arpt, AK, US",2025-10-03 17:56:00,"2025-10-03 09:56:00","VFR",1.1,1.1,70,9,NA,NA,1010.6,"METAR PAMO 031756Z AUTO 07009KT 10SM SCT027 BKN065 OVC120 01/01 A2984 RMK AO2 SLP109 60000 T00110011 10022 20011 58001 FZRANO",2025-10-03 18:06:31.374951,2025-10-03 14:06:31.374997
"PAOH","Hoonah, AK, US",2025-10-03 17:56:00,"2025-10-03 09:56:00","VFR",9.4,8.9,260,3,NA,NA,1014.3,"METAR PAOH 031756Z AUTO 26003KT 10SM BKN060 09/09 A2995 RMK AO2 SLP141 60001 T00940089 10094 20028 53015",2025-10-03 18:06:31.381262,2025-10-03 14:06:31.381305
"PAOO","Tooksok Bay Arpt, AK, US",2025-10-03 17:56:00,"2025-10-03 09:56:00","MVFR",7.2,7.2,130,14,NA,NA,1008.9,"METAR PAOO 031756Z AUTO 13014KT 10SM SCT005 BKN018 OVC025 07/07 A2979 RMK AO2 SLP092 T00720072 10072 20022 56009 TSNO $",2025-10-03 18:06:31.387625,2025-10-03 14:06:31.387668
"PAPM","Platinum Arpt, AK, US",2025-10-03 17:56:00,"2025-10-03 09:56:00","MVFR",8.3,NA,180,12,NA,NA,1013.6,"METAR PAPM 031756Z AUTO 18012KT 10SM OVC013 08/ A2993 RMK AO2 SLP136 T0083 10083 20078 53003 TSNO",2025-10-03 18:06:31.393933,2025-10-03 14:06:31.393978
"PAPG","Petersburg Arpt, AK, US",2025-10-03 17:56:00,"2025-10-03 09:56:00","MVFR",8.3,7.8,360,3,NA,4,1015.7,"METAR PAPG 031756Z 36003KT 4SM -RA BR SCT005 BKN023 OVC029 08/08 A2999 RMK AO2 SLP160 P0000 60007 T00830078 10083 20072 51014",2025-10-03 18:06:31.400141,2025-10-03 14:06:31.400183
"PARC","Arctic Village Arpt, AK, US",2025-10-03 17:56:00,"2025-10-03 09:56:00","IFR",-6.7,-7.8,0,0,NA,NA,999.7,"METAR PARC 031756Z AUTO 00000KT 10SM OVC009 M07/M08 A2952 RMK AO2 SLP057 60000 T10671078 11067 21078 53017 FZRANO TSNO",2025-10-03 18:06:31.406388,2025-10-03 14:06:31.40643
"PARY","Ruby Arpt, AK, US",2025-10-03 17:56:00,"2025-10-03 09:56:00","MVFR",1.1,0.6,230,9,NA,NA,1008.9,"METAR PARY 031756Z AUTO 23009KT 10SM FEW014 BKN025 OVC035 01/01 A2979 RMK AO2 SLP097 60003 T00110006 10033 20011 53045 FZRANO TSNO",2025-10-03 18:06:31.412689,2025-10-03 14:06:31.412754
"PASK","Selawik Arpt, AK, US",2025-10-03 17:56:00,"2025-10-03 09:56:00","IFR",1.7,1.1,250,15,23,2.5,1005.5,"METAR PASK 031756Z AUTO 25015G23KT 2 1/2SM UP BR OVC007 02/01 A2969 RMK AO2 VIS 2V3 UPB34 CIG 004V009 SLP050 P0000 60000 T00170011 10017 20000 53030 FZRANO",2025-10-03 18:06:31.41896,2025-10-03 14:06:31.419003
"PASL","Sleetmute Arpt, AK, US",2025-10-03 17:56:00,"2025-10-03 09:56:00","VFR",5.6,3.3,0,0,NA,NA,1015,"METAR PASL 031756Z AUTO 00000KT 10SM FEW041 SCT060 OVC080 06/03 A2997 RMK AO2 SLP140 60001 T00560033 10072 20056 51017",2025-10-03 18:06:31.425282,2025-10-03 14:06:31.425325
"PATQ","Atqasuk/Burnell Mem, AK, US",2025-10-03 17:56:00,"2025-10-03 09:56:00","MVFR",-4.4,-5,260,7,NA,7,1005.5,"METAR PATQ 031756Z AUTO 26007KT 7SM -SN OVC016 M04/M05 A2969 RMK AO2 SLP058 P0000 60000 T10441050 11044 21072 53016 FZRANO TSNO",2025-10-03 18:06:31.431556,2025-10-03 14:06:31.431599
"PAWG","Wrangell Arpt, AK, US",2025-10-03 17:56:00,"2025-10-03 09:56:00","VFR",8.9,7.8,NA,5,NA,NA,1015.3,"METAR PAWG 031756Z VRB05KT 10SM SCT012 OVC031 09/08 A2998 RMK AO2 RAE07 SLP154 6//// T00890078 10089 20083 53016 PNO $",2025-10-03 18:06:31.437942,2025-10-03 14:06:31.437986
"PAQH","Quinhagak Arpt, AK, US",2025-10-03 17:56:00,"2025-10-03 09:56:00","IFR",7.8,7.8,160,15,NA,7,1013,"METAR PAQH 031756Z AUTO 16015KT 7SM BKN008 OVC016 08/08 A2991 RMK AO2 CIG 005V011 SLP129 60001 T00780078 10083 20078 53005",2025-10-03 18:06:31.444298,2025-10-03 14:06:31.44434
"PAMH","Minchumina Arpt, AK, US",2025-10-03 17:56:00,"2025-10-03 09:56:00","VFR",3.3,0.6,210,7,NA,NA,1010.6,"METAR PAMH 031756Z AUTO 21007KT 10SM CLR 03/01 A2984 RMK AO2 SLP105 60006 T00330006 10050 20028 51049 TSNO",2025-10-03 18:06:31.462491,2025-10-03 14:06:31.462535
"PAUN","Unalakleet Arpt, AK, US",2025-10-03 17:56:00,"2025-10-03 09:56:00","VFR",3.9,1.7,220,19,NA,NA,1010.2,"METAR PAUN 031756Z AUTO 22019KT 10SM SCT012 04/02 A2983 RMK AO2 RAE1657 SLPNO 60000 T00390017 10050 20039 53017",2025-10-03 18:06:31.46912,2025-10-03 14:06:31.469164
"PANV","Anvik Arpt, AK, US",2025-10-03 17:56:00,"2025-10-03 09:56:00","VFR",1.7,0.6,200,6,NA,NA,1011.6,"METAR PANV 031756Z AUTO 20006KT 10SM FEW041 BKN070 OVC085 02/01 A2987 RMK AO2 SLP202 60000 T00170006 10028 20011 53024 FZRANO TSNO",2025-10-03 18:06:31.475857,2025-10-03 14:06:31.475902
"PANA","Napakiak Arpt, AK, US",2025-10-03 17:56:00,"2025-10-03 09:56:00","LIFR",7.2,6.7,160,7,NA,1.5,1011.6,"METAR PANA 031756Z AUTO 16007KT 1 1/2SM -RA BR OVC003 07/07 A2987 RMK AO2 RAB28 SLP114 P0000 60000 T00720067 10072 20050 51005 TSNO",2025-10-03 18:06:31.482214,2025-10-03 14:06:31.482255
"PAPO","Point Hope Arpt, AK, US",2025-10-03 17:56:00,"2025-10-03 09:56:00","MVFR",-0.6,-2.2,30,9,NA,8,1007.9,"METAR PAPO 031756Z AUTO 03009KT 8SM -SN SCT014 BKN021 OVC036 M01/M02 A2976 RMK AO2 SLP078 P0000 60000 T10061022 11006 21011 50018 FZRANO",2025-10-03 18:06:31.488393,2025-10-03 14:06:31.488434
"PALG","Kalskag Arpt, AK, US",2025-10-03 17:56:00,"2025-10-03 09:56:00","LIFR",4.4,4.4,80,3,NA,5,1013,"METAR PALG 031756Z AUTO 08003KT 5SM BR OVC003 04/04 A2991 RMK AO2 RAB13E30 SLP128 P0000 60000 T00440044 10056 20028 53010",2025-10-03 18:06:31.494647,2025-10-03 14:06:31.494689
"PFYU","Fort Yukon Arpt, AK, US",2025-10-03 17:56:00,"2025-10-03 09:56:00","MVFR",1.1,0.6,0,0,NA,NA,1002.1,"METAR PFYU 031756Z 00000KT 10SM -RA FEW012 BKN017 OVC023 01/01 A2959 RMK AO2 RAE13B54 SLP034 P0002 60002 T00110006 10011 20000 53015 $",2025-10-03 18:06:31.501,2025-10-03 14:06:31.501043
"PAKH","Akhiok Arpt, AK, US",2025-10-03 17:56:00,"2025-10-03 09:56:00","VFR",8.3,6.1,0,0,NA,NA,1019.4,"METAR PAKH 031756Z AUTO 00000KT 10SM CLR 08/06 A3010 RMK AO2 SLP193 6//// T00830061 10089 20056 53012 PNO $",2025-10-03 18:06:31.507308,2025-10-03 14:06:31.507352
"PANI","Aniak Arpt, AK, US",2025-10-03 17:56:00,"2025-10-03 09:56:00","MVFR",5,4.4,130,6,NA,6,1012.6,"METAR PANI 031756Z AUTO 13006KT 6SM -RA BR SCT005 OVC014 05/04 A2990 RMK AO2 RAB44 SLP126 P0000 60000 T00500044 10056 20039 52010 $",2025-10-03 18:06:31.513539,2025-10-03 14:06:31.51358
"PANW","New Stuyahok Arpt, AK, US",2025-10-03 17:56:00,"2025-10-03 09:56:00","IFR",7.2,6.7,200,9,NA,NA,1016,"METAR PANW 031756Z AUTO 20009KT 10SM BKN005 OVC017 07/07 A3000 RMK AO2 RAB14E27 SLP164 P0000 60000 T00720067 10072 20072 53014",2025-10-03 18:06:31.519897,2025-10-03 14:06:31.519942
"PASX","Soldotna Arpt, AK, US",2025-10-03 17:56:00,"2025-10-03 09:56:00","VFR",9.4,5.6,200,12,21,NA,1012.3,"METAR PASX 031756Z AUTO 20012G21KT 10SM CLR 09/06 A2989 RMK AO2 SLP127 T00940056 10094 20078 51019 TSNO",2025-10-03 18:06:31.526216,2025-10-03 14:06:31.526259
"PATG","Togiak Arpt, AK, US",2025-10-03 17:56:00,"2025-10-03 09:56:00","MVFR",8.3,7.8,180,9,NA,NA,1015,"METAR PATG 031756Z AUTO 18009KT 10SM FEW011 OVC022 08/08 A2997 RMK AO2 SLP148 60001 T00830078 10089 20078 51005",2025-10-03 18:06:31.532552,2025-10-03 14:06:31.532595
"PAWS","Wasilla Arpt, AK, US",2025-10-03 17:56:00,"2025-10-03 09:56:00","VFR",7.2,2.2,100,5,NA,NA,1013.3,"METAR PAWS 031756Z AUTO 10005KT 10SM BKN033 OVC040 07/02 A2992 RMK AO2 SLP136 T00720022 10078 20044 53025",2025-10-03 18:06:31.538881,2025-10-03 14:06:31.538925
"PATL","Tatalina Arpt, AK, US",2025-10-03 17:55:00,"2025-10-03 09:55:00","MVFR",1.8,1.2,NA,2,NA,NA,1013,"METAR PATL 031755Z AUTO VRB02KT 10SM BKN014 BKN095 02/01 A2991 RMK AO2 SLP141 T00180012 10040 20017 52034",2025-10-03 18:06:31.545215,2025-10-03 14:06:31.545257
"PASV","Sparrevohn Arpt, AK, US",2025-10-03 17:55:00,"2025-10-03 09:55:00","MVFR",4.4,3.2,0,0,NA,NA,1014.3,"METAR PASV 031755Z AUTO 00000KT 10SM OVC011 04/03 A2995 RMK AO2 SLP154 T00440032 10043 20034 52017",2025-10-03 18:06:31.551497,2025-10-03 14:06:31.551541
"PATC","Tin City Arpt, AK, US",2025-10-03 17:55:00,"2025-10-03 09:55:00","MVFR",-1,-4,330,5,NA,NA,1008.2,"METAR PATC 031755Z 33005KT 10SM FEW020 BKN025 M01/M04 A2977 RMK AO2A SLP085 WND DATA ESTMD MUSKOX SFC IVO STATION",2025-10-03 18:06:31.557811,2025-10-03 14:06:31.557855
"PHHI","Wheeler, HI, US",2025-10-03 17:55:00,"2025-10-03 07:55:00","VFR",22.6,20.1,0,0,NA,NA,1017.4,"METAR PHHI 031755Z AUTO 00000KT 10SM FEW075 23/20 A3004 RMK AO2 SLP163 T02260201 10234 20198 52016 $",2025-10-03 18:06:31.564143,2025-10-03 14:06:31.564186
"PASY","Shemya/Eareckson Arpt, AK, US",2025-10-03 17:55:00,"2025-10-03 08:55:00","MVFR",9.8,7.6,320,31,40,6,986.5,"METAR PASY 031755Z 32031G40KT 6SM BR SCT015 OVC023 10/08 A2913 RMK AO2A PK WND 32040/51 CIG 016V023 SLP868 60000 T00980076 10110 20098 52070 PNO FZRANO $",2025-10-03 18:06:31.570533,2025-10-03 14:06:31.570576
"PAKN","King Salmon Arpt, AK, US",2025-10-03 17:54:00,"2025-10-03 09:54:00","MVFR",7.2,6.1,170,10,NA,7,1016.3,"METAR PAKN 031754Z 17010KT 7SM OVC019 07/06 A3001 RMK AO2 SLP161 60002 T00720061 10078 20067 53008",2025-10-03 18:06:31.588006,2025-10-03 14:06:31.588072
"PAOM","Nome Arpt, AK, US",2025-10-03 17:53:00,"2025-10-03 09:53:00","VFR",-1.7,-4.4,0,0,NA,NA,1009.2,"METAR PAOM 031753Z 00000KT 10SM CLR M02/M04 A2980 RMK AO2 SLP092 T10171044 10000 21028 53020",2025-10-03 18:06:31.595381,2025-10-03 14:06:31.595423
"PHJR","Kalaeloa Arpt, HI, US",2025-10-03 17:53:00,"2025-10-03 07:53:00","VFR",26.7,20,40,5,NA,NA,1016.7,"METAR PHJR 031753Z 04005KT 10SM FEW035 27/20 A3002 RMK AO2 SLP173 T02670200 10267 20233 53018",2025-10-03 18:06:31.602102,2025-10-03 14:06:31.602147
"PAMR","Anchorage/Merrill Fld, AK, US",2025-10-03 17:53:00,"2025-10-03 09:53:00","VFR",9.4,3.9,180,9,17,NA,1012.3,"METAR PAMR 031753Z 18009G17KT 10SM FEW029 SCT110 09/04 A2989 RMK AO2 SLP123 T00940039 10094 20089 53025",2025-10-03 18:06:31.608773,2025-10-03 14:06:31.608818
"PASC","Deadhorse Arpt, AK, US",2025-10-03 17:53:00,"2025-10-03 09:53:00","MVFR",-2.8,-3.9,320,3,NA,NA,1003.8,"METAR PASC 031753Z 32003KT 10SM OVC018 M03/M04 A2964 RMK AO2 SLP037 60000 T10281039 11028 21033 53021 $",2025-10-03 18:06:31.615119,2025-10-03 14:06:31.615162
"PANC","Anchorage Intl, AK, US",2025-10-03 17:53:00,"2025-10-03 09:53:00","VFR",9.4,5,180,14,22,NA,1011.9,"METAR PANC 031753Z 18014G22KT 10SM SCT024 BKN070 BKN160 09/05 A2988 RMK AO2 PK WND 18028/1714 SLP119 T00940050 10094 20089 53024",2025-10-03 18:06:31.621403,2025-10-03 14:06:31.621446
"PAKV","Kaltag Arpt, AK, US",2025-10-03 17:53:00,"2025-10-03 09:53:00","MVFR",0.6,0,0,0,NA,NA,1010.2,"METAR PAKV 031753Z AUTO 00000KT 10SM BKN014 BKN033 01/00 A2983 RMK AO2 SLP105 T00060000 10028 20006 52036 TSNO $",2025-10-03 18:06:31.627764,2025-10-03 14:06:31.62781
"PANN","Nenana Muni, AK, US",2025-10-03 17:53:00,"2025-10-03 09:53:00","VFR",5.6,1.7,240,10,21,NA,1006.9,"METAR PANN 031753Z AUTO 24010G21KT 210V280 10SM OVC080 06/02 A2973 RMK AO2 PK WND 25026/1723 SLP074 60006 T00560017 10056 20033 52045 TSNO",2025-10-03 18:06:31.634077,2025-10-03 14:06:31.634121
"PASN","St Paul Island Arpt, AK, US",2025-10-03 17:53:00,"2025-10-03 09:53:00","VFR",8.3,6.7,170,18,26,7,1002.1,"METAR PASN 031753Z AUTO 17018G26KT 7SM -RA BKN060 OVC080 08/07 A2959 RMK AO2 PK WND 17030/1713 RAB41 SLP022 P0000 60000 T00830067 10083 20078 58025 TSNO $",2025-10-03 18:06:31.640425,2025-10-03 14:06:31.640466
"PAWD","Seward Arpt, AK, US",2025-10-03 17:53:00,"2025-10-03 09:53:00","VFR",4.4,3.3,350,10,NA,NA,1012.6,"METAR PAWD 031753Z AUTO 35010KT 10SM CLR 04/03 A2990 RMK AO2 SLP125 T00440033 10050 20028 53022 TSNO",2025-10-03 18:06:31.646756,2025-10-03 14:06:31.646801
"PASO","Seldovia Arpt, AK, US",2025-10-03 17:53:00,"2025-10-03 09:53:00","VFR",10.6,5.6,200,6,NA,NA,1015.3,"METAR PASO 031753Z AUTO 20006KT 10SM CLR 11/06 A2998 RMK AO2 PK WND 19029/1656 SLP151 T01060056 10106 20094 51016 TSNO",2025-10-03 18:06:31.653102,2025-10-03 14:06:31.653145
"PALH","Lake Hood, AK, US",2025-10-03 17:53:00,"2025-10-03 17:53:00","VFR",9.4,4.4,190,9,19,NA,1012.3,"METAR PALH 031753Z 19009G19KT 10SM SCT110 09/04 A2989 RMK AO2 SLP123 T00940044 10094 20089 53019",2025-10-03 18:06:31.659361,2025-10-03 14:06:31.659404
"PAPB","St George Arpt, AK, US",2025-10-03 17:53:00,"2025-10-03 09:53:00","VFR",8.3,5.6,170,15,NA,NA,1004.1,"METAR PAPB 031753Z AUTO 17015KT 10SM OVC090 08/06 A2965 RMK AO2 SLP027 6//// T00830056 10083 20078 56027 TSNO PNO $",2025-10-03 18:06:31.66562,2025-10-03 14:06:31.665663
"PAYA","Yakutat Arpt, AK, US",2025-10-03 17:53:00,"2025-10-03 09:53:00","MVFR",6.1,5.6,0,0,NA,NA,1013,"METAR PAYA 031753Z AUTO 00000KT 10SM OVC025 06/06 A2991 RMK AO2 SLP130 T00610056 10061 20017 53025 TSNO $",2025-10-03 18:06:31.672015,2025-10-03 14:06:31.672059
"PAJN","Juneau Intl, AK, US",2025-10-03 17:53:00,"2025-10-03 09:53:00","VFR",8.9,7.2,70,7,NA,NA,1014,"METAR PAJN 031753Z 07007KT 10SM FEW003 SCT025 BKN035 09/07 A2994 RMK AO2 RAB1658E49 SLP138 P0000 60016 T00890072 10089 20078 53022 $",2025-10-03 18:06:31.678338,2025-10-03 14:06:31.678383
"PAOR","Northway Arpt, AK, US",2025-10-03 17:53:00,"2025-10-03 09:53:00","VFR",0.6,-1.1,120,4,NA,NA,1007.5,"METAR PAOR 031753Z 12004KT 10SM BKN100 01/M01 A2975 RMK AO2 SLP100 I6000 T00061011 10006 21011 53013",2025-10-03 18:06:31.684644,2025-10-03 14:06:31.684687
"PHKO","Keahole Point/Kona Intl, HI, US",2025-10-03 17:53:00,"2025-10-03 07:53:00","VFR",27.2,22.2,350,3,NA,NA,1016,"METAR PHKO 031753Z 35003KT 10SM SCT040 27/22 A3000 RMK AO2 SLP157 T02720222 10272 20233 53017",2025-10-03 18:06:31.690962,2025-10-03 14:06:31.691006
"PATK","Talkeetna Arpt, AK, US",2025-10-03 17:53:00,"2025-10-03 09:53:00","VFR",7.2,4.4,190,12,NA,NA,1010.9,"METAR PATK 031753Z 19012KT 10SM SCT020 07/04 A2985 RMK AO2 SLP113 T00720044 10072 20028 51022 $",2025-10-03 18:06:31.697465,2025-10-03 14:06:31.697509
"PAKT","Ketchikan Intl, AK, US",2025-10-03 17:53:00,"2025-10-03 09:53:00","IFR",8.9,8.9,140,10,NA,2,1016,"METAR PAKT 031753Z 14010KT 2SM -RA BR BKN005 OVC013 09/09 A3000 RMK AO2 SLP160 HARBOR WIND 12010KT P0002 60008 T00890089 10100 20089 51013",2025-10-03 18:06:31.703833,2025-10-03 14:06:31.703876
"PAOT","Kotzebue/Wien Mem, AK, US",2025-10-03 17:53:00,"2025-10-03 09:53:00","VFR",0.6,-2.2,290,18,23,NA,1005.2,"METAR PAOT 031753Z 29018G23KT 10SM SCT014 BKN065 01/M02 A2968 RMK AO2 SLP050 60000 T00061022 10017 20006 53037",2025-10-03 18:06:31.722039,2025-10-03 14:06:31.722084
"PAQT","Nuiqsut Arpt, AK, US",2025-10-03 17:53:00,"2025-10-03 09:53:00","MVFR",-1.1,-4.4,310,6,NA,NA,1005.2,"METAR PAQT 031753Z AUTO 31006KT 10SM OVC014 M01/M04 A2968 RMK AO2 SLP052 T10111044 11011 21022 53024 TSNO $",2025-10-03 18:06:31.728787,2025-10-03 14:06:31.728834
"PHLI","Lihue Arpt, HI, US",2025-10-03 17:53:00,"2025-10-03 07:53:00","VFR",24.4,21.1,280,7,NA,NA,1016.7,"METAR PHLI 031753Z 28007KT 10SM CLR 24/21 A3002 RMK AO2 SLP163 T02440211 10244 20228 53017 $",2025-10-03 18:06:31.735453,2025-10-03 14:06:31.735496
"PATA","Tanana/Calhoun Mem, AK, US",2025-10-03 17:52:00,"2025-10-03 09:52:00","MVFR",NA,NA,270,6,NA,NA,1007.2,"METAR PATA 031752Z 27006KT 10SM OVC012 A2974 RMK AO2 SLPNO T/DP 38/36 F 60000 53054 $",2025-10-03 18:06:31.742092,2025-10-03 14:06:31.742134
"PHBK","Kekaha/Barking Sands Arpt, HI, US",2025-10-03 17:51:00,"2025-10-03 07:51:00","VFR",26.1,18.9,90,4,NA,NA,1016,"METAR PHBK 031751Z AUTO 09004KT 10SM CLR 26/19 A3000 RMK AO2 SLP160 T02610189 10261 20228 53017 $",2025-10-03 18:06:31.748332,2025-10-03 14:06:31.748374
"PALP","Deadhorse/Alpine Arstrp, AK, US",2025-10-03 17:49:00,"2025-10-03 17:49:00","MVFR",-3,-6,300,7,NA,NA,1004.5,"METAR PALP 031749Z 30007KT 10SM BKN015 OVC025 M03/M06 A2966",2025-10-03 18:06:31.75458,2025-10-03 14:06:31.754623
"PAKU","Kuparuk Arpt, AK, US",2025-10-03 17:45:00,"2025-10-03 09:45:00","MVFR",-3,-4,270,4,NA,NA,1004.1,"METAR PAKU 031745Z 27004KT 10SM R24/P6000FT -SHSN BKN020 BKN027 M03/M04 A2965",2025-10-03 18:06:31.760975,2025-10-03 14:06:31.761017
"PFCB","Chenega Bay Arpt, AK, US",2025-10-03 17:30:00,"2025-10-03 09:30:00","VFR",8.3,6.5,20,4,NA,NA,1012.6,"METAR PFCB 031730Z AUTO 02004KT 10SM CLR 08/07 A2990 RMK AO2 T00830065",2025-10-03 18:06:31.767272,2025-10-03 14:06:31.767316
"PAVA","Chevak Arpt, AK, US",2025-10-03 17:03:00,"2025-10-03 09:03:00","MVFR",4,3,100,12,NA,NA,1008.9,"SPECI PAVA 031703Z AUTO 10012KT 10SM BKN028 OVC032 04/03 A2979 RMK AO2",2025-10-03 18:06:31.773656,2025-10-03 14:06:31.773716
"PAMD","Middleton Isl Arpt, AK, US",2025-10-03 16:56:00,"2025-10-03 08:56:00","VFR",10.6,7.8,280,13,17,NA,1011.9,"METAR PAMD 031656Z AUTO 28013G17KT 10SM CLR 11/08 A2988 RMK AO2 SLP117 T01060078 $",2025-10-03 18:06:31.779997,2025-10-03 14:06:31.780039
"PAMB","Manokotak Arpt, AK, US",2025-10-03 16:56:00,"2025-10-03 08:56:00","MVFR",7.8,7.2,210,6,NA,NA,1015.3,"METAR PAMB 031656Z AUTO 21006KT 10SM OVC017 08/07 A2998 RMK AO2 SLP154 T00780072",2025-10-03 18:06:31.78627,2025-10-03 14:06:31.786314
"PASI","Sitka/Gutierrez Arpt, AK, US",2025-10-03 16:53:00,"2025-10-03 08:53:00","VFR",10,8.3,100,4,NA,NA,1014,"METAR PASI 031653Z 10004KT 10SM FEW018 SCT030 10/08 A2994 RMK AO2 SLP140 T01000083 $",2025-10-03 18:06:31.79262,2025-10-03 14:06:31.792664
"PAMC","McGrath Arpt, AK, US",2025-10-03 16:53:00,"2025-10-03 08:53:00",NA,NA,NA,NA,NA,NA,NA,1011.6,"METAR PAMC 031653Z AUTO A2987 RMK AO2 SLPNO PWINO FZRANO TSNO $",2025-10-03 18:06:31.798865,2025-10-03 14:06:31.798906
"PAIL","Iliamna Arpt, AK, US",2025-10-03 16:53:00,"2025-10-03 08:53:00","MVFR",8,7,220,13,NA,5,1016.3,"METAR PAIL 031653Z 22013KT 5SM -RA BR OVC011 08/07 A3001",2025-10-03 18:06:31.805105,2025-10-03 14:06:31.805146
"PHNG","Kaneohe Bay , HI, US",2025-10-03 17:57:00,"2025-10-03 07:57:00","MVFR",25,22.8,220,4,NA,7,1015.7,"METAR PHNG 031757Z 22004KT 7SM SCT018 BKN020 BKN028 25/23 A2999 RMK AO2 RAB18E31 SLP152 P0000 60000 T02500228 10250 20239 53018 ",2025-10-03 18:06:33.43825,2025-10-03 14:06:33.438291
"PHNY","Lanai Arpt, HI, US",2025-10-03 17:56:00,"2025-10-03 07:56:00","VFR",23.3,20,140,7,NA,NA,1018.4,"METAR PHNY 031756Z AUTO 14007KT 100V180 10SM FEW037 23/20 A3007 RMK AO2 SLP163 T02330200 10233 20206 53016 $",2025-10-03 18:06:33.444647,2025-10-03 14:06:33.444689
"PHSF","Bradshaw, HI, US",2025-10-03 17:55:00,"2025-10-03 07:55:00","VFR",20.1,1.5,120,12,17,NA,1027.2,"METAR PHSF 031755Z AUTO 12012G17KT 10SM CLR 20/02 A3033 RMK AO2 SLP149 T02010015 10201 20090 52010 $",2025-10-03 18:06:33.451008,2025-10-03 14:06:33.451053
"PHOG","Kahului Arpt, HI, US",2025-10-03 17:54:00,"2025-10-03 07:54:00","VFR",24.4,18.9,110,4,NA,NA,1016,"METAR PHOG 031754Z 11004KT 10SM FEW040 24/19 A3000 RMK AO2 SLP163 T02440189 10244 20228 53017 $",2025-10-03 18:06:33.468269,2025-10-03 14:06:33.468318
"PHMK","Molokai Arpt, HI, US",2025-10-03 17:54:00,"2025-10-03 07:54:00","VFR",25.6,21.1,30,8,NA,NA,1016.7,"METAR PHMK 031754Z 03008KT 10SM BKN043 26/21 A3002 RMK AO2 SLP166 T02560211 10256 20206 53013",2025-10-03 18:06:33.475499,2025-10-03 14:06:33.475541
"PHNL","Honolulu Intl, HI, US",2025-10-03 17:53:00,"2025-10-03 07:53:00","VFR",26.1,21.1,0,0,NA,NA,1016.7,"METAR PHNL 031753Z 00000KT 10SM CLR 26/21 A3002 RMK AO2 SLP164 T02610211 10261 20239 53017 $",2025-10-03 18:06:33.482228,2025-10-03 14:06:33.482273
"PHTO","Hilo Intl, HI, US",2025-10-03 17:53:00,"2025-10-03 07:53:00","VFR",24.4,17.2,220,5,NA,NA,1017,"METAR PHTO 031753Z 22005KT 10SM BKN048 OVC060 24/17 A3003 RMK AO2 SLP167 T02440172 10244 20211 53017",2025-10-03 18:06:33.488903,2025-10-03 14:06:33.488948
