"icao","site","observed_utc","observed_local","flight_category","temp_c","dewpoint_c","wind_dir_deg","wind_kts","gust_kts","vis_sm","altimeter_hpa","raw_text","fetched_at_utc","fetched_at_local"
"CBBC","Bella Bella Arpt, BC, CA",2025-11-07 21:00:00,"2025-11-07 13:00:00","VFR",9,6,NA,NA,NA,9,1017.7,"METAR CBBC 072100Z AUTO /////KT 9SM FEW026 SCT060 BKN075 09/06 A3005 RMK WIND MISG SLP178",2025-11-07 21:22:33.562577,2025-11-07 16:22:33.562645
"CYAT","Attawapisket Arpt, ON, CA",2025-11-07 21:00:00,"2025-11-07 16:00:00","VFR",-6,-14,340,6,NA,9,1004.1,"METAR CYAT 072100Z AUTO 34006KT 9SM CLR M06/M14 A2965 RMK SLP043",2025-11-07 21:22:47.016608,2025-11-07 16:22:47.016647
"CWJC","Ennadai Lake, NU, CA",2025-11-07 21:00:00,"2025-11-07 21:00:00",NA,-11.6,-13.9,NA,NA,NA,NA,NA,"METAR CWJC 072100Z AUTO M12/M14 RMK AO1 21 3013 SLP234 T11161139",2025-11-07 21:22:47.022932,2025-11-07 16:22:47.02297
"CYAH","La Grande IV Arpt, QC, CA",2025-11-07 21:00:00,"2025-11-07 16:00:00","VFR",-8,-11,150,4,NA,9,1004.5,"METAR CYAH 072100Z AUTO 15004KT 9SM CLR M08/M11 A2966 RMK SLP071",2025-11-07 21:22:47.029111,2025-11-07 16:22:47.029156
"CYAM","Sault Ste Marie Arpt, ON, CA",2025-11-07 21:00:00,"2025-11-07 16:00:00","MVFR",6,2,310,17,26,25,993.6,"METAR CYAM 072100Z 31017G26KT 25SM FEW018 BKN025 OVC052 06/02 A2934 RMK CF2CU5SC1 OCNL -SHRA SLP944",2025-11-07 21:22:47.03615,2025-11-07 16:22:47.036212
"CYAS","Kangirsuk Arpt, QC, CA",2025-11-07 21:00:00,"2025-11-07 16:00:00","LIFR",0,0,50,32,37,0.75,995.7,"METAR CYAS 072100Z 05032G37KT 3/4SM BLSN OVC006 00/M00 A2940 RMK BLSN3ST5 SLP965",2025-11-07 21:22:47.043159,2025-11-07 16:22:47.04322
"CYAY","St Anthony Arpt, NL, CA",2025-11-07 21:00:00,"2025-11-07 17:30:00","VFR",1,-5,270,25,36,9,989.9,"METAR CYAY 072100Z AUTO 27025G36KT 9SM FEW034 BKN045 BKN060 OVC083 01/M05 A2923 RMK SLP902",2025-11-07 21:22:47.050254,2025-11-07 16:22:47.050298
"CYAZ","Tofino Arpt, BC, CA",2025-11-07 21:00:00,"2025-11-07 13:00:00","VFR",10,7,230,7,NA,15,1021.4,"METAR CYAZ 072100Z 23007KT 15SM OVC073 10/07 A3016 RMK AC8 SLP216",2025-11-07 21:22:47.057144,2025-11-07 16:22:47.057206
"CYBB","Pelly Bay/Kugaaruk Arpt, NU, CA",2025-11-07 21:00:00,"2025-11-07 14:00:00","IFR",-4,-5,340,13,19,1.5,1020.4,"METAR CYBB 072100Z 34013G19KT 1 1/2SM BR OVC011 M04/M05 A3013 RMK FG3ST5 SLP207",2025-11-07 21:22:47.06403,2025-11-07 16:22:47.064076
"CYBC","Baie Comeau Arpt, QC, CA",2025-11-07 21:00:00,"2025-11-07 16:00:00","VFR",-1,-13,350,4,NA,9,1008.9,"METAR CYBC 072100Z AUTO 35004KT 290V030 9SM CLR M01/M13 A2979 RMK SLP091",2025-11-07 21:22:47.071059,2025-11-07 16:22:47.071109
"CYAW","Shearwater, NS, CA",2025-11-07 21:00:00,"2025-11-07 21:00:00","VFR",6,-3,260,9,NA,15,1013,"METAR CYAW 072100Z 26009KT 15SM FEW040 BKN250 06/M03 A2991 RMK CF1CI4 DENSITY ALT -817FT SLP129",2025-11-07 21:22:47.077938,2025-11-07 16:22:47.077981
"CYHU","Montreal/St Hubert, QC, CA",2025-11-07 21:21:00,"2025-11-07 16:21:00","MVFR",6,1,150,19,26,5,1002.1,"SPECI CYHU 072121Z AUTO 15019G26KT 130V290 5SM RA OVC036 06/01 A2959 RMK SLP022",2025-11-07 21:22:48.40343,2025-11-07 16:22:48.403466
"CYKF","Waterloo Intl, ON, CA",2025-11-07 21:20:00,"2025-11-07 16:20:00","IFR",9,8,240,13,18,2.5,996.7,"SPECI CYKF 072120Z AUTO 24013G18KT 2 1/2SM BR OVC008 09/08 A2943 RMK SLP973",2025-11-07 21:22:48.409433,2025-11-07 16:22:48.40947
"CYCA","Cartwright Arpt, NL, CA",2025-11-07 21:20:00,"2025-11-07 17:20:00","MVFR",1,-1,260,6,17,9,987.6,"SPECI CYCA 072120Z AUTO 26006G17KT 220V300 9SM -SN OVC028 01/M01 A2916 RMK SLP879",2025-11-07 21:22:48.415333,2025-11-07 16:22:48.41537
"CYBQ","Tadoule Lake Arpt, MB, CA",2025-11-07 21:19:00,"2025-11-07 15:19:00","MVFR",-8,-11,350,8,17,5,1016,"SPECI CYBQ 072119Z AUTO 35008G17KT 310V020 5SM -SN OVC026 M08/M11 A3000 RMK ICE SLP185",2025-11-07 21:22:48.421234,2025-11-07 16:22:48.421271
"CYCK","Chatham/Kent Arpt, ON, CA",2025-11-07 21:10:00,"2025-11-07 16:10:00","MVFR",12,10,260,12,NA,9,998.1,"SPECI CYCK 072110Z AUTO 26012KT 9SM FEW015 SCT022 OVC026 12/10 A2947 RMK SLP982 DENSITY ALT 1000FT",2025-11-07 21:22:48.427124,2025-11-07 16:22:48.427161
"CYCQ","Chetwynd Arpt, BC, CA",2025-11-07 21:00:00,"2025-11-07 14:00:00","MVFR",1,-1,0,0,NA,15,1007.2,"METAR CYCQ 072100Z 00000KT 15SM FEW007 FEW016 OVC020 01/M01 A2974 RMK ST1SC1SC8 ST TR SC TR L CLD ALQDS SLP103",2025-11-07 21:22:48.432993,2025-11-07 16:22:48.433029
"CYDC","Princeton Arpt, BC, CA",2025-11-07 21:00:00,"2025-11-07 21:00:00","VFR",8,-3,240,6,NA,20,1018.7,"METAR CYDC 072100Z 24006KT 20SM SCT053 BKN062 08/M03 A3008 RMK SC4SC3 SLP202",2025-11-07 21:22:48.438843,2025-11-07 16:22:48.43888
"CYKJ","Key Lake Arpt, SK, CA",2025-11-07 21:00:00,"2025-11-07 15:00:00","MVFR",-12,-13,NA,3,NA,7,1017,"METAR CYKJ 072100Z AUTO VRB03KT 7SM -SN OVC011 M12/M13 A3003 RMK SLP223",2025-11-07 21:22:48.444839,2025-11-07 16:22:48.44488
"CYLL","Lloydminster Arpt, AB, CA",2025-11-07 21:00:00,"2025-11-07 14:00:00","LIFR",-7,-7,90,10,NA,5,1009.6,"METAR CYLL 072100Z 09010KT 5SM BR OVC004 M07/M07 A2981 RMK SC8 SLP139",2025-11-07 21:22:48.450665,2025-11-07 16:22:48.4507
"CYLA","Apaluk Arpt, QC, CA",2025-11-07 21:00:00,"2025-11-07 16:00:00","IFR",1,1,50,20,NA,4,994.7,"METAR CYLA 072100Z 05020KT 4SM -RASN OVC006 01/01 A2937 RMK ST8 SLP951",2025-11-07 21:22:48.45651,2025-11-07 16:22:48.456544
"CYER","Ft Severn Arpt, ON, CA",2025-11-07 21:00:00,"2025-11-07 16:00:00","VFR",-7,-9,140,9,NA,9,1004.1,"METAR CYER 072100Z AUTO 14009KT 9SM FEW019 SCT055 SCT100 BKN240 M07/M09 A2965 RMK SLP043",2025-11-07 21:22:48.462361,2025-11-07 16:22:48.462398
"CYKP","Ogoki Post, ON, CA",2025-11-07 21:00:00,"2025-11-07 16:00:00","VFR",-8,-16,340,10,NA,9,1005.2,"METAR CYKP 072100Z AUTO 34010KT 9SM CLR M08/M16 A2968 RMK SLP070",2025-11-07 21:22:48.468229,2025-11-07 16:22:48.468266
"CYLH","Lansdowne House Arpt, ON, CA",2025-11-07 21:00:00,"2025-11-07 16:00:00","MVFR",-8,-11,290,6,NA,9,1005.8,"METAR CYLH 072100Z AUTO 29006KT 250V350 9SM -SN BKN021 BKN055 BKN130 M08/M11 A2970 RMK SLP081",2025-11-07 21:22:48.474067,2025-11-07 16:22:48.474104
"CYBG","Bagotville, QC, CA",2025-11-07 21:00:00,"2025-11-07 16:00:00","VFR",-1,-7,210,2,NA,NA,1007.2,"METAR CYBG 072100Z 21002KT 10SM -SN OVC045 M01/M07 A2974 RMK NS8 DENSITY ALT -1145FT PCPN VRY LGT SLP080",2025-11-07 21:22:48.479975,2025-11-07 16:22:48.480014
"CYDQ","Dawson Creek Arpt, BC, CA",2025-11-07 21:00:00,"2025-11-07 14:00:00","MVFR",1,-1,NA,2,NA,9,1007.5,"METAR CYDQ 072100Z AUTO VRB02KT 9SM OVC011 01/M01 A2975 RMK SLP106",2025-11-07 21:22:48.485864,2025-11-07 16:22:48.485903
"CYEG","Edmonton Intl Arpt, AB, CA",2025-11-07 21:00:00,"2025-11-07 14:00:00","IFR",-2,-3,110,6,NA,2.5,1008.9,"METAR CYEG 072100Z 11006KT 2 1/2SM -SN SCT006 OVC033 M02/M03 A2979 RMK ST4SC4 SLP124",2025-11-07 21:22:48.491748,2025-11-07 16:22:48.491785
"CYFB","Iqaluit Arpt, NU, CA",2025-11-07 21:00:00,"2025-11-07 16:00:00","VFR",-1,-6,40,8,NA,20,1004.5,"METAR CYFB 072100Z 04008KT 20SM FEW025 SCT140 M01/M06 A2966 RMK SC2AC1 SLP048",2025-11-07 21:22:48.506794,2025-11-07 16:22:48.506829
"CYFC","Fredericton Intl, NB, CA",2025-11-07 21:00:00,"2025-11-07 17:00:00","VFR",2,-8,240,4,NA,9,1011.9,"METAR CYFC 072100Z AUTO 24004KT 9SM SCT190 02/M08 A2988 RMK SLP120",2025-11-07 21:22:48.51249,2025-11-07 16:22:48.512526
"CYFT","Makkovik Arpt, NL, CA",2025-11-07 21:00:00,"2025-11-07 17:00:00","LIFR",1,0,240,13,NA,0.5,987.2,"METAR CYFT 072100Z 24013KT 1/2SM -DZ FG VV004 01/00 A2915 RMK FG8 LAST STFD OBS/NEXT 081000Z SLP876",2025-11-07 21:22:48.518265,2025-11-07 16:22:48.5183
"CYHZ","Halifax/Stanfield Intl, NS, CA",2025-11-07 21:00:00,"2025-11-07 17:00:00","VFR",4,-4,260,6,NA,15,1011.9,"METAR CYHZ 072100Z 26006KT 15SM FEW039 BKN200 04/M04 A2988 RMK CU1CI5 CU TR SLP126",2025-11-07 21:22:48.524019,2025-11-07 16:22:48.524055
"CYKL","Schefferville Arpt, QC, CA",2025-11-07 21:00:00,"2025-11-07 16:00:00","VFR",-7,-13,300,19,24,9,997.4,"METAR CYKL 072100Z AUTO 30019G24KT 9SM OVC100 M07/M13 A2945 RMK SLP010",2025-11-07 21:22:48.529882,2025-11-07 16:22:48.529919
"CYGW","Kuujjuarapik Arpt, QC, CA",2025-11-07 21:00:00,"2025-11-07 16:00:00","VFR",-6,-9,130,4,NA,9,1004.8,"METAR CYGW 072100Z AUTO 13004KT 9SM BKN076 OVC100 M06/M09 A2967 RMK SLP051",2025-11-07 21:22:48.535748,2025-11-07 16:22:48.535786
"CYGX","Gillam Arpt, MB, CA",2025-11-07 21:00:00,"2025-11-07 15:00:00","MVFR",-6,-10,330,16,23,15,1011.3,"METAR CYGX 072100Z 33016G23KT 15SM BKN022 BKN100 M06/M10 A2986 RMK SC7AC1 AC TR SLP126",2025-11-07 21:22:48.541585,2025-11-07 16:22:48.541625
"CYHD","Dryden Rgnl, ON, CA",2025-11-07 21:00:00,"2025-11-07 15:00:00","VFR",-6,-10,320,7,NA,9,1008.9,"METAR CYHD 072100Z AUTO 32007KT 280V350 9SM FEW240 M06/M10 A2979 RMK SLP114",2025-11-07 21:22:48.547421,2025-11-07 16:22:48.54746
"CYHE","Hope Rgnl Airpark, BC, CA",2025-11-07 21:00:00,"2025-11-07 13:00:00","VFR",11,3,290,9,18,9,1020.7,"METAR CYHE 072100Z AUTO 29009G18KT 260V340 9SM OVC055 11/03 A3014 RMK ICE MISG SLP209",2025-11-07 21:22:48.553302,2025-11-07 16:22:48.553339
"CYHK","Gjoa Haven Arpt, NU, CA",2025-11-07 21:00:00,"2025-11-07 14:00:00","IFR",-14,-16,340,9,NA,15,1024.5,"METAR CYHK 072100Z 34009KT 15SM BKN007 BKN080 M14/M16 A3025 RMK SC6AC1 AC TR SLP253",2025-11-07 21:22:48.559112,2025-11-07 16:22:48.559146
"CYHY","Hay River/Carter Arpt, NT, CA",2025-11-07 21:00:00,"2025-11-07 14:00:00","MVFR",-6,-11,130,9,NA,5,1015,"METAR CYHY 072100Z 13009KT 5SM -SN SCT035 BKN045 OVC055 M06/M11 A2997 RMK SC3SC3SC2 SLP166",2025-11-07 21:22:48.564908,2025-11-07 16:22:48.564944
"CYIK","Ivujivik Arpt, QC, CA",2025-11-07 21:00:00,"2025-11-07 16:00:00","MVFR",1,0,30,22,27,NA,1003.1,"METAR CYIK 072100Z 03022G27KT 10SM BKN010 OVC070 01/M00 A2962 RMK SC7AC1 SLP036",2025-11-07 21:22:48.570835,2025-11-07 16:22:48.570886
"CYIV","Island Lake Arpt, MB, CA",2025-11-07 21:00:00,"2025-11-07 15:00:00","MVFR",-7,-10,310,12,19,9,1010.9,"METAR CYIV 072100Z AUTO 31012G19KT 9SM -SN BKN019 OVC023 M07/M10 A2985 RMK SLP131",2025-11-07 21:22:48.576798,2025-11-07 16:22:48.576836
"CYJF","Fort Liard Arpt, NT, CA",2025-11-07 21:00:00,"2025-11-07 14:00:00","MVFR",-3,-6,220,4,NA,15,1010.2,"METAR CYJF 072100Z 22004KT 15SM OVC026 M03/M06 A2983 RMK SC8 SLP118",2025-11-07 21:22:48.582671,2025-11-07 16:22:48.582707
"CYKA","Kamloops Arpt, BC, CA",2025-11-07 21:00:00,"2025-11-07 13:00:00","VFR",14,-1,220,10,17,40,1014.3,"METAR CYKA 072100Z 22010G17KT 40SM FEW060 SCT120 SCT240 14/M01 A2995 RMK CU2AC1CI1 CI TR SLP152",2025-11-07 21:22:48.588516,2025-11-07 16:22:48.588552
"CYKD","Aklavik Arpt, NT, CA",2025-11-07 21:00:00,"2025-11-07 14:00:00","VFR",-5,-7,150,2,NA,15,1007.5,"METAR CYKD 072100Z 15002KT 15SM FEW030 OVC062 M05/M07 A2975 RMK SC1SC7 SLP078",2025-11-07 21:22:48.594355,2025-11-07 16:22:48.594392
"CYKO","Akulivik Arpt, QC, CA",2025-11-07 21:00:00,"2025-11-07 16:00:00","VFR",-3,-4,60,8,NA,7,1002.1,"METAR CYKO 072100Z 06008KT 7SM -SN BKN037 OVC050 M03/M04 A2959 RMK ST6ST2 SLP024",2025-11-07 21:22:48.600214,2025-11-07 16:22:48.600254
"CYKY","Kindersley Arpt, SK, CA",2025-11-07 21:00:00,"2025-11-07 15:00:00","LIFR",-2,-2,80,16,23,0.63,1005.2,"METAR CYKY 072100Z 08016G23KT 5/8SM -SN BKN007 OVC025 M02/M02 A2968 RMK SC5SC3 SLP085",2025-11-07 21:22:48.606154,2025-11-07 16:22:48.606207
"CYLD","Chapleau Arpt, ON, CA",2025-11-07 21:00:00,"2025-11-07 16:00:00","LIFR",-2,-3,350,15,22,0.5,993.3,"METAR CYLD 072100Z 35015G22KT 1/2SM SN OVC008 M02/M03 A2933 RMK SC8 /S06/ SLP958",2025-11-07 21:22:48.612019,2025-11-07 16:22:48.612056
"CYLJ","Meadow Lake Arpt, SK, CA",2025-11-07 21:00:00,"2025-11-07 15:00:00","MVFR",-7,-10,60,11,NA,15,1013,"METAR CYLJ 072100Z 06011KT 15SM OVC015 M07/M10 A2991 RMK SC8 SLP166",2025-11-07 21:22:48.626948,2025-11-07 16:22:48.626983
"CYLK","Lutselke Arpt, NT, CA",2025-11-07 21:00:00,"2025-11-07 14:00:00","VFR",-11,-14,110,6,NA,15,1022.4,"METAR CYLK 072100Z 11006KT 090V150 15SM SCT015 BKN240 M11/M14 A3019 RMK SC4CI3 SLP245",2025-11-07 21:22:48.632676,2025-11-07 16:22:48.632711
"CYLT","Alert Arpt, NU, CA",2025-11-07 21:00:00,"2025-11-07 16:00:00","MVFR",-13,-16,220,5,NA,15,1035.6,"METAR CYLT 072100Z 22005KT 15SM -SN OVC026 M13/M16 A3058 RMK SC8 DENSITY ALT -4169FT PCPN VRY LGT SLP362",2025-11-07 21:22:48.638403,2025-11-07 16:22:48.638438
"CYLU","Kangiksualujjuaq Arpt, QC, CA",2025-11-07 21:00:00,"2025-11-07 16:00:00","VFR",3,1,80,4,NA,15,992,"METAR CYLU 072100Z 08004KT 050V110 15SM SCT084 BKN110 BKN130 OVC200 03/01 A2929 RMK AC3AC2AS2CS1 SLP926",2025-11-07 21:22:48.644166,2025-11-07 16:22:48.644218
"CYLW","Kelowna Arpt, BC, CA",2025-11-07 21:00:00,"2025-11-07 13:00:00","VFR",12,-1,210,6,NA,9,1017.4,"METAR CYLW 072100Z AUTO 21006KT 9SM SCT071 BKN087 BKN130 OVC150 12/M01 A3004 RMK SLP184",2025-11-07 21:22:48.65006,2025-11-07 16:22:48.650095
"CYBD","Bella Coola Arpt, BC, CA",2025-11-07 21:00:00,"2025-11-07 13:00:00","VFR",9,4,260,11,18,15,1016.3,"METAR CYBD 072100Z 26011G18KT 230V290 15SM -RA FEW015 FEW027 SCT038 BKN066 BKN093 09/04 A3001 RMK SC1SC1SC2AC2AC1 VIS LWR W -RA INTMT SLP165",2025-11-07 21:22:48.655889,2025-11-07 16:22:48.655927
"CYBK","Baker Lake Arpt, NU, CA",2025-11-07 21:00:00,"2025-11-07 15:00:00","VFR",-9,-12,360,18,24,20,1021.8,"METAR CYBK 072100Z 36018G24KT 20SM FEW010 SCT014 BKN034 M09/M12 A3017 RMK SC1SC3SC3 SLP220",2025-11-07 21:22:48.661741,2025-11-07 16:22:48.661778
"CYBL","Campbell River Arpt, BC, CA",2025-11-07 21:00:00,"2025-11-07 13:00:00","VFR",11,6,NA,2,NA,20,1020.1,"METAR CYBL 072100Z VRB02KT 20SM FEW025 BKN070 11/06 A3012 RMK CU1AC6 SLP204",2025-11-07 21:22:48.667649,2025-11-07 16:22:48.667686
"CYBU","Nipawin, SK, CA",2025-11-07 21:00:00,"2025-11-07 21:00:00","VFR",-9,-13,20,6,NA,9,1015.7,"METAR CYBU 072100Z AUTO 02006KT 340V040 9SM CLR M09/M13 A2999 RMK SLP189",2025-11-07 21:22:48.6735,2025-11-07 16:22:48.673537
"CYBW","Calgary/Springbank Arpt, AB, CA",2025-11-07 21:00:00,"2025-11-07 21:00:00","VFR",3,-1,320,7,NA,9,1006.5,"METAR CYBW 072100Z AUTO 32007KT 9SM CLR 03/M01 A2972 RMK SLP109",2025-11-07 21:22:48.679317,2025-11-07 16:22:48.679354
"CYCB","Cambridge Bay Arpt, NU, CA",2025-11-07 21:00:00,"2025-11-07 14:00:00","MVFR",-14,-16,40,4,NA,12,1028.5,"METAR CYCB 072100Z 04004KT 12SM -SN OVC011 M14/M16 A3037 RMK SC8 CIG RAG SLP292",2025-11-07 21:22:48.685148,2025-11-07 16:22:48.685199
"CYCD","Nanaimo Arpt, BC, CA",2025-11-07 21:00:00,"2025-11-07 13:00:00","VFR",13,4,240,5,NA,25,1020.7,"METAR CYCD 072100Z 24005KT 170V260 25SM FEW040 SCT090 13/04 A3014 RMK SC2AC1 SLP210",2025-11-07 21:22:48.690957,2025-11-07 16:22:48.690994
"CYCG","Castlegar Rgnl, BC, CA",2025-11-07 21:00:00,"2025-11-07 13:00:00","VFR",10,3,150,6,NA,15,1017,"METAR CYCG 072100Z 15006KT 15SM OVC070 10/03 A3003 RMK AC8 SLP180",2025-11-07 21:22:48.696774,2025-11-07 16:22:48.696811
"CYCO","Coppermine/Kugluktuk Arpt, NU, CA",2025-11-07 21:00:00,"2025-11-07 14:00:00","VFR",-13,-18,110,9,NA,15,1024.1,"METAR CYCO 072100Z 11009KT 15SM FEW160 OVC260 M13/M18 A3024 RMK AS2CS6 HALO SLP245",2025-11-07 21:22:48.702609,2025-11-07 16:22:48.702646
"CYCP","Blue River Arpt, BC, CA",2025-11-07 21:00:00,"2025-11-07 21:00:00","VFR",6,5,200,4,NA,8,1014,"METAR CYCP 072100Z 20004KT 170V280 8SM -RA FEW002 SCT031 OVC044 06/05 A2994 RMK SF1SC3SC5 SF TR INTMT -RA SLP165",2025-11-07 21:22:48.708459,2025-11-07 16:22:48.708496
"CYCS","Chesterfield Inlet Arpt, NU, CA",2025-11-07 21:00:00,"2025-11-07 15:00:00","VFR",-6,-10,360,15,NA,15,1017.4,"METAR CYCS 072100Z 36015KT 15SM BKN062 OVC100 M06/M10 A3004 RMK SC5AC3 SLP177",2025-11-07 21:22:48.714287,2025-11-07 16:22:48.714323
"CYCX","Gagetown , NB, CA",2025-11-07 21:00:00,"2025-11-07 21:00:00","VFR",2,-7,250,4,NA,12,1011.9,"METAR CYCX 072100Z 25004KT 210V270 12SM FEW170 BKN200 02/M07 A2988 RMK AC2CI4 DENSITY ALT -1248FT SLP118",2025-11-07 21:22:48.720118,2025-11-07 16:22:48.720154
"CYDA","Dawson Arpt, YT, CA",2025-11-07 21:00:00,"2025-11-07 14:00:00","VFR",1,-3,0,0,NA,20,998.4,"METAR CYDA 072100Z 00000KT 20SM OVC042 01/M03 A2948 RMK SC8 SLP007",2025-11-07 21:22:48.725974,2025-11-07 16:22:48.726011
"CYDB","Burwash Arpt, YT, CA",2025-11-07 21:00:00,"2025-11-07 14:00:00","MVFR",-5,-8,310,4,NA,13,995.3,"METAR CYDB 072100Z 31004KT 13SM FEW002 BKN011 BKN075 BKN250 M05/M08 A2939 RMK CU1ST6AC1CI1 AC TR CI TR SLP004",2025-11-07 21:22:48.731791,2025-11-07 16:22:48.731828
"CYDF","Deer Lake Arpt, NL, CA",2025-11-07 21:00:00,"2025-11-07 17:30:00","VFR",3,-4,260,21,30,15,997.7,"METAR CYDF 072100Z 26021G30KT 240V300 15SM OVC037 03/M04 A2946 RMK SC8 SLP978",2025-11-07 21:22:48.746731,2025-11-07 16:22:48.746765
"CYDN","Dauphin Arpt, MB, CA",2025-11-07 21:00:00,"2025-11-07 15:00:00","MVFR",-7,-11,NA,2,NA,9,1015,"METAR CYDN 072100Z AUTO VRB02KT 9SM -SN OVC018 M07/M11 A2997 RMK SLP173",2025-11-07 21:22:48.752522,2025-11-07 16:22:48.752558
"CYDP","Nain Arpt, NL, CA",2025-11-07 21:00:00,"2025-11-07 17:00:00","IFR",4,4,300,9,NA,5,988.6,"METAR CYDP 072100Z 30009KT 5SM -RA BR OVC005 04/04 A2919 RMK ST8 SLP886",2025-11-07 21:22:48.758251,2025-11-07 16:22:48.758289
"CYEK","Arviat/Eskimo Pt Arpt, NU, CA",2025-11-07 21:00:00,"2025-11-07 15:00:00","VFR",-6,-7,350,11,NA,15,1015.7,"METAR CYEK 072100Z 35011KT 15SM SCT019 OVC047 M06/M07 A2999 RMK SC3SC5 SLP160",2025-11-07 21:22:48.764007,2025-11-07 16:22:48.764043
"CYEN","Estevan Arpt, SK, CA",2025-11-07 21:00:00,"2025-11-07 15:00:00","IFR",-3,-4,130,9,NA,9,1011.3,"METAR CYEN 072100Z AUTO 13009KT 9SM OVC006 M03/M04 A2986 RMK SLP142",2025-11-07 21:22:48.769882,2025-11-07 16:22:48.769917
"CYET","Edson Arpt, AB, CA",2025-11-07 21:00:00,"2025-11-07 14:00:00","IFR",0,-1,0,0,NA,8,1007.9,"METAR CYET 072100Z AUTO 00000KT 8SM OVC007 00/M01 A2976 RMK SLP117",2025-11-07 21:22:48.775846,2025-11-07 16:22:48.775882
"CYEV","Inuvik/Zubko Arpt, NT, CA",2025-11-07 21:00:00,"2025-11-07 14:00:00","VFR",-5,-7,100,4,NA,15,1007.5,"METAR CYEV 072100Z 10004KT 15SM OVC070 M05/M07 A2975 RMK AC8 SLP082",2025-11-07 21:22:48.781705,2025-11-07 16:22:48.781743
"CYFO","Flin Flon Arpto, MB, CA",2025-11-07 21:00:00,"2025-11-07 15:00:00","MVFR",-8,-11,340,8,NA,15,1016,"METAR CYFO 072100Z 34008KT 15SM -SN BKN016 M08/M11 A3000 RMK SC7 SLP188",2025-11-07 21:22:48.787546,2025-11-07 16:22:48.787583
"CYFR","Fort Resolution Arpt, NT, CA",2025-11-07 21:00:00,"2025-11-07 14:00:00","VFR",-7,-11,120,13,NA,15,1017.4,"METAR CYFR 072100Z 12013KT 15SM FEW015 BKN092 BKN140 M07/M11 A3004 RMK SC1AC6AS1 SC TR SLP192",2025-11-07 21:22:48.793419,2025-11-07 16:22:48.793456
"CYFS","Fort Simpson Arpt, NT, CA",2025-11-07 21:00:00,"2025-11-07 14:00:00","MVFR",-5,-8,120,7,NA,15,1011.6,"METAR CYFS 072100Z 12007KT 090V160 15SM -SN OVC014 M05/M08 A2987 RMK SC8 SLP133",2025-11-07 21:22:48.799253,2025-11-07 16:22:48.799293
"CYGH","Fort Good Hope Arpt, NT, CA",2025-11-07 21:00:00,"2025-11-07 14:00:00","VFR",-5,-7,60,4,NA,25,1006.9,"METAR CYGH 072100Z 06004KT 25SM BKN100 M05/M07 A2973 RMK AC7 SLP079",2025-11-07 21:22:48.8051,2025-11-07 16:22:48.805139
"CYGK","Kingston Arpt, ON, CA",2025-11-07 21:00:00,"2025-11-07 16:00:00","MVFR",9,7,210,13,22,3,997.7,"METAR CYGK 072100Z 21013G22KT 3SM -SHRA BR OVC022 09/07 A2946 RMK SC8 SLP979",2025-11-07 21:22:48.810881,2025-11-07 16:22:48.810918
"CYGP","Gaspé Arpt, QC, CA",2025-11-07 21:00:00,"2025-11-07 16:00:00","VFR",-1,-13,270,8,15,15,1007.5,"METAR CYGP 072100Z 27008G15KT 15SM BKN160 BKN230 M01/M13 A2975 RMK AC5CI1 SLP078",2025-11-07 21:22:48.816872,2025-11-07 16:22:48.816906
"CYGR","Îles de la Madeleine Arpt, QC, CA",2025-11-07 21:00:00,"2025-11-07 17:00:00","VFR",3,-5,290,23,31,15,1008.2,"METAR CYGR 072100Z 29023G31KT 15SM BKN039 03/M05 A2977 RMK SC6 SLP085",2025-11-07 21:22:48.82267,2025-11-07 16:22:48.822706
"CYGT","Igloolik Arpt, NU, CA",2025-11-07 21:00:00,"2025-11-07 16:00:00","IFR",-5,-6,350,3,NA,2,1017.4,"METAR CYGT 072100Z 35003KT 2SM BR BKN005 M05/M06 A3004 RMK ST7 SLP180",2025-11-07 21:22:48.828511,2025-11-07 16:22:48.828548
"CYGV","Havre St Pierre Arpt, QC, CA",2025-11-07 21:00:00,"2025-11-07 16:00:00","VFR",0,-12,270,16,22,9,1003.5,"METAR CYGV 072100Z AUTO 27016G22KT 9SM CLR M00/M12 A2963 RMK SLP039",2025-11-07 21:22:48.834361,2025-11-07 16:22:48.834396
"CYHM","Hamilton/Munro Intl, ON, CA",2025-11-07 21:00:00,"2025-11-07 16:00:00","LIFR",10,10,230,10,NA,1.25,996.7,"METAR CYHM 072100Z 23010KT 1 1/4SM -DZ BR OVC003 10/10 A2943 RMK FG1ST7 SLP972 DENSITY ALT 1000FT",2025-11-07 21:22:48.840168,2025-11-07 16:22:48.840219
"CYCY","Cylde River Arpt, NU, CA",2025-11-07 21:00:00,"2025-11-07 16:00:00","MVFR",-3,-5,330,21,28,NA,1017.4,"METAR CYCY 072100Z 33021G28KT 10SM DRSN OVC013 M03/M05 A3004 RMK ST8 SLP178",2025-11-07 21:22:48.846076,2025-11-07 16:22:48.846116
"CYBR","Brandon Arpt, MB, CA",2025-11-07 21:00:00,"2025-11-07 15:00:00","MVFR",-7,-11,50,4,NA,15,1014,"METAR CYBR 072100Z 05004KT 360V080 15SM BKN019 BKN240 M07/M11 A2994 RMK SC5CI2 SLP169",2025-11-07 21:22:48.851986,2025-11-07 16:22:48.852027
"CYGL","La Grande Riviere Arpt, QC, CA",2025-11-07 21:00:00,"2025-11-07 16:00:00","VFR",-6,-8,110,12,NA,15,1002.1,"METAR CYGL 072100Z 11012KT 15SM -SN SCT020 OVC100 M06/M08 A2959 RMK SN4CF1AC4 CF TR PCPN VRY LGT SLP040",2025-11-07 21:22:48.868854,2025-11-07 16:22:48.868888
"CYDL","Dease Lake Arpt, BC, CA",2025-11-07 21:00:00,"2025-11-07 13:00:00","VFR",-3,-7,70,4,NA,9,1004.8,"METAR CYDL 072100Z AUTO 07004KT 010V090 9SM FEW050 M03/M07 A2967 RMK SLP086",2025-11-07 21:22:48.874546,2025-11-07 16:22:48.87458
"CYGE","Golden Arpt, BC, CA",2025-11-07 21:00:00,"2025-11-07 21:00:00","VFR",6,5,NA,2,NA,20,1012.6,"METAR CYGE 072100Z VRB02KT 20SM FEW055 SCT085 BKN110 06/05 A2990 RMK CU1AC2AC2 SLP147",2025-11-07 21:22:48.880303,2025-11-07 16:22:48.880345
"CYIO","Pond Inlet Arpt, NU, CA",2025-11-07 21:00:00,"2025-11-07 16:00:00","VFR",-7,-10,230,4,NA,9,1020.7,"METAR CYIO 072100Z AUTO 23004KT 9SM CLR M07/M10 A3014 RMK ICE SLP216",2025-11-07 21:22:48.886026,2025-11-07 16:22:48.886061
"CYBX","Blanc Sablon Arpt, QC, CA",2025-11-07 21:00:00,"2025-11-07 17:00:00","VFR",1,-6,280,21,31,15,992.3,"METAR CYBX 072100Z 28021G31KT 15SM OVC036 01/M06 A2930 RMK SC8 SLP927",2025-11-07 21:22:48.891831,2025-11-07 16:22:48.891869
"CYLC","Kimmirut Arpt, NU, CA",2025-11-07 20:00:00,"2025-11-07 15:00:00","VFR",0,-5,10,10,15,15,1002.1,"METAR CYLC 072000Z 01010G15KT 15SM FEW060 SCT078 BKN100 BKN240 00/M05 A2959 RMK SC2AS2AC1CC1 LASTSTFD OBS/NXT 101200Z SLP028",2025-11-07 21:22:48.897675,2025-11-07 16:22:48.897711
"CYKG","Kangiqsujuaq Arpt, QC, CA",2025-11-07 20:00:00,"2025-11-07 15:00:00","VFR",-1,-1,10,14,NA,15,1001.4,"METAR CYKG 072000Z 01014KT 15SM VCSH FEW004 BKN062 BKN100 M01/M01 A2957 RMK ST2SC4AC2 LAST OBS/NXT OBS 081300 UTC SLP026",2025-11-07 21:22:48.903544,2025-11-07 16:22:48.903581
"CYHA","Quaqtaq Arpt, QC, CA",2025-11-07 20:00:00,"2025-11-07 15:00:00","VFR",1,-2,60,19,25,15,1000.4,"METAR CYHA 072000Z 06019G25KT 15SM SCT022 OVC071 01/M02 A2954 RMK SC3AS5 LAST OBS/NEXT 081300 UTC SLP006",2025-11-07 21:22:48.909391,2025-11-07 16:22:48.909427
"CYTL","Big Trout Lake Arpt, ON, CA",2025-11-07 21:22:00,"2025-11-07 15:22:00","MVFR",-6,-8,300,13,18,5,1005.8,"SPECI CYTL 072122Z AUTO 30013G18KT 5SM -SN OVC019 M06/M08 A2970 RMK SLP078",2025-11-07 21:22:51.05279,2025-11-07 16:22:51.052827
"CYQF","Red Deer Rgnl, AB, CA",2025-11-07 21:20:00,"2025-11-07 14:20:00","IFR",-1,-2,20,4,NA,7,1008.2,"SPECI CYQF 072120Z AUTO 02004KT 7SM -SN BKN006 M01/M02 A2977 RMK SLP125",2025-11-07 21:22:51.058971,2025-11-07 16:22:51.059008
"CYVO","Val D'Or Arpt, QC, CA",2025-11-07 21:20:00,"2025-11-07 16:20:00","IFR",0,-1,150,13,23,1.5,992.3,"SPECI CYVO 072120Z 15013G23KT 1 1/2SM -SN VV007 M00/M01 A2930 RMK SN8 SLP941",2025-11-07 21:22:51.064879,2025-11-07 16:22:51.064918
"CYNM","Matagami Arpt, QC, CA",2025-11-07 21:20:00,"2025-11-07 16:20:00","IFR",-2,-3,110,10,17,2.5,994.3,"SPECI CYNM 072120Z AUTO 11010G17KT 2 1/2SM -SN BKN008 BKN019 OVC025 M02/M03 A2936 RMK SLP963",2025-11-07 21:22:51.070835,2025-11-07 16:22:51.070871
"CYPX","Puvungnituq Arpt, QC, CA",2025-11-07 21:19:00,"2025-11-07 16:19:00","MVFR",-2,-3,270,6,NA,5,1001.8,"SPECI CYPX 072119Z AUTO 27006KT 5SM -SN FEW016 OVC044 M02/M03 A2958 RMK SLP019",2025-11-07 21:22:51.076762,2025-11-07 16:22:51.076803
"CYQA","Muskoka Arpt, ON, CA",2025-11-07 21:19:00,"2025-11-07 16:19:00","LIFR",5,5,180,5,NA,1.5,993.6,"SPECI CYQA 072119Z AUTO 18005KT 1 1/2SM -RA BR OVC004 05/05 A2934 RMK SLP944",2025-11-07 21:22:51.082684,2025-11-07 16:22:51.082722
"CYMX","Montreal/Mirabel Arpt, QC, CA",2025-11-07 21:18:00,"2025-11-07 16:18:00","MVFR",4,1,120,5,NA,4,1001.1,"SPECI CYMX 072118Z 12005KT 030V170 4SM RA BR OVC026 04/01 A2956 RMK SC8 PRESFR SLP017",2025-11-07 21:22:51.08857,2025-11-07 16:22:51.088609
"CYVL","Colville Lake, NT, CA",2025-11-07 21:18:00,"2025-11-07 14:18:00","MVFR",-5,-9,140,10,17,3,1007.2,"SPECI CYVL 072118Z AUTO 14010G17KT 3SM -SN BKN023 OVC037 M05/M09 A2974 RMK SLP097",2025-11-07 21:22:51.104135,2025-11-07 16:22:51.10417
"CYMT","Chibougamau Arpt, QC, CA",2025-11-07 21:17:00,"2025-11-07 16:17:00","IFR",-4,-5,100,11,17,2.25,1000.1,"SPECI CYMT 072117Z AUTO 10011G17KT 2 1/4SM -SN OVC022 M04/M05 A2953 RMK SLP026",2025-11-07 21:22:51.109867,2025-11-07 16:22:51.109903
"CYND","Gatineau/Ottawa Exec, QC, CA",2025-11-07 21:17:00,"2025-11-07 16:17:00","IFR",2,1,80,10,NA,2.5,998.1,"SPECI CYND 072117Z 08010KT 2 1/2SM RA BR OVC017 02/01 A2947 RMK NS8 PRESFR SLP986",2025-11-07 21:22:51.115615,2025-11-07 16:22:51.115652
"CYRV","Revelstoke Arpt, BC, CA",2025-11-07 21:15:00,"2025-11-07 13:15:00","VFR",8,4,30,7,NA,9,1016.3,"SPECI CYRV 072115Z AUTO 03007KT 9SM -RA BKN033 BKN048 OVC060 08/04 A3001 RMK SLP177",2025-11-07 21:22:51.12144,2025-11-07 16:22:51.121478
"CYSF","Stony Rapids Arpt, SK, CA",2025-11-07 21:15:00,"2025-11-07 15:15:00","MVFR",-9,-13,60,6,NA,9,1021.4,"SPECI CYSF 072115Z AUTO 06006KT 030V100 9SM -SN BKN019 M09/M13 A3016 RMK SLP239",2025-11-07 21:22:51.127373,2025-11-07 16:22:51.127409
"CYPR","Prince Rupert Arpt, BC, CA",2025-11-07 21:15:00,"2025-11-07 13:15:00","MVFR",8,6,220,6,NA,9,1012.6,"SPECI CYPR 072115Z AUTO 22006KT 200V280 9SM -RA SCT021 BKN028 OVC035 08/06 A2990 RMK SLP129",2025-11-07 21:22:51.133233,2025-11-07 16:22:51.133273
"CYPQ","Peterborough Muni, ON, CA",2025-11-07 21:14:00,"2025-11-07 16:14:00","IFR",7,6,180,6,NA,9,995.3,"SPECI CYPQ 072114Z AUTO 18006KT 9SM BKN008 OVC012 07/06 A2939 RMK SLP960",2025-11-07 21:22:51.139118,2025-11-07 16:22:51.139157
"CYRJ","Roberval Arpt, QC, CA",2025-11-07 21:14:00,"2025-11-07 16:14:00","IFR",-3,-5,120,9,NA,1,1004.8,"SPECI CYRJ 072114Z 12009KT 1SM -SHSN VV011 M03/M05 A2967 RMK SN8 PRESFR SLP059",2025-11-07 21:22:51.144983,2025-11-07 16:22:51.145022
"CYVP","Kuujjuaq Arpt, QC, CA",2025-11-07 21:11:00,"2025-11-07 16:11:00","IFR",-2,-3,260,9,16,1.5,994.3,"SPECI CYVP 072111Z 26009G16KT 1 1/2SM -SN OVC023 M02/M03 A2936 RMK SN6SC2 SLP949",2025-11-07 21:22:51.150925,2025-11-07 16:22:51.150961
"CYUL","Montreal/Trudeau Intl, QC, CA",2025-11-07 21:11:00,"2025-11-07 16:11:00","MVFR",6,2,180,15,20,3,1001.8,"SPECI CYUL 072111Z 18015G20KT 3SM RA BR OVC025 06/02 A2958 RMK SC8 SLP020",2025-11-07 21:22:51.156796,2025-11-07 16:22:51.15683
"CYPE","Peace River Arpt, AB, CA",2025-11-07 21:09:00,"2025-11-07 14:09:00","IFR",0,0,NA,NA,NA,9,1008.2,"SPECI CYPE 072109Z AUTO /////KT 9SM BKN006 OVC012 M00/M00 A2977 RMK WIND MISG SLP111",2025-11-07 21:22:51.162669,2025-11-07 16:22:51.162707
"CYUX","Hall Beach Arpt, NU, CA",2025-11-07 21:08:00,"2025-11-07 16:08:00","LIFR",-9,-10,330,9,NA,0.5,1017.7,"SPECI CYUX 072108Z 33009KT 1/2SM FZFG VV004 M09/M10 A3005 RMK FG8 INTMT -SN SLP180",2025-11-07 21:22:51.168537,2025-11-07 16:22:51.168579
"CYOO","Oshawa Arpt, ON, CA",2025-11-07 21:07:00,"2025-11-07 16:07:00","IFR",7,7,200,3,NA,2.5,996,"SPECI CYOO 072107Z AUTO 20003KT 110V230 2 1/2SM BR OVC011 07/07 A2941 RMK SLP964",2025-11-07 21:22:51.174383,2025-11-07 16:22:51.174421
"CYMO","Moosonee Arpt, ON, CA",2025-11-07 21:03:00,"2025-11-07 16:03:00","IFR",-1,-2,10,5,NA,1.75,999.1,"SPECI CYMO 072103Z AUTO 01005KT 1 3/4SM -SN BKN008 OVC019 M01/M02 A2950 RMK SLP992",2025-11-07 21:22:51.180244,2025-11-07 16:22:51.180283
"CYWE","Wekweètì Arpt, NT, CA",2025-11-07 21:01:00,"2025-11-07 14:01:00","MVFR",-12,-14,110,12,18,9,1019,"SPECI CYWE 072101Z AUTO 11012G18KT 9SM -SN BKN013 BKN180 M12/M14 A3009 RMK SLP230",2025-11-07 21:22:51.186097,2025-11-07 16:22:51.186134
"CYRB","Resolute Bay Arpt, NU, CA",2025-11-07 21:00:00,"2025-11-07 15:00:00","VFR",-12,-15,40,18,NA,20,1025.5,"METAR CYRB 072100Z 04018KT 20SM -SN OVC056 M12/M15 A3028 RMK SC8 SLP267",2025-11-07 21:22:51.191933,2025-11-07 16:22:51.19197
"CYSJ","Saint John Arpt, NB, CA",2025-11-07 21:00:00,"2025-11-07 17:00:00","VFR",4,-7,230,4,NA,15,1011.9,"METAR CYSJ 072100Z 23004KT 210V270 15SM BKN120 OVC270 04/M07 A2988 RMK AC7CI1 SLP124",2025-11-07 21:22:51.197769,2025-11-07 16:22:51.197806
"CYTE","Cape Dorset Arpt, NU, CA",2025-11-07 21:00:00,"2025-11-07 16:00:00","VFR",-2,-2,20,12,19,15,1007.5,"METAR CYTE 072100Z 02012G19KT 15SM SCT049 BKN260 M02/M02 A2975 RMK SC4CI2 SLP081",2025-11-07 21:22:51.203714,2025-11-07 16:22:51.203749
"CYTR","Trenton, ON, CA",2025-11-07 21:00:00,"2025-11-07 16:00:00","MVFR",8,7,200,7,NA,8,996.4,"METAR CYTR 072100Z 20007KT 160V220 8SM -SHRA OVC018 08/07 A2942 RMK NS8 DENSITY ALT 256FT SLP964",2025-11-07 21:22:51.209579,2025-11-07 16:22:51.209617
"CYUY","Rouyn/Noranda Arpt, QC, CA",2025-11-07 21:00:00,"2025-11-07 16:00:00","IFR",0,0,150,9,NA,1.75,990.9,"METAR CYUY 072100Z 15009KT 1 3/4SM -SN BKN007 OVC014 00/00 A2926 RMK SC6SC2 SLP927",2025-11-07 21:22:51.224696,2025-11-07 16:22:51.224731
"CYVR","Vancouver Intl, BC, CA",2025-11-07 21:00:00,"2025-11-07 13:00:00","VFR",12,7,180,12,NA,20,1021.4,"METAR CYVR 072100Z 18012KT 20SM FEW050 FEW060 FEW074 12/07 A3016 RMK CU1SC1AC1 CU TR AC TR SLP216",2025-11-07 21:22:51.230418,2025-11-07 16:22:51.230453
"CYWG","Winnipeg Intl Arpt, MB, CA",2025-11-07 21:00:00,"2025-11-07 15:00:00","VFR",-4,-9,350,11,NA,15,1014,"METAR CYWG 072100Z 35011KT 15SM FEW018 FEW250 M04/M09 A2994 RMK SC1CI1 SLP155",2025-11-07 21:22:51.236102,2025-11-07 16:22:51.23614
"CYWK","Wabush Lake Arpt, NL, CA",2025-11-07 21:00:00,"2025-11-07 17:00:00","VFR",-7,-14,290,10,18,15,1000.8,"METAR CYWK 072100Z 29010G18KT 15SM SCT037 M07/M14 A2955 RMK SC4 SLP044",2025-11-07 21:22:51.241852,2025-11-07 16:22:51.241889
"CYPY","Fort Chipewyan Arpt, AB, CA",2025-11-07 21:00:00,"2025-11-07 14:00:00","MVFR",-7,-13,110,10,NA,9,1017.4,"METAR CYPY 072100Z AUTO 11010KT 9SM BKN018 OVC130 M07/M13 A3004 RMK SLP194",2025-11-07 21:22:51.247772,2025-11-07 16:22:51.247807
"CYQD","The Pas Arpt, MB, CA",2025-11-07 21:00:00,"2025-11-07 15:00:00","MVFR",-8,-12,310,7,18,9,1016,"METAR CYQD 072100Z AUTO 31007G18KT 260V320 9SM -SN OVC016 M08/M12 A3000 RMK SLP182",2025-11-07 21:22:51.253633,2025-11-07 16:22:51.25367
"CYQH","Watson Lake Arpt, YT, CA",2025-11-07 21:00:00,"2025-11-07 14:00:00","MVFR",-4,-7,190,5,NA,NA,1006.9,"METAR CYQH 072100Z 19005KT 140V220 10SM FEW008 OVC015 M04/M07 A2973 RMK SC1SC7 SLP109",2025-11-07 21:22:51.259713,2025-11-07 16:22:51.259754
"CYQI","Yarmouth Arpt, NS, CA",2025-11-07 21:00:00,"2025-11-07 17:00:00","VFR",5,-4,280,9,15,15,1014.3,"METAR CYQI 072100Z 28009G15KT 15SM FEW030 BKN250 05/M04 A2995 RMK SC1CS6 SC TR SLP144",2025-11-07 21:22:51.265609,2025-11-07 16:22:51.265645
"CYQK","Kenora Arpt, ON, CA",2025-11-07 21:00:00,"2025-11-07 15:00:00","VFR",-5,-11,330,8,NA,20,1010.2,"METAR CYQK 072100Z 33008KT 320V020 20SM FEW020 FEW240 M05/M11 A2983 RMK SC1CI1 SLP125",2025-11-07 21:22:51.271508,2025-11-07 16:22:51.271546
"CYQL","Lethbridge Cnty Arpt, AB, CA",2025-11-07 21:00:00,"2025-11-07 14:00:00","VFR",4,-1,320,12,NA,30,1006.5,"METAR CYQL 072100Z 32012KT 30SM BKN050 BKN130 04/M01 A2972 RMK SC7AC1 AC TR SLP095",2025-11-07 21:22:51.27743,2025-11-07 16:22:51.277465
"CYQR","Regina Intl Arpt, SK, CA",2025-11-07 21:00:00,"2025-11-07 15:00:00","IFR",-2,-3,120,14,NA,4,1009.6,"METAR CYQR 072100Z 12014KT 4SM BR OVC006 M02/M03 A2981 RMK ST8 SLP126",2025-11-07 21:22:51.283303,2025-11-07 16:22:51.283342
"CYQT","Thunder Bay Intl, ON, CA",2025-11-07 21:00:00,"2025-11-07 16:00:00","MVFR",-2,-7,320,11,19,20,1005.8,"METAR CYQT 072100Z CCA 32011G19KT 300V030 20SM BKN022 M02/M07 A2970 WS RWY07 RMK SC7 SLP071",2025-11-07 21:22:51.28913,2025-11-07 16:22:51.289166
"CYQU","Grande Prairie Arpt, AB, CA",2025-11-07 21:00:00,"2025-11-07 14:00:00","IFR",0,-1,290,4,NA,6,1008.2,"METAR CYQU 072100Z 29004KT 6SM BR OVC005 00/M01 A2977 RMK ST8 SLP114",2025-11-07 21:22:51.294996,2025-11-07 16:22:51.295034
"CYQW","North Battleford Arpt, SK, CA",2025-11-07 21:00:00,"2025-11-07 15:00:00","IFR",-8,-9,90,13,19,9,1011.6,"METAR CYQW 072100Z AUTO 09013G19KT 9SM OVC008 M08/M09 A2987 RMK SLP152",2025-11-07 21:22:51.300812,2025-11-07 16:22:51.30085
"CYQZ","Quesnel Arpt, BC, CA",2025-11-07 21:00:00,"2025-11-07 13:00:00","VFR",9,1,150,8,NA,9,1010.9,"METAR CYQZ 072100Z AUTO 15008KT 9SM FEW100 09/01 A2985 RMK SLP127",2025-11-07 21:22:51.306718,2025-11-07 16:22:51.306758
"CYRT","Rankin Inlet Arpt, NU, CA",2025-11-07 21:00:00,"2025-11-07 15:00:00","VFR",-7,-11,20,10,NA,15,1017,"METAR CYRT 072100Z 02010KT 15SM FEW070 SCT100 BKN250 M07/M11 A3003 RMK AC1AC3CI2 SLP176",2025-11-07 21:22:51.312616,2025-11-07 16:22:51.312654
"CYSB","Sudbury Arpt, ON, CA",2025-11-07 21:00:00,"2025-11-07 16:00:00","LIFR",6,6,230,5,NA,1.25,989.9,"METAR CYSB 072100Z 23005KT 1 1/4SM -RA BR OVC002 06/06 A2923 RMK SF8 SLP912",2025-11-07 21:22:51.318454,2025-11-07 16:22:51.31849
"CYSC","Sherbrooke Arpt, QC, CA",2025-11-07 21:00:00,"2025-11-07 16:00:00","VFR",3,-3,120,6,NA,9,1004.1,"METAR CYSC 072100Z AUTO 12006KT 9SM SCT250 03/M03 A2965 RMK SLP053",2025-11-07 21:22:51.324317,2025-11-07 16:22:51.324353
"CYSM","Fort Smith Arpt, NT, CA",2025-11-07 21:00:00,"2025-11-07 14:00:00","VFR",-6,-13,130,5,15,15,1017.7,"METAR CYSM 072100Z 13005G15KT 070V240 15SM BKN130 M06/M13 A3005 RMK AC7 SLP197",2025-11-07 21:22:51.330275,2025-11-07 16:22:51.330314
"CYSN","St Catharines/Niagara Arpt, ON, CA",2025-11-07 21:00:00,"2025-11-07 16:00:00","MVFR",12,10,220,25,38,15,996.4,"METAR CYSN 072100Z 22025G38KT 15SM BKN014 OVC025 12/10 A2942 RMK SC6SC2 SLP965 DENSITY ALT 700FT",2025-11-07 21:22:51.345474,2025-11-07 16:22:51.345508
"CYSY","Sachs Harbour Arpt, NT, CA",2025-11-07 21:00:00,"2025-11-07 14:00:00","VFR",-5,-7,130,33,42,15,1015.3,"METAR CYSY 072100Z 13033G42KT 15SM -SN DRSN FEW015 FEW030 OVC080 M05/M07 A2998 RMK SC1SC1AS6 SLP164",2025-11-07 21:22:51.351162,2025-11-07 16:22:51.35122
"CYTH","Thompson Arpt, MB, CA",2025-11-07 21:00:00,"2025-11-07 15:00:00","MVFR",-7,-12,330,9,15,15,1014.3,"METAR CYTH 072100Z 33009G15KT 15SM -SN OVC025 M07/M12 A2995 RMK SC8 SLP165",2025-11-07 21:22:51.356898,2025-11-07 16:22:51.356932
"CYTS","Timmins/Power Arpt, ON, CA",2025-11-07 21:00:00,"2025-11-07 16:00:00","LIFR",0,0,340,6,NA,1.5,990.9,"METAR CYTS 072100Z 34006KT 1 1/2SM -SN OVC004 00/00 A2926 RMK SC8 SLP925",2025-11-07 21:22:51.362632,2025-11-07 16:22:51.362668
"CYUB","Tuktoyaktuk Arpt, NT, CA",2025-11-07 21:00:00,"2025-11-07 14:00:00","IFR",-5,-5,150,6,NA,6,1008.2,"METAR CYUB 072100Z 15006KT 6SM -SN BKN006 OVC023 M05/M05 A2977 RMK ST6SC2 SLP085",2025-11-07 21:22:51.368495,2025-11-07 16:22:51.36853
"CYVC","La Ronge Arpt, SK, CA",2025-11-07 21:00:00,"2025-11-07 15:00:00","VFR",-8,-12,340,3,NA,15,1017,"METAR CYVC 072100Z 34003KT 310V030 15SM SCT017 BKN230 M08/M12 A3003 RMK SC3CI2 SLP200",2025-11-07 21:22:51.374373,2025-11-07 16:22:51.374409
"CYVQ","Norman Wells Arpt, NT, CA",2025-11-07 21:00:00,"2025-11-07 14:00:00","VFR",-4,-9,110,12,17,30,1007.2,"METAR CYVQ 072100Z 11012G17KT 30SM FEW018 BKN090 BKN200 M04/M09 A2974 RMK SC1AC6CI1 SC TR SLP078",2025-11-07 21:22:51.380188,2025-11-07 16:22:51.380232
"CYVT","Buffalo Narrows Arpt, SK, CA",2025-11-07 21:00:00,"2025-11-07 15:00:00","VFR",-7,-13,100,9,NA,9,1015,"METAR CYVT 072100Z AUTO 10009KT 9SM OVC130 M07/M13 A2997 RMK SLP185",2025-11-07 21:22:51.386127,2025-11-07 16:22:51.386166
"CYWA","Petawawa Arpt, ON, CA",2025-11-07 21:00:00,"2025-11-07 16:00:00","IFR",3,2,140,10,15,4,996,"METAR CYWA 072100Z 14010G15KT 4SM -SHRA BR OVC005 03/02 A2941 RMK SC8 DENSITY ALT -315FT LAST OBS /NEXT 081400 UTC SLP965",2025-11-07 21:22:51.392004,2025-11-07 16:22:51.392041
"CYWH","Victoria Harbour Arpt, BC, CA",2025-11-07 21:00:00,"2025-11-07 13:00:00","VFR",11,5,160,5,NA,15,1022.1,"METAR CYWH 072100Z 16005KT 15SM FEW035 BKN060 11/05 A3018 RMK CU2SC3 SLP222",2025-11-07 21:22:51.398043,2025-11-07 16:22:51.398078
"CYWJ","Déline Arpt, NT, CA",2025-11-07 21:00:00,"2025-11-07 14:00:00","MVFR",-5,-9,130,13,19,20,1008.9,"METAR CYWJ 072100Z 13013G19KT 20SM BKN014 OVC019 M05/M09 A2979 RMK SC7SC1 SLP108",2025-11-07 21:22:51.403876,2025-11-07 16:22:51.403916
"CYMA","Mayo Arpt, YT, CA",2025-11-07 21:00:00,"2025-11-07 14:00:00","VFR",1,-5,60,9,NA,20,1000.1,"METAR CYMA 072100Z 06009KT 360V090 20SM SCT055 SCT120 01/M05 A2953 RMK SC3AC1 SLP030",2025-11-07 21:22:51.409749,2025-11-07 16:22:51.409788
"CYNA","Natashquan Arpt, QC, CA",2025-11-07 21:00:00,"2025-11-07 17:00:00","VFR",1,-10,290,17,30,9,1001.4,"METAR CYNA 072100Z AUTO 29017G30KT 9SM CLR 01/M10 A2957 RMK SLP016",2025-11-07 21:22:51.415603,2025-11-07 16:22:51.41564
"CYOD","Cold Lake , AB, CA",2025-11-07 21:00:00,"2025-11-07 14:00:00","MVFR",-7,-9,100,7,NA,6,1012.6,"METAR CYOD 072100Z 10007KT 6SM -SN SCT009 OVC022 M07/M09 A2990 RMK SF4SC4 DENSITY ALT -658FT SLP161",2025-11-07 21:22:51.421458,2025-11-07 16:22:51.421493
"CYPA","Prince Albert Arpt, SK, CA",2025-11-07 21:00:00,"2025-11-07 15:00:00","VFR",-9,-13,80,7,NA,15,1014.3,"METAR CYPA 072100Z 08007KT 15SM FEW019 BKN140 M09/M13 A2995 RMK SC1AC6 SLP180",2025-11-07 21:22:51.427341,2025-11-07 16:22:51.427377
"CYPG","Portage la Prairie/Southport Arpt, MB, CA",2025-11-07 21:00:00,"2025-11-07 15:00:00","VFR",-5,-9,340,10,15,15,1015,"METAR CYPG 072100Z 34010G15KT 15SM SCT023 BKN280 M05/M09 A2997 RMK SC3CI3 DENSITY ALT -1446FT SLP164",2025-11-07 21:22:51.433192,2025-11-07 16:22:51.43323
"CYPH","Inukjuak Arpt, QC, CA",2025-11-07 21:00:00,"2025-11-07 16:00:00","VFR",-5,-10,250,2,NA,9,1004.8,"METAR CYPH 072100Z AUTO 25002KT 9SM OVC091 M05/M10 A2967 RMK SLP050",2025-11-07 21:22:51.439035,2025-11-07 16:22:51.43907
"CYPW","Powell River Arpt, BC, CA",2025-11-07 21:00:00,"2025-11-07 13:00:00","VFR",12,5,130,9,NA,30,1020.7,"METAR CYPW 072100Z 13009KT 100V170 30SM FEW026 FEW054 SCT086 12/05 A3014 RMK SC1SC1AC1 SLP209",2025-11-07 21:22:51.444821,2025-11-07 16:22:51.44486
"CYVM","Broughton Isl/Qikiqtarjuaq Arpt, NU, CA",2025-11-07 21:00:00,"2025-11-07 16:00:00","VFR",0,-4,350,15,22,15,1011.9,"METAR CYVM 072100Z CCA 35015G22KT 15SM DRSN OVC032 M00/M04 A2988 RMK SC8 SLP119",2025-11-07 21:22:51.450662,2025-11-07 16:22:51.450701
"CYTZ","Toronto/Bishop Arpt, ON, CA",2025-11-07 21:00:00,"2025-11-07 16:00:00","MVFR",10,9,230,8,NA,9,996,"METAR CYTZ 072100Z AUTO 23008KT 9SM OVC014 10/09 A2941 RMK SLP963",2025-11-07 21:22:51.465962,2025-11-07 16:22:51.46601
"CYVV","Wiarton Arpt, ON, CA",2025-11-07 21:00:00,"2025-11-07 16:00:00","IFR",9,9,230,13,20,NA,993.6,"METAR CYVV 072100Z 23013G20KT 10SM OVC005 09/09 A2934 RMK SC8 SLP940",2025-11-07 21:22:51.471911,2025-11-07 16:22:51.471948
"CYRL","Red Lake Arpt, ON, CA",2025-11-07 21:00:00,"2025-11-07 15:00:00","VFR",-5,-13,330,8,NA,15,1009.6,"METAR CYRL 072100Z 33008KT 260V350 15SM FEW120 M05/M13 A2981 RMK AC1 AC TR SLP123",2025-11-07 21:22:51.477588,2025-11-07 16:22:51.477622
"CYQV","Yorkton Muni, SK, CA",2025-11-07 21:00:00,"2025-11-07 15:00:00","VFR",-8,-11,80,6,NA,9,1012.6,"METAR CYQV 072100Z AUTO 08006KT 9SM SCT013 BKN130 M08/M11 A2990 RMK SLP162",2025-11-07 21:22:51.483342,2025-11-07 16:22:51.483378
"CYWL","Williams Lake Rgnl, BC, CA",2025-11-07 21:00:00,"2025-11-07 13:00:00","VFR",8,-2,100,4,NA,15,1011.6,"METAR CYWL 072100Z 10004KT 15SM BKN072 BKN250 08/M02 A2987 RMK AC6CI1 SLP139",2025-11-07 21:22:51.489134,2025-11-07 16:22:51.489169
"CYMM","Fort McMurray Arpt, AB, CA",2025-11-07 21:00:00,"2025-11-07 14:00:00","VFR",-6,-10,110,11,NA,9,1014.3,"METAR CYMM 072100Z AUTO 11011KT 9SM FEW018 SCT076 OVC100 M06/M10 A2995 RMK SLP172",2025-11-07 21:22:51.49501,2025-11-07 16:22:51.495045
"CYNE","Norway House Arpt, MB, CA",2025-11-07 21:00:00,"2025-11-07 15:00:00","MVFR",-8,-12,320,8,NA,9,1014.6,"METAR CYNE 072100Z AUTO 32008KT 290V010 9SM -SN OVC018 M08/M12 A2996 RMK SLP167",2025-11-07 21:22:51.50088,2025-11-07 16:22:51.500919
"CYOJ","High Level Arpt, AB, CA",2025-11-07 21:00:00,"2025-11-07 14:00:00","MVFR",-7,-10,110,7,NA,12,1012.3,"METAR CYOJ 072100Z 11007KT 12SM -SG OVC015 M07/M10 A2989 RMK SC8 FU SLP150",2025-11-07 21:22:51.506777,2025-11-07 16:22:51.506813
"CYPD","Port Hawkesbury Arpt, NS, CA",2025-11-07 21:00:00,"2025-11-07 17:00:00","VFR",3,-5,270,11,19,9,1010.6,"METAR CYPD 072100Z AUTO 27011G19KT 9SM CLR 03/M05 A2984 RMK SLP110",2025-11-07 21:22:51.512694,2025-11-07 16:22:51.512735
"CYSK","Sanikiluaq Arpt, QC, CA",2025-11-07 21:00:00,"2025-11-07 16:00:00","VFR",-4,-10,140,3,NA,15,1004.5,"METAR CYSK 072100Z 14003KT 15SM BKN051 M04/M10 A2966 RMK SC6 SLP048",2025-11-07 21:22:51.518606,2025-11-07 16:22:51.518643
"CYPO","Peawanuck Arpt, ON, CA",2025-11-07 21:00:00,"2025-11-07 16:00:00","VFR",-7,-16,240,4,NA,9,1005.2,"METAR CYPO 072100Z AUTO 24004KT 190V280 9SM CLR M07/M16 A2968 RMK SLP059",2025-11-07 21:22:51.524486,2025-11-07 16:22:51.524522
"CYRQ","Trois-Rivières, QC, CA",2025-11-07 21:00:00,"2025-11-07 16:00:00","VFR",2,-4,100,7,15,9,1003.8,"METAR CYRQ 072100Z AUTO 10007G15KT 9SM OVC120 02/M04 A2964 RMK SLP044",2025-11-07 21:22:51.530338,2025-11-07 16:22:51.530378
"CYSP","Marathon Arpt, ON, CA",2025-11-07 21:00:00,"2025-11-07 16:00:00","MVFR",-6,-8,10,9,21,15,1001.4,"METAR CYSP 072100Z 01009G21KT 15SM OVC014 M06/M08 A2957 RMK SC8 SLP034",2025-11-07 21:22:51.536196,2025-11-07 16:22:51.536236
"CYTQ","Tasiujaq Arpt, QC, CA",2025-11-07 21:00:00,"2025-11-07 16:00:00","LIFR",0,0,320,7,NA,0.75,995,"METAR CYTQ 072100Z 32007KT 3/4SM -SN OVC001 00/00 A2938 RMK SC8 SLP952",2025-11-07 21:22:51.542021,2025-11-07 16:22:51.542058
"CYMH","Mary's Harbor Arpt, NL, CA",2025-11-07 21:00:00,"2025-11-07 17:30:00","VFR",1,-3,290,15,29,9,987.2,"METAR CYMH 072100Z AUTO 29015G29KT 9SM FEW060 01/M03 A2915 RMK SLP875",2025-11-07 21:22:51.548011,2025-11-07 16:22:51.54805
"CYOW","Ottawa/Cartier Intl, ON, CA",2025-11-07 21:00:00,"2025-11-07 16:00:00","IFR",3,2,70,10,NA,2,997.7,"METAR CYOW 072100Z 07010KT 2SM -RA BR OVC036 03/02 A2946 RMK SC8 PRESFR SLP983",2025-11-07 21:22:51.553853,2025-11-07 16:22:51.55389
"CYPL","Pickle Lake Arpt, ON, CA",2025-11-07 21:00:00,"2025-11-07 16:00:00","VFR",-7,-13,310,9,16,9,1006.9,"METAR CYPL 072100Z AUTO 31009G16KT 270V360 9SM OVC071 M07/M13 A2973 RMK SLP097",2025-11-07 21:22:51.559723,2025-11-07 16:22:51.55976
"CYQB","Quebec/Lesage Intl, QC, CA",2025-11-07 21:00:00,"2025-11-07 16:00:00","VFR",1,-6,60,13,NA,15,1006.9,"METAR CYQB 072100Z 06013KT 15SM -SHSN BKN045 OVC100 01/M06 A2973 RMK SC6AC2 CVCTV CLD EMBD PRESFR SLP075",2025-11-07 21:22:51.565564,2025-11-07 16:22:51.565602
"CYQG","Windsor Intl, ON, CA",2025-11-07 21:00:00,"2025-11-07 16:00:00","VFR",13,10,250,14,19,9,998.1,"METAR CYQG 072100Z AUTO 25014G19KT 9SM FEW023 BKN031 13/10 A2947 RMK SLP983 DENSITY ALT 1100FT",2025-11-07 21:22:51.571418,2025-11-07 16:22:51.571453
"CYQM","Moncton Intl, NB, CA",2025-11-07 21:00:00,"2025-11-07 17:00:00","VFR",3,-7,250,11,NA,15,1010.9,"METAR CYQM 072100Z 25011KT 15SM FEW048 BKN180 BKN250 03/M07 A2985 RMK SC2AC3CI1 CI TR SLP113",2025-11-07 21:22:51.577327,2025-11-07 16:22:51.577367
"CYQQ","Comox, BC, CA",2025-11-07 21:00:00,"2025-11-07 13:00:00","VFR",13,5,40,7,NA,20,1020.1,"METAR CYQQ 072100Z 04007KT 20SM FEW050 SCT085 13/05 A3012 RMK SC1AC3 DENSITY ALT -250FT SLP200",2025-11-07 21:22:51.592492,2025-11-07 16:22:51.592527
"CYQX","Gander Intl Arpt, NL, CA",2025-11-07 21:00:00,"2025-11-07 17:30:00","VFR",3,-5,280,21,28,15,994,"METAR CYQX 072100Z 28021G28KT 15SM OVC040 03/M05 A2935 RMK SC8 SLP945",2025-11-07 21:22:51.598149,2025-11-07 16:22:51.5982
"CYQY","Sydney Arpt, NS, CA",2025-11-07 21:00:00,"2025-11-07 17:00:00","VFR",2,-6,270,16,22,15,1009.6,"METAR CYQY 072100Z 27016G22KT 15SM SCT048 BKN230 02/M06 A2981 RMK SC4CI1 SLP098",2025-11-07 21:22:51.603854,2025-11-07 16:22:51.603889
"CYOY","Valcartier Arpt, QC, CA",2025-11-07 20:34:00,"2025-11-07 20:34:00","MVFR",0,-6,50,3,NA,5,1007.9,"SPECI CYOY 072034Z 05003KT 5SM -SHSN BKN025 OVC045 M00/M06 A2976 RMK SC5SC3 DENSITY ALT -1004FT LAST OBS /NEXT 101200 UTC SLP087",2025-11-07 21:22:51.609691,2025-11-07 16:22:51.609726
"CZVL","Edmonton/Villenueve Arpt, AB, CA",2025-11-07 21:20:00,"2025-11-07 21:20:00","IFR",-1,-3,110,6,NA,9,1009.2,"SPECI CZVL 072120Z AUTO 11006KT 9SM -SN BKN009 OVC012 M01/M03 A2980 RMK SLP125",2025-11-07 21:22:52.894637,2025-11-07 16:22:52.894676
"CYXU","London Intl, ON, CA",2025-11-07 21:20:00,"2025-11-07 16:20:00","IFR",9,9,250,8,NA,2,997.7,"SPECI CYXU 072120Z 25008KT 2SM -DZ BR SCT005 BKN007 BKN015 09/09 A2946 RMK SF4ST2SC2 CIG RAG SLP983",2025-11-07 21:22:52.90074,2025-11-07 16:22:52.900775
"CYZT","Port Hardy Arpt, BC, CA",2025-11-07 21:19:00,"2025-11-07 13:19:00","VFR",9,7,120,5,NA,15,1020.1,"SPECI CYZT 072119Z 12005KT 15SM FEW006 FEW032 SCT050 BKN070 09/07 A3012 RMK SF1SC2SC2AC2 SF TR SLP201",2025-11-07 21:22:52.906695,2025-11-07 16:22:52.90673
"CYZY","Mackenzie Arpt, BC, CA",2025-11-07 21:18:00,"2025-11-07 21:18:00","MVFR",3,2,160,6,NA,9,1006.5,"SPECI CYZY 072118Z AUTO 16006KT 9SM SCT011 OVC027 03/02 A2972 RMK SLP092",2025-11-07 21:22:52.912612,2025-11-07 16:22:52.912649
"CYYN","Swift Current Arpt, SK, CA",2025-11-07 21:16:00,"2025-11-07 15:16:00","IFR",0,-1,130,11,16,9,1003.5,"SPECI CYYN 072116Z AUTO 13011G16KT 9SM OVC008 00/M01 A2963 RMK ICE PAST HR SLP064",2025-11-07 21:22:52.918487,2025-11-07 16:22:52.918525
"K0E0","Moriarty Muni, NM, US",2025-11-07 21:15:00,"2025-11-07 21:15:00","VFR",20.5,-10,260,14,18,NA,1018,"METAR K0E0 072115Z AUTO 26014G18KT 10SM CLR 21/M10 A3006 RMK AO2 T02051100",2025-11-07 21:22:52.924428,2025-11-07 16:22:52.924467
"K0F2","Bowie Muni, TX, US",2025-11-07 21:15:00,"2025-11-07 21:15:00","VFR",26.7,4.7,10,9,NA,NA,1009.9,"METAR K0F2 072115Z AUTO 01009KT 10SM CLR 27/05 A2982 RMK AO2 T02670047",2025-11-07 21:22:52.930387,2025-11-07 16:22:52.930426
"K06C","Schaumburg Rgnl, IL, US",2025-11-07 21:15:00,"2025-11-07 21:15:00","VFR",16.7,6.8,260,6,NA,NA,1001.1,"METAR K06C 072115Z AUTO 26006KT 10SM CLR 17/07 A2956 RMK AO2 T01670068",2025-11-07 21:22:52.936337,2025-11-07 16:22:52.936373
"CYXJ","Fort St John/N Peace Rgnl, BC, CA",2025-11-07 21:15:00,"2025-11-07 14:15:00","IFR",-1,-2,NA,2,NA,7,1007.5,"SPECI CYXJ 072115Z VRB02KT 7SM BKN005 OVC009 M01/M02 A2975 RMK ST7ST1 SLP112",2025-11-07 21:22:52.942295,2025-11-07 16:22:52.942335
"K06D","Rolla Muni, ND, US",2025-11-07 21:15:00,"2025-11-07 21:15:00","VFR",-7,-12,20,8,NA,NA,1012.3,"METAR K06D 072115Z AUTO 02008KT 10SM SCT015 M07/M12 A2989 RMK AO2",2025-11-07 21:22:52.948246,2025-11-07 16:22:52.948286
"K08D","Stanley Muni, ND, US",2025-11-07 21:15:00,"2025-11-07 21:15:00","IFR",-2,-2,110,7,NA,NA,1010.6,"METAR K08D 072115Z AUTO 11007KT 10SM OVC008 M02/M02 A2984 RMK AO2",2025-11-07 21:22:52.954193,2025-11-07 16:22:52.954232
"CYZE","Gore Bay/Manitoulin Arpt, ON, CA",2025-11-07 21:14:00,"2025-11-07 16:14:00","MVFR",7,7,290,13,26,5,992.3,"SPECI CYZE 072114Z AUTO 29013G26KT 5SM -RA BR BKN013 OVC020 07/07 A2930 RMK SLP927",2025-11-07 21:22:52.969769,2025-11-07 16:22:52.969803
"CZUM","Churchill Falls Arpt, NL, CA",2025-11-07 21:06:00,"2025-11-07 17:06:00","VFR",-5,-12,270,12,29,9,996.4,"SPECI CZUM 072106Z AUTO 27012G29KT 9SM -SN SCT038 OVC044 M05/M12 A2942 RMK SLP993",2025-11-07 21:22:52.9755,2025-11-07 16:22:52.975535
"CYXQ","Beaver Creek Arpt, YT, CA",2025-11-07 21:05:00,"2025-11-07 14:05:00","IFR",-7,-8,0,0,NA,NA,997,"SPECI CYXQ 072105Z 00000KT 10SM OVC009 M07/M08 A2944 RMK ST8 SLP017",2025-11-07 21:22:52.981304,2025-11-07 16:22:52.98134
"CYXR","Earlton Arpt, ON, CA",2025-11-07 21:02:00,"2025-11-07 16:02:00","MVFR",0,0,140,8,NA,9,990.6,"SPECI CYXR 072102Z AUTO 14008KT 9SM -FZRA OVC010 00/00 A2925 RMK ICE INTMT SLP916",2025-11-07 21:22:52.98709,2025-11-07 16:22:52.987125
"CYYQ","Churchill Arpt, MB, CA",2025-11-07 21:00:00,"2025-11-07 15:00:00","VFR",-3,-7,20,19,25,8,1011.9,"METAR CYYQ 072100Z 02019G25KT 8SM FEW035 SCT042 SCT250 M03/M07 A2988 RMK SC1SC2CI1 CI TR SLP123",2025-11-07 21:22:52.992964,2025-11-07 16:22:52.993001
"CYYR","Goose Bay Arpt, NL, CA",2025-11-07 21:00:00,"2025-11-07 17:00:00","VFR",-1,-7,280,10,22,12,993.3,"METAR CYYR 072100Z 28010G22KT 12SM -SN BKN036 OVC045 M01/M07 A2933 RMK SC5SC3 DENSITY ALT -1080FT SLP934",2025-11-07 21:22:52.998794,2025-11-07 16:22:52.998829
"CYYT","St Johns Intl, NL, CA",2025-11-07 21:00:00,"2025-11-07 17:30:00","VFR",3,-4,280,29,41,15,996,"METAR CYYT 072100Z 28029G41KT 15SM SCT047 BKN054 03/M04 A2941 RMK SC3SC2 PRESRR SLP967",2025-11-07 21:22:53.004674,2025-11-07 16:22:53.004709
"CYYZ","Toronto/Pearson Intl, ON, CA",2025-11-07 21:00:00,"2025-11-07 16:00:00","MVFR",11,9,240,15,22,12,995.7,"METAR CYYZ 072100Z 24015G22KT 12SM OVC011 11/09 A2940 RMK ST8 SLP962 DENSITY ALT 800FT",2025-11-07 21:22:53.010538,2025-11-07 16:22:53.010576
"CYZF","Yellowknife Arpt, NT, CA",2025-11-07 21:00:00,"2025-11-07 14:00:00","VFR",-9,-12,100,13,20,15,1018.4,"METAR CYZF 072100Z 10013G20KT 15SM -SN FEW018 BKN100 BKN150 M09/M12 A3007 RMK SC1AC5AS1 SLP207",2025-11-07 21:22:53.016442,2025-11-07 16:22:53.016479
"CYXC","Cranbrook Intl, BC, CA",2025-11-07 21:00:00,"2025-11-07 14:00:00","VFR",8,-3,270,8,NA,25,1013,"METAR CYXC 072100Z 27008KT 210V290 25SM FEW042 BKN064 08/M03 A2991 RMK SC2SC5 SLP145",2025-11-07 21:22:53.02241,2025-11-07 16:22:53.022449
"CYXH","Medicine Hat Arpt, AB, CA",2025-11-07 21:00:00,"2025-11-07 14:00:00","VFR",6,2,310,20,30,8,1000.4,"METAR CYXH 072100Z 31020G30KT 220V320 8SM FEW009 BKN043 BKN270 06/02 A2954 RMK SC1SC6CI1 SC TR SLP023",2025-11-07 21:22:53.028265,2025-11-07 16:22:53.0283
"CYXL","Sioux Lookout Arpt, ON, CA",2025-11-07 21:00:00,"2025-11-07 15:00:00","VFR",-6,-12,310,9,NA,15,1008.9,"METAR CYXL 072100Z 31009KT 290V360 15SM FEW024 FEW090 M06/M12 A2979 RMK CU1AC1 CU TR AC TR SLP112",2025-11-07 21:22:53.034145,2025-11-07 16:22:53.034198
"CYXP","Pangnirtung Arpt, NU, CA",2025-11-07 21:00:00,"2025-11-07 16:00:00","VFR",0,-5,260,5,NA,15,1004.8,"METAR CYXP 072100Z 26005KT 15SM FEW110 BKN180 M00/M05 A2967 RMK AC2AC4 SLP053",2025-11-07 21:22:53.040057,2025-11-07 16:22:53.040095
"CYXS","Prince George Arpt, BC, CA",2025-11-07 21:00:00,"2025-11-07 13:00:00","VFR",5,4,180,11,16,9,1008.5,"METAR CYXS 072100Z AUTO 18011G16KT 9SM -RA SCT029 OVC033 05/04 A2978 RMK PCPN 1.0MM PAST HR SLP106",2025-11-07 21:22:53.045898,2025-11-07 16:22:53.045935
"CYXZ","Wawa Arpt, ON, CA",2025-11-07 21:00:00,"2025-11-07 16:00:00","MVFR",-2,-4,20,11,23,15,997,"METAR CYXZ 072100Z 02011G23KT 350V060 15SM -SN BKN020 BKN120 M02/M04 A2944 RMK SC7AS1 AS TR SLP986",2025-11-07 21:22:53.051769,2025-11-07 16:22:53.051807
"CYYB","North Bay/Garland Arpt, ON, CA",2025-11-07 21:00:00,"2025-11-07 16:00:00","LIFR",4,3,160,10,15,4,990.9,"METAR CYYB 072100Z 16010G15KT 4SM -RA BR OVC004 04/03 A2926 RMK SC8 SLP923",2025-11-07 21:22:53.057616,2025-11-07 16:22:53.057653
"CYYG","Charlottetown Arpt, PE, CA",2025-11-07 21:00:00,"2025-11-07 17:00:00","VFR",3,-5,260,7,NA,15,1010.2,"METAR CYYG 072100Z 26007KT 15SM FEW030 BKN140 03/M05 A2983 RMK SC1AC6 SC TR SLP106",2025-11-07 21:22:53.063466,2025-11-07 16:22:53.063504
"CYYH","Taloyoak Arpt, NU, CA",2025-11-07 21:00:00,"2025-11-07 14:00:00","VFR",-15,-17,340,6,NA,25,1023.1,"METAR CYYH 072100Z 34006KT 25SM FEW032 M15/M17 A3021 RMK SC1 SC TR SLP237",2025-11-07 21:22:53.069323,2025-11-07 16:22:53.06936
"CYYL","Lynn Lake Arpt, MB, CA",2025-11-07 21:00:00,"2025-11-07 15:00:00","MVFR",-9,-12,350,9,NA,9,1016.3,"METAR CYYL 072100Z AUTO 35009KT 9SM -SN OVC018 M09/M12 A3001 RMK SLP196",2025-11-07 21:22:53.075243,2025-11-07 16:22:53.075279
"CYYU","Kapuskasing Arpt, ON, CA",2025-11-07 21:00:00,"2025-11-07 16:00:00","LIFR",-3,-5,350,16,27,0.75,996,"METAR CYYU 072100Z 35016G27KT 3/4SM -SN BKN007 BKN011 OVC018 M03/M05 A2941 RMK SN4SC2SC1SC1 SLP973",2025-11-07 21:22:53.090513,2025-11-07 16:22:53.090548
"CYZG","Salliut Arpt, QC, CA",2025-11-07 21:00:00,"2025-11-07 16:00:00","LIFR",-1,-1,40,11,NA,2.5,1002.1,"METAR CYZG 072100Z 04011KT 2 1/2SM BR OVC003 M01/M01 A2959 RMK ST8 SLP041",2025-11-07 21:22:53.096247,2025-11-07 16:22:53.096283
"CYZH","Slave Lake Arpt, AB, CA",2025-11-07 21:00:00,"2025-11-07 14:00:00","IFR",-2,-3,120,9,NA,9,1009.6,"METAR CYZH 072100Z AUTO 12009KT 9SM OVC005 M02/M03 A2981 RMK SLP126",2025-11-07 21:22:53.101928,2025-11-07 16:22:53.101964
"CYZP","Sandspit Arpt, BC, CA",2025-11-07 21:00:00,"2025-11-07 13:00:00","VFR",10,3,240,12,18,9,1013,"METAR CYZP 072100Z AUTO 24012G18KT 190V260 9SM FEW038 SCT049 SCT060 10/03 A2991 RMK SLP131",2025-11-07 21:22:53.107697,2025-11-07 16:22:53.107733
"CYZR","Sarnia/Hadfield Arpt, ON, CA",2025-11-07 21:00:00,"2025-11-07 16:00:00","MVFR",11,9,230,5,NA,9,997,"METAR CYZR 072100Z AUTO 23005KT 9SM FEW014 SCT021 OVC030 11/09 A2944 RMK ICE MISG SLP974 DENSITY ALT 900FT",2025-11-07 21:22:53.113541,2025-11-07 16:22:53.113577
"CYZS","Coral Harbour Arpt, NU, CA",2025-11-07 21:00:00,"2025-11-07 16:00:00","VFR",-4,-8,20,26,NA,15,1010.9,"METAR CYZS 072100Z 02026KT 15SM DRSN SCT047 BKN074 M04/M08 A2985 RMK SC3AC3 SLP117",2025-11-07 21:22:53.119392,2025-11-07 16:22:53.119429
"CYZW","Teslin Arpt, YT, CA",2025-11-07 21:00:00,"2025-11-07 14:00:00","VFR",-2,-6,100,4,NA,30,1003.5,"METAR CYZW 072100Z 10004KT 060V130 30SM OVC053 M02/M06 A2963 RMK SC8 SLP075",2025-11-07 21:22:53.125284,2025-11-07 16:22:53.12532
"CZEM","Eastmain River Arpt, QC, CA",2025-11-07 21:00:00,"2025-11-07 16:00:00","VFR",-3,-6,100,8,NA,NA,1001.4,"METAR CZEM 072100Z 10008KT 10SM -SN OVC050 M03/M06 A2957 RMK SN2SF6 LAST STFD OBS/NEXT 091500 UTC SLP015",2025-11-07 21:22:53.131267,2025-11-07 16:22:53.131305
"CZFA","Faro Arpt, YT, CA",2025-11-07 21:00:00,"2025-11-07 14:00:00","VFR",-2,-7,140,14,20,30,1001.4,"METAR CZFA 072100Z 14014G20KT 30SM FEW014 SCT059 BKN089 BKN110 BKN210 M02/M07 A2957 RMK SC1SC3AC3AC1CC1 SC TR CC TR SLP058",2025-11-07 21:22:53.137116,2025-11-07 16:22:53.137153
"CZFN","Fort Norman Arpt, NT, CA",2025-11-07 21:00:00,"2025-11-07 14:00:00","VFR",-4,-10,130,12,20,15,1007.2,"METAR CZFN 072100Z 13012G20KT 15SM FEW021 BKN071 BKN220 M04/M10 A2974 RMK SF1AC5CI1 SLP081",2025-11-07 21:22:53.142986,2025-11-07 16:22:53.143024
"CZPC","Pincher Creek Arpt, AB, CA",2025-11-07 21:00:00,"2025-11-07 14:00:00","VFR",7,-4,250,21,30,9,1007.9,"METAR CZPC 072100Z AUTO 25021G30KT 9SM FEW066 07/M04 A2976 RMK SLP103",2025-11-07 21:22:53.148825,2025-11-07 16:22:53.148862
"CZST","Stewart Arpt, BC, CA",2025-11-07 21:00:00,"2025-11-07 13:00:00","MVFR",6,6,NA,2,NA,8,1009.6,"METAR CZST 072100Z VRB02KT 8SM -RA FEW009 BKN030 OVC060 06/06 A2981 RMK ST1SC4SC3 SLP096",2025-11-07 21:22:53.154772,2025-11-07 16:22:53.154808
"CYYF","Penticton Rgnl, BC, CA",2025-11-07 21:00:00,"2025-11-07 13:00:00","VFR",12,-3,230,16,24,15,1018,"METAR CYYF 072100Z 23016G24KT 190V260 15SM SCT082 BKN230 12/M03 A3006 RMK AC4CI3 SLP189",2025-11-07 21:22:53.160629,2025-11-07 16:22:53.160665
"CYYY","Mont Joli Arpt, QC, CA",2025-11-07 21:00:00,"2025-11-07 16:00:00","VFR",0,-10,220,6,NA,30,1009.2,"METAR CYYY 072100Z 22006KT 30SM SCT045 BKN210 M00/M10 A2980 RMK SC3CI3 SLP098",2025-11-07 21:22:53.166484,2025-11-07 16:22:53.166522
"CYZU","Whitecourt Arpt, AB, CA",2025-11-07 21:00:00,"2025-11-07 14:00:00","IFR",0,-1,80,4,NA,NA,1008.5,"METAR CYZU 072100Z 08004KT 10SM BKN006 OVC009 M00/M01 A2978 RMK ST6SC2 SLP120",2025-11-07 21:22:53.172451,2025-11-07 16:22:53.172488
"CYXT","Terrace Arpt, BC, CA",2025-11-07 21:00:00,"2025-11-07 13:00:00","IFR",7,7,180,16,24,NA,1011.3,"METAR CYXT 072100Z 18016G24KT 10SM -RA FEW001 BKN009 OVC030 07/07 A2986 RMK SF1SF5SC3 SF TR SLP121",2025-11-07 21:22:53.178372,2025-11-07 16:22:53.178411
"CYYE","Fort Nelson Arpt, BC, CA",2025-11-07 21:00:00,"2025-11-07 14:00:00","IFR",-4,-6,90,3,NA,8,1009.6,"METAR CYYE 072100Z 09003KT 8SM -SN OVC009 M04/M06 A2981 RMK SC8 SLP122",2025-11-07 21:22:53.184315,2025-11-07 16:22:53.184351
"CYXE","Saskatoon/Diefenbaker Intl, SK, CA",2025-11-07 21:00:00,"2025-11-07 15:00:00","IFR",-4,-6,70,12,17,15,1010.6,"METAR CYXE 072100Z 07012G17KT 15SM OVC009 M04/M06 A2984 RMK SC8 SLP139",2025-11-07 21:22:53.190147,2025-11-07 16:22:53.190197
"CYYW","Armstrong Arpt, ON, CA",2025-11-07 21:00:00,"2025-11-07 16:00:00","VFR",-6,-16,340,7,NA,9,1005.8,"METAR CYYW 072100Z AUTO 34007KT 300V010 9SM CLR M06/M16 A2970 RMK SLP084",2025-11-07 21:22:53.195998,2025-11-07 16:22:53.196034
"CZMD","Muskrat Dam Arpt, ON, CA",2025-11-07 21:00:00,"2025-11-07 15:00:00","MVFR",-7,-10,300,9,NA,9,1007.9,"METAR CZMD 072100Z AUTO 30009KT 270V330 9SM -SN OVC017 M07/M10 A2976 RMK SLP107",2025-11-07 21:22:53.211095,2025-11-07 16:22:53.211129
"CZSJ","Sandy Lake Arpt, ON, CA",2025-11-07 21:00:00,"2025-11-07 15:00:00","MVFR",-8,-10,290,10,15,9,1009.9,"METAR CZSJ 072100Z AUTO 29010G15KT 9SM -SN OVC011 M08/M10 A2982 RMK SLP127",2025-11-07 21:22:53.216796,2025-11-07 16:22:53.216831
"CYZV","Sept-Îles Arpt, QC, CA",2025-11-07 21:00:00,"2025-11-07 16:00:00","VFR",-2,-13,300,6,NA,30,1006.9,"METAR CYZV 072100Z 30006KT 30SM FEW050 FEW150 BKN250 M02/M13 A2973 RMK SC1AC1CI6 AC TR SLP074",2025-11-07 21:22:53.222492,2025-11-07 16:22:53.222527
"CZBF","Bathurst Arpt, NB, CA",2025-11-07 21:00:00,"2025-11-07 17:00:00","VFR",1,-11,270,6,NA,9,1009.9,"METAR CZBF 072100Z AUTO 27006KT 9SM CLR 01/M11 A2982 RMK SLP104",2025-11-07 21:22:53.228269,2025-11-07 16:22:53.228303
"CYXX","Abbotsford Intl, BC, CA",2025-11-07 21:00:00,"2025-11-07 13:00:00","VFR",12,4,200,14,NA,25,1021.8,"METAR CYXX 072100Z 20014KT 25SM SCT038TCU BKN068 BKN100 12/04 A3017 RMK TCU3AC2AC1 SLP220",2025-11-07 21:22:53.234082,2025-11-07 16:22:53.234118
"CYXY","Whitehorse Arpt, YT, CA",2025-11-07 21:00:00,"2025-11-07 14:00:00","VFR",1,-4,150,13,19,40,999.1,"METAR CYXY 072100Z 15013G19KT 40SM FEW025 FEW060 BKN110 OVC200 01/M04 A2950 RMK SC1SC1AS5CI1 SLP026",2025-11-07 21:22:53.239972,2025-11-07 16:22:53.24001
"CYYC","Calgary Intl, AB, CA",2025-11-07 21:00:00,"2025-11-07 14:00:00","VFR",1,-1,350,12,NA,30,1006.2,"METAR CYYC 072100Z 35012KT 30SM FEW008 BKN074 BKN250 01/M01 A2971 RMK SF2AS5CI1 CI TR SLP108",2025-11-07 21:22:53.24595,2025-11-07 16:22:53.245985
"CYYJ","Victoria Intl, BC, CA",2025-11-07 21:00:00,"2025-11-07 13:00:00","VFR",13,5,200,8,NA,30,1021.4,"METAR CYYJ 072100Z 20008KT 30SM FEW022TCU FEW038 FEW085 13/05 A3016 RMK TCU1SC1AC1 AC TR SLP217",2025-11-07 21:22:53.251832,2025-11-07 16:22:53.25187
"CYZX","Greenwood , NS, CA",2025-11-07 21:00:00,"2025-11-07 17:00:00","VFR",4,-3,230,8,NA,15,1013,"METAR CYZX 072100Z 23008KT 15SM FEW036 SCT250 04/M03 A2991 RMK SC1CI3 DENSITY ALT -1215FT SLP129",2025-11-07 21:22:53.257729,2025-11-07 16:22:53.257768
"CZMT","Masset Arpt, BC, CA",2025-11-07 21:00:00,"2025-11-07 13:00:00","VFR",10,6,210,4,NA,15,1012.3,"METAR CZMT 072100Z 21004KT 190V290 15SM SCT023 10/06 A2989 RMK SC4 CVCTV CLD EMBD SLP122",2025-11-07 21:22:53.263625,2025-11-07 16:22:53.263662
"CYYD","Smithers Arpt, BC, CA",2025-11-07 21:00:00,"2025-11-07 13:00:00","IFR",4,3,160,5,NA,8,1009.2,"METAR CYYD 072100Z 16005KT 110V180 8SM FEW002 BKN008 OVC017 04/03 A2980 RMK SF1SC6SC1 SLP109",2025-11-07 21:22:53.269571,2025-11-07 16:22:53.269608
"K0A9","Elizabethton Muni, TN, US",2025-11-07 20:55:00,"2025-11-07 20:55:00",NA,22,7,280,7,13,NA,NA,"METAR K0A9 072055Z AUTO 28007G13KT 250V310 22/07 RMK AO2 PWINO",2025-11-07 21:22:53.275476,2025-11-07 16:22:53.275511
"K05U","Eureka Arpt, NV, US",2025-11-07 20:55:00,"2025-11-07 12:55:00","VFR",13,1,360,5,10,NA,1022.1,"METAR K05U 072055Z AUTO 36005G10KT 10SM BKN050 BKN060 13/01 A3018 RMK A01",2025-11-07 21:22:53.28144,2025-11-07 16:22:53.281481
"K0D8","Gettysburg Muni, SD, US",2025-11-07 20:55:00,"2025-11-07 20:55:00","MVFR",4,-1,10,7,NA,NA,1010.2,"METAR K0D8 072055Z AUTO 01007KT 10SM OVC021 04/M01 A2983 RMK A01",2025-11-07 21:22:53.287603,2025-11-07 16:22:53.28764
"K0VG","Jonesville/Lee Cnty, VA, US",2025-11-07 21:15:00,"2025-11-07 21:15:00","VFR",20,11,210,9,15,NA,1008.2,"METAR K0VG 072115Z AUTO 21009G15KT 10SM FEW050 OVC060 20/11 A2977 RMK AO2",2025-11-07 21:22:54.513125,2025-11-07 16:22:54.513164
"K1R8","Bay Minette Muni, AL, US",2025-11-07 21:15:00,"2025-11-07 21:15:00","VFR",25,21,200,7,NA,NA,1010.2,"METAR K1R8 072115Z AUTO 20007KT 10SM FEW020 SCT050 BKN085 25/21 A2983 RMK AO2",2025-11-07 21:22:54.519328,2025-11-07 16:22:54.519369
"K1R7","Brookhaven/Lincoln Cnty Arpt, MS, US",2025-11-07 21:15:00,"2025-11-07 21:15:00","VFR",27,19,NA,6,NA,9,1009.2,"METAR K1R7 072115Z AUTO VRB06KT 9SM FEW040 27/19 A2980 RMK A01 TSNO",2025-11-07 21:22:54.52532,2025-11-07 16:22:54.525359
"K17J","Donaldsonville Muni, GA, US",2025-11-07 21:15:00,"2025-11-07 21:15:00","VFR",26,15,200,7,NA,NA,1012.3,"METAR K17J 072115Z AUTO 20007KT 10SM BKN043 BKN050 OVC075 26/15 A2989 RMK AO2 LTG DSNT N",2025-11-07 21:22:54.540868,2025-11-07 16:22:54.540914
"K0V4","Brookneal/Campbell Cnty, VA, US",2025-11-07 21:15:00,"2025-11-07 21:15:00","VFR",18,10,180,11,16,NA,1010.2,"METAR K0V4 072115Z AUTO 18011G16KT 10SM CLR 18/10 A2983 RMK AO1",2025-11-07 21:22:54.546773,2025-11-07 16:22:54.546809
"K11R","Brenham Muni, TX, US",2025-11-07 21:15:00,"2025-11-07 21:15:00","VFR",30.4,14.6,220,9,NA,NA,1006.9,"METAR K11R 072115Z AUTO 22009KT 10SM CLR 30/15 A2973 RMK AO2 T03040146",2025-11-07 21:22:54.552527,2025-11-07 16:22:54.552563
"K13K","Eureka Muni, KS, US",2025-11-07 21:15:00,"2025-11-07 21:15:00","VFR",21,3.1,310,9,NA,NA,1010.6,"METAR K13K 072115Z AUTO 31009KT 10SM CLR 21/03 A2984 RMK AO2 T02100031",2025-11-07 21:22:54.558381,2025-11-07 16:22:54.558419
"K15M","Iuka Arpt, MS, US",2025-11-07 21:15:00,"2025-11-07 21:15:00","VFR",22,19.2,NA,4,NA,7,1007.9,"METAR K15M 072115Z AUTO VRB04KT 7SM FEW028 SCT035 BKN047 22/19 A2976 RMK AO2 T02200192 $",2025-11-07 21:22:54.564271,2025-11-07 16:22:54.56431
"K18A","Canon/Franklin Cnty, GA, US",2025-11-07 21:15:00,"2025-11-07 21:15:00","VFR",19.9,13.4,200,6,NA,NA,1012.3,"METAR K18A 072115Z AUTO 20006KT 10SM SCT033 BKN085 20/13 A2989 RMK AO2 T01990134",2025-11-07 21:22:54.570234,2025-11-07 16:22:54.570272
"K1A5","Franklin/Macon Cnty, NC, US",2025-11-07 21:15:00,"2025-11-07 21:15:00","VFR",19.7,7.7,0,0,NA,NA,1012.3,"METAR K1A5 072115Z AUTO 00000KT 10SM SCT060 SCT070 20/08 A2989 RMK AO2 T01970077",2025-11-07 21:22:54.576283,2025-11-07 16:22:54.576323
"K1B9","Mansfield Muni, MA, US",2025-11-07 21:15:00,"2025-11-07 21:15:00","VFR",10.8,5.1,170,7,NA,9,1010.2,"METAR K1B9 072115Z AUTO 17007KT 140V200 9SM FEW033 OVC045 11/05 A2983 RMK AO2 T01080051 $",2025-11-07 21:22:54.582158,2025-11-07 16:22:54.58222
"K1F0","Ardmore/Downtown Exec, OK, US",2025-11-07 21:15:00,"2025-11-07 15:15:00","VFR",27.3,4.5,30,8,NA,NA,1009.2,"METAR K1F0 072115Z AUTO 03008KT 330V050 10SM CLR 27/04 A2980 RMK AO2 T02730045",2025-11-07 21:22:54.588093,2025-11-07 16:22:54.588129
"K1H2","Effingham Cnty, IL, US",2025-11-07 21:15:00,"2025-11-07 21:15:00","VFR",21.1,3.3,260,11,15,NA,1005.5,"METAR K1H2 072115Z AUTO 26011G15KT 10SM CLR 21/03 A2969 RMK AO2 T02110033",2025-11-07 21:22:54.594004,2025-11-07 16:22:54.594043
"K14Y","Long Prairie Muni, MN, US",2025-11-07 21:15:00,"2025-11-07 21:15:00","MVFR",3,-2,320,12,NA,NA,1008.2,"METAR K14Y 072115Z AUTO 32012KT 10SM OVC026 03/M02 A2977 RMK AO2",2025-11-07 21:22:54.599933,2025-11-07 16:22:54.599972
"K0S9","Port Townsend/Jefferson Cnty, WA, US",2025-11-07 21:15:00,"2025-11-07 13:15:00","VFR",12,8,100,6,NA,NA,1022.1,"METAR K0S9 072115Z AUTO 10006KT 10SM CLR 12/08 A3018 RMK AO2",2025-11-07 21:22:54.605852,2025-11-07 16:22:54.605888
"K16J","Dawson Muni, GA, US",2025-11-07 21:15:00,"2025-11-07 21:15:00",NA,26,15,NA,4,NA,NA,1011.6,"METAR K16J 072115Z AUTO VRB04KT 10SM 26/15 A2987 RMK AO2",2025-11-07 21:22:54.611855,2025-11-07 16:22:54.611892
"K10G","Millersburg/Holmes Cnty, OH, US",2025-11-07 21:15:00,"2025-11-07 21:15:00","LIFR",11,11,220,6,NA,2.5,1001.8,"METAR K10G 072115Z AUTO 22006KT 2 1/2SM -RA OVC003 11/11 A2958 RMK AO2",2025-11-07 21:22:54.617879,2025-11-07 16:22:54.617918
"K1A9","Prattville Arpt, AL, US",2025-11-07 21:15:00,"2025-11-07 21:15:00","LIFR",18.5,18.5,0,0,NA,NA,1011.3,"METAR K1A9 072115Z AUTO 00000KT 10SM OVC004 19/19 A2986 RMK AO2 T01850185",2025-11-07 21:22:54.623875,2025-11-07 16:22:54.623914
"K1A6","Middlesboro/Bell Cnty, KY, US",2025-11-07 21:15:00,"2025-11-07 21:15:00","VFR",20.2,11.5,210,8,18,NA,1007.9,"METAR K1A6 072115Z AUTO 21008G18KT 170V240 10SM BKN050 BKN080 20/12 A2976 RMK AO2 T02020115",2025-11-07 21:22:54.629763,2025-11-07 16:22:54.629803
"K0R4","Vidalia/Concordia Arpt, LA, US",2025-11-07 21:15:00,"2025-11-07 21:15:00","VFR",29.5,17.9,190,8,NA,NA,1009.6,"METAR K0R4 072115Z AUTO 19008KT 10SM SCT042 30/18 A2981 RMK AO2 T02950179",2025-11-07 21:22:54.635676,2025-11-07 16:22:54.635714
"K0J4","Florala Muni, AL, US",2025-11-07 20:58:00,"2025-11-07 20:58:00","VFR",23.3,20,190,4,NA,9,1011.9,"METAR K0J4 072058Z AUTO 19004KT 9SM -RA FEW023 BKN055 OVC090 23/20 A2988 RMK AO2 SLP114 P0001 60001 T02330200 56017",2025-11-07 21:22:54.641477,2025-11-07 16:22:54.641516
"K1M4","Haleyville/Posey Fld, AL, US",2025-11-07 20:56:00,"2025-11-07 20:56:00","MVFR",21.7,16.7,180,7,NA,NA,1009.6,"METAR K1M4 072056Z AUTO 18007KT 10SM SCT023 BKN028 BKN040 22/17 A2981 RMK AO2 SLP856 T02170167 58014 $",2025-11-07 21:22:54.647391,2025-11-07 16:22:54.647429
"K1D1","Milbank Muni, SD, US",2025-11-07 20:55:00,"2025-11-07 20:55:00","MVFR",2,0,340,13,21,NA,1010.6,"METAR K1D1 072055Z AUTO 34013G21KT 10SM OVC015 02/00 A2984 RMK AO2",2025-11-07 21:22:54.662746,2025-11-07 16:22:54.662784
"K1M5","Portland Muni, TN, US",2025-11-07 20:55:00,"2025-11-07 20:55:00","VFR",18,17,200,7,NA,9,1005.8,"METAR K1M5 072055Z AUTO 20007KT 9SM SCT034 BKN043 BKN055 18/17 A2970 RMK A01 P0006",2025-11-07 21:22:54.668609,2025-11-07 16:22:54.668643
"K1D8","Redfield Muni, SD, US",2025-11-07 20:55:00,"2025-11-07 20:55:00","MVFR",4,1,10,9,NA,NA,1011.3,"METAR K1D8 072055Z AUTO 01009KT 10SM OVC018 04/01 A2986 RMK AO2",2025-11-07 21:22:54.674379,2025-11-07 16:22:54.674416
"K0R0","Columbia/Marion Cnty, MS, US",2025-11-07 20:55:00,"2025-11-07 20:55:00",NA,30,21,220,7,NA,NA,1009.6,"METAR K0R0 072055Z AUTO 22007KT CLR 30/21 A2981 RMK AO2",2025-11-07 21:22:54.680097,2025-11-07 16:22:54.680133
"K1U7","Paris/Bear Lake Cnty Arpt, ID, US",2025-11-07 20:55:00,"2025-11-07 20:55:00","VFR",8,1,270,4,NA,NA,1018,"METAR K1U7 072055Z AUTO 27004KT 10SM OVC045 08/01 A3006 RMK A01",2025-11-07 21:22:54.685977,2025-11-07 16:22:54.686019
"K12N","Andover/Aeroflex Arpt, NJ, US",2025-11-07 20:54:00,"2025-11-07 20:54:00",NA,13.3,1.7,180,8,NA,NA,1007.9,"METAR K12N 072054Z AUTO 18008KT 13/02 A2976 RMK AO1 SLP081 T01330017 56037 $",2025-11-07 21:22:54.69189,2025-11-07 16:22:54.691927
"K19S","Sublette Muni, KS, US",2025-11-07 20:50:00,"2025-11-07 20:50:00","VFR",18.2,-3.2,0,0,NA,NA,1014,"METAR K19S 072050Z AUTO 00000KT 10SM CLR 18/M03 A2994 RMK AO2 T01821032",2025-11-07 21:22:54.697872,2025-11-07 16:22:54.697911
"K22N","Lehighton/Arner Mem, PA, US",2025-11-07 21:15:00,"2025-11-07 21:15:00","VFR",13,0,0,0,NA,NA,1007.2,"METAR K22N 072115Z AUTO 00000KT 10SM CLR 13/00 A2974 RMK AO2",2025-11-07 21:22:55.910144,2025-11-07 16:22:55.910204
"K2M8","Millington/Baker Arpt, TN, US",2025-11-07 21:15:00,"2025-11-07 21:15:00","VFR",NA,NA,NA,NA,NA,6,1007.5,"METAR K2M8 072115Z AUTO 6SM HZ FEW017 OVC035 A2975 RMK AO2 FZRANO $",2025-11-07 21:22:55.916229,2025-11-07 16:22:55.916268
"K2R2","Indianapolis/Hendrick Cnty, IN, US",2025-11-07 21:15:00,"2025-11-07 21:15:00",NA,18.5,6.5,290,11,NA,NA,1003.8,"METAR K2R2 072115Z AUTO 29011KT CLR 19/06 A2964 RMK AO2 T01850065 PWINO",2025-11-07 21:22:55.92212,2025-11-07 16:22:55.922156
"K20U","Beach Arpt, ND, US",2025-11-07 21:15:00,"2025-11-07 21:15:00",NA,6,1,130,9,NA,NA,1007.9,"METAR K20U 072115Z AUTO 13009KT 06/01 A2976 RMK AO2 TSNO",2025-11-07 21:22:55.928029,2025-11-07 16:22:55.928068
"K27K","Georgetown/Scott Cnty, KY, US",2025-11-07 21:15:00,"2025-11-07 21:15:00","IFR",15.1,15.1,260,10,NA,7,1004.8,"METAR K27K 072115Z AUTO 26010KT 7SM OVC005 15/15 A2967 RMK AO2 RAB2058E2114 P0000 T01510151",2025-11-07 21:22:55.933895,2025-11-07 16:22:55.93393
"K2I0","Madisonville Muni, KY, US",2025-11-07 21:15:00,"2025-11-07 21:15:00","VFR",18.6,14.6,270,8,NA,NA,1005.5,"METAR K2I0 072115Z AUTO 27008KT 10SM OVC039 19/15 A2969 RMK AO2 T01860146",2025-11-07 21:22:55.939843,2025-11-07 16:22:55.939879
"K2IS","Clewistown/Airglades Arpt, FL, US",2025-11-07 21:15:00,"2025-11-07 21:15:00","VFR",26.9,19.6,60,6,NA,NA,1012.6,"METAR K2IS 072115Z AUTO 06006KT 10SM CLR 27/20 A2990 RMK AO2 T02690196",2025-11-07 21:22:55.945776,2025-11-07 16:22:55.945815
"K3F3","Mansfield/Williams Arpt, LA, US",2025-11-07 21:15:00,"2025-11-07 21:15:00","VFR",26.4,18.3,170,7,NA,NA,1009.6,"METAR K3F3 072115Z AUTO 17007KT 10SM SCT037 BKN044 26/18 A2981 RMK AO2 T02640183",2025-11-07 21:22:55.951666,2025-11-07 16:22:55.951703
"K36K","Lakin/Kearney Cnty, KS, US",2025-11-07 21:15:00,"2025-11-07 21:15:00","VFR",18,-4,180,7,NA,NA,1014.6,"METAR K36K 072115Z AUTO 18007KT 10SM CLR 18/M04 A2996 RMK AO2",2025-11-07 21:22:55.957559,2025-11-07 16:22:55.957597
"K20V","Kremmling/McElroy Fld, CO, US",2025-11-07 21:15:00,"2025-11-07 21:15:00","VFR",7,-7,0,0,NA,NA,1019,"METAR K20V 072115Z AUTO 00000KT 10SM SCT060 BKN080 BKN090 07/M07 A3009 RMK AO2",2025-11-07 21:22:55.963485,2025-11-07 16:22:55.963523
"K2V5","Wray Muni, CO, US",2025-11-07 21:15:00,"2025-11-07 21:15:00","VFR",17,-6,200,7,NA,NA,1011.6,"METAR K2V5 072115Z AUTO 20007KT 10SM CLR 17/M06 A2987 RMK AO2",2025-11-07 21:22:55.969455,2025-11-07 16:22:55.969495
"K24J","Live Oak/Suwannee Cnty, FL, US",2025-11-07 21:15:00,"2025-11-07 21:15:00","VFR",28,13,190,5,NA,NA,1012.3,"METAR K24J 072115Z AUTO 19005KT 10SM CLR 28/13 A2989 RMK A01",2025-11-07 21:22:55.985022,2025-11-07 16:22:55.985059
"K33V","Walden/Jackson Cnty, CO, US",2025-11-07 21:15:00,"2025-11-07 21:15:00","VFR",3,-8,250,19,26,NA,1018.4,"METAR K33V 072115Z AUTO 25019G26KT 10SM SCT100 BKN110 03/M08 A3007 RMK AO1",2025-11-07 21:22:55.990844,2025-11-07 16:22:55.99088
"K2C8","Cavalier Muni, ND, US",2025-11-07 21:15:00,"2025-11-07 21:15:00","VFR",-4,-8,340,11,17,NA,1013.6,"METAR K2C8 072115Z AUTO 34011G17KT 10SM FEW028 M04/M08 A2993 RMK AO2",2025-11-07 21:22:55.996671,2025-11-07 16:22:55.996709
"K21D","Lake Elmo Arpt, MN, US",2025-11-07 21:15:00,"2025-11-07 21:15:00","MVFR",5,0,350,7,14,NA,1006.2,"METAR K21D 072115Z AUTO 35007G14KT 10SM BKN024 OVC031 05/00 A2971 RMK AO2",2025-11-07 21:22:56.002508,2025-11-07 16:22:56.002545
"K3AU","Augusta Muni, KS, US",2025-11-07 21:15:00,"2025-11-07 21:15:00","VFR",20,-3,310,7,NA,NA,1010.9,"METAR K3AU 072115Z AUTO 31007KT 10SM CLR 20/M03 A2985 RMK AO2",2025-11-07 21:22:56.008498,2025-11-07 16:22:56.008535
"K2R9","Kenedy/Karnes Cnty, TX, US",2025-11-07 21:15:00,"2025-11-07 21:15:00","VFR",33.1,13.1,210,4,NA,NA,1007.2,"METAR K2R9 072115Z AUTO 21004KT 10SM CLR 33/13 A2974 RMK AO2 T03310131",2025-11-07 21:22:56.014419,2025-11-07 16:22:56.01446
"K2G9","Somerset Cnty Arpt, PA, US",2025-11-07 21:15:00,"2025-11-07 21:15:00","VFR",13,8,210,10,15,NA,1003.8,"METAR K2G9 072115Z AUTO 21010G15KT 10SM RA BKN070 OVC085 13/08 A2964 RMK AO2",2025-11-07 21:22:56.020327,2025-11-07 16:22:56.020365
"K2D5","Oakes Muni, ND, US",2025-11-07 21:15:00,"2025-11-07 21:15:00",NA,-1,-4,350,10,NA,NA,1011.9,"METAR K2D5 072115Z AUTO 35010KT OVC017 M01/M04 A2988 RMK AO2",2025-11-07 21:22:56.02614,2025-11-07 16:22:56.026192
"K33N","Dover/Cheswold Arpk, DE, US",2025-11-07 20:55:00,"2025-11-07 20:55:00","VFR",17,2,200,8,17,NA,1008.9,"METAR K33N 072055Z AUTO 20008G17KT 150V230 10SM CLR 17/02 A2979 RMK A01",2025-11-07 21:22:56.032067,2025-11-07 16:22:56.03211
"K2G2","Steubenville/Jefferson Cnty, OH, US",2025-11-07 20:55:00,"2025-11-07 20:55:00","MVFR",13,12,240,10,16,4,1002.1,"METAR K2G2 072055Z AUTO 24010G16KT 4SM BR BKN020 OVC028 13/12 A2959 RMK A01 P0002",2025-11-07 21:22:56.037916,2025-11-07 16:22:56.037954
"K2G4","Oakland/Garrett Cnty, MD, US",2025-11-07 20:55:00,"2025-11-07 20:55:00","VFR",15,7,260,8,18,NA,1005.5,"METAR K2G4 072055Z AUTO 26008G18KT 220V300 10SM -RA OVC042 15/07 A2969 RMK AO2",2025-11-07 21:22:56.043812,2025-11-07 16:22:56.043849
"K2A0","Dayton/Anton Arpt, TN, US",2025-11-07 20:55:00,"2025-11-07 20:55:00","VFR",21,15,NA,6,12,NA,1008.5,"METAR K2A0 072055Z AUTO VRB06G12KT 10SM SCT035 BKN065 OVC080 21/15 A2978 RMK A01",2025-11-07 21:22:56.049795,2025-11-07 16:22:56.049833
"K2M2","Lawrenceburg/Lawrence Cnty, TN, US",2025-11-07 20:55:00,"2025-11-07 20:55:00","MVFR",21,15,NA,6,13,9,1008.2,"METAR K2M2 072055Z AUTO VRB06G13KT 9SM BKN026 OVC031 21/15 A2977 RMK A01",2025-11-07 21:22:56.05566,2025-11-07 16:22:56.0557
"K2V6","Yuma Muni, CO, US",2025-11-07 20:54:00,"2025-11-07 20:54:00","VFR",16,-5,190,10,NA,NA,1011.6,"METAR K2V6 072054Z AUTO 19010KT 10SM CLR 16/M05 A2987 RMK AO2",2025-11-07 21:22:56.061587,2025-11-07 16:22:56.061629
"K2J5","Millen Arpt, GA, US",2025-11-07 20:50:00,"2025-11-07 20:50:00","VFR",25.3,12.3,170,5,NA,NA,1012.6,"METAR K2J5 072050Z AUTO 17005KT 10SM SCT055 25/12 A2990 RMK AO2 T02530123",2025-11-07 21:22:56.067541,2025-11-07 16:22:56.067578
"K3T5","LaGrange/Fayette Rgnl, TX, US",2025-11-07 21:15:00,"2025-11-07 21:15:00","VFR",31.3,13,NA,NA,NA,8,1006.2,"METAR K3T5 072115Z AUTO 8SM CLR 31/13 A2971 RMK AO2 T03130130 $",2025-11-07 21:22:57.307473,2025-11-07 16:22:57.307511
"K3K7","Leoti/Hoard Mem, KS, US",2025-11-07 21:15:00,"2025-11-07 21:15:00","VFR",18,-5,NA,4,NA,NA,1013,"METAR K3K7 072115Z AUTO VRB04KT 10SM CLR 18/M05 A2991 RMK AO2",2025-11-07 21:22:57.313619,2025-11-07 16:22:57.313658
"K4S2","Hood River/Jernstedt Arfld, OR, US",2025-11-07 21:15:00,"2025-11-07 21:15:00","VFR",12,7,300,8,NA,NA,1022.8,"METAR K4S2 072115Z AUTO 30008KT 260V320 10SM BKN048 12/07 A3020 RMK AO2",2025-11-07 21:22:57.329256,2025-11-07 16:22:57.329293
"K4S1","Gold Beach Muni, OR, US",2025-11-07 21:15:00,"2025-11-07 13:15:00",NA,14,12,320,7,NA,1.25,1023.1,"METAR K4S1 072115Z AUTO 32007KT 1 1/4SM 14/12 A3021 RMK AO2 PWINO",2025-11-07 21:22:57.334994,2025-11-07 16:22:57.335029
"K42J","Keystone Airpark, FL, US",2025-11-07 21:15:00,"2025-11-07 21:15:00","VFR",28,16,190,5,NA,9,1012.3,"METAR K42J 072115Z AUTO 19005KT 9SM CLR 28/16 A2989 RMK A01",2025-11-07 21:22:57.340756,2025-11-07 16:22:57.340791
"K48A","Cochran Arpt, GA, US",2025-11-07 21:15:00,"2025-11-07 21:15:00","VFR",NA,NA,230,5,NA,NA,1011.9,"METAR K48A 072115Z AUTO 23005KT 10SM SCT060 SCT110 A2988 RMK AO2 LTG DSNT W",2025-11-07 21:22:57.346589,2025-11-07 16:22:57.346625
"K48I","Sutton/Braxton Cnty, WV, US",2025-11-07 21:15:00,"2025-11-07 21:15:00","VFR",21.2,5.9,NA,3,NA,NA,1004.1,"METAR K48I 072115Z AUTO VRB03KT 10SM OVC060 21/06 A2965 RMK AO2 T02120059",2025-11-07 21:22:57.352572,2025-11-07 16:22:57.352611
"K4B8","Plainville/Robertson Fld, CT, US",2025-11-07 21:15:00,"2025-11-07 21:15:00","VFR",13,3.6,190,9,18,9,1008.5,"METAR K4B8 072115Z AUTO 19009G18KT 160V220 9SM FEW150 13/04 A2978 RMK AO2 T01300036",2025-11-07 21:22:57.358452,2025-11-07 16:22:57.358487
"K4R5","La Pointe/Madeline Isl Arpt, WI, US",2025-11-07 21:15:00,"2025-11-07 21:15:00","IFR",1.6,0.2,360,6,NA,2.5,1005.8,"METAR K4R5 072115Z AUTO 36006KT 2 1/2SM RA BKN012 OVC020 02/00 A2970 RMK AO2 VIS 1 1/4V5 P0002 T00160002",2025-11-07 21:22:57.364312,2025-11-07 16:22:57.364349
"K3R7","Jennings Arpt, LA, US",2025-11-07 21:15:00,"2025-11-07 21:15:00","VFR",26.9,16.9,200,7,NA,NA,1008.9,"METAR K3R7 072115Z AUTO 20007KT 10SM SCT038 27/17 A2979 RMK AO2 T02690169",2025-11-07 21:22:57.370291,2025-11-07 16:22:57.370329
"K46D","Carrington Muni, ND, US",2025-11-07 21:15:00,"2025-11-07 21:15:00","VFR",-2,-7,350,7,NA,NA,1011.9,"METAR K46D 072115Z AUTO 35007KT 10SM OVC110 M02/M07 A2988 RMK A01",2025-11-07 21:22:57.376235,2025-11-07 16:22:57.376276
"K4M9","Corning Muni, AR, US",2025-11-07 21:15:00,"2025-11-07 21:15:00","VFR",25,18,260,7,NA,NA,1006.5,"METAR K4M9 072115Z AUTO 26007KT 10SM CLR 25/18 A2972 RMK A01",2025-11-07 21:22:57.382125,2025-11-07 16:22:57.382162
"K4O4","Idabel/McCurtain Rgnl, OK, US",2025-11-07 21:15:00,"2025-11-07 21:15:00","VFR",23,16,80,4,NA,NA,1008.5,"METAR K4O4 072115Z AUTO 08004KT 10SM FEW031 23/16 A2978 RMK AO2",2025-11-07 21:22:57.387991,2025-11-07 16:22:57.388028
"K4M3","Carlisle Muni, AR, US",2025-11-07 21:15:00,"2025-11-07 21:15:00",NA,23,17,230,8,NA,NA,1006.9,"METAR K4M3 072115Z AUTO 23008KT 10SM 23/17 A2973 RMK A01",2025-11-07 21:22:57.393889,2025-11-07 16:22:57.393924
"K4A9","Fort Payne/Isbell Fld, AL, US",2025-11-07 21:15:00,"2025-11-07 21:15:00","VFR",20.1,13.6,180,9,NA,NA,1010.2,"METAR K4A9 072115Z AUTO 18009KT 10SM SCT028 OVC040 20/14 A2983 RMK AO2 LTG DSNT S T02010136",2025-11-07 21:22:57.399792,2025-11-07 16:22:57.399829
"K4F2","Carthage/Panola Cnty, TX, US",2025-11-07 21:15:00,"2025-11-07 21:15:00","VFR",26.9,18.1,190,7,NA,NA,1007.5,"METAR K4F2 072115Z AUTO 19007KT 10SM SCT036 SCT044 27/18 A2975 RMK AO2 T02690181",2025-11-07 21:22:57.405666,2025-11-07 16:22:57.405704
"K40U","Manila Arpt, UT, US",2025-11-07 21:15:00,"2025-11-07 21:15:00","VFR",13.8,-3.6,290,19,26,NA,1016.7,"METAR K40U 072115Z AUTO 29019G26KT 10SM CLR 14/M04 A3002 RMK AO2 T01381036",2025-11-07 21:22:57.411602,2025-11-07 16:22:57.411639
"K3LF","Litchfield Muni, IL, US",2025-11-07 21:15:00,"2025-11-07 21:15:00","VFR",21,0.5,270,13,17,NA,1005.5,"METAR K3LF 072115Z AUTO 27013G17KT 10SM CLR 21/01 A2969 RMK AO2 T02100005",2025-11-07 21:22:57.417496,2025-11-07 16:22:57.417535
"K3U3","Anaconda/Bowman Fld, MT, US",2025-11-07 21:15:00,"2025-11-07 21:15:00","VFR",6.9,-7.4,290,15,28,NA,1015,"METAR K3U3 072115Z AUTO 29015G28KT 10SM CLR 07/M07 A2997 RMK AO2 PK WND 28030/2053 T00691074",2025-11-07 21:22:57.423358,2025-11-07 16:22:57.423394
"K3K3","Syracuse/Hamilton Cnty, KS, US",2025-11-07 21:15:00,"2025-11-07 21:15:00","VFR",17,-4,210,7,NA,NA,1013.3,"METAR K3K3 072115Z AUTO 21007KT 10SM CLR 17/M04 A2992 RMK AO2",2025-11-07 21:22:57.429225,2025-11-07 16:22:57.429264
"K49A","Ellijay/Gilmer Cnty, GA, US",2025-11-07 21:15:00,"2025-11-07 21:15:00","VFR",19,16,170,6,NA,NA,1011.9,"METAR K49A 072115Z AUTO 17006KT 10SM SCT042 OVC050 19/16 A2988 RMK AO2",2025-11-07 21:22:57.435103,2025-11-07 16:22:57.435138
"K4A6","Scottsboro Muni, AL, US",2025-11-07 21:15:00,"2025-11-07 21:15:00","VFR",22,16,230,6,NA,NA,1009.6,"METAR K4A6 072115Z AUTO 23006KT 10SM OVC033 22/16 A2981 RMK AO2",2025-11-07 21:22:57.450336,2025-11-07 16:22:57.450373
"K4I3","Mount Vernon/Knox Cnty, OH, US",2025-11-07 21:03:00,"2025-11-07 21:03:00","LIFR",13,13,250,8,18,2,1001.8,"METAR K4I3 072103Z 25008G18KT 220V290 2SM -DZ BR OVC004 13/13 A2958 RMK AO2",2025-11-07 21:22:57.455971,2025-11-07 16:22:57.456006
"K3J1","Ridgeland Arpt, SC, US",2025-11-07 21:00:00,"2025-11-07 21:00:00","VFR",25,17,140,3,NA,NA,1012.3,"METAR K3J1 072100Z AUTO 14003KT 10SM CLR 25/17 A2989 RMK AO2",2025-11-07 21:22:57.461722,2025-11-07 16:22:57.461757
"K46U","Alpine Arpt, WY, US",2025-11-07 20:55:00,"2025-11-07 20:55:00","VFR",6,2,NA,3,NA,NA,1016.7,"METAR K46U 072055Z AUTO VRB03KT 10SM BKN043 OVC048 06/02 A3002 RMK A01",2025-11-07 21:22:57.467601,2025-11-07 16:22:57.467644
"K3S8","Grants Pass Arpt, OR, US",2025-11-07 20:55:00,"2025-11-07 12:55:00","VFR",16,7,0,0,NA,NA,1024.1,"METAR K3S8 072055Z AUTO 00000KT 10SM CLR 16/07 A3024 RMK AO2",2025-11-07 21:22:57.473486,2025-11-07 16:22:57.473523
"K49B","Sturgis Muni, SD, US",2025-11-07 20:55:00,"2025-11-07 20:55:00","VFR",13,-1,90,5,NA,NA,1007.9,"METAR K49B 072055Z AUTO 09005KT 10SM CLR 13/M01 A2976 RMK AO2",2025-11-07 21:22:57.47937,2025-11-07 16:22:57.479408
"K3W7","Electric City/Grand Coulee Arpt, WA, US",2025-11-07 20:55:00,"2025-11-07 12:55:00","VFR",13,-1,30,4,NA,NA,1018,"METAR K3W7 072055Z AUTO 03004KT 10SM CLR 13/M01 A3006 RMK AO2",2025-11-07 21:22:57.48528,2025-11-07 16:22:57.485318
"K42A","Melbourne Muni, AR, US",2025-11-07 20:55:00,"2025-11-07 20:55:00","VFR",NA,NA,260,7,NA,NA,1006.9,"METAR K42A 072055Z AUTO 26007KT 10SM CLR A2973 RMK AO2",2025-11-07 21:22:57.491189,2025-11-07 16:22:57.49123
"K4V0","Rangely Arpt, CO, US",2025-11-07 20:50:00,"2025-11-07 20:50:00","VFR",10.8,-5.3,0,0,NA,NA,1018,"METAR K4V0 072050Z AUTO 00000KT 10SM BKN100 OVC120 11/M05 A3006 RMK AO2 T01081053",2025-11-07 21:22:57.497112,2025-11-07 16:22:57.49715
"K54J","DeFuniak Springs Muni, FL, US",2025-11-07 21:15:00,"2025-11-07 21:15:00","VFR",23.5,20.7,180,5,NA,NA,1011.9,"METAR K54J 072115Z AUTO 18005KT 10SM SCT019 OVC085 24/21 A2988 RMK AO2 T02350207",2025-11-07 21:22:58.688581,2025-11-07 16:22:58.688619
"K5C1","Boerne/Stage Fld, TX, US",2025-11-07 21:15:00,"2025-11-07 21:15:00","VFR",31,10,0,0,NA,NA,1008.2,"METAR K5C1 072115Z AUTO 00000KT 10SM CLR 31/10 A2977 RMK AO1",2025-11-07 21:22:58.694685,2025-11-07 16:22:58.694722
"K5R8","DeQuincey Ind Arpk, LA, US",2025-11-07 21:15:00,"2025-11-07 21:15:00","VFR",27.4,17.6,190,7,NA,NA,1008.5,"METAR K5R8 072115Z AUTO 19007KT 10SM SCT037 27/18 A2978 RMK AO2 T02740176",2025-11-07 21:22:58.700584,2025-11-07 16:22:58.700622
"K5H4","Harvey Muni, ND, US",2025-11-07 21:15:00,"2025-11-07 21:15:00","VFR",-3,-5,30,6,NA,NA,1012.6,"METAR K5H4 072115Z AUTO 03006KT 10SM SCT017 OVC100 M03/M05 A2990 RMK AO2",2025-11-07 21:22:58.706507,2025-11-07 16:22:58.706544
"K6B9","Skaneateles Arpt, NY, US",2025-11-07 21:15:00,"2025-11-07 21:15:00","VFR",11,4,200,11,23,NA,999.7,"METAR K6B9 072115Z AUTO 20011G23KT 10SM FEW041 BKN050 BKN060 11/04 A2952 RMK AO2",2025-11-07 21:22:58.712412,2025-11-07 16:22:58.712448
"K57C","East Troy Muni, WI, US",2025-11-07 21:15:00,"2025-11-07 21:15:00","VFR",15.2,3.5,280,8,12,NA,1000.4,"METAR K57C 072115Z AUTO 28008G12KT 10SM SCT095 15/04 A2954 RMK AO2 T01520035",2025-11-07 21:22:58.718314,2025-11-07 16:22:58.718351
"K6A1","Butler Muni, GA, US",2025-11-07 21:15:00,"2025-11-07 21:15:00","VFR",22.2,15,80,4,NA,NA,1012.3,"METAR K6A1 072115Z AUTO 08004KT 10SM OVC050 22/15 A2989 RMK AO2 LTG DSNT SW AND W T02220150",2025-11-07 21:22:58.724199,2025-11-07 16:22:58.724242
"K6I2","Lebanon-Springfield/Hoerter Fld, KY, US",2025-11-07 21:15:00,"2025-11-07 21:15:00","IFR",15,15,210,7,NA,1.5,1005.8,"METAR K6I2 072115Z AUTO 21007KT 1 1/2SM BR OVC008 15/15 A2970 RMK AO2",2025-11-07 21:22:58.730008,2025-11-07 16:22:58.730044
"K6R3","Cleveland Muni, TX, US",2025-11-07 21:15:00,"2025-11-07 21:15:00","VFR",28.3,16.8,180,6,NA,NA,1007.9,"METAR K6R3 072115Z AUTO 18006KT 10SM CLR 28/17 A2976 RMK AO2 T02830168",2025-11-07 21:22:58.745494,2025-11-07 16:22:58.74553
"K60R","Navasota Muni, TX, US",2025-11-07 21:15:00,"2025-11-07 21:15:00","VFR",31.7,15.8,190,8,NA,9,1006.5,"METAR K60R 072115Z AUTO 19008KT 9SM CLR 32/16 A2972 RMK AO2 SLP983 T03170158 $",2025-11-07 21:22:58.751205,2025-11-07 16:22:58.751242
"K6S2","Florence Muni, OR, US",2025-11-07 21:15:00,"2025-11-07 13:15:00","MVFR",15,10,280,7,NA,4,1023.8,"METAR K6S2 072115Z AUTO 28007KT 4SM HZ CLR 15/10 A3023 RMK AO2",2025-11-07 21:22:58.75687,2025-11-07 16:22:58.756904
"K4V1","Walsenburg/Spanish Peaks Arfld, CO, US",2025-11-07 21:15:00,"2025-11-07 21:15:00","VFR",19,-14,240,14,NA,NA,1013.3,"METAR K4V1 072115Z AUTO 24014KT 10SM CLR 19/M14 A2992 RMK AO2",2025-11-07 21:22:58.762616,2025-11-07 16:22:58.762653
"K6L4","Logan Cnty, WV, US",2025-11-07 21:15:00,"2025-11-07 21:15:00","VFR",19,8,170,9,17,NA,1005.8,"METAR K6L4 072115Z AUTO 17009G17KT 130V220 10SM SCT060 BKN070 BKN085 19/08 A2970 RMK AO2",2025-11-07 21:22:58.768457,2025-11-07 16:22:58.768497
"K5A6","Winona/Montgomery Cnty, MS, US",2025-11-07 21:15:00,"2025-11-07 21:15:00","VFR",23.8,16,260,6,NA,NA,1008.2,"METAR K5A6 072115Z AUTO 26006KT 10SM SCT035 SCT043 24/16 A2977 RMK AO2 LTG DSNT E T02380160",2025-11-07 21:22:58.774346,2025-11-07 16:22:58.774382
"K66R","Columbus/Well Arpt, TX, US",2025-11-07 21:15:00,"2025-11-07 21:15:00","VFR",31.6,14.9,180,5,NA,NA,1007.2,"METAR K66R 072115Z AUTO 18005KT 10SM CLR 32/15 A2974 RMK AO2 T03160149",2025-11-07 21:22:58.780286,2025-11-07 16:22:58.780352
"K5A9","Warm Springs/Roosevelt Muni, GA, US",2025-11-07 21:15:00,"2025-11-07 21:15:00","MVFR",17.9,16.8,0,0,NA,NA,1012.6,"METAR K5A9 072115Z AUTO 00000KT 10SM BKN029 BKN041 OVC060 18/17 A2990 RMK AO2 T01790168",2025-11-07 21:22:58.78622,2025-11-07 16:22:58.786262
"K4V9","Neligh/Antelope Cnty, NE, US",2025-11-07 21:15:00,"2025-11-07 21:15:00","VFR",16,0,330,14,21,NA,1008.5,"METAR K4V9 072115Z AUTO 33014G21KT 10SM CLR 16/M00 A2978 RMK AO2",2025-11-07 21:22:58.792192,2025-11-07 16:22:58.792233
"K6S0","Big Timber Arpt, MT, US",2025-11-07 20:55:00,"2025-11-07 20:55:00","VFR",7,-3,250,29,40,NA,1009.9,"METAR K6S0 072055Z AUTO 25029G40KT 10SM CLR 07/M03 A2982 RMK A01",2025-11-07 21:22:58.79821,2025-11-07 16:22:58.798251
"K5T9","Maverick County Arpt, TX, US",2025-11-07 20:55:00,"2025-11-07 14:55:00","VFR",34,4,340,8,15,NA,1007.2,"METAR K5T9 072055Z AUTO 34008G15KT 10SM CLR 34/04 A2974 RMK A01",2025-11-07 21:22:58.804134,2025-11-07 16:22:58.804172
"K65S","Bonners Ferry/Boundary Cnty, ID, US",2025-11-07 20:55:00,"2025-11-07 20:55:00","VFR",8,0,NA,6,NA,NA,1016.7,"METAR K65S 072055Z AUTO VRB06KT 10SM FEW046 BKN060 OVC070 08/00 A3002 RMK AO2",2025-11-07 21:22:58.81006,2025-11-07 16:22:58.810099
"K6E5","De Smet/Wilder Arpt, SD, US",2025-11-07 20:55:00,"2025-11-07 20:55:00","MVFR",NA,NA,350,10,15,NA,1010.2,"METAR K6E5 072055Z AUTO 35010G15KT 10SM OVC011 A2983 RMK AO2",2025-11-07 21:22:58.815929,2025-11-07 16:22:58.815967
"K6R6","Dryden/Terrell Cnty, TX, US",2025-11-07 20:51:00,"2025-11-07 20:51:00",NA,31.7,-2.2,330,15,23,NA,1011.9,"METAR K6R6 072051Z AUTO 33015G23KT 32/M02 A2988 RMK AO1 SLP087 T03171022 56020",2025-11-07 21:22:58.821814,2025-11-07 16:22:58.821852
"K98D","Onida, SD, US",2025-11-07 21:15:00,"2025-11-07 21:15:00","MVFR",5,0,340,8,NA,NA,1010.6,"METAR K98D 072115Z AUTO 34008KT 10SM OVC023 05/00 A2984 RMK AO2",2025-11-07 21:22:59.988001,2025-11-07 16:22:59.988041
"K7L2","Linton Muni, ND, US",2025-11-07 21:15:00,"2025-11-07 21:15:00","MVFR",1,0,30,7,NA,NA,1011.6,"METAR K7L2 072115Z AUTO 03007KT 10SM OVC016 01/M00 A2987 RMK AO2",2025-11-07 21:22:59.994258,2025-11-07 16:22:59.994301
"K8B0","Rangeley/Bean Muni, ME, US",2025-11-07 21:15:00,"2025-11-07 21:15:00","VFR",0,-6,150,4,11,NA,1006.9,"METAR K8B0 072115Z AUTO 15004G11KT 10SM SCT110 M00/M06 A2973 RMK AO2",2025-11-07 21:23:00.00029,2025-11-07 16:23:00.000329
"K9D7","Cando Muni, ND, US",2025-11-07 21:15:00,"2025-11-07 21:15:00","VFR",-4,-10,20,9,NA,NA,1013.3,"METAR K9D7 072115Z AUTO 02009KT 10SM CLR M04/M10 A2992 RMK AO2",2025-11-07 21:23:00.006293,2025-11-07 16:23:00.00633
"K8W2","New Market Arpt, VA, US",2025-11-07 21:15:00,"2025-11-07 21:15:00","VFR",18.2,6,200,12,17,NA,1006.9,"METAR K8W2 072115Z AUTO 20012G17KT 10SM CLR 18/06 A2973 RMK AO1 T01820060",2025-11-07 21:23:00.022535,2025-11-07 16:23:00.022572
"K8A1","Guntersville Muni, AL, US",2025-11-07 21:15:00,"2025-11-07 21:15:00","VFR",21,15,220,10,NA,NA,1009.6,"METAR K8A1 072115Z AUTO 22010KT 10SM SCT031 SCT055 21/15 A2981 RMK AO2 LTG DSNT S",2025-11-07 21:23:00.028484,2025-11-07 16:23:00.028519
"K8T6","George West/Live Oak Cnty, TX, US",2025-11-07 21:15:00,"2025-11-07 21:15:00","VFR",35,12,NA,3,10,NA,1006.2,"METAR K8T6 072115Z AUTO VRB03G10KT 10SM CLR 35/12 A2971 RMK AO2",2025-11-07 21:23:00.034461,2025-11-07 16:23:00.034497
"K82C","Mauston/New Lisbon Arpt, WI, US",2025-11-07 21:15:00,"2025-11-07 21:15:00","VFR",9.5,2.6,320,7,NA,NA,1002.1,"METAR K82C 072115Z AUTO 32007KT 10SM OVC040 10/03 A2959 RMK AO2 T00950026",2025-11-07 21:23:00.040385,2025-11-07 16:23:00.040422
"K82V","Pine Bluffs Muni, WY, US",2025-11-07 21:15:00,"2025-11-07 21:15:00",NA,11,-7,210,11,NA,NA,1012.6,"METAR K82V 072115Z AUTO 21011KT 10SM 11/M07 A2990 RMK AO2",2025-11-07 21:23:00.046437,2025-11-07 16:23:00.046473
"K79S","Fort Benton Arpt, MT, US",2025-11-07 21:15:00,"2025-11-07 21:15:00","VFR",12.2,-6.7,260,31,38,NA,1006.5,"METAR K79S 072115Z AUTO 26031G38KT 10SM FEW080 12/M07 A2972 RMK AO2 PK WND 27038/2104 T01221067 $",2025-11-07 21:23:00.052481,2025-11-07 16:23:00.052522
"K9A4","Courtland, AL, US",2025-11-07 21:15:00,"2025-11-07 21:15:00","MVFR",NA,NA,200,6,NA,NA,1009.2,"METAR K9A4 072115Z AUTO 20006KT 10SM BKN025 OVC031 A2980 RMK AO2",2025-11-07 21:23:00.058511,2025-11-07 16:23:00.05855
"K81R","San Saba Muni, TX, US",2025-11-07 21:15:00,"2025-11-07 21:15:00","VFR",27.8,11.3,360,8,NA,NA,1009.6,"METAR K81R 072115Z AUTO 36008KT 10SM CLR 28/11 A2981 RMK AO2 PWINO T02780113",2025-11-07 21:23:00.064469,2025-11-07 16:23:00.06451
"K74V","Roosevelt Muni, UT, US",2025-11-07 21:15:00,"2025-11-07 14:15:00",NA,10,-7,0,0,NA,NA,1017.7,"METAR K74V 072115Z AUTO 00000KT 10SM 10/M07 A3005 RMK AO2",2025-11-07 21:23:00.070436,2025-11-07 16:23:00.070476
"K77S","Creswell/Hobby Fld, OR, US",2025-11-07 21:15:00,"2025-11-07 21:15:00","VFR",15,8,0,0,NA,NA,1023.8,"METAR K77S 072115Z AUTO 00000KT 10SM FEW043 15/08 A3023 RMK A01",2025-11-07 21:23:00.076403,2025-11-07 16:23:00.076441
"K96D","Walhalla Muni, ND, US",2025-11-07 21:15:00,"2025-11-07 21:15:00","VFR",-4,-11,340,7,14,NA,1014,"METAR K96D 072115Z AUTO 34007G14KT 10SM CLR M04/M11 A2994 RMK AO2",2025-11-07 21:23:00.082458,2025-11-07 16:23:00.082498
"K8D3","Sisseton Muni, SD, US",2025-11-07 20:56:00,"2025-11-07 20:56:00",NA,1.1,-1.7,350,16,NA,NA,1010.9,"METAR K8D3 072056Z AUTO 35016KT 01/M02 A2985 RMK AO1 SLP119 T00111017 51017",2025-11-07 21:23:00.088346,2025-11-07 16:23:00.088384
"K79J","Andalusia/Benton Fld, AL, US",2025-11-07 20:56:00,"2025-11-07 20:56:00","VFR",22.2,20.6,0,0,NA,NA,1010.9,"METAR K79J 072056Z AUTO 00000KT 10SM FEW021 BKN060 OVC090 22/21 A2985 RMK AO2 RAE42 SLP105 P0018 60020 T02220206 56018 TSNO",2025-11-07 21:23:00.094265,2025-11-07 16:23:00.094311
"K7S0","Ronan Arpt, MT, US",2025-11-07 20:55:00,"2025-11-07 20:55:00","VFR",7,-3,240,13,NA,NA,1016.7,"METAR K7S0 072055Z AUTO 24013KT 10SM BKN060 OVC075 07/M03 A3002 RMK A01",2025-11-07 21:23:00.100167,2025-11-07 16:23:00.100226
"K8V7","Springfield Muni, CO, US",2025-11-07 20:55:00,"2025-11-07 20:55:00","VFR",17,-7,170,12,NA,NA,1014.3,"METAR K8V7 072055Z AUTO 17012KT 10SM CLR 17/M07 A2995 RMK AO2",2025-11-07 21:23:00.106089,2025-11-07 16:23:00.106128
"K8A3","Livingston Muni, TN, US",2025-11-07 20:55:00,"2025-11-07 20:55:00","VFR",20,13,220,10,NA,NA,1007.2,"METAR K8A3 072055Z AUTO 22010KT 10SM BKN035 OVC044 20/13 A2974 RMK A01",2025-11-07 21:23:00.112,2025-11-07 16:23:00.112039
"KAMN","Alma/Gratiot Communi, MI, US",2025-11-07 21:16:00,"2025-11-07 16:16:00","VFR",11,5,270,13,21,NA,998.1,"METAR KAMN 072116Z AUTO 27013G21KT 10SM OVC037 11/05 A2947 RMK AO2",2025-11-07 21:23:01.763665,2025-11-07 16:23:01.763702
"KADC","Wadena Muni, MN, US",2025-11-07 21:16:00,"2025-11-07 21:16:00","VFR",2,-3,330,11,NA,NA,1008.5,"METAR KADC 072116Z AUTO 33011KT 10SM SCT026 OVC035 02/M03 A2978 RMK AO2",2025-11-07 21:23:01.769686,2025-11-07 16:23:01.769722
"KAEJ","Buena Vista/Central Colorado Rgnl, CO, US",2025-11-07 21:15:00,"2025-11-07 21:15:00",NA,13.5,-16.6,260,14,33,NA,1016.3,"METAR KAEJ 072115Z AUTO 26014G33KT SCT090 SCT110 14/M17 A3001 RMK AO2 T01351166 PWINO",2025-11-07 21:23:01.775563,2025-11-07 16:23:01.775598
"KASN","Talladega Muni, AL, US",2025-11-07 21:15:00,"2025-11-07 15:15:00","MVFR",21,17,NA,6,NA,NA,1010.2,"METAR KASN 072115Z AUTO VRB06KT 10SM BKN027 OVC035 21/17 A2983 RMK AO2 LTG DSNT S",2025-11-07 21:23:01.781575,2025-11-07 16:23:01.781615
"KAPY","Zapata Cnty, TX, US",2025-11-07 21:15:00,"2025-11-07 21:15:00","VFR",36.5,7.2,0,0,NA,NA,1007.2,"METAR KAPY 072115Z AUTO 00000KT 10SM CLR 37/07 A2974 RMK AO2 T03650072",2025-11-07 21:23:01.787526,2025-11-07 16:23:01.787562
"KANK","Salida/Alexander Fld, CO, US",2025-11-07 21:15:00,"2025-11-07 14:15:00","VFR",14.5,-16.8,270,14,26,NA,1016,"METAR KANK 072115Z AUTO 27014G26KT 10SM OVC100 15/M17 A3000 RMK AO2 PK WND 25028/2101 T01451168 $",2025-11-07 21:23:01.793464,2025-11-07 16:23:01.793504
"KADH","Ada Muni, OK, US",2025-11-07 21:15:00,"2025-11-07 15:15:00","VFR",26,8,330,8,14,NA,1009.6,"METAR KADH 072115Z AUTO 33008G14KT 10SM CLR 26/08 A2981 RMK AO2",2025-11-07 21:23:01.79938,2025-11-07 16:23:01.799417
"KAJR","Cornelia/Habersham Cnty, GA, US",2025-11-07 21:15:00,"2025-11-07 21:15:00","VFR",18.6,12.2,180,8,NA,7,1012.3,"METAR KAJR 072115Z AUTO 18008KT 160V220 7SM SCT037 SCT075 19/12 A2989 RMK AO2 LTG DSNT SE T01860122",2025-11-07 21:23:01.805207,2025-11-07 16:23:01.805245
"KALX","Alexander City/Russell Fld, AL, US",2025-11-07 21:15:00,"2025-11-07 15:15:00","LIFR",18.5,18.5,0,0,NA,NA,1011.6,"METAR KALX 072115Z AUTO 00000KT 10SM VCTS OVC004 19/19 A2987 RMK AO2 LTG DSNT S T01850185",2025-11-07 21:23:01.811099,2025-11-07 16:23:01.811136
"KAQX","Allendale Cnty Arpt, SC, US",2025-11-07 21:15:00,"2025-11-07 21:15:00","VFR",25,12,NA,3,NA,NA,1011.9,"METAR KAQX 072115Z AUTO VRB03KT 10SM CLR 25/12 A2988 RMK AO2",2025-11-07 21:23:01.817018,2025-11-07 16:23:01.817055
"KASJ","Ahoskie/Tri Cnty, NC, US",2025-11-07 21:15:00,"2025-11-07 21:15:00","VFR",18,12,190,4,NA,NA,1012.3,"METAR KASJ 072115Z AUTO 19004KT 10SM SCT031 BKN042 OVC050 18/12 A2989 RMK AO2",2025-11-07 21:23:01.823019,2025-11-07 16:23:01.823056
"KANW","Ainsworth Muni, NE, US",2025-11-07 21:15:00,"2025-11-07 15:15:00","VFR",15.8,-4.9,330,10,NA,NA,1009.2,"METAR KANW 072115Z AUTO 33010KT 10SM CLR 16/M05 A2980 RMK AO2 T01581049",2025-11-07 21:23:01.828901,2025-11-07 16:23:01.828939
"K9V9","Chamberlain Muni, SD, US",2025-11-07 21:15:00,"2025-11-07 21:15:00","VFR",9.1,1.2,360,10,15,NA,1010.9,"METAR K9V9 072115Z AUTO 36010G15KT 10SM SCT030 09/01 A2985 RMK AO2 T00910012",2025-11-07 21:23:01.834852,2025-11-07 16:23:01.834891
"KAQO","Llano Muni, TX, US",2025-11-07 21:15:00,"2025-11-07 21:15:00","VFR",30,6,330,9,NA,9,1008.9,"METAR KAQO 072115Z AUTO 33009KT 9SM CLR 30/06 A2979 RMK AO2",2025-11-07 21:23:01.84077,2025-11-07 16:23:01.840807
"KACB","Bellaire/Antrim Cnty, MI, US",2025-11-07 21:15:00,"2025-11-07 16:15:00","VFR",9,2.6,280,5,NA,NA,997.7,"METAR KACB 072115Z AUTO 28005KT 10SM SCT026 BKN034 OVC048 09/03 A2946 RMK AO2 T00900026",2025-11-07 21:23:01.846796,2025-11-07 16:23:01.846833
"KAFK","Nebraska City Muni, NE, US",2025-11-07 21:15:00,"2025-11-07 21:15:00","VFR",18.6,2.9,320,15,21,NA,1008.2,"METAR KAFK 072115Z AUTO 32015G21KT 10SM CLR 19/03 A2977 RMK AO2 T01860029",2025-11-07 21:23:01.852679,2025-11-07 16:23:01.852717
"K9Y1","Killdeer/Dunn Cnty, ND, US",2025-11-07 21:15:00,"2025-11-07 21:15:00","IFR",1,1,130,8,NA,NA,1009.6,"METAR K9Y1 072115Z AUTO 13008KT 10SM OVC008 01/01 A2981 RMK AO2",2025-11-07 21:23:01.868036,2025-11-07 16:23:01.86809
"KAEL","Albert Lea Muni, MN, US",2025-11-07 21:15:00,"2025-11-07 15:15:00","MVFR",5.7,2.5,310,14,23,8,1005.8,"METAR KAEL 072115Z AUTO 31014G23KT 8SM BKN014 OVC020 06/02 A2970 RMK AO2 CIG 013V018 T00570025",2025-11-07 21:23:01.873833,2025-11-07 16:23:01.873868
"KARV","Woodruff/Lakeland Arpt, WI, US",2025-11-07 21:15:00,"2025-11-07 15:15:00","MVFR",2.1,0.5,360,8,NA,NA,1002.8,"METAR KARV 072115Z AUTO 36008KT 10SM SCT015 BKN026 OVC037 02/01 A2961 RMK AO2 T00210005",2025-11-07 21:23:01.879614,2025-11-07 16:23:01.879651
"KAJZ","Delta/Blake Fld, CO, US",2025-11-07 21:15:00,"2025-11-07 21:15:00","VFR",15.9,-4.3,220,4,NA,NA,1017.7,"METAR KAJZ 072115Z AUTO 22004KT 10SM SCT100 BKN120 16/M04 A3005 RMK AO2 T01591043",2025-11-07 21:23:01.885409,2025-11-07 16:23:01.885446
"KARM","Wharton Rgnl, TX, US",2025-11-07 21:15:00,"2025-11-07 15:15:00","VFR",29.5,17.8,200,11,NA,NA,1007.5,"METAR KARM 072115Z AUTO 20011KT 10SM CLR 30/18 A2975 RMK AO2 T02950178 TSNO",2025-11-07 21:23:01.891227,2025-11-07 16:23:01.891268
"KAHQ","Wahoo Muni, NE, US",2025-11-07 21:15:00,"2025-11-07 21:15:00","VFR",18.9,-1,310,13,21,NA,1008.2,"METAR KAHQ 072115Z AUTO 31013G21KT 10SM CLR 19/M01 A2977 RMK AO2 T01891010",2025-11-07 21:23:01.897065,2025-11-07 16:23:01.897105
"KACJ","Americus/Carter Rgnl, GA, US",2025-11-07 21:15:00,"2025-11-07 21:15:00","VFR",25.4,13.6,160,5,NA,9,1010.6,"METAR KACJ 072115Z AUTO 16005KT 9SM SCT050 SCT090 25/14 A2984 RMK AO2 T02540136",2025-11-07 21:23:01.90292,2025-11-07 16:23:01.902958
"KAGO","Magnolia Muni, AR, US",2025-11-07 21:15:00,"2025-11-07 15:15:00","VFR",23,17,0,0,NA,NA,1007.9,"METAR KAGO 072115Z AUTO 00000KT 10SM SCT031 BKN043 BKN048 23/17 A2976 RMK A01",2025-11-07 21:23:01.908798,2025-11-07 16:23:01.908835
"KALM","Alamogordo/White Sands Rgnl, NM, US",2025-11-07 21:15:00,"2025-11-07 14:15:00","VFR",24,-5,0,0,NA,NA,1015.7,"METAR KALM 072115Z AUTO 00000KT 10SM CLR 24/M05 A2999 RMK AO2",2025-11-07 21:23:01.914722,2025-11-07 16:23:01.914758
"KASL","Marshall/Harrison Cnty, TX, US",2025-11-07 21:15:00,"2025-11-07 15:15:00","VFR",25.6,18.6,160,6,NA,NA,1007.2,"METAR KASL 072115Z AUTO 16006KT 10SM CLR 26/19 A2974 RMK AO2 T02560186 $",2025-11-07 21:23:01.920621,2025-11-07 16:23:01.920657
"K9K7","Ellsworth Muni, KS, US",2025-11-07 21:15:00,"2025-11-07 21:15:00",NA,21,-4,320,10,NA,NA,1011.9,"METAR K9K7 072115Z AUTO 32010KT CLR 21/M04 A2988 RMK AO2 PWINO",2025-11-07 21:23:01.926461,2025-11-07 16:23:01.926497
"KAIG","Antigo/Langlade Cnty, WI, US",2025-11-07 21:15:00,"2025-11-07 21:15:00","MVFR",4,1.3,330,7,NA,NA,1001.8,"METAR KAIG 072115Z AUTO 33007KT 10SM OVC030 04/01 A2958 RMK AO2 T00400013",2025-11-07 21:23:01.932359,2025-11-07 16:23:01.932398
"KAIO","Atlantic Muni, IA, US",2025-11-07 21:15:00,"2025-11-07 15:15:00","VFR",17,2,290,12,19,NA,1006.5,"METAR KAIO 072115Z AUTO 29012G19KT 10SM CLR 17/02 A2972 RMK AO2",2025-11-07 21:23:01.938248,2025-11-07 16:23:01.938285
"KAAS","Campbellsville/Taylor Cnty, KY, US",2025-11-07 21:15:00,"2025-11-07 21:15:00","MVFR",16,15,250,4,NA,NA,1007.9,"METAR KAAS 072115Z AUTO 25004KT 10SM BKN010 BKN018 OVC025 16/15 A2976 RMK AO1",2025-11-07 21:23:01.944121,2025-11-07 16:23:01.944158
"KACP","Oakdale/Parish Arpt, LA, US",2025-11-07 21:15:00,"2025-11-07 21:15:00","VFR",28,15,210,5,NA,NA,1008.2,"METAR KACP 072115Z AUTO 21005KT 10SM CLR 28/15 A2977 RMK AO2",2025-11-07 21:23:01.950015,2025-11-07 16:23:01.950053
"KACQ","Waseca Muni, MN, US",2025-11-07 21:15:00,"2025-11-07 21:15:00","MVFR",5,2,320,11,16,NA,1006.9,"METAR KACQ 072115Z AUTO 32011G16KT 10SM OVC017 05/02 A2973 RMK AO2",2025-11-07 21:23:01.955875,2025-11-07 16:23:01.955918
"KAIK","Aiken Muni, GA, US",2025-11-07 21:15:00,"2025-11-07 16:15:00","VFR",23.7,11.2,190,9,NA,NA,1012.6,"METAR KAIK 072115Z AUTO 19009KT 10SM SCT050 24/11 A2990 RMK AO2 LTG DSNT SW T02370112",2025-11-07 21:23:01.961743,2025-11-07 16:23:01.961783
"KAIT","Aitkin Muni, MN, US",2025-11-07 21:15:00,"2025-11-07 21:15:00","VFR",3,-2,330,8,NA,NA,1007.2,"METAR KAIT 072115Z AUTO 33008KT 10SM SCT029 BKN034 OVC040 03/M02 A2974 RMK AO2",2025-11-07 21:23:01.96763,2025-11-07 16:23:01.967665
"KAJG","Mount Carmel Muni, IL, US",2025-11-07 21:15:00,"2025-11-07 21:15:00","VFR",21.5,8.3,270,13,NA,NA,1004.8,"METAR KAJG 072115Z AUTO 27013KT 10SM SCT110 22/08 A2967 RMK AO2 LTG DSNT SE T02150083",2025-11-07 21:23:01.973513,2025-11-07 16:23:01.973552
"KAAA","Lincoln/Logan Cnty, IL, US",2025-11-07 21:15:00,"2025-11-07 21:15:00","VFR",21,2.6,280,8,15,NA,1003.8,"METAR KAAA 072115Z AUTO 28008G15KT 10SM CLR 21/03 A2964 RMK AO2 T02100026",2025-11-07 21:23:01.988684,2025-11-07 16:23:01.98872
"KAGZ","Wagner Muni, SD, US",2025-11-07 21:15:00,"2025-11-07 21:15:00","VFR",11,2,360,17,20,NA,1009.9,"METAR KAGZ 072115Z AUTO 36017G20KT 10SM CLR 11/02 A2982 RMK AO2",2025-11-07 21:23:01.994434,2025-11-07 16:23:01.994469
"KANY","Anthony Muni, KS, US",2025-11-07 21:15:00,"2025-11-07 15:15:00","VFR",20,2,10,8,NA,NA,1011.3,"METAR KANY 072115Z AUTO 01008KT 10SM CLR 20/02 A2986 RMK AO2",2025-11-07 21:23:02.000136,2025-11-07 16:23:02.000172
"KANQ","Angola/Tri-State Arpt, IN, US",2025-11-07 21:15:00,"2025-11-07 16:15:00","VFR",16,7,270,7,19,NA,1000.1,"METAR KANQ 072115Z AUTO 27007G19KT 230V300 10SM CLR 16/07 A2953 RMK AO2",2025-11-07 21:23:02.005898,2025-11-07 16:23:02.005934
"KADU","Audubon Cnty Arpt, IA, US",2025-11-07 21:15:00,"2025-11-07 21:15:00","VFR",16,1,300,12,16,NA,1006.9,"METAR KADU 072115Z AUTO 30012G16KT 10SM SCT041 SCT050 SCT065 16/01 A2973 RMK AO2",2025-11-07 21:23:02.011773,2025-11-07 16:23:02.011815
"KAFO","Afton Muni, WY, US",2025-11-07 21:15:00,"2025-11-07 14:15:00","VFR",6,0,130,4,NA,NA,1017.7,"METAR KAFO 072115Z AUTO 13004KT 10SM BKN038 OVC046 06/00 A3005 RMK AO2",2025-11-07 21:23:02.017629,2025-11-07 16:23:02.017667
"KAQP","Appleton Muni, MN, US",2025-11-07 21:13:00,"2025-11-07 21:13:00","MVFR",3,1,0,0,NA,NA,1009.9,"METAR KAQP 072113Z AUTO 00000KT 10SM SCT015 OVC022 03/01 A2982 RMK AO2 TSNO",2025-11-07 21:23:02.023534,2025-11-07 16:23:02.023571
"K9L2","Edwards AF Aux North, CA, US",2025-11-07 21:10:00,"2025-11-07 21:10:00","VFR",23,6,130,4,NA,6,1015.7,"SPECI K9L2 072110Z AUTO 13004KT 6SM HZ CLR 23/06 A2999 RMK AO2 SLP144",2025-11-07 21:23:02.029394,2025-11-07 16:23:02.029431
"KAJO","Corona Muni, CA, US",2025-11-07 20:56:00,"2025-11-07 20:56:00","VFR",30,9.4,NA,3,NA,NA,1012.3,"METAR KAJO 072056Z AUTO VRB03KT 10SM CLR 30/09 A2989 RMK AO2 SLP116 6//// T03000094",2025-11-07 21:23:02.035339,2025-11-07 16:23:02.035378
"KARG","Walnut Ridge Rgnl, AR, US",2025-11-07 20:56:00,"2025-11-07 14:56:00","VFR",24.4,14.4,270,7,NA,NA,1006.5,"METAR KARG 072056Z AUTO 27007KT 10SM CLR 24/14 A2972 RMK AO2 SLP062 6//// T02440144 55013 $",2025-11-07 21:23:02.041224,2025-11-07 16:23:02.041262
"KAND","Anderson Rgnl, SC, US",2025-11-07 20:56:00,"2025-11-07 15:56:00","VFR",21.1,12.8,220,14,NA,NA,1012.3,"METAR KAND 072056Z AUTO 22014KT 10SM FEW039 BKN060 OVC090 21/13 A2989 RMK AO2 SLP118 T02110128 55021",2025-11-07 21:23:02.047134,2025-11-07 16:23:02.047172
"KART","Watertown Intl, NY, US",2025-11-07 20:56:00,"2025-11-07 15:56:00","VFR",11.1,2.2,180,9,19,NA,998.4,"METAR KART 072056Z AUTO 18009G19KT 10SM OVC043 11/02 A2948 RMK AO2 RAE10 SLP985 P0000 60005 T01110022 55002",2025-11-07 21:23:02.053038,2025-11-07 16:23:02.053077
"KASH","Nashua/Boire Fld, NH, US",2025-11-07 20:56:00,"2025-11-07 15:56:00","VFR",10.6,0.6,150,6,NA,NA,1010.2,"METAR KASH 072056Z 15006KT 10SM BKN046 11/01 A2983 RMK AO2 SLP103 T01060006 56035",2025-11-07 21:23:02.058965,2025-11-07 16:23:02.059005
"KAFJ","Washington Cnty Arpt, PA, US",2025-11-07 20:56:00,"2025-11-07 15:56:00","VFR",14.4,12.2,220,9,15,NA,1003.8,"METAR KAFJ 072056Z AUTO 22009G15KT 10SM -RA FEW040 BKN060 OVC075 14/12 A2964 RMK AO2 RAB28 SLP042 P0004 60012 T01440122 55010 $",2025-11-07 21:23:02.064825,2025-11-07 16:23:02.064863
"KAAT","Alturas Muni, CA, US",2025-11-07 20:55:00,"2025-11-07 20:55:00","VFR",12.8,2.2,260,8,NA,NA,1022.4,"METAR KAAT 072055Z AUTO 26008KT 10SM BKN044 13/02 A3019 RMK AO2 SLP209 T01280022 58009 $",2025-11-07 21:23:02.07074,2025-11-07 16:23:02.070778
"KAPG","Phillips, MD, US",2025-11-07 20:55:00,"2025-11-07 15:55:00","VFR",16,4,200,12,NA,NA,1008.9,"METAR KAPG 072055Z 20012KT 10SM OVC200 16/04 A2979",2025-11-07 21:23:02.07661,2025-11-07 16:23:02.076649
"KA39","Ak-Chin Rgnl, AZ, US",2025-11-07 20:55:00,"2025-11-07 20:55:00","VFR",27,3,10,3,NA,NA,1013.6,"METAR KA39 072055Z AUTO 01003KT 10SM CLR 27/03 A2993 RMK AO2",2025-11-07 21:23:02.082579,2025-11-07 16:23:02.082616
"K9S9","Lexington Arpt, OR, US",2025-11-07 20:55:00,"2025-11-07 20:55:00","VFR",14,1,240,11,17,NA,1023.1,"METAR K9S9 072055Z AUTO 24011G17KT 10SM FEW065 14/01 A3021 RMK AO2",2025-11-07 21:23:02.088432,2025-11-07 16:23:02.08847
"KADW","Andrews AFB, MD, US",2025-11-07 20:55:00,"2025-11-07 15:55:00","VFR",17.6,3.1,200,17,NA,NA,1008.5,"METAR KADW 072055Z AUTO 20017KT 10SM CLR 18/03 A2978 RMK AO2 SLP092 T01760031 57034 $",2025-11-07 21:23:02.094328,2025-11-07 16:23:02.094365
"K9S2","Scobey Arpt, MT, US",2025-11-07 20:55:00,"2025-11-07 20:55:00","VFR",1,1,150,10,NA,9,1006.9,"METAR K9S2 072055Z AUTO 15010KT 9SM FEW015 SCT023 BKN036 01/01 A2973 RMK AO2",2025-11-07 21:23:02.109489,2025-11-07 16:23:02.109525
"KAFF","Air Force Academy Arfld, CO, US",2025-11-07 20:55:00,"2025-11-07 13:55:00","VFR",13.4,-6.8,170,11,NA,NA,1013,"METAR KAFF 072055Z AUTO 17011KT 10SM SCT150 13/M07 A2991 RMK AO2 SLP104 T01341068 57029",2025-11-07 21:23:02.115255,2025-11-07 16:23:02.115292
"KANJ","Sault Ste Marie Muni, MI, US",2025-11-07 20:55:00,"2025-11-07 20:55:00","MVFR",5.6,2.8,290,14,23,NA,993,"METAR KANJ 072055Z AUTO 29014G23KT 10SM OVC019 06/03 A2932 RMK AO2 PK WND 29026/2023 SLP930 T00560028 53011",2025-11-07 21:23:02.120996,2025-11-07 16:23:02.121032
"KALO","Waterloo Rgnl, IA, US",2025-11-07 20:54:00,"2025-11-07 14:54:00","VFR",12.8,4.4,330,19,28,NA,1003.8,"METAR KALO 072054Z 33019G28KT 10SM OVC055 13/04 A2964 RMK AO2 PK WND 33028/2049 SLP038 T01280044 53009",2025-11-07 21:23:02.126777,2025-11-07 16:23:02.126813
"KAKH","Gastonia Muni, NC, US",2025-11-07 20:54:00,"2025-11-07 20:54:00","VFR",20.6,11.7,230,6,NA,NA,1011.9,"METAR KAKH 072054Z AUTO 23006KT 10SM CLR 21/12 A2988 RMK AO2 SLP115 T02060117 56028",2025-11-07 21:23:02.132712,2025-11-07 16:23:02.13275
"KAPC","Napa Cnty Arpt, CA, US",2025-11-07 20:54:00,"2025-11-07 12:54:00","VFR",20,15.6,230,5,NA,NA,1019.7,"METAR KAPC 072054Z 23005KT 10SM SCT012 20/16 A3011 RMK AO2 SLP188 T02000156 58022",2025-11-07 21:23:02.138599,2025-11-07 16:23:02.138634
"KAPN","Alpena Cnty Rgnl, MI, US",2025-11-07 20:54:00,"2025-11-07 15:54:00","MVFR",8.9,5,280,10,20,NA,994.7,"METAR KAPN 072054Z 28010G20KT 260V320 10SM BKN025 OVC034 09/05 A2937 RMK AO2 RAB01E14 SLP948 P0000 60000 T00890050 53016",2025-11-07 21:23:02.14449,2025-11-07 16:23:02.144526
"KAAO","Wichita/Jabara Arpt, KS, US",2025-11-07 20:54:00,"2025-11-07 20:54:00","VFR",21.1,0.6,350,12,NA,NA,1010.9,"METAR KAAO 072054Z AUTO 35012KT 10SM CLR 21/01 A2985 RMK AO2 SLP105 T02110006 56014",2025-11-07 21:23:02.150427,2025-11-07 16:23:02.150464
"KACY","Atlantic City Intl, NJ, US",2025-11-07 20:54:00,"2025-11-07 15:54:00","VFR",15,5.6,180,12,26,NA,1010.2,"METAR KACY 072054Z 18012G26KT 10SM CLR 15/06 A2983 RMK AO2 PK WND 18026/2051 SLP103 T01500056 58041",2025-11-07 21:23:02.156331,2025-11-07 16:23:02.156369
"KAKR","Akron/Fulton Intl, OH, US",2025-11-07 20:54:00,"2025-11-07 15:54:00","IFR",11.7,10.6,220,13,21,NA,1000.8,"METAR KAKR 072054Z AUTO 22013G21KT 10SM OVC009 12/11 A2955 RMK AO2 SLP006 60005 T01170106 56019",2025-11-07 21:23:02.162198,2025-11-07 16:23:02.162237
"KAKQ","Norfolk Muni, VA, US",2025-11-07 20:54:00,"2025-11-07 20:54:00","VFR",19.4,10.6,NA,5,NA,NA,1011.9,"METAR KAKQ 072054Z AUTO VRB05KT 10SM BKN050 19/11 A2988 RMK AO2 SLP118 T01940106 56030",2025-11-07 21:23:02.168103,2025-11-07 16:23:02.168141
"KAPA","Denver/Centennial Arpt, CO, US",2025-11-07 20:53:00,"2025-11-07 13:53:00","VFR",16.7,-13.9,30,8,NA,NA,1011.9,"SPECI KAPA 072053Z 03008KT 10SM SCT100 SCT140 BKN220 17/M14 A2988 RMK AO2 SLP088 T01671139 56027",2025-11-07 21:23:02.173978,2025-11-07 16:23:02.174018
"KAPF","Naples Muni, FL, US",2025-11-07 20:53:00,"2025-11-07 15:53:00","VFR",27.8,21.1,240,6,NA,NA,1012.3,"METAR KAPF 072053Z 24006KT 10SM OVC045 28/21 A2989 RMK AO2 SLP121 T02780211 55011",2025-11-07 21:23:02.179864,2025-11-07 16:23:02.179903
"KAIA","Alliance Muni, NE, US",2025-11-07 20:53:00,"2025-11-07 13:53:00","VFR",16.1,-7.8,290,14,NA,NA,1009.6,"METAR KAIA 072053Z AUTO 29014KT 10SM CLR 16/M08 A2981 RMK AO2 SLP086 T01611078 56031",2025-11-07 21:23:02.185738,2025-11-07 16:23:02.185775
"KAAF","Apalachicola Muni, FL, US",2025-11-07 20:53:00,"2025-11-07 15:53:00","VFR",24.4,19.4,150,7,NA,NA,1013,"METAR KAAF 072053Z AUTO 15007KT 10SM FEW042 24/19 A2991 RMK AO1 SLP126 T02440194 56014 $",2025-11-07 21:23:02.191599,2025-11-07 16:23:02.191637
"KAMW","Ames Muni, IA, US",2025-11-07 20:53:00,"2025-11-07 14:53:00","VFR",16.1,2.2,300,20,28,NA,1005.2,"METAR KAMW 072053Z AUTO 30020G28KT 10SM CLR 16/02 A2968 RMK AO2 PK WND 31033/2002 SLP049 T01610022 53005",2025-11-07 21:23:02.197455,2025-11-07 16:23:02.197493
"KAOH","Lima/Allen Cnty, OH, US",2025-11-07 20:53:00,"2025-11-07 15:53:00","VFR",15.6,11.1,240,10,20,NA,1000.8,"METAR KAOH 072053Z AUTO 24010G20KT 10SM FEW029 16/11 A2955 RMK AO2 PK WND 24026/2005 SLP007 T01560111 55001",2025-11-07 21:23:02.203335,2025-11-07 16:23:02.203373
"KASD","Slidell Arpt, LA, US",2025-11-07 20:53:00,"2025-11-07 20:53:00","VFR",27.8,21.7,170,9,NA,NA,1008.9,"METAR KASD 072053Z AUTO 17009KT 10SM FEW024 SCT048 BKN075 28/22 A2979 RMK AO2 SLP087 T02780217 56028",2025-11-07 21:23:02.209217,2025-11-07 16:23:02.209259
"KALW","Walla Walla Rgnl, WA, US",2025-11-07 20:53:00,"2025-11-07 12:53:00","VFR",12.8,2.2,250,14,24,NA,1021.8,"METAR KALW 072053Z 25014G24KT 10SM BKN047 13/02 A3017 RMK AO2 SLP218 T01280022 50006",2025-11-07 21:23:02.215126,2025-11-07 16:23:02.215165
"KAOO","Altoona/Blair Cnty, PA, US",2025-11-07 20:53:00,"2025-11-07 15:53:00","VFR",12.2,4.4,210,5,NA,NA,1004.8,"METAR KAOO 072053Z AUTO 21005KT 10SM OVC050 12/04 A2967 RMK AO2 RAB23E42 SLP054 P0000 60000 T01220044 55018",2025-11-07 21:23:02.230209,2025-11-07 16:23:02.23025
"KABR","Aberdeen Rgnl, SD, US",2025-11-07 20:53:00,"2025-11-07 14:53:00","MVFR",1.7,-2.8,10,8,NA,NA,1011.3,"METAR KABR 072053Z AUTO 01008KT 10SM OVC018 02/M03 A2986 RMK AO2 SLP122 T00171028 50006",2025-11-07 21:23:02.235879,2025-11-07 16:23:02.235915
"KABY","Albany/SW Georgia Rgnl, GA, US",2025-11-07 20:53:00,"2025-11-07 15:53:00","VFR",26.7,12.8,250,3,NA,NA,1011.9,"METAR KABY 072053Z 25003KT 10SM SCT060 BKN080 OVC090 27/13 A2988 RMK AO2 SLP118 T02670128 56023",2025-11-07 21:23:02.241645,2025-11-07 16:23:02.241682
"KACK","Nantucket Mem Arpt, MA, US",2025-11-07 20:53:00,"2025-11-07 15:53:00","VFR",11.1,5,200,16,24,NA,1014.6,"METAR KACK 072053Z 20016G24KT 10SM FEW038 11/05 A2996 RMK AO2 PRESFR SLP146 T01110050 58041 $",2025-11-07 21:23:02.247453,2025-11-07 16:23:02.247489
"KACV","Arcata Arpt, CA, US",2025-11-07 20:53:00,"2025-11-07 12:53:00","LIFR",13.9,13.3,320,5,NA,1,1022.4,"METAR KACV 072053Z AUTO 32005KT 1SM R32/3000VP6000FT BR OVC002 14/13 A3019 RMK AO2 SLP228 T01390133 58009",2025-11-07 21:23:02.253269,2025-11-07 16:23:02.253304
"KADG","Adrian/Lenawee Cnty, MI, US",2025-11-07 20:53:00,"2025-11-07 15:53:00","VFR",15.6,7.2,260,14,23,NA,999.1,"METAR KADG 072053Z AUTO 26014G23KT 10SM FEW036 16/07 A2950 RMK AO2 PK WND 26026/2018 SLP991 T01560072 53001",2025-11-07 21:23:02.259158,2025-11-07 16:23:02.259212
"KAGS","Augusta Rgnl, GA, US",2025-11-07 20:53:00,"2025-11-07 15:53:00","VFR",24.4,11.1,210,8,NA,NA,1011.6,"METAR KAGS 072053Z AUTO 21008KT 10SM CLR 24/11 A2987 RMK AO2 SLP113 T02440111 56024",2025-11-07 21:23:02.265049,2025-11-07 16:23:02.265089
"KAMA","Amarillo Intl Arpt, TX, US",2025-11-07 20:53:00,"2025-11-07 14:53:00","VFR",20,-3.9,NA,3,NA,NA,1015,"METAR KAMA 072053Z VRB03KT 10SM CLR 20/M04 A2997 RMK AO2 SLP118 T02001039 57026",2025-11-07 21:23:02.270994,2025-11-07 16:23:02.271033
"KAMG","Alma/Bacon Cnty, GA, US",2025-11-07 20:53:00,"2025-11-07 20:53:00","VFR",26.1,12.2,NA,NA,NA,NA,1012.3,"METAR KAMG 072053Z AUTO 10SM CLR 26/12 A2989 RMK AO2 SLP120 T02610122 56022",2025-11-07 21:23:02.276896,2025-11-07 16:23:02.276937
"KAFW","Fort Worth/Alliance Arpt, TX, US",2025-11-07 20:53:00,"2025-11-07 14:53:00","VFR",26.7,10,30,12,22,NA,1008.2,"METAR KAFW 072053Z 03012G22KT 10SM CLR 27/10 A2977 RMK AO2 SLP070 T02670100 56010",2025-11-07 21:23:02.282789,2025-11-07 16:23:02.282825
"KASE","Aspen/Pitkin Cnty, CO, US",2025-11-07 20:53:00,"2025-11-07 13:53:00","VFR",8.3,-8.9,340,11,16,NA,1019,"METAR KASE 072053Z 34011G16KT 10SM OVC085 08/M09 A3009 RMK AO2 SLP145 T00831089 55014",2025-11-07 21:23:02.288653,2025-11-07 16:23:02.288691
"KAGC","Pittsburgh/Allegheny Cnty, PA, US",2025-11-07 20:53:00,"2025-11-07 15:53:00","MVFR",13.9,11.1,210,11,NA,4,1002.1,"METAR KAGC 072053Z 21011KT 4SM -RA BKN039 OVC049 14/11 A2959 RMK AO2 RAB05E14B41 SLP029 P0001 60005 T01390111 56014",2025-11-07 21:23:02.294489,2025-11-07 16:23:02.294524
"KANB","Anniston Metro, AL, US",2025-11-07 20:53:00,"2025-11-07 14:53:00","VFR",20,15.6,0,0,NA,NA,1011.3,"METAR KANB 072053Z AUTO 00000KT 10SM BKN037 OVC060 20/16 A2986 RMK AO2 RAE02 SLP110 P0000 60000 T02000156 56019",2025-11-07 21:23:02.300341,2025-11-07 16:23:02.30038
"KAEX","Alexandria Intl, LA, US",2025-11-07 20:53:00,"2025-11-07 14:53:00","VFR",27.8,16.7,190,8,NA,NA,1007.9,"METAR KAEX 072053Z 19008KT 170V230 10SM CLR 28/17 A2976 RMK AO2 SLP081 T02780167 $",2025-11-07 21:23:02.306237,2025-11-07 16:23:02.306276
"KAKO","Akron/Plains Rgnl, CO, US",2025-11-07 20:53:00,"2025-11-07 13:53:00","VFR",15.6,-5.6,180,10,NA,NA,1011.6,"METAR KAKO 072053Z AUTO 18010KT 10SM CLR 16/M06 A2987 RMK AO2 SLP088 T01561056 58034",2025-11-07 21:23:02.312111,2025-11-07 16:23:02.312146
"KARB","Ann Arbor Muni, MI, US",2025-11-07 20:53:00,"2025-11-07 15:53:00","VFR",13.9,8.3,260,14,25,NA,998.4,"METAR KARB 072053Z 26014G25KT 10SM BKN034 14/08 A2948 RMK AO2 SLP984 T01390083 53007",2025-11-07 21:23:02.318021,2025-11-07 16:23:02.318058
"KAFN","Jaffrey Muni, NH, US",2025-11-07 20:52:00,"2025-11-07 15:52:00","VFR",8.9,0.6,170,11,19,NA,1008.9,"METAR KAFN 072052Z AUTO 17011G19KT 10SM FEW038 09/01 A2979 RMK AO2 SLP101 T00890006 56034",2025-11-07 21:23:02.323918,2025-11-07 16:23:02.323956
"KARR","Aurora Muni, IL, US",2025-11-07 20:52:00,"2025-11-07 14:52:00","VFR",16.7,6.1,270,12,NA,9,1001.4,"METAR KARR 072052Z 27012KT 9SM CLR 17/06 A2957 RMK AO2 SLP012 T01670061 55001",2025-11-07 21:23:02.329828,2025-11-07 16:23:02.329863
"KABI","Abilene Rgnl, TX, US",2025-11-07 20:52:00,"2025-11-07 14:52:00","VFR",26.1,3.3,350,11,20,9,1011.6,"METAR KABI 072052Z 35011G20KT 9SM CLR 26/03 A2987 RMK AO2 PK WND 34032/2009 SLP091 T02610033 56017 $",2025-11-07 21:23:02.352961,2025-11-07 16:23:02.352997
"KABQ","Albuquerque Intl, NM, US",2025-11-07 20:52:00,"2025-11-07 13:52:00","VFR",20.6,-3.3,0,0,NA,NA,1017.4,"METAR KABQ 072052Z 00000KT 10SM CLR 21/M03 A3004 RMK AO2 SLP114 T02061033 58033 $",2025-11-07 21:23:02.359277,2025-11-07 16:23:02.359318
"KALS","Alamosa/Bergman Fld, CO, US",2025-11-07 20:52:00,"2025-11-07 13:52:00","VFR",13.9,-10.6,110,5,NA,NA,1017,"METAR KALS 072052Z AUTO 11005KT 10SM CLR 14/M11 A3003 RMK AO2 SLP131 T01391106 56034",2025-11-07 21:23:02.365044,2025-11-07 16:23:02.365079
"KAQW","North Adams/Harriman West Arpt, MA, US",2025-11-07 20:52:00,"2025-11-07 20:52:00","VFR",11.1,-1.7,NA,NA,NA,NA,1006.5,"METAR KAQW 072052Z AUTO 10SM CLR 11/M02 A2972 RMK AO2 SLP069 T01111017 56039",2025-11-07 21:23:02.37074,2025-11-07 16:23:02.370775
"KABE","Allentown/Lehigh Valley Intl, PA, US",2025-11-07 20:51:00,"2025-11-07 15:51:00","VFR",14.4,2.2,190,6,17,NA,1007.5,"METAR KABE 072051Z 19006G17KT 10SM CLR 14/02 A2975 RMK AO2 SLP076 T01440022 56039",2025-11-07 21:23:02.37665,2025-11-07 16:23:02.376686
"KACT","Waco Rgnl, TX, US",2025-11-07 20:51:00,"2025-11-07 14:51:00","VFR",29,9,360,9,NA,NA,1007.2,"METAR KACT 072051Z 36009KT 10SM CLR 29/09 A2974",2025-11-07 21:23:02.382532,2025-11-07 16:23:02.382569
"KALB","Albany Intl, NY, US",2025-11-07 20:51:00,"2025-11-07 15:51:00","VFR",12.2,-0.6,160,15,33,NA,1004.5,"METAR KALB 072051Z COR 16015G33KT 10SM SCT060 SCT080 BKN150 BKN250 12/M01 A2966 RMK AO2 PK WND 18034/2034 SLP047 T01221006 $",2025-11-07 21:23:02.388461,2025-11-07 16:23:02.3885
"KAHN","Athens/Epps Arpt, GA, US",2025-11-07 20:51:00,"2025-11-07 15:51:00","VFR",20,15,NA,3,NA,NA,1012.3,"METAR KAHN 072051Z VRB03KT 10SM -RA FEW038 FEW075 OVC090 20/15 A2989 RMK AO2 RAB31 SLP121 P0000 60000 T02000150 56023",2025-11-07 21:23:02.394469,2025-11-07 16:23:02.39451
"KAEG","Albuquerque/Double Eagle Arpt, NM, US",2025-11-07 20:50:00,"2025-11-07 20:50:00","VFR",19,-6,290,6,NA,NA,1018,"METAR KAEG 072050Z 29006KT 10SM CLR 19/M06 A3006",2025-11-07 21:23:02.40053,2025-11-07 16:23:02.400569
"KADM","Ardmore Muni, OK, US",2025-11-07 20:50:00,"2025-11-07 14:50:00","VFR",28,4,20,10,NA,NA,1008.9,"METAR KADM 072050Z 02010KT 10SM CLR 28/04 A2979",2025-11-07 21:23:02.406675,2025-11-07 16:23:02.406714
"KALN","Alton/St Louis Rgnl, IL, US",2025-11-07 20:50:00,"2025-11-07 14:50:00","VFR",22,3,270,13,NA,NA,1005.5,"METAR KALN 072050Z 27013KT 10SM FEW050 22/03 A2969",2025-11-07 21:23:02.412709,2025-11-07 16:23:02.412748
"KACZ","Wallace/Henderson Fld, NC, US",2025-11-07 20:50:00,"2025-11-07 20:50:00","VFR",23.6,16.7,200,6,NA,NA,1011.9,"METAR KACZ 072050Z AUTO 20006KT 10SM SCT032 24/17 A2988 RMK AO2 T02360167",2025-11-07 21:23:02.418816,2025-11-07 16:23:02.418857
"KANE","Blaine/Anoka Cnty, MN, US",2025-11-07 20:48:00,"2025-11-07 20:48:00","MVFR",7,1,340,13,20,NA,1005.5,"METAR KANE 072048Z 34013G20KT 10SM OVC028 07/01 A2969",2025-11-07 21:23:02.424884,2025-11-07 16:23:02.424923
"KASG","Springdale Muni, AR, US",2025-11-07 20:48:00,"2025-11-07 14:48:00","VFR",24,12,350,7,NA,NA,1008.9,"METAR KASG 072048Z 35007KT 10SM CLR 24/12 A2979",2025-11-07 21:23:02.430976,2025-11-07 16:23:02.431014
"KADS","Dallas/Addison Arpt, TX, US",2025-11-07 20:47:00,"2025-11-07 14:47:00","VFR",27,14,40,8,NA,NA,1008.2,"METAR KADS 072047Z 04008KT 10SM SKC 27/14 A2977",2025-11-07 21:23:02.437065,2025-11-07 16:23:02.437105
"KBGM","Binghamton Arpt, NY, US",2025-11-07 21:20:00,"2025-11-07 16:20:00","VFR",9.4,1.7,190,12,21,9,1002.8,"SPECI KBGM 072120Z 19012G21KT 9SM -RA BKN045 OVC055 09/02 A2961 RMK AO2 RAB19 P0000 T00940017",2025-11-07 21:23:04.201346,2025-11-07 16:23:04.201383
"KBFD","Bradford Rgnl, PA, US",2025-11-07 21:17:00,"2025-11-07 16:17:00","MVFR",10,8.9,NA,6,NA,NA,1001.1,"SPECI KBFD 072117Z AUTO VRB06KT 10SM -RA BKN010 BKN017 OVC034 10/09 A2956 RMK AO2 CIG 008V014 P0000 T01000089",2025-11-07 21:23:04.207539,2025-11-07 16:23:04.207579
"KAUM","Austin Muni, MN, US",2025-11-07 21:16:00,"2025-11-07 15:16:00","MVFR",7,3,320,14,19,NA,1005.5,"METAR KAUM 072116Z AUTO 32014G19KT 10SM OVC021 07/03 A2969 RMK AO2",2025-11-07 21:23:04.213585,2025-11-07 16:23:04.213624
"KBDG","Blanding Muni, UT, US",2025-11-07 21:15:00,"2025-11-07 14:15:00","MVFR",15.6,-5.1,210,6,NA,4,1018.7,"METAR KBDG 072115Z AUTO 21006KT 4SM HZ CLR 16/M05 A3008 RMK AO2 T01561051",2025-11-07 21:23:04.219579,2025-11-07 16:23:04.219621
"KBCB","Blacksburg/VA Tech Montgomery Exec, VA, US",2025-11-07 21:15:00,"2025-11-07 16:15:00","VFR",16.1,8.1,170,9,14,NA,1010.6,"METAR KBCB 072115Z AUTO 17009G14KT 150V210 10SM CLR 16/08 A2984 RMK AO2 T01610081",2025-11-07 21:23:04.225674,2025-11-07 16:23:04.225713
"KBAX","Bad Axe/Huron Cnty, MI, US",2025-11-07 21:15:00,"2025-11-07 21:15:00","VFR",10.3,8,260,6,NA,NA,996.4,"METAR KBAX 072115Z AUTO 26006KT 10SM OVC042 10/08 A2942 RMK AO2 T01030080",2025-11-07 21:23:04.231721,2025-11-07 16:23:04.231758
"KAYS","Waycross/Ware Cnty, GA, US",2025-11-07 21:15:00,"2025-11-07 16:15:00","VFR",27,12,210,8,NA,NA,1012.6,"METAR KAYS 072115Z AUTO 21008KT 10SM SCT050 27/12 A2990 RMK AO2 T02700120",2025-11-07 21:23:04.237722,2025-11-07 16:23:04.237763
"KASW","Warsaw Muni, IN, US",2025-11-07 21:15:00,"2025-11-07 21:15:00","VFR",16.1,5.7,280,17,22,NA,1001.4,"METAR KASW 072115Z AUTO 28017G22KT 10SM CLR 16/05 A2957 RMK AO2 T01610057",2025-11-07 21:23:04.243681,2025-11-07 16:23:04.243717
"KAUN","Auburn Muni, CA, US",2025-11-07 21:15:00,"2025-11-07 13:15:00","VFR",20,13,290,7,NA,NA,1020.4,"METAR KAUN 072115Z AUTO 29007KT 10SM CLR 20/13 A3013 RMK A01",2025-11-07 21:23:04.249627,2025-11-07 16:23:04.249665
"KAVQ","Tucson/Marana Rgnl, AZ, US",2025-11-07 21:15:00,"2025-11-07 14:15:00","VFR",29,-1,310,4,NA,NA,1013,"METAR KAVQ 072115Z AUTO 31004KT 10SM CLR 29/M01 A2991 RMK AO2",2025-11-07 21:23:04.255566,2025-11-07 16:23:04.255606
"KAWG","Washington Muni, IA, US",2025-11-07 21:15:00,"2025-11-07 21:15:00","VFR",18,3,290,17,NA,NA,1003.5,"METAR KAWG 072115Z AUTO 29017KT 10SM CLR 18/03 A2963 RMK AO2",2025-11-07 21:23:04.261529,2025-11-07 16:23:04.261568
"KAXA","Algona Muni, IA, US",2025-11-07 21:15:00,"2025-11-07 15:15:00","MVFR",7,2,330,18,23,NA,1007.2,"METAR KAXA 072115Z AUTO 33018G23KT 10SM BKN023 OVC034 07/02 A2974 RMK A01",2025-11-07 21:23:04.267504,2025-11-07 16:23:04.267543
"KBHC","Baxley Muni, GA, US",2025-11-07 21:15:00,"2025-11-07 21:15:00","VFR",26,11,210,7,NA,NA,1012.6,"METAR KBHC 072115Z AUTO 21007KT 10SM SCT060 26/11 A2990 RMK AO2 LTG DSNT NW PNO",2025-11-07 21:23:04.273499,2025-11-07 16:23:04.273537
"KBIE","Beatrice Muni, NE, US",2025-11-07 21:15:00,"2025-11-07 15:15:00","VFR",20,-1.7,310,12,20,NA,1008.5,"METAR KBIE 072115Z AUTO 31012G20KT 10SM CLR 20/M02 A2978 RMK AO2 T02001017",2025-11-07 21:23:04.279471,2025-11-07 16:23:04.279508
"KBNL","Barnwell Cnty, SC, US",2025-11-07 21:15:00,"2025-11-07 16:15:00","VFR",25,10,190,7,NA,NA,1012.3,"METAR KBNL 072115Z AUTO 19007KT 10SM CLR 25/10 A2989 RMK AO2",2025-11-07 21:23:04.28545,2025-11-07 16:23:04.285491
"KAZC","Colorado City Muni, AZ, US",2025-11-07 21:15:00,"2025-11-07 21:15:00","VFR",21,-3,290,7,NA,NA,1019,"METAR KAZC 072115Z AUTO 29007KT 10SM CLR 21/M03 A3009 RMK AO2",2025-11-07 21:23:04.291373,2025-11-07 16:23:04.291411
"KBMC","Brigham City Arpt, UT, US",2025-11-07 21:15:00,"2025-11-07 14:15:00","VFR",14,0,200,10,NA,NA,1018.7,"METAR KBMC 072115Z AUTO 20010KT 10SM FEW085 14/00 A3008 RMK AO2",2025-11-07 21:23:04.29734,2025-11-07 16:23:04.297378
"KBCK","Black River Falls Arpt, WI, US",2025-11-07 21:15:00,"2025-11-07 21:15:00","MVFR",7.8,2.5,300,4,NA,NA,1003.1,"METAR KBCK 072115Z AUTO 30004KT 10SM OVC028 08/03 A2962 RMK AO2 T00780025",2025-11-07 21:23:04.313004,2025-11-07 16:23:04.313042
"KBDU","Boulder Muni, CO, US",2025-11-07 21:15:00,"2025-11-07 14:15:00","VFR",18,-8,100,4,NA,NA,1011.6,"METAR KBDU 072115Z AUTO 10004KT 10SM CLR 18/M08 A2987 RMK AO2",2025-11-07 21:23:04.319452,2025-11-07 16:23:04.319493
"KBBD","Brady/Curtis Fld, TX, US",2025-11-07 21:15:00,"2025-11-07 15:15:00","VFR",27,7,360,13,19,NA,1010.2,"METAR KBBD 072115Z AUTO 36013G19KT 10SM CLR 27/07 A2983 RMK AO2",2025-11-07 21:23:04.325289,2025-11-07 16:23:04.325327
"KBNW","Boone Muni, IA, US",2025-11-07 21:15:00,"2025-11-07 15:15:00","VFR",15,4,310,20,28,NA,1005.2,"METAR KBNW 072115Z AUTO 31020G28KT 10SM FEW050 15/04 A2968 RMK AO2",2025-11-07 21:23:04.331072,2025-11-07 16:23:04.331108
"KBPG","Big Springs/McMahon , TX, US",2025-11-07 21:15:00,"2025-11-07 15:15:00","VFR",25.8,-2.4,20,7,NA,NA,1013.3,"METAR KBPG 072115Z AUTO 02007KT 10SM CLR 26/M02 A2992 RMK AO2 T02581024",2025-11-07 21:23:04.336974,2025-11-07 16:23:04.337011
"KBQK","Brunswick/Golden Isles Arpt, GA, US",2025-11-07 21:15:00,"2025-11-07 16:15:00","VFR",23.8,13.3,130,7,NA,NA,1013,"METAR KBQK 072115Z AUTO 13007KT 10SM CLR 24/13 A2991 RMK AO2 LTG DSNT NW T02380133",2025-11-07 21:23:04.342985,2025-11-07 16:23:04.343025
"KBBP","Bennettsville/Marlboro Jetport, SC, US",2025-11-07 21:15:00,"2025-11-07 16:15:00","VFR",22,14,200,4,NA,NA,1011.6,"METAR KBBP 072115Z AUTO 20004KT 10SM SCT045 22/14 A2987 RMK AO2",2025-11-07 21:23:04.349023,2025-11-07 16:23:04.349063
"KBTA","Blair Muni, NE, US",2025-11-07 21:15:00,"2025-11-07 21:15:00","VFR",18,0.3,300,12,18,NA,1007.9,"METAR KBTA 072115Z AUTO 30012G18KT 10SM CLR 18/00 A2976 RMK AO2 T01800003",2025-11-07 21:23:04.355016,2025-11-07 16:23:04.355054
"KAUH","Aurora/Potter Fld, NE, US",2025-11-07 21:15:00,"2025-11-07 21:15:00","VFR",18.7,-0.9,330,14,19,NA,1009.6,"METAR KAUH 072115Z AUTO 33014G19KT 10SM CLR 19/M01 A2981 RMK AO2 T01871009",2025-11-07 21:23:04.36094,2025-11-07 16:23:04.360978
"KBKS","Falfurrias/Brooks Cnty, TX, US",2025-11-07 21:15:00,"2025-11-07 21:15:00","VFR",34.8,9.5,140,8,NA,NA,1006.2,"METAR KBKS 072115Z AUTO 14008KT 10SM CLR 35/10 A2971 RMK AO2 T03480095 $",2025-11-07 21:23:04.366873,2025-11-07 16:23:04.366921
"KAVC","Mecklenburg/Brunswick Rgnl, VA, US",2025-11-07 21:15:00,"2025-11-07 21:15:00","VFR",19.4,12.4,170,6,NA,NA,1013,"METAR KAVC 072115Z AUTO 17006KT 10SM SCT045 19/12 A2991 RMK AO2 T01940124",2025-11-07 21:23:04.372824,2025-11-07 16:23:04.372863
"KBJI","Bemidji Municip, MN, US",2025-11-07 21:15:00,"2025-11-07 15:15:00","MVFR",-0.2,-5.5,350,8,NA,NA,1009.2,"METAR KBJI 072115Z AUTO 35008KT 10SM OVC027 00/M05 A2980 RMK AO2 T10021055",2025-11-07 21:23:04.378867,2025-11-07 16:23:04.378906
"KBKD","Breckenridge/Stephens Cnty, TX, US",2025-11-07 21:15:00,"2025-11-07 15:15:00",NA,27.3,3.7,10,8,NA,NA,1010.6,"METAR KBKD 072115Z AUTO 01008KT CLR 27/04 A2984 RMK AO2 T02730037",2025-11-07 21:23:04.384742,2025-11-07 16:23:04.384781
"KBBB","Benson Muni, MN, US",2025-11-07 21:15:00,"2025-11-07 15:15:00","MVFR",3,2,310,16,23,NA,1009.2,"METAR KBBB 072115Z AUTO 31016G23KT 10SM OVC025 03/02 A2980 RMK AO2",2025-11-07 21:23:04.390665,2025-11-07 16:23:04.390704
"KBAM","Battle Mountain Arpt, NV, US",2025-11-07 21:15:00,"2025-11-07 13:15:00","VFR",17,2,350,4,NA,NA,1020.7,"METAR KBAM 072115Z AUTO 35004KT 10SM CLR 17/02 A3014 RMK AO1",2025-11-07 21:23:04.396611,2025-11-07 16:23:04.396648
"KBDH","Willmar Muni, MN, US",2025-11-07 21:15:00,"2025-11-07 15:15:00","MVFR",4,3,310,15,20,NA,1008.2,"METAR KBDH 072115Z AUTO 31015G20KT 10SM SCT016 OVC026 04/03 A2977 RMK AO2",2025-11-07 21:23:04.402561,2025-11-07 16:23:04.4026
"KBFR","Bedford/Grissom Arpt, IN, US",2025-11-07 21:15:00,"2025-11-07 16:15:00","VFR",18,15,NA,6,NA,NA,1003.8,"METAR KBFR 072115Z AUTO VRB06KT 10SM VCTS CLR 18/15 A2964 RMK AO2 LTG DSNT E-S",2025-11-07 21:23:04.40853,2025-11-07 16:23:04.408569
"KAXX","Angel Fire Arpt, NM, US",2025-11-07 21:15:00,"2025-11-07 14:15:00","VFR",12.8,-11.5,260,17,26,NA,1019.4,"METAR KAXX 072115Z AUTO 26017G26KT 10SM CLR 13/M11 A3010 RMK AO2 T01281115",2025-11-07 21:23:04.414473,2025-11-07 16:23:04.414514
"KBEC","Wichita/Beech Factory Arpt, KS, US",2025-11-07 21:15:00,"2025-11-07 15:15:00","VFR",20.5,-0.6,340,7,NA,NA,1010.9,"METAR KBEC 072115Z AUTO 34007KT 10SM CLR 21/M01 A2985 RMK AO2 T02051006",2025-11-07 21:23:04.420378,2025-11-07 16:23:04.420418
"KAZE","Hazlehurst Arpt, GA, US",2025-11-07 21:15:00,"2025-11-07 21:15:00","VFR",25.8,11.4,250,6,NA,NA,1012.6,"METAR KAZE 072115Z AUTO 25006KT 220V280 10SM CLR 26/11 A2990 RMK AO2 T02580114",2025-11-07 21:23:04.43592,2025-11-07 16:23:04.43596
"KATS","Artesia Muni, NM, US",2025-11-07 21:15:00,"2025-11-07 14:15:00","VFR",22,-3,0,0,NA,NA,1015.7,"METAR KATS 072115Z AUTO 00000KT 10SM CLR 22/M03 A2999 RMK AO2",2025-11-07 21:23:04.442385,2025-11-07 16:23:04.442423
"KBKN","Blackwell/Tonkawa Muni, OK, US",2025-11-07 21:15:00,"2025-11-07 21:15:00","VFR",23,3,320,10,NA,9,1010.6,"METAR KBKN 072115Z AUTO 32010KT 9SM CLR 23/03 A2984 RMK AO2",2025-11-07 21:23:04.448155,2025-11-07 16:23:04.448206
"KBRY","Bardstown/Samuel Fld, KY, US",2025-11-07 21:15:00,"2025-11-07 16:15:00","IFR",15.9,15.9,230,4,NA,2.5,1005.2,"METAR KBRY 072115Z AUTO 23004KT 2 1/2SM BR OVC005 16/16 A2968 RMK AO2 T01590159 $",2025-11-07 21:23:04.453903,2025-11-07 16:23:04.453939
"KBEA","Beeville Muni, TX, US",2025-11-07 21:15:00,"2025-11-07 21:15:00","VFR",32.7,8.5,220,8,NA,NA,1006.9,"METAR KBEA 072115Z AUTO 22008KT 140V260 10SM CLR 33/09 A2973 RMK AO2 T03270085 PWINO",2025-11-07 21:23:04.459821,2025-11-07 16:23:04.459859
"KAXV","Wapakoneta/Armstrong Arpt, OH, US",2025-11-07 21:15:00,"2025-11-07 16:15:00","VFR",16,10,250,13,17,NA,1001.4,"METAR KAXV 072115Z AUTO 25013G17KT 10SM CLR 16/10 A2957 RMK AO2",2025-11-07 21:23:04.465786,2025-11-07 16:23:04.465822
"KBMT","Beaumont Muni, TX, US",2025-11-07 21:15:00,"2025-11-07 15:15:00","VFR",27,16.8,180,8,NA,NA,1007.9,"METAR KBMT 072115Z AUTO 18008KT 10SM CLR 27/17 A2976 RMK AO2 T02700168",2025-11-07 21:23:04.471786,2025-11-07 16:23:04.471825
"KBIJ","Blakely/Early Cnty, GA, US",2025-11-07 21:15:00,"2025-11-07 21:15:00","VFR",25,15,200,7,NA,NA,1011.6,"METAR KBIJ 072115Z AUTO 20007KT 10SM SCT043 BKN049 OVC060 25/15 A2987 RMK AO2 LTG DSNT NW",2025-11-07 21:23:04.477802,2025-11-07 16:23:04.47784
"KBGE","Bainbridge/Decatur Cnty, GA, US",2025-11-07 21:15:00,"2025-11-07 16:15:00",NA,26,16.3,200,6,NA,NA,1011.6,"METAR KBGE 072115Z AUTO 20006KT VCTS SCT049 OVC065 26/16 A2987 RMK AO2 LTG DSNT NW PWINO T02600163",2025-11-07 21:23:04.483644,2025-11-07 16:23:04.483679
"KAXH","Houston/SW Arpt, TX, US",2025-11-07 21:15:00,"2025-11-07 21:15:00",NA,29.9,17.3,200,6,NA,NA,1007.9,"METAR KAXH 072115Z AUTO 20006KT 10SM 30/17 A2976 RMK AO2 T02990173",2025-11-07 21:23:04.489552,2025-11-07 16:23:04.489591
"KBRD","Brainerd/Lakes Rgnl, MN, US",2025-11-07 21:07:00,"2025-11-07 15:07:00","VFR",3.3,-2.2,350,10,NA,NA,1007.5,"SPECI KBRD 072107Z AUTO 35010KT 10SM OVC033 03/M02 A2975 RMK AO2 RAE2054 P0000 T00331022",2025-11-07 21:23:04.495487,2025-11-07 16:23:04.495526
"KBLU","Blue Canyon/Nyack Arpt, CA, US",2025-11-07 21:05:00,"2025-11-07 13:05:00","MVFR",10.6,9.4,210,4,NA,NA,1023.8,"SPECI KBLU 072105Z AUTO 21004KT 10SM SCT006 OVC011 11/09 A3023 RMK AO2 T01060094",2025-11-07 21:23:04.50141,2025-11-07 16:23:04.501446
"KBBG","Branson Arpt, MO, US",2025-11-07 20:59:00,"2025-11-07 14:59:00","VFR",23,3,340,10,NA,NA,1008.9,"METAR KBBG 072059Z 34010KT 10SM CLR 23/03 A2979",2025-11-07 21:23:04.507368,2025-11-07 16:23:04.507408
"KBKF","Buckley SFB, CO, US",2025-11-07 20:58:00,"2025-11-07 13:58:00","VFR",16.6,-17.9,0,0,NA,NA,1011.3,"METAR KBKF 072058Z 00000KT 10SM FEW095 SCT120 BKN130 BKN220 17/M18 A2986 RMK AO2A SLP071 T01661179 57027",2025-11-07 21:23:04.513305,2025-11-07 16:23:04.513344
"KBIH","Bishop Rgnl, CA, US",2025-11-07 20:56:00,"2025-11-07 12:56:00","VFR",22.2,-0.6,0,0,NA,NA,1017.7,"METAR KBIH 072056Z AUTO 00000KT 10SM CLR 22/M01 A3005 RMK AO2 SLP148 T02221006 58029",2025-11-07 21:23:04.519279,2025-11-07 16:23:04.519319
"KBLM","Farmingdale/Monmouth Exec, NJ, US",2025-11-07 20:56:00,"2025-11-07 15:56:00","VFR",15,2.8,180,13,18,NA,1010.2,"METAR KBLM 072056Z AUTO 18013G18KT 10SM CLR 15/03 A2983 RMK AO2 SLP101 T01500028 57039",2025-11-07 21:23:04.525204,2025-11-07 16:23:04.525247
"KBMI","Bloomington Rgnl, IL, US",2025-11-07 20:56:00,"2025-11-07 14:56:00","VFR",18.9,4.4,280,13,21,NA,1003.5,"METAR KBMI 072056Z 28013G21KT 10SM CLR 19/04 A2963 RMK AO2 SLP029 T01890044 56007",2025-11-07 21:23:04.531125,2025-11-07 16:23:04.531162
"KBKX","Brookings Rgnl, SD, US",2025-11-07 20:56:00,"2025-11-07 14:56:00","MVFR",2.2,-1.1,350,12,NA,NA,1009.9,"METAR KBKX 072056Z AUTO 35012KT 10SM OVC014 02/M01 A2982 RMK AO2 SLP121 T00221011 51017 FZRANO",2025-11-07 21:23:04.537044,2025-11-07 16:23:04.537084
"KBOK","Brookings/State Arpt, OR, US",2025-11-07 20:56:00,"2025-11-07 12:56:00","VFR",15.6,8.3,290,4,NA,9,1023.5,"METAR KBOK 072056Z AUTO 29004KT 9SM CLR 16/08 A3022 RMK AO2 SLP231 6//// T01560083 58006 PNO $",2025-11-07 21:23:04.54295,2025-11-07 16:23:04.542988
"KBTP","Pittsburgh/Butler Rgnl, PA, US",2025-11-07 20:56:00,"2025-11-07 15:56:00","MVFR",11.7,NA,190,5,NA,7,1002.5,"METAR KBTP 072056Z AUTO 19005KT 7SM -RA SCT016 BKN021 OVC037 12/ A2960 RMK AO2 SLP034 P0017 60026 T0117 56008 $",2025-11-07 21:23:04.558434,2025-11-07 16:23:04.558471
"KBJJ","Wooster/Wayne Cnty, OH, US",2025-11-07 20:56:00,"2025-11-07 15:56:00","IFR",11.1,10.6,210,8,NA,4,1001.1,"METAR KBJJ 072056Z AUTO 21008KT 4SM BR OVC005 11/11 A2956 RMK AO2 SLP012 60004 T01110106 56015",2025-11-07 21:23:04.564728,2025-11-07 16:23:04.564765
"KAWO","Arlington Muni, WA, US",2025-11-07 20:56:00,"2025-11-07 20:56:00","MVFR",12.8,6.1,260,3,NA,NA,1022.8,"METAR KAWO 072056Z AUTO 26003KT 10SM BKN029 BKN035 OVC045 13/06 A3020 RMK AO2 SLP233 T01280061 55002",2025-11-07 21:23:04.570517,2025-11-07 16:23:04.570555
"KBID","Block Island Arpt, RI, US",2025-11-07 20:56:00,"2025-11-07 15:56:00","VFR",11.7,3.9,200,20,26,NA,1011.9,"METAR KBID 072056Z AUTO 20020G26KT 10SM FEW036 12/04 A2988 RMK AO2 PK WND 20027/2037 SLP117 6//// T01170039 PNO $",2025-11-07 21:23:04.576382,2025-11-07 16:23:04.576418
"KAUO","Auburn Univ Arpt, AL, US",2025-11-07 20:56:00,"2025-11-07 14:56:00","MVFR",18.3,18.3,160,5,NA,3,1012.3,"METAR KAUO 072056Z AUTO 16005KT 3SM -RA BR FEW004 BKN040 OVC050 18/18 A2989 RMK AO2 SLP114 P0005 60012 T01830183 58014 $",2025-11-07 21:23:04.582288,2025-11-07 16:23:04.582326
"KAXS","Altus/Quartz Mtn Rgnl, OK, US",2025-11-07 20:56:00,"2025-11-07 14:56:00","VFR",26,-1,30,12,NA,NA,1011.6,"METAR KAXS 072056Z AUTO 03012KT 10SM CLR 26/M01 A2987 RMK AO2",2025-11-07 21:23:04.588258,2025-11-07 16:23:04.588297
"KBHB","Bar Harbor/Hancock Cnty, ME, US",2025-11-07 20:56:00,"2025-11-07 15:56:00","VFR",4.4,-4.4,200,8,NA,NA,1012.6,"METAR KBHB 072056Z AUTO 20008KT 10SM CLR 04/M04 A2990 RMK AO2 SLP128 6//// T00441044 58018 PNO $",2025-11-07 21:23:04.594251,2025-11-07 16:23:04.59429
"KBKT","Blackstone/Perkinson, VA, US",2025-11-07 20:55:00,"2025-11-07 15:55:00","VFR",20.5,10.9,180,7,NA,NA,1010.2,"METAR KBKT 072055Z AUTO 18007KT 10SM CLR 21/11 A2983 RMK AO2 SLP104 T02050109 57035",2025-11-07 21:23:04.60023,2025-11-07 16:23:04.600271
"KBGF","Winchester Muni, TN, US",2025-11-07 20:55:00,"2025-11-07 20:55:00","MVFR",21,15,NA,NA,NA,NA,1008.9,"METAR KBGF 072055Z AUTO 10SM BKN029 OVC037 21/15 A2979 RMK A01",2025-11-07 21:23:04.606104,2025-11-07 16:23:04.606142
"KBTN","Britton Muni, SD, US",2025-11-07 20:55:00,"2025-11-07 14:55:00","MVFR",0,-1,360,10,NA,NA,1011.3,"METAR KBTN 072055Z AUTO 36010KT 10SM OVC014 M00/M01 A2986 RMK AO2",2025-11-07 21:23:04.612082,2025-11-07 16:23:04.61212
"KBDN","Bend Muni, OR, US",2025-11-07 20:55:00,"2025-11-07 20:55:00","VFR",11,-2,NA,4,NA,NA,1022.1,"METAR KBDN 072055Z AUTO VRB04KT 10SM SCT050 11/M02 A3018 RMK AO2",2025-11-07 21:23:04.618041,2025-11-07 16:23:04.618078
"KAVK","Alva Muni, OK, US",2025-11-07 20:55:00,"2025-11-07 20:55:00","VFR",23,1,350,8,14,NA,1011.6,"METAR KAVK 072055Z AUTO 35008G14KT 10SM CLR 23/01 A2987 RMK A01",2025-11-07 21:23:04.623955,2025-11-07 16:23:04.623991
"KBOW","Bartow Muni, FL, US",2025-11-07 20:55:00,"2025-11-07 15:55:00","VFR",29,17,80,4,NA,NA,1012.6,"METAR KBOW 072055Z AUTO 08004KT 10SM BKN050 BKN055 29/17 A2990 RMK AO2 PWINO",2025-11-07 21:23:04.629879,2025-11-07 16:23:04.629916
"KBAB","Beale AFB, CA, US",2025-11-07 20:55:00,"2025-11-07 12:55:00","VFR",21.6,13.2,330,5,NA,NA,1019.7,"METAR KBAB 072055Z 33005KT 10SM CLR 22/13 A3011 RMK AO2A SLP199 T02160132 58017 $",2025-11-07 21:23:04.635873,2025-11-07 16:23:04.63591
"KBFA","Boyne Falls Arpt, MI, US",2025-11-07 20:55:00,"2025-11-07 20:55:00","VFR",8,4,290,7,17,NA,996.4,"METAR KBFA 072055Z AUTO 29007G17KT 260V330 10SM FEW036 SCT046 BKN055 08/04 A2942 RMK AO2",2025-11-07 21:23:04.64184,2025-11-07 16:23:04.64188
"KBIX","Biloxi/Keesler AFB, MS, US",2025-11-07 20:55:00,"2025-11-07 14:55:00","VFR",25.6,21.7,170,10,NA,NA,1008.9,"METAR KBIX 072055Z 17010KT 10SM FEW065 SCT100 26/22 A2979 RMK AO2A SLP091 T02560217 56025",2025-11-07 21:23:04.647833,2025-11-07 16:23:04.647872
"KBAD","Barksdale AFB, LA, US",2025-11-07 20:55:00,"2025-11-07 14:55:00","VFR",26,17.6,160,7,NA,NA,1007.5,"METAR KBAD 072055Z AUTO 16007KT 10SM BKN035 OVC043 26/18 A2975 RMK AO2 SLP077 T02600176 56021",2025-11-07 21:23:04.653769,2025-11-07 16:23:04.653807
"KBLV","Belleville/Scott AFB, IL, US",2025-11-07 20:55:00,"2025-11-07 14:55:00","VFR",22.7,4.7,290,8,NA,NA,1005.2,"METAR KBLV 072055Z AUTO 29008KT 10SM CLR 23/05 A2968 RMK AO2 SLP052 T02270047 57008 $",2025-11-07 21:23:04.659748,2025-11-07 16:23:04.659788
"KBIF","Biggs, TX, US",2025-11-07 20:55:00,"2025-11-07 13:55:00","VFR",25.1,-4.3,150,4,NA,NA,1015.3,"METAR KBIF 072055Z AUTO 15004KT 10SM CLR 25/M04 A2998 RMK AO2 SLP095 T02511043 57029 $",2025-11-07 21:23:04.665725,2025-11-07 16:23:04.665763
"KAST","Astoria Rgnl, OR, US",2025-11-07 20:55:00,"2025-11-07 12:55:00","MVFR",12.2,9.4,10,8,NA,NA,1023.1,"METAR KAST 072055Z AUTO 01008KT 10SM SCT017 BKN024 BKN029 12/09 A3021 RMK AO2 CIG 017 RWY 08 SLP229 60005 T01220094 53002",2025-11-07 21:23:04.681273,2025-11-07 16:23:04.681313
"KBFL","Bakersfield/Meadows Arpt, CA, US",2025-11-07 20:54:00,"2025-11-07 12:54:00","VFR",20.6,10.6,NA,NA,NA,NA,1018.7,"METAR KBFL 072054Z 10SM FEW036 21/11 A3008 RMK AO2 SLP182 T02060106 58029",2025-11-07 21:23:04.687588,2025-11-07 16:23:04.687626
"KAVP","Wilkes-Barre Scranton Intl, PA, US",2025-11-07 20:54:00,"2025-11-07 15:54:00","VFR",12.8,0.6,190,6,15,NA,1005.5,"METAR KAVP 072054Z 19006G15KT 10SM OVC065 13/01 A2969 RMK AO2 SLP056 T01280006 56028",2025-11-07 21:23:04.693409,2025-11-07 16:23:04.693445
"KAVL","Asheville Muni, NC, US",2025-11-07 20:54:00,"2025-11-07 15:54:00","VFR",19.4,8.3,210,10,20,NA,1011.3,"METAR KAVL 072054Z 21010G20KT 10SM CLR 19/08 A2986 RMK AO2 SLP099 T01940083 56016",2025-11-07 21:23:04.699191,2025-11-07 16:23:04.699231
"KBOS","Boston/Logan Intl, MA, US",2025-11-07 20:54:00,"2025-11-07 15:54:00","VFR",10,2.8,180,16,NA,NA,1010.9,"METAR KBOS 072054Z 18016KT 10SM FEW010 BKN220 OVC250 10/03 A2985 RMK AO2 SLP108 T01000028 56039",2025-11-07 21:23:04.705105,2025-11-07 16:23:04.705141
"KAUW","Wausau Downtown, WI, US",2025-11-07 20:54:00,"2025-11-07 14:54:00","MVFR",6.1,2.8,330,7,NA,NA,1001.4,"METAR KAUW 072054Z AUTO 33007KT 10SM OVC027 06/03 A2957 RMK AO2 RAB26E43 SLP023 P0000 60000 T00610028 53025",2025-11-07 21:23:04.711036,2025-11-07 16:23:04.711074
"KBTL","Battle Creek/Kellogg Fld Arpt, MI, US",2025-11-07 20:53:00,"2025-11-07 15:53:00","VFR",12.8,5,280,16,26,NA,1000.1,"METAR KBTL 072053Z 28016G26KT 10SM CLR 13/05 A2953 RMK AO2 PK WND 29027/1956 SLP999 T01280050 53018",2025-11-07 21:23:04.717071,2025-11-07 16:23:04.717109
"KBGR","Bangor Intl Arpt, ME, US",2025-11-07 20:53:00,"2025-11-07 15:53:00","VFR",4.4,-7.2,0,0,NA,NA,1011.6,"METAR KBGR 072053Z 00000KT 10SM BKN120 BKN200 04/M07 A2987 RMK AO2 SLP117 T00441072 58025",2025-11-07 21:23:04.723061,2025-11-07 16:23:04.723098
"KBDE","Baudette Intl, MN, US",2025-11-07 20:53:00,"2025-11-07 14:53:00","MVFR",-2.2,-7.8,10,9,NA,NA,1009.6,"METAR KBDE 072053Z AUTO 01009KT 10SM BKN027 M02/M08 A2981 RMK AO2 SLP111 T10221078 51011",2025-11-07 21:23:04.728975,2025-11-07 16:23:04.729013
"KAXN","Alexandria/Chandler Fld, MN, US",2025-11-07 20:53:00,"2025-11-07 14:53:00","MVFR",3.3,-2.2,330,8,NA,NA,1008.5,"METAR KAXN 072053Z AUTO 33008KT 10SM OVC026 03/M02 A2978 RMK AO2 SLP099 T00331022 53021",2025-11-07 21:23:04.734873,2025-11-07 16:23:04.73491
"KASX","Ashland/Kennedy Mem Arpt, WI, US",2025-11-07 20:53:00,"2025-11-07 14:53:00","MVFR",3.3,-0.6,30,14,18,9,1005.2,"METAR KASX 072053Z AUTO 03014G18KT 9SM -RA FEW016 BKN025 OVC030 03/M01 A2968 RMK AO2 RAB53 SLP060 P0000 60000 T00331006 53029",2025-11-07 21:23:04.740733,2025-11-07 16:23:04.740771
"KBCT","Boca Raton Arpt, FL, US",2025-11-07 20:53:00,"2025-11-07 15:53:00","VFR",27,21,120,7,10,NA,1012.3,"METAR KBCT 072053Z 12007G10KT 10SM FEW024 SCT070 27/21 A2989 RMK TCU DSNT ALQDS",2025-11-07 21:23:04.746672,2025-11-07 16:23:04.74671
"KAUS","Austin/Bergstrom Intl, TX, US",2025-11-07 20:53:00,"2025-11-07 14:53:00","VFR",32.2,13.9,210,10,16,NA,1006.2,"METAR KAUS 072053Z 21010G16KT 10SM CLR 32/14 A2971 RMK AO2 SLP052 T03220139 56031",2025-11-07 21:23:04.7526,2025-11-07 16:23:04.75264
"KBFF","Scottsbluff/Western Nebraska Rgnl, NE, US",2025-11-07 20:53:00,"2025-11-07 13:53:00","VFR",17.2,-7.2,280,18,28,NA,1009.9,"METAR KBFF 072053Z AUTO 28018G28KT 10SM -RA CLR 17/M07 A2982 RMK AO2 PK WND 26032/2043 RAB13 SLP086 P0000 60000 T01721072 56032",2025-11-07 21:23:04.758545,2025-11-07 16:23:04.758582
"KAWM","West Memphis Muni, AR, US",2025-11-07 20:53:00,"2025-11-07 14:53:00","VFR",20,17.2,NA,5,NA,NA,1007.2,"METAR KAWM 072053Z AUTO VRB05KT 10SM OVC035 20/17 A2974 RMK AO2 SLP069 T02000172 56018 TSNO",2025-11-07 21:23:04.764517,2025-11-07 16:23:04.764558
"KBNO","Burns Muni, OR, US",2025-11-07 20:53:00,"2025-11-07 12:53:00","VFR",11.1,-1.7,260,16,21,NA,1021.8,"METAR KBNO 072053Z AUTO 26016G21KT 10SM SCT049 11/M02 A3017 RMK AO2 SLP214 T01111017 50000",2025-11-07 21:23:04.770493,2025-11-07 16:23:04.770531
"KBTR","Baton Rouge/Ryan Fld, LA, US",2025-11-07 20:53:00,"2025-11-07 14:53:00","VFR",27.8,17.8,220,8,NA,NA,1008.5,"METAR KBTR 072053Z 22008KT 10SM FEW045 28/18 A2978 RMK AO2 SLP084 T02780178 56028",2025-11-07 21:23:04.776475,2025-11-07 16:23:04.776515
"KBNA","Nashville Intl, TN, US",2025-11-07 20:53:00,"2025-11-07 14:53:00","VFR",22.2,13.9,220,6,16,NA,1007.2,"METAR KBNA 072053Z 22006G16KT 10SM BKN036 BKN044 BKN120 22/14 A2974 RMK AO2 PK WND 23026/2022 SLP065 T02220139 56019",2025-11-07 21:23:04.782487,2025-11-07 16:23:04.782526
"KBIL","Billings/Logan Intl, MT, US",2025-11-07 20:53:00,"2025-11-07 13:53:00","VFR",9.4,-3.3,250,15,26,NA,1009.2,"METAR KBIL 072053Z 25015G26KT 10SM SCT055CB BKN070 09/M03 A2980 RMK AO2 PK WND 28036/2001 RAB07E23 SLP097 VIRGA SHRASN DSNT E-SW CBMAM OHD MOV E P0000 60000 T00941033 50006",2025-11-07 21:23:04.788451,2025-11-07 16:23:04.78849
"KBPT","Beaumont/SE Texas Rgnl, TX, US",2025-11-07 20:53:00,"2025-11-07 14:53:00","VFR",27.2,18.3,200,10,NA,NA,1008.2,"METAR KBPT 072053Z 20010KT 10SM CLR 27/18 A2977 RMK AO2 SLP080 T02720183 56024",2025-11-07 21:23:04.803906,2025-11-07 16:23:04.803944
"KAUG","Augusta/State Arpt, ME, US",2025-11-07 20:53:00,"2025-11-07 15:53:00","VFR",5,-3.9,NA,4,NA,NA,1011.6,"METAR KAUG 072053Z AUTO VRB04KT 10SM CLR 05/M04 A2987 RMK AO2 SLP117 T00501039 56028 PWINO $",2025-11-07 21:23:04.810268,2025-11-07 16:23:04.810306
"KBKE","Baker Muni, OR, US",2025-11-07 20:53:00,"2025-11-07 12:53:00","VFR",10.6,-2.8,320,9,16,NA,1021.4,"METAR KBKE 072053Z AUTO 32009G16KT 10SM FEW055 11/M03 A3016 RMK AO2 SLP214 T01061028 50006",2025-11-07 21:23:04.816072,2025-11-07 16:23:04.816108
"KBPI","Big Piney Arpt, WY, US",2025-11-07 20:53:00,"2025-11-07 13:53:00","VFR",8.3,-5,310,15,25,NA,1016.3,"METAR KBPI 072053Z AUTO 31015G25KT 10SM SCT060 08/M05 A3001 RMK AO2 SLP150 T00831050 58019",2025-11-07 21:23:04.822051,2025-11-07 16:23:04.822093
"KBMQ","Burnet Muni, TX, US",2025-11-07 20:53:00,"2025-11-07 20:53:00","VFR",29.4,5.6,300,9,15,NA,1008.9,"METAR KBMQ 072053Z AUTO 30009G15KT 10SM CLR 29/06 A2979 RMK AO2 SLP071 T02940056 56017",2025-11-07 21:23:04.827989,2025-11-07 16:23:04.828025
"KATY","Watertown Rgnl, SD, US",2025-11-07 20:53:00,"2025-11-07 14:53:00","MVFR",1.1,-1.7,350,11,NA,NA,1009.9,"METAR KATY 072053Z AUTO 35011KT 10SM OVC011 01/M02 A2982 RMK AO2 SLP111 T00111017 52013",2025-11-07 21:23:04.83393,2025-11-07 16:23:04.833969
"KBKL","Cleveland/Burke Lakefront Arpt, OH, US",2025-11-07 20:53:00,"2025-11-07 15:53:00","MVFR",13.3,10.6,220,13,20,NA,999.4,"METAR KBKL 072053Z 22013G20KT 10SM OVC015 13/11 A2951 RMK AO2 PK WND 21026/2002 SLP992 60000 T01330106 56004",2025-11-07 21:23:04.839909,2025-11-07 16:23:04.839947
"KBHM","Birmingham Intl, AL, US",2025-11-07 20:53:00,"2025-11-07 14:53:00","MVFR",22.8,16.1,190,6,NA,NA,1010.9,"METAR KBHM 072053Z 19006KT 10SM BKN025 BKN030 BKN038 23/16 A2985 RMK AO2 SLP104 60000 T02280161 56026",2025-11-07 21:23:04.845913,2025-11-07 16:23:04.845956
"KBKV","Brooksville-Tampa Bay Rgnl, FL, US",2025-11-07 20:53:00,"2025-11-07 20:53:00","VFR",27.2,18.3,280,10,NA,NA,1012.6,"METAR KBKV 072053Z 28010KT 10SM CLR 27/18 A2990 RMK AO2 SLP125 T02720183 56018",2025-11-07 21:23:04.851814,2025-11-07 16:23:04.851853
"KBIV","Holland/Tulip City Arpt, MI, US",2025-11-07 20:53:00,"2025-11-07 20:53:00","VFR",12.8,6.1,280,9,16,NA,1000.4,"METAR KBIV 072053Z AUTO 28009G16KT 10SM CLR 13/06 A2954 RMK AO2 SLP986 T01280061 53017",2025-11-07 21:23:04.857764,2025-11-07 16:23:04.857802
"KBFM","Mobile/Downtown Arpt, AL, US",2025-11-07 20:53:00,"2025-11-07 14:53:00","MVFR",23.3,21.7,160,8,NA,NA,1010.6,"METAR KBFM 072053Z 16008KT 10SM BKN020 BKN029 BKN042 23/22 A2984 RMK AO2 SLP105 60001 T02330217 56025",2025-11-07 21:23:04.863704,2025-11-07 16:23:04.863742
"KBEH","Benton Harbor/SW Michigan Rgnl, MI, US",2025-11-07 20:53:00,"2025-11-07 15:53:00","VFR",13.3,6.7,270,12,NA,NA,1000.8,"METAR KBEH 072053Z AUTO 27012KT 10SM CLR 13/07 A2955 RMK AO2 SLP008 T01330067 51008",2025-11-07 21:23:04.86966,2025-11-07 16:23:04.869698
"KBCE","Bryce Canyon Arpt, UT, US",2025-11-07 20:53:00,"2025-11-07 13:53:00","VFR",14.4,-2.8,310,8,NA,NA,1021.1,"METAR KBCE 072053Z AUTO 31008KT 10SM CLR 14/M03 A3015 RMK AO2 SLP154 T01441028 58017",2025-11-07 21:23:04.875583,2025-11-07 16:23:04.875624
"KBOI","Boise Arpt, ID, US",2025-11-07 20:53:00,"2025-11-07 13:53:00","VFR",12.2,0,320,13,NA,NA,1021.1,"METAR KBOI 072053Z AUTO 32013KT 10SM BKN065 12/00 A3015 RMK AO2 SLP203 60000 T01220000 51003",2025-11-07 21:23:04.881575,2025-11-07 16:23:04.881612
"KBAF","Westfield/Barnes Muni, MA, US",2025-11-07 20:53:00,"2025-11-07 15:53:00","VFR",12.2,1.1,180,13,24,NA,1008.2,"METAR KBAF 072053Z 18013G24KT 10SM SCT060 12/01 A2977 RMK AO2 SLP086 T01220011 56042",2025-11-07 21:23:04.887534,2025-11-07 16:23:04.887572
"KBMG","Bloomington/Monroe Cnty, IN, US",2025-11-07 20:53:00,"2025-11-07 15:53:00","VFR",20,8.9,280,11,19,NA,1003.8,"METAR KBMG 072053Z 28011G19KT 10SM CLR 20/09 A2964 RMK AO2 SLP033 T02000089 55005",2025-11-07 21:23:04.893486,2025-11-07 16:23:04.893524
"KBFI","Seattle/Boeing Fld, WA, US",2025-11-07 20:53:00,"2025-11-07 12:53:00","VFR",12.2,5.6,190,6,NA,NA,1022.8,"METAR KBFI 072053Z 19006KT 10SM OVC070 12/06 A3020 RMK AO2 SLP226 T01220056 50008",2025-11-07 21:23:04.899443,2025-11-07 16:23:04.899483
"KBJC","Rocky Mtn Metro, CO, US",2025-11-07 20:53:00,"2025-11-07 13:53:00","VFR",17,-13,260,25,30,NA,1011.9,"METAR KBJC 072053Z 26025G30KT 10SM BKN070 BKN200 17/M13 A2988",2025-11-07 21:23:04.905348,2025-11-07 16:23:04.905386
"KBBW","Broken Bow Muni, NE, US",2025-11-07 20:53:00,"2025-11-07 14:53:00","VFR",17.8,-5,310,15,NA,NA,1009.2,"METAR KBBW 072053Z AUTO 31015KT 10SM CLR 18/M05 A2980 RMK AO2 PK WND 32026/2017 SLP086 T01781050 58020",2025-11-07 21:23:04.911278,2025-11-07 16:23:04.911317
"KBPK","Mountain Home/Baxter Cnty, AR, US",2025-11-07 20:53:00,"2025-11-07 14:53:00","VFR",23.3,8.3,0,0,NA,NA,1007.5,"METAR KBPK 072053Z AUTO 00000KT 10SM CLR 23/08 A2975 RMK AO2 SLP067 T02330083 56014 PWINO $",2025-11-07 21:23:04.926712,2025-11-07 16:23:04.926752
"KBRL","Burlington/SE Iowa Rgnl, IA, US",2025-11-07 20:53:00,"2025-11-07 14:53:00","VFR",20,2.2,300,11,22,NA,1003.5,"METAR KBRL 072053Z AUTO 30011G22KT 280V340 10SM CLR 20/02 A2963 RMK AO2 SLP032 T02000022 55005",2025-11-07 21:23:04.932948,2025-11-07 16:23:04.932984
"KBRO","Brownsville Intl, TX, US",2025-11-07 20:53:00,"2025-11-07 14:53:00","VFR",32.2,18.3,170,11,NA,NA,1007.5,"METAR KBRO 072053Z 17011KT 10SM CLR 32/18 A2975 RMK AO2 SLP074 T03220183 56027",2025-11-07 21:23:04.93871,2025-11-07 16:23:04.938746
"KBTM","Butte/Mooney Arpt, MT, US",2025-11-07 20:53:00,"2025-11-07 13:53:00","VFR",6.1,-10,260,17,28,NA,1014,"METAR KBTM 072053Z AUTO 26017G28KT 10SM CLR 06/M10 A2994 RMK AO2 PK WND 26028/2044 SLP138 T00611100 56009",2025-11-07 21:23:04.944566,2025-11-07 16:23:04.944602
"KAZO","Kalamazoo Intl, MI, US",2025-11-07 20:53:00,"2025-11-07 15:53:00","VFR",13.3,5,260,14,24,NA,1000.4,"METAR KAZO 072053Z 26014G24KT 10SM CLR 13/05 A2954 RMK AO2 PK WND 26028/2016 SLP005 T01330050 53016",2025-11-07 21:23:04.950532,2025-11-07 16:23:04.95057
"KBLI","Bellingham Intl, WA, US",2025-11-07 20:53:00,"2025-11-07 12:53:00","VFR",11.7,6.7,180,8,NA,NA,1022.1,"METAR KBLI 072053Z 18008KT 10SM BKN060 12/07 A3018 RMK AO2 SLP227 T01170067 51012",2025-11-07 21:23:04.956493,2025-11-07 16:23:04.956531
"KATL","Atlanta/Hartsfield-Jackson Intl, GA, US",2025-11-07 20:52:00,"2025-11-07 15:52:00","VFR",20.6,14.4,220,5,NA,6,1011.9,"METAR KATL 072052Z 22005KT 6SM -RA OVC055 21/14 A2988 RMK AO2 RAB47 SLP114 P0000 60000 T02060144 56021 $",2025-11-07 21:23:04.962463,2025-11-07 16:23:04.962501
"KBML","Berlin Muni, NH, US",2025-11-07 20:52:00,"2025-11-07 15:52:00","VFR",3.9,-4.4,170,11,21,NA,1006.5,"METAR KBML 072052Z AUTO 17011G21KT 10SM BKN110 04/M04 A2972 RMK AO2 SLP077 T00391044 56043",2025-11-07 21:23:04.96849,2025-11-07 16:23:04.968527
"KBIS","Bismarck Arpt, ND, US",2025-11-07 20:52:00,"2025-11-07 14:52:00","MVFR",1.7,-2.8,100,7,NA,NA,1011.3,"METAR KBIS 072052Z AUTO 10007KT 10SM OVC017 02/M03 A2986 RMK AO2 SLP125 T00171028 58010",2025-11-07 21:23:04.974383,2025-11-07 16:23:04.974421
"KBLH","Blythe Arpt, CA, US",2025-11-07 20:52:00,"2025-11-07 12:52:00","VFR",28.9,5,0,0,NA,NA,1011.6,"METAR KBLH 072052Z AUTO 00000KT 10SM CLR 29/05 A2987 RMK AO2 SLP110 T02890050 58034",2025-11-07 21:23:04.980352,2025-11-07 16:23:04.980391
"KBDR","Bridgeport/Sikorsky Mem, CT, US",2025-11-07 20:52:00,"2025-11-07 15:52:00","VFR",13.9,6.1,200,16,28,NA,1009.9,"METAR KBDR 072052Z 20016G28KT 10SM CLR 14/06 A2982 RMK AO2 PK WND 20031/2009 SLP098 T01390061 56041",2025-11-07 21:23:04.986268,2025-11-07 16:23:04.986309
"KBGD","Borger/Hutchinson Cnty, TX, US",2025-11-07 20:51:00,"2025-11-07 14:51:00","VFR",20.6,-3.9,90,3,NA,NA,1014.6,"METAR KBGD 072051Z AUTO 09003KT 10SM CLR 21/M04 A2996 RMK AO2 SLP119 T02061039 56028",2025-11-07 21:23:04.9922,2025-11-07 16:23:04.992243
"KBDL","Hartford/Bradley Intl, CT, US",2025-11-07 20:51:00,"2025-11-07 15:51:00","VFR",12.8,2.2,180,15,25,NA,1008.9,"METAR KBDL 072051Z 18015G25KT 10SM SCT048 SCT150 BKN190 BKN250 13/02 A2979 RMK AO2 PK WND 18033/2017 SLP089 T01280022 56042",2025-11-07 21:23:04.998128,2025-11-07 16:23:04.998168
"KBED","Bedford/Hanscom Fld, MA, US",2025-11-07 20:51:00,"2025-11-07 15:51:00","VFR",10,0.6,180,10,NA,NA,1010.2,"METAR KBED 072051Z 18010KT 10SM BKN044 10/01 A2983 RMK AO2 SLP117 T01000006 56037",2025-11-07 21:23:05.004081,2025-11-07 16:23:05.004118
"KBKW","Beckley/Raleigh Cnty, WV, US",2025-11-07 20:51:00,"2025-11-07 15:51:00","VFR",18.3,5,220,15,27,NA,1008.2,"METAR KBKW 072051Z AUTO 22015G27KT 10SM CLR 18/05 A2977 RMK AO2 PK WND 23029/2033 RAE05B34E50 SLP069 P0000 60000 T01830050 56022",2025-11-07 21:23:05.009999,2025-11-07 16:23:05.010037
"KBAZ","New Braunfels Muni, TX, US",2025-11-07 20:51:00,"2025-11-07 20:51:00","VFR",31.1,13.9,230,12,NA,NA,1006.9,"METAR KBAZ 072051Z 23012KT 10SM CLR 31/14 A2973 RMK AO2 SLP058 T03110139 56029",2025-11-07 21:23:05.015975,2025-11-07 16:23:05.016011
"KBHK","Baker Muni, MT, US",2025-11-07 20:51:00,"2025-11-07 20:51:00","VFR",10,0,150,5,NA,NA,1007.2,"METAR KBHK 072051Z AUTO 15005KT 10SM OVC070 10/00 A2974 RMK AO2 SLP075 T01000000 57022",2025-11-07 21:23:05.021901,2025-11-07 16:23:05.021937
"KAVX","Avalon/Catalina Arpt, CA, US",2025-11-07 20:51:00,"2025-11-07 12:51:00","VFR",22.8,6.1,330,5,NA,NA,1014.3,"METAR KAVX 072051Z AUTO 33005KT 10SM CLR 23/06 A2995 RMK AO2 SLP123 T02280061 58018 $",2025-11-07 21:23:05.027809,2025-11-07 16:23:05.027847
"KBQP","Morehouse Mem Arpt, LA, US",2025-11-07 20:50:00,"2025-11-07 20:50:00",NA,25.8,16.6,230,6,NA,NA,1008.5,"METAR KBQP 072050Z AUTO 23006KT SCT035 BKN042 26/17 A2978 RMK AO2 T02580166 PWINO",2025-11-07 21:23:05.033695,2025-11-07 16:23:05.033731
"KBAK","Columbus Muni, IN, US",2025-11-07 20:45:00,"2025-11-07 15:45:00","VFR",14,8,270,11,16,NA,1003.5,"METAR KBAK 072045Z 27011G16KT 10SM SCT030 14/08 A2963",2025-11-07 21:23:05.049425,2025-11-07 16:23:05.049468
"KATW","Appleton/Outagamie Cnty, WI, US",2025-11-07 20:45:00,"2025-11-07 14:45:00","VFR",11,3,290,10,15,7,1000.1,"METAR KATW 072045Z 29010G15KT 7SM -RA OVC037 11/03 A2953",2025-11-07 21:23:05.05565,2025-11-07 16:23:05.055685
"KCKV","Clarksville/Outlaw Fld, TN, US",2025-11-07 21:20:00,"2025-11-07 15:20:00","MVFR",18.9,17.2,280,7,NA,6,1005.8,"SPECI KCKV 072120Z AUTO 28007KT 6SM BR FEW009 BKN019 OVC026 19/17 A2970 RMK AO2 LTG DSNT S AND SW RAE15 P0002 T01890172",2025-11-07 21:23:06.598431,2025-11-07 16:23:06.598468
"KCEC","Crescent City/McNama, CA, US",2025-11-07 21:19:00,"2025-11-07 13:19:00","LIFR",13.3,12.2,320,7,NA,1.5,1023.1,"SPECI KCEC 072119Z AUTO 32007KT 1 1/2SM BR BKN002 13/12 A3021 RMK AO2 T01330122",2025-11-07 21:23:06.604483,2025-11-07 16:23:06.604519
"KCMX","Houghton Cnty Mem, MI, US",2025-11-07 21:16:00,"2025-11-07 16:16:00","MVFR",1.1,-2.2,350,11,19,4,1003.1,"SPECI KCMX 072116Z AUTO 35011G19KT 4SM -SN FEW011 OVC020 01/M02 A2962 RMK AO2 P0000 T00111022",2025-11-07 21:23:06.610385,2025-11-07 16:23:06.610421
"KCFE","Buffalo Muni, MN, US",2025-11-07 21:15:00,"2025-11-07 21:15:00","MVFR",6,0,340,11,16,NA,1006.9,"METAR KCFE 072115Z AUTO 34011G16KT 10SM OVC030 06/00 A2973 RMK AO2",2025-11-07 21:23:06.616419,2025-11-07 16:23:06.616457
"KC65","Plymouth Muni, IN, US",2025-11-07 21:15:00,"2025-11-07 16:15:00","VFR",16,6,270,12,18,NA,1001.1,"METAR KC65 072115Z AUTO 27012G18KT 10SM CLR 16/06 A2956 RMK A01",2025-11-07 21:23:06.622382,2025-11-07 16:23:06.622421
"KBWW","Bowman Rgnl, ND, US",2025-11-07 21:15:00,"2025-11-07 14:15:00","IFR",9,0,0,0,NA,2,1007.5,"METAR KBWW 072115Z AUTO 00000KT 2SM HZ FEW050 FEW080 BKN100 09/00 A2975 RMK AO2",2025-11-07 21:23:06.628248,2025-11-07 16:23:06.628287
"KCGC","Crystal River Arpt, FL, US",2025-11-07 21:15:00,"2025-11-07 21:15:00","VFR",26,18,280,8,NA,NA,1013,"METAR KCGC 072115Z AUTO 28008KT 10SM CLR 26/18 A2991 RMK AO2 LTG DSNT NW",2025-11-07 21:23:06.634206,2025-11-07 16:23:06.634247
"KCFJ","Crawfordsville Muni, IN, US",2025-11-07 21:15:00,"2025-11-07 21:15:00","VFR",17.5,3.3,280,11,18,NA,1003.8,"METAR KCFJ 072115Z AUTO 28011G18KT 10SM CLR 18/03 A2964 RMK AO2 T01750033",2025-11-07 21:23:06.640202,2025-11-07 16:23:06.640247
"KC75","Lacon/Marshall Cnty, IL, US",2025-11-07 21:15:00,"2025-11-07 21:15:00","VFR",18.2,3,280,9,NA,NA,1002.5,"METAR KC75 072115Z AUTO 28009KT 10SM CLR 18/03 A2960 RMK AO2 T01820030",2025-11-07 21:23:06.646125,2025-11-07 16:23:06.646163
"KCKF","Cordele/Crisp Cnty, GA, US",2025-11-07 21:15:00,"2025-11-07 21:15:00","VFR",25.5,11.7,0,0,NA,NA,1012.3,"METAR KCKF 072115Z AUTO 00000KT 10SM BKN090 BKN110 26/12 A2989 RMK AO2 LTG DSNT W T02550117",2025-11-07 21:23:06.652077,2025-11-07 16:23:06.652113
"KBXK","Buckeye Muni, AZ, US",2025-11-07 21:15:00,"2025-11-07 14:15:00","VFR",27,4,150,5,NA,NA,1012.3,"METAR KBXK 072115Z AUTO 15005KT 10SM CLR 27/04 A2989 RMK AO2",2025-11-07 21:23:06.658036,2025-11-07 16:23:06.658073
"KCBK","Colby/Shaltz Fld, KS, US",2025-11-07 21:15:00,"2025-11-07 15:15:00","VFR",16.6,-4,260,8,NA,NA,1013,"METAR KCBK 072115Z AUTO 26008KT 10SM CLR 17/M04 A2991 RMK AO2 T01661040",2025-11-07 21:23:06.664006,2025-11-07 16:23:06.664045
"KBVN","Albion Muni, NE, US",2025-11-07 21:15:00,"2025-11-07 21:15:00","VFR",16.6,-0.8,330,16,19,NA,1008.9,"METAR KBVN 072115Z AUTO 33016G19KT 10SM CLR 17/M01 A2979 RMK AO2 T01661008",2025-11-07 21:23:06.680241,2025-11-07 16:23:06.680282
"KCFS","Tuscola Area Arpt, MI, US",2025-11-07 21:15:00,"2025-11-07 16:15:00","VFR",11,8,260,7,NA,NA,996.7,"METAR KCFS 072115Z AUTO 26007KT 10SM BKN033 OVC038 11/08 A2943 RMK AO2",2025-11-07 21:23:06.686433,2025-11-07 16:23:06.686472
"KCKM","Clarksdale/Fletcher Fld, MS, US",2025-11-07 21:15:00,"2025-11-07 15:15:00",NA,NA,NA,230,6,NA,NA,1008.5,"METAR KCKM 072115Z AUTO 23006KT 10SM A2978 RMK A01",2025-11-07 21:23:06.692256,2025-11-07 16:23:06.692296
"KBUU","Burlington Muni, WI, US",2025-11-07 21:15:00,"2025-11-07 21:15:00","VFR",15.7,2.9,280,6,14,NA,1000.4,"METAR KBUU 072115Z AUTO 28006G14KT 10SM SCT050 SCT090 16/03 A2954 RMK AO2 T01570029 PWINO",2025-11-07 21:23:06.698086,2025-11-07 16:23:06.698122
"KC62","Kendallville Muni, IN, US",2025-11-07 21:15:00,"2025-11-07 21:15:00","VFR",15.1,5.7,280,9,16,NA,1001.1,"METAR KC62 072115Z AUTO 28009G16KT 260V320 10SM SCT044 15/05 A2956 RMK AO2 T01510057",2025-11-07 21:23:06.704021,2025-11-07 16:23:06.70406
"KCCA","Clinton Muni, AR, US",2025-11-07 21:15:00,"2025-11-07 21:15:00","VFR",25,16,160,3,NA,NA,1006.9,"METAR KCCA 072115Z AUTO 16003KT 10SM CLR 25/16 A2973 RMK AO2",2025-11-07 21:23:06.710014,2025-11-07 16:23:06.710052
"KBWP","Breckenridge-Wahpeton/Stern Arpt, ND, US",2025-11-07 21:15:00,"2025-11-07 15:15:00","MVFR",1,1,340,13,NA,NA,1011.3,"METAR KBWP 072115Z AUTO 34013KT 10SM BKN017 OVC024 01/01 A2986 RMK AO2",2025-11-07 21:23:06.716007,2025-11-07 16:23:06.716043
"KCKP","Cherokee Cnty, IA, US",2025-11-07 21:15:00,"2025-11-07 21:15:00","VFR",9,3,350,14,NA,NA,1008.5,"METAR KCKP 072115Z AUTO 35014KT 10SM OVC037 09/03 A2978 RMK AO2",2025-11-07 21:23:06.721991,2025-11-07 16:23:06.722029
"KCIR","Cairo Rgnl, IL, US",2025-11-07 21:15:00,"2025-11-07 15:15:00","VFR",22,16,230,7,NA,NA,1006.2,"METAR KCIR 072115Z AUTO 23007KT 10SM SCT027 SCT036 SCT045 22/16 A2971 RMK AO2 T02200160",2025-11-07 21:23:06.727883,2025-11-07 16:23:06.72792
"KCAV","Clarion Muni, IA, US",2025-11-07 21:15:00,"2025-11-07 21:15:00","VFR",9,3,330,21,28,NA,1006.5,"METAR KCAV 072115Z AUTO 33021G28KT 10SM OVC039 09/03 A2972 RMK A01",2025-11-07 21:23:06.73379,2025-11-07 16:23:06.733829
"KC29","Middleton Muni, WI, US",2025-11-07 21:15:00,"2025-11-07 21:15:00","VFR",14.7,0.9,280,10,NA,NA,1000.8,"METAR KC29 072115Z AUTO 28010KT 10SM OVC060 15/01 A2955 RMK AO1 T01470009",2025-11-07 21:23:06.739718,2025-11-07 16:23:06.739758
"KCIN","Carroll/Neu Arpt, IA, US",2025-11-07 21:15:00,"2025-11-07 15:15:00","VFR",15,3,320,16,26,NA,1006.5,"METAR KCIN 072115Z AUTO 32016G26KT 10SM CLR 15/03 A2972 RMK AO2",2025-11-07 21:23:06.745698,2025-11-07 16:23:06.745736
"KCBG","Cambridge Muni, MN, US",2025-11-07 21:15:00,"2025-11-07 21:15:00","MVFR",5.6,-0.6,340,14,NA,NA,1006.5,"METAR KCBG 072115Z AUTO 34014KT 10SM BKN027 OVC033 06/M01 A2972 RMK AO2 CIG 026V032 T00561006",2025-11-07 21:23:06.751627,2025-11-07 16:23:06.751665
"KCKC","Grand Marais Muni, MN, US",2025-11-07 21:15:00,"2025-11-07 15:15:00","MVFR",-3,-6,340,10,19,NA,1004.1,"METAR KCKC 072115Z AUTO 34010G19KT 10SM OVC020 M03/M06 A2965 RMK AO2",2025-11-07 21:23:06.757601,2025-11-07 16:23:06.75764
"KBVS","Burlington/Skagit Rgnl, WA, US",2025-11-07 21:15:00,"2025-11-07 13:15:00","VFR",12,12,NA,6,NA,NA,1022.8,"METAR KBVS 072115Z AUTO VRB06KT 10SM SCT070 12/12 A3020 RMK A01",2025-11-07 21:23:06.763598,2025-11-07 16:23:06.763638
"KCCY","Charles City/NE Iowa Rgnl, IA, US",2025-11-07 21:15:00,"2025-11-07 15:15:00","MVFR",9,4,310,17,24,NA,1004.8,"METAR KCCY 072115Z AUTO 31017G24KT 10SM BKN025 OVC041 09/04 A2967 RMK AO2",2025-11-07 21:23:06.769575,2025-11-07 16:23:06.769614
"KCHK","Chickasha Muni, OK, US",2025-11-07 21:15:00,"2025-11-07 15:15:00","VFR",23.1,4,10,10,NA,NA,1010.2,"METAR KCHK 072115Z AUTO 01010KT 10SM CLR 23/04 A2983 RMK AO2 T02310040",2025-11-07 21:23:06.775539,2025-11-07 16:23:06.77558
"KCKI","Kingstree/Williamsburg Rgnl, SC, US",2025-11-07 21:15:00,"2025-11-07 21:15:00","VFR",23,13,0,0,NA,NA,1011.9,"METAR KCKI 072115Z AUTO 00000KT 10SM CLR 23/13 A2988 RMK AO2",2025-11-07 21:23:06.781538,2025-11-07 16:23:06.78158
"KCMD","Culman Rgnl, AL, US",2025-11-07 21:15:00,"2025-11-07 21:15:00","VFR",21,17,NA,6,14,NA,1010.2,"METAR KCMD 072115Z AUTO VRB06G14KT 10SM FEW022 SCT028 BKN037 21/17 A2983 RMK AO2",2025-11-07 21:23:06.787569,2025-11-07 16:23:06.787607
"KCLI","Clintonville Muni, WI, US",2025-11-07 21:15:00,"2025-11-07 15:15:00","VFR",8.6,2.4,340,9,NA,NA,1001.4,"METAR KCLI 072115Z AUTO 34009KT 10SM BKN038 OVC049 09/02 A2957 RMK AO2 T00860024",2025-11-07 21:23:06.803361,2025-11-07 16:23:06.803404
"KC35","Reedsburg Muni, WI, US",2025-11-07 21:15:00,"2025-11-07 21:15:00","VFR",11.5,2.8,330,14,NA,NA,1001.4,"METAR KC35 072115Z AUTO 33014KT 10SM OVC042 12/03 A2957 RMK AO2 T01150028 PWINO",2025-11-07 21:23:06.809433,2025-11-07 16:23:06.809469
"KBVI","Beaver Falls Arpt, PA, US",2025-11-07 21:15:00,"2025-11-07 16:15:00","MVFR",13.6,11.8,230,10,NA,4,1002.1,"METAR KBVI 072115Z AUTO 23010KT 4SM -RA SCT009 BKN012 OVC026 14/12 A2959 RMK AO2 T01360118",2025-11-07 21:23:06.815152,2025-11-07 16:23:06.815201
"KBWD","Brownwood Muni, TX, US",2025-11-07 21:15:00,"2025-11-07 15:15:00","VFR",27.2,8.2,20,14,NA,NA,1009.2,"METAR KBWD 072115Z AUTO 02014KT 10SM CLR 27/08 A2980 RMK AO2 T02720082 $",2025-11-07 21:23:06.820998,2025-11-07 16:23:06.821034
"KC09","Morris Muni, IL, US",2025-11-07 21:15:00,"2025-11-07 21:15:00","VFR",18,7.3,270,13,19,NA,1001.8,"METAR KC09 072115Z AUTO 27013G19KT 10SM CLR 18/07 A2958 RMK AO2 T01800073",2025-11-07 21:23:06.827063,2025-11-07 16:23:06.827103
"KBYY","Bay City Muni, TX, US",2025-11-07 21:15:00,"2025-11-07 15:15:00","VFR",27.3,21.8,180,11,NA,NA,1006.9,"METAR KBYY 072115Z AUTO 18011KT 10SM CLR 27/22 A2973 RMK AO2 T02730218",2025-11-07 21:23:06.833046,2025-11-07 16:23:06.833083
"KCDH","Camden/Harrell Fld, AR, US",2025-11-07 21:15:00,"2025-11-07 15:15:00","VFR",22,18,0,0,NA,NA,1008.5,"METAR KCDH 072115Z AUTO 00000KT 10SM FEW034 OVC045 22/18 A2978 RMK AO2",2025-11-07 21:23:06.839034,2025-11-07 16:23:06.839073
"KBXM","Brunswick Exec, ME, US",2025-11-07 21:15:00,"2025-11-07 16:15:00","VFR",6,0,160,7,NA,NA,1011.9,"METAR KBXM 072115Z AUTO 16007KT 10SM FEW120 06/00 A2988 RMK AO2 PRESFR",2025-11-07 21:23:06.844994,2025-11-07 16:23:06.84504
"KCDN","Camden/Woodward Fld, SC, US",2025-11-07 21:15:00,"2025-11-07 16:15:00","VFR",23,12,190,6,NA,NA,1011.9,"METAR KCDN 072115Z AUTO 19006KT 10SM FEW050 23/12 A2988 RMK AO2",2025-11-07 21:23:06.850892,2025-11-07 16:23:06.850928
"KCAD","Cadillac/Wexford Cnty, MI, US",2025-11-07 21:15:00,"2025-11-07 16:15:00","MVFR",8,3,310,15,23,NA,998.1,"METAR KCAD 072115Z AUTO 31015G23KT 10SM OVC020 08/03 A2947 RMK AO2",2025-11-07 21:23:06.856816,2025-11-07 16:23:06.856852
"KCKZ","Perkasie/Pennridge Arpt, PA, US",2025-11-07 21:15:00,"2025-11-07 21:15:00","VFR",14,2,NA,6,15,NA,1007.9,"METAR KCKZ 072115Z AUTO VRB06G15KT 10SM CLR 14/02 A2976 RMK AO2",2025-11-07 21:23:06.862767,2025-11-07 16:23:06.862807
"KCCO","Newnan/Coweta Cnty, GA, US",2025-11-07 21:15:00,"2025-11-07 21:15:00","MVFR",19.7,14.6,180,4,NA,NA,1013,"METAR KCCO 072115Z AUTO 18004KT 10SM BKN030 BKN037 OVC047 20/15 A2991 RMK AO2 T01970146",2025-11-07 21:23:06.868695,2025-11-07 16:23:06.868731
"KCLK","Clinton Rgnl, OK, US",2025-11-07 21:15:00,"2025-11-07 15:15:00","VFR",24,-2,10,11,NA,NA,1011.9,"METAR KCLK 072115Z AUTO 01011KT 10SM CLR 24/M02 A2988 RMK AO2",2025-11-07 21:23:06.874632,2025-11-07 16:23:06.874671
"KCLS","Chehalis-Centralia Arpt, WA, US",2025-11-07 21:15:00,"2025-11-07 13:15:00","VFR",13,10,NA,4,NA,NA,1023.1,"METAR KCLS 072115Z AUTO VRB04KT 10SM FEW044 BKN050 BKN055 13/10 A3021 RMK AO2",2025-11-07 21:23:06.880658,2025-11-07 16:23:06.880698
"KCMR","Williams/Clark Fld, AZ, US",2025-11-07 21:15:00,"2025-11-07 21:15:00","VFR",19,-9,NA,4,11,NA,1021.1,"METAR KCMR 072115Z AUTO VRB04G11KT 10SM CLR 19/M09 A3015 RMK AO2",2025-11-07 21:23:06.886663,2025-11-07 16:23:06.886702
"KCLW","Clearwater Air Park, FL, US",2025-11-07 21:15:00,"2025-11-07 16:15:00","VFR",26,19,300,5,NA,NA,1012.6,"METAR KCLW 072115Z AUTO 30005KT 10SM CLR 26/19 A2990 RMK AO2",2025-11-07 21:23:06.892611,2025-11-07 16:23:06.892649
"KBXA","Bogalusa/Carr Arfld, LA, US",2025-11-07 21:15:00,"2025-11-07 15:15:00","VFR",29.7,20.5,210,10,NA,NA,1008.9,"METAR KBXA 072115Z AUTO 21010KT 10SM SCT037 SCT047 BKN070 30/21 A2979 RMK AO2 T02970205",2025-11-07 21:23:06.898607,2025-11-07 16:23:06.898646
"KCBF","Council Bluffs Muni, IA, US",2025-11-07 21:15:00,"2025-11-07 15:15:00","VFR",17,2,310,13,19,NA,1007.2,"METAR KCBF 072115Z AUTO 31013G19KT 10SM CLR 17/02 A2974 RMK AO2",2025-11-07 21:23:06.904523,2025-11-07 16:23:06.904562
"KCDI","Cambridg Muni, OH, US",2025-11-07 21:15:00,"2025-11-07 21:15:00","IFR",13.2,12.7,210,5,NA,NA,1003.1,"METAR KCDI 072115Z AUTO 21005KT 10SM BKN009 OVC014 13/13 A2962 RMK AO2 T01320127",2025-11-07 21:23:06.910529,2025-11-07 16:23:06.91057
"KCJR","Culpeper Rgnl, VA, US",2025-11-07 21:15:00,"2025-11-07 21:15:00","VFR",19,5,190,6,14,NA,1008.2,"METAR KCJR 072115Z AUTO 19006G14KT 10SM CLR 19/05 A2977 RMK AO2 T01900050",2025-11-07 21:23:06.92641,2025-11-07 16:23:06.926453
"KCKN","Crookston Muni, MN, US",2025-11-07 21:15:00,"2025-11-07 15:15:00","MVFR",-2,-6,330,13,16,NA,1012.6,"METAR KCKN 072115Z AUTO 33013G16KT 10SM OVC026 M02/M06 A2990 RMK AO2",2025-11-07 21:23:06.932404,2025-11-07 16:23:06.932445
"KBUF","Buffalo-Niagara Intl, NY, US",2025-11-07 21:09:00,"2025-11-07 16:09:00","MVFR",10,8.9,200,13,NA,3,997.7,"SPECI KBUF 072109Z 20013KT 3SM -RA FEW009 OVC014 10/09 A2946 RMK AO2 SFC VIS 9 P0000 T01000089 $",2025-11-07 21:23:06.938198,2025-11-07 16:23:06.938239
"KCAE","Columbia Metro, SC, US",2025-11-07 20:56:00,"2025-11-07 15:56:00","VFR",23.9,11.1,210,6,NA,NA,1011.6,"METAR KCAE 072056Z 21006KT 10SM FEW055 24/11 A2987 RMK AO2 SLP113 T02390111 56026",2025-11-07 21:23:06.94413,2025-11-07 16:23:06.944167
"KBZN","Bozeman/Gallatin Fld, MT, US",2025-11-07 20:56:00,"2025-11-07 13:56:00","VFR",9.4,-8.9,270,14,26,NA,1013.3,"METAR KBZN 072056Z 27014G26KT 10SM FEW120 09/M09 A2992 RMK AO2 PK WND 28034/2041 SLP130 T00941089 58001",2025-11-07 21:23:06.950094,2025-11-07 16:23:06.950135
"KCGZ","Casa Granda Muni, AZ, US",2025-11-07 20:56:00,"2025-11-07 13:56:00","VFR",27.2,2.2,0,0,NA,NA,1013,"METAR KCGZ 072056Z AUTO 00000KT 10SM CLR 27/02 A2991 RMK AO2 SLP119 6//// T02720022 PNO $",2025-11-07 21:23:06.956064,2025-11-07 16:23:06.956102
"KCHS","Charleston Intl, SC, US",2025-11-07 20:56:00,"2025-11-07 15:56:00","VFR",25,9.4,200,10,NA,NA,1012.6,"METAR KCHS 072056Z 20010KT 10SM FEW055 25/09 A2990 RMK AO2 SLP125 T02500094 56020",2025-11-07 21:23:06.962052,2025-11-07 16:23:06.962089
"KBVX","Batesville Rgnl, AR, US",2025-11-07 20:56:00,"2025-11-07 14:56:00","VFR",25,16.1,230,6,NA,NA,1007.2,"METAR KBVX 072056Z AUTO 23006KT 10SM FEW039 25/16 A2974 RMK AO2 SLP067 T02500161 58008",2025-11-07 21:23:06.967971,2025-11-07 16:23:06.968007
"KCBM","Columbus AFB, MS, US",2025-11-07 20:55:00,"2025-11-07 14:55:00","VFR",26.9,16.8,230,10,NA,NA,1006.9,"METAR KCBM 072055Z 23010KT 10SM SCT036 27/17 A2973 RMK AO2A SLP068 T02690168 57028 $",2025-11-07 21:23:06.973891,2025-11-07 16:23:06.97393
"KC08","Westcliffe/Silver West Arpt, CO, US",2025-11-07 20:55:00,"2025-11-07 20:55:00","VFR",13,-20,270,21,28,NA,1016,"METAR KC08 072055Z AUTO 27021G28KT 10SM CLR 13/M20 A3000 RMK AO2",2025-11-07 21:23:06.979812,2025-11-07 16:23:06.979849
"KCEF","Chicopee/Westover AFB, MA, US",2025-11-07 20:55:00,"2025-11-07 15:55:00","VFR",12.7,1.7,190,7,17,NA,1007.5,"METAR KCEF 072055Z AUTO 19007G17KT 10SM BKN060 BKN130 13/02 A2975 RMK AO2 SLP079 T01270017 57042",2025-11-07 21:23:06.985754,2025-11-07 16:23:06.985791
"KCEY","Murray/Oakley Fld, KY, US",2025-11-07 20:55:00,"2025-11-07 14:55:00","VFR",19,18,240,11,NA,9,1006.2,"METAR KCEY 072055Z AUTO 24011KT 9SM FEW013 OVC032 19/18 A2971 RMK A01",2025-11-07 21:23:06.991631,2025-11-07 16:23:06.99167
"KCAO","Clayton Muni, NM, US",2025-11-07 20:55:00,"2025-11-07 13:55:00","VFR",16.7,-6.7,170,12,21,NA,1015.3,"METAR KCAO 072055Z AUTO 17012G21KT 10SM CLR 17/M07 A2998 RMK AO2 SLP121 T01671067 56032 $",2025-11-07 21:23:06.997562,2025-11-07 16:23:06.9976
"KC83","Byron Arpt, CA, US",2025-11-07 20:55:00,"2025-11-07 20:55:00","VFR",22,15,330,7,13,NA,1019.4,"METAR KC83 072055Z AUTO 33007G13KT 10SM BKN034 22/15 A3010 RMK AO2",2025-11-07 21:23:07.003528,2025-11-07 16:23:07.003566
"KCMA","Camarillo Arpt, CA, US",2025-11-07 20:55:00,"2025-11-07 20:55:00","VFR",25.6,10,250,7,NA,NA,1012.3,"METAR KCMA 072055Z 25007KT 10SM CLR 26/10 A2989 RMK AO2 SLP128 T02560100 58027",2025-11-07 21:23:07.009524,2025-11-07 16:23:07.009561
"KBYS","Bicycle Lake , CA, US",2025-11-07 20:55:00,"2025-11-07 12:55:00","VFR",25.3,2.7,120,3,NA,NA,1015.3,"METAR KBYS 072055Z AUTO 12003KT 10SM CLR 25/03 A2998 RMK AO2 SLP135 T02530027 57025 $",2025-11-07 21:23:07.015499,2025-11-07 16:23:07.015535
"KCMY","Sparta/Ft McCoy Arpt, WI, US",2025-11-07 20:55:00,"2025-11-07 14:55:00","VFR",9.7,2.1,320,8,NA,9,1001.8,"METAR KCMY 072055Z AUTO 32008KT 9SM OVC038 10/02 A2958 RMK AO2 SLP022 60000 T00970021 53020",2025-11-07 21:23:07.02136,2025-11-07 16:23:07.021398
"KCEU","Clemson/Oconee Cnty, SC, US",2025-11-07 20:54:00,"2025-11-07 15:54:00","VFR",19.4,13.9,NA,5,NA,NA,1012.3,"METAR KCEU 072054Z AUTO VRB05KT 10SM CLR 19/14 A2989 RMK AO2 SLP116 T01940139 56024",2025-11-07 21:23:07.027346,2025-11-07 16:23:07.027386
"KBTV","Burlington Intl, VT, US",2025-11-07 20:54:00,"2025-11-07 15:54:00","VFR",7.8,0,190,8,18,NA,1002.5,"METAR KBTV 072054Z 19008G18KT 10SM -RA BKN060 OVC095 08/00 A2960 RMK AO2 RAB43 SLP028 P0000 60000 T00780000 56048",2025-11-07 21:23:07.042795,2025-11-07 16:23:07.042834
"KBUY","Burlington/Alamance Rgnl, NC, US",2025-11-07 20:54:00,"2025-11-07 20:54:00","VFR",21.1,11.1,180,10,16,NA,1011.3,"METAR KBUY 072054Z AUTO 18010G16KT 10SM FEW041 21/11 A2986 RMK AO2 SLP109 T02110111 56034",2025-11-07 21:23:07.049131,2025-11-07 16:23:07.049172
"KCAR","Caribou Muni, ME, US",2025-11-07 20:54:00,"2025-11-07 15:54:00","VFR",0.6,-8.9,0,0,NA,NA,1009.2,"METAR KCAR 072054Z AUTO 00000KT 10SM FEW080 BKN120 01/M09 A2980 RMK AO2 SLP101 T00061089 58016",2025-11-07 21:23:07.054906,2025-11-07 16:23:07.054943
"KBWI","Baltimore-Washington Intl, MD, US",2025-11-07 20:54:00,"2025-11-07 15:54:00","VFR",17.2,2.8,190,8,17,NA,1008.2,"METAR KBWI 072054Z 19008G17KT 10SM FEW080 BKN180 BKN250 17/03 A2977 RMK AO2 SLP080 T01720028 56036",2025-11-07 21:23:07.060717,2025-11-07 16:23:07.060753
"KCEW","Crestview/Sikes Arpt, FL, US",2025-11-07 20:53:00,"2025-11-07 14:53:00","VFR",24.4,21.1,180,3,NA,NA,1011.9,"METAR KCEW 072053Z AUTO 18003KT 10SM OVC085 24/21 A2988 RMK AO2 SLP115 60000 T02440211 56022",2025-11-07 21:23:07.066631,2025-11-07 16:23:07.066669
"KCAG","Craig-Moffat Arpt, CO, US",2025-11-07 20:53:00,"2025-11-07 13:53:00","VFR",7.8,-5,240,3,NA,NA,1018.7,"METAR KCAG 072053Z AUTO 24003KT 10SM OVC080 08/M05 A3008 RMK AO2 SLP195 T00781050 56015",2025-11-07 21:23:07.072593,2025-11-07 16:23:07.07263
"KBWG","Bowling Green/Warren Cnty, KY, US",2025-11-07 20:53:00,"2025-11-07 14:53:00","MVFR",17.8,16.1,240,4,NA,3,1006.2,"METAR KBWG 072053Z AUTO 24004KT 3SM -RA BR OVC024 18/16 A2971 RMK AO2 LTG DSNT E SLP060 P0012 60032 T01780161 58008",2025-11-07 21:23:07.078562,2025-11-07 16:23:07.078598
"KCDW","Caldwell/Essex Cnty, NJ, US",2025-11-07 20:53:00,"2025-11-07 15:53:00","VFR",15.6,0.6,200,9,18,NA,1008.9,"METAR KCDW 072053Z 20009G18KT 10SM SCT070 16/01 A2979 RMK AO2 SLP093 T01560006 56038",2025-11-07 21:23:07.084652,2025-11-07 16:23:07.084692
"KCHA","Chattanooga Metro, TN, US",2025-11-07 20:53:00,"2025-11-07 15:53:00","VFR",21.1,14.4,170,14,23,NA,1009.6,"METAR KCHA 072053Z 17014G23KT 10SM BKN044 BKN055 21/14 A2981 RMK AO2 SLP093 T02110144 56025",2025-11-07 21:23:07.090635,2025-11-07 16:23:07.090673
"KBYI","Burley Muni, ID, US",2025-11-07 20:53:00,"2025-11-07 13:53:00","VFR",11.1,1.1,280,18,35,NA,1019,"METAR KBYI 072053Z AUTO 28018G35KT 10SM SCT060 11/01 A3009 RMK AO2 PK WND 28035/2051 SLP184 T01110011 51004",2025-11-07 21:23:07.096575,2025-11-07 16:23:07.096613
"KCCR","Concord/Buchanan Fld, CA, US",2025-11-07 20:53:00,"2025-11-07 12:53:00","VFR",20,14.4,320,8,NA,NA,1019.7,"METAR KCCR 072053Z 32008KT 10SM SCT013 20/14 A3011 RMK AO2 SLP183 T02000144 58018",2025-11-07 21:23:07.102591,2025-11-07 16:23:07.102632
"KBVY","Beverly Muni, MA, US",2025-11-07 20:53:00,"2025-11-07 15:53:00","VFR",10,0,190,10,17,NA,1010.9,"METAR KBVY 072053Z 19010G17KT 10SM CLR 10/00 A2985 RMK AO2 SLP104 T01000000 56038",2025-11-07 21:23:07.108574,2025-11-07 16:23:07.108613
"KCKB","Clarksburg/NC West Virginia Arpt, WV, US",2025-11-07 20:53:00,"2025-11-07 15:53:00","VFR",16.1,10.6,300,7,NA,NA,1004.8,"METAR KCKB 072053Z 30007KT 10SM -RA OVC060 16/11 A2967 RMK AO2 RAB31 SLP044 P0002 60002 T01610106 55014",2025-11-07 21:23:07.114546,2025-11-07 16:23:07.114604
"KCDC","Cedar City Muni, UT, US",2025-11-07 20:53:00,"2025-11-07 13:53:00","VFR",18.3,-1.7,0,0,NA,NA,1019,"METAR KCDC 072053Z AUTO 00000KT 10SM CLR 18/M02 A3009 RMK AO2 SLP154 T01831017 56023",2025-11-07 21:23:07.120514,2025-11-07 16:23:07.120553
"KCLM","Port Angeles Intl, WA, US",2025-11-07 20:53:00,"2025-11-07 12:53:00","VFR",11.1,5,0,0,NA,NA,1022.4,"METAR KCLM 072053Z AUTO 00000KT 10SM SCT065 11/05 A3019 RMK AO2 SLP223 T01110050 51010",2025-11-07 21:23:07.126467,2025-11-07 16:23:07.126511
"KCDR","Chadron Muni, NE, US",2025-11-07 20:53:00,"2025-11-07 13:53:00","VFR",15.6,-5,260,10,NA,NA,1008.5,"METAR KCDR 072053Z AUTO 26010KT 10SM CLR 16/M05 A2978 RMK AO2 SLP088 T01561050 56032",2025-11-07 21:23:07.132414,2025-11-07 16:23:07.132451
"KCDS","Childress Muni, TX, US",2025-11-07 20:53:00,"2025-11-07 14:53:00","VFR",25.6,-3.3,NA,5,NA,NA,1013,"METAR KCDS 072053Z AUTO VRB05KT 10SM CLR 26/M03 A2991 RMK AO2 SLP109 T02561033 56018",2025-11-07 21:23:07.138391,2025-11-07 16:23:07.138429
"KCEZ","Cortez/Montezuma Cnt, CO, US",2025-11-07 20:53:00,"2025-11-07 13:53:00","VFR",15.6,-7.2,290,10,NA,NA,1018.7,"METAR KCEZ 072053Z AUTO 29010KT 10SM CLR 16/M07 A3008 RMK AO2 SLP158 T01561072 58023",2025-11-07 21:23:07.144315,2025-11-07 16:23:07.144353
"KBVO","Bartlesville Muni, OK, US",2025-11-07 20:53:00,"2025-11-07 14:53:00","VFR",23.9,2.2,NA,3,NA,NA,1009.9,"METAR KBVO 072053Z AUTO VRB03KT 10SM CLR 24/02 A2982 RMK AO2 SLP089 T02390022 56015",2025-11-07 21:23:07.150314,2025-11-07 16:23:07.150359
"KBUR","Burbank/Bob Hope Arpt, CA, US",2025-11-07 20:53:00,"2025-11-07 12:53:00","VFR",27.8,11.7,130,7,NA,NA,1012.3,"METAR KBUR 072053Z 13007KT 10SM CLR 28/12 A2989 RMK AO2 SLP109 T02780117 58027",2025-11-07 21:23:07.165909,2025-11-07 16:23:07.16595
"KCGI","Cape Girardeau Rgnl, MO, US",2025-11-07 20:53:00,"2025-11-07 14:53:00","VFR",22.2,15,220,5,NA,NA,1005.5,"METAR KCGI 072053Z 22005KT 10SM FEW050 FEW070 SCT090 22/15 A2969 RMK AO2 SLP052 T02220150 56012",2025-11-07 21:23:07.172224,2025-11-07 16:23:07.172265
"KBYG","Buffalo/Johnson Cnty, WY, US",2025-11-07 20:53:00,"2025-11-07 13:53:00","VFR",9.4,-3.9,70,3,NA,NA,1007.9,"METAR KBYG 072053Z AUTO 07003KT 10SM BKN100 09/M04 A2976 RMK AO2 SLP074 T00941039 58015",2025-11-07 21:23:07.177993,2025-11-07 16:23:07.178029
"KCLL","College Station/Easterwood Arpt, TX, US",2025-11-07 20:53:00,"2025-11-07 14:53:00","VFR",30,15,220,10,15,NA,1006.9,"METAR KCLL 072053Z 22010G15KT 10SM CLR 30/15 A2973 RMK AO2 SLP063 T03000150 56027",2025-11-07 21:23:07.183836,2025-11-07 16:23:07.183872
"KCHO","Charlottesville/Albemarle Arpt, VA, US",2025-11-07 20:53:00,"2025-11-07 15:53:00","VFR",17.8,7.8,200,17,25,NA,1008.5,"METAR KCHO 072053Z 20017G25KT 10SM CLR 18/08 A2978 RMK AO2 SLP083 T01780078 56034",2025-11-07 21:23:07.189789,2025-11-07 16:23:07.189825
"KCMI","Champaign/Willard Arpt, IL, US",2025-11-07 20:53:00,"2025-11-07 14:53:00","VFR",19.4,5,260,17,23,NA,1003.8,"METAR KCMI 072053Z 26017G23KT 10SM CLR 19/05 A2964 RMK AO2 SLP035 T01940050 56006",2025-11-07 21:23:07.195835,2025-11-07 16:23:07.195873
"KCFV","Coffeyville Muni, KS, US",2025-11-07 20:52:00,"2025-11-07 14:52:00","VFR",22.8,4.4,320,8,NA,NA,1009.2,"METAR KCFV 072052Z AUTO 32008KT 10SM CLR 23/04 A2980 RMK AO2 SLP087 T02280044 55013",2025-11-07 21:23:07.201811,2025-11-07 16:23:07.20185
"KCID","Cedar Rapids/E Iowa Arpt, IA, US",2025-11-07 20:52:00,"2025-11-07 14:52:00","VFR",17.2,3.3,280,19,25,NA,1002.8,"METAR KCID 072052Z 28019G25KT 10SM CLR 17/03 A2961 RMK AO2 PK WND 27028/1959 SLP027 T01720033 $",2025-11-07 21:23:07.207796,2025-11-07 16:23:07.207834
"KCIC","Chico Muni, CA, US",2025-11-07 20:52:00,"2025-11-07 12:52:00","VFR",20,12,290,5,NA,NA,1021.1,"METAR KCIC 072052Z 29005KT 10SM CLR 20/12 A3015",2025-11-07 21:23:07.213748,2025-11-07 16:23:07.213787
"KCLT","Charlotte/Douglas Intl, NC, US",2025-11-07 20:52:00,"2025-11-07 15:52:00","VFR",21.7,11.7,230,8,NA,NA,1011.9,"METAR KCLT 072052Z 23008KT 10SM FEW035 FEW250 22/12 A2988 RMK AO2 SLP128 T02170117 56032",2025-11-07 21:23:07.219695,2025-11-07 16:23:07.219732
"KCMH","Columbus/Glenn Intl, OH, US",2025-11-07 20:51:00,"2025-11-07 15:51:00","IFR",13.9,12.8,230,11,NA,7,1002.5,"METAR KCMH 072051Z 23011KT 7SM -RA OVC008 14/13 A2960 RMK AO2 SLP024 P0000 60006 T01390128 56010",2025-11-07 21:23:07.225545,2025-11-07 16:23:07.225583
"KCLE","Cleveland/Hopkins Intl, OH, US",2025-11-07 20:51:00,"2025-11-07 15:51:00","MVFR",12.8,11.1,220,13,24,NA,999.1,"METAR KCLE 072051Z 22013G24KT 10SM OVC012 13/11 A2950 RMK AO2 SLP007 60000 T01280111 56006 $",2025-11-07 21:23:07.231524,2025-11-07 16:23:07.231562
"KCAK","Akron/Canton Rgnl, OH, US",2025-11-07 20:51:00,"2025-11-07 15:51:00","IFR",11.1,10.6,220,15,NA,9,1001.1,"METAR KCAK 072051Z 22015KT 9SM OVC007 11/11 A2956 RMK AO2 RAE47 SLP013 P0000 60022 T01110106 56020 $",2025-11-07 21:23:07.237394,2025-11-07 16:23:07.237435
"KCHD","Chandler Muni, AZ, US",2025-11-07 20:47:00,"2025-11-07 20:47:00","VFR",27,4,0,0,NA,NA,1012.6,"METAR KCHD 072047Z 00000KT 10SM CLR 27/04 A2990",2025-11-07 21:23:07.243323,2025-11-07 16:23:07.243362
"KCGF","Cleveland/Cuyahoga Cnty, OH, US",2025-11-07 20:45:00,"2025-11-07 15:45:00","MVFR",12,11,230,11,19,NA,999.7,"METAR KCGF 072045Z 23011G19KT 10SM OVC012 12/11 A2952",2025-11-07 21:23:07.24933,2025-11-07 16:23:07.249367
"KD95","Lapeer/Dumont Arpt, MI, US",2025-11-07 21:16:00,"2025-11-07 21:16:00","MVFR",12,8,260,11,16,NA,997.4,"METAR KD95 072116Z AUTO 26011G16KT 10SM BKN028 OVC035 12/08 A2945 RMK AO2",2025-11-07 21:23:08.778922,2025-11-07 16:23:08.77896
"KDCY","Washington/Daviess Cnty, IN, US",2025-11-07 21:15:00,"2025-11-07 21:15:00","VFR",20.3,9.3,290,8,NA,NA,1004.5,"METAR KDCY 072115Z AUTO 29008KT 10SM CLR 20/09 A2966 RMK AO2 LTG DSNT E T02030093",2025-11-07 21:23:08.785009,2025-11-07 16:23:08.785045
"KCWV","Claxton/Evans Cnty, GA, US",2025-11-07 21:15:00,"2025-11-07 21:15:00","VFR",26,13,NA,2,NA,NA,1012.3,"METAR KCWV 072115Z AUTO VRB02KT 10SM CLR 26/13 A2989 RMK AO2",2025-11-07 21:23:08.790933,2025-11-07 16:23:08.790969
"KCVB","Castroville Muni, TX, US",2025-11-07 21:15:00,"2025-11-07 21:15:00","VFR",32,13,240,7,NA,NA,1007.2,"METAR KCVB 072115Z AUTO 24007KT 10SM CLR 32/13 A2974 RMK AO2",2025-11-07 21:23:08.796866,2025-11-07 16:23:08.796905
"KD50","Crosby Muni, ND, US",2025-11-07 21:15:00,"2025-11-07 21:15:00","IFR",-2,-2,120,11,NA,NA,1010.2,"METAR KD50 072115Z AUTO 12011KT 10SM OVC005 M02/M02 A2983 RMK AO2",2025-11-07 21:23:08.802891,2025-11-07 16:23:08.802927
"KCZT","Carrizo Springs Arpt, TX, US",2025-11-07 21:15:00,"2025-11-07 15:15:00","VFR",35,7,350,5,NA,NA,1007.5,"METAR KCZT 072115Z AUTO 35005KT 10SM CLR 35/07 A2975 RMK AO2",2025-11-07 21:23:08.808887,2025-11-07 16:23:08.808926
"KD55","Langdon/Roberts Fld, ND, US",2025-11-07 21:15:00,"2025-11-07 21:15:00","VFR",-4,-15,10,11,NA,NA,1012.3,"METAR KD55 072115Z AUTO 01011KT 10SM CLR M04/M15 A2989 RMK AO2",2025-11-07 21:23:08.814827,2025-11-07 16:23:08.814863
"KCQW","Cheraw Muni, SC, US",2025-11-07 21:15:00,"2025-11-07 16:15:00","VFR",23,13,170,6,NA,NA,1011.3,"METAR KCQW 072115Z AUTO 17006KT 10SM CLR 23/13 A2986 RMK AO2",2025-11-07 21:23:08.820741,2025-11-07 16:23:08.82078
"KD39","Sauk Center Muni, MN, US",2025-11-07 21:15:00,"2025-11-07 21:15:00","MVFR",3.7,-1.7,330,12,18,NA,1008.2,"METAR KD39 072115Z AUTO 33012G18KT 10SM OVC029 04/M02 A2977 RMK AO2 T00371017",2025-11-07 21:23:08.826779,2025-11-07 16:23:08.826815
"KDCM","Chester Muni, SC, US",2025-11-07 21:15:00,"2025-11-07 21:15:00","VFR",21,12,0,0,NA,NA,1012.3,"METAR KDCM 072115Z AUTO 00000KT 10SM SCT040 21/12 A2989 RMK AO2 LTG DSNT W",2025-11-07 21:23:08.832695,2025-11-07 16:23:08.832734
"KD25","Manitowish Waters Arpt, WI, US",2025-11-07 21:15:00,"2025-11-07 21:15:00","MVFR",1.1,0.7,10,6,NA,NA,1003.1,"METAR KD25 072115Z AUTO 01006KT 10SM BKN011 BKN016 OVC024 01/01 A2962 RMK AO2 T00110007",2025-11-07 21:23:08.838623,2025-11-07 16:23:08.838663
"KCTY","Cross City Arpt, FL, US",2025-11-07 21:15:00,"2025-11-07 16:15:00","VFR",26,17,230,9,NA,NA,1012.6,"METAR KCTY 072115Z AUTO 23009KT 10SM CLR 26/17 A2990 RMK AO2 LTG DSNT NW",2025-11-07 21:23:08.844542,2025-11-07 16:23:08.844581
"KCSB","Cambridge Muni, NE, US",2025-11-07 21:15:00,"2025-11-07 21:15:00","VFR",18,-5,300,9,NA,NA,1010.2,"METAR KCSB 072115Z AUTO 30009KT 10SM CLR 18/M05 A2983 RMK AO2",2025-11-07 21:23:08.850486,2025-11-07 16:23:08.850522
"KCZL","Calhoun/Tom David Fld, GA, US",2025-11-07 21:15:00,"2025-11-07 21:15:00",NA,20,18,190,9,NA,NA,1010.6,"METAR KCZL 072115Z AUTO 19009KT 20/18 A2984 RMK AO2 PWINO",2025-11-07 21:23:08.856371,2025-11-07 16:23:08.856409
"KCXU","Camilla/Mitchell Cnty, GA, US",2025-11-07 21:15:00,"2025-11-07 21:15:00","VFR",27,16,NA,4,NA,NA,1011.6,"METAR KCXU 072115Z AUTO VRB04KT 10SM SCT055 BKN085 27/16 A2987 RMK AO2",2025-11-07 21:23:08.862303,2025-11-07 16:23:08.862347
"KCNB","Canby Muni, MN, US",2025-11-07 21:15:00,"2025-11-07 21:15:00","MVFR",3.1,-0.2,330,11,17,NA,1010.6,"METAR KCNB 072115Z AUTO 33011G17KT 10SM OVC017 03/00 A2984 RMK AO2 T00311002",2025-11-07 21:23:08.868236,2025-11-07 16:23:08.868276
"KCVX","Charlevoix Muni, MI, US",2025-11-07 21:15:00,"2025-11-07 21:15:00","MVFR",7,3,300,19,29,NA,997,"METAR KCVX 072115Z AUTO 30019G29KT 10SM OVC020 07/03 A2944 RMK AO2 PK WND 31029/11",2025-11-07 21:23:08.874161,2025-11-07 16:23:08.874217
"KDEH","Decorah Muni, IA, US",2025-11-07 21:15:00,"2025-11-07 15:15:00","VFR",9,5,310,10,NA,NA,1003.5,"METAR KDEH 072115Z AUTO 31010KT 250V350 10SM SCT028 OVC049 09/05 A2963 RMK AO2",2025-11-07 21:23:08.880215,2025-11-07 16:23:08.880253
"KDKR","Crockett/Houston Cnty, TX, US",2025-11-07 21:15:00,"2025-11-07 21:15:00","VFR",29,18,220,8,NA,9,1007.2,"METAR KDKR 072115Z AUTO 22008KT 9SM CLR 29/18 A2974 RMK AO2",2025-11-07 21:23:08.896102,2025-11-07 16:23:08.896141
"KD57","Glen Ullin Rgnl, ND, US",2025-11-07 21:15:00,"2025-11-07 21:15:00","MVFR",2,-2,120,4,10,NA,1009.6,"METAR KD57 072115Z AUTO 12004G10KT 10SM OVC014 02/M02 A2981 RMK AO2",2025-11-07 21:23:08.901981,2025-11-07 16:23:08.902017
"KCSQ","Creston Muni, IA, US",2025-11-07 21:15:00,"2025-11-07 15:15:00","VFR",18,2,300,17,25,NA,1006.5,"METAR KCSQ 072115Z AUTO 30017G25KT 10SM CLR 18/02 A2972 RMK AO2",2025-11-07 21:23:08.90776,2025-11-07 16:23:08.9078
"KCTZ","Clinton/Sampson Cnty, NC, US",2025-11-07 21:15:00,"2025-11-07 16:15:00","VFR",23,16,220,3,NA,NA,1011.9,"METAR KCTZ 072115Z AUTO 22003KT 10SM SCT046 23/16 A2988 RMK AO2 T02300160",2025-11-07 21:23:08.913614,2025-11-07 16:23:08.913651
"KCUH","Cushing Muni, OK, US",2025-11-07 21:15:00,"2025-11-07 15:15:00","VFR",23.5,3.1,310,8,NA,NA,1009.9,"METAR KCUH 072115Z AUTO 31008KT 10SM CLR 24/03 A2982 RMK AO2 T02350031",2025-11-07 21:23:08.919581,2025-11-07 16:23:08.919617
"KDKB","DeKalb/Taylor Muni, IL, US",2025-11-07 21:15:00,"2025-11-07 21:15:00","VFR",16,5.6,250,11,NA,NA,1002.1,"METAR KDKB 072115Z AUTO 25011KT 10SM CLR 16/06 A2959 RMK AO2 T01600056",2025-11-07 21:23:08.925563,2025-11-07 16:23:08.925601
"KCPU","San Andreas/Calaveras Cnty, CA, US",2025-11-07 21:15:00,"2025-11-07 21:15:00","VFR",20.2,11,320,10,NA,NA,1019.7,"METAR KCPU 072115Z AUTO 32010KT 10SM CLR 20/11 A3011 RMK AO2 T02020110",2025-11-07 21:23:08.931578,2025-11-07 16:23:08.931615
"KCWC","Wichita Falls/Kickapoo Arpt, TX, US",2025-11-07 21:15:00,"2025-11-07 15:15:00","VFR",26.6,1,20,14,23,NA,1010.9,"METAR KCWC 072115Z AUTO 02014G23KT 10SM CLR 27/01 A2985 RMK AO2 T02660010",2025-11-07 21:23:08.937523,2025-11-07 16:23:08.937564
"KD73","Monroe/Walton Cnty, GA, US",2025-11-07 21:15:00,"2025-11-07 21:15:00","VFR",19.8,15.9,NA,NA,NA,NA,1012.3,"METAR KD73 072115Z AUTO 10SM BKN048 OVC075 20/16 A2989 RMK AO2 T01980159",2025-11-07 21:23:08.943474,2025-11-07 16:23:08.943511
"KCNC","Chariton Muni, IA, US",2025-11-07 21:15:00,"2025-11-07 21:15:00","VFR",18,1,270,16,22,NA,1005.5,"METAR KCNC 072115Z AUTO 27016G22KT 10SM CLR 18/01 A2969 RMK AO2",2025-11-07 21:23:08.949449,2025-11-07 16:23:08.949486
"KCOM","Coleman Muni, TX, US",2025-11-07 21:15:00,"2025-11-07 15:15:00","VFR",27.5,4,360,9,18,NA,1010.9,"METAR KCOM 072115Z AUTO 36009G18KT 10SM CLR 28/04 A2985 RMK AO2 T02750040 PWINO",2025-11-07 21:23:08.955381,2025-11-07 16:23:08.95542
"KCOQ","Cloquet/Carlton Cnty, MN, US",2025-11-07 21:15:00,"2025-11-07 21:15:00","MVFR",3,-3,340,10,15,NA,1005.8,"METAR KCOQ 072115Z AUTO 34010G15KT 10SM OVC028 03/M03 A2970 RMK AO2 TSNO",2025-11-07 21:23:08.961309,2025-11-07 16:23:08.96135
"KCPK","Chesapeake Rgnl, VA, US",2025-11-07 21:15:00,"2025-11-07 21:15:00","VFR",18.7,11.1,170,7,NA,NA,1012.3,"METAR KCPK 072115Z AUTO 17007KT 10SM SCT039 SCT045 OVC060 19/11 A2989 RMK AO2 T01870111",2025-11-07 21:23:08.96722,2025-11-07 16:23:08.967259
"KCXE","Chase City Muni, VA, US",2025-11-07 21:15:00,"2025-11-07 21:15:00","VFR",19.6,9.9,160,4,NA,NA,1010.9,"METAR KCXE 072115Z AUTO 16004KT 10SM CLR 20/10 A2985 RMK AO1 T01960099",2025-11-07 21:23:08.973234,2025-11-07 16:23:08.973272
"KDBN","Dublin/Barron Arpt, GA, US",2025-11-07 21:15:00,"2025-11-07 16:15:00","VFR",25.8,12.9,NA,4,NA,9,1012.3,"METAR KDBN 072115Z AUTO VRB04KT 9SM FEW060 BKN110 26/13 A2989 RMK AO2 T02580129 $",2025-11-07 21:23:08.979264,2025-11-07 16:23:08.979302
"KD60","Tioga Muni, ND, US",2025-11-07 21:15:00,"2025-11-07 15:15:00","IFR",-2,-2,100,10,NA,NA,1010.2,"METAR KD60 072115Z AUTO 10010KT 10SM OVC008 M02/M02 A2983 RMK AO2",2025-11-07 21:23:08.985228,2025-11-07 16:23:08.985268
"KD09","Bottineau Muni, ND, US",2025-11-07 21:15:00,"2025-11-07 21:15:00","VFR",-3,-9,110,4,NA,NA,1011.6,"METAR KD09 072115Z AUTO 11004KT 10SM OVC100 M03/M09 A2987 RMK AO2",2025-11-07 21:23:08.991198,2025-11-07 16:23:08.991238
"KCVH","Hollister Muni, CA, US",2025-11-07 21:15:00,"2025-11-07 13:15:00","VFR",23,13,270,5,NA,NA,1019,"METAR KCVH 072115Z AUTO 27005KT 10SM CLR 23/13 A3009 RMK A01",2025-11-07 21:23:08.997124,2025-11-07 16:23:08.997164
"KCQM","Cook Muni, MN, US",2025-11-07 21:15:00,"2025-11-07 21:15:00","MVFR",-1,-3,350,10,NA,NA,1007.5,"METAR KCQM 072115Z AUTO 35010KT 10SM BKN018 OVC027 M01/M03 A2975 RMK AO2",2025-11-07 21:23:09.012646,2025-11-07 16:23:09.012684
"KCPT","Cleburne Muni, TX, US",2025-11-07 21:15:00,"2025-11-07 21:15:00","VFR",25.8,12.8,350,9,NA,NA,1006.9,"METAR KCPT 072115Z AUTO 35009KT 10SM CLR 26/13 A2973 RMK AO2 T02580128 $",2025-11-07 21:23:09.019001,2025-11-07 16:23:09.019037
"KDCU","Decatur/Pryor Fld, AL, US",2025-11-07 21:02:00,"2025-11-07 15:02:00","VFR",21.1,16.1,180,8,NA,NA,1009.2,"SPECI KDCU 072102Z AUTO 18008KT 10SM SCT021 BKN055 21/16 A2980 RMK AO2 T02110161 $",2025-11-07 21:23:09.024773,2025-11-07 16:23:09.024809
"KCVO","Corvallis Muni, OR, US",2025-11-07 20:56:00,"2025-11-07 12:56:00","VFR",15,8.3,120,5,NA,NA,1024.1,"METAR KCVO 072056Z 12005KT 10SM OVC055 15/08 A3024 RMK AO2 SLP242 T01500083 58004",2025-11-07 21:23:09.030579,2025-11-07 16:23:09.030614
"KCTB","Cut Bank Muni, MT, US",2025-11-07 20:56:00,"2025-11-07 13:56:00","VFR",7.8,-7.2,270,33,47,NA,1005.5,"METAR KCTB 072056Z AUTO 27033G47KT 10SM BKN100 08/M07 A2969 RMK AO2 PK WND 26050/2017 SLP059 T00781072 53018",2025-11-07 21:23:09.036503,2025-11-07 16:23:09.03654
"KDIJ","Driggs/Reed Mem, ID, US",2025-11-07 20:56:00,"2025-11-07 20:56:00","VFR",5.6,0,210,14,27,NA,1016,"METAR KDIJ 072056Z AUTO 21014G27KT 10SM -RA OVC034 06/00 A3000 RMK AO2 PK WND 22027/2048 RAB52 SLP168 P0000 60000 T00560000 58016 $",2025-11-07 21:23:09.04248,2025-11-07 16:23:09.04252
"KCOE","Coeur DAlene Arpt, ID, US",2025-11-07 20:56:00,"2025-11-07 12:56:00","VFR",8.9,1.1,240,14,17,NA,1019,"METAR KCOE 072056Z AUTO 24014G17KT 10SM BKN040 OVC050 09/01 A3009 RMK AO2 SLP212 T00890011 51007",2025-11-07 21:23:09.048538,2025-11-07 16:23:09.048575
"KDIK","Dickinson/Roosevelt , ND, US",2025-11-07 20:56:00,"2025-11-07 13:56:00","MVFR",2.2,-0.6,110,6,NA,NA,1008.5,"METAR KDIK 072056Z AUTO 11006KT 10SM OVC012 02/M01 A2978 RMK AO2 SLP099 T00221006 56017",2025-11-07 21:23:09.054575,2025-11-07 16:23:09.054613
"KCOD","Cody/Yellowstone Rgnl, WY, US",2025-11-07 20:56:00,"2025-11-07 13:56:00","VFR",11.7,-1.1,280,10,19,NA,1010.2,"METAR KCOD 072056Z AUTO 28010G19KT 10SM FEW110 12/M01 A2983 RMK AO2 SLP082 T01171011 56017",2025-11-07 21:23:09.060497,2025-11-07 16:23:09.060534
"KCWI","Clinton Muni, IA, US",2025-11-07 20:56:00,"2025-11-07 14:56:00","VFR",18.3,3.9,270,18,23,NA,1002.1,"METAR KCWI 072056Z AUTO 27018G23KT 10SM CLR 18/04 A2959 RMK AO2 PK WND 27026/2013 SLP023 T01830039 55004",2025-11-07 21:23:09.06643,2025-11-07 16:23:09.06647
"KCVN","Clovis Muni, NM, US",2025-11-07 20:56:00,"2025-11-07 13:56:00","VFR",20,-3.9,170,6,NA,NA,1016.3,"METAR KCVN 072056Z AUTO 17006KT 10SM CLR 20/M04 A3001 RMK AO2 SLP138 T02001039 58027 $",2025-11-07 21:23:09.072394,2025-11-07 16:23:09.072433
"KD07","Faith Muni, SD, US",2025-11-07 20:56:00,"2025-11-07 20:56:00",NA,8.3,1.1,70,6,NA,NA,1008.5,"METAR KD07 072056Z AUTO 07006KT 08/01 A2978 RMK AO1 SLP096 T00830011 58018 $",2025-11-07 21:23:09.078274,2025-11-07 16:23:09.078312
"KCXY","Harrisburg/Capital City Arpt, PA, US",2025-11-07 20:56:00,"2025-11-07 15:56:00","VFR",15,2.8,190,10,18,NA,1006.2,"METAR KCXY 072056Z 19010G18KT 10SM CLR 15/03 A2971 RMK AO2 SLP063 T01500028 56035",2025-11-07 21:23:09.084279,2025-11-07 16:23:09.084319
"KDAY","Dayton/Cox Intl, OH, US",2025-11-07 20:56:00,"2025-11-07 15:56:00","MVFR",15,12.8,240,14,NA,9,1002.8,"METAR KDAY 072056Z 24014KT 9SM SCT013 BKN019 15/13 A2961 RMK AO2 SLP028 T01500128 55006",2025-11-07 21:23:09.090208,2025-11-07 16:23:09.090247
"KDLF","Laughlin AFB, TX, US",2025-11-07 20:55:00,"2025-11-07 14:55:00","VFR",32.3,4.9,320,13,NA,NA,1007.2,"METAR KDLF 072055Z AUTO 32013KT 10SM CLR 32/05 A2974 RMK AO2 SLP060 T03230049 57030 $",2025-11-07 21:23:09.096118,2025-11-07 16:23:09.096155
"KCPC","Whiteville/Columbus Cnty, NC, US",2025-11-07 20:55:00,"2025-11-07 20:55:00","VFR",24,13,200,4,NA,7,1012.3,"METAR KCPC 072055Z AUTO 20004KT 7SM SCT044 24/13 A2989 RMK AO2",2025-11-07 21:23:09.101998,2025-11-07 16:23:09.102034
"KDLH","Duluth Intl Arpt, MN, US",2025-11-07 20:55:00,"2025-11-07 14:55:00","MVFR",2.2,-2.8,360,9,NA,NA,1005.2,"METAR KDLH 072055Z 36009KT 10SM BKN023 02/M03 A2968 RMK AO2 SLP067 60000 T00221028 53025 $",2025-11-07 21:23:09.107914,2025-11-07 16:23:09.107955
"KDAA","Fort Belvoir/Davison, VA, US",2025-11-07 20:55:00,"2025-11-07 15:55:00","VFR",18.1,4.6,180,7,NA,NA,1007.5,"METAR KDAA 072055Z AUTO 18007KT 10SM CLR 18/05 A2975 RMK AO2 SLP077 T01810046 57038 $",2025-11-07 21:23:09.113863,2025-11-07 16:23:09.113904
"KCNK","Concordia/Blosser Muni, KS, US",2025-11-07 20:55:00,"2025-11-07 14:55:00","VFR",20,-1.7,320,13,22,NA,1009.9,"METAR KCNK 072055Z AUTO 32013G22KT 10SM CLR 20/M02 A2982 RMK AO2 SLP095 T02001017 56018 $",2025-11-07 21:23:09.119847,2025-11-07 16:23:09.119887
"KCRX","Corinth/Turner Fld, MS, US",2025-11-07 20:55:00,"2025-11-07 14:55:00","VFR",23,17,220,9,14,NA,1007.5,"METAR KCRX 072055Z AUTO 22009G14KT 10SM FEW036 OVC055 23/17 A2975 RMK AO2 LTG DSNT N",2025-11-07 21:23:09.135866,2025-11-07 16:23:09.135909
"KCXW","Conway/Cantrell Fld, AR, US",2025-11-07 20:55:00,"2025-11-07 20:55:00","VFR",24,20,0,0,NA,NA,1006.9,"METAR KCXW 072055Z AUTO 00000KT 10SM SCT037 24/20 A2973 RMK A01",2025-11-07 21:23:09.141941,2025-11-07 16:23:09.141976
"KCXP","Carson City Arpt, NV, US",2025-11-07 20:55:00,"2025-11-07 12:55:00","VFR",18,5,270,7,NA,NA,1021.8,"METAR KCXP 072055Z AUTO 27007KT 250V310 10SM FEW065 18/05 A3017 RMK AO2",2025-11-07 21:23:09.147709,2025-11-07 16:23:09.147746
"KDKX","Knoxville/Downtown Arpt, TN, US",2025-11-07 20:55:00,"2025-11-07 20:55:00","VFR",23,13,230,7,16,NA,1008.2,"METAR KDKX 072055Z AUTO 23007G16KT 10SM CLR 23/13 A2977 RMK A01",2025-11-07 21:23:09.153468,2025-11-07 16:23:09.153505
"KCNW","Waco/Texas State Tech Arpt, TX, US",2025-11-07 20:55:00,"2025-11-07 14:55:00","VFR",29,8,330,7,NA,NA,1007.5,"METAR KCNW 072055Z 33007KT 10SM CLR 29/08 A2975",2025-11-07 21:23:09.159412,2025-11-07 16:23:09.159452
"KCOF","Cocoa Beach/Patrick, FL, US",2025-11-07 20:55:00,"2025-11-07 15:55:00","VFR",25.4,21.5,140,6,NA,NA,1011.6,"METAR KCOF 072055Z AUTO 14006KT 10SM CLR 25/22 A2987 RMK AO2 SLP119 T02540215 56017 $",2025-11-07 21:23:09.165403,2025-11-07 16:23:09.165443
"KCVS","Clovis/Cannon AFB, NM, US",2025-11-07 20:55:00,"2025-11-07 13:55:00","VFR",21.6,-6.2,180,8,NA,NA,1015,"METAR KCVS 072055Z AUTO 18008KT 10SM CLR 22/M06 A2997 RMK AO2 SLP111 T02161062 57030 $",2025-11-07 21:23:09.171419,2025-11-07 16:23:09.171458
"KCOS","Colorado Spring Arpt, CO, US",2025-11-07 20:54:00,"2025-11-07 13:54:00","VFR",12.8,-8.3,130,11,NA,NA,1014,"METAR KCOS 072054Z 13011KT 10SM SCT170 BKN250 13/M08 A2994 RMK AO2 SLP112 ACSL SW T01281083 57029 $",2025-11-07 21:23:09.177372,2025-11-07 16:23:09.177409
"KCOU","Columbia Rgnl, MO, US",2025-11-07 20:54:00,"2025-11-07 14:54:00","VFR",20,3.3,280,14,19,NA,1007.2,"METAR KCOU 072054Z 28014G19KT 10SM FEW075 20/03 A2974 RMK AO2 PK WND 28027/2028 SLP067 T02000033 55010 $",2025-11-07 21:23:09.183315,2025-11-07 16:23:09.183353
"KDDH","Bennington/Morse State Arpt, VT, US",2025-11-07 20:54:00,"2025-11-07 20:54:00","VFR",10.6,-1.7,170,12,26,NA,1005.2,"METAR KDDH 072054Z AUTO 17012G26KT 10SM SCT080 SCT110 11/M02 A2968 RMK AO2 PK WND 15029/2017 SLP057 T01061017 56044",2025-11-07 21:23:09.18924,2025-11-07 16:23:09.189279
"KDEC","Decatur Arpt, IL, US",2025-11-07 20:54:00,"2025-11-07 14:54:00","VFR",20.6,2.2,270,15,26,NA,1004.1,"METAR KDEC 072054Z 27015G26KT 10SM CLR 21/02 A2965 RMK AO2 PK WND 27026/2047 SLP039 T02060022 56007",2025-11-07 21:23:09.195162,2025-11-07 16:23:09.195214
"KCRW","Charleston/Yeager Arpt, WV, US",2025-11-07 20:54:00,"2025-11-07 15:54:00","VFR",21.7,7.8,230,8,17,NA,1004.1,"METAR KCRW 072054Z 23008G17KT 10SM -TSRA BKN060CB OVC110 22/08 A2965 RMK AO2 RAB15 TSB39 SLP040 OCNL LTGICCG W-N TS W-N MOV NE P0000 60000 T02170078 56026",2025-11-07 21:23:09.201089,2025-11-07 16:23:09.201127
"KCPS","St Louis/Downtown Arpt, IL, US",2025-11-07 20:53:00,"2025-11-07 14:53:00","VFR",22.8,2.2,300,10,NA,NA,1005.8,"METAR KCPS 072053Z 30010KT 10SM CLR 23/02 A2970 RMK AO2 SLP052 T02280022 56009",2025-11-07 21:23:09.206988,2025-11-07 16:23:09.207026
"KDGW","Douglas/Converse Cnty, WY, US",2025-11-07 20:53:00,"2025-11-07 13:53:00","VFR",12.8,-3.9,290,17,28,NA,1009.2,"METAR KDGW 072053Z AUTO 29017G28KT 10SM CLR 13/M04 A2980 RMK AO2 PK WND 27036/2019 SLP076 T01281039 56022",2025-11-07 21:23:09.212909,2025-11-07 16:23:09.212945
"KCOT","Cotulla/LaSalle Cnty, TX, US",2025-11-07 20:53:00,"2025-11-07 14:53:00","VFR",33.9,8.9,0,0,NA,NA,1006.9,"METAR KCOT 072053Z AUTO 00000KT 10SM CLR 34/09 A2973 RMK AO2 SLP060 T03390089 56033",2025-11-07 21:23:09.218882,2025-11-07 16:23:09.21892
"KCNO","Chino Arpt, CA, US",2025-11-07 20:53:00,"2025-11-07 12:53:00","VFR",29.4,8.9,290,5,NA,NA,1012.3,"METAR KCNO 072053Z 29005KT 10SM CLR 29/09 A2989 RMK AO2 SLP119 T02940089 58029",2025-11-07 21:23:09.22484,2025-11-07 16:23:09.224876
"KCSV","Crossville/Whitson Fld, TN, US",2025-11-07 20:53:00,"2025-11-07 14:53:00","VFR",18.3,13.3,210,7,NA,NA,1009.2,"METAR KCSV 072053Z AUTO 21007KT 10SM SCT034 BKN047 OVC065 18/13 A2980 RMK AO2 SLP079 T01830133 56019",2025-11-07 21:23:09.230807,2025-11-07 16:23:09.230847
"KCRE","North Myrtle Beach/Grand Strand Arpt, SC, US",2025-11-07 20:53:00,"2025-11-07 15:53:00","VFR",21.1,17.8,180,5,NA,NA,1012.3,"METAR KCRE 072053Z 18005KT 10SM CLR 21/18 A2989 RMK AO1 SLP122 T02110178 56023",2025-11-07 21:23:09.236749,2025-11-07 16:23:09.236788
"KDHN","Dothan Rgnl, AL, US",2025-11-07 20:53:00,"2025-11-07 14:53:00","VFR",24.4,17.8,200,9,NA,9,1012.6,"METAR KDHN 072053Z 20009KT 9SM -RA BKN040 BKN050 OVC055 24/18 A2990 RMK AO1 RAB53 SLP120 P0000 60000 T02440178 56023",2025-11-07 21:23:09.242705,2025-11-07 16:23:09.242743
"KDBQ","Dubuque Rgnl, IA, US",2025-11-07 20:53:00,"2025-11-07 14:53:00","VFR",15.6,3.9,270,13,24,NA,1002.1,"METAR KDBQ 072053Z 27013G24KT 10SM FEW090 16/04 A2959 RMK AO2 SLP020 T01560039 55003 $",2025-11-07 21:23:09.258626,2025-11-07 16:23:09.258666
"KDET","Detroit/C Young Arpt, MI, US",2025-11-07 20:53:00,"2025-11-07 15:53:00","VFR",13.3,8.9,250,10,17,NA,998.1,"METAR KDET 072053Z 25010G17KT 10SM FEW027 OVC033 13/09 A2947 RMK AO2 SLP979 T01330089 53004",2025-11-07 21:23:09.264525,2025-11-07 16:23:09.264561
"KCRG","Jacksonville/Executive at Craig Arpt, FL, US",2025-11-07 20:53:00,"2025-11-07 15:53:00","VFR",24.4,16.1,100,7,NA,NA,1012.6,"METAR KCRG 072053Z 10007KT 10SM CLR 24/16 A2990 RMK AO2 SLP125 T02440161 56020",2025-11-07 21:23:09.270299,2025-11-07 16:23:09.270337
"KCPR","Casper/Natrona Cnty, WY, US",2025-11-07 20:53:00,"2025-11-07 13:53:00","VFR",11.7,-3.9,230,22,30,NA,1010.6,"METAR KCPR 072053Z 23022G30KT 10SM FEW095 12/M04 A2984 RMK AO2 PK WND 23032/2002 SLP092 T01171039 56023",2025-11-07 21:23:09.276085,2025-11-07 16:23:09.276121
"KDEW","Deer Park Arpt, WA, US",2025-11-07 20:53:00,"2025-11-07 20:53:00","VFR",10,0,230,11,22,NA,1018.4,"METAR KDEW 072053Z AUTO 23011G22KT 10SM CLR 10/00 A3007 RMK AO2 SLP189 T01000000 51007",2025-11-07 21:23:09.282055,2025-11-07 16:23:09.282092
"KDHT","Dalhart Muni, TX, US",2025-11-07 20:53:00,"2025-11-07 14:53:00","VFR",18.9,-5,130,5,NA,NA,1015.3,"METAR KDHT 072053Z AUTO 13005KT 10SM CLR 19/M05 A2998 RMK AO2 SLP120 T01891050 56029",2025-11-07 21:23:09.288044,2025-11-07 16:23:09.288085
"KCRQ","Carlsbad/Palomar Arpt, CA, US",2025-11-07 20:53:00,"2025-11-07 12:53:00","VFR",18.9,15,NA,6,NA,6,1012.3,"METAR KCRQ 072053Z AUTO VRB06KT 6SM HZ CLR 19/15 A2989 RMK AO2 SLP119 6//// T01890150 58021 PNO",2025-11-07 21:23:09.294055,2025-11-07 16:23:09.294094
"KCXO","Conroe/Executive Arpt, TX, US",2025-11-07 20:53:00,"2025-11-07 14:53:00","VFR",29.4,17.8,190,11,16,NA,1007.5,"METAR KCXO 072053Z 19011G16KT 10SM CLR 29/18 A2975 RMK AO2 SLP070 T02940178 56028",2025-11-07 21:23:09.300029,2025-11-07 16:23:09.300066
"KDEQ","De Queen/Helms Arpt, AR, US",2025-11-07 20:53:00,"2025-11-07 20:53:00","VFR",23.3,16.7,0,0,NA,NA,1007.9,"METAR KDEQ 072053Z AUTO 00000KT 10SM CLR 23/17 A2976 RMK AO2 SLP073 T02330167 56016",2025-11-07 21:23:09.305979,2025-11-07 16:23:09.306018
"KCSM","Clinton/Sherman Arpt, OK, US",2025-11-07 20:53:00,"2025-11-07 14:53:00","VFR",23.9,-1.7,10,13,NA,NA,1011.9,"METAR KCSM 072053Z 01013KT 10SM CLR 24/M02 A2988 RMK AO2 PK WND 35028/2026 SLP104 T02391017 56021",2025-11-07 21:23:09.31191,2025-11-07 16:23:09.311947
"KCUB","Columbia/Downtown Arpt, SC, US",2025-11-07 20:53:00,"2025-11-07 15:53:00","VFR",24.4,11.7,220,6,NA,NA,1011.9,"METAR KCUB 072053Z AUTO 22006KT 10SM FEW055 24/12 A2988 RMK AO2 SLP117 T02440117 56026",2025-11-07 21:23:09.317866,2025-11-07 16:23:09.317906
"KDAN","Danville Rgnl, VA, US",2025-11-07 20:53:00,"2025-11-07 15:53:00","VFR",20,10.6,220,6,NA,NA,1010.9,"METAR KDAN 072053Z AUTO 22006KT 10SM CLR 20/11 A2985 RMK AO2 SLP104 T02000106 56036",2025-11-07 21:23:09.323816,2025-11-07 16:23:09.323856
"KDKK","Dunkirk/Chautauqua Cnty, NY, US",2025-11-07 20:53:00,"2025-11-07 15:53:00","MVFR",12.2,9.4,210,13,23,NA,998.4,"METAR KDKK 072053Z AUTO 21013G23KT 10SM OVC021 12/09 A2948 RMK AO2 PK WND 20027/1959 RAB03E13 SLP986 P0000 60005 T01220094 58008",2025-11-07 21:23:09.329736,2025-11-07 16:23:09.329774
"KDEN","Denver Intl, CO, US",2025-11-07 20:53:00,"2025-11-07 13:53:00","VFR",16.1,-14.4,0,0,NA,NA,1011.6,"METAR KDEN 072053Z 00000KT 10SM SCT110 BKN150 BKN200 16/M14 A2987 RMK AO2 SLP087 T01611144 56027",2025-11-07 21:23:09.335686,2025-11-07 16:23:09.335726
"KCYS","Cheyenne Rgnl, WY, US",2025-11-07 20:53:00,"2025-11-07 13:53:00","VFR",10.6,-10.6,260,14,27,NA,1013.3,"METAR KCYS 072053Z AUTO 26014G27KT 10SM OVC120 11/M11 A2992 RMK AO2 PK WND 27032/2017 WSHFT 1940 SLP098 T01061106 56009 $",2025-11-07 21:23:09.341655,2025-11-07 16:23:09.341693
"KCUT","Custer Cnty Arpt, SD, US",2025-11-07 20:53:00,"2025-11-07 20:53:00","VFR",8.9,-6.1,270,10,NA,NA,1009.2,"METAR KCUT 072053Z AUTO 27010KT 10SM CLR 09/M06 A2980 RMK AO2 SLP076 T00891061 56018",2025-11-07 21:23:09.347601,2025-11-07 16:23:09.347639
"KCNY","Moab/Canyonland Fld, UT, US",2025-11-07 20:53:00,"2025-11-07 13:53:00","VFR",15.6,-5.6,0,0,NA,NA,1017,"METAR KCNY 072053Z AUTO 00000KT 10SM CLR 16/M06 A3003 RMK AO2 SLP148 T01561056 56028",2025-11-07 21:23:09.353581,2025-11-07 16:23:09.353619
"KDAB","Daytona Beach Intl, FL, US",2025-11-07 20:53:00,"2025-11-07 15:53:00","VFR",26.1,19.4,90,6,NA,NA,1012.6,"METAR KDAB 072053Z 09006KT 10SM SCT025 SCT100 26/19 A2990 RMK AO2 SLP124 T02610194 56018",2025-11-07 21:23:09.359568,2025-11-07 16:23:09.359607
"KDAL","Dallas/Love Fld, TX, US",2025-11-07 20:53:00,"2025-11-07 14:53:00","VFR",26.7,13.9,NA,6,NA,NA,1007.9,"METAR KDAL 072053Z VRB06KT 10SM FEW020 FEW050 27/14 A2976 RMK AO2 SLP072 FU FEW020 T02670139 56012",2025-11-07 21:23:09.375166,2025-11-07 16:23:09.375221
"KDFW","Dallas-Ft Worth Intl, TX, US",2025-11-07 20:53:00,"2025-11-07 14:53:00","VFR",26.7,14.4,NA,5,NA,NA,1007.9,"METAR KDFW 072053Z VRB05KT 10SM FEW050 27/14 A2976 RMK AO2 SLP068 T02670144 56011",2025-11-07 21:23:09.381679,2025-11-07 16:23:09.381716
"KDFI","Defiance Mem Arpt, OH, US",2025-11-07 20:53:00,"2025-11-07 15:53:00","VFR",17.8,7.8,270,9,20,NA,999.7,"METAR KDFI 072053Z AUTO 27009G20KT 240V300 10SM CLR 18/08 A2952 RMK AO2 SLP997 T01780078 55001",2025-11-07 21:23:09.387478,2025-11-07 16:23:09.387513
"KCNM","Carlsbad/Cavern City Air Term, NM, US",2025-11-07 20:53:00,"2025-11-07 13:53:00","VFR",24.4,-3.3,0,0,NA,NA,1015,"METAR KCNM 072053Z AUTO 00000KT 10SM CLR 24/M03 A2997 RMK AO2 SLP104 T02441033 56035",2025-11-07 21:23:09.393344,2025-11-07 16:23:09.39338
"KCRS","Corsicana Muni, TX, US",2025-11-07 20:53:00,"2025-11-07 14:53:00","VFR",28.9,13.9,0,0,NA,NA,1007.9,"METAR KCRS 072053Z AUTO 00000KT 10SM CLR 29/14 A2976 RMK AO2 SLP073 T02890139 56014",2025-11-07 21:23:09.399217,2025-11-07 16:23:09.399255
"KCQX","Chatham Muni, MA, US",2025-11-07 20:52:00,"2025-11-07 20:52:00","VFR",9.4,3.9,190,9,17,NA,1014,"METAR KCQX 072052Z AUTO 19009G17KT 10SM FEW036 09/04 A2994 RMK AO2 SLP140 T00940039 58031",2025-11-07 21:23:09.405128,2025-11-07 16:23:09.405164
"KDDC","Dodge City Arpt, KS, US",2025-11-07 20:52:00,"2025-11-07 14:52:00","VFR",20,-2.8,350,4,NA,8,1013,"METAR KDDC 072052Z AUTO 35004KT 8SM CLR 20/M03 A2991 RMK AO2 SLP117 T02001028 56022 $",2025-11-07 21:23:09.411046,2025-11-07 16:23:09.411084
"KDCA","Washington/Reagan-National Arpt, VA, US",2025-11-07 20:52:00,"2025-11-07 15:52:00","VFR",17.8,4.4,200,15,NA,NA,1008.2,"METAR KDCA 072052Z 20015KT 10SM FEW075 BKN240 18/04 A2977 RMK AO2 PK WND 20029/2026 SLP081 T01780044 56038 $",2025-11-07 21:23:09.417019,2025-11-07 16:23:09.417056
"KCVG","Cincinnati Intl, KY, US",2025-11-07 20:52:00,"2025-11-07 15:52:00","MVFR",15.6,13.9,230,8,NA,6,1003.8,"METAR KCVG 072052Z 23008KT 6SM BR FEW010 BKN016 BKN046 16/14 A2964 RMK AO2 RAB03E19 SLP034 P0000 60000 T01560139 55008",2025-11-07 21:23:09.422817,2025-11-07 16:23:09.422853
"KCON","Concord Muni, NH, US",2025-11-07 20:51:00,"2025-11-07 15:51:00","VFR",9.4,-1.7,160,10,NA,NA,1009.6,"METAR KCON 072051Z AUTO 16010KT 10SM CLR 09/M02 A2981 RMK AO2 SLP097 T00941017 56039 $",2025-11-07 21:23:09.428769,2025-11-07 16:23:09.428806
"KDAW","Rochester/Skyhaven Arpt, NH, US",2025-11-07 20:51:00,"2025-11-07 20:51:00","VFR",8.3,-1.7,NA,5,NA,NA,1010.6,"METAR KDAW 072051Z AUTO VRB05KT 10SM CLR 08/M02 A2984 RMK AO2 SLP103 T00831017 56037 $",2025-11-07 21:23:09.434742,2025-11-07 16:23:09.434779
"KCSG","Columbus Arpt, GA, US",2025-11-07 20:51:00,"2025-11-07 15:51:00","MVFR",19.4,17.2,0,0,NA,4,1011.9,"METAR KCSG 072051Z 00000KT 4SM R06/6000VP6000FT -RA BR FEW024 BKN047 OVC060 19/17 A2988 RMK AO2 RAE08B35 SLP115 P0008 60008 T01940172 56020",2025-11-07 21:23:09.440638,2025-11-07 16:23:09.440677
"KCRP","Corpus Christi Intl, TX, US",2025-11-07 20:51:00,"2025-11-07 14:51:00","VFR",32.8,16.1,180,9,17,NA,1006.5,"METAR KCRP 072051Z 18009G17KT 10SM CLR 33/16 A2972 RMK AO2 SLP062 T03280161 56038",2025-11-07 21:23:09.44659,2025-11-07 16:23:09.446626
"KDAG","Barstow/Daggett Cnty, CA, US",2025-11-07 20:50:00,"2025-11-07 12:50:00","VFR",23.9,4.4,300,10,NA,NA,1015.7,"METAR KDAG 072050Z AUTO 30010KT 10SM CLR 24/04 A2999 RMK AO2 SLP138 T02390044 58027",2025-11-07 21:23:09.452525,2025-11-07 16:23:09.452561
"KCWF","Chenault Intl, LA, US",2025-11-07 20:50:00,"2025-11-07 14:50:00","VFR",28,17,200,12,NA,NA,1008.9,"METAR KCWF 072050Z 20012KT 10SM FEW040 28/17 A2979",2025-11-07 21:23:09.458496,2025-11-07 16:23:09.458535
"KCWA","Mosinee/C Wisconsin Arpt, WI, US",2025-11-07 20:50:00,"2025-11-07 14:50:00","MVFR",7,2,320,10,NA,NA,1001.1,"METAR KCWA 072050Z 32010KT 10SM BKN024 OVC030 07/02 A2956",2025-11-07 21:23:09.464458,2025-11-07 16:23:09.464497
"KCQB","Chandler Muni, OK, US",2025-11-07 20:50:00,"2025-11-07 20:50:00","VFR",23.7,5.9,350,8,NA,NA,1010.2,"METAR KCQB 072050Z AUTO 35008KT 10SM CLR 24/06 A2983 RMK AO2 T02370059",2025-11-07 21:23:09.470382,2025-11-07 16:23:09.470419
"KDED","Deland Muni, FL, US",2025-11-07 20:50:00,"2025-11-07 20:50:00","VFR",28.9,16.6,170,5,NA,NA,1013,"METAR KDED 072050Z AUTO 17005KT 10SM SCT042 BKN048 BKN055 29/17 A2991 RMK AO2 T02890166",2025-11-07 21:23:09.476281,2025-11-07 16:23:09.47632
"KEKY","Bessemer Arpt, AL, US",2025-11-07 21:18:00,"2025-11-07 21:18:00",NA,23,18,210,4,NA,NA,1010.6,"SPECI KEKY 072118Z AUTO 21004KT BKN026 BKN032 23/18 A2984 RMK AO2 PWINO RVRNO $",2025-11-07 21:23:11.327476,2025-11-07 16:23:11.327516
"KEGI","Eglin AFB/Duke Fld, FL, US",2025-11-07 21:17:00,"2025-11-07 15:17:00","MVFR",25,20,190,11,NA,NA,1010.9,"SPECI KEGI 072117Z AUTO 19011KT 10SM SCT017 SCT022 BKN029 OVC080 25/20 A2985 RMK AO2 CIG 018V029 SLP108 $",2025-11-07 21:23:11.333765,2025-11-07 16:23:11.333807
"KEHA","Elkhart/Morton Cnty, KS, US",2025-11-07 21:15:00,"2025-11-07 21:15:00","VFR",17.6,-4.1,170,6,NA,NA,1015.3,"METAR KEHA 072115Z AUTO 17006KT 10SM CLR 18/M04 A2998 RMK AO2 T01761041",2025-11-07 21:23:11.33982,2025-11-07 16:23:11.339859
"KDNS","Denison Muni, IA, US",2025-11-07 21:15:00,"2025-11-07 15:15:00","VFR",15,3,310,19,24,NA,1007.5,"METAR KDNS 072115Z AUTO 31019G24KT 10SM CLR 15/03 A2975 RMK AO2",2025-11-07 21:23:11.345806,2025-11-07 16:23:11.345842
"KELA","Eagle Lake Arpt, TX, US",2025-11-07 21:15:00,"2025-11-07 15:15:00","VFR",30.1,14.5,210,7,14,NA,1006.9,"METAR KELA 072115Z AUTO 21007G14KT 10SM CLR 30/15 A2973 RMK AO2 T03010145",2025-11-07 21:23:11.351792,2025-11-07 16:23:11.35183
"KE11","Andrews Cnty, TX, US",2025-11-07 21:15:00,"2025-11-07 21:15:00","VFR",24.5,-2.8,360,5,NA,NA,1014.6,"METAR KE11 072115Z AUTO 36005KT 10SM CLR 25/M03 A2996 RMK AO2 T02451028",2025-11-07 21:23:11.357783,2025-11-07 16:23:11.357822
"KE16","San Martin Arpt, CA, US",2025-11-07 21:15:00,"2025-11-07 21:15:00","VFR",23,14,310,13,20,NA,1019,"METAR KE16 072115Z AUTO 31013G20KT 10SM FEW095 23/14 A3009 RMK AO2",2025-11-07 21:23:11.363789,2025-11-07 16:23:11.363827
"KEMM","Kemmerer Muni, WY, US",2025-11-07 21:15:00,"2025-11-07 14:15:00",NA,6,-3,310,18,21,NA,1018.7,"METAR KEMM 072115Z AUTO 31018G21KT 10SM 06/M03 A3008 RMK AO2",2025-11-07 21:23:11.369701,2025-11-07 16:23:11.36974
"KDPL","Kenansville/Duplin Arpt, NC, US",2025-11-07 21:15:00,"2025-11-07 21:15:00","VFR",22,17,180,5,NA,NA,1012.3,"METAR KDPL 072115Z AUTO 18005KT 10SM SCT032 SCT038 22/17 A2989 RMK AO2",2025-11-07 21:23:11.375673,2025-11-07 16:23:11.375711
"KDVK","Danville/Powell Fld, KY, US",2025-11-07 21:15:00,"2025-11-07 21:15:00","MVFR",15,14,240,7,NA,NA,1006.5,"METAR KDVK 072115Z AUTO 24007KT 10SM OVC027 15/14 A2972 RMK AO2",2025-11-07 21:23:11.381746,2025-11-07 16:23:11.381784
"KDRI","Deridder/Beauregard Rgnl, LA, US",2025-11-07 21:15:00,"2025-11-07 15:15:00","VFR",27.9,15.9,190,8,NA,NA,1008.2,"METAR KDRI 072115Z AUTO 19008KT 10SM CLR 28/16 A2977 RMK AO2 T02790159 $",2025-11-07 21:23:11.387739,2025-11-07 16:23:11.387778
"KDTL","Detroit Lakes Arpt, MN, US",2025-11-07 21:15:00,"2025-11-07 15:15:00","MVFR",0,-3,330,12,NA,NA,1009.9,"METAR KDTL 072115Z AUTO 33012KT 10SM OVC020 00/M03 A2982 RMK AO2",2025-11-07 21:23:11.393692,2025-11-07 16:23:11.393728
"KDUA","Durant/Eaker Fld, OK, US",2025-11-07 21:15:00,"2025-11-07 15:15:00","VFR",26,14,10,9,NA,NA,1009.6,"METAR KDUA 072115Z AUTO 01009KT 10SM CLR 26/14 A2981 RMK AO2",2025-11-07 21:23:11.399647,2025-11-07 16:23:11.399683
"KDUC","Duncan/Halliburton Fld, OK, US",2025-11-07 21:15:00,"2025-11-07 15:15:00","VFR",25,2,10,11,NA,NA,1010.9,"METAR KDUC 072115Z AUTO 01011KT 10SM CLR 25/02 A2985 RMK AO2",2025-11-07 21:23:11.405599,2025-11-07 16:23:11.405635
"KDVO","Novato/Gnoss Fld, CA, US",2025-11-07 21:15:00,"2025-11-07 13:15:00","MVFR",22,15,300,5,NA,5,1019.7,"METAR KDVO 072115Z AUTO 30005KT 5SM HZ SCT020 22/15 A3011 RMK AO2",2025-11-07 21:23:11.423002,2025-11-07 16:23:11.42306
"KDYB","Summerville Arpt, SC, US",2025-11-07 21:15:00,"2025-11-07 21:15:00","VFR",25,15,NA,4,NA,NA,1011.9,"METAR KDYB 072115Z AUTO VRB04KT 10SM CLR 25/15 A2988 RMK AO2",2025-11-07 21:23:11.429855,2025-11-07 16:23:11.429895
"KEBG","Edinburg/S Texas Intl, TX, US",2025-11-07 21:15:00,"2025-11-07 21:15:00","VFR",33,11,180,5,NA,NA,1006.5,"METAR KEBG 072115Z AUTO 18005KT 10SM CLR 33/11 A2972 RMK AO2",2025-11-07 21:23:11.436024,2025-11-07 16:23:11.436066
"KEGV","Eagle River/Union Arpt, WI, US",2025-11-07 21:15:00,"2025-11-07 15:15:00","MVFR",2,1.1,330,6,NA,NA,1002.5,"METAR KEGV 072115Z AUTO 33006KT 10SM -RA SCT012 BKN018 OVC047 02/01 A2960 RMK AO2 T00200011",2025-11-07 21:23:11.442527,2025-11-07 16:23:11.442563
"KDLO","Delano Muni, CA, US",2025-11-07 21:15:00,"2025-11-07 21:15:00","VFR",20.1,8.6,0,0,NA,NA,1018.7,"METAR KDLO 072115Z AUTO 00000KT 10SM CLR 20/09 A3008 RMK AO2 T02010086",2025-11-07 21:23:11.448397,2025-11-07 16:23:11.448435
"KECU","Rocksprings/Edwards Cnty, TX, US",2025-11-07 21:15:00,"2025-11-07 21:15:00","VFR",30,3,330,11,NA,NA,1011.9,"METAR KECU 072115Z AUTO 33011KT 300V020 10SM CLR 30/03 A2988 RMK AO2",2025-11-07 21:23:11.454436,2025-11-07 16:23:11.454475
"KEDN","Enterprise Muni, AL, US",2025-11-07 21:15:00,"2025-11-07 15:15:00","MVFR",22.8,19.6,200,7,NA,NA,1011.3,"METAR KEDN 072115Z AUTO 20007KT 10SM BKN026 BKN032 OVC044 23/20 A2986 RMK AO1 LTG DSNT N NE AND S T02280196",2025-11-07 21:23:11.460462,2025-11-07 16:23:11.460502
"KDUH","Toledo/Suburban Arpt, MI, US",2025-11-07 21:15:00,"2025-11-07 21:15:00","VFR",16,9,270,11,20,NA,998.7,"METAR KDUH 072115Z AUTO 27011G20KT 10SM FEW035 16/09 A2949 RMK AO2",2025-11-07 21:23:11.466484,2025-11-07 16:23:11.466526
"KEFT","Monroe Muni, WI, US",2025-11-07 21:15:00,"2025-11-07 21:15:00","VFR",16.1,2.6,270,10,NA,NA,1001.1,"METAR KEFT 072115Z AUTO 27010KT 10SM SCT100 16/03 A2956 RMK AO2 T01610026",2025-11-07 21:23:11.472404,2025-11-07 16:23:11.472441
"KE38","Alpine/Casparis Muni, TX, US",2025-11-07 21:15:00,"2025-11-07 15:15:00","VFR",25.1,-5,60,9,15,NA,1018,"METAR KE38 072115Z AUTO 06009G15KT 10SM CLR 25/M05 A3006 RMK AO2 T02511050",2025-11-07 21:23:11.478353,2025-11-07 16:23:11.478393
"KECS","Newcastle/Mondell Arpt, WY, US",2025-11-07 21:15:00,"2025-11-07 14:15:00","VFR",10,-4,0,0,NA,NA,1009.2,"METAR KECS 072115Z AUTO 00000KT 10SM BKN100 10/M04 A2980 RMK AO2",2025-11-07 21:23:11.48435,2025-11-07 16:23:11.484388
"KDLZ","Delaware Muni, OH, US",2025-11-07 21:15:00,"2025-11-07 21:15:00","IFR",14,13,240,12,15,9,1001.8,"METAR KDLZ 072115Z AUTO 24012G15KT 9SM OVC009 14/13 A2958 RMK AO2",2025-11-07 21:23:11.49026,2025-11-07 16:23:11.490297
"KEDJ","Bellefontaine Rgnl, OH, US",2025-11-07 21:15:00,"2025-11-07 21:15:00","VFR",15,14,240,10,16,NA,1002.1,"METAR KEDJ 072115Z AUTO 24010G16KT 10SM FEW015 SCT025 BKN032 15/14 A2959 RMK A01",2025-11-07 21:23:11.496205,2025-11-07 16:23:11.496245
"KEKM","Elkhart Muni, IN, US",2025-11-07 21:15:00,"2025-11-07 16:15:00","VFR",15.2,5,280,15,21,NA,1000.8,"METAR KEKM 072115Z AUTO 28015G21KT 10SM CLR 15/05 A2955 RMK AO2 T01520050 $",2025-11-07 21:23:11.50213,2025-11-07 16:23:11.502168
"KEFK","Newport/Northeast Kingdom Intl, VT, US",2025-11-07 21:15:00,"2025-11-07 16:15:00","VFR",4.6,-3.3,170,9,16,NA,1003.8,"METAR KEFK 072115Z AUTO 17009G16KT 10SM BKN100 OVC110 05/M03 A2964 RMK AO2 T00461033",2025-11-07 21:23:11.508086,2025-11-07 16:23:11.508124
"KEDC","Austin/Executive Arpt, TX, US",2025-11-07 21:15:00,"2025-11-07 21:15:00","VFR",32,14,0,0,NA,8,1006.2,"METAR KEDC 072115Z AUTO 00000KT 8SM CLR 32/14 A2971 RMK AO2",2025-11-07 21:23:11.513993,2025-11-07 16:23:11.514027
"KDTA","Delta Muni, UT, US",2025-11-07 21:15:00,"2025-11-07 14:15:00","VFR",14,-3,50,6,NA,NA,1019.7,"METAR KDTA 072115Z AUTO 05006KT 10SM BKN080 OVC100 14/M03 A3011 RMK AO1",2025-11-07 21:23:11.519944,2025-11-07 16:23:11.519984
"KDLL","Baraboo-Dells Arpt, WI, US",2025-11-07 21:15:00,"2025-11-07 21:15:00","VFR",11.3,2.7,310,14,19,NA,1001.4,"METAR KDLL 072115Z AUTO 31014G19KT 10SM BKN045 OVC055 11/03 A2957 RMK AO2 T01130027",2025-11-07 21:23:11.52589,2025-11-07 16:23:11.525925
"KDZB","Marble Falls/Horseshoe Bay Arpt, TX, US",2025-11-07 21:15:00,"2025-11-07 21:15:00","VFR",32,6.3,340,9,14,7,1008.2,"METAR KDZB 072115Z AUTO 34009G14KT 7SM CLR 32/06 A2977 RMK AO2 T03200063",2025-11-07 21:23:11.531769,2025-11-07 16:23:11.531804
"KDZJ","Blairsville Arpt, GA, US",2025-11-07 21:15:00,"2025-11-07 21:15:00","VFR",18.7,11.6,200,6,NA,NA,1012.3,"METAR KDZJ 072115Z AUTO 20006KT 10SM BKN050 OVC060 19/12 A2989 RMK AO2 LTG DSNT W T01870116",2025-11-07 21:23:11.547246,2025-11-07 16:23:11.547312
"KE41","Big Lake/Reagan Cnty, TX, US",2025-11-07 21:15:00,"2025-11-07 21:15:00","VFR",25.2,0,360,10,NA,NA,1013.6,"METAR KE41 072115Z AUTO 36010KT 10SM CLR 25/00 A2993 RMK AO2 T02520000",2025-11-07 21:23:11.554333,2025-11-07 16:23:11.554376
"KE57","Denver City Arpt, TX, US",2025-11-07 21:15:00,"2025-11-07 21:15:00","VFR",24,-11,0,0,NA,NA,1015.3,"METAR KE57 072115Z AUTO 00000KT 10SM CLR 24/M11 A2998 RMK AO2",2025-11-07 21:23:11.560559,2025-11-07 16:23:11.560601
"KEBS","Webster City Muni, IA, US",2025-11-07 21:15:00,"2025-11-07 15:15:00","VFR",11,5,NA,NA,NA,NA,1005.8,"METAR KEBS 072115Z AUTO 10SM SCT044 SCT049 11/05 A2970 RMK AO2",2025-11-07 21:23:11.566812,2025-11-07 16:23:11.566847
"KELK","Elk City Rgnl, OK, US",2025-11-07 21:15:00,"2025-11-07 15:15:00",NA,23.5,-3.6,350,10,NA,NA,1011.3,"METAR KELK 072115Z AUTO 35010KT 10SM 24/M04 A2986 RMK AO2 T02351036 $",2025-11-07 21:23:11.572641,2025-11-07 16:23:11.572678
"KELO","Ely Muni, MN, US",2025-11-07 21:15:00,"2025-11-07 15:15:00","MVFR",-2,-6,340,5,NA,NA,1006.9,"METAR KELO 072115Z AUTO 34005KT 10SM BKN017 OVC022 M02/M06 A2973 RMK AO2",2025-11-07 21:23:11.578659,2025-11-07 16:23:11.578697
"KDUX","Dumas/Moore Cnty, TX, US",2025-11-07 21:15:00,"2025-11-07 21:15:00","VFR",20,-4,250,4,NA,NA,1014.6,"METAR KDUX 072115Z AUTO 25004KT 10SM CLR 20/M04 A2996 RMK AO2",2025-11-07 21:23:11.584717,2025-11-07 16:23:11.584755
"KDNN","Dalton Muni, GA, US",2025-11-07 21:15:00,"2025-11-07 16:15:00","VFR",20.8,15.6,NA,5,NA,NA,1009.9,"METAR KDNN 072115Z AUTO VRB05KT 10SM BKN036 OVC046 21/16 A2982 RMK AO2 T02080156",2025-11-07 21:23:11.590904,2025-11-07 16:23:11.590945
"KDQH","Douglas Muni, GA, US",2025-11-07 21:15:00,"2025-11-07 21:15:00","VFR",26.6,10.6,250,5,NA,NA,1013.3,"METAR KDQH 072115Z AUTO 25005KT 10SM CLR 27/11 A2992 RMK AO2 LTG DSNT SW AND NW T02660106",2025-11-07 21:23:11.596836,2025-11-07 16:23:11.596873
"KEGT","Wellington Muni, KS, US",2025-11-07 21:15:00,"2025-11-07 21:15:00","VFR",20.8,2.5,330,5,NA,NA,1011.6,"METAR KEGT 072115Z AUTO 33005KT 10SM CLR 21/02 A2987 RMK AO2 T02080025",2025-11-07 21:23:11.602797,2025-11-07 16:23:11.602834
"KEIK","Erie Muni, CO, US",2025-11-07 21:15:00,"2025-11-07 21:15:00","VFR",16.7,-11.3,330,5,NA,NA,1011.6,"METAR KEIK 072115Z AUTO 33005KT 10SM OVC130 17/M11 A2987 RMK AO2 T01671113",2025-11-07 21:23:11.608777,2025-11-07 16:23:11.608815
"KEAN","Wheatland/Phifer Fld, WY, US",2025-11-07 21:15:00,"2025-11-07 14:15:00","VFR",14,-5.8,270,17,26,NA,1009.6,"METAR KEAN 072115Z AUTO 27017G26KT 10SM CLR 14/M06 A2981 RMK AO2 T01401058",2025-11-07 21:23:11.614731,2025-11-07 16:23:11.614769
"KDYT","Duluth/Sky Harbor Arpt, MN, US",2025-11-07 21:15:00,"2025-11-07 21:15:00","VFR",5,-1,340,10,16,NA,1005.8,"METAR KDYT 072115Z AUTO 34010G16KT 10SM OVC033 05/M01 A2970 RMK AO2",2025-11-07 21:23:11.620721,2025-11-07 16:23:11.620759
"KDXX","Madison/Lac Qui Parle Cnty, MN, US",2025-11-07 21:15:00,"2025-11-07 21:15:00","VFR",2,-1,340,14,NA,NA,1010.9,"METAR KDXX 072115Z AUTO 34014KT 10SM SCT017 02/M01 A2985 RMK AO2",2025-11-07 21:23:11.62666,2025-11-07 16:23:11.626697
"KDRM","Drummond Island Arpt, MI, US",2025-11-07 21:15:00,"2025-11-07 16:15:00","VFR",7,5.1,260,5,NA,NA,993.3,"METAR KDRM 072115Z AUTO 26005KT 10SM SCT023 SCT028 OVC038 07/05 A2933 RMK AO2 T00700051",2025-11-07 21:23:11.632602,2025-11-07 16:23:11.63264
"KEDE","Edenton/Northeast Rgnl, NC, US",2025-11-07 21:15:00,"2025-11-07 16:15:00","VFR",19.2,15.8,190,7,NA,NA,1013.3,"METAR KEDE 072115Z AUTO 19007KT 10SM RA BKN031 OVC039 19/16 A2992 RMK AO2 T01920158",2025-11-07 21:23:11.638542,2025-11-07 16:23:11.638579
"KEKX","Elizabethtown/Addington Fld, KY, US",2025-11-07 21:15:00,"2025-11-07 16:15:00","IFR",15.5,15.5,250,4,NA,4,1005.2,"METAR KEKX 072115Z AUTO 25004KT 4SM BR OVC005 16/16 A2968 RMK AO2 LTG DSNT N AND SW T01550155",2025-11-07 21:23:11.644416,2025-11-07 16:23:11.644453
"KDYA","Demopolis Muni, AL, US",2025-11-07 21:15:00,"2025-11-07 21:15:00","VFR",26.4,19.6,150,7,NA,NA,1009.2,"METAR KDYA 072115Z AUTO 15007KT 10SM SCT032 SCT060 26/20 A2980 RMK AO2 T02640196",2025-11-07 21:23:11.650383,2025-11-07 16:23:11.65042
"KDUJ","Du Bois Rgnl, PA, US",2025-11-07 21:14:00,"2025-11-07 16:14:00","IFR",10.6,10,170,4,NA,2,1002.1,"SPECI KDUJ 072114Z AUTO 17004KT 2SM BR FEW004 SCT014 OVC046 11/10 A2959 RMK AO2 T01060100 PWINO $",2025-11-07 21:23:11.656236,2025-11-07 16:23:11.656274
"KDTS","Destin Arpt, FL, US",2025-11-07 21:03:00,"2025-11-07 15:03:00","MVFR",24.4,21.7,180,5,NA,NA,1011.6,"SPECI KDTS 072103Z 18005KT 10SM OVC013 24/22 A2987 RMK AO2 T02440217",2025-11-07 21:23:11.671678,2025-11-07 16:23:11.671738
"KDYR","Dyersburg Rgnl, TN, US",2025-11-07 21:03:00,"2025-11-07 21:03:00",NA,19,19,230,7,NA,NA,1007.2,"SPECI KDYR 072103Z AUTO 23007KT SCT022 OVC044 19/19 A2974 RMK AO2 PWINO $",2025-11-07 21:23:11.678545,2025-11-07 16:23:11.678585
"KDLS","The Dalles Muni, OR, US",2025-11-07 20:59:00,"2025-11-07 12:59:00","VFR",14,7,310,7,NA,NA,1022.8,"METAR KDLS 072059Z 31007KT 10SM BKN050 14/07 A3020",2025-11-07 21:23:11.684739,2025-11-07 16:23:11.684782
"KEKQ","Monticello/Wayne Cnty, KY, US",2025-11-07 20:56:00,"2025-11-07 20:56:00","VFR",20.6,15,250,6,NA,NA,1007.2,"METAR KEKQ 072056Z AUTO 25006KT 10SM FEW043 BKN055 OVC070 21/15 A2974 RMK AO2 LTG DSNT N AND NE TSB23E38 SLP064 6//// T02060150 56017 PNO $",2025-11-07 21:23:11.690944,2025-11-07 16:23:11.690979
"KEHR","Henderson City Arpt, KY, US",2025-11-07 20:56:00,"2025-11-07 20:56:00","MVFR",21.1,14.4,230,12,NA,NA,1005.2,"METAR KEHR 072056Z AUTO 23012KT 10SM BKN027 21/14 A2968 RMK AO2 LTG DSNT N AND NE SLP050 T02110144 56010",2025-11-07 21:23:11.696779,2025-11-07 16:23:11.696814
"KEGE","Eagle Cnty Rgnl, CO, US",2025-11-07 20:56:00,"2025-11-07 13:56:00","VFR",10.6,-14.4,230,16,NA,NA,1018.7,"METAR KEGE 072056Z 23016KT 10SM OVC100 11/M14 A3008 RMK AO2 PK WND 25026/2027 WSHFT 2013 SLP169 T01061144 56025 $",2025-11-07 21:23:11.702795,2025-11-07 16:23:11.702835
"KELZ","Wellsville/Tarantine Fld, NY, US",2025-11-07 20:56:00,"2025-11-07 15:56:00","VFR",7.8,6.1,180,15,28,9,1000.1,"METAR KELZ 072056Z AUTO 18015G28KT 9SM -RA BKN050 BKN070 OVC100 08/06 A2953 RMK AO2 PK WND 18028/2050 SLP013 P0016 60031 T00780061 58008",2025-11-07 21:23:11.708738,2025-11-07 16:23:11.708775
"KDVL","Devils Lake Rgnl, ND, US",2025-11-07 20:56:00,"2025-11-07 14:56:00","VFR",-3.3,-10,10,10,NA,NA,1012.6,"METAR KDVL 072056Z AUTO 01010KT 10SM CLR M03/M10 A2990 RMK AO2 SLP151 T10331100 58002 FZRANO",2025-11-07 21:23:11.714759,2025-11-07 16:23:11.714799
"KDWU","Ashland Rgnl, KY, US",2025-11-07 20:56:00,"2025-11-07 20:56:00","VFR",16.7,14.4,220,4,NA,NA,1004.8,"METAR KDWU 072056Z AUTO 22004KT 10SM SCT038 BKN050 OVC085 17/14 A2967 RMK AO2 RAE37 SLP049 P0000 60022 T01670144 58010 $",2025-11-07 21:23:11.720689,2025-11-07 16:23:11.720727
"KEKO","Elko Rgnl, NV, US",2025-11-07 20:56:00,"2025-11-07 12:56:00","VFR",12.8,2.8,240,9,NA,NA,1020.7,"METAR KEKO 072056Z AUTO 24009KT 10SM CLR 13/03 A3014 RMK AO2 SLP196 T01280028 58014",2025-11-07 21:23:11.726609,2025-11-07 16:23:11.726647
"KEEN","Keene/Hopkins Arpt, NH, US",2025-11-07 20:56:00,"2025-11-07 15:56:00","VFR",10,1.1,190,9,NA,NA,1007.9,"METAR KEEN 072056Z AUTO 19009KT 10SM SCT120 10/01 A2976 RMK AO2 SLP084 T01000011 56041 $",2025-11-07 21:23:11.732552,2025-11-07 16:23:11.73259
"KEAR","Kearney Rgnl, NE, US",2025-11-07 20:56:00,"2025-11-07 14:56:00","VFR",18.9,-4.4,320,13,20,NA,1009.9,"METAR KEAR 072056Z AUTO 32013G20KT 10SM CLR 19/M04 A2982 RMK AO2 SLP094 T01891044 56021",2025-11-07 21:23:11.738509,2025-11-07 16:23:11.738548
"KEED","Needles Arpt, CA, US",2025-11-07 20:56:00,"2025-11-07 12:56:00","VFR",28.3,2.2,NA,NA,NA,NA,1012.6,"METAR KEED 072056Z AUTO 10SM CLR 28/02 A2990 RMK AO2 SLP100 T02830022 58029",2025-11-07 21:23:11.744437,2025-11-07 16:23:11.744478
"KEAU","Eau Claire/Chippewa Valley Rgnl, WI, US",2025-11-07 20:56:00,"2025-11-07 14:56:00","MVFR",6.1,1.1,320,12,NA,NA,1003.8,"METAR KEAU 072056Z 32012KT 10SM OVC022 06/01 A2964 RMK AO2 SLP041 T00610011 53025",2025-11-07 21:23:11.750399,2025-11-07 16:23:11.750438
"KDOV","Dover AFB, DE, US",2025-11-07 20:55:00,"2025-11-07 15:55:00","VFR",16.9,1.7,180,14,NA,NA,1008.5,"METAR KDOV 072055Z 18014KT 10SM CLR 17/02 A2978 RMK AO2A SLP088 T01690017 57043 $",2025-11-07 21:23:11.756341,2025-11-07 16:23:11.756382
"KDYS","Abilene/Dyess AFB, TX, US",2025-11-07 20:55:00,"2025-11-07 14:55:00","VFR",25.6,-1.3,30,10,19,NA,1010.9,"METAR KDYS 072055Z AUTO 03010G19KT 10SM CLR 26/M01 A2985 RMK AO2 SLP086 T02561013 57017",2025-11-07 21:23:11.762285,2025-11-07 16:23:11.762321
"KDMA","Tucson/Davis AFB, AZ, US",2025-11-07 20:55:00,"2025-11-07 13:55:00","VFR",27.9,-5.3,0,0,NA,NA,1014.3,"METAR KDMA 072055Z AUTO 00000KT 10SM CLR 28/M05 A2995 RMK AO2 SLP108 T02791053 57025 $",2025-11-07 21:23:11.768207,2025-11-07 16:23:11.76825
"KEDW","Edwards AFB, CA, US",2025-11-07 20:55:00,"2025-11-07 12:55:00","VFR",23.3,3.8,100,3,NA,80,1015.3,"METAR KEDW 072055Z 10003KT 80SM CLR 23/04 A2998 RMK AO2A SLP140 T02330038 57032",2025-11-07 21:23:11.774049,2025-11-07 16:23:11.774085
"KEDU","Davis/University Arpt, CA, US",2025-11-07 20:55:00,"2025-11-07 20:55:00","VFR",20,15,30,5,NA,NA,1020.1,"METAR KEDU 072055Z AUTO 03005KT 10SM SCT023 BKN031 20/15 A3012 RMK AO1",2025-11-07 21:23:11.779976,2025-11-07 16:23:11.780013
"KEAT","Wenatchee/Pangborn Mem, WA, US",2025-11-07 20:55:00,"2025-11-07 12:55:00","VFR",13.3,-1.7,290,9,NA,NA,1018.7,"METAR KEAT 072055Z AUTO 29009KT 10SM CLR 13/M02 A3008 RMK AO2 SLP188 T01331017 51010 $",2025-11-07 21:23:11.795449,2025-11-07 16:23:11.795511
"KE01","Monahans/Hurd Mem, TX, US",2025-11-07 20:55:00,"2025-11-07 14:55:00","VFR",26,-2,90,5,NA,9,1013.6,"METAR KE01 072055Z AUTO 09005KT 9SM CLR 26/M02 A2993 RMK AO2",2025-11-07 21:23:11.802253,2025-11-07 16:23:11.802293
"KDRP","Colt/Delta Rgnl, AR, US",2025-11-07 20:55:00,"2025-11-07 20:55:00","VFR",22,17,220,9,14,NA,1007.2,"METAR KDRP 072055Z AUTO 22009G14KT 10SM BKN039 22/17 A2974 RMK AO2",2025-11-07 21:23:11.808385,2025-11-07 16:23:11.808425
"KE77","San Manuel Arpt, AZ, US",2025-11-07 20:55:00,"2025-11-07 20:55:00","VFR",26,-2,350,4,NA,NA,1017,"METAR KE77 072055Z AUTO 35004KT 10SM CLR 26/M02 A3003 RMK AO2",2025-11-07 21:23:11.814546,2025-11-07 16:23:11.814583
"KDWA","Davis/Yolo Cnty, CA, US",2025-11-07 20:55:00,"2025-11-07 20:55:00","MVFR",20,15,10,5,NA,NA,1020.4,"METAR KDWA 072055Z AUTO 01005KT 10SM BKN024 BKN034 20/15 A3013 RMK AO2",2025-11-07 21:23:11.820414,2025-11-07 16:23:11.820453
"KECG","Elizabeth City Rgnl, NC, US",2025-11-07 20:54:00,"2025-11-07 15:54:00","VFR",19.4,12.8,160,4,NA,NA,1013,"METAR KECG 072054Z 16004KT 10SM BKN037 OVC060 19/13 A2991 RMK AO2 SLP129 T01940128 56028",2025-11-07 21:23:11.826526,2025-11-07 16:23:11.826565
"KDSM","Des Moines Intl, IA, US",2025-11-07 20:54:00,"2025-11-07 14:54:00","VFR",17.8,1.7,310,21,29,NA,1005.5,"METAR KDSM 072054Z 31021G29KT 10SM FEW200 FEW300 18/02 A2969 RMK AO2 PK WND 29029/2041 SLP055 T01780017 55004",2025-11-07 21:23:11.832535,2025-11-07 16:23:11.832574
"KDSV","Dansville Muni, NY, US",2025-11-07 20:54:00,"2025-11-07 15:54:00","VFR",11.7,7.2,170,10,17,NA,999.1,"METAR KDSV 072054Z AUTO 17010G17KT 10SM FEW100 12/07 A2950 RMK AO2 RAE12 SLP000 P0001 60008 T01170072 56010",2025-11-07 21:23:11.838528,2025-11-07 16:23:11.838564
"KDYL","Doylestown Arpt, PA, US",2025-11-07 20:54:00,"2025-11-07 15:54:00","VFR",15,1.7,200,9,19,NA,1008.5,"METAR KDYL 072054Z AUTO 20009G19KT 160V220 10SM CLR 15/02 A2978 RMK AO2 SLP086 T01500017 56036",2025-11-07 21:23:11.844423,2025-11-07 16:23:11.844462
"KEFD","Houston/Ellington Arpt, TX, US",2025-11-07 20:54:00,"2025-11-07 14:54:00","VFR",29,18,200,9,NA,NA,1007.2,"METAR KEFD 072054Z 20009KT 10SM CLR 29/18 A2974",2025-11-07 21:23:11.850317,2025-11-07 16:23:11.850358
"KEET","Alabaster/Shelby Cnty, AL, US",2025-11-07 20:53:00,"2025-11-07 20:53:00","VFR",23.9,17.2,170,6,NA,NA,1010.6,"METAR KEET 072053Z AUTO 17006KT 10SM FEW035 SCT046 BKN080 24/17 A2984 RMK AO2 SLP100 T02390172 56025",2025-11-07 21:23:11.856234,2025-11-07 16:23:11.856273
"KDTO","Denton Muni, TX, US",2025-11-07 20:53:00,"2025-11-07 20:53:00","VFR",26.7,7.2,30,11,19,NA,1008.5,"METAR KDTO 072053Z 03011G19KT 10SM CLR 27/07 A2978 RMK AO2 SLP076 T02670072 56013",2025-11-07 21:23:11.862146,2025-11-07 16:23:11.862237
"KDRT","Del Rio Intl, TX, US",2025-11-07 20:53:00,"2025-11-07 14:53:00","VFR",32.2,2.8,330,9,NA,NA,1008.2,"METAR KDRT 072053Z AUTO 33009KT 10SM CLR 32/03 A2977 RMK AO2 SLP071 T03220028 56031",2025-11-07 21:23:11.868073,2025-11-07 16:23:11.86811
"KDMN","Deming Muni, NM, US",2025-11-07 20:53:00,"2025-11-07 13:53:00","VFR",26.1,-4.4,280,9,NA,NA,1016.3,"METAR KDMN 072053Z AUTO 28009KT 10SM CLR 26/M04 A3001 RMK AO2 SLP103 T02611044 56031",2025-11-07 21:23:11.873977,2025-11-07 16:23:11.874014
"KELM","Elmira-Corning Rgnl, NY, US",2025-11-07 20:53:00,"2025-11-07 15:53:00","MVFR",10,3.9,230,9,NA,4,1003.1,"METAR KELM 072053Z 23009KT 4SM RA OVC047 10/04 A2962 RMK AO2 RAB1959 SLP036 P0001 60001 T01000039 55002",2025-11-07 21:23:11.879862,2025-11-07 16:23:11.879898
"KDLN","Dillon Arpt, MT, US",2025-11-07 20:53:00,"2025-11-07 13:53:00","VFR",6.1,-9.4,250,22,34,NA,1015.3,"METAR KDLN 072053Z AUTO 25022G34KT 10SM SCT110 06/M09 A2998 RMK AO2 PK WND 25034/2048 SLP154 T00611094 55001",2025-11-07 21:23:11.885854,2025-11-07 16:23:11.885895
"KEEO","Meeker Arpt, CO, US",2025-11-07 20:53:00,"2025-11-07 20:53:00","VFR",8.9,-5,0,0,NA,NA,1019,"METAR KEEO 072053Z AUTO 00000KT 10SM BKN070 OVC110 09/M05 A3009 RMK AO2 SLP178 T00891050 56018",2025-11-07 21:23:11.891813,2025-11-07 16:23:11.891851
"KDTN","Shreveport/Downtown Arpt, LA, US",2025-11-07 20:53:00,"2025-11-07 14:53:00","VFR",26.1,17.8,230,8,NA,NA,1008.2,"METAR KDTN 072053Z AUTO 23008KT 10SM FEW034 OVC046 26/18 A2977 RMK AO2 SLP077 T02610178 56021",2025-11-07 21:23:11.897732,2025-11-07 16:23:11.897769
"KDTW","Detroit/Metro Wayne Cnty, MI, US",2025-11-07 20:53:00,"2025-11-07 15:53:00","VFR",13.9,8.3,250,12,NA,NA,998.4,"METAR KDTW 072053Z 25012KT 10SM SCT025 BKN035 14/08 A2948 RMK AO2 SLP984 T01390083 53002",2025-11-07 21:23:11.903625,2025-11-07 16:23:11.90366
"KDXR","Danbury Muni, CT, US",2025-11-07 20:53:00,"2025-11-07 15:53:00","VFR",13.3,2.8,180,7,19,NA,1009.2,"METAR KDXR 072053Z 18007G19KT 10SM SCT060 13/03 A2980 RMK AO2 PK WND 18026/2014 SLP092 T01330028 56038 $",2025-11-07 21:23:11.919075,2025-11-07 16:23:11.91914
"KELY","Ely/Yelland Fld, NV, US",2025-11-07 20:53:00,"2025-11-07 12:53:00","VFR",13.3,0,340,11,NA,NA,1021.1,"METAR KELY 072053Z AUTO 34011KT 10SM BKN065 13/00 A3015 RMK AO2 SLP182 60000 T01330000 56011",2025-11-07 21:23:11.926005,2025-11-07 16:23:11.926045
"KDVT","Phoenix/Deer Valley Arpt, AZ, US",2025-11-07 20:53:00,"2025-11-07 13:53:00","VFR",27.2,2.2,NA,NA,NA,NA,1012.6,"METAR KDVT 072053Z 10SM CLR 27/02 A2990 RMK AO2 SLP107 T02720022 58028",2025-11-07 21:23:11.932193,2025-11-07 16:23:11.932237
"KELN","Ellensburg/Bowers Fld, WA, US",2025-11-07 20:53:00,"2025-11-07 12:53:00","VFR",10,0.6,300,24,33,NA,1019.7,"METAR KELN 072053Z AUTO 30024G33KT 10SM -RA CLR 10/01 A3011 RMK AO2 PK WND 30034/2030 SLP201 P0000 60000 T01000006 50010",2025-11-07 21:23:11.938364,2025-11-07 16:23:11.9384
"KELD","El Dorado/S Arkansas Rgnl, AR, US",2025-11-07 20:53:00,"2025-11-07 14:53:00","VFR",22.2,17.2,240,3,NA,NA,1008.5,"METAR KELD 072053Z AUTO 24003KT 10SM BKN036 OVC044 22/17 A2978 RMK AO2 SLP083 T02220172 56017",2025-11-07 21:23:11.944168,2025-11-07 16:23:11.944229
"KECP","Panama City/NW Florida Beaches Intl, FL, US",2025-11-07 20:53:00,"2025-11-07 14:53:00","VFR",24.4,20.6,140,9,NA,NA,1011.6,"METAR KECP 072053Z 14009KT 10SM SCT020 SCT060 24/21 A2987 RMK AO2 SLP126 T02440206 56022 $",2025-11-07 21:23:11.950147,2025-11-07 16:23:11.950201
"KDRA","Mercury/Desert Rock, NV, US",2025-11-07 20:53:00,"2025-11-07 12:53:00","VFR",24.4,-2.8,230,10,NA,NA,1016.7,"METAR KDRA 072053Z AUTO 23010KT 10SM CLR 24/M03 A3002 RMK AO2 SLP136 T02441028 57025",2025-11-07 21:23:11.956136,2025-11-07 16:23:11.956172
"KEMP","Emporia Muni, KS, US",2025-11-07 20:53:00,"2025-11-07 14:53:00","VFR",21.1,1.7,290,11,17,NA,1009.6,"METAR KEMP 072053Z AUTO 29011G17KT 10SM CLR 21/02 A2981 RMK AO2 SLP093 T02110017 56018",2025-11-07 21:23:11.96216,2025-11-07 16:23:11.962217
"KDNL","Augusta/Daniel Fld, GA, US",2025-11-07 20:53:00,"2025-11-07 15:53:00","VFR",24.4,11.1,190,8,NA,NA,1012.3,"METAR KDNL 072053Z AUTO 19008KT 10SM FEW055 24/11 A2989 RMK AO2 SLP116 T02440111 56024",2025-11-07 21:23:11.968054,2025-11-07 16:23:11.96809
"KDRO","Durango/La Plata Cnty, CO, US",2025-11-07 20:53:00,"2025-11-07 13:53:00","VFR",15.6,-7.2,250,14,22,NA,1019,"METAR KDRO 072053Z AUTO 25014G22KT 10SM CLR 16/M07 A3009 RMK AO2 SLP158 T01561072 56023",2025-11-07 21:23:11.973931,2025-11-07 16:23:11.97397
"KDMO","Sedalia Mem, MO, US",2025-11-07 20:53:00,"2025-11-07 14:53:00","VFR",21.1,1.7,310,9,NA,NA,1008.2,"METAR KDMO 072053Z AUTO 31009KT 10SM CLR 21/02 A2977 RMK AO2 SLP075 T02110017 56010 $",2025-11-07 21:23:11.979827,2025-11-07 16:23:11.979865
"KDPA","Dupage Cnty Arpt, IL, US",2025-11-07 20:52:00,"2025-11-07 14:52:00","VFR",16.7,5.6,260,14,NA,NA,1001.1,"METAR KDPA 072052Z 26014KT 10SM CLR 17/06 A2956 RMK AO2 SLP011 T01670056 53001",2025-11-07 21:23:11.985728,2025-11-07 16:23:11.985767
"KDVN","Davenport Muni, IA, US",2025-11-07 20:52:00,"2025-11-07 14:52:00","VFR",18.3,3.9,260,12,24,NA,1003.1,"METAR KDVN 072052Z AUTO 26012G24KT 10SM CLR 18/04 A2962 RMK AO2 SLP025 T01830039 55004",2025-11-07 21:23:11.991673,2025-11-07 16:23:11.99171
"KEKN","Elkins Arpt, WV, US",2025-11-07 20:51:00,"2025-11-07 15:51:00","VFR",20,4.4,190,10,NA,NA,1005.5,"METAR KEKN 072051Z AUTO 19010KT 10SM BKN070 BKN080 20/04 A2969 RMK AO2 PK WND 26029/2001 SLP062 T02000044 56028",2025-11-07 21:23:11.997592,2025-11-07 16:23:11.997629
"KELP","El Paso Intl, TX, US",2025-11-07 20:51:00,"2025-11-07 13:51:00","VFR",25.6,-4.4,NA,5,NA,NA,1015.3,"METAR KELP 072051Z VRB05KT 10SM CLR 26/M04 A2998 RMK AO2 SLP090 T02561044 58028",2025-11-07 21:23:12.003569,2025-11-07 16:23:12.003605
"KEKS","Ennis/Big Sky Arpt, MT, US",2025-11-07 20:50:00,"2025-11-07 20:50:00","VFR",5,-6,140,12,18,NA,1016.3,"METAR KEKS 072050Z AUTO 14012G18KT 10SM SCT055 OVC090 05/M06 A3001 RMK AO2",2025-11-07 21:23:12.009483,2025-11-07 16:23:12.009522
"KFFA","First Flight Airport, NC, US",2025-11-07 21:21:00,"2025-11-07 16:21:00","VFR",18,14,150,7,NA,NA,1013,"METAR KFFA 072121Z AUTO 15007KT 10SM BKN045 BKN050 OVC070 18/14 A2991 RMK AO2",2025-11-07 21:23:13.567619,2025-11-07 16:23:13.567658
"KEXX","Lexington/Davidson Cnty, NC, US",2025-11-07 21:16:00,"2025-11-07 21:16:00","VFR",21,11,190,6,NA,NA,1011.3,"METAR KEXX 072116Z AUTO 19006KT 10SM CLR 21/11 A2986 RMK AO2",2025-11-07 21:23:13.574158,2025-11-07 16:23:13.574218
"KFFL","Fairfield Muni, IA, US",2025-11-07 21:15:00,"2025-11-07 15:15:00","VFR",19,2,280,14,NA,NA,1004.1,"METAR KFFL 072115Z AUTO 28014KT 10SM CLR 19/02 A2965 RMK A01",2025-11-07 21:23:13.580019,2025-11-07 16:23:13.580055
"KFGX","Flemingsburg Arpt, KY, US",2025-11-07 21:15:00,"2025-11-07 21:15:00","IFR",15,14.1,260,15,20,NA,1005.2,"METAR KFGX 072115Z AUTO 26015G20KT 10SM OVC009 15/14 A2968 RMK AO2 T01500141",2025-11-07 21:23:13.586042,2025-11-07 16:23:13.586079
"KFKR","Frankfort Muni, IN, US",2025-11-07 21:15:00,"2025-11-07 21:15:00","VFR",NA,NA,280,16,NA,NA,1002.8,"METAR KFKR 072115Z AUTO 28016KT 10SM CLR A2961 RMK AO2",2025-11-07 21:23:13.592254,2025-11-07 16:23:13.592295
"KEZF","Fredericksburg/Shannon Arpt, VA, US",2025-11-07 21:15:00,"2025-11-07 21:15:00","VFR",19,5.3,190,9,17,NA,1008.9,"METAR KEZF 072115Z AUTO 19009G17KT 10SM CLR 19/05 A2979 RMK AO2 T01900053",2025-11-07 21:23:13.598377,2025-11-07 16:23:13.598414
"KEQA","El Dorado/Thomas Mem, KS, US",2025-11-07 21:15:00,"2025-11-07 15:15:00","VFR",22,-2,340,12,NA,NA,1010.6,"METAR KEQA 072115Z AUTO 34012KT 10SM CLR 22/M02 A2984 RMK AO2",2025-11-07 21:23:13.604335,2025-11-07 16:23:13.604373
"KEVU","Maryville/NW Missouri Rgnl, MO, US",2025-11-07 21:15:00,"2025-11-07 21:15:00","VFR",20.4,2.8,300,14,17,NA,1007.2,"METAR KEVU 072115Z AUTO 30014G17KT 10SM CLR 20/02 A2974 RMK AO2 T02040028",2025-11-07 21:23:13.610257,2025-11-07 16:23:13.610296
"KFDW","Winnsboro/Fairfield Cnty, SC, US",2025-11-07 21:15:00,"2025-11-07 21:15:00","VFR",22,12,210,6,NA,NA,1011.9,"METAR KFDW 072115Z AUTO 21006KT 10SM CLR 22/12 A2988 RMK AO1",2025-11-07 21:23:13.616265,2025-11-07 16:23:13.616307
"KFFM","Fergus Falls/Mickelson Fld, MN, US",2025-11-07 21:15:00,"2025-11-07 15:15:00","MVFR",1,-2,330,17,NA,NA,1010.6,"METAR KFFM 072115Z AUTO 33017KT 10SM OVC021 01/M02 A2984 RMK AO2",2025-11-07 21:23:13.62224,2025-11-07 16:23:13.622279
"KFKS","Frankfort/Dow Mem, MI, US",2025-11-07 21:15:00,"2025-11-07 21:15:00","VFR",9,3,310,12,NA,NA,999.1,"METAR KFKS 072115Z AUTO 31012KT 10SM SCT025 SCT032 OVC041 09/03 A2950 RMK AO2",2025-11-07 21:23:13.628231,2025-11-07 16:23:13.628272
"KERV","Kerrville Muni, TX, US",2025-11-07 21:15:00,"2025-11-07 15:15:00","VFR",32.6,3.9,320,8,NA,NA,1008.5,"METAR KERV 072115Z AUTO 32008KT 10SM CLR 33/04 A2978 RMK AO2 T03260039",2025-11-07 21:23:13.634265,2025-11-07 16:23:13.634303
"KFBR","Fort Bridger Arpt, WY, US",2025-11-07 21:15:00,"2025-11-07 14:15:00","VFR",12.3,-3.8,290,21,30,NA,1019.4,"METAR KFBR 072115Z AUTO 29021G30KT 10SM BKN048 OVC050 12/M04 A3010 RMK AO2 T01231038",2025-11-07 21:23:13.640226,2025-11-07 16:23:13.640266
"KERY","Newberry/Luce Cnty, MI, US",2025-11-07 21:15:00,"2025-11-07 21:15:00","IFR",3,2,320,8,19,8,997,"METAR KERY 072115Z AUTO 32008G19KT 300V360 8SM -RA OVC008 03/02 A2944 RMK AO2 PRESRR",2025-11-07 21:23:13.646127,2025-11-07 16:23:13.646162
"KETB","West Bend Muni, WI, US",2025-11-07 21:15:00,"2025-11-07 15:15:00","VFR",14,3,290,9,NA,NA,1000.1,"METAR KETB 072115Z AUTO 29009KT 10SM BKN050 OVC060 14/03 A2953 RMK AO2",2025-11-07 21:23:13.652048,2025-11-07 16:23:13.652086
"KEYF","Elizabethtown/Brown Fld, NC, US",2025-11-07 21:15:00,"2025-11-07 21:15:00","VFR",23.7,13.7,220,6,NA,NA,1011.9,"METAR KEYF 072115Z AUTO 22006KT 10SM CLR 24/14 A2988 RMK AO2 T02370137",2025-11-07 21:23:13.658042,2025-11-07 16:23:13.658079
"KEZS","Shawano Muni, WI, US",2025-11-07 21:15:00,"2025-11-07 21:15:00","VFR",8.6,2.1,310,7,NA,NA,1001.1,"METAR KEZS 072115Z AUTO 31007KT 10SM SCT028 BKN033 OVC039 09/02 A2956 RMK AO2 T00860021",2025-11-07 21:23:13.663963,2025-11-07 16:23:13.664001
"KEZZ","Cameron Arpt, MO, US",2025-11-07 21:15:00,"2025-11-07 21:15:00","VFR",20,0,300,12,19,NA,1009.2,"METAR KEZZ 072115Z AUTO 30012G19KT 10SM CLR 20/00 A2980 RMK AO2",2025-11-07 21:23:13.669966,2025-11-07 16:23:13.670007
"KF05","Vernon/Wilbarger Cnty, TX, US",2025-11-07 21:15:00,"2025-11-07 15:15:00","VFR",27.1,-1.6,40,9,16,NA,1011.9,"METAR KF05 072115Z AUTO 04009G16KT 10SM CLR 27/M02 A2988 RMK AO2 T02711016",2025-11-07 21:23:13.686336,2025-11-07 16:23:13.686377
"KEVM","Eveleth Muni, MN, US",2025-11-07 21:15:00,"2025-11-07 15:15:00","MVFR",0,-2.6,360,7,NA,NA,1007.2,"METAR KEVM 072115Z AUTO 36007KT 10SM BKN014 BKN020 OVC033 00/M03 A2974 RMK AO2 T00001026",2025-11-07 21:23:13.692558,2025-11-07 16:23:13.692596
"KEZM","Eastman/Heart Of Georgia Arpt, GA, US",2025-11-07 21:15:00,"2025-11-07 21:15:00","VFR",25,11,220,4,NA,NA,1013,"METAR KEZM 072115Z AUTO 22004KT 10SM CLR 25/11 A2991 RMK AO2 LTG DSNT W",2025-11-07 21:23:13.69886,2025-11-07 16:23:13.698896
"KFBL","Faribault Muni, MN, US",2025-11-07 21:15:00,"2025-11-07 15:15:00","MVFR",6,2,310,8,NA,NA,1006.5,"METAR KFBL 072115Z AUTO 31008KT 282V342 10SM OVC023 06/02 A2972 RMK AO2",2025-11-07 21:23:13.704694,2025-11-07 16:23:13.70473
"KFKA","Preston/Fillmore Cnty, MN, US",2025-11-07 21:15:00,"2025-11-07 21:15:00","MVFR",7,3,320,16,21,NA,1004.1,"METAR KFKA 072115Z AUTO 32016G21KT 10SM OVC022 07/03 A2965 RMK AO2",2025-11-07 21:23:13.710656,2025-11-07 16:23:13.710692
"KFKN","Franklin/Rose Arpt, VA, US",2025-11-07 21:15:00,"2025-11-07 16:15:00","VFR",19,10.5,180,6,NA,NA,1012.3,"METAR KFKN 072115Z AUTO 18006KT 10SM SCT043 BKN049 BKN060 19/11 A2989 RMK AO2 T01900105",2025-11-07 21:23:13.716646,2025-11-07 16:23:13.716683
"KF44","Athens Muni, TX, US",2025-11-07 21:15:00,"2025-11-07 21:15:00","VFR",27,15,0,0,NA,NA,1007.2,"METAR KF44 072115Z AUTO 00000KT 10SM CLR 27/15 A2974 RMK AO2",2025-11-07 21:23:13.722633,2025-11-07 16:23:13.72267
"KFET","Fremont Muni, NE, US",2025-11-07 21:15:00,"2025-11-07 15:15:00","VFR",18.6,0,310,14,22,NA,1008.2,"METAR KFET 072115Z AUTO 31014G22KT 10SM CLR 19/00 A2977 RMK AO2 T01860000",2025-11-07 21:23:13.728602,2025-11-07 16:23:13.72864
"KEOK","Keokuk Muni, IA, US",2025-11-07 21:15:00,"2025-11-07 15:15:00","VFR",20,0,280,14,24,NA,1004.5,"METAR KEOK 072115Z AUTO 28014G24KT 10SM CLR 20/00 A2966 RMK A01",2025-11-07 21:23:13.734545,2025-11-07 16:23:13.734581
"KF00","Bonham/Jones Fld, TX, US",2025-11-07 21:15:00,"2025-11-07 21:15:00","VFR",25,15,70,5,NA,NA,1008.5,"METAR KF00 072115Z AUTO 07005KT 10SM CLR 25/15 A2978 RMK AO2",2025-11-07 21:23:13.740469,2025-11-07 16:23:13.740507
"KFMM","Fort Morgan Muni, CO, US",2025-11-07 21:15:00,"2025-11-07 21:15:00","VFR",16,-4,0,0,NA,NA,1011.9,"METAR KFMM 072115Z AUTO 00000KT 10SM FEW090 16/M04 A2988 RMK AO2",2025-11-07 21:23:13.746424,2025-11-07 16:23:13.746464
"KEMV","Emporia Muni, VA, US",2025-11-07 21:15:00,"2025-11-07 21:15:00","VFR",19.3,11,130,7,NA,NA,1012.3,"METAR KEMV 072115Z AUTO 13007KT 10SM BKN046 19/11 A2989 RMK AO2 T01930110",2025-11-07 21:23:13.75237,2025-11-07 16:23:13.75241
"KEOE","Newberry Muni, SC, US",2025-11-07 21:15:00,"2025-11-07 21:15:00","VFR",22,11,190,5,NA,NA,1013,"METAR KEOE 072115Z AUTO 19005KT 10SM SCT044 22/11 A2991 RMK AO2 LTG DSNT W",2025-11-07 21:23:13.758349,2025-11-07 16:23:13.758386
"KF46","Rockwall Muni, TX, US",2025-11-07 21:15:00,"2025-11-07 21:15:00","VFR",25.6,14.7,50,6,NA,7,1008.2,"METAR KF46 072115Z AUTO 05006KT 7SM CLR 26/15 A2977 RMK AO2 T02560147",2025-11-07 21:23:13.76423,2025-11-07 16:23:13.764274
"KFFX","Fremont Muni, MI, US",2025-11-07 21:15:00,"2025-11-07 21:15:00","VFR",12,4,280,13,NA,NA,999.4,"METAR KFFX 072115Z AUTO 28013KT 10SM BKN039 OVC046 12/04 A2951 RMK AO2",2025-11-07 21:23:13.77017,2025-11-07 16:23:13.770228
"KF17","Center Muni, TX, US",2025-11-07 21:15:00,"2025-11-07 21:15:00","VFR",25,16,190,6,NA,NA,1008.5,"METAR KF17 072115Z AUTO 19006KT 10SM BKN045 25/16 A2978 RMK AO2",2025-11-07 21:23:13.77614,2025-11-07 16:23:13.776194
"KETH","Wheaton Muni, MN, US",2025-11-07 21:14:00,"2025-11-07 21:14:00","VFR",1,-1,330,13,17,NA,1011.6,"METAR KETH 072114Z AUTO 33013G17KT 10SM SCT023 01/M01 A2987 RMK AO2",2025-11-07 21:23:13.782094,2025-11-07 16:23:13.782132
"KEVV","Evansville Rgnl, IN, US",2025-11-07 21:13:00,"2025-11-07 15:13:00","VFR",19.4,15,250,8,NA,9,1004.8,"SPECI KEVV 072113Z 25008KT 9SM VCTS -RA FEW030 BKN041 BKN048 19/15 A2967 RMK AO2 LTG DSNT NE RAB03 TSE07 P0000 T01940150 $",2025-11-07 21:23:13.788016,2025-11-07 16:23:13.788055
"KFIG","Clearfield/Lawrence Arpt, PA, US",2025-11-07 21:11:00,"2025-11-07 21:11:00","IFR",8.3,7.8,350,6,NA,2,1003.8,"SPECI KFIG 072111Z AUTO 35006KT 2SM RA BR OVC037 08/08 A2964 RMK AO2 P0006 T00830078",2025-11-07 21:23:13.793971,2025-11-07 16:23:13.794007
"KESC","Escanaba/Delta Cnty, MI, US",2025-11-07 21:10:00,"2025-11-07 16:10:00","MVFR",4,1,330,9,17,NA,1000.8,"SPECI KESC 072110Z AUTO 33009G17KT 10SM BKN025 OVC100 04/01 A2955 RMK AO2",2025-11-07 21:23:13.810328,2025-11-07 16:23:13.810369
"KEUF","Eufaula/Weedon Fld, AL, US",2025-11-07 21:08:00,"2025-11-07 15:08:00","VFR",23.3,16.1,0,0,NA,NA,1011.6,"SPECI KEUF 072108Z AUTO 00000KT 10SM -TSRA OVC042 23/16 A2987 RMK AO1 TSB05 P0000 T02330161 ",2025-11-07 21:23:13.816527,2025-11-07 16:23:13.816569
"KFCM","Eden Prairie/Flying, MN, US",2025-11-07 21:07:00,"2025-11-07 15:07:00","MVFR",5.6,1.1,340,13,20,NA,1006.2,"SPECI KFCM 072107Z 34013G20KT 10SM BKN024 OVC031 06/01 A2971 RMK AO2 T00560011",2025-11-07 21:23:13.822729,2025-11-07 16:23:13.822765
"KFLG","Flagstaff/Pulliam Arpt, AZ, US",2025-11-07 20:57:00,"2025-11-07 13:57:00","VFR",18.9,-3.3,210,12,NA,NA,1020.4,"METAR KFLG 072057Z 21012KT 10SM CLR 19/M03 A3013 RMK AO2 SLP141 T01891033 58023",2025-11-07 21:23:13.828671,2025-11-07 16:23:13.828708
"KFLP","Flippin/Marion Cnty, AR, US",2025-11-07 20:56:00,"2025-11-07 14:56:00","VFR",24.4,10,330,9,NA,NA,1007.9,"METAR KFLP 072056Z AUTO 33009KT 10SM CLR 24/10 A2976 RMK AO2 SLP070 T02440100 56013",2025-11-07 21:23:13.834697,2025-11-07 16:23:13.834736
"KENV","Wendover Arpt, UT, US",2025-11-07 20:56:00,"2025-11-07 13:56:00","VFR",12.2,-2.8,140,5,NA,NA,1019.7,"METAR KENV 072056Z AUTO 14005KT 10SM FEW070 12/M03 A3011 RMK AO2 SLP200 T01221028 58011",2025-11-07 21:23:13.840731,2025-11-07 16:23:13.840769
"KFCI","Richmond/Chesterfield Cnty, VA, US",2025-11-07 20:56:00,"2025-11-07 20:56:00","VFR",20,10,200,6,NA,NA,NA,"METAR KFCI 072056Z AUTO 20006KT 10SM CLR 20/10 RMK AO2 SLPNO 6//// T02000100 PNO $",2025-11-07 21:23:13.846717,2025-11-07 16:23:13.846758
"KEUL","Caldwell Ind Arpt, ID, US",2025-11-07 20:56:00,"2025-11-07 20:56:00","VFR",13.9,-0.6,300,9,19,NA,1021.4,"METAR KEUL 072056Z AUTO 30009G19KT 10SM CLR 14/M01 A3016 RMK AO2 SLP211 T01391006 50002",2025-11-07 21:23:13.852642,2025-11-07 16:23:13.852679
"KFKL","Franklin/Lamberton Fld, PA, US",2025-11-07 20:56:00,"2025-11-07 15:56:00","IFR",11.1,10.6,210,12,19,NA,1001.1,"METAR KFKL 072056Z AUTO 21012G19KT 10SM OVC007 11/11 A2956 RMK AO2 RAE48 CIG 004V010 SLP018 P0003 60018 T01110106 58006",2025-11-07 21:23:13.858523,2025-11-07 16:23:13.858559
"KEWK","Newton City Arpt, KS, US",2025-11-07 20:56:00,"2025-11-07 14:56:00","VFR",20.6,-1.1,310,13,NA,NA,1011.3,"METAR KEWK 072056Z AUTO 31013KT 10SM CLR 21/M01 A2986 RMK AO2 SLP104 T02061011 56016 $",2025-11-07 21:23:13.864424,2025-11-07 16:23:13.86446
"KFNL","Fort Collins/N Colorado Rgnl, CO, US",2025-11-07 20:56:00,"2025-11-07 13:56:00","VFR",11.7,-2.8,20,8,NA,NA,1012.3,"METAR KFNL 072056Z 02008KT 10SM BKN110 12/M03 A2989 RMK AO2 SLP100 T01171028 56022 $",2025-11-07 21:23:13.870369,2025-11-07 16:23:13.870405
"KFAM","Farmington Rgnl, MO, US",2025-11-07 20:56:00,"2025-11-07 14:56:00","VFR",21.7,6.1,320,9,NA,NA,1007.2,"METAR KFAM 072056Z AUTO 32009KT 10SM CLR 22/06 A2974 RMK AO2 SLP074 T02170061 55004 $",2025-11-07 21:23:13.876301,2025-11-07 16:23:13.876339
"KFFO","Wright Patterson AFB, OH, US",2025-11-07 20:55:00,"2025-11-07 15:55:00","MVFR",14.9,13.6,220,12,NA,NA,1002.5,"METAR KFFO 072055Z 22012KT 10SM FEW006 BKN018 BKN031 15/14 A2960 RMK AO2A SLP027 P0000 60001 T01490136 55007 VISNO RWY05L $",2025-11-07 21:23:13.882326,2025-11-07 16:23:13.882365
"KFCH","Fresno/Chandler Exec, CA, US",2025-11-07 20:55:00,"2025-11-07 12:55:00","VFR",21,12,280,4,NA,NA,1019.4,"METAR KFCH 072055Z AUTO 28004KT 10SM CLR 21/12 A3010 RMK A01",2025-11-07 21:23:13.888286,2025-11-07 16:23:13.888325
"KF70","Murrieta/French Valley Arpt, CA, US",2025-11-07 20:55:00,"2025-11-07 12:55:00","VFR",32,5,0,0,NA,NA,1012.6,"METAR KF70 072055Z AUTO 00000KT 10SM CLR 32/05 A2990 RMK AO2",2025-11-07 21:23:13.894228,2025-11-07 16:23:13.89427
"KFCS","Fort Carson/Butts AAF, CO, US",2025-11-07 20:55:00,"2025-11-07 13:55:00","VFR",16.1,-11.4,180,10,17,NA,1012.3,"METAR KFCS 072055Z AUTO 18010G17KT 10SM CLR 16/M11 A2989 RMK AO2 SLP115 T01611114 57035 $",2025-11-07 21:23:13.900141,2025-11-07 16:23:13.900193
"KFBG","Fort Bragg/Simmons AAF, NC, US",2025-11-07 20:55:00,"2025-11-07 15:55:00","VFR",23.1,13.6,220,5,NA,NA,1010.9,"METAR KFBG 072055Z AUTO 22005KT 10SM CLR 23/14 A2985 RMK AO2 SLP110 T02310136 57031 $",2025-11-07 21:23:13.906062,2025-11-07 16:23:13.906102
"KFMH","Otis ANGB, MA, US",2025-11-07 20:55:00,"2025-11-07 15:55:00","VFR",11,4,190,12,NA,NA,1013.3,"METAR KFMH 072055Z 19012KT 10SM SCT040 11/04 A2992",2025-11-07 21:23:13.912053,2025-11-07 16:23:13.912093
"KFHU","Fort Huachuca/Libby AAF, AZ, US",2025-11-07 20:55:00,"2025-11-07 13:55:00","VFR",26.8,-5,260,6,NA,NA,1017.4,"METAR KFHU 072055Z AUTO 26006KT 10SM CLR 27/M05 A3004 RMK AO2 SLP115 T02681050 57026",2025-11-07 21:23:13.927421,2025-11-07 16:23:13.927485
"KEND","Enid/Vance AFB, OK, US",2025-11-07 20:55:00,"2025-11-07 14:55:00","VFR",23,3.5,310,11,NA,NA,1009.6,"METAR KEND 072055Z AUTO 31011KT 10SM CLR 23/04 A2981 RMK AO2 SLP089 T02300035 57020",2025-11-07 21:23:13.934322,2025-11-07 16:23:13.934362
"KEWN","New Bern/Coastal Carolina Rgnl, NC, US",2025-11-07 20:54:00,"2025-11-07 15:54:00","IFR",17.8,17.2,50,4,NA,NA,1013.3,"METAR KEWN 072054Z 05004KT 10SM OVC009 18/17 A2992 RMK AO2 RAE33 CIG 007V012 SLP130 P0002 60003 T01780172 56025",2025-11-07 21:23:13.940496,2025-11-07 16:23:13.940534
"KEUG","Eugene/Mahlon Sweet Fld, OR, US",2025-11-07 20:54:00,"2025-11-07 12:54:00","VFR",13.9,7.2,190,3,NA,NA,1024.1,"METAR KEUG 072054Z 19003KT 10SM FEW025 SCT055 14/07 A3024 RMK AO2 SLP242 T01390072 58000",2025-11-07 21:23:13.946577,2025-11-07 16:23:13.946612
"KFFC","Peachtree City/Falcon Fld, GA, US",2025-11-07 20:53:00,"2025-11-07 20:53:00","VFR",21.7,13.9,NA,4,NA,NA,1011.9,"METAR KFFC 072053Z AUTO VRB04KT 10SM FEW029 BKN055 OVC070 22/14 A2988 RMK AO2 SLP117 60001 T02170139 56020",2025-11-07 21:23:13.952433,2025-11-07 16:23:13.952472
"KESF","Alexandria/Esler Rgnl, LA, US",2025-11-07 20:53:00,"2025-11-07 14:53:00","VFR",27.2,16.7,220,4,NA,NA,1007.5,"METAR KESF 072053Z AUTO 22004KT 10SM FEW044 27/17 A2975 RMK AO2 SLP073 T02720167 56026",2025-11-07 21:23:13.958458,2025-11-07 16:23:13.958495
"KFDY","Findlay Arpt, OH, US",2025-11-07 20:53:00,"2025-11-07 15:53:00","VFR",16.1,11.1,240,15,23,NA,999.7,"METAR KFDY 072053Z AUTO 24015G23KT 10SM SCT027 16/11 A2952 RMK AO2 SLP994 T01610111 55006",2025-11-07 21:23:13.964469,2025-11-07 16:23:13.964506
"KFLO","Florence Rgnl, SC, US",2025-11-07 20:53:00,"2025-11-07 15:53:00","VFR",23.9,13.9,NA,NA,NA,NA,1011.9,"METAR KFLO 072053Z 10SM SCT046 24/14 A2988 RMK AO2 SLP117 T02390139 56025",2025-11-07 21:23:13.970465,2025-11-07 16:23:13.970504
"KFAT","Fresno/Yosemite Intl, CA, US",2025-11-07 20:53:00,"2025-11-07 12:53:00","VFR",21.1,11.1,290,4,NA,NA,1019,"METAR KFAT 072053Z 29004KT 10SM FEW030 SCT200 21/11 A3009 RMK AO2 SLP185 T02110111 58027 $",2025-11-07 21:23:13.976396,2025-11-07 16:23:13.976433
"KEVW","Evanston/Uinta Cnty, WY, US",2025-11-07 20:53:00,"2025-11-07 13:53:00","VFR",7.2,-2.8,260,21,29,NA,1019.4,"METAR KEVW 072053Z AUTO 26021G29KT 10SM BKN045 BKN055 07/M03 A3010 RMK AO2 PK WND 24035/2003 SLP171 T00721028 55010",2025-11-07 21:23:13.982359,2025-11-07 16:23:13.982397
"KFAY","Fayetteville Rgnl, NC, US",2025-11-07 20:53:00,"2025-11-07 15:53:00","VFR",22.8,13.3,200,6,NA,NA,1011.6,"METAR KFAY 072053Z 20006KT 10SM FEW044 23/13 A2987 RMK AO2 SLP110 T02280133 56030",2025-11-07 21:23:13.988258,2025-11-07 16:23:13.988296
"KFMY","Fort Myers/Page Fld, FL, US",2025-11-07 20:53:00,"2025-11-07 15:53:00","VFR",28.3,18.3,230,4,NA,NA,1011.9,"METAR KFMY 072053Z 23004KT 10SM SCT049 28/18 A2988 RMK AO2 SLP120 T02830183 56016",2025-11-07 21:23:13.994229,2025-11-07 16:23:13.994269
"KFAR","Fargo/Hector Intl, ND, US",2025-11-07 20:53:00,"2025-11-07 14:53:00","MVFR",-0.6,-5,340,13,NA,NA,1011.9,"METAR KFAR 072053Z 34013KT 10SM OVC022 M01/M05 A2988 RMK AO2 SLP130 T10061050 53017",2025-11-07 21:23:14.000135,2025-11-07 16:23:14.000172
"KEPH","Ephrata Muni, WA, US",2025-11-07 20:53:00,"2025-11-07 12:53:00","VFR",12.8,-1.7,0,0,NA,NA,1018.7,"METAR KEPH 072053Z AUTO 00000KT 10SM CLR 13/M02 A3008 RMK AO2 SLP189 T01281017 51012",2025-11-07 21:23:14.006066,2025-11-07 16:23:14.006107
"KFHR","Friday Harbor Arpt, WA, US",2025-11-07 20:53:00,"2025-11-07 12:53:00","VFR",11.1,7.8,150,9,NA,NA,1022.4,"METAR KFHR 072053Z AUTO 15009KT 10SM CLR 11/08 A3019 RMK AO2 SLP225 T01110078 50010",2025-11-07 21:23:14.012013,2025-11-07 16:23:14.012051
"KENW","Kenosha Rgnl, WI, US",2025-11-07 20:53:00,"2025-11-07 14:53:00","VFR",16,5,280,15,20,NA,1000.8,"METAR KENW 072053Z 28015G20KT 10SM CLR 16/05 A2955",2025-11-07 21:23:14.017978,2025-11-07 16:23:14.018014
"KFLL","Ft Lauderdale-Hollywood Intl, FL, US",2025-11-07 20:53:00,"2025-11-07 15:53:00","VFR",27.8,20.6,90,7,NA,NA,1011.9,"METAR KFLL 072053Z 09007KT 10SM FEW042 SCT140 BKN190 BKN250 28/21 A2988 RMK AO2 SLP115 T02780206 56015",2025-11-07 21:23:14.023901,2025-11-07 16:23:14.023938
"KEYW","Key West Intl, FL, US",2025-11-07 20:53:00,"2025-11-07 15:53:00","VFR",27.8,22.8,100,6,NA,NA,1011.9,"METAR KEYW 072053Z 10006KT 10SM CLR 28/23 A2988 RMK AO2 SLP124 T02780228 56015",2025-11-07 21:23:14.029859,2025-11-07 16:23:14.0299
"KEQY","Charlotte-Monroe Exec, NC, US",2025-11-07 20:53:00,"2025-11-07 20:53:00","VFR",21.1,12.2,NA,6,NA,NA,1011.6,"METAR KEQY 072053Z AUTO VRB06KT 10SM SCT043 21/12 A2987 RMK AO2 SLP124 T02110122 56028",2025-11-07 21:23:14.035829,2025-11-07 16:23:14.035868
"KEWB","New Bedford Rgnl, MA, US",2025-11-07 20:53:00,"2025-11-07 15:53:00","VFR",11.1,5,190,10,18,NA,1011.9,"METAR KEWB 072053Z 19010G18KT 10SM SCT038 SCT048 11/05 A2988 RMK AO2 SLP118 T01110050 58042",2025-11-07 21:23:14.051541,2025-11-07 16:23:14.051582
"KEYE","Indianapolis/Eagle Creek Arpt, IN, US",2025-11-07 20:53:00,"2025-11-07 20:53:00","VFR",18.9,4.4,280,16,21,NA,1003.1,"METAR KEYE 072053Z AUTO 28016G21KT 10SM CLR 19/04 A2962 RMK AO2 SLP029 T01890044 53002",2025-11-07 21:23:14.058067,2025-11-07 16:23:14.058109
"KFDR","Frederick Rgnl, OK, US",2025-11-07 20:53:00,"2025-11-07 14:53:00","VFR",26.7,0,30,10,19,NA,1010.2,"METAR KFDR 072053Z AUTO 03010G19KT 10SM CLR 27/00 A2983 RMK AO2 SLP089 T02670000 56015",2025-11-07 21:23:14.064286,2025-11-07 16:23:14.064327
"KFLD","Fond Du Lac Cnty Arpt, WI, US",2025-11-07 20:53:00,"2025-11-07 14:53:00","VFR",11.7,2.8,320,11,NA,NA,1000.1,"METAR KFLD 072053Z AUTO 32011KT 10SM OVC046 12/03 A2953 RMK AO2 SLP002 T01170028 53012",2025-11-07 21:23:14.070335,2025-11-07 16:23:14.070373
"KFFT","Frankfort/Capital City Arpt, KY, US",2025-11-07 20:53:00,"2025-11-07 15:53:00",NA,NA,NA,NA,NA,NA,NA,1005.2,"METAR KFFT 072053Z AUTO A2968 RMK AO2 SLPNO 56010 PWINO FZRANO",2025-11-07 21:23:14.076094,2025-11-07 16:23:14.076128
"KFNB","Falls City/Brenner Fld, NE, US",2025-11-07 20:53:00,"2025-11-07 20:53:00","VFR",20,-0.6,310,12,20,NA,1007.5,"METAR KFNB 072053Z AUTO 31012G20KT 10SM CLR 20/M01 A2975 RMK AO2 PK WND 28028/2025 SLP074 T02001006 56013",2025-11-07 21:23:14.082131,2025-11-07 16:23:14.08217
"KFMN","Farmington/Four Corners Rgnl, NM, US",2025-11-07 20:53:00,"2025-11-07 13:53:00","VFR",17.2,-5.6,280,9,NA,NA,1018.4,"METAR KFMN 072053Z 28009KT 10SM CLR 17/M06 A3007 RMK AO2 SLP165 T01721056 56023",2025-11-07 21:23:14.088189,2025-11-07 16:23:14.088232
"KFNT","Flint/Bishop Intl, MI, US",2025-11-07 20:53:00,"2025-11-07 15:53:00","VFR",12.2,6.1,260,18,25,NA,997.7,"METAR KFNT 072053Z 26018G25KT 10SM OVC033 12/06 A2946 RMK AO2 PK WND 26027/2043 SLP978 T01220061 53010",2025-11-07 21:23:14.094194,2025-11-07 16:23:14.094238
"KFIT","Fitchburg Muni, MA, US",2025-11-07 20:52:00,"2025-11-07 20:52:00","VFR",10,1.7,160,8,NA,NA,1009.9,"METAR KFIT 072052Z AUTO 16008KT 10SM BKN041 10/02 A2982 RMK AO2 SLP103 T01000017 56035",2025-11-07 21:23:14.100108,2025-11-07 16:23:14.100145
"KEST","Estherville Muni, IA, US",2025-11-07 20:52:00,"2025-11-07 14:52:00","MVFR",5.6,1.1,340,21,27,NA,1007.9,"METAR KEST 072052Z AUTO 34021G27KT 10SM BKN020 OVC037 06/01 A2976 RMK AO2 PK WND 33030/2028 SLP083 T00560011 53016",2025-11-07 21:23:14.106052,2025-11-07 16:23:14.106092
"KEWR","Newark Intl, NJ, US",2025-11-07 20:51:00,"2025-11-07 15:51:00","VFR",15.6,1.7,180,12,22,NA,1008.9,"METAR KEWR 072051Z 18012G22KT 10SM FEW050 SCT070 SCT200 BKN250 16/02 A2979 RMK AO2 SLP088 T01560017 56040 $",2025-11-07 21:23:14.111998,2025-11-07 16:23:14.112035
"KERI","Erie Intl, PA, US",2025-11-07 20:51:00,"2025-11-07 15:51:00","MVFR",12.2,9.4,210,16,27,NA,999.1,"METAR KERI 072051Z 21016G27KT 10SM OVC018 12/09 A2950 RMK AO2 PK WND 20027/2042 SLP991 60003 T01220094 55012",2025-11-07 21:23:14.117977,2025-11-07 16:23:14.118015
"KESN","Easton Muni, MD, US",2025-11-07 20:50:00,"2025-11-07 15:50:00","VFR",16,0,190,16,25,NA,1009.6,"METAR KESN 072050Z 19016G25KT 10SM CLR 16/00 A2981",2025-11-07 21:23:14.123931,2025-11-07 16:23:14.123969
"KETN","Eastland Muni, TX, US",2025-11-07 20:50:00,"2025-11-07 14:50:00","VFR",26.2,6.2,340,9,NA,NA,1010.2,"METAR KETN 072050Z AUTO 34009KT 10SM CLR 26/06 A2983 RMK AO2 T02620062",2025-11-07 21:23:14.129928,2025-11-07 16:23:14.129965
"KFDK","Frederick Muni, MD, US",2025-11-07 20:47:00,"2025-11-07 15:47:00","VFR",17,5,180,11,21,NA,1007.2,"METAR KFDK 072047Z 18011G21KT 10SM CLR 17/05 A2974",2025-11-07 21:23:14.135899,2025-11-07 16:23:14.135935
"KEVB","New Smyrna Beach Muni, FL, US",2025-11-07 20:47:00,"2025-11-07 20:47:00","VFR",26,23,100,8,NA,NA,1012.6,"METAR KEVB 072047Z 10008KT 10SM SCT030 26/23 A2990",2025-11-07 21:23:14.141832,2025-11-07 16:23:14.141867
"KEMT","El Monte Arpt, CA, US",2025-11-07 20:45:00,"2025-11-07 12:45:00","VFR",28,11,NA,3,NA,NA,1012.3,"METAR KEMT 072045Z VRB03KT 10SM CLR 28/11 A2989",2025-11-07 21:23:14.147832,2025-11-07 16:23:14.147871
"KF45","North Palm Beach Cnty, FL, US",2025-11-07 20:20:00,"2025-11-07 20:20:00","VFR",27,20,50,9,NA,NA,1012.3,"METAR KF45 072020Z AUTO 05009KT 10SM FEW029 SCT036 BKN055 27/20 A2989 RMK AO2",2025-11-07 21:23:14.153751,2025-11-07 16:23:14.15379
"KGGP","Logansport/Cass Cnty, IN, US",2025-11-07 21:16:00,"2025-11-07 21:16:00","VFR",17,6,280,9,17,NA,1002.8,"METAR KGGP 072116Z AUTO 28009G17KT 10SM CLR 17/06 A2961 RMK AO2",2025-11-07 21:23:15.95714,2025-11-07 16:23:15.957194
"KGLR","Gaylord Rgnl, MI, US",2025-11-07 21:16:00,"2025-11-07 16:16:00","VFR",6.1,2.8,280,8,18,NA,996,"SPECI KGLR 072116Z AUTO 28008G18KT 10SM SCT014 OVC045 06/03 A2941 RMK AO2 RAE04 P0000 T00610028",2025-11-07 21:23:15.963454,2025-11-07 16:23:15.963493
"KFSK","Fort Scott Muni, KS, US",2025-11-07 21:15:00,"2025-11-07 15:15:00","VFR",21.9,2.8,360,9,NA,NA,1009.2,"METAR KFSK 072115Z AUTO 36009KT 10SM CLR 22/03 A2980 RMK AO2 T02190028",2025-11-07 21:23:15.969557,2025-11-07 16:23:15.969598
"KFZG","Fitzgerald Muni, GA, US",2025-11-07 21:15:00,"2025-11-07 21:15:00","VFR",26.4,11.3,230,5,NA,NA,1012.6,"METAR KFZG 072115Z AUTO 23005KT 10SM CLR 26/11 A2990 RMK AO2 LTG DSNT W T02640113",2025-11-07 21:23:15.975574,2025-11-07 16:23:15.975615
"KGGE","Georgetown Cnty, SC, US",2025-11-07 21:15:00,"2025-11-07 16:15:00","VFR",23,15,190,6,NA,NA,1012.3,"METAR KGGE 072115Z AUTO 19006KT 10SM CLR 23/15 A2989 RMK AO2",2025-11-07 21:23:15.981543,2025-11-07 16:23:15.98158
"KGGF","Grant Muni, NE, US",2025-11-07 21:15:00,"2025-11-07 21:15:00","VFR",17,-7,270,15,NA,NA,1010.6,"METAR KGGF 072115Z AUTO 27015KT 10SM CLR 17/M07 A2984 RMK AO2",2025-11-07 21:23:15.987477,2025-11-07 16:23:15.987516
"KGGI","Grinnell Rgnl, IA, US",2025-11-07 21:15:00,"2025-11-07 21:15:00","VFR",17.2,3.4,280,19,26,NA,1004.8,"METAR KGGI 072115Z AUTO 28019G26KT 10SM CLR 17/03 A2967 RMK AO2 T01720034",2025-11-07 21:23:15.993474,2025-11-07 16:23:15.993512
"KGAF","Grafton/Hutson Fld, ND, US",2025-11-07 21:15:00,"2025-11-07 21:15:00","VFR",-3,-9,340,14,19,NA,1013.6,"METAR KGAF 072115Z AUTO 34014G19KT 10SM FEW027 M03/M09 A2993 RMK AO2 PWINO",2025-11-07 21:23:15.999433,2025-11-07 16:23:15.99947
"KFSE","Fosston Muni, MN, US",2025-11-07 21:15:00,"2025-11-07 21:15:00","MVFR",-2,-7,340,11,NA,NA,1010.6,"METAR KFSE 072115Z AUTO 34011KT 10SM OVC027 M02/M07 A2984 RMK AO2",2025-11-07 21:23:16.005351,2025-11-07 16:23:16.005388
"KGPH","Mosby/Midwest Air Center, MO, US",2025-11-07 21:15:00,"2025-11-07 21:15:00","VFR",21,0,300,7,NA,NA,1008.2,"METAR KGPH 072115Z AUTO 30007KT 10SM CLR 21/00 A2977 RMK AO2",2025-11-07 21:23:16.011307,2025-11-07 16:23:16.011345
"KGMJ","Grove Muni, OK, US",2025-11-07 21:15:00,"2025-11-07 21:15:00",NA,23,4,350,7,NA,NA,1008.9,"METAR KGMJ 072115Z AUTO 35007KT 23/04 A2979 RMK AO2 TSNO",2025-11-07 21:23:16.017227,2025-11-07 16:23:16.017265
"KGRN","Gordon Muni, NE, US",2025-11-07 21:15:00,"2025-11-07 14:15:00","VFR",14.9,-5.5,290,7,NA,NA,1008.9,"METAR KGRN 072115Z AUTO 29007KT 270V330 10SM CLR 15/M05 A2979 RMK AO2 T01491055",2025-11-07 21:23:16.023111,2025-11-07 16:23:16.023147
"KGEV","Jefferson/Ashe Cnty, NC, US",2025-11-07 21:15:00,"2025-11-07 21:15:00","VFR",13.2,7.2,120,4,NA,NA,1011.6,"METAR KGEV 072115Z AUTO 12004KT 10SM SCT027 13/07 A2987 RMK AO2 T01320072",2025-11-07 21:23:16.029095,2025-11-07 16:23:16.029133
"KGIC","Grangeville/Idaho Cnty, ID, US",2025-11-07 21:15:00,"2025-11-07 13:15:00","VFR",9,-1,260,10,17,NA,1020.1,"METAR KGIC 072115Z AUTO 26010G17KT 10SM SCT050 OVC065 09/M01 A3012 RMK AO1",2025-11-07 21:23:16.035042,2025-11-07 16:23:16.035081
"KGOP","Gatesville Muni, TX, US",2025-11-07 21:15:00,"2025-11-07 21:15:00","VFR",28,10,330,10,NA,8,1008.2,"METAR KGOP 072115Z AUTO 33010KT 8SM CLR 28/10 A2977 RMK AO2",2025-11-07 21:23:16.050773,2025-11-07 16:23:16.050829
"KFWC","Fairfield Muni, IL, US",2025-11-07 21:15:00,"2025-11-07 21:15:00","VFR",20.5,5.6,280,7,NA,NA,1005.5,"METAR KFWC 072115Z AUTO 28007KT 10SM BKN120 21/06 A2969 RMK AO2 LTG DSNT E T02050056",2025-11-07 21:23:16.057534,2025-11-07 16:23:16.057577
"KGHW","Glenwood Muni, MN, US",2025-11-07 21:15:00,"2025-11-07 21:15:00","MVFR",3.7,-1.5,320,13,NA,7,1008.5,"METAR KGHW 072115Z AUTO 32013KT 7SM OVC025 04/M01 A2978 RMK AO2 T00371015",2025-11-07 21:23:16.063728,2025-11-07 16:23:16.063767
"KGWB","Auburn/De Kalb Cnty, IN, US",2025-11-07 21:15:00,"2025-11-07 21:15:00","VFR",16,7,270,13,22,NA,1000.4,"METAR KGWB 072115Z AUTO 27013G22KT 10SM CLR 16/07 A2954 RMK AO2 PK WND 28027/53",2025-11-07 21:23:16.069719,2025-11-07 16:23:16.069755
"KFOA","Flora Muni, IL, US",2025-11-07 21:15:00,"2025-11-07 21:15:00","VFR",20,8,280,7,NA,NA,1005.5,"METAR KFOA 072115Z AUTO 28007KT 10SM CLR 20/08 A2969 RMK AO2",2025-11-07 21:23:16.075598,2025-11-07 16:23:16.075639
"KGDB","Granite Falls Muni, MN, US",2025-11-07 21:15:00,"2025-11-07 21:15:00","MVFR",4.5,0.5,300,14,NA,NA,1009.9,"METAR KGDB 072115Z AUTO 30014KT 10SM OVC029 05/01 A2982 RMK AO2 T00450005",2025-11-07 21:23:16.081626,2025-11-07 16:23:16.081662
"KGPM","Grand Prairie Muni, TX, US",2025-11-07 21:15:00,"2025-11-07 21:15:00","VFR",25.7,13.4,30,4,NA,NA,1008.9,"METAR KGPM 072115Z AUTO 03004KT 10SM CLR 26/13 A2979 RMK AO2 T02570134",2025-11-07 21:23:16.08768,2025-11-07 16:23:16.087717
"KGHG","Marshfield Muni, MA, US",2025-11-07 21:15:00,"2025-11-07 21:15:00","VFR",10,3,180,8,14,NA,1011.3,"METAR KGHG 072115Z AUTO 18008G14KT 10SM FEW030 SCT037 10/03 A2986 RMK AO2",2025-11-07 21:23:16.093728,2025-11-07 16:23:16.093766
"KGVE","Gordonsville Muni, VA, US",2025-11-07 21:15:00,"2025-11-07 16:15:00","VFR",17.7,8.8,200,13,21,NA,1008.9,"METAR KGVE 072115Z AUTO 20013G21KT 10SM CLR 18/09 A2979 RMK AO1 T01770088",2025-11-07 21:23:16.099626,2025-11-07 16:23:16.099663
"KGDJ","Granbury Muni, TX, US",2025-11-07 21:15:00,"2025-11-07 21:15:00",NA,27,12.1,40,12,16,NA,1009.2,"METAR KGDJ 072115Z AUTO 04012G16KT 350V050 CLR 27/12 A2980 RMK AO2 T02700121 PWINO",2025-11-07 21:23:16.105496,2025-11-07 16:23:16.105533
"KFPK","Charotte/Beach Fld, MI, US",2025-11-07 21:15:00,"2025-11-07 21:15:00","VFR",12,5,270,15,19,NA,999.1,"METAR KFPK 072115Z AUTO 27015G19KT 10SM FEW031 12/05 A2950 RMK AO2",2025-11-07 21:23:16.111405,2025-11-07 16:23:16.111443
"KGAO","Galliano/Miller Arpt, LA, US",2025-11-07 21:15:00,"2025-11-07 21:15:00","VFR",27.2,21,220,8,NA,NA,1009.6,"METAR KGAO 072115Z AUTO 22008KT 10SM SCT020 SCT026 27/21 A2981 RMK AO2 T02720210",2025-11-07 21:23:16.117314,2025-11-07 16:23:16.117352
"KFRR","Front Royal/Warren Cnty, VA, US",2025-11-07 21:15:00,"2025-11-07 16:15:00","VFR",17.6,6.1,200,5,8,NA,1005.8,"METAR KFRR 072115Z AUTO 20005G08KT 10SM CLR 18/06 A2970 RMK AO2 T01760061",2025-11-07 21:23:16.123298,2025-11-07 16:23:16.123338
"KGCD","John Day/Grant Cnty, OR, US",2025-11-07 21:15:00,"2025-11-07 13:15:00","VFR",10,-1.3,290,8,NA,NA,1022.1,"METAR KGCD 072115Z AUTO 29008KT 10SM BKN120 10/M01 A3018 RMK AO2 T01001013",2025-11-07 21:23:16.129496,2025-11-07 16:23:16.129538
"KFVX","Farmville Muni, VA, US",2025-11-07 21:15:00,"2025-11-07 21:15:00","VFR",20.2,11.4,200,8,NA,NA,1009.6,"METAR KFVX 072115Z AUTO 20008KT 10SM CLR 20/11 A2981 RMK AO2 T02020114",2025-11-07 21:23:16.135523,2025-11-07 16:23:16.135561
"KFYJ","West Point/Middle Peninsula Arpt, VA, US",2025-11-07 21:15:00,"2025-11-07 21:15:00","VFR",18.9,7.4,190,7,NA,7,1011.3,"METAR KFYJ 072115Z AUTO 19007KT 7SM CLR 19/07 A2986 RMK AO1 T01890074",2025-11-07 21:23:16.141491,2025-11-07 16:23:16.141533
"KFOM","Fillmore Muni, UT, US",2025-11-07 21:15:00,"2025-11-07 14:15:00","MVFR",16,-4,30,3,NA,3,1019.7,"METAR KFOM 072115Z AUTO 03003KT 3SM HZ OVC100 16/M04 A3011 RMK AO2 VIS 1 1/2V5",2025-11-07 21:23:16.147442,2025-11-07 16:23:16.147481
"KGCM","Claremore Rgnl, OK, US",2025-11-07 21:15:00,"2025-11-07 21:15:00","VFR",23,8,320,6,NA,NA,1009.2,"METAR KGCM 072115Z AUTO 32006KT 10SM CLR 23/08 A2980 RMK AO2",2025-11-07 21:23:16.15345,2025-11-07 16:23:16.153489
"KFSW","Fort Madison Muni, IA, US",2025-11-07 21:15:00,"2025-11-07 15:15:00","VFR",20,2,230,11,19,NA,1004.1,"METAR KFSW 072115Z AUTO 23011G19KT 10SM CLR 20/02 A2965 RMK AO2",2025-11-07 21:23:16.159476,2025-11-07 16:23:16.159513
"KGBG","Galesburg Muni, IL, US",2025-11-07 21:15:00,"2025-11-07 15:15:00","VFR",18.2,2.7,270,15,20,NA,1003.8,"METAR KGBG 072115Z AUTO 27015G20KT 10SM CLR 18/03 A2964 RMK AO2 T01820027",2025-11-07 21:23:16.175798,2025-11-07 16:23:16.175841
"KGLW","Glasgow Muni, KY, US",2025-11-07 21:15:00,"2025-11-07 15:15:00","MVFR",16,16,0,0,NA,7,1005.8,"METAR KGLW 072115Z AUTO 00000KT 7SM -RA SCT007 BKN011 OVC028 16/16 A2970 RMK AO2 LTG DSNT NW P0003 T01600160",2025-11-07 21:23:16.182082,2025-11-07 16:23:16.182117
"KGNT","Grants-Milan Muni, NM, US",2025-11-07 21:15:00,"2025-11-07 14:15:00","VFR",19.7,-7.5,330,3,NA,NA,1019,"METAR KGNT 072115Z AUTO 33003KT 10SM CLR 20/M07 A3009 RMK AO2 T01971075",2025-11-07 21:23:16.188401,2025-11-07 16:23:16.188436
"KGLY","Clinton Mem, MO, US",2025-11-07 21:15:00,"2025-11-07 21:15:00","VFR",21,3,300,5,NA,NA,1008.2,"METAR KGLY 072115Z AUTO 30005KT 10SM CLR 21/03 A2977 RMK AO2",2025-11-07 21:23:16.194285,2025-11-07 16:23:16.194322
"KGPZ","Grand Rapids/Itasca Cnty, MN, US",2025-11-07 21:10:00,"2025-11-07 15:10:00","VFR",1,-3,360,11,NA,NA,1007.9,"SPECI KGPZ 072110Z AUTO 36011KT 10SM SCT017 OVC031 01/M03 A2976 RMK AO2 RAE03UPB03E05 P0000 FZRANO",2025-11-07 21:23:16.200277,2025-11-07 16:23:16.200316
"KGRF","Fort Lewis/Gray AAF, WA, US",2025-11-07 21:05:00,"2025-11-07 13:05:00","VFR",11,9,130,7,NA,NA,1021.8,"SPECI KGRF 072105Z 13007KT 10SM FEW022 BKN035 OVC042 11/09 A3017 RMK AO2A RAE03DZB03E04RAB04E05 SLP221 $",2025-11-07 21:23:16.206292,2025-11-07 16:23:16.206331
"KFOD","Fort Dodge Rgnl, IA, US",2025-11-07 20:56:00,"2025-11-07 14:56:00","VFR",11.7,3.9,330,12,22,NA,1006.9,"METAR KFOD 072056Z AUTO 33012G22KT 10SM FEW035 BKN048 12/04 A2973 RMK AO2 SLPNO T01170039 53019 $",2025-11-07 21:23:16.212279,2025-11-07 16:23:16.212316
"KFRM","Fairmont Muni, MN, US",2025-11-07 20:56:00,"2025-11-07 14:56:00","MVFR",5,1.7,320,18,24,NA,1007.5,"METAR KFRM 072056Z AUTO 32018G24KT 10SM OVC014 05/02 A2975 RMK AO2 SLP086 T00500017 53027",2025-11-07 21:23:16.218293,2025-11-07 16:23:16.21833
"KGVQ","Batavia/Genesee Cnty, NY, US",2025-11-07 20:56:00,"2025-11-07 20:56:00","MVFR",11.7,8.3,220,13,20,9,997.4,"METAR KGVQ 072056Z AUTO 22013G20KT 9SM OVC021 12/08 A2945 RMK AO2 PK WND 20028/2030 SLP975 60009 T01170083 58009",2025-11-07 21:23:16.22416,2025-11-07 16:23:16.224214
"KGUC","Gunnison Arpt, CO, US",2025-11-07 20:56:00,"2025-11-07 13:56:00","VFR",11.7,-19.4,280,16,21,NA,1018.4,"METAR KGUC 072056Z AUTO 28016G21KT 10SM OVC090 12/M19 A3007 RMK AO2 SLP173 T01171194 56029 $",2025-11-07 21:23:16.230144,2025-11-07 16:23:16.230202
"KGDV","Glendive/Dawson Arpt, MT, US",2025-11-07 20:56:00,"2025-11-07 13:56:00","VFR",5.6,1.1,80,6,NA,NA,1007.5,"METAR KGDV 072056Z AUTO 08006KT 10SM BKN065 OVC080 06/01 A2975 RMK AO2 RAB01E17 SLP088 P0000 60000 T00560011 56023 TSNO $",2025-11-07 21:23:16.236161,2025-11-07 16:23:16.236217
"KFSD","Sioux Falls/Foss Fld, SD, US",2025-11-07 20:56:00,"2025-11-07 14:56:00","MVFR",5,0,350,14,NA,NA,1009.9,"METAR KFSD 072056Z 35014KT 10SM OVC022 05/00 A2982 RMK AO2 SLP108 T00500000 51023",2025-11-07 21:23:16.242109,2025-11-07 16:23:16.242146
"KGTU","Georgetown Muni, TX, US",2025-11-07 20:56:00,"2025-11-07 20:56:00","VFR",31.7,11.1,290,9,NA,NA,1007.5,"METAR KGTU 072056Z 29009KT 10SM CLR 32/11 A2975 RMK AO2 SLP066 T03170111 56020",2025-11-07 21:23:16.248112,2025-11-07 16:23:16.248151
"KGAD","Gadsden/NE Alabama Rgnl, AL, US",2025-11-07 20:56:00,"2025-11-07 14:56:00","VFR",20.6,15.6,220,4,NA,NA,1010.9,"METAR KGAD 072056Z AUTO 22004KT 10SM FEW039 21/16 A2985 RMK AO2 SLP109 60001 T02060156 56024 $",2025-11-07 21:23:16.254082,2025-11-07 16:23:16.254118
"KGON","Groton-New London Arpt, CT, US",2025-11-07 20:56:00,"2025-11-07 15:56:00","VFR",12.8,0,200,19,30,NA,1010.6,"METAR KGON 072056Z 20019G30KT 10SM FEW038 13/00 A2984 RMK AO2 PK WND 20031/2043 SLP106 T01280000 56043",2025-11-07 21:23:16.260153,2025-11-07 16:23:16.260206
"KGTR","Golden Triangle Arpt, MS, US",2025-11-07 20:56:00,"2025-11-07 14:56:00","VFR",25,17.8,230,8,NA,NA,1008.9,"METAR KGTR 072056Z 23008KT 10SM SCT038 25/18 A2979 RMK AO2 SLP086 T02500178 56023 $",2025-11-07 21:23:16.26619,2025-11-07 16:23:16.266229
"KGBD","Great Bend Muni, KS, US",2025-11-07 20:56:00,"2025-11-07 14:56:00","VFR",20.6,-4.4,310,12,16,NA,1011.6,"METAR KGBD 072056Z AUTO 31012G16KT 10SM CLR 21/M04 A2987 RMK AO2 SLP112 T02061044 56022 $",2025-11-07 21:23:16.272147,2025-11-07 16:23:16.272202
"KGRD","Greenwood Cnty, SC, US",2025-11-07 20:56:00,"2025-11-07 15:56:00","VFR",21.7,12.8,240,10,NA,NA,1013,"METAR KGRD 072056Z AUTO 24010KT 10SM FEW041 22/13 A2991 RMK AO2 SLP125 T02170128 55022",2025-11-07 21:23:16.278099,2025-11-07 16:23:16.278134
"KGAI","Gaithersburg/Montgomery Cnty, MD, US",2025-11-07 20:56:00,"2025-11-07 15:56:00","VFR",16.1,4.4,180,10,16,NA,1007.9,"METAR KGAI 072056Z AUTO 18010G16KT 10SM CLR 16/04 A2976 RMK AO2 SLP093 T01610044 56038",2025-11-07 21:23:16.284172,2025-11-07 16:23:16.284229
"KFSI","Fort Sill/Post AAF, OK, US",2025-11-07 20:55:00,"2025-11-07 14:55:00","VFR",26.4,0.9,360,11,NA,NA,1009.6,"METAR KFSI 072055Z 36011KT 10SM CLR 26/01 A2981 RMK AO2 SLP085 T02640009 56010 $",2025-11-07 21:23:16.300633,2025-11-07 16:23:16.300676
"KGKT","Gatlinburg-Pigeon Forge Arpt, TN, US",2025-11-07 20:55:00,"2025-11-07 15:55:00","VFR",24,9,230,9,16,NA,1008.5,"METAR KGKT 072055Z AUTO 23009G16KT 10SM BKN065 24/09 A2978 RMK A01",2025-11-07 21:23:16.306916,2025-11-07 16:23:16.306958
"KGCY","Greeneville/Greene Cnty, TN, US",2025-11-07 20:55:00,"2025-11-07 15:55:00","VFR",22,8,230,8,14,NA,1008.9,"METAR KGCY 072055Z AUTO 23008G14KT 200V260 10SM CLR 22/08 A2979 RMK A01",2025-11-07 21:23:16.313112,2025-11-07 16:23:16.313149
"KGPI","Kalispell/Glacier Park Intl, MT, US",2025-11-07 20:55:00,"2025-11-07 13:55:00","VFR",7.8,-3.3,250,10,NA,NA,1014.3,"METAR KGPI 072055Z 25010KT 10SM BKN080 08/M03 A2995 RMK AO2 SLP152 T00781033 53016",2025-11-07 21:23:16.318949,2025-11-07 16:23:16.318986
"KFOT","Fortuna/Rohnerville Arpt, CA, US",2025-11-07 20:55:00,"2025-11-07 20:55:00","VFR",17,15,300,6,NA,7,1022.1,"METAR KFOT 072055Z AUTO 30006KT 7SM FEW021 17/15 A3018 RMK AO1",2025-11-07 21:23:16.324861,2025-11-07 16:23:16.324895
"KGOV","Grayling, MI, US",2025-11-07 20:55:00,"2025-11-07 20:55:00","MVFR",7.8,4,290,12,21,9,995.7,"METAR KGOV 072055Z AUTO 29012G21KT 9SM BKN019 OVC029 08/04 A2940 RMK AO2 SLP968 T00780040 52026 $",2025-11-07 21:23:16.330797,2025-11-07 16:23:16.330833
"KGNB","Granby/Grand Cnty, CO, US",2025-11-07 20:55:00,"2025-11-07 20:55:00","VFR",6.5,-9.3,250,8,16,NA,1019.7,"METAR KGNB 072055Z AUTO 25008G16KT 10SM OVC085 07/M09 A3011 RMK AO2 T00651093",2025-11-07 21:23:16.336789,2025-11-07 16:23:16.33683
"KGFA","Malmstrom AFB, MT, US",2025-11-07 20:55:00,"2025-11-07 13:55:00","VFR",10.6,-9.2,250,30,37,NA,1008.2,"METAR KGFA 072055Z 25030G37KT 10SM FEW080 11/M09 A2977 RMK AO2A PK WND 22038/25 SLP094 T01061092 50005 $",2025-11-07 21:23:16.342734,2025-11-07 16:23:16.342771
"KGNC","Seminole/Gaines Cnty, TX, US",2025-11-07 20:55:00,"2025-11-07 20:55:00","VFR",24,-4.6,300,4,NA,NA,1016.3,"METAR KGNC 072055Z AUTO 30004KT 10SM CLR 24/M05 A3001 RMK AO2 T02401046",2025-11-07 21:23:16.348647,2025-11-07 16:23:16.348684
"KFYM","Fayetteville Muni, TN, US",2025-11-07 20:55:00,"2025-11-07 14:55:00","MVFR",20,17,210,8,14,NA,1009.6,"METAR KFYM 072055Z AUTO 21008G14KT 10SM OVC019 20/17 A2981 RMK A01",2025-11-07 21:23:16.354567,2025-11-07 16:23:16.354605
"KGOO","Grass Valley/Nevada Cnty, CA, US",2025-11-07 20:55:00,"2025-11-07 20:55:00","MVFR",16,11,0,0,NA,NA,1021.4,"METAR KGOO 072055Z AUTO 00000KT 10SM BKN020 OVC026 16/11 A3016 RMK A01",2025-11-07 21:23:16.36054,2025-11-07 16:23:16.360578
"KFYE","Somerville/Fayette Cnty, TN, US",2025-11-07 20:55:00,"2025-11-07 20:55:00","MVFR",21,17,220,7,NA,NA,1007.5,"METAR KFYE 072055Z AUTO 22007KT 10SM BKN021 OVC027 21/17 A2975 RMK A01",2025-11-07 21:23:16.36649,2025-11-07 16:23:16.366528
"KFRI","Ft Riley/Marshall Fld, KS, US",2025-11-07 20:55:00,"2025-11-07 14:55:00","VFR",21,-0.9,320,9,17,NA,1009.2,"METAR KFRI 072055Z AUTO 32009G17KT 10SM CLR 21/M01 A2980 RMK AO2 SLP088 T02101009 56020",2025-11-07 21:23:16.372433,2025-11-07 16:23:16.372472
"KFTK","Fort Knox/Godman AAF, KY, US",2025-11-07 20:55:00,"2025-11-07 15:55:00","VFR",17.2,15.9,210,8,NA,NA,1004.5,"METAR KFTK 072055Z AUTO 21008KT 10SM SCT011 SCT027 OVC040 17/16 A2966 RMK AO2 SLP045 60000 T01720159 57012",2025-11-07 21:23:16.378391,2025-11-07 16:23:16.37843
"KGRK","Killeen-Ft Hood Rgnl, TX, US",2025-11-07 20:55:00,"2025-11-07 14:55:00","VFR",29.9,8.9,330,10,NA,NA,1007.5,"METAR KGRK 072055Z AUTO 33010KT 10SM CLR 30/09 A2975 RMK AO2 SLP063 T02990089 57014 $",2025-11-07 21:23:16.384409,2025-11-07 16:23:16.384448
"KFXY","Forest City Muni, IA, US",2025-11-07 20:55:00,"2025-11-07 14:55:00","MVFR",7,2,320,17,22,NA,1006.2,"METAR KFXY 072055Z AUTO 32017G22KT 10SM OVC021 07/02 A2971 RMK AO2",2025-11-07 21:23:16.390369,2025-11-07 16:23:16.390409
"KGUS","Peru/Grissom ARB, IN, US",2025-11-07 20:55:00,"2025-11-07 15:55:00","VFR",17.8,6.3,280,12,NA,NA,1001.4,"METAR KGUS 072055Z AUTO 28012KT 10SM CLR 18/06 A2957 RMK AO2 SLP015 T01780063 52006 $",2025-11-07 21:23:16.396295,2025-11-07 16:23:16.396336
"KGTB","Ft Drum/Wheeler AAF, NY, US",2025-11-07 20:55:00,"2025-11-07 20:55:00","VFR",7.4,3.4,160,11,NA,NA,997.4,"METAR KGTB 072055Z AUTO 16011KT 10SM OVC042 07/03 A2945 RMK AO2 RAE25DZB25E28 SLP977 P0001 60003 T00740034 58010",2025-11-07 21:23:16.402234,2025-11-07 16:23:16.402275
"KGNG","Gooding Muni, ID, US",2025-11-07 20:55:00,"2025-11-07 13:55:00","VFR",13,3,280,22,29,NA,1020.1,"METAR KGNG 072055Z AUTO 28022G29KT 10SM SCT060 SCT080 SCT090 13/03 A3012 RMK AO2",2025-11-07 21:23:16.417725,2025-11-07 16:23:16.417783
"KGSB","Goldsboro/Johnson AFB, NC, US",2025-11-07 20:55:00,"2025-11-07 15:55:00","VFR",21.7,15.7,150,4,NA,NA,1011.6,"METAR KGSB 072055Z 15004KT 10SM SCT029 SCT038 22/16 A2987 RMK AO2A SLP118 T02170157 57029 TSNO $",2025-11-07 21:23:16.424543,2025-11-07 16:23:16.424584
"KGCN","Grand Canyon Park Arpt, AZ, US",2025-11-07 20:54:00,"2025-11-07 13:54:00","VFR",17.8,-6.7,250,9,NA,NA,1020.7,"METAR KGCN 072054Z 25009KT 10SM CLR 18/M07 A3014 RMK AO2 SLP164 T01781067 56019",2025-11-07 21:23:16.430762,2025-11-07 16:23:16.430802
"KFWA","Fort Wayne Intl, IN, US",2025-11-07 20:54:00,"2025-11-07 15:54:00","VFR",16.7,7.2,270,19,28,NA,1001.1,"METAR KFWA 072054Z 27019G28KT 10SM FEW040 SCT250 17/07 A2956 RMK AO2 PK WND 25029/2004 SLP008 T01670072 53002",2025-11-07 21:23:16.43674,2025-11-07 16:23:16.436775
"KGCK","Garden City Rgnl, KS, US",2025-11-07 20:54:00,"2025-11-07 14:54:00","VFR",18.3,-3.3,NA,3,NA,NA,1013.3,"METAR KGCK 072054Z VRB03KT 10SM CLR 18/M03 A2992 RMK AO2 SLP121 T01831033 56022",2025-11-07 21:23:16.442666,2025-11-07 16:23:16.442704
"KGSO","Greensboro Intl, NC, US",2025-11-07 20:54:00,"2025-11-07 15:54:00","VFR",19.4,11.1,210,9,NA,NA,1011.3,"METAR KGSO 072054Z 21009KT 10SM FEW035 BKN250 19/11 A2986 RMK AO2 SLP106 T01940111 56033",2025-11-07 21:23:16.448638,2025-11-07 16:23:16.448675
"KFZY","Fulton/Oswego Cnty, NY, US",2025-11-07 20:54:00,"2025-11-07 20:54:00","VFR",11.1,5.6,210,10,23,NA,999.1,"METAR KFZY 072054Z AUTO 21010G23KT 10SM -RA OVC044 11/06 A2950 RMK AO2 PK WND 20031/2016 RAB17 SLP993 P0000 60000 T01110056 55016",2025-11-07 21:23:16.454718,2025-11-07 16:23:16.454755
"KGED","Georgetown/Sussex Cnty, DE, US",2025-11-07 20:54:00,"2025-11-07 15:54:00","VFR",16.1,3.3,170,10,NA,NA,1010.6,"METAR KGED 072054Z AUTO 17010KT 10SM CLR 16/03 A2984 RMK AO2 SLPNO T01610033 56038",2025-11-07 21:23:16.460738,2025-11-07 16:23:16.460778
"KGGW","Glasgow Intl Arpt, MT, US",2025-11-07 20:53:00,"2025-11-07 13:53:00","VFR",3.9,-0.6,120,14,NA,NA,1005.8,"METAR KGGW 072053Z AUTO 12014KT 10SM SCT090 04/M01 A2970 RMK AO2 SLP078 60000 T00391006 56023 TSNO ",2025-11-07 21:23:16.466748,2025-11-07 16:23:16.466786
"KFVE","Frenchville/N Aroostook Rgnl, ME, US",2025-11-07 20:53:00,"2025-11-07 15:53:00","VFR",-1.1,-10,230,5,NA,NA,1008.2,"METAR KFVE 072053Z AUTO 23005KT 10SM OVC080 M01/M10 A2977 RMK AO2 SLP093 T10111100 58014",2025-11-07 21:23:16.472754,2025-11-07 16:23:16.472792
"KGKJ","Meadville Arpt, PA, US",2025-11-07 20:53:00,"2025-11-07 15:53:00","IFR",10.6,9.4,210,12,20,NA,1000.4,"METAR KGKJ 072053Z AUTO 21012G20KT 10SM OVC008 11/09 A2954 RMK AO2 SLP006 60021 T01060094 50000",2025-11-07 21:23:16.478733,2025-11-07 16:23:16.478772
"KGFL","Glens Falls/Warren Cnty, NY, US",2025-11-07 20:53:00,"2025-11-07 15:53:00","VFR",10.6,-0.6,190,8,NA,NA,1003.8,"METAR KGFL 072053Z AUTO 19008KT 150V220 10SM OVC060 11/M01 A2964 RMK AO2 SLP044 T01061006 56050",2025-11-07 21:23:16.484716,2025-11-07 16:23:16.484753
"KGIF","Winter Haven Rgnl, FL, US",2025-11-07 20:53:00,"2025-11-07 15:53:00","VFR",28.3,18.3,0,0,NA,NA,1012.6,"METAR KGIF 072053Z AUTO 00000KT 10SM FEW050 28/18 A2990 RMK AO1 SLP123 T02830183 56020",2025-11-07 21:23:16.490709,2025-11-07 16:23:16.490747
"KGKY","Arlington Muni, TX, US",2025-11-07 20:53:00,"2025-11-07 20:53:00","VFR",26.1,13.9,360,7,NA,NA,1008.2,"METAR KGKY 072053Z 36007KT 10SM CLR 26/14 A2977 RMK AO2 SLP073 T02610139 56009",2025-11-07 21:23:16.496677,2025-11-07 16:23:16.496716
"KGOK","Guthrie-Edmond Rgnl, OK, US",2025-11-07 20:53:00,"2025-11-07 14:53:00","VFR",22.8,5,340,3,NA,NA,1010.6,"METAR KGOK 072053Z AUTO 34003KT 10SM CLR 23/05 A2984 RMK AO2 SLP098 T02280050 56017",2025-11-07 21:23:16.502674,2025-11-07 16:23:16.502711
"KFST","Fort Stockton/Pecos Cnty, TX, US",2025-11-07 20:53:00,"2025-11-07 14:53:00","VFR",25,-0.6,10,4,NA,NA,1014.6,"METAR KFST 072053Z AUTO 01004KT 10SM CLR 25/M01 A2996 RMK AO2 SLP103 T02501006 58023",2025-11-07 21:23:16.508627,2025-11-07 16:23:16.508666
"KGGG","Longview/Gregg Cnty, TX, US",2025-11-07 20:53:00,"2025-11-07 14:53:00","VFR",27.2,16.7,280,8,NA,NA,1007.2,"METAR KGGG 072053Z AUTO 28008KT 230V320 10SM BKN043 27/17 A2974 RMK AO2 SLP066 T02720167 56016 PWINO $",2025-11-07 21:23:16.5146,2025-11-07 16:23:16.514639
"KGEZ","Shelbyville Muni, IN, US",2025-11-07 20:53:00,"2025-11-07 20:53:00","VFR",18.3,8.3,270,11,20,NA,1002.8,"METAR KGEZ 072053Z AUTO 27011G20KT 10SM CLR 18/08 A2961 RMK AO2 SLP024 T01830083 56009",2025-11-07 21:23:16.52063,2025-11-07 16:23:16.520667
"KGFK","Grand Forks Intl, ND, US",2025-11-07 20:53:00,"2025-11-07 14:53:00","MVFR",-3.9,-9.4,350,10,NA,NA,1013,"METAR KGFK 072053Z 35010KT 10SM BKN024 M04/M09 A2991 RMK AO2 SLP140 T10391094 53010",2025-11-07 21:23:16.526638,2025-11-07 16:23:16.526677
"KGRI","Grand Island Rgnl, NE, US",2025-11-07 20:53:00,"2025-11-07 14:53:00","VFR",18.3,-3.9,300,17,23,NA,1009.6,"METAR KGRI 072053Z 30017G23KT 10SM CLR 18/M04 A2981 RMK AO2 PK WND 33029/2013 SLP096 T01831039 56017",2025-11-07 21:23:16.543118,2025-11-07 16:23:16.54316
"KFOE","Topeka/Forbes Fld, KS, US",2025-11-07 20:53:00,"2025-11-07 14:53:00","VFR",20.6,1.1,290,10,NA,NA,1008.9,"METAR KFOE 072053Z 29010KT 10SM CLR 21/01 A2979 RMK AO2 SLP086 T02060011 56015",2025-11-07 21:23:16.549547,2025-11-07 16:23:16.549583
"KFOK","Westhampton/Gabreski Arpt, NY, US",2025-11-07 20:53:00,"2025-11-07 15:53:00","VFR",13.3,6.7,190,11,25,NA,1011.6,"METAR KFOK 072053Z 19011G25KT 10SM FEW033 SCT041 13/07 A2987 RMK AO2 PK WND 19026/2029 SLP117 T01330067 56035",2025-11-07 21:23:16.555896,2025-11-07 16:23:16.555933
"KFTY","Atlanta/Fulton Cnty, GA, US",2025-11-07 20:53:00,"2025-11-07 15:53:00","VFR",21.1,13.9,190,5,15,NA,1011.6,"METAR KFTY 072053Z 19005G15KT 10SM OVC050 21/14 A2987 RMK AO2 SLP110 T02110139 56019",2025-11-07 21:23:16.56177,2025-11-07 16:23:16.561806
"KFUL","Fullerton Muni, CA, US",2025-11-07 20:53:00,"2025-11-07 12:53:00","VFR",26.7,11.1,240,5,NA,NA,1011.6,"METAR KFUL 072053Z 24005KT 10SM CLR 27/11 A2987 RMK AO2 SLP113 T02670111 58030",2025-11-07 21:23:16.567716,2025-11-07 16:23:16.567753
"KGEY","Greybull/South Big Horn Arpt, WY, US",2025-11-07 20:53:00,"2025-11-07 13:53:00","VFR",9.4,-3.3,150,5,NA,NA,1008.5,"METAR KGEY 072053Z AUTO 15005KT 10SM CLR 09/M03 A2978 RMK AO2 SLP093 T00941033 58029",2025-11-07 21:23:16.573716,2025-11-07 16:23:16.573752
"KGSH","Goshen Muni, IN, US",2025-11-07 20:53:00,"2025-11-07 15:53:00","VFR",15.6,6.1,290,13,22,NA,1000.8,"METAR KGSH 072053Z AUTO 29013G22KT 10SM CLR 16/06 A2955 RMK AO2 PK WND 28027/2007 SLP007 T01560061 53010",2025-11-07 21:23:16.579784,2025-11-07 16:23:16.579823
"KGUY","Guymon Muni, OK, US",2025-11-07 20:53:00,"2025-11-07 14:53:00","VFR",19.4,-3.3,50,5,NA,NA,1013.6,"METAR KGUY 072053Z AUTO 05005KT 10SM CLR 19/M03 A2993 RMK AO2 SLP111 T01941033 56027",2025-11-07 21:23:16.585776,2025-11-07 16:23:16.585814
"KFTW","Fort Worth/Meacham Intl, TX, US",2025-11-07 20:53:00,"2025-11-07 14:53:00","VFR",26.7,12.8,10,10,NA,NA,1008.2,"METAR KFTW 072053Z 01010KT 10SM CLR 27/13 A2977 RMK AO2 SLP072 T02670128 56010",2025-11-07 21:23:16.59182,2025-11-07 16:23:16.591856
"KGAG","Gage Arpt, OK, US",2025-11-07 20:53:00,"2025-11-07 14:53:00","VFR",20.6,-2.2,360,7,NA,NA,1012.6,"METAR KGAG 072053Z AUTO 36007KT 10SM CLR 21/M02 A2990 RMK AO2 SLP112 T02061022 56026",2025-11-07 21:23:16.597763,2025-11-07 16:23:16.5978
"KGRB","Green Bay/Straubel Intl, WI, US",2025-11-07 20:53:00,"2025-11-07 14:53:00","VFR",9.4,2.8,330,8,NA,NA,1000.1,"METAR KGRB 072053Z 33008KT 10SM BKN043 OVC050 09/03 A2953 RMK AO2 SLP004 T00940028 53022",2025-11-07 21:23:16.603713,2025-11-07 16:23:16.603751
"KGLD","Goodland/Renner Fld, KS, US",2025-11-07 20:53:00,"2025-11-07 13:53:00","VFR",17.2,-6.7,260,5,NA,NA,1012.6,"METAR KGLD 072053Z AUTO 26005KT 10SM CLR 17/M07 A2990 RMK AO2 SLP107 T01721067 56022",2025-11-07 21:23:16.60972,2025-11-07 16:23:16.609759
"KGCC","Gillette/Campbell Cnty, WY, US",2025-11-07 20:53:00,"2025-11-07 13:53:00","VFR",11.7,-3.9,240,8,NA,NA,1008.2,"METAR KGCC 072053Z AUTO 24008KT 10SM BKN110 12/M04 A2977 RMK AO2 SLP075 T01171039 58016",2025-11-07 21:23:16.615721,2025-11-07 16:23:16.615758
"KFPR","Ft Pierce/Treasure Coast Intl, FL, US",2025-11-07 20:53:00,"2025-11-07 15:53:00","VFR",25.6,21.7,70,7,NA,NA,1013,"METAR KFPR 072053Z 07007KT 10SM CLR 26/22 A2991 RMK AO2 SLP127 T02560217 56016",2025-11-07 21:23:16.621817,2025-11-07 16:23:16.621855
"KFRG","Farmingdale/Republic Arpt, NY, US",2025-11-07 20:53:00,"2025-11-07 15:53:00","VFR",13.9,7.8,190,17,26,NA,1010.2,"METAR KFRG 072053Z 19017G26KT 10SM FEW027 FEW033 14/08 A2983 RMK AO2 PK WND 20031/1954 SLP102 T01390078 56039",2025-11-07 21:23:16.627788,2025-11-07 16:23:16.627825
"KGJT","Grand Junction Rgnl, CO, US",2025-11-07 20:53:00,"2025-11-07 13:53:00","VFR",13.9,-6.1,350,3,NA,NA,1017.7,"METAR KGJT 072053Z 35003KT 10SM CLR 14/M06 A3005 RMK AO2 SLP152 T01391061 56026",2025-11-07 21:23:16.633732,2025-11-07 16:23:16.633772
"KGRR","Grand Rapids Intl, MI, US",2025-11-07 20:53:00,"2025-11-07 15:53:00","MVFR",11.7,4.4,280,15,21,NA,999.4,"METAR KGRR 072053Z 28015G21KT 10SM BKN030 12/04 A2951 RMK AO2 PK WND 28027/1954 SLP996 60000 T01170044 51021 $",2025-11-07 21:23:16.639702,2025-11-07 16:23:16.639739
"KGMU","Greenville/Downtown Arpt, SC, US",2025-11-07 20:53:00,"2025-11-07 15:53:00","VFR",20,11.7,210,9,NA,NA,1012.3,"METAR KGMU 072053Z 21009KT 10SM CLR 20/12 A2989 RMK AO2 SLP119 T02000117 56023",2025-11-07 21:23:16.645665,2025-11-07 16:23:16.645702
"KGSP","Greenville-Spartanburg Intl, SC, US",2025-11-07 20:53:00,"2025-11-07 15:53:00","VFR",20.6,11.7,200,12,NA,NA,1012.3,"METAR KGSP 072053Z 20012KT 10SM CLR 21/12 A2989 RMK AO2 SLP116 T02060117 56024",2025-11-07 21:23:16.651694,2025-11-07 16:23:16.651734
"KFSM","Fort Smith Rgnl, AR, US",2025-11-07 20:53:00,"2025-11-07 14:53:00","VFR",26.1,15,230,7,NA,NA,1007.2,"METAR KFSM 072053Z 23007KT 10SM CLR 26/15 A2974 RMK AO2 SLP068 T02610150 56017",2025-11-07 21:23:16.668136,2025-11-07 16:23:16.668191
"KFWN","Sussex Arpt, NJ, US",2025-11-07 20:53:00,"2025-11-07 20:53:00","VFR",14.4,0.6,190,11,25,NA,1007.2,"METAR KFWN 072053Z AUTO 19011G25KT 10SM CLR 14/01 A2974 RMK AO2 PK WND 18026/1954 SLP073 T01440006 56040",2025-11-07 21:23:16.67444,2025-11-07 16:23:16.674478
"KGLH","Greenville/Mid Delta Arpt, MS, US",2025-11-07 20:53:00,"2025-11-07 14:53:00","VFR",23.9,18.3,240,7,NA,NA,1008.2,"METAR KGLH 072053Z 24007KT 10SM OVC036 24/18 A2977 RMK AO2 SLP087 T02390183 58006",2025-11-07 21:23:16.680581,2025-11-07 16:23:16.680616
"KGNV","Gainesville Rgnl, FL, US",2025-11-07 20:53:00,"2025-11-07 15:53:00","VFR",26.7,16.7,190,5,NA,NA,1013.3,"METAR KGNV 072053Z 19005KT 10SM CLR 27/17 A2992 RMK AO2 SLP129 T02670167 56020",2025-11-07 21:23:16.686445,2025-11-07 16:23:16.686482
"KGPT","Gulfport-Biloxi Intl, MS, US",2025-11-07 20:53:00,"2025-11-07 14:53:00","VFR",25.6,22.2,170,9,NA,NA,1009.6,"METAR KGPT 072053Z AUTO 17009KT 10SM CLR 26/22 A2981 RMK AO2 SLP095 T02560222 56025",2025-11-07 21:23:16.692465,2025-11-07 16:23:16.692504
"KGTF","Great Falls Intl, MT, US",2025-11-07 20:53:00,"2025-11-07 13:53:00","VFR",10,-9.4,280,32,41,9,1007.9,"METAR KGTF 072053Z 28032G41KT 9SM FEW019 10/M09 A2976 RMK AO2 PK WND 25046/2002 SLP082 T01001094 53003 $",2025-11-07 21:23:16.698414,2025-11-07 16:23:16.698452
"KGVL","Gainesville/Gilmer Mem, GA, US",2025-11-07 20:53:00,"2025-11-07 15:53:00","VFR",20.6,12.8,220,4,NA,NA,1012.6,"METAR KGVL 072053Z AUTO 22004KT 10SM SCT070 OVC100 21/13 A2990 RMK AO2 SLP115 T02060128 56020",2025-11-07 21:23:16.704391,2025-11-07 16:23:16.704429
"KGEG","Spokane Intl, WA, US",2025-11-07 20:53:00,"2025-11-07 12:53:00","VFR",8.9,1.1,240,17,NA,NA,1019,"METAR KGEG 072053Z 24017KT 10SM FEW034 SCT045 SCT200 09/01 A3009 RMK AO2 PK WND 23026/2008 SLP198 T00890011 51013 $",2025-11-07 21:23:16.71035,2025-11-07 16:23:16.710386
"KGUP","Gallup Muni, NM, US",2025-11-07 20:53:00,"2025-11-07 13:53:00","VFR",18.9,-3.9,230,11,NA,NA,1019,"METAR KGUP 072053Z AUTO 23011KT 10SM CLR 19/M04 A3009 RMK AO2 SLP121 T01891039 58027",2025-11-07 21:23:16.716288,2025-11-07 16:23:16.716326
"KGLS","Galveston/Scholes Intl, TX, US",2025-11-07 20:52:00,"2025-11-07 14:52:00","VFR",26.7,20.6,200,12,NA,NA,1008.5,"METAR KGLS 072052Z 20012KT 10SM CLR 27/21 A2978 RMK AO1 SLP085 T02670206 56022 $",2025-11-07 21:23:16.722265,2025-11-07 16:23:16.722302
"KGVT","Greenville/Majors Arpt, TX, US",2025-11-07 20:50:00,"2025-11-07 14:50:00","VFR",25,15,60,5,NA,NA,1008.2,"METAR KGVT 072050Z AUTO 06005KT 10SM CLR 25/15 A2977 RMK AO2",2025-11-07 21:23:16.728263,2025-11-07 16:23:16.728302
"KFWS","Fort Worth/Spinks Arpt, TX, US",2025-11-07 20:50:00,"2025-11-07 20:50:00","VFR",25,15,40,10,NA,NA,1008.9,"METAR KFWS 072050Z 04010KT 10SM CLR 25/15 A2979",2025-11-07 21:23:16.73423,2025-11-07 16:23:16.734272
"KGEU","Glendale Muni, AZ, US",2025-11-07 20:48:00,"2025-11-07 20:48:00","VFR",28,2,NA,4,NA,NA,1012.3,"METAR KGEU 072048Z VRB04KT 10SM CLR 28/02 A2989",2025-11-07 21:23:16.740224,2025-11-07 16:23:16.740266
"KFRH","French Lick Muni, IN, US",2025-11-07 19:55:00,"2025-11-07 14:55:00","VFR",18,13,210,6,NA,NA,1004.5,"METAR KFRH 071955Z AUTO 21006KT 10SM SCT023 SCT031 SCT044 18/13 A2966 RMK AO1",2025-11-07 21:23:16.746191,2025-11-07 16:23:16.746232
"KHLC","Hill City Muni, KS, US",2025-11-07 21:19:00,"2025-11-07 15:19:00","VFR",20,-3.9,300,8,NA,NA,1011.6,"SPECI KHLC 072119Z AUTO 30008KT 10SM FEW001 20/M04 A2987 RMK AO2 T02001039 $",2025-11-07 21:23:18.260836,2025-11-07 16:23:18.260876
"KHOP","Fort Campbell, KY, US",2025-11-07 21:18:00,"2025-11-07 15:18:00","VFR",19,17,250,10,NA,NA,1005.2,"SPECI KHOP 072118Z 25010KT 10SM SCT012 SCT020 19/17 A2968 RMK AO2A LTG DSNT S-SW RAE18 SLP051 $",2025-11-07 21:23:18.26732,2025-11-07 16:23:18.267357
"KHEG","Jacksonville/Herlong Arpt, FL, US",2025-11-07 21:15:00,"2025-11-07 21:15:00","VFR",27,16,0,0,NA,NA,1013,"METAR KHEG 072115Z AUTO 00000KT 10SM CLR 27/16 A2991 RMK AO2 TSNO",2025-11-07 21:23:18.273171,2025-11-07 16:23:18.273226
"KHCD","Hutchinson/Butler Fld, MN, US",2025-11-07 21:15:00,"2025-11-07 21:15:00","VFR",5.2,0.1,330,12,17,NA,1007.9,"METAR KHCD 072115Z AUTO 33012G17KT 10SM OVC031 05/00 A2976 RMK AO2 T00520001",2025-11-07 21:23:18.27923,2025-11-07 16:23:18.279269
"KHJH","Hebron Muni, NE, US",2025-11-07 21:15:00,"2025-11-07 21:15:00",NA,19.4,-3.9,330,11,17,NA,1009.6,"METAR KHJH 072115Z AUTO 33011G17KT 10SM 19/M04 A2981 RMK AO2 T01941039",2025-11-07 21:23:18.285334,2025-11-07 16:23:18.285372
"KHNZ","Oxford-Henderson Arpt, NC, US",2025-11-07 21:15:00,"2025-11-07 21:15:00","VFR",19,10,210,5,NA,NA,1011.3,"METAR KHNZ 072115Z AUTO 21005KT 10SM CLR 19/10 A2986 RMK AO2",2025-11-07 21:23:18.291503,2025-11-07 16:23:18.291544
"KHBV","Hebbronville/Hogg Cnty, TX, US",2025-11-07 21:15:00,"2025-11-07 21:15:00","VFR",35.6,5.3,0,0,NA,NA,1006.9,"METAR KHBV 072115Z AUTO 00000KT 10SM CLR 36/05 A2973 RMK AO2 T03560053 $",2025-11-07 21:23:18.297582,2025-11-07 16:23:18.297621
"KHOE","Homerville Arpt, GA, US",2025-11-07 21:15:00,"2025-11-07 21:15:00","VFR",26.9,12.3,210,4,NA,NA,1012.6,"METAR KHOE 072115Z AUTO 21004KT 10SM CLR 26/12 A2990 RMK AO2 T02690123",2025-11-07 21:23:18.303564,2025-11-07 16:23:18.303602
"KHPT","Hampton Muni, IA, US",2025-11-07 21:15:00,"2025-11-07 15:15:00","VFR",7,2,310,19,24,NA,1005.8,"METAR KHPT 072115Z AUTO 31019G24KT 10SM SCT021 BKN037 OVC042 07/02 A2970 RMK AO2",2025-11-07 21:23:18.309553,2025-11-07 16:23:18.30959
"KHFJ","Monett Muni, MO, US",2025-11-07 21:15:00,"2025-11-07 21:15:00","VFR",21,4,0,0,NA,NA,1009.2,"METAR KHFJ 072115Z AUTO 00000KT 10SM CLR 21/04 A2980 RMK AO2",2025-11-07 21:23:18.315528,2025-11-07 16:23:18.315566
"KGYL","Glencoe Muni, MN, US",2025-11-07 21:15:00,"2025-11-07 21:15:00","VFR",5.5,0.8,320,11,16,NA,1007.2,"METAR KGYL 072115Z AUTO 32011G16KT 10SM SCT021 OVC031 06/01 A2974 RMK AO2 T00550008",2025-11-07 21:23:18.321461,2025-11-07 16:23:18.321498
"KHWY","Warrenton/Fauquier Arpt, VA, US",2025-11-07 21:15:00,"2025-11-07 21:15:00","VFR",18.4,3.1,190,9,NA,NA,1008.2,"METAR KHWY 072115Z AUTO 19009KT 10SM CLR 18/03 A2977 RMK AO2 T01840031",2025-11-07 21:23:18.327436,2025-11-07 16:23:18.327476
"KHII","Lake Havasu City Arpt, AZ, US",2025-11-07 21:15:00,"2025-11-07 14:15:00","VFR",30,1,NA,6,NA,NA,1011.6,"METAR KHII 072115Z AUTO VRB06KT 260V320 10SM CLR 30/01 A2987 RMK AO2",2025-11-07 21:23:18.333452,2025-11-07 16:23:18.333491
"KHAF","Half Moon Bay Arpt, CA, US",2025-11-07 21:15:00,"2025-11-07 13:15:00","VFR",18,16,320,13,NA,7,1019.7,"METAR KHAF 072115Z AUTO 32013KT 7SM CLR 18/16 A3011 RMK AO2",2025-11-07 21:23:18.33936,2025-11-07 16:23:18.339397
"KHFY","Greenwood Muni, IN, US",2025-11-07 21:15:00,"2025-11-07 21:15:00","VFR",19.1,4.8,290,9,16,NA,1003.8,"METAR KHFY 072115Z AUTO 29009G16KT 10SM CLR 19/05 A2964 RMK AO2 T01910048",2025-11-07 21:23:18.345282,2025-11-07 16:23:18.34532
"KHYW","Conway/Horry Cnty, SC, US",2025-11-07 21:15:00,"2025-11-07 21:15:00","VFR",24,13,230,3,NA,NA,1012.3,"METAR KHYW 072115Z AUTO 23003KT 10SM CLR 24/13 A2989 RMK AO2",2025-11-07 21:23:18.351249,2025-11-07 16:23:18.35129
"KHLX","Hillsville/Twin Cnty, VA, US",2025-11-07 21:15:00,"2025-11-07 21:15:00","VFR",13,8,160,9,NA,NA,1010.6,"METAR KHLX 072115Z AUTO 16009KT 10SM CLR 13/08 A2984 RMK AO2",2025-11-07 21:23:18.357228,2025-11-07 16:23:18.357269
"KHNR","Harlan Muni, IA, US",2025-11-07 21:15:00,"2025-11-07 21:15:00","VFR",16,2,310,19,25,NA,1006.9,"METAR KHNR 072115Z AUTO 31019G25KT 10SM CLR 16/02 A2973 RMK A01",2025-11-07 21:23:18.372802,2025-11-07 16:23:18.372881
"KHMT","Hemet/Ryan Arpt, CA, US",2025-11-07 21:15:00,"2025-11-07 13:15:00","VFR",31,3,290,8,NA,NA,1012.6,"METAR KHMT 072115Z AUTO 29008KT 10SM CLR 31/03 A2990 RMK AO2",2025-11-07 21:23:18.379919,2025-11-07 16:23:18.379961
"KHRX","Hereford Muni, TX, US",2025-11-07 21:15:00,"2025-11-07 21:15:00","VFR",22,-5.9,210,7,NA,NA,1015.3,"METAR KHRX 072115Z AUTO 21007KT 10SM CLR 22/M06 A2998 RMK AO2 T02201059 TSNO",2025-11-07 21:23:18.386227,2025-11-07 16:23:18.386266
"KHQU","Thomson/McDuffie Cnty, GA, US",2025-11-07 21:15:00,"2025-11-07 21:15:00","VFR",23,12,0,0,NA,NA,1014.3,"METAR KHQU 072115Z AUTO 00000KT 10SM SCT050 BKN100 OVC120 23/12 A2995 RMK AO2 LTG DSNT SW",2025-11-07 21:23:18.3922,2025-11-07 16:23:18.392243
"KHSP","Hot Springs/Ingalls Fld, VA, US",2025-11-07 21:15:00,"2025-11-07 16:15:00","VFR",12,7,170,11,NA,NA,1009.2,"METAR KHSP 072115Z AUTO 17011KT 10SM CLR 12/07 A2980 RMK AO2 T01200070",2025-11-07 21:23:18.39807,2025-11-07 16:23:18.398105
"KHSB","Harrisburg/Raleigh Arpt, IL, US",2025-11-07 21:15:00,"2025-11-07 15:15:00","VFR",21,12.3,NA,NA,NA,NA,1005.5,"METAR KHSB 072115Z 10SM SCT043 21/12 A2969 RMK AO2 LTG DSNT S T02100123",2025-11-07 21:23:18.404056,2025-11-07 16:23:18.404095
"KGWR","Gwinner Muni, ND, US",2025-11-07 21:15:00,"2025-11-07 21:15:00","MVFR",-1,-1,10,9,16,NA,1011.9,"METAR KGWR 072115Z AUTO 01009G16KT 10SM OVC016 M01/M01 A2988 RMK A01",2025-11-07 21:23:18.410105,2025-11-07 16:23:18.410142
"KHDE","Holdrege/Brewster Fld, NE, US",2025-11-07 21:15:00,"2025-11-07 15:15:00","VFR",18.1,-3.2,290,8,NA,NA,1010.2,"METAR KHDE 072115Z AUTO 29008KT 10SM CLR 18/M03 A2983 RMK AO2 T01811032",2025-11-07 21:23:18.416085,2025-11-07 16:23:18.416124
"KHMZ","Bedford Arpt, PA, US",2025-11-07 21:15:00,"2025-11-07 21:15:00","VFR",14.6,1.6,170,6,NA,NA,1003.8,"METAR KHMZ 072115Z AUTO 17006KT 10SM OVC060 15/02 A2964 RMK AO2 T01460016",2025-11-07 21:23:18.422033,2025-11-07 16:23:18.422072
"KHYX","Saginaw Cnty Arpt, MI, US",2025-11-07 21:15:00,"2025-11-07 21:15:00","VFR",12,6,270,14,20,NA,997,"METAR KHYX 072115Z AUTO 27014G20KT 10SM OVC037 12/06 A2944 RMK AO2",2025-11-07 21:23:18.427966,2025-11-07 16:23:18.428002
"KHAI","Three Rivers Muni, MI, US",2025-11-07 21:15:00,"2025-11-07 16:15:00","VFR",14,5,290,12,NA,NA,1000.4,"METAR KHAI 072115Z AUTO 29012KT 10SM CLR 14/05 A2954 RMK AO2",2025-11-07 21:23:18.43394,2025-11-07 16:23:18.433977
"KHAE","Hannibal Rgnl, MO, US",2025-11-07 21:15:00,"2025-11-07 21:15:00","VFR",21,0,280,9,18,NA,1006.2,"METAR KHAE 072115Z AUTO 28009G18KT 10SM SCT100 21/00 A2971 RMK AO2",2025-11-07 21:23:18.439874,2025-11-07 16:23:18.439912
"KHQG","Hugoton Muni, KS, US",2025-11-07 21:15:00,"2025-11-07 21:15:00","VFR",19,-3,0,0,NA,NA,1014,"METAR KHQG 072115Z AUTO 00000KT 10SM CLR 19/M03 A2994 RMK AO2 TSNO",2025-11-07 21:23:18.445835,2025-11-07 16:23:18.445874
"KGYB","Giddings/Lee Cnty, TX, US",2025-11-07 21:15:00,"2025-11-07 21:15:00","VFR",31.1,13.5,210,8,NA,NA,1008.2,"METAR KGYB 072115Z AUTO 21008KT 10SM CLR 31/14 A2977 RMK AO2 T03110135",2025-11-07 21:23:18.451738,2025-11-07 16:23:18.451777
"KHHW","Hugo/Stamper Muni, OK, US",2025-11-07 21:15:00,"2025-11-07 15:15:00","VFR",24,15,120,4,NA,NA,1008.5,"METAR KHHW 072115Z AUTO 12004KT 10SM CLR 24/15 A2978 RMK AO2",2025-11-07 21:23:18.45775,2025-11-07 16:23:18.457787
"KHVS","Hartsville Rgnl, SC, US",2025-11-07 21:15:00,"2025-11-07 16:15:00","VFR",22,13,NA,3,NA,NA,1011.6,"METAR KHVS 072115Z AUTO VRB03KT 10SM FEW046 22/13 A2987 RMK AO2",2025-11-07 21:23:18.463736,2025-11-07 16:23:18.463772
"KHSG","Thermopolis/Hot Springs Cnty, WY, US",2025-11-07 21:15:00,"2025-11-07 14:15:00","VFR",11.3,-7.2,0,0,NA,NA,1009.2,"METAR KHSG 072115Z AUTO 00000KT 10SM CLR 11/M07 A2980 RMK AO2 T01131072",2025-11-07 21:23:18.46966,2025-11-07 16:23:18.469698
"KHCO","Hallock Muni, MN, US",2025-11-07 21:15:00,"2025-11-07 21:15:00","VFR",-2,-9,330,11,NA,NA,1013,"METAR KHCO 072115Z AUTO 33011KT 10SM SCT055 SCT100 M02/M09 A2991 RMK AO2",2025-11-07 21:23:18.475646,2025-11-07 16:23:18.475683
"KHCR","Heber City Muni, UT, US",2025-11-07 21:15:00,"2025-11-07 21:15:00","VFR",10.7,-2.1,0,0,NA,NA,1019,"METAR KHCR 072115Z AUTO 00000KT 10SM BKN065 OVC095 11/M02 A3009 RMK AO2 T01071021 $",2025-11-07 21:23:18.481591,2025-11-07 16:23:18.481631
"KGWW","Goldsboro/Wayne Muni, NC, US",2025-11-07 21:15:00,"2025-11-07 21:15:00","VFR",21.2,15.3,180,7,NA,NA,1011.9,"METAR KGWW 072115Z AUTO 18007KT 10SM SCT033 SCT040 21/15 A2988 RMK AO2 T02120153",2025-11-07 21:23:18.497684,2025-11-07 16:23:18.497724
"KHDC","Hammond/Northshore Rgnl, LA, US",2025-11-07 21:15:00,"2025-11-07 21:15:00","VFR",28.1,20.2,230,7,NA,NA,1008.9,"METAR KHDC 072115Z AUTO 23007KT 10SM SCT040 SCT047 28/20 A2979 RMK AO2 LTG DSNT S T02810202",2025-11-07 21:23:18.503942,2025-11-07 16:23:18.503981
"KHEQ","Holyoke Arpt, CO, US",2025-11-07 21:15:00,"2025-11-07 21:15:00","VFR",16,-4,260,9,14,NA,1011.6,"METAR KHEQ 072115Z AUTO 26009G14KT 10SM CLR 16/M04 A2987 RMK AO2",2025-11-07 21:23:18.510159,2025-11-07 16:23:18.510211
"KHHF","Canadian/Hemphill Cnty, TX, US",2025-11-07 21:15:00,"2025-11-07 21:15:00","VFR",21.9,-2.4,70,3,NA,NA,1013,"METAR KHHF 072115Z AUTO 07003KT 10SM CLR 22/M02 A2991 RMK AO2 T02191024",2025-11-07 21:23:18.515967,2025-11-07 16:23:18.516003
"KHTL","Houghton Lake/Blodgett Mem, MI, US",2025-11-07 21:05:00,"2025-11-07 16:05:00","MVFR",8.3,3.9,280,14,20,NA,996.7,"SPECI KHTL 072105Z AUTO 28014G20KT 10SM BKN026 BKN035 OVC050 08/04 A2943 RMK AO2 T00830039",2025-11-07 21:23:18.521897,2025-11-07 16:23:18.521935
"KHRT","Ft Walton Beach/Hurlburt Fld, FL, US",2025-11-07 21:05:00,"2025-11-07 21:05:00","MVFR",25,21,180,7,NA,NA,1010.9,"SPECI KHRT 072105Z 18007KT 10SM BKN019 OVC075 25/21 A2985 RMK AO2A CIG 018 RWY18 SLP106 $",2025-11-07 21:23:18.527836,2025-11-07 16:23:18.527873
"KHKA","Blytheville Muni, AR, US",2025-11-07 21:01:00,"2025-11-07 15:01:00","MVFR",21.1,17.2,230,9,NA,NA,1006.5,"SPECI KHKA 072101Z AUTO 23009KT 10SM FEW019 BKN028 OVC048 21/17 A2972 RMK AO2 T02110172 PNO $",2025-11-07 21:23:18.533798,2025-11-07 16:23:18.533835
"KHOT","Hot Springs Mem, AR, US",2025-11-07 21:00:00,"2025-11-07 15:00:00","MVFR",23.3,15.6,NA,3,NA,NA,1007.9,"SPECI KHOT 072100Z AUTO VRB03KT 10SM BKN030 23/16 A2976 RMK AO2 T02330156 $",2025-11-07 21:23:18.539768,2025-11-07 16:23:18.539805
"KHBI","Asheboro Muni, NC, US",2025-11-07 20:57:00,"2025-11-07 20:57:00","VFR",20,11,200,7,NA,NA,1012.3,"METAR KHBI 072057Z AUTO 20007KT 10SM CLR 20/11 A2989 RMK AO2",2025-11-07 21:23:18.545696,2025-11-07 16:23:18.545733
"KHPN","White Plains/Westchester Cnty, NY, US",2025-11-07 20:56:00,"2025-11-07 15:56:00","VFR",13.3,3.3,170,14,25,NA,1008.9,"METAR KHPN 072056Z 17014G25KT 140V210 10SM FEW060 13/03 A2979 RMK AO2 SLP091 T01330033 56038",2025-11-07 21:23:18.551596,2025-11-07 16:23:18.551635
"KHYI","San Marcos Muni, TX, US",2025-11-07 20:56:00,"2025-11-07 20:56:00","VFR",32.2,14.4,210,10,NA,NA,1007.2,"METAR KHYI 072056Z 21010KT 10SM CLR 32/14 A2974 RMK AO2 SLP063 T03220144 56027 $",2025-11-07 21:23:18.557519,2025-11-07 16:23:18.557555
"KHWV","Brookhaven Arpt, NY, US",2025-11-07 20:56:00,"2025-11-07 15:56:00","VFR",13.3,7.2,190,18,29,NA,1011.3,"METAR KHWV 072056Z AUTO 19018G29KT 10SM FEW031 13/07 A2986 RMK AO2 PK WND 18029/2056 SLP111 T01330072 56035 PWINO",2025-11-07 21:23:18.563472,2025-11-07 16:23:18.56351
"KHYS","Hays Rgnl, KS, US",2025-11-07 20:56:00,"2025-11-07 14:56:00","VFR",19.4,-3.9,290,6,NA,NA,1011.6,"METAR KHYS 072056Z AUTO 29006KT 10SM CLR 19/M04 A2987 RMK AO2 SLP112 T01941039 56018 $",2025-11-07 21:23:18.569418,2025-11-07 16:23:18.569456
"KHEF","Manassas Rgnl, VA, US",2025-11-07 20:56:00,"2025-11-07 15:56:00","VFR",17.8,5.6,190,12,NA,NA,1008.2,"METAR KHEF 072056Z 19012KT 10SM CLR 18/06 A2977 RMK AO2 SLP087 T01780056 56034 $",2025-11-07 21:23:18.575325,2025-11-07 16:23:18.575363
"KHND","Henderson Exec, NV, US",2025-11-07 20:56:00,"2025-11-07 12:56:00","VFR",25,-0.6,NA,3,NA,NA,1016,"METAR KHND 072056Z VRB03KT 10SM CLR 25/M01 A3000 RMK AO2 SLPNO T02501006 58027 $",2025-11-07 21:23:18.581285,2025-11-07 16:23:18.581323
"KHNB","Huntingburg Arpt, IN, US",2025-11-07 20:56:00,"2025-11-07 15:56:00","VFR",20,16.1,210,8,NA,NA,1004.1,"METAR KHNB 072056Z AUTO 21008KT 10SM VCTS SCT029 SCT043 SCT085 20/16 A2965 RMK AO2 LTG DSNT N AND W TSB37 SLP040 P0001 60001 T02000161 58016",2025-11-07 21:23:18.587199,2025-11-07 16:23:18.587242
"KHEZ","Natchez/Adams Cnty, MS, US",2025-11-07 20:56:00,"2025-11-07 14:56:00","VFR",26.7,17.8,NA,4,NA,NA,1008.9,"METAR KHEZ 072056Z AUTO VRB04KT 10SM FEW036 27/18 A2979 RMK AO2 SLP088 T02670178 56023 $",2025-11-07 21:23:18.593235,2025-11-07 16:23:18.593277
"KHYA","Hyannis/Barnstable Muni, MA, US",2025-11-07 20:56:00,"2025-11-07 15:56:00","VFR",10.6,4.4,210,10,18,NA,1012.6,"METAR KHYA 072056Z 21010G18KT 10SM FEW038 11/04 A2990 RMK AO2 SLP125 T01060044 58037",2025-11-07 21:23:18.599197,2025-11-07 16:23:18.599236
"KHDN","Hayden/Yampa Valley Arpt, CO, US",2025-11-07 20:56:00,"2025-11-07 13:56:00","VFR",6.1,-4.4,260,3,NA,NA,1019.4,"METAR KHDN 072056Z AUTO 26003KT 10SM BKN075 06/M04 A3010 RMK AO2 SLP194 T00611044 56019 $",2025-11-07 21:23:18.605211,2025-11-07 16:23:18.605255
"KHUA","Huntsville/Redstone AAF, AL, US",2025-11-07 20:55:00,"2025-11-07 14:55:00","MVFR",21,16,200,5,NA,7,1009.2,"METAR KHUA 072055Z 20005KT 7SM BKN018 OVC025 21/16 A2980 RMK SLPNO RVRNO $",2025-11-07 21:23:18.621253,2025-11-07 16:23:18.621295
"KHON","Huron Rgnl, SD, US",2025-11-07 20:55:00,"2025-11-07 14:55:00","MVFR",3.9,-0.6,360,8,NA,NA,1010.9,"METAR KHON 072055Z AUTO 36008KT 10SM OVC020 04/M01 A2985 RMK AO2 SLP116 T00391006 51006",2025-11-07 21:23:18.627429,2025-11-07 16:23:18.62747
"KHSD","Oklahoma City/Sundance Arpt, OK, US",2025-11-07 20:55:00,"2025-11-07 20:55:00","VFR",23,4,330,9,NA,NA,1010.9,"METAR KHSD 072055Z AUTO 33009KT 10SM CLR 23/04 A2985 RMK A01",2025-11-07 21:23:18.633371,2025-11-07 16:23:18.633407
"KGZS","Pulaski/Abernathy Fld, TN, US",2025-11-07 20:55:00,"2025-11-07 20:55:00","MVFR",21,17,190,7,14,6,1008.2,"METAR KGZS 072055Z AUTO 19007G14KT 6SM HZ BKN026 BKN031 BKN037 21/17 A2977 RMK A01",2025-11-07 21:23:18.63908,2025-11-07 16:23:18.639116
"KHLR","Killeen/Ft Hood AAF, TX, US",2025-11-07 20:55:00,"2025-11-07 14:55:00","VFR",30.2,9.6,320,6,NA,NA,1007.2,"METAR KHLR 072055Z AUTO 32006KT 10SM CLR 30/10 A2974 RMK AO2 SLP062 T03020096 57013 $",2025-11-07 21:23:18.644993,2025-11-07 16:23:18.645028
"KHVC","Hopkinsville/Christian Cnty, KY, US",2025-11-07 20:55:00,"2025-11-07 20:55:00","MVFR",18,17,260,6,NA,4,1005.8,"METAR KHVC 072055Z AUTO 26006KT 4SM -DZ FEW010 BKN015 OVC025 18/17 A2970 RMK AO2 LTG DSNT S",2025-11-07 21:23:18.650879,2025-11-07 16:23:18.650915
"KHFF","Mackall, NC, US",2025-11-07 20:55:00,"2025-11-07 15:55:00","VFR",23.2,13.6,230,7,NA,NA,1010.9,"METAR KHFF 072055Z AUTO 23007KT 10SM FEW041 23/14 A2985 RMK AO2 SLP110 T02320136 57029 $",2025-11-07 21:23:18.656845,2025-11-07 16:23:18.656883
"KGZN","Cisco/Simmons Mem, TX, US",2025-11-07 20:55:00,"2025-11-07 20:55:00","VFR",26,3,360,11,18,NA,1009.9,"METAR KGZN 072055Z AUTO 36011G18KT 10SM CLR 26/03 A2982 RMK AO2",2025-11-07 21:23:18.662766,2025-11-07 16:23:18.662802
"KHLB","Batesville Arpt, IN, US",2025-11-07 20:55:00,"2025-11-07 15:55:00","MVFR",17,14,0,0,NA,NA,1003.5,"METAR KHLB 072055Z AUTO 00000KT 10SM BKN018 BKN027 BKN035 17/14 A2963 RMK A01",2025-11-07 21:23:18.668675,2025-11-07 16:23:18.668714
"KHIF","Ogden/Hill AFB, UT, US",2025-11-07 20:55:00,"2025-11-07 13:55:00","VFR",12.5,-1.8,230,7,NA,NA,1019.4,"METAR KHIF 072055Z AUTO 23007KT 10SM SCT060 OVC070 13/M02 A3010 RMK AO2 SLP173 T01251018 56010",2025-11-07 21:23:18.67458,2025-11-07 16:23:18.674616
"KHTH","Hawthorne Muni, NV, US",2025-11-07 20:55:00,"2025-11-07 12:55:00","VFR",17,1,310,7,NA,NA,1020.7,"METAR KHTH 072055Z AUTO 31007KT 10SM OVC080 17/01 A3014 RMK A01",2025-11-07 21:23:18.680488,2025-11-07 16:23:18.680527
"KHVE","Hanksville Arpt, UT, US",2025-11-07 20:55:00,"2025-11-07 13:55:00","VFR",17,-7,170,3,NA,NA,1017.4,"METAR KHVE 072055Z AUTO 17003KT 10SM CLR 17/M07 A3004 RMK AO2",2025-11-07 21:23:18.686434,2025-11-07 16:23:18.686471
"KHMN","Holloman AFB, NM, US",2025-11-07 20:55:00,"2025-11-07 13:55:00","VFR",25.4,-6.1,0,0,NA,NA,1016.3,"METAR KHMN 072055Z AUTO 00000KT 10SM CLR 25/M06 A3001 RMK AO2 SLP115 T02541061 57027 $",2025-11-07 21:23:18.692359,2025-11-07 16:23:18.692397
"KHST","Homestead AFB, FL, US",2025-11-07 20:55:00,"2025-11-07 15:55:00","VFR",27.8,21.3,90,6,NA,NA,1011.6,"METAR KHST 072055Z AUTO 09006KT 10SM CLR 28/21 A2987 RMK AO2 SLP118 T02780213 56016",2025-11-07 21:23:18.698277,2025-11-07 16:23:18.698314
"KHWD","Hayward Exec, CA, US",2025-11-07 20:54:00,"2025-11-07 12:54:00","VFR",20,15,250,9,NA,NA,1019.7,"METAR KHWD 072054Z 25009KT 10SM FEW018 20/15 A3011 RMK AO2 SLP203 T02000150 58021",2025-11-07 21:23:18.704174,2025-11-07 16:23:18.704229
"KHUL","Houlton Intl, ME, US",2025-11-07 20:53:00,"2025-11-07 16:53:00","VFR",1.7,-9.4,0,0,NA,NA,1010.6,"METAR KHUL 072053Z AUTO 00000KT 10SM BKN120 02/M09 A2984 RMK AO2 SLP109 T00171094 58013",2025-11-07 21:23:18.71013,2025-11-07 16:23:18.71017
"KHWO","Hollywood/North Perry Arpt, FL, US",2025-11-07 20:53:00,"2025-11-07 15:53:00","VFR",29.4,19.4,110,6,NA,NA,1011.9,"METAR KHWO 072053Z 11006KT 10SM CLR 29/19 A2988 RMK AO2 SLP118 T02940194 56015 $",2025-11-07 21:23:18.716062,2025-11-07 16:23:18.716098
"KGWO","Greenwood/Leflore Arpt, MS, US",2025-11-07 20:53:00,"2025-11-07 14:53:00","VFR",25.6,17.2,230,7,15,NA,1008.2,"METAR KGWO 072053Z AUTO 23007G15KT 10SM FEW050 26/17 A2977 RMK AO2 SLP080 T02560172 56019",2025-11-07 21:23:18.72201,2025-11-07 16:23:18.722051
"KHFD","Hartford/Brainard Arpt, CT, US",2025-11-07 20:53:00,"2025-11-07 15:53:00","VFR",13.3,3.3,180,16,29,NA,1009.2,"METAR KHFD 072053Z 18016G29KT 10SM BKN047 13/03 A2980 RMK AO2 PK WND 19033/2000 SLP091 T01330033 56043",2025-11-07 21:23:18.804241,2025-11-07 16:23:18.804279
"KHVR","Havre/City Arpt, MT, US",2025-11-07 20:53:00,"2025-11-07 13:53:00","VFR",6.7,1.1,310,17,26,NA,1005.5,"METAR KHVR 072053Z AUTO 31017G26KT 10SM OVC060 07/01 A2969 RMK AO2 PK WND 31029/2018 RAB29E46 SLP069 P0000 60000 T00670011 53009",2025-11-07 21:23:18.810065,2025-11-07 16:23:18.8101
"KHEI","Hettinger Muni, ND, US",2025-11-07 20:53:00,"2025-11-07 20:53:00","VFR",5,0.6,80,9,NA,NA,1008.5,"METAR KHEI 072053Z AUTO 08009KT 10SM CLR 05/01 A2978 RMK AO2 SLP097 T00500006 56019",2025-11-07 21:23:18.815806,2025-11-07 16:23:18.815841
"KHQM","Hoquiam/Bowerman Arpt, WA, US",2025-11-07 20:53:00,"2025-11-07 12:53:00","VFR",12.2,8.9,230,4,NA,NA,1022.8,"METAR KHQM 072053Z AUTO 23004KT 10SM OVC060 12/09 A3020 RMK AO2 SLP231 T01220089 51003",2025-11-07 21:23:18.821498,2025-11-07 16:23:18.821536
"KHVN","New Haven/Tweed Arpt, CT, US",2025-11-07 20:53:00,"2025-11-07 15:53:00","VFR",15,6.7,200,19,26,NA,1010.2,"METAR KHVN 072053Z 20019G26KT 10SM CLR 15/07 A2983 RMK AO2 PK WND 19028/2008 SLP101 T01500067 56040 $",2025-11-07 21:23:18.827216,2025-11-07 16:23:18.827254
"KHYR","Hayward Muni, WI, US",2025-11-07 20:53:00,"2025-11-07 14:53:00","MVFR",3.3,1.1,10,6,NA,NA,1004.5,"METAR KHYR 072053Z AUTO 01006KT 10SM BKN015 OVC021 03/01 A2966 RMK AO2 RAB22E32 SLP053 P0000 60000 T00330011 51022",2025-11-07 21:23:18.833067,2025-11-07 16:23:18.833104
"KHBG","Hattiesburg/Chain Muni, MS, US",2025-11-07 20:53:00,"2025-11-07 14:53:00","VFR",29.4,20,200,8,NA,NA,1008.9,"METAR KHBG 072053Z AUTO 20008KT 10SM FEW041 29/20 A2979 RMK AO2 SLP085 T02940200 56027 PWINO $",2025-11-07 21:23:18.839014,2025-11-07 16:23:18.839053
"KHHR","Hawthorne Muni, CA, US",2025-11-07 20:53:00,"2025-11-07 12:53:00","VFR",22.2,13.9,270,8,NA,NA,1012.3,"METAR KHHR 072053Z 27008KT 10SM CLR 22/14 A2989 RMK AO2 SLP121 T02220139 58028",2025-11-07 21:23:18.845144,2025-11-07 16:23:18.845198
"KHIB","Hibbing/Chisholm Arpt, MN, US",2025-11-07 20:53:00,"2025-11-07 14:53:00","MVFR",0,-2.8,350,10,NA,NA,1006.9,"METAR KHIB 072053Z AUTO 35010KT 10SM OVC017 00/M03 A2973 RMK AO2 SLP083 60000 T00001028 53025",2025-11-07 21:23:18.851157,2025-11-07 16:23:18.851211
"KHJO","Hanford Muni, CA, US",2025-11-07 20:53:00,"2025-11-07 20:53:00","VFR",21.1,12.2,NA,NA,NA,NA,1018.7,"METAR KHJO 072053Z AUTO 10SM CLR 21/12 A3008 RMK AO2 SLP188 T02110122 58029",2025-11-07 21:23:18.857267,2025-11-07 16:23:18.857308
"KHOU","Houston/Hobby Arpt, TX, US",2025-11-07 20:53:00,"2025-11-07 14:53:00","VFR",30.6,17.8,210,7,NA,NA,1007.2,"METAR KHOU 072053Z 21007KT 10SM CLR 31/18 A2974 RMK AO2 SLP076 T03060178 56028",2025-11-07 21:23:18.863335,2025-11-07 16:23:18.863373
"KHGR","Hagerstown Rgnl, MD, US",2025-11-07 20:53:00,"2025-11-07 15:53:00","VFR",16.7,5.6,170,17,23,NA,1005.5,"METAR KHGR 072053Z 17017G23KT 10SM CLR 17/06 A2969 RMK AO2 PK WND 16026/2016 SLP064 T01670056 56030 $",2025-11-07 21:23:18.869371,2025-11-07 16:23:18.869412
"KHLG","Wheeling/Ohio Cnty, WV, US",2025-11-07 20:53:00,"2025-11-07 15:53:00","MVFR",13.3,11.7,210,10,24,5,1002.5,"METAR KHLG 072053Z 21010G24KT 5SM -RA BR FEW019 BKN050 OVC070 13/12 A2960 RMK AO2 PK WND 21027/2008 RAB09 SLP027 P0009 60014 T01330117 56007",2025-11-07 21:23:18.875389,2025-11-07 16:23:18.875426
"KGZH","Evergreen/Middleton Fld, AL, US",2025-11-07 20:53:00,"2025-11-07 20:53:00","VFR",26.1,18.3,190,10,NA,NA,1010.2,"METAR KGZH 072053Z AUTO 19010KT 10SM FEW029 26/18 A2983 RMK AO2 RAB16E27 SLP099 P0000 60000 T02610183 56024",2025-11-07 21:23:18.881439,2025-11-07 16:23:18.881478
"KHAO","Hamilton/Butler Cnty, OH, US",2025-11-07 20:53:00,"2025-11-07 15:53:00","VFR",16.1,13.9,230,5,NA,8,1003.8,"METAR KHAO 072053Z AUTO 23005KT 8SM FEW017 FEW039 16/14 A2964 RMK AO2 RAE18 SLP037 P0001 60001 T01610139 56008",2025-11-07 21:23:18.887514,2025-11-07 16:23:18.887553
"KHLN","Helena Rgnl, MT, US",2025-11-07 20:53:00,"2025-11-07 13:53:00","VFR",8.9,-6.7,270,19,28,NA,1011.9,"METAR KHLN 072053Z 27019G28KT 10SM BKN070 09/M07 A2988 RMK AO2 PK WND 25039/2010 SLP143 T00891067 56007",2025-11-07 21:23:18.893548,2025-11-07 16:23:18.893588
"KHSV","Huntsville Intl, AL, US",2025-11-07 20:53:00,"2025-11-07 14:53:00","MVFR",20,16.1,230,7,NA,NA,1009.6,"METAR KHSV 072053Z 23007KT 10SM BKN024 20/16 A2981 RMK AO2 SLP090 60000 T02000161 56019",2025-11-07 21:23:18.899596,2025-11-07 16:23:18.899634
"KHUF","Terre Haute/Hulman Fld, IN, US",2025-11-07 20:53:00,"2025-11-07 15:53:00","VFR",20.6,5,310,10,18,NA,1004.1,"METAR KHUF 072053Z 31010G18KT 10SM CLR 21/05 A2965 RMK AO2 SLP039 T02060050 55000",2025-11-07 21:23:18.905639,2025-11-07 16:23:18.905678
"KHBR","Hobart Muni, OK, US",2025-11-07 20:53:00,"2025-11-07 14:53:00","VFR",25,0,50,13,NA,NA,1011.6,"METAR KHBR 072053Z AUTO 05013KT 10SM CLR 25/00 A2987 RMK AO2 SLP104 T02500000 56015",2025-11-07 21:23:18.911726,2025-11-07 16:23:18.911764
"KHRO","Harrison/Boone Cnty, AR, US",2025-11-07 20:53:00,"2025-11-07 14:53:00","VFR",23.3,7.2,320,9,NA,NA,1008.5,"METAR KHRO 072053Z AUTO 32009KT 10SM CLR 23/07 A2978 RMK AO2 SLP071 T02330072 56011",2025-11-07 21:23:18.92684,2025-11-07 16:23:18.926876
"KHKS","Jackson/Hawkins Fld, MS, US",2025-11-07 20:53:00,"2025-11-07 14:53:00","VFR",26.1,17.2,230,8,NA,NA,1008.5,"METAR KHKS 072053Z 23008KT 10SM CLR 26/17 A2978 RMK AO2 SLP077 T02610172 56025",2025-11-07 21:23:18.932509,2025-11-07 16:23:18.932544
"KHKY","Hickory Rgnl, NC, US",2025-11-07 20:53:00,"2025-11-07 15:53:00","VFR",17.8,11.1,200,10,17,NA,1011.3,"METAR KHKY 072053Z 20010G17KT 10SM CLR 18/11 A2986 RMK AO2 SLP100 T01780111 56027",2025-11-07 21:23:18.938252,2025-11-07 16:23:18.938289
"KHSI","Hastings Muni, NE, US",2025-11-07 20:53:00,"2025-11-07 14:53:00","VFR",18.3,-3.3,310,14,NA,NA,1009.9,"METAR KHSI 072053Z AUTO 31014KT 10SM CLR 18/M03 A2982 RMK AO2 PK WND 30026/2036 SLP095 T01831033 56018",2025-11-07 21:23:18.943894,2025-11-07 16:23:18.943929
"KHIO","Portland/Hillsboro Arpt, OR, US",2025-11-07 20:53:00,"2025-11-07 12:53:00","VFR",13.3,9.4,180,6,NA,NA,1023.5,"METAR KHIO 072053Z 18006KT 10SM SCT019 BKN070 BKN080 13/09 A3022 RMK AO2 SLP232 60000 T01330094 51002",2025-11-07 21:23:18.949595,2025-11-07 16:23:18.949632
"KHIE","Mt Washington Rgnl, NH, US",2025-11-07 20:52:00,"2025-11-07 15:52:00","VFR",5.6,-3.9,0,0,NA,NA,1005.5,"METAR KHIE 072052Z AUTO 00000KT 10SM BKN110 06/M04 A2969 RMK AO2 PRESFR SLP066 T00561039 58053",2025-11-07 21:23:18.955358,2025-11-07 16:23:18.955395
"KHRL","Harlingen/Valley Intl, TX, US",2025-11-07 20:52:00,"2025-11-07 14:52:00","VFR",32.8,15,160,10,NA,NA,1007.2,"METAR KHRL 072052Z 16010KT 10SM CLR 33/15 A2974 RMK AO2 SLP068 T03280150 56031",2025-11-07 21:23:18.961199,2025-11-07 16:23:18.961243
"KHUT","Hutchinson Muni, KS, US",2025-11-07 20:52:00,"2025-11-07 14:52:00","VFR",21.1,-3.3,330,11,NA,NA,1010.9,"METAR KHUT 072052Z 33011KT 10SM CLR 21/M03 A2985 RMK AO2 SLP097 T02111033 56020",2025-11-07 21:23:18.967086,2025-11-07 16:23:18.967121
"KHTS","Huntington/Ferguson Fld, WV, US",2025-11-07 20:51:00,"2025-11-07 15:51:00","VFR",15.6,12.8,210,5,NA,7,1005.2,"METAR KHTS 072051Z 21005KT 7SM -RA FEW050 SCT075 OVC090 16/13 A2968 RMK AO2 PK WND 27030/1953 LTG DSNT E TSE15 SLP052 P0024 60024 T01560128 55007",2025-11-07 21:23:18.972888,2025-11-07 16:23:18.972926
"KHSE","Hatteras/Mitchell Fld, NC, US",2025-11-07 20:51:00,"2025-11-07 15:51:00","VFR",21.1,16.1,160,13,23,NA,1013.6,"METAR KHSE 072051Z AUTO 16013G23KT 10SM FEW032 OVC050 21/16 A2993 RMK AO2 SLP134 T02110161 58027",2025-11-07 21:23:18.978754,2025-11-07 16:23:18.978791
"KHDO","Hondo Muni, TX, US",2025-11-07 20:51:00,"2025-11-07 20:51:00","VFR",31.1,12.2,250,7,NA,NA,1007.9,"METAR KHDO 072051Z AUTO 25007KT 10SM CLR 31/12 A2976 RMK AO2 SLP064 T03110122 56029",2025-11-07 21:23:18.984626,2025-11-07 16:23:18.984665
"KHXD","Hilton Head Arpt, SC, US",2025-11-07 20:50:00,"2025-11-07 15:50:00","VFR",22,16,160,4,NA,NA,1013.3,"METAR KHXD 072050Z 16004KT 10SM CLR 22/16 A2992",2025-11-07 21:23:18.990512,2025-11-07 16:23:18.990551
"KGYY","Gary Intl, IN, US",2025-11-07 20:50:00,"2025-11-07 14:50:00","VFR",18,7,250,11,16,NA,1001.4,"METAR KGYY 072050Z COR 25011G16KT 10SM FEW050 18/07 A2957",2025-11-07 21:23:18.996365,2025-11-07 16:23:18.996404
"KHOB","Hobbs Arpt, NM, US",2025-11-07 20:50:00,"2025-11-07 13:50:00","VFR",24,-7,360,6,NA,NA,1015.3,"METAR KHOB 072050Z 36006KT 10SM CLR 24/M07 A2998",2025-11-07 21:23:19.002224,2025-11-07 16:23:19.002262
"KGYI","Dennison/N Texas Rgnl, TX, US",2025-11-07 20:50:00,"2025-11-07 14:50:00","VFR",26,12,360,10,NA,NA,1009.2,"METAR KGYI 072050Z 36010KT 10SM CLR 26/12 A2980",2025-11-07 21:23:19.008077,2025-11-07 16:23:19.008113
"KHSA","Bay St Louis/Stennis Intl, MS, US",2025-11-07 20:47:00,"2025-11-07 20:47:00","VFR",27,22,180,12,NA,NA,1009.2,"METAR KHSA 072047Z 18012KT 10SM SCT015 27/22 A2980",2025-11-07 21:23:19.013952,2025-11-07 16:23:19.01399
"KGYR","Phoenix/Goodyear Muni, AZ, US",2025-11-07 20:47:00,"2025-11-07 13:47:00","VFR",28,4,100,3,NA,NA,1012.6,"METAR KGYR 072047Z 10003KT 10SM SKC 28/04 A2990",2025-11-07 21:23:19.019835,2025-11-07 16:23:19.019873
"KHUM","Houma/Terrebonne Arpt, LA, US",2025-11-07 20:47:00,"2025-11-07 14:47:00","VFR",28,19,250,11,NA,7,1009.6,"METAR KHUM 072047Z 25011KT 7SM CLR 28/19 A2981",2025-11-07 21:23:19.02568,2025-11-07 16:23:19.025714
"KGYH","Greenville/Donaldson Fld, SC, US",2025-11-07 20:47:00,"2025-11-07 15:47:00","VFR",20,12,210,11,NA,NA,1012.6,"METAR KGYH 072047Z 21011KT 10SM SCT031 20/12 A2990",2025-11-07 21:23:19.031634,2025-11-07 16:23:19.031672
"KGXY","Greeley/Weld Cnty Arpt, CO, US",2025-11-07 19:56:00,"2025-11-07 12:56:00",NA,15.6,-5,140,3,NA,NA,1012.6,"METAR KGXY 071956Z AUTO 14003KT 10SM 16/M05 A2990 RMK AO2 SLP115 T01561050 $",2025-11-07 21:23:19.046629,2025-11-07 16:23:19.046671
"KI69","Batavia/Clermont Cnty, OH, US",2025-11-07 21:16:00,"2025-11-07 21:16:00","IFR",15.2,15,240,7,NA,7,1004.1,"METAR KI69 072116Z AUTO 24007KT 7SM OVC007 15/15 A2965 RMK AO1 T01520150",2025-11-07 21:23:20.745105,2025-11-07 16:23:20.745142
"KI75","Osceola Muni, IA, US",2025-11-07 21:15:00,"2025-11-07 21:15:00","VFR",18.6,0.4,280,12,18,7,1006.2,"METAR KI75 072115Z AUTO 28012G18KT 7SM CLR 19/00 A2971 RMK AO2 T01860004",2025-11-07 21:23:20.751258,2025-11-07 16:23:20.751295
"KICL","Clarinda/Schenck Fld, IA, US",2025-11-07 21:15:00,"2025-11-07 15:15:00","VFR",19,1,300,13,18,NA,1007.9,"METAR KICL 072115Z AUTO 30013G18KT 10SM CLR 19/01 A2976 RMK AO2",2025-11-07 21:23:20.757279,2025-11-07 16:23:20.757319
"KIDP","Independence Muni, KS, US",2025-11-07 21:15:00,"2025-11-07 15:15:00","VFR",23,5,340,7,NA,NA,1009.6,"METAR KIDP 072115Z AUTO 34007KT 10SM CLR 23/05 A2981 RMK AO2",2025-11-07 21:23:20.763205,2025-11-07 16:23:20.763253
"KIPJ","Lincolnton/Lincoln Cnty, NC, US",2025-11-07 21:15:00,"2025-11-07 21:15:00","VFR",19.4,12.1,220,6,NA,NA,1011.6,"METAR KIPJ 072115Z AUTO 22006KT 10SM CLR 19/12 A2987 RMK AO2 T01940121",2025-11-07 21:23:20.76912,2025-11-07 16:23:20.769157
"KJAS","Jasper/Bell Fld, TX, US",2025-11-07 21:15:00,"2025-11-07 15:15:00","VFR",27,20,170,8,14,NA,1007.5,"METAR KJAS 072115Z AUTO 17008G14KT 10SM FEW038 27/20 A2975 RMK AO2",2025-11-07 21:23:20.775017,2025-11-07 16:23:20.775052
"KJES","Jesup/Wayne Cnty, GA, US",2025-11-07 21:15:00,"2025-11-07 21:15:00","VFR",27,15,0,0,NA,NA,1013.3,"METAR KJES 072115Z AUTO 00000KT 10SM CLR 27/15 A2992 RMK AO2",2025-11-07 21:23:20.780929,2025-11-07 16:23:20.780968
"KJSV","Sallisaw Muni, OK, US",2025-11-07 21:15:00,"2025-11-07 21:15:00","VFR",26,13,NA,5,11,9,1007.5,"METAR KJSV 072115Z AUTO VRB05G11KT 9SM CLR 26/13 A2975 RMK AO2",2025-11-07 21:23:20.786943,2025-11-07 16:23:20.78698
"KJYO","Leesburg Exec, VA, US",2025-11-07 21:15:00,"2025-11-07 21:15:00","VFR",17,7,200,12,17,NA,1007.5,"METAR KJYO 072115Z AUTO 20012G17KT 10SM CLR 17/07 A2975 RMK AO2",2025-11-07 21:23:20.792893,2025-11-07 16:23:20.792933
"KJXI","Gilmer/Stephens Fld, TX, US",2025-11-07 21:15:00,"2025-11-07 21:15:00","VFR",25.1,14,0,0,NA,NA,1007.9,"METAR KJXI 072115Z AUTO 00000KT 10SM CLR 25/14 A2976 RMK AO2 T02510140",2025-11-07 21:23:20.798815,2025-11-07 16:23:20.798853
"KJFZ","Tazewell Cnty, VA, US",2025-11-07 21:15:00,"2025-11-07 21:15:00","VFR",17.2,6.6,230,5,NA,NA,1009.6,"METAR KJFZ 072115Z AUTO 23005KT 10SM CLR 17/07 A2981 RMK AO2 T01720066",2025-11-07 21:23:20.804722,2025-11-07 16:23:20.804763
"KIER","Natchitoches Rgnl, LA, US",2025-11-07 21:15:00,"2025-11-07 21:15:00","VFR",27.3,17.2,230,4,NA,NA,1008.2,"METAR KIER 072115Z AUTO 23004KT 10SM SCT040 BKN048 27/17 A2977 RMK AO2 T02730172",2025-11-07 21:23:20.810664,2025-11-07 16:23:20.810705
"KIZA","Santa Ynez Arpt, CA, US",2025-11-07 21:15:00,"2025-11-07 13:15:00","VFR",29,9,260,14,NA,NA,1013,"METAR KIZA 072115Z AUTO 26014KT 10SM CLR 29/09 A2991 RMK AO2",2025-11-07 21:23:20.816611,2025-11-07 16:23:20.816648
"KIOB","Mount Sterling/Montgomery Cnty, KY, US",2025-11-07 21:15:00,"2025-11-07 21:15:00","MVFR",16,15,250,11,18,7,1006.2,"METAR KIOB 072115Z AUTO 25011G18KT 7SM SCT012 BKN029 OVC039 16/15 A2971 RMK AO2 P0003 PWINO",2025-11-07 21:23:20.83216,2025-11-07 16:23:20.832211
"KIKV","Ankeny Rgnl, IA, US",2025-11-07 21:15:00,"2025-11-07 21:15:00","VFR",17,2,310,18,26,NA,1005.8,"METAR KIKV 072115Z AUTO 31018G26KT 10SM CLR 17/02 A2970 RMK AO2",2025-11-07 21:23:20.838018,2025-11-07 16:23:20.838053
"KIIY","Washington/Wilkes Cnty, GA, US",2025-11-07 21:15:00,"2025-11-07 21:15:00","VFR",21.6,14.4,260,4,NA,NA,1013,"METAR KIIY 072115Z AUTO 26004KT 10SM BKN050 BKN065 OVC090 22/14 A2991 RMK AO2 T02160144",2025-11-07 21:23:20.843839,2025-11-07 16:23:20.843875
"KJSO","Jacksonvil0e/Cherokee Cnty, TX, US",2025-11-07 21:15:00,"2025-11-07 15:15:00","VFR",26.6,18,NA,5,NA,NA,1006.9,"METAR KJSO 072115Z AUTO VRB05KT 10SM CLR 27/18 A2973 RMK AO2 T02660180 $",2025-11-07 21:23:20.849582,2025-11-07 16:23:20.849618
"KIKG","Kingsville/Kleberg Cnty, TX, US",2025-11-07 21:15:00,"2025-11-07 21:15:00","VFR",34.3,10,160,4,NA,NA,1006.9,"METAR KIKG 072115Z AUTO 16004KT 10SM CLR 34/10 A2973 RMK AO2 T03430100",2025-11-07 21:23:20.855289,2025-11-07 16:23:20.855325
"KIXA","Halifax/Northampton Rgnl, NC, US",2025-11-07 21:15:00,"2025-11-07 21:15:00","VFR",18,15,190,4,NA,NA,1011.9,"METAR KIXA 072115Z AUTO 19004KT 10SM BKN040 18/15 A2988 RMK AO2",2025-11-07 21:23:20.86111,2025-11-07 16:23:20.861146
"KJZI","Charleston Exec, SC, US",2025-11-07 21:15:00,"2025-11-07 21:15:00","VFR",22,17,160,4,NA,NA,1013,"METAR KJZI 072115Z AUTO 16004KT 10SM FEW044 22/17 A2991 RMK AO2",2025-11-07 21:23:20.867028,2025-11-07 16:23:20.867067
"KIJX","Jacksonville Muni, IL, US",2025-11-07 21:15:00,"2025-11-07 21:15:00","VFR",20.2,0.7,280,14,23,NA,1004.8,"METAR KIJX 072115Z AUTO 28014G23KT 10SM SCT090 BKN110 20/01 A2967 RMK AO2 T02020007",2025-11-07 21:23:20.872972,2025-11-07 16:23:20.873009
"KJYR","York Muni, NE, US",2025-11-07 21:15:00,"2025-11-07 21:15:00","VFR",18,-2,320,15,NA,NA,1008.9,"METAR KJYR 072115Z AUTO 32015KT 10SM CLR 18/M02 A2979 RMK AO2",2025-11-07 21:23:20.878909,2025-11-07 16:23:20.878945
"KISQ","Manistique/Schoolcraft Cnty, MI, US",2025-11-07 21:15:00,"2025-11-07 16:15:00","MVFR",4.6,2.2,320,13,24,NA,998.1,"METAR KISQ 072115Z AUTO 32013G24KT 10SM BKN015 OVC021 05/02 A2947 RMK AO2 T00460022",2025-11-07 21:23:20.884835,2025-11-07 16:23:20.884872
"KHZE","Hazen/Mercer Cnty, ND, US",2025-11-07 21:15:00,"2025-11-07 21:15:00","MVFR",1,-3,110,4,NA,NA,1011.6,"METAR KHZE 072115Z AUTO 11004KT 10SM OVC015 01/M03 A2987 RMK AO2",2025-11-07 21:23:20.890851,2025-11-07 16:23:20.890889
"KI40","Coshocton/Downing Arpt, OH, US",2025-11-07 21:15:00,"2025-11-07 21:15:00","IFR",12,12,210,5,NA,3,1002.8,"METAR KI40 072115Z AUTO 21005KT 3SM RA OVC006 12/12 A2961 RMK AO2",2025-11-07 21:23:20.896739,2025-11-07 16:23:20.896774
"KI68","Lebanon/Warren Cnty, OH, US",2025-11-07 21:15:00,"2025-11-07 21:15:00","IFR",15,15,250,9,NA,8,1003.1,"METAR KI68 072115Z AUTO 25009KT 8SM BKN008 BKN012 BKN026 15/15 A2962 RMK AO2",2025-11-07 21:23:20.902532,2025-11-07 16:23:20.902569
"KINF","Inverness Arpt, FL, US",2025-11-07 21:15:00,"2025-11-07 21:15:00","VFR",26,20,0,0,NA,7,1012.6,"METAR KINF 072115Z AUTO 00000KT 7SM BKN048 26/20 A2990 RMK AO2",2025-11-07 21:23:20.908391,2025-11-07 16:23:20.908431
"KJDD","Mineola/Wood Cnty, TX, US",2025-11-07 21:15:00,"2025-11-07 21:15:00","VFR",25.7,15.7,300,3,NA,9,1007.5,"METAR KJDD 072115Z AUTO 30003KT 9SM FEW050 26/16 A2975 RMK AO2 T02570157 $",2025-11-07 21:23:20.914235,2025-11-07 16:23:20.914274
"KHZL","Hazleton Muni, PA, US",2025-11-07 21:15:00,"2025-11-07 16:15:00","VFR",11,1,160,9,20,NA,1006.2,"METAR KHZL 072115Z AUTO 16009G20KT 130V210 10SM SCT065 SCT120 11/01 A2971 RMK AO2",2025-11-07 21:23:20.920099,2025-11-07 16:23:20.920137
"KI23","Washington Court House/Fayette Cnty, OH, US",2025-11-07 21:15:00,"2025-11-07 21:15:00","IFR",14,13,240,10,NA,4,1003.1,"METAR KI23 072115Z AUTO 24010KT 4SM OVC007 14/13 A2962 RMK AO1",2025-11-07 21:23:20.925918,2025-11-07 16:23:20.925953
"KI63","Mt Sterling Muni, IL, US",2025-11-07 21:15:00,"2025-11-07 21:15:00","VFR",20,0.9,270,10,21,NA,1005.2,"METAR KI63 072115Z AUTO 27010G21KT 10SM SCT110 20/01 A2968 RMK AO2 T02000009",2025-11-07 21:23:20.931884,2025-11-07 16:23:20.931923
"KIBM","Kimball Muni, NE, US",2025-11-07 21:15:00,"2025-11-07 21:15:00","VFR",13,-6.2,220,10,NA,NA,1012.3,"METAR KIBM 072115Z AUTO 22010KT 10SM CLR 13/M06 A2989 RMK AO2 T01301062",2025-11-07 21:23:20.937805,2025-11-07 16:23:20.937842
"KIIB","Independence Muni, IA, US",2025-11-07 21:15:00,"2025-11-07 21:15:00","VFR",13.6,4.4,320,15,22,NA,1004.1,"METAR KIIB 072115Z AUTO 32015G22KT 10SM BKN060 BKN070 OVC095 14/04 A2965 RMK AO2 T01360044",2025-11-07 21:23:20.952889,2025-11-07 16:23:20.952924
"KJOT","Joliet Rgnl, IL, US",2025-11-07 21:15:00,"2025-11-07 15:15:00","VFR",18.6,6.3,260,8,NA,NA,1001.8,"METAR KJOT 072115Z AUTO 26008KT 10SM CLR 19/06 A2958 RMK AO2 T01860063",2025-11-07 21:23:20.958594,2025-11-07 16:23:20.958629
"KJWG","Watonga Rgnl, OK, US",2025-11-07 21:15:00,"2025-11-07 21:15:00","VFR",22.8,0.6,340,8,NA,NA,1012.3,"METAR KJWG 072115Z AUTO 34008KT 10SM CLR 23/01 A2989 RMK AO2 T02280006",2025-11-07 21:23:20.964339,2025-11-07 16:23:20.964375
"KI74","Urbana/Grimes Fld, OH, US",2025-11-07 21:15:00,"2025-11-07 21:15:00","MVFR",13,12,240,6,NA,NA,1002.5,"METAR KI74 072115Z AUTO 24006KT 10SM BKN010 OVC013 13/12 A2960 RMK AO2",2025-11-07 21:23:20.970026,2025-11-07 16:23:20.97006
"KINJ","Hillsboro Muni, TX, US",2025-11-07 21:15:00,"2025-11-07 21:15:00","VFR",27.1,11.1,340,6,NA,NA,1007.9,"METAR KINJ 072115Z AUTO 34006KT 10SM CLR 27/11 A2976 RMK AO2 T02710111",2025-11-07 21:23:20.975767,2025-11-07 16:23:20.975802
"KIGQ","Chicago/Lansing Muni, IL, US",2025-11-07 21:15:00,"2025-11-07 21:15:00","VFR",16.6,2.2,270,9,15,NA,1001.8,"METAR KIGQ 072115Z AUTO 27009G15KT 10SM CLR 17/02 A2958 RMK AO2 T01660022",2025-11-07 21:23:20.981556,2025-11-07 16:23:20.981596
"KI16","Pineville/Kee Fld, WV, US",2025-11-07 21:15:00,"2025-11-07 21:15:00","VFR",21.2,7.3,NA,NA,NA,NA,1008.5,"METAR KI16 072115Z AUTO 10SM SCT075 21/07 A2978 RMK AO2 T02120073",2025-11-07 21:23:20.987381,2025-11-07 16:23:20.98742
"KJWY","Midlothian/Mid-Way Rgnl, TX, US",2025-11-07 21:15:00,"2025-11-07 21:15:00","VFR",26,13.8,30,6,NA,8,1008.5,"METAR KJWY 072115Z AUTO 03006KT 8SM CLR 26/14 A2978 RMK AO2 T02600138 $",2025-11-07 21:23:20.993237,2025-11-07 16:23:20.993273
"KJYG","St James Muni, MN, US",2025-11-07 21:15:00,"2025-11-07 21:15:00","MVFR",5,2,320,14,21,NA,1007.5,"METAR KJYG 072115Z AUTO 32014G21KT 10SM OVC015 05/02 A2975 RMK AO2",2025-11-07 21:23:20.999143,2025-11-07 16:23:20.999196
"KHZX","McGregor/Iverson Arpt, MN, US",2025-11-07 21:15:00,"2025-11-07 21:15:00","MVFR",3,-1,330,12,15,NA,1006.9,"METAR KHZX 072115Z AUTO 33012G15KT 10SM BKN028 OVC039 03/M01 A2973 RMK AO2",2025-11-07 21:23:21.005006,2025-11-07 16:23:21.005044
"KIRS","Sturgis/Kirsh Muni, MI, US",2025-11-07 21:15:00,"2025-11-07 16:15:00","VFR",14,6,280,10,17,NA,1000.8,"METAR KIRS 072115Z AUTO 28010G17KT 10SM CLR 14/06 A2955 RMK AO2",2025-11-07 21:23:21.010917,2025-11-07 16:23:21.010955
"KI67","Harrison/West Arpt, OH, US",2025-11-07 21:15:00,"2025-11-07 21:15:00","MVFR",17,14,240,4,NA,NA,1003.8,"METAR KI67 072115Z AUTO 24004KT 10SM BKN016 17/14 A2964 RMK AO1",2025-11-07 21:23:21.016876,2025-11-07 16:23:21.016913
"KIDI","Indiana/Stewart Arpt, PA, US",2025-11-07 21:15:00,"2025-11-07 16:15:00","IFR",13,11,230,7,NA,2.5,1002.8,"METAR KIDI 072115Z AUTO 23007KT 2 1/2SM BR FEW006 BKN043 OVC050 13/11 A2961 RMK A01",2025-11-07 21:23:21.022688,2025-11-07 16:23:21.022725
"KI35","Harlan/Guthrie Mem, KY, US",2025-11-07 21:15:00,"2025-11-07 21:15:00","VFR",20.8,11.5,140,5,NA,NA,1007.9,"METAR KI35 072115Z AUTO 14005KT 10SM OVC048 21/12 A2976 RMK AO2 T02080115",2025-11-07 21:23:21.028558,2025-11-07 16:23:21.028595
"KIMS","Madison Muni, IN, US",2025-11-07 21:15:00,"2025-11-07 16:15:00","VFR",18,15,230,7,NA,NA,1004.8,"METAR KIMS 072115Z AUTO 23007KT 10SM SCT021 BKN050 18/15 A2967 RMK AO2",2025-11-07 21:23:21.034438,2025-11-07 16:23:21.034474
"KJKJ","Moorhead Muni, MN, US",2025-11-07 21:15:00,"2025-11-07 21:15:00",NA,-1,-4,330,12,NA,NA,1012.3,"METAR KJKJ 072115Z AUTO 33012KT 10SM M01/M04 A2989 RMK AO2",2025-11-07 21:23:21.040355,2025-11-07 16:23:21.040394
"KJMR","Mora Muni, MN, US",2025-11-07 21:15:00,"2025-11-07 21:15:00","MVFR",5,-1,350,5,NA,NA,1007.9,"METAR KJMR 072115Z AUTO 35005KT 10SM OVC029 05/M01 A2976 RMK AO2",2025-11-07 21:23:21.046252,2025-11-07 16:23:21.046289
"KJYL","Sylvania/Plantation Arpk, GA, US",2025-11-07 21:15:00,"2025-11-07 21:15:00",NA,25.2,11.9,270,6,NA,NA,1012.6,"METAR KJYL 072115Z AUTO 27006KT 10SM 25/12 A2990 RMK AO2 T02520119",2025-11-07 21:23:21.052207,2025-11-07 16:23:21.052247
"KJGG","Williamsburg-Jamestown Arpt, VA, US",2025-11-07 21:15:00,"2025-11-07 21:15:00","VFR",NA,NA,190,8,NA,NA,1011.3,"METAR KJGG 072115Z AUTO 19008KT 10SM FEW049 A2986 RMK AO2 $",2025-11-07 21:23:21.05814,2025-11-07 16:23:21.058194
"KJFX","Jasper/Walker Cnty, AL, US",2025-11-07 21:15:00,"2025-11-07 21:15:00","MVFR",NA,NA,NA,4,NA,NA,1009.9,"METAR KJFX 072115Z AUTO VRB04KT 10SM BKN030 BKN037 OVC055 A2982 RMK AO2 LTG DSNT E",2025-11-07 21:23:21.073261,2025-11-07 16:23:21.073298
"KI95","Kenton/Hardin Cnty, OH, US",2025-11-07 21:10:00,"2025-11-07 21:10:00","VFR",15,13,240,13,18,NA,1000.4,"METAR KI95 072110Z AUTO 24013G18KT 10SM FEW018 SCT027 SCT034 15/13 A2954 RMK A01",2025-11-07 21:23:21.078956,2025-11-07 16:23:21.078992
"KJKL","Jackson/Carroll Arpt, KY, US",2025-11-07 21:09:00,"2025-11-07 21:09:00","LIFR",13.9,12.2,250,7,24,0.5,1007.5,"SPECI KJKL 072109Z AUTO 25007G24KT 220V280 1/2SM RA FG SCT033 BKN045 OVC070 14/12 A2975 RMK AO2 PK WND 29026/2055 LTG DSNT NE AND W P0019 T01390122",2025-11-07 21:23:21.084706,2025-11-07 16:23:21.08474
"KJMS","Jamestown Rgnl, ND, US",2025-11-07 21:06:00,"2025-11-07 15:06:00","MVFR",-1.1,-5,350,8,NA,NA,1011.9,"SPECI KJMS 072106Z AUTO 35008KT 10SM OVC015 M01/M05 A2988 RMK AO2 T10111050",2025-11-07 21:23:21.090425,2025-11-07 16:23:21.090461
"KJBR","Jonesboro Muni, AR, US",2025-11-07 21:04:00,"2025-11-07 15:04:00","VFR",23.3,16.1,220,7,NA,NA,1006.9,"SPECI KJBR 072104Z AUTO 22007KT 10SM SCT028 23/16 A2973 RMK AO2 T02330161 $",2025-11-07 21:23:21.096119,2025-11-07 16:23:21.096159
"KJYM","Hillsdale Muni, MI, US",2025-11-07 21:02:00,"2025-11-07 21:02:00","VFR",15,7,280,15,23,NA,999.4,"METAR KJYM 072102Z 28015G23KT 10SM CLR 15/07 A2951 RMK AO2",2025-11-07 21:23:21.101935,2025-11-07 16:23:21.101972
"KINW","Winslow/Lindberg Rgnl, AZ, US",2025-11-07 20:56:00,"2025-11-07 13:56:00","VFR",20,-2.2,10,6,NA,NA,1018.4,"METAR KINW 072056Z AUTO 01006KT 10SM CLR 20/M02 A3007 RMK AO2 SLP144 T02001022 58028",2025-11-07 21:23:21.107805,2025-11-07 16:23:21.107845
"KJAC","Jackson Hole Arpt, WY, US",2025-11-07 20:56:00,"2025-11-07 13:56:00","VFR",4.4,-0.6,220,12,17,NA,1014.6,"METAR KJAC 072056Z 22012G17KT 10SM -RA BKN044 OVC055 04/M01 A2996 RMK AO2 SLP163 P0000 60000 T00441006 56020",2025-11-07 21:23:21.113707,2025-11-07 16:23:21.113744
"KISO","Kinston Rgnl, NC, US",2025-11-07 20:56:00,"2025-11-07 15:56:00","VFR",21,16,160,6,NA,NA,1013,"METAR KISO 072056Z 16006KT 10SM SCT020 SCT031 21/16 A2991",2025-11-07 21:23:21.119637,2025-11-07 16:23:21.119675
"KJAX","Jacksonville Intl, FL, US",2025-11-07 20:56:00,"2025-11-07 15:56:00","VFR",25.6,16.1,70,7,NA,NA,1012.3,"METAR KJAX 072056Z 07007KT 10SM SCT048 26/16 A2989 RMK AO2 SLP121 T02560161 56020 $",2025-11-07 21:23:21.125538,2025-11-07 16:23:21.125579
"KISP","Islip/Macarthur Arpt, NY, US",2025-11-07 20:56:00,"2025-11-07 15:56:00","VFR",14.4,7.2,190,16,25,NA,1010.2,"METAR KISP 072056Z 19016G25KT 10SM SCT031 SCT200 OVC250 14/07 A2983 RMK AO2 PK WND 19028/2008 SLP103 T01440072 56037",2025-11-07 21:23:21.131482,2025-11-07 16:23:21.131526
"KJXN","Jackson Cnty, MI, US",2025-11-07 20:56:00,"2025-11-07 15:56:00","VFR",13.9,6.7,250,12,25,NA,999.1,"METAR KJXN 072056Z 25012G25KT 10SM SCT033 14/07 A2950 RMK AO2 PK WND 26029/2022 SLP992 T01390067 53011",2025-11-07 21:23:21.137548,2025-11-07 16:23:21.137585
"KILE","Killeen/Skylark Fld, TX, US",2025-11-07 20:56:00,"2025-11-07 14:56:00","VFR",29.4,9.4,340,9,NA,9,1007.9,"METAR KILE 072056Z AUTO 34009KT 9SM CLR 29/09 A2976 RMK AO2 SLP067 T02940094 56014",2025-11-07 21:23:21.143374,2025-11-07 16:23:21.14341
"KISM","Kissimmee Muni, FL, US",2025-11-07 20:56:00,"2025-11-07 15:56:00","VFR",27.8,17.8,140,5,NA,NA,1013,"METAR KISM 072056Z 14005KT 10SM CLR 28/18 A2991 RMK AO2 SLP126 T02780178 56019 $",2025-11-07 21:23:21.14933,2025-11-07 16:23:21.14937
"KITH","Ithaca/Tompkins Rgnl, NY, US",2025-11-07 20:56:00,"2025-11-07 15:56:00","VFR",10.6,3.9,180,16,25,7,1001.4,"METAR KITH 072056Z 18016G25KT 7SM -RA SCT055 OVC070 11/04 A2957 RMK AO2 PK WND 18028/1958 RAB15 SLP018 P0000 60000 T01060039 55017",2025-11-07 21:23:21.1552,2025-11-07 16:23:21.15524
"KIWD","Ironwood/Iron Cnty, MI, US",2025-11-07 20:56:00,"2025-11-07 14:56:00","IFR",0,0,10,5,NA,1,1004.5,"METAR KIWD 072056Z AUTO 01005KT 1SM -SN BR BKN008 OVC016 00/00 A2966 RMK AO2 CIG 005V012 SLP055 P0002 60006 T00000000 53033 FZRANO RVRNO",2025-11-07 21:23:21.161025,2025-11-07 16:23:21.161064
"KJHW","Jamestown/Chautauqua Cnty, NY, US",2025-11-07 20:56:00,"2025-11-07 15:56:00","IFR",10,10,210,13,19,NA,999.7,"METAR KJHW 072056Z AUTO 21013G19KT 10SM OVC009 10/10 A2952 RMK AO2 SLP009 60010 T01000100 58006",2025-11-07 21:23:21.166918,2025-11-07 16:23:21.166956
"KJQF","Concord Rgnl, NC, US",2025-11-07 20:55:00,"2025-11-07 15:55:00","VFR",21,12,220,8,NA,NA,1013,"METAR KJQF 072055Z 22008KT 10SM CLR 21/12 A2991",2025-11-07 21:23:21.172873,2025-11-07 16:23:21.17291
"KIAB","McConnell AFB, KS, US",2025-11-07 20:55:00,"2025-11-07 14:55:00","VFR",21.3,1.5,340,8,NA,NA,1010.6,"METAR KIAB 072055Z AUTO 34008KT 10SM CLR 21/02 A2984 RMK AO2 SLP102 T02130015 56013",2025-11-07 21:23:21.178839,2025-11-07 16:23:21.178877
"KHZD","Huntingdon/Carroll Cnty, TN, US",2025-11-07 20:55:00,"2025-11-07 20:55:00","MVFR",20,18,260,9,19,NA,1006.2,"METAR KHZD 072055Z AUTO 26009G19KT 230V290 10SM BKN017 OVC022 20/18 A2971 RMK A01",2025-11-07 21:23:21.194017,2025-11-07 16:23:21.194052
"KJVY","Jeffersonville/Clark Rgnl, IN, US",2025-11-07 20:55:00,"2025-11-07 20:55:00","MVFR",19,17,200,8,NA,NA,1003.8,"METAR KJVY 072055Z AUTO 20008KT 10SM BKN020 BKN026 OVC055 19/17 A2964 RMK AO2",2025-11-07 21:23:21.199739,2025-11-07 16:23:21.199774
"KIRK","Kirksville Rgnl, MO, US",2025-11-07 20:55:00,"2025-11-07 14:55:00","VFR",18.9,2.2,290,12,20,NA,1006.5,"METAR KIRK 072055Z AUTO 29012G20KT 10SM CLR 19/02 A2972 RMK AO2 SLP063 T01890022 55004",2025-11-07 21:23:21.205518,2025-11-07 16:23:21.205555
"KIMM","Immokalee Rgnl, FL, US",2025-11-07 20:55:00,"2025-11-07 15:55:00","VFR",28,22,310,3,NA,NA,1011.9,"METAR KIMM 072055Z AUTO 31003KT 10SM SCT060 OVC070 28/22 A2988 RMK AO2",2025-11-07 21:23:21.211233,2025-11-07 16:23:21.21127
"KI93","Hardinsburg/Breckinridge Cnty, KY, US",2025-11-07 20:55:00,"2025-11-07 20:55:00","VFR",18,17,220,6,NA,8,1004.8,"METAR KI93 072055Z AUTO 22006KT 8SM FEW015 BKN040 OVC048 18/17 A2967 RMK AO2 LTG DSNT ALQDS",2025-11-07 21:23:21.216882,2025-11-07 16:23:21.216918
"KINS","Indian Springs/Creech AFB, NV, US",2025-11-07 20:55:00,"2025-11-07 12:55:00","VFR",24.7,-4.6,0,0,NA,NA,1016,"METAR KINS 072055Z AUTO 00000KT 10SM CLR 25/M05 A3000 RMK AO2 SLP127 T02471046 $",2025-11-07 21:23:21.22278,2025-11-07 16:23:21.222819
"KILN","Wilmington Arpt, OH, US",2025-11-07 20:54:00,"2025-11-07 15:54:00","IFR",14.4,13.3,250,14,22,3,1003.5,"METAR KILN 072054Z AUTO 25014G22KT 3SM -RA BR OVC006 14/13 A2963 RMK AO2 RAB28 CIG 004V011 SLP042 P0001 60003 T01440133 55002",2025-11-07 21:23:21.228593,2025-11-07 16:23:21.228628
"KIND","Indianapolis Intl, IN, US",2025-11-07 20:54:00,"2025-11-07 15:54:00","VFR",19.4,3.9,290,17,23,NA,1003.5,"METAR KIND 072054Z 29017G23KT 10SM FEW045 FEW200 19/04 A2963 RMK AO2 PK WND 29026/2025 SLP030 T01940039 55001",2025-11-07 21:23:21.234508,2025-11-07 16:23:21.234546
"KJAN","Jackson/Evers Intl, MS, US",2025-11-07 20:54:00,"2025-11-07 14:54:00","VFR",27.2,17.8,220,9,NA,NA,1008.5,"METAR KJAN 072054Z 22009KT 10SM FEW041 27/18 A2978 RMK AO2 SLP079 T02720178 56027",2025-11-07 21:23:21.24043,2025-11-07 16:23:21.24047
"KIMT","Iron Mountain/Ford Arpt, MI, US",2025-11-07 20:54:00,"2025-11-07 14:54:00","VFR",4.4,0.6,330,15,20,NA,1000.4,"METAR KIMT 072054Z AUTO 33015G20KT 10SM FEW025 BKN065 OVC100 04/01 A2954 RMK AO2 SLP013 6//// T00440006 53034",2025-11-07 21:23:21.246434,2025-11-07 16:23:21.24647
"KINL","International Falls/Einarson Fld, MN, US",2025-11-07 20:54:00,"2025-11-07 14:54:00","MVFR",-2.2,-7.2,340,7,NA,NA,1008.5,"METAR KINL 072054Z AUTO 34007KT 10SM OVC027 M02/M07 A2978 RMK AO2 SLP102 T10221072 51016",2025-11-07 21:23:21.25234,2025-11-07 16:23:21.25238
"KIPT","Williamsport Rgnl, PA, US",2025-11-07 20:54:00,"2025-11-07 15:54:00","VFR",13.3,2.2,170,13,26,NA,1004.1,"METAR KIPT 072054Z 17013G26KT 10SM BKN070 OVC090 13/02 A2965 RMK AO2 PK WND 15034/2005 SLP044 60000 T01330022 56024",2025-11-07 21:23:21.258312,2025-11-07 16:23:21.25835
"KIZG","Fryeburg/Eastern Slopes Rgnl, ME, US",2025-11-07 20:54:00,"2025-11-07 15:54:00","VFR",6.7,-2.2,160,4,NA,NA,1009.9,"METAR KIZG 072054Z AUTO 16004KT 10SM CLR 07/M02 A2982 RMK AO2 SLP104 T00671022 56035",2025-11-07 21:23:21.264157,2025-11-07 16:23:21.264211
"KISW","Wisconsin Rapids/S Wood Cnty, WI, US",2025-11-07 20:54:00,"2025-11-07 14:54:00","VFR",7.8,2.2,300,10,NA,NA,1001.8,"METAR KISW 072054Z AUTO 30010KT 10SM -RA FEW034 OVC048 08/02 A2958 RMK AO2 RAB34 SLP024 P0000 60000 T00780022 53021",2025-11-07 21:23:21.270047,2025-11-07 16:23:21.270084
"KJST","Johnstown/Murtha Arpt, PA, US",2025-11-07 20:54:00,"2025-11-07 15:54:00","VFR",13.9,8.3,220,11,25,NA,1003.1,"METAR KJST 072054Z AUTO 22011G25KT 10SM -RA BKN070 BKN085 OVC110 14/08 A2962 RMK AO2 PK WND 22026/2036 RAB1955 SLP037 P0001 60001 T01390083 56020",2025-11-07 21:23:21.275953,2025-11-07 16:23:21.275989
"KINT","Winston-Salem/Reynolds Arpt, NC, US",2025-11-07 20:54:00,"2025-11-07 15:54:00","VFR",18.9,10.6,NA,4,NA,NA,1011.6,"METAR KINT 072054Z VRB04KT 10SM CLR 19/11 A2987 RMK AO2 SLP112 T01890106 56032",2025-11-07 21:23:21.28188,2025-11-07 16:23:21.281918
"KIPL","Imperial Cnty Arpt, CA, US",2025-11-07 20:53:00,"2025-11-07 12:53:00","VFR",30.6,4.4,0,0,NA,NA,1010.6,"METAR KIPL 072053Z AUTO 00000KT 10SM CLR 31/04 A2984 RMK AO2 SLP106 T03060044 58030",2025-11-07 21:23:21.28775,2025-11-07 16:23:21.287789
"KICT","Wichita/Eisenhower Arpt, KS, US",2025-11-07 20:53:00,"2025-11-07 14:53:00","VFR",21.1,1.7,330,13,19,NA,1011.3,"METAR KICT 072053Z 33013G19KT 10SM FEW250 21/02 A2986 RMK AO2 SLP106 T02110017 56013",2025-11-07 21:23:21.293696,2025-11-07 16:23:21.293734
"KJEF","Jefferson City Mem, MO, US",2025-11-07 20:53:00,"2025-11-07 14:53:00","VFR",21.7,3.9,270,16,21,NA,1006.9,"METAR KJEF 072053Z 27016G21KT 10SM CLR 22/04 A2973 RMK AO2 SLP055 T02170039 56012",2025-11-07 21:23:21.299625,2025-11-07 16:23:21.299664
"KIWI","Wiscasset Arpt, ME, US",2025-11-07 20:53:00,"2025-11-07 15:53:00","VFR",7.2,-2.2,190,3,NA,NA,1012.6,"METAR KIWI 072053Z AUTO 19003KT 10SM CLR 07/M02 A2990 RMK AO2 SLP124 T00721022 56027",2025-11-07 21:23:21.314794,2025-11-07 16:23:21.314829
"KITR","Burlington/Kit Carson Cnty, CO, US",2025-11-07 20:53:00,"2025-11-07 20:53:00","VFR",16.7,-6.7,220,6,NA,NA,1013,"METAR KITR 072053Z AUTO 22006KT 10SM CLR 17/M07 A2991 RMK AO2 SLP104 T01671067 58027",2025-11-07 21:23:21.320523,2025-11-07 16:23:21.320559
"KIDA","Idaho Falls Rgnl, ID, US",2025-11-07 20:53:00,"2025-11-07 13:53:00","VFR",11.7,0,240,22,35,NA,1015.3,"METAR KIDA 072053Z 24022G35KT 10SM CLR 12/00 A2998 RMK AO2 PK WND 24038/2004 SLP144 T01170000 56012 $",2025-11-07 21:23:21.326311,2025-11-07 16:23:21.326347
"KHZY","Ashtabula/NE Ohio Rgnl, OH, US",2025-11-07 20:53:00,"2025-11-07 15:53:00","MVFR",11.7,9.4,220,10,20,NA,999.4,"METAR KHZY 072053Z AUTO 22010G20KT 10SM OVC013 12/09 A2951 RMK AO2 SLP993 60002 T01170094 56015",2025-11-07 21:23:21.331996,2025-11-07 16:23:21.332031
"KJLN","Joplin Rgnl, MO, US",2025-11-07 20:53:00,"2025-11-07 14:53:00","VFR",21.7,3.3,360,5,NA,NA,1008.9,"METAR KJLN 072053Z 36005KT 10SM CLR 22/03 A2979 RMK AO2 SLP082 T02170033 56015",2025-11-07 21:23:21.337734,2025-11-07 16:23:21.337771
"KIAH","Houston/Bush Intl, TX, US",2025-11-07 20:53:00,"2025-11-07 14:53:00","VFR",30,17.2,200,5,NA,NA,1007.2,"METAR KIAH 072053Z 20005KT 10SM CLR 30/17 A2974 RMK AO2 SLP070 T03000172 56030",2025-11-07 21:23:21.343566,2025-11-07 16:23:21.343604
"KIXD","Olathe/New Century Arpt, KS, US",2025-11-07 20:53:00,"2025-11-07 14:53:00","VFR",21.1,2.2,290,13,20,NA,1008.5,"METAR KIXD 072053Z 29013G20KT 10SM CLR 21/02 A2978 RMK AO2 SLP078 T02110022 56023 $",2025-11-07 21:23:21.349595,2025-11-07 16:23:21.349635
"KIAG","Niagara Falls Intl, NY, US",2025-11-07 20:53:00,"2025-11-07 15:53:00","MVFR",11.1,9.4,220,16,30,NA,997,"METAR KIAG 072053Z 22016G30KT 10SM OVC014 11/09 A2944 RMK AO2 PK WND 23035/2015 SLP976 60000 T01110094 56005",2025-11-07 21:23:21.355519,2025-11-07 16:23:21.355555
"KIML","Imperial Muni, NE, US",2025-11-07 20:53:00,"2025-11-07 13:53:00","VFR",18.3,-6.7,270,12,20,NA,1010.6,"METAR KIML 072053Z AUTO 27012G20KT 10SM CLR 18/M07 A2984 RMK AO2 SLP098 T01831067 56030",2025-11-07 21:23:21.361435,2025-11-07 16:23:21.361474
"KJER","Jerome Cnty Arpt, ID, US",2025-11-07 20:53:00,"2025-11-07 20:53:00","VFR",10,3.3,270,19,28,NA,1019.7,"METAR KJER 072053Z AUTO 27019G28KT 10SM SCT050 BKN070 OVC085 10/03 A3011 RMK AO2 PK WND 28036/2015 SLP194 T01000033 51008",2025-11-07 21:23:21.367366,2025-11-07 16:23:21.367408
"KILM","Wilmington Intl, NC, US",2025-11-07 20:53:00,"2025-11-07 15:53:00","VFR",23.9,16.7,180,7,NA,NA,1012.3,"METAR KILM 072053Z 18007KT 10SM CLR 24/17 A2989 RMK AO2 SLP120 T02390167 56025",2025-11-07 21:23:21.373289,2025-11-07 16:23:21.373326
"KIJD","Willimantic/Windham Arpt, CT, US",2025-11-07 20:52:00,"2025-11-07 20:52:00","VFR",12.8,3.9,190,12,21,NA,1010.2,"METAR KIJD 072052Z AUTO 19012G21KT 10SM BKN043 13/04 A2983 RMK AO2 SLP100 T01280039 56043",2025-11-07 21:23:21.379249,2025-11-07 16:23:21.379289
"KIOW","Iowa City Muni, IA, US",2025-11-07 20:52:00,"2025-11-07 14:52:00","VFR",18.9,3.3,260,18,28,NA,1003.5,"METAR KIOW 072052Z AUTO 26018G28KT 10SM CLR 19/03 A2963 RMK AO2 PK WND 27028/1959 SLP033 T01890033 55006",2025-11-07 21:23:21.385095,2025-11-07 16:23:21.385131
"KIEN","Pine Ridge Strip, SD, US",2025-11-07 20:52:00,"2025-11-07 13:52:00","VFR",16.7,-5.6,260,13,19,NA,1008.9,"METAR KIEN 072052Z AUTO 26013G19KT 10SM CLR 17/M06 A2979 RMK AO2 SLP081 T01671056 58028",2025-11-07 21:23:21.391067,2025-11-07 16:23:21.391104
"KIAD","Washington/Dulles Intl, VA, US",2025-11-07 20:52:00,"2025-11-07 15:52:00","VFR",17.2,4.4,190,16,29,NA,1007.5,"METAR KIAD 072052Z 19016G29KT 10SM SCT170 BKN250 17/04 A2975 RMK AO2 PK WND 19030/2034 SLP074 T01720044 58038",2025-11-07 21:23:21.396966,2025-11-07 16:23:21.397005
"KJFK","New York/JF Kennedy Intl, NY, US",2025-11-07 20:51:00,"2025-11-07 15:51:00","VFR",14.4,6.1,190,23,33,NA,1010.6,"METAR KJFK 072051Z 19023G33KT 10SM FEW033 SCT210 BKN250 14/06 A2984 RMK AO2 PK WND 19035/2006 SLP104 T01440061 56037 $",2025-11-07 21:23:21.40293,2025-11-07 16:23:21.402972
"KIGM","Kingman Arpt, AZ, US",2025-11-07 20:51:00,"2025-11-07 13:51:00","VFR",23.9,-3.3,30,8,NA,NA,1016.7,"METAR KIGM 072051Z AUTO 03008KT 10SM CLR 24/M03 A3002 RMK AO2 SLP112 T02391033 57023",2025-11-07 21:23:21.408864,2025-11-07 16:23:21.408901
"KILG","Wilmington/New Castle Arpt, DE, US",2025-11-07 20:51:00,"2025-11-07 15:51:00","VFR",16.7,1.7,180,20,26,NA,1008.9,"METAR KILG 072051Z 18020G26KT 10SM CLR 17/02 A2979 RMK AO2 PK WND 18026/2043 SLP087 T01670017 56041",2025-11-07 21:23:21.414775,2025-11-07 16:23:21.414813
"KJCT","Junction/Kimble Cnty, TX, US",2025-11-07 20:51:00,"2025-11-07 14:51:00","VFR",29.4,8.3,340,8,17,NA,1010.2,"METAR KJCT 072051Z AUTO 34008G17KT 10SM CLR 29/08 A2983 RMK AO2 SLP066 T02940083 55014",2025-11-07 21:23:21.420688,2025-11-07 16:23:21.420729
"KJWN","Nashville/Tune Arpt, TN, US",2025-11-07 20:50:00,"2025-11-07 20:50:00","VFR",18,15,0,0,NA,9,1005.8,"METAR KJWN 072050Z 00000KT 9SM SCT036 BKN041 OVC070 18/15 A2970",2025-11-07 21:23:21.435765,2025-11-07 16:23:21.4358
"KJAU","Jacksboro/Campbell Cnty, TN, US",2025-11-07 20:50:00,"2025-11-07 20:50:00",NA,20,12,190,8,14,NA,1007.5,"METAR KJAU 072050Z AUTO 19008G14KT 10SM 20/12 A2975 RMK A01",2025-11-07 21:23:21.441455,2025-11-07 16:23:21.44149
"KIWA","Phoenix/Mesa Gateway Arpt, AZ, US",2025-11-07 20:50:00,"2025-11-07 13:50:00","VFR",27,4,0,0,NA,NA,1013,"METAR KIWA 072050Z COR 00000KT 10SM CLR 27/04 A2991",2025-11-07 21:23:21.447175,2025-11-07 16:23:21.44723
"KIFP","Bullhead City Intl, AZ, US",2025-11-07 20:49:00,"2025-11-07 13:49:00","VFR",30,-1,350,16,26,NA,1011.3,"METAR KIFP 072049Z 35016G26KT 10SM CLR 30/M01 A2986",2025-11-07 21:23:21.452882,2025-11-07 16:23:21.452918
"KJDN","Jordan Arpt, MT, US",2025-11-07 20:48:00,"2025-11-07 13:48:00",NA,10,0.6,10,9,NA,NA,1005.5,"METAR KJDN 072048Z AUTO 01009KT 10/01 A2969 RMK AO1 SLP065 T01000006 56016",2025-11-07 21:23:21.458549,2025-11-07 16:23:21.458584
"KJVL","Janesville/S Wisconsin Rgnl, WI, US",2025-11-07 20:45:00,"2025-11-07 14:45:00","VFR",16,4,290,14,24,NA,1000.8,"METAR KJVL 072045Z 29014G24KT 10SM SCT090 16/04 A2955",2025-11-07 21:23:21.464332,2025-11-07 16:23:21.464369
"KJKA","Gulf Shores/Edwards Arpt, AL, US",2025-11-07 19:55:00,"2025-11-07 13:55:00","VFR",27,22,190,10,NA,NA,1010.9,"METAR KJKA 071955Z 19010KT 10SM SCT080 27/22 A2985 RMK LTG DSNT SE AND SW",2025-11-07 21:23:21.470167,2025-11-07 16:23:21.470223
"KLPR","Elyria/Lorain Cnty, OH, US",2025-11-07 21:20:00,"2025-11-07 21:20:00","MVFR",13.3,11.1,240,16,21,9,1000.1,"SPECI KLPR 072120Z AUTO 24016G21KT 9SM OVC015 13/11 A2953 RMK AO2 T01330111",2025-11-07 21:23:23.126802,2025-11-07 16:23:23.126841
"KLDJ","Linden Arpt, NJ, US",2025-11-07 21:15:00,"2025-11-07 16:15:00","VFR",15.2,0.5,210,11,18,NA,1009.2,"METAR KLDJ 072115Z AUTO 21011G18KT 10SM SCT065 15/01 A2980 RMK AO2 T01520005",2025-11-07 21:23:23.132959,2025-11-07 16:23:23.132996
"KLDM","Ludington/Mason Cnty, MI, US",2025-11-07 21:15:00,"2025-11-07 16:15:00","VFR",10,4,310,7,14,NA,999.7,"METAR KLDM 072115Z AUTO 31007G14KT 270V330 10SM FEW038 OVC049 10/04 A2952 RMK AO2",2025-11-07 21:23:23.138924,2025-11-07 16:23:23.138962
"KLHZ","Louisburg/Franklin Cnty, NC, US",2025-11-07 21:15:00,"2025-11-07 16:15:00","VFR",20,13,170,4,NA,NA,1012.3,"METAR KLHZ 072115Z AUTO 17004KT 10SM BKN035 20/13 A2989 RMK AO2",2025-11-07 21:23:23.144919,2025-11-07 16:23:23.144958
"KLKR","Lancaster Cnty, SC, US",2025-11-07 21:15:00,"2025-11-07 21:15:00","VFR",22,13,200,6,NA,NA,1011.9,"METAR KLKR 072115Z AUTO 20006KT 10SM FEW048 22/13 A2988 RMK AO2",2025-11-07 21:23:23.15084,2025-11-07 16:23:23.150879
"KLMO","Longmont/Brand Arpt, CO, US",2025-11-07 21:15:00,"2025-11-07 21:15:00","VFR",17.9,-10.5,300,12,20,NA,1012.6,"METAR KLMO 072115Z AUTO 30012G20KT 10SM CLR 18/M10 A2990 RMK AO2 T01791105",2025-11-07 21:23:23.156741,2025-11-07 16:23:23.156779
"KLRO","Mt Pleasant Rgnl, SC, US",2025-11-07 21:15:00,"2025-11-07 21:15:00","VFR",23,18,130,4,NA,8,1012.6,"METAR KLRO 072115Z AUTO 13004KT 8SM CLR 23/18 A2990 RMK AO2",2025-11-07 21:23:23.162682,2025-11-07 16:23:23.162723
"KLAM","Los Alamos Arpt, NM, US",2025-11-07 21:15:00,"2025-11-07 14:15:00","VFR",15.1,-5.3,0,0,NA,NA,1018.4,"METAR KLAM 072115Z AUTO 00000KT 10SM CLR 15/M05 A3007 RMK AO2 T01511053 $",2025-11-07 21:23:23.168615,2025-11-07 16:23:23.168652
"KLLN","Levelland Muni, TX, US",2025-11-07 21:15:00,"2025-11-07 21:15:00","VFR",23,-8,0,0,NA,NA,1015.3,"METAR KLLN 072115Z AUTO 00000KT 10SM CLR 23/M08 A2998 RMK AO2",2025-11-07 21:23:23.184275,2025-11-07 16:23:23.184312
"KLNA","Lantana/Palm Beach Cnty, FL, US",2025-11-07 21:15:00,"2025-11-07 16:15:00","VFR",27.5,18.5,90,5,NA,NA,1012.6,"METAR KLNA 072115Z AUTO 09005KT 10SM SCT075 28/19 A2990 RMK AO2 T02750185",2025-11-07 21:23:23.190057,2025-11-07 16:23:23.190094
"KLHB","Hearne Muni, TX, US",2025-11-07 21:15:00,"2025-11-07 21:15:00","VFR",31,16,220,8,NA,NA,1006.5,"METAR KLHB 072115Z AUTO 22008KT 10SM CLR 31/16 A2972 RMK AO2",2025-11-07 21:23:23.195876,2025-11-07 16:23:23.195911
"KLOM","Philadelphia/Wings Field Arpt, PA, US",2025-11-07 21:15:00,"2025-11-07 16:15:00","VFR",14.4,2.4,200,9,16,NA,1008.5,"METAR KLOM 072115Z AUTO 20009G16KT 10SM CLR 14/02 A2978 RMK AO2 T01440024",2025-11-07 21:23:23.20161,2025-11-07 16:23:23.201645
"KK83","Sabetha Muni, KS, US",2025-11-07 21:15:00,"2025-11-07 21:15:00","VFR",19.5,-2.6,310,13,18,NA,1008.9,"METAR KK83 072115Z AUTO 31013G18KT 10SM CLR 20/M03 A2979 RMK AO2 T01951026",2025-11-07 21:23:23.207426,2025-11-07 16:23:23.207463
"KLCG","Wayne Muni, NE, US",2025-11-07 21:15:00,"2025-11-07 21:15:00","VFR",14.6,2.8,350,13,20,NA,1008.5,"METAR KLCG 072115Z AUTO 35013G20KT 10SM CLR 15/03 A2978 RMK AO2 T01460028",2025-11-07 21:23:23.213307,2025-11-07 16:23:23.213345
"KLCQ","Lake City/Gateway Arpt, FL, US",2025-11-07 21:15:00,"2025-11-07 16:15:00","VFR",27,13,250,7,NA,NA,1012.6,"METAR KLCQ 072115Z AUTO 25007KT 10SM CLR 27/13 A2990 RMK AO2",2025-11-07 21:23:23.219259,2025-11-07 16:23:23.2193
"KLRU","Las Cruces Intl, NM, US",2025-11-07 21:15:00,"2025-11-07 14:15:00","VFR",24,-7.6,220,7,NA,NA,1016,"METAR KLRU 072115Z AUTO 22007KT 10SM CLR 24/M08 A3000 RMK AO2 T02401076",2025-11-07 21:23:23.225238,2025-11-07 16:23:23.225279
"KLNL","Land OLakes Arpt, WI, US",2025-11-07 21:15:00,"2025-11-07 21:15:00","MVFR",1.4,0.6,360,8,NA,4,1003.1,"METAR KLNL 072115Z AUTO 36008KT 4SM -SN SCT008 BKN013 OVC047 01/01 A2962 RMK AO2 T00140006",2025-11-07 21:23:23.231082,2025-11-07 16:23:23.231118
"KLRY","Harrisonville/Smith, MO, US",2025-11-07 21:15:00,"2025-11-07 21:15:00","VFR",22,1,300,11,20,NA,1009.2,"METAR KLRY 072115Z AUTO 30011G20KT 10SM CLR 22/01 A2980 RMK AO2",2025-11-07 21:23:23.237023,2025-11-07 16:23:23.23706
"KLJF","Litchfield Muni, MN, US",2025-11-07 21:15:00,"2025-11-07 21:15:00","MVFR",5,-1,320,9,NA,NA,1007.5,"METAR KLJF 072115Z AUTO 32009KT 10SM BKN030 OVC034 05/M01 A2975 RMK AO2",2025-11-07 21:23:23.242946,2025-11-07 16:23:23.242986
"KLRJ","Le Mars Muni, IA, US",2025-11-07 21:15:00,"2025-11-07 15:15:00","VFR",10,3,350,13,20,NA,1008.2,"METAR KLRJ 072115Z AUTO 35013G20KT 10SM SCT041 10/03 A2977 RMK AO2",2025-11-07 21:23:23.248848,2025-11-07 16:23:23.248887
"KL35","Big Bear City Arpt, CA, US",2025-11-07 21:15:00,"2025-11-07 13:15:00","VFR",18,-3,70,6,NA,NA,1022.4,"METAR KL35 072115Z AUTO 07006KT 10SM CLR 18/M03 A3019 RMK AO2",2025-11-07 21:23:23.254764,2025-11-07 16:23:23.254803
"KLOZ","London-Corbin Arpt, KY, US",2025-11-07 21:15:00,"2025-11-07 16:15:00","VFR",16.1,13.9,300,7,NA,NA,1006.9,"SPECI KLOZ 072115Z AUTO 30007KT 10SM VCTS -RA SCT041 BKN048 OVC080 16/14 A2973 RMK AO2 LTG DSNT W P0000 T01610139",2025-11-07 21:23:23.260713,2025-11-07 16:23:23.26075
"KK82","Smith Center Arpt, KS, US",2025-11-07 21:15:00,"2025-11-07 21:15:00","VFR",19.6,-4.2,300,12,NA,NA,1010.6,"METAR KK82 072115Z AUTO 30012KT 10SM CLR 20/M04 A2984 RMK AO2 T01961042",2025-11-07 21:23:23.266639,2025-11-07 16:23:23.266677
"KL08","Borrego Springs Arpt, CA, US",2025-11-07 21:15:00,"2025-11-07 13:15:00","VFR",31,0,NA,5,NA,NA,1011.3,"METAR KL08 072115Z AUTO VRB05KT 10SM CLR 31/00 A2986 RMK AO2",2025-11-07 21:23:23.272576,2025-11-07 16:23:23.272613
"KLBO","Lebanon/Jones Arpt, MO, US",2025-11-07 21:15:00,"2025-11-07 21:15:00","VFR",21,1,290,8,NA,NA,1008.5,"METAR KLBO 072115Z AUTO 29008KT 10SM CLR 21/01 A2978 RMK AO2",2025-11-07 21:23:23.278511,2025-11-07 16:23:23.278549
"KLKU","Louisa/Freeman Fld, VA, US",2025-11-07 21:15:00,"2025-11-07 16:15:00","VFR",18,7.9,220,9,NA,NA,1009.6,"METAR KLKU 072115Z AUTO 22009KT 180V250 10SM CLR 18/08 A2981 RMK AO2 T01800079",2025-11-07 21:23:23.284544,2025-11-07 16:23:23.284581
"KK88","Iola/Allen Cnty, KS, US",2025-11-07 21:15:00,"2025-11-07 21:15:00","VFR",21,2,320,9,NA,NA,1009.2,"METAR KK88 072115Z AUTO 32009KT 10SM CLR 21/02 A2980 RMK AO2",2025-11-07 21:23:23.290493,2025-11-07 16:23:23.290533
"KLKP","Lake Placid Arpt, NY, US",2025-11-07 21:15:00,"2025-11-07 16:15:00","VFR",4,0,200,11,20,NA,1000.1,"METAR KLKP 072115Z AUTO 20011G20KT 160V240 10SM -RA SCT040 BKN050 OVC070 04/M00 A2953 RMK AO2",2025-11-07 21:23:23.305731,2025-11-07 16:23:23.305767
"KLNN","Willoughby/Lake Cnty Exec, OH, US",2025-11-07 21:15:00,"2025-11-07 16:15:00","MVFR",12.8,10.9,250,14,21,NA,999.7,"METAR KLNN 072115Z AUTO 25014G21KT 10SM OVC015 13/11 A2952 RMK AO1 T01280109",2025-11-07 21:23:23.311532,2025-11-07 16:23:23.311567
"KLHM","Lincoln Rgnl, CA, US",2025-11-07 21:15:00,"2025-11-07 21:15:00","VFR",21,12,320,3,NA,NA,1019.4,"METAR KLHM 072115Z AUTO 32003KT 10SM CLR 21/12 A3010 RMK AO1",2025-11-07 21:23:23.317286,2025-11-07 16:23:23.317322
"KLQK","Pickens Cnty, SC, US",2025-11-07 21:15:00,"2025-11-07 16:15:00","VFR",19.8,11.9,220,11,15,NA,1011.9,"METAR KLQK 072115Z AUTO 22011G15KT 10SM CLR 20/12 A2988 RMK AO2 T01980119",2025-11-07 21:23:23.323001,2025-11-07 16:23:23.323036
"KLNC","Lancaster Arpt, TX, US",2025-11-07 21:15:00,"2025-11-07 21:15:00",NA,26,13.1,20,4,NA,NA,1008.2,"METAR KLNC 072115Z AUTO 02004KT CLR 26/13 A2977 RMK AO2 T02600131 PWINO",2025-11-07 21:23:23.328777,2025-11-07 16:23:23.328811
"KLNP","Wise/Lonesome Pine Arpt, VA, US",2025-11-07 21:15:00,"2025-11-07 16:15:00","VFR",16,8,210,15,19,NA,1009.6,"METAR KLNP 072115Z AUTO 21015G19KT 10SM SCT045 SCT050 BKN060 16/08 A2981 RMK AO2",2025-11-07 21:23:23.334688,2025-11-07 16:23:23.334724
"KLEX","Lexington/Blue Grass Arpt, KY, US",2025-11-07 21:09:00,"2025-11-07 16:09:00","IFR",15,14.4,230,7,NA,2.5,1005.5,"SPECI KLEX 072109Z 23007KT 2 1/2SM -RA BR OVC006 15/14 A2969 RMK AO2 CIG 003V010 P0001 T01500144",2025-11-07 21:23:23.340556,2025-11-07 16:23:23.340592
"KLOU","Louisville/Bowman Fld, KY, US",2025-11-07 21:04:00,"2025-11-07 16:04:00","MVFR",17.8,15,200,9,NA,NA,1004.8,"SPECI KLOU 072104Z 20009KT 10SM BKN014 BKN040 OVC070 18/15 A2967 RMK AO2 T01780150",2025-11-07 21:23:23.346503,2025-11-07 16:23:23.346539
"KLMS","Louisville/Winston Cnty, MS, US",2025-11-07 21:00:00,"2025-11-07 15:00:00","VFR",25,18,NA,4,12,NA,1009.6,"METAR KLMS 072100Z AUTO VRB04G12KT 10SM FEW031 FEW037 BKN046 25/18 A2981 RMK AO2",2025-11-07 21:23:23.352454,2025-11-07 16:23:23.352493
"KLEW","Auburn-Lewiston Muni, ME, US",2025-11-07 20:56:00,"2025-11-07 15:56:00","VFR",6.1,-3.3,150,4,NA,NA,1010.9,"METAR KLEW 072056Z AUTO 15004KT 10SM CLR 06/M03 A2985 RMK AO2 SLP116 6//// T00611033 56031",2025-11-07 21:23:23.358417,2025-11-07 16:23:23.358456
"KLCI","Laconia Muni, NH, US",2025-11-07 20:56:00,"2025-11-07 15:56:00","VFR",7.2,-2.2,140,7,NA,NA,1008.9,"METAR KLCI 072056Z AUTO 14007KT 10SM CLR 07/M02 A2979 RMK AO2 SLP093 T00721022 56042",2025-11-07 21:23:23.364348,2025-11-07 16:23:23.364387
"KLBL","Liberal/Mid America Rgnl, KS, US",2025-11-07 20:56:00,"2025-11-07 14:56:00","VFR",19.4,-1.7,30,4,NA,NA,1014.3,"METAR KLBL 072056Z AUTO 03004KT 10SM CLR 19/M02 A2995 RMK AO2 SLP130 6//// T01941017 56024 PNO $",2025-11-07 21:23:23.37026,2025-11-07 16:23:23.3703
"KKLS","Kelso/Longview Arpt, WA, US",2025-11-07 20:56:00,"2025-11-07 12:56:00","VFR",12.8,8.9,180,5,NA,NA,1023.8,"METAR KKLS 072056Z AUTO 18005KT 10SM FEW023 BKN034 BKN042 13/09 A3023 RMK AO2 SLP239 T01280089 50001",2025-11-07 21:23:23.376172,2025-11-07 16:23:23.376228
"KLAS","Las Vegas/Reid Intl, NV, US",2025-11-07 20:56:00,"2025-11-07 12:56:00","VFR",24.4,-2.2,80,3,NA,NA,1015.3,"METAR KLAS 072056Z 08003KT 10SM CLR 24/M02 A2998 RMK AO2 SLP136 T02441022 58028",2025-11-07 21:23:23.382096,2025-11-07 16:23:23.382136
"KLRD","Laredo Intl, TX, US",2025-11-07 20:56:00,"2025-11-07 14:56:00","VFR",33.3,12.8,NA,3,NA,NA,1007.2,"METAR KLRD 072056Z VRB03KT 10SM CLR 33/13 A2974 RMK AO2 SLP066 T03330128 56030 $",2025-11-07 21:23:23.388143,2025-11-07 16:23:23.388202
"KLNR","Lone Rock/Tri Cnty Rgnl, WI, US",2025-11-07 20:56:00,"2025-11-07 14:56:00","VFR",14.4,3.3,320,13,NA,NA,1000.8,"METAR KLNR 072056Z AUTO 32013KT 10SM OVC050 14/03 A2955 RMK AO2 SLP003 T01440033 53001",2025-11-07 21:23:23.394075,2025-11-07 16:23:23.394111
"KLBT","Lumberton Muni, NC, US",2025-11-07 20:56:00,"2025-11-07 15:56:00","VFR",22.8,13.9,230,8,NA,NA,1011.6,"METAR KLBT 072056Z AUTO 23008KT 10SM FEW043 23/14 A2987 RMK AO2 SLP115 T02280139 56025",2025-11-07 21:23:23.399954,2025-11-07 16:23:23.39999
"KLGD","La Grande/Union Cnty, OR, US",2025-11-07 20:56:00,"2025-11-07 12:56:00","VFR",10,0,20,5,NA,NA,1022.1,"METAR KLGD 072056Z AUTO 02005KT 10SM BKN060 10/00 A3018 RMK AO2 SLP223 T01000000 50002 $",2025-11-07 21:23:23.405876,2025-11-07 16:23:23.405914
"KK62","Falmouth/Snyder Arpt, KY, US",2025-11-07 20:55:00,"2025-11-07 20:55:00","IFR",15,15,250,7,NA,5,1004.5,"METAR KK62 072055Z AUTO 25007KT 5SM BR OVC006 15/15 A2966 RMK AO2",2025-11-07 21:23:23.411761,2025-11-07 16:23:23.411799
"KLIC","Limon Muni, CO, US",2025-11-07 20:55:00,"2025-11-07 13:55:00","VFR",11.7,-6.7,180,13,NA,NA,1013.3,"METAR KLIC 072055Z AUTO 18013KT 10SM SCT120 12/M07 A2992 RMK AO2 SLP102 T01171067 56026",2025-11-07 21:23:23.427052,2025-11-07 16:23:23.427087
"KLFI","Langley AFB, VA, US",2025-11-07 20:55:00,"2025-11-07 15:55:00","VFR",20.5,9.4,220,7,NA,NA,1011.6,"METAR KLFI 072055Z AUTO 22007KT 10SM BKN049 BKN055 21/09 A2987 RMK AO2 SLP121 T02050094 57031 $",2025-11-07 21:23:23.432854,2025-11-07 16:23:23.43289
"KLLJ","Challis Arpt, ID, US",2025-11-07 20:55:00,"2025-11-07 13:55:00","VFR",4.4,0,170,4,NA,NA,1018.4,"METAR KLLJ 072055Z AUTO 17004KT 10SM SCT028 SCT040 BKN070 04/00 A3007 RMK AO2 RAE05 SLP187 P0000 60004 T00440000 51013",2025-11-07 21:23:23.438648,2025-11-07 16:23:23.438684
"KLCK","Columbus/Rickenbacker Intl, OH, US",2025-11-07 20:55:00,"2025-11-07 15:55:00","IFR",14.6,13.6,230,11,NA,NA,1002.8,"METAR KLCK 072055Z AUTO 23011KT 10SM OVC009 15/14 A2961 RMK AO2 T01460136",2025-11-07 21:23:23.444386,2025-11-07 16:23:23.444422
"KLHW","Ft Stewart/Mid Coast Rgnl, GA, US",2025-11-07 20:55:00,"2025-11-07 15:55:00","VFR",26.9,13.9,220,6,NA,NA,1011.9,"METAR KLHW 072055Z AUTO 22006KT 10SM SCT050 27/14 A2988 RMK AO2 SLP121 T02690139 56023 $",2025-11-07 21:23:23.450202,2025-11-07 16:23:23.450243
"KLRF","Little Rock AFB, AR, US",2025-11-07 20:55:00,"2025-11-07 14:55:00","VFR",23.9,16.7,180,5,NA,NA,1007.2,"METAR KLRF 072055Z AUTO 18005KT 10SM OVC035 24/17 A2974 RMK AO2 SLP072 T02390167 56020",2025-11-07 21:23:23.456084,2025-11-07 16:23:23.45612
"KLGF","Laguna, AZ, US",2025-11-07 20:55:00,"2025-11-07 13:55:00","VFR",30.1,5.4,270,3,NA,9,1010.9,"METAR KLGF 072055Z AUTO 27003KT 9SM CLR 30/05 A2985 RMK AO2 SLP106 T03010054 57029 $",2025-11-07 21:23:23.462024,2025-11-07 16:23:23.462059
"KLAF","Lafayette/Purdue Univ Arpt, IN, US",2025-11-07 20:54:00,"2025-11-07 15:54:00","VFR",18.9,5.6,270,13,19,NA,1002.8,"METAR KLAF 072054Z 27013G19KT 10SM CLR 19/06 A2961 RMK AO2 SLP024 T01890056 51001",2025-11-07 21:23:23.467993,2025-11-07 16:23:23.468031
"KLNK","Lincoln Arpt, NE, US",2025-11-07 20:54:00,"2025-11-07 14:54:00","VFR",19.4,-1.1,320,14,23,NA,1008.9,"METAR KLNK 072054Z 32014G23KT 10SM CLR 19/M01 A2979 RMK AO2 PK WND 33027/1955 SLP084 T01941011 56008 $",2025-11-07 21:23:23.473911,2025-11-07 16:23:23.473949
"KLNS","Lancaster Arpt, PA, US",2025-11-07 20:53:00,"2025-11-07 15:53:00","VFR",13.9,3.3,180,12,19,NA,1007.2,"METAR KLNS 072053Z 18012G19KT 10SM SCT080 14/03 A2974 RMK AO2 SLP073 T01390033 56036",2025-11-07 21:23:23.479807,2025-11-07 16:23:23.479843
"KLLQ","Monticello/Ellis Fld, AR, US",2025-11-07 20:53:00,"2025-11-07 20:53:00","VFR",22.2,15.6,270,6,NA,NA,1008.5,"METAR KLLQ 072053Z AUTO 27006KT 10SM FEW022 SCT029 OVC038 22/16 A2978 RMK AO2 SLP082 T02220156 56016",2025-11-07 21:23:23.485727,2025-11-07 16:23:23.485762
"KLEB","Lebanon Muni, NH, US",2025-11-07 20:53:00,"2025-11-07 15:53:00","VFR",10,-0.6,160,11,23,NA,1005.2,"METAR KLEB 072053Z AUTO 16011G23KT 10SM SCT110 10/M01 A2968 RMK AO2 PK WND 18026/2020 PRESFR SLP055 T01001006 58056",2025-11-07 21:23:23.491644,2025-11-07 16:23:23.491684
"KLAW","Lawton-Fort Sill Rgnl, OK, US",2025-11-07 20:53:00,"2025-11-07 14:53:00","VFR",26.1,1.7,10,11,17,NA,1010.9,"METAR KLAW 072053Z 01011G17KT 10SM CLR 26/02 A2985 RMK AO2 SLP100 T02610017 56011",2025-11-07 21:23:23.49756,2025-11-07 16:23:23.497596
"KLBB","Lubbock Intl Arpt, TX, US",2025-11-07 20:53:00,"2025-11-07 14:53:00","VFR",25,-5.6,0,0,NA,NA,1014.3,"METAR KLBB 072053Z 00000KT 10SM FEW250 25/M06 A2995 RMK AO2 SLP107 T02501056 56024",2025-11-07 21:23:23.503482,2025-11-07 16:23:23.50352
"KLBX","Angleton/Texas Gulf Coast Rgnl, TX, US",2025-11-07 20:53:00,"2025-11-07 14:53:00","VFR",28.3,18.9,210,9,15,NA,1008.2,"METAR KLBX 072053Z AUTO 21009G15KT 10SM CLR 28/19 A2977 RMK AO2 SLP080 T02830189 56025",2025-11-07 21:23:23.509413,2025-11-07 16:23:23.50945
"KLCH","Lake Charles Rgnl, LA, US",2025-11-07 20:53:00,"2025-11-07 14:53:00","VFR",26.7,17.8,220,10,NA,NA,1008.9,"METAR KLCH 072053Z AUTO 22010KT 10SM CLR 27/18 A2979 RMK AO2 SLP094 T02670178 56025",2025-11-07 21:23:23.515323,2025-11-07 16:23:23.515362
"KLEE","Leesburg Muni, FL, US",2025-11-07 20:53:00,"2025-11-07 15:53:00","VFR",27.8,16.7,110,3,NA,NA,1012.6,"METAR KLEE 072053Z 11003KT 10SM CLR 28/17 A2990 RMK AO2 SLP124 T02780167 56020",2025-11-07 21:23:23.521247,2025-11-07 16:23:23.521283
"KLFK","Lufkin/Angelina Cnty, TX, US",2025-11-07 20:53:00,"2025-11-07 14:53:00","VFR",27.8,17.2,210,8,15,NA,1007.9,"METAR KLFK 072053Z AUTO 21008G15KT 10SM CLR 28/17 A2976 RMK AO2 SLP072 T02780172 56024",2025-11-07 21:23:23.527239,2025-11-07 16:23:23.527281
"KLFT","Lafayette Rgnl, LA, US",2025-11-07 20:53:00,"2025-11-07 14:53:00","VFR",27.8,17.2,200,9,19,NA,1008.9,"METAR KLFT 072053Z 20009G19KT 10SM SCT045 28/17 A2979 RMK AO2 SLP087 T02780172 56022",2025-11-07 21:23:23.533243,2025-11-07 16:23:23.533283
"KLIT","Little Rock/Clinton Natl, AR, US",2025-11-07 20:53:00,"2025-11-07 14:53:00","MVFR",23.3,16.7,240,7,NA,NA,1007.5,"METAR KLIT 072053Z 24007KT 10SM BKN025 BKN031 23/17 A2975 RMK AO2 SLP075 T02330167 56019",2025-11-07 21:23:23.548487,2025-11-07 16:23:23.548523
"KLAR","Laramie Rgnl, WY, US",2025-11-07 20:53:00,"2025-11-07 13:53:00","VFR",6.1,-6.7,260,21,29,NA,1014.3,"METAR KLAR 072053Z AUTO 26021G29KT 10SM OVC085 06/M07 A2995 RMK AO2 PK WND 25029/2053 SLP113 T00611067 58010",2025-11-07 21:23:23.554253,2025-11-07 16:23:23.554291
"KLBF","N Platte/Lee Bird Fld, NE, US",2025-11-07 20:53:00,"2025-11-07 14:53:00","VFR",16.7,-2.8,280,7,NA,NA,1010.6,"METAR KLBF 072053Z AUTO 28007KT 10SM CLR 17/M03 A2984 RMK AO2 SLP104 T01671028 56024",2025-11-07 21:23:23.559983,2025-11-07 16:23:23.560019
"KLND","Lander/Hunt Fld, WY, US",2025-11-07 20:53:00,"2025-11-07 13:53:00","VFR",13.9,-6.7,300,11,24,NA,1010.9,"METAR KLND 072053Z AUTO 30011G24KT 270V330 10SM CLR 14/M07 A2985 RMK AO2 PK WND 30026/2042 SLP096 T01391067 56019",2025-11-07 21:23:23.565719,2025-11-07 16:23:23.565754
"KLAN","Lansing/Capital City Arpt, MI, US",2025-11-07 20:53:00,"2025-11-07 15:53:00","VFR",12.2,5,270,17,28,NA,998.7,"METAR KLAN 072053Z 27017G28KT 10SM FEW030 12/05 A2949 RMK AO2 PK WND 26033/2038 SLP989 T01220050 53016",2025-11-07 21:23:23.571442,2025-11-07 16:23:23.571478
"KLAA","Lamar Muni, CO, US",2025-11-07 20:53:00,"2025-11-07 13:53:00","VFR",17.2,-5,160,10,NA,NA,1013.3,"METAR KLAA 072053Z AUTO 16010KT 10SM CLR 17/M05 A2992 RMK AO2 SLP117 T01721050 58034",2025-11-07 21:23:23.577335,2025-11-07 16:23:23.577373
"KLBE","Latrobe/Palmer Rgnl, PA, US",2025-11-07 20:53:00,"2025-11-07 15:53:00","VFR",15,12,200,9,NA,NA,1003.1,"METAR KLBE 072053Z 20009KT 10SM SCT060 SCT 080 SCT090 15/12 A2962",2025-11-07 21:23:23.583258,2025-11-07 16:23:23.583297
"KLOL","Lovelock/Derby Fld, NV, US",2025-11-07 20:53:00,"2025-11-07 12:53:00","VFR",18.3,2.2,NA,6,NA,NA,1020.4,"METAR KLOL 072053Z AUTO VRB06KT 10SM SCT055 18/02 A3013 RMK AO2 SLP188 T01830022 58011",2025-11-07 21:23:23.589204,2025-11-07 16:23:23.589245
"KLKV","Lakeview/Lake Cnty, OR, US",2025-11-07 20:53:00,"2025-11-07 12:53:00","VFR",10.6,1.7,240,7,NA,NA,1022.8,"METAR KLKV 072053Z AUTO 24007KT 10SM BKN041 11/02 A3020 RMK AO2 SLP224 T01060017 58002",2025-11-07 21:23:23.59514,2025-11-07 16:23:23.595191
"KLAX","Los Angeles Intl, CA, US",2025-11-07 20:53:00,"2025-11-07 12:53:00","VFR",20.6,14.4,260,10,NA,NA,1012.3,"METAR KLAX 072053Z 26010KT 10SM CLR 21/14 A2989 RMK AO2 SLP122 T02060144 58025 $",2025-11-07 21:23:23.601121,2025-11-07 16:23:23.601158
"KLHQ","Lancaster/Fairfield Cnty, OH, US",2025-11-07 20:53:00,"2025-11-07 20:53:00","IFR",14.4,13.3,230,11,21,9,1002.8,"METAR KLHQ 072053Z AUTO 23011G21KT 9SM OVC009 14/13 A2961 RMK AO2 CIG 007V012 SLP029 60001 T01440133 56010",2025-11-07 21:23:23.606982,2025-11-07 16:23:23.607022
"KLMT","Klamath Falls Intl, OR, US",2025-11-07 20:53:00,"2025-11-07 12:53:00","VFR",10.6,2.2,290,7,NA,NA,1022.4,"METAR KLMT 072053Z 29007KT 10SM SCT038 11/02 A3019 RMK AO2 SLP214 T01060022 58004",2025-11-07 21:23:23.61287,2025-11-07 16:23:23.612908
"KLGB","Long Beach Arpt, CA, US",2025-11-07 20:53:00,"2025-11-07 12:53:00","VFR",24.4,15,NA,3,NA,NA,1011.9,"METAR KLGB 072053Z VRB03KT 10SM CLR 24/15 A2988 RMK AO2 SLP116 T02440150 58029",2025-11-07 21:23:23.618847,2025-11-07 16:23:23.618884
"KLGU","Logan/Cache Arpt, UT, US",2025-11-07 20:51:00,"2025-11-07 13:51:00","VFR",13.9,1.1,0,0,NA,NA,1018.4,"METAR KLGU 072051Z AUTO 00000KT 10SM OVC085 14/01 A3007 RMK AO2 SLP170 T01390011 58014",2025-11-07 21:23:23.624779,2025-11-07 16:23:23.62482
"KLGA","New York/La Guardia Arpt, NY, US",2025-11-07 20:51:00,"2025-11-07 15:51:00","VFR",14.4,1.1,180,15,32,NA,1009.2,"METAR KLGA 072051Z 18015G32KT 10SM FEW050 SCT070 SCT180 BKN240 14/01 A2980 RMK AO2 PK WND 18032/2046 SLP091 T01440011 56039 $",2025-11-07 21:23:23.630665,2025-11-07 16:23:23.630705
"KLPC","Lompoc Arpt, CA, US",2025-11-07 20:51:00,"2025-11-07 12:51:00","VFR",27.8,11.1,330,11,23,NA,1014.3,"METAR KLPC 072051Z AUTO 33011G23KT 10SM CLR 28/11 A2995 RMK AO2 SLP143 T02780111 58026 $",2025-11-07 21:23:23.636544,2025-11-07 16:23:23.63658
"KLAL","Lakeland/Linder Intl, FL, US",2025-11-07 20:50:00,"2025-11-07 15:50:00","VFR",29,17,0,0,NA,NA,1012.3,"METAR KLAL 072050Z 00000KT 10SM SCT055 29/17 A2989",2025-11-07 21:23:23.642496,2025-11-07 16:23:23.642534
"KLLR","Little River Arpt, CA, US",2025-11-07 20:50:00,"2025-11-07 20:50:00","VFR",17,14,300,6,NA,NA,1021.4,"METAR KLLR 072050Z AUTO 30006KT 10SM CLR 17/14 A3016 RMK A01",2025-11-07 21:23:23.648494,2025-11-07 16:23:23.648531
"KLOT","Romeoville/Lewis Univ Arpt, IL, US",2025-11-07 20:45:00,"2025-11-07 14:45:00","VFR",17,6,260,15,NA,NA,1001.8,"METAR KLOT 072045Z 26015KT 10SM CLR 17/06 A2958",2025-11-07 21:23:23.663766,2025-11-07 16:23:23.663807
"KLYO","Lyons/Rice Cnty, KS, US",2025-11-07 21:15:00,"2025-11-07 15:15:00","VFR",19.6,-3.5,340,11,NA,NA,1011.3,"METAR KLYO 072115Z AUTO 34011KT 10SM CLR 20/M04 A2986 RMK AO2 T01961035",2025-11-07 21:23:25.725663,2025-11-07 16:23:25.725701
"KMEZ","Mena Intermountain Muni, AR, US",2025-11-07 21:15:00,"2025-11-07 21:15:00","VFR",24.3,15.7,320,3,NA,NA,1007.5,"METAR KMEZ 072115Z AUTO 32003KT 10SM CLR 24/16 A2975 RMK AO2 T02430157",2025-11-07 21:23:25.731768,2025-11-07 16:23:25.731806
"KMDQ","Huntsville/Sharp Fld, AL, US",2025-11-07 21:15:00,"2025-11-07 21:15:00","MVFR",20.2,15.2,200,11,NA,NA,1009.6,"METAR KMDQ 072115Z AUTO 20011KT 10SM OVC022 20/15 A2981 RMK A02 T02020152",2025-11-07 21:23:25.73771,2025-11-07 16:23:25.737749
"KLXL","Little Falls/Morrison Cnty, MN, US",2025-11-07 21:15:00,"2025-11-07 21:15:00","MVFR",4,-1,330,9,NA,NA,1007.5,"METAR KLXL 072115Z AUTO 33009KT 10SM OVC030 04/M01 A2975 RMK AO2",2025-11-07 21:23:25.743639,2025-11-07 16:23:25.743678
"KMCX","Monticello/White Cnty, IN, US",2025-11-07 21:15:00,"2025-11-07 21:15:00","VFR",17.5,5,270,10,16,NA,1002.8,"METAR KMCX 072115Z AUTO 27010G16KT 10SM CLR 18/05 A2961 RMK AO2 T01750050",2025-11-07 21:23:25.749847,2025-11-07 16:23:25.749882
"KMFV","Melfa/Accomack Cnty, VA, US",2025-11-07 21:15:00,"2025-11-07 16:15:00","VFR",15,7,170,6,NA,NA,1011.9,"METAR KMFV 072115Z AUTO 17006KT 10SM CLR 15/07 A2988 RMK AO2 T01500070",2025-11-07 21:23:25.755795,2025-11-07 16:23:25.755836
"KLVL","Lawrenceville Muni, VA, US",2025-11-07 21:15:00,"2025-11-07 16:15:00","VFR",20.2,11.5,160,7,NA,NA,1011.3,"METAR KLVL 072115Z AUTO 16007KT 10SM CLR 20/12 A2986 RMK AO1 T02020115",2025-11-07 21:23:25.761706,2025-11-07 16:23:25.761743
"KMDS","Madison Muni, SD, US",2025-11-07 21:15:00,"2025-11-07 15:15:00","MVFR",3,1,340,13,NA,NA,1009.9,"METAR KMDS 072115Z AUTO 34013KT 10SM OVC013 03/01 A2982 RMK AO2 TSNO",2025-11-07 21:23:25.76756,2025-11-07 16:23:25.767599
"KLWA","South Haven Rgnl, MI, US",2025-11-07 21:15:00,"2025-11-07 21:15:00","VFR",14,6,260,8,NA,NA,1000.8,"METAR KLWA 072115Z AUTO 26008KT 10SM CLR 14/06 A2955 RMK AO2",2025-11-07 21:23:25.773456,2025-11-07 16:23:25.773494
"KLUX","Laurens Cnty, SC, US",2025-11-07 21:15:00,"2025-11-07 21:15:00","VFR",21,13,230,6,NA,NA,1012.3,"METAR KLUX 072115Z AUTO 23006KT 10SM BKN040 21/13 A2989 RMK AO2 LTG DSNT W",2025-11-07 21:23:25.779341,2025-11-07 16:23:25.779379
"KM25","Mayfield/Grave Cnty, KY, US",2025-11-07 21:15:00,"2025-11-07 21:15:00","MVFR",19.6,19,250,7,NA,6,1005.8,"METAR KM25 072115Z AUTO 25007KT 6SM BR BKN013 BKN027 OVC050 20/19 A2970 RMK AO2 CIG 012V016 T01960190",2025-11-07 21:23:25.785145,2025-11-07 16:23:25.785197
"KLZZ","Lampasas Arpt, TX, US",2025-11-07 21:15:00,"2025-11-07 21:15:00","VFR",29,10,NA,5,NA,NA,1008.5,"METAR KLZZ 072115Z AUTO VRB05KT 10SM CLR 29/10 A2978 RMK AO2",2025-11-07 21:23:25.791068,2025-11-07 16:23:25.791106
"KM30","Metropolis Muni, IL, US",2025-11-07 21:15:00,"2025-11-07 21:15:00","MVFR",20.9,14.4,230,6,NA,NA,1006.2,"METAR KM30 072115Z AUTO 23006KT 10SM BKN025 BKN040 21/14 A2971 RMK AO2 T02090144",2025-11-07 21:23:25.797034,2025-11-07 16:23:25.797071
"KM40","Aberdeen/Monroe Cnty, MS, US",2025-11-07 21:15:00,"2025-11-07 21:15:00","VFR",24,17,NA,4,NA,NA,1008.5,"METAR KM40 072115Z AUTO VRB04KT 10SM BKN038 BKN045 OVC055 24/17 A2978 RMK AO2",2025-11-07 21:23:25.802987,2025-11-07 16:23:25.803028
"KLSB","Lordsburg Muni, NM, US",2025-11-07 21:15:00,"2025-11-07 14:15:00","VFR",25,-6,280,11,17,NA,1016.3,"METAR KLSB 072115Z AUTO 28011G17KT 10SM CLR 25/M06 A3001 RMK AO2",2025-11-07 21:23:25.818391,2025-11-07 16:23:25.818429
"KMDD","Midland Airpark, TX, US",2025-11-07 21:15:00,"2025-11-07 15:15:00","VFR",24.2,-2.4,80,4,NA,NA,1014,"METAR KMDD 072115Z AUTO 08004KT 10SM CLR 24/M02 A2994 RMK AO2 T02421024",2025-11-07 21:23:25.824136,2025-11-07 16:23:25.824173
"KLUL","Laurel/Hesler-Noble Fld, MS, US",2025-11-07 21:15:00,"2025-11-07 15:15:00","VFR",28.1,19.2,270,5,NA,NA,1008.9,"METAR KLUL 072115Z AUTO 27005KT 10SM SCT042 SCT050 SCT060 28/19 A2979 RMK A02 T02810192",2025-11-07 21:23:25.830015,2025-11-07 16:23:25.83005
"KMAO","Marion Cnty Arpt, SC, US",2025-11-07 21:15:00,"2025-11-07 21:15:00","VFR",23,13,240,5,NA,NA,1011.9,"METAR KMAO 072115Z AUTO 24005KT 10SM CLR 23/13 A2988 RMK AO2",2025-11-07 21:23:25.835917,2025-11-07 16:23:25.835954
"KMDZ","Medford/Taylor Cnty, WI, US",2025-11-07 21:15:00,"2025-11-07 15:15:00","MVFR",4.1,3.6,330,7,NA,NA,1002.5,"METAR KMDZ 072115Z AUTO 33007KT 10SM SCT014 BKN023 OVC028 04/04 A2960 RMK AO2 T00410036 PWINO",2025-11-07 21:23:25.841638,2025-11-07 16:23:25.841673
"KLUD","Decatur Muni, TX, US",2025-11-07 21:15:00,"2025-11-07 21:15:00",NA,26.6,8.1,20,6,14,NA,1009.2,"METAR KLUD 072115Z AUTO 02006G14KT 10SM 27/08 A2980 RMK AO2 T02660081",2025-11-07 21:23:25.847452,2025-11-07 16:23:25.847491
"KLVN","Lakeville/Airlake Arpt, MN, US",2025-11-07 21:15:00,"2025-11-07 21:15:00","MVFR",6,2,340,9,NA,NA,1006.2,"METAR KLVN 072115Z AUTO 34009KT 10SM OVC026 06/02 A2971 RMK AO2",2025-11-07 21:23:25.853336,2025-11-07 16:23:25.853374
"KLUM","Menomenie Muni, WI, US",2025-11-07 21:15:00,"2025-11-07 21:15:00","MVFR",7,-0.5,320,10,15,NA,1004.5,"METAR KLUM 072115Z AUTO 32010G15KT 10SM OVC020 07/00 A2966 RMK AO2 T00701005 PWINO",2025-11-07 21:23:25.859232,2025-11-07 16:23:25.85927
"KM21","Greenville/Muhlenberg Cnty, KY, US",2025-11-07 21:15:00,"2025-11-07 21:15:00","IFR",17.8,17.6,0,0,NA,5,1005.8,"METAR KM21 072115Z AUTO 00000KT 5SM -DZ BKN008 OVC014 18/18 A2970 RMK AO2 T01780176",2025-11-07 21:23:25.865035,2025-11-07 16:23:25.86507
"KLXY","Mexia/Limestone Cnty, TX, US",2025-11-07 21:15:00,"2025-11-07 21:15:00","VFR",26.8,13.5,0,0,NA,NA,1007.9,"METAR KLXY 072115Z AUTO 00000KT 10SM CLR 27/14 A2976 RMK AO2 T02680135 TSNO",2025-11-07 21:23:25.870918,2025-11-07 16:23:25.870957
"KMAW","Malden Rgnl, MO, US",2025-11-07 21:15:00,"2025-11-07 15:15:00","VFR",23,16,250,8,NA,NA,1006.5,"METAR KMAW 072115Z AUTO 25008KT 10SM CLR 23/16 A2972 RMK AO1 LTG DSNT E",2025-11-07 21:23:25.876811,2025-11-07 16:23:25.876851
"KMBO","Madison/Campbell Fld, MS, US",2025-11-07 21:15:00,"2025-11-07 15:15:00","VFR",27,17,230,10,NA,NA,1008.2,"METAR KMBO 072115Z AUTO 23010KT 210V270 10SM BKN044 27/17 A2977 RMK AO2",2025-11-07 21:23:25.882699,2025-11-07 16:23:25.882736
"KMBY","Moberly/Bradley Arpt, MO, US",2025-11-07 21:15:00,"2025-11-07 15:15:00","VFR",21,0,280,15,19,NA,1007.2,"METAR KMBY 072115Z AUTO 28015G19KT 10SM CLR 21/00 A2974 RMK AO2",2025-11-07 21:23:25.888605,2025-11-07 16:23:25.888643
"KLXN","Lexington/Kelly Fld, NE, US",2025-11-07 21:15:00,"2025-11-07 15:15:00","VFR",18,-4.8,300,8,NA,NA,1010.2,"METAR KLXN 072115Z AUTO 30008KT 10SM CLR 18/M05 A2983 RMK AO2 T01801048",2025-11-07 21:23:25.894495,2025-11-07 16:23:25.894533
"KMCD","Mackinac Isl Arpt, MI, US",2025-11-07 21:15:00,"2025-11-07 16:15:00","VFR",6,3,290,17,24,NA,995,"METAR KMCD 072115Z AUTO 29017G24KT 10SM SCT029 BKN036 BKN043 06/03 A2938 RMK AO2 PK WND 27026/33",2025-11-07 21:23:25.900385,2025-11-07 16:23:25.900425
"KMBL","Manistee/Blacker Arpt, MI, US",2025-11-07 21:14:00,"2025-11-07 16:14:00","VFR",9,4,310,12,NA,NA,999.4,"SPECI KMBL 072114Z AUTO 31012KT 10SM FEW025 OVC035 09/04 A2951 RMK AO2",2025-11-07 21:23:25.906317,2025-11-07 16:23:25.906356
"KLSF","Fort Benning/Lawson AAF, GA, US",2025-11-07 21:09:00,"2025-11-07 15:09:00","VFR",21,17,330,8,NA,NA,1010.2,"SPECI KLSF 072109Z AUTO 33008KT 10SM FEW036 SCT055 21/17 A2983 RMK AO2 LTG DSNT SW DZE2055DZB2057E07RAB07E08DZB08E09 SLP106 $",2025-11-07 21:23:25.912163,2025-11-07 16:23:25.912217
"KM08","Bolivar/Whitehurst Fld, TN, US",2025-11-07 21:00:00,"2025-11-07 21:00:00",NA,21,17,250,7,13,NA,1007.2,"METAR KM08 072100Z AUTO 25007G13KT 10SM 21/17 A2974 RMK A01",2025-11-07 21:23:25.918204,2025-11-07 16:23:25.918245
"KLYV","Luverne Muni, MN, US",2025-11-07 20:58:00,"2025-11-07 20:58:00","MVFR",6,1,340,12,NA,NA,1009.6,"METAR KLYV 072058Z 34012KT 10SM OVC020 06/01 A2981 RMK AO2",2025-11-07 21:23:25.924087,2025-11-07 16:23:25.924124
"KMEI","Meridian/Key Fld, MS, US",2025-11-07 20:58:00,"2025-11-07 14:58:00","VFR",26.1,19.4,220,6,NA,NA,1008.9,"METAR KMEI 072058Z 22006KT 10SM CLR 26/19 A2979 RMK AO2 SLP083 T02610194 56028",2025-11-07 21:23:25.939109,2025-11-07 16:23:25.939144
"KLWS","Lewiston/Nez Perce Cnty, ID, US",2025-11-07 20:56:00,"2025-11-07 12:56:00","VFR",14.4,-1.1,280,13,NA,NA,1019.7,"METAR KLWS 072056Z 28013KT 10SM FEW065 14/M01 A3011 RMK AO2 SLP199 T01441011 50003 $",2025-11-07 21:23:25.944842,2025-11-07 16:23:25.944877
"KLZU","Lawrenceville/Gwinnett Cnty, GA, US",2025-11-07 20:56:00,"2025-11-07 15:56:00","VFR",20.6,13.9,170,8,NA,NA,1012.3,"METAR KLZU 072056Z 17008KT 10SM SCT033 OVC070 21/14 A2989 RMK AO2 SLPNO T02060139 56021 $",2025-11-07 21:23:25.95057,2025-11-07 16:23:25.950606
"KM19","Newport Muni, AR, US",2025-11-07 20:56:00,"2025-11-07 20:56:00","VFR",23.3,16.7,210,10,NA,NA,1006.9,"METAR KM19 072056Z AUTO 21010KT 10SM FEW032 23/17 A2973 RMK AO2 SLP080 T02330167 56016 $",2025-11-07 21:23:25.956245,2025-11-07 16:23:25.956282
"KMDT","Harrisburg Intl, PA, US",2025-11-07 20:56:00,"2025-11-07 15:56:00","VFR",15,3.3,190,12,21,NA,1006.2,"METAR KMDT 072056Z 19012G21KT 10SM FEW075 BKN210 OVC250 15/03 A2971 RMK AO2 PK WND 20027/2009 SLP061 T01500033 56035",2025-11-07 21:23:25.962007,2025-11-07 16:23:25.962043
"KM04","Covington Muni, TN, US",2025-11-07 20:55:00,"2025-11-07 20:55:00","MVFR",20,18,250,4,NA,NA,1007.2,"METAR KM04 072055Z AUTO 25004KT 10SM BKN016 BKN021 OVC050 20/18 A2974 RMK A01",2025-11-07 21:23:25.967847,2025-11-07 16:23:25.967882
"KMBT","Murfreesboro Muni, TN, US",2025-11-07 20:55:00,"2025-11-07 20:55:00","VFR",22,15,210,15,20,NA,1006.9,"METAR KMBT 072055Z AUTO 21015G20KT 10SM FEW031 22/15 A2973 RMK A01",2025-11-07 21:23:25.973715,2025-11-07 16:23:25.973752
"KLTS","Altus AFB, OK, US",2025-11-07 20:55:00,"2025-11-07 14:55:00","VFR",26,-1.8,40,12,NA,NA,1010.2,"METAR KLTS 072055Z AUTO 04012KT 10SM CLR 26/M02 A2983 RMK AO2 SLP092 T02601018 57016 $",2025-11-07 21:23:25.979614,2025-11-07 16:23:25.979652
"KMEV","Minden-Tahoe Arpt, NV, US",2025-11-07 20:55:00,"2025-11-07 12:55:00","VFR",18,6,340,7,NA,9,1021.4,"METAR KMEV 072055Z AUTO 34007KT 330V030 9SM BKN044 OVC050 18/06 A3016 RMK AO2",2025-11-07 21:23:25.985449,2025-11-07 16:23:25.985485
"KM91","Springfield/Robertson Cnty, TN, US",2025-11-07 20:55:00,"2025-11-07 20:55:00","VFR",18,18,200,4,NA,6,1005.5,"METAR KM91 072055Z AUTO 20004KT 6SM BR SCT025 BKN048 OVC065 18/18 A2969 RMK A01 P0001",2025-11-07 21:23:25.991249,2025-11-07 16:23:25.991288
"KMCF","Tampa/MacDill AFB, FL, US",2025-11-07 20:55:00,"2025-11-07 15:55:00","VFR",27.7,20,210,6,NA,NA,1011.9,"METAR KMCF 072055Z AUTO 21006KT 10SM CLR 28/20 A2988 RMK AO2 SLP121 T02770200 57021",2025-11-07 21:23:25.9972,2025-11-07 16:23:25.997241
"KLUG","Lewisburg/Ellington Arpt, TN, US",2025-11-07 20:55:00,"2025-11-07 20:55:00","MVFR",22,15,220,8,14,NA,1007.5,"METAR KLUG 072055Z AUTO 22008G14KT 190V260 10SM OVC030 22/15 A2975 RMK A01",2025-11-07 21:23:26.00308,2025-11-07 16:23:26.003117
"KMCC","McClellan AFB, CA, US",2025-11-07 20:55:00,"2025-11-07 12:55:00","VFR",20,14,300,5,NA,NA,1019.7,"METAR KMCC 072055Z AUTO 30005KT 10SM SCT040 20/14 A3011 RMK AO2",2025-11-07 21:23:26.008953,2025-11-07 16:23:26.008992
"KM02","Dickson Muni, TN, US",2025-11-07 20:55:00,"2025-11-07 20:55:00","VFR",22,15,210,13,NA,NA,1005.8,"METAR KM02 072055Z AUTO 21013KT 10SM SCT030 SCT055 BKN070 22/15 A2970 RMK A01",2025-11-07 21:23:26.014828,2025-11-07 16:23:26.014865
"KM75","Malta Arpt, MT, US",2025-11-07 20:55:00,"2025-11-07 13:55:00","VFR",10,2,0,0,NA,NA,1003.8,"METAR KM75 072055Z AUTO 00000KT 10SM FEW085 FEW100 10/02 A2964 RMK A01",2025-11-07 21:23:26.020699,2025-11-07 16:23:26.020738
"KLSV","Nellis AFB, NV, US",2025-11-07 20:55:00,"2025-11-07 12:55:00","VFR",25.6,-5.9,0,0,NA,NA,1013.3,"METAR KLSV 072055Z 00000KT 10SM FEW250 26/M06 A2992 RMK AO2A SLPNO T02561059 57030 $",2025-11-07 21:23:26.026572,2025-11-07 16:23:26.02661
"KLUF","Phoenix/Luke AFB, AZ, US",2025-11-07 20:55:00,"2025-11-07 13:55:00","VFR",28.1,2.3,0,0,NA,NA,1011.6,"METAR KLUF 072055Z 00000KT 10SM CLR 28/02 A2987 RMK AO2A SLP106 T02810023 57030 $",2025-11-07 21:23:26.032524,2025-11-07 16:23:26.032562
"KMFI","Marshfield Muni, WI, US",2025-11-07 20:54:00,"2025-11-07 14:54:00","MVFR",6.7,1.7,320,11,NA,NA,1001.8,"METAR KMFI 072054Z AUTO 32011KT 10SM OVC024 07/02 A2958 RMK AO2 RAE03 SLP025 P0000 60000 T00670017 53022",2025-11-07 21:23:26.03844,2025-11-07 16:23:26.038476
"KLWT","Lewistown Muni, MT, US",2025-11-07 20:54:00,"2025-11-07 13:54:00","VFR",10.6,-10.6,270,26,32,NA,1007.2,"METAR KLWT 072054Z AUTO 27026G32KT 10SM CLR 11/M11 A2974 RMK AO2 PK WND 26034/2028 SLP070 T01061106 56011",2025-11-07 21:23:26.044378,2025-11-07 16:23:26.044418
"KMEM","Memphis Intl, TN, US",2025-11-07 20:54:00,"2025-11-07 14:54:00","IFR",18.9,17.8,220,5,NA,8,1007.9,"METAR KMEM 072054Z 22005KT 8SM -DZ BKN009 BKN021 OVC030 19/18 A2976 RMK AO2 DZE21B52RAB21E52 SLP075 P0000 60000 T01890178 56017 $",2025-11-07 21:23:26.059337,2025-11-07 16:23:26.059372
"KLYH","Lynchburg/Glenn Fld, VA, US",2025-11-07 20:54:00,"2025-11-07 15:54:00","VFR",17.2,9.4,200,12,24,NA,1010.2,"METAR KLYH 072054Z 20012G24KT 10SM CLR 17/09 A2983 RMK AO2 SLP102 T01720094 56030",2025-11-07 21:23:26.065112,2025-11-07 16:23:26.065147
"KLWM","Lawrence Muni, MA, US",2025-11-07 20:54:00,"2025-11-07 15:54:00","VFR",10.6,-1.1,NA,6,NA,NA,1011.3,"METAR KLWM 072054Z VRB06KT 10SM SCT047 11/M01 A2986 RMK AO2 SLP111 T01061011 56038",2025-11-07 21:23:26.070864,2025-11-07 16:23:26.0709
"KMAI","Marianna Muni, FL, US",2025-11-07 20:53:00,"2025-11-07 20:53:00","VFR",26.1,17.8,210,7,NA,NA,1011.3,"METAR KMAI 072053Z AUTO 21007KT 10SM BKN039 BKN046 OVC080 26/18 A2986 RMK AO2 SLP109 T02610178 56022",2025-11-07 21:23:26.07658,2025-11-07 16:23:26.076616
"KLVJ","Houston/Pearland Rgnl, TX, US",2025-11-07 20:53:00,"2025-11-07 20:53:00","VFR",28.9,17.8,200,10,15,NA,1008.2,"METAR KLVJ 072053Z AUTO 20010G15KT 10SM CLR 29/18 A2977 RMK AO2 SLP078 T02890178 56027",2025-11-07 21:23:26.082299,2025-11-07 16:23:26.082335
"KLUK","Cincinnati/Lunken Fld, OH, US",2025-11-07 20:53:00,"2025-11-07 15:53:00","MVFR",16.1,14.4,200,8,NA,5,1003.8,"METAR KLUK 072053Z 20008KT 5SM BR BKN013 BKN018 OVC050 16/14 A2964 RMK AO2 RAB16E35 SLP038 P0000 60000 T01610144 56008",2025-11-07 21:23:26.088084,2025-11-07 16:23:26.08812
"KMAF","Midland Intl, TX, US",2025-11-07 20:53:00,"2025-11-07 14:53:00","VFR",24.4,-1.7,60,5,NA,NA,1014,"METAR KMAF 072053Z 06005KT 10SM CLR 24/M02 A2994 RMK AO2 SLP101 T02441017 56023",2025-11-07 21:23:26.09402,2025-11-07 16:23:26.094057
"KMCN","Macon/Middle Georgia Rgnl, GA, US",2025-11-07 20:53:00,"2025-11-07 15:53:00","VFR",23.3,12.8,220,6,NA,NA,1012.3,"METAR KMCN 072053Z 22006KT 10SM -RA FEW055 OVC090 23/13 A2989 RMK AO2 RAB53 SLP118 P0000 60000 T02330128 56020",2025-11-07 21:23:26.09991,2025-11-07 16:23:26.099947
"KMCB","McComb/Lewis Fld, MS, US",2025-11-07 20:53:00,"2025-11-07 14:53:00","VFR",27.2,18.9,210,6,NA,NA,1008.9,"METAR KMCB 072053Z AUTO 21006KT 10SM FEW039 27/19 A2979 RMK AO2 SLP083 T02720189 56027",2025-11-07 21:23:26.105863,2025-11-07 16:23:26.105901
"KMFE","McAllen/Miller Intl, TX, US",2025-11-07 20:53:00,"2025-11-07 14:53:00","VFR",34.4,12.8,130,8,15,NA,1006.9,"METAR KMFE 072053Z 13008G15KT 10SM CLR 34/13 A2973 RMK AO2 SLP067 T03440128 56032 $",2025-11-07 21:23:26.111763,2025-11-07 16:23:26.1118
"KLSE","La Crosse Muni, WI, US",2025-11-07 20:53:00,"2025-11-07 14:53:00","VFR",9.4,1.7,340,14,NA,NA,1002.8,"METAR KLSE 072053Z 34014KT 10SM OVC037 09/02 A2961 RMK AO2 SLP030 T00940017 53020",2025-11-07 21:23:26.117667,2025-11-07 16:23:26.117706
"KMDW","Chicago/Midway Intl, IL, US",2025-11-07 20:53:00,"2025-11-07 14:53:00","VFR",17.2,4.4,260,9,21,NA,1001.4,"METAR KMDW 072053Z 26009G21KT 10SM FEW050 FEW250 17/04 A2957 RMK AO2 SLP011 T01720044 53005",2025-11-07 21:23:26.12353,2025-11-07 16:23:26.123567
"KMAE","Madera Muni, CA, US",2025-11-07 20:53:00,"2025-11-07 12:53:00","VFR",22.2,11.1,320,9,NA,NA,1019,"METAR KMAE 072053Z AUTO 32009KT 10SM CLR 22/11 A3009 RMK AO2 SLP189 T02220111 58026",2025-11-07 21:23:26.129522,2025-11-07 16:23:26.129561
"KLWV","Lawrenceville-Vincennes Intl, IL, US",2025-11-07 20:53:00,"2025-11-07 14:53:00","VFR",21.1,7.8,280,10,NA,NA,1004.5,"METAR KLWV 072053Z AUTO 28010KT 10SM CLR 21/08 A2966 RMK AO2 SLP043 60000 T02110078 55002",2025-11-07 21:23:26.13542,2025-11-07 16:23:26.135459
"KMBS","Saginaw Intl, MI, US",2025-11-07 20:53:00,"2025-11-07 15:53:00","VFR",11.7,5.6,270,12,NA,NA,997.4,"METAR KMBS 072053Z 27012KT 10SM -RA OVC038 12/06 A2945 RMK AO2 PK WND 28028/2039 SLP973 P0000 60000 T01170056 53016",2025-11-07 21:23:26.141338,2025-11-07 16:23:26.141376
"KMCO","Orlando Intl, FL, US",2025-11-07 20:53:00,"2025-11-07 15:53:00","VFR",27.8,17.2,140,4,NA,NA,1012.3,"METAR KMCO 072053Z 14004KT 10SM FEW048 FEW120 SCT250 28/17 A2989 RMK AO2 SLP121 T02780172 56018",2025-11-07 21:23:26.147212,2025-11-07 16:23:26.147253
"KLXV","Leadville/Lake Cnty, CO, US",2025-11-07 20:53:00,"2025-11-07 13:53:00","VFR",7.2,-16.1,290,14,22,NA,1020.7,"METAR KLXV 072053Z AUTO 29014G22KT 10SM OVC075 07/M16 A3014 RMK AO2 SLP114 T00721161 55012",2025-11-07 21:23:26.153219,2025-11-07 16:23:26.153259
"KLVK","Livermore Muni, CA, US",2025-11-07 20:53:00,"2025-11-07 12:53:00","VFR",21.7,14.4,220,9,NA,NA,1019,"METAR KLVK 072053Z 22009KT 10SM CLR 22/14 A3009 RMK AO2 SLP188 T02170144 58024",2025-11-07 21:23:26.159166,2025-11-07 16:23:26.159218
"KLVM","Livingston/Mission Fld, MT, US",2025-11-07 20:53:00,"2025-11-07 13:53:00","VFR",6.7,-3.9,250,16,27,NA,1011.6,"METAR KLVM 072053Z AUTO 25016G27KT 10SM OVC110 07/M04 A2987 RMK AO2 PK WND 26027/2049 SLP114 60000 T00671039 58008",2025-11-07 21:23:26.174429,2025-11-07 16:23:26.174465
"KLXT","Lee's Summit Muni, MO, US",2025-11-07 20:53:00,"2025-11-07 20:53:00","VFR",20,1.1,300,9,18,NA,1008.2,"METAR KLXT 072053Z AUTO 30009G18KT 10SM CLR 20/01 A2977 RMK AO2 SLP077 T02000011 56020 $",2025-11-07 21:23:26.180145,2025-11-07 16:23:26.180195
"KMCE","Merced/Macready Fld, CA, US",2025-11-07 20:53:00,"2025-11-07 12:53:00","VFR",22.2,13.9,310,8,NA,NA,1018.7,"METAR KMCE 072053Z AUTO 31008KT 10SM CLR 22/14 A3008 RMK AO2 SLP184 T02220139 58026",2025-11-07 21:23:26.185876,2025-11-07 16:23:26.185913
"KMCK","McCook Muni, NE, US",2025-11-07 20:53:00,"2025-11-07 14:53:00","VFR",17.8,-3.9,270,11,NA,NA,1010.9,"METAR KMCK 072053Z AUTO 27011KT 10SM CLR 18/M04 A2985 RMK AO2 SLP105 T01781039 56023",2025-11-07 21:23:26.191578,2025-11-07 16:23:26.191613
"KMCW","Mason City Muni, IA, US",2025-11-07 20:53:00,"2025-11-07 14:53:00","MVFR",8.3,2.8,320,20,NA,NA,1005.5,"METAR KMCW 072053Z AUTO 32020KT 10SM OVC024 08/03 A2969 RMK AO2 PK WND 29028/2017 SLP055 T00830028 53026",2025-11-07 21:23:26.197268,2025-11-07 16:23:26.197303
"KMFR","Medford/Rogue Valley Intl, OR, US",2025-11-07 20:53:00,"2025-11-07 12:53:00","VFR",15,7.8,0,0,NA,NA,1022.8,"METAR KMFR 072053Z 00000KT 10SM FEW032 15/08 A3020 RMK AO2 SLP224 T01500078 58007",2025-11-07 21:23:26.203112,2025-11-07 16:23:26.203147
"KMCI","Kansas City Intl, MO, US",2025-11-07 20:53:00,"2025-11-07 14:53:00","VFR",20.6,-1.1,300,13,21,NA,1007.9,"METAR KMCI 072053Z 30013G21KT 10SM FEW050 21/M01 A2976 RMK AO2 SLP074 T02061011 56017 $",2025-11-07 21:23:26.209011,2025-11-07 16:23:26.209048
"KLVS","Las Vegas Muni, NM, US",2025-11-07 20:53:00,"2025-11-07 13:53:00","VFR",17.2,-6.1,180,20,26,NA,1016.7,"METAR KLVS 072053Z AUTO 18020G26KT 10SM CLR 17/M06 A3002 RMK AO2 PK WND 17027/2036 SLP091 T01721061 58038 $",2025-11-07 21:23:26.214913,2025-11-07 16:23:26.214952
"KMDH","Murphysboro/S Illinois Arpt, IL, US",2025-11-07 20:52:00,"2025-11-07 14:52:00","VFR",21.7,10,330,9,NA,NA,1005.8,"METAR KMDH 072052Z 33009KT 10SM CLR 22/10 A2970 RMK AO2 SLP055 T02170100 55005",2025-11-07 21:23:26.220801,2025-11-07 16:23:26.220836
"KMEB","Laurinberg/Maxton Arpt, NC, US",2025-11-07 20:52:00,"2025-11-07 15:52:00","VFR",22.8,13.3,230,8,NA,NA,1011.9,"METAR KMEB 072052Z AUTO 23008KT 10SM FEW043 23/13 A2988 RMK AO2 SLP118 T02280133 56027",2025-11-07 21:23:26.226718,2025-11-07 16:23:26.226754
"KMBG","Mobridge Muni, SD, US",2025-11-07 20:52:00,"2025-11-07 14:52:00","MVFR",3.3,-0.6,40,5,NA,NA,1010.2,"METAR KMBG 072052Z AUTO 04005KT 10SM OVC020 03/M01 A2983 RMK AO2 SLP112 T00331006 58006",2025-11-07 21:23:26.232588,2025-11-07 16:23:26.232625
"KLWC","Lawrence Muni, KS, US",2025-11-07 20:52:00,"2025-11-07 14:52:00","VFR",21.7,0,330,14,22,NA,1008.2,"METAR KLWC 072052Z AUTO 33014G22KT 10SM CLR 22/00 A2977 RMK AO1 SLP080 T02170000 56020",2025-11-07 21:23:26.238553,2025-11-07 16:23:26.238593
"KMFD","Mansfield/Lahm Rgnl, OH, US",2025-11-07 20:52:00,"2025-11-07 15:52:00","IFR",12.2,11.1,220,14,23,4,1001.1,"METAR KMFD 072052Z 22014G23KT 4SM BR OVC005 12/11 A2956 RMK AO2 CIG 004V008 SLP010 60008 T01220111 55003 $",2025-11-07 21:23:26.244365,2025-11-07 16:23:26.244401
"KM54","Lebanon Muni, TN, US",2025-11-07 20:50:00,"2025-11-07 20:50:00","VFR",21,16,210,10,16,NA,1006.2,"METAR KM54 072050Z AUTO 21010G16KT 10SM BKN035 OVC042 21/16 A2971 RMK A01",2025-11-07 21:23:26.250274,2025-11-07 16:23:26.250314
"KLWB","Lewisburg/Greenbrier Valley Arpt, WV, US",2025-11-07 20:45:00,"2025-11-07 15:45:00","VFR",19,6,240,20,26,NA,1007.9,"METAR KLWB 072045Z 24020G26KT 10SM CLR 19/06 A2976",2025-11-07 21:23:26.256222,2025-11-07 16:23:26.256262
"KMNN","Marion Muni, OH, US",2025-11-07 21:20:00,"2025-11-07 16:20:00","MVFR",13.9,11.7,250,10,NA,8,1001.4,"SPECI KMNN 072120Z AUTO 25010KT 8SM SCT015 OVC022 14/12 A2957 RMK AO2 T01390117",2025-11-07 21:23:27.806778,2025-11-07 16:23:27.806813
"KMSL","Muscle Shoals/NW Alabama Rgnl, AL, US",2025-11-07 21:17:00,"2025-11-07 15:17:00","VFR",23.3,15.6,220,10,NA,NA,1008.2,"SPECI KMSL 072117Z AUTO 22010KT 10SM FEW027 SCT033 BKN049 23/16 A2977 RMK AO2 T02330156 $",2025-11-07 21:23:27.812667,2025-11-07 16:23:27.812702
"KMQI","Manteo/Dare Cnty, NC, US",2025-11-07 21:17:00,"2025-11-07 16:17:00","VFR",18,13,170,9,NA,NA,1013.6,"METAR KMQI 072117Z AUTO 17009KT 10SM OVC047 18/13 A2993 RMK AO2",2025-11-07 21:23:27.818378,2025-11-07 16:23:27.818418
"KN24","Questa Muni, NM, US",2025-11-07 21:15:00,"2025-11-07 21:15:00","VFR",15.2,-8.7,190,3,20,NA,1018.7,"METAR KN24 072115Z AUTO 19003G20KT 10SM CLR 15/M09 A3008 RMK AO2 T01521087",2025-11-07 21:23:27.824086,2025-11-07 16:23:27.824121
"KMNZ","Hamilton Muni, TX, US",2025-11-07 21:15:00,"2025-11-07 21:15:00","VFR",26,9,20,13,18,NA,1009.2,"METAR KMNZ 072115Z AUTO 02013G18KT 10SM CLR 26/09 A2980 RMK AO2",2025-11-07 21:23:27.829918,2025-11-07 16:23:27.829952
"KMMH","Mammoth/Yosemite Arpt, CA, US",2025-11-07 21:15:00,"2025-11-07 13:15:00","VFR",18,-2,330,7,17,NA,1022.1,"METAR KMMH 072115Z AUTO 33007G17KT 300V360 10SM CLR 18/M02 A3018 RMK AO2",2025-11-07 21:23:27.835811,2025-11-07 16:23:27.83585
"KMXO","Monticello Rgnl, IA, US",2025-11-07 21:15:00,"2025-11-07 21:15:00","VFR",16,5,260,14,20,NA,1001.4,"METAR KMXO 072115Z AUTO 26014G20KT 10SM CLR 16/05 A2957 RMK AO2",2025-11-07 21:23:27.84205,2025-11-07 16:23:27.842089
"KMKN","Comanche Cnty, TX, US",2025-11-07 21:15:00,"2025-11-07 21:15:00","VFR",27.5,10.5,360,12,17,NA,1009.9,"METAR KMKN 072115Z AUTO 36012G17KT 10SM CLR 28/11 A2982 RMK AO2 T02750105",2025-11-07 21:23:27.847939,2025-11-07 16:23:27.847976
"KMQJ","Indianapolis Rgnl, IN, US",2025-11-07 21:15:00,"2025-11-07 21:15:00","VFR",18.5,5.9,290,14,NA,NA,1003.1,"METAR KMQJ 072115Z AUTO 29014KT 10SM CLR 19/06 A2962 RMK AO2 T01850059 $",2025-11-07 21:23:27.853823,2025-11-07 16:23:27.853862
"KMOP","Mount Pleasant Muni, MI, US",2025-11-07 21:15:00,"2025-11-07 21:15:00","VFR",11.7,5,270,10,16,NA,997.7,"METAR KMOP 072115Z AUTO 27010G16KT 10SM BKN032 BKN039 OVC046 12/05 A2946 RMK AO2 T01170050",2025-11-07 21:23:27.85973,2025-11-07 16:23:27.859766
"KMYJ","Mexico Mem, MO, US",2025-11-07 21:15:00,"2025-11-07 21:15:00","VFR",20,3,280,13,17,NA,1006.9,"METAR KMYJ 072115Z AUTO 28013G17KT 10SM CLR 20/03 A2973 RMK AO2",2025-11-07 21:23:27.865692,2025-11-07 16:23:27.865728
"KMQS","Coatesville/Chester Cnty, PA, US",2025-11-07 21:15:00,"2025-11-07 16:15:00","VFR",14,3,170,8,15,NA,1007.9,"METAR KMQS 072115Z AUTO 17008G15KT 120V210 10SM CLR 14/03 A2976 RMK AO2",2025-11-07 21:23:27.871619,2025-11-07 16:23:27.871657
"KMKJ","Marion/Mountain Empire Arpt, VA, US",2025-11-07 21:15:00,"2025-11-07 21:15:00","VFR",17.7,4.3,240,7,NA,NA,1010.2,"METAR KMKJ 072115Z AUTO 24007KT 10SM CLR 18/04 A2983 RMK AO2 LTG DSNT W T01770043",2025-11-07 21:23:27.877527,2025-11-07 16:23:27.877564
"KMGG","Maple Lake Muni, MN, US",2025-11-07 21:15:00,"2025-11-07 21:15:00","MVFR",5.8,0,320,6,NA,NA,1007.5,"METAR KMGG 072115Z AUTO 32006KT 10SM OVC027 06/00 A2975 RMK AO2 T00580000",2025-11-07 21:23:27.883394,2025-11-07 16:23:27.883431
"KMWO","Middletown/Hook Fld, OH, US",2025-11-07 21:15:00,"2025-11-07 16:15:00","IFR",15,14,220,8,NA,5,1003.8,"METAR KMWO 072115Z AUTO 22008KT 5SM BR BKN007 BKN013 BKN026 15/14 A2964 RMK AO2",2025-11-07 21:23:27.889197,2025-11-07 16:23:27.889238
"KMJD","Picayune Muni, MS, US",2025-11-07 21:15:00,"2025-11-07 21:15:00","MVFR",28,22,160,9,NA,NA,1008.5,"METAR KMJD 072115Z AUTO 16009KT 10SM BKN026 BKN036 BKN042 28/22 A2978 RMK AO2 LTG DSNT E",2025-11-07 21:23:27.89512,2025-11-07 16:23:27.895157
"KMNI","Manning/Cooper Rgnl, SC, US",2025-11-07 21:15:00,"2025-11-07 21:15:00","VFR",23,12,200,3,NA,NA,1012.3,"METAR KMNI 072115Z AUTO 20003KT 10SM CLR 23/12 A2989 RMK AO2",2025-11-07 21:23:27.90104,2025-11-07 16:23:27.901078
"KMTV","Martinsville/Blue Ridge Arpt, VA, US",2025-11-07 21:15:00,"2025-11-07 21:15:00","VFR",18,8.2,210,5,NA,NA,1011.6,"METAR KMTV 072115Z AUTO 21005KT 10SM CLR 18/08 A2987 RMK AO2 T01800082",2025-11-07 21:23:27.906976,2025-11-07 16:23:27.907014
"KMKV","Marksville Muni, LA, US",2025-11-07 21:15:00,"2025-11-07 21:15:00",NA,27.7,16.9,200,7,NA,NA,1008.5,"METAR KMKV 072115Z AUTO 20007KT 10SM 28/17 A2978 RMK AO2 T02770169",2025-11-07 21:23:27.921695,2025-11-07 16:23:27.92173
"KMWK","Mt Airy/Surry Cnty, NC, US",2025-11-07 21:15:00,"2025-11-07 21:15:00","VFR",16.8,11.4,210,5,NA,NA,1011.6,"METAR KMWK 072115Z AUTO 21005KT 10SM CLR 17/11 A2987 RMK AO2 T01680114",2025-11-07 21:23:27.927389,2025-11-07 16:23:27.927428
"KMHP","Metter Muni, GA, US",2025-11-07 21:15:00,"2025-11-07 21:15:00","VFR",24.8,13.1,240,3,NA,NA,1012.6,"METAR KMHP 072115Z AUTO 24003KT 10SM SCT055 25/13 A2990 RMK AO2 T02480131",2025-11-07 21:23:27.933064,2025-11-07 16:23:27.9331
"KMGC","Michigan City Muni, IN, US",2025-11-07 21:15:00,"2025-11-07 15:15:00","VFR",15,5,280,7,NA,NA,1001.8,"METAR KMGC 072115Z AUTO 28007KT 10SM CLR 15/05 A2958 RMK AO2",2025-11-07 21:23:27.938726,2025-11-07 16:23:27.938762
"KMHL","Marshall Muni, MO, US",2025-11-07 21:15:00,"2025-11-07 15:15:00","VFR",20,3,270,10,16,NA,1008.2,"METAR KMHL 072115Z AUTO 27010G16KT 10SM CLR 20/03 A2977 RMK AO2",2025-11-07 21:23:27.944447,2025-11-07 16:23:27.944486
"KMGR","Moultrie Muni, GA, US",2025-11-07 21:15:00,"2025-11-07 16:15:00","VFR",26.8,12.5,250,5,NA,NA,1011.9,"METAR KMGR 072115Z AUTO 25005KT 10SM CLR 27/13 A2988 RMK AO2 T02680125 $",2025-11-07 21:23:27.950299,2025-11-07 16:23:27.950338
"KMUT","Muscatine Muni, IA, US",2025-11-07 21:15:00,"2025-11-07 15:15:00",NA,19,3,280,14,22,NA,1003.5,"METAR KMUT 072115Z AUTO 28014G22KT 10SM 19/03 A2963 RMK AO2 PWINO",2025-11-07 21:23:27.956148,2025-11-07 16:23:27.956202
"KMLJ","Milledgeville/Baldwin Cnty, GA, US",2025-11-07 21:15:00,"2025-11-07 21:15:00","VFR",24,15,0,0,NA,NA,1011.6,"METAR KMLJ 072115Z AUTO 00000KT 10SM -RA FEW050 SCT065 OVC090 24/15 A2987 RMK AO2",2025-11-07 21:23:27.962004,2025-11-07 16:23:27.962039
"KMGN","Harbor Springs Arpt, MI, US",2025-11-07 21:15:00,"2025-11-07 21:15:00","MVFR",7.5,2.5,280,12,21,NA,996,"METAR KMGN 072115Z AUTO 28012G21KT 240V300 10SM SCT020 BKN030 OVC036 07/02 A2941 RMK AO2 T00750025",2025-11-07 21:23:27.967862,2025-11-07 16:23:27.9679
"KMWM","Windom Muni, MN, US",2025-11-07 21:15:00,"2025-11-07 21:15:00","MVFR",4,2,300,13,23,NA,1008.5,"METAR KMWM 072115Z AUTO 30013G23KT 10SM BKN011 OVC023 04/02 A2978 RMK AO2",2025-11-07 21:23:27.973726,2025-11-07 16:23:27.973767
"KMQB","Macomb Muni, IL, US",2025-11-07 21:15:00,"2025-11-07 15:15:00","VFR",19.5,4.3,290,17,NA,NA,1004.8,"METAR KMQB 072115Z AUTO 29017KT 10SM CLR 20/04 A2967 RMK AO2 T01950043",2025-11-07 21:23:27.979597,2025-11-07 16:23:27.979634
"KMZH","Moose Lake/Carlton C, MN, US",2025-11-07 21:15:00,"2025-11-07 21:15:00","MVFR",5,-1,340,6,NA,NA,1006.5,"METAR KMZH 072115Z AUTO 34006KT 10SM OVC027 05/M01 A2972 RMK AO2",2025-11-07 21:23:27.985431,2025-11-07 16:23:27.985469
"KMJQ","Jackson Muni, MN, US",2025-11-07 21:15:00,"2025-11-07 21:15:00","MVFR",4,0,320,19,22,NA,1008.2,"METAR KMJQ 072115Z AUTO 32019G22KT 10SM SCT011 OVC018 04/00 A2977 RMK AO2",2025-11-07 21:23:27.991311,2025-11-07 16:23:27.991349
"KMYZ","Marysville Muni, KS, US",2025-11-07 21:15:00,"2025-11-07 21:15:00","VFR",20,-5,290,9,NA,NA,1009.2,"METAR KMYZ 072115Z AUTO 29009KT 10SM CLR 20/M05 A2980 RMK AO2",2025-11-07 21:23:27.997289,2025-11-07 16:23:27.997326
"KN03","Cortland/Cortland Cnty, NY, US",2025-11-07 21:15:00,"2025-11-07 16:15:00","VFR",9,4,220,16,25,NA,1001.1,"METAR KN03 072115Z AUTO 22016G25KT 10SM DZ SCT046 BKN070 OVC085 09/04 A2956 RMK AO2",2025-11-07 21:23:28.003143,2025-11-07 16:23:28.003196
"KMVE","Montevideo/Chippewa Cnty, MN, US",2025-11-07 21:15:00,"2025-11-07 15:15:00","MVFR",3,1,320,8,NA,NA,1009.6,"METAR KMVE 072115Z AUTO 32008KT 10SM BKN024 OVC029 03/01 A2981 RMK AO2",2025-11-07 21:23:28.009018,2025-11-07 16:23:28.009054
"KMZZ","Marion Muni, IN, US",2025-11-07 21:15:00,"2025-11-07 16:15:00","VFR",16.9,4.3,280,13,NA,NA,1002.8,"METAR KMZZ 072115Z AUTO 28013KT 10SM CLR 17/04 A2961 RMK AO2 T01690043",2025-11-07 21:23:28.014889,2025-11-07 16:23:28.014925
"KMLE","Omaha/Millard Arpt, NE, US",2025-11-07 21:15:00,"2025-11-07 21:15:00","VFR",18.2,1.1,310,13,19,7,1007.9,"METAR KMLE 072115Z AUTO 31013G19KT 7SM CLR 18/01 A2976 RMK AO2 T01820011",2025-11-07 21:23:28.02072,2025-11-07 16:23:28.020759
"KMPR","McPherson Arpt, KS, US",2025-11-07 21:15:00,"2025-11-07 21:15:00","VFR",20.5,-1.6,300,11,NA,NA,1010.9,"METAR KMPR 072115Z AUTO 30011KT 10SM CLR 20/M02 A2985 RMK AO2 T02051016",2025-11-07 21:23:28.035546,2025-11-07 16:23:28.035581
"KMOX","Morris Muni, MN, US",2025-11-07 21:15:00,"2025-11-07 21:15:00","MVFR",2,1,330,16,24,NA,1009.2,"METAR KMOX 072115Z AUTO 33016G24KT 10SM SCT011 OVC022 02/01 A2980 RMK AO2",2025-11-07 21:23:28.041193,2025-11-07 16:23:28.041233
"KMKS","Moncks Corner/Berkeley Cnty, SC, US",2025-11-07 21:15:00,"2025-11-07 21:15:00","VFR",24,12,240,3,NA,NA,1012.3,"METAR KMKS 072115Z AUTO 24003KT 10SM CLR 24/12 A2989 RMK AO2",2025-11-07 21:23:28.046872,2025-11-07 16:23:28.046909
"KMPZ","Mount Pleasant Muni, IA, US",2025-11-07 21:10:00,"2025-11-07 15:10:00","VFR",19,1,290,12,18,NA,1004.1,"METAR KMPZ 072110Z AUTO 29012G18KT 10SM CLR 19/01 A2965 RMK AO2",2025-11-07 21:23:28.052565,2025-11-07 16:23:28.052601
"KMML","Marshall Muni, MN, US",2025-11-07 21:08:00,"2025-11-07 15:08:00","MVFR",3,0,320,14,NA,NA,1009.6,"SPECI KMML 072108Z AUTO 32014KT 10SM SCT014 OVC021 03/00 A2981 RMK AO2",2025-11-07 21:23:28.058309,2025-11-07 16:23:28.05835
"KMRH","Beaufort/Smith Fld, NC, US",2025-11-07 21:06:00,"2025-11-07 21:06:00","VFR",18.3,17.2,140,6,NA,6,1013,"SPECI KMRH 072106Z AUTO 14006KT 6SM -RA BR SCT017 BKN042 OVC075 18/17 A2991 RMK AO2 P0000 T01830172",2025-11-07 21:23:28.064076,2025-11-07 16:23:28.064115
"KMIC","Minneapolis/Crystal Arpt, MN, US",2025-11-07 21:05:00,"2025-11-07 21:05:00","MVFR",5.6,0,330,9,18,NA,1006.2,"SPECI KMIC 072105Z 33009G18KT 10SM BKN029 OVC033 06/00 A2971 RMK AO2 T00560000",2025-11-07 21:23:28.069953,2025-11-07 16:23:28.069991
"KMOB","Mobile Rgnl, AL, US",2025-11-07 21:03:00,"2025-11-07 15:03:00","VFR",25,21.1,180,10,NA,NA,1010.6,"SPECI KMOB 072103Z 18010KT 10SM FEW032 SCT048 BKN065 25/21 A2984 RMK AO2 T02500211",2025-11-07 21:23:28.075819,2025-11-07 16:23:28.075856
"KMRN","Morganton/Foothills Rgnl, NC, US",2025-11-07 21:02:00,"2025-11-07 16:02:00","VFR",19,12,0,0,NA,NA,1012.3,"METAR KMRN 072102Z AUTO 00000KT 10SM CLR 19/12 A2989 RMK AO2",2025-11-07 21:23:28.081738,2025-11-07 16:23:28.081775
"KMRF","Marfa Muni, TX, US",2025-11-07 21:01:00,"2025-11-07 15:01:00","VFR",26.7,-5,230,9,NA,NA,1017.4,"METAR KMRF 072101Z AUTO 23009KT 10SM CLR 27/M05 A3004 RMK AO2 SLP116 T02671050 58022 $",2025-11-07 21:23:28.087655,2025-11-07 16:23:28.087694
"KMNM","Menominee/Twin Cnty, MI, US",2025-11-07 20:57:00,"2025-11-07 14:57:00","VFR",7.2,2.2,340,10,NA,NA,1000.4,"METAR KMNM 072057Z AUTO 34010KT 10SM SCT029 OVC035 07/02 A2954 RMK AO2 SLP006 T00720022 51033 $",2025-11-07 21:23:28.093594,2025-11-07 16:23:28.093634
"KMKT","Mankato Rgnl, MN, US",2025-11-07 20:56:00,"2025-11-07 20:56:00","MVFR",5.6,2.2,320,13,NA,NA,1006.9,"METAR KMKT 072056Z AUTO 32013KT 10SM BKN017 OVC023 06/02 A2973 RMK AO2 SLP077 T00560022 53027",2025-11-07 21:23:28.099487,2025-11-07 16:23:28.099528
"KMWN","Mount Washington, NH, US",2025-11-07 20:56:00,"2025-11-07 20:56:00","LIFR",-7,-7,200,30,40,0,NA,"METAR KMWN 072056Z 20030G40KT 0SM FZFG BLSN VV000 M07/M07 RMK VRY LGT ICG",2025-11-07 21:23:28.105299,2025-11-07 16:23:28.105336
"KMTW","Manitowoc Muni, WI, US",2025-11-07 20:56:00,"2025-11-07 14:56:00","VFR",10.6,2.8,310,9,NA,NA,999.7,"METAR KMTW 072056Z AUTO 31009KT 10SM OVC046 11/03 A2952 RMK AO2 SLP999 T01060028 53022 $",2025-11-07 21:23:28.111213,2025-11-07 16:23:28.111253
"KMVN","Mount Vernon Arpt, IL, US",2025-11-07 20:56:00,"2025-11-07 20:56:00","VFR",20.6,6.7,280,5,NA,NA,1005.8,"METAR KMVN 072056Z AUTO 28005KT 10SM OVC120 21/07 A2970 RMK AO2 SLPNO T02060067 53001 $",2025-11-07 21:23:28.117173,2025-11-07 16:23:28.117228
"KMTC","Selfridge ANGB, MI, US",2025-11-07 20:56:00,"2025-11-07 15:56:00","MVFR",13,8.9,240,7,NA,NA,996.4,"METAR KMTC 072056Z 24007KT 10SM FEW015 BKN030 13/09 A2942 RMK AO2A SLP968 60000 T01300089 53005 $",2025-11-07 21:23:28.123061,2025-11-07 16:23:28.123099
"KMJX","Toms River/Miller Arpt, NJ, US",2025-11-07 20:56:00,"2025-11-07 15:56:00","VFR",14.4,3.3,180,12,18,NA,1009.9,"METAR KMJX 072056Z AUTO 18012G18KT 10SM CLR 14/03 A2982 RMK AO2 SLP103 P0001 60001 T01440033 58039 $",2025-11-07 21:23:28.128955,2025-11-07 16:23:28.12899
"KMQY","Smyrna Arpt, TN, US",2025-11-07 20:56:00,"2025-11-07 14:56:00","MVFR",21.6,14,260,15,23,NA,1007.5,"METAR KMQY 072056Z 26015G23KT 10SM BKN030 22/14 A2975 RMK AO2 SLPNO 6//// T02160140 $",2025-11-07 21:23:28.134892,2025-11-07 16:23:28.13493
"KMSV","Monticello/Sullivan Cnty, NY, US",2025-11-07 20:56:00,"2025-11-07 15:56:00","VFR",11.1,1.1,190,11,20,NA,1006.2,"METAR KMSV 072056Z AUTO 19011G20KT 10SM BKN070 11/01 A2971 RMK AO2 SLP068 T01110011 56038",2025-11-07 21:23:28.140803,2025-11-07 16:23:28.140842
"KMRC","Columbia/Maury Cnty, TN, US",2025-11-07 20:55:00,"2025-11-07 14:55:00","VFR",22,16,210,13,NA,NA,1006.5,"METAR KMRC 072055Z AUTO 21013KT 10SM FEW035 BKN044 BKN055 22/16 A2972 RMK A01",2025-11-07 21:23:28.158548,2025-11-07 16:23:28.158587
"KMMT","Columbia/McEntire JNGB, SC, US",2025-11-07 20:55:00,"2025-11-07 15:55:00","VFR",26.8,10.9,210,5,NA,NA,1011.3,"METAR KMMT 072055Z AUTO 21005KT 10SM CLR 27/11 A2986 RMK AO2 SLP113 T02680109 57024 $",2025-11-07 21:23:28.164567,2025-11-07 16:23:28.164602
"KMGE","Marietta/Dobbins AFB, GA, US",2025-11-07 20:55:00,"2025-11-07 15:55:00","VFR",21.3,14,200,5,NA,NA,1010.9,"METAR KMGE 072055Z 20005KT 10SM FEW037 BKN050 OVC100 21/14 A2985 RMK AO2A SLP106 P0000 60000 T02130140 57020 $",2025-11-07 21:23:28.170252,2025-11-07 16:23:28.170287
"KMZJ","Marana/Pinal Aprk, AZ, US",2025-11-07 20:55:00,"2025-11-07 13:55:00","VFR",29,-1,340,6,NA,NA,1013.6,"METAR KMZJ 072055Z AUTO 34006KT 10SM CLR 29/M01 A2993 RMK AO2",2025-11-07 21:23:28.175969,2025-11-07 16:23:28.176006
"KMIO","Miami Muni, OK, US",2025-11-07 20:55:00,"2025-11-07 20:55:00","VFR",23,5,350,8,13,NA,1008.9,"METAR KMIO 072055Z AUTO 35008G13KT 10SM CLR 23/05 A2979 RMK A01",2025-11-07 21:23:28.181662,2025-11-07 16:23:28.181698
"KMXF","Maxwell AFB, AL, US",2025-11-07 20:55:00,"2025-11-07 14:55:00","MVFR",19.9,18.9,90,3,NA,NA,1010.2,"METAR KMXF 072055Z AUTO 09003KT 10SM SCT005 BKN021 OVC050 20/19 A2983 RMK AO2 RAB1955E00 BKN V OVC SLP104 P0000 60010 T01990189 57023 $",2025-11-07 21:23:28.187485,2025-11-07 16:23:28.187522
"KMHR","Sacramento/Mather Fld, CA, US",2025-11-07 20:55:00,"2025-11-07 12:55:00","VFR",22,13,NA,4,NA,NA,1019,"METAR KMHR 072055Z AUTO VRB04KT 10SM CLR 22/13 A3009 RMK AO2",2025-11-07 21:23:28.193363,2025-11-07 16:23:28.193402
"KMIB","Minot AFB, ND, US",2025-11-07 20:55:00,"2025-11-07 14:55:00","MVFR",-0.4,-5.4,70,5,NA,NA,1010.6,"METAR KMIB 072055Z 07005KT 10SM BKN020 OVC070 M00/M05 A2984 RMK AO2A SLP127 T10041054 57016",2025-11-07 21:23:28.199241,2025-11-07 16:23:28.199284
"KMOR","Morristown/Moore Arpt, TN, US",2025-11-07 20:55:00,"2025-11-07 20:55:00","VFR",22,NA,210,11,20,NA,1008.5,"METAR KMOR 072055Z AUTO 21011G20KT 10SM BKN055 OVC070 22/1 A2978 RMK A01",2025-11-07 21:23:28.205091,2025-11-07 16:23:28.205131
"KMKG","Muskegon Cnty Arpt, MI, US",2025-11-07 20:55:00,"2025-11-07 15:55:00","VFR",12.2,5.6,260,13,22,NA,1000.1,"METAR KMKG 072055Z 26013G22KT 10SM FEW020 FEW250 12/06 A2953 RMK AO2 SLP001 T01220056 53018",2025-11-07 21:23:28.210931,2025-11-07 16:23:28.210969
"KMMI","Athens/McMinn Cnty, TN, US",2025-11-07 20:55:00,"2025-11-07 15:55:00","VFR",22,14,210,6,16,NA,1009.9,"METAR KMMI 072055Z AUTO 21006G16KT 10SM SCT033 22/14 A2982 RMK A01",2025-11-07 21:23:28.216782,2025-11-07 16:23:28.21682
"KMUI","Fort Indiantown Gap/Muir AAF, PA, US",2025-11-07 20:55:00,"2025-11-07 15:55:00","VFR",14.4,2.9,150,6,NA,NA,1005.8,"METAR KMUI 072055Z 15006KT 10SM FEW060 SCT130 OVC210 14/03 A2970 RMK AO2A SLP063 T01440029 57034",2025-11-07 21:23:28.222654,2025-11-07 16:23:28.222692
"KMNV","Madisonville/Monroe Cnty, TN, US",2025-11-07 20:55:00,"2025-11-07 20:55:00","VFR",21,15,200,13,19,NA,1009.2,"METAR KMNV 072055Z AUTO 20013G19KT 170V230 10SM SCT038 SCT044 BKN055 21/15 A2980 RMK A01",2025-11-07 21:23:28.228493,2025-11-07 16:23:28.228529
"KMUO","Mountain Home AFB, ID, US",2025-11-07 20:55:00,"2025-11-07 13:55:00","VFR",12.1,0.2,270,14,NA,9,1020.7,"METAR KMUO 072055Z 27014KT 9SM SCT040 BKN050 12/00 A3014 RMK AO2A SLP207 P0000 60000 T01210002 52008 $",2025-11-07 21:23:28.234284,2025-11-07 16:23:28.234321
"KMVL","Morrisville-Stowe State Arpt, VT, US",2025-11-07 20:54:00,"2025-11-07 15:54:00","VFR",6.7,-2.2,180,16,28,NA,1004.5,"METAR KMVL 072054Z AUTO 18016G28KT 10SM BKN080 OVC100 07/M02 A2966 RMK AO2 PK WND 17031/2023 SLP052 T00671022 56047",2025-11-07 21:23:28.240111,2025-11-07 16:23:28.240147
"KMGJ","Montgomery/Orange Cnty, NY, US",2025-11-07 20:54:00,"2025-11-07 15:54:00",NA,13.9,0,180,10,NA,NA,1006.9,"METAR KMGJ 072054Z AUTO 18010KT 10SM 14/00 A2973 RMK AO2 SLP068 T01390000 $",2025-11-07 21:23:28.246003,2025-11-07 16:23:28.246042
"KMTN","Baltimore/Martin State Arpt, MD, US",2025-11-07 20:54:00,"2025-11-07 15:54:00","VFR",15,5,200,17,24,NA,1009.6,"METAR KMTN 072054Z 20017G24KT 10SM CLR 15/05 A2981",2025-11-07 21:23:28.251906,2025-11-07 16:23:28.251947
"KMTP","Montauk Arpt, NY, US",2025-11-07 20:54:00,"2025-11-07 15:54:00",NA,14.4,5.6,200,11,23,NA,1011.9,"METAR KMTP 072054Z AUTO 20011G23KT 14/06 A2988 RMK AO1 PK WND 23027/2037 SLP119 T01440056 56039",2025-11-07 21:23:28.257764,2025-11-07 16:23:28.2578
"KMOT","Minot Intl, ND, US",2025-11-07 20:54:00,"2025-11-07 14:54:00","MVFR",-1.7,-4.4,110,3,NA,NA,1011.6,"METAR KMOT 072054Z 11003KT 10SM OVC011 M02/M04 A2987 RMK AO2 SLP136 T10171044 58013",2025-11-07 21:23:28.263772,2025-11-07 16:23:28.263812
"KMKC","Kansas City/Wheeler Downtown Arpt, MO, US",2025-11-07 20:54:00,"2025-11-07 14:54:00","VFR",21.7,2.2,310,13,20,NA,1007.5,"METAR KMKC 072054Z 31013G20KT 10SM FEW080 22/02 A2975 RMK AO2 SLP070 T02170022 56021",2025-11-07 21:23:28.27935,2025-11-07 16:23:28.279389
"KMRY","Monterey Rgnl, CA, US",2025-11-07 20:54:00,"2025-11-07 12:54:00","VFR",18.9,12.2,270,5,NA,NA,1020.1,"METAR KMRY 072054Z 27005KT 10SM CLR 19/12 A3012 RMK AO2 SLP209 T01890122 58017",2025-11-07 21:23:28.285451,2025-11-07 16:23:28.285486
"KMIV","Millville Muni, NJ, US",2025-11-07 20:54:00,"2025-11-07 15:54:00","VFR",14.4,3.9,170,7,18,NA,1009.9,"METAR KMIV 072054Z AUTO 17007G18KT 120V200 10SM CLR 14/04 A2982 RMK AO2 SLP096 T01440039 56044",2025-11-07 21:23:28.291168,2025-11-07 16:23:28.291221
"KMTJ","Montrose Rgnl, CO, US",2025-11-07 20:53:00,"2025-11-07 13:53:00","VFR",13.3,-5.6,0,0,NA,NA,1018.7,"METAR KMTJ 072053Z AUTO 00000KT 10SM FEW100 13/M06 A3008 RMK AO2 SLP153 T01331056 56017",2025-11-07 21:23:28.296822,2025-11-07 16:23:28.296857
"KMGM","Montgomery Rgnl, AL, US",2025-11-07 20:53:00,"2025-11-07 14:53:00","IFR",20,18.9,100,5,NA,NA,1011.3,"METAR KMGM 072053Z 10005KT 10SM OVC005 20/19 A2986 RMK AO2 SLP109 60037 T02000189 56022",2025-11-07 21:23:28.30251,2025-11-07 16:23:28.302545
"KMLU","Monroe Rgnl, LA, US",2025-11-07 20:53:00,"2025-11-07 14:53:00","VFR",26.1,17.2,270,5,NA,9,1008.5,"METAR KMLU 072053Z 27005KT 9SM BKN041 26/17 A2978 RMK AO2 SLP082 T02610172 56023",2025-11-07 21:23:28.308244,2025-11-07 16:23:28.308279
"KMYV","Marysville/Yuba Cnty, CA, US",2025-11-07 20:53:00,"2025-11-07 12:53:00","VFR",20.6,12.8,290,5,NA,NA,1020.1,"METAR KMYV 072053Z AUTO 29005KT 10SM CLR 21/13 A3012 RMK AO2 SLP203 T02060128 58017",2025-11-07 21:23:28.314088,2025-11-07 16:23:28.314128
"KMIA","Miami Intl, FL, US",2025-11-07 20:53:00,"2025-11-07 15:53:00","VFR",28.3,20,130,7,NA,NA,1011.9,"METAR KMIA 072053Z 13007KT 10SM FEW038 SCT100 SCT140 BKN250 28/20 A2988 RMK AO2 SLP117 T02830200 56016 $",2025-11-07 21:23:28.319976,2025-11-07 16:23:28.320013
"KMKO","Muskogee/Davis Fld, OK, US",2025-11-07 20:53:00,"2025-11-07 20:53:00","VFR",26.1,8.3,330,9,NA,NA,1009.2,"METAR KMKO 072053Z AUTO 33009KT 10SM CLR 26/08 A2980 RMK AO2 SLP084 T02610083 56014",2025-11-07 21:23:28.325834,2025-11-07 16:23:28.32587
"KMLC","McAlester Rgnl, OK, US",2025-11-07 20:53:00,"2025-11-07 14:53:00","VFR",26.7,9.4,NA,5,NA,NA,1008.5,"METAR KMLC 072053Z AUTO VRB05KT 10SM CLR 27/09 A2978 RMK AO2 SLP075 T02670094 56012",2025-11-07 21:23:28.331707,2025-11-07 16:23:28.331745
"KMSY","New Orleans/Armstrong Intl, LA, US",2025-11-07 20:53:00,"2025-11-07 14:53:00","VFR",28.3,20.6,210,8,NA,NA,1008.9,"METAR KMSY 072053Z 21008KT 10SM SCT033 28/21 A2979 RMK AO2 SLP090 T02830206 56027",2025-11-07 21:23:28.337557,2025-11-07 16:23:28.337596
"KMIE","Muncie/Johnson Fld, IN, US",2025-11-07 20:53:00,"2025-11-07 15:53:00","VFR",18.3,5.6,290,15,25,NA,1002.5,"METAR KMIE 072053Z 29015G25KT 10SM FEW047 18/06 A2960 RMK AO2 PK WND 26028/2014 SLP017 T01830056 55000",2025-11-07 21:23:28.343464,2025-11-07 16:23:28.343502
"KMGW","Morgantown Muni, WV, US",2025-11-07 20:53:00,"2025-11-07 15:53:00","MVFR",14.4,12.2,180,8,NA,3,1004.1,"METAR KMGW 072053Z 18008KT 3SM -RA BR BKN031 OVC080 14/12 A2965 RMK AO2 RAB10 SLP041 P0009 60009 T01440122 56018",2025-11-07 21:23:28.349213,2025-11-07 16:23:28.349251
"KMKL","Jackson/McKellar Rgnl, TN, US",2025-11-07 20:53:00,"2025-11-07 14:53:00","MVFR",20.6,16.7,250,11,NA,NA,1007.5,"METAR KMKL 072053Z 25011KT 10SM SCT021 OVC026 21/17 A2975 RMK AO1 RAE45 SLP072 P0000 60000 T02060167 56013",2025-11-07 21:23:28.355065,2025-11-07 16:23:28.355107
"KMLS","Miles City/Wiley Fld, MT, US",2025-11-07 20:53:00,"2025-11-07 13:53:00","VFR",13.3,0,250,13,NA,NA,1005.8,"METAR KMLS 072053Z AUTO 25013KT 10SM BKN110 13/00 A2970 RMK AO2 SLP062 T01330000 58026",2025-11-07 21:23:28.361056,2025-11-07 16:23:28.361094
"KMHT","Manchester Rgnl, NH, US",2025-11-07 20:53:00,"2025-11-07 15:53:00","VFR",10,-0.6,180,13,NA,NA,1009.6,"METAR KMHT 072053Z 18013KT 10SM BKN130 BKN250 10/M01 A2981 RMK AO2 SLP111 T01001006 56034",2025-11-07 21:23:28.366906,2025-11-07 16:23:28.366945
"KMRB","Martinsburg/E West Virginia Rgnl, WV, US",2025-11-07 20:53:00,"2025-11-07 15:53:00","VFR",17.2,5,180,9,17,NA,1005.2,"METAR KMRB 072053Z 18009G17KT 10SM CLR 17/05 A2968 RMK AO2 SLP052 T01720050 56031 $",2025-11-07 21:23:28.372808,2025-11-07 16:23:28.372846
"KMTH","Marathon Arpt, FL, US",2025-11-07 20:53:00,"2025-11-07 15:53:00","VFR",27.8,22.8,30,5,NA,NA,1011.9,"METAR KMTH 072053Z AUTO 03005KT 10SM CLR 28/23 A2988 RMK AO2 SLP116 T02780228 56017",2025-11-07 21:23:28.37874,2025-11-07 16:23:28.37878
"KMTO","Mattoon/Coles Cnty, IL, US",2025-11-07 20:53:00,"2025-11-07 14:53:00","VFR",20.6,3.9,280,14,NA,NA,1004.5,"METAR KMTO 072053Z AUTO 28014KT 10SM CLR 21/04 A2966 RMK AO2 SLP040 T02060039 56002",2025-11-07 21:23:28.384642,2025-11-07 16:23:28.384679
"KMOD","Modesto/Sham Fld, CA, US",2025-11-07 20:53:00,"2025-11-07 12:53:00","VFR",22.2,13.9,310,9,16,NA,1018.7,"METAR KMOD 072053Z 31009G16KT 10SM FEW028 22/14 A3008 RMK AO2 SLP186 T02220139 58024",2025-11-07 21:23:28.400345,2025-11-07 16:23:28.400384
"KMIW","Marshalltown Muni, IA, US",2025-11-07 20:53:00,"2025-11-07 20:53:00","VFR",15,3.3,300,25,34,NA,1004.5,"METAR KMIW 072053Z AUTO 30025G34KT 10SM CLR 15/03 A2966 RMK AO2 PK WND 30035/2028 SLP043 T01500033 53003",2025-11-07 21:23:28.406439,2025-11-07 16:23:28.406474
"KMMK","Meriden/Markham Muni, CT, US",2025-11-07 20:53:00,"2025-11-07 20:53:00","VFR",13.3,3.9,180,10,21,NA,1009.6,"METAR KMMK 072053Z AUTO 18010G21KT 10SM CLR 13/04 A2981 RMK AO2 PK WND 18033/2029 SLP095 60000 T01330039 56041",2025-11-07 21:23:28.412161,2025-11-07 16:23:28.412213
"KMYF","San Diego/Montgomery Arpt, CA, US",2025-11-07 20:53:00,"2025-11-07 12:53:00","VFR",22.2,15,240,9,NA,NA,1012.3,"METAR KMYF 072053Z 24009KT 10SM CLR 22/15 A2989 RMK AO2 SLP119 T02220150 56023",2025-11-07 21:23:28.417828,2025-11-07 16:23:28.417863
"KMMV","McMinnville Muni, OR, US",2025-11-07 20:53:00,"2025-11-07 20:53:00","VFR",12.2,10,0,0,NA,9,1023.5,"METAR KMMV 072053Z AUTO 00000KT 9SM -RA SCT045 BKN065 OVC080 12/10 A3022 RMK AO2 RAB07B11 SLP232 P0001 60001 T01220100 $",2025-11-07 21:23:28.423449,2025-11-07 16:23:28.423483
"KMSP","Minneapolis-St Paul Intl, MN, US",2025-11-07 20:53:00,"2025-11-07 14:53:00","MVFR",6.1,0,330,15,NA,NA,1005.8,"METAR KMSP 072053Z 33015KT 10SM OVC028 06/00 A2970 RMK AO2 SLP063 T00610000 53025",2025-11-07 21:23:28.429218,2025-11-07 16:23:28.429259
"KMHE","Mitchell Muni, SD, US",2025-11-07 20:53:00,"2025-11-07 14:53:00","MVFR",6.1,0.6,350,10,NA,NA,1010.9,"METAR KMHE 072053Z AUTO 35010KT 10SM OVC027 06/01 A2985 RMK AO2 SLP116 T00610006 53009",2025-11-07 21:23:28.435036,2025-11-07 16:23:28.435073
"KMGY","Dayton/Wright Brothers Arpt, OH, US",2025-11-07 20:53:00,"2025-11-07 15:53:00","IFR",14.4,13.3,240,9,NA,4,1003.1,"METAR KMGY 072053Z AUTO 24009KT 4SM BR OVC006 14/13 A2962 RMK AO2 RAE32 SLP029 P0001 60001 T01440133 55002",2025-11-07 21:23:28.440819,2025-11-07 16:23:28.440855
"KMPO","Mount Pocono Muni, PA, US",2025-11-07 20:53:00,"2025-11-07 15:53:00","VFR",10,0.6,160,14,22,NA,1006.5,"METAR KMPO 072053Z AUTO 16014G22KT 10SM OVC070 10/01 A2972 RMK AO2 PK WND 16031/2022 SLP076 T01000006 56033",2025-11-07 21:23:28.446694,2025-11-07 16:23:28.446729
"KMYR","Myrtle Beach Intl, SC, US",2025-11-07 20:53:00,"2025-11-07 15:53:00","VFR",21.1,18.3,160,7,NA,NA,1013,"METAR KMYR 072053Z 16007KT 10SM CLR 21/18 A2991 RMK AO2 SLP127 T02110183 56022 $",2025-11-07 21:23:28.45256,2025-11-07 16:23:28.452597
"KMSN","Madison/Dane Cnty Rgnl, WI, US",2025-11-07 20:53:00,"2025-11-07 14:53:00","VFR",15,2.8,300,8,15,NA,1000.1,"METAR KMSN 072053Z 30008G15KT 10SM FEW060 BKN090 BKN250 15/03 A2953 RMK AO2 SLP001 T01500028 53001",2025-11-07 21:23:28.458466,2025-11-07 16:23:28.458505
"KMSO","Missoula Intl, MT, US",2025-11-07 20:53:00,"2025-11-07 13:53:00","VFR",8.9,-3.3,270,12,22,NA,1017,"METAR KMSO 072053Z 27012G22KT 10SM BKN060 OVC075 09/M03 A3003 RMK AO2 SLP177 T00891033 53015",2025-11-07 21:23:28.464336,2025-11-07 16:23:28.464376
"KMLB","Melbourne Intl, FL, US",2025-11-07 20:53:00,"2025-11-07 15:53:00","VFR",25.6,20.6,130,7,NA,NA,1012.3,"METAR KMLB 072053Z 13007KT 10SM SCT065 26/21 A2989 RMK AO2 SLP122 T02560206 56018",2025-11-07 21:23:28.47016,2025-11-07 16:23:28.470213
"KMWL","Mineral Wells Arpt, TX, US",2025-11-07 20:53:00,"2025-11-07 14:53:00","VFR",27.2,7.2,360,12,19,NA,1008.5,"METAR KMWL 072053Z AUTO 36012G19KT 10SM CLR 27/07 A2978 RMK AO2 SLP072 T02720072 56012",2025-11-07 21:23:28.476089,2025-11-07 16:23:28.476124
"KMLI","Moline/Quad City Intl, IL, US",2025-11-07 20:52:00,"2025-11-07 14:52:00","VFR",18.3,3.3,270,18,25,NA,1002.5,"METAR KMLI 072052Z 27018G25KT 10SM CLR 18/03 A2960 RMK AO2 SLP021 T01830033 55004",2025-11-07 21:23:28.481955,2025-11-07 16:23:28.481991
"KMLF","Milford Muni, UT, US",2025-11-07 20:52:00,"2025-11-07 20:52:00","VFR",17.8,-3.3,0,0,NA,NA,1018.4,"METAR KMLF 072052Z AUTO 00000KT 10SM CLR 18/M03 A3007 RMK AO2 SLP158 T01781033 58018",2025-11-07 21:23:28.487826,2025-11-07 16:23:28.487866
"KMHK","Manhattan Rgnl, KS, US",2025-11-07 20:52:00,"2025-11-07 14:52:00","VFR",20.6,0,290,6,16,NA,1009.6,"METAR KMHK 072052Z AUTO 29006G16KT 10SM CLR 21/00 A2981 RMK AO2 SLP093 T02060000 56020",2025-11-07 21:23:28.493725,2025-11-07 16:23:28.493763
"KMKE","Milwaukee/Mitchell Intl, WI, US",2025-11-07 20:52:00,"2025-11-07 14:52:00","VFR",15,3.3,300,11,NA,NA,1000.1,"METAR KMKE 072052Z 30011KT 10SM FEW050 FEW250 15/03 A2953 RMK AO2 SLP000 T01500033 53007",2025-11-07 21:23:28.499585,2025-11-07 16:23:28.499622
"KMWH","Moses Lake/Grant Cnty, WA, US",2025-11-07 20:52:00,"2025-11-07 12:52:00",NA,13.3,1.7,210,17,23,NA,1019.4,"METAR KMWH 072052Z AUTO 21017G23KT 10SM -RA 13/02 A3010 RMK AO2 RAB36 SLP194 P0000 60000 T01330017 $",2025-11-07 21:23:28.505531,2025-11-07 16:23:28.505575
"KMYL","McCall Muni, ID, US",2025-11-07 20:51:00,"2025-11-07 13:51:00","VFR",6.7,-4.4,260,8,NA,NA,1020.4,"METAR KMYL 072051Z AUTO 26008KT 10SM FEW045 07/M04 A3013 RMK AO2 SLP204 T00671044 50009",2025-11-07 21:23:28.521395,2025-11-07 16:23:28.521435
"KMPV","Montpelier/Knapp Arpt, VT, US",2025-11-07 20:51:00,"2025-11-07 15:51:00","VFR",5.6,-2.8,190,6,17,NA,1005.8,"METAR KMPV 072051Z AUTO 19006G17KT 10SM OVC100 06/M03 A2970 RMK AO2 SLP071 T00561028 56044",2025-11-07 21:23:28.527525,2025-11-07 16:23:28.52756
"KMWC","Milwaukee/Timmerman Arpt, WI, US",2025-11-07 20:45:00,"2025-11-07 14:45:00","VFR",14,3,300,13,24,NA,1000.4,"METAR KMWC 072045Z 30013G24KT 10SM CLR 14/03 A2954",2025-11-07 21:23:28.533243,2025-11-07 16:23:28.533279
"KMMU","Morristown Muni, NJ, US",2025-11-07 20:45:00,"2025-11-07 15:45:00","VFR",15,2,200,12,17,NA,1008.9,"METAR KMMU 072045Z 20012G17KT 10SM BKN075 BKN250 15/02 A2979",2025-11-07 21:23:28.538905,2025-11-07 16:23:28.538941
"KN38","Wellsboro/Grand Canyon Rgnl, PA, US",2025-11-07 21:15:00,"2025-11-07 21:15:00","MVFR",8,4,220,9,NA,3,1003.8,"METAR KN38 072115Z AUTO 22009KT 3SM -RA OVC035 08/04 A2964 RMK AO2",2025-11-07 21:23:29.912051,2025-11-07 16:23:29.912089
"KOEL","Oakley Muni, KS, US",2025-11-07 21:15:00,"2025-11-07 21:15:00","VFR",17.9,-7.8,250,5,NA,NA,1012.6,"METAR KOEL 072115Z AUTO 25005KT 10SM CLR 18/M08 A2990 RMK AO1 T01791078",2025-11-07 21:23:29.918145,2025-11-07 16:23:29.918196
"KOBE","Okeechobee Cnty Arpt, FL, US",2025-11-07 21:15:00,"2025-11-07 16:15:00","VFR",28,20,0,0,NA,NA,1011.6,"METAR KOBE 072115Z AUTO 00000KT 10SM CLR 28/20 A2987 RMK AO2",2025-11-07 21:23:29.924065,2025-11-07 16:23:29.924102
"KOCQ","Oconto/Blake Mem, WI, US",2025-11-07 21:15:00,"2025-11-07 21:15:00","VFR",7.5,1.6,320,6,NA,NA,1000.8,"METAR KOCQ 072115Z AUTO 32006KT 10SM OVC033 08/02 A2955 RMK AO1 T00750016",2025-11-07 21:23:29.930007,2025-11-07 16:23:29.930043
"KN79","Shamokin/Northumberland Cnty, PA, US",2025-11-07 21:15:00,"2025-11-07 21:15:00","VFR",13.1,1.2,190,11,23,NA,1004.5,"METAR KN79 072115Z AUTO 19011G23KT 10SM CLR 13/01 A2966 RMK AO2 T01310012",2025-11-07 21:23:29.935828,2025-11-07 16:23:29.935866
"KO32","Reedley Muni, CA, US",2025-11-07 21:15:00,"2025-11-07 21:15:00","VFR",21.7,11.9,NA,3,NA,NA,1017.7,"METAR KO32 072115Z AUTO VRB03KT 10SM CLR 22/12 A3005 RMK AO2 T02170119",2025-11-07 21:23:29.941749,2025-11-07 16:23:29.941789
"KNY0","Johnstown/Fulton Cnty, NY, US",2025-11-07 21:15:00,"2025-11-07 21:15:00","VFR",8.3,-1,120,7,NA,NA,1002.5,"METAR KNY0 072115Z AUTO 12007KT 10SM BKN060 OVC080 08/M01 A2960 RMK AO2 T00831010",2025-11-07 21:23:29.947634,2025-11-07 16:23:29.94767
"KNRN","Norton Muni, KS, US",2025-11-07 21:15:00,"2025-11-07 21:15:00","VFR",19,-4,290,10,NA,NA,1010.9,"METAR KNRN 072115Z AUTO 29010KT 10SM CLR 19/M04 A2985 RMK AO2",2025-11-07 21:23:29.953562,2025-11-07 16:23:29.953598
"KOAR","Marina Muni, CA, US",2025-11-07 21:15:00,"2025-11-07 13:15:00","VFR",20,12,280,8,NA,NA,1019,"METAR KOAR 072115Z AUTO 28008KT 10SM CLR 20/12 A3009 RMK AO2",2025-11-07 21:23:29.95949,2025-11-07 16:23:29.959526
"KOGA","Ogalla/Searle Fld, NE, US",2025-11-07 21:15:00,"2025-11-07 14:15:00","VFR",17,-6.5,280,9,NA,NA,1010.2,"METAR KOGA 072115Z AUTO 28009KT 10SM CLR 17/M06 A2983 RMK AO2 T01701065",2025-11-07 21:23:29.965412,2025-11-07 16:23:29.965454
"KOGS","Ogdensburg Intl, NY, US",2025-11-07 21:15:00,"2025-11-07 16:15:00","VFR",6,5,NA,4,NA,9,997.4,"METAR KOGS 072115Z AUTO VRB04KT 9SM FEW043 OVC050 06/05 A2945 RMK AO2",2025-11-07 21:23:29.971352,2025-11-07 16:23:29.971395
"KOEB","Coldwater/Branch Cnty, MI, US",2025-11-07 21:15:00,"2025-11-07 21:15:00","VFR",14,7,270,12,19,NA,1000.1,"METAR KOEB 072115Z AUTO 27012G19KT 10SM FEW032 14/07 A2953 RMK AO2",2025-11-07 21:23:29.987599,2025-11-07 16:23:29.98764
"KO22","Columbia Arpt, CA, US",2025-11-07 21:15:00,"2025-11-07 13:15:00","VFR",20,10,230,6,NA,NA,1019.7,"METAR KO22 072115Z AUTO 23006KT 10SM BKN095 20/10 A3011 RMK A01",2025-11-07 21:23:29.993661,2025-11-07 16:23:29.993697
"KO61","Cameron Pa, CA, US",2025-11-07 21:15:00,"2025-11-07 21:15:00","VFR",19.8,11.9,310,6,NA,NA,1019.7,"METAR KO61 072115Z AUTO 31006KT 10SM CLR 20/12 A3011 RMK AO2 T01980119",2025-11-07 21:23:29.999374,2025-11-07 16:23:29.99941
"KOEO","Osceola/Simenstad Muni, WI, US",2025-11-07 21:15:00,"2025-11-07 15:15:00","MVFR",6,-0.2,330,6,NA,NA,1006.9,"METAR KOEO 072115Z AUTO 33006KT 10SM OVC024 06/00 A2973 RMK AO2 T00601002 PWINO",2025-11-07 21:23:30.005095,2025-11-07 16:23:30.005131
"KOIN","Oberlin Muni, KS, US",2025-11-07 21:15:00,"2025-11-07 21:15:00","VFR",18,-1,280,8,NA,NA,1011.6,"METAR KOIN 072115Z AUTO 28008KT 10SM CLR 18/M01 A2987 RMK AO2",2025-11-07 21:23:30.01078,2025-11-07 16:23:30.010817
"KOIC","Norwich/Eaton Arpt, NY, US",2025-11-07 21:15:00,"2025-11-07 16:15:00","VFR",10,4,190,15,21,9,1002.5,"METAR KOIC 072115Z AUTO 19015G21KT 9SM -RA BKN048 OVC065 10/04 A2960 RMK AO2 PK WND 19027/35",2025-11-07 21:23:30.016554,2025-11-07 16:23:30.016589
"KO26","Lone Pine Arpt, CA, US",2025-11-07 21:15:00,"2025-11-07 21:15:00","VFR",23,-2,140,4,NA,9,1019.4,"METAR KO26 072115Z AUTO 14004KT 9SM CLR 23/M02 A3010 RMK A01",2025-11-07 21:23:30.022374,2025-11-07 16:23:30.022409
"KNJM","Swansboro/Bogue Fld, NC, US",2025-11-07 21:14:00,"2025-11-07 21:14:00","MVFR",19.4,17.2,190,5,NA,6,1013,"SPECI KNJM 072114Z AUTO 19005KT 6SM BR BKN024 BKN095 19/17 A2991 RMK AO2 T01940172 $",2025-11-07 21:23:30.028205,2025-11-07 16:23:30.028246
"KOCW","Washington/Warren Arpt, NC, US",2025-11-07 21:10:00,"2025-11-07 16:10:00","MVFR",17,14.6,120,3,NA,NA,1013.3,"METAR KOCW 072110Z AUTO 12003KT 10SM -DZ BKN018 BKN026 OVC041 17/15 A2992 RMK AO2 T01700146",2025-11-07 21:23:30.034026,2025-11-07 16:23:30.034063
"KNOW","Port Angeles, WA, US",2025-11-07 21:10:00,"2025-11-07 21:10:00","VFR",NA,NA,0,0,NA,NA,1022.4,"METAR KNOW 072110Z AUTO 00000KT 10SM BKN070 A3019 RMK AO2",2025-11-07 21:23:30.039891,2025-11-07 16:23:30.03993
"KOJA","Weatherford/Stafford Arpt, OK, US",2025-11-07 21:10:00,"2025-11-07 21:10:00","VFR",23.3,-1.3,360,11,15,NA,1011.6,"METAR KOJA 072110Z AUTO 36011G15KT 10SM CLR 23/M01 A2987 RMK AO2 T02331013",2025-11-07 21:23:30.045821,2025-11-07 16:23:30.045858
"KNFJ","Milton/Choctaw, FL, US",2025-11-07 21:09:00,"2025-11-07 21:09:00","VFR",25,21.1,180,8,NA,NA,1011.3,"SPECI KNFJ 072109Z AUTO 18008KT 10SM SCT019 BKN035 OVC085 25/21 A2986 RMK AO2 T02500211 $ ",2025-11-07 21:23:30.051725,2025-11-07 16:23:30.051764
"KNKT","Cherry Point MCAS, NC, US",2025-11-07 21:02:00,"2025-11-07 21:02:00","MVFR",18.9,18.3,170,5,NA,NA,1013.3,"SPECI KNKT 072102Z 17005KT 10SM BKN011 OVC075 19/18 A2992 RMK AO2 T01890183",2025-11-07 21:23:30.057648,2025-11-07 16:23:30.057689
"KNGU","Norfolk NAS, VA, US",2025-11-07 20:59:00,"2025-11-07 15:59:00","VFR",19.4,10,190,8,16,NA,1012.6,"METAR KNGU 072059Z 19008G16KT 10SM BKN050 BKN250 19/10 A2990 RMK AO2 SLP124 T01940100 56033",2025-11-07 21:23:30.063558,2025-11-07 16:23:30.063599
"KNFE","Fentress, VA, US",2025-11-07 20:58:00,"2025-11-07 20:58:00","VFR",18.9,11.1,180,8,NA,NA,1012.6,"METAR KNFE 072058Z AUTO 18008KT 10SM SCT048 BKN060 19/11 A2990 RMK AO2 SLP128 T01890111 56029",2025-11-07 21:23:30.069463,2025-11-07 16:23:30.069499
"KNYL","Yuma , AZ, US",2025-11-07 20:57:00,"2025-11-07 13:57:00","VFR",30,3.9,10,4,NA,NA,1010.9,"METAR KNYL 072057Z 01004KT 10SM CLR 30/04 A2985 RMK AO2 SLP107 T03000039 58029",2025-11-07 21:23:30.075379,2025-11-07 16:23:30.075419
"KNFL","Fallon , NV, US",2025-11-07 20:57:00,"2025-11-07 12:57:00","VFR",18.3,4.4,350,7,NA,NA,1020.4,"METAR KNFL 072057Z 35007KT 10SM SCT050 SCT120 BKN250 18/04 A3013 RMK AO2 SLP169 T01830044 58014",2025-11-07 21:23:30.08133,2025-11-07 16:23:30.08137
"KNJW","Meridian Range B, MS, US",2025-11-07 20:57:00,"2025-11-07 20:57:00","VFR",24.4,17.8,240,9,NA,NA,1009.9,"METAR KNJW 072057Z AUTO 24009KT 10SM FEW028 SCT036 24/18 A2982 RMK AO2 SLP014 T02440178 56023",2025-11-07 21:23:30.087348,2025-11-07 16:23:30.087385
"KNPA","Pensacola , FL, US",2025-11-07 20:56:00,"2025-11-07 14:56:00","VFR",25,21.7,180,9,NA,NA,1010.6,"METAR KNPA 072056Z 18009KT 10SM BKN036 OVC090 25/22 A2984 RMK AO2 SLP107 T02500217 56021",2025-11-07 21:23:30.093321,2025-11-07 16:23:30.093361
"KNID","China Lake , CA, US",2025-11-07 20:56:00,"2025-11-07 20:56:00",NA,25.6,1.1,NA,NA,NA,NA,1017,"METAR KNID 072056Z AUTO CLR 26/01 A3003 RMK AO2 SLP158 T02560011 58032 $",2025-11-07 21:23:30.109596,2025-11-07 16:23:30.109636
"KOFK","Norfolk/Stefan Mem, NE, US",2025-11-07 20:56:00,"2025-11-07 14:56:00","VFR",16.1,-0.6,320,13,24,NA,1008.2,"METAR KOFK 072056Z AUTO 32013G24KT 10SM CLR 16/M01 A2977 RMK AO2 PK WND 30030/2011 SLP085 T01611006 55005",2025-11-07 21:23:30.115657,2025-11-07 16:23:30.115693
"KNCA","New River MCAS, NC, US",2025-11-07 20:56:00,"2025-11-07 20:56:00","VFR",20.6,18.3,130,6,NA,NA,1012.3,"METAR KNCA 072056Z AUTO 13006KT 10SM FEW022 21/18 A2989 RMK AO2 SLP125 60001 T02060183 56024 $",2025-11-07 21:23:30.121377,2025-11-07 16:23:30.121412
"KNLC","Lemoore , CA, US",2025-11-07 20:56:00,"2025-11-07 12:56:00","VFR",22.2,10.6,340,10,NA,NA,1018.7,"METAR KNLC 072056Z COR 34010KT 10SM SCT260 22/11 A3008 RMK AO2 SLP185 RH/45 T02220106 58027",2025-11-07 21:23:30.127099,2025-11-07 16:23:30.127135
"KNGP","Corpus Christi/Truax Fld NAS, TX, US",2025-11-07 20:56:00,"2025-11-07 20:56:00","VFR",27.8,20.6,160,16,NA,NA,1007.2,"METAR KNGP 072056Z 16016KT 10SM CLR 28/21 A2974 RMK AO2 SLP071 T02780206 56031",2025-11-07 21:23:30.132852,2025-11-07 16:23:30.132888
"KNOG","Orange Grove, TX, US",2025-11-07 20:56:00,"2025-11-07 20:56:00","VFR",34.4,10.6,170,8,NA,NA,1006.9,"METAR KNOG 072056Z AUTO 17008KT 10SM CLR 34/11 A2973 RMK AO2 SLP048 T03440106 56035 PWINO $",2025-11-07 21:23:30.138762,2025-11-07 16:23:30.138799
"KNJK","El Centro, CA, US",2025-11-07 20:56:00,"2025-11-07 12:56:00","VFR",31.1,3.9,40,6,NA,NA,1011.3,"METAR KNJK 072056Z 04006KT 10SM CLR 31/04 A2986 RMK AO2 SLP126 T03110039 58032 $",2025-11-07 21:23:30.144668,2025-11-07 16:23:30.144706
"KNTU","Oceana, VA, US",2025-11-07 20:56:00,"2025-11-07 15:56:00","VFR",19.4,10.6,190,7,NA,NA,1012.3,"METAR KNTU 072056Z 19007KT 10SM SCT050 19/11 A2989 RMK AO2 SLP123 T01940106 56030",2025-11-07 21:23:30.150557,2025-11-07 16:23:30.150593
"KNQI","Kingsville, TX, US",2025-11-07 20:56:00,"2025-11-07 14:56:00","VFR",34.4,11.1,170,8,NA,NA,1006.9,"METAR KNQI 072056Z 17008KT 10SM CLR 34/11 A2973 RMK AO2 SLP062 T03440111 56033 $",2025-11-07 21:23:30.156417,2025-11-07 16:23:30.156456
"KNUC","San Clemente, CA, US",2025-11-07 20:56:00,"2025-11-07 20:56:00","VFR",19.4,15,250,7,NA,NA,1013.6,"METAR KNUC 072056Z 25007KT 10SM FEW012 19/15 A2993 RMK SLP132 T01940150 58020",2025-11-07 21:23:30.162327,2025-11-07 16:23:30.162364
"KNYG","Quantico , VA, US",2025-11-07 20:56:00,"2025-11-07 20:56:00","VFR",17.8,7.2,190,10,20,7,1009.6,"METAR KNYG 072056Z 19010G20KT 7SM BKN150 18/07 A2981 RMK AO2 PK WND 21027/2026 SLP094 T01780072 56032",2025-11-07 21:23:30.168167,2025-11-07 16:23:30.168223
"KNDZ","Milton/Whiting-S, FL, US",2025-11-07 20:56:00,"2025-11-07 20:56:00","VFR",24.4,20.6,180,9,NA,NA,1010.9,"METAR KNDZ 072056Z 18009KT 10SM SCT022 SCT035 BKN080 24/21 A2985 RMK AO2 SLP096 T02440206 56019 $",2025-11-07 21:23:30.174078,2025-11-07 16:23:30.174117
"KOCH","Nacogdoches Rgnl, TX, US",2025-11-07 20:56:00,"2025-11-07 14:56:00","VFR",26.7,18.3,NA,3,NA,NA,1008.2,"METAR KOCH 072056Z AUTO VRB03KT 10SM SCT038 BKN045 27/18 A2977 RMK AO2 SLP082 6//// T02670183 56020 PNO $",2025-11-07 21:23:30.179994,2025-11-07 16:23:30.180032
"KOAJ","Jacksonville/Ellis Arpt, NC, US",2025-11-07 20:56:00,"2025-11-07 15:56:00","VFR",21.7,17.8,120,3,NA,9,1012.6,"METAR KOAJ 072056Z 12003KT 9SM SCT017 22/18 A2990 RMK AO2 SLP128 60000 T02170178 56018 $",2025-11-07 21:23:30.185791,2025-11-07 16:23:30.185833
"KNMM","Meridian/MCCain, MS, US",2025-11-07 20:56:00,"2025-11-07 20:56:00","VFR",26.1,18.3,NA,5,NA,NA,1009.2,"METAR KNMM 072056Z VRB05KT 10SM SCT035 26/18 A2980 RMK AO2 SLP097 T02610183 56025 $",2025-11-07 21:23:30.191752,2025-11-07 16:23:30.191787
"KNBC","Beaufort, SC, US",2025-11-07 20:56:00,"2025-11-07 20:56:00","VFR",26.7,14.4,160,5,NA,NA,1012.6,"METAR KNBC 072056Z AUTO 16005KT 10SM CLR 27/14 A2990 RMK AO2 SLP124 T02670144 56023",2025-11-07 21:23:30.197669,2025-11-07 16:23:30.197709
"KNSE","Milton/Whiting N, FL, US",2025-11-07 20:56:00,"2025-11-07 14:56:00","VFR",26.1,20.6,170,12,NA,NA,1011.3,"METAR KNSE 072056Z 17012KT 10SM SCT020 BKN050 BKN080 26/21 A2986 RMK AO2 SLP096 T02610206 56019 $",2025-11-07 21:23:30.203536,2025-11-07 16:23:30.203574
"KOFF","Bellevue/Offutt AFB, NE, US",2025-11-07 20:55:00,"2025-11-07 14:55:00","VFR",19.4,1.4,280,15,19,NA,1007.2,"METAR KOFF 072055Z 28015G19KT 10SM FEW250 19/01 A2974 RMK AO2A SLP075 T01940014 56006",2025-11-07 21:23:30.209493,2025-11-07 16:23:30.209533
"KO54","Weaverville Arpt, CA, US",2025-11-07 20:55:00,"2025-11-07 20:55:00","VFR",15,9,0,0,NA,NA,1022.1,"METAR KO54 072055Z AUTO 00000KT 10SM CLR 15/09 A3018 RMK A01",2025-11-07 21:23:30.215468,2025-11-07 16:23:30.215507
"KNBG","New Orleans , LA, US",2025-11-07 20:55:00,"2025-11-07 14:55:00","VFR",28.3,21.7,220,10,NA,NA,1009.2,"METAR KNBG 072055Z 22010KT 10SM SCT026 SCT032 28/22 A2980 RMK AO2 SLP089 T02830217 56026",2025-11-07 21:23:30.231785,2025-11-07 16:23:30.231827
"KO69","Petaluma Muni, CA, US",2025-11-07 20:55:00,"2025-11-07 20:55:00","MVFR",NA,NA,NA,6,NA,NA,1020.4,"METAR KO69 072055Z AUTO VRB06KT 10SM OVC017 A3013 RMK A01",2025-11-07 21:23:30.237795,2025-11-07 16:23:30.237831
"KO05","Chester/Rogers Fld, CA, US",2025-11-07 20:55:00,"2025-11-07 20:55:00","VFR",13,6,100,6,NA,NA,1022.8,"METAR KO05 072055Z AUTO 10006KT 10SM CLR 13/06 A3020 RMK A01",2025-11-07 21:23:30.243499,2025-11-07 16:23:30.243533
"KNTD","Pt Mugu , CA, US",2025-11-07 20:55:00,"2025-11-07 12:55:00","VFR",22.2,13.9,240,8,NA,NA,1012.6,"METAR KNTD 072055Z 24008KT 10SM CLR 22/14 A2990 RMK AO2 SLP126 T02220139 58026 $",2025-11-07 21:23:30.249238,2025-11-07 16:23:30.249276
"KNUQ","Moffett Fed Airfld, CA, US",2025-11-07 20:55:00,"2025-11-07 12:55:00","VFR",19,15,340,9,NA,NA,1019.7,"METAR KNUQ 072055Z AUTO 34009KT 10SM CLR 19/15 A3011 RMK AO2",2025-11-07 21:23:30.254934,2025-11-07 16:23:30.254969
"KNKX","Miramar , CA, US",2025-11-07 20:55:00,"2025-11-07 12:55:00","VFR",22.8,14.4,280,7,NA,NA,1012.3,"METAR KNKX 072055Z AUTO 28007KT 10SM CLR 23/14 A2989 RMK AO2 SLP116 T02280144 58022",2025-11-07 21:23:30.260809,2025-11-07 16:23:30.260849
"KO86","Trinity Center Arpt, CA, US",2025-11-07 20:55:00,"2025-11-07 20:55:00","VFR",14,9,NA,3,NA,NA,1022.1,"METAR KO86 072055Z AUTO VRB03KT 10SM CLR 14/09 A3018 RMK A01",2025-11-07 21:23:30.266748,2025-11-07 16:23:30.266786
"KNXP","Twentynine Palms/Self Arpt, CA, US",2025-11-07 20:54:00,"2025-11-07 20:54:00","VFR",27.2,0.6,0,0,NA,NA,1016.7,"METAR KNXP 072054Z AUTO 00000KT 10SM CLR 27/01 A3002 RMK AO2 SLP136 T02720006 56029 $",2025-11-07 21:23:30.272639,2025-11-07 16:23:30.272676
"KOFP","Richmond/Hanover Cnty, VA, US",2025-11-07 20:54:00,"2025-11-07 20:54:00","VFR",19.4,7.8,200,14,19,NA,1010.6,"METAR KOFP 072054Z AUTO 20014G19KT 10SM CLR 19/08 A2984 RMK AO2 SLP106 T01940078 56034",2025-11-07 21:23:30.278525,2025-11-07 16:23:30.278565
"KNSI","San Nicholas Island Arpt, CA, US",2025-11-07 20:53:00,"2025-11-07 20:53:00","VFR",23.9,6.7,330,8,NA,NA,1013.3,"METAR KNSI 072053Z AUTO 33008KT 10SM CLR 24/07 A2992 RMK AO2 SLP125 T02390067 58022 $",2025-11-07 21:23:30.28441,2025-11-07 16:23:30.284446
"KOGB","Orangeburg Muni, SC, US",2025-11-07 20:53:00,"2025-11-07 15:53:00","VFR",23.9,11.1,210,7,NA,NA,1012.3,"METAR KOGB 072053Z AUTO 21007KT 10SM CLR 24/11 A2989 RMK AO2 SLP121 T02390111 56023",2025-11-07 21:23:30.290332,2025-11-07 16:23:30.290371
"KNUW","Whidbey Island, WA, US",2025-11-07 20:53:00,"2025-11-07 12:53:00","VFR",11.7,6.7,150,8,NA,NA,1022.4,"METAR KNUW 072053Z 15008KT 10SM FEW035 SCT050 SCT100 12/07 A3019 RMK AO2 SLP228 T01170067 50009 $",2025-11-07 21:23:30.296301,2025-11-07 16:23:30.296342
"KOGD","Ogden/Hinckley Arpt, UT, US",2025-11-07 20:53:00,"2025-11-07 13:53:00","VFR",13.3,-1.1,260,3,NA,NA,1019,"METAR KOGD 072053Z 26003KT 10SM BKN060 OVC075 13/M01 A3009 RMK AO2 SLP172 T01331011 56011",2025-11-07 21:23:30.30216,2025-11-07 16:23:30.302213
"KOJC","Olathe/Johnson Cnty, KS, US",2025-11-07 20:53:00,"2025-11-07 14:53:00","VFR",21.7,1.7,310,8,22,NA,1008.2,"METAR KOJC 072053Z 31008G22KT 10SM FEW080 22/02 A2977 RMK AO2 SLP074 T02170017 56023",2025-11-07 21:23:30.308068,2025-11-07 16:23:30.308105
"KNRS","Imperial Beach, CA, US",2025-11-07 20:53:00,"2025-11-07 12:53:00","VFR",18.3,15,230,7,NA,NA,1013,"METAR KNRS 072053Z 23007KT 10SM FEW010 18/15 A2991 RMK AO2 SLP127 T01830150 58018 $",2025-11-07 21:23:30.31417,2025-11-07 16:23:30.314228
"KNIP","Jacksonville , FL, US",2025-11-07 20:53:00,"2025-11-07 15:53:00","VFR",25.6,17.2,110,8,NA,NA,1012.6,"METAR KNIP 072053Z 11008KT 10SM FEW030 SCT250 26/17 A2990 RMK AO2 SLP121 T02560172 56022 $",2025-11-07 21:23:30.320265,2025-11-07 16:23:30.320306
"KODO","Odessa/Schlemeyer Fld, TX, US",2025-11-07 20:53:00,"2025-11-07 20:53:00","VFR",23.9,-1.7,NA,3,NA,NA,1014.6,"METAR KODO 072053Z AUTO VRB03KT 10SM CLR 24/M02 A2996 RMK AO2 SLP107 T02391017 56023 $",2025-11-07 21:23:30.326352,2025-11-07 16:23:30.326389
"KODX","Ord/Sharp Fld, NE, US",2025-11-07 20:53:00,"2025-11-07 20:53:00","VFR",17.2,-3.9,310,12,NA,NA,1008.9,"METAR KODX 072053Z AUTO 31012KT 10SM CLR 17/M04 A2979 RMK AO2 SLP093 T01721039 56017",2025-11-07 21:23:30.332366,2025-11-07 16:23:30.332402
"KOAK","Oakland Intl, CA, US",2025-11-07 20:53:00,"2025-11-07 12:53:00","VFR",19.4,15,270,7,NA,NA,1020.1,"METAR KOAK 072053Z 27007KT 10SM FEW010 SCT015 SCT100 19/15 A3012 RMK AO2 SLP201 T01940150 58019 $",2025-11-07 21:23:30.34754,2025-11-07 16:23:30.347601
"KNUI","St Inigoes/Webster Fld, MD, US",2025-11-07 20:53:00,"2025-11-07 20:53:00","VFR",16.1,6.7,170,10,19,NA,1010.2,"METAR KNUI 072053Z AUTO 17010G19KT 10SM CLR 16/07 A2983 RMK AO2 SLP102 T01610067 56034",2025-11-07 21:23:30.354352,2025-11-07 16:23:30.35439
"KNQX","Key West , FL, US",2025-11-07 20:53:00,"2025-11-07 15:53:00","VFR",28.3,21.1,NA,5,NA,NA,1011.9,"METAR KNQX 072053Z VRB05KT 10SM FEW030 SCT060 28/21 A2988 RMK AO2 SLP117 T02830211 56016 $",2025-11-07 21:23:30.360362,2025-11-07 16:23:30.360398
"KNEW","New Orleans/Lakefront Arpt, LA, US",2025-11-07 20:53:00,"2025-11-07 14:53:00","VFR",27.8,21.1,210,9,NA,NA,1009.2,"METAR KNEW 072053Z 21009KT 10SM FEW034 SCT043 BKN050 28/21 A2980 RMK AO1 SLP083 T02780211 56028",2025-11-07 21:23:30.366072,2025-11-07 16:23:30.36611
"KNZY","San Diego/North Island NAS, CA, US",2025-11-07 20:52:00,"2025-11-07 12:52:00","VFR",19.4,15,270,7,NA,NA,1012.3,"METAR KNZY 072052Z 27007KT 10SM FEW010 19/15 A2989 RMK AO2 SLP122 T01940150 58021",2025-11-07 21:23:30.37182,2025-11-07 16:23:30.371856
"KNFG","Camp Pendleton, CA, US",2025-11-07 20:52:00,"2025-11-07 20:52:00","VFR",23.3,15,210,9,NA,NA,1011.6,"METAR KNFG 072052Z 21009KT 10SM CLR 23/15 A2987 RMK AO2 SLP115 T02330150 56026",2025-11-07 21:23:30.377576,2025-11-07 16:23:30.377611
"KOKB","Oceanside Muni, CA, US",2025-11-07 20:52:00,"2025-11-07 12:52:00","MVFR",20.6,15,NA,NA,NA,4,1011.9,"METAR KOKB 072052Z AUTO 4SM HZ CLR 21/15 A2988 RMK AO2 SLP118 T02060150 58022",2025-11-07 21:23:30.383371,2025-11-07 16:23:30.38341
"KNHK","Patuxent River NAS, MD, US",2025-11-07 20:52:00,"2025-11-07 15:52:00","VFR",16.7,4.4,180,9,17,NA,1010.2,"METAR KNHK 072052Z 18009G17KT 10SM BKN250 17/04 A2983 RMK AO2 SLP100 T01670044 56037",2025-11-07 21:23:30.389266,2025-11-07 16:23:30.389305
"KNRB","Mayport , FL, US",2025-11-07 20:52:00,"2025-11-07 15:52:00","VFR",23.3,18.3,80,7,NA,NA,1012.6,"METAR KNRB 072052Z 08007KT 10SM FEW030 23/18 A2990 RMK AO2 SLP125 T02330183 56021",2025-11-07 21:23:30.395195,2025-11-07 16:23:30.395241
"KNFW","Fort Worth/Carswell NAS, TX, US",2025-11-07 20:52:00,"2025-11-07 14:52:00","VFR",26.1,12.8,30,11,NA,NA,1008.5,"METAR KNFW 072052Z 03011KT 10SM CLR 26/13 A2978 RMK AO2 SLP068 T02610128 56012 CHINO S $",2025-11-07 21:23:30.401137,2025-11-07 16:23:30.401189
"KOCF","Ocala Rgnl, FL, US",2025-11-07 20:51:00,"2025-11-07 15:51:00","VFR",28.3,17.2,220,5,NA,NA,1012.6,"METAR KOCF 072051Z 22005KT 10SM SCT050 28/17 A2990 RMK AO2 SLP125 T02830172 56021",2025-11-07 21:23:30.406979,2025-11-07 16:23:30.407015
"KNQA","Millington Rgnl, TN, US",2025-11-07 20:50:00,"2025-11-07 14:50:00","VFR",20,18,230,7,NA,NA,1007.2,"METAR KNQA 072050Z 23007KT 10SM OVC032 20/18 A2974",2025-11-07 21:23:30.412848,2025-11-07 16:23:30.412886
"KNRA","Coupeville, Out, WA, US",2025-11-07 20:46:00,"2025-11-07 20:46:00","VFR",11.1,6.1,140,6,NA,NA,1022.4,"METAR KNRA 072046Z AUTO 14006KT 10SM CLR 11/06 A3019 RMK AO2 SLP167 6//// T01110061 50008 TSNO PNO $",2025-11-07 21:23:30.418703,2025-11-07 16:23:30.418741
"KPHD","New Philadelphia/Clever Fld, OH, US",2025-11-07 21:19:00,"2025-11-07 16:19:00","IFR",12.8,11.7,NA,5,NA,2.5,1002.1,"SPECI KPHD 072119Z AUTO VRB05KT 2 1/2SM -RA BR BKN009 OVC013 13/12 A2959 RMK AO2 RAB08 CIG 006V011 P0000 T01280117",2025-11-07 21:23:32.087569,2025-11-07 16:23:32.087609
"KPGV","Greenville/Pitt Arpt, NC, US",2025-11-07 21:18:00,"2025-11-07 16:18:00","MVFR",19,16,150,6,NA,NA,1012.3,"METAR KPGV 072118Z AUTO 15006KT 10SM BKN021 BKN027 BKN034 19/16 A2989 RMK AO2",2025-11-07 21:23:32.104475,2025-11-07 16:23:32.104517
"KPDX","Portland Intl, OR, US",2025-11-07 21:17:00,"2025-11-07 13:17:00","VFR",14.4,7.8,230,7,NA,NA,1023.5,"SPECI KPDX 072117Z 23007KT 10SM SCT025 BKN042 BKN055 14/08 A3022 RMK AO2 T01440078",2025-11-07 21:23:32.110768,2025-11-07 16:23:32.110804
"KOZA","Ozona Muni, TX, US",2025-11-07 21:15:00,"2025-11-07 15:15:00","VFR",27,3,340,10,16,NA,1013,"METAR KOZA 072115Z AUTO 34010G16KT 10SM CLR 27/03 A2991 RMK AO2",2025-11-07 21:23:32.116597,2025-11-07 16:23:32.116632
"KONL","O'Neill Muni, NE, US",2025-11-07 21:15:00,"2025-11-07 15:15:00","VFR",14.5,-0.7,330,13,NA,NA,1009.6,"METAR KONL 072115Z AUTO 33013KT 10SM CLR 15/M01 A2981 RMK AO2 T01451007",2025-11-07 21:23:32.122348,2025-11-07 16:23:32.122384
"KOWA","Owatonna/Degner Rgnl, MN, US",2025-11-07 21:15:00,"2025-11-07 15:15:00","MVFR",5.3,2.3,320,13,NA,9,1005.8,"METAR KOWA 072115Z AUTO 32013KT 9SM OVC017 05/02 A2970 RMK AO2 CIG 016V020 T00530023",2025-11-07 21:23:32.128034,2025-11-07 16:23:32.128068
"KOZW","Howell/Hardy Arpt, MI, US",2025-11-07 21:15:00,"2025-11-07 21:15:00","MVFR",13,7,270,15,19,NA,998.4,"METAR KOZW 072115Z AUTO 27015G19KT 10SM BKN030 13/07 A2948 RMK AO2",2025-11-07 21:23:32.133906,2025-11-07 16:23:32.133942
"KPAN","Payson Arpt, AZ, US",2025-11-07 21:15:00,"2025-11-07 14:15:00","VFR",21,-1,NA,5,NA,NA,1018.7,"METAR KPAN 072115Z AUTO VRB05KT 10SM CLR 21/M01 A3008 RMK AO2",2025-11-07 21:23:32.139822,2025-11-07 16:23:32.139861
"KPEA","Pella Muni, IA, US",2025-11-07 21:15:00,"2025-11-07 21:15:00","VFR",18.2,2.2,300,14,25,NA,1005.2,"METAR KPEA 072115Z AUTO 30014G25KT 10SM CLR 18/02 A2968 RMK AO2 T01820022",2025-11-07 21:23:32.145703,2025-11-07 16:23:32.14574
"KOLG","Solon Springs Muni, WI, US",2025-11-07 21:15:00,"2025-11-07 21:15:00","VFR",3,0,330,5,NA,NA,1005.2,"METAR KOLG 072115Z AUTO 33005KT 10SM SCT028 OVC036 03/00 A2968 RMK AO1",2025-11-07 21:23:32.151597,2025-11-07 16:23:32.151635
"KONA","Winona Muni, MN, US",2025-11-07 21:15:00,"2025-11-07 21:15:00","MVFR",7,2,310,13,18,NA,1004.5,"METAR KONA 072115Z AUTO 31013G18KT 10SM OVC026 07/02 A2966 RMK AO2 TSNO",2025-11-07 21:23:32.15747,2025-11-07 16:23:32.157507
"KPCZ","Waupaca Muni, WI, US",2025-11-07 21:15:00,"2025-11-07 21:15:00","VFR",10,3,270,7,NA,NA,1002.1,"METAR KPCZ 072115Z AUTO 27007KT 10SM OVC039 10/03 A2959 RMK AO2 T01000030",2025-11-07 21:23:32.16337,2025-11-07 16:23:32.16341
"KOWP","Sand Springs/Pogue Mem, OK, US",2025-11-07 21:15:00,"2025-11-07 21:15:00","VFR",26.4,-3.1,10,4,NA,NA,1010.6,"METAR KOWP 072115Z AUTO 01004KT 10SM CLR 26/M03 A2984 RMK AO2 T02641031",2025-11-07 21:23:32.169237,2025-11-07 16:23:32.169276
"KOLE","Olean/Cattaraugus Cnty, NY, US",2025-11-07 21:15:00,"2025-11-07 21:15:00","MVFR",8,8,240,3,NA,NA,1000.1,"METAR KOLE 072115Z AUTO 24003KT 10SM OVC010 08/08 A2953 RMK AO2",2025-11-07 21:23:32.175133,2025-11-07 16:23:32.175172
"KOSA","Mount Pleasant Rgnl, TX, US",2025-11-07 21:15:00,"2025-11-07 21:15:00",NA,24.3,16.7,340,6,NA,NA,1008.2,"METAR KOSA 072115Z AUTO 34006KT 10SM 24/17 A2977 RMK AO2 T02430167",2025-11-07 21:23:32.181024,2025-11-07 16:23:32.181062
"KOOA","Oskaloosa Muni, IA, US",2025-11-07 21:15:00,"2025-11-07 21:15:00","VFR",19.3,3,290,16,NA,NA,1004.8,"METAR KOOA 072115Z AUTO 29016KT 10SM CLR 19/03 A2967 RMK AO2 T01930030",2025-11-07 21:23:32.186918,2025-11-07 16:23:32.186957
"KPJC","Zelienople Muni, PA, US",2025-11-07 21:15:00,"2025-11-07 21:15:00","VFR",11,11,180,5,NA,NA,NA,"METAR KPJC 072115Z AUTO 18005KT 10SM SCT023 BKN034 OVC041 11/11 RMK AO2 P0001",2025-11-07 21:23:32.192798,2025-11-07 16:23:32.192835
"KOXI","Knox/Starke Cnty, IN, US",2025-11-07 21:15:00,"2025-11-07 21:15:00","VFR",17,6,260,14,19,NA,1001.8,"METAR KOXI 072115Z AUTO 26014G19KT 10SM CLR 17/06 A2958 RMK AO2",2025-11-07 21:23:32.198762,2025-11-07 16:23:32.198801
"KOVL","Olivia Rgnl, MN, US",2025-11-07 21:15:00,"2025-11-07 21:15:00","MVFR",3,0,310,14,19,NA,1008.2,"METAR KOVL 072115Z AUTO 31014G19KT 10SM BKN020 OVC027 03/00 A2977 RMK AO2",2025-11-07 21:23:32.204705,2025-11-07 16:23:32.204744
"KPHN","Port Huron/St Clair Cnty, MI, US",2025-11-07 21:15:00,"2025-11-07 16:15:00","VFR",11,9,220,3,NA,NA,997.7,"METAR KPHN 072115Z AUTO 22003KT 10SM SCT028 OVC037 11/09 A2946 RMK AO2",2025-11-07 21:23:32.21069,2025-11-07 16:23:32.21073
"KOQN","West Chester/Brandywine Rgnl, PA, US",2025-11-07 21:15:00,"2025-11-07 21:15:00","VFR",15,2,180,9,NA,NA,1008.2,"METAR KOQN 072115Z AUTO 18009KT 10SM CLR 15/02 A2977 RMK AO2",2025-11-07 21:23:32.226625,2025-11-07 16:23:32.226667
"KPEZ","Pleasanton Muni, TX, US",2025-11-07 21:15:00,"2025-11-07 21:15:00","VFR",33.7,9.3,NA,NA,NA,NA,1007.2,"METAR KPEZ 072115Z AUTO 10SM CLR 34/09 A2974 RMK AO2 T03370093",2025-11-07 21:23:32.232596,2025-11-07 16:23:32.232632
"KPBH","Phillips/Price Cnty, WI, US",2025-11-07 21:15:00,"2025-11-07 21:15:00","MVFR",3.2,0,360,10,14,NA,1003.1,"METAR KPBH 072115Z AUTO 36010G14KT 10SM BKN017 BKN022 OVC028 03/00 A2962 RMK AO2 T00320000",2025-11-07 21:23:32.238314,2025-11-07 16:23:32.23835
"KPIM","Pine Mountain/Harris Cnty, GA, US",2025-11-07 21:15:00,"2025-11-07 16:15:00","VFR",19,19,NA,NA,NA,9,1012.3,"METAR KPIM 072115Z AUTO 9SM -DZ SCT036 BKN044 OVC050 19/19 A2989 RMK AO2",2025-11-07 21:23:32.243928,2025-11-07 16:23:32.243963
"KPKV","Port Lavaca/Calhoun Cnty, TX, US",2025-11-07 21:15:00,"2025-11-07 21:15:00","VFR",29,21.1,180,12,NA,NA,1007.5,"METAR KPKV 072115Z AUTO 18012KT 10SM CLR 29/21 A2975 RMK AO2 T02900211",2025-11-07 21:23:32.249641,2025-11-07 16:23:32.249678
"KPEQ","Pecos Muni, TX, US",2025-11-07 21:15:00,"2025-11-07 15:15:00","VFR",25.1,-1.9,0,0,NA,NA,1014.3,"METAR KPEQ 072115Z AUTO 00000KT 10SM CLR 25/M02 A2995 RMK AO2 T02511019 PWINO",2025-11-07 21:23:32.255456,2025-11-07 16:23:32.255493
"KOLZ","Oelwein Muni, IA, US",2025-11-07 21:15:00,"2025-11-07 21:15:00","VFR",11,5,320,15,26,NA,1003.8,"METAR KOLZ 072115Z AUTO 32015G26KT 10SM BKN046 OVC055 11/05 A2964 RMK A01",2025-11-07 21:23:32.261358,2025-11-07 16:23:32.261395
"KOKV","Winchester Rgnl, VA, US",2025-11-07 21:15:00,"2025-11-07 16:15:00","VFR",16,5,160,10,14,NA,1005.8,"METAR KOKV 072115Z AUTO 16010G14KT 10SM CLR 16/05 A2970 RMK AO2",2025-11-07 21:23:32.267235,2025-11-07 16:23:32.267275
"KORG","Orange/Orange Cnty, TX, US",2025-11-07 21:15:00,"2025-11-07 21:15:00","VFR",25.7,18.4,200,10,NA,NA,1009.2,"METAR KORG 072115Z AUTO 20010KT 10SM CLR 26/18 A2980 RMK AO2 T02570184 PWINO",2025-11-07 21:23:32.273101,2025-11-07 16:23:32.27314
"KONM","Socorro Muni, NM, US",2025-11-07 21:15:00,"2025-11-07 21:15:00","VFR",22.4,-3.4,80,4,NA,NA,1016.3,"METAR KONM 072115Z AUTO 08004KT 10SM CLR 22/M03 A3001 RMK AO2 T02241034",2025-11-07 21:23:32.27896,2025-11-07 16:23:32.279001
"KORS","Eastsound/Orcas Island Arpt, WA, US",2025-11-07 21:15:00,"2025-11-07 13:15:00","VFR",13,7,160,7,NA,8,1022.1,"METAR KORS 072115Z AUTO 16007KT 8SM FEW037 SCT046 BKN060 13/07 A3018 RMK AO2",2025-11-07 21:23:32.284856,2025-11-07 16:23:32.284896
"KPKD","Park Rapids/Konshok Fld, MN, US",2025-11-07 21:15:00,"2025-11-07 15:15:00","VFR",1.1,-3.9,350,7,NA,NA,1008.2,"SPECI KPKD 072115Z AUTO 35007KT 10SM SCT026 OVC034 01/M04 A2977 RMK AO2 T00111039",2025-11-07 21:23:32.290765,2025-11-07 16:23:32.290802
"KOKM","Okmulgee Rgnl, OK, US",2025-11-07 21:15:00,"2025-11-07 15:15:00","VFR",25,4.8,10,7,NA,NA,1009.6,"METAR KOKM 072115Z AUTO 01007KT 10SM CLR 25/05 A2981 RMK AO2 T02500048",2025-11-07 21:23:32.296675,2025-11-07 16:23:32.296714
"KOQU","N Kingston/Quonset Arpt, RI, US",2025-11-07 21:15:00,"2025-11-07 16:15:00","VFR",NA,NA,200,24,30,NA,1010.2,"METAR KOQU 072115Z AUTO 20024G30KT 10SM SCT038 OVC044 A2983 RMK AO2 PK WND 20030/13",2025-11-07 21:23:32.302535,2025-11-07 16:23:32.302572
"KOYM","St Marys Muni, PA, US",2025-11-07 21:15:00,"2025-11-07 16:15:00","MVFR",10,9,140,3,NA,4,1003.8,"METAR KOYM 072115Z AUTO 14003KT 4SM BKN031 BKN049 OVC100 10/09 A2964 RMK AO2 P0006 PWINO",2025-11-07 21:23:32.308333,2025-11-07 16:23:32.308372
"KPLU","Tacoma/Pierce Cnty, WA, US",2025-11-07 21:15:00,"2025-11-07 21:15:00","VFR",12,8,0,0,NA,NA,1023.1,"METAR KPLU 072115Z AUTO 00000KT 10SM FEW026 BKN038 OVC049 12/08 A3021 RMK AO2",2025-11-07 21:23:32.314174,2025-11-07 16:23:32.314229
"KPCM","Plant City Arpt, FL, US",2025-11-07 21:15:00,"2025-11-07 21:15:00","VFR",30,18,0,0,NA,NA,1013,"METAR KPCM 072115Z AUTO 00000KT 10SM CLR 30/18 A2991 RMK AO2",2025-11-07 21:23:32.320101,2025-11-07 16:23:32.320138
"KONX","Currituck Cnty, NC, US",2025-11-07 21:15:00,"2025-11-07 21:15:00","VFR",19.4,12.5,190,7,NA,NA,1013,"METAR KONX 072115Z AUTO 19007KT 10SM BKN039 BKN046 OVC065 19/13 A2991 RMK AO2 T01940125",2025-11-07 21:23:32.326029,2025-11-07 16:23:32.326067
"KPLD","Portland Muni, IN, US",2025-11-07 21:15:00,"2025-11-07 21:15:00","VFR",17.7,0.4,270,17,23,NA,1002.1,"METAR KPLD 072115Z AUTO 27017G23KT 10SM CLR 18/00 A2959 RMK AO2 T01770004",2025-11-07 21:23:32.341141,2025-11-07 16:23:32.341211
"KONZ","Grosse Isle Muni, MI, US",2025-11-07 21:15:00,"2025-11-07 21:15:00","VFR",14,10,270,6,NA,NA,998.4,"METAR KONZ 072115Z AUTO 27006KT 10SM SCT025 BKN034 14/10 A2948 RMK AO2",2025-11-07 21:23:32.347696,2025-11-07 16:23:32.347735
"KONP","Newport Muni, OR, US",2025-11-07 21:15:00,"2025-11-07 13:15:00","MVFR",13,10,220,6,NA,3,1024.8,"METAR KONP 072115Z AUTO 22006KT 3SM HZ CLR 13/10 A3026 RMK AO2",2025-11-07 21:23:32.353517,2025-11-07 16:23:32.353552
"KPHG","Phillipsburg Muni, KS, US",2025-11-07 21:15:00,"2025-11-07 21:15:00","VFR",20,-3,310,6,NA,NA,1010.9,"METAR KPHG 072115Z AUTO 31006KT 10SM CLR 20/M03 A2985 RMK AO2",2025-11-07 21:23:32.359163,2025-11-07 16:23:32.359216
"KPLR","Pell City/St Clair Cnty, AL, US",2025-11-07 21:15:00,"2025-11-07 15:15:00","MVFR",21,17,200,5,NA,NA,1010.9,"METAR KPLR 072115Z AUTO 20005KT 10SM BKN026 BKN033 BKN039 21/17 A2985 RMK A01",2025-11-07 21:23:32.364894,2025-11-07 16:23:32.364929
"KOSC","Wurtsmith, MI, US",2025-11-07 21:15:00,"2025-11-07 16:15:00","VFR",10,7,270,9,NA,NA,995,"METAR KOSC 072115Z AUTO 27009KT 10SM FEW025 FEW030 OVC039 10/07 A2938 RMK AO2",2025-11-07 21:23:32.370593,2025-11-07 16:23:32.370628
"KORK","N Little Rock Muni, AR, US",2025-11-07 21:15:00,"2025-11-07 21:15:00","VFR",22,17,220,7,NA,NA,1007.5,"METAR KORK 072115Z AUTO 22007KT 10SM FEW026 BKN033 22/17 A2975 RMK AO2",2025-11-07 21:23:32.37645,2025-11-07 16:23:32.376489
"KOMH","Orange Cnty Arpt, VA, US",2025-11-07 21:15:00,"2025-11-07 21:15:00","VFR",17,7,200,14,22,NA,1008.5,"METAR KOMH 072115Z AUTO 20014G22KT 170V230 10SM CLR 17/07 A2978 RMK AO2",2025-11-07 21:23:32.382345,2025-11-07 16:23:32.382382
"KOPL","Opelousas/St Landry, LA, US",2025-11-07 21:15:00,"2025-11-07 21:15:00","VFR",27.5,16,220,8,NA,NA,1008.9,"METAR KOPL 072115Z AUTO 22008KT 10SM CLR 28/16 A2979 RMK AO2 T02750160",2025-11-07 21:23:32.388199,2025-11-07 16:23:32.388238
"KOXV","Knoxville Muni, IA, US",2025-11-07 21:15:00,"2025-11-07 21:15:00","VFR",19,2,300,14,21,NA,1004.8,"METAR KOXV 072115Z AUTO 30014G21KT 10SM CLR 19/02 A2967 RMK AO2",2025-11-07 21:23:32.394146,2025-11-07 16:23:32.394199
"KPEX","Paynesville Muni, MN, US",2025-11-07 21:15:00,"2025-11-07 21:15:00","MVFR",4,-1,330,8,NA,NA,1008.2,"METAR KPEX 072115Z AUTO 33008KT 10SM OVC030 04/M01 A2977 RMK AO2",2025-11-07 21:23:32.400008,2025-11-07 16:23:32.400046
"KPDC","Prairie Du Chien Muni, WI, US",2025-11-07 21:15:00,"2025-11-07 15:15:00","VFR",11.5,6,310,13,21,NA,1002.8,"METAR KPDC 072115Z AUTO 31013G21KT 10SM -DZ BKN046 OVC070 12/06 A2961 RMK AO2 T01150060",2025-11-07 21:23:32.405923,2025-11-07 16:23:32.405961
"KPBX","Pikeville/Pike Cnty, KY, US",2025-11-07 21:15:00,"2025-11-07 16:15:00","VFR",20,8.4,170,5,14,NA,1006.2,"METAR KPBX 072115Z AUTO 17005G14KT 10SM VCTS BKN055 BKN100 20/08 A2971 RMK AO2 T02000084",2025-11-07 21:23:32.411772,2025-11-07 16:23:32.411808
"KOLY","Olney/Noble Arpt, IL, US",2025-11-07 21:10:00,"2025-11-07 21:10:00","VFR",20,7.9,270,6,NA,NA,1005.5,"METAR KOLY 072110Z AUTO 27006KT 10SM SCT120 20/08 A2969 RMK AO2 T02000079",2025-11-07 21:23:32.417668,2025-11-07 16:23:32.417707
"KPIT","Pittsburgh Intl, PA, US",2025-11-07 21:08:00,"2025-11-07 16:08:00","IFR",13.3,11.7,220,9,NA,4,1002.1,"SPECI KPIT 072108Z 22009KT 4SM -RA BKN009 OVC023 13/12 A2959 RMK AO2 P0002 T01330117",2025-11-07 21:23:32.423492,2025-11-07 16:23:32.423528
"KOZR","Ozark/Cairns AAF, AL, US",2025-11-07 21:05:00,"2025-11-07 15:05:00","VFR",25,19,170,6,NA,NA,1010.9,"SPECI KOZR 072105Z AUTO 17006KT 10SM SCT029 OVC038 25/19 A2985 RMK AO2 SLP109 $",2025-11-07 21:23:32.42938,2025-11-07 16:23:32.42942
"KOXD","Oxford/Miami Univ Arpt, OH, US",2025-11-07 21:04:00,"2025-11-07 16:04:00","VFR",17,14,240,8,NA,NA,1003.5,"METAR KOXD 072104Z 24008KT 10SM SCT015 SCT022 BKN034 17/14 A2963 RMK AO2",2025-11-07 21:23:32.435323,2025-11-07 16:23:32.435361
"KPMH","Portsmouth Rgnl, OH, US",2025-11-07 21:02:00,"2025-11-07 16:02:00","VFR",16,15,NA,4,NA,NA,1004.1,"METAR KPMH 072102Z VRB04KT 10SM OVC043 16/15 A2965 RMK AO2",2025-11-07 21:23:32.441294,2025-11-07 16:23:32.441334
"KOXC","Oxford Arpt, CT, US",2025-11-07 20:56:00,"2025-11-07 15:56:00","VFR",11.7,3.3,210,11,20,NA,1009.6,"METAR KOXC 072056Z 21011G20KT 10SM CLR 12/03 A2981 RMK AO2 PK WND 19027/2038 SLP112 T01170033 56035 $",2025-11-07 21:23:32.447253,2025-11-07 16:23:32.447289
"KOTG","Worthington Muni, MN, US",2025-11-07 20:56:00,"2025-11-07 20:56:00","MVFR",3.3,0.6,330,18,NA,NA,1008.9,"METAR KOTG 072056Z AUTO 33018KT 10SM OVC015 03/01 A2979 RMK AO2 PK WND 33026/2015 SLP102 T00330006 53023",2025-11-07 21:23:32.462993,2025-11-07 16:23:32.463032
"KOWB","Owensboro/Daviess Cnty, KY, US",2025-11-07 20:56:00,"2025-11-07 14:56:00","VFR",20,15,240,12,NA,NA,1005.2,"METAR KOWB 072056Z 24012KT 10SM FEW018 20/15 A2968 RMK AO2 LTG DSNT NW SLP049 T02000150 56012",2025-11-07 21:23:32.469312,2025-11-07 16:23:32.469349
"KOLU","Columbus Muni, NE, US",2025-11-07 20:56:00,"2025-11-07 20:56:00","VFR",17.8,1.1,310,15,NA,NA,1008.9,"METAR KOLU 072056Z AUTO 31015KT 10SM CLR 18/01 A2979 RMK AO2 SLP090 T01780011 55007",2025-11-07 21:23:32.475049,2025-11-07 16:23:32.475085
"KOTH","North Bend/SW Oregon Rgnl, OR, US",2025-11-07 20:56:00,"2025-11-07 12:56:00","VFR",13.9,10.6,0,0,NA,NA,1024.5,"METAR KOTH 072056Z 00000KT 10SM SCT021 14/11 A3025 RMK AO2 SLP241 T01390106 58002",2025-11-07 21:23:32.480734,2025-11-07 16:23:32.480769
"KPIB","Hattiesburg/Laurel Rgnl, MS, US",2025-11-07 20:56:00,"2025-11-07 14:56:00","VFR",28.9,19.4,NA,5,NA,NA,1009.2,"METAR KPIB 072056Z AUTO VRB05KT 10SM SCT042 SCT050 BKN080 29/19 A2980 RMK AO2 SLP090 T02890194 56026",2025-11-07 21:23:32.48648,2025-11-07 16:23:32.486516
"KOKK","Kokomo Muni, IN, US",2025-11-07 20:56:00,"2025-11-07 15:56:00","VFR",17.2,6.7,270,15,23,NA,1002.8,"METAR KOKK 072056Z AUTO 27015G23KT 10SM CLR 17/07 A2961 RMK AO2 PK WND 28026/1957 SLP024 6//// T01720067 53006 PNO $",2025-11-07 21:23:32.492256,2025-11-07 16:23:32.492299
"KPHP","Philip Muni, SD, US",2025-11-07 20:55:00,"2025-11-07 13:55:00","VFR",14.4,-1.1,80,9,NA,NA,1008.2,"METAR KPHP 072055Z AUTO 08009KT 10SM CLR 14/M01 A2977 RMK AO2 SLP080 T01441011 56021",2025-11-07 21:23:32.498096,2025-11-07 16:23:32.498134
"KPCW","Port Clinton/Erie-Ottawa Arpt, OH, US",2025-11-07 20:55:00,"2025-11-07 20:55:00","MVFR",14,12,250,11,18,NA,998.7,"METAR KPCW 072055Z AUTO 25011G18KT 10SM SCT024 BKN029 14/12 A2949 RMK AO2",2025-11-07 21:23:32.503982,2025-11-07 16:23:32.504019
"KP52","Cottonwood Arpt, AZ, US",2025-11-07 20:55:00,"2025-11-07 20:55:00","VFR",24,-1,0,0,NA,NA,1015.7,"METAR KP52 072055Z AUTO 00000KT 10SM CLR 24/M01 A2999 RMK AO2",2025-11-07 21:23:32.509821,2025-11-07 16:23:32.509858
"KPHT","Paris/Henry Cnty, TN, US",2025-11-07 20:55:00,"2025-11-07 14:55:00","IFR",18,18,260,9,NA,7,1006.2,"METAR KPHT 072055Z AUTO 26009KT 7SM BKN007 OVC012 18/18 A2971 RMK A01 P0022",2025-11-07 21:23:32.515644,2025-11-07 16:23:32.515678
"KPAM","Tyndall AFB, FL, US",2025-11-07 20:55:00,"2025-11-07 14:55:00","VFR",24.9,19,160,15,NA,NA,1011.3,"METAR KPAM 072055Z AUTO 16015KT 10SM BKN080 25/19 A2986 RMK AO2 SLP115 T02490190 57020 $",2025-11-07 21:23:32.521509,2025-11-07 16:23:32.521548
"KP08","Coolidge Muni, AZ, US",2025-11-07 20:55:00,"2025-11-07 20:55:00","VFR",28,0,0,0,NA,NA,1013,"METAR KP08 072055Z AUTO 00000KT 10SM CLR 28/00 A2991 RMK AO2",2025-11-07 21:23:32.527379,2025-11-07 16:23:32.52742
"KP33","Wilcox/Chocise Cnty, AZ, US",2025-11-07 20:55:00,"2025-11-07 13:55:00","VFR",26,-3,200,10,NA,NA,1016.3,"METAR KP33 072055Z AUTO 20010KT 10SM CLR 26/M03 A3001 RMK AO2",2025-11-07 21:23:32.533316,2025-11-07 16:23:32.533354
"KPHL","Philadelphia Intl, PA, US",2025-11-07 20:54:00,"2025-11-07 15:54:00","VFR",16.1,2.8,180,13,NA,NA,1008.9,"METAR KPHL 072054Z 18013KT 10SM FEW070 SCT120 SCT220 BKN280 16/03 A2979 RMK AO2 SLP087 T01610028 56042",2025-11-07 21:23:32.539225,2025-11-07 16:23:32.539264
"KPIA","Peoria Intl, IL, US",2025-11-07 20:54:00,"2025-11-07 14:54:00","VFR",18.9,5.6,260,10,21,NA,1003.5,"METAR KPIA 072054Z 26010G21KT 10SM CLR 19/06 A2963 RMK AO2 SLP031 T01890056 55006",2025-11-07 21:23:32.545106,2025-11-07 16:23:32.545143
"KOLS","Nogales Intl, AZ, US",2025-11-07 20:54:00,"2025-11-07 13:54:00","VFR",27.8,-6.1,NA,5,NA,NA,1016,"METAR KOLS 072054Z AUTO VRB05KT 10SM CLR 28/M06 A3000 RMK AO2 SLP106 T02781061 56024",2025-11-07 21:23:32.551061,2025-11-07 16:23:32.5511
"KPLN","Pellston Rgnl, MI, US",2025-11-07 20:54:00,"2025-11-07 15:54:00","VFR",7.2,2.8,290,17,27,NA,995.7,"METAR KPLN 072054Z AUTO 29017G27KT 10SM FEW020 BKN036 OVC043 07/03 A2940 RMK AO2 PK WND 31027/2054 SLP960 T00720028 53021",2025-11-07 21:23:32.556936,2025-11-07 16:23:32.556974
"KOLM","Olympia Rgnl, WA, US",2025-11-07 20:54:00,"2025-11-07 12:54:00","VFR",10,7.8,190,8,NA,NA,1022.8,"METAR KOLM 072054Z 19008KT 10SM OVC055 10/08 A3020 RMK AO2 RAE06B13E36 SLP229 P0000 60001 T01000078 50001",2025-11-07 21:23:32.56287,2025-11-07 16:23:32.562906
"KPHF","Newport News/Williamsburg Intl, VA, US",2025-11-07 20:54:00,"2025-11-07 15:54:00","VFR",19.4,8.9,190,9,NA,NA,1011.9,"METAR KPHF 072054Z 19009KT 10SM BKN050 19/09 A2988 RMK AO2 SLP117 T01940089 56031",2025-11-07 21:23:32.568756,2025-11-07 16:23:32.568794
"KORH","Worcester Muni, MA, US",2025-11-07 20:54:00,"2025-11-07 15:54:00","VFR",8.3,2.8,200,9,15,NA,1009.6,"METAR KORH 072054Z 20009G15KT 10SM BKN034 08/03 A2981 RMK AO2 SLP103 T00830028 56034",2025-11-07 21:23:32.584574,2025-11-07 16:23:32.584614
"KPMD","Palmdale Rgnl, CA, US",2025-11-07 20:53:00,"2025-11-07 12:53:00","VFR",23.3,3.3,330,4,NA,NA,1016.7,"METAR KPMD 072053Z 33004KT 10SM CLR 23/03 A3002 RMK AO2 SLP150 T02330033 58030",2025-11-07 21:23:32.590706,2025-11-07 16:23:32.590741
"KPBG","Plattsburgh Intl, NY, US",2025-11-07 20:53:00,"2025-11-07 15:53:00","VFR",6.7,0.6,170,12,27,NA,1001.4,"METAR KPBG 072053Z AUTO 17012G27KT 10SM -RA OVC060 07/01 A2957 RMK AO2 PK WND 18031/2036 RAB33 PRESFR SLP016 P0000 60000 T00670006 56052",2025-11-07 21:23:32.596488,2025-11-07 16:23:32.596524
"KPMP","Pompano Beach Arpt, FL, US",2025-11-07 20:53:00,"2025-11-07 15:53:00","VFR",27.8,21.7,80,8,NA,NA,1012.3,"METAR KPMP 072053Z 08008KT 10SM FEW048 SCT070 28/22 A2989 RMK AO2 SLP121 6//// T02780217 56015 PNO",2025-11-07 21:23:32.602126,2025-11-07 16:23:32.602162
"KPGD","Punta Gorda Arpt, FL, US",2025-11-07 20:53:00,"2025-11-07 15:53:00","VFR",27.2,19.4,230,8,NA,NA,1012.6,"METAR KPGD 072053Z 23008KT 10SM SCT040 BKN050 27/19 A2990 RMK AO2 SLP125 T02720194 56016",2025-11-07 21:23:32.607804,2025-11-07 16:23:32.60784
"KPAH","Paducah/Barkley Rgnl, KY, US",2025-11-07 20:53:00,"2025-11-07 14:53:00","VFR",21.1,15,250,7,NA,NA,1005.8,"METAR KPAH 072053Z 25007KT 200V300 10SM FEW042 21/15 A2970 RMK AO2 SLP053 T02110150 56012",2025-11-07 21:23:32.613599,2025-11-07 16:23:32.613635
"KPEO","Penn Yan Arpt, NY, US",2025-11-07 20:53:00,"2025-11-07 20:53:00","VFR",10,5,200,16,30,NA,998.7,"METAR KPEO 072053Z AUTO 20016G30KT 10SM OVC100 10/05 A2949 RMK AO2 PK WND 20030/2045 RAE53 SLP989 P0000 60000 T01000050 58027",2025-11-07 21:23:32.619499,2025-11-07 16:23:32.61954
"KOVE","Oroville Muni, CA, US",2025-11-07 20:53:00,"2025-11-07 12:53:00","VFR",20,13.3,NA,3,NA,NA,1020.7,"METAR KOVE 072053Z AUTO VRB03KT 10SM CLR 20/13 A3014 RMK AO2 SLP206 T02000133 58015",2025-11-07 21:23:32.625444,2025-11-07 16:23:32.625481
"KPBF","Pine Bluff/Grider Fld, AR, US",2025-11-07 20:53:00,"2025-11-07 14:53:00","VFR",22.2,16.7,250,5,NA,NA,1008.5,"METAR KPBF 072053Z AUTO 25005KT 10SM OVC039 22/17 A2978 RMK AO2 SLP081 60000 T02220167 56015",2025-11-07 21:23:32.631297,2025-11-07 16:23:32.631337
"KPIE","St Petersburg-Clearwater Intl, FL, US",2025-11-07 20:53:00,"2025-11-07 15:53:00","VFR",28.9,19.4,0,0,NA,NA,1012.3,"METAR KPIE 072053Z 00000KT 10SM SCT037 29/19 A2989 RMK AO2 SLP122 T02890194 56018",2025-11-07 21:23:32.637152,2025-11-07 16:23:32.637207
"KONO","Ontario Muni, OR, US",2025-11-07 20:53:00,"2025-11-07 13:53:00","VFR",13.9,-2.2,360,9,NA,NA,1021.8,"METAR KONO 072053Z AUTO 36009KT 10SM SCT070 14/M02 A3017 RMK AO2 SLP219 T01391022 50003",2025-11-07 21:23:32.643044,2025-11-07 16:23:32.643082
"KOXB","Ocean City Muni, MD, US",2025-11-07 20:53:00,"2025-11-07 15:53:00","VFR",15,8.3,220,10,NA,NA,1012.3,"METAR KOXB 072053Z AUTO 22010KT 10SM CLR 15/08 A2989 RMK AO2 SLP121 T01500083 56033",2025-11-07 21:23:32.648898,2025-11-07 16:23:32.648939
"KOLF","Wolf Point/Clayton Arpt, MT, US",2025-11-07 20:53:00,"2025-11-07 13:53:00","VFR",3.9,-0.6,80,8,NA,NA,1007.5,"METAR KOLF 072053Z AUTO 08008KT 10SM SCT050 BKN060 OVC080 04/M01 A2975 RMK AO2 SLP088 60000 T00391006 58019",2025-11-07 21:23:32.654786,2025-11-07 16:23:32.654822
"KPIH","Pocatello Rgnl, ID, US",2025-11-07 20:53:00,"2025-11-07 13:53:00","VFR",11.1,1.1,260,21,33,NA,1017.4,"METAR KPIH 072053Z 26021G33KT 10SM SCT055 OVC080 11/01 A3004 RMK AO2 PK WND 25034/2006 SLP168 T01110011 56005",2025-11-07 21:23:32.660685,2025-11-07 16:23:32.660722
"KPDT","Pendleton/E Oregon Rgnl, OR, US",2025-11-07 20:53:00,"2025-11-07 12:53:00","VFR",13.3,0.6,240,14,NA,NA,1022.1,"METAR KPDT 072053Z 24014KT 10SM CLR 13/01 A3018 RMK AO2 SLP214 T01330006 50002",2025-11-07 21:23:32.666596,2025-11-07 16:23:32.666634
"KPGA","Page Muni, AZ, US",2025-11-07 20:53:00,"2025-11-07 13:53:00","VFR",18.3,-3.3,NA,3,NA,NA,1017,"METAR KPGA 072053Z AUTO VRB03KT 10SM CLR 18/M03 A3003 RMK AO2 SLP127 T01831033 58025",2025-11-07 21:23:32.672491,2025-11-07 16:23:32.672532
"KONT","Ontario Intl, CA, US",2025-11-07 20:53:00,"2025-11-07 12:53:00","VFR",28.9,6.1,270,8,NA,NA,1012.6,"METAR KONT 072053Z 27008KT 10SM CLR 29/06 A2990 RMK AO2 SLP111 T02890061 58027 $",2025-11-07 21:23:32.678345,2025-11-07 16:23:32.678384
"KOSU","Columbus/Ohio State Univ Arpt, OH, US",2025-11-07 20:53:00,"2025-11-07 15:53:00","IFR",13.9,12.8,230,11,21,4,1002.5,"METAR KOSU 072053Z 23011G21KT 4SM -RA BR OVC009 14/13 A2960 RMK AO2 RAE01B40 CIG 008V013 SLP025 P0000 60001 T01390128 55006",2025-11-07 21:23:32.684216,2025-11-07 16:23:32.684256
"KPAE","Everett/Paine Fld, WA, US",2025-11-07 20:53:00,"2025-11-07 12:53:00","VFR",10,6.7,230,4,NA,NA,1022.4,"METAR KPAE 072053Z 23004KT 10SM FEW027 10/07 A3019 RMK AO2 SLP227 T01000067 50007",2025-11-07 21:23:32.690166,2025-11-07 16:23:32.690222
"KORL","Orlando/Executive, FL, US",2025-11-07 20:53:00,"2025-11-07 15:53:00","VFR",27.8,16.7,180,3,NA,NA,1012.3,"METAR KORL 072053Z 18003KT 10SM CLR 28/17 A2989 RMK AO2 SLP125 T02780167 56019",2025-11-07 21:23:32.706114,2025-11-07 16:23:32.706153
"KOMK","Omak Arpt, WA, US",2025-11-07 20:53:00,"2025-11-07 12:53:00","VFR",12.8,0,NA,6,NA,NA,1018,"METAR KOMK 072053Z AUTO VRB06KT 10SM FEW100 13/00 A3006 RMK AO2 SLP181 T01280000 51015",2025-11-07 21:23:32.712121,2025-11-07 16:23:32.712157
"KOVS","Boscobel Arpt, WI, US",2025-11-07 20:53:00,"2025-11-07 20:53:00","VFR",12.8,5.6,300,9,19,NA,1001.8,"METAR KOVS 072053Z AUTO 30009G19KT 10SM -RA FEW050 BKN065 OVC080 13/06 A2958 RMK AO2 RAB40 SLP019 P0000 60000 T01280056 53005",2025-11-07 21:23:32.717779,2025-11-07 16:23:32.717814
"KPDK","Atlanta/Dekalb-Peachtree Arpt, GA, US",2025-11-07 20:53:00,"2025-11-07 15:53:00","VFR",20.6,13.9,170,7,NA,NA,1011.9,"METAR KPDK 072053Z AUTO 17007KT 10SM OVC037 21/14 A2988 RMK AO2 RAB35E49 SLP114 P0000 60000 T02060139 56018",2025-11-07 21:23:32.723497,2025-11-07 16:23:32.723533
"KOTM","Ottumwa Rgnl, IA, US",2025-11-07 20:53:00,"2025-11-07 14:53:00","VFR",18.9,2.2,290,15,25,NA,1004.5,"METAR KOTM 072053Z AUTO 29015G25KT 10SM CLR 19/02 A2966 RMK AO2 PK WND 28027/2034 SLP042 T01890022 55002",2025-11-07 21:23:32.72917,2025-11-07 16:23:32.729223
"KPIL","Port Isabel/Cameron Cnty, TX, US",2025-11-07 20:53:00,"2025-11-07 20:53:00","VFR",30.6,19.4,170,13,NA,NA,1007.5,"METAR KPIL 072053Z AUTO 17013KT 10SM CLR 31/19 A2975 RMK AO2 SLP074 T03060194 56029",2025-11-07 21:23:32.734995,2025-11-07 16:23:32.73503
"KPIR","Pierre Muni, SD, US",2025-11-07 20:53:00,"2025-11-07 14:53:00","VFR",6.7,1.1,30,9,NA,NA,1009.9,"METAR KPIR 072053Z AUTO 03009KT 10SM SCT026 07/01 A2982 RMK AO2 SLP103 T00670011 58007",2025-11-07 21:23:32.740825,2025-11-07 16:23:32.740862
"KPKB","Parkersburg/Mid Ohio Valley Rgnl, WV, US",2025-11-07 20:53:00,"2025-11-07 15:53:00","MVFR",15,12.8,200,12,19,3,1003.8,"METAR KPKB 072053Z 20012G19KT 3SM RA BR SCT050 OVC070 15/13 A2964 RMK AO2 LTG DSNT NE AND E RAE17B37 SLP038 P0006 60026 T01500128 56015",2025-11-07 21:23:32.746643,2025-11-07 16:23:32.746679
"KOSH","Oshkosh/Wittman Rgnl, WI, US",2025-11-07 20:53:00,"2025-11-07 14:53:00","VFR",10.6,2.2,310,9,19,NA,1000.1,"METAR KOSH 072053Z AUTO 31009G19KT 10SM OVC045 11/02 A2953 RMK AO2 SLP003 T01060022 53016",2025-11-07 21:23:32.752555,2025-11-07 16:23:32.752592
"KOPF","Miami/Opa Locka Arpt, FL, US",2025-11-07 20:53:00,"2025-11-07 15:53:00","VFR",28.3,20.6,110,3,NA,NA,1011.9,"METAR KOPF 072053Z 11003KT 10SM SCT055 28/21 A2988 RMK AO2 SLP120 T02830206 56015",2025-11-07 21:23:32.758446,2025-11-07 16:23:32.758482
"KOWD","Norwood Mem, MA, US",2025-11-07 20:53:00,"2025-11-07 15:53:00","VFR",10,2.8,180,8,16,NA,1010.9,"METAR KOWD 072053Z 18008G16KT 10SM SCT036 SCT047 10/03 A2985 RMK AO2 SLP109 T01000028 58039",2025-11-07 21:23:32.764305,2025-11-07 16:23:32.764343
"KPBI","Palm Beach Intl, FL, US",2025-11-07 20:53:00,"2025-11-07 15:53:00","VFR",27.2,20.6,90,7,NA,NA,1012.6,"METAR KPBI 072053Z COR 10SM 09007KT FEW040 BKN070 BKN180 27/21 A2990 RMK AO2 SLP124 T02720206 56013",2025-11-07 21:23:32.770211,2025-11-07 16:23:32.770252
"KORE","Orange Muni, MA, US",2025-11-07 20:52:00,"2025-11-07 20:52:00","VFR",10,1.7,160,9,17,NA,1008.9,"METAR KORE 072052Z AUTO 16009G17KT 10SM FEW042 10/02 A2979 RMK AO2 SLP094 T01000017 56038",2025-11-07 21:23:32.776118,2025-11-07 16:23:32.776153
"KOKC","Oklahoma City/Will Rogers Intl, OK, US",2025-11-07 20:52:00,"2025-11-07 14:52:00","VFR",22.8,4.4,10,7,NA,NA,1010.9,"METAR KOKC 072052Z 01007KT 10SM SCT250 23/04 A2985 RMK AO2 SLP100 T02280044 55012",2025-11-07 21:23:32.781976,2025-11-07 16:23:32.782014
"KOMA","Omaha/Eppley Fld, NE, US",2025-11-07 20:52:00,"2025-11-07 14:52:00","VFR",18.9,1.1,290,12,NA,NA,1007.2,"METAR KOMA 072052Z 29012KT 10SM FEW250 19/01 A2974 RMK AO2 SLP071 T01890011 56006",2025-11-07 21:23:32.787877,2025-11-07 16:23:32.787914
"KORD","Chicago/O'Hare Intl, IL, US",2025-11-07 20:51:00,"2025-11-07 14:51:00","VFR",17.2,5,230,9,17,NA,1000.8,"METAR KORD 072051Z 23009G17KT 10SM FEW080 FEW250 17/05 A2955 RMK AO2 SLP005 T01720050 53004 $",2025-11-07 21:23:32.793806,2025-11-07 16:23:32.793842
"KORF","Norfolk Intl, VA, US",2025-11-07 20:51:00,"2025-11-07 15:51:00","VFR",20,10.6,180,8,NA,NA,1011.9,"METAR KORF 072051Z 18008KT 10SM BKN050 BKN065 20/11 A2988 RMK AO2 SLP118 T02000106 56033",2025-11-07 21:23:32.799691,2025-11-07 16:23:32.79973
"KOXR","Oxnard Arpt, CA, US",2025-11-07 20:51:00,"2025-11-07 12:51:00","VFR",22.2,12.2,280,11,NA,NA,1012.3,"METAR KOXR 072051Z 28011KT 10SM CLR 22/12 A2989 RMK AO2 SLP122 T02220122 58026",2025-11-07 21:23:32.805615,2025-11-07 16:23:32.805651
"KPHX","Phoenix/Sky Harbor Intl, AZ, US",2025-11-07 20:51:00,"2025-11-07 13:51:00","VFR",27.8,2.2,0,0,NA,NA,1011.6,"METAR KPHX 072051Z 00000KT 10SM CLR 28/02 A2987 RMK AO2 SLP100 T02780022 58030",2025-11-07 21:23:32.820733,2025-11-07 16:23:32.820797
"KOWI","Ottawa Muni, KS, US",2025-11-07 20:50:00,"2025-11-07 20:50:00","VFR",22,4,310,7,15,NA,1008.2,"METAR KOWI 072050Z AUTO 31007G15KT 10SM CLR 22/04 A2977 RMK AO2 PWINO",2025-11-07 21:23:32.827348,2025-11-07 16:23:32.827387
"KOMN","Ormond Beach Muni, FL, US",2025-11-07 20:50:00,"2025-11-07 20:50:00","VFR",25,23,80,8,NA,NA,1012.6,"METAR KOMN 072050Z 08008KT 10SM SCT030 25/23 A2990",2025-11-07 21:23:32.833217,2025-11-07 16:23:32.833254
"KOLV","Olive Branch Arpt, MS, US",2025-11-07 20:50:00,"2025-11-07 14:50:00","MVFR",20,17,270,10,NA,NA,1007.5,"METAR KOLV 072050Z 27010KT 10SM BKN017 OVC024 20/17 A2975",2025-11-07 21:23:32.838858,2025-11-07 16:23:32.838895
"KPAO","Palo Alto Arpt, CA, US",2025-11-07 20:47:00,"2025-11-07 12:47:00","VFR",19,16,350,7,NA,NA,1020.1,"METAR KPAO 072047Z 35007KT 10SM FEW030 19/16 A3012",2025-11-07 21:23:32.84478,2025-11-07 16:23:32.844815
"KOUN","Norman/Univ Oklahoma Arpt, OK, US",2025-11-07 20:45:00,"2025-11-07 14:45:00","VFR",23,5,340,9,NA,NA,1010.6,"METAR KOUN 072045Z 34009KT 10SM CLR 23/05 A2984",2025-11-07 21:23:32.850466,2025-11-07 16:23:32.850501
"KRHP","Andrews/W Carolina Rgnl, NC, US",2025-11-07 21:17:00,"2025-11-07 21:17:00","VFR",21,10,0,0,NA,NA,1010.9,"METAR KRHP 072117Z AUTO 00000KT 10SM SCT044 OVC055 21/10 A2985 RMK AO2",2025-11-07 21:23:35.495629,2025-11-07 16:23:35.495666
"KPSX","Palacios Muni, TX, US",2025-11-07 21:16:00,"2025-11-07 15:16:00","LIFR",26.1,20,190,11,NA,0.25,1007.9,"SPECI KPSX 072116Z AUTO 19011KT 1/4SM HZ CLR 26/20 A2976 RMK AO2 T02610200",2025-11-07 21:23:35.501715,2025-11-07 16:23:35.501753
"KPPA","Pampa/Lefors Fld, TX, US",2025-11-07 21:15:00,"2025-11-07 15:15:00","VFR",21.3,-1.1,50,4,NA,NA,1014.6,"METAR KPPA 072115Z AUTO 05004KT 10SM CLR 21/M01 A2996 RMK AO2 T02131011",2025-11-07 21:23:35.507699,2025-11-07 16:23:35.507738
"KRNP","Owosso Community Arpt, MI, US",2025-11-07 21:15:00,"2025-11-07 21:15:00","VFR",12,5.5,260,16,21,NA,998.4,"METAR KRNP 072115Z AUTO 26016G21KT 10SM SCT038 12/06 A2948 RMK AO2 T01200055",2025-11-07 21:23:35.513639,2025-11-07 16:23:35.513677
"KRBW","Walterboro/Lowcountry Rgnl, SC, US",2025-11-07 21:15:00,"2025-11-07 16:15:00","VFR",24,12,190,6,NA,NA,1012.6,"METAR KRBW 072115Z AUTO 19006KT 10SM CLR 24/12 A2990 RMK AO2 LTG DSNT W",2025-11-07 21:23:35.519534,2025-11-07 16:23:35.519572
"KROS","Rush City Rgnl, MN, US",2025-11-07 21:15:00,"2025-11-07 21:15:00","MVFR",5.5,0,340,8,14,NA,1006.2,"METAR KROS 072115Z AUTO 34008G14KT 300V360 10SM OVC029 06/00 A2971 RMK AO2 T00550000",2025-11-07 21:23:35.52546,2025-11-07 16:23:35.525497
"KPMU","Panola Cnty, MS, US",2025-11-07 21:15:00,"2025-11-07 21:15:00","VFR",22,17,260,6,NA,NA,1007.9,"METAR KPMU 072115Z AUTO 26006KT 10SM SCT028 BKN037 OVC044 22/17 A2976 RMK AO2",2025-11-07 21:23:35.531446,2025-11-07 16:23:35.531485
"KPMV","Plattsmouth Muni, NE, US",2025-11-07 21:15:00,"2025-11-07 21:15:00","VFR",18.8,0,310,14,22,NA,1007.9,"METAR KPMV 072115Z AUTO 31014G22KT 10SM CLR 19/00 A2976 RMK AO2 T01880000",2025-11-07 21:23:35.53745,2025-11-07 16:23:35.53749
"KPPO","La Porte Muni, IN, US",2025-11-07 21:15:00,"2025-11-07 15:15:00","VFR",17,6,280,10,18,NA,1001.4,"METAR KPPO 072115Z AUTO 28010G18KT 10SM CLR 17/06 A2957 RMK AO2",2025-11-07 21:23:35.553751,2025-11-07 16:23:35.553789
"KPPQ","Pittsfield/Penstone Muni, IL, US",2025-11-07 21:15:00,"2025-11-07 21:15:00","VFR",20.6,0.9,280,10,19,NA,1005.5,"METAR KPPQ 072115Z AUTO 28010G19KT 10SM CLR 21/01 A2969 RMK AO2 T02060009",2025-11-07 21:23:35.559673,2025-11-07 16:23:35.559708
"KPRS","Presidio/Lely Intl, TX, US",2025-11-07 21:15:00,"2025-11-07 21:15:00","VFR",30.7,-1.7,240,6,NA,NA,1013.6,"METAR KPRS 072115Z AUTO 24006KT 10SM CLR 31/M02 A2993 RMK AO2 T03071017",2025-11-07 21:23:35.565376,2025-11-07 16:23:35.565412
"KPTT","Pratt Rgnl, KS, US",2025-11-07 21:15:00,"2025-11-07 15:15:00","VFR",19.9,-1.8,350,6,NA,NA,1012.3,"METAR KPTT 072115Z AUTO 35006KT 10SM CLR 20/M02 A2989 RMK AO2 T01991018",2025-11-07 21:23:35.571078,2025-11-07 16:23:35.571113
"KRBO","Robstown/Nueces Cnty, TX, US",2025-11-07 21:15:00,"2025-11-07 21:15:00",NA,34.3,12.8,190,11,14,NA,1006.5,"METAR KRBO 072115Z AUTO 19011G14KT 10SM 34/13 A2972 RMK AO2 T03430128",2025-11-07 21:23:35.576802,2025-11-07 16:23:35.576838
"KRKR","Poteau/Kerr Arpt, OK, US",2025-11-07 21:15:00,"2025-11-07 21:15:00","VFR",27,12,340,6,NA,NA,1007.9,"METAR KRKR 072115Z AUTO 34006KT 10SM CLR 27/12 A2976 RMK AO2",2025-11-07 21:23:35.582609,2025-11-07 16:23:35.582646
"KRNV","Cleveland Muni, MS, US",2025-11-07 21:15:00,"2025-11-07 21:15:00","VFR",22.2,19.8,270,4,NA,9,1007.9,"METAR KRNV 072115Z AUTO 27004KT 9SM OVC035 22/20 A2976 RMK AO2 T02220198 $",2025-11-07 21:23:35.588446,2025-11-07 16:23:35.588482
"KPNA","Pinedale/Wentz Fld, WY, US",2025-11-07 21:15:00,"2025-11-07 14:15:00","VFR",6,-3,270,6,NA,NA,1016.3,"METAR KPNA 072115Z AUTO 27006KT 10SM BKN055 OVC065 06/M03 A3001 RMK AO2",2025-11-07 21:23:35.594332,2025-11-07 16:23:35.594371
"KPOY","Powell Muni, WY, US",2025-11-07 21:15:00,"2025-11-07 14:15:00","VFR",6,-3,360,21,NA,NA,1009.9,"METAR KPOY 072115Z AUTO 36021KT 10SM CLR 06/M03 A2982 RMK AO2",2025-11-07 21:23:35.60026,2025-11-07 16:23:35.6003
"KPVJ","Pauls Valley Muni, OK, US",2025-11-07 21:15:00,"2025-11-07 21:15:00","VFR",26,1.7,0,0,NA,NA,1010.9,"METAR KPVJ 072115Z AUTO 00000KT 10SM CLR 26/02 A2985 RMK AO2 T02600017",2025-11-07 21:23:35.606156,2025-11-07 16:23:35.606226
"KPTS","Pittsburg/Atkinson Muni, KS, US",2025-11-07 21:15:00,"2025-11-07 21:15:00","VFR",22,4,NA,3,NA,NA,1008.9,"METAR KPTS 072115Z AUTO VRB03KT 10SM CLR 22/04 A2979 RMK AO2",2025-11-07 21:23:35.612148,2025-11-07 16:23:35.612203
"KPSN","Palestine Muni, TX, US",2025-11-07 21:15:00,"2025-11-07 15:15:00","VFR",28,16,240,9,NA,NA,1007.5,"METAR KPSN 072115Z AUTO 24009KT 10SM CLR 28/16 A2975 RMK AO2",2025-11-07 21:23:35.618019,2025-11-07 16:23:35.618058
"KPZQ","Rogers City/Presque Isle Arpt, MI, US",2025-11-07 21:15:00,"2025-11-07 21:15:00","MVFR",8,4,290,9,17,NA,994.3,"METAR KPZQ 072115Z AUTO 29009G17KT 260V320 10SM BKN027 BKN033 OVC050 08/04 A2936 RMK AO2",2025-11-07 21:23:35.623948,2025-11-07 16:23:35.623987
"KRLD","Richland Arpt, WA, US",2025-11-07 21:15:00,"2025-11-07 21:15:00","VFR",16.6,5.7,200,16,20,NA,1021.1,"METAR KRLD 072115Z AUTO 20016G20KT 10SM CLR 17/06 A3015 RMK AO2 T01660057",2025-11-07 21:23:35.629844,2025-11-07 16:23:35.629881
"KRFI","Henderson/Rusk Cnty, TX, US",2025-11-07 21:15:00,"2025-11-07 21:15:00","VFR",29.3,15.5,210,4,NA,NA,1008.2,"METAR KRFI 072115Z AUTO 21004KT 10SM BKN042 29/16 A2977 RMK AO2 T02930155",2025-11-07 21:23:35.635777,2025-11-07 16:23:35.635816
"KPRG","Paris/Edgar Cnty, IL, US",2025-11-07 21:15:00,"2025-11-07 21:15:00","VFR",19.9,2.7,290,14,NA,NA,1004.5,"METAR KPRG 072115Z AUTO 29014KT 10SM CLR 20/03 A2966 RMK AO2 T01990027",2025-11-07 21:23:35.641708,2025-11-07 16:23:35.641745
"KRGK","Red Wing Rgnl, WI, US",2025-11-07 21:15:00,"2025-11-07 21:15:00","MVFR",7,1,320,6,NA,NA,1005.2,"METAR KRGK 072115Z AUTO 32006KT 10SM OVC023 07/01 A2968 RMK AO2",2025-11-07 21:23:35.647658,2025-11-07 16:23:35.647695
"KPYX","Perryton/Ochiltree Cnty, TX, US",2025-11-07 21:15:00,"2025-11-07 21:15:00",NA,20.7,-2.6,0,0,NA,NA,1013.6,"METAR KPYX 072115Z AUTO 00000KT 10SM 21/M03 A2993 RMK AO2 T02071026",2025-11-07 21:23:35.653599,2025-11-07 16:23:35.653641
"KRMY","Marshall/Brooks Fld, MI, US",2025-11-07 21:15:00,"2025-11-07 21:15:00","VFR",12.7,5.5,270,12,21,NA,999.7,"METAR KRMY 072115Z AUTO 27012G21KT 10SM SCT033 13/06 A2952 RMK AO2 T01270055",2025-11-07 21:23:35.669417,2025-11-07 16:23:35.669457
"KPOV","Ravenna/Portage Cnty, OH, US",2025-11-07 21:15:00,"2025-11-07 21:15:00","IFR",11.3,10.1,230,7,NA,NA,1000.8,"METAR KPOV 072115Z AUTO 23007KT 10SM OVC008 11/10 A2955 RMK AO2 T01130101 PWINO",2025-11-07 21:23:35.675721,2025-11-07 16:23:35.675756
"KPNT","Pontiac Muni, IL, US",2025-11-07 21:15:00,"2025-11-07 21:15:00","VFR",17,5.4,270,11,NA,NA,1002.8,"METAR KPNT 072115Z AUTO 27011KT 10SM CLR 17/05 A2961 RMK AO2 T01700054",2025-11-07 21:23:35.681487,2025-11-07 16:23:35.681522
"KPQN","Pipestone Muni, MN, US",2025-11-07 21:15:00,"2025-11-07 21:15:00","MVFR",2.4,-0.8,350,11,NA,NA,1008.9,"METAR KPQN 072115Z AUTO 35011KT 10SM OVC013 02/M01 A2979 RMK AO2 T00241008",2025-11-07 21:23:35.687153,2025-11-07 16:23:35.687203
"KRAW","Warsaw Muni, MO, US",2025-11-07 21:15:00,"2025-11-07 21:15:00","VFR",20.6,1.6,290,6,NA,NA,1008.5,"METAR KRAW 072115Z AUTO 29006KT 10SM CLR 21/02 A2978 RMK AO2 T02060016",2025-11-07 21:23:35.692873,2025-11-07 16:23:35.692908
"KRCM","Warrensburg Arpt, MO, US",2025-11-07 21:15:00,"2025-11-07 21:15:00","VFR",21,1,300,6,NA,NA,1008.2,"METAR KRCM 072115Z AUTO 30006KT 10SM CLR 21/01 A2977 RMK AO2",2025-11-07 21:23:35.698649,2025-11-07 16:23:35.698685
"KRMN","Stafford Rgnl, VA, US",2025-11-07 21:15:00,"2025-11-07 21:15:00","VFR",18.7,3.8,180,8,14,NA,1008.9,"METAR KRMN 072115Z AUTO 18008G14KT 150V220 10SM CLR 19/04 A2979 RMK AO2 T01870038",2025-11-07 21:23:35.704556,2025-11-07 16:23:35.704594
"KPXE","Perry/Houston Cnty, GA, US",2025-11-07 21:15:00,"2025-11-07 21:15:00","VFR",24,13,210,5,NA,NA,1012.3,"METAR KPXE 072115Z AUTO 21005KT 10SM BKN075 BKN085 24/13 A2989 RMK AO2 LTG DSNT W",2025-11-07 21:23:35.710452,2025-11-07 16:23:35.710491
"KPRO","Perry Muni, IA, US",2025-11-07 21:15:00,"2025-11-07 15:15:00","VFR",16.2,3.2,300,21,29,NA,1005.5,"METAR KPRO 072115Z AUTO 30021G29KT 10SM CLR 16/03 A2969 RMK AO2 PK WND 30029/2104 T01620032",2025-11-07 21:23:35.716341,2025-11-07 16:23:35.716379
"KRCR","Rochester/Fulton Cnty, IN, US",2025-11-07 21:15:00,"2025-11-07 16:15:00",NA,17,5,280,10,16,NA,1001.8,"METAR KRCR 072115Z AUTO 28010G16KT 240V300 10SM 17/05 A2958 RMK AO2",2025-11-07 21:23:35.722299,2025-11-07 16:23:35.722339
"KRCZ","Rockingham/Richmond Cnty, NC, US",2025-11-07 21:15:00,"2025-11-07 21:15:00","VFR",22.5,12.8,180,7,NA,NA,1011.6,"METAR KRCZ 072115Z AUTO 18007KT 10SM CLR 23/13 A2987 RMK AO2 T02250128",2025-11-07 21:23:35.72819,2025-11-07 16:23:35.728232
"KPTD","Potsdam Muni, NY, US",2025-11-07 21:15:00,"2025-11-07 21:15:00","MVFR",6,5,170,5,NA,5,999.1,"METAR KPTD 072115Z AUTO 17005KT 5SM -RA SCT042 OVC050 06/05 A2950 RMK AO2 PNO",2025-11-07 21:23:35.734035,2025-11-07 16:23:35.734072
"KPWC","Pine River Rgnl, MN, US",2025-11-07 21:15:00,"2025-11-07 21:15:00","MVFR",2.1,-2.7,330,8,NA,NA,1007.5,"METAR KPWC 072115Z AUTO 33008KT 10SM OVC029 02/M03 A2975 RMK AO2 CIG 020V032 T00211027",2025-11-07 21:23:35.739913,2025-11-07 16:23:35.73995
"KROX","Roseau/Billberg Fld, MN, US",2025-11-07 21:15:00,"2025-11-07 15:15:00","MVFR",-1.9,-7.1,340,7,NA,NA,1011.3,"METAR KROX 072115Z AUTO 34007KT 10SM BKN028 M02/M07 A2986 RMK AO2 T10191071",2025-11-07 21:23:35.745775,2025-11-07 16:23:35.745812
"KRID","Richmond Muni, IN, US",2025-11-07 21:15:00,"2025-11-07 21:15:00","VFR",15,12,230,9,NA,NA,1003.5,"METAR KRID 072115Z AUTO 23009KT 10SM SCT019 SCT025 15/12 A2963 RMK AO2",2025-11-07 21:23:35.751664,2025-11-07 16:23:35.7517
"KPTB","Petersburg/Dinwiddie Cnty, VA, US",2025-11-07 21:15:00,"2025-11-07 16:15:00","VFR",19.5,9.5,180,3,NA,NA,1011.3,"METAR KPTB 072115Z AUTO 18003KT 10SM CLR 20/10 A2986 RMK AO2 T01950095",2025-11-07 21:23:35.757565,2025-11-07 16:23:35.7576
"KPSK","Dublin/New River Valley Arpt, VA, US",2025-11-07 21:15:00,"2025-11-07 16:15:00","VFR",15.8,6.7,190,10,NA,NA,1009.6,"METAR KPSK 072115Z AUTO 19010KT 10SM CLR 16/07 A2981 RMK AO2 T01580067",2025-11-07 21:23:35.763451,2025-11-07 16:23:35.763489
"KPSO","Pagosa Springs/Stevens Fld, CO, US",2025-11-07 21:15:00,"2025-11-07 14:15:00","VFR",12,-8,220,9,14,NA,1020.1,"METAR KPSO 072115Z AUTO 22009G14KT 10SM CLR 12/M08 A3012 RMK AO2",2025-11-07 21:23:35.769447,2025-11-07 16:23:35.769485
"KPUJ","Dallas/Paulding Cnty, GA, US",2025-11-07 21:15:00,"2025-11-07 21:15:00","IFR",17,17,NA,3,NA,1.25,1011.6,"METAR KPUJ 072115Z AUTO VRB03KT 1 1/4SM RA BR SCT004 BKN024 OVC032 17/17 A2987 RMK AO2 LTG DSNT SW VIS 1/2V2 1/2",2025-11-07 21:23:35.775377,2025-11-07 16:23:35.775413
"KPVF","Placerville Arpt, CA, US",2025-11-07 21:15:00,"2025-11-07 13:15:00","VFR",18,8,0,0,NA,NA,1021.4,"METAR KPVF 072115Z AUTO 00000KT 10SM CLR 18/08 A3016 RMK AO1",2025-11-07 21:23:35.791128,2025-11-07 16:23:35.791167
"KRNH","New Richmond Muni, WI, US",2025-11-07 21:15:00,"2025-11-07 21:15:00","MVFR",5.3,0.8,330,9,NA,NA,1005.5,"METAR KRNH 072115Z AUTO 33009KT 10SM OVC022 05/01 A2969 RMK AO2 T00530008",2025-11-07 21:23:35.797173,2025-11-07 16:23:35.797227
"KRAS","Port Aransas/Mustang Beach Arpt, TX, US",2025-11-07 21:15:00,"2025-11-07 21:15:00","VFR",26.3,21.1,160,13,NA,NA,1007.9,"METAR KRAS 072115Z AUTO 16013KT 10SM CLR 26/21 A2976 RMK AO2 T02630211",2025-11-07 21:23:35.802948,2025-11-07 16:23:35.802984
"KPVW","Plainview/Hale Cnty, TX, US",2025-11-07 21:10:00,"2025-11-07 15:10:00","VFR",21.4,-5.4,320,3,NA,NA,1014.3,"METAR KPVW 072110Z AUTO 32003KT 10SM CLR 21/M05 A2995 RMK AO2 T02141054",2025-11-07 21:23:35.808651,2025-11-07 16:23:35.808686
"KPRN","Greenville/Crenshaw Mem, AL, US",2025-11-07 21:10:00,"2025-11-07 21:10:00","IFR",22.8,20,90,4,NA,NA,1010.6,"SPECI KPRN 072110Z AUTO 09004KT 10SM BKN009 BKN013 BKN085 23/20 A2984 RMK AO2 CIG 007V013 T02280200 ",2025-11-07 21:23:35.814317,2025-11-07 16:23:35.814352
"KRHI","Rhinelander/Oneida Cnty, WI, US",2025-11-07 21:10:00,"2025-11-07 15:10:00","VFR",2.8,0,NA,6,NA,NA,1002.1,"SPECI KRHI 072110Z AUTO VRB06KT 10SM FEW016 BKN034 OVC048 03/00 A2959 RMK AO2 T00280000",2025-11-07 21:23:35.820159,2025-11-07 16:23:35.820215
"KPVB","Platteville Muni, WI, US",2025-11-07 21:10:00,"2025-11-07 21:10:00","VFR",14.6,4.9,270,11,21,NA,1001.4,"METAR KPVB 072110Z AUTO 27011G21KT 10SM SCT050 SCT070 BKN100 15/05 A2957 RMK AO1 T01460049",2025-11-07 21:23:35.826038,2025-11-07 16:23:35.826077
"KROG","Rogers Muni/Carter Fld, AR, US",2025-11-07 20:58:00,"2025-11-07 14:58:00","VFR",22.2,4.4,10,7,NA,NA,1009.2,"METAR KROG 072058Z 01007KT 10SM CLR 22/04 A2980 RMK AO2 SLP080 T02220044 56011",2025-11-07 21:23:35.83194,2025-11-07 16:23:35.831978
"KPWT","Bremerton Arpt, WA, US",2025-11-07 20:56:00,"2025-11-07 12:56:00","MVFR",11.7,7.2,210,6,NA,NA,1022.4,"METAR KPWT 072056Z AUTO 21006KT 10SM OVC023 12/07 A3019 RMK AO2 SLP228 T01170072 50003",2025-11-07 21:23:35.837841,2025-11-07 16:23:35.837876
"KPTN","Patterson/Williams Mem, LA, US",2025-11-07 20:56:00,"2025-11-07 14:56:00","VFR",27.2,20,250,8,NA,NA,1009.9,"METAR KPTN 072056Z AUTO 25008KT 10SM BKN033 27/20 A2982 RMK AO2 SLP098 T02720200 56022 $",2025-11-07 21:23:35.84391,2025-11-07 16:23:35.843952
"KRKD","Rockland/Knox Cnty, ME, US",2025-11-07 20:56:00,"2025-11-07 15:56:00","VFR",5,-1.7,230,3,NA,NA,1012.3,"METAR KRKD 072056Z AUTO 23003KT 10SM CLR 05/M02 A2989 RMK AO2 SLP122 T00501017 56023 $",2025-11-07 21:23:35.849836,2025-11-07 16:23:35.849874
"KRDM","Redmond Muni, OR, US",2025-11-07 20:56:00,"2025-11-07 12:56:00","VFR",10.6,-2.2,NA,4,NA,NA,1022.8,"METAR KRDM 072056Z VRB04KT 10SM FEW050 11/M02 A3020 RMK AO2 SLP225 T01061022 50001",2025-11-07 21:23:35.855772,2025-11-07 16:23:35.85581
"KPVU","Provo Muni, UT, US",2025-11-07 20:56:00,"2025-11-07 13:56:00","VFR",10.6,-0.6,240,4,NA,NA,1019.7,"METAR KPVU 072056Z 24004KT 10SM OVC085 11/M01 A3011 RMK AO2 SLP190 T01061006 57013",2025-11-07 21:23:35.86166,2025-11-07 16:23:35.861699
"KPTV","Porterville Muni, CA, US",2025-11-07 20:56:00,"2025-11-07 12:56:00","VFR",21.1,11.1,NA,3,NA,NA,1019.4,"METAR KPTV 072056Z AUTO VRB03KT 10SM CLR 21/11 A3010 RMK AO2 SLP190 T02110111 58026 $",2025-11-07 21:23:35.867625,2025-11-07 16:23:35.867664
"KPRX","Paris/Cox Fld, TX, US",2025-11-07 20:56:00,"2025-11-07 14:56:00","VFR",23.9,15.6,NA,6,NA,NA,1008.5,"METAR KPRX 072056Z AUTO VRB06KT 10SM FEW032 24/16 A2978 RMK AO2 SLP081 T02390156 56013",2025-11-07 21:23:35.873556,2025-11-07 16:23:35.873594
"KPQI","Presque Isle Intl, ME, US",2025-11-07 20:56:00,"2025-11-07 15:56:00","VFR",1.1,-8.3,210,5,NA,NA,1010.2,"METAR KPQI 072056Z AUTO 21005KT 10SM BKN100 01/M08 A2983 RMK AO2 SLP132 T00111083 58014",2025-11-07 21:23:35.879464,2025-11-07 16:23:35.879503
"KPWG","Mc Gregor Exec, TX, US",2025-11-07 20:56:00,"2025-11-07 20:56:00","VFR",29.4,8.9,310,8,NA,NA,1007.9,"METAR KPWG 072056Z AUTO 31008KT 10SM CLR 29/09 A2976 RMK AO2 SLP069 T02940089 56014",2025-11-07 21:23:35.885383,2025-11-07 16:23:35.88542
"KPVG","Portsmouth/Hampton Roads Exec, VA, US",2025-11-07 20:56:00,"2025-11-07 20:56:00","VFR",20,12.2,190,8,16,NA,1012.6,"METAR KPVG 072056Z AUTO 19008G16KT 10SM SCT046 OVC060 20/12 A2990 RMK AO2 SLP125 T02000122 56030 $",2025-11-07 21:23:35.891331,2025-11-07 16:23:35.891372
"KRDR","Grand Forks AFB, ND, US",2025-11-07 20:55:00,"2025-11-07 14:55:00","MVFR",-2.8,-9.1,20,12,17,NA,1012.3,"METAR KRDR 072055Z AUTO 02012G17KT 10SM BKN025 M03/M09 A2989 RMK AO2 CIG 024 RWY36 SLP139 T10281091 52008 $",2025-11-07 21:23:35.90683,2025-11-07 16:23:35.90689
"KRKW","Rockwood Muni, TN, US",2025-11-07 20:55:00,"2025-11-07 14:55:00","VFR",19,13,210,10,16,NA,1009.2,"METAR KRKW 072055Z AUTO 21010G16KT 180V260 10SM FEW030 SCT040 BKN055 19/13 A2980 RMK A01",2025-11-07 21:23:35.913513,2025-11-07 16:23:35.913553
"KRND","Randolph AFB, TX, US",2025-11-07 20:55:00,"2025-11-07 14:55:00","VFR",31.5,12.8,240,7,NA,NA,1007.2,"METAR KRND 072055Z AUTO 24007KT 10SM CLR 32/13 A2974 RMK AO2 SLP063 T03150128 57029 $",2025-11-07 21:23:35.919425,2025-11-07 16:23:35.91946
"KPOB","Pope AAF, NC, US",2025-11-07 20:55:00,"2025-11-07 15:55:00","VFR",22.9,13.1,180,5,NA,NA,1011.3,"METAR KPOB 072055Z AUTO 18005KT 10SM FEW039 23/13 A2986 RMK AO2 SLP114 T02290131 57030 $",2025-11-07 21:23:35.925108,2025-11-07 16:23:35.925144
"KRNO","Reno/Tahoe Intl, NV, US",2025-11-07 20:55:00,"2025-11-07 12:55:00","VFR",18.3,5,10,6,NA,NA,1021.4,"METAR KRNO 072055Z 01006KT 10SM BKN055 18/05 A3016 RMK AO2 SLP181 T01830050 58013",2025-11-07 21:23:35.930879,2025-11-07 16:23:35.930915
"KPNM","Princeton Arpt, MN, US",2025-11-07 20:55:00,"2025-11-07 20:55:00","MVFR",6,-1,350,10,14,NA,1006.9,"METAR KPNM 072055Z 35010G14KT 10SM OVC030 06/M01 A2973 RMK AO2",2025-11-07 21:23:35.936704,2025-11-07 16:23:35.93674
"KRIV","Riverside/March ARB, CA, US",2025-11-07 20:55:00,"2025-11-07 12:55:00","VFR",29.5,2.7,310,9,NA,NA,1012.3,"METAR KRIV 072055Z AUTO 31009KT 10SM CLR 30/03 A2989 RMK AO2 SLP110 T02950027 57025",2025-11-07 21:23:35.942583,2025-11-07 16:23:35.94262
"KPWD","Plentywood/Sher-Wood Arpt, MT, US",2025-11-07 20:55:00,"2025-11-07 13:55:00","LIFR",0,-1,130,10,NA,0.75,1008.5,"METAR KPWD 072055Z AUTO 13010KT 3/4SM -SN OVC005 M00/M01 A2978 RMK AO2",2025-11-07 21:23:35.948611,2025-11-07 16:23:35.948646
"KPOE","Fort Polk AAF, LA, US",2025-11-07 20:55:00,"2025-11-07 14:55:00","VFR",27.8,17.3,180,7,NA,NA,1007.9,"METAR KPOE 072055Z AUTO 18007KT 10SM CLR 28/17 A2976 RMK AO2 SLP077 T02780173 57025",2025-11-07 21:23:35.954487,2025-11-07 16:23:35.954525
"KRCA","Ellsworth AFB, SD, US",2025-11-07 20:55:00,"2025-11-07 13:55:00","VFR",14.6,-5.2,160,8,NA,8,1006.9,"METAR KRCA 072055Z AUTO 16008KT 8SM FEW210 15/M05 A2973 RMK AO2 SLP065 T01461052 57025 $",2025-11-07 21:23:35.960283,2025-11-07 16:23:35.96032
"KPSM","Portsmouth Intl, NH, US",2025-11-07 20:55:00,"2025-11-07 15:55:00","VFR",9,-0.3,140,8,NA,NA,1010.6,"METAR KPSM 072055Z 14008KT 10SM FEW100 SCT140 BKN210 09/M00 A2984 RMK AO2A SLP108 T00901003 57036",2025-11-07 21:23:35.966216,2025-11-07 16:23:35.966256
"KRNC","McMinnville/Warren Cnty, TN, US",2025-11-07 20:55:00,"2025-11-07 14:55:00","VFR",21,15,210,9,NA,NA,1007.9,"METAR KRNC 072055Z AUTO 21009KT 180V240 10SM FEW026 FEW033 SCT044 21/15 A2976 RMK A01",2025-11-07 21:23:35.972086,2025-11-07 16:23:35.972126
"KPNE","Philadelphia/NE Arpt, PA, US",2025-11-07 20:54:00,"2025-11-07 15:54:00","VFR",15.6,2.2,170,9,18,NA,1009.2,"METAR KPNE 072054Z 17009G18KT 10SM CLR 16/02 A2980 RMK AO2 SLP091 T01560022 56042",2025-11-07 21:23:35.977968,2025-11-07 16:23:35.978002
"KRFD","Rockford Intl, IL, US",2025-11-07 20:54:00,"2025-11-07 14:54:00","VFR",17.2,3.9,260,12,NA,NA,1001.8,"METAR KRFD 072054Z 26012KT 10SM SCT080 SCT250 17/04 A2958 RMK AO2 SLP018 T01720039 55001",2025-11-07 21:23:35.983823,2025-11-07 16:23:35.983859
"KROA","Roanoke Rgnl, VA, US",2025-11-07 20:54:00,"2025-11-07 15:54:00","VFR",17.8,8.9,170,14,20,NA,1009.9,"METAR KROA 072054Z 17014G20KT 10SM CLR 18/09 A2982 RMK AO2 SLP097 T01780089 56029 $",2025-11-07 21:23:35.989675,2025-11-07 16:23:35.989711
"KRKS","Rock Springs/SW Wyoming Rgnl, WY, US",2025-11-07 20:54:00,"2025-11-07 13:54:00","VFR",10.6,-4.4,270,22,33,NA,1016.7,"METAR KRKS 072054Z AUTO 27022G33KT 10SM SCT060 11/M04 A3002 RMK AO2 PK WND 26046/2034 SLP141 T01061044 55020",2025-11-07 21:23:35.99555,2025-11-07 16:23:35.99559
"KRDG","Reading/Spaatz Fld, PA, US",2025-11-07 20:54:00,"2025-11-07 15:54:00","VFR",15,2.2,180,11,24,NA,1007.2,"METAR KRDG 072054Z 18011G24KT 10SM CLR 15/02 A2974 RMK AO2 PK WND 19028/2040 SLP076 60000 T01500022 56038",2025-11-07 21:23:36.001462,2025-11-07 16:23:36.001499
"KROC","Rochester Intl Arpt, NY, US",2025-11-07 20:54:00,"2025-11-07 15:54:00","VFR",11.7,7.8,210,11,20,NA,998.1,"METAR KROC 072054Z 21011G20KT 10SM OVC031 12/08 A2947 RMK AO2 RAE08 SLP986 P0002 60009 T01170078 58002 $",2025-11-07 21:23:36.007394,2025-11-07 16:23:36.007434
"KRIC","Richmond Intl, VA, US",2025-11-07 20:54:00,"2025-11-07 15:54:00","VFR",19.4,8.3,180,13,NA,NA,1010.6,"METAR KRIC 072054Z 18013KT 10SM CLR 19/08 A2984 RMK AO2 SLP108 T01940083 56033",2025-11-07 21:23:36.013324,2025-11-07 16:23:36.013359
"KRBL","Red Bluff Muni, CA, US",2025-11-07 20:54:00,"2025-11-07 12:54:00","VFR",18.9,11.7,0,0,NA,6,1020.7,"METAR KRBL 072054Z AUTO 00000KT 6SM HZ CLR 19/12 A3014 RMK AO2 SLP204 T01890117 58016",2025-11-07 21:23:36.029074,2025-11-07 16:23:36.029113
"KPTW","Pottstown/Heritage Fld, PA, US",2025-11-07 20:54:00,"2025-11-07 15:54:00","VFR",15.6,2.2,190,5,15,NA,1008.5,"METAR KPTW 072054Z AUTO 19005G15KT 10SM CLR 16/02 A2978 RMK AO2 SLP085 T01560022 56035 $",2025-11-07 21:23:36.035249,2025-11-07 16:23:36.035285
"KPSF","Pittsfield Muni, MA, US",2025-11-07 20:54:00,"2025-11-07 15:54:00","VFR",10.6,-2.8,220,11,19,NA,1006.5,"METAR KPSF 072054Z AUTO 22011G19KT 10SM CLR 11/M03 A2972 RMK AO2 SLP066 T01061028 56035",2025-11-07 21:23:36.040964,2025-11-07 16:23:36.040999
"KRME","Rome/Griffiss Intl, NY, US",2025-11-07 20:53:00,"2025-11-07 15:53:00","VFR",8.3,3.9,70,13,NA,8,1001.8,"METAR KRME 072053Z 07013KT 8SM -RA OVC050 08/04 A2958 RMK AO2 RAB10 SLP017 P0001 60001 T00830039 56034",2025-11-07 21:23:36.046599,2025-11-07 16:23:36.046633
"KRNM","Ramona Arpt, CA, US",2025-11-07 20:53:00,"2025-11-07 20:53:00","VFR",27.8,10,300,9,NA,NA,1012.6,"METAR KRNM 072053Z 30009KT 10SM CLR 28/10 A2990 RMK AO2 SLP111 T02780100 58021",2025-11-07 21:23:36.052285,2025-11-07 16:23:36.052322
"KPOF","Poplar Bluff Muni, MO, US",2025-11-07 20:53:00,"2025-11-07 14:53:00","VFR",24.4,12.2,320,7,NA,NA,1005.8,"METAR KPOF 072053Z AUTO 32007KT 10SM CLR 24/12 A2970 RMK AO2 SLP053 T02440122 55013",2025-11-07 21:23:36.058073,2025-11-07 16:23:36.05811
"KPUB","Pueblo Mem Arpt, CO, US",2025-11-07 20:53:00,"2025-11-07 13:53:00","VFR",17.8,-7.2,120,9,NA,NA,1011.9,"METAR KPUB 072053Z 12009KT 10SM CLR 18/M07 A2988 RMK AO2 SLP098 T01781072 56042 $",2025-11-07 21:23:36.063976,2025-11-07 16:23:36.064012
"KPUC","Price/Buck Fld, UT, US",2025-11-07 20:53:00,"2025-11-07 13:53:00","VFR",12.8,-7.8,140,3,NA,NA,1018.7,"METAR KPUC 072053Z AUTO 14003KT 10SM OVC090 13/M08 A3008 RMK AO2 SLP178 T01281078 58017",2025-11-07 21:23:36.069898,2025-11-07 16:23:36.069936
"KRNT","Renton Muni, WA, US",2025-11-07 20:53:00,"2025-11-07 12:53:00","VFR",12.8,5.6,190,5,NA,NA,1022.8,"METAR KRNT 072053Z 19005KT 10SM SCT034 BKN042 OVC070 13/06 A3020 RMK AO2 SLP231 T01280056 50006",2025-11-07 21:23:36.075789,2025-11-07 16:23:36.075828
"KPSC","Pasco/Tri Cities Arpt, WA, US",2025-11-07 20:53:00,"2025-11-07 12:53:00","VFR",16.1,5,240,17,25,NA,1021.4,"METAR KPSC 072053Z 24017G25KT 10SM CLR 16/05 A3016 RMK AO2 PK WND 25031/2025 SLP212 T01610050 51005",2025-11-07 21:23:36.081701,2025-11-07 16:23:36.081738
"KPWA","Oklahoma City/Wiley Post Arpt, OK, US",2025-11-07 20:53:00,"2025-11-07 14:53:00","VFR",23.9,4.4,360,8,NA,NA,1010.9,"METAR KPWA 072053Z 36008KT 10SM CLR 24/04 A2985 RMK AO2 SLP098 T02390044 56015",2025-11-07 21:23:36.087631,2025-11-07 16:23:36.087668
"KRAC","Racine/Batten Intl, WI, US",2025-11-07 20:53:00,"2025-11-07 14:53:00","VFR",15.6,3.3,280,8,17,NA,1000.8,"METAR KRAC 072053Z AUTO 28008G17KT 10SM CLR 16/03 A2955 RMK AO2 SLP006 T01560033 53008",2025-11-07 21:23:36.093525,2025-11-07 16:23:36.093563
"KRBD","Dallas/Executive Arpt, TX, US",2025-11-07 20:53:00,"2025-11-07 14:53:00","VFR",25.6,13.3,30,7,NA,NA,1007.9,"METAR KRBD 072053Z 03007KT 10SM CLR 26/13 A2976 RMK AO2 SLP072 T02560133 56009",2025-11-07 21:23:36.099447,2025-11-07 16:23:36.099484
"KRBG","Roseburg Rgnl, OR, US",2025-11-07 20:53:00,"2025-11-07 12:53:00","VFR",11.7,9.4,NA,4,NA,NA,1024.1,"METAR KRBG 072053Z AUTO VRB04KT 10SM CLR 12/09 A3024 RMK AO2 SLP242 T01170094 58001",2025-11-07 21:23:36.105365,2025-11-07 16:23:36.105406
"KPRC","Prescott/Love Fld, AZ, US",2025-11-07 20:53:00,"2025-11-07 13:53:00","VFR",21.7,-4.4,290,4,NA,NA,1018.4,"METAR KPRC 072053Z 29004KT 10SM CLR 22/M04 A3007 RMK AO2 SLP124 T02171044 57022",2025-11-07 21:23:36.111255,2025-11-07 16:23:36.111292
"KPOU","Poughkeepsie/Hudson Valley Rgnl, NY, US",2025-11-07 20:53:00,"2025-11-07 15:53:00","VFR",13.9,-0.6,NA,5,16,NA,1007.5,"METAR KPOU 072053Z VRB05G16KT 10SM BKN065 14/M01 A2975 RMK AO2 SLP070 T01391006 56041",2025-11-07 21:23:36.117222,2025-11-07 16:23:36.117259
"KRIW","Riverton Rgnl, WY, US",2025-11-07 20:53:00,"2025-11-07 13:53:00","VFR",12.8,-6.7,170,7,NA,NA,1010.9,"METAR KRIW 072053Z AUTO 17007KT 10SM CLR 13/M07 A2985 RMK AO2 SLP094 T01281067 56019",2025-11-07 21:23:36.123105,2025-11-07 16:23:36.123143
"KPQL","Pascagoula/Lott Intl, MS, US",2025-11-07 20:53:00,"2025-11-07 14:53:00","MVFR",25,21.7,180,7,16,NA,1010.2,"METAR KPQL 072053Z AUTO 18007G16KT 10SM BKN017 BKN070 25/22 A2983 RMK AO2 SLP102 T02500217 56022",2025-11-07 21:23:36.129097,2025-11-07 16:23:36.129135
"KPNC","Ponca City Rgnl, OK, US",2025-11-07 20:53:00,"2025-11-07 14:53:00","VFR",21.7,2.8,320,6,NA,NA,1010.2,"METAR KPNC 072053Z AUTO 32006KT 10SM CLR 22/03 A2983 RMK AO2 SLP096 T02170028 56018",2025-11-07 21:23:36.135078,2025-11-07 16:23:36.135114
"KPNS","Pensacola Intl, FL, US",2025-11-07 20:53:00,"2025-11-07 14:53:00","VFR",25,21.1,180,9,NA,NA,1010.9,"METAR KPNS 072053Z 18009KT 10SM FEW018 BKN033 BKN042 25/21 A2985 RMK AO2 SLP110 T02500211 56021",2025-11-07 21:23:36.151325,2025-11-07 16:23:36.151366
"KPTK","Pontiac/Oakland Intl, MI, US",2025-11-07 20:53:00,"2025-11-07 15:53:00","VFR",12.2,8.3,260,10,NA,NA,997.7,"METAR KPTK 072053Z 26010KT 10SM FEW022 BKN033 12/08 A2946 RMK SLP977 T01220083 53004",2025-11-07 21:23:36.157308,2025-11-07 16:23:36.157345
"KRDD","Redding Muni, CA, US",2025-11-07 20:53:00,"2025-11-07 12:53:00","VFR",19.4,11.7,0,0,NA,NA,1020.4,"METAR KRDD 072053Z 00000KT 10SM SCT025 19/12 A3013 RMK AO2 SLP199 T01940117 58015 $",2025-11-07 21:23:36.162972,2025-11-07 16:23:36.163008
"KPSP","Palm Springs Intl, CA, US",2025-11-07 20:53:00,"2025-11-07 12:53:00","VFR",32.8,1.1,0,0,NA,NA,1011.9,"METAR KPSP 072053Z 00000KT 10SM CLR 33/01 A2988 RMK AO2 SLP113 T03280011 58028 $",2025-11-07 21:23:36.16867,2025-11-07 16:23:36.168706
"KPUW","Pullman/Moscow Rgnl, WA, US",2025-11-07 20:53:00,"2025-11-07 12:53:00","VFR",8.3,1.7,250,16,25,NA,1020.4,"METAR KPUW 072053Z AUTO 25016G25KT 10SM CLR 08/02 A3013 RMK AO2 PK WND 24029/2015 SLP210 T00830017 51010",2025-11-07 21:23:36.174449,2025-11-07 16:23:36.174491
"KRMG","Rome/Russell Arpt, GA, US",2025-11-07 20:53:00,"2025-11-07 15:53:00","VFR",21.7,16.1,190,6,NA,NA,1010.6,"METAR KRMG 072053Z AUTO 19006KT 10SM SCT033 BKN047 OVC060 22/16 A2984 RMK AO2 RAB27E41 SLP099 P0000 60000 T02170161 56020",2025-11-07 21:23:36.180318,2025-11-07 16:23:36.180356
"KRIL","Rifle/Garfield Cnty, CO, US",2025-11-07 20:53:00,"2025-11-07 13:53:00","VFR",8.9,-3.9,70,3,NA,NA,1018.7,"METAR KRIL 072053Z AUTO 07003KT 10SM OVC080 09/M04 A3008 RMK AO2 SLP178 T00891039 56020",2025-11-07 21:23:36.186249,2025-11-07 16:23:36.186288
"KRAL","Riverside Muni, CA, US",2025-11-07 20:53:00,"2025-11-07 12:53:00","VFR",27.8,7.8,280,6,NA,NA,1012.3,"METAR KRAL 072053Z 28006KT 10SM CLR 28/08 A2989 RMK AO2 SLP109 T02780078 58026",2025-11-07 21:23:36.192125,2025-11-07 16:23:36.192161
"KRKP","Rockport/Aransas Cnty, TX, US",2025-11-07 20:53:00,"2025-11-07 14:53:00","VFR",27.2,20.6,170,11,20,9,1006.9,"METAR KRKP 072053Z AUTO 17011G20KT 9SM CLR 27/21 A2973 RMK AO2 SLP070 T02720206 56036 TSNO",2025-11-07 21:23:36.19797,2025-11-07 16:23:36.198005
"KPRB","Paso Robles Muni, CA, US",2025-11-07 20:53:00,"2025-11-07 12:53:00","VFR",21.7,8.3,0,0,NA,NA,1019,"METAR KPRB 072053Z AUTO 00000KT 10SM CLR 22/08 A3009 RMK AO2 SLP185 T02170083 58031",2025-11-07 21:23:36.203834,2025-11-07 16:23:36.203871
"KREO","Rome/State Arpt, OR, US",2025-11-07 20:52:00,"2025-11-07 13:52:00",NA,13.3,1.7,0,0,NA,NA,1020.7,"METAR KREO 072052Z AUTO 00000KT 13/02 A3014 RMK AO1 SLP195 T01330017 50002",2025-11-07 21:23:36.209712,2025-11-07 16:23:36.209749
"KPWK","Chicago Exec, IL, US",2025-11-07 20:52:00,"2025-11-07 14:52:00","VFR",17.2,3.9,270,11,19,NA,1001.1,"METAR KPWK 072052Z 27011G19KT 10SM CLR 17/04 A2956 RMK AO2 SLP010 T01720039 53005",2025-11-07 21:23:36.215681,2025-11-07 16:23:36.21572
"KPPF","Parsons/Tri City Arpt, KS, US",2025-11-07 20:52:00,"2025-11-07 14:52:00","VFR",22.8,2.8,300,6,NA,NA,1009.6,"METAR KPPF 072052Z AUTO 30006KT 10SM CLR 23/03 A2981 RMK AO2 SLP088 T02280028 56014 PWINO",2025-11-07 21:23:36.221564,2025-11-07 16:23:36.221602
"KRAP","Rapid City Rgnl, SD, US",2025-11-07 20:52:00,"2025-11-07 13:52:00","VFR",14.4,-5,140,7,NA,NA,1007.9,"METAR KRAP 072052Z 14007KT 10SM CLR 14/M05 A2976 RMK AO2 SLP080 T01441050 56024",2025-11-07 21:23:36.227507,2025-11-07 16:23:36.227545
"KPYM","Plymouth Muni, MA, US",2025-11-07 20:52:00,"2025-11-07 15:52:00","VFR",10,3.9,190,8,NA,NA,1011.9,"METAR KPYM 072052Z AUTO 19008KT 10SM FEW030 SCT042 10/04 A2988 RMK AO2 SLP121 T01000039 58036",2025-11-07 21:23:36.233424,2025-11-07 16:23:36.233462
"KPWM","Portland Intl, ME, US",2025-11-07 20:51:00,"2025-11-07 15:51:00","VFR",7.2,0,180,7,17,NA,1011.6,"METAR KPWM 072051Z 18007G17KT 10SM SCT090 BKN130 07/00 A2987 RMK AO2 SLP114 T00720000 56030 $",2025-11-07 21:23:36.239331,2025-11-07 16:23:36.239369
"KROW","Roswell/Ind Arpt, NM, US",2025-11-07 20:51:00,"2025-11-07 13:51:00","VFR",22.8,-4.4,170,6,NA,NA,1015,"METAR KROW 072051Z 17006KT 10SM CLR 23/M04 A2997 RMK AO2 SLP101 T02281044 57036",2025-11-07 21:23:36.245285,2025-11-07 16:23:36.245323
"KRDU","Raleigh-Durham Intl, NC, US",2025-11-07 20:51:00,"2025-11-07 15:51:00","VFR",20.6,12.2,190,8,NA,NA,1011.9,"METAR KRDU 072051Z 19008KT 10SM SCT039 BKN047 BKN250 21/12 A2988 RMK AO2 SLP116 T02060122 56028",2025-11-07 21:23:36.251267,2025-11-07 16:23:36.251307
"KPVD","Providence/Green Mem, RI, US",2025-11-07 20:51:00,"2025-11-07 15:51:00","VFR",11.7,5,180,13,20,NA,1011.3,"METAR KPVD 072051Z 18013G20KT 10SM SCT035 BKN050 BKN250 12/05 A2986 RMK AO2 PRESFR SLP111 T01170050 58045 $",2025-11-07 21:23:36.274348,2025-11-07 16:23:36.274391
"KPVE","Lexington/Beech River Rgnl, TN, US",2025-11-07 20:50:00,"2025-11-07 20:50:00",NA,22,18,220,5,NA,NA,1006.9,"METAR KPVE 072050Z AUTO 22005KT 10SM 22/18 A2973 RMK A01",2025-11-07 21:23:36.280616,2025-11-07 16:23:36.280654
"KPOC","La Verne/Brackett Fld, CA, US",2025-11-07 20:47:00,"2025-11-07 12:47:00","VFR",27,8,250,7,NA,NA,1013.3,"METAR KPOC 072047Z 25007KT 10SM CLR 27/08 A2992",2025-11-07 21:23:36.286817,2025-11-07 16:23:36.286853
"KRHV","San Jose/Reid-Hillview Arpt, CA, US",2025-11-07 20:47:00,"2025-11-07 12:47:00","VFR",22,14,310,11,NA,NA,1019.7,"METAR KRHV 072047Z 31011KT 10SM FEW025 22/14 A3011",2025-11-07 21:23:36.29254,2025-11-07 16:23:36.292575
"KPVC","Provincetown Muni, MA, US",2025-11-07 19:56:00,"2025-11-07 14:56:00","VFR",10,2.2,200,13,18,NA,1014.3,"METAR KPVC 071956Z AUTO 20013G18KT 10SM CLR 10/02 A2995 RMK AO2 SLP142 T01000022 PNO $",2025-11-07 21:23:36.29824,2025-11-07 16:23:36.298277
"KS24","Fremont/Sandusky Cnty, OH, US",2025-11-07 21:17:00,"2025-11-07 21:17:00","MVFR",15,13,240,14,21,NA,999.4,"METAR KS24 072117Z 24014G21KT 10SM BKN028 OVC033 15/13 A2951 RMK AO2",2025-11-07 21:23:40.425637,2025-11-07 16:23:40.425677
"KSEF","Sebring Rgnl, FL, US",2025-11-07 21:15:00,"2025-11-07 16:15:00",NA,28.1,18.7,0,0,NA,NA,1012.6,"METAR KSEF 072115Z AUTO 00000KT 10SM 28/19 A2990 RMK AO2 T02810187",2025-11-07 21:23:40.431899,2025-11-07 16:23:40.431937
"KRZN","Siren/Burnett Cnty, WI, US",2025-11-07 21:15:00,"2025-11-07 21:15:00","MVFR",5.1,-0.5,350,8,NA,NA,1005.8,"METAR KRZN 072115Z AUTO 35008KT 10SM OVC028 05/00 A2970 RMK AO2 T00511005",2025-11-07 21:23:40.438054,2025-11-07 16:23:40.438093
"KRUQ","Salisbury/Rowan Cnty, NC, US",2025-11-07 21:15:00,"2025-11-07 16:15:00","VFR",20.1,11.1,200,6,NA,NA,1011.6,"METAR KRUQ 072115Z AUTO 20006KT 10SM CLR 20/11 A2987 RMK AO2 T02010111",2025-11-07 21:23:40.444116,2025-11-07 16:23:40.444157
"KSDA","Shenandoah Muni, IA, US",2025-11-07 21:15:00,"2025-11-07 21:15:00","VFR",19,1,300,12,20,NA,1006.9,"METAR KSDA 072115Z AUTO 30012G20KT 10SM CLR 19/01 A2973 RMK AO2",2025-11-07 21:23:40.450248,2025-11-07 16:23:40.450289
"KRZL","Rensselaer/Jasper Cnty, IN, US",2025-11-07 21:15:00,"2025-11-07 15:15:00","VFR",17,6,260,13,16,NA,1002.8,"METAR KRZL 072115Z AUTO 26013G16KT 10SM CLR 17/06 A2961 RMK AO2",2025-11-07 21:23:40.456303,2025-11-07 16:23:40.456343
"KRYW","Lago Vista/Allen Arpt, TX, US",2025-11-07 21:15:00,"2025-11-07 21:15:00","VFR",30.5,10,360,4,NA,NA,1008.9,"METAR KRYW 072115Z AUTO 36004KT 10SM CLR 31/10 A2979 RMK AO2 T03050100",2025-11-07 21:23:40.462441,2025-11-07 16:23:40.462481
"KRQO","El Reno Rgnl, OK, US",2025-11-07 21:15:00,"2025-11-07 15:15:00","VFR",23,4,360,10,NA,NA,1011.3,"METAR KRQO 072115Z AUTO 36010KT 10SM CLR 23/04 A2986 RMK AO2",2025-11-07 21:23:40.468684,2025-11-07 16:23:40.468724
"KRPD","Rice Lake Rgnl, WI, US",2025-11-07 21:15:00,"2025-11-07 15:15:00","MVFR",5.1,0.4,350,6,NA,NA,1005.2,"METAR KRPD 072115Z AUTO 35006KT 10SM OVC020 05/00 A2968 RMK AO2 T00510004",2025-11-07 21:23:40.474813,2025-11-07 16:23:40.474851
"KSIK","Sikeston Arpt, MO, US",2025-11-07 21:15:00,"2025-11-07 15:15:00",NA,21.7,17.1,230,7,NA,NA,1005.8,"METAR KSIK 072115Z AUTO 23007KT FEW031 22/17 A2970 RMK AO2 T02170171 PWINO $",2025-11-07 21:23:40.490669,2025-11-07 16:23:40.490705
"KRQB","Big Rapids/Roben Hood Arpt, MI, US",2025-11-07 21:15:00,"2025-11-07 16:15:00","VFR",10,3,290,11,16,NA,998.7,"METAR KRQB 072115Z AUTO 29011G16KT 10SM SCT033 OVC042 10/03 A2949 RMK AO2",2025-11-07 21:23:40.496965,2025-11-07 16:23:40.497004
"KSCD","Sylacauga Muni, AL, US",2025-11-07 21:15:00,"2025-11-07 21:15:00",NA,20.2,16.8,180,4,NA,NA,1011.3,"METAR KSCD 072115Z AUTO 18004KT OVC021 20/17 A2986 RMK AO2 LTG DSNT SE AND S T02020168 PWINO",2025-11-07 21:23:40.503016,2025-11-07 16:23:40.50305
"KRSN","Ruston Rgnl, LA, US",2025-11-07 21:15:00,"2025-11-07 15:15:00","VFR",25.1,18.4,NA,4,NA,8,1008.5,"METAR KRSN 072115Z AUTO VRB04KT 8SM BKN042 25/18 A2978 RMK AO2 T02510184 $",2025-11-07 21:23:40.508751,2025-11-07 16:23:40.508785
"KSHD","Staunton/Shenandoah Valley Rgnl, VA, US",2025-11-07 21:15:00,"2025-11-07 16:15:00","VFR",16.6,8.1,200,11,16,NA,1008.5,"METAR KSHD 072115Z AUTO 20011G16KT 10SM CLR 17/08 A2978 RMK AO2 T01660081",2025-11-07 21:23:40.514473,2025-11-07 16:23:40.514509
"KRRT","Warroad Intl, MN, US",2025-11-07 21:15:00,"2025-11-07 15:15:00","VFR",-2,-8,330,6,NA,NA,1011.3,"METAR KRRT 072115Z AUTO 33006KT 10SM CLR M02/M08 A2986 RMK AO2",2025-11-07 21:23:40.520293,2025-11-07 16:23:40.520332
"KRVL","Reedsville/Mifflin Cnty, PA, US",2025-11-07 21:15:00,"2025-11-07 16:15:00","VFR",13,6,180,4,NA,NA,1004.5,"METAR KRVL 072115Z AUTO 18004KT 10SM FEW041 BKN055 OVC065 13/06 A2966 RMK AO2",2025-11-07 21:23:40.526209,2025-11-07 16:23:40.526251
"KRPH","Graham Muni, TX, US",2025-11-07 21:15:00,"2025-11-07 21:15:00","VFR",26.7,2.8,360,11,19,NA,1009.6,"METAR KRPH 072115Z AUTO 36011G19KT 10SM CLR 27/03 A2981 RMK AO2 T02670028",2025-11-07 21:23:40.532112,2025-11-07 16:23:40.532147
"KSJX","Beaver Island Arpt, MI, US",2025-11-07 21:15:00,"2025-11-07 21:15:00","MVFR",6,2,300,13,23,NA,997.4,"METAR KSJX 072115Z AUTO 30013G23KT 10SM OVC018 06/02 A2945 RMK AO2",2025-11-07 21:23:40.538081,2025-11-07 16:23:40.538121
"KSEP","Stephenville/Clark Rgnl, TX, US",2025-11-07 21:15:00,"2025-11-07 15:15:00","VFR",25.8,11.6,10,14,18,NA,1010.2,"METAR KSEP 072115Z AUTO 01014G18KT 10SM CLR 26/12 A2983 RMK AO2 T02580116",2025-11-07 21:23:40.544017,2025-11-07 16:23:40.544054
"KS25","Watford City Muni, ND, US",2025-11-07 21:15:00,"2025-11-07 21:15:00","MVFR",1,1,110,10,NA,NA,1009.9,"METAR KS25 072115Z AUTO 11010KT 10SM OVC014 01/01 A2982 RMK AO2",2025-11-07 21:23:40.54982,2025-11-07 16:23:40.549859
"KRVJ","Reidsville/Smith Fld, GA, US",2025-11-07 21:15:00,"2025-11-07 21:15:00","VFR",26,12,220,5,NA,NA,1012.6,"METAR KRVJ 072115Z AUTO 22005KT 10SM CLR 26/12 A2990 RMK AO2 T02600120",2025-11-07 21:23:40.555622,2025-11-07 16:23:40.55566
"KSDC","Williamson-Sodus Arpt, NY, US",2025-11-07 21:15:00,"2025-11-07 21:15:00","VFR",11,7,170,5,NA,NA,998.4,"METAR KSDC 072115Z AUTO 17005KT 10SM OVC039 11/07 A2948 RMK AO2",2025-11-07 21:23:40.561475,2025-11-07 16:23:40.561513
"KSGS","South St Paul Muni, MN, US",2025-11-07 21:15:00,"2025-11-07 21:15:00","MVFR",6.3,0.7,330,9,NA,5,1006.2,"METAR KSGS 072115Z AUTO 33009KT 5SM HZ OVC026 06/01 A2971 RMK AO2 T00630007",2025-11-07 21:23:40.567278,2025-11-07 16:23:40.567316
"KRSV","Robinson Muni, IL, US",2025-11-07 21:15:00,"2025-11-07 21:15:00","VFR",20,7,300,7,NA,NA,1004.5,"METAR KRSV 072115Z AUTO 30007KT 10SM CLR 20/07 A2966 RMK AO2",2025-11-07 21:23:40.573163,2025-11-07 16:23:40.573217
"KS52","Methow Valley State Arpt, WA, US",2025-11-07 21:15:00,"2025-11-07 21:15:00","VFR",11.9,-0.5,320,8,NA,NA,1018.7,"METAR KS52 072115Z AUTO 32008KT 10SM BKN080 OVC100 12/00 A3008 RMK AO2 T01191005",2025-11-07 21:23:40.579066,2025-11-07 16:23:40.579104
"KSBS","Steamboat Springs/Adams Fld, CO, US",2025-11-07 21:15:00,"2025-11-07 14:15:00","VFR",5.9,-3.3,0,0,NA,NA,1018.7,"METAR KSBS 072115Z AUTO 00000KT 10SM BKN080 OVC120 06/M03 A3008 RMK AO1 T00591033",2025-11-07 21:23:40.584953,2025-11-07 16:23:40.58499
"KSFQ","Suffolk Muni, VA, US",2025-11-07 21:15:00,"2025-11-07 21:15:00",NA,19.5,13,190,6,NA,NA,1012.6,"METAR KSFQ 072115Z AUTO 19006KT SCT034 BKN042 OVC050 20/13 A2990 RMK AO2 T01950130 PWINO TSNO",2025-11-07 21:23:40.590834,2025-11-07 16:23:40.590871
"KSIF","Eden/Shiloh Arpt, NC, US",2025-11-07 21:15:00,"2025-11-07 21:15:00","VFR",19,11.2,200,7,NA,NA,1010.9,"METAR KSIF 072115Z AUTO 20007KT 180V240 10SM CLR 19/11 A2985 RMK AO2 T01900112",2025-11-07 21:23:40.596758,2025-11-07 16:23:40.596796
"KRUG","Rugby Muni, ND, US",2025-11-07 21:15:00,"2025-11-07 21:15:00","VFR",-4,-10,70,7,NA,NA,1012.3,"METAR KRUG 072115Z AUTO 07007KT 10SM BKN110 M04/M10 A2989 RMK AO2",2025-11-07 21:23:40.612282,2025-11-07 16:23:40.612324
"KSEZ","Sedona Arpt, AZ, US",2025-11-07 21:15:00,"2025-11-07 14:15:00","VFR",22,-2,NA,3,NA,NA,1017.4,"METAR KSEZ 072115Z AUTO VRB03KT 10SM CLR 22/M02 A3004 RMK AO2",2025-11-07 21:23:40.618602,2025-11-07 16:23:40.618642
"KSAZ","Staples Muni, MN, US",2025-11-07 21:15:00,"2025-11-07 21:15:00","MVFR",4,-3,350,10,NA,NA,1008.2,"METAR KSAZ 072115Z AUTO 35010KT 10SM OVC029 04/M03 A2977 RMK AO2",2025-11-07 21:23:40.624624,2025-11-07 16:23:40.624659
"KRZT","Chillicothe/Ross Cnty, OH, US",2025-11-07 21:15:00,"2025-11-07 21:15:00","MVFR",15,14,240,10,16,NA,1003.8,"METAR KRZT 072115Z AUTO 24010G16KT 10SM OVC012 15/14 A2964 RMK AO2 PWINO",2025-11-07 21:23:40.630352,2025-11-07 16:23:40.630388
"KSBO","Swainsboro/E Georgia Rgnl, GA, US",2025-11-07 21:15:00,"2025-11-07 21:15:00","VFR",24,11,270,4,NA,NA,1013,"METAR KSBO 072115Z AUTO 27004KT 10SM SCT060 24/11 A2991 RMK AO2",2025-11-07 21:23:40.636052,2025-11-07 16:23:40.636087
"KSAR","Sparta/Hunter Fld, IL, US",2025-11-07 21:15:00,"2025-11-07 15:15:00","VFR",22.4,3.3,300,6,NA,NA,1006.5,"METAR KSAR 072115Z AUTO 30006KT 10SM CLR 22/03 A2972 RMK AO2 T02240033",2025-11-07 21:23:40.64189,2025-11-07 16:23:40.64193
"KS33","Madras Muni, OR, US",2025-11-07 21:15:00,"2025-11-07 13:15:00","VFR",12,-1,250,6,NA,NA,1023.1,"METAR KS33 072115Z AUTO 25006KT 10SM CLR 12/M01 A3021 RMK AO2",2025-11-07 21:23:40.647768,2025-11-07 16:23:40.647807
"KRRL","Merrill Muni, WI, US",2025-11-07 21:15:00,"2025-11-07 15:15:00","VFR",4.6,1.9,350,4,NA,NA,1002.1,"METAR KRRL 072115Z AUTO 35004KT 10SM SCT012 SCT019 OVC032 05/02 A2959 RMK AO2 T00460019 TSNO",2025-11-07 21:23:40.653692,2025-11-07 16:23:40.653731
"KRYV","Watertown Muni, WI, US",2025-11-07 21:15:00,"2025-11-07 21:15:00","VFR",13.9,3,290,6,NA,NA,1000.1,"METAR KRYV 072115Z AUTO 29006KT 10SM BKN055 BKN070 OVC080 14/03 A2953 RMK AO2 T01390030",2025-11-07 21:23:40.659623,2025-11-07 16:23:40.659662
"KSAA","Saratoga/Shively Fld, WY, US",2025-11-07 21:15:00,"2025-11-07 14:15:00","VFR",6,-7,230,17,23,NA,1017.4,"METAR KSAA 072115Z AUTO 23017G23KT 10SM OVC055 06/M07 A3004 RMK AO2",2025-11-07 21:23:40.665582,2025-11-07 16:23:40.66562
"KSHL","Sheldon Muni, IA, US",2025-11-07 21:15:00,"2025-11-07 21:15:00","MVFR",6,1,350,17,NA,NA,1008.2,"METAR KSHL 072115Z AUTO 35017KT 10SM OVC026 06/01 A2977 RMK AO2",2025-11-07 21:23:40.671425,2025-11-07 16:23:40.671463
"KS32","Cooperstown Muni, ND, US",2025-11-07 21:15:00,"2025-11-07 21:15:00",NA,-1,-7,340,8,16,NA,1011.9,"METAR KS32 072115Z AUTO 34008G16KT 10SM M01/M07 A2988 RMK AO2 TSNO",2025-11-07 21:23:40.677253,2025-11-07 16:23:40.677291
"KRWV","Caldwell Muni, TX, US",2025-11-07 21:10:00,"2025-11-07 21:10:00","VFR",NA,NA,220,5,NA,NA,1007.2,"METAR KRWV 072110Z AUTO 22005KT 10SM CLR A2974 RMK AO2 PWINO",2025-11-07 21:23:40.683106,2025-11-07 16:23:40.683145
"KSDY","Sidney/Richland Muni, MT, US",2025-11-07 21:07:00,"2025-11-07 14:07:00","VFR",3,1,90,7,NA,NA,1008.5,"SPECI KSDY 072107Z AUTO 09007KT 10SM -RA SCT021 OVC050 03/01 A2978 RMK AO2 P0000 $",2025-11-07 21:23:40.688954,2025-11-07 16:23:40.688993
"KSHN","Shelton/Sanderson Fld, WA, US",2025-11-07 21:06:00,"2025-11-07 13:06:00","MVFR",12.8,7.8,220,11,NA,NA,1021.8,"SPECI KSHN 072106Z AUTO 22011KT 10SM SCT023 BKN029 13/08 A3017 RMK AO2 T01280078 $",2025-11-07 21:23:40.694809,2025-11-07 16:23:40.694846
"KSHV","Shreveport Rgnl, LA, US",2025-11-07 20:56:00,"2025-11-07 14:56:00","VFR",27,18,190,6,NA,NA,1007.9,"METAR KSHV 072056Z 19006KT 10SM SCT037 BKN046 27/18 A2976 RMK SLPNO",2025-11-07 21:23:40.700709,2025-11-07 16:23:40.700748
"KSFM","Sanford Rgnl, ME, US",2025-11-07 20:56:00,"2025-11-07 15:56:00","VFR",7.2,-1.1,NA,4,NA,NA,1010.9,"METAR KSFM 072056Z AUTO VRB04KT 10SM CLR 07/M01 A2985 RMK AO2 SLP113 T00721011 56034",2025-11-07 21:23:40.706641,2025-11-07 16:23:40.70668
"KSBP","San Luis Obispo/San Luis Cnty, CA, US",2025-11-07 20:56:00,"2025-11-07 12:56:00","VFR",26.1,7.8,360,6,17,NA,1015.7,"METAR KSBP 072056Z 36006G17KT 10SM CLR 26/08 A2999 RMK AO2 SLP154 T02610078 57024",2025-11-07 21:23:40.712565,2025-11-07 16:23:40.712604
"KRUT","Rutland/S Vermont Rgnl, VT, US",2025-11-07 20:56:00,"2025-11-07 15:56:00","VFR",8.3,-1.1,130,17,23,NA,1004.1,"METAR KRUT 072056Z AUTO 13017G23KT 10SM SCT055 BKN080 BKN090 08/M01 A2965 RMK AO2 PK WND 11027/2023 SLP041 T00831011 56048 $",2025-11-07 21:23:40.718508,2025-11-07 16:23:40.718547
"KSDF","Louisville Intl, KY, US",2025-11-07 20:56:00,"2025-11-07 15:56:00","VFR",17.8,15,230,8,NA,NA,1004.8,"METAR KSDF 072056Z 23008KT 10SM FEW020 SCT045 BKN060 OVC300 18/15 A2967 RMK AO2 SLP044 T01780150 56012",2025-11-07 21:23:40.734077,2025-11-07 16:23:40.734117
"KSFO","San Francisco Intl, CA, US",2025-11-07 20:56:00,"2025-11-07 12:56:00","VFR",17.8,15,40,8,NA,NA,1019.7,"METAR KSFO 072056Z 04008KT 10SM FEW006 FEW015 18/15 A3011 RMK AO2 SLP197 T01780150 58019",2025-11-07 21:23:40.740304,2025-11-07 16:23:40.740343
"KSFZ","Pawtucket/N Central State Arpt, RI, US",2025-11-07 20:56:00,"2025-11-07 15:56:00","VFR",10.6,5,NA,6,NA,NA,1010.6,"METAR KSFZ 072056Z AUTO VRB06KT 10SM SCT030 BKN035 OVC042 11/05 A2984 RMK AO2 SLP109 T01060050 58041",2025-11-07 21:23:40.746169,2025-11-07 16:23:40.746223
"KSGH","Springfield Muni, OH, US",2025-11-07 20:56:00,"2025-11-07 15:56:00","IFR",13.9,13.3,230,10,NA,6,1002.8,"METAR KSGH 072056Z AUTO 23010KT 6SM BR OVC006 14/13 A2961 RMK AO2 RAB04E50 CIG 004V009 SLP032 P0001 60001 T01390133 55004",2025-11-07 21:23:40.751833,2025-11-07 16:23:40.751871
"KSGJ","St Augustine Arpt, FL, US",2025-11-07 20:56:00,"2025-11-07 15:56:00","VFR",23.9,18.9,60,7,NA,NA,1013.3,"METAR KSGJ 072056Z 06007KT 10SM CLR 24/19 A2992 RMK AO2 SLP131 T02390189 56017 $",2025-11-07 21:23:40.757522,2025-11-07 16:23:40.757557
"KSGT","Stuttgart Muni, AR, US",2025-11-07 20:56:00,"2025-11-07 14:56:00","VFR",21.7,17.8,240,9,NA,NA,1008.2,"METAR KSGT 072056Z AUTO 24009KT 10SM FEW020 OVC037 22/18 A2977 RMK AO2 SLP079 T02170178 56017",2025-11-07 21:23:40.763402,2025-11-07 16:23:40.763438
"KSGU","Saint George Muni, UT, US",2025-11-07 20:56:00,"2025-11-07 13:56:00","VFR",20,-1.1,0,0,NA,NA,1015.7,"METAR KSGU 072056Z AUTO 00000KT 10SM CLR 20/M01 A2999 RMK AO2 SLP141 T02001011 58036",2025-11-07 21:23:40.76931,2025-11-07 16:23:40.76935
"KS39","Prineville Arpt, OR, US",2025-11-07 20:55:00,"2025-11-07 12:55:00","VFR",11,-2,300,8,NA,NA,1022.8,"METAR KS39 072055Z AUTO 30008KT 10SM CLR 11/M02 A3020 RMK AO2",2025-11-07 21:23:40.775224,2025-11-07 16:23:40.775267
"KSKA","Spokane/Fairchild AFB, WA, US",2025-11-07 20:55:00,"2025-11-07 12:55:00","VFR",9.7,1.8,240,14,NA,NA,1018.7,"METAR KSKA 072055Z 24014KT 10SM SCT032 10/02 A3008 RMK AO2A SLP192 T00970018 52013 RVRNO $",2025-11-07 21:23:40.781342,2025-11-07 16:23:40.781383
"KSEM","Selma/Craig Fld, AL, US",2025-11-07 20:55:00,"2025-11-07 14:55:00","MVFR",23,22,0,0,NA,NA,1010.6,"METAR KSEM 072055Z AUTO 00000KT 10SM FEW012 BKN018 OVC075 23/22 A2984 RMK AO2",2025-11-07 21:23:40.787503,2025-11-07 16:23:40.787543
"KRYM","Camp Ripley/Miller AAF, MN, US",2025-11-07 20:55:00,"2025-11-07 20:55:00","MVFR",4.6,-1.2,350,13,NA,NA,1006.5,"METAR KRYM 072055Z AUTO 35013KT 10SM OVC028 05/M01 A2972 RMK AO2 SLP077 T00461012 52022 $",2025-11-07 21:23:40.793523,2025-11-07 16:23:40.793561
"KS34","Plains Arpt, MT, US",2025-11-07 20:55:00,"2025-11-07 20:55:00","VFR",11,-1,270,10,26,NA,1017,"METAR KS34 072055Z AUTO 27010G26KT 10SM BKN050 BKN060 OVC070 11/M01 A3003 RMK AO2",2025-11-07 21:23:40.799469,2025-11-07 16:23:40.799508
"KSCX","Oneida/Scott Muni, TN, US",2025-11-07 20:55:00,"2025-11-07 20:55:00","VFR",19,12,200,12,18,NA,1007.5,"METAR KSCX 072055Z AUTO 20012G18KT 10SM SCT042 SCT049 BKN070 19/12 A2975 RMK A01",2025-11-07 21:23:40.805344,2025-11-07 16:23:40.805383
"KRZR","Cleveland Rgnl, TN, US",2025-11-07 20:55:00,"2025-11-07 20:55:00","VFR",21,16,210,14,19,NA,1008.9,"METAR KRZR 072055Z AUTO 21014G19KT 10SM CLR 21/16 A2979 RMK A01",2025-11-07 21:23:40.811222,2025-11-07 16:23:40.811261
"KS12","Albany Muni, OR, US",2025-11-07 20:55:00,"2025-11-07 20:55:00","VFR",15,9,200,6,NA,NA,1023.5,"METAR KS12 072055Z AUTO 20006KT 10SM SCT028 SCT039 BKN060 15/09 A3022 RMK AO2",2025-11-07 21:23:40.81712,2025-11-07 16:23:40.817158
"KSCK","Stockton Metro, CA, US",2025-11-07 20:55:00,"2025-11-07 12:55:00","MVFR",21.7,16.1,310,7,NA,NA,1019,"METAR KSCK 072055Z 31007KT 10SM OVC029 22/16 A3009 RMK AO2 SLP189 T02170161 58022",2025-11-07 21:23:40.823041,2025-11-07 16:23:40.823079
"KSBX","Shelby/Toole Cnty Arpt, MT, US",2025-11-07 20:55:00,"2025-11-07 13:55:00","VFR",9,-5,270,33,40,NA,1006.9,"METAR KSBX 072055Z AUTO 27033G40KT 10SM BKN080 BKN100 09/M05 A2973 RMK AO2",2025-11-07 21:23:40.828957,2025-11-07 16:23:40.828996
"KSEQ","Seguin/Randolph AUX, TX, US",2025-11-07 20:55:00,"2025-11-07 20:55:00","VFR",32,14.6,210,9,NA,NA,1006.2,"METAR KSEQ 072055Z AUTO 21009KT 10SM CLR 32/15 A2971 RMK AO2 SLP056 T03200146 57030 $",2025-11-07 21:23:40.834892,2025-11-07 16:23:40.83493
"KRST","Rochester Intl, MN, US",2025-11-07 20:54:00,"2025-11-07 14:54:00","MVFR",6.1,1.7,330,14,NA,8,1004.5,"METAR KRST 072054Z 33014KT 8SM OVC022 06/02 A2966 RMK AO2 SLP049 T00610017 53022",2025-11-07 21:23:40.850125,2025-11-07 16:23:40.850192
"KSJN","St Johns Ind Arpt, AZ, US",2025-11-07 20:54:00,"2025-11-07 13:54:00","VFR",19.4,-3.9,NA,5,NA,NA,1018,"METAR KSJN 072054Z AUTO VRB05KT 10SM CLR 19/M04 A3006 RMK AO2 SLP119 T01941039 58028 $",2025-11-07 21:23:40.85678,2025-11-07 16:23:40.856819
"KSET","St Charles/Smartt Arpt, MO, US",2025-11-07 20:54:00,"2025-11-07 20:54:00","VFR",22.8,1.1,290,15,NA,NA,1005.2,"METAR KSET 072054Z AUTO 29015KT 10SM CLR 23/01 A2968 RMK AO2 SLP048 T02280011 56009",2025-11-07 21:23:40.863069,2025-11-07 16:23:40.863111
"KSBY","Salisbury/Ocean City, MD, US",2025-11-07 20:54:00,"2025-11-07 15:54:00","VFR",16.1,5,170,8,NA,NA,1011.6,"METAR KSBY 072054Z 17008KT 10SM CLR 16/05 A2987 RMK AO2 SLP115 T01610050 56034",2025-11-07 21:23:40.868843,2025-11-07 16:23:40.868879
"KSBN","South Bend Rgnl, IN, US",2025-11-07 20:54:00,"2025-11-07 15:54:00","VFR",15.6,5.6,280,14,NA,NA,1001.4,"METAR KSBN 072054Z AUTO 28014KT 10SM CLR 16/06 A2957 RMK AO2 PK WND 29027/1955 SLP013 T01560056 53010",2025-11-07 21:23:40.874595,2025-11-07 16:23:40.87463
"KSEG","Selinsgrove/Penn Valley Arpt, PA, US",2025-11-07 20:53:00,"2025-11-07 15:53:00","VFR",14.4,2.2,NA,6,22,NA,1004.8,"METAR KSEG 072053Z AUTO VRB06G22KT 10SM CLR 14/02 A2967 RMK AO2 PK WND 19029/2023 SLP049 T01440022 56034",2025-11-07 21:23:40.88034,2025-11-07 16:23:40.88038
"KSIY","Montague/Siskiyou Cnty, CA, US",2025-11-07 20:53:00,"2025-11-07 20:53:00","VFR",14.4,6.7,20,3,NA,NA,1022.4,"METAR KSIY 072053Z AUTO 02003KT 10SM CLR 14/07 A3019 RMK AO2 SLP227 T01440067 58008",2025-11-07 21:23:40.88624,2025-11-07 16:23:40.88628
"KSJC","San Jose Intl Arpt, CA, US",2025-11-07 20:53:00,"2025-11-07 12:53:00","VFR",21.7,15,320,10,NA,NA,1019.4,"METAR KSJC 072053Z 32010KT 10SM FEW027 FEW038 FEW085 22/15 A3010 RMK AO2 SLP193 T02170150 58022",2025-11-07 21:23:40.892159,2025-11-07 16:23:40.892213
"KRWF","Redwood Falls Muni, MN, US",2025-11-07 20:53:00,"2025-11-07 14:53:00","MVFR",4.4,1.1,300,10,NA,NA,1008.2,"METAR KRWF 072053Z AUTO 30010KT 10SM OVC016 04/01 A2977 RMK AO2 SLP090 T00440011 53022",2025-11-07 21:23:40.898109,2025-11-07 16:23:40.898145
"KSBM","Sheboygan Cnty Mem, WI, US",2025-11-07 20:53:00,"2025-11-07 14:53:00","VFR",11.7,3.3,310,9,NA,NA,999.7,"METAR KSBM 072053Z AUTO 31009KT 10SM OVC045 12/03 A2952 RMK AO2 SLP999 T01170033 53016",2025-11-07 21:23:40.904143,2025-11-07 16:23:40.904197
"KSHR","Sheridan Cnty Arpt, WY, US",2025-11-07 20:53:00,"2025-11-07 13:53:00","VFR",10,0,160,4,NA,NA,1007.5,"METAR KSHR 072053Z AUTO 16004KT 10SM CLR 10/00 A2975 RMK AO2 SLP088 T01000000 56019",2025-11-07 21:23:40.910032,2025-11-07 16:23:40.910069
"KSEA","Seattle-Tacoma Intl, WA, US",2025-11-07 20:53:00,"2025-11-07 12:53:00","VFR",11.7,6.1,190,9,NA,NA,1022.8,"METAR KSEA 072053Z 19009KT 10SM FEW025 BKN060 BKN250 12/06 A3020 RMK AO2 SLP234 T01170061 50006 $",2025-11-07 21:23:40.915841,2025-11-07 16:23:40.915879
"KSDM","San Diego/Brown Fld, CA, US",2025-11-07 20:53:00,"2025-11-07 12:53:00","VFR",21.1,13.9,280,9,NA,8,1012.6,"METAR KSDM 072053Z 28009KT 8SM CLR 21/14 A2990 RMK AO2 SLP119 T02110139 58019",2025-11-07 21:23:40.921674,2025-11-07 16:23:40.921709
"KRQE","Window Rock Arpt, AZ, US",2025-11-07 20:53:00,"2025-11-07 20:53:00","VFR",18.3,-6.1,280,8,NA,NA,1019.4,"METAR KRQE 072053Z AUTO 28008KT 10SM CLR 18/M06 A3010 RMK AO2 SLP126 T01831061 56024 $",2025-11-07 21:23:40.927552,2025-11-07 16:23:40.927589
"KSBA","Santa Barbara Muni, CA, US",2025-11-07 20:53:00,"2025-11-07 12:53:00","VFR",21.7,16.1,150,4,NA,NA,1012.3,"METAR KSBA 072053Z 15004KT 10SM CLR 22/16 A2989 RMK AO2 SLP121 T02170161 58031",2025-11-07 21:23:40.933473,2025-11-07 16:23:40.93351
"KRWL","Rawlins Muni, WY, US",2025-11-07 20:53:00,"2025-11-07 13:53:00","VFR",7.2,-6.1,NA,NA,NA,NA,1015.3,"METAR KRWL 072053Z AUTO 10SM FEW055 SCT085 07/M06 A2998 RMK AO2 SLP135 T00721061 58020",2025-11-07 21:23:40.939484,2025-11-07 16:23:40.939521
"KSDL","Scottsdale Muni, AZ, US",2025-11-07 20:53:00,"2025-11-07 13:53:00","VFR",27.2,2.2,NA,4,NA,NA,1013,"METAR KSDL 072053Z VRB04KT 10SM CLR 27/02 A2991 RMK AO2 SLP110 T02720022 58027",2025-11-07 21:23:40.945474,2025-11-07 16:23:40.945512
"KSAF","Santa Fe Cnty Muni, NM, US",2025-11-07 20:53:00,"2025-11-07 13:53:00","VFR",17.8,-5.6,240,9,15,NA,1017.7,"METAR KSAF 072053Z 24009G15KT 10SM CLR 18/M06 A3005 RMK AO2 SLP109 T01781056 58027 $",2025-11-07 21:23:40.951424,2025-11-07 16:23:40.951462
"KRSW","Ft Myers/SW Florida Intl, FL, US",2025-11-07 20:53:00,"2025-11-07 15:53:00","VFR",28.3,22.2,310,4,NA,NA,1012.3,"METAR KRSW 072053Z 31004KT 10SM BKN045 BKN065 28/22 A2989 RMK AO2 SLP118 T02830222 56015",2025-11-07 21:23:40.957322,2025-11-07 16:23:40.957361
"KSFF","Spokane/Felts Fld, WA, US",2025-11-07 20:53:00,"2025-11-07 12:53:00","VFR",10.6,1.1,260,13,21,NA,1019,"METAR KSFF 072053Z 26013G21KT 10SM SCT041 11/01 A3009 RMK AO2 SLP192 T01060011 50008",2025-11-07 21:23:40.972769,2025-11-07 16:23:40.97281
"KRTN","Raton/Crews Fld, NM, US",2025-11-07 20:53:00,"2025-11-07 13:53:00","VFR",17.2,-6.7,170,17,25,NA,1014.6,"METAR KRTN 072053Z AUTO 17017G25KT 10SM CLR 17/M07 A2996 RMK AO2 PK WND 16026/2033 SLP096 T01721067 56039",2025-11-07 21:23:40.97908,2025-11-07 16:23:40.979121
"KSAC","Sacramento Exec, CA, US",2025-11-07 20:53:00,"2025-11-07 12:53:00","VFR",21.1,13.9,NA,NA,NA,NA,1019.7,"METAR KSAC 072053Z 10SM BKN034 21/14 A3011 RMK AO2 SLP196 T02110139 58017",2025-11-07 21:23:40.985363,2025-11-07 16:23:40.985399
"KRXE","Rexburg/Madison Cnty, ID, US",2025-11-07 20:53:00,"2025-11-07 13:53:00","VFR",8.9,1.1,280,7,19,NA,1014.6,"METAR KRXE 072053Z AUTO 28007G19KT 10SM OVC042 09/01 A2996 RMK AO2 PK WND 23030/2015 SLP137 T00890011 56014",2025-11-07 21:23:40.991055,2025-11-07 16:23:40.991091
"KSGR","Houston/Sugar Land Rgnl, TX, US",2025-11-07 20:53:00,"2025-11-07 14:53:00","VFR",30.6,16.7,220,9,19,NA,1007.2,"METAR KSGR 072053Z 22009G19KT 10SM CLR 31/17 A2974 RMK AO2 SLP073 T03060167 56026",2025-11-07 21:23:40.99675,2025-11-07 16:23:40.996785
"KSFB","Sanford Intl, FL, US",2025-11-07 20:53:00,"2025-11-07 15:53:00","VFR",27.8,17.2,160,5,NA,NA,1012.3,"METAR KSFB 072053Z 16005KT 10SM BKN065 28/17 A2989 RMK AO2 SLP120 T02780172 56020",2025-11-07 21:23:41.002554,2025-11-07 16:23:41.002595
"KRWI","Rocky Mount/Wilson Rgnl, NC, US",2025-11-07 20:53:00,"2025-11-07 15:53:00","VFR",20.6,13.3,NA,5,NA,NA,1011.9,"METAR KRWI 072053Z AUTO VRB05KT 10SM SCT038 21/13 A2988 RMK AO2 SLP120 T02060133 58030",2025-11-07 21:23:41.008496,2025-11-07 16:23:41.008535
"KSAV","Savannah Intl, GA, US",2025-11-07 20:53:00,"2025-11-07 15:53:00","VFR",25,14.4,180,6,NA,NA,1012.6,"METAR KSAV 072053Z 18006KT 10SM SCT050 25/14 A2990 RMK AO2 SLP124 T02500144 56023",2025-11-07 21:23:41.014415,2025-11-07 16:23:41.014455
"KRSL","Russell Muni, KS, US",2025-11-07 20:53:00,"2025-11-07 14:53:00","VFR",20,-3.9,330,8,17,NA,1010.6,"METAR KRSL 072053Z AUTO 33008G17KT 10SM CLR 20/M04 A2984 RMK AO2 SLP102 T02001039 56019",2025-11-07 21:23:41.020329,2025-11-07 16:23:41.020366
"KRUE","Russellville Rgnl, AR, US",2025-11-07 20:53:00,"2025-11-07 20:53:00","VFR",25,14.4,280,4,NA,NA,1006.9,"METAR KRUE 072053Z AUTO 28004KT 10SM CLR 25/14 A2973 RMK AO2 SLP061 T02500144 56017",2025-11-07 21:23:41.026285,2025-11-07 16:23:41.026321
"KRVS","Tulsa/Jones Arpt, OK, US",2025-11-07 20:53:00,"2025-11-07 14:53:00","VFR",25,5.6,30,7,NA,NA,1009.2,"METAR KRVS 072053Z 03007KT 10SM CLR 25/06 A2980 RMK AO2 SLP098 T02500056 56012",2025-11-07 21:23:41.032121,2025-11-07 16:23:41.032158
"KSGF","Springfield Muni, MO, US",2025-11-07 20:52:00,"2025-11-07 14:52:00","VFR",21.1,5,340,7,NA,NA,1008.5,"METAR KSGF 072052Z 34007KT 10SM CLR 21/05 A2978 RMK AO2 SLP076 T02110050 56013",2025-11-07 21:23:41.037935,2025-11-07 16:23:41.037972
"KSJT","San Angelo/Mathis Fld, TX, US",2025-11-07 20:51:00,"2025-11-07 14:51:00","VFR",26.7,2.2,20,10,NA,NA,1011.3,"METAR KSJT 072051Z 02010KT 10SM CLR 27/02 A2986 RMK AO2 SLP094 T02670022 56018",2025-11-07 21:23:41.043754,2025-11-07 16:23:41.043793
"KSBD","San Bernardino Intl, CA, US",2025-11-07 20:51:00,"2025-11-07 12:51:00","VFR",29,5,0,0,NA,NA,1012.6,"METAR KSBD 072051Z 00000KT 10SM CLR 29/05 A2990",2025-11-07 21:23:41.049625,2025-11-07 16:23:41.049663
"KSAT","San Antonio Intl, TX, US",2025-11-07 20:51:00,"2025-11-07 14:51:00","VFR",31.1,12.8,210,7,NA,NA,1007.5,"METAR KSAT 072051Z 21007KT 10SM CLR 31/13 A2975 RMK AO2 SLP057 T03110128 56029",2025-11-07 21:23:41.055435,2025-11-07 16:23:41.055475
"KSAD","Safford Rgnl, AZ, US",2025-11-07 20:51:00,"2025-11-07 13:51:00","VFR",25.6,-3.3,0,0,NA,NA,1014.3,"METAR KSAD 072051Z AUTO 00000KT 10SM CLR 26/M03 A2995 RMK AO2 SLP106 T02561033 56031",2025-11-07 21:23:41.061286,2025-11-07 16:23:41.061326
"KSAN","San Diego Intl Arpt, CA, US",2025-11-07 20:51:00,"2025-11-07 12:51:00","VFR",20,15,300,8,NA,NA,1013,"METAR KSAN 072051Z 30008KT 10SM FEW010 20/15 A2991 RMK AO2 SLP129 T02000150 58020",2025-11-07 21:23:41.067269,2025-11-07 16:23:41.067307
"KRYY","Marietta/Cobb Cnty, GA, US",2025-11-07 20:50:00,"2025-11-07 20:50:00","VFR",20.6,13.9,240,4,NA,NA,1011.9,"METAR KRYY 072050Z 24004KT 10SM OVC040 21/14 A2988 RMK AO2 SLP853 T02060139 56021 $",2025-11-07 21:23:41.073244,2025-11-07 16:23:41.073283
"KSAW","Marquette/Sawyer Intl, MI, US",2025-11-07 20:49:00,"2025-11-07 15:49:00","IFR",1,0,360,17,20,4,1000.1,"SPECI KSAW 072049Z 36017G20KT 4SM -SN BR BKN008 OVC012 01/00 A2953",2025-11-07 21:23:41.079094,2025-11-07 16:23:41.079134
"KSEE","San Diego/Gillespie Fld, CA, US",2025-11-07 20:47:00,"2025-11-07 12:47:00","VFR",26,15,220,10,NA,NA,1011.9,"METAR KSEE 072047Z 22010KT 10SM SKC 26/15 A2988",2025-11-07 21:23:41.094586,2025-11-07 16:23:41.094624
"KRYN","Tucson/Ryan Fld, AZ, US",2025-11-07 20:45:00,"2025-11-07 20:45:00","VFR",29,-2,320,10,NA,NA,1013.3,"METAR KRYN 072045Z 32010KT 10SM CLR 29/M02 A2992",2025-11-07 21:23:41.100859,2025-11-07 16:23:41.100897
"KSVH","Statesville Muni, NC, US",2025-11-07 21:18:00,"2025-11-07 16:18:00","VFR",19,12,180,4,NA,NA,1011.6,"METAR KSVH 072118Z AUTO 18004KT 10SM CLR 19/12 A2987 RMK AO2",2025-11-07 21:23:42.612067,2025-11-07 16:23:42.612107
"KTAZ","Taylorville Muni, IL, US",2025-11-07 21:18:00,"2025-11-07 21:18:00","VFR",21,2,NA,NA,NA,NA,1004.8,"METAR KTAZ 072118Z AUTO 10SM CLR 21/02 A2967 RMK AO2",2025-11-07 21:23:42.61824,2025-11-07 16:23:42.61828
"KSMD","Fort Wayne/Smith Fld, IN, US",2025-11-07 21:15:00,"2025-11-07 16:15:00","VFR",17,6,290,13,22,NA,1001.1,"METAR KSMD 072115Z AUTO 29013G22KT 10SM FEW044 17/06 A2956 RMK A01",2025-11-07 21:23:42.624311,2025-11-07 16:23:42.624355
"KSUT","Southport/Cape Fear Rgnl, NC, US",2025-11-07 21:15:00,"2025-11-07 21:15:00","VFR",22,18,220,7,NA,NA,1012.3,"METAR KSUT 072115Z AUTO 22007KT 10SM CLR 22/18 A2989 RMK AO2",2025-11-07 21:23:42.630235,2025-11-07 16:23:42.630275
"KTEW","Mason/Jewett Fld, MI, US",2025-11-07 21:15:00,"2025-11-07 21:15:00","VFR",12.9,7,270,11,20,NA,998.7,"METAR KTEW 072115Z AUTO 27011G20KT 10SM BKN033 BKN039 13/07 A2949 RMK AO2 T01290070",2025-11-07 21:23:42.636067,2025-11-07 16:23:42.636106
"KSPF","Spearfish/Clyde Fld, SD, US",2025-11-07 21:15:00,"2025-11-07 14:15:00","VFR",12,-3,130,6,NA,NA,1008.2,"METAR KSPF 072115Z AUTO 13006KT 10SM BKN090 12/M03 A2977 RMK AO2",2025-11-07 21:23:42.641944,2025-11-07 16:23:42.641982
"KSNC","Chester Arpt, CT, US",2025-11-07 21:15:00,"2025-11-07 21:15:00","VFR",13,5,160,9,19,NA,1010.2,"METAR KSNC 072115Z AUTO 16009G19KT 110V200 10SM FEW036 13/05 A2983 RMK AO2",2025-11-07 21:23:42.647816,2025-11-07 16:23:42.647852
"KT69","Sinton/Thomas Arpt, TX, US",2025-11-07 21:15:00,"2025-11-07 21:15:00","VFR",32,19,NA,NA,NA,9,1006.5,"METAR KT69 072115Z AUTO 9SM CLR 32/19 A2972 RMK A01",2025-11-07 21:23:42.653654,2025-11-07 16:23:42.653691
"KSYN","Stanton Arpt, MN, US",2025-11-07 21:15:00,"2025-11-07 15:15:00","MVFR",6,2,320,7,NA,NA,1005.8,"METAR KSYN 072115Z AUTO 32007KT 10SM OVC021 06/02 A2970 RMK AO2",2025-11-07 21:23:42.659528,2025-11-07 16:23:42.659566
"KT74","Taylor Muni, TX, US",2025-11-07 21:15:00,"2025-11-07 21:15:00","VFR",32,12,300,5,NA,NA,1008.5,"METAR KT74 072115Z AUTO 30005KT 10SM CLR 32/12 A2978 RMK AO2",2025-11-07 21:23:42.665435,2025-11-07 16:23:42.665471
"KSLR","Sulphur Springs Muni, TX, US",2025-11-07 21:15:00,"2025-11-07 15:15:00","VFR",24.9,14.7,350,4,NA,NA,1008.9,"METAR KSLR 072115Z AUTO 35004KT 10SM CLR 25/15 A2979 RMK AO2 T02490147 PWINO",2025-11-07 21:23:42.671403,2025-11-07 16:23:42.671447
"KSUZ","Benton/Saline Cnty, AR, US",2025-11-07 21:15:00,"2025-11-07 21:15:00","VFR",23,18,200,7,NA,6,1007.5,"METAR KSUZ 072115Z AUTO 20007KT 6SM HZ CLR 23/18 A2975 RMK A01",2025-11-07 21:23:42.67739,2025-11-07 16:23:42.677426
"KT35","Cameron Muni, TX, US",2025-11-07 21:15:00,"2025-11-07 21:15:00","VFR",31,15.4,200,6,NA,NA,1006.9,"METAR KT35 072115Z AUTO 20006KT 10SM CLR 31/15 A2973 RMK AO2 T03100154",2025-11-07 21:23:42.693336,2025-11-07 16:23:42.693376
"KTEX","Telluride Rgnl, CO, US",2025-11-07 21:15:00,"2025-11-07 14:15:00","VFR",10,-9,280,14,19,NA,1022.1,"METAR KTEX 072115Z AUTO 28014G19KT 10SM CLR 10/M09 A3018 RMK AO2",2025-11-07 21:23:42.699583,2025-11-07 16:23:42.699621
"KSXK","Maurice/Sioux Cnty Rgnl, IA, US",2025-11-07 21:15:00,"2025-11-07 21:15:00","VFR",9,2,340,17,NA,NA,1008.2,"METAR KSXK 072115Z AUTO 34017KT 10SM BKN036 09/02 A2977 RMK AO2",2025-11-07 21:23:42.705745,2025-11-07 16:23:42.705781
"KSLH","Cheboygan Cnty Arpt, MI, US",2025-11-07 21:15:00,"2025-11-07 21:15:00","VFR",7,3,290,19,NA,NA,995,"METAR KSLH 072115Z AUTO 29019KT 10SM SCT024 BKN040 OVC075 07/03 A2938 RMK AO2",2025-11-07 21:23:42.711459,2025-11-07 16:23:42.711494
"KSOA","Sonora Muni, TX, US",2025-11-07 21:15:00,"2025-11-07 21:15:00","VFR",27,7,340,7,NA,NA,1013,"METAR KSOA 072115Z AUTO 34007KT 10SM CLR 27/07 A2991 RMK AO2",2025-11-07 21:23:42.717145,2025-11-07 16:23:42.717195
"KSVC","Silver City/Grant Cnty, NM, US",2025-11-07 21:15:00,"2025-11-07 14:15:00","VFR",23.3,-8.1,160,9,NA,NA,1017.7,"METAR KSVC 072115Z AUTO 16009KT 10SM CLR 23/M08 A3005 RMK AO2 T02331081",2025-11-07 21:23:42.722973,2025-11-07 16:23:42.723008
"KSME","Somerset/Lake Cumberland Rgnl, KY, US",2025-11-07 21:15:00,"2025-11-07 16:15:00","MVFR",17,17,300,7,NA,3,1005.8,"METAR KSME 072115Z AUTO 30007KT 3SM VCTS RA BR FEW055 FEW070 SCT085 17/17 A2970 RMK AO2 LTG DSNT SE AND S AND NW",2025-11-07 21:23:42.728777,2025-11-07 16:23:42.728813
"KT78","Liberty Muni, TX, US",2025-11-07 21:15:00,"2025-11-07 21:15:00","VFR",28,16,180,9,NA,6,1007.5,"METAR KT78 072115Z AUTO 18009KT 140V200 6SM HZ CLR 28/16 A2975 RMK AO2",2025-11-07 21:23:42.734632,2025-11-07 16:23:42.73467
"KSNL","Shawnee Rgnl, OK, US",2025-11-07 21:15:00,"2025-11-07 15:15:00","VFR",24,1.8,360,6,NA,NA,1010.2,"METAR KSNL 072115Z AUTO 36006KT 10SM CLR 24/02 A2983 RMK AO2 T02400018",2025-11-07 21:23:42.740591,2025-11-07 16:23:42.740629
"KTBR","Statesboro Muni, GA, US",2025-11-07 21:15:00,"2025-11-07 16:15:00","VFR",26,13,240,8,NA,NA,1011.9,"METAR KTBR 072115Z AUTO 24008KT 10SM FEW060 26/13 A2988 RMK AO2",2025-11-07 21:23:42.746533,2025-11-07 16:23:42.746568
"KTDF","Roxboro/Person Cnty, NC, US",2025-11-07 21:15:00,"2025-11-07 21:15:00","VFR",20,11,210,6,14,NA,1011.9,"METAR KTDF 072115Z AUTO 21006G14KT 10SM BKN042 20/11 A2988 RMK AO2",2025-11-07 21:23:42.752385,2025-11-07 16:23:42.752422
"KSUW","Superior/Bong Arpt, WI, US",2025-11-07 21:15:00,"2025-11-07 15:15:00","VFR",4.4,-2.2,340,7,NA,NA,1006.5,"METAR KSUW 072115Z AUTO 34007KT 10SM SCT030 OVC037 04/M02 A2972 RMK AO2 T00441022",2025-11-07 21:23:42.758219,2025-11-07 16:23:42.758259
"KSYF","St Francis/Cheyenne Cnty, KS, US",2025-11-07 21:15:00,"2025-11-07 21:15:00","VFR",17,-4,NA,5,NA,NA,1011.9,"METAR KSYF 072115Z AUTO VRB05KT 10SM CLR 17/M04 A2988 RMK AO2",2025-11-07 21:23:42.764067,2025-11-07 16:23:42.764106
"KT20","Gonzales Muni, TX, US",2025-11-07 21:15:00,"2025-11-07 21:15:00","VFR",32.7,13.4,240,7,NA,NA,1006.9,"METAR KT20 072115Z AUTO 24007KT 10SM CLR 33/13 A2973 RMK AO2 T03270134",2025-11-07 21:23:42.769921,2025-11-07 16:23:42.769958
"KT82","Fredericksburg/Gillespie Cnty, TX, US",2025-11-07 21:15:00,"2025-11-07 21:15:00","VFR",31,7,330,10,NA,NA,1008.9,"METAR KT82 072115Z AUTO 33010KT 10SM CLR 31/07 A2979 RMK AO2",2025-11-07 21:23:42.775799,2025-11-07 16:23:42.775835
"KSVE","Susanville Muni, CA, US",2025-11-07 21:15:00,"2025-11-07 13:15:00","MVFR",18,6,110,3,NA,4,1021.8,"METAR KSVE 072115Z AUTO 11003KT 4SM CLR 18/06 A3017 RMK A01 P000",2025-11-07 21:23:42.781619,2025-11-07 16:23:42.781656
"KSPA","Spartanburg/Downtown Arpt, SC, US",2025-11-07 21:15:00,"2025-11-07 16:15:00","VFR",19,11,200,6,NA,7,1011.9,"METAR KSPA 072115Z AUTO 20006KT 7SM CLR 19/11 A2988 RMK AO2",2025-11-07 21:23:42.787483,2025-11-07 16:23:42.787521
"KSTE","Stevens Point Muni, WI, US",2025-11-07 21:15:00,"2025-11-07 15:15:00","MVFR",8.3,2.8,310,4,NA,NA,1001.8,"METAR KSTE 072115Z AUTO 31004KT 10SM BKN025 OVC030 08/03 A2958 RMK AO2 T00830028",2025-11-07 21:23:42.793477,2025-11-07 16:23:42.793514
"KSWW","Sweetwater/Avenger Fld, TX, US",2025-11-07 21:15:00,"2025-11-07 15:15:00",NA,26.4,-4.3,20,11,15,NA,1013.6,"METAR KSWW 072115Z AUTO 02011G15KT 10SM 26/M04 A2993 RMK AO2 T02641043",2025-11-07 21:23:42.799397,2025-11-07 16:23:42.799437
"KSNK","Snyder/Winston Fld, TX, US",2025-11-07 21:15:00,"2025-11-07 15:15:00","VFR",25,-5.8,40,10,NA,NA,1013,"METAR KSNK 072115Z AUTO 04010KT 10SM CLR 25/M06 A2991 RMK AO2 T02501058",2025-11-07 21:23:42.814914,2025-11-07 16:23:42.814958
"KSLO","Salem/Leckrone Arpt, IL, US",2025-11-07 21:15:00,"2025-11-07 15:15:00","VFR",21.6,5.2,250,9,NA,NA,1005.5,"METAR KSLO 072115Z AUTO 25009KT 10SM CLR 22/05 A2969 RMK AO2 T02160052",2025-11-07 21:23:42.821136,2025-11-07 16:23:42.82119
"KSRR","Ruidoso Rgnl, NM, US",2025-11-07 21:15:00,"2025-11-07 14:15:00","VFR",19,-7,10,4,NA,NA,1019.7,"METAR KSRR 072115Z AUTO 01004KT 10SM CLR 19/M07 A3011 RMK AO2 TSNO",2025-11-07 21:23:42.827015,2025-11-07 16:23:42.82705
"KSLB","Storm Lake Muni, IA, US",2025-11-07 21:15:00,"2025-11-07 15:15:00","VFR",10,4,330,20,25,NA,1007.9,"METAR KSLB 072115Z AUTO 33020G25KT 10SM FEW040 10/04 A2976 RMK AO2",2025-11-07 21:23:42.832719,2025-11-07 16:23:42.832755
"KSSI","Brunswick/McKinnon St Simons Arpt, GA, US",2025-11-07 21:15:00,"2025-11-07 16:15:00","VFR",22,-38,100,6,NA,NA,1012.3,"METAR KSSI 072115Z AUTO 10006KT 10SM CLR 22/M38 A2989 RMK AO2",2025-11-07 21:23:42.838538,2025-11-07 16:23:42.838574
"KSTF","Starkville/Bryan Arpt, MS, US",2025-11-07 21:15:00,"2025-11-07 21:15:00","VFR",25,18,NA,6,NA,NA,1007.9,"METAR KSTF 072115Z AUTO VRB06KT 10SM SCT040 BKN050 25/18 A2976 RMK AO2",2025-11-07 21:23:42.84446,2025-11-07 16:23:42.844499
"KSOW","Show Low Muni, AZ, US",2025-11-07 21:15:00,"2025-11-07 14:15:00","VFR",20,-1,280,6,NA,9,1019.7,"METAR KSOW 072115Z AUTO 28006KT 9SM CLR 20/M01 A3011 RMK AO2",2025-11-07 21:23:42.850512,2025-11-07 16:23:42.850547
"KTCM","Tacoma/McChord AFB, WA, US",2025-11-07 21:12:00,"2025-11-07 13:12:00","VFR",11,7,210,5,NA,NA,1022.8,"SPECI KTCM 072112Z AUTO 21005KT 10SM FEW005 FEW026 OVC041 11/07 A3020 RMK AO2 RAE09DZB09E10RAB10E12 SLP231 $",2025-11-07 21:23:42.856468,2025-11-07 16:23:42.856507
"KT41","La Porte Muni, TX, US",2025-11-07 21:10:00,"2025-11-07 21:10:00","VFR",29.4,17.3,200,11,NA,NA,1007.5,"METAR KT41 072110Z AUTO 20011KT 10SM CLR 29/17 A2975 RMK AO2 TSNO T02940173",2025-11-07 21:23:42.862404,2025-11-07 16:23:42.862442
"KSMS","Sumter Muni, SC, US",2025-11-07 21:10:00,"2025-11-07 16:10:00","VFR",24,12,0,0,NA,NA,1012.3,"METAR KSMS 072110Z AUTO 00000KT 10SM CLR 24/12 A2989 RMK AO2 PWINO",2025-11-07 21:23:42.868348,2025-11-07 16:23:42.868385
"KSZT","Sandpoint Arpt, ID, US",2025-11-07 21:10:00,"2025-11-07 21:10:00","VFR",8,0,240,8,NA,NA,1018,"METAR KSZT 072110Z AUTO 24008KT 10SM BKN042 OVC050 08/00 A3006 RMK AO2",2025-11-07 21:23:42.874149,2025-11-07 16:23:42.874201
"KSUE","Sturgeon Bay/Door Cnty, WI, US",2025-11-07 20:57:00,"2025-11-07 14:57:00","VFR",7.8,2.2,330,11,NA,NA,1000.1,"METAR KSUE 072057Z AUTO 33011KT 10SM OVC032 08/02 A2953 RMK AO2 SLP003 T00780022 53031",2025-11-07 21:23:42.880051,2025-11-07 16:23:42.880089
"KSRC","Searcy Muni, AR, US",2025-11-07 20:56:00,"2025-11-07 20:56:00","VFR",23.9,16.7,210,4,NA,NA,1007.5,"METAR KSRC 072056Z AUTO 21004KT 10SM OVC034 24/17 A2975 RMK AO2 SLP071 T02390167 58007 $",2025-11-07 21:23:42.885925,2025-11-07 16:23:42.885962
"KSOP","Southern Pines/Moore Cnty, NC, US",2025-11-07 20:56:00,"2025-11-07 15:56:00","VFR",21.7,12.8,200,11,14,NA,1011.9,"METAR KSOP 072056Z AUTO 20011G14KT 10SM FEW039 22/13 A2988 RMK AO2 SLP121 6//// T02170128 58031 PNO $",2025-11-07 21:23:42.891789,2025-11-07 16:23:42.891827
"KSMN","Salmon/Lemhi Cnty, ID, US",2025-11-07 20:56:00,"2025-11-07 13:56:00","VFR",9.4,-6.7,310,9,14,NA,1018.4,"METAR KSMN 072056Z AUTO 31009G14KT 10SM CLR 09/M07 A3007 RMK AO2 SLP184 T00941067 50001",2025-11-07 21:23:42.897657,2025-11-07 16:23:42.897694
"KSLG","Siloam Springs/Smith Fld, AR, US",2025-11-07 20:56:00,"2025-11-07 14:56:00","VFR",23.9,8.9,340,6,NA,NA,1009.2,"METAR KSLG 072056Z AUTO 34006KT 10SM CLR 24/09 A2980 RMK AO2 SLP080 T02390089 56013",2025-11-07 21:23:42.903633,2025-11-07 16:23:42.903674
"KSLE","Salem Muni, OR, US",2025-11-07 20:56:00,"2025-11-07 12:56:00","VFR",15,7.8,180,6,NA,NA,1023.1,"METAR KSLE 072056Z 18006KT 10SM SCT060 15/08 A3021 RMK AO2 SLP230 T01500078 58002",2025-11-07 21:23:42.909586,2025-11-07 16:23:42.909623
"KSLI","Los Alamitos AAF, CA, US",2025-11-07 20:55:00,"2025-11-07 20:55:00","VFR",24.4,15.3,210,5,NA,6,1010.9,"METAR KSLI 072055Z 21005KT 6SM HZ CLR 24/15 A2985 RMK AO2A SLP111 T02440153 57028",2025-11-07 21:23:42.915488,2025-11-07 16:23:42.915526
"KSKF","Lackland AFB/Kelly Fld, TX, US",2025-11-07 20:55:00,"2025-11-07 14:55:00","VFR",32.1,12.3,250,4,NA,NA,1006.2,"METAR KSKF 072055Z AUTO 25004KT 10SM CLR 32/12 A2971 RMK AO2 SLP054 T03210123 57031 $",2025-11-07 21:23:42.930662,2025-11-07 16:23:42.930722
"KSSC","Shaw AFB, SC, US",2025-11-07 20:55:00,"2025-11-07 15:55:00","MVFR",24.4,11.3,190,5,NA,4,1011.3,"METAR KSSC 072055Z AUTO 19005KT 4SM HZ CLR 24/11 A2986 RMK AO2 SLP112 T02440113 57026 $",2025-11-07 21:23:42.937435,2025-11-07 16:23:42.937474
"KSPK","Spanish Fork Muni, UT, US",2025-11-07 20:55:00,"2025-11-07 20:55:00",NA,11,2,280,3,NA,NA,1019.7,"METAR KSPK 072055Z AUTO 28003KT OVC075 11/02 A3011 RMK AO2 PWINO",2025-11-07 21:23:42.943736,2025-11-07 16:23:42.943778
"KTCY","Tracy Muni, CA, US",2025-11-07 20:55:00,"2025-11-07 20:55:00","VFR",21,14,340,9,NA,NA,1019,"METAR KTCY 072055Z AUTO 34009KT 10SM CLR 21/14 A3009 RMK A01",2025-11-07 21:23:42.949555,2025-11-07 16:23:42.949591
"KSRE","Seminole Muni, OK, US",2025-11-07 20:55:00,"2025-11-07 20:55:00","VFR",25,4,350,9,NA,9,1009.6,"METAR KSRE 072055Z AUTO 35009KT 9SM CLR 25/04 A2981 RMK AO2",2025-11-07 21:23:42.955246,2025-11-07 16:23:42.955282
"KSYI","Shelbyville/Bomar Fld, TN, US",2025-11-07 20:55:00,"2025-11-07 14:55:00","VFR",21,15,200,13,20,NA,1007.9,"METAR KSYI 072055Z AUTO 20013G20KT 10SM SCT029 21/15 A2976 RMK A01",2025-11-07 21:23:42.961053,2025-11-07 16:23:42.961088
"KSZY","Selmer/Sibley Arpt, TN, US",2025-11-07 20:55:00,"2025-11-07 20:55:00","VFR",23,16,NA,5,NA,NA,1007.2,"METAR KSZY 072055Z AUTO VRB05KT 10SM BKN036 BKN044 OVC049 23/16 A2974 RMK A01",2025-11-07 21:23:42.967101,2025-11-07 16:23:42.967141
"KSRB","Sparta/Upper Cumberland Rgnl, TN, US",2025-11-07 20:55:00,"2025-11-07 20:55:00","VFR",21,15,210,14,NA,NA,1007.9,"METAR KSRB 072055Z AUTO 21014KT 10SM FEW031 SCT042 21/15 A2976 RMK AO2",2025-11-07 21:23:42.973062,2025-11-07 16:23:42.973101
"KSUO","Rosebud/Sioux Tribal Arpt, SD, US",2025-11-07 20:55:00,"2025-11-07 20:55:00","VFR",15,-3,340,12,NA,NA,1007.9,"METAR KSUO 072055Z AUTO 34012KT 10SM CLR 15/M03 A2976 RMK AO2",2025-11-07 21:23:42.97904,2025-11-07 16:23:42.979077
"KSVN","Savannah/Hunter AAF, GA, US",2025-11-07 20:55:00,"2025-11-07 15:55:00","VFR",24.9,15.5,160,5,NA,NA,1011.3,"METAR KSVN 072055Z AUTO 16005KT 10SM CLR 25/16 A2986 RMK AO2 SLP115 T02490155 57021 $",2025-11-07 21:23:42.984963,2025-11-07 16:23:42.985006
"KTBN","Waynesville-St Robert Rgnl, MO, US",2025-11-07 20:55:00,"2025-11-07 14:55:00","VFR",22.1,2.2,310,9,NA,NA,1006.9,"METAR KTBN 072055Z AUTO 31009KT 10SM CLR 22/02 A2973 RMK AO2 SLP062 T02210022 56008",2025-11-07 21:23:42.990861,2025-11-07 16:23:42.990898
"KSZL","Whiteman AFB, MO, US",2025-11-07 20:55:00,"2025-11-07 14:55:00","VFR",21.6,1.3,320,8,NA,NA,1007.9,"METAR KSZL 072055Z AUTO 32008KT 10SM CLR 22/01 A2976 RMK AO2 SLP076 T02160013 57012 VISNO RWY01 CHINO RWY01 $",2025-11-07 21:23:42.996629,2025-11-07 16:23:42.996666
"KSUU","Fairfield/Travis AFB, CA, US",2025-11-07 20:55:00,"2025-11-07 12:55:00","MVFR",21.2,14.1,0,0,NA,NA,1019,"METAR KSUU 072055Z AUTO 00000KT 10SM OVC027 21/14 A3009 RMK AO2 CIG 026 RWY03L CIG 026 RWY03R CIG 026 RWY21R SLP196 T02120141 58018 $",2025-11-07 21:23:43.002507,2025-11-07 16:23:43.002543
"KTFP","Ingleside Rgnl, TX, US",2025-11-07 20:55:00,"2025-11-07 20:55:00","VFR",29.6,19.8,200,15,18,NA,1006.9,"METAR KTFP 072055Z AUTO 20015G18KT 10SM CLR 30/20 A2973 RMK AO1 T02960198",2025-11-07 21:23:43.008355,2025-11-07 16:23:43.008394
"KSUS","St Louis/Spirit of St Louis Arpt, MO, US",2025-11-07 20:54:00,"2025-11-07 14:54:00","VFR",22.2,1.7,290,13,NA,NA,1005.5,"METAR KSUS 072054Z 29013KT 10SM CLR 22/02 A2969 RMK AO2 SLP049 T02220017 56010",2025-11-07 21:23:43.014189,2025-11-07 16:23:43.014231
"KTAD","Trinidad/Stokes Arpt, CO, US",2025-11-07 20:54:00,"2025-11-07 13:54:00","VFR",19.4,-6.1,NA,3,NA,NA,1013.3,"METAR KTAD 072054Z AUTO VRB03KT 10SM CLR 19/M06 A2992 RMK AO2 SLP089 T01941061 56038",2025-11-07 21:23:43.020086,2025-11-07 16:23:43.020123
"KSYR","Syracuse/Hancock Intl, NY, US",2025-11-07 20:54:00,"2025-11-07 15:54:00","VFR",12.8,4.4,190,13,20,NA,999.4,"METAR KSYR 072054Z 19013G20KT 10SM -RA BKN048 OVC070 13/04 A2951 RMK AO2 PK WND 19031/1955 RAB22 SLP992 P0000 60000 T01280044 55023",2025-11-07 21:23:43.025964,2025-11-07 16:23:43.026002
"KSLC","Salt Lake City Intl, UT, US",2025-11-07 20:54:00,"2025-11-07 13:54:00","VFR",13.9,-1.7,90,3,NA,NA,1019,"METAR KSLC 072054Z 09003KT 10SM FEW070 BKN110 14/M02 A3009 RMK AO2 SLP173 SCSL DSNT ALQDS T01391017 57012 $",2025-11-07 21:23:43.031908,2025-11-07 16:23:43.031946
"KSNA","Santa Ana/Wayne Arpt, CA, US",2025-11-07 20:53:00,"2025-11-07 12:53:00","MVFR",23.3,15,240,6,NA,5,1012.3,"METAR KSNA 072053Z 24006KT 5SM HZ CLR 23/15 A2989 RMK AO2 SLP119 T02330150 56027",2025-11-07 21:23:43.03781,2025-11-07 16:23:43.037848
"KSTS","Santa Rosa/Schulz Arpt, CA, US",2025-11-07 20:53:00,"2025-11-07 12:53:00","MVFR",18.3,13.9,NA,3,NA,NA,1020.4,"METAR KSTS 072053Z VRB03KT 10SM BKN018 18/14 A3013 RMK AO2 SLP197 T01830139 58016",2025-11-07 21:23:43.053349,2025-11-07 16:23:43.053391
"KSTP","Saint Paul/Downtown Arpt, MN, US",2025-11-07 20:53:00,"2025-11-07 14:53:00","MVFR",6.7,1.1,330,12,NA,NA,1006.2,"METAR KSTP 072053Z 33012KT 10SM OVC029 07/01 A2971 RMK AO2 SLP063 T00670011 53026",2025-11-07 21:23:43.059674,2025-11-07 16:23:43.059714
"KSPG","St Petersburg/Whitted Arpt, FL, US",2025-11-07 20:53:00,"2025-11-07 15:53:00","VFR",27.8,20.6,250,6,NA,NA,1011.6,"METAR KSPG 072053Z 25006KT 10SM CLR 28/21 A2987 RMK AO2 SLP115 T02780206 56021",2025-11-07 21:23:43.065811,2025-11-07 16:23:43.065847
"KSNS","Salinas Muni, CA, US",2025-11-07 20:53:00,"2025-11-07 12:53:00","VFR",22.2,12.8,300,9,NA,NA,1018.7,"METAR KSNS 072053Z 30009KT 270V340 10SM CLR 22/13 A3008 RMK AO2 SLP196 T02220128 58023",2025-11-07 21:23:43.071631,2025-11-07 16:23:43.071666
"KSPW","Spencer Muni, IA, US",2025-11-07 20:53:00,"2025-11-07 14:53:00","MVFR",6.1,0.6,330,20,NA,NA,1008.2,"METAR KSPW 072053Z AUTO 33020KT 10SM OVC027 06/01 A2977 RMK AO2 PK WND 33028/2031 SLP089 T00610006 51026",2025-11-07 21:23:43.077415,2025-11-07 16:23:43.077451
"KSMQ","Somerville/Somerset Arpt, NJ, US",2025-11-07 20:53:00,"2025-11-07 20:53:00","VFR",15,1.7,180,9,19,NA,1008.2,"METAR KSMQ 072053Z AUTO 18009G19KT 150V210 10SM SCT070 15/02 A2977 RMK AO2 PK WND 16026/2011 SLP082 T01500017 56037",2025-11-07 21:23:43.083306,2025-11-07 16:23:43.083344
"KSTC","St Cloud Rgnl, MN, US",2025-11-07 20:53:00,"2025-11-07 14:53:00","MVFR",5.6,-1.1,330,10,NA,NA,1006.9,"METAR KSTC 072053Z 33010KT 10SM OVC029 06/M01 A2973 RMK AO2 SLP083 T00561011 53024",2025-11-07 21:23:43.089303,2025-11-07 16:23:43.089344
"KSPB","Scappoose Ind Arpk, OR, US",2025-11-07 20:53:00,"2025-11-07 20:53:00","VFR",12.8,8.9,120,3,NA,NA,1023.5,"METAR KSPB 072053Z AUTO 12003KT 10SM -RA FEW042 OVC055 13/09 A3022 RMK AO2 RAB25 SLP231 P0000 60000 T01280089 58003 $",2025-11-07 21:23:43.095262,2025-11-07 16:23:43.095301
"KSTJ","St Joseph/Rosecrans Mem, MO, US",2025-11-07 20:53:00,"2025-11-07 14:53:00","VFR",21.7,-0.6,300,14,22,NA,1007.9,"METAR KSTJ 072053Z 30014G22KT 10SM CLR 22/M01 A2976 RMK AO2 PK WND 30029/2001 SLP073 T02171006 55016",2025-11-07 21:23:43.101188,2025-11-07 16:23:43.10123
"KSNY","Sidney/Carr Fld, NE, US",2025-11-07 20:53:00,"2025-11-07 13:53:00","VFR",14.4,-6.1,230,13,NA,NA,1010.9,"METAR KSNY 072053Z AUTO 23013KT 10SM CLR 14/M06 A2985 RMK AO2 SLP098 T01441061 56026",2025-11-07 21:23:43.107226,2025-11-07 16:23:43.107265
"KSWO","Stillwater Muni, OK, US",2025-11-07 20:53:00,"2025-11-07 14:53:00","VFR",23.3,3.9,350,7,NA,NA,1010.2,"METAR KSWO 072053Z 35007KT 10SM CLR 23/04 A2983 RMK AO2 SLP094 T02330039 56017",2025-11-07 21:23:43.113032,2025-11-07 16:23:43.113068
"KSLN","Salina Rgnl, KS, US",2025-11-07 20:53:00,"2025-11-07 14:53:00","VFR",20.6,-0.6,330,13,NA,NA,1010.6,"METAR KSLN 072053Z 33013KT 10SM CLR 21/M01 A2984 RMK AO2 SLP102 T02061006 56021",2025-11-07 21:23:43.118828,2025-11-07 16:23:43.118866
"KTCL","Tuscaloosa Rgnl, AL, US",2025-11-07 20:53:00,"2025-11-07 14:53:00","VFR",24.4,17.8,190,7,NA,NA,1009.2,"METAR KTCL 072053Z 19007KT 10SM SCT035 BKN044 24/18 A2980 RMK AO2 SLP089 T02440178 58014",2025-11-07 21:23:43.12466,2025-11-07 16:23:43.124696
"KTCS","Truth or Consequence Muni, NM, US",2025-11-07 20:53:00,"2025-11-07 13:53:00","VFR",22.2,-4.4,150,5,NA,NA,1016.3,"METAR KTCS 072053Z AUTO 15005KT 10SM CLR 22/M04 A3001 RMK AO2 SLP093 T02221044 58031",2025-11-07 21:23:43.130491,2025-11-07 16:23:43.130529
"KTDZ","Toledo Executive Arpt, OH, US",2025-11-07 20:53:00,"2025-11-07 15:53:00","MVFR",16.1,10,240,13,24,NA,999.4,"METAR KTDZ 072053Z AUTO 24013G24KT 10SM BKN030 16/10 A2951 RMK AO2 PK WND 25026/1954 SLP991 T01610100 55003",2025-11-07 21:23:43.136342,2025-11-07 16:23:43.136379
"KSSF","San Antonio/Stinson Muni, TX, US",2025-11-07 20:53:00,"2025-11-07 14:53:00","VFR",31.7,13.3,230,10,NA,NA,1006.5,"METAR KSSF 072053Z 23010KT 10SM CLR 32/13 A2972 RMK AO2 SLP054 T03170133 56031",2025-11-07 21:23:43.142157,2025-11-07 16:23:43.142211
"KTCC","Tucumcari Muni, NM, US",2025-11-07 20:53:00,"2025-11-07 13:53:00","VFR",21.7,0.6,190,7,NA,NA,1015,"METAR KTCC 072053Z AUTO 19007KT 10SM CLR 22/01 A2997 RMK AO2 SLP112 T02170006 57036",2025-11-07 21:23:43.148083,2025-11-07 16:23:43.148121
"KSMF","Sacramento Intl, CA, US",2025-11-07 20:53:00,"2025-11-07 12:53:00","VFR",20,13.3,340,7,NA,NA,1019.7,"METAR KSMF 072053Z 34007KT 10SM FEW050 BKN220 20/13 A3011 RMK AO2 SLP196 T02000133 58018",2025-11-07 21:23:43.153981,2025-11-07 16:23:43.15402
"KSRQ","Sarasota-Bradenton Intl, FL, US",2025-11-07 20:53:00,"2025-11-07 15:53:00","VFR",26.7,20,240,7,NA,NA,1012.3,"METAR KSRQ 072053Z AUTO 24007KT 10SM CLR 27/20 A2989 RMK AO2 SLP122 T02670200 56020",2025-11-07 21:23:43.159909,2025-11-07 16:23:43.159949
"KSPS","Wichita Falls Rgnl, TX, US",2025-11-07 20:52:00,"2025-11-07 14:52:00","VFR",26.7,2.2,20,15,23,NA,1010.2,"METAR KSPS 072052Z 02015G23KT 10SM CLR 27/02 A2983 RMK AO2 SLP089 T02670022 56016",2025-11-07 21:23:43.175514,2025-11-07 16:23:43.175557
"KSPI","Springfield/Lincoln Capital Arpt, IL, US",2025-11-07 20:52:00,"2025-11-07 14:52:00","VFR",19.4,3.3,280,13,22,NA,1004.1,"METAR KSPI 072052Z 28013G22KT 10SM CLR 19/03 A2965 RMK AO2 SLP039 T01940033 55009",2025-11-07 21:23:43.181808,2025-11-07 16:23:43.181849
"KSUX","Sioux City/Day Fld, IA, US",2025-11-07 20:52:00,"2025-11-07 14:52:00","VFR",14.4,3.3,340,21,27,NA,1007.9,"METAR KSUX 072052Z 34021G27KT 10SM CLR 14/03 A2976 RMK AO2 PK WND 34028/2009 SLP081 T01440033 53008",2025-11-07 21:23:43.187706,2025-11-07 16:23:43.187742
"KTAN","Taunton Muni, MA, US",2025-11-07 20:52:00,"2025-11-07 20:52:00","VFR",10.6,4.4,NA,5,15,NA,1011.6,"METAR KTAN 072052Z AUTO VRB05G15KT 10SM SCT044 11/04 A2987 RMK AO2 SLP116 T01060044 58042",2025-11-07 21:23:43.193459,2025-11-07 16:23:43.193495
"KSLK","Saranac Lake/Adirondack Rgnl, NY, US",2025-11-07 20:51:00,"2025-11-07 15:51:00","VFR",3.3,1.1,200,6,NA,NA,999.1,"METAR KSLK 072051Z AUTO 20006KT 10SM SCT042 BKN055 OVC070 03/01 A2950 RMK AO2 RAB1952E46 SLP005 P0002 60002 T00330011 56039",2025-11-07 21:23:43.199199,2025-11-07 16:23:43.19924
"KTEB","Teterboro Arpt, NJ, US",2025-11-07 20:51:00,"2025-11-07 15:51:00","VFR",15,2.2,180,10,22,NA,1008.5,"METAR KTEB 072051Z 18010G22KT 10SM BKN070 15/02 A2978 RMK AO2 PK WND 16029/2026 SLP085 T01500022 56042 $",2025-11-07 21:23:43.205029,2025-11-07 16:23:43.205072
"KSMO","Santa Monica Muni, CA, US",2025-11-07 20:51:00,"2025-11-07 12:51:00","VFR",20,14.4,NA,5,NA,NA,1012.3,"METAR KSMO 072051Z VRB05KT 10SM CLR 20/14 A2989 RMK AO2 SLP122 T02000144 58026",2025-11-07 21:23:43.210946,2025-11-07 16:23:43.210985
"KSMX","Santa Maria/Hancock Fld, CA, US",2025-11-07 20:51:00,"2025-11-07 12:51:00","VFR",26.7,9.4,360,14,NA,NA,1015.3,"METAR KSMX 072051Z 36014KT 10SM CLR 27/09 A2998 RMK AO2 SLP152 T02670094 58023",2025-11-07 21:23:43.216845,2025-11-07 16:23:43.216882
"KSTL","St Louis/Lambert Intl, MO, US",2025-11-07 20:51:00,"2025-11-07 14:51:00","VFR",22.2,2.8,280,12,NA,NA,1005.8,"METAR KSTL 072051Z 28012KT 10SM FEW040 FEW120 22/03 A2970 RMK AO2 SLP052 T02220028 56009 $",2025-11-07 21:23:43.222735,2025-11-07 16:23:43.222775
"KSNH","Savannah/Hardin Cnty, TN, US",2025-11-07 20:50:00,"2025-11-07 20:50:00","VFR",23,20,200,11,NA,NA,1006.9,"METAR KSNH 072050Z AUTO 20011KT 10SM SCT090 23/20 A2973 RMK A01",2025-11-07 21:23:43.228655,2025-11-07 16:23:43.228693
"KSUN","Hailey/Friedman Mem, ID, US",2025-11-07 20:50:00,"2025-11-07 13:50:00","VFR",10,0,310,18,28,NA,1017.7,"METAR KSUN 072050Z 31018G28KT 10SM SCT048 BKN070 10/00 A3005",2025-11-07 21:23:43.234464,2025-11-07 16:23:43.2345
"KSUA","Stuart/Witham Fld, FL, US",2025-11-07 20:47:00,"2025-11-07 15:47:00","VFR",27,22,60,6,NA,NA,1012.3,"METAR KSUA 072047Z 06006KT 10SM FEW025 27/22 A2989",2025-11-07 21:23:43.240298,2025-11-07 16:23:43.240335
"KSWF","Newburgh/Stewart Intl, NY, US",2025-11-07 20:45:00,"2025-11-07 15:45:00","VFR",14,-1,200,10,20,NA,1007.5,"METAR KSWF 072045Z 20010G20KT 10SM BKN060 14/M01 A2975",2025-11-07 21:23:43.246146,2025-11-07 16:23:43.246198
"KTOI","Troy Muni, AL, US",2025-11-07 21:20:00,"2025-11-07 15:20:00","MVFR",18.9,18.3,90,3,NA,3,1011.6,"SPECI KTOI 072120Z AUTO 09003KT 3SM RA BR FEW004 BKN022 OVC030 19/18 A2987 RMK AO2 P0007 T01890183",2025-11-07 21:23:45.695124,2025-11-07 16:23:45.695201
"KTVL","Lake Tahoe Arpt, CA, US",2025-11-07 21:19:00,"2025-11-07 13:19:00","VFR",11.7,7.2,20,4,NA,NA,1023.1,"SPECI KTVL 072119Z AUTO 02004KT 10SM SCT029 BKN045 BKN050 12/07 A3021 RMK AO2 T01170072",2025-11-07 21:23:45.701879,2025-11-07 16:23:45.701918
"KTIP","Rantoul/Chanute AFB, IL, US",2025-11-07 21:19:00,"2025-11-07 21:19:00","VFR",19,4,270,13,20,NA,1003.5,"METAR KTIP 072119Z AUTO 27013G20KT 10SM CLR 19/04 A2963 RMK AO2",2025-11-07 21:23:45.708313,2025-11-07 16:23:45.708354
"KU14","Nephi Muni, UT, US",2025-11-07 21:15:00,"2025-11-07 14:15:00",NA,16,-2,NA,3,NA,NA,1019.7,"METAR KU14 072115Z AUTO VRB03KT 10SM 16/M02 A3011 RMK AO2 PWINO",2025-11-07 21:23:45.714097,2025-11-07 16:23:45.714133
"KTIF","Thedford/Thomas Cnty, NE, US",2025-11-07 21:15:00,"2025-11-07 21:15:00","VFR",17.3,-4.9,320,6,NA,NA,1009.6,"METAR KTIF 072115Z AUTO 32006KT 10SM CLR 17/M05 A2981 RMK AO2 T01731049",2025-11-07 21:23:45.71986,2025-11-07 16:23:45.719896
"KUTA","Tunica Muni, MS, US",2025-11-07 21:15:00,"2025-11-07 15:15:00","VFR",21,18.8,230,9,NA,NA,1007.9,"METAR KUTA 072115Z AUTO 23009KT 10SM OVC036 21/19 A2976 RMK AO2 T02100188 $",2025-11-07 21:23:45.725674,2025-11-07 16:23:45.725713
"KUUV","Sullivan Rgnl, MO, US",2025-11-07 21:15:00,"2025-11-07 21:15:00","VFR",21,3,280,11,17,NA,1007.9,"METAR KUUV 072115Z AUTO 28011G17KT 10SM CLR 21/03 A2976 RMK AO2",2025-11-07 21:23:45.731579,2025-11-07 16:23:45.731617
"KUMP","Indianapolis Metro, IN, US",2025-11-07 21:15:00,"2025-11-07 21:15:00","VFR",NA,NA,300,12,22,NA,1003.5,"METAR KUMP 072115Z AUTO 30012G22KT 10SM CLR A2963 RMK AO2 LTG DSNT S $",2025-11-07 21:23:45.737559,2025-11-07 16:23:45.737598
"KTKV","Tomahawk Rgnl, WI, US",2025-11-07 21:15:00,"2025-11-07 21:15:00","MVFR",4.2,2.5,NA,NA,NA,7,1002.5,"METAR KTKV 072115Z 7SM SCT015 BKN025 OVC036 04/03 A2960 RMK AO2 T00420025 PWINO",2025-11-07 21:23:45.743459,2025-11-07 16:23:45.743497
"KTMK","Tillamook Arpt, OR, US",2025-11-07 21:15:00,"2025-11-07 13:15:00","VFR",13,13,0,0,NA,8,1024.1,"METAR KTMK 072115Z AUTO 00000KT 8SM FEW075 13/13 A3024 RMK AO2",2025-11-07 21:23:45.749364,2025-11-07 16:23:45.749403
"KULM","New Ulm Muni, MN, US",2025-11-07 21:15:00,"2025-11-07 15:15:00","MVFR",6,3,310,13,NA,NA,1007.9,"METAR KULM 072115Z AUTO 31013KT 10SM BKN023 OVC028 06/03 A2976 RMK AO2",2025-11-07 21:23:45.755283,2025-11-07 16:23:45.755322
"KTKX","Kennett Arpt, MO, US",2025-11-07 21:15:00,"2025-11-07 15:15:00","VFR",22,21,220,5,NA,9,1006.2,"METAR KTKX 072115Z AUTO 22005KT 9SM FEW027 SCT037 22/21 A2971 RMK AO2",2025-11-07 21:23:45.761007,2025-11-07 16:23:45.761044
"KU68","Cowley/N Big Horn Cnty, WY, US",2025-11-07 21:15:00,"2025-11-07 21:15:00","VFR",10,-2,320,21,26,NA,1010.2,"METAR KU68 072115Z AUTO 32021G26KT 10SM SCT110 10/M02 A2983 RMK AO2",2025-11-07 21:23:45.766854,2025-11-07 16:23:45.766891
"KVDI","Vidalia Rgnl, GA, US",2025-11-07 21:15:00,"2025-11-07 16:15:00","VFR",26,12,220,6,NA,NA,1012.3,"METAR KVDI 072115Z AUTO 22006KT 10SM FEW060 26/12 A2989 RMK AO2",2025-11-07 21:23:45.772714,2025-11-07 16:23:45.772753
"KTMA","Tifton/Myers Arpt, GA, US",2025-11-07 21:15:00,"2025-11-07 16:15:00","VFR",26.2,11.9,NA,5,NA,NA,1012.6,"METAR KTMA 072115Z AUTO VRB05KT 10SM FEW060 26/12 A2990 RMK AO2 T02620119",2025-11-07 21:23:45.778578,2025-11-07 16:23:45.778614
"KTME","Houston/Executive Arpt, TX, US",2025-11-07 21:15:00,"2025-11-07 21:15:00","VFR",31,15,250,11,NA,NA,1007.5,"METAR KTME 072115Z AUTO 25011KT 10SM CLR 31/15 A2975 RMK AO2",2025-11-07 21:23:45.784522,2025-11-07 16:23:45.784559
"KTTF","Monroe/Custer Arpt, MI, US",2025-11-07 21:15:00,"2025-11-07 21:15:00","VFR",16,9,270,12,18,NA,998.7,"METAR KTTF 072115Z AUTO 27012G18KT 10SM FEW034 16/09 A2949 RMK AO2",2025-11-07 21:23:45.790497,2025-11-07 16:23:45.790538
"KUKL","Burlington/Coffey Cnty, KS, US",2025-11-07 21:15:00,"2025-11-07 21:15:00","VFR",21.2,0.4,300,8,16,NA,1009.9,"METAR KUKL 072115Z AUTO 30008G16KT 10SM CLR 21/00 A2982 RMK AO2 T02120004",2025-11-07 21:23:45.796512,2025-11-07 16:23:45.796549
"KTWT","Sturgis Muni, KY, US",2025-11-07 21:15:00,"2025-11-07 21:15:00",NA,NA,NA,230,9,NA,NA,1005.5,"METAR KTWT 072115Z AUTO 23009KT 10SM A2969 RMK AO2",2025-11-07 21:23:45.802438,2025-11-07 16:23:45.802478
"KTKC","Tracy Muni, MN, US",2025-11-07 21:15:00,"2025-11-07 21:15:00","MVFR",3,1,330,15,21,NA,1009.2,"METAR KTKC 072115Z AUTO 33015G21KT 10SM OVC011 03/01 A2980 RMK AO2",2025-11-07 21:23:45.81788,2025-11-07 16:23:45.817918
"KUKF","Wilkesboro/Wilkes Cnty, NC, US",2025-11-07 21:15:00,"2025-11-07 16:15:00","VFR",17,10,200,6,NA,NA,1013,"METAR KUKF 072115Z AUTO 20006KT 10SM CLR 17/10 A2991 RMK AO2",2025-11-07 21:23:45.82416,2025-11-07 16:23:45.824232
"KTVY","Tooele Valley Arpt, UT, US",2025-11-07 21:15:00,"2025-11-07 21:15:00","VFR",14,1,350,6,NA,NA,1019.4,"METAR KTVY 072115Z AUTO 35006KT 10SM BKN095 14/01 A3010 RMK AO2",2025-11-07 21:23:45.83039,2025-11-07 16:23:45.830426
"KTQK","Scott City Muni, KS, US",2025-11-07 21:15:00,"2025-11-07 21:15:00","VFR",18.8,-4.8,300,4,NA,NA,1013.3,"METAR KTQK 072115Z AUTO 30004KT 10SM CLR 19/M05 A2992 RMK AO2 T01881048",2025-11-07 21:23:45.83615,2025-11-07 16:23:45.836205
"KUNI","Albany/Ohio Univ Arpt, OH, US",2025-11-07 21:15:00,"2025-11-07 16:15:00","VFR",15.1,13.9,230,9,NA,8,1003.5,"METAR KUNI 072115Z AUTO 23009KT 8SM FEW024 BKN032 OVC042 15/14 A2963 RMK AO2 T01510139",2025-11-07 21:23:45.841788,2025-11-07 16:23:45.841822
"KUXL","Sulphur/Southland Fld, LA, US",2025-11-07 21:15:00,"2025-11-07 21:15:00","VFR",26.8,18.6,190,13,NA,NA,1008.9,"METAR KUXL 072115Z AUTO 19013KT 10SM SCT034 27/19 A2979 RMK AO2 T02680186",2025-11-07 21:23:45.847598,2025-11-07 16:23:45.847635
"KTQH","Tahlequah Muni, OK, US",2025-11-07 21:15:00,"2025-11-07 21:15:00",NA,23,8,0,0,NA,NA,NA,"METAR KTQH 072115Z AUTO 00000KT 10SM 23/08 RMK AO2",2025-11-07 21:23:45.853691,2025-11-07 16:23:45.853731
"KTOC","Toccoa/Lefourneau Fld, GA, US",2025-11-07 21:15:00,"2025-11-07 16:15:00","VFR",20.2,12.4,170,8,NA,NA,1011.9,"METAR KTOC 072115Z AUTO 17008KT 150V210 10SM SCT080 SCT100 20/12 A2988 RMK AO2 T02020124",2025-11-07 21:23:45.859635,2025-11-07 16:23:45.859672
"KTVI","Thomasville Rgnl, GA, US",2025-11-07 21:15:00,"2025-11-07 16:15:00","VFR",27,12,0,0,NA,NA,1012.3,"METAR KTVI 072115Z AUTO 00000KT 10SM CLR 27/12 A2989 RMK AO2 LTG DSNT NW",2025-11-07 21:23:45.865552,2025-11-07 16:23:45.865588
"KTVK","Centerville Muni, IA, US",2025-11-07 21:15:00,"2025-11-07 21:15:00","VFR",19,0,280,13,20,NA,1006.2,"METAR KTVK 072115Z AUTO 28013G20KT 10SM CLR 19/M00 A2971 RMK AO2 PWINO",2025-11-07 21:23:45.87149,2025-11-07 16:23:45.871527
"KUBE","Cumberland Muni, WI, US",2025-11-07 21:15:00,"2025-11-07 21:15:00","MVFR",5,2,350,9,NA,NA,1004.8,"METAR KUBE 072115Z AUTO 35009KT 10SM BKN019 OVC025 05/02 A2967 RMK AO2",2025-11-07 21:23:45.877311,2025-11-07 16:23:45.877349
"KUKT","Quakertown Arpt, PA, US",2025-11-07 21:15:00,"2025-11-07 16:15:00","VFR",14,3,180,10,NA,NA,1007.9,"METAR KUKT 072115Z AUTO 18010KT 10SM CLR 14/03 A2976 RMK AO2",2025-11-07 21:23:45.883138,2025-11-07 16:23:45.883189
"KTYQ","Indianapolis Exec, IN, US",2025-11-07 21:15:00,"2025-11-07 21:15:00","VFR",17.5,4.8,280,11,15,NA,1003.5,"METAR KTYQ 072115Z AUTO 28011G15KT 10SM CLR 18/05 A2963 RMK AO2 LTG DSNT S T01750048",2025-11-07 21:23:45.889041,2025-11-07 16:23:45.889077
"KTYL","Taylor Arpt, AZ, US",2025-11-07 21:15:00,"2025-11-07 14:15:00","VFR",20,-3,0,0,NA,NA,1019,"METAR KTYL 072115Z AUTO 00000KT 10SM CLR 20/M03 A3009 RMK AO2",2025-11-07 21:23:45.894868,2025-11-07 16:23:45.894905
"KUVA","Uvalde/Garner Fld, TX, US",2025-11-07 21:15:00,"2025-11-07 15:15:00",NA,32.9,7.5,310,9,NA,NA,1008.2,"METAR KUVA 072115Z AUTO 31009KT CLR 33/08 A2977 RMK AO2 T03290075 PWINO",2025-11-07 21:23:45.900673,2025-11-07 16:23:45.90071
"KTNU","Newton Muni, IA, US",2025-11-07 21:15:00,"2025-11-07 15:15:00","VFR",17,3,290,21,29,NA,1004.8,"METAR KTNU 072115Z AUTO 29021G29KT 10SM CLR 17/03 A2967 RMK A01",2025-11-07 21:23:45.906619,2025-11-07 16:23:45.906657
"KTTA","Sanford/Lee Cnty, NC, US",2025-11-07 21:15:00,"2025-11-07 21:15:00","VFR",20.7,12.5,190,4,NA,NA,1011.6,"METAR KTTA 072115Z AUTO 19004KT 10SM SCT042 SCT050 21/13 A2987 RMK AO2 T02070125",2025-11-07 21:23:45.912539,2025-11-07 16:23:45.912575
"KU96","Halls Crossing Arpt, UT, US",2025-11-07 21:15:00,"2025-11-07 21:15:00","VFR",18.2,-5.9,0,0,NA,NA,1016.3,"METAR KU96 072115Z AUTO 00000KT 10SM CLR 18/M06 A3001 RMK AO2 T01821059 $",2025-11-07 21:23:45.918465,2025-11-07 16:23:45.918503
"KUYF","London/Madison Cnty, OH, US",2025-11-07 21:15:00,"2025-11-07 21:15:00","IFR",13,13,250,14,NA,7,1002.8,"METAR KUYF 072115Z AUTO 25014KT 7SM OVC007 13/13 A2961 RMK AO2",2025-11-07 21:23:45.924319,2025-11-07 16:23:45.924356
"KTWM","Two Harbors/Helgeson Arpt, MN, US",2025-11-07 21:15:00,"2025-11-07 21:15:00","VFR",2,-3,330,4,NA,NA,1005.5,"METAR KTWM 072115Z AUTO 33004KT 10SM OVC031 02/M03 A2969 RMK AO2",2025-11-07 21:23:45.940199,2025-11-07 16:23:45.940241
"KTOB","Dodge Center Arpt, MN, US",2025-11-07 21:15:00,"2025-11-07 21:15:00","MVFR",5,3.2,330,13,NA,6,1005.2,"METAR KTOB 072115Z AUTO 33013KT 6SM BR OVC014 05/03 A2968 RMK AO2 CIG 012V018 T00500032",2025-11-07 21:23:45.946468,2025-11-07 16:23:45.946505
"KTSP","Tehachapi Muni, CA, US",2025-11-07 21:15:00,"2025-11-07 13:15:00","VFR",15,9,320,15,NA,9,1020.4,"METAR KTSP 072115Z AUTO 32015KT 9SM CLR 15/09 A3013 RMK AO2",2025-11-07 21:23:45.952289,2025-11-07 16:23:45.952324
"KTIK","Tinker AFB, OK, US",2025-11-07 21:10:00,"2025-11-07 15:10:00","IFR",24,5,320,8,NA,2.75,1009.2,"SPECI KTIK 072110Z AUTO 32008KT 2 3/4SM HZ CLR 24/05 A2980 RMK AO2 VIS 2 3/4V4 SLPNO TSNO $",2025-11-07 21:23:45.957929,2025-11-07 16:23:45.957964
"KUKI","Ukiah Muni, CA, US",2025-11-07 21:07:00,"2025-11-07 13:07:00","VFR",17.8,12.8,30,4,NA,NA,1020.7,"SPECI KUKI 072107Z AUTO 03004KT 10SM SCT028 18/13 A3014 RMK AO2 T01780128",2025-11-07 21:23:45.963678,2025-11-07 16:23:45.963714
"KTUS","Tucson Intl Arpt, AZ, US",2025-11-07 21:06:00,"2025-11-07 14:06:00","VFR",28.3,-2.2,340,4,NA,NA,1014.3,"SPECI KTUS 072106Z 34004KT 10SM CLR 28/M02 A2995 RMK AO2 T02831022 $",2025-11-07 21:23:45.969558,2025-11-07 16:23:45.969597
"KTRK","Truckee/Tahoe Arpt, CA, US",2025-11-07 21:06:00,"2025-11-07 13:06:00","VFR",14,6,260,8,NA,NA,1023.5,"SPECI KTRK 072106Z 26008KT 10SM SCT033 SCT060 BKN200 14/06 A3022",2025-11-07 21:23:45.975497,2025-11-07 16:23:45.975535
"KUNU","Juneau/Dodge Cnty, WI, US",2025-11-07 21:06:00,"2025-11-07 15:06:00","VFR",12.3,2.6,290,3,NA,NA,1000.4,"METAR KUNU 072106Z AUTO 29003KT 10SM OVC050 12/03 A2954 RMK AO2 T01230026 TSNO",2025-11-07 21:23:45.981477,2025-11-07 16:23:45.981515
"KVBT","Bentonville Muni, AR, US",2025-11-07 20:56:00,"2025-11-07 20:56:00","VFR",23.3,3.9,350,9,NA,NA,1009.2,"METAR KVBT 072056Z AUTO 35009KT 10SM CLR 23/04 A2980 RMK AO2 SLP086 T02330039 56013 $",2025-11-07 21:23:45.987441,2025-11-07 16:23:45.987481
"KTVF","Thief River Rgnl, MN, US",2025-11-07 20:56:00,"2025-11-07 14:56:00","MVFR",-2.2,-7.2,350,8,NA,NA,1011.6,"METAR KTVF 072056Z AUTO 35008KT 10SM OVC025 M02/M07 A2987 RMK AO2 SLP131 T10221072 53013 FZRANO",2025-11-07 21:23:45.993421,2025-11-07 16:23:45.993458
"KUDG","Darlington Cnty, SC, US",2025-11-07 20:56:00,"2025-11-07 20:56:00","VFR",23.9,13.3,190,7,NA,NA,1011.9,"METAR KUDG 072056Z AUTO 19007KT 10SM FEW045 24/13 A2988 RMK AO2 SLP119 T02390133 56027 $",2025-11-07 21:23:45.999272,2025-11-07 16:23:45.999309
"KTPH","Tonopah Arpt, NV, US",2025-11-07 20:56:00,"2025-11-07 12:56:00","VFR",17.8,1.1,340,11,20,NA,1021.1,"METAR KTPH 072056Z AUTO 34011G20KT 10SM CLR 18/01 A3015 RMK AO2 SLP177 T01780011 58016",2025-11-07 21:23:46.005157,2025-11-07 16:23:46.005209
"KUCP","New Castle Muni, PA, US",2025-11-07 20:56:00,"2025-11-07 20:56:00","MVFR",12.2,12.2,210,8,NA,NA,1001.8,"METAR KUCP 072056Z AUTO 21008KT 10SM -RA FEW010 SCT016 OVC024 12/12 A2958 RMK AO2 SLP033 P0002 60024 T01220122 56013",2025-11-07 21:23:46.011007,2025-11-07 16:23:46.011047
"KUOX","Oxford/University Arpt, MS, US",2025-11-07 20:55:00,"2025-11-07 14:55:00","VFR",22,16,NA,5,NA,NA,1008.9,"METAR KUOX 072055Z AUTO VRB05KT 10SM SCT029 OVC042 22/16 A2979 RMK AO2 PWINO",2025-11-07 21:23:46.016886,2025-11-07 16:23:46.016924
"KUSE","Wauseon/Fulton Cnty, OH, US",2025-11-07 20:55:00,"2025-11-07 20:55:00","VFR",16,8,270,19,24,NA,999.1,"METAR KUSE 072055Z AUTO 27019G24KT 10SM FEW036 16/08 A2950 RMK AO2",2025-11-07 21:23:46.022778,2025-11-07 16:23:46.022817
"KU69","Duchesne Muni, UT, US",2025-11-07 20:55:00,"2025-11-07 20:55:00","VFR",11,-7,110,5,NA,NA,1017.7,"METAR KU69 072055Z AUTO 11005KT 10SM OVC075 11/M07 A3005 RMK A01",2025-11-07 21:23:46.028741,2025-11-07 16:23:46.028778
"KU52","Beaver Muni, UT, US",2025-11-07 20:55:00,"2025-11-07 20:55:00","VFR",17,-3,NA,6,12,NA,1019,"METAR KU52 072055Z AUTO VRB06G12KT 10SM RA CLR 17/M03 A3009 RMK AO2",2025-11-07 21:23:46.034692,2025-11-07 16:23:46.034731
"KULS","Ulysses Arpt, KS, US",2025-11-07 20:55:00,"2025-11-07 20:55:00","LIFR",18,-3,230,6,NA,0.75,1013.6,"METAR KULS 072055Z AUTO 23006KT 3/4SM -DZ HZ VV005 18/M03 A2993 RMK AO2 VIS 1/2V4",2025-11-07 21:23:46.040629,2025-11-07 16:23:46.040671
"KVBG","Vandenberg AFB, CA, US",2025-11-07 20:55:00,"2025-11-07 12:55:00","VFR",24.2,11.2,340,16,NA,NA,1015.3,"METAR KVBG 072055Z 34016KT 10SM CLR 24/11 A2998 RMK AO2A SLP153 T02420112 57023",2025-11-07 21:23:46.056611,2025-11-07 16:23:46.05665
"KTTS","NASA Shuttle Landing Arpt, FL, US",2025-11-07 20:55:00,"2025-11-07 20:55:00","VFR",26.3,20.6,140,3,NA,NA,1011.6,"METAR KTTS 072055Z AUTO 14003KT 10SM CLR 26/21 A2987 RMK AO2 SLP119 T02630206 56017 FZRANO $",2025-11-07 21:23:46.063245,2025-11-07 16:23:46.063286
"KVAD","Valdosta/Moody AFB, GA, US",2025-11-07 20:55:00,"2025-11-07 15:55:00","VFR",27.1,10.7,260,6,NA,NA,1011.6,"METAR KVAD 072055Z AUTO 26006KT 10SM CLR 27/11 A2987 RMK AO2 SLP116 T02710107 56020 $",2025-11-07 21:23:46.06947,2025-11-07 16:23:46.069507
"KTHA","Tullahoma Rgnl, TN, US",2025-11-07 20:55:00,"2025-11-07 14:55:00","MVFR",20,14,190,9,15,NA,1008.2,"METAR KTHA 072055Z AUTO 19009G15KT 10SM OVC025 20/14 A2977 RMK A01",2025-11-07 21:23:46.075348,2025-11-07 16:23:46.075384
"KVCV","Victorville/S California Arpt, CA, US",2025-11-07 20:55:00,"2025-11-07 12:55:00","VFR",24,3,NA,4,NA,NA,1017.7,"METAR KVCV 072055Z AUTO VRB04KT 10SM CLR 24/03 A3005 RMK AO2",2025-11-07 21:23:46.081106,2025-11-07 16:23:46.081141
"KU55","Panguitch Muni, UT, US",2025-11-07 20:55:00,"2025-11-07 13:55:00","VFR",17,-2,310,10,NA,NA,1020.7,"METAR KU55 072055Z AUTO 31010KT 10SM CLR 17/M02 A3014 RMK A01",2025-11-07 21:23:46.086957,2025-11-07 16:23:46.086993
"KUWL","New Castle/Henry Cnty, IN, US",2025-11-07 20:55:00,"2025-11-07 20:55:00","VFR",18,8,270,13,19,NA,1002.5,"METAR KUWL 072055Z AUTO 27013G19KT 10SM FEW034 FEW043 18/08 A2960 RMK A01",2025-11-07 21:23:46.092837,2025-11-07 16:23:46.092876
"KTQE","Tekamah Muni, NE, US",2025-11-07 20:54:00,"2025-11-07 20:54:00","VFR",17.8,0.6,300,17,NA,NA,1007.5,"METAR KTQE 072054Z AUTO 30017KT 10SM CLR 18/01 A2975 RMK AO2 PK WND 32026/2042 SLP070 T01780006 55001",2025-11-07 21:23:46.098794,2025-11-07 16:23:46.098835
"KUZA","Rock Hill/Bryant Fld, SC, US",2025-11-07 20:54:00,"2025-11-07 15:54:00","VFR",21.1,12.8,210,9,NA,NA,1011.9,"METAR KUZA 072054Z AUTO 21009KT 10SM CLR 21/13 A2988 RMK AO2 SLP117 T02110128 56029",2025-11-07 21:23:46.104829,2025-11-07 16:23:46.104866
"KVAY","Mount Holly/S Jersey Rgnl, NJ, US",2025-11-07 20:54:00,"2025-11-07 15:54:00","VFR",15,1.7,NA,NA,NA,NA,1009.2,"METAR KVAY 072054Z AUTO 10SM CLR 15/02 A2980 RMK AO2 SLP090 T01500017 56041",2025-11-07 21:23:46.110774,2025-11-07 16:23:46.110812
"KUIN","Quincy/Baldwin Fld, IL, US",2025-11-07 20:54:00,"2025-11-07 14:54:00","VFR",20.6,1.1,290,13,21,NA,1005.2,"METAR KUIN 072054Z AUTO 29013G21KT 10SM SCT110 21/01 A2968 RMK AO2 PK WND 30027/1958 SLP045 T02060011 55004",2025-11-07 21:23:46.11664,2025-11-07 16:23:46.116675
"KUUU","Newport State Arpt, RI, US",2025-11-07 20:53:00,"2025-11-07 15:53:00","VFR",12.2,4.4,200,11,28,NA,1011.6,"METAR KUUU 072053Z AUTO 20011G28KT 10SM BKN040 OVC047 12/04 A2987 RMK AO2 PK WND 19028/2044 SLP114 T01220044 58042",2025-11-07 21:23:46.12248,2025-11-07 16:23:46.122519
"KTVC","Traverse City/Cherry Capital Arpt, MI, US",2025-11-07 20:53:00,"2025-11-07 15:53:00","VFR",8.3,3.3,300,12,NA,NA,997.7,"METAR KTVC 072053Z 30012KT 10SM FEW021 BKN035 OVC048 08/03 A2946 RMK AO2 SLP977 T00830033 53028",2025-11-07 21:23:46.128319,2025-11-07 16:23:46.128356
"KUAO","Aurora State Arpt, OR, US",2025-11-07 20:53:00,"2025-11-07 20:53:00","VFR",13.3,8.3,200,5,NA,NA,1023.8,"METAR KUAO 072053Z 20005KT 10SM FEW030 BKN060 OVC075 13/08 A3023 RMK AO2 RAB21E31 SLP236 P0000 60000 T01330083 58001",2025-11-07 21:23:46.13414,2025-11-07 16:23:46.13419
"KUNV","State College/Univ Park Arpt, PA, US",2025-11-07 20:53:00,"2025-11-07 15:53:00","VFR",11,4,180,5,NA,NA,1003.5,"METAR KUNV 072053Z 18005KT 10SM BKN055 OVC080 11/04 A2963",2025-11-07 21:23:46.139992,2025-11-07 16:23:46.140033
"KTLH","Tallahassee Intl, FL, US",2025-11-07 20:53:00,"2025-11-07 15:53:00","VFR",25.6,16.7,190,10,NA,NA,1012.3,"METAR KTLH 072053Z 19010KT 10SM BKN044 BKN060 26/17 A2989 RMK AO2 SLP122 T02560167 56018",2025-11-07 21:23:46.145843,2025-11-07 16:23:46.145881
"KTMB","Miami Exec Arpt, FL, US",2025-11-07 20:53:00,"2025-11-07 15:53:00","VFR",28.3,20.6,130,5,NA,NA,1011.9,"METAR KTMB 072053Z 13005KT 10SM FEW035 28/21 A2988 RMK AO2 SLP117 T02830206 56016 $",2025-11-07 21:23:46.151788,2025-11-07 16:23:46.151825
"KTPA","Tampa Intl Arpt, FL, US",2025-11-07 20:53:00,"2025-11-07 15:53:00","VFR",28.3,19.4,NA,5,NA,NA,1012.3,"METAR KTPA 072053Z VRB05KT 10SM FEW050 FEW120 SCT220 28/19 A2989 RMK AO2 SLP122 T02830194 56020",2025-11-07 21:23:46.157754,2025-11-07 16:23:46.157792
"KTYS","Knoxville/Tyson Arpt, TN, US",2025-11-07 20:53:00,"2025-11-07 15:53:00","VFR",21.7,11.7,210,17,24,NA,1008.5,"METAR KTYS 072053Z 21017G24KT 10SM SCT050 BKN250 22/12 A2978 RMK AO2 PK WND 21028/2005 SLP080 T02170117 56028",2025-11-07 21:23:46.163717,2025-11-07 16:23:46.163754
"KTTN","Trenton/Mercer Arpt, NJ, US",2025-11-07 20:53:00,"2025-11-07 15:53:00","VFR",14.4,2.2,170,15,23,NA,1008.2,"METAR KTTN 072053Z 17015G23KT 10SM CLR 14/02 A2977 RMK AO2 PK WND 18026/2026 SLP077 T01440022 56042",2025-11-07 21:23:46.179494,2025-11-07 16:23:46.179534
"KTTD","Portland/Troutdale Arpt, OR, US",2025-11-07 20:53:00,"2025-11-07 12:53:00","VFR",NA,NA,30,3,NA,NA,1023.8,"METAR KTTD 072053Z 03003KT 10SM FEW029 BKN055 OVC070 A3023 RMK AO2 SLP238 60001 51004 $",2025-11-07 21:23:46.185731,2025-11-07 16:23:46.18577
"KTXK","Texarkana Rgnl, AR, US",2025-11-07 20:53:00,"2025-11-07 14:53:00","VFR",23.9,17.2,340,6,NA,NA,1008.5,"METAR KTXK 072053Z 34006KT 10SM SCT042 OVC048 24/17 A2978 RMK AO2 SLP080 T02390172 56011 $",2025-11-07 21:23:46.191565,2025-11-07 16:23:46.1916
"KUIL","Quillayute State Arpt, WA, US",2025-11-07 20:53:00,"2025-11-07 12:53:00","VFR",12.2,7.2,NA,5,NA,NA,1022.4,"METAR KUIL 072053Z AUTO VRB05KT 10SM FEW017 12/07 A3019 RMK AO2 SLP223 60003 T01220072 51010",2025-11-07 21:23:46.197315,2025-11-07 16:23:46.197351
"KUNO","West Plains Rgnl, MO, US",2025-11-07 20:53:00,"2025-11-07 20:53:00","VFR",22.8,4.4,320,8,14,NA,1007.9,"METAR KUNO 072053Z AUTO 32008G14KT 10SM CLR 23/04 A2976 RMK AO2 SLP070 T02280044 55009",2025-11-07 21:23:46.203027,2025-11-07 16:23:46.203063
"KUTS","Huntsville Muni, TX, US",2025-11-07 20:53:00,"2025-11-07 14:53:00","VFR",29.4,18.3,170,5,NA,NA,1007.5,"METAR KUTS 072053Z AUTO 17005KT 10SM CLR 29/18 A2975 RMK AO1 SLP069 T02940183 56025",2025-11-07 21:23:46.208936,2025-11-07 16:23:46.208974
"KTHV","York Arpt, PA, US",2025-11-07 20:53:00,"2025-11-07 15:53:00","VFR",15,3.3,NA,NA,NA,NA,1006.5,"METAR KTHV 072053Z AUTO 10SM -RA CLR 15/03 A2972 RMK AO2 RAB1956E01B44 SLP066 P0000 60000 T01500033 56038",2025-11-07 21:23:46.214834,2025-11-07 16:23:46.214871
"KTVR","Vicksburg/Tallulah Rgnl, LA, US",2025-11-07 20:53:00,"2025-11-07 20:53:00","VFR",26.1,17.2,NA,4,NA,NA,1008.5,"METAR KTVR 072053Z AUTO VRB04KT 10SM CLR 26/17 A2978 RMK AO2 SLP090 T02610172 56025",2025-11-07 21:23:46.220821,2025-11-07 16:23:46.220858
"KTKI","McKinney Muni, TX, US",2025-11-07 20:53:00,"2025-11-07 20:53:00","VFR",26.1,13.9,70,7,NA,NA,1008.2,"METAR KTKI 072053Z 07007KT 10SM CLR 26/14 A2977 RMK AO2 SLP078 T02610139 56011",2025-11-07 21:23:46.226749,2025-11-07 16:23:46.226788
"KTOA","Torrance Muni, CA, US",2025-11-07 20:53:00,"2025-11-07 12:53:00","VFR",22,14,280,11,NA,8,1012.3,"METAR KTOA 072053Z 28011KT 8SM HZ SKC 22/14 A2989",2025-11-07 21:23:46.232632,2025-11-07 16:23:46.23267
"KVCB","Vacaville/Nut Tree Arpt, CA, US",2025-11-07 20:53:00,"2025-11-07 20:53:00","MVFR",20.6,14.4,50,4,NA,NA,1020.1,"METAR KVCB 072053Z AUTO 05004KT 10SM BKN025 OVC034 21/14 A3012 RMK AO2 SLP200 T02060144 58017",2025-11-07 21:23:46.238482,2025-11-07 16:23:46.23852
"KTUP","Tupelo Rgnl, MS, US",2025-11-07 20:53:00,"2025-11-07 14:53:00","VFR",23.3,16.1,220,7,19,NA,1008.2,"METAR KTUP 072053Z 22007G19KT 10SM SCT037 OVC050 23/16 A2977 RMK AO2 SLP077 T02330161 56023 $",2025-11-07 21:23:46.244283,2025-11-07 16:23:46.244324
"KTOP","Topeka/Billard Muni, KS, US",2025-11-07 20:53:00,"2025-11-07 14:53:00","VFR",21.1,1.1,290,13,19,NA,1008.5,"METAR KTOP 072053Z 29013G19KT 10SM CLR 21/01 A2978 RMK AO2 SLP083 T02110011 56015",2025-11-07 21:23:46.250193,2025-11-07 16:23:46.250234
"KTOR","Torrington Muni, WY, US",2025-11-07 20:53:00,"2025-11-07 13:53:00",NA,15,-6.1,280,16,23,NA,1009.6,"METAR KTOR 072053Z AUTO 28016G23KT CLR 15/M06 A2981 RMK AO2 PK WND 28029/2004 SLP085 T01501061 56028 $",2025-11-07 21:23:46.255987,2025-11-07 16:23:46.256026
"KTUL","Tulsa Intl Arpt, OK, US",2025-11-07 20:53:00,"2025-11-07 14:53:00","VFR",23.9,6.1,350,4,NA,NA,1009.6,"METAR KTUL 072053Z 35004KT 10SM BKN250 24/06 A2981 RMK AO2 SLP090 T02390061 56013",2025-11-07 21:23:46.261826,2025-11-07 16:23:46.261863
"KTWF","Twin Falls/Joslin Fld, ID, US",2025-11-07 20:53:00,"2025-11-07 13:53:00","VFR",10.6,2.8,280,15,27,NA,1020.1,"METAR KTWF 072053Z 28015G27KT 10SM BKN039 11/03 A3012 RMK AO2 PK WND 28031/2020 SLP179 T01060028 51010 $",2025-11-07 21:23:46.267705,2025-11-07 16:23:46.267741
"KTRI","Bristol/Tri-Cities Arpt, TN, US",2025-11-07 20:53:00,"2025-11-07 15:53:00","VFR",21.1,7.8,230,11,NA,NA,1009.2,"METAR KTRI 072053Z 23011KT 10SM SCT050 BKN250 21/08 A2980 RMK AO2 SLP077 T02110078 56028",2025-11-07 21:23:46.273687,2025-11-07 16:23:46.273724
"KTYR","Tyler/Pounds Fld, TX, US",2025-11-07 20:53:00,"2025-11-07 14:53:00","VFR",26.1,15.6,0,0,NA,NA,1007.9,"METAR KTYR 072053Z 00000KT 10SM FEW048 26/16 A2976 RMK AO2 SLP071 T02610156 56014",2025-11-07 21:23:46.27963,2025-11-07 16:23:46.279667
"KTRL","Terrell Muni, TX, US",2025-11-07 20:53:00,"2025-11-07 14:53:00","VFR",26.1,13.9,20,7,NA,NA,1008.2,"METAR KTRL 072053Z AUTO 02007KT 10SM SCT045 26/14 A2977 RMK AO2 SLP074 T02610139 56010",2025-11-07 21:23:46.295147,2025-11-07 16:23:46.295204
"KTIW","Tacoma Narrows Arpt, WA, US",2025-11-07 20:53:00,"2025-11-07 12:53:00","VFR",11.7,6.7,220,6,NA,NA,1022.8,"METAR KTIW 072053Z 22006KT 10SM OVC055 12/07 A3020 RMK AO2 SLPNO T01170067 50002",2025-11-07 21:23:46.301389,2025-11-07 16:23:46.301428
"KTRM","Thermal Arpt, CA, US",2025-11-07 20:52:00,"2025-11-07 12:52:00","VFR",33.3,4.4,NA,6,NA,NA,1010.2,"METAR KTRM 072052Z AUTO VRB06KT 10SM CLR 33/04 A2983 RMK AO2 SLP102 T03330044 58033 TSNO $",2025-11-07 21:23:46.30757,2025-11-07 16:23:46.307606
"KTOL","Toledo/Express Arpt, OH, US",2025-11-07 20:52:00,"2025-11-07 15:52:00","VFR",16.7,8.9,260,19,27,NA,999.1,"METAR KTOL 072052Z 26019G27KT 10SM SCT034 17/09 A2950 RMK AO2 PK WND 27027/2050 SLP989 T01670089 55002 $",2025-11-07 21:23:46.313307,2025-11-07 16:23:46.313345
"KUGN","Waukegan Rgnl, IL, US",2025-11-07 20:51:00,"2025-11-07 14:51:00","VFR",16.7,3.9,260,12,19,NA,1000.1,"METAR KUGN 072051Z 26012G19KT 10SM CLR 17/04 A2953 RMK AO2 SLP998 T01670039 53006",2025-11-07 21:23:46.319017,2025-11-07 16:23:46.319053
"KVCT","Victoria Rgnl, TX, US",2025-11-07 20:51:00,"2025-11-07 14:51:00","VFR",32.2,13.9,230,10,17,NA,1006.9,"METAR KVCT 072051Z 23010G17KT 10SM CLR 32/14 A2973 RMK AO2 SLP066 T03220139 56035",2025-11-07 21:23:46.324814,2025-11-07 16:23:46.32485
"KTPL","Temple/Miller Rgnl, TX, US",2025-11-07 20:51:00,"2025-11-07 14:51:00",NA,30.6,10.6,300,7,NA,NA,1007.5,"METAR KTPL 072051Z AUTO 30007KT CLR 31/11 A2975 RMK AO2 SLP064 T03060106 56017 PWINO RVRNO $",2025-11-07 21:23:46.330606,2025-11-07 16:23:46.330645
"KTZR","Columbus/Bolton Fld, OH, US",2025-11-07 20:50:00,"2025-11-07 20:50:00","IFR",14,13,250,12,NA,5,1002.8,"METAR KTZR 072050Z 25012KT 5SM BR OVC007 14/13 A2961",2025-11-07 21:23:46.336463,2025-11-07 16:23:46.3365
"KTIX","Titusville/Space Coast Rgnl, FL, US",2025-11-07 20:47:00,"2025-11-07 15:47:00","VFR",28,21,120,4,NA,7,1013,"METAR KTIX 072047Z 12004KT 7SM SCT050 28/21 A2991",2025-11-07 21:23:46.342357,2025-11-07 16:23:46.342396
"KUCY","Union City/Everett-Stewart Rgnl, TN, US",2025-11-07 20:45:00,"2025-11-07 14:45:00","VFR",20,19,240,9,NA,NA,1006.2,"METAR KUCY 072045Z AUTO 24009KT 10SM FEW013 SCT025 BKN031 20/19 A2971 RMK A01",2025-11-07 21:23:46.348306,2025-11-07 16:23:46.348342
"KUES","Waukesha Cnty, WI, US",2025-11-07 20:45:00,"2025-11-07 14:45:00","VFR",14,4,280,11,21,NA,1000.4,"METAR KUES 072045Z 28011G21KT 10SM CLR 14/04 A2954",2025-11-07 21:23:46.354128,2025-11-07 16:23:46.354163
"KXWA","Williston/Basin Intl, ND, US",2025-11-07 21:21:00,"2025-11-07 15:21:00","IFR",-0.6,-1.7,130,9,NA,1.75,1008.9,"SPECI KXWA 072121Z AUTO 13009KT 1 3/4SM -SN BR OVC005 M01/M02 A2979 RMK AO2 SNB10 P0001 T10061017",2025-11-07 21:23:47.794094,2025-11-07 16:23:47.79413
"KVYS","Peru/Illinois Valley Rgnl, IL, US",2025-11-07 21:15:00,"2025-11-07 15:15:00","VFR",17.9,4.4,270,11,17,NA,1002.5,"METAR KVYS 072115Z AUTO 27011G17KT 10SM CLR 18/04 A2960 RMK AO2 T01790044 TSNO",2025-11-07 21:23:47.80024,2025-11-07 16:23:47.80028
"KX59","Valkaria Arpt, FL, US",2025-11-07 21:15:00,"2025-11-07 21:15:00","VFR",25.8,25.8,140,8,NA,NA,1011.9,"METAR KX59 072115Z AUTO 14008KT 10SM BKN150 26/26 A2988 RMK AO2 T02580258 $",2025-11-07 21:23:47.806286,2025-11-07 16:23:47.806325
"KW40","Mt Olive Muni, NC, US",2025-11-07 21:15:00,"2025-11-07 21:15:00","VFR",21.5,15.7,150,4,NA,NA,1012.3,"METAR KW40 072115Z AUTO 15004KT 10SM BKN034 BKN041 21/16 A2989 RMK AO2 T02150157",2025-11-07 21:23:47.812275,2025-11-07 16:23:47.812314
"KVVS","Connellsville/Hardy Arpt, PA, US",2025-11-07 21:15:00,"2025-11-07 21:15:00","VFR",15.4,11.2,220,10,NA,NA,1003.5,"METAR KVVS 072115Z AUTO 22010KT 10SM OVC070 15/11 A2963 RMK AO2 T01540112",2025-11-07 21:23:47.82825,2025-11-07 16:23:47.828293
"KY31","West Branch Arpt, MI, US",2025-11-07 21:15:00,"2025-11-07 16:15:00","VFR",9.5,4.1,290,12,22,NA,996.4,"METAR KY31 072115Z AUTO 29012G22KT 10SM SCT026 OVC031 10/04 A2942 RMK AO2 T00950041",2025-11-07 21:23:47.834628,2025-11-07 16:23:47.834672
"KY70","Ionia Cnty Arpt, MI, US",2025-11-07 21:15:00,"2025-11-07 21:15:00","VFR",11,5,270,14,24,NA,999.1,"METAR KY70 072115Z AUTO 27014G24KT 10SM SCT034 11/05 A2950 RMK AO2",2025-11-07 21:23:47.840587,2025-11-07 16:23:47.840622
"KVJI","Abingdon/Virginia Highlands Arpt, VA, US",2025-11-07 21:15:00,"2025-11-07 16:15:00","VFR",19,8,230,11,18,NA,1009.2,"METAR KVJI 072115Z AUTO 23011G18KT 10SM CLR 19/08 A2980 RMK AO2",2025-11-07 21:23:47.846289,2025-11-07 16:23:47.846325
"KXLL","Allentown/Queen City, PA, US",2025-11-07 21:15:00,"2025-11-07 21:15:00","VFR",15,3,190,7,16,NA,1007.9,"METAR KXLL 072115Z AUTO 19007G16KT 10SM CLR 15/03 A2976 RMK AO2 TSNO",2025-11-07 21:23:47.852191,2025-11-07 16:23:47.852236
"KVES","Versailles/Darke Cnty, OH, US",2025-11-07 21:15:00,"2025-11-07 21:15:00","VFR",17,11,250,11,16,NA,1002.1,"METAR KVES 072115Z AUTO 25011G16KT 10SM SCT040 17/11 A2959 RMK AO2",2025-11-07 21:23:47.858048,2025-11-07 16:23:47.858086
"KX26","Sabastian Arpt, FL, US",2025-11-07 21:15:00,"2025-11-07 21:15:00","VFR",26,23,130,6,NA,NA,1012.6,"METAR KX26 072115Z AUTO 13006KT 10SM FEW018 26/23 A2990 RMK AO2",2025-11-07 21:23:47.863933,2025-11-07 16:23:47.863971
"KVLL","Oakland-Troy Arpt, MI, US",2025-11-07 21:15:00,"2025-11-07 21:15:00","VFR",13,8,250,10,18,NA,997.7,"METAR KVLL 072115Z AUTO 25010G18KT 10SM OVC032 13/08 A2946 RMK AO2",2025-11-07 21:23:47.869846,2025-11-07 16:23:47.869884
"KW96","Quinton/New Kent Cnty, VA, US",2025-11-07 21:15:00,"2025-11-07 21:15:00","VFR",19.6,8.1,200,7,NA,NA,1010.6,"METAR KW96 072115Z AUTO 20007KT 150V230 10SM CLR 20/08 A2984 RMK AO1 T01960081",2025-11-07 21:23:47.875793,2025-11-07 16:23:47.875832
"KY19","Mandan Muni, ND, US",2025-11-07 21:15:00,"2025-11-07 21:15:00",NA,0,-1,60,4,NA,NA,1010.9,"METAR KY19 072115Z AUTO 06004KT 10SM 00/M01 A2985 RMK AO2",2025-11-07 21:23:47.881738,2025-11-07 16:23:47.881776
"KXSA","Tappahannock/Essex Cnty, VA, US",2025-11-07 21:15:00,"2025-11-07 21:15:00","VFR",18.1,7.2,170,5,NA,NA,1010.6,"METAR KXSA 072115Z AUTO 17005KT 10SM CLR 18/07 A2984 RMK AO2 T01810072",2025-11-07 21:23:47.887573,2025-11-07 16:23:47.887611
"KVHN","Van Horn/Culberson Cnty, TX, US",2025-11-07 21:15:00,"2025-11-07 15:15:00","VFR",25.3,-4.3,30,5,NA,NA,1016.7,"METAR KVHN 072115Z AUTO 03005KT 10SM CLR 25/M04 A3002 RMK AO2 T02531043",2025-11-07 21:23:47.893351,2025-11-07 16:23:47.893389
"KVER","Boonville/Vertel Mem, MO, US",2025-11-07 21:15:00,"2025-11-07 21:15:00","VFR",21,2.3,300,9,17,NA,1007.9,"METAR KVER 072115Z AUTO 30009G17KT 10SM CLR 21/02 A2976 RMK AO2 T02100023",2025-11-07 21:23:47.899204,2025-11-07 16:23:47.899245
"KW78","South Boston/Tuck Arpr, VA, US",2025-11-07 21:15:00,"2025-11-07 21:15:00","VFR",20.5,8.8,210,10,16,NA,1010.6,"METAR KW78 072115Z AUTO 21010G16KT 10SM BKN047 BKN055 21/09 A2984 RMK AO1 T02050088",2025-11-07 21:23:47.905117,2025-11-07 16:23:47.905153
"KW81","Crewe Muni, VA, US",2025-11-07 21:15:00,"2025-11-07 21:15:00","VFR",19,7.5,190,4,NA,NA,1010.2,"METAR KW81 072115Z AUTO 19004KT 10SM CLR 19/08 A2983 RMK AO1 T01900075",2025-11-07 21:23:47.910959,2025-11-07 16:23:47.910995
"KZPH","Zephyrhills Muni, FL, US",2025-11-07 21:15:00,"2025-11-07 16:15:00","VFR",29.1,16.7,170,4,NA,NA,1012.6,"METAR KZPH 072115Z AUTO 17004KT 10SM CLR 29/17 A2990 RMK A02 T02910167",2025-11-07 21:23:47.916854,2025-11-07 16:23:47.916893
"KVUJ","Albemarle/Stanly Cnty, NC, US",2025-11-07 21:15:00,"2025-11-07 21:15:00","VFR",21.5,12.1,210,8,NA,NA,1012.6,"METAR KVUJ 072115Z AUTO 21008KT 10SM SCT043 SCT049 22/12 A2990 RMK AO2 LTG DSNT W T02150121",2025-11-07 21:23:47.92279,2025-11-07 16:23:47.922829
"KVGC","Hamilton Muni, NY, US",2025-11-07 21:15:00,"2025-11-07 21:15:00","VFR",8,3,170,11,19,7,1001.8,"METAR KVGC 072115Z AUTO 17011G19KT 7SM -RA OVC050 08/03 A2958 RMK AO2",2025-11-07 21:23:47.928671,2025-11-07 16:23:47.92871
"KW22","Buckhannon/Upshur Cnty, WV, US",2025-11-07 21:15:00,"2025-11-07 21:15:00","VFR",20,5,250,11,17,NA,1004.8,"METAR KW22 072115Z AUTO 25011G17KT 10SM SCT055 BKN070 OVC090 20/05 A2967 RMK AO2",2025-11-07 21:23:47.943991,2025-11-07 16:23:47.94403
"KY51","Viroqua Muni, WI, US",2025-11-07 21:15:00,"2025-11-07 21:15:00","MVFR",8.1,4.8,310,9,NA,NA,1002.5,"METAR KY51 072115Z AUTO 31009KT 10SM BKN023 OVC036 08/05 A2960 RMK AO1 T00810048",2025-11-07 21:23:47.950258,2025-11-07 16:23:47.950298
"KZER","Pottsville/Schuylkill Cnty, PA, US",2025-11-07 21:15:00,"2025-11-07 21:15:00","VFR",10,1,150,15,21,7,1005.8,"METAR KZER 072115Z AUTO 15015G21KT 7SM CLR 10/01 A2970 RMK AO2",2025-11-07 21:23:47.956392,2025-11-07 16:23:47.956428
"KXBP","Bridgeport Muni, TX, US",2025-11-07 21:15:00,"2025-11-07 21:15:00","VFR",27.6,6,20,9,NA,NA,1009.9,"METAR KXBP 072115Z AUTO 02009KT 10SM CLR 28/06 A2982 RMK AO2 T02760060",2025-11-07 21:23:47.96212,2025-11-07 16:23:47.962156
"KVWU","Waskish Muni, MN, US",2025-11-07 21:15:00,"2025-11-07 21:15:00",NA,0,-4,330,7,NA,NA,1009.6,"METAR KVWU 072115Z AUTO 33007KT 00/M04 A2981 RMK AO2 PWINO",2025-11-07 21:23:47.967736,2025-11-07 16:23:47.96777
"KVTI","Vinton/Veterans Mem, IA, US",2025-11-07 21:15:00,"2025-11-07 21:15:00","VFR",15.5,2.2,290,16,26,NA,1003.5,"METAR KVTI 072115Z AUTO 29016G26KT 10SM OVC110 16/02 A2963 RMK AO2 T01550022",2025-11-07 21:23:47.973478,2025-11-07 16:23:47.973517
"KY23","Chetek Muni, WI, US",2025-11-07 21:15:00,"2025-11-07 21:15:00","MVFR",6.1,1.8,350,7,NA,NA,1004.5,"METAR KY23 072115Z AUTO 35007KT 10SM OVC021 06/02 A2966 RMK AO2 T00610018",2025-11-07 21:23:47.979348,2025-11-07 16:23:47.979388
"KWDR","Winder/Barrow Cnty, GA, US",2025-11-07 21:15:00,"2025-11-07 16:15:00","VFR",20,14,NA,NA,NA,NA,1012.6,"METAR KWDR 072115Z 10SM SCT049 BKN060 OVC070 20/14 A2990 RMK AO2 LTG DSNT SW AND NW",2025-11-07 21:23:47.985288,2025-11-07 16:23:47.985328
"KXNI","Zuni Reserv Arpt, NM, US",2025-11-07 21:15:00,"2025-11-07 21:15:00","VFR",19,-4,280,14,NA,NA,1019,"METAR KXNI 072115Z AUTO 28014KT 10SM CLR 19/M04 A3009 RMK AO2",2025-11-07 21:23:47.991308,2025-11-07 16:23:47.991344
"KVPC","Cartersville Arpt, GA, US",2025-11-07 21:15:00,"2025-11-07 21:15:00","MVFR",20,16,NA,4,NA,8,1011.6,"METAR KVPC 072115Z AUTO VRB04KT 8SM -RA BKN028 OVC036 20/16 A2987 RMK AO2 LTG DSNT S",2025-11-07 21:23:47.997275,2025-11-07 16:23:47.997315
"KW43","Hulett Muni, WY, US",2025-11-07 21:15:00,"2025-11-07 21:15:00","VFR",11,-2,220,8,NA,NA,1008.9,"METAR KW43 072115Z AUTO 22008KT 10SM OVC090 11/M02 A2979 RMK AO2",2025-11-07 21:23:48.003139,2025-11-07 16:23:48.003189
"KVVV","Ortonville Muni, MN, US",2025-11-07 21:15:00,"2025-11-07 21:15:00","MVFR",2,-1,340,11,17,NA,1010.9,"METAR KVVV 072115Z AUTO 34011G17KT 10SM OVC019 02/M01 A2985 RMK AO2",2025-11-07 21:23:48.008971,2025-11-07 16:23:48.009012
"KX60","Williston Muni, FL, US",2025-11-07 21:15:00,"2025-11-07 21:15:00","VFR",27.3,17.9,240,7,NA,NA,1012.6,"METAR KX60 072115Z AUTO 24007KT 10SM CLR 27/18 A2990 RMK AO2 LTG DSNT NW T02730179",2025-11-07 21:23:48.014826,2025-11-07 16:23:48.014863
"KW31","Kenbridge/Lunenburg Cnty, VA, US",2025-11-07 21:15:00,"2025-11-07 21:15:00","VFR",20.2,11.5,200,6,16,NA,1010.6,"METAR KW31 072115Z AUTO 20006G16KT 10SM CLR 20/12 A2984 RMK AO1 T02020115",2025-11-07 21:23:48.020688,2025-11-07 16:23:48.020724
"KVNW","Van Wert Cnty Arpt, OH, US",2025-11-07 21:15:00,"2025-11-07 21:15:00","VFR",17,6,270,15,23,NA,1001.1,"METAR KVNW 072115Z AUTO 27015G23KT 10SM CLR 17/06 A2956 RMK AO2",2025-11-07 21:23:48.026569,2025-11-07 16:23:48.026609
"KVTA","Newark/Heath Arpt, OH, US",2025-11-07 21:15:00,"2025-11-07 21:15:00","IFR",13.9,12.8,240,8,NA,4,1002.5,"SPECI KVTA 072115Z AUTO 24008KT 4SM BR OVC006 14/13 A2960 RMK AO2 RAE2056 P0000 T01390128",2025-11-07 21:23:48.03239,2025-11-07 16:23:48.032427
"KWWR","Woodward Arpt, OK, US",2025-11-07 21:15:00,"2025-11-07 15:15:00","VFR",20,-1,350,7,NA,NA,1013.6,"METAR KWWR 072115Z AUTO 35007KT 10SM CLR 20/M01 A2993 RMK AO2",2025-11-07 21:23:48.038315,2025-11-07 16:23:48.038355
"KW63","Clarksville/Lake Country Arpt, VA, US",2025-11-07 21:15:00,"2025-11-07 21:15:00","VFR",20,10,200,6,NA,NA,1010.9,"METAR KW63 072115Z AUTO 20006KT 10SM CLR 20/10 A2985 RMK AO1",2025-11-07 21:23:48.044311,2025-11-07 16:23:48.044348
"KXVG","Longville Muni, MN, US",2025-11-07 21:13:00,"2025-11-07 21:13:00","MVFR",1,-3,320,6,NA,NA,1007.9,"METAR KXVG 072113Z AUTO 32006KT 10SM SCT023 OVC030 01/M03 A2976 RMK AO2",2025-11-07 21:23:48.050301,2025-11-07 16:23:48.050346
"KWRB","Warner Robins AFB, GA, US",2025-11-07 21:10:00,"2025-11-07 16:10:00","VFR",25,12,350,3,NA,NA,1011.3,"SPECI KWRB 072110Z AUTO 35003KT 10SM CLR 25/12 A2986 RMK AO2 DZE2055DZB01E10 SLP113 $",2025-11-07 21:23:48.065944,2025-11-07 16:23:48.065986
"KVPS","Valparaiso/Eglin AFB, FL, US",2025-11-07 21:05:00,"2025-11-07 15:05:00","MVFR",25,21,190,7,NA,NA,1010.9,"SPECI KVPS 072105Z AUTO 19007KT 10SM BKN018 OVC075 25/21 A2985 RMK AO2 CIG 018V075 SLP114 $",2025-11-07 21:23:48.07226,2025-11-07 16:23:48.072301
"KZZV","Zanesville Muni, OH, US",2025-11-07 21:02:00,"2025-11-07 16:02:00","IFR",13.3,12.8,210,7,NA,NA,1002.8,"SPECI KZZV 072102Z AUTO 21007KT 10SM BKN008 OVC013 13/13 A2961 RMK AO2 RAE00 P0000 T01330128",2025-11-07 21:23:48.078121,2025-11-07 16:23:48.078156
"KWMC","Winnemucca Muni, NV, US",2025-11-07 20:56:00,"2025-11-07 12:56:00","VFR",15,2.8,300,10,NA,NA,1021.1,"METAR KWMC 072056Z AUTO 30010KT 10SM FEW047 15/03 A3015 RMK AO2 SLP186 T01500028 58009",2025-11-07 21:23:48.083909,2025-11-07 16:23:48.083944
"KVIS","Visalia Muni, CA, US",2025-11-07 20:56:00,"2025-11-07 12:56:00","VFR",20,12.8,0,0,NA,NA,1019,"METAR KVIS 072056Z AUTO 00000KT 10SM CLR 20/13 A3009 RMK AO2 SLP189 T02000128 58028 $",2025-11-07 21:23:48.08968,2025-11-07 16:23:48.089716
"KY50","Wautoma Muni, WI, US",2025-11-07 20:56:00,"2025-11-07 20:56:00","VFR",10,2.2,320,9,17,NA,1001.1,"METAR KY50 072056Z AUTO 32009G17KT 10SM OVC041 10/02 A2956 RMK AO2 RAB13E23 SLP013 P0000 60000 T01000022 53017 $",2025-11-07 21:23:48.095507,2025-11-07 16:23:48.095542
"KWVL","Waterville/Lafleur Arpt, ME, US",2025-11-07 20:56:00,"2025-11-07 15:56:00","VFR",4.4,-5,180,3,NA,NA,1010.6,"METAR KWVL 072056Z AUTO 18003KT 10SM CLR 04/M05 A2984 RMK AO2 SLP134 T00441050 56029",2025-11-07 21:23:48.101402,2025-11-07 16:23:48.101439
"KWJF","Lancaster/Fox Arfld, CA, US",2025-11-07 20:56:00,"2025-11-07 12:56:00","VFR",23.9,5,0,0,NA,NA,1016.3,"METAR KWJF 072056Z 00000KT 10SM CLR 24/05 A3001 RMK AO2 SLP154 T02390050 58033",2025-11-07 21:23:48.107476,2025-11-07 16:23:48.107519
"KVPZ","Valparaiso/Port Cnty, IN, US",2025-11-07 20:56:00,"2025-11-07 14:56:00","VFR",16.7,5.6,260,15,22,NA,1001.8,"METAR KVPZ 072056Z AUTO 26015G22KT 10SM CLR 17/06 A2958 RMK AO2 PK WND 25026/2022 SLP018 T01670056 53007",2025-11-07 21:23:48.113358,2025-11-07 16:23:48.113397
"KYKN","Yankton/Gurney Muni, SD, US",2025-11-07 20:56:00,"2025-11-07 14:56:00","VFR",10.6,2.2,340,15,24,NA,1009.6,"METAR KYKN 072056Z AUTO 34015G24KT 10SM CLR 11/02 A2981 RMK AO2 SLP108 T01060022 53009",2025-11-07 21:23:48.119348,2025-11-07 16:23:48.119387
"KWRI","McGuire AFB, NJ, US",2025-11-07 20:55:00,"2025-11-07 15:55:00","VFR",15.2,1,200,14,NA,NA,1009.2,"METAR KWRI 072055Z AUTO 20014KT 10SM CLR 15/01 A2980 RMK AO2 SLP091 T01520010 57039",2025-11-07 21:23:48.125171,2025-11-07 16:23:48.125225
"KWHP","Los Angeles/Whiteman Arpt, CA, US",2025-11-07 20:55:00,"2025-11-07 12:55:00","VFR",31,3,320,10,NA,NA,1012.6,"METAR KWHP 072055Z 32010KT 10SM SKC 31/03 A2990",2025-11-07 21:23:48.13103,2025-11-07 16:23:48.131069
"KXNO","North/Aux Arfd, SC, US",2025-11-07 20:55:00,"2025-11-07 20:55:00","VFR",24.8,10.6,170,8,NA,NA,1011.6,"METAR KXNO 072055Z AUTO 17008KT 10SM CLR 25/11 A2987 RMK AO2 SLP116 T02480106 57023 $",2025-11-07 21:23:48.136857,2025-11-07 16:23:48.136899
"KVOK","Camp Douglas/Volk Fld, WI, US",2025-11-07 20:55:00,"2025-11-07 14:55:00","VFR",10,2.1,300,12,NA,NA,1000.8,"METAR KVOK 072055Z 30012KT 10SM OVC039 10/02 A2955 RMK AO2A SLP012 T01000021 53017",2025-11-07 21:23:48.142703,2025-11-07 16:23:48.142743
"KVKS","Vicksburg Arpt, MS, US",2025-11-07 20:55:00,"2025-11-07 14:55:00","VFR",26,18,210,11,17,NA,1007.9,"METAR KVKS 072055Z AUTO 21011G17KT 10SM CLR 26/18 A2976 RMK A01",2025-11-07 21:23:48.148607,2025-11-07 16:23:48.148645
"KVMR","Vermillion/Davidson Fld, SD, US",2025-11-07 20:55:00,"2025-11-07 20:55:00","VFR",13,3,340,17,24,NA,1009.2,"METAR KVMR 072055Z AUTO 34017G24KT 10SM FEW038 13/03 A2980 RMK AO2",2025-11-07 21:23:48.154531,2025-11-07 16:23:48.154571
"KXMR","Cape Kennedy AF Skid, FL, US",2025-11-07 20:55:00,"2025-11-07 20:55:00","VFR",26.8,21.1,160,7,NA,NA,1011.3,"METAR KXMR 072055Z AUTO 16007KT 10SM CLR 27/21 A2986 RMK AO2 SLP115 T02680211 56017 $",2025-11-07 21:23:48.160484,2025-11-07 16:23:48.160523
"KWLD","Winfield/Strother Fld, KS, US",2025-11-07 20:54:00,"2025-11-07 14:54:00","VFR",20.6,5,310,8,NA,NA,1010.9,"METAR KWLD 072054Z AUTO 31008KT 10SM CLR 21/05 A2985 RMK AO2 SLP105 T02060050 56015",2025-11-07 21:23:48.166423,2025-11-07 16:23:48.166462
"KVSF","Springfield/Hartness State Arpt, VT, US",2025-11-07 20:54:00,"2025-11-07 15:54:00","VFR",9.4,0,180,11,18,NA,1006.5,"METAR KVSF 072054Z AUTO 18011G18KT 140V210 10SM BKN120 09/00 A2972 RMK AO2 PK WND 16030/1955 SLP068 T00940000 58049",2025-11-07 21:23:48.184057,2025-11-07 16:23:48.184097
"KWAL","Wallops Island Facility Arpt, VA, US",2025-11-07 20:54:00,"2025-11-07 15:54:00","VFR",15,8.9,200,12,NA,NA,1012.3,"METAR KWAL 072054Z 20012KT 10SM CLR 15/09 A2989 RMK AO2 SLP120 T01500089 56031",2025-11-07 21:23:48.190167,2025-11-07 16:23:48.190224
"KWST","Westerly State Arpt, RI, US",2025-11-07 20:53:00,"2025-11-07 15:53:00","VFR",12.8,5.6,200,18,27,NA,1011.6,"METAR KWST 072053Z AUTO 20018G27KT 10SM SCT037 SCT046 13/06 A2987 RMK AO2 PK WND 19028/2033 SLP114 T01280056 58041",2025-11-07 21:23:48.196393,2025-11-07 16:23:48.196434
"KVEL","Vernal Rgnl, UT, US",2025-11-07 20:53:00,"2025-11-07 13:53:00","VFR",8.9,-6.7,0,0,NA,NA,1018,"METAR KVEL 072053Z AUTO 00000KT 10SM BKN110 09/M07 A3006 RMK AO2 SLP175 T00891067 56026",2025-11-07 21:23:48.20259,2025-11-07 16:23:48.202631
"KWRL","Worland Muni, WY, US",2025-11-07 20:53:00,"2025-11-07 13:53:00","VFR",8.9,-5.6,90,4,NA,NA,1009.2,"METAR KWRL 072053Z AUTO 09004KT 10SM CLR 09/M06 A2980 RMK AO2 SLP104 T00891056 56028",2025-11-07 21:23:48.208392,2025-11-07 16:23:48.208428
"KVUO","Vancouver/Pearson Fld, WA, US",2025-11-07 20:53:00,"2025-11-07 20:53:00","VFR",13.9,8.3,260,3,NA,NA,1024.1,"METAR KVUO 072053Z AUTO 26003KT 10SM SCT028 SCT035 OVC046 14/08 A3024 RMK AO2 SLP240 T01390083 50002",2025-11-07 21:23:48.214298,2025-11-07 16:23:48.214361
"KVIH","Vichy/Rolla Arpt, MO, US",2025-11-07 20:53:00,"2025-11-07 14:53:00","VFR",20.6,3.3,280,10,NA,NA,1007.9,"METAR KVIH 072053Z AUTO 28010KT 10SM CLR 21/03 A2976 RMK AO2 SLP068 T02060033 56006",2025-11-07 21:23:48.223517,2025-11-07 16:23:48.223554
"KYKM","Yakima/McAllister Fld, WA, US",2025-11-07 20:53:00,"2025-11-07 12:53:00","VFR",NA,NA,NA,5,NA,NA,1020.1,"METAR KYKM 072053Z AUTO VRB05KT 10SM FEW070 A3012 RMK AO2 SLPNO 6//// 50007 PWINO FZRANO $",2025-11-07 21:23:48.22944,2025-11-07 16:23:48.229475
"KVGT","Las Vegas/North Arpt, NV, US",2025-11-07 20:53:00,"2025-11-07 12:53:00","VFR",24.4,-1.7,110,4,NA,NA,1014.6,"METAR KVGT 072053Z 11004KT 10SM CLR 24/M02 A2996 RMK AO2 SLP147 T02441017 58028",2025-11-07 21:23:48.235309,2025-11-07 16:23:48.235345
"KYIP","Detroit/Willow Run Arpt, MI, US",2025-11-07 20:53:00,"2025-11-07 15:53:00","VFR",14.4,8.3,250,12,NA,NA,998.4,"METAR KYIP 072053Z 25012KT 10SM BKN032 14/08 A2948 RMK AO2 PK WND 25027/2028 SLP982 T01440083 53004",2025-11-07 21:23:48.241224,2025-11-07 16:23:48.241265
"KVLD","Valdosta Rgnl, GA, US",2025-11-07 20:53:00,"2025-11-07 15:53:00","VFR",26.7,12.2,NA,4,NA,NA,1012.3,"METAR KVLD 072053Z VRB04KT 10SM CLR 27/12 A2989 RMK AO2 SLP130 T02670122 56020",2025-11-07 21:23:48.247023,2025-11-07 16:23:48.247062
"KVRB","Vero Beach Muni, FL, US",2025-11-07 20:53:00,"2025-11-07 15:53:00","VFR",25.6,21.1,100,7,NA,NA,1013,"METAR KVRB 072053Z 10007KT 10SM FEW020 SCT050 26/21 A2991 RMK AO2 SLP127 60000 T02560211 56015",2025-11-07 21:23:48.252812,2025-11-07 16:23:48.25285
"KVTN","Valentine/Miller Fld, NE, US",2025-11-07 20:52:00,"2025-11-07 14:52:00","VFR",16.1,-4.4,320,9,17,NA,1009.2,"METAR KVTN 072052Z AUTO 32009G17KT 10SM CLR 16/M04 A2980 RMK AO2 SLP089 T01611044 56018",2025-11-07 21:23:48.258633,2025-11-07 16:23:48.258668
"KYNG","Youngstown-Warren Rgnl, OH, US",2025-11-07 20:51:00,"2025-11-07 15:51:00","MVFR",11.7,10.6,200,14,21,NA,1000.8,"METAR KYNG 072051Z 20014G21KT 10SM OVC010 12/11 A2955 RMK AO2 RAE02 SLP010 P0001 60026 T01170106 56015",2025-11-07 21:23:48.264457,2025-11-07 16:23:48.264495
"KVNY","Van Nuys Arpt, CA, US",2025-11-07 20:51:00,"2025-11-07 12:51:00","VFR",30.6,3.9,340,9,18,NA,1011.9,"METAR KVNY 072051Z 34009G18KT 300V360 10SM CLR 31/04 A2988 RMK AO2 SLP109 T03060039 58026",2025-11-07 21:23:48.270279,2025-11-07 16:23:48.270319
"KWDG","Enid/Woodring Arpt, OK, US",2025-11-07 20:45:00,"2025-11-07 14:45:00","VFR",23,2,300,12,NA,NA,1010.9,"METAR KWDG 072045Z 30012KT 10SM FEW150 23/02 A2985",2025-11-07 21:23:48.276069,2025-11-07 16:23:48.276106
"PABI","Ft Greely/Allen Fld, AK, US",2025-11-07 21:15:00,"2025-11-07 12:15:00","IFR",-8.9,-10,260,7,NA,4,1001.8,"SPECI PABI 072115Z 26007KT 4SM -SN BR OVC006 M09/M10 A2958 RMK AO2 P0000 T10891100 $",2025-11-07 21:23:49.519594,2025-11-07 16:23:49.519661
"PAFS","Nikolai Arpt, AK, US",2025-11-07 21:15:00,"2025-11-07 12:15:00","IFR",-6,-7,340,4,NA,1.75,1004.8,"SPECI PAFS 072115Z AUTO 34004KT 1 3/4SM -SN BR SCT020 BKN027 OVC033 M06/M07 A2967 RMK AO2 P0000 FZRANO",2025-11-07 21:23:49.526224,2025-11-07 16:23:49.526266
"PAAD","Point Thomson Arpt, AK, US",2025-11-07 21:15:00,"2025-11-07 21:15:00","MVFR",-14.6,-16.6,180,7,NA,NA,1008.5,"METAR PAAD 072115Z AUTO 18007KT 10SM OVC012 M15/M17 A2978 RMK AO2 T11461166 FZRANO",2025-11-07 21:23:49.532556,2025-11-07 16:23:49.532598
"PAEN","Kenai Muni, AK, US",2025-11-07 21:09:00,"2025-11-07 12:09:00","IFR",-0.6,-1.1,70,7,NA,3,997,"SPECI PAEN 072109Z 07007KT 3SM -SN BR BKN007 OVC014 M01/M01 A2944 RMK AO2 P0000 T10061011",2025-11-07 21:23:49.538792,2025-11-07 16:23:49.53883
"PAFE","Kake Arpt, AK, US",2025-11-07 21:09:00,"2025-11-07 21:09:00","VFR",7,6,170,4,NA,NA,1006.9,"SPECI PAFE 072109Z AUTO 17004KT 10SM -RA SCT029 OVC043 07/06 A2973 RMK AO2 P0000",2025-11-07 21:23:49.54464,2025-11-07 16:23:49.544676
"PAFR","Ft Richardson/Bryant AAF, AK, US",2025-11-07 21:06:00,"2025-11-07 12:06:00","VFR",-3,-5,40,7,NA,NA,997,"SPECI PAFR 072106Z AUTO 04007KT 10SM SCT010 BKN075 M03/M05 A2944 RMK AO2 FZDZB2055E2056 SLP975 $",2025-11-07 21:23:49.550408,2025-11-07 16:23:49.550449
"PAFB","Fairbanks/Ladd AAF, AK, US",2025-11-07 20:58:00,"2025-11-07 11:58:00","MVFR",-7.1,-8.6,0,0,NA,4,1002.8,"METAR PAFB 072058Z 00000KT 4SM FZDZ FEW005 SCT013 OVC030 M07/M09 A2961 RMK AO2A SLP039 P0000 60000 T10711086 52020 COR 2057",2025-11-07 21:23:49.556244,2025-11-07 16:23:49.556283
"PAEM","Emmonak Arpt, AK, US",2025-11-07 20:56:00,"2025-11-07 11:56:00","VFR",-5,-6.7,300,4,NA,NA,1011.9,"METAR PAEM 072056Z AUTO 30004KT 10SM CLR M05/M07 A2988 RMK AO2 SLP115 6//// T10501067 53007 FZRANO PNO $",2025-11-07 21:23:49.562159,2025-11-07 16:23:49.562214
"PADL","Dillingham Arpt, AK, US",2025-11-07 20:56:00,"2025-11-07 11:56:00","VFR",-1.7,-8.9,300,6,NA,NA,1008.5,"METAR PADL 072056Z 30006KT 10SM CLR M02/M09 A2978 RMK AO2 SLP088 T10171089 51020 $",2025-11-07 21:23:49.568064,2025-11-07 16:23:49.568104
"PAGM","Gambell Arpt, AK, US",2025-11-07 20:56:00,"2025-11-07 11:56:00","VFR",-2.8,-7.8,130,16,21,NA,1013,"METAR PAGM 072056Z AUTO 13016G21KT 10SM SCT036 BKN048 OVC060 M03/M08 A2991 RMK AO2 SNB1959E27 SLP134 P0000 60000 T10281078 51004 FZRANO",2025-11-07 21:23:49.573971,2025-11-07 16:23:49.574012
"PABL","Buckland Arpt, AK, US",2025-11-07 20:56:00,"2025-11-07 11:56:00","VFR",-17.2,-18.3,140,3,NA,NA,1009.6,"METAR PABL 072056Z AUTO 14003KT 10SM -SN CLR M17/M18 A2981 RMK AO2 SNB04E14B56 SLP096 P0000 60000 T11721183 53014 FZRANO",2025-11-07 21:23:49.579842,2025-11-07 16:23:49.579878
"PAHC","Holy Cross Arpt, AK, US",2025-11-07 20:56:00,"2025-11-07 11:56:00","VFR",-4.4,-7.2,260,6,NA,NA,1009.2,"METAR PAHC 072056Z AUTO 26006KT 10SM BKN036 M04/M07 A2980 RMK AO2 SLP095 60000 T10441072 53013 FZRANO",2025-11-07 21:23:49.585582,2025-11-07 16:23:49.585619
"PADG","Red Dog Arpt, AK, US",2025-11-07 20:56:00,"2025-11-07 11:56:00","MVFR",-7,-10,330,8,NA,NA,1006.9,"METAR PADG 072056Z 33008KT 10SM OVC023 M07/M10 A2973",2025-11-07 21:23:49.591448,2025-11-07 16:23:49.591485
"PACX","Coldfoot Arpt, AK, US",2025-11-07 20:56:00,"2025-11-07 11:56:00","VFR",-8.3,-12.2,40,6,NA,9,1004.1,"METAR PACX 072056Z AUTO 04006KT 9SM -SN OVC050 M08/M12 A2965 RMK AO2 SLP670 P0000 60000 T10831122 53010 FZRANO",2025-11-07 21:23:49.597259,2025-11-07 16:23:49.597298
"PAGA","Galena Arpt, AK, US",2025-11-07 20:56:00,"2025-11-07 11:56:00","MVFR",-8.3,-10,300,3,NA,NA,1007.5,"METAR PAGA 072056Z AUTO 30003KT 10SM BKN026 OVC060 M08/M10 A2975 RMK AO2 SLP080 T10831100 53011 FZRANO TSNO $",2025-11-07 21:23:49.603074,2025-11-07 16:23:49.603111
"PADK","Adak , AK, US",2025-11-07 20:56:00,"2025-11-07 10:56:00","VFR",3.3,-2.8,140,12,NA,NA,1019,"METAR PADK 072056Z AUTO 14012KT 10SM FEW037 SCT120 03/M03 A3009 RMK AO2 SLP190 T00331028 58014",2025-11-07 21:23:49.609092,2025-11-07 16:23:49.60913
"PADM","Marshall/Hunter Arpt, AK, US",2025-11-07 20:56:00,"2025-11-07 11:56:00","VFR",-7.8,-8.9,0,0,NA,NA,1012.6,"METAR PADM 072056Z AUTO 00000KT 10SM OVC033 M08/M09 A2990 RMK AO2 SLP132 T10781089 51012 FZRANO",2025-11-07 21:23:49.614956,2025-11-07 16:23:49.614996
"PADU","Dutch Harbor/Unalaska Arpt, AK, US",2025-11-07 20:56:00,"2025-11-07 11:56:00","MVFR",4.4,0,0,0,NA,NA,1018,"METAR PADU 072056Z 00000KT 10SM BKN030 04/00 A3006 RMK AO2 SLP179 6//// T00440000 51012 PNO $",2025-11-07 21:23:49.620852,2025-11-07 16:23:49.620888
"PAGS","Gustavus Arpt, AK, US",2025-11-07 20:56:00,"2025-11-07 11:56:00","MVFR",6.1,5,NA,3,NA,NA,1003.5,"METAR PAGS 072056Z AUTO VRB03KT 10SM -RA BKN022 OVC032 06/05 A2963 RMK AO2 SLP033 P0005 60006 T00610050 53036",2025-11-07 21:23:49.6269,2025-11-07 16:23:49.626938
"PAHL","Huslia Arpt, AK, US",2025-11-07 20:56:00,"2025-11-07 11:56:00","VFR",-8.9,-10,290,3,NA,NA,1006.9,"METAR PAHL 072056Z AUTO 29003KT 10SM OVC055 M09/M10 A2973 RMK AO2 SLP074 60000 T10891100 51013 FZRANO TSNO",2025-11-07 21:23:49.642932,2025-11-07 16:23:49.64297
"PAHP","Hooper Bay Arpt, AK, US",2025-11-07 20:56:00,"2025-11-07 11:56:00","VFR",-2.2,-7.2,310,7,NA,NA,1013.3,"METAR PAHP 072056Z AUTO 31007KT 10SM OVC034 M02/M07 A2992 RMK AO2 SLPNO T10221072 53008 FZRANO",2025-11-07 21:23:49.649222,2025-11-07 16:23:49.649262
"PAGL","Golovin Arpt, AK, US",2025-11-07 20:56:00,"2025-11-07 11:56:00","VFR",-6.7,-7.8,320,3,NA,NA,1010.9,"METAR PAGL 072056Z AUTO 32003KT 10SM CLR M07/M08 A2985 RMK AO2 SLP103 6//// T10671078 53011 FZRANO $",2025-11-07 21:23:49.655522,2025-11-07 16:23:49.655558
"PABA","Barter Island Arpt, AK, US",2025-11-07 20:56:00,"2025-11-07 11:56:00","VFR",-17.2,-18.9,220,8,NA,NA,1007.9,"METAR PABA 072056Z AUTO 22008KT 10SM CLR M17/M19 A2976 RMK AO2 SLP098 T11721189 53021 FZRANO TSNO",2025-11-07 21:23:49.661733,2025-11-07 16:23:49.661769
"PABV","Birchwood Arpt, AK, US",2025-11-07 20:56:00,"2025-11-07 20:56:00","VFR",0,-3.3,0,0,NA,NA,998.1,"METAR PABV 072056Z AUTO 00000KT 10SM FEW011 OVC085 00/M03 A2947 RMK AO2 SLP980 T00001033 51010 FZRANO $",2025-11-07 21:23:49.667458,2025-11-07 16:23:49.667497
"PAAK","Atka Arpt, AK, US",2025-11-07 20:56:00,"2025-11-07 10:56:00","VFR",3.3,-0.6,0,0,NA,NA,1021.8,"METAR PAAK 072056Z AUTO 00000KT 10SM BKN044 03/M01 A3017 RMK AO2 RAE10 SLP215 6//// T00331006 50001 TSNO PNO $",2025-11-07 21:23:49.673293,2025-11-07 16:23:49.67333
"PAGH","Shungnak Arpt, AK, US",2025-11-07 20:56:00,"2025-11-07 11:56:00","VFR",-13.9,-15,270,5,NA,NA,1008.2,"METAR PAGH 072056Z AUTO 27005KT 10SM CLR M14/M15 A2977 RMK AO2 SLP085 T11391150 53013 FZRANO",2025-11-07 21:23:49.679132,2025-11-07 16:23:49.679171
"PAEH","Cape Newenham Arpt, AK, US",2025-11-07 20:55:00,"2025-11-07 11:55:00","VFR",-2.4,-7.3,350,24,30,NA,1013.3,"METAR PAEH 072055Z AUTO 35024G30KT 270V060 10SM OVC031 M02/M07 A2992 RMK AO2 PK WND 26033/2002 SLP143 T10241073 53014 $",2025-11-07 21:23:49.685038,2025-11-07 16:23:49.685077
"PACZ","Cape Romanzof Arpt, AK, US",2025-11-07 20:55:00,"2025-11-07 11:55:00",NA,-3.6,-9.1,340,6,NA,NA,1011.9,"METAR PACZ 072055Z AUTO 34006KT BKN027 M04/M09 A2988 RMK AO2 SLP129 T10361091 52009 PWINO FZRANO $",2025-11-07 21:23:49.690961,2025-11-07 16:23:49.690998
"PAEI","Fairbanks/Eielson AFB, AK, US",2025-11-07 20:55:00,"2025-11-07 11:55:00","IFR",-7.8,-9.3,0,0,NA,2,1002.5,"METAR PAEI 072055Z 00000KT 2SM FZDZ OVC006 M08/M09 A2960 RMK AO2A SLP037 P0000 60000 T10781093 52023 $",2025-11-07 21:23:49.696815,2025-11-07 16:23:49.69685
"PAHN","Haines Arpt, AK, US",2025-11-07 20:54:00,"2025-11-07 11:54:00","MVFR",6.7,3.9,80,10,23,8,1002.1,"METAR PAHN 072054Z AUTO 08010G23KT 8SM -RA BKN015 OVC034 07/04 A2959 RMK AO2 SLP021 P0001 60012 T00670039 51020 TSNO $",2025-11-07 21:23:49.702627,2025-11-07 16:23:49.702663
"PADQ","Kodiak Arpt, AK, US",2025-11-07 20:53:00,"2025-11-07 11:53:00","VFR",1.1,-8.9,300,11,18,NA,998.1,"METAR PADQ 072053Z 30011G18KT 10SM OVC044 01/M09 A2947 RMK AO2 SLP980 T00111089 51015 $",2025-11-07 21:23:49.708495,2025-11-07 16:23:49.708534
"PAHO","Homer Arpt, AK, US",2025-11-07 20:53:00,"2025-11-07 11:53:00","VFR",0,-3.3,50,3,NA,NA,996.4,"METAR PAHO 072053Z 05003KT 10SM FEW019 OVC050 00/M03 A2942 RMK AO2 SNB1955E09 SLP963 P0000 60000 T00001033 51017",2025-11-07 21:23:49.71433,2025-11-07 16:23:49.714367
"PAFA","Fairbanks Intl, AK, US",2025-11-07 20:53:00,"2025-11-07 11:53:00","VFR",-7.8,-8.9,210,4,NA,6,1002.8,"METAR PAFA 072053Z 21004KT 6SM -SN BR FEW007 SCT014 OVC032 M08/M09 A2961 RMK AO2 SLP039 P0000 60000 T10781089 53020",2025-11-07 21:23:49.720107,2025-11-07 16:23:49.720145
"PABT","Bettles Arpt, AK, US",2025-11-07 20:53:00,"2025-11-07 11:53:00","MVFR",-10.6,-13.3,330,6,NA,5,1005.2,"METAR PABT 072053Z COR 33006KT 5SM -SN BR BKN048 OVC060 M11/M13 A2968 RMK AO2 SLP069 60000 T11061133 53012",2025-11-07 21:23:49.725932,2025-11-07 16:23:49.725968
"PABE","Bethel Arpt, AK, US",2025-11-07 20:53:00,"2025-11-07 11:53:00","MVFR",-4,-6,280,8,NA,NA,1011.9,"METAR PABE 072053Z 28008KT 10SM OVC030 M04/M06 A2988",2025-11-07 21:23:49.731776,2025-11-07 16:23:49.731813
"PADE","Deering Arpt, AK, US",2025-11-07 20:53:00,"2025-11-07 11:53:00","MVFR",-2.8,-7.2,310,9,NA,NA,1008.5,"METAR PADE 072053Z AUTO 31009KT 10SM OVC024 M03/M07 A2978 RMK AO2 SLP083 T10281072 51012 TSNO",2025-11-07 21:23:49.737629,2025-11-07 16:23:49.737665
"PABR","Utqiaġvik, AK, US",2025-11-07 20:53:00,"2025-11-07 11:53:00","VFR",-6.1,-9.4,280,3,NA,NA,1003.8,"METAR PABR 072053Z 28003KT 10SM SCT016 OVC035 M06/M09 A2964 RMK AO2 CIG 016 NE SLP038 60000 T10611094 53010 $",2025-11-07 21:23:49.743633,2025-11-07 16:23:49.743673
"PAEG","Eagle Arpt, AK, US",2025-11-07 20:53:00,"2025-11-07 11:53:00","VFR",-5.6,-7.8,0,0,NA,NA,1000.4,"METAR PAEG 072053Z AUTO 00000KT 10SM OVC043 M06/M08 A2954 RMK AO2 SLP019 T10561078 52010 TSNO $",2025-11-07 21:23:49.749593,2025-11-07 16:23:49.749633
"PAAQ","Palmer Muni, AK, US",2025-11-07 20:53:00,"2025-11-07 11:53:00","MVFR",-2.8,-3.9,120,4,NA,NA,997,"METAR PAAQ 072053Z 12004KT 10SM OVC016 M03/M04 A2944 RMK AO2 SLP973 T10281039 51021 $",2025-11-07 21:23:49.765725,2025-11-07 16:23:49.765763
"PAGY","Skagway Arpt, AK, US",2025-11-07 20:53:00,"2025-11-07 11:53:00","VFR",5.6,5,0,0,NA,8,1002.8,"METAR PAGY 072053Z AUTO 00000KT 8SM -RA OVC039 06/05 A2961 RMK AO2 SLP028 P0001 60002 T00560050 53021 TSNO",2025-11-07 21:23:49.771968,2025-11-07 16:23:49.772005
"PACD","Cold Bay Arpt, AK, US",2025-11-07 20:53:00,"2025-11-07 11:53:00","VFR",1.7,-1.7,250,6,NA,NA,1015.7,"METAR PACD 072053Z 25006KT 10SM OVC050 02/M02 A2999 RMK AO2 SLP158 T00171017 51010",2025-11-07 21:23:49.778192,2025-11-07 16:23:49.778233
"PACV","Cordova/Smith Arpt, AK, US",2025-11-07 20:53:00,"2025-11-07 11:53:00","VFR",3.9,2.8,100,4,NA,7,996.7,"METAR PACV 072053Z 10004KT 7SM FEW016 BKN031 OVC040 04/03 A2943 RMK AO2 DZE42 SLP967 P0000 60001 T00390028 51024",2025-11-07 21:23:49.784199,2025-11-07 16:23:49.784239
"PAED","Anchorage/Elmendorf AFB, AK, US",2025-11-07 20:27:00,"2025-11-07 11:27:00","IFR",-2,-4,20,5,NA,6,996,"SPECI PAED 072027Z 02005KT 6SM -SN BKN007 OVC015 M02/M04 A2941 RMK AO2A SNB27 SLP958 $",2025-11-07 21:23:49.78987,2025-11-07 16:23:49.789904
"PAPB","St George Arpt, AK, US",2025-11-07 21:21:00,"2025-11-07 12:21:00","MVFR",3.3,2.8,0,0,NA,5,1015,"SPECI PAPB 072121Z AUTO 00000KT 5SM -RA BR FEW015 OVC024 03/03 A2997 RMK AO2 RAB07 P0000 T00330028 TSNO $",2025-11-07 21:23:51.225286,2025-11-07 16:23:51.225325
"PAQT","Nuiqsut Arpt, AK, US",2025-11-07 21:20:00,"2025-11-07 12:20:00","IFR",-5.6,-8.3,210,9,NA,7,1006.9,"SPECI PAQT 072120Z AUTO 21009KT 7SM BKN007 OVC018 M06/M08 A2973 RMK AO2 T10561083 TSNO $",2025-11-07 21:23:51.231339,2025-11-07 16:23:51.231379
"PASO","Seldovia Arpt, AK, US",2025-11-07 21:18:00,"2025-11-07 12:18:00","MVFR",1.1,-1.1,340,3,NA,9,996.4,"SPECI PASO 072118Z AUTO 34003KT 9SM BKN021 BKN046 OVC055 01/M01 A2942 RMK AO2 SNB02E14 P0000 T00111011 TSNO $",2025-11-07 21:23:51.237199,2025-11-07 16:23:51.237239
"PATQ","Atqasuk/Burnell Mem, AK, US",2025-11-07 21:18:00,"2025-11-07 12:18:00","LIFR",-16,-17,230,7,NA,0.25,1005.2,"SPECI PATQ 072118Z AUTO 23007KT 1/4SM -SN FZFG OVC002 M16/M17 A2968 RMK AO2 P0000 FZRANO TSNO",2025-11-07 21:23:51.243003,2025-11-07 16:23:51.24304
"PFKO","Kotlik Arpt, AK, US",2025-11-07 21:15:00,"2025-11-07 12:15:00","VFR",-3,-4,290,3,NA,9,1011.3,"SPECI PFKO 072115Z AUTO 29003KT 9SM OVC031 M03/M04 A2986 RMK AO2 SNE14 P0000 FZRANO $",2025-11-07 21:23:51.248867,2025-11-07 16:23:51.248904
"PALU","Cape Lisburne Arpt, AK, US",2025-11-07 21:15:00,"2025-11-07 12:15:00","MVFR",-2,-3,320,10,NA,5,1010.2,"SPECI PALU 072115Z AUTO 32010KT 5SM -SN OVC013 M02/M03 A2983 RMK AO2 SLP101",2025-11-07 21:23:51.254833,2025-11-07 16:23:51.254869
"PAIM","Indian Mtn Arpt, AK, US",2025-11-07 21:11:00,"2025-11-07 12:11:00","IFR",-9,-9,0,0,NA,2.5,1003.5,"SPECI PAIM 072111Z AUTO 00000KT 2 1/2SM -SN OVC035 M09/M09 A2963 RMK AO2 SLP067",2025-11-07 21:23:51.260711,2025-11-07 16:23:51.260746
"PAOU","Nelson Lagoon Arpt, AK, US",2025-11-07 21:08:00,"2025-11-07 12:08:00","VFR",2,-1,300,13,NA,NA,1015,"SPECI PAOU 072108Z AUTO 30013KT 10SM FEW013 SCT020 02/M01 A2997 RMK AO2 FZRANO",2025-11-07 21:23:51.266703,2025-11-07 16:23:51.266742
"PATA","Tanana/Calhoun Mem, AK, US",2025-11-07 21:05:00,"2025-11-07 12:05:00","LIFR",-6.7,-8.3,130,4,NA,0.75,1004.5,"SPECI PATA 072105Z 13004KT 3/4SM -SN BR VV020 M07/M08 A2966 RMK AO2 T10671083",2025-11-07 21:23:51.272607,2025-11-07 16:23:51.272647
"PASY","Shemya/Eareckson Arpt, AK, US",2025-11-07 21:05:00,"2025-11-07 11:05:00","IFR",4,3,120,40,52,3,993.3,"SPECI PASY 072105Z AUTO 12040G52KT 3SM -PL BR BKN009 OVC023 04/03 A2933 RMK AO2 CIG 008V010 SLP936 FZRANO $",2025-11-07 21:23:51.289099,2025-11-07 16:23:51.28914
"PAHX","Shageluk Arpt, AK, US",2025-11-07 21:02:00,"2025-11-07 12:02:00","VFR",-8.3,-8.9,0,0,NA,NA,1009.2,"METAR PAHX 072102Z AUTO 00000KT 10SM BKN050 M08/M09 A2980 RMK AO2 SLP093 60000 T10831089 53010 FZRANO",2025-11-07 21:23:51.295416,2025-11-07 16:23:51.295456
"PASN","St Paul Island Arpt, AK, US",2025-11-07 21:00:00,"2025-11-07 12:00:00",NA,3.3,1.1,80,4,NA,NA,1014.6,"SPECI PASN 072100Z AUTO 08004KT FEW010 FEW022 03/01 A2996 RMK AO2 T00330011 TSNO $",2025-11-07 21:23:51.301625,2025-11-07 16:23:51.301661
"PANN","Nenana Muni, AK, US",2025-11-07 21:00:00,"2025-11-07 12:00:00","VFR",-7.8,-9.4,0,0,NA,9,1002.8,"SPECI PANN 072100Z AUTO 00000KT 9SM -SN FEW026 OVC044 M08/M09 A2961 RMK AO2 P0000 T10781094 TSNO $",2025-11-07 21:23:51.307597,2025-11-07 16:23:51.307631
"PAOO","Tooksok Bay Arpt, AK, US",2025-11-07 20:56:00,"2025-11-07 11:56:00","VFR",-2.2,-6.1,230,4,NA,NA,1014.6,"METAR PAOO 072056Z AUTO 23004KT 10SM OVC033 M02/M06 A2996 RMK AO2 SLP150 T10221061 53010 FZRANO TSNO $",2025-11-07 21:23:51.31337,2025-11-07 16:23:51.313406
"PFYU","Fort Yukon Arpt, AK, US",2025-11-07 20:56:00,"2025-11-07 11:56:00","MVFR",-6.7,-7.8,360,3,NA,3,1003.1,"METAR PFYU 072056Z 36003KT 3SM -SN BR FEW016 BKN032 OVC050 M07/M08 A2962 RMK AO2 SLP046 P0000 60000 T10671078 53008 $",2025-11-07 21:23:51.319162,2025-11-07 16:23:51.319214
"PAPO","Point Hope Arpt, AK, US",2025-11-07 20:56:00,"2025-11-07 11:56:00","MVFR",-3.9,-6.1,330,13,NA,NA,1010.6,"METAR PAPO 072056Z AUTO 33013KT 10SM SCT017 OVC026 M04/M06 A2984 RMK AO2 SLP105 T10391061 53008 FZRANO",2025-11-07 21:23:51.325071,2025-11-07 16:23:51.325108
"PASM","St Marys Arpt, AK, US",2025-11-07 20:56:00,"2025-11-07 11:56:00","MVFR",-5,-5,290,5,NA,NA,1011.9,"METAR PASM 072056Z AUTO 29005KT 10SM OVC025 M05/M05 A2988 RMK AO2 SLP131 T10501050 51012 FZRANO",2025-11-07 21:23:51.330998,2025-11-07 16:23:51.331039
"PAWG","Wrangell Arpt, AK, US",2025-11-07 20:56:00,"2025-11-07 11:56:00","MVFR",7.8,5.6,0,0,NA,NA,1007.9,"METAR PAWG 072056Z 00000KT 10SM -RA SCT012 BKN028 OVC036 08/06 A2976 RMK AO2 SLP078 P0008 60010 T00780056 51027 $",2025-11-07 21:23:51.3369,2025-11-07 16:23:51.336938
"PFCL","Clarks Point Arpt, AK, US",2025-11-07 20:56:00,"2025-11-07 11:56:00","VFR",-1.7,-8.3,NA,NA,NA,NA,1008.9,"METAR PFCL 072056Z AUTO 10SM CLR M02/M08 A2979 RMK AO2 SLP082 T10171083 51018 FZRANO $",2025-11-07 21:23:51.342816,2025-11-07 16:23:51.342856
"PAIG","Igiugig Arpt, AK, US",2025-11-07 20:56:00,"2025-11-07 11:56:00","VFR",-3.9,-8.3,300,14,19,NA,1006.5,"METAR PAIG 072056Z AUTO 30014G19KT 10SM OVC038 M04/M08 A2972 RMK AO2 SLP073 T10391083 51019 FZRANO",2025-11-07 21:23:51.348628,2025-11-07 16:23:51.348664
"PAMH","Minchumina Arpt, AK, US",2025-11-07 20:56:00,"2025-11-07 11:56:00","VFR",-6.7,-8.3,0,0,NA,6,1003.1,"METAR PAMH 072056Z AUTO 00000KT 6SM -SN BR SCT041 OVC060 M07/M08 A2962 RMK AO2 SLP880 P0001 60005 T10671083 53017 FZRANO $",2025-11-07 21:23:51.35441,2025-11-07 16:23:51.354447
"PAKK","Koyuk Arpt, AK, US",2025-11-07 20:56:00,"2025-11-07 11:56:00","MVFR",-7.8,-8.9,0,0,NA,9,1007.9,"METAR PAKK 072056Z AUTO 00000KT 9SM -SN OVC024 M08/M09 A2976 RMK AO2 SLP087 P0000 60000 T10781089 53014 FZRANO $",2025-11-07 21:23:51.360252,2025-11-07 16:23:51.360291
"PAPN","Pilot Point Arpt, AK, US",2025-11-07 20:56:00,"2025-11-07 11:56:00","MVFR",-0.6,-5.6,340,13,NA,NA,1008.5,"METAR PAPN 072056Z AUTO 34013KT 10SM OVC029 M01/M06 A2978 RMK AO2 SLP085 T10061056 51015 FZRANO",2025-11-07 21:23:51.366048,2025-11-07 16:23:51.366086
"PASL","Sleetmute Arpt, AK, US",2025-11-07 20:56:00,"2025-11-07 11:56:00","VFR",-5,-8.3,NA,5,NA,NA,1008.2,"METAR PASL 072056Z AUTO VRB05KT 10SM OVC035 M05/M08 A2977 RMK AO2 SNE01B17E41 SLP074 P0000 60000 T10501083 53017 FZRANO",2025-11-07 21:23:51.371886,2025-11-07 16:23:51.371924
"PFTO","Tok Junction Arpt, AK, US",2025-11-07 20:56:00,"2025-11-07 11:56:00","IFR",-7.2,-8.3,0,0,NA,NA,998.7,"METAR PFTO 072056Z AUTO 00000KT 10SM BKN006 OVC013 M07/M08 A2949 RMK AO2 SLP503 T10721083 53006 FZRANO",2025-11-07 21:23:51.377731,2025-11-07 16:23:51.377768
"PANA","Napakiak Arpt, AK, US",2025-11-07 20:56:00,"2025-11-07 11:56:00","MVFR",-3.3,-5,300,6,NA,NA,1012.6,"METAR PANA 072056Z AUTO 30006KT 10SM OVC030 M03/M05 A2990 RMK AO2 SNB16E27 SLP124 P0000 60000 T10331050 51012 FZRANO TSNO",2025-11-07 21:23:51.383629,2025-11-07 16:23:51.383669
"PANI","Aniak Arpt, AK, US",2025-11-07 20:56:00,"2025-11-07 11:56:00","VFR",-4.4,-6.7,290,10,NA,NA,1009.2,"METAR PANI 072056Z AUTO 29010KT 10SM OVC040 M04/M07 A2980 RMK AO2 SLP094 60000 T10441067 53014 FZRANO $",2025-11-07 21:23:51.389553,2025-11-07 16:23:51.389591
"PAPG","Petersburg Arpt, AK, US",2025-11-07 20:56:00,"2025-11-07 11:56:00","MVFR",6.7,6.7,NA,4,NA,8,1006.9,"METAR PAPG 072056Z VRB04KT 8SM RA BKN018 OVC024 07/07 A2973 RMK AO2 SLP071 P0010 60015 T00670067 53033",2025-11-07 21:23:51.405022,2025-11-07 16:23:51.405083
"PAPM","Platinum Arpt, AK, US",2025-11-07 20:56:00,"2025-11-07 11:56:00","VFR",-2.2,-6.1,340,15,NA,NA,1013.3,"METAR PAPM 072056Z AUTO 34015KT 10SM OVC033 M02/M06 A2992 RMK AO2 SLP134 T10221061 53010 FZRANO TSNO",2025-11-07 21:23:51.411927,2025-11-07 16:23:51.411964
"PARS","Russian Mission Arpt, AK, US",2025-11-07 20:56:00,"2025-11-07 11:56:00","VFR",-3.3,-6.1,290,8,NA,NA,1010.9,"METAR PARS 072056Z AUTO 29008KT 10SM FEW022 M03/M06 A2985 RMK AO2 SLP110 T10331061 53015 FZRANO $",2025-11-07 21:23:51.418261,2025-11-07 16:23:51.418304
"PARY","Ruby Arpt, AK, US",2025-11-07 20:56:00,"2025-11-07 11:56:00","VFR",-7.8,-10,250,5,NA,9,1004.8,"METAR PARY 072056Z AUTO 25005KT 9SM -SN OVC047 M08/M10 A2967 RMK AO2 SNB37 SLP062 P0000 60000 T10781100 51018 FZRANO TSNO",2025-11-07 21:23:51.424454,2025-11-07 16:23:51.424492
"PASD","Sand Point Arpt, AK, US",2025-11-07 20:56:00,"2025-11-07 11:56:00","VFR",1.7,-0.9,320,17,NA,NA,NA,"METAR PASD 072056Z 32017KT 10SM FEW022 SCT035 SCT055 02/M01 RMK AO2 SLPNO 6//// T00171009 $",2025-11-07 21:23:51.430382,2025-11-07 16:23:51.430418
"PAVD","Valdez Arpt, AK, US",2025-11-07 20:56:00,"2025-11-07 11:56:00","MVFR",3.3,-0.6,130,3,NA,NA,998.7,"METAR PAVD 072056Z 13003KT 10SM -RASN FEW020 BKN026 OVC080 03/M01 A2949 RMK AO2 RAB51SNB51 SLP983 P0000 60000 T00331006 53025 $",2025-11-07 21:23:51.43612,2025-11-07 16:23:51.436155
"PAPE","Perryville Arpt, AK, US",2025-11-07 20:56:00,"2025-11-07 11:56:00","VFR",2.8,-8.3,310,11,18,9,1007.5,"METAR PAPE 072056Z AUTO 31011G18KT 280V360 9SM FEW049 03/M08 A2975 RMK AO2 SLP073 60000 T00281083 53135",2025-11-07 21:23:51.441973,2025-11-07 16:23:51.442011
"PAJC","Chignik Arpt, AK, US",2025-11-07 20:56:00,"2025-11-07 20:56:00","VFR",1.1,-6.7,270,12,18,NA,1010.9,"METAR PAJC 072056Z AUTO 27012G18KT 230V300 10SM -RA FEW038 OVC046 01/M07 A2985 RMK AO2 PK WND 26026/2025 SLPNO P0000 6//// T00111067 FZRANO",2025-11-07 21:23:51.447862,2025-11-07 16:23:51.447898
"PAII","Egegik Arpt, AK, US",2025-11-07 20:56:00,"2025-11-07 11:56:00","VFR",-2.2,-7.8,NA,6,NA,NA,1009.6,"METAR PAII 072056Z AUTO VRB06KT 10SM CLR M02/M08 A2981 RMK AO2 PRESRR SLP094 T10221078 53067 FZRANO",2025-11-07 21:23:51.453811,2025-11-07 16:23:51.453849
"PAIK","Kiana/Baker Mem Arpt, AK, US",2025-11-07 20:56:00,"2025-11-07 11:56:00","VFR",-15.6,-17.2,330,3,NA,NA,1009.6,"METAR PAIK 072056Z AUTO 33003KT 10SM CLR M16/M17 A2981 RMK AO2 SLP095 60000 T11561172 53014 FZRANO",2025-11-07 21:23:51.45974,2025-11-07 16:23:51.459778
"PAIN","McKinley Park Arpt, AK, US",2025-11-07 20:56:00,"2025-11-07 11:56:00",NA,-8.3,-11.1,20,5,NA,NA,1000.4,"METAR PAIN 072056Z AUTO 02005KT 10SM M08/M11 A2954 RMK AO2 SLP041 60000 T10831111 51022 FZRANO TSNO $",2025-11-07 21:23:51.465656,2025-11-07 16:23:51.465692
"PAIW","Wales Arpt, AK, US",2025-11-07 20:56:00,"2025-11-07 11:56:00","VFR",-2.8,-5.6,330,8,NA,NA,1012.6,"METAR PAIW 072056Z AUTO 33008KT 10SM FEW025 OVC041 M03/M06 A2990 RMK AO2 UPB00E06SNE00B06E40 SLP124 P0000 60000 T10281056 53006 FZRANO",2025-11-07 21:23:51.47146,2025-11-07 16:23:51.471495
"PAQH","Quinhagak Arpt, AK, US",2025-11-07 20:56:00,"2025-11-07 11:56:00","VFR",-3.3,-5.6,310,10,NA,NA,1013.3,"METAR PAQH 072056Z AUTO 31010KT 10SM OVC032 M03/M06 A2992 RMK AO2 SNE22 SLP134 P0000 60000 T10331056 51010 FZRANO",2025-11-07 21:23:51.477285,2025-11-07 16:23:51.477324
"PARC","Arctic Village Arpt, AK, US",2025-11-07 20:56:00,"2025-11-07 11:56:00","VFR",-10,-12.2,30,4,NA,NA,1001.1,"METAR PARC 072056Z AUTO 03004KT 10SM OVC036 M10/M12 A2956 RMK AO2 SLP077 T11001122 51011 FZRANO TSNO",2025-11-07 21:23:51.483118,2025-11-07 16:23:51.483155
"PASK","Selawik Arpt, AK, US",2025-11-07 20:56:00,"2025-11-07 11:56:00","VFR",-16.7,-18.3,0,0,NA,NA,1009.6,"METAR PASK 072056Z AUTO 00000KT 10SM CLR M17/M18 A2981 RMK AO2 SLP091 60000 T11671183 53014 FZRANO",2025-11-07 21:23:51.48895,2025-11-07 16:23:51.488987
"PASX","Soldotna Arpt, AK, US",2025-11-07 20:56:00,"2025-11-07 11:56:00","IFR",-1.1,-2.2,0,0,NA,5,997,"METAR PASX 072056Z AUTO 00000KT 5SM BR OVC008 M01/M02 A2944 RMK AO2 UPE23 SLP975 P0001 60006 T10111022 53009 FZRANO TSNO",2025-11-07 21:23:51.494717,2025-11-07 16:23:51.494756
"PATG","Togiak Arpt, AK, US",2025-11-07 20:56:00,"2025-11-07 11:56:00","VFR",-2.8,-7.2,320,17,21,NA,1008.9,"METAR PATG 072056Z AUTO 32017G21KT 10SM CLR M03/M07 A2979 RMK AO2 SLP090 T10281072 53147 FZRANO",2025-11-07 21:23:51.500572,2025-11-07 16:23:51.500609
"PAVA","Chevak Arpt, AK, US",2025-11-07 20:56:00,"2025-11-07 11:56:00","VFR",-2.8,-6.7,270,5,NA,NA,1014.3,"METAR PAVA 072056Z AUTO 27005KT 10SM OVC033 M03/M07 A2995 RMK AO2 SLP142 T10281067 53009 FZRANO",2025-11-07 21:23:51.506512,2025-11-07 16:23:51.506551
"PAVC","King Cove Arpt, AK, US",2025-11-07 20:56:00,"2025-11-07 11:56:00",NA,3.3,-4.4,310,7,NA,NA,1016.3,"METAR PAVC 072056Z AUTO 31007KT OVC047 03/M04 A3001 RMK AO2 SLP163 T00331044 51013 PWINO $",2025-11-07 21:23:51.512372,2025-11-07 16:23:51.512408
"PAWM","White Mouintain Arpt, AK, US",2025-11-07 20:56:00,"2025-11-07 11:56:00","VFR",-6.1,-7.2,340,7,NA,7,1009.9,"METAR PAWM 072056Z AUTO 34007KT 7SM FEW022 M06/M07 A2982 RMK AO2 SLP104 T10611072 53012 FZRANO",2025-11-07 21:23:51.528405,2025-11-07 16:23:51.528446
"PAWS","Wasilla Arpt, AK, US",2025-11-07 20:56:00,"2025-11-07 11:56:00","VFR",-2.2,-2.8,0,0,NA,NA,997.7,"METAR PAWS 072056Z AUTO 00000KT 10SM CLR M02/M03 A2946 RMK AO2 SLP950 T10221028 53012 FZRANO",2025-11-07 21:23:51.534703,2025-11-07 16:23:51.534741
"PFEL","Elim Arpt, AK, US",2025-11-07 20:56:00,"2025-11-07 11:56:00","VFR",-6.1,-8.3,290,7,NA,NA,1008.9,"METAR PFEL 072056Z AUTO 29007KT 10SM FEW034 M06/M08 A2979 RMK AO2 SLP092 T10611083 50011 FZRANO TSNO",2025-11-07 21:23:51.541021,2025-11-07 16:23:51.541061
"PFKT","Brevig Mission Arpt, AK, US",2025-11-07 20:56:00,"2025-11-07 11:56:00","VFR",-5.6,-7.8,280,3,NA,NA,1012.3,"METAR PFKT 072056Z AUTO 28003KT 10SM CLR M06/M08 A2989 RMK AO2 SLP121 T10561078 53011 FZRANO",2025-11-07 21:23:51.547205,2025-11-07 16:23:51.547243
"PALG","Kalskag Arpt, AK, US",2025-11-07 20:56:00,"2025-11-07 11:56:00","VFR",-5,-6.7,250,3,NA,NA,1010.6,"METAR PALG 072056Z AUTO 25003KT 10SM OVC035 M05/M07 A2984 RMK AO2 SLP107 T10501067 53012 FZRANO",2025-11-07 21:23:51.552927,2025-11-07 16:23:51.552963
"PANU","Nulato Arpt, AK, US",2025-11-07 20:56:00,"2025-11-07 11:56:00","VFR",-7.8,-11.1,340,6,NA,NA,1007.9,"METAR PANU 072056Z AUTO 34006KT 10SM FEW036 OVC055 M08/M11 A2976 RMK AO2 SLP989 T10781111 51017 FZRANO",2025-11-07 21:23:51.558721,2025-11-07 16:23:51.558762
"PAOH","Hoonah, AK, US",2025-11-07 20:56:00,"2025-11-07 11:56:00","VFR",6.7,6.7,310,3,NA,NA,1003.8,"METAR PAOH 072056Z AUTO 31003KT 10SM -RA SCT042 OVC050 07/07 A2964 RMK AO2 SLP037 P0001 60003 T00670067 53023",2025-11-07 21:23:51.564585,2025-11-07 16:23:51.564622
"PFWS","South Naknek Arpt, AK, US",2025-11-07 20:56:00,"2025-11-07 11:56:00","VFR",-3.3,-8.9,340,14,NA,NA,1008.5,"METAR PFWS 072056Z AUTO 34014KT 10SM CLR M03/M09 A2978 RMK AO2 SLP088 T10331089 51018 FZRANO",2025-11-07 21:23:51.570509,2025-11-07 16:23:51.570549
"PAHY","Hydaburg, AK, US",2025-11-07 20:56:00,"2025-11-07 11:56:00","MVFR",7.2,5.6,0,0,NA,NA,1010.2,"METAR PAHY 072056Z AUTO 00000KT 10SM FEW021 BKN026 OVC033 07/06 A2983 RMK AO2 RAE52 SLP098 P0001 60009 T00720056 51046 $",2025-11-07 21:23:51.576452,2025-11-07 16:23:51.576489
"PASA","Savoonga Arpt, AK, US",2025-11-07 20:56:00,"2025-11-07 11:56:00","VFR",-8.3,-11.7,150,10,NA,NA,1013.6,"METAR PASA 072056Z AUTO 15010KT 10SM FEW039 M08/M12 A2993 RMK AO2 SLP135 T10831117 53006 FZRANO $",2025-11-07 21:23:51.582414,2025-11-07 16:23:51.582454
"PATE","Teller Arpt, AK, US",2025-11-07 20:56:00,"2025-11-07 11:56:00","VFR",-8.3,-8.9,0,0,NA,NA,1011.3,"METAR PATE 072056Z AUTO 00000KT 10SM CLR M08/M09 A2986 RMK AO2 SLP119 T10831089 53010 FZRANO",2025-11-07 21:23:51.588233,2025-11-07 16:23:51.588271
"PAMY","Mekoryuk Arpt, AK, US",2025-11-07 20:56:00,"2025-11-07 11:56:00","VFR",-0.6,-6.1,330,5,NA,NA,1014,"METAR PAMY 072056Z AUTO 33005KT 10SM BKN034 M01/M06 A2994 RMK AO2 SLP138 T10061061 51007 FZRANO",2025-11-07 21:23:51.593998,2025-11-07 16:23:51.594037
"PAUN","Unalakleet Arpt, AK, US",2025-11-07 20:56:00,"2025-11-07 11:56:00","MVFR",-3.9,-5.6,360,6,NA,NA,1009.9,"METAR PAUN 072056Z AUTO 36006KT 10SM BKN026 M04/M06 A2982 RMK AO2 SNE09 SLP102 P0000 60000 T10391056 53015 FZRANO",2025-11-07 21:23:51.599844,2025-11-07 16:23:51.599881
"PAPH","Port Heiden Arpt, AK, US",2025-11-07 20:56:00,"2025-11-07 11:56:00","MVFR",0,-3.9,310,20,24,NA,1010.9,"METAR PAPH 072056Z AUTO 31020G24KT 10SM OVC029 00/M04 A2985 RMK AO2 PK WND 31026/2015 UPB05E17 SLP110 P0000 60000 T00001039 53013 FZRANO",2025-11-07 21:23:51.605684,2025-11-07 16:23:51.605721
"PANV","Anvik Arpt, AK, US",2025-11-07 20:56:00,"2025-11-07 11:56:00","MVFR",-6.1,-7.2,250,5,NA,3,1008.2,"METAR PANV 072056Z AUTO 25005KT 3SM -SN BR FEW014 SCT024 OVC029 M06/M07 A2977 RMK AO2 SNE15B35 SLP192 P0000 60000 T10611072 53006 FZRANO TSNO",2025-11-07 21:23:51.611532,2025-11-07 16:23:51.611567
"PFKW","Kwethluk Arpt, AK, US",2025-11-07 20:56:00,"2025-11-07 11:56:00","VFR",-3.9,-7.2,290,7,NA,7,1012.3,"METAR PFKW 072056Z AUTO 29007KT 7SM OVC031 M04/M07 A2989 RMK AO2 SLP121 60000 T10391072 52013 FZRANO $",2025-11-07 21:23:51.617397,2025-11-07 16:23:51.617434
"PFNO","Noorvik/Curtis Mem, AK, US",2025-11-07 20:56:00,"2025-11-07 11:56:00","VFR",-14.4,-16.1,30,4,NA,8,1009.2,"METAR PFNO 072056Z AUTO 03004KT 8SM CLR M14/M16 A2980 RMK AO2 SLP091 T11441161 53013 FZRANO $",2025-11-07 21:23:51.623248,2025-11-07 16:23:51.623288
"PFSH","Shaktoolik Arpt, AK, US",2025-11-07 20:56:00,"2025-11-07 11:56:00","MVFR",-5,-6.1,340,5,NA,NA,1009.9,"METAR PFSH 072056Z AUTO 34005KT 10SM OVC026 M05/M06 A2982 RMK AO2 UPB20E23SNE20 SLP099 P0000 60000 T10501061 53016 FZRANO $",2025-11-07 21:23:51.629226,2025-11-07 16:23:51.629267
"PAMO","Mountain Village Arpt, AK, US",2025-11-07 20:56:00,"2025-11-07 11:56:00","MVFR",-3.9,-5,290,8,NA,NA,1011.6,"METAR PAMO 072056Z AUTO 29008KT 10SM OVC021 M04/M05 A2987 RMK AO2 SLP124 T10391050 51010 FZRANO",2025-11-07 21:23:51.635166,2025-11-07 16:23:51.635224
"PAKF","False Pass Arpt, AK, US",2025-11-07 20:56:00,"2025-11-07 11:56:00","VFR",3.9,-4.4,250,7,NA,NA,1016.3,"METAR PAKF 072056Z AUTO 25007KT 10SM CLR 04/M04 A3001 RMK AO2 SLP163 T00391044 50008",2025-11-07 21:23:51.651308,2025-11-07 16:23:51.651348
"PAKH","Akhiok Arpt, AK, US",2025-11-07 20:56:00,"2025-11-07 11:56:00","VFR",-0.6,-7.8,310,29,41,NA,1002.5,"METAR PAKH 072056Z AUTO 31029G41KT 10SM OVC038 M01/M08 A2960 RMK AO2 PK WND 30046/2027 SLP025 60000 T10061078 53016 FZRANO",2025-11-07 21:23:51.657552,2025-11-07 16:23:51.657591
"PAKP","Anaktuvuk Pass Arpt, AK, US",2025-11-07 20:56:00,"2025-11-07 11:56:00","VFR",-14.4,-16.7,10,6,NA,NA,1002.5,"METAR PAKP 072056Z AUTO 01006KT 10SM OVC060 M14/M17 A2960 RMK AO2 SLP095 60000 T11441167 53011 FZRANO",2025-11-07 21:23:51.663752,2025-11-07 16:23:51.663789
"PAMB","Manokotak Arpt, AK, US",2025-11-07 20:56:00,"2025-11-07 11:56:00","VFR",-1.1,-9.4,300,10,16,NA,1009.2,"METAR PAMB 072056Z AUTO 30010G16KT 10SM CLR M01/M09 A2980 RMK AO2 SLP094 T10111094 51017 FZRANO",2025-11-07 21:23:51.669758,2025-11-07 16:23:51.669793
"PAMD","Middleton Isl Arpt, AK, US",2025-11-07 20:56:00,"2025-11-07 11:56:00","VFR",3.9,-1.1,180,11,NA,NA,996,"METAR PAMD 072056Z AUTO 18011KT 10SM FEW027 04/M01 A2941 RMK AO2 SLP958 60000 T00391011 52024 $",2025-11-07 21:23:51.677345,2025-11-07 16:23:51.677382
"PAMK","St Michael Arpt, AK, US",2025-11-07 20:56:00,"2025-11-07 11:56:00","MVFR",NA,NA,330,12,NA,NA,1010.2,"METAR PAMK 072056Z AUTO 33012KT 10SM OVC025 A2983 RMK AO2 UPE02B34E53SNB33E34 SLPNO P0000 60000 52014 FZRANO $",2025-11-07 21:23:51.68321,2025-11-07 16:23:51.683249
"PAMM","Metlakatla, AK, US",2025-11-07 20:56:00,"2025-11-07 11:56:00","VFR",8.3,5,220,12,NA,NA,1010.9,"METAR PAMM 072056Z AUTO 22012KT 10SM -RA SCT028 BKN040 OVC049 08/05 A2985 RMK AO2 RAB34 SLP100 P0000 60001 T00830050 51045 $",2025-11-07 21:23:51.689057,2025-11-07 16:23:51.689095
"PANW","New Stuyahok Arpt, AK, US",2025-11-07 20:56:00,"2025-11-07 11:56:00","VFR",-5,-10,330,11,NA,NA,1008.2,"METAR PANW 072056Z AUTO 33011KT 10SM CLR M05/M10 A2977 RMK AO2 SLP090 T10501100 51018 FZRANO",2025-11-07 21:23:51.694943,2025-11-07 16:23:51.694979
"PHHI","Wheeler, HI, US",2025-11-07 20:55:00,"2025-11-07 10:55:00","VFR",28,17.5,0,0,NA,NA,1017.7,"METAR PHHI 072055Z AUTO 00000KT 10SM OVC039 28/18 A3005 RMK AO2 SLP165 T02800175 58006 $",2025-11-07 21:23:51.700872,2025-11-07 16:23:51.700912
"PATL","Tatalina Arpt, AK, US",2025-11-07 20:55:00,"2025-11-07 11:55:00","VFR",-7.4,-8.8,0,0,NA,9,1004.8,"METAR PATL 072055Z AUTO 00000KT 9SM -SN OVC040 M07/M09 A2967 RMK AO2 SNB2030 SLP072 P0000 60000 T10741088 52018",2025-11-07 21:23:51.706728,2025-11-07 16:23:51.706764
"PASV","Sparrevohn Arpt, AK, US",2025-11-07 20:55:00,"2025-11-07 11:55:00","IFR",-9.5,-11.7,350,11,17,1,1001.8,"METAR PASV 072055Z AUTO 35011G17KT 1SM -SN BR OVC008 M09/M12 A2958 RMK AO2 SNB1855 SLP057 P0000 60000 T10951117 51023",2025-11-07 21:23:51.712503,2025-11-07 16:23:51.712538
"PAKN","King Salmon Arpt, AK, US",2025-11-07 20:54:00,"2025-11-07 11:54:00","VFR",-3.9,-10,340,11,NA,NA,1007.2,"METAR PAKN 072054Z 34011KT 10SM BKN050 M04/M10 A2974 RMK AO2 SLP072 T10391100 51017",2025-11-07 21:23:51.718309,2025-11-07 16:23:51.718345
"PAKV","Kaltag Arpt, AK, US",2025-11-07 20:53:00,"2025-11-07 11:53:00","VFR",-13.3,-15.6,0,0,NA,NA,1008.2,"METAR PAKV 072053Z AUTO 00000KT 10SM CLR M13/M16 A2977 RMK AO2 SLP087 T11331156 51016 FZRANO TSNO $",2025-11-07 21:23:51.724132,2025-11-07 16:23:51.72417
"PHJR","Kalaeloa Arpt, HI, US",2025-11-07 20:53:00,"2025-11-07 10:53:00","VFR",28.3,21.7,190,8,NA,NA,1017.7,"METAR PHJR 072053Z 19008KT 10SM CLR 28/22 A3005 RMK AO2 SLP180 T02830217 58003",2025-11-07 21:23:51.729973,2025-11-07 16:23:51.73001
"PANC","Anchorage Intl, AK, US",2025-11-07 20:53:00,"2025-11-07 11:53:00","MVFR",-2.2,-3.9,360,9,NA,NA,996.7,"METAR PANC 072053Z 36009KT 10SM BKN010 OVC020 M02/M04 A2943 RMK AO2 SNE47 SLP970 P0000 60000 I3001 T10221039 51018",2025-11-07 21:23:51.735809,2025-11-07 16:23:51.735845
"PAOR","Northway Arpt, AK, US",2025-11-07 20:53:00,"2025-11-07 11:53:00","IFR",-7.8,-8.9,0,0,NA,NA,998.1,"METAR PAOR 072053Z 00000KT 10SM OVC005 M08/M09 A2947 RMK AO2 SLP023 T10781089 53006 $",2025-11-07 21:23:51.741653,2025-11-07 16:23:51.741691
"PAYA","Yakutat Arpt, AK, US",2025-11-07 20:53:00,"2025-11-07 11:53:00","MVFR",4.4,3.3,210,5,NA,4,999.7,"METAR PAYA 072053Z AUTO 21005KT 4SM -RA BR SCT016 OVC022 04/03 A2952 RMK AO2 SLP997 P0008 60025 T00440033 53040 TSNO $",2025-11-07 21:23:51.747492,2025-11-07 16:23:51.747532
"PAIL","Iliamna Arpt, AK, US",2025-11-07 20:53:00,"2025-11-07 11:53:00","VFR",-3.9,-10,310,16,31,NA,1003.5,"METAR PAIL 072053Z AUTO 31016G31KT 10SM CLR M04/M10 A2963 RMK AO2 PK WND 30031/2050 SLP037 T10391100 51019 TSNO",2025-11-07 21:23:51.753461,2025-11-07 16:23:51.753499
"PALH","Lake Hood, AK, US",2025-11-07 20:53:00,"2025-11-07 20:53:00","MVFR",-2.2,-3.9,10,9,NA,NA,997,"METAR PALH 072053Z 01009KT 10SM BKN010 OVC014 M02/M04 A2944 RMK AO2 SLP972 60000 T10221039 51018",2025-11-07 21:23:51.768701,2025-11-07 16:23:51.768755
"PAKT","Ketchikan Intl, AK, US",2025-11-07 20:53:00,"2025-11-07 11:53:00","VFR",8.3,6.1,NA,5,NA,NA,1009.9,"METAR PAKT 072053Z VRB05KT 10SM SCT055 OVC070 08/06 A2982 RMK AO2 RAE19 SLP100 HARBOR WIND 12010KT P0000 60000 T00830061 51046 $",2025-11-07 21:23:51.775425,2025-11-07 16:23:51.775466
"PATK","Talkeetna Arpt, AK, US",2025-11-07 20:53:00,"2025-11-07 11:53:00","MVFR",-3.3,-4.4,30,3,NA,NA,997.4,"METAR PATK 072053Z 03003KT 10SM OVC013 M03/M04 A2945 RMK AO2 SLP978 T10331044 51026 $",2025-11-07 21:23:51.781696,2025-11-07 16:23:51.781737
"PAOT","Kotzebue/Wien Mem, AK, US",2025-11-07 20:53:00,"2025-11-07 11:53:00","VFR",-9.4,-11.7,0,0,NA,NA,1008.5,"METAR PAOT 072053Z 00000KT 10SM CLR M09/M12 A2978 RMK AO2 SLP085 T10941117 53012",2025-11-07 21:23:51.787875,2025-11-07 16:23:51.787913
"PASC","Deadhorse Arpt, AK, US",2025-11-07 20:53:00,"2025-11-07 11:53:00","MVFR",-7.8,-8.9,230,12,NA,NA,1007.2,"METAR PASC 072053Z 23012KT 10SM OVC014 M08/M09 A2974 RMK AO2 SLP072 T10781089 53019 $",2025-11-07 21:23:51.793795,2025-11-07 16:23:51.79383
"PAWD","Seward Arpt, AK, US",2025-11-07 20:53:00,"2025-11-07 11:53:00","VFR",0,-4.4,30,19,31,NA,994.3,"METAR PAWD 072053Z AUTO 03019G31KT 10SM BKN050 OVC065 00/M04 A2936 RMK AO2 PK WND 01032/2010 UPB28E53 SLP943 P0000 60000 T00001044 53017 TSNO $",2025-11-07 21:23:51.799558,2025-11-07 16:23:51.799593
"PAOM","Nome Arpt, AK, US",2025-11-07 20:53:00,"2025-11-07 11:53:00","VFR",-7.8,-10.6,0,0,NA,NA,1010.9,"METAR PAOM 072053Z 00000KT 10SM CLR M08/M11 A2985 RMK AO2 SLP108 T10781106 53007",2025-11-07 21:23:51.80546,2025-11-07 16:23:51.805503
"PAJN","Juneau Intl, AK, US",2025-11-07 20:53:00,"2025-11-07 11:53:00","VFR",6.1,5,100,10,NA,NA,1003.5,"METAR PAJN 072053Z 10010KT 10SM -RA FEW016 BKN034 OVC049 06/05 A2963 RMK AO2 SLP034 P0008 60013 T00610050 53023 $",2025-11-07 21:23:51.811404,2025-11-07 16:23:51.811445
"PAMR","Anchorage/Merrill Fld, AK, US",2025-11-07 20:53:00,"2025-11-07 11:53:00","IFR",-1.7,-3.9,340,8,NA,NA,997,"METAR PAMR 072053Z 34008KT 10SM BKN008 OVC015 M02/M04 A2944 RMK AO2 SNE38 SLP970 P0000 60000 T10171039 51019",2025-11-07 21:23:51.817303,2025-11-07 16:23:51.817344
"PASI","Sitka/Gutierrez Arpt, AK, US",2025-11-07 20:53:00,"2025-11-07 11:53:00","MVFR",7.2,3.9,250,11,NA,7,1006.2,"METAR PASI 072053Z 25011KT 7SM -RA SCT016 BKN024 07/04 A2971 RMK AO2 SLP062 P0007 60026 T00720039 53031 $",2025-11-07 21:23:51.82322,2025-11-07 16:23:51.82326
"PAVL","Kivalina Arpt, AK, US",2025-11-07 20:53:00,"2025-11-07 11:53:00","VFR",-7.8,-9.4,NA,NA,NA,NA,1009.6,"METAR PAVL 072053Z AUTO 10SM FEW036 M08/M09 A2981 RMK AO2 SLP094 T10781094 51010 PWINO FZRANO TSNO $",2025-11-07 21:23:51.829069,2025-11-07 16:23:51.829105
"PAKW","Klawock Arpt, AK, US",2025-11-07 20:53:00,"2025-11-07 11:53:00","VFR",8.9,6.1,230,8,18,9,1008.9,"METAR PAKW 072053Z AUTO 23008G18KT 190V270 9SM -RA FEW013 BKN033 OVC044 09/06 A2979 RMK AO2 SLP089 6//// T00890061 51033 TSNO PNO $",2025-11-07 21:23:51.834746,2025-11-07 16:23:51.83478
"PHKO","Keahole Point/Kona Intl, HI, US",2025-11-07 20:53:00,"2025-11-07 10:53:00","VFR",28.9,21.7,290,7,NA,NA,1017,"METAR PHKO 072053Z 29007KT 10SM SCT040 29/22 A3003 RMK AO2 SLP167 T02890217 58001",2025-11-07 21:23:51.840573,2025-11-07 16:23:51.840612
"PAMC","McGrath Arpt, AK, US",2025-11-07 20:53:00,"2025-11-07 11:53:00","VFR",-6.7,-9.4,0,0,NA,NA,1005.5,"METAR PAMC 072053Z AUTO 00000KT 10SM OVC041 M07/M09 A2969 RMK AO2 SLP061 T10671094 51016 TSNO",2025-11-07 21:23:51.846441,2025-11-07 16:23:51.846478
"PHBK","Kekaha/Barking Sands Arpt, HI, US",2025-11-07 20:51:00,"2025-11-07 10:51:00","VFR",27.8,21.1,340,11,NA,NA,1017,"METAR PHBK 072051Z AUTO 34011KT 10SM CLR 28/21 A3003 RMK AO2 SLP171 T02780211 58003 $",2025-11-07 21:23:51.852271,2025-11-07 16:23:51.852307
"PFCB","Chenega Bay Arpt, AK, US",2025-11-07 20:50:00,"2025-11-07 11:50:00","VFR",5.5,3.4,0,0,NA,NA,995.3,"METAR PFCB 072050Z AUTO 00000KT 10SM SCT032 BKN047 OVC050 06/03 A2939 RMK AO2 T00550034",2025-11-07 21:23:51.858222,2025-11-07 16:23:51.858265
"PAKU","Kuparuk Arpt, AK, US",2025-11-07 20:45:00,"2025-11-07 11:45:00","MVFR",-8,-9,220,9,NA,NA,1006.5,"METAR PAKU 072045Z 22009KT 10SM R24/P6000FT OVC013 M08/M09 A2972",2025-11-07 21:23:51.864135,2025-11-07 16:23:51.864172
"PALP","Deadhorse/Alpine Arstrp, AK, US",2025-11-07 20:45:00,"2025-11-07 20:45:00","MVFR",-7,-8,200,7,NA,NA,1005.8,"METAR PALP 072045Z 20007KT 10SM BKN016 M07/M08 A2970",2025-11-07 21:23:51.870042,2025-11-07 16:23:51.870081
"PAWN","Noatak Arpt, AK, US",2025-11-07 20:22:00,"2025-11-07 11:22:00","VFR",-12,-13,10,5,NA,NA,1009.2,"SPECI PAWN 072022Z AUTO 01005KT 10SM CLR M12/M13 A2980 RMK AO2 FZRANO",2025-11-07 21:23:51.875972,2025-11-07 16:23:51.876008
"PHNY","Lanai Arpt, HI, US",2025-11-07 21:05:00,"2025-11-07 11:05:00","VFR",25,20,240,8,NA,NA,1019,"SPECI PHNY 072105Z AUTO 24008KT 10SM FEW002 25/20 A3009 RMK AO2 $",2025-11-07 21:23:53.023686,2025-11-07 16:23:53.023726
"PHNG","Kaneohe Bay , HI, US",2025-11-07 20:57:00,"2025-11-07 10:57:00","VFR",27.2,21.7,30,5,NA,7,1016.3,"METAR PHNG 072057Z 03005KT 7SM SCT026 27/22 A3001 RMK AO2 SLP156 T02720217 58004",2025-11-07 21:23:53.030155,2025-11-07 16:23:53.030209
"PPIZ","Point Lay Arpt, AK, US",2025-11-07 20:56:00,"2025-11-07 11:56:00","MVFR",-5.6,-8.9,300,12,NA,9,1008.2,"METAR PPIZ 072056Z AUTO 30012KT 9SM -SN OVC020 M06/M09 A2977 RMK AO2 SLP085 P0000 60000 T10561089 51009 FZRANO",2025-11-07 21:23:53.036153,2025-11-07 16:23:53.036203
"PHSF","Bradshaw, HI, US",2025-11-07 20:55:00,"2025-11-07 10:55:00","VFR",21,9,NA,3,NA,NA,1028.5,"METAR PHSF 072055Z VRB03KT 10SM FEW030 BKN200 21/09 A3037 RMK SLP161 WND DATA AND ALSTG/SLP ESTMD 50001",2025-11-07 21:23:53.041994,2025-11-07 16:23:53.042031
"PHOG","Kahului Arpt, HI, US",2025-11-07 20:54:00,"2025-11-07 10:54:00","VFR",30,19.4,30,9,NA,NA,1016.3,"METAR PHOG 072054Z 03009KT 10SM FEW040 30/19 A3001 RMK AO2 SLP167 T03000194 58014 $",2025-11-07 21:23:53.047904,2025-11-07 16:23:53.047944
"PHMK","Molokai Arpt, HI, US",2025-11-07 20:54:00,"2025-11-07 10:54:00","VFR",27.2,18.9,0,0,NA,NA,1017.4,"METAR PHMK 072054Z 00000KT 10SM SCT034 SCT046 27/19 A3004 RMK AO2 SLP175 T02720189 58006",2025-11-07 21:23:53.053831,2025-11-07 16:23:53.053868
"PHTO","Hilo Intl, HI, US",2025-11-07 20:53:00,"2025-11-07 10:53:00","VFR",27.8,21.1,100,6,NA,NA,1017.4,"METAR PHTO 072053Z 10006KT 10SM SCT030 BKN036 28/21 A3004 RMK AO2 SLP169 T02780211 58003",2025-11-07 21:23:53.059814,2025-11-07 16:23:53.059851
"PHLI","Lihue Arpt, HI, US",2025-11-07 20:53:00,"2025-11-07 10:53:00","VFR",27.8,21.1,50,10,NA,NA,1017.7,"METAR PHLI 072053Z 05010KT 10SM CLR 28/21 A3005 RMK AO2 RAE09 SLP174 P0000 60000 T02780211 58003 $",2025-11-07 21:23:53.065783,2025-11-07 16:23:53.065823
"PHNL","Honolulu Intl, HI, US",2025-11-07 20:53:00,"2025-11-07 10:53:00","VFR",27.8,21.1,180,9,NA,NA,1017.4,"METAR PHNL 072053Z 18009KT 10SM FEW025 SCT042 28/21 A3004 RMK AO2 SLP171 T02780211 58005 $",2025-11-07 21:23:53.071789,2025-11-07 16:23:53.071825
