"icao","site","observed_utc","observed_local","flight_category","temp_c","dewpoint_c","wind_dir_deg","wind_kts","gust_kts","vis_sm","altimeter_hpa","raw_text","fetched_at_utc","fetched_at_local"
"CBBC","Bella Bella Arpt, BC, CA",2025-10-12 15:00:00,"2025-10-12 08:00:00","VFR",2,1,310,2,NA,9,1014.3,"METAR CBBC 121500Z AUTO 31002KT 9SM CLR 02/01 A2995 RMK SLP146",2025-10-12 15:17:53.62279,2025-10-12 11:17:53.622837
"CYAM","Sault Ste Marie Arpt, ON, CA",2025-10-12 15:00:00,"2025-10-12 11:00:00","MVFR",14,12,130,12,18,NA,1020.4,"METAR CYAM 121500Z 13012G18KT 080V150 10SM FEW006 BKN012 BKN022 BKN220 14/12 A3013 RMK CF1CU4CU1CI1 SLP209",2025-10-12 15:18:09.66349,2025-10-12 11:18:09.663538
"CYAT","Attawapisket Arpt, ON, CA",2025-10-12 15:00:00,"2025-10-12 11:00:00","VFR",12,8,190,9,16,9,1015.7,"METAR CYAT 121500Z AUTO 19009G16KT 160V230 9SM CLR 12/08 A2999 RMK SLP156",2025-10-12 15:18:09.670058,2025-10-12 11:18:09.670102
"CWJC","Ennadai Lake, NU, CA",2025-10-12 15:00:00,"2025-10-12 15:00:00",NA,-2.5,-4.8,NA,NA,NA,NA,NA,"METAR CWJC 121500Z AUTO M03/M05 RMK AO1 38 SOG 02 3050 SLP080 T10251048",2025-10-12 15:18:09.676537,2025-10-12 11:18:09.676581
"CYAH","La Grande IV Arpt, QC, CA",2025-10-12 15:00:00,"2025-10-12 11:00:00","VFR",7,0,190,9,NA,9,1026.2,"METAR CYAH 121500Z AUTO 19009KT 9SM CLR 07/00 A3030 RMK SLP280",2025-10-12 15:18:09.684773,2025-10-12 11:18:09.684832
"CYAY","St Anthony Arpt, NL, CA",2025-10-12 15:00:00,"2025-10-12 12:30:00","VFR",8,-1,280,11,16,9,1027.5,"METAR CYAY 121500Z AUTO 28011G16KT 9SM CLR 08/M01 A3034 RMK SLP279",2025-10-12 15:18:09.693047,2025-10-12 11:18:09.6931
"CYAZ","Tofino Arpt, BC, CA",2025-10-12 15:00:00,"2025-10-12 08:00:00","VFR",5,3,340,4,NA,15,1009.6,"METAR CYAZ 121500Z 34004KT 15SM FEW150 05/03 A2981 RMK AC1 SLP096",2025-10-12 15:18:09.701305,2025-10-12 11:18:09.701363
"CYBC","Baie Comeau Arpt, QC, CA",2025-10-12 15:00:00,"2025-10-12 11:00:00","VFR",7,0,100,12,NA,9,1034.3,"METAR CYBC 121500Z AUTO 10012KT 9SM CLR 07/M00 A3054 RMK SLP344",2025-10-12 15:18:09.709696,2025-10-12 11:18:09.709755
"CYBD","Bella Coola Arpt, BC, CA",2025-10-12 15:00:00,"2025-10-12 08:00:00","VFR",9,-5,90,6,NA,15,1016.3,"METAR CYBD 121500Z 09006KT 050V150 15SM SCT062 SCT077 09/M05 A3001 RMK CU3AC1 SH DIST S SLP165",2025-10-12 15:18:09.718052,2025-10-12 11:18:09.718113
"CYBK","Baker Lake Arpt, NU, CA",2025-10-12 15:16:00,"2025-10-12 10:16:00","VFR",-2,-4,330,19,26,20,998.7,"SPECI CYBK 121516Z 33019G26KT 20SM DRSN SCT013 BKN150 M02/M04 A2949 RMK SC3AC3 SLP990",2025-10-12 15:18:11.10127,2025-10-12 11:18:11.101313
"CYET","Edson Arpt, AB, CA",2025-10-12 15:16:00,"2025-10-12 09:16:00","IFR",-2,-4,320,7,NA,2.5,1016.7,"SPECI CYET 121516Z AUTO 32007KT 2 1/2SM -SN OVC021 M02/M04 A3002 RMK SLP211",2025-10-12 15:18:11.10778,2025-10-12 11:18:11.107822
"CYCB","Cambridge Bay Arpt, NU, CA",2025-10-12 15:15:00,"2025-10-12 09:15:00","MVFR",-2,-3,260,13,NA,3,997.7,"SPECI CYCB 121515Z 26013KT 3SM -SN FEW009 OVC020 M02/M03 A2946 RMK SF1SC7 SLP982",2025-10-12 15:18:11.114239,2025-10-12 11:18:11.114285
"CYCK","Chatham/Kent Arpt, ON, CA",2025-10-12 15:12:00,"2025-10-12 11:12:00","MVFR",17,13,60,8,NA,9,1018.7,"SPECI CYCK 121512Z AUTO 06008KT 9SM BKN019 BKN025 OVC032 17/13 A3008 RMK SLP189",2025-10-12 15:18:11.120773,2025-10-12 11:18:11.120816
"CYBQ","Tadoule Lake Arpt, MB, CA",2025-10-12 15:11:00,"2025-10-12 10:11:00","MVFR",2,-1,340,15,26,9,1002.1,"SPECI CYBQ 121511Z AUTO 34015G26KT 9SM SCT019 OVC030 02/M01 A2959 RMK ICE PRESRR SLP040",2025-10-12 15:18:11.127272,2025-10-12 11:18:11.127316
"CYIO","Pond Inlet Arpt, NU, CA",2025-10-12 15:11:00,"2025-10-12 11:11:00","MVFR",-3,-3,260,4,NA,9,998.1,"SPECI CYIO 121511Z AUTO 26004KT 200V270 9SM BKN011 OVC030 M03/M03 A2947 RMK SLP987",2025-10-12 15:18:11.133713,2025-10-12 11:18:11.133757
"CYHE","Hope Rgnl Airpark, BC, CA",2025-10-12 15:10:00,"2025-10-12 08:10:00","VFR",7,5,100,6,NA,6,1012.3,"SPECI CYHE 121510Z AUTO 10006KT 040V150 6SM RA BR SCT014 OVC037 07/05 A2989 RMK PCPN 0.5MM PAST HR ICE MISG SLP126",2025-10-12 15:18:11.140236,2025-10-12 11:18:11.140288
"CYHD","Dryden Rgnl, ON, CA",2025-10-12 15:08:00,"2025-10-12 10:08:00","MVFR",11,10,140,20,26,4,1003.8,"SPECI CYHD 121508Z AUTO 14020G26KT 4SM RA BR BKN015 BKN036 OVC071 11/10 A2964 RMK PRESFR PCPN 1.0MM PAST HR SLP048 DENSITY ALT 1600FT",2025-10-12 15:18:11.146661,2025-10-12 11:18:11.146705
"CYBW","Calgary/Springbank Arpt, AB, CA",2025-10-12 15:08:00,"2025-10-12 15:08:00","VFR",-2,-4,340,9,NA,8,1013,"SPECI CYBW 121508Z AUTO 34009KT 8SM -SN SCT015 SCT024 OVC034 M02/M04 A2991 RMK SLP178",2025-10-12 15:18:11.153107,2025-10-12 11:18:11.153168
"CYEN","Estevan Arpt, SK, CA",2025-10-12 15:01:00,"2025-10-12 09:01:00","MVFR",11,10,310,20,28,9,990.9,"SPECI CYEN 121501Z AUTO 31020G28KT 9SM BKN010 OVC033 11/10 A2926 RMK PRESRR SLP918 DENSITY ALT 2700FT",2025-10-12 15:18:11.159555,2025-10-12 11:18:11.159599
"CYFB","Iqaluit Arpt, NU, CA",2025-10-12 15:00:00,"2025-10-12 11:00:00","MVFR",1,-2,140,15,NA,30,1010.2,"METAR CYFB 121500Z 14015KT 30SM BKN028 BKN100 01/M02 A2983 RMK SC7AC1 AC TR SLP107",2025-10-12 15:18:11.165975,2025-10-12 11:18:11.166019
"CYFC","Fredericton Intl, NB, CA",2025-10-12 15:00:00,"2025-10-12 12:00:00","VFR",13,4,60,11,NA,9,1031.2,"METAR CYFC 121500Z AUTO 06011KT 9SM CLR 13/04 A3045 RMK SLP315",2025-10-12 15:18:11.172446,2025-10-12 11:18:11.17249
"CYFT","Makkovik Arpt, NL, CA",2025-10-12 15:00:00,"2025-10-12 12:00:00","VFR",8,-1,260,13,20,15,1025.1,"METAR CYFT 121500Z 26013G20KT 15SM FEW033 FEW051 FEW130 08/M01 A3027 RMK SC1SC1AC2 SC TR SC TR SLP257",2025-10-12 15:18:11.178983,2025-10-12 11:18:11.179028
"CYGL","La Grande Riviere Arpt, QC, CA",2025-10-12 15:00:00,"2025-10-12 11:00:00","VFR",9,3,180,9,17,15,1022.4,"METAR CYGL 121500Z 18009G17KT 15SM SCT036 OVC240 09/03 A3019 RMK SC4CI4 SLP237",2025-10-12 15:18:11.1855,2025-10-12 11:18:11.185543
"CYHZ","Halifax/Stanfield Intl, NS, CA",2025-10-12 15:00:00,"2025-10-12 12:00:00","VFR",13,1,70,11,NA,15,1030.2,"METAR CYHZ 121500Z 07011KT 15SM FEW038 BKN270 13/01 A3042 RMK SC1CI6 SC TR SLP306",2025-10-12 15:18:11.192019,2025-10-12 11:18:11.192063
"CYKL","Schefferville Arpt, QC, CA",2025-10-12 15:00:00,"2025-10-12 11:00:00","VFR",5,-2,220,5,NA,9,1026.8,"METAR CYKL 121500Z AUTO 22005KT 9SM CLR 05/M02 A3032 RMK SLP299",2025-10-12 15:18:11.198547,2025-10-12 11:18:11.19859
"CYHK","Gjoa Haven Arpt, NU, CA",2025-10-12 15:00:00,"2025-10-12 09:00:00","VFR",-5,-7,320,12,NA,9,997.7,"METAR CYHK 121500Z AUTO 32012KT 9SM OVC047 M05/M07 A2946 RMK SLP982",2025-10-12 15:18:11.205049,2025-10-12 11:18:11.205094
"CYHU","Montreal/St Hubert, QC, CA",2025-10-12 15:00:00,"2025-10-12 11:00:00","MVFR",14,7,10,9,NA,5,1026.2,"METAR CYHU 121500Z AUTO 01009KT 5SM HZ CLR 14/07 A3030 RMK SLP264",2025-10-12 15:18:11.211693,2025-10-12 11:18:11.211737
"CYIK","Ivujivik Arpt, QC, CA",2025-10-12 15:00:00,"2025-10-12 11:00:00","IFR",6,4,170,34,43,8,997,"METAR CYIK 121500Z 17034G43KT 8SM -DZ BKN007 OVC100 06/04 A2944 RMK SC7AS1 SLP974",2025-10-12 15:18:11.22993,2025-10-12 11:18:11.229973
"CYIV","Island Lake Arpt, MB, CA",2025-10-12 15:00:00,"2025-10-12 10:00:00","MVFR",10,9,170,6,NA,6,997.4,"METAR CYIV 121500Z AUTO 17006KT 6SM RA BR OVC010 10/09 A2945 RMK SLP982 DENSITY ALT 1000FT",2025-10-12 15:18:11.236298,2025-10-12 11:18:11.236353
"CYKA","Kamloops Arpt, BC, CA",2025-10-12 15:00:00,"2025-10-12 08:00:00","VFR",6,-2,270,8,NA,40,1011.9,"METAR CYKA 121500Z 27008KT 40SM BKN055 BKN120 06/M02 A2988 RMK SC6AC1 SLP131",2025-10-12 15:18:11.242693,2025-10-12 11:18:11.242737
"CYKD","Aklavik Arpt, NT, CA",2025-10-12 15:00:00,"2025-10-12 09:00:00","VFR",-6,-7,160,5,NA,15,1007.9,"METAR CYKD 121500Z 16005KT 15SM FEW100 M06/M07 A2976 RMK AC1 SLP079",2025-10-12 15:18:11.249086,2025-10-12 11:18:11.249129
"CYKJ","Key Lake Arpt, SK, CA",2025-10-12 15:00:00,"2025-10-12 09:00:00","MVFR",0,-2,360,13,21,9,1007.5,"METAR CYKJ 121500Z AUTO 36013G21KT 9SM OVC019 M00/M02 A2975 RMK PRESRR SLP101",2025-10-12 15:18:11.255634,2025-10-12 11:18:11.255679
"CYKY","Kindersley Arpt, SK, CA",2025-10-12 15:00:00,"2025-10-12 09:00:00","IFR",0,0,330,19,25,1.5,1005.2,"METAR CYKY 121500Z 33019G25KT 1 1/2SM -SN OVC006 00/M00 A2968 RMK SC8 SLP073",2025-10-12 15:18:11.262212,2025-10-12 11:18:11.262259
"CYLD","Chapleau Arpt, ON, CA",2025-10-12 15:00:00,"2025-10-12 11:00:00","LIFR",9,9,170,9,NA,12,1021.4,"METAR CYLD 121500Z 17009KT 12SM OVC004 09/09 A3016 RMK ST8 SLP233",2025-10-12 15:18:11.268773,2025-10-12 11:18:11.268836
"CYLJ","Meadow Lake Arpt, SK, CA",2025-10-12 15:00:00,"2025-10-12 09:00:00","MVFR",1,0,340,17,22,4,1007.2,"METAR CYLJ 121500Z 34017G22KT 4SM -SN OVC016 01/M00 A2974 RMK SC8 SLP093",2025-10-12 15:18:11.275259,2025-10-12 11:18:11.275305
"CYLK","Lutselke Arpt, NT, CA",2025-10-12 15:00:00,"2025-10-12 09:00:00","VFR",0,-4,310,8,15,20,1014.6,"METAR CYLK 121500Z 31008G15KT 20SM SCT021 BKN033 BKN150 00/M04 A2996 RMK SF4SC2AC1 AC TR CIG RAG SLP159",2025-10-12 15:18:11.281727,2025-10-12 11:18:11.28177
"CYLL","Lloydminster Arpt, AB, CA",2025-10-12 15:00:00,"2025-10-12 09:00:00","MVFR",1,-2,350,14,28,15,1008.2,"METAR CYLL 121500Z 35014G28KT 15SM OVC023 01/M02 A2977 RMK SC8 SLP110",2025-10-12 15:18:11.28823,2025-10-12 11:18:11.288276
"CYLT","Alert Arpt, NU, CA",2025-10-12 15:00:00,"2025-10-12 11:00:00","VFR",-12,-14,100,2,NA,15,1000.4,"METAR CYLT 121500Z 10002KT 15SM FEW002 BKN150 M12/M14 A2954 RMK ST1AC6 DENSITY ALT -2762FT SLP006",2025-10-12 15:18:11.29472,2025-10-12 11:18:11.294762
"CYLU","Kangiksualujjuaq Arpt, QC, CA",2025-10-12 15:00:00,"2025-10-12 11:00:00","MVFR",5,2,190,7,NA,15,1021.1,"METAR CYLU 121500Z 19007KT 160V230 15SM FEW021 BKN024 BKN046 OVC075 05/02 A3015 RMK SC2SC3SC2AC1 SLP216",2025-10-12 15:18:11.301121,2025-10-12 11:18:11.301197
"CYLW","Kelowna Arpt, BC, CA",2025-10-12 15:00:00,"2025-10-12 08:00:00","VFR",4,2,10,3,NA,9,1010.2,"METAR CYLW 121500Z AUTO 01003KT 9SM BKN170 04/02 A2983 RMK SLP114",2025-10-12 15:18:11.307617,2025-10-12 11:18:11.307661
"CYBL","Campbell River Arpt, BC, CA",2025-10-12 15:00:00,"2025-10-12 08:00:00","VFR",8,3,300,11,NA,20,1009.6,"METAR CYBL 121500Z 30011KT 20SM SCT050 08/03 A2981 RMK SC3 SLP099",2025-10-12 15:18:11.314075,2025-10-12 11:18:11.31412
"CYBU","Nipawin, SK, CA",2025-10-12 15:00:00,"2025-10-12 15:00:00","MVFR",6,4,330,13,19,9,999.1,"METAR CYBU 121500Z AUTO 33013G19KT 9SM RA OVC027 06/04 A2950 RMK PCPN 1.8MM PAST HR SLP001",2025-10-12 15:18:11.320542,2025-10-12 11:18:11.320586
"CYBX","Blanc Sablon Arpt, QC, CA",2025-10-12 15:00:00,"2025-10-12 11:00:00","VFR",8,0,310,10,NA,15,1028.2,"METAR CYBX 121500Z 31010KT 15SM FEW250 08/00 A3036 RMK CI1 CI TR SLP284",2025-10-12 15:18:11.327061,2025-10-12 11:18:11.327106
"CYCD","Nanaimo Arpt, BC, CA",2025-10-12 15:00:00,"2025-10-12 08:00:00","VFR",8,5,270,2,NA,15,1009.6,"METAR CYCD 121500Z 27002KT 15SM FEW030 BKN055 08/05 A2981 RMK SC1SC6 SLP097",2025-10-12 15:18:11.333542,2025-10-12 11:18:11.333587
"CYCG","Castlegar Rgnl, BC, CA",2025-10-12 15:00:00,"2025-10-12 08:00:00","MVFR",5,5,0,0,NA,3,1009.6,"METAR CYCG 121500Z 00000KT 3SM BR SCT005 BKN022 BKN150 05/05 A2981 RMK SF3SC5AC1 VIS NW 10 SLP105",2025-10-12 15:18:11.339994,2025-10-12 11:18:11.340038
"CYCO","Coppermine/Kugluktuk Arpt, NU, CA",2025-10-12 15:00:00,"2025-10-12 09:00:00","VFR",0,-4,260,17,22,15,1008.5,"METAR CYCO 121500Z 26017G22KT 15SM BKN040 OVC078 M00/M04 A2978 RMK SC7AC1 SLP088",2025-10-12 15:18:11.346457,2025-10-12 11:18:11.346502
"CYCP","Blue River Arpt, BC, CA",2025-10-12 15:00:00,"2025-10-12 15:00:00","VFR",2,-2,10,8,NA,15,1012.3,"METAR CYCP 121500Z 01008KT 340V040 15SM BKN090 02/M02 A2989 RMK AC7 SLP146",2025-10-12 15:18:11.36438,2025-10-12 11:18:11.364423
"CYCQ","Chetwynd Arpt, BC, CA",2025-10-12 15:00:00,"2025-10-12 08:00:00","VFR",-3,-6,110,2,NA,35,1023.1,"METAR CYCQ 121500Z 11002KT 35SM FEW037 BKN098 M03/M06 A3021 RMK SC1AC6 GND FROST SLP265",2025-10-12 15:18:11.370734,2025-10-12 11:18:11.370777
"CYCS","Chesterfield Inlet Arpt, NU, CA",2025-10-12 15:00:00,"2025-10-12 10:00:00","MVFR",2,1,310,26,32,15,986.2,"METAR CYCS 121500Z 31026G32KT 15SM OVC010 02/01 A2912 RMK ST8 SLP862",2025-10-12 15:18:11.377075,2025-10-12 11:18:11.377117
"CYCY","Cylde River Arpt, NU, CA",2025-10-12 15:00:00,"2025-10-12 11:00:00","VFR",-1,-3,260,5,NA,9,999.4,"METAR CYCY 121500Z AUTO 26005KT 9SM CLR M01/M03 A2951 RMK SLP997",2025-10-12 15:18:11.383519,2025-10-12 11:18:11.383562
"CYDA","Dawson Arpt, YT, CA",2025-10-12 15:00:00,"2025-10-12 08:00:00","VFR",-3,-7,360,5,NA,20,1015,"METAR CYDA 121500Z 36005KT 330V060 20SM FEW150 BKN190 M03/M07 A2997 RMK AC2AC4 SLP175",2025-10-12 15:18:11.38998,2025-10-12 11:18:11.390027
"CYDB","Burwash Arpt, YT, CA",2025-10-12 15:00:00,"2025-10-12 08:00:00","VFR",-1,-7,130,12,21,15,1012.6,"METAR CYDB 121500Z 13012G21KT 15SM BKN140 M01/M07 A2990 RMK AC7 SLP173",2025-10-12 15:18:11.396533,2025-10-12 11:18:11.396576
"CYDC","Princeton Arpt, BC, CA",2025-10-12 15:00:00,"2025-10-12 15:00:00","MVFR",3,2,250,4,NA,6,1011.3,"METAR CYDC 121500Z 25004KT 6SM -RA BR FEW002 FEW008 BKN025 OVC036 03/02 A2986 RMK SF1ST1SC5SC3 SF TR ST TR SLP127",2025-10-12 15:18:11.402975,2025-10-12 11:18:11.403019
"CYDF","Deer Lake Arpt, NL, CA",2025-10-12 15:00:00,"2025-10-12 12:30:00","VFR",7,-2,300,6,NA,15,1029.9,"METAR CYDF 121500Z 30006KT 280V010 15SM SCT040 07/M02 A3041 RMK SC3 SLP300",2025-10-12 15:18:11.409433,2025-10-12 11:18:11.409478
"CYDN","Dauphin Arpt, MB, CA",2025-10-12 15:00:00,"2025-10-12 10:00:00","VFR",10,7,330,5,NA,9,992,"METAR CYDN 121500Z AUTO 33005KT 9SM SCT023 OVC040 10/07 A2929 RMK SLP923 DENSITY ALT 1400FT",2025-10-12 15:18:11.41583,2025-10-12 11:18:11.415875
"CYDP","Nain Arpt, NL, CA",2025-10-12 15:00:00,"2025-10-12 12:00:00","VFR",7,1,300,8,19,15,1023.5,"METAR CYDP 121500Z 30008G19KT 270V330 15SM FEW030 FEW100 BKN150 07/01 A3022 RMK SC1AC2AC5 SC TR SLP236",2025-10-12 15:18:11.422278,2025-10-12 11:18:11.422323
"CYEK","Arviat/Eskimo Pt Arpt, NU, CA",2025-10-12 15:00:00,"2025-10-12 10:00:00","MVFR",2,0,340,28,40,15,995.7,"METAR CYEK 121500Z 34028G40KT 15SM OVC018 02/M00 A2940 RMK SC8 SLP959",2025-10-12 15:18:11.428868,2025-10-12 11:18:11.42891
"CYEV","Inuvik/Zubko Arpt, NT, CA",2025-10-12 15:00:00,"2025-10-12 09:00:00","VFR",-4,-7,100,3,NA,15,1008.9,"METAR CYEV 121500Z 10003KT 060V160 15SM SCT250 M04/M07 A2979 RMK CI4 SLP095",2025-10-12 15:18:11.435319,2025-10-12 11:18:11.435364
"CYFO","Flin Flon Arpto, MB, CA",2025-10-12 15:00:00,"2025-10-12 10:00:00","MVFR",8,4,360,10,16,15,998.7,"METAR CYFO 121500Z 36010G16KT 15SM -RA FEW020 BKN023 OVC095 08/04 A2949 RMK SC1SC7AC1 SC TR SLP995",2025-10-12 15:18:11.441736,2025-10-12 11:18:11.441781
"CYFS","Fort Simpson Arpt, NT, CA",2025-10-12 15:00:00,"2025-10-12 09:00:00","VFR",-5,-7,230,2,NA,15,1021.8,"METAR CYFS 121500Z 23002KT 15SM FEW120 FEW200 M05/M07 A3017 RMK AC1CI1 AC TR CI TR SLP232",2025-10-12 15:18:11.448255,2025-10-12 11:18:11.4483
"CYGE","Golden Arpt, BC, CA",2025-10-12 15:00:00,"2025-10-12 15:00:00","VFR",2,0,0,0,NA,20,1011.9,"METAR CYGE 121500Z 00000KT 20SM VCSH SCT028 BKN050 BKN075 OVC130 02/00 A2988 RMK SC3SC2AC2AC1 VIS S 10 SH S VIRA N-E SLP141",2025-10-12 15:18:11.454753,2025-10-12 11:18:11.454797
"CYGH","Fort Good Hope Arpt, NT, CA",2025-10-12 15:00:00,"2025-10-12 09:00:00","VFR",-6,-8,170,7,NA,25,1013.6,"METAR CYGH 121500Z 17007KT 25SM FEW240 M06/M08 A2993 RMK CI1 SLP146",2025-10-12 15:18:11.461272,2025-10-12 11:18:11.461317
"CYGK","Kingston Arpt, ON, CA",2025-10-12 15:00:00,"2025-10-12 11:00:00","VFR",16,8,30,10,NA,15,1023.1,"METAR CYGK 121500Z 03010KT 15SM FEW045 16/08 A3021 RMK SC1 SLP234",2025-10-12 15:18:11.467709,2025-10-12 11:18:11.467764
"CYGP","Gaspé Arpt, QC, CA",2025-10-12 15:00:00,"2025-10-12 11:00:00","VFR",9,0,NA,2,NA,15,1033.9,"METAR CYGP 121500Z VRB02KT 15SM FEW060 09/M00 A3053 RMK CU1 CU TR SLP341",2025-10-12 15:18:11.474239,2025-10-12 11:18:11.474285
"CYGR","Îles de la Madeleine Arpt, QC, CA",2025-10-12 15:00:00,"2025-10-12 12:00:00","VFR",10,2,10,7,NA,20,1032.9,"METAR CYGR 121500Z 01007KT 350V050 20SM FEW028 FEW150 10/02 A3050 RMK SC1AC1 SLP331",2025-10-12 15:18:11.480669,2025-10-12 11:18:11.480712
"CYGV","Havre St Pierre Arpt, QC, CA",2025-10-12 15:00:00,"2025-10-12 11:00:00","VFR",7,-4,260,5,NA,9,1033.6,"METAR CYGV 121500Z AUTO 26005KT 240V010 9SM CLR 07/M04 A3052 RMK SLP341",2025-10-12 15:18:11.487247,2025-10-12 11:18:11.48729
"CYGW","Kuujjuarapik Arpt, QC, CA",2025-10-12 15:00:00,"2025-10-12 11:00:00","VFR",11,4,170,13,21,9,1018.7,"METAR CYGW 121500Z AUTO 17013G21KT 9SM CLR 11/04 A3008 RMK PRESFR SLP188",2025-10-12 15:18:11.505302,2025-10-12 11:18:11.505357
"CYHM","Hamilton/Munro Intl, ON, CA",2025-10-12 15:00:00,"2025-10-12 11:00:00","MVFR",16,12,80,9,NA,15,1020.7,"METAR CYHM 121500Z 08009KT 15SM FEW010 BKN019 16/12 A3014 RMK CF1SC6 SLP210",2025-10-12 15:18:11.511811,2025-10-12 11:18:11.511854
"CYKF","Waterloo Intl, ON, CA",2025-10-12 15:00:00,"2025-10-12 11:00:00","IFR",13,12,80,9,NA,9,1021.1,"METAR CYKF 121500Z AUTO 08009KT 9SM OVC007 13/12 A3015 RMK SLP214",2025-10-12 15:18:11.518313,2025-10-12 11:18:11.518357
"CYBG","Bagotville, QC, CA",2025-10-12 15:00:00,"2025-10-12 11:00:00","VFR",10,1,80,15,NA,25,1030.9,"METAR CYBG 121500Z 08015KT 25SM SKC 10/01 A3044 RMK DENSITY ALT -438FT SLP316",2025-10-12 15:18:11.524811,2025-10-12 11:18:11.524855
"CYKO","Akulivik Arpt, QC, CA",2025-10-12 15:00:00,"2025-10-12 11:00:00","IFR",6,4,180,27,33,1,1003.1,"METAR CYKO 121500Z 18027G33KT 1SM BR OVC007 06/04 A2962 RMK FG1ST7 VIS 3 W VIA CYQB SLP033",2025-10-12 15:18:11.531453,2025-10-12 11:18:11.531497
"CYKG","Kangiqsujuaq Arpt, QC, CA",2025-10-12 15:00:00,"2025-10-12 11:00:00","MVFR",5,2,220,20,27,15,1008.5,"METAR CYKG 121500Z 22020G27KT 15SM VCSH BKN015 OVC073 05/02 A2978 RMK ST6AC2 CIG RAG SLP097",2025-10-12 15:18:11.537968,2025-10-12 11:18:11.538012
"CYBR","Brandon Arpt, MB, CA",2025-10-12 15:00:00,"2025-10-12 10:00:00","IFR",13,12,150,10,15,8,991.3,"METAR CYBR 121500Z 15010G15KT 8SM OVC005 13/12 A2927 RMK ST8 BR SLP919 DENSITY ALT 2200FT",2025-10-12 15:18:11.54453,2025-10-12 11:18:11.544574
"CYDL","Dease Lake Arpt, BC, CA",2025-10-12 15:00:00,"2025-10-12 08:00:00","VFR",-7,-10,NA,2,NA,9,1022.8,"METAR CYDL 121500Z AUTO VRB02KT 9SM CLR M07/M10 A3020 RMK SLP262",2025-10-12 15:18:11.551095,2025-10-12 11:18:11.55114
"CYMA","Mayo Arpt, YT, CA",2025-10-12 15:00:00,"2025-10-12 08:00:00","VFR",-6,-8,10,6,NA,20,1017.4,"METAR CYMA 121500Z 01006KT 350V080 20SM SCT150 BKN220 M06/M08 A3004 RMK AC4CI2 SLP213",2025-10-12 15:18:11.557576,2025-10-12 11:18:11.55762
"CYHY","Hay River/Carter Arpt, NT, CA",2025-10-12 15:00:00,"2025-10-12 09:00:00","MVFR",0,-4,300,15,21,15,1020.4,"METAR CYHY 121500Z 30015G21KT 15SM BKN019 OVC027 00/M04 A3013 RMK SC7SC1 SLP218",2025-10-12 15:18:11.564125,2025-10-12 11:18:11.564197
"CYER","Ft Severn Arpt, ON, CA",2025-10-12 15:00:00,"2025-10-12 11:00:00","VFR",12,8,200,13,20,9,1002.1,"METAR CYER 121500Z AUTO 20013G20KT 9SM BKN120 OVC150 12/08 A2959 RMK SLP024",2025-10-12 15:18:11.57055,2025-10-12 11:18:11.570594
"CYKP","Ogoki Post, ON, CA",2025-10-12 15:00:00,"2025-10-12 11:00:00","VFR",10,9,160,11,17,9,1013,"METAR CYKP 121500Z AUTO 16011G17KT 130V200 9SM CLR 10/09 A2991 RMK SLP134",2025-10-12 15:18:11.57696,2025-10-12 11:18:11.577004
"CYLH","Lansdowne House Arpt, ON, CA",2025-10-12 15:00:00,"2025-10-12 11:00:00","VFR",14,8,180,13,22,9,1009.2,"METAR CYLH 121500Z AUTO 18013G22KT 9SM BKN150 14/08 A2980 RMK SLP100 DENSITY ALT 1100FT",2025-10-12 15:18:11.583489,2025-10-12 11:18:11.583534
"CYCA","Cartwright Arpt, NL, CA",2025-10-12 15:00:00,"2025-10-12 12:00:00","VFR",8,0,310,9,17,9,1026.2,"METAR CYCA 121500Z AUTO 31009G17KT 9SM FEW041 08/M00 A3030 RMK SLP265",2025-10-12 15:18:11.58996,2025-10-12 11:18:11.590003
"CYDQ","Dawson Creek Arpt, BC, CA",2025-10-12 15:00:00,"2025-10-12 08:00:00","MVFR",-3,-7,300,3,NA,9,1021.8,"METAR CYDQ 121500Z AUTO 30003KT 9SM BKN025 M03/M07 A3017 RMK SLP255",2025-10-12 15:18:11.596484,2025-10-12 11:18:11.596528
"CYEG","Edmonton Intl Arpt, AB, CA",2025-10-12 15:00:00,"2025-10-12 09:00:00","MVFR",0,-5,350,17,NA,20,1014.3,"METAR CYEG 121500Z 35017KT 20SM FEW015 OVC028 00/M05 A2995 RMK SC1SC8 SC TR SLP174",2025-10-12 15:18:11.60294,2025-10-12 11:18:11.602984
"CYQF","Red Deer Rgnl, AB, CA",2025-10-12 15:15:00,"2025-10-12 09:15:00","IFR",-1,-2,340,9,17,2,1013.6,"SPECI CYQF 121515Z AUTO 34009G17KT 2SM -SN SCT011 OVC017 M01/M02 A2993 RMK VIS VRB 3/4-3 SLP181",2025-10-12 15:18:13.10171,2025-10-12 11:18:13.101754
"CYRL","Red Lake Arpt, ON, CA",2025-10-12 15:14:00,"2025-10-12 10:14:00","IFR",11,11,160,10,19,2.5,1000.1,"SPECI CYRL 121514Z 16010G19KT 2 1/2SM -RA BR OVC006 11/11 A2953 RMK FG3SF5 SLP008 DENSITY ALT 1600FT",2025-10-12 15:18:13.108295,2025-10-12 11:18:13.108338
"CYUT","Repulse Bay Arpt, NU, CA",2025-10-12 15:07:00,"2025-10-12 10:07:00","LIFR",-1,-1,50,27,33,0.25,987.6,"SPECI CYUT 121507Z 05027G33KT 1/4SM BLSN OVC016 M01/M01 A2916 RMK BLSN7SC1 SNW CVR/ONE LOOSE PRESFR SLP879",2025-10-12 15:18:13.114716,2025-10-12 11:18:13.114761
"CYWE","Wekweètì Arpt, NT, CA",2025-10-12 15:00:00,"2025-10-12 09:00:00","MVFR",-1,-2,290,10,NA,9,1013.3,"METAR CYWE 121500Z AUTO 29010KT 9SM FEW010 SCT021 BKN029 OVC036 M01/M02 A2992 RMK SLP161",2025-10-12 15:18:13.121232,2025-10-12 11:18:13.121279
"CYPD","Port Hawkesbury Arpt, NS, CA",2025-10-12 15:00:00,"2025-10-12 12:00:00","VFR",12,2,NA,3,NA,9,1030.9,"METAR CYPD 121500Z AUTO VRB03KT 9SM FEW038 12/02 A3044 RMK SLP312",2025-10-12 15:18:13.127745,2025-10-12 11:18:13.12779
"CYOO","Oshawa Arpt, ON, CA",2025-10-12 15:00:00,"2025-10-12 11:00:00","MVFR",16,12,90,12,17,9,1021.8,"METAR CYOO 121500Z AUTO 09012G17KT 9SM OVC026 16/12 A3017 RMK SLP222",2025-10-12 15:18:13.134279,2025-10-12 11:18:13.134322
"CYPO","Peawanuck Arpt, ON, CA",2025-10-12 15:00:00,"2025-10-12 11:00:00","VFR",10,7,200,13,22,9,1007.2,"METAR CYPO 121500Z AUTO 20013G22KT 9SM BKN190 10/07 A2974 RMK SLP075",2025-10-12 15:18:13.140708,2025-10-12 11:18:13.140752
"CYRQ","Trois-Rivières, QC, CA",2025-10-12 15:00:00,"2025-10-12 11:00:00","VFR",14,6,60,12,NA,9,1028.2,"METAR CYRQ 121500Z AUTO 06012KT 9SM CLR 14/06 A3036 RMK SLP284",2025-10-12 15:18:13.147238,2025-10-12 11:18:13.147282
"CYSP","Marathon Arpt, ON, CA",2025-10-12 15:00:00,"2025-10-12 11:00:00","IFR",12,10,190,11,19,7,1017.4,"METAR CYSP 121500Z 19011G19KT 150V230 7SM FEW007 BKN008 OVC016 12/10 A3004 RMK SC2SC4SC2 BR SLP185",2025-10-12 15:18:13.153755,2025-10-12 11:18:13.153798
"CYVL","Colville Lake, NT, CA",2025-10-12 15:00:00,"2025-10-12 09:00:00","VFR",-4,-5,220,10,NA,9,1011.9,"METAR CYVL 121500Z AUTO 22010KT 9SM CLR M04/M05 A2988 RMK SLP142",2025-10-12 15:18:13.160196,2025-10-12 11:18:13.160241
"CYMH","Mary's Harbor Arpt, NL, CA",2025-10-12 15:00:00,"2025-10-12 12:30:00","VFR",6,-1,310,14,21,9,1026.5,"METAR CYMH 121500Z AUTO 31014G21KT 9SM CLR 06/M01 A3031 RMK SLP266",2025-10-12 15:18:13.166598,2025-10-12 11:18:13.166641
"CYMX","Montreal/Mirabel Arpt, QC, CA",2025-10-12 15:00:00,"2025-10-12 11:00:00","VFR",13,7,50,5,NA,25,1026.8,"METAR CYMX 121500Z 05005KT 320V100 25SM FEW070 FEW250 13/07 A3032 RMK AC1CI1 AC TR SLP270",2025-10-12 15:18:13.173029,2025-10-12 11:18:13.173073
"CYOW","Ottawa/Cartier Intl, ON, CA",2025-10-12 15:00:00,"2025-10-12 11:00:00","VFR",14,7,70,12,NA,15,1025.1,"METAR CYOW 121500Z 07012KT 15SM FEW100 FEW250 14/07 A3027 RMK AC1CI1 AC TR CI TR SLP254",2025-10-12 15:18:13.179514,2025-10-12 11:18:13.179556
"CYPL","Pickle Lake Arpt, ON, CA",2025-10-12 15:00:00,"2025-10-12 10:00:00","VFR",11,8,170,15,25,9,1006.5,"METAR CYPL 121500Z AUTO 17015G25KT 9SM -RA BKN110 BKN130 11/08 A2972 RMK SLP078",2025-10-12 15:18:13.185995,2025-10-12 11:18:13.186038
"CYQB","Quebec/Lesage Intl, QC, CA",2025-10-12 15:00:00,"2025-10-12 11:00:00","VFR",12,5,80,14,NA,30,1030.2,"METAR CYQB 121500Z 08014KT 30SM FEW040 FEW250 12/05 A3042 RMK SC1CI1 SC TR CI TR SLP307",2025-10-12 15:18:13.192471,2025-10-12 11:18:13.192515
"CYQG","Windsor Intl, ON, CA",2025-10-12 15:00:00,"2025-10-12 11:00:00","VFR",17,13,70,10,NA,9,1019,"METAR CYQG 121500Z AUTO 07010KT 9SM FEW015 17/13 A3009 RMK SLP191",2025-10-12 15:18:13.198982,2025-10-12 11:18:13.199026
"CYQM","Moncton Intl, NB, CA",2025-10-12 15:00:00,"2025-10-12 12:00:00","VFR",13,5,70,5,NA,15,1031.9,"METAR CYQM 121500Z 07005KT 030V100 15SM FEW032 FEW260 13/05 A3047 RMK SC1CI2 SC TR SLP321",2025-10-12 15:18:13.205546,2025-10-12 11:18:13.205589
"CYQX","Gander Intl Arpt, NL, CA",2025-10-12 15:00:00,"2025-10-12 12:30:00","VFR",6,-2,350,19,NA,20,1026.8,"METAR CYQX 121500Z 35019KT 20SM SCT035 06/M02 A3032 RMK SC3 SLP277",2025-10-12 15:18:13.212058,2025-10-12 11:18:13.212103
"CYQY","Sydney Arpt, NS, CA",2025-10-12 15:00:00,"2025-10-12 12:00:00","VFR",11,2,20,9,15,15,1031.2,"METAR CYQY 121500Z 02009G15KT 15SM FEW030 SCT230 11/02 A3045 RMK SC2CI2 SLP316",2025-10-12 15:18:13.230629,2025-10-12 11:18:13.230671
"CYRB","Resolute Bay Arpt, NU, CA",2025-10-12 15:00:00,"2025-10-12 10:00:00","VFR",-6,-8,70,13,NA,15,993.3,"METAR CYRB 121500Z 07013KT 15SM -SN OVC047 M06/M08 A2933 RMK SC8 SLP941",2025-10-12 15:18:13.237028,2025-10-12 11:18:13.23707
"CYSJ","Saint John Arpt, NB, CA",2025-10-12 15:00:00,"2025-10-12 12:00:00","VFR",13,4,100,14,NA,15,1030.6,"METAR CYSJ 121500Z 10014KT 050V120 15SM BKN250 13/04 A3043 RMK CI7 SLP309",2025-10-12 15:18:13.243477,2025-10-12 11:18:13.24352
"CYTE","Cape Dorset Arpt, NU, CA",2025-10-12 15:00:00,"2025-10-12 11:00:00","LIFR",3,NA,140,24,34,9,995.7,"METAR CYTE 121500Z AUTO 14024G34KT 9SM OVC003 03/ A2940 RMK PCPN 2.5MM PAST HR DP MISG SLP962",2025-10-12 15:18:13.249974,2025-10-12 11:18:13.250019
"CYUL","Montreal/Trudeau Intl, QC, CA",2025-10-12 15:00:00,"2025-10-12 11:00:00","VFR",14,6,50,10,NA,30,1026.2,"METAR CYUL 121500Z 05010KT 30SM FEW080 FEW250 14/06 A3030 RMK AC1CI1 AC TR CI TR SLP264",2025-10-12 15:18:13.256593,2025-10-12 11:18:13.256636
"CYUY","Rouyn/Noranda Arpt, QC, CA",2025-10-12 15:00:00,"2025-10-12 11:00:00","VFR",14,7,180,7,NA,15,1025.1,"METAR CYUY 121500Z 18007KT 15SM SKC 14/07 A3027 RMK SLP262",2025-10-12 15:18:13.263083,2025-10-12 11:18:13.263127
"CYVP","Kuujjuaq Arpt, QC, CA",2025-10-12 15:00:00,"2025-10-12 11:00:00","VFR",7,1,230,9,17,15,1020.7,"METAR CYVP 121500Z 23009G17KT 15SM OVC042 07/01 A3014 RMK SC8 SLP212",2025-10-12 15:18:13.269613,2025-10-12 11:18:13.269658
"CYVR","Vancouver Intl, BC, CA",2025-10-12 15:00:00,"2025-10-12 08:00:00","VFR",9,7,300,3,NA,20,1009.9,"METAR CYVR 121500Z 30003KT 20SM SCT028 BKN061 09/07 A2982 RMK SC4SC3 SLP100",2025-10-12 15:18:13.276084,2025-10-12 11:18:13.276129
"CYWG","Winnipeg Intl Arpt, MB, CA",2025-10-12 15:00:00,"2025-10-12 10:00:00","IFR",14,13,160,17,NA,15,994.7,"METAR CYWG 121500Z 16017KT 15SM OVC008 14/13 A2937 RMK SC8 SLP950 DENSITY ALT 1500FT",2025-10-12 15:18:13.28264,2025-10-12 11:18:13.282685
"CYWK","Wabush Lake Arpt, NL, CA",2025-10-12 15:00:00,"2025-10-12 12:00:00","VFR",4,-4,210,8,NA,15,1029.9,"METAR CYWK 121500Z 21008KT 15SM FEW240 04/M04 A3041 RMK CI2 SLP327",2025-10-12 15:18:13.289259,2025-10-12 11:18:13.289305
"CYQK","Kenora Arpt, ON, CA",2025-10-12 15:00:00,"2025-10-12 10:00:00","VFR",11,10,150,17,26,15,999.7,"METAR CYQK 121500Z 15017G26KT 130V190 15SM SCT007 BKN063 OVC083 11/10 A2952 RMK SF4SC3AC1 SLP005 DENSITY ALT 1700FT",2025-10-12 15:18:13.295776,2025-10-12 11:18:13.295822
"CYQL","Lethbridge Cnty Arpt, AB, CA",2025-10-12 15:00:00,"2025-10-12 09:00:00","MVFR",0,-2,320,11,16,5,1012.6,"METAR CYQL 121500Z 32011G16KT 5SM -SN BKN015 OVC022 M00/M02 A2990 RMK SC6SC2 SLP157",2025-10-12 15:18:13.302253,2025-10-12 11:18:13.302299
"CYTH","Thompson Arpt, MB, CA",2025-10-12 15:00:00,"2025-10-12 10:00:00","MVFR",10,6,360,8,NA,15,996.7,"METAR CYTH 121500Z 36008KT 15SM BKN024 BKN120 10/06 A2943 RMK SC6AC1 SLP976",2025-10-12 15:18:13.308753,2025-10-12 11:18:13.308798
"CYQR","Regina Intl Arpt, SK, CA",2025-10-12 15:00:00,"2025-10-12 09:00:00","IFR",7,7,340,17,NA,6,993.6,"METAR CYQR 121500Z 34017KT 6SM -RA BR OVC005 07/07 A2934 RMK SC8 CIG RAG CIG VRB 4-6 SLP948 DENSITY ALT 2100FT",2025-10-12 15:18:13.315366,2025-10-12 11:18:13.315411
"CYQT","Thunder Bay Intl, ON, CA",2025-10-12 15:00:00,"2025-10-12 11:00:00","MVFR",13,8,180,12,18,20,1014,"METAR CYQT 121500Z 18012G18KT 20SM BKN023 BKN180 13/08 A2994 RMK SC6AC1 SLP147",2025-10-12 15:18:13.321832,2025-10-12 11:18:13.321876
"CYQU","Grande Prairie Arpt, AB, CA",2025-10-12 15:00:00,"2025-10-12 09:00:00","VFR",-3,-6,320,6,NA,25,1020.7,"METAR CYQU 121500Z 32006KT 25SM BKN038 M03/M06 A3014 RMK SC6 SLP244",2025-10-12 15:18:13.328375,2025-10-12 11:18:13.328419
"CYQV","Yorkton Muni, SK, CA",2025-10-12 15:00:00,"2025-10-12 09:00:00","MVFR",10,7,10,18,27,9,991.3,"METAR CYQV 121500Z AUTO 01018G27KT 9SM BKN016 BKN022 OVC028 10/07 A2927 RMK SLP922 DENSITY ALT 2200FT",2025-10-12 15:18:13.334837,2025-10-12 11:18:13.334882
"CYQW","North Battleford Arpt, SK, CA",2025-10-12 15:00:00,"2025-10-12 09:00:00","LIFR",1,1,320,14,19,2.5,1005.5,"METAR CYQW 121500Z AUTO 32014G19KT 2 1/2SM FZUP BR BKN004 BKN010 OVC016 01/01 A2969 RMK ICE PCPN 0.5MM PAST HR SLP075",2025-10-12 15:18:13.341362,2025-10-12 11:18:13.341405
"CYQZ","Quesnel Arpt, BC, CA",2025-10-12 15:00:00,"2025-10-12 08:00:00","VFR",-2,-6,340,8,NA,9,1016.3,"METAR CYQZ 121500Z AUTO 34008KT 9SM CLR M02/M06 A3001 RMK SLP190",2025-10-12 15:18:13.347869,2025-10-12 11:18:13.347914
"CYRJ","Roberval Arpt, QC, CA",2025-10-12 15:00:00,"2025-10-12 11:00:00","VFR",8,3,0,0,NA,40,1030.6,"METAR CYRJ 121500Z 00000KT 40SM FEW009 FEW080 08/03 A3043 RMK SC1AC1 AC TR SLP315",2025-10-12 15:18:13.366183,2025-10-12 11:18:13.366235
"CYRT","Rankin Inlet Arpt, NU, CA",2025-10-12 15:00:00,"2025-10-12 10:00:00","MVFR",0,0,330,30,38,6,990.3,"METAR CYRT 121500Z 33030G38KT 6SM BR OVC010 00/M00 A2924 RMK SC8 PRESRR SLP906",2025-10-12 15:18:13.372633,2025-10-12 11:18:13.372676
"CYRV","Revelstoke Arpt, BC, CA",2025-10-12 15:00:00,"2025-10-12 08:00:00","VFR",2,2,210,4,NA,9,1010.6,"METAR CYRV 121500Z AUTO 21004KT 160V230 9SM OVC076 02/02 A2984 RMK SLP120",2025-10-12 15:18:13.379121,2025-10-12 11:18:13.379182
"CYSB","Sudbury Arpt, ON, CA",2025-10-12 15:00:00,"2025-10-12 11:00:00","VFR",14,7,130,7,NA,20,1023.5,"METAR CYSB 121500Z 13007KT 20SM SKC 14/07 A3022 RMK SLP241",2025-10-12 15:18:13.385642,2025-10-12 11:18:13.385686
"CYSC","Sherbrooke Arpt, QC, CA",2025-10-12 15:00:00,"2025-10-12 11:00:00","VFR",15,6,50,6,NA,9,1026.8,"METAR CYSC 121500Z AUTO 05006KT 020V100 9SM FEW250 15/06 A3032 RMK SLP275",2025-10-12 15:18:13.392259,2025-10-12 11:18:13.392305
"CYSF","Stony Rapids Arpt, SK, CA",2025-10-12 15:00:00,"2025-10-12 09:00:00","MVFR",1,-3,320,4,NA,9,1011.3,"METAR CYSF 121500Z AUTO 32004KT 280V360 9SM BKN025 01/M03 A2986 RMK SLP127",2025-10-12 15:18:13.398857,2025-10-12 11:18:13.39891
"CYSM","Fort Smith Arpt, NT, CA",2025-10-12 15:00:00,"2025-10-12 09:00:00","MVFR",-1,-2,290,7,NA,15,1017,"METAR CYSM 121500Z 29007KT 15SM FEW015 BKN023 OVC058 M01/M02 A3003 RMK SF2SC5SC1 SLP185",2025-10-12 15:18:13.405441,2025-10-12 11:18:13.405484
"CYSN","St Catharines/Niagara Arpt, ON, CA",2025-10-12 15:00:00,"2025-10-12 11:00:00","MVFR",16,13,120,12,NA,15,1021.1,"METAR CYSN 121500Z 12012KT 15SM BKN022 BKN075 16/13 A3015 RMK SC5AC2 SLP213",2025-10-12 15:18:13.411924,2025-10-12 11:18:13.411968
"CYSY","Sachs Harbour Arpt, NT, CA",2025-10-12 15:00:00,"2025-10-12 09:00:00","IFR",-4,-4,310,14,NA,3,1004.5,"METAR CYSY 121500Z 31014KT 3SM -SN OVC006 M04/M04 A2966 RMK SC8 SLP053",2025-10-12 15:18:13.418431,2025-10-12 11:18:13.418474
"CYTS","Timmins/Power Arpt, ON, CA",2025-10-12 15:00:00,"2025-10-12 11:00:00","VFR",13,9,180,8,NA,15,1023.1,"METAR CYTS 121500Z 18008KT 15SM FEW010 FEW250 13/09 A3021 RMK CF1CI1 CF TR CI TR SLP241",2025-10-12 15:18:13.424941,2025-10-12 11:18:13.424985
"CYUB","Tuktoyaktuk Arpt, NT, CA",2025-10-12 15:00:00,"2025-10-12 09:00:00","VFR",-5,-5,190,5,NA,15,1008.5,"METAR CYUB 121500Z 19005KT 15SM FEW210 M05/M05 A2978 RMK CI1 CI TR SLP088",2025-10-12 15:18:13.431526,2025-10-12 11:18:13.43157
"CYUX","Hall Beach Arpt, NU, CA",2025-10-12 15:00:00,"2025-10-12 11:00:00","IFR",-1,-1,150,9,NA,1.25,997,"METAR CYUX 121500Z 15009KT 1 1/4SM -SN FEW010 OVC024 M01/M01 A2944 RMK ST2SC6 SLP971",2025-10-12 15:18:13.437956,2025-10-12 11:18:13.438
"CYVC","La Ronge Arpt, SK, CA",2025-10-12 15:00:00,"2025-10-12 09:00:00","MVFR",4,1,350,13,21,15,1004.5,"METAR CYVC 121500Z 35013G21KT 15SM -SHRA OVC022 04/01 A2966 RMK SC8 CVCTV CLD EMBD CIG RAG SLP062",2025-10-12 15:18:13.444582,2025-10-12 11:18:13.444626
"CYVM","Broughton Isl/Qikiqtarjuaq Arpt, NU, CA",2025-10-12 15:00:00,"2025-10-12 11:00:00","VFR",1,-4,NA,4,NA,9,1004.1,"METAR CYVM 121500Z AUTO VRB04KT 9SM CLR 01/M04 A2965 RMK SLP041",2025-10-12 15:18:13.451325,2025-10-12 11:18:13.451371
"CYVO","Val D'Or Arpt, QC, CA",2025-10-12 15:00:00,"2025-10-12 11:00:00","VFR",14,7,170,10,NA,15,1025.8,"METAR CYVO 121500Z 17010KT 15SM SKC 14/07 A3029 RMK SLP271",2025-10-12 15:18:13.45782,2025-10-12 11:18:13.457864
"CYVQ","Norman Wells Arpt, NT, CA",2025-10-12 15:00:00,"2025-10-12 09:00:00","VFR",-5,-7,100,8,NA,30,1016.7,"METAR CYVQ 121500Z 10008KT 30SM FEW058 M05/M07 A3002 RMK SC1 SC TR SLP172",2025-10-12 15:18:13.46435,2025-10-12 11:18:13.464394
"CYVT","Buffalo Narrows Arpt, SK, CA",2025-10-12 15:00:00,"2025-10-12 09:00:00","MVFR",2,-1,350,16,26,9,1009.2,"METAR CYVT 121500Z AUTO 35016G26KT 9SM FEW015 BKN021 OVC029 02/M01 A2980 RMK SLP115",2025-10-12 15:18:13.470837,2025-10-12 11:18:13.470882
"CYVV","Wiarton Arpt, ON, CA",2025-10-12 15:00:00,"2025-10-12 11:00:00","VFR",16,11,110,7,NA,15,1021.8,"METAR CYVV 121500Z 11007KT 080V150 15SM FEW013 16/11 A3017 RMK SC1 SC TR SLP219",2025-10-12 15:18:13.47735,2025-10-12 11:18:13.477396
"CYWH","Victoria Harbour Arpt, BC, CA",2025-10-12 15:00:00,"2025-10-12 08:00:00","VFR",11,5,250,9,NA,15,1009.9,"METAR CYWH 121500Z 25009KT 15SM FEW010 FEW020 BKN080 OVC140 11/05 A2982 RMK SF1SC1AC4AC3 SF TR SLP101",2025-10-12 15:18:13.483882,2025-10-12 11:18:13.483926
"CYWL","Williams Lake Rgnl, BC, CA",2025-10-12 15:00:00,"2025-10-12 08:00:00","VFR",-3,-5,300,11,17,15,1012.6,"METAR CYWL 121500Z 30011G17KT 15SM BKN063 M03/M05 A2990 RMK SC7 SLP163",2025-10-12 15:18:13.501829,2025-10-12 11:18:13.501914
"CYMM","Fort McMurray Arpt, AB, CA",2025-10-12 15:00:00,"2025-10-12 09:00:00","MVFR",0,-3,340,12,18,9,1015.7,"METAR CYMM 121500Z AUTO 34012G18KT 9SM BKN016 BKN026 OVC030 M00/M03 A2999 RMK SLP176",2025-10-12 15:18:13.508789,2025-10-12 11:18:13.508832
"CYMO","Moosonee Arpt, ON, CA",2025-10-12 15:00:00,"2025-10-12 11:00:00","VFR",11,7,210,11,NA,9,1021.8,"METAR CYMO 121500Z AUTO 21011KT 9SM CLR 11/07 A3017 RMK SLP219",2025-10-12 15:18:13.515145,2025-10-12 11:18:13.515209
"CYMT","Chibougamau Arpt, QC, CA",2025-10-12 15:00:00,"2025-10-12 11:00:00","VFR",10,3,130,6,NA,9,1028.2,"METAR CYMT 121500Z AUTO 13006KT 100V170 9SM CLR 10/03 A3036 RMK SLP298",2025-10-12 15:18:13.521679,2025-10-12 11:18:13.521724
"CYNA","Natashquan Arpt, QC, CA",2025-10-12 15:00:00,"2025-10-12 11:00:00","VFR",7,-3,310,9,NA,9,1032.9,"METAR CYNA 121500Z AUTO 31009KT 280V010 9SM CLR 07/M03 A3050 RMK SLP331",2025-10-12 15:18:13.528192,2025-10-12 11:18:13.52824
"CYND","Gatineau/Ottawa Exec, QC, CA",2025-10-12 15:00:00,"2025-10-12 11:00:00","VFR",16,6,90,13,NA,15,1025.1,"METAR CYND 121500Z 09013KT 15SM SKC 16/06 A3027 RMK SLP255",2025-10-12 15:18:13.534743,2025-10-12 11:18:13.534787
"CYNE","Norway House Arpt, MB, CA",2025-10-12 15:00:00,"2025-10-12 10:00:00","MVFR",11,8,90,4,NA,9,995.3,"METAR CYNE 121500Z AUTO 09004KT 9SM BKN012 OVC071 11/08 A2939 RMK SLP962 DENSITY ALT 1000FT",2025-10-12 15:18:13.541254,2025-10-12 11:18:13.541299
"CYNM","Matagami Arpt, QC, CA",2025-10-12 15:00:00,"2025-10-12 11:00:00","VFR",12,7,180,5,NA,9,1025.8,"METAR CYNM 121500Z AUTO 18005KT 120V200 9SM CLR 12/07 A3029 RMK SLP270",2025-10-12 15:18:13.54773,2025-10-12 11:18:13.547783
"CYOD","Cold Lake , AB, CA",2025-10-12 15:00:00,"2025-10-12 09:00:00","MVFR",1,-3,340,15,20,15,1010.9,"METAR CYOD 121500Z 34015G20KT 15SM BKN025 OVC040 01/M03 A2985 RMK SC6SC2 DENSITY ALT 551FT SLP132",2025-10-12 15:18:13.554296,2025-10-12 11:18:13.554341
"CYOJ","High Level Arpt, AB, CA",2025-10-12 15:00:00,"2025-10-12 09:00:00","VFR",-4,-7,330,5,NA,15,1021.8,"METAR CYOJ 121500Z 33005KT 15SM FEW040 FEW260 M04/M07 A3017 RMK SC2CI1 CI TR SLP241",2025-10-12 15:18:13.560851,2025-10-12 11:18:13.560895
"CYPA","Prince Albert Arpt, SK, CA",2025-10-12 15:00:00,"2025-10-12 09:00:00","MVFR",3,2,350,12,17,5,1001.4,"METAR CYPA 121500Z 35012G17KT 5SM -RA BR SCT012 OVC027 03/02 A2957 RMK SC3SC5 SLP030",2025-10-12 15:18:13.567498,2025-10-12 11:18:13.567544
"CYPH","Inukjuak Arpt, QC, CA",2025-10-12 15:00:00,"2025-10-12 11:00:00","IFR",6,5,190,25,32,9,1010.6,"METAR CYPH 121500Z AUTO 19025G32KT 9SM OVC007 06/05 A2984 RMK SLP108",2025-10-12 15:18:13.574001,2025-10-12 11:18:13.574045
"CYPQ","Peterborough Muni, ON, CA",2025-10-12 15:00:00,"2025-10-12 11:00:00","VFR",15,10,80,6,NA,9,1022.8,"METAR CYPQ 121500Z AUTO 08006KT 030V110 9SM CLR 15/10 A3020 RMK SLP233",2025-10-12 15:18:13.580523,2025-10-12 11:18:13.580569
"CYPR","Prince Rupert Arpt, BC, CA",2025-10-12 15:00:00,"2025-10-12 08:00:00","VFR",2,1,70,4,NA,9,1018.4,"METAR CYPR 121500Z AUTO 07004KT 9SM CLR 02/01 A3007 RMK SLP187",2025-10-12 15:18:13.58704,2025-10-12 11:18:13.587083
"CYPW","Powell River Arpt, BC, CA",2025-10-12 15:00:00,"2025-10-12 08:00:00","VFR",8,5,290,6,NA,30,1008.9,"METAR CYPW 121500Z 29006KT 30SM FEW014 FEW035 FEW058 BKN075 08/05 A2979 RMK SC1SC1SC1AC6 SC TR SC TR VIS N 5 LO CLD BR SLP093",2025-10-12 15:18:13.593601,2025-10-12 11:18:13.593648
"CYPX","Puvungnituq Arpt, QC, CA",2025-10-12 15:00:00,"2025-10-12 11:00:00","IFR",6,5,180,27,37,9,1005.8,"METAR CYPX 121500Z AUTO 18027G37KT 9SM OVC008 06/05 A2970 RMK SLP062",2025-10-12 15:18:13.600128,2025-10-12 11:18:13.600206
"CYPY","Fort Chipewyan Arpt, AB, CA",2025-10-12 15:00:00,"2025-10-12 09:00:00","MVFR",0,-4,350,7,NA,9,1016.7,"METAR CYPY 121500Z AUTO 35007KT 310V020 9SM OVC026 00/M04 A3002 RMK SLP181",2025-10-12 15:18:13.606663,2025-10-12 11:18:13.606707
"CYMU","Umiujaq Arpt, QC, CA",2025-10-12 15:00:00,"2025-10-12 11:00:00","VFR",10,3,170,18,26,15,1018.4,"METAR CYMU 121500Z 17018G26KT 15SM FEW028 FEW280 10/03 A3007 RMK SC1CI2 SC TR SLP190",2025-10-12 15:18:13.613211,2025-10-12 11:18:13.613258
"CYQD","The Pas Arpt, MB, CA",2025-10-12 15:00:00,"2025-10-12 10:00:00",NA,9,6,350,13,19,NA,997,"METAR CYQD 121500Z AUTO 35013G19KT OVC091 09/06 A2944 RMK WX MISG VIS MISG SLP979",2025-10-12 15:18:13.619839,2025-10-12 11:18:13.619884
"CYQH","Watson Lake Arpt, YT, CA",2025-10-12 15:00:00,"2025-10-12 08:00:00","VFR",-9,-11,0,0,NA,8,1022.8,"METAR CYQH 121500Z 00000KT 8SM PRFG SKC M09/M11 A3020 RMK SLP274",2025-10-12 15:18:13.626404,2025-10-12 11:18:13.626449
"CYQI","Yarmouth Arpt, NS, CA",2025-10-12 15:00:00,"2025-10-12 12:00:00","VFR",14,10,90,11,19,15,1027.5,"METAR CYQI 121500Z 09011G19KT 15SM FEW020 FEW250 OVC260 14/10 A3034 RMK SC1CC1CS7 CC TR SLP277",2025-10-12 15:18:13.645423,2025-10-12 11:18:13.645467
"CYTZ","Toronto/Bishop Arpt, ON, CA",2025-10-12 15:00:00,"2025-10-12 11:00:00","MVFR",17,14,100,11,16,9,1021.1,"METAR CYTZ 121500Z AUTO 10011G16KT 9SM BKN012 BKN019 OVC034 17/14 A3015 RMK SLP212",2025-10-12 15:18:13.651933,2025-10-12 11:18:13.651976
"CYTR","Trenton, ON, CA",2025-10-12 15:00:00,"2025-10-12 11:00:00","VFR",15,9,60,4,NA,15,1022.8,"METAR CYTR 121500Z 06004KT 010V100 15SM BKN050 15/09 A3020 RMK SC7 DENSITY ALT 120FT SLP229",2025-10-12 15:18:13.658473,2025-10-12 11:18:13.658516
"CYQQ","Comox, BC, CA",2025-10-12 15:00:00,"2025-10-12 08:00:00","VFR",10,2,330,14,19,20,1009.6,"METAR CYQQ 121500Z 33014G19KT 20SM SCT060 BKN080 10/02 A2981 RMK SC3AC3 DENSITY ALT -305FT SLP094",2025-10-12 15:18:13.664991,2025-10-12 11:18:13.665035
"CYQA","Muskoka Arpt, ON, CA",2025-10-12 15:00:00,"2025-10-12 11:00:00","VFR",15,9,140,8,15,9,1022.4,"METAR CYQA 121500Z AUTO 14008G15KT 070V160 9SM CLR 15/09 A3019 RMK SLP229",2025-10-12 15:18:13.671668,2025-10-12 11:18:13.67171
"CYPE","Peace River Arpt, AB, CA",2025-10-12 15:00:00,"2025-10-12 09:00:00","MVFR",-2,-6,340,4,NA,9,1020.4,"METAR CYPE 121500Z AUTO 34004KT 9SM BKN026 M02/M06 A3013 RMK SLP235",2025-10-12 15:18:13.678251,2025-10-12 11:18:13.678297
"CYTL","Big Trout Lake Arpt, ON, CA",2025-10-12 15:00:00,"2025-10-12 10:00:00","VFR",11,9,190,13,20,9,1003.5,"METAR CYTL 121500Z AUTO 19013G20KT 9SM -RA SCT034 BKN043 BKN060 OVC078 11/09 A2963 RMK SLP045",2025-10-12 15:18:13.684798,2025-10-12 11:18:13.684842
"CYTQ","Tasiujaq Arpt, QC, CA",2025-10-12 14:00:00,"2025-10-12 10:00:00","MVFR",6,2,210,17,22,15,1018.7,"METAR CYTQ 121400Z 21017G22KT 15SM BKN014 BKN040 06/02 A3008 RMK SC4SC3 LAST OBS NEXT/131200 UTC SLP192",2025-10-12 15:18:13.691345,2025-10-12 11:18:13.691391
"K0F2","Bowie Muni, TX, US",2025-10-12 15:15:00,"2025-10-12 15:15:00","VFR",24.2,13.7,170,8,NA,NA,1011.3,"METAR K0F2 121515Z AUTO 17008KT 10SM CLR 24/14 A2986 RMK AO2 T02420137",2025-10-12 15:18:15.559685,2025-10-12 11:18:15.559729
"K0E0","Moriarty Muni, NM, US",2025-10-12 15:15:00,"2025-10-12 15:15:00","VFR",15.4,12.7,250,9,NA,NA,1016.7,"METAR K0E0 121515Z AUTO 25009KT 10SM BKN090 15/13 A3002 RMK AO2 T01540127",2025-10-12 15:18:15.566372,2025-10-12 11:18:15.566416
"K08D","Stanley Muni, ND, US",2025-10-12 15:15:00,"2025-10-12 15:15:00","MVFR",10,9,300,21,30,NA,992.6,"METAR K08D 121515Z AUTO 30021G30KT 10SM OVC011 10/09 A2931 RMK AO2",2025-10-12 15:18:15.572872,2025-10-12 11:18:15.572917
"K06D","Rolla Muni, ND, US",2025-10-12 15:15:00,"2025-10-12 15:15:00","LIFR",13,13,180,12,NA,0.5,992,"METAR K06D 121515Z AUTO 18012KT 1/2SM BR OVC002 13/13 A2929 RMK AO2",2025-10-12 15:18:15.579364,2025-10-12 11:18:15.579407
"CZPC","Pincher Creek Arpt, AB, CA",2025-10-12 15:14:00,"2025-10-12 09:14:00","MVFR",-2,-3,250,4,NA,3,1013.3,"SPECI CZPC 121514Z AUTO 25004KT 3SM -SN BKN028 OVC039 M02/M03 A2992 RMK SLP163",2025-10-12 15:18:15.585894,2025-10-12 11:18:15.585942
"CYYQ","Churchill Arpt, MB, CA",2025-10-12 15:09:00,"2025-10-12 10:09:00","MVFR",5,4,330,22,31,12,997.4,"SPECI CYYQ 121509Z 33022G31KT 12SM -RA OVC010 05/04 A2945 RMK SC8 CIG VRB 008-012 SLP977",2025-10-12 15:18:15.592388,2025-10-12 11:18:15.592433
"CYXL","Sioux Lookout Arpt, ON, CA",2025-10-12 15:05:00,"2025-10-12 10:05:00","VFR",11,10,150,10,18,12,1005.5,"SPECI CYXL 121505Z 15010G18KT 12SM -SHRA SCT047 BKN069 OVC100 11/10 A2969 RMK SC4AC1AC3 CVCTV CLD EMBD BR PRESFR SLP064",2025-10-12 15:18:15.598962,2025-10-12 11:18:15.599006
"CZSJ","Sandy Lake Arpt, ON, CA",2025-10-12 15:05:00,"2025-10-12 10:05:00","MVFR",10,9,160,8,NA,9,999.1,"SPECI CZSJ 121505Z AUTO 16008KT 130V190 9SM OVC010 10/09 A2950 RMK SLP999",2025-10-12 15:18:15.605467,2025-10-12 11:18:15.605512
"CYXT","Terrace Arpt, BC, CA",2025-10-12 15:00:00,"2025-10-12 08:00:00","VFR",3,-2,20,16,21,20,1020.4,"METAR CYXT 121500Z 02016G21KT 20SM SCT072 03/M02 A3013 RMK AC4 SLP214",2025-10-12 15:18:15.624053,2025-10-12 11:18:15.624095
"CZMT","Masset Arpt, BC, CA",2025-10-12 15:00:00,"2025-10-12 08:00:00","VFR",8,5,20,4,NA,15,1019.7,"METAR CZMT 121500Z 02004KT 15SM FEW013 08/05 A3011 RMK CF1 SLP200",2025-10-12 15:18:15.630514,2025-10-12 11:18:15.630558
"CYXX","Abbotsford Intl, BC, CA",2025-10-12 15:00:00,"2025-10-12 08:00:00","VFR",9,8,180,3,NA,30,1010.2,"METAR CYXX 121500Z 18003KT 30SM BKN047 OVC060 09/08 A2983 RMK SC5SC3 SLP104",2025-10-12 15:18:15.637082,2025-10-12 11:18:15.637125
"CYYW","Armstrong Arpt, ON, CA",2025-10-12 15:00:00,"2025-10-12 11:00:00","MVFR",12,8,170,12,17,9,1011.9,"METAR CYYW 121500Z AUTO 17012G17KT 9SM BKN019 12/08 A2988 RMK SLP121",2025-10-12 15:18:15.643619,2025-10-12 11:18:15.643663
"CZMD","Muskrat Dam Arpt, ON, CA",2025-10-12 15:00:00,"2025-10-12 10:00:00","MVFR",9,9,160,6,NA,5,1001.1,"METAR CZMD 121500Z AUTO 16006KT 120V190 5SM -RA BR FEW010 SCT014 BKN025 OVC030 09/09 A2956 RMK PCPN 2.5MM PAST HR SLP021",2025-10-12 15:18:15.650228,2025-10-12 11:18:15.650277
"CYXU","London Intl, ON, CA",2025-10-12 15:00:00,"2025-10-12 11:00:00","MVFR",15,12,70,12,NA,15,1020.1,"METAR CYXU 121500Z 07012KT 15SM BKN014 15/12 A3012 RMK SC5 SLP206",2025-10-12 15:18:15.656828,2025-10-12 11:18:15.656873
"CYXY","Whitehorse Arpt, YT, CA",2025-10-12 15:00:00,"2025-10-12 08:00:00","VFR",-5,-7,180,14,NA,40,1018.7,"METAR CYXY 121500Z 18014KT 40SM SCT210 SCT260 M05/M07 A3008 RMK CC3CI1 CI TR SLP231",2025-10-12 15:18:15.663391,2025-10-12 11:18:15.663439
"CYYJ","Victoria Intl, BC, CA",2025-10-12 15:00:00,"2025-10-12 08:00:00","VFR",10,9,10,2,NA,20,1009.6,"METAR CYYJ 121500Z 01002KT 20SM -RA FEW009 FEW013 SCT026 OVC039 10/09 A2981 RMK SF1SC2SC2SC4 SF TR VIS LWR W SLP097",2025-10-12 15:18:15.670093,2025-10-12 11:18:15.670137
"CYYT","St Johns Intl, NL, CA",2025-10-12 15:00:00,"2025-10-12 12:30:00","VFR",6,-2,350,17,NA,15,1025.5,"METAR CYYT 121500Z 35017KT 15SM BKN032 06/M02 A3028 RMK SC7 SLP259",2025-10-12 15:18:15.676682,2025-10-12 11:18:15.676725
"CYYZ","Toronto/Pearson Intl, ON, CA",2025-10-12 15:00:00,"2025-10-12 11:00:00","MVFR",14,12,60,9,NA,15,1021.4,"METAR CYYZ 121500Z 06009KT 15SM BKN011 BKN020 14/12 A3016 RMK ST6SC1 SLP216",2025-10-12 15:18:15.68331,2025-10-12 11:18:15.683355
"CYZF","Yellowknife Arpt, NT, CA",2025-10-12 15:00:00,"2025-10-12 09:00:00","VFR",-1,-4,290,10,17,15,1017,"METAR CYZF 121500Z 29010G17KT 15SM SCT015 BKN058 BKN180 M01/M04 A3003 RMK SC3SC3AC1 SLP188",2025-10-12 15:18:15.689926,2025-10-12 11:18:15.689972
"CYZV","Sept-Îles Arpt, QC, CA",2025-10-12 15:00:00,"2025-10-12 11:00:00","VFR",7,-3,170,8,NA,30,1034.6,"METAR CYZV 121500Z 17008KT 30SM FEW140 07/M03 A3055 RMK AC1 AC TR SLP352",2025-10-12 15:18:15.696529,2025-10-12 11:18:15.696573
"CYZY","Mackenzie Arpt, BC, CA",2025-10-12 15:00:00,"2025-10-12 15:00:00","VFR",-1,-8,350,5,NA,9,1021.8,"METAR CYZY 121500Z AUTO 35005KT 280V030 9SM CLR M01/M08 A3017 RMK SLP252",2025-10-12 15:18:15.703072,2025-10-12 11:18:15.703118
"CZBF","Bathurst Arpt, NB, CA",2025-10-12 15:00:00,"2025-10-12 12:00:00","VFR",10,1,70,6,NA,9,1034.3,"METAR CZBF 121500Z AUTO 07006KT 030V110 9SM CLR 10/01 A3054 RMK SLP345",2025-10-12 15:18:15.709776,2025-10-12 11:18:15.70982
"CYYH","Taloyoak Arpt, NU, CA",2025-10-12 15:00:00,"2025-10-12 09:00:00","VFR",-4,-4,310,5,NA,13,996.4,"METAR CYYH 121500Z 31005KT 13SM FEW005 FEW017 BKN031 BKN058 M04/M04 A2942 RMK CF1SC2SC4SC1 CF TR VIS SE-S 6 DIST PCPN SLP968",2025-10-12 15:18:15.716333,2025-10-12 11:18:15.716378
"CYYN","Swift Current Arpt, SK, CA",2025-10-12 15:00:00,"2025-10-12 09:00:00","LIFR",0,0,320,16,22,1.75,1001.1,"METAR CYYN 121500Z AUTO 32016G22KT 1 3/4SM -SN OVC002 M00/M00 A2956 RMK PCPN 0.5MM PAST HR SLP025",2025-10-12 15:18:15.722904,2025-10-12 11:18:15.722948
"CYYY","Mont Joli Arpt, QC, CA",2025-10-12 15:00:00,"2025-10-12 11:00:00","VFR",9,1,60,12,NA,30,1032.9,"METAR CYYY 121500Z 06012KT 30SM SKC 09/01 A3050 RMK SLP334",2025-10-12 15:18:15.729432,2025-10-12 11:18:15.729477
"CYZE","Gore Bay/Manitoulin Arpt, ON, CA",2025-10-12 15:00:00,"2025-10-12 11:00:00","VFR",16,11,100,11,NA,9,1021.4,"METAR CYZE 121500Z AUTO 10011KT 9SM CLR 16/11 A3016 RMK SLP218",2025-10-12 15:18:15.735955,2025-10-12 11:18:15.736
"CYZH","Slave Lake Arpt, AB, CA",2025-10-12 15:00:00,"2025-10-12 09:00:00","MVFR",0,-6,340,8,15,9,1018,"METAR CYZH 121500Z AUTO 34008G15KT 290V020 9SM OVC030 M00/M06 A3006 RMK SLP208",2025-10-12 15:18:15.742511,2025-10-12 11:18:15.742555
"CYZP","Sandspit Arpt, BC, CA",2025-10-12 15:00:00,"2025-10-12 08:00:00","VFR",8,3,320,12,NA,9,1019,"METAR CYZP 121500Z AUTO 32012KT 9SM CLR 08/03 A3009 RMK SLP191",2025-10-12 15:18:15.761128,2025-10-12 11:18:15.76119
"CYZR","Sarnia/Hadfield Arpt, ON, CA",2025-10-12 15:00:00,"2025-10-12 11:00:00","VFR",17,12,130,6,NA,9,1019.4,"METAR CYZR 121500Z AUTO 13006KT 9SM CLR 17/12 A3010 RMK SLP197 DENSITY ALT 800FT",2025-10-12 15:18:15.767643,2025-10-12 11:18:15.767686
"CYZS","Coral Harbour Arpt, NU, CA",2025-10-12 15:00:00,"2025-10-12 10:00:00","IFR",3,3,170,11,NA,6,984.8,"METAR CYZS 121500Z 17011KT 6SM BR OVC006 03/03 A2908 RMK ST8 SLP853",2025-10-12 15:18:15.774049,2025-10-12 11:18:15.774094
"CYZT","Port Hardy Arpt, BC, CA",2025-10-12 15:00:00,"2025-10-12 08:00:00","VFR",8,6,280,6,NA,15,1012.3,"METAR CYZT 121500Z 28006KT 260V340 15SM FEW020 SCT180 08/06 A2989 RMK SC2AC1 SLP123",2025-10-12 15:18:15.780513,2025-10-12 11:18:15.780556
"CYZU","Whitecourt Arpt, AB, CA",2025-10-12 15:00:00,"2025-10-12 09:00:00","MVFR",-1,-4,310,9,NA,NA,1017,"METAR CYZU 121500Z 31009KT 10SM -SN OVC025 M01/M04 A3003 RMK CU8 VIS LWR N SLP205",2025-10-12 15:18:15.787184,2025-10-12 11:18:15.787232
"CZEM","Eastmain River Arpt, QC, CA",2025-10-12 15:00:00,"2025-10-12 11:00:00","VFR",12,5,180,5,NA,15,1023.1,"METAR CZEM 121500Z 18005KT 15SM FEW100 FEW200 12/05 A3021 RMK AC1CI1 AC TR CI TR SLP232",2025-10-12 15:18:15.793721,2025-10-12 11:18:15.793765
"CZFA","Faro Arpt, YT, CA",2025-10-12 15:00:00,"2025-10-12 08:00:00","VFR",-9,-10,120,6,NA,30,1019.7,"METAR CZFA 121500Z 12006KT 30SM FEW170 BKN230 M09/M10 A3011 RMK AC1CC6 FROIN SLP247",2025-10-12 15:18:15.800342,2025-10-12 11:18:15.800389
"CZUM","Churchill Falls Arpt, NL, CA",2025-10-12 15:00:00,"2025-10-12 12:00:00","VFR",5,-2,250,7,15,9,1028.9,"METAR CZUM 121500Z AUTO 25007G15KT 200V280 9SM CLR 05/M02 A3038 RMK SLP313",2025-10-12 15:18:15.806871,2025-10-12 11:18:15.806914
"CYXC","Cranbrook Intl, BC, CA",2025-10-12 15:00:00,"2025-10-12 09:00:00","VFR",4,-1,140,12,NA,25,1008.5,"METAR CYXC 121500Z 14012KT 25SM FEW033 BKN065 OVC120 04/M01 A2978 RMK SC2SC4AC2 SLP103",2025-10-12 15:18:15.813395,2025-10-12 11:18:15.813439
"CYXE","Saskatoon/Diefenbaker Intl, SK, CA",2025-10-12 15:00:00,"2025-10-12 09:00:00","MVFR",2,1,340,13,22,8,1001.4,"METAR CYXE 121500Z 34013G22KT 8SM -RA BKN010 OVC022 02/01 A2957 RMK SC7SC1 SLP029",2025-10-12 15:18:15.819896,2025-10-12 11:18:15.81994
"CYXR","Earlton Arpt, ON, CA",2025-10-12 15:00:00,"2025-10-12 11:00:00","VFR",9,9,170,4,NA,9,1024.8,"METAR CYXR 121500Z AUTO 17004KT 9SM SCT002 09/09 A3026 RMK SLP257",2025-10-12 15:18:15.826365,2025-10-12 11:18:15.826408
"CYXS","Prince George Arpt, BC, CA",2025-10-12 15:00:00,"2025-10-12 08:00:00","VFR",-5,-8,10,8,NA,9,1017.7,"METAR CYXS 121500Z AUTO 01008KT 9SM CLR M05/M08 A3005 RMK SLP215",2025-10-12 15:18:15.832796,2025-10-12 11:18:15.832841
"CYXZ","Wawa Arpt, ON, CA",2025-10-12 15:00:00,"2025-10-12 11:00:00","MVFR",12,9,190,4,NA,15,1020.4,"METAR CYXZ 121500Z 19004KT 140V240 15SM BKN015 12/09 A3013 RMK SC7 SLP213",2025-10-12 15:18:15.839275,2025-10-12 11:18:15.83932
"CYYB","North Bay/Garland Arpt, ON, CA",2025-10-12 15:00:00,"2025-10-12 11:00:00","VFR",14,7,110,12,21,30,1024.1,"METAR CYYB 121500Z 11012G21KT 30SM SKC 14/07 A3024 RMK SLP249",2025-10-12 15:18:15.845841,2025-10-12 11:18:15.845892
"CYYE","Fort Nelson Arpt, BC, CA",2025-10-12 15:00:00,"2025-10-12 08:00:00","VFR",-2,-5,200,2,NA,30,1024.1,"METAR CYYE 121500Z 20002KT 30SM BKN060 M02/M05 A3024 RMK SC6 SLP265",2025-10-12 15:18:15.852397,2025-10-12 11:18:15.852452
"CYYG","Charlottetown Arpt, PE, CA",2025-10-12 15:00:00,"2025-10-12 12:00:00","VFR",13,4,50,7,NA,15,1031.9,"METAR CYYG 121500Z 05007KT 15SM FEW030 BKN240 13/04 A3047 RMK SC1CI5 SLP321",2025-10-12 15:18:15.858887,2025-10-12 11:18:15.858931
"CYZX","Greenwood , NS, CA",2025-10-12 15:00:00,"2025-10-12 12:00:00","VFR",15,3,80,8,15,15,1030.2,"METAR CYZX 121500Z 08008G15KT 010V120 15SM BKN250 15/03 A3042 RMK CI7 DENSITY ALT -357FT SLP302",2025-10-12 15:18:15.865344,2025-10-12 11:18:15.86539
"CYYD","Smithers Arpt, BC, CA",2025-10-12 15:00:00,"2025-10-12 08:00:00","VFR",0,-1,NA,3,NA,25,1021.8,"METAR CYYD 121500Z VRB03KT 25SM FEW060 BKN100 M00/M01 A3017 RMK SC1AC5 SLP240",2025-10-12 15:18:15.871898,2025-10-12 11:18:15.871943
"CYXJ","Fort St John/N Peace Rgnl, BC, CA",2025-10-12 15:00:00,"2025-10-12 08:00:00","VFR",-5,-7,340,8,NA,60,1022.1,"METAR CYXJ 121500Z 34008KT 60SM FEW025 FEW088 M05/M07 A3018 RMK SC1AC1 SC TR SLP261",2025-10-12 15:18:15.878466,2025-10-12 11:18:15.87851
"CYYC","Calgary Intl, AB, CA",2025-10-12 15:00:00,"2025-10-12 09:00:00","MVFR",-1,-4,340,13,NA,9,1012.6,"METAR CYYC 121500Z 34013KT 9SM -SN SCT014 OVC027 M01/M04 A2990 RMK SF3SC5 PCPN VRY LGT SLP175",2025-10-12 15:18:15.896972,2025-10-12 11:18:15.897019
"CYYU","Kapuskasing Arpt, ON, CA",2025-10-12 15:00:00,"2025-10-12 11:00:00","VFR",11,9,170,10,NA,15,1021.4,"METAR CYYU 121500Z 17010KT 15SM FEW005 FEW130 FEW260 11/09 A3016 RMK SF1AC1CI1 SF TR CI TR SLP223",2025-10-12 15:18:15.903567,2025-10-12 11:18:15.903609
"CZST","Stewart Arpt, BC, CA",2025-10-12 15:00:00,"2025-10-12 08:00:00","VFR",-2,-2,0,0,NA,15,1022.1,"METAR CZST 121500Z 00000KT 15SM SKC M02/M02 A3018 RMK FROIN SLP223",2025-10-12 15:18:15.909971,2025-10-12 11:18:15.910014
"CYXH","Medicine Hat Arpt, AB, CA",2025-10-12 15:00:00,"2025-10-12 09:00:00","IFR",1,0,320,16,22,1,1009.9,"METAR CYXH 121500Z 32016G22KT 1SM -SN VV008 01/M00 A2982 RMK SN8 SLP117",2025-10-12 15:18:15.916455,2025-10-12 11:18:15.916498
"CYYF","Penticton Rgnl, BC, CA",2025-10-12 15:00:00,"2025-10-12 08:00:00","VFR",8,0,310,5,NA,15,1010.6,"METAR CYYF 121500Z 31005KT 260V330 15SM SCT073 BKN120 08/00 A2984 RMK AC4AC3 SLP113",2025-10-12 15:18:15.922935,2025-10-12 11:18:15.922981
"CYYR","Goose Bay Arpt, NL, CA",2025-10-12 15:00:00,"2025-10-12 12:00:00","VFR",9,-1,250,7,NA,15,1028.9,"METAR CYYR 121500Z 25007KT 15SM FEW100 FEW240 09/M01 A3038 RMK AC1CI1 DENSITY ALT -1014FT SLP290",2025-10-12 15:18:15.929497,2025-10-12 11:18:15.929542
"CZVL","Edmonton/Villenueve Arpt, AB, CA",2025-10-12 15:00:00,"2025-10-12 15:00:00","MVFR",0,-4,330,18,NA,9,1015,"METAR CZVL 121500Z AUTO 33018KT 9SM BKN027 OVC034 00/M04 A2997 RMK SLP178",2025-10-12 15:18:15.935952,2025-10-12 11:18:15.935998
"K06C","Schaumburg Rgnl, IL, US",2025-10-12 14:55:00,"2025-10-12 14:55:00","VFR",14.8,10.1,120,7,NA,NA,1017.4,"METAR K06C 121455Z AUTO 12007KT 10SM CLR 15/10 A3004 RMK AO2 T01480101",2025-10-12 15:18:15.942523,2025-10-12 11:18:15.94257
"K05U","Eureka Arpt, NV, US",2025-10-12 14:55:00,"2025-10-12 07:55:00","VFR",1,-4,0,0,NA,NA,1018.4,"METAR K05U 121455Z AUTO 00000KT 10SM CLR 01/M04 A3007 RMK A01",2025-10-12 15:18:15.949062,2025-10-12 11:18:15.949109
"K0A9","Elizabethton Muni, TN, US",2025-10-12 14:55:00,"2025-10-12 14:55:00","VFR",16,10,NA,4,NA,NA,1013.6,"METAR K0A9 121455Z AUTO VRB04KT 10SM CLR 16/10 A2993 RMK AO2",2025-10-12 15:18:15.955829,2025-10-12 11:18:15.955875
"K0D8","Gettysburg Muni, SD, US",2025-10-12 14:55:00,"2025-10-12 14:55:00","VFR",18,17,230,11,16,NA,997.4,"METAR K0D8 121455Z AUTO 23011G16KT 10SM CLR 18/17 A2945 RMK A01",2025-10-12 15:18:15.962419,2025-10-12 11:18:15.962465
"K14Y","Long Prairie Muni, MN, US",2025-10-12 15:15:00,"2025-10-12 15:15:00","VFR",13,11,150,20,27,NA,1004.1,"METAR K14Y 121515Z AUTO 15020G27KT 10SM -RA SCT018 SCT034 OVC090 13/11 A2965 RMK AO2",2025-10-12 15:18:17.366025,2025-10-12 11:18:17.366071
"K11R","Brenham Muni, TX, US",2025-10-12 15:15:00,"2025-10-12 15:15:00","VFR",23.3,16.2,0,0,NA,NA,1013.3,"METAR K11R 121515Z AUTO 00000KT 10SM CLR 23/16 A2992 RMK AO2 T02330162",2025-10-12 15:18:17.372671,2025-10-12 11:18:17.372715
"K0S9","Port Townsend/Jefferson Cnty, WA, US",2025-10-12 15:15:00,"2025-10-12 08:15:00","IFR",8,8,0,0,NA,8,1009.9,"METAR K0S9 121515Z AUTO 00000KT 8SM BKN006 BKN120 08/08 A2982 RMK AO2",2025-10-12 15:18:17.379076,2025-10-12 11:18:17.379121
"K1R7","Brookhaven/Lincoln Cnty Arpt, MS, US",2025-10-12 15:15:00,"2025-10-12 15:15:00","VFR",22,12,0,0,NA,NA,1015,"METAR K1R7 121515Z AUTO 00000KT 10SM CLR 22/12 A2997 RMK A01 TSNO",2025-10-12 15:18:17.385651,2025-10-12 11:18:17.385702
"K1F0","Ardmore/Downtown Exec, OK, US",2025-10-12 15:15:00,"2025-10-12 10:15:00","VFR",25.7,14,250,7,NA,NA,1011.6,"METAR K1F0 121515Z AUTO 25007KT 10SM CLR 26/14 A2987 RMK AO2 T02570140",2025-10-12 15:18:17.392182,2025-10-12 11:18:17.39223
"K1B9","Mansfield Muni, MA, US",2025-10-12 15:15:00,"2025-10-12 15:15:00","MVFR",12.9,11.7,40,9,NA,4,1022.4,"METAR K1B9 121515Z AUTO 04009KT 4SM -RA BR OVC012 13/12 A3019 RMK AO2 RAB1457 CIG 010V017 P0000 T01290117 $",2025-10-12 15:18:17.39859,2025-10-12 11:18:17.398635
"K0V4","Brookneal/Campbell Cnty, VA, US",2025-10-12 15:15:00,"2025-10-12 15:15:00","MVFR",17,16,50,10,19,5,1011.3,"METAR K0V4 121515Z AUTO 05010G19KT 5SM OVC010 17/16 A2986 RMK AO1",2025-10-12 15:18:17.416199,2025-10-12 11:18:17.41629
"K0VG","Jonesville/Lee Cnty, VA, US",2025-10-12 15:15:00,"2025-10-12 15:15:00","VFR",18,11,0,0,NA,NA,1014.6,"METAR K0VG 121515Z AUTO 00000KT 10SM CLR 18/11 A2996 RMK AO2",2025-10-12 15:18:17.423389,2025-10-12 11:18:17.423433
"K13K","Eureka Muni, KS, US",2025-10-12 15:15:00,"2025-10-12 15:15:00","VFR",22.4,15.8,160,17,NA,NA,1009.2,"METAR K13K 121515Z AUTO 16017KT 10SM CLR 22/16 A2980 RMK AO2 T02240158",2025-10-12 15:18:17.429853,2025-10-12 11:18:17.429897
"K10G","Millersburg/Holmes Cnty, OH, US",2025-10-12 15:15:00,"2025-10-12 15:15:00","VFR",15,12,40,4,NA,NA,1017.7,"METAR K10G 121515Z AUTO 04004KT 10SM CLR 15/12 A3005 RMK AO2",2025-10-12 15:18:17.436383,2025-10-12 11:18:17.436426
"K15M","Iuka Arpt, MS, US",2025-10-12 15:15:00,"2025-10-12 15:15:00","VFR",20.2,14.8,120,3,NA,NA,1014.6,"METAR K15M 121515Z AUTO 12003KT 10SM CLR 20/15 A2996 RMK AO2 T02020148",2025-10-12 15:18:17.442918,2025-10-12 11:18:17.442972
"K0W3","Churchville/Hartford Cnty, MD, US",2025-10-12 15:05:00,"2025-10-12 15:05:00","MVFR",16.6,14.4,40,14,19,NA,1015.3,"METAR K0W3 121505Z AUTO 04014G19KT 10SM BKN029 BKN130 17/14 A2998 RMK AO2 CIG 027V032 T01660144 $",2025-10-12 15:18:17.449743,2025-10-12 11:18:17.449789
"K1A5","Franklin/Macon Cnty, NC, US",2025-10-12 15:05:00,"2025-10-12 15:05:00","VFR",12.2,11.2,0,0,NA,NA,1015,"METAR K1A5 121505Z AUTO 00000KT 10SM SCT002 12/11 A2997 RMK AO2 T01220112",2025-10-12 15:18:17.456513,2025-10-12 11:18:17.456559
"K0J4","Florala Muni, AL, US",2025-10-12 14:58:00,"2025-10-12 14:58:00",NA,23.9,12.2,30,3,NA,NA,1013.3,"METAR K0J4 121458Z AUTO 03003KT 10SM 24/12 A2992 RMK AO2 SLP127 T02390122 $",2025-10-12 15:18:17.46305,2025-10-12 11:18:17.463097
"K1M4","Haleyville/Posey Fld, AL, US",2025-10-12 14:56:00,"2025-10-12 14:56:00","VFR",20,13.3,20,3,NA,NA,1015.3,"METAR K1M4 121456Z AUTO 02003KT 10SM CLR 20/13 A2998 RMK AO2 SLP911 T02000133 51009 $",2025-10-12 15:18:17.469664,2025-10-12 11:18:17.46971
"K1M5","Portland Muni, TN, US",2025-10-12 14:55:00,"2025-10-12 14:55:00","VFR",18,13,20,4,NA,NA,1015,"METAR K1M5 121455Z AUTO 02004KT 10SM CLR 18/13 A2997 RMK A01",2025-10-12 15:18:17.476308,2025-10-12 11:18:17.476355
"K0R4","Vidalia/Concordia Arpt, LA, US",2025-10-12 14:55:00,"2025-10-12 14:55:00","VFR",25.4,15.6,0,0,NA,NA,1015.3,"METAR K0R4 121455Z AUTO 00000KT 10SM CLR 25/16 A2998 RMK AO2 T02540156",2025-10-12 15:18:17.482866,2025-10-12 11:18:17.482911
"K17J","Donaldsonville Muni, GA, US",2025-10-12 14:55:00,"2025-10-12 14:55:00","VFR",21,12,10,5,NA,NA,1013,"METAR K17J 121455Z AUTO 01005KT 10SM CLR 21/12 A2991 RMK AO2",2025-10-12 15:18:17.48947,2025-10-12 11:18:17.489517
"K19S","Sublette Muni, KS, US",2025-10-12 14:55:00,"2025-10-12 14:55:00","VFR",22.3,13.5,220,13,18,NA,1005.5,"METAR K19S 121455Z AUTO 22013G18KT 10SM CLR 22/14 A2969 RMK AO2 T02230135",2025-10-12 15:18:17.496043,2025-10-12 11:18:17.496088
"K1D8","Redfield Muni, SD, US",2025-10-12 14:55:00,"2025-10-12 14:55:00","VFR",19,16,160,16,24,NA,996.4,"METAR K1D8 121455Z AUTO 16016G24KT 10SM CLR 19/16 A2942 RMK AO2",2025-10-12 15:18:17.502578,2025-10-12 11:18:17.502623
"K10U","Owyhee Arpt, NV, US",2025-10-12 14:55:00,"2025-10-12 14:55:00","VFR",2,-3,210,6,NA,NA,1016.3,"METAR K10U 121455Z AUTO 21006KT 10SM OVC040 02/M03 A3001 RMK AO2",2025-10-12 15:18:17.509137,2025-10-12 11:18:17.509205
"K16J","Dawson Muni, GA, US",2025-10-12 14:55:00,"2025-10-12 14:55:00",NA,21,16,360,5,NA,NA,1012.3,"METAR K16J 121455Z AUTO 36005KT 10SM 21/16 A2989 RMK AO2",2025-10-12 15:18:17.515703,2025-10-12 11:18:17.51575
"K18A","Canon/Franklin Cnty, GA, US",2025-10-12 14:55:00,"2025-10-12 14:55:00","VFR",19,11.6,10,4,NA,NA,1011.9,"METAR K18A 121455Z AUTO 01004KT 10SM CLR 19/12 A2988 RMK AO2 T01900116",2025-10-12 15:18:17.522301,2025-10-12 11:18:17.522348
"K1H2","Effingham Cnty, IL, US",2025-10-12 14:55:00,"2025-10-12 14:55:00","VFR",17.5,9.7,90,3,NA,NA,1016.7,"METAR K1H2 121455Z AUTO 09003KT 10SM CLR 18/10 A3002 RMK AO2 T01750097",2025-10-12 15:18:17.528814,2025-10-12 11:18:17.52887
"K1A6","Middlesboro/Bell Cnty, KY, US",2025-10-12 14:55:00,"2025-10-12 14:55:00","LIFR",10.9,10.9,0,0,NA,NA,1015.7,"METAR K1A6 121455Z AUTO 00000KT 10SM OVC003 11/11 A2999 RMK AO2 T01090109",2025-10-12 15:18:17.535379,2025-10-12 11:18:17.535427
"K0R0","Columbia/Marion Cnty, MS, US",2025-10-12 14:55:00,"2025-10-12 14:55:00",NA,21,16,0,0,NA,NA,1014.6,"METAR K0R0 121455Z AUTO 00000KT CLR 21/16 A2996 RMK AO2",2025-10-12 15:18:17.541885,2025-10-12 11:18:17.541929
"K1U7","Paris/Bear Lake Cnty Arpt, ID, US",2025-10-12 14:55:00,"2025-10-12 14:55:00","VFR",3,0,230,10,NA,NA,1016,"METAR K1U7 121455Z AUTO 23010KT 10SM OVC055 03/M00 A3000 RMK A01",2025-10-12 15:18:17.560713,2025-10-12 11:18:17.560759
"K12N","Andover/Aeroflex Arpt, NJ, US",2025-10-12 14:54:00,"2025-10-12 14:54:00",NA,13.3,11.1,40,7,NA,NA,1019.7,"METAR K12N 121454Z AUTO 04007KT 010V070 13/11 A3011 RMK AO1 SLP195 P0001 60001 T01330111 56001",2025-10-12 15:18:17.56725,2025-10-12 11:18:17.567295
"K1R8","Bay Minette Muni, AL, US",2025-10-12 14:50:00,"2025-10-12 14:50:00","VFR",21,14,0,0,NA,NA,1013,"METAR K1R8 121450Z AUTO 00000KT 10SM CLR 21/14 A2991 RMK AO2",2025-10-12 15:18:17.573897,2025-10-12 11:18:17.573944
"K1D1","Milbank Muni, SD, US",2025-10-12 14:50:00,"2025-10-12 14:50:00","VFR",16,16,150,15,NA,NA,1000.1,"METAR K1D1 121450Z AUTO 15015KT 10SM BKN080 OVC090 16/16 A2953 RMK AO2",2025-10-12 15:18:17.580505,2025-10-12 11:18:17.580551
"K27K","Georgetown/Scott Cnty, KY, US",2025-10-12 15:15:00,"2025-10-12 15:15:00","VFR",17,11.6,NA,3,NA,6,1015,"METAR K27K 121515Z AUTO VRB03KT 6SM HZ CLR 17/12 A2997 RMK AO2 T01700116 $",2025-10-12 15:18:18.905524,2025-10-12 11:18:18.905567
"K2D5","Oakes Muni, ND, US",2025-10-12 15:15:00,"2025-10-12 15:15:00",NA,19,16,170,24,31,NA,995.7,"METAR K2D5 121515Z AUTO 17024G31KT CLR 19/16 A2940 RMK AO2",2025-10-12 15:18:18.912178,2025-10-12 11:18:18.912225
"K2R2","Indianapolis/Hendrick Cnty, IN, US",2025-10-12 15:15:00,"2025-10-12 15:15:00",NA,16.6,10.7,70,4,NA,NA,1017,"METAR K2R2 121515Z AUTO 07004KT CLR 17/11 A3003 RMK AO2 T01660107 PWINO TSNO $",2025-10-12 15:18:18.918624,2025-10-12 11:18:18.918667
"K3F3","Mansfield/Williams Arpt, LA, US",2025-10-12 15:15:00,"2025-10-12 15:15:00","VFR",25.3,16,200,4,NA,NA,1015,"METAR K3F3 121515Z AUTO 20004KT 10SM CLR 25/16 A2997 RMK AO2 T02530160",2025-10-12 15:18:18.925116,2025-10-12 11:18:18.92518
"K22N","Lehighton/Arner Mem, PA, US",2025-10-12 15:15:00,"2025-10-12 15:15:00","VFR",15,10,90,3,NA,NA,1019,"METAR K22N 121515Z AUTO 09003KT 10SM SCT050 BKN095 OVC120 15/10 A3009 RMK AO2",2025-10-12 15:18:18.931632,2025-10-12 11:18:18.931677
"K21D","Lake Elmo Arpt, MN, US",2025-10-12 15:15:00,"2025-10-12 15:15:00","VFR",15,9,160,20,26,NA,1009.9,"METAR K21D 121515Z AUTO 16020G26KT 10SM CLR 15/09 A2982 RMK AO2",2025-10-12 15:18:18.938058,2025-10-12 11:18:18.938104
"K2C8","Cavalier Muni, ND, US",2025-10-12 15:15:00,"2025-10-12 15:15:00","IFR",15,15,160,17,NA,8,993.6,"METAR K2C8 121515Z AUTO 16017KT 8SM OVC009 15/15 A2934 RMK AO2",2025-10-12 15:18:18.944501,2025-10-12 11:18:18.944544
"K20U","Beach Arpt, ND, US",2025-10-12 15:15:00,"2025-10-12 15:15:00",NA,7,7,290,14,NA,8,1001.1,"METAR K20U 121515Z AUTO 29014KT 8SM -DZ 07/07 A2956 RMK AO2 TSNO",2025-10-12 15:18:18.950943,2025-10-12 11:18:18.950987
"K24J","Live Oak/Suwannee Cnty, FL, US",2025-10-12 15:15:00,"2025-10-12 15:15:00","VFR",24,15,350,10,NA,NA,1010.6,"METAR K24J 121515Z AUTO 35010KT 10SM CLR 24/15 A2984 RMK A01",2025-10-12 15:18:18.957578,2025-10-12 11:18:18.957624
"K24A","Sylva/Jackson Cnty, NC, US",2025-10-12 15:05:00,"2025-10-12 15:05:00","VFR",15.8,7.7,0,0,NA,NA,1014.3,"METAR K24A 121505Z AUTO 00000KT 10SM CLR 16/08 A2995 RMK AO2 LTG DSNT SE T01580077",2025-10-12 15:18:18.964108,2025-10-12 11:18:18.964171
"K2G4","Oakland/Garrett Cnty, MD, US",2025-10-12 15:05:00,"2025-10-12 15:05:00","LIFR",12,12,100,12,24,3,1016.7,"METAR K2G4 121505Z AUTO 10012G24KT 3SM -DZ BR OVC002 12/12 A3002 RMK AO2 TSNO",2025-10-12 15:18:18.970632,2025-10-12 11:18:18.970675
"K2W6","Leonardtown/St Marys, MD, US",2025-10-12 15:05:00,"2025-10-12 11:05:00","MVFR",17,15.5,60,7,NA,5,1012.6,"METAR K2W6 121505Z AUTO 06007KT 010V110 5SM -RA BR BKN020 OVC026 17/16 A2990 RMK AO2 CIG 015V022 P0001 T01700155 $",2025-10-12 15:18:18.977143,2025-10-12 11:18:18.97721
"K2G9","Somerset Cnty Arpt, PA, US",2025-10-12 14:55:00,"2025-10-12 14:55:00","IFR",12,11,80,8,NA,NA,1017.7,"METAR K2G9 121455Z AUTO 08008KT 10SM OVC007 12/11 A3005 RMK AO2",2025-10-12 15:18:18.98372,2025-10-12 11:18:18.983764
"K36K","Lakin/Kearney Cnty, KS, US",2025-10-12 14:55:00,"2025-10-12 14:55:00","MVFR",21,15,220,10,19,5,1005.5,"METAR K36K 121455Z AUTO 22010G19KT 5SM -RA HZ CLR 21/15 A2969 RMK AO2",2025-10-12 15:18:19.002337,2025-10-12 11:18:19.00238
"K2G2","Steubenville/Jefferson Cnty, OH, US",2025-10-12 14:55:00,"2025-10-12 14:55:00","VFR",15,12,90,9,15,NA,1017,"METAR K2G2 121455Z AUTO 09009G15KT 10SM FEW018 SCT039 BKN050 15/12 A3003 RMK A01",2025-10-12 15:18:19.008844,2025-10-12 11:18:19.008889
"K33N","Dover/Cheswold Arpk, DE, US",2025-10-12 14:55:00,"2025-10-12 14:55:00","MVFR",18,15,60,12,17,NA,1014.3,"METAR K33N 121455Z AUTO 06012G17KT 10SM OVC025 18/15 A2995 RMK A01",2025-10-12 15:18:19.015431,2025-10-12 11:18:19.015477
"K2M8","Millington/Baker Arpt, TN, US",2025-10-12 14:55:00,"2025-10-12 14:55:00",NA,NA,NA,NA,NA,NA,NA,1014.6,"METAR K2M8 121455Z AUTO 10SM A2996 RMK AO2 FZRANO $",2025-10-12 15:18:19.021965,2025-10-12 11:18:19.022011
"K20V","Kremmling/McElroy Fld, CO, US",2025-10-12 14:55:00,"2025-10-12 14:55:00","VFR",3,2,0,0,NA,NA,1017.4,"METAR K20V 121455Z AUTO 00000KT 10SM SCT031 BKN049 OVC065 03/02 A3004 RMK AO2 P0001",2025-10-12 15:18:19.02866,2025-10-12 11:18:19.028707
"K33V","Walden/Jackson Cnty, CO, US",2025-10-12 14:55:00,"2025-10-12 14:55:00","VFR",1,0,250,5,NA,NA,1016.3,"METAR K33V 121455Z AUTO 25005KT 10SM BKN075 01/00 A3001 RMK AO1",2025-10-12 15:18:19.035329,2025-10-12 11:18:19.035377
"K2V5","Wray Muni, CO, US",2025-10-12 14:55:00,"2025-10-12 14:55:00","VFR",16,7,330,14,22,NA,1005.5,"METAR K2V5 121455Z AUTO 33014G22KT 10SM CLR 16/07 A2969 RMK AO2",2025-10-12 15:18:19.041982,2025-10-12 11:18:19.042035
"K2A0","Dayton/Anton Arpt, TN, US",2025-10-12 14:55:00,"2025-10-12 14:55:00","VFR",19,15,0,0,NA,NA,1013.3,"METAR K2A0 121455Z AUTO 00000KT 10SM CLR 19/15 A2992 RMK A01",2025-10-12 15:18:19.048785,2025-10-12 11:18:19.048831
"K2M2","Lawrenceburg/Lawrence Cnty, TN, US",2025-10-12 14:55:00,"2025-10-12 14:55:00","VFR",20,11,0,0,NA,9,1014.3,"METAR K2M2 121455Z AUTO 00000KT 9SM CLR 20/11 A2995 RMK A01",2025-10-12 15:18:19.055837,2025-10-12 11:18:19.055926
"K2I0","Madisonville Muni, KY, US",2025-10-12 14:55:00,"2025-10-12 14:55:00","VFR",18,11.9,0,0,NA,NA,1016,"METAR K2I0 121455Z AUTO 00000KT 10SM CLR 18/12 A3000 RMK AO2 T01800119",2025-10-12 15:18:19.062576,2025-10-12 11:18:19.062623
"K2IS","Clewistown/Airglades Arpt, FL, US",2025-10-12 14:55:00,"2025-10-12 14:55:00",NA,24.4,19.4,10,7,NA,NA,1009.9,"METAR K2IS 121455Z AUTO 01007KT CLR 24/19 A2982 RMK AO2 PWINO T02440194",2025-10-12 15:18:19.069088,2025-10-12 11:18:19.069133
"K35A","Union/Union Cnty, SC, US",2025-10-12 14:55:00,"2025-10-12 14:55:00","VFR",19.1,11.4,350,6,NA,NA,1011.6,"METAR K35A 121455Z AUTO 35006KT 10SM SCT060 OVC070 19/11 A2987 RMK A02 T01910114",2025-10-12 15:18:19.0756,2025-10-12 11:18:19.075647
"K3AU","Augusta Muni, KS, US",2025-10-12 14:55:00,"2025-10-12 14:55:00","VFR",22,10,170,15,20,NA,1007.9,"METAR K3AU 121455Z AUTO 17015G20KT 10SM CLR 22/10 A2976 RMK AO2",2025-10-12 15:18:19.082124,2025-10-12 11:18:19.08219
"K2R9","Kenedy/Karnes Cnty, TX, US",2025-10-12 14:55:00,"2025-10-12 14:55:00","VFR",25.2,17.5,120,6,NA,NA,1013,"METAR K2R9 121455Z AUTO 12006KT 10SM CLR 25/17 A2991 RMK AO2 T02520175",2025-10-12 15:18:19.08871,2025-10-12 11:18:19.088756
"K2V6","Yuma Muni, CO, US",2025-10-12 14:54:00,"2025-10-12 14:54:00","VFR",14,6,320,15,21,NA,1005.8,"METAR K2V6 121454Z AUTO 32015G21KT 10SM CLR 14/06 A2970 RMK AO2",2025-10-12 15:18:19.09539,2025-10-12 11:18:19.095436
"K2J5","Millen Arpt, GA, US",2025-10-12 14:50:00,"2025-10-12 14:50:00","MVFR",17.3,14.2,310,10,NA,NA,1010.6,"METAR K2J5 121450Z AUTO 31010KT 10SM -RA OVC024 17/14 A2984 RMK AO2 T01730142",2025-10-12 15:18:19.102039,2025-10-12 11:18:19.102083
"K3T5","LaGrange/Fayette Rgnl, TX, US",2025-10-12 15:15:00,"2025-10-12 15:15:00","VFR",25,19.4,NA,4,NA,NA,1012.3,"METAR K3T5 121515Z AUTO VRB04KT 10SM CLR 25/19 A2989 RMK AO2 T02500194 $",2025-10-12 15:18:21.63209,2025-10-12 11:18:21.632135
"K4M9","Corning Muni, AR, US",2025-10-12 15:15:00,"2025-10-12 15:15:00","VFR",21,15,140,4,NA,NA,1015,"METAR K4M9 121515Z AUTO 14004KT 10SM CLR 21/15 A2997 RMK A01",2025-10-12 15:18:21.650431,2025-10-12 11:18:21.650478
"K42J","Keystone Airpark, FL, US",2025-10-12 15:15:00,"2025-10-12 15:15:00","VFR",24,17,320,8,NA,9,1009.6,"METAR K42J 121515Z AUTO 32008KT 9SM CLR 24/17 A2981 RMK A01",2025-10-12 15:18:21.656893,2025-10-12 11:18:21.656935
"K4M3","Carlisle Muni, AR, US",2025-10-12 15:15:00,"2025-10-12 15:15:00",NA,22,15,NA,3,NA,NA,1013.6,"METAR K4M3 121515Z AUTO VRB03KT 10SM 22/15 A2993 RMK A01",2025-10-12 15:18:21.663321,2025-10-12 11:18:21.663366
"K3R7","Jennings Arpt, LA, US",2025-10-12 15:15:00,"2025-10-12 15:15:00","VFR",24.2,14.5,NA,NA,NA,NA,1014,"METAR K3R7 121515Z AUTO 10SM CLR 24/15 A2994 RMK AO2 T02420145",2025-10-12 15:18:21.669805,2025-10-12 11:18:21.66985
"K46D","Carrington Muni, ND, US",2025-10-12 15:15:00,"2025-10-12 15:15:00","MVFR",17,17,160,15,22,9,993,"METAR K46D 121515Z AUTO 16015G22KT 9SM OVC014 17/17 A2932 RMK A01",2025-10-12 15:18:21.676299,2025-10-12 11:18:21.676343
"K4B8","Plainville/Robertson Fld, CT, US",2025-10-12 15:15:00,"2025-10-12 15:15:00","MVFR",14.2,10.3,40,9,NA,4,1021.8,"METAR K4B8 121515Z AUTO 04009KT 4SM HZ FEW020 BKN027 14/10 A3017 RMK AO2 CIG 025V032 T01420103",2025-10-12 15:18:21.682787,2025-10-12 11:18:21.682832
"K4O4","Idabel/McCurtain Rgnl, OK, US",2025-10-12 15:15:00,"2025-10-12 15:15:00","VFR",23,18,NA,4,NA,NA,1013.3,"METAR K4O4 121515Z AUTO VRB04KT 10SM CLR 23/18 A2992 RMK AO2",2025-10-12 15:18:21.689368,2025-10-12 11:18:21.689413
"K4R5","La Pointe/Madeline Isl Arpt, WI, US",2025-10-12 15:15:00,"2025-10-12 15:15:00","VFR",12.6,8.1,160,5,NA,NA,1011.9,"METAR K4R5 121515Z AUTO 16005KT 10SM CLR 13/08 A2988 RMK AO2 T01260081",2025-10-12 15:18:21.695883,2025-10-12 11:18:21.695929
"K4V0","Rangely Arpt, CO, US",2025-10-12 15:15:00,"2025-10-12 15:15:00","VFR",7.6,0.6,270,6,NA,NA,1017.4,"METAR K4V0 121515Z AUTO 27006KT 10SM CLR 08/01 A3004 RMK AO2 T00760006",2025-10-12 15:18:21.702489,2025-10-12 11:18:21.702534
"K3U3","Anaconda/Bowman Fld, MT, US",2025-10-12 15:15:00,"2025-10-12 15:15:00","VFR",5.4,-0.6,190,9,NA,NA,1009.2,"METAR K3U3 121515Z AUTO 19009KT 10SM OVC038 05/M01 A2980 RMK AO2 T00541006",2025-10-12 15:18:21.709045,2025-10-12 11:18:21.70909
"K4S2","Hood River/Jernstedt Arfld, OR, US",2025-10-12 15:15:00,"2025-10-12 15:15:00","VFR",8,7,0,0,NA,NA,1013.3,"METAR K4S2 121515Z AUTO 00000KT 10SM SCT070 BKN090 08/07 A2992 RMK AO2",2025-10-12 15:18:21.715666,2025-10-12 11:18:21.715714
"K4I3","Mount Vernon/Knox Cnty, OH, US",2025-10-12 15:12:00,"2025-10-12 15:12:00","VFR",15,11,100,7,NA,NA,1017.4,"METAR K4I3 121512Z 10007KT 10SM CLR 15/11 A3004 RMK AO2",2025-10-12 15:18:21.72218,2025-10-12 11:18:21.722229
"K4F2","Carthage/Panola Cnty, TX, US",2025-10-12 14:55:00,"2025-10-12 14:55:00","VFR",22.4,16.5,0,0,NA,NA,1013.6,"METAR K4F2 121455Z AUTO 00000KT 10SM CLR 22/16 A2993 RMK AO2 T02240165",2025-10-12 15:18:21.728751,2025-10-12 11:18:21.728797
"K3LF","Litchfield Muni, IL, US",2025-10-12 14:55:00,"2025-10-12 14:55:00","VFR",18.1,9.3,160,7,NA,NA,1016.3,"METAR K3LF 121455Z AUTO 16007KT 10SM CLR 18/09 A3001 RMK AO2 T01810093",2025-10-12 15:18:21.735428,2025-10-12 11:18:21.735473
"K48I","Sutton/Braxton Cnty, WV, US",2025-10-12 14:55:00,"2025-10-12 14:55:00","VFR",14.8,10.8,NA,3,NA,NA,1014.6,"METAR K48I 121455Z AUTO VRB03KT 10SM SCT070 15/11 A2996 RMK AO2 T01480108",2025-10-12 15:18:21.742071,2025-10-12 11:18:21.742117
"K3W7","Electric City/Grand Coulee Arpt, WA, US",2025-10-12 14:55:00,"2025-10-12 07:55:00","VFR",8,7,110,4,NA,NA,1008.2,"METAR K3W7 121455Z AUTO 11004KT 10SM -RA FEW031 SCT047 OVC060 08/07 A2977 RMK AO2",2025-10-12 15:18:21.748583,2025-10-12 11:18:21.748628
"K48A","Cochran Arpt, GA, US",2025-10-12 14:55:00,"2025-10-12 14:55:00","VFR",18.7,12.3,320,7,NA,NA,1011.6,"METAR K48A 121455Z AUTO 32007KT 10SM CLR 19/12 A2987 RMK AO2 T01870123",2025-10-12 15:18:21.755119,2025-10-12 11:18:21.755183
"K4V1","Walsenburg/Spanish Peaks Arfld, CO, US",2025-10-12 14:55:00,"2025-10-12 14:55:00","VFR",20,4,270,22,33,NA,1009.6,"METAR K4V1 121455Z AUTO 27022G33KT 10SM CLR 20/04 A2981 RMK AO2",2025-10-12 15:18:21.761695,2025-10-12 11:18:21.761742
"K3J1","Ridgeland Arpt, SC, US",2025-10-12 14:55:00,"2025-10-12 14:55:00","MVFR",17,17,310,7,12,NA,1008.2,"METAR K3J1 121455Z AUTO 31007G12KT 10SM -RA SCT008 BKN014 BKN044 17/17 A2977 RMK AO2 P0001",2025-10-12 15:18:21.768317,2025-10-12 11:18:21.768363
"K4A9","Fort Payne/Isbell Fld, AL, US",2025-10-12 14:55:00,"2025-10-12 14:55:00","VFR",17.9,12.3,60,5,NA,NA,1013.6,"METAR K4A9 121455Z AUTO 06005KT 10SM CLR 18/12 A2993 RMK AO2 T01790123",2025-10-12 15:18:21.786674,2025-10-12 11:18:21.786721
"K40U","Manila Arpt, UT, US",2025-10-12 14:55:00,"2025-10-12 14:55:00","VFR",4.2,-3.2,320,7,NA,NA,1018,"METAR K40U 121455Z AUTO 32007KT 10SM CLR 04/M03 A3006 RMK AO2 T00421032",2025-10-12 15:18:21.793236,2025-10-12 11:18:21.793282
"K49A","Ellijay/Gilmer Cnty, GA, US",2025-10-12 14:55:00,"2025-10-12 14:55:00","LIFR",19,13,20,7,NA,0.25,1013.3,"METAR K49A 121455Z AUTO 02007KT 1/4SM -RA HZ VV002 19/13 A2992 RMK AO2 VIS M1/4V5",2025-10-12 15:18:21.799638,2025-10-12 11:18:21.799681
"K4S1","Gold Beach Muni, OR, US",2025-10-12 14:55:00,"2025-10-12 07:55:00","VFR",11,10,50,8,NA,NA,1018.4,"METAR K4S1 121455Z AUTO 05008KT 10SM FEW050 OVC060 11/10 A3007 RMK AO2",2025-10-12 15:18:21.80614,2025-10-12 11:18:21.806206
"K3S8","Grants Pass Arpt, OR, US",2025-10-12 14:55:00,"2025-10-12 07:55:00","VFR",8,6,0,0,NA,NA,1019.4,"METAR K3S8 121455Z AUTO 00000KT 10SM OVC055 08/06 A3010 RMK AO2",2025-10-12 15:18:21.812759,2025-10-12 11:18:21.812806
"K42A","Melbourne Muni, AR, US",2025-10-12 14:55:00,"2025-10-12 14:55:00","VFR",NA,NA,NA,4,NA,NA,1014.6,"METAR K42A 121455Z AUTO VRB04KT 10SM CLR A2996 RMK AO2",2025-10-12 15:18:21.819514,2025-10-12 11:18:21.819562
"K3K3","Syracuse/Hamilton Cnty, KS, US",2025-10-12 14:55:00,"2025-10-12 14:55:00","VFR",22,12,250,8,NA,NA,1004.5,"METAR K3K3 121455Z AUTO 25008KT 10SM CLR 22/12 A2966 RMK AO2",2025-10-12 15:18:21.826168,2025-10-12 11:18:21.826222
"K49B","Sturgis Muni, SD, US",2025-10-12 14:55:00,"2025-10-12 14:55:00","VFR",9,5,290,30,37,NA,1003.1,"METAR K49B 121455Z AUTO 29030G37KT 10SM CLR 09/05 A2962 RMK AO2",2025-10-12 15:18:21.832724,2025-10-12 11:18:21.83277
"K3K7","Leoti/Hoard Mem, KS, US",2025-10-12 14:55:00,"2025-10-12 14:55:00","VFR",21,13,240,11,NA,NA,1004.1,"METAR K3K7 121455Z AUTO 24011KT 10SM CLR 21/13 A2965 RMK AO2",2025-10-12 15:18:21.839296,2025-10-12 11:18:21.83934
"K4A6","Scottsboro Muni, AL, US",2025-10-12 14:55:00,"2025-10-12 14:55:00","VFR",17,13,0,0,NA,6,1014.3,"METAR K4A6 121455Z AUTO 00000KT 6SM HZ CLR 17/13 A2995 RMK AO2",2025-10-12 15:18:21.845798,2025-10-12 11:18:21.845841
"K46U","Alpine Arpt, WY, US",2025-10-12 14:50:00,"2025-10-12 14:50:00","MVFR",3,-1,NA,4,NA,NA,1015.7,"METAR K46U 121450Z AUTO VRB04KT 10SM BKN025 BKN032 OVC080 03/M01 A2999 RMK A01",2025-10-12 15:18:21.852483,2025-10-12 11:18:21.85253
"K5A9","Warm Springs/Roosevelt Muni, GA, US",2025-10-12 15:15:00,"2025-10-12 15:15:00","VFR",18.5,12.5,250,3,NA,NA,1013,"METAR K5A9 121515Z AUTO 25003KT 10SM CLR 18/12 A2991 RMK AO2 T01850125",2025-10-12 15:18:23.206267,2025-10-12 11:18:23.206312
"K54J","DeFuniak Springs Muni, FL, US",2025-10-12 15:15:00,"2025-10-12 15:15:00","VFR",22.6,13.3,10,3,NA,NA,1013,"METAR K54J 121515Z AUTO 01003KT 10SM CLR 23/13 A2991 RMK AO2 T02260133",2025-10-12 15:18:23.212872,2025-10-12 11:18:23.212916
"K60R","Navasota Muni, TX, US",2025-10-12 15:15:00,"2025-10-12 15:15:00","VFR",25.7,19.1,230,3,NA,9,1013,"METAR K60R 121515Z AUTO 23003KT 9SM CLR 26/19 A2991 RMK AO2 SLP048 T02570191 $",2025-10-12 15:18:23.219407,2025-10-12 11:18:23.21945
"K66R","Columbus/Well Arpt, TX, US",2025-10-12 15:15:00,"2025-10-12 15:15:00","VFR",25.3,17.4,0,0,NA,NA,1013.3,"METAR K66R 121515Z AUTO 00000KT 10SM CLR 25/17 A2992 RMK AO2 T02530174",2025-10-12 15:18:23.225868,2025-10-12 11:18:23.225912
"K6B9","Skaneateles Arpt, NY, US",2025-10-12 15:15:00,"2025-10-12 15:15:00","VFR",18,11,NA,6,NA,NA,1021.4,"METAR K6B9 121515Z AUTO VRB06KT 10SM CLR 18/11 A3016 RMK AO2",2025-10-12 15:18:23.232394,2025-10-12 11:18:23.232438
"K6S2","Florence Muni, OR, US",2025-10-12 15:15:00,"2025-10-12 08:15:00","MVFR",12,12,190,5,NA,4,1017,"METAR K6S2 121515Z AUTO 19005KT 4SM BR SCT005 BKN036 OVC055 12/12 A3003 RMK AO2",2025-10-12 15:18:23.238776,2025-10-12 11:18:23.23882
"K5A6","Winona/Montgomery Cnty, MS, US",2025-10-12 15:15:00,"2025-10-12 15:15:00","VFR",23,11.5,0,0,NA,NA,1014.6,"METAR K5A6 121515Z AUTO 00000KT 10SM CLR 23/12 A2996 RMK AO2 T02300115",2025-10-12 15:18:23.245286,2025-10-12 11:18:23.245333
"K6L4","Logan Cnty, WV, US",2025-10-12 15:15:00,"2025-10-12 15:15:00","VFR",15,11,0,0,NA,NA,1015,"METAR K6L4 121515Z AUTO 00000KT 10SM CLR 15/11 A2997 RMK AO2",2025-10-12 15:18:23.263582,2025-10-12 11:18:23.263627
"K6I2","Lebanon-Springfield/Hoerter Fld, KY, US",2025-10-12 14:55:00,"2025-10-12 14:55:00","VFR",19,11,30,3,NA,NA,1016,"METAR K6I2 121455Z AUTO 03003KT 10SM CLR 19/11 A3000 RMK AO2",2025-10-12 15:18:23.269968,2025-10-12 11:18:23.270014
"K6A1","Butler Muni, GA, US",2025-10-12 14:55:00,"2025-10-12 14:55:00","VFR",19.1,11.9,10,5,NA,NA,1012.6,"METAR K6A1 121455Z AUTO 01005KT 10SM CLR 19/12 A2990 RMK AO2 T01910119",2025-10-12 15:18:23.276469,2025-10-12 11:18:23.276514
"K57C","East Troy Muni, WI, US",2025-10-12 14:55:00,"2025-10-12 14:55:00","VFR",15.1,8,130,7,NA,NA,1017.7,"METAR K57C 121455Z AUTO 13007KT 10SM CLR 15/08 A3005 RMK AO2 T01510080",2025-10-12 15:18:23.282987,2025-10-12 11:18:23.283032
"K5H4","Harvey Muni, ND, US",2025-10-12 14:55:00,"2025-10-12 14:55:00","MVFR",17,17,190,11,NA,NA,992.6,"METAR K5H4 121455Z AUTO 19011KT 10SM OVC012 17/17 A2931 RMK AO2",2025-10-12 15:18:23.289673,2025-10-12 11:18:23.28972
"K4V9","Neligh/Antelope Cnty, NE, US",2025-10-12 14:55:00,"2025-10-12 14:55:00","VFR",22,15,170,16,21,NA,1000.8,"METAR K4V9 121455Z AUTO 17016G21KT 10SM CLR 22/15 A2955 RMK AO2",2025-10-12 15:18:23.296346,2025-10-12 11:18:23.296392
"K6R3","Cleveland Muni, TX, US",2025-10-12 14:55:00,"2025-10-12 14:55:00","VFR",23.3,17.2,0,0,NA,NA,1013.6,"METAR K6R3 121455Z AUTO 00000KT 10SM CLR 23/17 A2993 RMK AO2 T02330172",2025-10-12 15:18:23.302899,2025-10-12 11:18:23.302944
"K6E5","De Smet/Wilder Arpt, SD, US",2025-10-12 14:55:00,"2025-10-12 14:55:00","VFR",NA,NA,160,18,26,9,999.4,"METAR K6E5 121455Z AUTO 16018G26KT 9SM FEW100 FEW120 A2951 RMK AO2",2025-10-12 15:18:23.309368,2025-10-12 11:18:23.309412
"K65S","Bonners Ferry/Boundary Cnty, ID, US",2025-10-12 14:55:00,"2025-10-12 14:55:00","MVFR",5,5,0,0,NA,NA,1008.2,"METAR K65S 121455Z AUTO 00000KT 10SM SCT003 SCT008 BKN019 05/05 A2977 RMK AO2",2025-10-12 15:18:23.315892,2025-10-12 11:18:23.315938
"K5T9","Maverick County Arpt, TX, US",2025-10-12 14:55:00,"2025-10-12 09:55:00","VFR",25,19,160,12,NA,NA,1011.3,"METAR K5T9 121455Z AUTO 16012KT 10SM CLR 25/19 A2986 RMK A01",2025-10-12 15:18:23.322407,2025-10-12 11:18:23.322454
"K5C1","Boerne/Stage Fld, TX, US",2025-10-12 14:55:00,"2025-10-12 14:55:00","VFR",22,15,200,8,NA,NA,1014,"METAR K5C1 121455Z AUTO 20008KT 10SM CLR 22/15 A2994 RMK AO1",2025-10-12 15:18:23.328969,2025-10-12 11:18:23.329014
"K5R8","DeQuincey Ind Arpk, LA, US",2025-10-12 14:55:00,"2025-10-12 14:55:00","VFR",24,17,0,0,NA,NA,1014,"METAR K5R8 121455Z AUTO 00000KT 10SM CLR 24/17 A2994 RMK AO2 T02400170",2025-10-12 15:18:23.335526,2025-10-12 11:18:23.335572
"K6R6","Dryden/Terrell Cnty, TX, US",2025-10-12 14:51:00,"2025-10-12 14:51:00",NA,22.8,11.7,50,6,NA,NA,1012.6,"METAR K6R6 121451Z AUTO 05006KT 23/12 A2990 RMK AO1 SLP090 T02280117 53010",2025-10-12 15:18:23.342021,2025-10-12 11:18:23.342065
"K6S0","Big Timber Arpt, MT, US",2025-10-12 14:50:00,"2025-10-12 14:50:00","VFR",5,2,290,15,NA,NA,1008.2,"METAR K6S0 121450Z AUTO 29015KT 10SM FEW065 05/02 A2977 RMK A01",2025-10-12 15:18:23.348598,2025-10-12 11:18:23.348644
"K8W2","New Market Arpt, VA, US",2025-10-12 15:15:00,"2025-10-12 15:15:00","IFR",15.4,14.7,20,8,14,NA,1015.3,"METAR K8W2 121515Z AUTO 02008G14KT 10SM OVC006 15/15 A2998 RMK AO1 T01540147",2025-10-12 15:18:24.823838,2025-10-12 11:18:24.823884
"K79S","Fort Benton Arpt, MT, US",2025-10-12 15:15:00,"2025-10-12 15:15:00","MVFR",1.8,-0.9,310,12,NA,8,1011.3,"METAR K79S 121515Z AUTO 31012KT 8SM BKN020 OVC025 02/M01 A2986 RMK AO2 UPE1510 P0000 T00181009",2025-10-12 15:18:24.830458,2025-10-12 11:18:24.830502
"K96D","Walhalla Muni, ND, US",2025-10-12 15:15:00,"2025-10-12 15:15:00","IFR",15,15,160,13,NA,NA,993.6,"METAR K96D 121515Z AUTO 16013KT 10SM OVC008 15/15 A2934 RMK AO2",2025-10-12 15:18:24.836986,2025-10-12 11:18:24.837032
"K77S","Creswell/Hobby Fld, OR, US",2025-10-12 15:15:00,"2025-10-12 15:15:00","VFR",11,10,210,5,NA,NA,1017,"METAR K77S 121515Z AUTO 21005KT 10SM FEW037 BKN049 OVC060 11/10 A3003 RMK A01",2025-10-12 15:18:24.854757,2025-10-12 11:18:24.854825
"K7L2","Linton Muni, ND, US",2025-10-12 15:15:00,"2025-10-12 15:15:00","MVFR",16,15,260,16,NA,NA,996,"METAR K7L2 121515Z AUTO 26016KT 10SM OVC016 16/15 A2941 RMK AO2",2025-10-12 15:18:24.861725,2025-10-12 11:18:24.861768
"K82V","Pine Bluffs Muni, WY, US",2025-10-12 15:15:00,"2025-10-12 15:15:00",NA,12,-2,310,19,27,NA,1008.9,"METAR K82V 121515Z AUTO 31019G27KT 10SM 12/M02 A2979 RMK AO2",2025-10-12 15:18:24.86811,2025-10-12 11:18:24.868176
"K8B0","Rangeley/Bean Muni, ME, US",2025-10-12 15:15:00,"2025-10-12 15:15:00","VFR",13,3,110,13,21,NA,1028.5,"METAR K8B0 121515Z AUTO 11013G21KT 10SM CLR 13/03 A3037 RMK AO2",2025-10-12 15:18:24.874559,2025-10-12 11:18:24.874603
"K9A4","Courtland, AL, US",2025-10-12 15:15:00,"2025-10-12 15:15:00","VFR",19,11,0,0,NA,NA,1015,"METAR K9A4 121515Z AUTO 00000KT 10SM CLR 19/11 A2997 RMK AO2",2025-10-12 15:18:24.880978,2025-10-12 11:18:24.881024
"K7W6","Engelhard/Hyde Cnty, NC, US",2025-10-12 15:05:00,"2025-10-12 15:05:00","MVFR",21.2,19,40,22,29,NA,1003.1,"METAR K7W6 121505Z AUTO 04022G29KT 10SM OVC016 21/19 A2962 RMK AO2 T02120190",2025-10-12 15:18:24.887584,2025-10-12 11:18:24.88763
"K79J","Andalusia/Benton Fld, AL, US",2025-10-12 14:56:00,"2025-10-12 14:56:00","VFR",22.8,12.2,300,3,NA,8,1012.6,"METAR K79J 121456Z AUTO 30003KT 8SM CLR 23/12 A2990 RMK AO2 SLP120 T02280122 50008 TSNO",2025-10-12 15:18:24.894047,2025-10-12 11:18:24.894092
"K8D3","Sisseton Muni, SD, US",2025-10-12 14:56:00,"2025-10-12 14:56:00",NA,17.8,15,160,18,27,NA,998.1,"METAR K8D3 121456Z AUTO 16018G27KT 18/15 A2947 RMK AO1 PK WND 17027/1456 SLP970 60002 T01780150 56007 $",2025-10-12 15:18:24.900535,2025-10-12 11:18:24.90058
"K82C","Mauston/New Lisbon Arpt, WI, US",2025-10-12 14:55:00,"2025-10-12 14:55:00",NA,10.9,10.9,130,8,NA,NA,1015.7,"METAR K82C 121455Z AUTO 13008KT 11/11 A2999 RMK AO2 T01090109 PWINO",2025-10-12 15:18:24.907003,2025-10-12 11:18:24.907045
"K81R","San Saba Muni, TX, US",2025-10-12 14:55:00,"2025-10-12 14:55:00","VFR",24.4,11.6,190,11,16,NA,1013.3,"METAR K81R 121455Z AUTO 19011G16KT 10SM CLR 24/12 A2992 RMK AO2 PWINO T02440116",2025-10-12 15:18:24.913584,2025-10-12 11:18:24.913631
"K8A1","Guntersville Muni, AL, US",2025-10-12 14:55:00,"2025-10-12 14:55:00","VFR",18,15,NA,3,NA,NA,1013.6,"METAR K8A1 121455Z AUTO VRB03KT 10SM CLR 18/15 A2993 RMK AO2",2025-10-12 15:18:24.920227,2025-10-12 11:18:24.920274
"K8T6","George West/Live Oak Cnty, TX, US",2025-10-12 14:55:00,"2025-10-12 14:55:00","VFR",24,17,0,0,NA,NA,1012.3,"METAR K8T6 121455Z AUTO 00000KT 10SM CLR 24/17 A2989 RMK AO2",2025-10-12 15:18:24.926814,2025-10-12 11:18:24.926862
"K98D","Onida, SD, US",2025-10-12 14:55:00,"2025-10-12 14:55:00","VFR",18,15,260,14,19,NA,997.4,"METAR K98D 121455Z AUTO 26014G19KT 10SM CLR 18/15 A2945 RMK AO2 PRESRR",2025-10-12 15:18:24.933355,2025-10-12 11:18:24.933402
"K7S0","Ronan Arpt, MT, US",2025-10-12 14:55:00,"2025-10-12 14:55:00","MVFR",5,5,60,6,NA,7,1008.5,"METAR K7S0 121455Z AUTO 06006KT 7SM BKN023 OVC027 05/05 A2978 RMK A01",2025-10-12 15:18:24.939849,2025-10-12 11:18:24.939893
"K8A3","Livingston Muni, TN, US",2025-10-12 14:55:00,"2025-10-12 14:55:00","VFR",18,10,NA,4,NA,NA,1014.6,"METAR K8A3 121455Z AUTO VRB04KT 10SM CLR 18/10 A2996 RMK A01",2025-10-12 15:18:24.946444,2025-10-12 11:18:24.946489
"K74V","Roosevelt Muni, UT, US",2025-10-12 14:55:00,"2025-10-12 08:55:00",NA,7,-1,280,10,16,NA,1016.3,"METAR K74V 121455Z AUTO 28010G16KT 10SM 07/M01 A3001 RMK AO2",2025-10-12 15:18:24.952971,2025-10-12 11:18:24.953016
"K8V7","Springfield Muni, CO, US",2025-10-12 14:55:00,"2025-10-12 14:55:00","VFR",18,8,240,8,NA,NA,1006.9,"METAR K8V7 121455Z AUTO 24008KT 10SM CLR 18/08 A2973 RMK AO2",2025-10-12 15:18:24.959611,2025-10-12 11:18:24.959657
"KAGO","Magnolia Muni, AR, US",2025-10-12 15:15:00,"2025-10-12 10:15:00","VFR",24,15,0,0,NA,NA,1013.3,"METAR KAGO 121515Z AUTO 00000KT 10SM CLR 24/15 A2992 RMK A01",2025-10-12 15:18:27.213948,2025-10-12 11:18:27.213995
"KADC","Wadena Muni, MN, US",2025-10-12 15:15:00,"2025-10-12 15:15:00","MVFR",13,12,140,13,19,NA,1002.5,"METAR KADC 121515Z AUTO 14013G19KT 10SM BKN015 OVC020 13/12 A2960 RMK AO2",2025-10-12 15:18:27.220584,2025-10-12 11:18:27.220629
"KACP","Oakdale/Parish Arpt, LA, US",2025-10-12 15:15:00,"2025-10-12 15:15:00","VFR",26,14,0,0,NA,NA,1013.6,"METAR KACP 121515Z AUTO 00000KT 10SM CLR 26/14 A2993 RMK AO2",2025-10-12 15:18:27.227139,2025-10-12 11:18:27.227205
"KACJ","Americus/Carter Rgnl, GA, US",2025-10-12 15:15:00,"2025-10-12 15:15:00","VFR",20.7,14.1,NA,5,NA,NA,1011.3,"METAR KACJ 121515Z AUTO VRB05KT 10SM SCT200 21/14 A2986 RMK AO2 T02070141",2025-10-12 15:18:27.233768,2025-10-12 11:18:27.233811
"K9V9","Chamberlain Muni, SD, US",2025-10-12 15:15:00,"2025-10-12 15:15:00","VFR",21.5,14,210,11,16,NA,999.1,"METAR K9V9 121515Z AUTO 21011G16KT 10SM CLR 22/14 A2950 RMK AO2 T02150140",2025-10-12 15:18:27.240268,2025-10-12 11:18:27.240314
"K9Y1","Killdeer/Dunn Cnty, ND, US",2025-10-12 15:15:00,"2025-10-12 15:15:00","VFR",10,7,290,18,29,NA,996.7,"METAR K9Y1 121515Z AUTO 29018G29KT 10SM FEW020 OVC035 10/07 A2943 RMK AO2 PK WND 30033/21",2025-10-12 15:18:27.246739,2025-10-12 11:18:27.246782
"KACQ","Waseca Muni, MN, US",2025-10-12 15:15:00,"2025-10-12 15:15:00","VFR",14,10,140,14,21,NA,1009.2,"METAR KACQ 121515Z AUTO 14014G21KT 10SM CLR 14/10 A2980 RMK AO2",2025-10-12 15:18:27.253249,2025-10-12 11:18:27.253293
"KAEL","Albert Lea Muni, MN, US",2025-10-12 15:15:00,"2025-10-12 10:15:00","VFR",13.9,9.7,160,15,22,9,1009.2,"METAR KAEL 121515Z AUTO 16015G22KT 9SM OVC150 14/10 A2980 RMK AO2 T01390097",2025-10-12 15:18:27.259614,2025-10-12 11:18:27.25966
"KANQ","Angola/Tri-State Arpt, IN, US",2025-10-12 15:15:00,"2025-10-12 11:15:00","VFR",16,13,0,0,NA,NA,1018.4,"METAR KANQ 121515Z AUTO 00000KT 10SM CLR 16/13 A3007 RMK AO2",2025-10-12 15:18:27.266088,2025-10-12 11:18:27.266132
"KASL","Marshall/Harrison Cnty, TX, US",2025-10-12 15:15:00,"2025-10-12 10:15:00","VFR",24,16.8,NA,3,NA,NA,1013,"METAR KASL 121515Z AUTO VRB03KT 10SM CLR 24/17 A2991 RMK AO2 T02400168 $",2025-10-12 15:18:27.272643,2025-10-12 11:18:27.272688
"KALM","Alamogordo/White Sands Rgnl, NM, US",2025-10-12 15:15:00,"2025-10-12 09:15:00","VFR",19,17,170,11,NA,NA,1015,"METAR KALM 121515Z AUTO 17011KT 10SM OVC034 19/17 A2997 RMK AO2",2025-10-12 15:18:27.279143,2025-10-12 11:18:27.27921
"KAIT","Aitkin Muni, MN, US",2025-10-12 15:15:00,"2025-10-12 15:15:00","VFR",13,9,160,17,22,NA,1006.2,"METAR KAIT 121515Z AUTO 16017G22KT 10SM SCT020 13/09 A2971 RMK AO2",2025-10-12 15:18:27.28569,2025-10-12 11:18:27.285737
"KAMN","Alma/Gratiot Communi, MI, US",2025-10-12 15:15:00,"2025-10-12 11:15:00","IFR",11,11,100,5,NA,7,1019.7,"METAR KAMN 121515Z AUTO 10005KT 7SM OVC005 11/11 A3011 RMK AO2",2025-10-12 15:18:27.292179,2025-10-12 11:18:27.292229
"KAEJ","Buena Vista/Central Colorado Rgnl, CO, US",2025-10-12 15:15:00,"2025-10-12 15:15:00",NA,10.5,1.5,0,0,NA,NA,1014.3,"METAR KAEJ 121515Z AUTO 00000KT SCT070 11/02 A2995 RMK AO2 T01050015 PWINO",2025-10-12 15:18:27.298672,2025-10-12 11:18:27.298719
"KAQP","Appleton Muni, MN, US",2025-10-12 15:13:00,"2025-10-12 15:13:00","VFR",17,14,150,11,19,NA,1001.4,"METAR KAQP 121513Z AUTO 15011G19KT 10SM BKN080 17/14 A2957 RMK AO2 TSNO",2025-10-12 15:18:27.305249,2025-10-12 11:18:27.305298
"KAFP","Wadesboro/Anson Cnty, NC, US",2025-10-12 15:11:00,"2025-10-12 15:11:00","MVFR",18.5,15.9,340,15,22,NA,1007.5,"METAR KAFP 121511Z AUTO 34015G22KT 10SM BKN015 BKN023 OVC033 19/16 A2975 RMK AO2 T01850159",2025-10-12 15:18:27.313618,2025-10-12 11:18:27.313665
"KACY","Atlantic City Intl, NJ, US",2025-10-12 15:11:00,"2025-10-12 11:11:00","MVFR",16.1,14.4,40,15,22,6,1014.3,"SPECI KACY 121511Z 04015G22KT 6SM -RA BR OVC014 16/14 A2995 RMK AO2 P0002 T01610144 $",2025-10-12 15:18:27.320261,2025-10-12 11:18:27.331736
"KACV","Arcata Arpt, CA, US",2025-10-12 15:09:00,"2025-10-12 08:09:00","VFR",8.9,8.3,80,4,NA,NA,1018.4,"SPECI KACV 121509Z AUTO 08004KT 10SM SCT007 09/08 A3007 RMK AO2 T00890083",2025-10-12 15:18:27.338629,2025-10-12 11:18:27.338674
"KADG","Adrian/Lenawee Cnty, MI, US",2025-10-12 15:09:00,"2025-10-12 11:09:00","LIFR",11.1,10.6,30,6,NA,3,1019.4,"SPECI KADG 121509Z AUTO 03006KT 3SM BR OVC003 11/11 A3010 RMK AO2 T01110106",2025-10-12 15:18:27.345028,2025-10-12 11:18:27.345072
"KAKQ","Norfolk Muni, VA, US",2025-10-12 15:08:00,"2025-10-12 15:08:00","IFR",19.4,18.3,NA,4,NA,1.75,1008.2,"SPECI KAKQ 121508Z AUTO VRB04KT 1 3/4SM -RA BR BKN009 OVC014 19/18 A2977 RMK AO2 P0000 T01940183",2025-10-12 15:18:27.351547,2025-10-12 11:18:27.351591
"KAPN","Alpena Cnty Rgnl, MI, US",2025-10-12 15:08:00,"2025-10-12 11:08:00","VFR",15,10.6,130,11,18,NA,1021.1,"SPECI KAPN 121508Z AUTO 13011G18KT 10SM SCT020 15/11 A3015 RMK AO2 T01500106",2025-10-12 15:18:27.358046,2025-10-12 11:18:27.358092
"KASJ","Ahoskie/Tri Cnty, NC, US",2025-10-12 15:05:00,"2025-10-12 15:05:00","MVFR",19.4,19.2,40,11,21,NA,1005.8,"METAR KASJ 121505Z AUTO 04011G21KT 10SM BKN014 OVC023 19/19 A2970 RMK AO2 T01940192",2025-10-12 15:18:27.364705,2025-10-12 11:18:27.364752
"KASE","Aspen/Pitkin Cnty, CO, US",2025-10-12 15:04:00,"2025-10-12 09:04:00","MVFR",0,0,200,4,NA,3,1018.7,"SPECI KASE 121504Z 20004KT 3SM -SN BR OVC011 00/00 A3008 RMK AO2 P0001 T00000000",2025-10-12 15:18:27.371197,2025-10-12 11:18:27.371243
"KACZ","Wallace/Henderson Fld, NC, US",2025-10-12 15:00:00,"2025-10-12 15:00:00","IFR",19.7,18.8,20,15,22,3,1001.1,"METAR KACZ 121500Z AUTO 02015G22KT 3SM -RA BR OVC008 20/19 A2956 RMK AO2 T01970188",2025-10-12 15:18:27.377701,2025-10-12 11:18:27.377745
"KAJO","Corona Muni, CA, US",2025-10-12 14:56:00,"2025-10-12 14:56:00","VFR",11.7,10.6,0,0,NA,NA,1008.9,"METAR KAJO 121456Z AUTO 00000KT 10SM CLR 12/11 A2979 RMK AO2 SLP084 T01170106 51003",2025-10-12 15:18:27.384351,2025-10-12 11:18:27.384398
"KASH","Nashua/Boire Fld, NH, US",2025-10-12 14:56:00,"2025-10-12 10:56:00","MVFR",12.8,9.4,60,6,NA,NA,1025.1,"METAR KASH 121456Z 06006KT 10SM BKN015 OVC035 13/09 A3027 RMK AO2 SLP252 T01280094 55002",2025-10-12 15:18:27.390921,2025-10-12 11:18:27.390965
"KAFJ","Washington Cnty Arpt, PA, US",2025-10-12 14:56:00,"2025-10-12 10:56:00","MVFR",16.1,12.8,20,7,NA,NA,1018,"METAR KAFJ 121456Z AUTO 02007KT 10SM OVC022 16/13 A3006 RMK AO2 SLP177 60000 T01610128 50003 $",2025-10-12 15:18:27.397447,2025-10-12 11:18:27.397493
"KAND","Anderson Rgnl, SC, US",2025-10-12 14:56:00,"2025-10-12 10:56:00","VFR",22.2,8.9,340,7,NA,NA,1010.9,"METAR KAND 121456Z AUTO 34007KT 10SM CLR 22/09 A2985 RMK AO2 SLP101 T02220089 58001",2025-10-12 15:18:27.403913,2025-10-12 11:18:27.403958
"KART","Watertown Intl, NY, US",2025-10-12 14:56:00,"2025-10-12 10:56:00","VFR",19.4,7.2,70,11,NA,NA,1022.4,"METAR KART 121456Z AUTO 07011KT 10SM OVC055 19/07 A3019 RMK AO2 SLP223 T01940072 50000",2025-10-12 15:18:27.410495,2025-10-12 11:18:27.410542
"KARG","Walnut Ridge Rgnl, AR, US",2025-10-12 14:56:00,"2025-10-12 09:56:00","VFR",20,12.8,0,0,NA,7,1014.6,"METAR KARG 121456Z AUTO 00000KT 7SM CLR 20/13 A2996 RMK AO2 SLP146 6//// T02000128 51003 $",2025-10-12 15:18:27.416948,2025-10-12 11:18:27.416992
"KADW","Andrews AFB, MD, US",2025-10-12 14:55:00,"2025-10-12 10:55:00","MVFR",17,13.1,30,14,NA,NA,1014,"METAR KADW 121455Z 03014KT 10SM OVC019 17/13 A2994 RMK AO2A VIS 2 1/4 RWY01L CIG 019 RWY19L SLP145 T01700131 52010 TSNO $",2025-10-12 15:18:27.42353,2025-10-12 11:18:27.423576
"KAFF","Air Force Academy Arfld, CO, US",2025-10-12 14:55:00,"2025-10-12 08:55:00","VFR",16.8,-0.9,240,12,18,NA,1009.2,"METAR KAFF 121455Z AUTO 24012G18KT 10SM CLR 17/M01 A2980 RMK AO2 PK WND 25029/23 SLP007 T01681009 53019",2025-10-12 15:18:27.430143,2025-10-12 11:18:27.430211
"KAIO","Atlantic Muni, IA, US",2025-10-12 14:55:00,"2025-10-12 09:55:00","VFR",18,14,160,12,19,NA,1006.5,"METAR KAIO 121455Z AUTO 16012G19KT 10SM CLR 18/14 A2972 RMK AO2",2025-10-12 15:18:27.436716,2025-10-12 11:18:27.436764
"KAJR","Cornelia/Habersham Cnty, GA, US",2025-10-12 14:55:00,"2025-10-12 14:55:00","VFR",17.5,8.1,20,4,NA,7,1011.9,"METAR KAJR 121455Z AUTO 02004KT 7SM CLR 18/08 A2988 RMK AO2 T01750081",2025-10-12 15:18:27.443135,2025-10-12 11:18:27.443201
"KANK","Salida/Alexander Fld, CO, US",2025-10-12 14:55:00,"2025-10-12 08:55:00","VFR",11.3,3,190,9,NA,NA,1014,"METAR KANK 121455Z AUTO 19009KT 10SM BKN060 OVC085 11/03 A2994 RMK AO2 WSHFT 1446 T01130030 53019 $",2025-10-12 15:18:27.44977,2025-10-12 11:18:27.449816
"KANW","Ainsworth Muni, NE, US",2025-10-12 14:55:00,"2025-10-12 09:55:00","VFR",19.6,11.5,230,10,NA,NA,1001.1,"METAR KANW 121455Z AUTO 23010KT 10SM CLR 20/12 A2956 RMK AO2 T01960115",2025-10-12 15:18:27.468087,2025-10-12 11:18:27.468136
"KANJ","Sault Ste Marie Muni, MI, US",2025-10-12 14:55:00,"2025-10-12 14:55:00","MVFR",12.8,11.7,NA,6,NA,NA,1020.7,"METAR KANJ 121455Z AUTO VRB06KT 10SM SCT008 BKN014 BKN034 13/12 A3014 RMK AO2 SLP206 T01280117 56003",2025-10-12 15:18:27.47482,2025-10-12 11:18:27.474865
"KAST","Astoria Rgnl, OR, US",2025-10-12 14:55:00,"2025-10-12 07:55:00","VFR",11.1,9.4,180,4,NA,7,1013.6,"METAR KAST 121455Z AUTO 18004KT 7SM -RA FEW027 BKN038 OVC060 11/09 A2993 RMK AO2 SLP133 P0000 60001 T01110094 56010 $",2025-10-12 15:18:27.481221,2025-10-12 11:18:27.481267
"KAFO","Afton Muni, WY, US",2025-10-12 14:55:00,"2025-10-12 08:55:00","VFR",0,-1,150,7,NA,NA,1016,"METAR KAFO 121455Z AUTO 15007KT 10SM -RA SCT034 SCT040 OVC065 00/M01 A3000 RMK AO2",2025-10-12 15:18:27.487674,2025-10-12 11:18:27.487719
"KADU","Audubon Cnty Arpt, IA, US",2025-10-12 14:55:00,"2025-10-12 14:55:00",NA,18,15,150,12,NA,NA,1006.9,"METAR KADU 121455Z AUTO 15012KT 10SM 18/15 A2973 RMK AO2 PWINO",2025-10-12 15:18:27.494365,2025-10-12 11:18:27.494416
"KACB","Bellaire/Antrim Cnty, MI, US",2025-10-12 14:55:00,"2025-10-12 10:55:00","MVFR",14.5,10.5,130,10,16,NA,1020.7,"METAR KACB 121455Z AUTO 13010G16KT 10SM BKN020 15/11 A3014 RMK AO2 T01450105",2025-10-12 15:18:27.501064,2025-10-12 11:18:27.50111
"KAJG","Mount Carmel Muni, IL, US",2025-10-12 14:55:00,"2025-10-12 14:55:00","VFR",17.9,10.5,NA,NA,NA,NA,1016.3,"METAR KAJG 121455Z AUTO 10SM CLR 18/11 A3001 RMK AO2 T01790105",2025-10-12 15:18:27.507611,2025-10-12 11:18:27.507658
"K9K7","Ellsworth Muni, KS, US",2025-10-12 14:55:00,"2025-10-12 14:55:00","VFR",24,11,190,15,23,NA,1004.8,"METAR K9K7 121455Z AUTO 19015G23KT 10SM CLR 24/11 A2967 RMK AO2 PK WND 18028/30",2025-10-12 15:18:27.514168,2025-10-12 11:18:27.514219
"KASN","Talladega Muni, AL, US",2025-10-12 14:55:00,"2025-10-12 09:55:00","VFR",19,14,NA,1,NA,NA,1013,"METAR KASN 121455Z AUTO VRB01KT 10SM CLR 19/14 A2991 RMK AO2",2025-10-12 15:18:27.52079,2025-10-12 11:18:27.520835
"KAHQ","Wahoo Muni, NE, US",2025-10-12 14:55:00,"2025-10-12 14:55:00","VFR",21,13,160,16,22,NA,1003.8,"METAR KAHQ 121455Z AUTO 16016G22KT 10SM BKN110 21/13 A2964 RMK AO2 T02100130",2025-10-12 15:18:27.527397,2025-10-12 11:18:27.527455
"KAPY","Zapata Cnty, TX, US",2025-10-12 14:55:00,"2025-10-12 14:55:00","VFR",25.8,16.5,170,7,NA,7,1012.6,"METAR KAPY 121455Z AUTO 17007KT 7SM CLR 26/17 A2990 RMK AO2 T02580165",2025-10-12 15:18:27.533944,2025-10-12 11:18:27.533988
"K9L2","Edwards AF Aux North, CA, US",2025-10-12 14:55:00,"2025-10-12 14:55:00","VFR",8.9,1.8,0,0,NA,NA,1012.3,"METAR K9L2 121455Z AUTO 00000KT 10SM CLR 09/02 A2989 RMK AO2 SLP116 T00890018 52012 $",2025-10-12 15:18:27.540446,2025-10-12 11:18:27.540492
"KA39","Ak-Chin Rgnl, AZ, US",2025-10-12 14:55:00,"2025-10-12 14:55:00","IFR",20,NA,10,9,NA,NA,1008.5,"METAR KA39 121455Z AUTO 01009KT 10SM BKN006 BKN012 OVC027 20/ A2978 RMK AO2 P0008",2025-10-12 15:18:27.547016,2025-10-12 11:18:27.547061
"KAAT","Alturas Muni, CA, US",2025-10-12 14:55:00,"2025-10-12 14:55:00","VFR",0,0,340,3,NA,NA,1017,"METAR KAAT 121455Z AUTO 34003KT 10SM CLR 00/00 A3003 RMK AO2 SLP175 T00000000 58004",2025-10-12 15:18:27.553543,2025-10-12 11:18:27.553589
"KARM","Wharton Rgnl, TX, US",2025-10-12 14:55:00,"2025-10-12 09:55:00","VFR",26.5,17.3,150,7,NA,NA,1013,"METAR KARM 121455Z AUTO 15007KT 10SM CLR 27/17 A2991 RMK AO2 T02650173 TSNO",2025-10-12 15:18:27.560038,2025-10-12 11:18:27.560083
"KARV","Woodruff/Lakeland Arpt, WI, US",2025-10-12 14:55:00,"2025-10-12 09:55:00","MVFR",11.2,8,160,12,20,NA,1015,"METAR KARV 121455Z AUTO 16012G20KT 10SM BKN017 11/08 A2997 RMK AO2 T01120080",2025-10-12 15:18:27.566613,2025-10-12 11:18:27.566659
"KAAS","Campbellsville/Taylor Cnty, KY, US",2025-10-12 14:55:00,"2025-10-12 14:55:00","VFR",18,11,80,3,NA,NA,1017,"METAR KAAS 121455Z AUTO 08003KT 10SM CLR 18/11 A3003 RMK AO1",2025-10-12 15:18:27.57317,2025-10-12 11:18:27.573222
"KAIB","Nucla/Hopkins Fld, CO, US",2025-10-12 14:55:00,"2025-10-12 14:55:00","VFR",10,5.4,300,4,NA,NA,1018,"METAR KAIB 121455Z AUTO 30004KT 10SM BKN041 OVC048 10/05 A3006 RMK AO2 T01000054",2025-10-12 15:18:27.579741,2025-10-12 11:18:27.579791
"KAIK","Aiken Muni, GA, US",2025-10-12 14:55:00,"2025-10-12 10:55:00","IFR",15,14.2,340,8,NA,1.75,1010.6,"METAR KAIK 121455Z AUTO 34008KT 1 3/4SM RA BR OVC029 15/14 A2984 RMK AO2 VIS 1 1/4V2 1/2 P0006 T01500142 60011",2025-10-12 15:18:27.586285,2025-10-12 11:18:27.586331
"KAJZ","Delta/Blake Fld, CO, US",2025-10-12 14:55:00,"2025-10-12 14:55:00","VFR",11.7,4.6,230,14,18,NA,1015.3,"METAR KAJZ 121455Z AUTO 23014G18KT 10SM SCT080 12/05 A2998 RMK AO2 T01170046 PWINO",2025-10-12 15:18:27.60478,2025-10-12 11:18:27.604827
"KAAA","Lincoln/Logan Cnty, IL, US",2025-10-12 14:55:00,"2025-10-12 14:55:00","VFR",16.5,9.2,170,5,NA,NA,1016.3,"METAR KAAA 121455Z AUTO 17005KT 10SM CLR 17/09 A3001 RMK AO2 T01650092",2025-10-12 15:18:27.611383,2025-10-12 11:18:27.611427
"KADH","Ada Muni, OK, US",2025-10-12 14:55:00,"2025-10-12 09:55:00","VFR",23,17,170,6,NA,NA,1011.6,"METAR KADH 121455Z AUTO 17006KT 10SM CLR 23/17 A2987 RMK AO2",2025-10-12 15:18:27.617906,2025-10-12 11:18:27.61795
"KAFK","Nebraska City Muni, NE, US",2025-10-12 14:55:00,"2025-10-12 14:55:00","VFR",18.6,15.1,170,13,NA,NA,1005.8,"METAR KAFK 121455Z AUTO 17013KT 10SM OVC100 19/15 A2970 RMK AO2 T01860151",2025-10-12 15:18:27.624522,2025-10-12 11:18:27.624568
"KAGZ","Wagner Muni, SD, US",2025-10-12 14:55:00,"2025-10-12 14:55:00","VFR",22,16,170,13,21,NA,999.4,"METAR KAGZ 121455Z AUTO 17013G21KT 10SM CLR 22/16 A2951 RMK AO2",2025-10-12 15:18:27.631168,2025-10-12 11:18:27.631221
"KAIG","Antigo/Langlade Cnty, WI, US",2025-10-12 14:55:00,"2025-10-12 14:55:00","MVFR",12,7.6,140,14,NA,NA,1017,"METAR KAIG 121455Z AUTO 14014KT 10SM OVC023 12/08 A3003 RMK AO2 T01200076",2025-10-12 15:18:27.637852,2025-10-12 11:18:27.637898
"KALX","Alexander City/Russell Fld, AL, US",2025-10-12 14:55:00,"2025-10-12 09:55:00","VFR",20.8,9.6,330,5,NA,NA,1012.6,"METAR KALX 121455Z AUTO 33005KT 10SM CLR 21/10 A2990 RMK AO2 T02080096",2025-10-12 15:18:27.644471,2025-10-12 11:18:27.644518
"KANY","Anthony Muni, KS, US",2025-10-12 14:55:00,"2025-10-12 09:55:00","VFR",22,12,160,9,NA,NA,1006.9,"METAR KANY 121455Z AUTO 16009KT 10SM BKN095 22/12 A2973 RMK AO2",2025-10-12 15:18:27.651115,2025-10-12 11:18:27.651179
"KAQO","Llano Muni, TX, US",2025-10-12 14:55:00,"2025-10-12 14:55:00","VFR",24,12,NA,5,NA,NA,1013.3,"METAR KAQO 121455Z AUTO VRB05KT 10SM CLR 24/12 A2992 RMK AO2",2025-10-12 15:18:27.65776,2025-10-12 11:18:27.657807
"KAQX","Allendale Cnty Arpt, SC, US",2025-10-12 14:55:00,"2025-10-12 14:55:00","IFR",16,16,330,6,11,2,1008.9,"METAR KAQX 121455Z AUTO 33006G11KT 2SM -RA BR FEW006 SCT013 16/16 A2979 RMK AO2 P0011",2025-10-12 15:18:27.664302,2025-10-12 11:18:27.664347
"KAKR","Akron/Fulton Intl, OH, US",2025-10-12 14:54:00,"2025-10-12 10:54:00","IFR",12.2,10.6,0,0,NA,NA,1018,"METAR KAKR 121454Z AUTO 00000KT 10SM OVC005 12/11 A3006 RMK AO2 SLP180 T01220106 51007 $",2025-10-12 15:18:27.67086,2025-10-12 11:18:27.670905
"KALO","Waterloo Rgnl, IA, US",2025-10-12 14:54:00,"2025-10-12 09:54:00","VFR",14.4,8.9,140,12,23,NA,1011.9,"METAR KALO 121454Z 14012G23KT 10SM CLR 14/09 A2988 RMK AO2 SLP118 T01440089 57012",2025-10-12 15:18:27.677471,2025-10-12 11:18:27.677518
"KAPC","Napa Cnty Arpt, CA, US",2025-10-12 14:54:00,"2025-10-12 07:54:00","VFR",7.2,6.1,0,0,NA,NA,1014.6,"METAR KAPC 121454Z AUTO 00000KT 10SM CLR 07/06 A2996 RMK AO2 SLP136 T00720061 51001",2025-10-12 15:18:27.684031,2025-10-12 11:18:27.684075
"KAAO","Wichita/Jabara Arpt, KS, US",2025-10-12 14:54:00,"2025-10-12 14:54:00","VFR",23.3,12.8,180,16,25,NA,1007.2,"METAR KAAO 121454Z AUTO 18016G25KT 10SM CLR 23/13 A2974 RMK AO2 SLP060 T02330128 58003 $",2025-10-12 15:18:27.690635,2025-10-12 11:18:27.690681
"KAKH","Gastonia Muni, NC, US",2025-10-12 14:54:00,"2025-10-12 14:54:00","MVFR",19.4,13.3,10,12,20,NA,1009.9,"METAR KAKH 121454Z AUTO 01012G20KT 10SM BKN025 OVC080 19/13 A2982 RMK AO2 SLP093 T01940133 51005",2025-10-12 15:18:27.697275,2025-10-12 11:18:27.697332
"KAMA","Amarillo Intl Arpt, TX, US",2025-10-12 14:53:00,"2025-10-12 09:53:00","VFR",20.6,12.2,230,13,NA,NA,1009.9,"METAR KAMA 121453Z 23013KT 10SM BKN110 21/12 A2982 RMK AO2 SLP052 T02060122 53004",2025-10-12 15:18:27.703875,2025-10-12 11:18:27.703921
"KALW","Walla Walla Rgnl, WA, US",2025-10-12 14:53:00,"2025-10-12 07:53:00","VFR",9.4,3.9,220,12,21,NA,1011.9,"METAR KALW 121453Z 22012G21KT 10SM BKN070 09/04 A2988 RMK AO2 SLP120 T00940039 52003",2025-10-12 15:18:27.71048,2025-10-12 11:18:27.710526
"KABY","Albany/SW Georgia Rgnl, GA, US",2025-10-12 14:53:00,"2025-10-12 10:53:00","VFR",21.1,12.8,NA,4,NA,NA,1012.6,"METAR KABY 121453Z VRB04KT 10SM SCT080 21/13 A2990 RMK AO2 SLP122 T02110128 51010",2025-10-12 15:18:27.717296,2025-10-12 11:18:27.717346
"KAGC","Pittsburgh/Allegheny Cnty, PA, US",2025-10-12 14:53:00,"2025-10-12 10:53:00","IFR",15,12.8,NA,5,NA,NA,1017,"METAR KAGC 121453Z VRB05KT 10SM BKN009 OVC020 15/13 A3003 RMK AO2 SLP173 60005 T01500128 51005",2025-10-12 15:18:27.723955,2025-10-12 11:18:27.724004
"KAEX","Alexandria Intl, LA, US",2025-10-12 14:53:00,"2025-10-12 09:53:00","VFR",22.8,14.4,NA,3,NA,NA,1013.6,"METAR KAEX 121453Z VRB03KT 10SM CLR 23/14 A2993 RMK AO2 SLP138 T02280144 52009 $",2025-10-12 15:18:27.742739,2025-10-12 11:18:27.742784
"KABR","Aberdeen Rgnl, SD, US",2025-10-12 14:53:00,"2025-10-12 09:53:00","VFR",18.3,14.4,170,16,32,NA,996,"METAR KABR 121453Z AUTO 17016G32KT 10SM CLR 18/14 A2941 RMK AO2 PK WND 18034/1423 SLP957 T01830144 56002",2025-10-12 15:18:27.749242,2025-10-12 11:18:27.749287
"KAOO","Altoona/Blair Cnty, PA, US",2025-10-12 14:53:00,"2025-10-12 10:53:00","MVFR",13.9,12.2,50,6,NA,NA,1018.4,"METAR KAOO 121453Z AUTO 05006KT 10SM OVC011 14/12 A3007 RMK AO2 RAE15 SLP181 P0000 60003 T01390122 51006",2025-10-12 15:18:27.755724,2025-10-12 11:18:27.75577
"KARA","New Iberia/Acadiana Rgnl, LA, US",2025-10-12 14:53:00,"2025-10-12 09:53:00","VFR",24,15,0,0,NA,NA,1013.6,"METAR KARA 121453Z 00000KT 10SM CLR 24/15 A2993",2025-10-12 15:18:27.762251,2025-10-12 11:18:27.762298
"KAAF","Apalachicola Muni, FL, US",2025-10-12 14:53:00,"2025-10-12 10:53:00","VFR",22.8,15,40,4,NA,NA,1011.3,"METAR KAAF 121453Z AUTO 04004KT 10SM CLR 23/15 A2986 RMK AO1 SLP112 T02280150 50006 $",2025-10-12 15:18:27.768895,2025-10-12 11:18:27.768942
"KAOH","Lima/Allen Cnty, OH, US",2025-10-12 14:53:00,"2025-10-12 10:53:00","VFR",15,9.4,80,9,NA,NA,1017.7,"METAR KAOH 121453Z AUTO 08009KT 10SM CLR 15/09 A3005 RMK AO2 SLP175 T01500094 50005",2025-10-12 15:18:27.775551,2025-10-12 11:18:27.775598
"KARB","Ann Arbor Muni, MI, US",2025-10-12 14:53:00,"2025-10-12 10:53:00","VFR",13.3,10.6,40,7,NA,6,1019,"METAR KARB 121453Z 04007KT 6SM HZ FEW006 BKN041 13/11 A3009 RMK AO2 SLP190 T01330106 51001 $",2025-10-12 15:18:27.782086,2025-10-12 11:18:27.78213
"KASD","Slidell Arpt, LA, US",2025-10-12 14:53:00,"2025-10-12 14:53:00","VFR",21.7,13.3,0,0,NA,NA,1013.3,"METAR KASD 121453Z AUTO 00000KT 10SM CLR 22/13 A2992 RMK AO2 SLP131 T02170133 51008",2025-10-12 15:18:27.788658,2025-10-12 11:18:27.788703
"KAPA","Denver/Centennial Arpt, CO, US",2025-10-12 14:53:00,"2025-10-12 08:53:00","VFR",12.8,4.4,60,7,NA,NA,1008.5,"METAR KAPA 121453Z 06007KT 10SM FEW060 FEW090 13/04 A2978 RMK AO2 SLP047 T01280044 53026",2025-10-12 15:18:27.79525,2025-10-12 11:18:27.795296
"KAGS","Augusta Rgnl, GA, US",2025-10-12 14:53:00,"2025-10-12 10:53:00","MVFR",16.7,14.4,360,7,NA,8,1010.2,"METAR KAGS 121453Z 36007KT 8SM -RA BKN029 BKN038 OVC070 17/14 A2983 RMK AO2 SLP098 P0002 60006 T01670144 51015",2025-10-12 15:18:27.801713,2025-10-12 11:18:27.801756
"KAMG","Alma/Bacon Cnty, GA, US",2025-10-12 14:53:00,"2025-10-12 14:53:00","VFR",19.4,13.9,330,8,NA,NA,1010.6,"METAR KAMG 121453Z AUTO 33008KT 10SM BKN100 OVC120 19/14 A2984 RMK AO2 SLP102 T01940139 51009",2025-10-12 15:18:27.808286,2025-10-12 11:18:27.808332
"KAPF","Naples Muni, FL, US",2025-10-12 14:53:00,"2025-10-12 10:53:00","VFR",25.6,20,70,7,NA,NA,1009.2,"METAR KAPF 121453Z 07007KT 10SM FEW035 26/20 A2980 RMK AO2 SLP090 T02560200 51011 $",2025-10-12 15:18:27.814837,2025-10-12 11:18:27.814884
"KAFW","Fort Worth/Alliance Arpt, TX, US",2025-10-12 14:53:00,"2025-10-12 09:53:00","VFR",25,13.9,190,10,NA,NA,1011.6,"METAR KAFW 121453Z 19010KT 10SM FEW200 FEW250 25/14 A2987 RMK AO2 SLP101 T02500139 53007 $",2025-10-12 15:18:27.821408,2025-10-12 11:18:27.821455
"KALI","Alice Intl, TX, US",2025-10-12 14:53:00,"2025-10-12 09:53:00","VFR",26.1,16.7,210,7,NA,NA,1011.9,"METAR KALI 121453Z AUTO 21007KT 10SM CLR 26/17 A2988 RMK AO2 SLP115 T02610167 53007 $",2025-10-12 15:18:27.828088,2025-10-12 11:18:27.828134
"KAMW","Ames Muni, IA, US",2025-10-12 14:53:00,"2025-10-12 09:53:00","VFR",13.9,11.1,130,16,22,NA,1009.9,"METAR KAMW 121453Z AUTO 13016G22KT 10SM CLR 14/11 A2982 RMK AO2 SLP094 T01390111 58008",2025-10-12 15:18:27.834687,2025-10-12 11:18:27.834733
"KAIA","Alliance Muni, NE, US",2025-10-12 14:53:00,"2025-10-12 08:53:00","VFR",12.2,3.3,290,20,29,NA,1005.2,"METAR KAIA 121453Z AUTO 29020G29KT 10SM CLR 12/03 A2968 RMK AO2 PK WND 30029/1451 SLP027 T01220033 53027",2025-10-12 15:18:27.841311,2025-10-12 11:18:27.841357
"KANB","Anniston Metro, AL, US",2025-10-12 14:53:00,"2025-10-12 09:53:00","VFR",17.2,12.2,250,3,NA,NA,1013.3,"METAR KANB 121453Z AUTO 25003KT 10SM CLR 17/12 A2992 RMK AO2 SLP132 T01720122 50003",2025-10-12 15:18:27.847881,2025-10-12 11:18:27.847927
"KACK","Nantucket Mem Arpt, MA, US",2025-10-12 14:53:00,"2025-10-12 10:53:00","IFR",15.6,14.4,60,17,25,6,1019.7,"METAR KACK 121453Z 06017G25KT 6SM -RA BR BKN008 OVC100 16/14 A3011 RMK AO2 PK WND 05026/1418 SLP197 P0003 60003 T01560144 57010 $",2025-10-12 15:18:27.854402,2025-10-12 11:18:27.854447
"KAKO","Akron/Plains Rgnl, CO, US",2025-10-12 14:53:00,"2025-10-12 08:53:00","VFR",12.2,5.6,330,15,NA,NA,1006.9,"METAR KAKO 121453Z AUTO 33015KT 10SM CLR 12/06 A2973 RMK AO2 SLP037 T01220056 51031",2025-10-12 15:18:27.860968,2025-10-12 11:18:27.861014
"KABI","Abilene Rgnl, TX, US",2025-10-12 14:52:00,"2025-10-12 09:52:00","VFR",24.4,13.3,190,17,26,NA,1011.6,"METAR KABI 121452Z 19017G26KT 10SM CLR 24/13 A2987 RMK AO2 PK WND 19026/1450 SLP088 T02440133 53004 $",2025-10-12 15:18:27.879386,2025-10-12 11:18:27.879432
"KABQ","Albuquerque Intl, NM, US",2025-10-12 14:52:00,"2025-10-12 08:52:00","VFR",15,13.3,150,6,NA,NA,1015.3,"METAR KABQ 121452Z 15006KT 10SM -RA SCT025 BKN070 BKN100 15/13 A2998 RMK AO2 RAB43 SLP094 VCSH E-SE-SW MTNS OBSC NE AND SE P0000 60000 T01500133 53008 $",2025-10-12 15:18:27.88586,2025-10-12 11:18:27.885904
"KAQW","North Adams/Harriman West Arpt, MA, US",2025-10-12 14:52:00,"2025-10-12 14:52:00","VFR",12.8,6.1,90,13,21,NA,1023.8,"METAR KAQW 121452Z AUTO 09013G21KT 10SM SCT032 SCT039 13/06 A3023 RMK AO2 PK WND 09029/1426 SLP239 T01280061 51006",2025-10-12 15:18:27.89239,2025-10-12 11:18:27.892437
"KALS","Alamosa/Bergman Fld, CO, US",2025-10-12 14:52:00,"2025-10-12 08:52:00","VFR",12.8,4.4,190,11,NA,NA,1015,"METAR KALS 121452Z AUTO 19011KT 10SM CLR 13/04 A2997 RMK AO2 SLP082 T01280044 53012",2025-10-12 15:18:27.898952,2025-10-12 11:18:27.899
"KARR","Aurora Muni, IL, US",2025-10-12 14:52:00,"2025-10-12 09:52:00","VFR",15,8.9,170,8,NA,8,1017.4,"METAR KARR 121452Z 17008KT 8SM CLR 15/09 A3004 RMK AO2 SLP173 T01500089 50001",2025-10-12 15:18:27.905608,2025-10-12 11:18:27.905654
"KALB","Albany Intl, NY, US",2025-10-12 14:51:00,"2025-10-12 10:51:00","VFR",13.9,7.2,20,3,NA,NA,1023.8,"METAR KALB 121451Z 02003KT 10SM FEW031 SCT042 SCT065 BKN150 14/07 A3023 RMK AO2 SLP238 T01390072 51006",2025-10-12 15:18:27.912247,2025-10-12 11:18:27.912295
"KACT","Waco Rgnl, TX, US",2025-10-12 14:51:00,"2025-10-12 09:51:00","VFR",24.4,16.1,210,8,NA,NA,1012.6,"METAR KACT 121451Z 21008KT 10SM CLR 24/16 A2990 RMK AO2 SLP117 T02440161 50010 $",2025-10-12 15:18:27.91888,2025-10-12 11:18:27.918926
"KAHN","Athens/Epps Arpt, GA, US",2025-10-12 14:51:00,"2025-10-12 10:51:00","VFR",18.3,11.7,NA,3,NA,NA,1011.6,"METAR KAHN 121451Z VRB03KT 10SM CLR 18/12 A2987 RMK AO2 SLP111 T01830117 50003",2025-10-12 15:18:27.925547,2025-10-12 11:18:27.925593
"KABE","Allentown/Lehigh Valley Intl, PA, US",2025-10-12 14:51:00,"2025-10-12 10:51:00","VFR",14.4,11.1,60,19,24,NA,1018.7,"METAR KABE 121451Z 06019G24KT 10SM -RA SCT020 OVC100 14/11 A3008 RMK AO2 RAB16 SLP184 P0000 60000 T01440111 51002 $",2025-10-12 15:18:27.932106,2025-10-12 11:18:27.932169
"KADT","Atwood/Rollins Cnty, KS, US",2025-10-12 14:50:00,"2025-10-12 14:50:00","VFR",18,10.7,300,13,NA,NA,1005.5,"METAR KADT 121450Z AUTO 30013KT 10SM CLR 18/11 A2969 RMK AO2 T01800107",2025-10-12 15:18:27.938757,2025-10-12 11:18:27.938805
"KADM","Ardmore Muni, OK, US",2025-10-12 14:50:00,"2025-10-12 09:50:00","VFR",24,15,0,0,NA,NA,1011.3,"METAR KADM 121450Z 00000KT 10SM CLR 24/15 A2986",2025-10-12 15:18:27.945367,2025-10-12 11:18:27.945413
"K9S9","Lexington Arpt, OR, US",2025-10-12 14:50:00,"2025-10-12 14:50:00","VFR",9,2,190,8,14,NA,1014,"METAR K9S9 121450Z AUTO 19008G14KT 10SM OVC049 09/02 A2994 RMK AO2",2025-10-12 15:18:27.951918,2025-10-12 11:18:27.951964
"KAEG","Albuquerque/Double Eagle Arpt, NM, US",2025-10-12 14:50:00,"2025-10-12 14:50:00","LIFR",14,14,130,3,NA,2.5,1016,"SPECI KAEG 121450Z 13003KT 2 1/2SM BR BKN002 OVC070 14/14 A3000",2025-10-12 15:18:27.958479,2025-10-12 11:18:27.958524
"KALN","Alton/St Louis Rgnl, IL, US",2025-10-12 14:50:00,"2025-10-12 09:50:00","VFR",19,12,130,4,NA,NA,1015.7,"METAR KALN 121450Z 13004KT 10SM CLR 19/12 A2999",2025-10-12 15:18:27.965252,2025-10-12 11:18:27.965298
"KADS","Dallas/Addison Arpt, TX, US",2025-10-12 14:48:00,"2025-10-12 09:48:00","VFR",25,13,200,9,15,13,1012.3,"METAR KADS 121448Z 20009G15KT 13SM SKC 25/13 A2989",2025-10-12 15:18:27.971791,2025-10-12 11:18:27.971835
"KASG","Springdale Muni, AR, US",2025-10-12 14:48:00,"2025-10-12 09:48:00","VFR",22,20,170,8,NA,NA,1013.6,"METAR KASG 121448Z 17008KT 10SM CLR 22/20 A2993",2025-10-12 15:18:27.978357,2025-10-12 11:18:27.978403
"KANE","Blaine/Anoka Cnty, MN, US",2025-10-12 14:46:00,"2025-10-12 14:46:00","VFR",15,9,150,16,24,NA,1008.5,"METAR KANE 121446Z 15016G24KT 10SM CLR 15/09 A2978",2025-10-12 15:18:27.984975,2025-10-12 11:18:27.98502
"KAFN","Jaffrey Muni, NH, US",2025-10-12 14:25:00,"2025-10-12 10:25:00","MVFR",10.6,7.8,40,7,NA,NA,1024.5,"SPECI KAFN 121425Z AUTO 04007KT 10SM OVC015 11/08 A3025 RMK AO2 T01060078",2025-10-12 15:18:27.991588,2025-10-12 11:18:27.991633
"KAVC","Mecklenburg/Brunswick Rgnl, VA, US",2025-10-12 15:15:00,"2025-10-12 15:15:00","IFR",18.7,18.6,20,9,18,7,1010.6,"METAR KAVC 121515Z AUTO 02009G18KT 7SM OVC007 19/19 A2984 RMK AO2 T01870186",2025-10-12 15:18:29.942145,2025-10-12 11:18:29.942211
"KBIJ","Blakely/Early Cnty, GA, US",2025-10-12 15:15:00,"2025-10-12 15:15:00","VFR",20,12,20,3,NA,NA,1012.6,"METAR KBIJ 121515Z AUTO 02003KT 10SM CLR 20/12 A2990 RMK AO2",2025-10-12 15:18:29.948897,2025-10-12 11:18:29.948942
"KBDG","Blanding Muni, UT, US",2025-10-12 15:15:00,"2025-10-12 09:15:00","VFR",11.9,7.5,40,7,NA,NA,1016,"METAR KBDG 121515Z AUTO 04007KT 10SM CLR 12/08 A3000 RMK AO2 T01190075",2025-10-12 15:18:29.955519,2025-10-12 11:18:29.955566
"KAUH","Aurora/Potter Fld, NE, US",2025-10-12 15:15:00,"2025-10-12 15:15:00","VFR",23.5,13.9,190,13,21,NA,1002.1,"METAR KAUH 121515Z AUTO 19013G21KT 10SM CLR 24/14 A2959 RMK AO2 T02350139",2025-10-12 15:18:29.962254,2025-10-12 11:18:29.962301
"KBCB","Blacksburg/VA Tech Montgomery Exec, VA, US",2025-10-12 15:15:00,"2025-10-12 11:15:00","MVFR",15.5,13.2,40,4,NA,NA,1015,"METAR KBCB 121515Z AUTO 04004KT 10SM RA OVC016 16/13 A2997 RMK AO2 T01550132",2025-10-12 15:18:29.96895,2025-10-12 11:18:29.968998
"KBRY","Bardstown/Samuel Fld, KY, US",2025-10-12 15:15:00,"2025-10-12 11:15:00","VFR",17.4,12.6,0,0,NA,NA,1015.3,"METAR KBRY 121515Z AUTO 00000KT 10SM CLR 17/13 A2998 RMK AO2 T01740126 $",2025-10-12 15:18:29.975733,2025-10-12 11:18:29.97578
"KBDH","Willmar Muni, MN, US",2025-10-12 15:15:00,"2025-10-12 10:15:00","VFR",15,14,140,17,26,9,1004.1,"METAR KBDH 121515Z AUTO 14017G26KT 9SM SCT013 SCT075 OVC100 15/14 A2965 RMK AO2",2025-10-12 15:18:29.982404,2025-10-12 11:18:29.982449
"KAUM","Austin Muni, MN, US",2025-10-12 15:15:00,"2025-10-12 10:15:00","VFR",14,10,150,11,19,NA,1010.6,"METAR KAUM 121515Z AUTO 15011G19KT 10SM CLR 14/10 A2984 RMK AO2",2025-10-12 15:18:29.989169,2025-10-12 11:18:29.989221
"KBAX","Bad Axe/Huron Cnty, MI, US",2025-10-12 15:15:00,"2025-10-12 15:15:00","VFR",15.2,11,120,4,NA,NA,1020.4,"METAR KBAX 121515Z AUTO 12004KT 10SM SCT015 15/11 A3013 RMK AO2 T01520110",2025-10-12 15:18:29.995904,2025-10-12 11:18:29.995952
"KAXV","Wapakoneta/Armstrong Arpt, OH, US",2025-10-12 15:15:00,"2025-10-12 11:15:00","VFR",15,10,40,8,NA,NA,1017.4,"METAR KAXV 121515Z AUTO 04008KT 10SM CLR 15/10 A3004 RMK AO2",2025-10-12 15:18:30.002661,2025-10-12 11:18:30.002707
"KBEA","Beeville Muni, TX, US",2025-10-12 15:15:00,"2025-10-12 15:15:00","VFR",26.7,16,160,7,NA,NA,1012.6,"METAR KBEA 121515Z AUTO 16007KT 10SM CLR 27/16 A2990 RMK AO2 T02670160 PWINO",2025-10-12 15:18:30.009399,2025-10-12 11:18:30.009446
"KBBB","Benson Muni, MN, US",2025-10-12 15:15:00,"2025-10-12 10:15:00","VFR",16,15,140,16,25,9,1001.8,"METAR KBBB 121515Z AUTO 14016G25KT 9SM FEW013 FEW060 OVC090 16/15 A2958 RMK AO2",2025-10-12 15:18:30.016112,2025-10-12 11:18:30.016174
"KATS","Artesia Muni, NM, US",2025-10-12 15:15:00,"2025-10-12 09:15:00","VFR",21,21,210,9,NA,NA,1012.3,"METAR KATS 121515Z AUTO 21009KT 10SM FEW110 21/21 A2989 RMK AO2",2025-10-12 15:18:30.022765,2025-10-12 11:18:30.022811
"KBKS","Falfurrias/Brooks Cnty, TX, US",2025-10-12 15:15:00,"2025-10-12 15:15:00","VFR",26.5,18.1,140,5,NA,NA,1011.9,"METAR KBKS 121515Z AUTO 14005KT 10SM CLR 26/18 A2988 RMK AO2 T02650181 $",2025-10-12 15:18:30.029555,2025-10-12 11:18:30.029603
"KBKN","Blackwell/Tonkawa Muni, OK, US",2025-10-12 15:15:00,"2025-10-12 15:15:00","VFR",27,12,180,17,23,NA,1008.5,"METAR KBKN 121515Z AUTO 18017G23KT 10SM CLR 27/12 A2978 RMK AO2",2025-10-12 15:18:30.048477,2025-10-12 11:18:30.048527
"KBKD","Breckenridge/Stephens Cnty, TX, US",2025-10-12 15:15:00,"2025-10-12 10:15:00",NA,26,12.1,200,11,16,NA,1011.3,"METAR KBKD 121515Z AUTO 20011G16KT CLR 26/12 A2986 RMK AO2 T02600121",2025-10-12 15:18:30.055634,2025-10-12 11:18:30.055678
"KBLF","Bluefield/Mercer Cnty, WV, US",2025-10-12 15:14:00,"2025-10-12 11:14:00","MVFR",12.8,9.4,NA,6,NA,NA,1015.3,"SPECI KBLF 121514Z AUTO VRB06KT 10SM OVC013 13/09 A2998 RMK AO2 T01280094",2025-10-12 15:18:30.06236,2025-10-12 11:18:30.062414
"KBTL","Battle Creek/Kellogg Fld Arpt, MI, US",2025-10-12 15:11:00,"2025-10-12 11:11:00","VFR",10.6,9.4,60,3,NA,NA,1019.4,"SPECI KBTL 121511Z 06003KT 10SM FEW004 11/09 A3010 RMK AO2 T01060094",2025-10-12 15:18:30.069035,2025-10-12 11:18:30.06908
"KBFD","Bradford Rgnl, PA, US",2025-10-12 15:11:00,"2025-10-12 11:11:00","MVFR",14.4,10.6,120,7,NA,NA,1020.4,"SPECI KBFD 121511Z AUTO 12007KT 10SM SCT014 BKN020 OVC027 14/11 A3013 RMK AO2 T01440106",2025-10-12 15:18:30.075856,2025-10-12 11:18:30.075901
"KAVP","Wilkes-Barre Scranton Intl, PA, US",2025-10-12 15:04:00,"2025-10-12 11:04:00","VFR",15,9.4,70,5,22,NA,1020.1,"SPECI KAVP 121504Z 07005G22KT 10SM SCT026 BKN120 15/09 A3012 RMK AO2 T01500094",2025-10-12 15:18:30.082463,2025-10-12 11:18:30.082509
"KAZO","Kalamazoo Intl, MI, US",2025-10-12 15:00:00,"2025-10-12 11:00:00","LIFR",9.4,8.9,110,3,NA,8,1019.7,"SPECI KAZO 121500Z 11003KT 8SM BKN003 09/09 A3011 RMK AO2 T00940089",2025-10-12 15:18:30.088956,2025-10-12 11:18:30.088999
"KBHK","Baker Muni, MT, US",2025-10-12 14:59:00,"2025-10-12 14:59:00","VFR",6.1,5,280,15,26,NA,1002.1,"SPECI KBHK 121459Z AUTO 28015G26KT 10SM SCT014 OVC038 06/05 A2959 RMK AO2 PK WND 28026/1456 T00610050",2025-10-12 15:18:30.095552,2025-10-12 11:18:30.095598
"KBKF","Buckley SFB, CO, US",2025-10-12 14:58:00,"2025-10-12 08:58:00","VFR",14.3,4,0,0,NA,NA,1008.2,"METAR KBKF 121458Z 00000KT 10SM FEW100 14/04 A2977 RMK AO2A SLP031 T01430040 52032",2025-10-12 15:18:30.102101,2025-10-12 11:18:30.102146
"KBTP","Pittsburgh/Butler Rgnl, PA, US",2025-10-12 14:56:00,"2025-10-12 10:56:00","MVFR",16.1,13.3,80,12,NA,NA,1018,"METAR KBTP 121456Z AUTO 08012KT 10SM OVC018 16/13 A3006 RMK AO2 SLP186 60000 T01610133 50004",2025-10-12 15:18:30.108687,2025-10-12 11:18:30.108734
"KBKX","Brookings Rgnl, SD, US",2025-10-12 14:56:00,"2025-10-12 09:56:00","VFR",16.7,13.9,160,18,25,NA,1000.8,"METAR KBKX 121456Z AUTO 16018G25KT 10SM CLR 17/14 A2955 RMK AO2 PK WND 14029/1426 SLP012 T01670139 56013",2025-10-12 15:18:30.115296,2025-10-12 11:18:30.115343
"KBHB","Bar Harbor/Hancock Cnty, ME, US",2025-10-12 14:56:00,"2025-10-12 10:56:00","VFR",13.9,7.2,90,11,14,NA,1029.2,"METAR KBHB 121456Z AUTO 09011G14KT 10SM CLR 14/07 A3039 RMK AO2 SLP292 T01390072 51008",2025-10-12 15:18:30.121877,2025-10-12 11:18:30.121922
"KAUO","Auburn Univ Arpt, AL, US",2025-10-12 14:56:00,"2025-10-12 09:56:00","VFR",20.6,12.2,300,3,NA,NA,1013.3,"METAR KAUO 121456Z AUTO 30003KT 10SM CLR 21/12 A2992 RMK AO2 SLP122 T02060122 51007 $",2025-10-12 15:18:30.128481,2025-10-12 11:18:30.128527
"KAWO","Arlington Muni, WA, US",2025-10-12 14:56:00,"2025-10-12 14:56:00","MVFR",10,9.4,150,8,NA,9,1010.6,"METAR KAWO 121456Z AUTO 15008KT 9SM -RA BKN021 OVC030 10/09 A2984 RMK AO2 RAB49 SLP110 P0000 60001 T01000094 56006",2025-10-12 15:18:30.134988,2025-10-12 11:18:30.135032
"KBLM","Farmingdale/Monmouth Exec, NJ, US",2025-10-12 14:56:00,"2025-10-12 10:56:00","MVFR",15,13.9,30,16,24,NA,1017,"METAR KBLM 121456Z AUTO 03016G24KT 10SM BKN026 OVC031 15/14 A3003 RMK AO2 PK WND 04027/1437 SLP170 T01500139 57004",2025-10-12 15:18:30.141589,2025-10-12 11:18:30.141634
"KBOK","Brookings/State Arpt, OR, US",2025-10-12 14:56:00,"2025-10-12 07:56:00","VFR",8.9,8.3,0,0,NA,9,1018.7,"METAR KBOK 121456Z AUTO 00000KT 9SM FEW060 09/08 A3008 RMK AO2 SLP188 6//// T00890083 58006 PNO $",2025-10-12 15:18:30.148178,2025-10-12 11:18:30.148241
"KBID","Block Island Arpt, RI, US",2025-10-12 14:56:00,"2025-10-12 10:56:00","MVFR",13.3,11.7,40,19,28,9,1019.4,"METAR KBID 121456Z AUTO 04019G28KT 9SM -RA OVC015 13/12 A3010 RMK AO2 PK WND 03030/1431 RAB04 SLP195 6//// T01330117 55007 PNO $",2025-10-12 15:18:30.154693,2025-10-12 11:18:30.154737
"KBIH","Bishop Rgnl, CA, US",2025-10-12 14:56:00,"2025-10-12 07:56:00","VFR",6.1,-5.6,300,5,NA,NA,1015.3,"METAR KBIH 121456Z AUTO 30005KT 10SM CLR 06/M06 A2998 RMK AO2 SLP130 T00611056 53004",2025-10-12 15:18:30.161305,2025-10-12 11:18:30.161351
"KBMI","Bloomington Rgnl, IL, US",2025-10-12 14:56:00,"2025-10-12 09:56:00","VFR",16.7,8.3,150,9,NA,NA,1017,"METAR KBMI 121456Z 15009KT 10SM CLR 17/08 A3003 RMK AO2 SLP164 T01670083 51003",2025-10-12 15:18:30.167865,2025-10-12 11:18:30.167912
"KBJJ","Wooster/Wayne Cnty, OH, US",2025-10-12 14:56:00,"2025-10-12 10:56:00","VFR",14.4,11.1,110,5,NA,NA,1018,"METAR KBJJ 121456Z AUTO 11005KT 10SM CLR 14/11 A3006 RMK AO2 SLP181 T01440111 51005",2025-10-12 15:18:30.186391,2025-10-12 11:18:30.186439
"KAUN","Auburn Muni, CA, US",2025-10-12 14:55:00,"2025-10-12 07:55:00","VFR",9,1,90,7,NA,NA,1013.3,"METAR KAUN 121455Z AUTO 09007KT 10SM CLR 09/01 A2992 RMK A01",2025-10-12 15:18:30.193492,2025-10-12 11:18:30.19354
"KBMC","Brigham City Arpt, UT, US",2025-10-12 14:55:00,"2025-10-12 08:55:00",NA,7,3,60,3,NA,NA,1017,"METAR KBMC 121455Z AUTO 06003KT 10SM 07/03 A3003 RMK AO2 PWINO",2025-10-12 15:18:30.20006,2025-10-12 11:18:30.200108
"KBJI","Bemidji Municip, MN, US",2025-10-12 14:55:00,"2025-10-12 09:55:00","VFR",13.5,10.9,160,20,25,NA,1001.8,"METAR KBJI 121455Z AUTO 16020G25KT 10SM -RA SCT025 BKN065 OVC090 14/11 A2958 RMK AO2 P0002 60003 T01350109",2025-10-12 15:18:30.206641,2025-10-12 11:18:30.206685
"KBPG","Big Springs/McMahon , TX, US",2025-10-12 14:55:00,"2025-10-12 09:55:00","VFR",23.6,10.6,210,17,27,NA,1011.6,"METAR KBPG 121455Z AUTO 21017G27KT 10SM CLR 24/11 A2987 RMK AO2 T02360106",2025-10-12 15:18:30.213345,2025-10-12 11:18:30.213392
"KBBD","Brady/Curtis Fld, TX, US",2025-10-12 14:55:00,"2025-10-12 09:55:00","VFR",23,10,180,9,14,NA,1012.6,"METAR KBBD 121455Z AUTO 18009G14KT 10SM CLR 23/10 A2990 RMK AO2",2025-10-12 15:18:30.220021,2025-10-12 11:18:30.220066
"KAXX","Angel Fire Arpt, NM, US",2025-10-12 14:55:00,"2025-10-12 08:55:00","VFR",10.1,5.1,270,15,25,NA,1018.4,"METAR KAXX 121455Z AUTO 27015G25KT 10SM SCT027 SCT035 SCT040 10/05 A3007 RMK AO2 T01010051",2025-10-12 15:18:30.226616,2025-10-12 11:18:30.226662
"KBDU","Boulder Muni, CO, US",2025-10-12 14:55:00,"2025-10-12 08:55:00","VFR",16,0,0,0,NA,NA,1007.9,"METAR KBDU 121455Z AUTO 00000KT 10SM CLR 16/00 A2976 RMK AO2",2025-10-12 15:18:30.233278,2025-10-12 11:18:30.233324
"KBNL","Barnwell Cnty, SC, US",2025-10-12 14:55:00,"2025-10-12 10:55:00","IFR",16,15,330,8,NA,2,1009.6,"METAR KBNL 121455Z AUTO 33008KT 2SM RA FEW007 BKN012 OVC027 16/15 A2981 RMK AO2 P0007",2025-10-12 15:18:30.23991,2025-10-12 11:18:30.239954
"KBGE","Bainbridge/Decatur Cnty, GA, US",2025-10-12 14:55:00,"2025-10-12 10:55:00","VFR",20.3,13.3,350,5,NA,NA,1012.3,"METAR KBGE 121455Z AUTO 35005KT 10SM CLR 20/13 A2989 RMK AO2 T02030133",2025-10-12 15:18:30.246552,2025-10-12 11:18:30.2466
"KBQK","Brunswick/Golden Isles Arpt, GA, US",2025-10-12 14:55:00,"2025-10-12 10:55:00","VFR",21.5,15.7,310,9,NA,NA,1009.2,"METAR KBQK 121455Z AUTO 31009KT 270V340 10SM SCT075 SCT095 22/16 A2980 RMK AO2 T02150157",2025-10-12 15:18:30.253122,2025-10-12 11:18:30.253187
"KBFR","Bedford/Grissom Arpt, IN, US",2025-10-12 14:55:00,"2025-10-12 10:55:00",NA,16,10,NA,3,NA,NA,1016.7,"METAR KBFR 121455Z AUTO VRB03KT 10SM 16/10 A3002 RMK AO2",2025-10-12 15:18:30.259753,2025-10-12 11:18:30.259798
"KBMT","Beaumont Muni, TX, US",2025-10-12 14:55:00,"2025-10-12 09:55:00","VFR",23.7,17.4,0,0,NA,NA,1013.3,"METAR KBMT 121455Z AUTO 00000KT 10SM CLR 24/17 A2992 RMK AO2 T02370174",2025-10-12 15:18:30.266346,2025-10-12 11:18:30.266392
"KAXA","Algona Muni, IA, US",2025-10-12 14:55:00,"2025-10-12 09:55:00","VFR",14,12,160,17,29,7,1007.2,"METAR KAXA 121455Z AUTO 16017G29KT 7SM CLR 14/12 A2974 RMK A01",2025-10-12 15:18:30.273575,2025-10-12 11:18:30.273619
"KBHC","Baxley Muni, GA, US",2025-10-12 14:55:00,"2025-10-12 14:55:00","VFR",18,13,340,6,NA,NA,1010.6,"METAR KBHC 121455Z AUTO 34006KT 10SM OVC090 18/13 A2984 RMK AO2 PNO",2025-10-12 15:18:30.280205,2025-10-12 11:18:30.280252
"KBNW","Boone Muni, IA, US",2025-10-12 14:55:00,"2025-10-12 09:55:00",NA,14,14,140,16,NA,NA,1008.9,"METAR KBNW 121455Z AUTO 14016KT 14/14 A2979 RMK AO2",2025-10-12 15:18:30.286702,2025-10-12 11:18:30.286747
"KBLV","Belleville/Scott AFB, IL, US",2025-10-12 14:55:00,"2025-10-12 09:55:00","VFR",19.3,13.7,130,4,NA,NA,1015,"METAR KBLV 121455Z AUTO 13004KT 10SM CLR 19/14 A2997 RMK AO2 SLP150 T01930137 53001 $",2025-10-12 15:18:30.293267,2025-10-12 11:18:30.293313
"KBCK","Black River Falls Arpt, WI, US",2025-10-12 14:55:00,"2025-10-12 14:55:00","VFR",13.5,10,150,9,15,NA,1014.3,"METAR KBCK 121455Z AUTO 15009G15KT 120V180 10SM CLR 14/10 A2995 RMK AO2 T01350100",2025-10-12 15:18:30.300008,2025-10-12 11:18:30.300054
"KBAD","Barksdale AFB, LA, US",2025-10-12 14:55:00,"2025-10-12 09:55:00","VFR",25.1,13.6,130,7,NA,NA,1013.3,"METAR KBAD 121455Z AUTO 13007KT 10SM CLR 25/14 A2992 RMK AO2 SLP134 T02510136 52010 $",2025-10-12 15:18:30.306671,2025-10-12 11:18:30.306716
"KBTN","Britton Muni, SD, US",2025-10-12 14:55:00,"2025-10-12 09:55:00","VFR",19,17,170,21,34,NA,995.7,"METAR KBTN 121455Z AUTO 17021G34KT 10SM CLR 19/17 A2940 RMK AO2",2025-10-12 15:18:30.325561,2025-10-12 11:18:30.325608
"KBFA","Boyne Falls Arpt, MI, US",2025-10-12 14:55:00,"2025-10-12 14:55:00","VFR",15,11,140,6,NA,NA,1020.1,"METAR KBFA 121455Z AUTO 14006KT 10SM SCT022 15/11 A3012 RMK AO2",2025-10-12 15:18:30.332767,2025-10-12 11:18:30.332814
"KBBP","Bennettsville/Marlboro Jetport, SC, US",2025-10-12 14:55:00,"2025-10-12 10:55:00","MVFR",17,17,330,10,18,7,1005.5,"METAR KBBP 121455Z AUTO 33010G18KT 7SM -RA OVC011 17/17 A2969 RMK AO2",2025-10-12 15:18:30.339365,2025-10-12 11:18:30.339409
"KAZC","Colorado City Muni, AZ, US",2025-10-12 14:55:00,"2025-10-12 14:55:00","VFR",10,7,100,7,NA,NA,1015.7,"METAR KAZC 121455Z AUTO 10007KT 10SM CLR 10/07 A2999 RMK AO2",2025-10-12 15:18:30.345927,2025-10-12 11:18:30.345972
"KBAB","Beale AFB, CA, US",2025-10-12 14:55:00,"2025-10-12 07:55:00","VFR",9,6.3,340,3,NA,NA,1013,"METAR KBAB 121455Z AUTO 34003KT 10SM CLR 09/06 A2991 RMK AO2 SLP132 T00900063 56005 $",2025-10-12 15:18:30.35261,2025-10-12 11:18:30.352657
"KAYS","Waycross/Ware Cnty, GA, US",2025-10-12 14:55:00,"2025-10-12 10:55:00",NA,20.8,18.1,340,8,NA,NA,1010.6,"METAR KAYS 121455Z AUTO 34008KT 21/18 A2984 RMK AO2 T02080181 PWINO",2025-10-12 15:18:30.359217,2025-10-12 11:18:30.359263
"KBIF","Biggs, TX, US",2025-10-12 14:55:00,"2025-10-12 08:55:00",NA,19.7,18.7,180,6,NA,9,1014.6,"METAR KBIF 121455Z AUTO 18006KT 9SM M 20/19 A2996 RMK AO2 SLP088 60001 T01970187 53009 $",2025-10-12 15:18:30.365759,2025-10-12 11:18:30.365804
"KBKT","Blackstone/Perkinson, VA, US",2025-10-12 14:55:00,"2025-10-12 10:55:00","IFR",18,17.3,30,11,19,4,1009.2,"METAR KBKT 121455Z AUTO 03011G19KT 4SM -RA BR OVC006 18/17 A2980 RMK AO2 RAE09RAB14 SLP092 P0001 60004 T01800173 50005",2025-10-12 15:18:30.37231,2025-10-12 11:18:30.372356
"KAWG","Washington Muni, IA, US",2025-10-12 14:55:00,"2025-10-12 14:55:00","VFR",14,12,140,13,NA,NA,1013,"METAR KAWG 121455Z AUTO 14013KT 10SM CLR 14/12 A2991 RMK AO2",2025-10-12 15:18:30.378874,2025-10-12 11:18:30.378919
"KAVQ","Tucson/Marana Rgnl, AZ, US",2025-10-12 14:55:00,"2025-10-12 07:55:00","VFR",24,19,170,3,NA,NA,1008.9,"METAR KAVQ 121455Z AUTO 17003KT 10SM SCT049 SCT120 24/19 A2979 RMK AO2",2025-10-12 15:18:30.385469,2025-10-12 11:18:30.385516
"KASW","Warsaw Muni, IN, US",2025-10-12 14:55:00,"2025-10-12 14:55:00","VFR",14.7,9.8,0,0,NA,NA,1018.7,"METAR KASW 121455Z AUTO 00000KT 10SM CLR 14/10 A3008 RMK AO2 T01470098",2025-10-12 15:18:30.392023,2025-10-12 11:18:30.392066
"KAXH","Houston/SW Arpt, TX, US",2025-10-12 14:55:00,"2025-10-12 14:55:00","VFR",26.1,17.4,140,4,NA,NA,1013.3,"METAR KAXH 121455Z AUTO 14004KT 10SM CLR 26/17 A2992 RMK AO2 T02610174",2025-10-12 15:18:30.398626,2025-10-12 11:18:30.398672
"KBDN","Bend Muni, OR, US",2025-10-12 14:55:00,"2025-10-12 14:55:00","VFR",5,0,230,7,NA,NA,1014,"METAR KBDN 121455Z AUTO 23007KT 10SM FEW120 05/00 A2994 RMK AO2",2025-10-12 15:18:30.405259,2025-10-12 11:18:30.405305
"KAXS","Altus/Quartz Mtn Rgnl, OK, US",2025-10-12 14:55:00,"2025-10-12 09:55:00","VFR",25,10,190,13,18,9,1009.6,"METAR KAXS 121455Z AUTO 19013G18KT 9SM SCT100 SCT240 25/10 A2981 RMK AO2",2025-10-12 15:18:30.411768,2025-10-12 11:18:30.411811
"KBIX","Biloxi/Keesler AFB, MS, US",2025-10-12 14:55:00,"2025-10-12 09:55:00","VFR",23,13.5,30,4,NA,NA,1011.9,"METAR KBIX 121455Z AUTO 03004KT 10SM CLR 23/14 A2988 RMK AO2 SLP121 T02300135 51007 $",2025-10-12 15:18:30.418323,2025-10-12 11:18:30.418368
"KBEC","Wichita/Beech Factory Arpt, KS, US",2025-10-12 14:55:00,"2025-10-12 09:55:00","VFR",23.4,12.7,170,14,19,NA,1007.5,"METAR KBEC 121455Z AUTO 17014G19KT 10SM SCT110 23/13 A2975 RMK AO2 T02340127",2025-10-12 15:18:30.424873,2025-10-12 11:18:30.42492
"KBOW","Bartow Muni, FL, US",2025-10-12 14:55:00,"2025-10-12 10:55:00","VFR",23,17,10,5,NA,NA,1010.6,"METAR KBOW 121455Z AUTO 01005KT 10SM CLR 23/17 A2984 RMK AO2 PWINO",2025-10-12 15:18:30.431574,2025-10-12 11:18:30.43162
"KBAM","Battle Mountain Arpt, NV, US",2025-10-12 14:55:00,"2025-10-12 07:55:00","VFR",1,-3,0,0,NA,NA,1017.4,"METAR KBAM 121455Z AUTO 00000KT 10SM CLR 01/M03 A3004 RMK AO1",2025-10-12 15:18:30.438232,2025-10-12 11:18:30.438281
"KBTA","Blair Muni, NE, US",2025-10-12 14:55:00,"2025-10-12 14:55:00","VFR",19.9,13.5,160,14,20,NA,1004.1,"METAR KBTA 121455Z AUTO 16014G20KT 10SM BKN120 20/14 A2965 RMK AO2 T01990135",2025-10-12 15:18:30.444921,2025-10-12 11:18:30.444969
"KBGF","Winchester Muni, TN, US",2025-10-12 14:55:00,"2025-10-12 14:55:00","VFR",17,13,NA,NA,NA,NA,1014,"METAR KBGF 121455Z AUTO 10SM CLR 17/13 A2994 RMK A01",2025-10-12 15:18:30.463332,2025-10-12 11:18:30.463386
"KBTV","Burlington Intl, VT, US",2025-10-12 14:54:00,"2025-10-12 10:54:00","VFR",17.2,5,340,3,NA,NA,1025.5,"METAR KBTV 121454Z 34003KT 10SM FEW100 SCT150 17/05 A3028 RMK AO2 SLP256 T01720050 52000",2025-10-12 15:18:30.47059,2025-10-12 11:18:30.470638
"KAVL","Asheville Muni, NC, US",2025-10-12 14:54:00,"2025-10-12 10:54:00","VFR",17.8,7.8,340,13,18,NA,1013.3,"METAR KAVL 121454Z 34013G18KT 10SM CLR 18/08 A2992 RMK AO2 SLP116 T01780078 58003",2025-10-12 15:18:30.477346,2025-10-12 11:18:30.477404
"KBFL","Bakersfield/Meadows Arpt, CA, US",2025-10-12 14:54:00,"2025-10-12 07:54:00","VFR",12.8,5,90,3,NA,NA,1014,"METAR KBFL 121454Z 09003KT 10SM CLR 13/05 A2994 RMK AO2 SLP136 T01280050 51004",2025-10-12 15:18:30.483929,2025-10-12 11:18:30.483975
"KBOS","Boston/Logan Intl, MA, US",2025-10-12 14:54:00,"2025-10-12 10:54:00","MVFR",13.9,10.6,50,18,28,9,1023.8,"METAR KBOS 121454Z 05018G28KT 9SM -RA SCT013 BKN021 OVC030 14/11 A3023 RMK AO2 PK WND 04028/1445 RAB39 SLP237 P0000 60000 T01390106 51002 $",2025-10-12 15:18:30.490552,2025-10-12 11:18:30.490618
"KAUW","Wausau Downtown, WI, US",2025-10-12 14:54:00,"2025-10-12 09:54:00","VFR",13.9,8.3,150,10,NA,NA,1016.3,"METAR KAUW 121454Z AUTO 15010KT 10SM CLR 14/08 A3001 RMK AO2 SLP168 T01390083 58008",2025-10-12 15:18:30.497332,2025-10-12 11:18:30.497378
"KBOI","Boise Arpt, ID, US",2025-10-12 14:53:00,"2025-10-12 08:53:00","VFR",8.3,3.3,170,3,NA,NA,1014.3,"METAR KBOI 121453Z AUTO 17003KT 10SM BKN047 OVC055 08/03 A2995 RMK AO2 SLP137 T00830033 51007",2025-10-12 15:18:30.503933,2025-10-12 11:18:30.50398
"KBFF","Scottsbluff/Western Nebraska Rgnl, NE, US",2025-10-12 14:53:00,"2025-10-12 08:53:00","VFR",13.3,-0.6,290,18,28,NA,1006.9,"METAR KBFF 121453Z AUTO 29018G28KT 10SM -RA CLR 13/M01 A2973 RMK AO2 PK WND 30031/1441 SLP044 P0000 60000 T01331006 53032",2025-10-12 15:18:30.510501,2025-10-12 11:18:30.510546
"KBCE","Bryce Canyon Arpt, UT, US",2025-10-12 14:53:00,"2025-10-12 08:53:00","VFR",3.9,0,340,5,NA,NA,1018,"METAR KBCE 121453Z AUTO 34005KT 10SM CLR 04/00 A3006 RMK AO2 SLP108 T00390000 53012",2025-10-12 15:18:30.517011,2025-10-12 11:18:30.517055
"KASX","Ashland/Kennedy Mem Arpt, WI, US",2025-10-12 14:53:00,"2025-10-12 09:53:00","VFR",13.3,8.9,160,10,20,NA,1011.9,"METAR KASX 121453Z AUTO 16010G20KT 10SM CLR 13/09 A2988 RMK AO2 SLP123 T01330089 58015",2025-10-12 15:18:30.523575,2025-10-12 11:18:30.523623
"KBCT","Boca Raton Arpt, FL, US",2025-10-12 14:53:00,"2025-10-12 10:53:00","VFR",27,21,330,8,NA,NA,1008.9,"METAR KBCT 121453Z 33008KT 10SM FEW030 27/21 A2979",2025-10-12 15:18:30.530328,2025-10-12 11:18:30.530375
"KAUS","Austin/Bergstrom Intl, TX, US",2025-10-12 14:53:00,"2025-10-12 09:53:00","VFR",25.6,16.7,200,9,NA,NA,1012.6,"METAR KAUS 121453Z 20009KT 10SM FEW300 26/17 A2990 RMK AO2 SLP116 T02560167 51008",2025-10-12 15:18:30.536942,2025-10-12 11:18:30.536988
"KBRD","Brainerd/Lakes Rgnl, MN, US",2025-10-12 14:53:00,"2025-10-12 09:53:00","VFR",13.3,10,150,13,23,NA,1005.2,"METAR KBRD 121453Z AUTO 15013G23KT 10SM FEW022 SCT075 OVC100 13/10 A2968 RMK AO2 PK WND 15026/1412 RAB10E42 SLP052 P0001 60001 T01330100 58009",2025-10-12 15:18:30.543599,2025-10-12 11:18:30.543647
"KAXN","Alexandria/Chandler Fld, MN, US",2025-10-12 14:53:00,"2025-10-12 09:53:00","MVFR",13.9,12.8,150,15,24,4,1003.1,"METAR KAXN 121453Z AUTO 15015G24KT 4SM -RA BR SCT013 BKN075 OVC100 14/13 A2962 RMK AO2 PK WND 16027/1403 RAB37 SLP031 P0002 60004 T01390128 58011",2025-10-12 15:18:30.550133,2025-10-12 11:18:30.550197
"KBDE","Baudette Intl, MN, US",2025-10-12 14:53:00,"2025-10-12 09:53:00","VFR",12.2,10,150,14,26,NA,1000.8,"METAR KBDE 121453Z AUTO 15014G26KT 10SM -RA FEW040 SCT075 OVC100 12/10 A2955 RMK AO2 PK WND 15026/1441 SLP011 P0002 60004 T01220100 56019",2025-10-12 15:18:30.556727,2025-10-12 11:18:30.556773
"KAWM","West Memphis Muni, AR, US",2025-10-12 14:53:00,"2025-10-12 09:53:00","VFR",21.7,15,160,4,NA,NA,1014,"METAR KAWM 121453Z AUTO 16004KT 10SM CLR 22/15 A2994 RMK AO2 SLP136 T02170150 50004",2025-10-12 15:18:30.563336,2025-10-12 11:18:30.563384
"KBBW","Broken Bow Muni, NE, US",2025-10-12 14:53:00,"2025-10-12 09:53:00","VFR",19.4,11.7,180,12,NA,NA,1001.1,"METAR KBBW 121453Z AUTO 18012KT 10SM CLR 19/12 A2956 RMK AO2 SLP988 T01940117 53006",2025-10-12 15:18:30.57008,2025-10-12 11:18:30.570125
"KBEH","Benton Harbor/SW Michigan Rgnl, MI, US",2025-10-12 14:53:00,"2025-10-12 10:53:00","VFR",14.4,10.6,110,6,NA,NA,1018.4,"METAR KBEH 121453Z AUTO 11006KT 10SM CLR 14/11 A3007 RMK AO2 SLP185 T01440106 50003",2025-10-12 15:18:30.576697,2025-10-12 11:18:30.576744
"KBFM","Mobile/Downtown Arpt, AL, US",2025-10-12 14:53:00,"2025-10-12 09:53:00","VFR",21.1,12.8,40,4,NA,NA,1013.6,"METAR KBFM 121453Z 04004KT 10SM CLR 21/13 A2993 RMK AO2 SLP135 T02110128 51009",2025-10-12 15:18:30.583388,2025-10-12 11:18:30.583434
"KBIV","Holland/Tulip City Arpt, MI, US",2025-10-12 14:53:00,"2025-10-12 14:53:00","VFR",10.6,10,100,6,NA,NA,1019.4,"METAR KBIV 121453Z AUTO 10006KT 10SM FEW003 11/10 A3010 RMK AO2 SLP175 T01060100 51005",2025-10-12 15:18:30.589978,2025-10-12 11:18:30.590024
"KBKE","Baker Muni, OR, US",2025-10-12 14:53:00,"2025-10-12 07:53:00","VFR",3.3,2.8,340,3,NA,NA,1013,"METAR KBKE 121453Z AUTO 34003KT 10SM FEW030 BKN048 BKN060 03/03 A2991 RMK AO2 RAE25 SLP139 P0001 60001 T00330028 53000",2025-10-12 15:18:30.609028,2025-10-12 11:18:30.609074
"KBLI","Bellingham Intl, WA, US",2025-10-12 14:53:00,"2025-10-12 07:53:00","VFR",7.8,7.2,0,0,NA,7,1009.9,"METAR KBLI 121453Z 00000KT 7SM SCT060 BKN075 08/07 A2982 RMK AO2 SLP107 60006 T00780072 56005",2025-10-12 15:18:30.615751,2025-10-12 11:18:30.615794
"KBAF","Westfield/Barnes Muni, MA, US",2025-10-12 14:53:00,"2025-10-12 10:53:00","MVFR",12.8,8.9,10,9,NA,NA,1023.1,"METAR KBAF 121453Z 01009KT 10SM OVC025 13/09 A3021 RMK AO2 SLP233 T01280089 51002",2025-10-12 15:18:30.622267,2025-10-12 11:18:30.622312
"KBGM","Binghamton Arpt, NY, US",2025-10-12 14:53:00,"2025-10-12 10:53:00","VFR",13.9,9.4,90,11,18,NA,1021.1,"METAR KBGM 121453Z 09011G18KT 10SM FEW070 14/09 A3015 RMK AO2 SLP209 T01390094 50002",2025-10-12 15:18:30.628861,2025-10-12 11:18:30.628907
"KBKL","Cleveland/Burke Lakefront Arpt, OH, US",2025-10-12 14:53:00,"2025-10-12 10:53:00","VFR",17.8,11.1,100,6,NA,NA,1017.7,"METAR KBKL 121453Z 10006KT 10SM CLR 18/11 A3005 RMK AO2 SLP175 T01780111 50002 $",2025-10-12 15:18:30.63562,2025-10-12 11:18:30.635667
"KBTR","Baton Rouge/Ryan Fld, LA, US",2025-10-12 14:53:00,"2025-10-12 09:53:00","VFR",22.8,13.3,80,4,NA,NA,1013.6,"METAR KBTR 121453Z 08004KT 10SM CLR 23/13 A2993 RMK AO2 SLP135 T02280133 51011",2025-10-12 15:18:30.642311,2025-10-12 11:18:30.642357
"KBKV","Brooksville-Tampa Bay Rgnl, FL, US",2025-10-12 14:53:00,"2025-10-12 14:53:00","VFR",24.4,14.4,360,5,NA,NA,1010.6,"METAR KBKV 121453Z 36005KT 10SM CLR 24/14 A2984 RMK AO2 SLP104 T02440144 51008",2025-10-12 15:18:30.648964,2025-10-12 11:18:30.649011
"KBNA","Nashville Intl, TN, US",2025-10-12 14:53:00,"2025-10-12 09:53:00","VFR",20,11.1,30,3,NA,NA,1015.3,"METAR KBNA 121453Z 03003KT 10SM FEW150 20/11 A2998 RMK AO2 SLP146 T02000111 51009",2025-10-12 15:18:30.655567,2025-10-12 11:18:30.655613
"KBPK","Mountain Home/Baxter Cnty, AR, US",2025-10-12 14:53:00,"2025-10-12 09:53:00","VFR",18.9,12.2,170,5,NA,NA,1014.3,"METAR KBPK 121453Z AUTO 17005KT 10SM CLR 19/12 A2995 RMK AO2 SLP136 T01890122 51006 PWINO $",2025-10-12 15:18:30.662116,2025-10-12 11:18:30.662181
"KBPT","Beaumont/SE Texas Rgnl, TX, US",2025-10-12 14:53:00,"2025-10-12 09:53:00","VFR",25,18.3,0,0,NA,NA,1013,"METAR KBPT 121453Z 00000KT 10SM CLR 25/18 A2991 RMK AO2 SLP128 T02500183 53009",2025-10-12 15:18:30.66872,2025-10-12 11:18:30.668765
"KBRL","Burlington/SE Iowa Rgnl, IA, US",2025-10-12 14:53:00,"2025-10-12 09:53:00","VFR",16.1,10.6,160,7,NA,NA,1014,"METAR KBRL 121453Z AUTO 16007KT 10SM CLR 16/11 A2994 RMK AO2 SLP138 T01610106 58002",2025-10-12 15:18:30.675374,2025-10-12 11:18:30.675421
"KBRO","Brownsville Intl, TX, US",2025-10-12 14:53:00,"2025-10-12 09:53:00","VFR",28.3,19.4,60,3,NA,NA,1011.6,"METAR KBRO 121453Z 06003KT 10SM CLR 28/19 A2987 RMK AO2 SLP114 T02830194 53011 $",2025-10-12 15:18:30.681953,2025-10-12 11:18:30.682001
"KAUG","Augusta/State Arpt, ME, US",2025-10-12 14:53:00,"2025-10-12 10:53:00","VFR",12.8,7.2,20,7,NA,NA,1028.5,"METAR KAUG 121453Z AUTO 02007KT 10SM CLR 13/07 A3037 RMK AO2 SLP287 T01280072 52007 PWINO $",2025-10-12 15:18:30.688596,2025-10-12 11:18:30.688642
"KBPI","Big Piney Arpt, WY, US",2025-10-12 14:53:00,"2025-10-12 08:53:00","VFR",0.6,-3.9,360,3,NA,NA,1015.3,"METAR KBPI 121453Z AUTO 36003KT 10SM BKN048 01/M04 A2998 RMK AO2 SLP127 60000 T00061039 53023",2025-10-12 15:18:30.695176,2025-10-12 11:18:30.695226
"KATY","Watertown Rgnl, SD, US",2025-10-12 14:53:00,"2025-10-12 09:53:00","VFR",16.7,13.9,160,20,30,NA,999.4,"METAR KATY 121453Z AUTO 16020G30KT 10SM CLR 17/14 A2951 RMK AO2 PK WND 16034/1416 SLP987 60000 T01670139 58004",2025-10-12 15:18:30.70178,2025-10-12 11:18:30.701825
"KBGR","Bangor Intl Arpt, ME, US",2025-10-12 14:53:00,"2025-10-12 10:53:00","VFR",15.6,6.1,80,10,NA,NA,1029.2,"METAR KBGR 121453Z 08010KT 10SM SCT150 BKN250 16/06 A3039 RMK AO2 SLP291 T01560061 51005",2025-10-12 15:18:30.708349,2025-10-12 11:18:30.708394
"KBMG","Bloomington/Monroe Cnty, IN, US",2025-10-12 14:53:00,"2025-10-12 10:53:00","VFR",15.6,9.4,NA,4,NA,NA,1016.7,"METAR KBMG 121453Z VRB04KT 10SM CLR 16/09 A3002 RMK AO2 SLP164 T01560094 51005",2025-10-12 15:18:30.714949,2025-10-12 11:18:30.714995
"KBFI","Seattle/Boeing Fld, WA, US",2025-10-12 14:53:00,"2025-10-12 07:53:00","VFR",10.6,7.2,180,12,19,7,1010.9,"METAR KBFI 121453Z 18012G19KT 7SM -RA OVC055 11/07 A2985 RMK AO2 RAB38 SLP106 P0000 60000 T01060072 56005",2025-10-12 15:18:30.721606,2025-10-12 11:18:30.72165
"KBMQ","Burnet Muni, TX, US",2025-10-12 14:53:00,"2025-10-12 14:53:00","VFR",23.9,13.3,200,10,NA,NA,1013.6,"METAR KBMQ 121453Z AUTO 20010KT 10SM CLR 24/13 A2993 RMK AO2 SLP120 T02390133 53007 $",2025-10-12 15:18:30.728206,2025-10-12 11:18:30.728254
"KBTM","Butte/Mooney Arpt, MT, US",2025-10-12 14:53:00,"2025-10-12 08:53:00","VFR",3.9,-1.1,0,0,NA,NA,1009.6,"METAR KBTM 121453Z AUTO 00000KT 10SM BKN048 OVC055 04/M01 A2981 RMK AO2 UPB25E34 SLP087 P0000 60000 T00391011 53016",2025-10-12 15:18:30.747073,2025-10-12 11:18:30.747122
"KBNO","Burns Muni, OR, US",2025-10-12 14:53:00,"2025-10-12 07:53:00","VFR",1.7,-1.1,290,5,NA,NA,1015.3,"METAR KBNO 121453Z AUTO 29005KT 10SM CLR 02/M01 A2998 RMK AO2 SLP161 T00171011 53005",2025-10-12 15:18:30.753939,2025-10-12 11:18:30.753985
"KBHM","Birmingham Intl, AL, US",2025-10-12 14:53:00,"2025-10-12 09:53:00","VFR",21.1,12.2,0,0,NA,NA,1014.3,"METAR KBHM 121453Z 00000KT 10SM FEW250 21/12 A2995 RMK AO2 SLP137 T02110122 50005",2025-10-12 15:18:30.760448,2025-10-12 11:18:30.760494
"KBIL","Billings/Logan Intl, MT, US",2025-10-12 14:53:00,"2025-10-12 08:53:00","VFR",6.1,2.2,310,15,NA,NA,1006.9,"METAR KBIL 121453Z 31015KT 10SM FEW070 SCT120 BKN200 06/02 A2973 RMK AO2 SLP066 ACSL DSNT W-NW T00610022 53020",2025-10-12 15:18:30.767061,2025-10-12 11:18:30.767106
"KBLU","Blue Canyon/Nyack Arpt, CA, US",2025-10-12 14:52:00,"2025-10-12 07:52:00","VFR",6.7,-7.2,70,3,NA,NA,1015.7,"METAR KBLU 121452Z AUTO 07003KT 10SM CLR 07/M07 A2999 RMK AO2 SLP131 T00671072 55003",2025-10-12 15:18:30.773716,2025-10-12 11:18:30.773762
"KBIS","Bismarck Arpt, ND, US",2025-10-12 14:52:00,"2025-10-12 09:52:00","VFR",15.6,10,270,21,31,NA,994.7,"METAR KBIS 121452Z 27021G31KT 10SM FEW014 16/10 A2937 RMK AO2 PK WND 25031/1450 WSHFT 1421 SLP945 T01560100 53018",2025-10-12 15:18:30.780333,2025-10-12 11:18:30.780379
"KATL","Atlanta/Hartsfield-Jackson Intl, GA, US",2025-10-12 14:52:00,"2025-10-12 10:52:00","VFR",20,10.6,280,7,NA,NA,1012.6,"METAR KATL 121452Z 28007KT 10SM SCT180 BKN250 20/11 A2990 RMK AO2 SLP117 VIRGA DSNT SE T02000106 51006 $",2025-10-12 15:18:30.786999,2025-10-12 11:18:30.787055
"KBDR","Bridgeport/Sikorsky Mem, CT, US",2025-10-12 14:52:00,"2025-10-12 10:52:00","VFR",13.9,8.9,40,17,25,NA,1020.1,"METAR KBDR 121452Z 04017G25KT 10SM CLR 14/09 A3012 RMK AO2 SLP198 T01390089 58003 $",2025-10-12 15:18:30.793594,2025-10-12 11:18:30.793641
"KBLH","Blythe Arpt, CA, US",2025-10-12 14:52:00,"2025-10-12 07:52:00","VFR",22.2,3.3,340,13,NA,NA,1006.5,"METAR KBLH 121452Z AUTO 34013KT 10SM CLR 22/03 A2972 RMK AO2 SLP059 T02220033 53015 $",2025-10-12 15:18:30.800326,2025-10-12 11:18:30.800372
"KBML","Berlin Muni, NH, US",2025-10-12 14:52:00,"2025-10-12 10:52:00","VFR",14.4,3.3,110,15,25,NA,1027.5,"METAR KBML 121452Z AUTO 11015G25KT 10SM CLR 14/03 A3034 RMK AO2 SLP281 T01440033 58003",2025-10-12 15:18:30.806929,2025-10-12 11:18:30.806976
"KBDL","Hartford/Bradley Intl, CT, US",2025-10-12 14:51:00,"2025-10-12 10:51:00","MVFR",14.4,9.4,30,11,NA,NA,1022.4,"METAR KBDL 121451Z 03011KT 10SM BKN025 OVC035 14/09 A3019 RMK AO2 SLP223 T01440094 56005 $",2025-10-12 15:18:30.81369,2025-10-12 11:18:30.813736
"KBED","Bedford/Hanscom Fld, MA, US",2025-10-12 14:51:00,"2025-10-12 10:51:00","MVFR",13.9,8.9,50,10,NA,NA,1023.8,"METAR KBED 121451Z 05010KT 10SM BKN026 BKN038 14/09 A3023 RMK AO2 SLP250 T01390089 56004 $",2025-10-12 15:18:30.820276,2025-10-12 11:18:30.820323
"KBGD","Borger/Hutchinson Cnty, TX, US",2025-10-12 14:51:00,"2025-10-12 09:51:00","VFR",23.3,12.8,220,14,21,NA,1008.2,"METAR KBGD 121451Z AUTO 22014G21KT 10SM CLR 23/13 A2977 RMK AO2 SLP042 T02330128 53005",2025-10-12 15:18:30.826868,2025-10-12 11:18:30.826913
"KAVX","Avalon/Catalina Arpt, CA, US",2025-10-12 14:51:00,"2025-10-12 07:51:00","VFR",16.1,10.6,20,4,NA,NA,1009.2,"METAR KAVX 121451Z AUTO 02004KT 10SM CLR 16/11 A2980 RMK AO2 SLP076 T01610106 51004 $",2025-10-12 15:18:30.833515,2025-10-12 11:18:30.833562
"KBKW","Beckley/Raleigh Cnty, WV, US",2025-10-12 14:51:00,"2025-10-12 10:51:00","VFR",14.4,8.3,310,3,NA,NA,1015.3,"METAR KBKW 121451Z AUTO 31003KT 10SM OVC033 14/08 A2998 RMK AO2 SLP144 T01440083 51004",2025-10-12 15:18:30.840099,2025-10-12 11:18:30.840145
"KBAZ","New Braunfels Muni, TX, US",2025-10-12 14:51:00,"2025-10-12 14:51:00","VFR",24,17,210,6,NA,NA,1012.6,"METAR KBAZ 121451Z 21006KT 10SM CLR 24/17 A2990",2025-10-12 15:18:30.846721,2025-10-12 11:18:30.846766
"KAVK","Alva Muni, OK, US",2025-10-12 14:50:00,"2025-10-12 14:50:00","VFR",25,11,190,21,NA,NA,1006.2,"METAR KAVK 121450Z AUTO 19021KT 10SM CLR 25/11 A2971 RMK A01",2025-10-12 15:18:30.853304,2025-10-12 11:18:30.853351
"KBQP","Morehouse Mem Arpt, LA, US",2025-10-12 14:50:00,"2025-10-12 14:50:00","VFR",23.1,13.6,0,0,NA,NA,1014.3,"METAR KBQP 121450Z AUTO 00000KT 10SM CLR 23/14 A2995 RMK AO2 T02310136 PWINO",2025-10-12 15:18:30.859931,2025-10-12 11:18:30.859977
"KBAK","Columbus Muni, IN, US",2025-10-12 14:45:00,"2025-10-12 10:45:00","VFR",11,9,0,0,NA,NA,1016.7,"METAR KBAK 121445Z 00000KT 10SM CLR 11/09 A3002",2025-10-12 15:18:30.866576,2025-10-12 11:18:30.866622
"KBJC","Rocky Mtn Metro, CO, US",2025-10-12 14:45:00,"2025-10-12 08:45:00","VFR",14,0,300,23,33,NA,1008.2,"METAR KBJC 121445Z 30023G33KT 10SM CLR 14/00 A2977",2025-10-12 15:18:30.885538,2025-10-12 11:18:30.885586
"KBBG","Branson Arpt, MO, US",2025-10-12 14:45:00,"2025-10-12 09:45:00","VFR",19,14,140,9,NA,NA,1014.3,"METAR KBBG 121445Z 14009KT 10SM CLR 19/14 A2995",2025-10-12 15:18:30.892442,2025-10-12 11:18:30.892488
"KATW","Appleton/Outagamie Cnty, WI, US",2025-10-12 14:45:00,"2025-10-12 09:45:00","MVFR",16,10,130,9,NA,NA,1017.7,"METAR KATW 121445Z 13009KT 10SM OVC029 16/10 A3005",2025-10-12 15:18:30.898964,2025-10-12 11:18:30.899011
"KCCA","Clinton Muni, AR, US",2025-10-12 15:15:00,"2025-10-12 15:15:00","VFR",19,14,0,0,NA,NA,1015,"METAR KCCA 121515Z AUTO 00000KT 10SM BKN060 19/14 A2997 RMK AO2",2025-10-12 15:18:32.64443,2025-10-12 11:18:32.644476
"KCLW","Clearwater Air Park, FL, US",2025-10-12 15:15:00,"2025-10-12 11:15:00","VFR",23,15,0,0,NA,NA,1010.2,"METAR KCLW 121515Z AUTO 00000KT 10SM CLR 23/15 A2983 RMK AO2",2025-10-12 15:18:32.651128,2025-10-12 11:18:32.651195
"KCFD","Bryan/Coulter Fld, TX, US",2025-10-12 15:15:00,"2025-10-12 10:15:00","VFR",25.6,15.9,270,5,NA,NA,1014,"METAR KCFD 121515Z AUTO 27005KT 10SM CLR 26/16 A2994 RMK AO2 T02560159",2025-10-12 15:18:32.657655,2025-10-12 11:18:32.6577
"KCLS","Chehalis-Centralia Arpt, WA, US",2025-10-12 15:15:00,"2025-10-12 08:15:00","VFR",10,10,NA,4,NA,NA,1013.3,"METAR KCLS 121515Z AUTO VRB04KT 10SM FEW050 OVC060 10/10 A2992 RMK AO2",2025-10-12 15:18:32.664284,2025-10-12 11:18:32.66433
"KBXK","Buckeye Muni, AZ, US",2025-10-12 15:15:00,"2025-10-12 08:15:00","MVFR",21,21,100,8,NA,NA,1007.5,"METAR KBXK 121515Z AUTO 10008KT 10SM FEW009 BKN026 OVC045 21/21 A2975 RMK AO2",2025-10-12 15:18:32.670815,2025-10-12 11:18:32.67086
"KBWD","Brownwood Muni, TX, US",2025-10-12 15:15:00,"2025-10-12 10:15:00","VFR",24.3,11.9,200,13,19,NA,1012.3,"METAR KBWD 121515Z AUTO 20013G19KT 10SM BKN270 24/12 A2989 RMK AO2 T02430119 $",2025-10-12 15:18:32.677348,2025-10-12 11:18:32.677392
"KCDH","Camden/Harrell Fld, AR, US",2025-10-12 15:15:00,"2025-10-12 10:15:00","VFR",24,16,0,0,NA,9,1014,"METAR KCDH 121515Z AUTO 00000KT 9SM -DZ CLR 24/16 A2994 RMK AO2",2025-10-12 15:18:32.683846,2025-10-12 11:18:32.683888
"KCFS","Tuscola Area Arpt, MI, US",2025-10-12 15:15:00,"2025-10-12 11:15:00","VFR",15,12,90,7,NA,NA,1019.7,"METAR KCFS 121515Z AUTO 09007KT 10SM FEW012 15/12 A3011 RMK AO2",2025-10-12 15:18:32.690366,2025-10-12 11:18:32.690413
"KCKM","Clarksdale/Fletcher Fld, MS, US",2025-10-12 15:15:00,"2025-10-12 10:15:00",NA,NA,NA,0,0,NA,NA,1014.6,"METAR KCKM 121515Z AUTO 00000KT 10SM A2996 RMK A01",2025-10-12 15:18:32.696967,2025-10-12 11:18:32.697012
"KCKN","Crookston Muni, MN, US",2025-10-12 15:15:00,"2025-10-12 10:15:00","VFR",17,15,160,19,26,NA,996.7,"METAR KCKN 121515Z AUTO 16019G26KT 10SM CLR 17/15 A2943 RMK AO2",2025-10-12 15:18:32.703563,2025-10-12 11:18:32.703611
"KCNB","Canby Muni, MN, US",2025-10-12 15:15:00,"2025-10-12 15:15:00","VFR",17,14.1,150,14,21,NA,1001.4,"METAR KCNB 121515Z AUTO 15014G21KT 10SM SCT095 17/14 A2957 RMK AO2 T01700141",2025-10-12 15:18:32.710069,2025-10-12 11:18:32.710115
"KCMR","Williams/Clark Fld, AZ, US",2025-10-12 15:15:00,"2025-10-12 15:15:00","VFR",13,10,0,0,NA,NA,1017,"METAR KCMR 121515Z AUTO 00000KT 10SM CLR 13/10 A3003 RMK AO2",2025-10-12 15:18:32.728603,2025-10-12 11:18:32.72865
"KC62","Kendallville Muni, IN, US",2025-10-12 15:15:00,"2025-10-12 15:15:00","VFR",14.4,10.6,0,0,NA,NA,1018.4,"METAR KC62 121515Z AUTO 00000KT 10SM CLR 14/10 A3007 RMK AO2 T01440106",2025-10-12 15:18:32.735493,2025-10-12 11:18:32.735538
"KCFJ","Crawfordsville Muni, IN, US",2025-10-12 15:15:00,"2025-10-12 15:15:00","VFR",16,7.3,130,3,NA,NA,1017.4,"METAR KCFJ 121515Z AUTO 13003KT 10SM CLR 16/07 A3004 RMK AO2 T01600073",2025-10-12 15:18:32.741922,2025-10-12 11:18:32.741966
"KCAD","Cadillac/Wexford Cnty, MI, US",2025-10-12 15:15:00,"2025-10-12 11:15:00","IFR",11,10,140,8,NA,9,1020.1,"METAR KCAD 121515Z AUTO 14008KT 9SM OVC007 11/10 A3012 RMK AO2",2025-10-12 15:18:32.748377,2025-10-12 11:18:32.748423
"KCBG","Cambridge Muni, MN, US",2025-10-12 15:15:00,"2025-10-12 15:15:00","VFR",15.7,9.5,160,12,21,9,1007.9,"METAR KCBG 121515Z AUTO 16012G21KT 9SM BKN150 16/09 A2976 RMK AO2 T01570095",2025-10-12 15:18:32.754904,2025-10-12 11:18:32.754948
"KCFE","Buffalo Muni, MN, US",2025-10-12 15:15:00,"2025-10-12 15:15:00","VFR",15,11,150,11,19,NA,1006.9,"METAR KCFE 121515Z AUTO 15011G19KT 10SM FEW055 FEW080 FEW120 15/11 A2973 RMK AO2",2025-10-12 15:18:32.761546,2025-10-12 11:18:32.761595
"KCGC","Crystal River Arpt, FL, US",2025-10-12 15:15:00,"2025-10-12 15:15:00","VFR",23,15,350,5,NA,NA,1010.6,"METAR KCGC 121515Z AUTO 35005KT 10SM CLR 23/15 A2984 RMK AO2",2025-10-12 15:18:32.768065,2025-10-12 11:18:32.768112
"KCLK","Clinton Rgnl, OK, US",2025-10-12 15:15:00,"2025-10-12 10:15:00","VFR",22,10,170,12,NA,NA,1009.6,"METAR KCLK 121515Z AUTO 17012KT 10SM CLR 22/10 A2981 RMK AO2",2025-10-12 15:18:32.774719,2025-10-12 11:18:32.774765
"KBVI","Beaver Falls Arpt, PA, US",2025-10-12 15:15:00,"2025-10-12 11:15:00","MVFR",15.9,12.5,0,0,NA,5,1018,"METAR KBVI 121515Z AUTO 00000KT 5SM RA SCT012 SCT026 OVC035 16/13 A3006 RMK AO2 T01590125",2025-10-12 15:18:32.781183,2025-10-12 11:18:32.78123
"KCBF","Council Bluffs Muni, IA, US",2025-10-12 15:15:00,"2025-10-12 10:15:00","VFR",19,14,160,15,21,NA,1004.8,"METAR KCBF 121515Z AUTO 16015G21KT 10SM BKN110 19/14 A2967 RMK AO2",2025-10-12 15:18:32.787775,2025-10-12 11:18:32.787821
"KBYY","Bay City Muni, TX, US",2025-10-12 15:15:00,"2025-10-12 10:15:00","VFR",26.6,20.4,120,6,NA,NA,1011.6,"METAR KBYY 121515Z AUTO 12006KT 10SM CLR 27/20 A2987 RMK AO2 T02660204",2025-10-12 15:18:32.794426,2025-10-12 11:18:32.794472
"KC09","Morris Muni, IL, US",2025-10-12 15:15:00,"2025-10-12 15:15:00","VFR",14.9,10.2,140,7,NA,NA,1017,"METAR KC09 121515Z AUTO 14007KT 10SM CLR 15/10 A3003 RMK AO2 T01490102",2025-10-12 15:18:32.801021,2025-10-12 11:18:32.801066
"KCKZ","Perkasie/Pennridge Arpt, PA, US",2025-10-12 15:15:00,"2025-10-12 15:15:00","VFR",15,11,50,15,NA,NA,1017.7,"METAR KCKZ 121515Z AUTO 05015KT 10SM CLR 15/11 A3005 RMK AO2",2025-10-12 15:18:32.807584,2025-10-12 11:18:32.807629
"KBXA","Bogalusa/Carr Arfld, LA, US",2025-10-12 15:15:00,"2025-10-12 10:15:00","VFR",22.8,14.6,10,3,NA,NA,1014,"METAR KBXA 121515Z AUTO 01003KT 10SM CLR 23/15 A2994 RMK AO2 T02280146",2025-10-12 15:18:32.814137,2025-10-12 11:18:32.814202
"KBVN","Albion Muni, NE, US",2025-10-12 15:15:00,"2025-10-12 15:15:00","VFR",22.2,13.1,180,17,23,NA,1001.4,"METAR KBVN 121515Z AUTO 18017G23KT 10SM CLR 22/13 A2957 RMK AO2 T02220131",2025-10-12 15:18:32.820699,2025-10-12 11:18:32.820745
"KCCO","Newnan/Coweta Cnty, GA, US",2025-10-12 15:15:00,"2025-10-12 15:15:00","VFR",20.6,10.6,320,6,NA,NA,1013.6,"METAR KCCO 121515Z AUTO 32006KT 10SM CLR 21/11 A2993 RMK AO2 T02060106",2025-10-12 15:18:32.82729,2025-10-12 11:18:32.827336
"KBYG","Buffalo/Johnson Cnty, WY, US",2025-10-12 15:08:00,"2025-10-12 09:08:00","MVFR",2.2,1.7,330,11,18,4,1007.2,"SPECI KBYG 121508Z AUTO 33011G18KT 4SM -RA BR SCT009 SCT013 OVC019 02/02 A2974 RMK AO2 P0001 I1000 T00220017",2025-10-12 15:18:32.833788,2025-10-12 11:18:32.833832
"KCKC","Grand Marais Muni, MN, US",2025-10-12 15:06:00,"2025-10-12 10:06:00","IFR",9,8,160,6,NA,NA,1012.6,"METAR KCKC 121506Z 16006KT 10SM OVC009 09/08 A2990 RMK AO2",2025-10-12 15:18:32.840394,2025-10-12 11:18:32.840438
"KCBE","Cumberland Arpt, MD, US",2025-10-12 15:05:00,"2025-10-12 11:05:00","MVFR",15.8,13.4,20,5,NA,NA,1018.7,"METAR KCBE 121505Z AUTO 02005KT 10SM OVC019 16/13 A3008 RMK AO2 T01580134",2025-10-12 15:18:32.846955,2025-10-12 11:18:32.847
"KCGE","Cambridge/Dorchester Rgnl, MD, US",2025-10-12 15:05:00,"2025-10-12 11:05:00","MVFR",17,16,30,10,16,4,1012.6,"METAR KCGE 121505Z AUTO 03010G16KT 360V060 4SM BR OVC014 17/16 A2990 RMK A01",2025-10-12 15:18:32.865614,2025-10-12 11:18:32.865662
"KCGS","College Park Arpt, MD, US",2025-10-12 15:05:00,"2025-10-12 11:05:00","MVFR",17.2,12.8,40,8,17,NA,1015,"METAR KCGS 121505Z AUTO 04008G17KT 010V070 10SM OVC024 17/13 A2997 RMK AO2 T01720128",2025-10-12 15:18:32.872708,2025-10-12 11:18:32.872753
"KCGZ","Casa Granda Muni, AZ, US",2025-10-12 15:04:00,"2025-10-12 08:04:00","VFR",23,19,20,6,NA,NA,1007.9,"SPECI KCGZ 121504Z AUTO 02006KT 10SM VCTS SCT027 SCT040 BKN055 23/19 A2976 RMK AO2 LTG DSNT W-NE TSE00B04 PNO $",2025-10-12 15:18:32.879248,2025-10-12 11:18:32.879294
"KCAK","Akron/Canton Rgnl, OH, US",2025-10-12 14:58:00,"2025-10-12 10:58:00","LIFR",11.7,10.6,100,5,NA,4,1018,"SPECI KCAK 121458Z 10005KT 4SM BR OVC003 12/11 A3006 RMK AO2 T01170106",2025-10-12 15:18:32.885754,2025-10-12 11:18:32.885802
"KBVX","Batesville Rgnl, AR, US",2025-10-12 14:56:00,"2025-10-12 09:56:00","VFR",20,13.9,0,0,NA,NA,1015,"METAR KBVX 121456Z AUTO 00000KT 10SM CLR 20/14 A2997 RMK AO2 SLP148 T02000139 51005",2025-10-12 15:18:32.892521,2025-10-12 11:18:32.892569
"KCAE","Columbia Metro, SC, US",2025-10-12 14:56:00,"2025-10-12 10:56:00","IFR",16.1,14.4,310,7,NA,2.5,1008.5,"METAR KCAE 121456Z 31007KT 2 1/2SM RA BR SCT046 BKN060 OVC075 16/14 A2978 RMK AO2 RAE09B41 SLP082 P0002 60007 T01610144 50006 $",2025-10-12 15:18:32.899079,2025-10-12 11:18:32.899122
"KBZN","Bozeman/Gallatin Fld, MT, US",2025-10-12 14:56:00,"2025-10-12 08:56:00","MVFR",4.4,1.7,270,7,NA,NA,1009.9,"METAR KBZN 121456Z 27007KT 10SM -RA BKN024 OVC050 04/02 A2982 RMK AO2 SLP102 P0005 60008 T00440017 53026",2025-10-12 15:18:32.905683,2025-10-12 11:18:32.905728
"KCHS","Charleston Intl, SC, US",2025-10-12 14:56:00,"2025-10-12 10:56:00","MVFR",17.2,16.1,310,12,20,NA,1005.8,"METAR KCHS 121456Z 31012G20KT 10SM -RA BKN010 BKN013 OVC020 17/16 A2970 RMK AO2 SLP056 P0006 60030 T01720161 51018",2025-10-12 15:18:32.912341,2025-10-12 11:18:32.912387
"KCIU","Chippewa Cnty Intl, MI, US",2025-10-12 14:56:00,"2025-10-12 10:56:00","VFR",14.4,11.7,140,14,19,NA,1020.7,"METAR KCIU 121456Z AUTO 14014G19KT 10SM FEW007 14/12 A3014 RMK AO2 SLP208 T01440117 58002",2025-10-12 15:18:32.918902,2025-10-12 11:18:32.918947
"KCEC","Crescent City/McNama, CA, US",2025-10-12 14:56:00,"2025-10-12 07:56:00","VFR",9.4,9.4,0,0,NA,NA,1018.7,"METAR KCEC 121456Z AUTO 00000KT 10SM OVC060 09/09 A3008 RMK AO2 SLP186 6//// T00940094 58007 PNO $",2025-10-12 15:18:32.92555,2025-10-12 11:18:32.925596
"KC83","Byron Arpt, CA, US",2025-10-12 14:55:00,"2025-10-12 14:55:00","VFR",11,6,260,4,NA,NA,1014.3,"METAR KC83 121455Z AUTO 26004KT 10SM CLR 11/06 A2995 RMK AO2",2025-10-12 15:18:32.932094,2025-10-12 11:18:32.932141
"KCKI","Kingstree/Williamsburg Rgnl, SC, US",2025-10-12 14:55:00,"2025-10-12 14:55:00","IFR",16,15,330,9,NA,5,1004.5,"METAR KCKI 121455Z AUTO 33009KT 5SM RA OVC007 16/15 A2966 RMK AO2 P0012",2025-10-12 15:18:32.938687,2025-10-12 11:18:32.938731
"KCAO","Clayton Muni, NM, US",2025-10-12 14:55:00,"2025-10-12 08:55:00","VFR",16.1,10.6,230,6,NA,NA,1010.6,"METAR KCAO 121455Z AUTO 23006KT 10SM CLR 16/11 A2984 RMK AO2 SLP050 T01610106 53013 $",2025-10-12 15:18:32.945261,2025-10-12 11:18:32.945309
"KBVS","Burlington/Skagit Rgnl, WA, US",2025-10-12 14:55:00,"2025-10-12 07:55:00","IFR",9,9,0,0,NA,2,1010.6,"METAR KBVS 121455Z AUTO 00000KT 2SM BR FEW024 OVC036 09/09 A2984 RMK A01",2025-10-12 15:18:32.951739,2025-10-12 11:18:32.951789
"KC29","Middleton Muni, WI, US",2025-10-12 14:55:00,"2025-10-12 14:55:00","VFR",14,7.4,140,7,NA,NA,1016.7,"METAR KC29 121455Z AUTO 14007KT 10SM CLR 14/07 A3002 RMK AO1 T01400074",2025-10-12 15:18:32.958329,2025-10-12 11:18:32.958376
"KC65","Plymouth Muni, IN, US",2025-10-12 14:55:00,"2025-10-12 10:55:00","VFR",14,11,0,0,NA,NA,1018.4,"METAR KC65 121455Z AUTO 00000KT 10SM CLR 14/11 A3007 RMK A01",2025-10-12 15:18:32.96494,2025-10-12 11:18:32.964985
"KCDI","Cambridg Muni, OH, US",2025-10-12 14:55:00,"2025-10-12 14:55:00","VFR",16.5,12.9,50,6,NA,NA,1017,"METAR KCDI 121455Z AUTO 05006KT 10SM CLR 17/13 A3003 RMK AO2 T01650129",2025-10-12 15:18:32.971514,2025-10-12 11:18:32.97156
"KC35","Reedsburg Muni, WI, US",2025-10-12 14:55:00,"2025-10-12 14:55:00","VFR",14.6,8.8,140,5,NA,NA,1016,"METAR KC35 121455Z AUTO 14005KT 10SM CLR 15/09 A3000 RMK AO2 T01460088 PWINO",2025-10-12 15:18:32.978067,2025-10-12 11:18:32.978113
"KCBK","Colby/Shaltz Fld, KS, US",2025-10-12 14:55:00,"2025-10-12 09:55:00","VFR",20.4,12.4,240,10,NA,NA,1003.5,"METAR KCBK 121455Z AUTO 24010KT 10SM CLR 20/12 A2963 RMK AO2 T02040124",2025-10-12 15:18:32.984648,2025-10-12 11:18:32.984693
"KCKF","Cordele/Crisp Cnty, GA, US",2025-10-12 14:55:00,"2025-10-12 14:55:00","VFR",18,15.4,320,3,NA,NA,1012.6,"METAR KCKF 121455Z AUTO 32003KT 10SM CLR 18/15 A2990 RMK AO2 T01800154",2025-10-12 15:18:33.003251,2025-10-12 11:18:33.003301
"KCEF","Chicopee/Westover AFB, MA, US",2025-10-12 14:55:00,"2025-10-12 10:55:00","MVFR",14.7,8.6,70,13,19,NA,1022.1,"METAR KCEF 121455Z AUTO 07013G19KT 10SM OVC025 15/09 A3018 RMK AO2 SLP224 T01470086 55002",2025-10-12 15:18:33.010205,2025-10-12 11:18:33.010252
"KCKP","Cherokee Cnty, IA, US",2025-10-12 14:55:00,"2025-10-12 14:55:00","VFR",18,13,170,11,18,NA,1004.1,"METAR KCKP 121455Z AUTO 17011G18KT 10SM OVC100 18/13 A2965 RMK AO2",2025-10-12 15:18:33.016812,2025-10-12 11:18:33.016856
"KCMD","Culman Rgnl, AL, US",2025-10-12 14:55:00,"2025-10-12 14:55:00","VFR",19,13,NA,4,NA,NA,1014.3,"METAR KCMD 121455Z AUTO VRB04KT 10SM CLR 19/13 A2995 RMK AO2",2025-10-12 15:18:33.023698,2025-10-12 11:18:33.023754
"KCAV","Clarion Muni, IA, US",2025-10-12 14:55:00,"2025-10-12 14:55:00","VFR",14,11,150,17,NA,NA,1009.2,"METAR KCAV 121455Z AUTO 15017KT 10SM CLR 14/11 A2980 RMK A01",2025-10-12 15:18:33.03044,2025-10-12 11:18:33.030486
"KCDN","Camden/Woodward Fld, SC, US",2025-10-12 14:55:00,"2025-10-12 10:55:00","IFR",17,16,320,8,NA,1.25,1007.9,"METAR KCDN 121455Z AUTO 32008KT 1 1/4SM -RA SCT005 BKN029 OVC040 17/16 A2976 RMK AO2 P0001 VIS 3/4V3",2025-10-12 15:18:33.036982,2025-10-12 11:18:33.037026
"KBYS","Bicycle Lake , CA, US",2025-10-12 14:55:00,"2025-10-12 07:55:00","VFR",17.1,-3.1,350,5,NA,9,1010.9,"METAR KBYS 121455Z AUTO 35005KT 9SM CLR 17/M03 A2985 RMK AO2 SLP090 T01711031 51008 $",2025-10-12 15:18:33.04345,2025-10-12 11:18:33.043495
"KCBM","Columbus AFB, MS, US",2025-10-12 14:55:00,"2025-10-12 09:55:00","MVFR",20.3,13.5,0,0,NA,5,1013,"METAR KCBM 121455Z AUTO 00000KT 5SM HZ CLR 20/14 A2991 RMK AO2 SLP130 T02030135 52010 VISNO RWY31C CHINO RWY31C $",2025-10-12 15:18:33.049993,2025-10-12 11:18:33.050037
"KCMA","Camarillo Arpt, CA, US",2025-10-12 14:55:00,"2025-10-12 14:55:00","VFR",12.8,6.7,0,0,NA,NA,1007.9,"METAR KCMA 121455Z AUTO 00000KT 10SM CLR 13/07 A2976 RMK AO2 SLP087 T01280067 50000",2025-10-12 15:18:33.056618,2025-10-12 11:18:33.056663
"KBWP","Breckenridge-Wahpeton/Stern Arpt, ND, US",2025-10-12 14:55:00,"2025-10-12 09:55:00","VFR",16,16,160,20,29,9,998.4,"METAR KBWP 121455Z AUTO 16020G29KT 9SM OVC070 16/16 A2948 RMK AO2",2025-10-12 15:18:33.063147,2025-10-12 11:18:33.063214
"KBWW","Bowman Rgnl, ND, US",2025-10-12 14:55:00,"2025-10-12 08:55:00","VFR",7,7,300,20,26,9,1000.4,"METAR KBWW 121455Z AUTO 30020G26KT 9SM SCT011 BKN036 OVC043 07/07 A2954 RMK AO2",2025-10-12 15:18:33.069929,2025-10-12 11:18:33.069974
"KCIC","Chico Muni, CA, US",2025-10-12 14:55:00,"2025-10-12 07:55:00","VFR",8,5,330,5,NA,NA,1014.6,"METAR KCIC 121455Z AUTO 33005KT 10SM CLR 08/05 A2996 RMK AO1",2025-10-12 15:18:33.076503,2025-10-12 11:18:33.076551
"KBUU","Burlington Muni, WI, US",2025-10-12 14:55:00,"2025-10-12 14:55:00","VFR",15.9,8.8,170,4,NA,NA,1017.7,"METAR KBUU 121455Z AUTO 17004KT 10SM CLR 16/09 A3005 RMK AO2 T01590088 PWINO",2025-10-12 15:18:33.083032,2025-10-12 11:18:33.083077
"KC75","Lacon/Marshall Cnty, IL, US",2025-10-12 14:55:00,"2025-10-12 14:55:00","VFR",14.6,8,140,4,NA,NA,1016.3,"METAR KC75 121455Z AUTO 14004KT 10SM CLR 15/08 A3001 RMK AO2 T01460080",2025-10-12 15:18:33.089527,2025-10-12 11:18:33.089574
"KCMY","Sparta/Ft McCoy Arpt, WI, US",2025-10-12 14:55:00,"2025-10-12 09:55:00","VFR",14.9,9.9,140,11,NA,NA,1014,"METAR KCMY 121455Z AUTO 14011KT 10SM CLR 15/10 A2994 RMK AO2 SLP144 T01490099 55012",2025-10-12 15:18:33.096069,2025-10-12 11:18:33.096115
"KC08","Westcliffe/Silver West Arpt, CO, US",2025-10-12 14:55:00,"2025-10-12 14:55:00","VFR",13,0,230,14,20,NA,1015.3,"METAR KC08 121455Z AUTO 23014G20KT 10SM CLR 13/M00 A2998 RMK AO2",2025-10-12 15:18:33.102721,2025-10-12 11:18:33.102767
"KCEY","Murray/Oakley Fld, KY, US",2025-10-12 14:55:00,"2025-10-12 09:55:00","VFR",21,12,NA,4,NA,NA,1015.7,"METAR KCEY 121455Z AUTO VRB04KT 10SM CLR 21/12 A2999 RMK A01",2025-10-12 15:18:33.109344,2025-10-12 11:18:33.109391
"KCJR","Culpeper Rgnl, VA, US",2025-10-12 14:55:00,"2025-10-12 14:55:00","MVFR",17,14.6,30,6,NA,NA,1015,"METAR KCJR 121455Z AUTO 03006KT 10SM BKN010 OVC016 17/15 A2997 RMK AO2 T01700146",2025-10-12 15:18:33.115921,2025-10-12 11:18:33.115966
"KCCY","Charles City/NE Iowa Rgnl, IA, US",2025-10-12 14:55:00,"2025-10-12 09:55:00","VFR",13,10,140,11,NA,NA,1011.6,"METAR KCCY 121455Z AUTO 14011KT 10SM CLR 13/10 A2987 RMK AO2",2025-10-12 15:18:33.122513,2025-10-12 11:18:33.122559
"KCIN","Carroll/Neu Arpt, IA, US",2025-10-12 14:55:00,"2025-10-12 09:55:00","VFR",18,15,150,20,26,NA,1006.5,"METAR KCIN 121455Z AUTO 15020G26KT 10SM SCT130 18/15 A2972 RMK AO2",2025-10-12 15:18:33.140965,2025-10-12 11:18:33.141013
"KCIR","Cairo Rgnl, IL, US",2025-10-12 14:55:00,"2025-10-12 09:55:00","VFR",19.7,14.2,0,0,NA,NA,1015.7,"METAR KCIR 121455Z AUTO 00000KT 10SM CLR 20/14 A2999 RMK AO2 T01970142",2025-10-12 15:18:33.147934,2025-10-12 11:18:33.147979
"KCLI","Clintonville Muni, WI, US",2025-10-12 14:55:00,"2025-10-12 09:55:00","MVFR",14.3,9.6,150,6,NA,NA,1018,"METAR KCLI 121455Z AUTO 15006KT 10SM OVC030 14/10 A3006 RMK AO2 T01430096",2025-10-12 15:18:33.154474,2025-10-12 11:18:33.154518
"KBUF","Buffalo-Niagara Intl, NY, US",2025-10-12 14:54:00,"2025-10-12 10:54:00","VFR",15,12.2,90,12,NA,NA,1020.7,"METAR KBUF 121454Z 09012KT 10SM SCT026 SCT090 15/12 A3014 RMK AO2 SLP208 T01500122 50005 $",2025-10-12 15:18:33.16095,2025-10-12 11:18:33.160997
"KBUY","Burlington/Alamance Rgnl, NC, US",2025-10-12 14:54:00,"2025-10-12 14:54:00","MVFR",17.8,16.1,360,12,21,4,1008.5,"METAR KBUY 121454Z AUTO 36012G21KT 4SM -RA BR OVC013 18/16 A2978 RMK AO2 SLP081 P0001 60002 T01780161 51006",2025-10-12 15:18:33.167635,2025-10-12 11:18:33.16768
"KBWI","Baltimore-Washington Intl, MD, US",2025-10-12 14:54:00,"2025-10-12 10:54:00","MVFR",17.2,12.2,50,18,27,NA,1015,"METAR KBWI 121454Z 05018G27KT 10SM OVC024 17/12 A2997 RMK AO2 PK WND 04028/1420 SLP147 T01720122 53007",2025-10-12 15:18:33.174266,2025-10-12 11:18:33.174311
"KCEU","Clemson/Oconee Cnty, SC, US",2025-10-12 14:54:00,"2025-10-12 10:54:00","VFR",20.6,10,320,7,NA,NA,1011.3,"METAR KCEU 121454Z AUTO 32007KT 10SM CLR 21/10 A2986 RMK AO2 SLP103 T02060100 58002",2025-10-12 15:18:33.1808,2025-10-12 11:18:33.180846
"KCAR","Caribou Muni, ME, US",2025-10-12 14:54:00,"2025-10-12 10:54:00","VFR",9.4,2.8,NA,3,NA,NA,1031.9,"METAR KCAR 121454Z AUTO VRB03KT 10SM CLR 09/03 A3047 RMK AO2 SLP326 T00940028 51011",2025-10-12 15:18:33.18745,2025-10-12 11:18:33.187497
"KCMI","Champaign/Willard Arpt, IL, US",2025-10-12 14:53:00,"2025-10-12 09:53:00","VFR",16.1,8.9,110,7,NA,NA,1016.7,"METAR KCMI 121453Z 11007KT 10SM CLR 16/09 A3002 RMK AO2 SLP166 T01610089 51004",2025-10-12 15:18:33.193998,2025-10-12 11:18:33.194043
"KCDR","Chadron Muni, NE, US",2025-10-12 14:53:00,"2025-10-12 08:53:00","VFR",13.3,7.2,260,24,35,NA,1004.8,"METAR KCDR 121453Z AUTO 26024G35KT 10SM CLR 13/07 A2967 RMK AO2 PK WND 28035/1446 SLP042 T01330072 53041",2025-10-12 15:18:33.200582,2025-10-12 11:18:33.200634
"KCGI","Cape Girardeau Rgnl, MO, US",2025-10-12 14:53:00,"2025-10-12 09:53:00","VFR",15.6,13.3,0,0,NA,NA,1015.3,"METAR KCGI 121453Z 00000KT 10SM CLR 16/13 A2998 RMK AO2 SLP150 T01560133 50005",2025-10-12 15:18:33.207131,2025-10-12 11:18:33.207197
"KCHO","Charlottesville/Albemarle Arpt, VA, US",2025-10-12 14:53:00,"2025-10-12 10:53:00","IFR",15.6,14.4,30,14,19,3,1013.6,"METAR KCHO 121453Z 03014G19KT 3SM -RA BR OVC008 16/14 A2993 RMK AO2 RAB03 CIG 005V013 SLP132 P0000 60001 T01560144 51010",2025-10-12 15:18:33.213653,2025-10-12 11:18:33.213696
"KBUR","Burbank/Bob Hope Arpt, CA, US",2025-10-12 14:53:00,"2025-10-12 07:53:00","VFR",13.9,6.1,0,0,NA,NA,1008.5,"METAR KBUR 121453Z 00000KT 10SM FEW003 14/06 A2978 RMK AO2 SLP072 T01390061 50002",2025-10-12 15:18:33.220316,2025-10-12 11:18:33.220361
"KCLM","Port Angeles Intl, WA, US",2025-10-12 14:53:00,"2025-10-12 07:53:00","VFR",7.8,4.4,0,0,NA,NA,1009.9,"METAR KCLM 121453Z AUTO 00000KT 10SM CLR 08/04 A2982 RMK AO2 SLP099 T00780044 56008 $",2025-10-12 15:18:33.226837,2025-10-12 11:18:33.226883
"KCEW","Crestview/Sikes Arpt, FL, US",2025-10-12 14:53:00,"2025-10-12 09:53:00","VFR",20.6,13.9,0,0,NA,NA,1013.6,"METAR KCEW 121453Z AUTO 00000KT 10SM CLR 21/14 A2993 RMK AO2 SLP132 T02060139 51012",2025-10-12 15:18:33.233433,2025-10-12 11:18:33.233479
"KCHA","Chattanooga Metro, TN, US",2025-10-12 14:53:00,"2025-10-12 10:53:00","VFR",20.6,11.1,20,7,NA,NA,1014,"METAR KCHA 121453Z 02007KT 10SM FEW200 21/11 A2994 RMK AO2 SLP133 T02060111 50005",2025-10-12 15:18:33.239946,2025-10-12 11:18:33.23999
"KCAG","Craig-Moffat Arpt, CO, US",2025-10-12 14:53:00,"2025-10-12 08:53:00","MVFR",2.2,1.1,50,5,NA,NA,1018,"METAR KCAG 121453Z AUTO 05005KT 10SM BKN019 BKN065 02/01 A3006 RMK AO2 SLP158 60000 T00220011 53021",2025-10-12 15:18:33.246477,2025-10-12 11:18:33.246523
"KCDC","Cedar City Muni, UT, US",2025-10-12 14:53:00,"2025-10-12 08:53:00","VFR",5,3.9,10,6,NA,NA,1016.7,"METAR KCDC 121453Z AUTO 01006KT 10SM CLR 05/04 A3002 RMK AO2 SLP127 T00500039 53004 $",2025-10-12 15:18:33.253058,2025-10-12 11:18:33.253104
"KBVY","Beverly Muni, MA, US",2025-10-12 14:53:00,"2025-10-12 10:53:00","MVFR",13.3,10.6,40,11,24,NA,1024.1,"METAR KBVY 121453Z 04011G24KT 10SM BKN017 OVC025 13/11 A3024 RMK AO2 SLP235 T01330106 51006",2025-10-12 15:18:33.259585,2025-10-12 11:18:33.259631
"KCCR","Concord/Buchanan Fld, CA, US",2025-10-12 14:53:00,"2025-10-12 07:53:00","VFR",10,7.8,170,3,NA,NA,1014.6,"METAR KCCR 121453Z 17003KT 10SM CLR 10/08 A2996 RMK AO2 SLP131 T01000078 50002",2025-10-12 15:18:33.278066,2025-10-12 11:18:33.278116
"KCDW","Caldwell/Essex Cnty, NJ, US",2025-10-12 14:53:00,"2025-10-12 10:53:00","VFR",15,9.4,50,7,17,NA,1019.4,"METAR KCDW 121453Z 05007G17KT 10SM CLR 15/09 A3010 RMK AO2 SLP198 T01500094 50001",2025-10-12 15:18:33.285098,2025-10-12 11:18:33.285144
"KBWG","Bowling Green/Warren Cnty, KY, US",2025-10-12 14:53:00,"2025-10-12 09:53:00","VFR",19.4,12.2,80,4,NA,NA,1015.7,"METAR KBWG 121453Z AUTO 08004KT 10SM CLR 19/12 A2999 RMK AO2 SLP153 T01940122 51009 $",2025-10-12 15:18:33.291622,2025-10-12 11:18:33.291677
"KCLL","College Station/Easterwood Arpt, TX, US",2025-10-12 14:53:00,"2025-10-12 09:53:00","VFR",24.4,16.1,220,6,NA,NA,1013,"METAR KCLL 121453Z 22006KT 10SM CLR 24/16 A2991 RMK AO2 SLP123 T02440161 51010",2025-10-12 15:18:33.298242,2025-10-12 11:18:33.298289
"KCDS","Childress Muni, TX, US",2025-10-12 14:53:00,"2025-10-12 09:53:00","VFR",22.2,10,190,10,NA,NA,1009.6,"METAR KCDS 121453Z AUTO 19010KT 10SM CLR 22/10 A2981 RMK AO2 SLP072 T02220100 52005",2025-10-12 15:18:33.304921,2025-10-12 11:18:33.304966
"KCKB","Clarksburg/NC West Virginia Arpt, WV, US",2025-10-12 14:53:00,"2025-10-12 10:53:00","VFR",16.1,12.2,10,10,NA,NA,1015.3,"METAR KCKB 121453Z 01010KT 10SM BKN033 BKN070 16/12 A2998 RMK AO2 SLP145 T01610122 58001",2025-10-12 15:18:33.311558,2025-10-12 11:18:33.311604
"KCMX","Houghton Cnty Mem, MI, US",2025-10-12 14:53:00,"2025-10-12 10:53:00","VFR",14.4,9.4,150,12,NA,NA,1015,"METAR KCMX 121453Z AUTO 15012KT 10SM CLR 14/09 A2997 RMK AO2 SLP152 T01440094 58013",2025-10-12 15:18:33.318132,2025-10-12 11:18:33.318198
"KBVO","Bartlesville Muni, OK, US",2025-10-12 14:53:00,"2025-10-12 09:53:00","VFR",21.7,16.7,170,10,NA,NA,1010.6,"METAR KBVO 121453Z AUTO 17010KT 10SM CLR 22/17 A2984 RMK AO2 SLP096 T02170167 52004",2025-10-12 15:18:33.32474,2025-10-12 11:18:33.324786
"KBYI","Burley Muni, ID, US",2025-10-12 14:53:00,"2025-10-12 08:53:00","VFR",5.6,0,250,12,NA,NA,1015.3,"METAR KBYI 121453Z AUTO 25012KT 10SM BKN050 06/00 A2998 RMK AO2 SLP146 T00560000 51012",2025-10-12 15:18:33.331338,2025-10-12 11:18:33.331384
"KCEZ","Cortez/Montezuma Cnt, CO, US",2025-10-12 14:53:00,"2025-10-12 08:53:00","VFR",11.1,8.9,0,0,NA,NA,1016,"METAR KCEZ 121453Z AUTO 00000KT 10SM FEW065 OVC085 11/09 A3000 RMK AO2 SLP108 T01110089 51013 TSNO",2025-10-12 15:18:33.337891,2025-10-12 11:18:33.337936
"KCLT","Charlotte/Douglas Intl, NC, US",2025-10-12 14:52:00,"2025-10-12 10:52:00","MVFR",20,12.8,10,13,22,NA,1009.6,"METAR KCLT 121452Z 01013G22KT 10SM BKN024 BKN070 BKN130 20/13 A2981 RMK AO2 SLP105 60000 T02000128 51005",2025-10-12 15:18:33.344499,2025-10-12 11:18:33.344545
"KCKV","Clarksville/Outlaw Fld, TN, US",2025-10-12 14:52:00,"2025-10-12 09:52:00","VFR",20.6,11.7,60,3,NA,NA,1015.3,"METAR KCKV 121452Z AUTO 06003KT 10SM CLR 21/12 A2998 RMK AO2 SLP147 T02060117 51008",2025-10-12 15:18:33.351066,2025-10-12 11:18:33.351112
"KCFV","Coffeyville Muni, KS, US",2025-10-12 14:52:00,"2025-10-12 09:52:00","VFR",22.2,16.7,180,12,NA,NA,1010.2,"METAR KCFV 121452Z AUTO 18012KT 10SM CLR 22/17 A2983 RMK AO2 SLP095 T02220167 51004",2025-10-12 15:18:33.357728,2025-10-12 11:18:33.357773
"KCID","Cedar Rapids/E Iowa Arpt, IA, US",2025-10-12 14:52:00,"2025-10-12 09:52:00","VFR",14.4,9.4,140,13,NA,NA,1013.3,"METAR KCID 121452Z 14013KT 10SM CLR 14/09 A2992 RMK AO2 SLP131 T01440094 58006 $",2025-10-12 15:18:33.364315,2025-10-12 11:18:33.364361
"KCMH","Columbus/Glenn Intl, OH, US",2025-10-12 14:51:00,"2025-10-12 10:51:00","VFR",16.1,10,80,7,NA,NA,1016.7,"METAR KCMH 121451Z 08007KT 10SM CLR 16/10 A3002 RMK AO2 SLP165 T01610100 51007",2025-10-12 15:18:33.370858,2025-10-12 11:18:33.370904
"KCLE","Cleveland/Hopkins Intl, OH, US",2025-10-12 14:51:00,"2025-10-12 10:51:00","VFR",17.2,11.1,120,6,NA,NA,1017.4,"METAR KCLE 121451Z 12006KT 10SM CLR 17/11 A3004 RMK AO2 SLP188 T01720111 50001 $",2025-10-12 15:18:33.377438,2025-10-12 11:18:33.377483
"KCHD","Chandler Muni, AZ, US",2025-10-12 14:47:00,"2025-10-12 14:47:00","MVFR",21,20,40,5,NA,NA,1007.5,"METAR KCHD 121447Z 04005KT 10SM -RA FEW006 BKN030 21/20 A2975",2025-10-12 15:18:33.384033,2025-10-12 11:18:33.38408
"KCGF","Cleveland/Cuyahoga Cnty, OH, US",2025-10-12 14:45:00,"2025-10-12 10:45:00","VFR",16,11,120,10,NA,NA,1018,"METAR KCGF 121445Z 12010KT 10SM CLR 16/11 A3006",2025-10-12 15:18:33.390569,2025-10-12 11:18:33.390616
"KCOQ","Cloquet/Carlton Cnty, MN, US",2025-10-12 15:15:00,"2025-10-12 15:15:00","MVFR",13,9,140,9,NA,NA,1008.2,"METAR KCOQ 121515Z AUTO 14009KT 10SM OVC019 13/09 A2977 RMK AO2 TSNO",2025-10-12 15:18:35.840742,2025-10-12 11:18:35.840788
"KCNC","Chariton Muni, IA, US",2025-10-12 15:15:00,"2025-10-12 15:15:00","VFR",17,17,150,12,19,NA,1010.2,"METAR KCNC 121515Z AUTO 15012G19KT 10SM CLR 17/17 A2983 RMK AO2",2025-10-12 15:18:35.847642,2025-10-12 11:18:35.847686
"KCZT","Carrizo Springs Arpt, TX, US",2025-10-12 15:15:00,"2025-10-12 10:15:00","VFR",26,16,NA,NA,NA,NA,1012.6,"METAR KCZT 121515Z AUTO 10SM CLR 26/16 A2990 RMK AO2",2025-10-12 15:18:35.854197,2025-10-12 11:18:35.854245
"KCPK","Chesapeake Rgnl, VA, US",2025-10-12 15:15:00,"2025-10-12 15:15:00","MVFR",NA,NA,50,20,34,NA,1006.9,"METAR KCPK 121515Z AUTO 05020G34KT 10SM OVC017 A2973 RMK AO2",2025-10-12 15:18:35.860749,2025-10-12 11:18:35.860795
"KD50","Crosby Muni, ND, US",2025-10-12 15:15:00,"2025-10-12 15:15:00","MVFR",9,9,300,19,27,NA,992,"METAR KD50 121515Z AUTO 30019G27KT 10SM OVC015 09/09 A2929 RMK AO2",2025-10-12 15:18:35.867307,2025-10-12 11:18:35.867353
"KD55","Langdon/Roberts Fld, ND, US",2025-10-12 15:15:00,"2025-10-12 15:15:00","IFR",15,15,160,17,23,8,993.3,"METAR KD55 121515Z AUTO 16017G23KT 8SM OVC006 15/15 A2933 RMK AO2",2025-10-12 15:18:35.873769,2025-10-12 11:18:35.873814
"KCPT","Cleburne Muni, TX, US",2025-10-12 15:15:00,"2025-10-12 15:15:00","VFR",25.1,15,170,11,NA,NA,1010.9,"METAR KCPT 121515Z AUTO 17011KT 10SM CLR 25/15 A2985 RMK AO2 T02510150 $",2025-10-12 15:18:35.880287,2025-10-12 11:18:35.880333
"KDLL","Baraboo-Dells Arpt, WI, US",2025-10-12 15:15:00,"2025-10-12 15:15:00","VFR",14.6,10.3,130,9,NA,NA,1016.3,"METAR KDLL 121515Z AUTO 13009KT 10SM BKN039 15/10 A3001 RMK AO2 T01460103",2025-10-12 15:18:35.886773,2025-10-12 11:18:35.886819
"KD95","Lapeer/Dumont Arpt, MI, US",2025-10-12 15:15:00,"2025-10-12 15:15:00","VFR",16,11,110,3,NA,NA,1019.7,"METAR KD95 121515Z AUTO 11003KT 10SM CLR 16/11 A3011 RMK AO2",2025-10-12 15:18:35.893347,2025-10-12 11:18:35.893394
"KD60","Tioga Muni, ND, US",2025-10-12 15:15:00,"2025-10-12 10:15:00","MVFR",9,9,270,22,29,NA,994.7,"METAR KD60 121515Z AUTO 27022G29KT 10SM OVC012 09/09 A2937 RMK AO2",2025-10-12 15:18:35.899919,2025-10-12 11:18:35.899964
"KCWC","Wichita Falls/Kickapoo Arpt, TX, US",2025-10-12 15:15:00,"2025-10-12 10:15:00","VFR",26.4,11.2,190,8,25,NA,1010.9,"METAR KCWC 121515Z AUTO 19008G25KT 10SM CLR 26/11 A2985 RMK AO2 T02640112",2025-10-12 15:18:35.906496,2025-10-12 11:18:35.906541
"KD73","Monroe/Walton Cnty, GA, US",2025-10-12 15:15:00,"2025-10-12 15:15:00","VFR",19,11.1,NA,NA,NA,NA,1012.3,"METAR KD73 121515Z AUTO 10SM CLR 19/11 A2989 RMK AO2 T01900111",2025-10-12 15:18:35.913065,2025-10-12 11:18:35.913113
"KD09","Bottineau Muni, ND, US",2025-10-12 15:15:00,"2025-10-12 15:15:00","LIFR",14,14,120,12,NA,1,990.3,"METAR KD09 121515Z AUTO 12012KT 1SM BR OVC002 14/14 A2924 RMK AO2",2025-10-12 15:18:35.919558,2025-10-12 11:18:35.919603
"KD57","Glen Ullin Rgnl, ND, US",2025-10-12 15:15:00,"2025-10-12 15:15:00","MVFR",10,6,290,25,37,NA,996.4,"METAR KD57 121515Z AUTO 29025G37KT 10SM OVC019 10/06 A2942 RMK AO2",2025-10-12 15:18:35.92604,2025-10-12 11:18:35.926085
"KCTJ","Carrollton/W Georgia Rgnl, GA, US",2025-10-12 15:15:00,"2025-10-12 15:15:00","VFR",19.2,10.3,310,3,NA,NA,1014.3,"METAR KCTJ 121515Z AUTO 31003KT 10SM CLR 19/10 A2995 RMK AO2 T01920103",2025-10-12 15:18:35.932621,2025-10-12 11:18:35.932666
"KCQW","Cheraw Muni, SC, US",2025-10-12 15:15:00,"2025-10-12 11:15:00",NA,18,17,30,10,16,NA,1006.2,"METAR KCQW 121515Z AUTO 03010G16KT 10SM 18/17 A2971 RMK AO2",2025-10-12 15:18:35.951147,2025-10-12 11:18:35.951216
"KCRE","North Myrtle Beach/Grand Strand Arpt, SC, US",2025-10-12 15:15:00,"2025-10-12 11:15:00","IFR",18.3,17.8,330,7,16,1.75,1001.1,"SPECI KCRE 121515Z 33007G16KT 1 3/4SM +RA BR SCT006 OVC019 18/18 A2956 RMK AO1 LTG DSNT W AND NW P0010 T01830178",2025-10-12 15:18:35.957744,2025-10-12 11:18:35.957788
"KDBN","Dublin/Barron Arpt, GA, US",2025-10-12 15:15:00,"2025-10-12 11:15:00","VFR",19.1,14.9,0,0,NA,NA,1011.3,"METAR KDBN 121515Z AUTO 00000KT 10SM BKN110 19/15 A2986 RMK AO2 T01910149 $",2025-10-12 15:18:35.96446,2025-10-12 11:18:35.964529
"KD39","Sauk Center Muni, MN, US",2025-10-12 15:15:00,"2025-10-12 15:15:00","VFR",13.4,13.4,140,15,24,NA,1004.5,"METAR KD39 121515Z AUTO 14015G24KT 10SM -RA OVC100 13/13 A2966 RMK AO2 T01340134",2025-10-12 15:18:35.970999,2025-10-12 11:18:35.971044
"KCPU","San Andreas/Calaveras Cnty, CA, US",2025-10-12 15:15:00,"2025-10-12 15:15:00","VFR",6.7,-1.6,110,3,NA,NA,1013.6,"METAR KCPU 121515Z AUTO 11003KT 10SM CLR 07/M02 A2993 RMK AO2 T00671016",2025-10-12 15:18:35.977656,2025-10-12 11:18:35.977701
"KCXE","Chase City Muni, VA, US",2025-10-12 15:15:00,"2025-10-12 15:15:00","IFR",17.5,17.1,10,7,15,3,1009.6,"METAR KCXE 121515Z AUTO 01007G15KT 3SM OVC007 18/17 A2981 RMK AO1 T01750171",2025-10-12 15:18:35.984173,2025-10-12 11:18:35.984222
"KCVX","Charlevoix Muni, MI, US",2025-10-12 15:15:00,"2025-10-12 15:15:00","MVFR",14,11,140,6,NA,NA,1020.1,"METAR KCVX 121515Z AUTO 14006KT 10SM BKN017 14/11 A3012 RMK AO2",2025-10-12 15:18:35.990693,2025-10-12 11:18:35.99074
"KCVH","Hollister Muni, CA, US",2025-10-12 15:15:00,"2025-10-12 08:15:00","VFR",9,7,NA,NA,NA,NA,1015,"METAR KCVH 121515Z AUTO 10SM CLR 09/07 A2997 RMK A01",2025-10-12 15:18:35.997284,2025-10-12 11:18:35.997329
"KCQM","Cook Muni, MN, US",2025-10-12 15:15:00,"2025-10-12 15:15:00","MVFR",13,10,170,13,21,NA,1006.9,"METAR KCQM 121515Z AUTO 17013G21KT 130V190 10SM OVC016 13/10 A2973 RMK AO2",2025-10-12 15:18:36.003864,2025-10-12 11:18:36.00391
"KDIK","Dickinson/Roosevelt , ND, US",2025-10-12 15:13:00,"2025-10-12 09:13:00","MVFR",7.8,5.6,280,25,34,NA,997.4,"SPECI KDIK 121513Z AUTO 28025G34KT 10SM FEW016 BKN030 OVC036 08/06 A2945 RMK AO2 PK WND 29034/1457 T00780056",2025-10-12 15:18:36.010448,2025-10-12 11:18:36.010495
"KCVS","Clovis/Cannon AFB, NM, US",2025-10-12 15:06:00,"2025-10-12 09:06:00","VFR",19,16,240,7,NA,NA,1011.6,"SPECI KCVS 121506Z AUTO 24007KT 10SM -RA FEW080 BKN100 OVC130 19/16 A2987 RMK AO2 RAB06 SLP058 $",2025-10-12 15:18:36.017047,2025-10-12 11:18:36.017092
"KCPC","Whiteville/Columbus Cnty, NC, US",2025-10-12 15:05:00,"2025-10-12 15:05:00","IFR",19,17.5,340,8,18,1.5,1002.1,"METAR KCPC 121505Z AUTO 34008G18KT 1 1/2SM RA OVC007 19/18 A2959 RMK AO2 VIS 1V4 P0003 T01900175",2025-10-12 15:18:36.023551,2025-10-12 11:18:36.023596
"KDEW","Deer Park Arpt, WA, US",2025-10-12 15:05:00,"2025-10-12 15:05:00","IFR",6.1,5,170,7,NA,NA,1008.9,"SPECI KDEW 121505Z AUTO 17007KT 10SM -RA OVC006 06/05 A2979 RMK AO2 P0000 T00610050",2025-10-12 15:18:36.030177,2025-10-12 11:18:36.030227
"KCTZ","Clinton/Sampson Cnty, NC, US",2025-10-12 15:05:00,"2025-10-12 11:05:00","IFR",19.1,19.1,10,11,22,1.5,1003.5,"METAR KCTZ 121505Z AUTO 01011G22KT 340V040 1 1/2SM BKN010 OVC014 19/19 A2963 RMK AO2 P0001 T01910191",2025-10-12 15:18:36.03666,2025-10-12 11:18:36.036706
"KDIJ","Driggs/Reed Mem, ID, US",2025-10-12 14:56:00,"2025-10-12 14:56:00","MVFR",0,-1.1,170,10,NA,NA,1015,"METAR KDIJ 121456Z AUTO 17010KT 10SM OVC022 00/M01 A2997 RMK AO2 UPE39 SLP168 P0002 60008 T00001011 53024 $",2025-10-12 15:18:36.043272,2025-10-12 11:18:36.04332
"KCOD","Cody/Yellowstone Rgnl, WY, US",2025-10-12 14:56:00,"2025-10-12 08:56:00","VFR",5,-1.7,270,10,19,NA,1008.9,"METAR KCOD 121456Z AUTO 27010G19KT 10SM SCT095 05/M02 A2979 RMK AO2 SLP072 T00501017 51027",2025-10-12 15:18:36.049862,2025-10-12 11:18:36.049906
"KCWI","Clinton Muni, IA, US",2025-10-12 14:56:00,"2025-10-12 09:56:00","VFR",13.3,8.9,110,9,NA,NA,1015.7,"METAR KCWI 121456Z AUTO 11009KT 10SM CLR 13/09 A2999 RMK AO2 SLP158 T01330089 58003",2025-10-12 15:18:36.056527,2025-10-12 11:18:36.056573
"KD07","Faith Muni, SD, US",2025-10-12 14:56:00,"2025-10-12 14:56:00",NA,10,7.2,290,24,35,NA,1000.4,"METAR KD07 121456Z AUTO 29024G35KT 10/07 A2954 RMK AO1 PK WND 31035/1453 PRESRR SLP004 T01000072 53054",2025-10-12 15:18:36.063052,2025-10-12 11:18:36.063095
"KCVO","Corvallis Muni, OR, US",2025-10-12 14:56:00,"2025-10-12 07:56:00","VFR",10,8.9,180,9,NA,NA,1016.3,"METAR KCVO 121456Z 18009KT 10SM SCT045 BKN070 OVC120 10/09 A3001 RMK AO2 SLP166 60000 T01000089 58014",2025-10-12 15:18:36.081434,2025-10-12 11:18:36.081486
"KDAY","Dayton/Cox Intl, OH, US",2025-10-12 14:56:00,"2025-10-12 10:56:00","VFR",14.4,9.4,NA,5,NA,NA,1017.4,"METAR KDAY 121456Z VRB05KT 10SM CLR 14/09 A3004 RMK AO2 SLP170 T01440094 50004 $",2025-10-12 15:18:36.088713,2025-10-12 11:18:36.088762
"KCOE","Coeur DAlene Arpt, ID, US",2025-10-12 14:56:00,"2025-10-12 07:56:00",NA,6.7,5.6,290,7,NA,9,1009.2,"METAR KCOE 121456Z AUTO 29007KT 9SM RA 07/06 A2980 RMK AO2 SLP116 P0006 60013 T00670056 53007 $",2025-10-12 15:18:36.095295,2025-10-12 11:18:36.095341
"KCVN","Clovis Muni, NM, US",2025-10-12 14:56:00,"2025-10-12 08:56:00","VFR",17.8,17.2,260,8,NA,NA,1012.3,"METAR KCVN 121456Z AUTO 26008KT 10SM FEW049 BKN085 OVC110 18/17 A2989 RMK AO2 RAB26E37 SLP086 P0000 60000 T01780172 53008 $",2025-10-12 15:18:36.101811,2025-10-12 11:18:36.101856
"KCTB","Cut Bank Muni, MT, US",2025-10-12 14:56:00,"2025-10-12 08:56:00","MVFR",-0.6,-5,340,17,24,NA,1011.6,"METAR KCTB 121456Z AUTO 34017G24KT 10SM FEW018 BKN026 OVC030 M01/M05 A2987 RMK AO2 SLP133 T10061050 53024",2025-10-12 15:18:36.108418,2025-10-12 11:18:36.108468
"KCXY","Harrisburg/Capital City Arpt, PA, US",2025-10-12 14:56:00,"2025-10-12 10:56:00","VFR",16.7,10.6,50,9,16,NA,1017.4,"METAR KCXY 121456Z 05009G16KT 10SM BKN080 OVC090 17/11 A3004 RMK AO2 SLP173 T01670106 58003 $",2025-10-12 15:18:36.115085,2025-10-12 11:18:36.115131
"KCSB","Cambridge Muni, NE, US",2025-10-12 14:55:00,"2025-10-12 14:55:00",NA,20,14,230,7,NA,NA,1001.8,"METAR KCSB 121455Z AUTO 23007KT 10SM 20/14 A2958 RMK AO2",2025-10-12 15:18:36.121657,2025-10-12 11:18:36.121701
"KDLF","Laughlin AFB, TX, US",2025-10-12 14:55:00,"2025-10-12 09:55:00","VFR",24.5,16.2,150,15,NA,NA,1010.6,"METAR KDLF 121455Z AUTO 15015KT 10SM CLR 25/16 A2984 RMK AO2 SLP093 T02450162 51006 $",2025-10-12 15:18:36.128256,2025-10-12 11:18:36.128304
"KDAA","Fort Belvoir/Davison, VA, US",2025-10-12 14:55:00,"2025-10-12 10:55:00","MVFR",18,13.7,360,5,NA,NA,1013.3,"METAR KDAA 121455Z AUTO 36005KT 10SM OVC023 18/14 A2992 RMK AO2 SLP134 T01800137 51008 TSNO $",2025-10-12 15:18:36.134752,2025-10-12 11:18:36.134798
"KCNW","Waco/Texas State Tech Arpt, TX, US",2025-10-12 14:55:00,"2025-10-12 09:55:00","VFR",23,15,0,0,NA,7,1012.6,"METAR KCNW 121455Z 00000KT 7SM HZ CLR 23/15 A2990",2025-10-12 15:18:36.141243,2025-10-12 11:18:36.141288
"KCUH","Cushing Muni, OK, US",2025-10-12 14:55:00,"2025-10-12 09:55:00","VFR",23.5,12.5,180,9,NA,NA,1010.2,"METAR KCUH 121455Z AUTO 18009KT 10SM CLR 24/13 A2983 RMK AO2 T02350125",2025-10-12 15:18:36.147823,2025-10-12 11:18:36.147869
"KDLH","Duluth Intl Arpt, MN, US",2025-10-12 14:55:00,"2025-10-12 09:55:00","MVFR",12.2,8.9,150,14,20,NA,1009.6,"METAR KDLH 121455Z 15014G20KT 10SM BKN021 12/09 A2981 RMK AO2 SLP101 T01220089 56002 $",2025-10-12 15:18:36.154382,2025-10-12 11:18:36.154428
"KCXW","Conway/Cantrell Fld, AR, US",2025-10-12 14:55:00,"2025-10-12 14:55:00","VFR",21,17,120,4,NA,NA,1014.3,"METAR KCXW 121455Z AUTO 12004KT 10SM FEW070 21/17 A2995 RMK A01",2025-10-12 15:18:36.160935,2025-10-12 11:18:36.160981
"KCQB","Chandler Muni, OK, US",2025-10-12 14:55:00,"2025-10-12 14:55:00","VFR",23.8,13.8,180,12,NA,NA,1010.6,"METAR KCQB 121455Z AUTO 18012KT 10SM CLR 24/14 A2984 RMK AO2 T02380138",2025-10-12 15:18:36.167483,2025-10-12 11:18:36.167528
"KCTY","Cross City Arpt, FL, US",2025-10-12 14:55:00,"2025-10-12 10:55:00","VFR",23,16,NA,6,NA,NA,1010.6,"METAR KCTY 121455Z AUTO VRB06KT 10SM CLR 23/16 A2984 RMK AO2",2025-10-12 15:18:36.174088,2025-10-12 11:18:36.174133
"KCNK","Concordia/Blosser Muni, KS, US",2025-10-12 14:55:00,"2025-10-12 09:55:00","VFR",23.9,11.7,180,25,35,NA,1003.5,"METAR KCNK 121455Z AUTO 18025G35KT 10SM CLR 24/12 A2963 RMK AO2 PK WND 18035/1455 SLP020 T02390117 55006 $",2025-10-12 15:18:36.180626,2025-10-12 11:18:36.180672
"KDKR","Crockett/Houston Cnty, TX, US",2025-10-12 14:55:00,"2025-10-12 14:55:00","VFR",23,18,0,0,NA,NA,1013.3,"METAR KDKR 121455Z AUTO 00000KT 10SM CLR 23/18 A2992 RMK AO2",2025-10-12 15:18:36.187118,2025-10-12 11:18:36.187184
"KDEH","Decorah Muni, IA, US",2025-10-12 14:55:00,"2025-10-12 09:55:00","VFR",13,10,150,11,22,NA,1012.3,"METAR KDEH 121455Z AUTO 15011G22KT 10SM CLR 13/10 A2989 RMK AO2",2025-10-12 15:18:36.193703,2025-10-12 11:18:36.193749
"KCRX","Corinth/Turner Fld, MS, US",2025-10-12 14:55:00,"2025-10-12 09:55:00","VFR",18,14,0,0,NA,NA,1014.6,"METAR KCRX 121455Z AUTO 00000KT 10SM CLR 18/14 A2996 RMK AO2",2025-10-12 15:18:36.200227,2025-10-12 11:18:36.200273
"KDKX","Knoxville/Downtown Arpt, TN, US",2025-10-12 14:55:00,"2025-10-12 14:55:00","VFR",19,13,0,0,NA,NA,1014,"METAR KDKX 121455Z AUTO 00000KT 10SM CLR 19/13 A2994 RMK A01",2025-10-12 15:18:36.218468,2025-10-12 11:18:36.218517
"KDCY","Washington/Daviess Cnty, IN, US",2025-10-12 14:55:00,"2025-10-12 14:55:00","VFR",16,9.8,0,0,NA,NA,1016.3,"METAR KDCY 121455Z AUTO 00000KT 10SM CLR 16/10 A3001 RMK AO2 T01600098",2025-10-12 15:18:36.225669,2025-10-12 11:18:36.225717
"KDCM","Chester Muni, SC, US",2025-10-12 14:55:00,"2025-10-12 14:55:00","VFR",20,12,360,15,21,NA,1009.6,"METAR KDCM 121455Z AUTO 36015G21KT 10SM SCT026 SCT120 20/12 A2981 RMK AO2",2025-10-12 15:18:36.232206,2025-10-12 11:18:36.232253
"KCVB","Castroville Muni, TX, US",2025-10-12 14:55:00,"2025-10-12 14:55:00","VFR",23,16,130,3,NA,NA,1013,"METAR KCVB 121455Z AUTO 13003KT 10SM CLR 23/16 A2991 RMK AO2",2025-10-12 15:18:36.238804,2025-10-12 11:18:36.23885
"KCOF","Cocoa Beach/Patrick, FL, US",2025-10-12 14:55:00,"2025-10-12 10:55:00","VFR",22.7,18,340,10,NA,NA,1008.2,"METAR KCOF 121455Z AUTO 34010KT 10SM CLR 23/18 A2977 RMK AO2 SLP086 T02270180 51010 $",2025-10-12 15:18:36.245446,2025-10-12 11:18:36.245494
"KCOM","Coleman Muni, TX, US",2025-10-12 14:55:00,"2025-10-12 09:55:00","VFR",23.2,9.9,200,12,18,NA,1012.6,"METAR KCOM 121455Z AUTO 20012G18KT 10SM CLR 23/10 A2990 RMK AO2 T02320099 PWINO",2025-10-12 15:18:36.252059,2025-10-12 11:18:36.252106
"KCWV","Claxton/Evans Cnty, GA, US",2025-10-12 14:55:00,"2025-10-12 14:55:00","VFR",18,15,NA,NA,NA,NA,1010.2,"METAR KCWV 121455Z AUTO 10SM -DZ BKN050 BKN070 18/15 A2983 RMK AO2",2025-10-12 15:18:36.258641,2025-10-12 11:18:36.258687
"KCXU","Camilla/Mitchell Cnty, GA, US",2025-10-12 14:55:00,"2025-10-12 14:55:00","VFR",21,16,NA,2,NA,NA,1011.9,"METAR KCXU 121455Z AUTO VRB02KT 10SM CLR 21/16 A2988 RMK AO2",2025-10-12 15:18:36.265312,2025-10-12 11:18:36.265359
"KCZL","Calhoun/Tom David Fld, GA, US",2025-10-12 14:55:00,"2025-10-12 14:55:00",NA,19,14,320,7,NA,NA,1013,"METAR KCZL 121455Z AUTO 32007KT CLR 19/14 A2991 RMK AO2 PWINO",2025-10-12 15:18:36.271759,2025-10-12 11:18:36.271804
"KDKB","DeKalb/Taylor Muni, IL, US",2025-10-12 14:55:00,"2025-10-12 14:55:00","VFR",13.4,9.7,140,8,NA,NA,1017.7,"METAR KDKB 121455Z AUTO 14008KT 10SM CLR 13/10 A3005 RMK AO2 T01340097",2025-10-12 15:18:36.278295,2025-10-12 11:18:36.278341
"KD25","Manitowish Waters Arpt, WI, US",2025-10-12 14:55:00,"2025-10-12 14:55:00","MVFR",10.8,7.7,160,13,19,NA,1015,"METAR KD25 121455Z AUTO 16013G19KT 10SM OVC017 11/08 A2997 RMK AO2 T01080077",2025-10-12 15:18:36.284902,2025-10-12 11:18:36.284948
"KCSQ","Creston Muni, IA, US",2025-10-12 14:55:00,"2025-10-12 09:55:00","VFR",18,14,150,11,20,NA,1008.9,"METAR KCSQ 121455Z AUTO 15011G20KT 10SM CLR 18/14 A2979 RMK AO2",2025-10-12 15:18:36.291478,2025-10-12 11:18:36.291524
"KCOS","Colorado Spring Arpt, CO, US",2025-10-12 14:54:00,"2025-10-12 08:54:00","VFR",14.4,2.2,0,0,NA,NA,1009.9,"METAR KCOS 121454Z 00000KT 10SM FEW080 FEW150 SCT200 14/02 A2982 RMK AO2 SLP027 ACSL SW T01440022 53024",2025-10-12 15:18:36.298038,2025-10-12 11:18:36.298083
"KCOU","Columbia Rgnl, MO, US",2025-10-12 14:54:00,"2025-10-12 09:54:00","VFR",18.3,12.2,160,10,NA,NA,1013.6,"METAR KCOU 121454Z 16010KT 10SM CLR 18/12 A2993 RMK AO2 SLP131 T01830122 52003 $",2025-10-12 15:18:36.304613,2025-10-12 11:18:36.304658
"KDDH","Bennington/Morse State Arpt, VT, US",2025-10-12 14:54:00,"2025-10-12 14:54:00","VFR",13.9,4.4,90,8,NA,NA,1023.8,"METAR KDDH 121454Z AUTO 09008KT 040V140 10SM CLR 14/04 A3023 RMK AO2 PK WND 10026/1414 SLP237 T01390044 51009 $",2025-10-12 15:18:36.311136,2025-10-12 11:18:36.311203
"KDEC","Decatur Arpt, IL, US",2025-10-12 14:54:00,"2025-10-12 09:54:00","VFR",15.6,8.3,140,5,NA,NA,1016.7,"METAR KDEC 121454Z 14005KT 10SM CLR 16/08 A3002 RMK AO2 SLP164 T01560083 50003",2025-10-12 15:18:36.317686,2025-10-12 11:18:36.317731
"KCRW","Charleston/Yeager Arpt, WV, US",2025-10-12 14:54:00,"2025-10-12 10:54:00","VFR",11.7,10,0,0,NA,NA,1015,"METAR KCRW 121454Z 00000KT 10SM SCT070 12/10 A2997 RMK AO2 SLP147 T01170100 53001 $",2025-10-12 15:18:36.324305,2025-10-12 11:18:36.324352
"KCUB","Columbia/Downtown Arpt, SC, US",2025-10-12 14:53:00,"2025-10-12 10:53:00","VFR",16.1,14.4,310,5,NA,NA,1008.5,"METAR KCUB 121453Z AUTO 31005KT 10SM BKN060 OVC070 16/14 A2978 RMK AO2 RAE47 SLP082 P0001 60006 T01610144 58000",2025-10-12 15:18:36.330849,2025-10-12 11:18:36.330896
"KCYS","Cheyenne Rgnl, WY, US",2025-10-12 14:53:00,"2025-10-12 08:53:00","VFR",9.4,-2.8,290,16,26,NA,1010.2,"METAR KCYS 121453Z 29016G26KT 10SM CLR 09/M03 A2983 RMK AO2 PK WND 27032/1413 SLP052 T00941028 53020 $",2025-10-12 15:18:36.337502,2025-10-12 11:18:36.337548
"KDBQ","Dubuque Rgnl, IA, US",2025-10-12 14:53:00,"2025-10-12 09:53:00","VFR",13.9,8.9,140,12,NA,NA,1015,"METAR KDBQ 121453Z 14012KT 10SM CLR 14/09 A2997 RMK AO2 SLP151 T01390089 56006 $",2025-10-12 15:18:36.355947,2025-10-12 11:18:36.355995
"KDCU","Decatur/Pryor Fld, AL, US",2025-10-12 14:53:00,"2025-10-12 09:53:00","VFR",19.4,12.2,0,0,NA,NA,1014.6,"METAR KDCU 121453Z AUTO 00000KT 10SM CLR 19/12 A2996 RMK AO2 SLP141 T01940122 51008 $",2025-10-12 15:18:36.362975,2025-10-12 11:18:36.363019
"KCOT","Cotulla/LaSalle Cnty, TX, US",2025-10-12 14:53:00,"2025-10-12 09:53:00","VFR",25,16.1,160,9,NA,NA,1012.3,"METAR KCOT 121453Z AUTO 16009KT 10SM CLR 25/16 A2989 RMK AO2 SLP112 T02500161 53006 $",2025-10-12 15:18:36.369456,2025-10-12 11:18:36.369502
"KCRS","Corsicana Muni, TX, US",2025-10-12 14:53:00,"2025-10-12 09:53:00","VFR",25.6,16.7,220,10,NA,NA,1013,"METAR KCRS 121453Z AUTO 22010KT 10SM CLR 26/17 A2991 RMK AO2 SLP124 T02560167 51012",2025-10-12 15:18:36.375973,2025-10-12 11:18:36.376017
"KDFI","Defiance Mem Arpt, OH, US",2025-10-12 14:53:00,"2025-10-12 10:53:00","VFR",15,10.6,20,5,NA,NA,1018.4,"METAR KDFI 121453Z AUTO 02005KT 10SM CLR 15/11 A3007 RMK AO2 SLP183 T01500106 50003",2025-10-12 15:18:36.382658,2025-10-12 11:18:36.382704
"KDHN","Dothan Rgnl, AL, US",2025-10-12 14:53:00,"2025-10-12 09:53:00","VFR",22.2,12.8,340,6,NA,NA,1013.6,"METAR KDHN 121453Z 34006KT 10SM CLR 22/13 A2993 RMK AO1 SLP129 T02220128 51009 $",2025-10-12 15:18:36.389298,2025-10-12 11:18:36.389346
"KDEQ","De Queen/Helms Arpt, AR, US",2025-10-12 14:53:00,"2025-10-12 14:53:00","VFR",22.2,16.7,NA,3,NA,NA,1013,"METAR KDEQ 121453Z AUTO VRB03KT 10SM CLR 22/17 A2991 RMK AO2 SLP124 T02220167 50007",2025-10-12 15:18:36.395895,2025-10-12 11:18:36.39594
"KDET","Detroit/C Young Arpt, MI, US",2025-10-12 14:53:00,"2025-10-12 10:53:00","VFR",17.2,12.2,80,5,NA,NA,1019.4,"METAR KDET 121453Z 08005KT 10SM CLR 17/12 A3010 RMK AO2 SLP192 T01720122 50004",2025-10-12 15:18:36.402452,2025-10-12 11:18:36.402499
"KDKK","Dunkirk/Chautauqua Cnty, NY, US",2025-10-12 14:53:00,"2025-10-12 10:53:00","VFR",16.1,12.2,30,7,NA,NA,1020.1,"METAR KDKK 121453Z AUTO 03007KT 10SM BKN080 16/12 A3012 RMK AO2 SLP201 T01610122 50008",2025-10-12 15:18:36.409009,2025-10-12 11:18:36.409054
"KDAN","Danville Rgnl, VA, US",2025-10-12 14:53:00,"2025-10-12 10:53:00","MVFR",17.8,15.6,30,14,23,NA,1010.2,"METAR KDAN 121453Z AUTO 03014G23KT 10SM -RA OVC013 18/16 A2983 RMK AO2 RAB53 SLP092 P0000 60000 T01780156 51007",2025-10-12 15:18:36.415634,2025-10-12 11:18:36.415681
"KCPR","Casper/Natrona Cnty, WY, US",2025-10-12 14:53:00,"2025-10-12 08:53:00","VFR",7.2,-5.6,230,27,39,NA,1008.9,"METAR KCPR 121453Z COR 23027G39KT 10SM CLR 07/M06 A2979 RMK AO2 PK WND 23042/1438 SLP055 P0000 60000 T00721056 51022 $",2025-10-12 15:18:36.422194,2025-10-12 11:18:36.422241
"KCNM","Carlsbad/Cavern City Air Term, NM, US",2025-10-12 14:53:00,"2025-10-12 08:53:00","VFR",23.3,17.2,0,0,NA,NA,1011.6,"METAR KCNM 121453Z AUTO 00000KT 10SM FEW100 23/17 A2987 RMK AO2 SLP060 60001 T02330172 53002",2025-10-12 15:18:36.428758,2025-10-12 11:18:36.428805
"KDAL","Dallas/Love Fld, TX, US",2025-10-12 14:53:00,"2025-10-12 09:53:00","VFR",25,14.4,170,3,NA,NA,1011.9,"METAR KDAL 121453Z 17003KT 10SM FEW180 FEW250 25/14 A2988 RMK AO2 SLP110 T02500144 51006",2025-10-12 15:18:36.4354,2025-10-12 11:18:36.435447
"KDFW","Dallas-Ft Worth Intl, TX, US",2025-10-12 14:53:00,"2025-10-12 09:53:00","VFR",25.6,13.3,200,11,NA,NA,1011.3,"METAR KDFW 121453Z 20011KT 10SM FEW250 26/13 A2986 RMK AO2 SLP104 T02560133 53006 $",2025-10-12 15:18:36.441885,2025-10-12 11:18:36.441931
"KCUT","Custer Cnty Arpt, SD, US",2025-10-12 14:53:00,"2025-10-12 14:53:00","MVFR",8.3,5.6,260,11,20,NA,1005.2,"METAR KCUT 121453Z AUTO 26011G20KT 10SM BKN010 BKN015 08/06 A2968 RMK AO2 CIG 009V013 SLP014 T00830056 53039 $",2025-10-12 15:18:36.448602,2025-10-12 11:18:36.448647
"KCRQ","Carlsbad/Palomar Arpt, CA, US",2025-10-12 14:53:00,"2025-10-12 07:53:00","MVFR",16.7,13.9,0,0,NA,NA,1008.2,"METAR KCRQ 121453Z AUTO 00000KT 10SM OVC010 17/14 A2977 RMK AO2 SLP078 T01670139 51007 $",2025-10-12 15:18:36.455317,2025-10-12 11:18:36.455365
"KCNO","Chino Arpt, CA, US",2025-10-12 14:53:00,"2025-10-12 07:53:00","VFR",12.8,11.1,0,0,NA,NA,1008.9,"METAR KCNO 121453Z 00000KT 10SM CLR 13/11 A2979 RMK AO2 SLP084 T01280111 51004",2025-10-12 15:18:36.461887,2025-10-12 11:18:36.461932
"KDEN","Denver Intl, CO, US",2025-10-12 14:53:00,"2025-10-12 08:53:00","VFR",11.7,5,40,6,NA,NA,1008.2,"METAR KDEN 121453Z 04006KT 10SM FEW070 FEW110 SCT220 12/05 A2977 RMK AO2 SLP034 T01170050 53034",2025-10-12 15:18:36.468582,2025-10-12 11:18:36.468627
"KDAB","Daytona Beach Intl, FL, US",2025-10-12 14:53:00,"2025-10-12 10:53:00","VFR",21.7,16.1,290,6,NA,NA,1009.6,"METAR KDAB 121453Z 29006KT 10SM FEW035 22/16 A2981 RMK AO2 SLP095 T02170161 50006 $",2025-10-12 15:18:36.475169,2025-10-12 11:18:36.475219
"KCSM","Clinton/Sherman Arpt, OK, US",2025-10-12 14:53:00,"2025-10-12 09:53:00","VFR",22.8,10,180,16,NA,NA,1009.2,"METAR KCSM 121453Z AUTO 18016KT 10SM CLR 23/10 A2980 RMK AO2 SLP069 T02280100 50004",2025-10-12 15:18:36.493842,2025-10-12 11:18:36.493889
"KCRG","Jacksonville/Executive at Craig Arpt, FL, US",2025-10-12 14:53:00,"2025-10-12 10:53:00",NA,NA,NA,NA,NA,NA,NA,NA,"METAR KCRG 121453Z AUTO BR RMK AO2 SLPNO $",2025-10-12 15:18:36.500605,2025-10-12 11:18:36.500647
"KCSV","Crossville/Whitson Fld, TN, US",2025-10-12 14:53:00,"2025-10-12 09:53:00","VFR",17.8,10.6,50,7,NA,NA,1015.3,"METAR KCSV 121453Z AUTO 05007KT 10SM CLR 18/11 A2998 RMK AO2 SLP142 T01780106 51007",2025-10-12 15:18:36.507088,2025-10-12 11:18:36.507132
"KCNY","Moab/Canyonland Fld, UT, US",2025-10-12 14:53:00,"2025-10-12 08:53:00","VFR",10,2.8,0,0,NA,NA,1015.3,"METAR KCNY 121453Z AUTO 00000KT 10SM CLR 10/03 A2998 RMK AO2 SLP119 T01000028 53021",2025-10-12 15:18:36.51365,2025-10-12 11:18:36.513696
"KCXO","Conroe/Executive Arpt, TX, US",2025-10-12 14:53:00,"2025-10-12 09:53:00","VFR",24.4,17.2,0,0,NA,NA,1013.3,"METAR KCXO 121453Z 00000KT 10SM CLR 24/17 A2992 RMK AO2 SLP130 T02440172 53011",2025-10-12 15:18:36.520307,2025-10-12 11:18:36.520354
"KDHT","Dalhart Muni, TX, US",2025-10-12 14:53:00,"2025-10-12 09:53:00","VFR",20.6,13.3,250,13,NA,NA,1009.2,"METAR KDHT 121453Z AUTO 25013KT 10SM CLR 21/13 A2980 RMK AO2 SLP036 T02060133 52009",2025-10-12 15:18:36.526859,2025-10-12 11:18:36.526906
"KCPS","St Louis/Downtown Arpt, IL, US",2025-10-12 14:53:00,"2025-10-12 09:53:00","VFR",19.4,12.8,150,5,NA,NA,1015.3,"METAR KCPS 121453Z 15005KT 10SM CLR 19/13 A2998 RMK AO2 SLP148 T01940128 50002 $",2025-10-12 15:18:36.533514,2025-10-12 11:18:36.533561
"KDGW","Douglas/Converse Cnty, WY, US",2025-10-12 14:53:00,"2025-10-12 08:53:00","VFR",8.3,-3.3,270,19,32,NA,1008.5,"METAR KDGW 121453Z AUTO 27019G32KT 10SM CLR 08/M03 A2978 RMK AO2 PK WND 29033/1434 SLP054 T00831033 53034",2025-10-12 15:18:36.540071,2025-10-12 11:18:36.540116
"KDDC","Dodge City Arpt, KS, US",2025-10-12 14:52:00,"2025-10-12 09:52:00","VFR",22.8,12.2,200,18,25,7,1004.8,"METAR KDDC 121452Z AUTO 20018G25KT 7SM CLR 23/12 A2967 RMK AO2 SLP017 T02280122 53006 $",2025-10-12 15:18:36.546628,2025-10-12 11:18:36.546671
"KCNU","Chanute/Johnson Arpt, KS, US",2025-10-12 14:52:00,"2025-10-12 09:52:00","VFR",22.2,15.6,170,14,NA,NA,1010.2,"METAR KCNU 121452Z AUTO 17014KT 10SM CLR 22/16 A2983 RMK AO2 SLP093 T02220156 50003",2025-10-12 15:18:36.553103,2025-10-12 11:18:36.553165
"KCVG","Cincinnati Intl, KY, US",2025-10-12 14:52:00,"2025-10-12 10:52:00","VFR",15.6,8.9,40,5,NA,NA,1016,"METAR KCVG 121452Z 04005KT 10SM CLR 16/09 A3000 RMK AO2 SLP154 T01560089 50002 $",2025-10-12 15:18:36.559675,2025-10-12 11:18:36.559721
"KDCA","Washington/Reagan-National Arpt, VA, US",2025-10-12 14:52:00,"2025-10-12 10:52:00","MVFR",17.2,13.3,30,13,NA,NA,1014.3,"METAR KDCA 121452Z 03013KT 10SM OVC024 17/13 A2995 RMK AO2 SLP141 T01720133 51010 $",2025-10-12 15:18:36.566249,2025-10-12 11:18:36.566297
"KCQX","Chatham Muni, MA, US",2025-10-12 14:52:00,"2025-10-12 14:52:00","MVFR",15.6,13.3,60,16,26,NA,1021.1,"METAR KCQX 121452Z AUTO 06016G26KT 10SM OVC011 16/13 A3015 RMK AO2 PK WND 06026/1444 SLP212 T01560133 56007",2025-10-12 15:18:36.57275,2025-10-12 11:18:36.572796
"KCON","Concord Muni, NH, US",2025-10-12 14:51:00,"2025-10-12 10:51:00","MVFR",12.8,8.3,NA,4,NA,NA,1026.2,"METAR KCON 121451Z AUTO VRB04KT 10SM BKN018 13/08 A3030 RMK AO2 SLP261 T01280083 50004 $",2025-10-12 15:18:36.579434,2025-10-12 11:18:36.57948
"KDAW","Rochester/Skyhaven Arpt, NH, US",2025-10-12 14:51:00,"2025-10-12 14:51:00","VFR",11.7,8.9,NA,4,NA,NA,1025.8,"METAR KDAW 121451Z AUTO VRB04KT 10SM SCT040 12/09 A3029 RMK AO2 SLP257 T01170089 50001 $",2025-10-12 15:18:36.586073,2025-10-12 11:18:36.586119
"KCRP","Corpus Christi Intl, TX, US",2025-10-12 14:51:00,"2025-10-12 09:51:00","VFR",27.2,18.3,170,4,NA,NA,1011.9,"METAR KCRP 121451Z 17004KT 10SM FEW033 27/18 A2988 RMK AO2 SLP117 T02720183 53010 $",2025-10-12 15:18:36.592653,2025-10-12 11:18:36.592698
"KCSG","Columbus Arpt, GA, US",2025-10-12 14:51:00,"2025-10-12 10:51:00","VFR",20,11.7,NA,3,NA,NA,1012.6,"METAR KCSG 121451Z VRB03KT 10SM CLR 20/12 A2990 RMK AO2 SLP121 T02000117 51007",2025-10-12 15:18:36.599233,2025-10-12 11:18:36.59928
"KDED","Deland Muni, FL, US",2025-10-12 14:50:00,"2025-10-12 14:50:00","VFR",21.4,15.9,280,7,NA,NA,1010.2,"METAR KDED 121450Z AUTO 28007KT 10SM CLR 21/16 A2983 RMK AO2 T02140159",2025-10-12 15:18:36.60578,2025-10-12 11:18:36.605825
"KDAG","Barstow/Daggett Cnty, CA, US",2025-10-12 14:50:00,"2025-10-12 07:50:00","VFR",12.2,5,280,9,NA,NA,1011.9,"METAR KDAG 121450Z AUTO 28009KT 10SM CLR 12/05 A2988 RMK AO2 SLP104 T01220050 51010",2025-10-12 15:18:36.612391,2025-10-12 11:18:36.612437
"KCWA","Mosinee/C Wisconsin Arpt, WI, US",2025-10-12 14:50:00,"2025-10-12 09:50:00","VFR",11,9,160,12,NA,NA,1016,"METAR KCWA 121450Z 16012KT 10SM FEW220 111/09 A3000",2025-10-12 15:18:36.631143,2025-10-12 11:18:36.631215
"KCXP","Carson City Arpt, NV, US",2025-10-12 14:50:00,"2025-10-12 07:50:00","VFR",1,-4,0,0,NA,NA,1018,"METAR KCXP 121450Z AUTO 00000KT 10SM CLR 01/M04 A3006 RMK AO2",2025-10-12 15:18:36.637892,2025-10-12 11:18:36.637937
"KCWF","Chenault Intl, LA, US",2025-10-12 14:45:00,"2025-10-12 09:45:00","VFR",23,14,0,0,NA,NA,1013.6,"METAR KCWF 121445Z 00000KT 10SM CLR 23/14 A2993",2025-10-12 15:18:36.644465,2025-10-12 11:18:36.644521
"KDYA","Demopolis Muni, AL, US",2025-10-12 15:15:00,"2025-10-12 15:15:00","VFR",20.7,13.3,0,0,NA,7,1013.6,"METAR KDYA 121515Z AUTO 00000KT 7SM CLR 21/13 A2993 RMK AO2 T02070133",2025-10-12 15:18:38.512319,2025-10-12 11:18:38.512362
"KEDJ","Bellefontaine Rgnl, OH, US",2025-10-12 15:15:00,"2025-10-12 15:15:00","VFR",16,10,70,8,NA,NA,1017.4,"METAR KEDJ 121515Z AUTO 07008KT 10SM CLR 16/10 A3004 RMK A01",2025-10-12 15:18:38.518942,2025-10-12 11:18:38.518988
"KELO","Ely Muni, MN, US",2025-10-12 15:15:00,"2025-10-12 10:15:00","VFR",12,5,160,12,21,NA,1008.9,"METAR KELO 121515Z AUTO 16012G21KT 10SM SCT019 SCT070 12/05 A2979 RMK AO2",2025-10-12 15:18:38.525419,2025-10-12 11:18:38.525462
"KEKX","Elizabethtown/Addington Fld, KY, US",2025-10-12 15:15:00,"2025-10-12 11:15:00","VFR",17.9,11.1,0,0,NA,NA,1015.3,"METAR KEKX 121515Z AUTO 00000KT 10SM CLR 18/11 A2998 RMK AO2 T01790111",2025-10-12 15:18:38.531887,2025-10-12 11:18:38.531932
"KDYT","Duluth/Sky Harbor Arpt, MN, US",2025-10-12 15:15:00,"2025-10-12 15:15:00","VFR",15,9,150,12,NA,NA,1009.2,"METAR KDYT 121515Z AUTO 15012KT 10SM SCT031 15/09 A2980 RMK AO2",2025-10-12 15:18:38.538413,2025-10-12 11:18:38.538458
"KEDC","Austin/Executive Arpt, TX, US",2025-10-12 15:15:00,"2025-10-12 15:15:00","VFR",26,14,210,9,15,8,1012.6,"METAR KEDC 121515Z AUTO 21009G15KT 8SM CLR 26/14 A2990 RMK AO2",2025-10-12 15:18:38.544914,2025-10-12 11:18:38.544958
"KDRM","Drummond Island Arpt, MI, US",2025-10-12 15:15:00,"2025-10-12 11:15:00","MVFR",15.6,11.1,150,9,15,NA,1021.1,"METAR KDRM 121515Z AUTO 15009G15KT 10SM BKN017 BKN024 BKN030 16/11 A3015 RMK AO2 T01560111",2025-10-12 15:18:38.551496,2025-10-12 11:18:38.551541
"KEGV","Eagle River/Union Arpt, WI, US",2025-10-12 15:15:00,"2025-10-12 10:15:00","MVFR",11.8,7,160,6,16,NA,1015.7,"METAR KEGV 121515Z AUTO 16006G16KT 10SM OVC020 12/07 A2999 RMK AO2 T01180070",2025-10-12 15:18:38.557999,2025-10-12 11:18:38.558043
"KEKM","Elkhart Muni, IN, US",2025-10-12 15:15:00,"2025-10-12 11:15:00","MVFR",14,11,NA,3,NA,5,1018.4,"METAR KEKM 121515Z AUTO VRB03KT 5SM HZ CLR 14/11 A3007 RMK AO2 T01400110 $",2025-10-12 15:18:38.56461,2025-10-12 11:18:38.564654
"KELK","Elk City Rgnl, OK, US",2025-10-12 15:15:00,"2025-10-12 10:15:00",NA,23.3,9.5,210,16,NA,NA,1008.5,"METAR KELK 121515Z AUTO 21016KT 10SM 23/09 A2978 RMK AO2 T02330095 $",2025-10-12 15:18:38.571101,2025-10-12 11:18:38.571146
"KDXX","Madison/Lac Qui Parle Cnty, MN, US",2025-10-12 15:15:00,"2025-10-12 15:15:00","VFR",16,13,150,16,21,NA,1001.8,"METAR KDXX 121515Z AUTO 15016G21KT 10SM SCT085 16/13 A2958 RMK AO2",2025-10-12 15:18:38.589772,2025-10-12 11:18:38.589821
"KDTL","Detroit Lakes Arpt, MN, US",2025-10-12 15:15:00,"2025-10-12 10:15:00","MVFR",15,14,160,15,22,NA,1000.1,"METAR KDTL 121515Z AUTO 16015G22KT 10SM BKN013 BKN055 OVC060 15/14 A2953 RMK AO2",2025-10-12 15:18:38.59725,2025-10-12 11:18:38.597302
"KDTA","Delta Muni, UT, US",2025-10-12 15:15:00,"2025-10-12 09:15:00","VFR",6,6,100,6,NA,NA,1017.7,"METAR KDTA 121515Z AUTO 10006KT 10SM CLR 06/06 A3005 RMK AO1",2025-10-12 15:18:38.60388,2025-10-12 11:18:38.603925
"KDLO","Delano Muni, CA, US",2025-10-12 15:15:00,"2025-10-12 15:15:00",NA,9.3,4.3,160,4,NA,NA,1014.3,"METAR KDLO 121515Z AUTO 16004KT 10SM 09/04 A2995 RMK AO2 T00930043",2025-10-12 15:18:38.610469,2025-10-12 11:18:38.610514
"KDLZ","Delaware Muni, OH, US",2025-10-12 15:15:00,"2025-10-12 15:15:00","LIFR",17,10,70,6,NA,0.25,1017.4,"METAR KDLZ 121515Z AUTO 07006KT 030V110 M1/4SM -RA HZ VV000 17/10 A3004 RMK AO2",2025-10-12 15:18:38.617067,2025-10-12 11:18:38.617113
"KDNN","Dalton Muni, GA, US",2025-10-12 15:15:00,"2025-10-12 11:15:00","VFR",19.7,11.7,360,7,NA,NA,1012.6,"METAR KDNN 121515Z AUTO 36007KT 340V080 10SM CLR 20/12 A2990 RMK AO2 T01970117",2025-10-12 15:18:38.623769,2025-10-12 11:18:38.623813
"KDRI","Deridder/Beauregard Rgnl, LA, US",2025-10-12 15:15:00,"2025-10-12 10:15:00","VFR",25.7,13.5,0,0,NA,NA,1013.6,"METAR KDRI 121515Z AUTO 00000KT 10SM CLR 26/13 A2993 RMK AO2 T02570135 $",2025-10-12 15:18:38.630443,2025-10-12 11:18:38.630489
"KDUH","Toledo/Suburban Arpt, MI, US",2025-10-12 15:15:00,"2025-10-12 15:15:00","IFR",15,13,NA,6,NA,NA,1018.4,"METAR KDUH 121515Z AUTO VRB06KT 10SM OVC007 15/13 A3007 RMK AO2",2025-10-12 15:18:38.637177,2025-10-12 11:18:38.637226
"KEDN","Enterprise Muni, AL, US",2025-10-12 15:15:00,"2025-10-12 10:15:00","VFR",20.6,12.8,0,0,NA,NA,1012.6,"METAR KEDN 121515Z AUTO 00000KT 10SM CLR 21/13 A2990 RMK AO1 T02060128",2025-10-12 15:18:38.643807,2025-10-12 11:18:38.643854
"KEFK","Newport/Northeast Kingdom Intl, VT, US",2025-10-12 15:15:00,"2025-10-12 11:15:00","VFR",13.7,5.7,60,3,NA,NA,1027.2,"METAR KEFK 121515Z AUTO 06003KT 10SM CLR 14/06 A3033 RMK AO2 T01370057",2025-10-12 15:18:38.65038,2025-10-12 11:18:38.650426
"KEFT","Monroe Muni, WI, US",2025-10-12 15:15:00,"2025-10-12 15:15:00","VFR",12.9,9.2,140,8,NA,NA,1016.3,"METAR KEFT 121515Z AUTO 14008KT 10SM CLR 13/09 A3001 RMK AO2 T01290092",2025-10-12 15:18:38.657042,2025-10-12 11:18:38.657089
"KE57","Denver City Arpt, TX, US",2025-10-12 15:15:00,"2025-10-12 15:15:00","VFR",22,14,220,9,NA,NA,1011.9,"METAR KE57 121515Z AUTO 22009KT 10SM BKN110 22/14 A2988 RMK AO2",2025-10-12 15:18:38.663934,2025-10-12 11:18:38.663987
"KDZJ","Blairsville Arpt, GA, US",2025-10-12 15:15:00,"2025-10-12 15:15:00","VFR",13.5,12.6,0,0,NA,NA,1013.6,"METAR KDZJ 121515Z AUTO 00000KT 10SM CLR 14/13 A2993 RMK AO2 T01350126",2025-10-12 15:18:38.670581,2025-10-12 11:18:38.670626
"KDQH","Douglas Muni, GA, US",2025-10-12 15:15:00,"2025-10-12 15:15:00","VFR",21.4,13.4,360,7,NA,NA,1011.6,"METAR KDQH 121515Z AUTO 36007KT 10SM OVC100 21/13 A2987 RMK AO2 T02140134",2025-10-12 15:18:38.677176,2025-10-12 11:18:38.677226
"KDUX","Dumas/Moore Cnty, TX, US",2025-10-12 15:15:00,"2025-10-12 15:15:00","VFR",20.5,13.9,230,13,NA,NA,1009.2,"METAR KDUX 121515Z AUTO 23013KT 10SM CLR 21/14 A2980 RMK AO2 T02050139",2025-10-12 15:18:38.683739,2025-10-12 11:18:38.683783
"KE38","Alpine/Casparis Muni, TX, US",2025-10-12 15:15:00,"2025-10-12 10:15:00","VFR",22.5,11.8,260,6,NA,NA,1017.4,"METAR KE38 121515Z AUTO 26006KT 10SM SCT120 23/12 A3004 RMK AO2 T02250118",2025-10-12 15:18:38.690372,2025-10-12 11:18:38.690418
"KE41","Big Lake/Reagan Cnty, TX, US",2025-10-12 15:15:00,"2025-10-12 15:15:00","VFR",22.9,11.3,180,14,19,NA,1013.3,"METAR KE41 121515Z AUTO 18014G19KT 10SM CLR 23/11 A2992 RMK AO2 T02290113",2025-10-12 15:18:38.696952,2025-10-12 11:18:38.696998
"KDXR","Danbury Muni, CT, US",2025-10-12 15:14:00,"2025-10-12 11:14:00","VFR",14.4,8.9,60,13,22,NA,1020.7,"SPECI KDXR 121514Z 06013G22KT 10SM FEW023 14/09 A3014 RMK AO2 T01440089",2025-10-12 15:18:38.703528,2025-10-12 11:18:38.703573
"KDNL","Augusta/Daniel Fld, GA, US",2025-10-12 15:13:00,"2025-10-12 11:13:00","MVFR",17.2,12.2,340,7,NA,NA,1010.6,"SPECI KDNL 121513Z AUTO 34007KT 10SM -RA OVC028 17/12 A2984 RMK AO2 P0000 T01720122",2025-10-12 15:18:38.710032,2025-10-12 11:18:38.710078
"KEEN","Keene/Hopkins Arpt, NH, US",2025-10-12 15:11:00,"2025-10-12 11:11:00","VFR",13,7,30,9,NA,NA,1025.1,"SPECI KEEN 121511Z AUTO 03009KT 10SM SCT024 13/07 A3027 RMK AO2 $",2025-10-12 15:18:38.732188,2025-10-12 11:18:38.732241
"KDPL","Kenansville/Duplin Arpt, NC, US",2025-10-12 15:10:00,"2025-10-12 15:10:00","MVFR",19,19,20,12,19,3.5,1002.5,"METAR KDPL 121510Z AUTO 02012G19KT 3 1/2SM -RA BR OVC010 19/19 A2960 RMK AO2",2025-10-12 15:18:38.739299,2025-10-12 11:18:38.739345
"KEHO","Shelby/Cleveland Cnty, NC, US",2025-10-12 15:05:00,"2025-10-12 15:05:00","VFR",19,11.5,20,8,15,NA,1010.9,"METAR KEHO 121505Z AUTO 02008G15KT 10SM OVC070 19/12 A2985 RMK AO2 T01900115",2025-10-12 15:18:38.746421,2025-10-12 11:18:38.746472
"KDMW","Westminster/Carroll Cnty Rgnl, MD, US",2025-10-12 15:05:00,"2025-10-12 15:05:00","VFR",17,12,60,10,18,NA,1016.3,"METAR KDMW 121505Z AUTO 06010G18KT 10SM SCT029 BKN100 17/12 A3001 RMK AO2",2025-10-12 15:18:38.753363,2025-10-12 11:18:38.753411
"KEDE","Edenton/Northeast Rgnl, NC, US",2025-10-12 15:05:00,"2025-10-12 11:05:00","MVFR",22.2,19.6,60,17,27,NA,1005.2,"METAR KEDE 121505Z AUTO 06017G27KT 10SM OVC017 22/20 A2968 RMK AO2 T02220196",2025-10-12 15:18:38.760104,2025-10-12 11:18:38.760171
"KDUJ","Du Bois Rgnl, PA, US",2025-10-12 15:00:00,"2025-10-12 11:00:00","IFR",12.8,11.7,80,8,NA,4,1019,"SPECI KDUJ 121500Z AUTO 08008KT 4SM BR BKN008 OVC012 13/12 A3009 RMK AO2 CIG 005V011 T01280117 PWINO",2025-10-12 15:18:38.76675,2025-10-12 11:18:38.766795
"KEKY","Bessemer Arpt, AL, US",2025-10-12 14:56:00,"2025-10-12 14:56:00",NA,20.6,11.7,NA,NA,NA,NA,NA,"METAR KEKY 121456Z AUTO CLR 21/12 RMK AO2 SLPNO 6//// T02060117 PWINO RVRNO $",2025-10-12 15:18:38.773299,2025-10-12 11:18:38.773344
"KEGE","Eagle Cnty Rgnl, CO, US",2025-10-12 14:56:00,"2025-10-12 08:56:00","VFR",5.6,2.2,280,7,NA,NA,1017.7,"METAR KEGE 121456Z 28007KT 10SM OVC060 06/02 A3005 RMK AO2 SLP141 60004 T00560022 51029 $",2025-10-12 15:18:38.779926,2025-10-12 11:18:38.779972
"KEAU","Eau Claire/Chippewa Valley Rgnl, WI, US",2025-10-12 14:56:00,"2025-10-12 09:56:00","VFR",12.2,8.9,150,11,NA,NA,1013.3,"METAR KEAU 121456Z 15011KT 10SM FEW036 12/09 A2992 RMK AO2 SLP132 T01220089 55004",2025-10-12 15:18:38.786669,2025-10-12 11:18:38.786713
"KEHR","Henderson City Arpt, KY, US",2025-10-12 14:56:00,"2025-10-12 14:56:00",NA,18.9,12.8,NA,3,NA,NA,1016,"METAR KEHR 121456Z AUTO VRB03KT CLR 19/13 A3000 RMK AO2 SLP159 T01890128 51005 PWINO $",2025-10-12 15:18:38.793435,2025-10-12 11:18:38.793482
"KEKQ","Monticello/Wayne Cnty, KY, US",2025-10-12 14:56:00,"2025-10-12 14:56:00","VFR",17.2,11.7,30,5,NA,NA,1016.3,"METAR KEKQ 121456Z AUTO 03005KT 10SM CLR 17/12 A3001 RMK AO2 SLP156 6//// T01720117 51008 PNO $",2025-10-12 15:18:38.800067,2025-10-12 11:18:38.800115
"KDYR","Dyersburg Rgnl, TN, US",2025-10-12 14:56:00,"2025-10-12 14:56:00","VFR",20,12.8,NA,3,NA,NA,1015.3,"METAR KDYR 121456Z AUTO VRB03KT 10SM CLR 20/13 A2998 RMK AO2 SLP157 T02000128 50007",2025-10-12 15:18:38.80684,2025-10-12 11:18:38.806896
"KDVL","Devils Lake Rgnl, ND, US",2025-10-12 14:56:00,"2025-10-12 09:56:00","IFR",15.6,13.9,150,11,18,NA,993.3,"METAR KDVL 121456Z AUTO 15011G18KT 10SM OVC008 16/14 A2933 RMK AO2 SLP936 T01560139 55013",2025-10-12 15:18:38.813456,2025-10-12 11:18:38.8135
"KDWU","Ashland Rgnl, KY, US",2025-10-12 14:56:00,"2025-10-12 14:56:00","VFR",15,11.1,0,0,NA,NA,1016,"METAR KDWU 121456Z AUTO 00000KT 10SM CLR 15/11 A3000 RMK AO2 SLP159 T01500111 50004",2025-10-12 15:18:38.82004,2025-10-12 11:18:38.820084
"KEAR","Kearney Rgnl, NE, US",2025-10-12 14:56:00,"2025-10-12 09:56:00","VFR",21.7,12.2,180,16,20,NA,1001.8,"METAR KEAR 121456Z AUTO 18016G20KT 10SM CLR 22/12 A2958 RMK AO2 SLP997 T02170122 53003",2025-10-12 15:18:38.826639,2025-10-12 11:18:38.826684
"KEED","Needles Arpt, CA, US",2025-10-12 14:56:00,"2025-10-12 07:56:00","VFR",25,3.3,330,5,NA,NA,1008.2,"METAR KEED 121456Z AUTO 33005KT 10SM CLR 25/03 A2977 RMK AO2 SLP051 T02500033 52016 $",2025-10-12 15:18:38.833197,2025-10-12 11:18:38.833244
"KELZ","Wellsville/Tarantine Fld, NY, US",2025-10-12 14:56:00,"2025-10-12 10:56:00",NA,NA,NA,NA,NA,NA,NA,1021.4,"METAR KELZ 121456Z AUTO A3016 RMK AO2 SLPNO 52006 PWINO FZRANO $",2025-10-12 15:18:38.839677,2025-10-12 11:18:38.839722
"KEKO","Elko Rgnl, NV, US",2025-10-12 14:56:00,"2025-10-12 07:56:00","VFR",0,-2.8,0,0,NA,NA,1017,"METAR KEKO 121456Z AUTO 00000KT 10SM CLR 00/M03 A3003 RMK AO2 SLP170 T00001028 53008 $",2025-10-12 15:18:38.846279,2025-10-12 11:18:38.846325
"KEHA","Elkhart/Morton Cnty, KS, US",2025-10-12 14:55:00,"2025-10-12 14:55:00","VFR",20.9,11.7,230,17,21,NA,1007.2,"METAR KEHA 121455Z AUTO 23017G21KT 10SM CLR 21/12 A2974 RMK AO2 T02090117",2025-10-12 15:18:38.852827,2025-10-12 11:18:38.85287
"KDZB","Marble Falls/Horseshoe Bay Arpt, TX, US",2025-10-12 14:55:00,"2025-10-12 14:55:00","VFR",26,13.2,200,5,NA,NA,1013.3,"METAR KDZB 121455Z AUTO 20005KT 10SM CLR 26/13 A2992 RMK AO2 T02600132",2025-10-12 15:18:38.872014,2025-10-12 11:18:38.872063
"KEBG","Edinburg/S Texas Intl, TX, US",2025-10-12 14:55:00,"2025-10-12 14:55:00","VFR",26,18,150,3,NA,NA,1011.9,"METAR KEBG 121455Z AUTO 15003KT 10SM CLR 26/18 A2988 RMK AO2",2025-10-12 15:18:38.879123,2025-10-12 11:18:38.87919
"KELA","Eagle Lake Arpt, TX, US",2025-10-12 14:55:00,"2025-10-12 09:55:00","VFR",24.9,16.7,180,3,NA,NA,1013,"METAR KELA 121455Z AUTO 18003KT 10SM CLR 25/17 A2991 RMK AO2 T02490167",2025-10-12 15:18:38.886147,2025-10-12 11:18:38.886219
"KEDW","Edwards AFB, CA, US",2025-10-12 14:55:00,"2025-10-12 07:55:00","VFR",9.4,0.6,0,0,NA,NA,1011.6,"METAR KEDW 121455Z AUTO 00000KT 10SM CLR 09/01 A2987 RMK AO2 SLP108 T00940006 52010 $",2025-10-12 15:18:38.893164,2025-10-12 11:18:38.893215
"KDNS","Denison Muni, IA, US",2025-10-12 14:55:00,"2025-10-12 09:55:00","VFR",19,14,160,16,28,NA,1005.2,"METAR KDNS 121455Z AUTO 16016G28KT 10SM CLR 19/14 A2968 RMK AO2",2025-10-12 15:18:38.899739,2025-10-12 11:18:38.899786
"KDUC","Duncan/Halliburton Fld, OK, US",2025-10-12 14:55:00,"2025-10-12 09:55:00","VFR",24,12,190,11,NA,NA,1010.9,"METAR KDUC 121455Z AUTO 19011KT 10SM CLR 24/12 A2985 RMK AO2",2025-10-12 15:18:38.906426,2025-10-12 11:18:38.906473
"KE16","San Martin Arpt, CA, US",2025-10-12 14:55:00,"2025-10-12 14:55:00","VFR",8,8,360,3,NA,NA,1015.3,"METAR KE16 121455Z AUTO 36003KT 10SM CLR 08/08 A2998 RMK AO2",2025-10-12 15:18:38.913111,2025-10-12 11:18:38.913175
"KDYS","Abilene/Dyess AFB, TX, US",2025-10-12 14:55:00,"2025-10-12 09:55:00","VFR",23.9,11.9,190,15,NA,NA,1010.2,"METAR KDYS 121455Z AUTO 19015KT 10SM CLR 24/12 A2983 RMK AO2 SLP079 T02390119 53005",2025-10-12 15:18:38.919745,2025-10-12 11:18:38.919791
"KEAN","Wheatland/Phifer Fld, WY, US",2025-10-12 14:55:00,"2025-10-12 08:55:00","VFR",10.7,-2,280,13,22,NA,1009.9,"METAR KEAN 121455Z AUTO 28013G22KT 10SM CLR 11/M02 A2982 RMK AO2 T01071020",2025-10-12 15:18:38.926338,2025-10-12 11:18:38.926384
"KEMM","Kemmerer Muni, WY, US",2025-10-12 14:55:00,"2025-10-12 08:55:00",NA,0,-2,290,14,NA,NA,1016.3,"METAR KEMM 121455Z AUTO 29014KT 10SM 00/M02 A3001 RMK AO2",2025-10-12 15:18:38.932906,2025-10-12 11:18:38.932952
"KECU","Rocksprings/Edwards Cnty, TX, US",2025-10-12 14:55:00,"2025-10-12 14:55:00","VFR",22,14,170,12,NA,NA,1015.3,"METAR KECU 121455Z AUTO 17012KT 10SM CLR 22/14 A2998 RMK AO2",2025-10-12 15:18:38.939514,2025-10-12 11:18:38.93956
"KDVO","Novato/Gnoss Fld, CA, US",2025-10-12 14:55:00,"2025-10-12 07:55:00","VFR",NA,NA,0,0,NA,NA,1014.3,"METAR KDVO 121455Z AUTO 00000KT 10SM CLR A2995 RMK AO2",2025-10-12 15:18:38.946082,2025-10-12 11:18:38.946128
"KE11","Andrews Cnty, TX, US",2025-10-12 14:55:00,"2025-10-12 14:55:00","VFR",23,9.5,210,7,NA,NA,1011.9,"METAR KE11 121455Z AUTO 21007KT 10SM SCT120 23/10 A2988 RMK AO2 T02300095",2025-10-12 15:18:38.952724,2025-10-12 11:18:38.952769
"KDOV","Dover AFB, DE, US",2025-10-12 14:55:00,"2025-10-12 10:55:00","MVFR",16.8,14.3,40,15,25,NA,1013.3,"METAR KDOV 121455Z AUTO 04015G25KT 10SM -RA BKN018 BKN024 17/14 A2992 RMK AO2 CIG 018V024 SLP135 P0001 60002 T01680143 52007",2025-10-12 15:18:38.959324,2025-10-12 11:18:38.959371
"KDRP","Colt/Delta Rgnl, AR, US",2025-10-12 14:55:00,"2025-10-12 14:55:00","VFR",22,16,0,0,NA,NA,1014,"METAR KDRP 121455Z AUTO 00000KT 10SM CLR 22/16 A2994 RMK AO2",2025-10-12 15:18:38.965868,2025-10-12 11:18:38.965913
"KDWA","Davis/Yolo Cnty, CA, US",2025-10-12 14:55:00,"2025-10-12 14:55:00","VFR",14,5,330,9,NA,NA,1014,"METAR KDWA 121455Z AUTO 33009KT 10SM CLR 14/05 A2994 RMK AO2",2025-10-12 15:18:38.972754,2025-10-12 11:18:38.9728
"KE01","Monahans/Hurd Mem, TX, US",2025-10-12 14:55:00,"2025-10-12 09:55:00","VFR",24,11,280,6,NA,NA,1011.6,"METAR KE01 121455Z AUTO 28006KT 10SM CLR 24/11 A2987 RMK AO2",2025-10-12 15:18:38.979599,2025-10-12 11:18:38.979647
"KE77","San Manuel Arpt, AZ, US",2025-10-12 14:55:00,"2025-10-12 14:55:00","VFR",22,19,140,8,NA,NA,1013,"METAR KE77 121455Z AUTO 14008KT 10SM CLR 22/19 A2991 RMK AO2",2025-10-12 15:18:38.986421,2025-10-12 11:18:38.986467
"KEDU","Davis/University Arpt, CA, US",2025-10-12 14:55:00,"2025-10-12 14:55:00","VFR",14,4,0,0,NA,NA,1014,"METAR KEDU 121455Z AUTO 00000KT 10SM CLR 14/04 A2994 RMK AO1",2025-10-12 15:18:38.993175,2025-10-12 11:18:38.993226
"KEAT","Wenatchee/Pangborn Mem, WA, US",2025-10-12 14:55:00,"2025-10-12 07:55:00","VFR",10.6,1.7,320,9,NA,NA,1008.9,"METAR KEAT 121455Z AUTO 32009KT 10SM OVC060 11/02 A2979 RMK AO2 SLP089 T01060017 53003",2025-10-12 15:18:39.011978,2025-10-12 11:18:39.012044
"KEGI","Eglin AFB/Duke Fld, FL, US",2025-10-12 14:55:00,"2025-10-12 09:55:00","VFR",21.6,13.2,0,0,NA,NA,1012.3,"METAR KEGI 121455Z AUTO 00000KT 10SM FEW230 22/13 A2989 RMK AO2 SLP122 T02160132 50010 $",2025-10-12 15:18:39.01964,2025-10-12 11:18:39.019686
"KDNV","Danville/Vermillion Rgnl, IL, US",2025-10-12 14:55:00,"2025-10-12 09:55:00","MVFR",15.6,8.8,110,5,NA,3,1017.4,"METAR KDNV 121455Z AUTO 11005KT 3SM CLR 16/09 A3004 RMK AO2 T01560088",2025-10-12 15:18:39.02661,2025-10-12 11:18:39.026658
"KDUA","Durant/Eaker Fld, OK, US",2025-10-12 14:55:00,"2025-10-12 09:55:00","VFR",24,17,NA,6,NA,NA,1013,"METAR KDUA 121455Z AUTO VRB06KT 10SM CLR 24/17 A2991 RMK AO2",2025-10-12 15:18:39.033791,2025-10-12 11:18:39.033836
"KDYB","Summerville Arpt, SC, US",2025-10-12 14:55:00,"2025-10-12 14:55:00","IFR",17,17,310,8,13,1.25,1006.2,"METAR KDYB 121455Z AUTO 31008G13KT 1 1/4SM RA BR BKN006 OVC011 17/17 A2971 RMK AO2 P0032",2025-10-12 15:18:39.040333,2025-10-12 11:18:39.040378
"KECS","Newcastle/Mondell Arpt, WY, US",2025-10-12 14:55:00,"2025-10-12 08:55:00","MVFR",6,2,270,5,NA,NA,1008.5,"METAR KECS 121455Z AUTO 27005KT 10SM OVC017 06/02 A2978 RMK AO2",2025-10-12 15:18:39.047072,2025-10-12 11:18:39.047119
"KEGT","Wellington Muni, KS, US",2025-10-12 14:55:00,"2025-10-12 14:55:00","VFR",23.5,12.4,180,9,NA,NA,1007.9,"METAR KEGT 121455Z AUTO 18009KT 10SM BKN100 23/12 A2976 RMK AO2 T02350124",2025-10-12 15:18:39.053686,2025-10-12 11:18:39.053732
"KEIK","Erie Muni, CO, US",2025-10-12 14:55:00,"2025-10-12 14:55:00","VFR",15,3.6,230,16,NA,8,1007.5,"METAR KEIK 121455Z AUTO 23016KT 8SM CLR 15/04 A2975 RMK AO2 T01500036",2025-10-12 15:18:39.060276,2025-10-12 11:18:39.060323
"KDMA","Tucson/Davis AFB, AZ, US",2025-10-12 14:55:00,"2025-10-12 07:55:00","VFR",22.7,18.8,0,0,NA,NA,1010.2,"METAR KDMA 121455Z AUTO 00000KT 10SM CLR 23/19 A2983 RMK AO2 SLP106 T02270188 51002 $",2025-10-12 15:18:39.066913,2025-10-12 11:18:39.066959
"KDSM","Des Moines Intl, IA, US",2025-10-12 14:54:00,"2025-10-12 09:54:00","VFR",15.6,12.2,130,13,NA,NA,1009.9,"METAR KDSM 121454Z 13013KT 10SM BKN180 16/12 A2982 RMK AO2 SLP096 T01560122 58008",2025-10-12 15:18:39.073709,2025-10-12 11:18:39.073755
"KDYL","Doylestown Arpt, PA, US",2025-10-12 14:54:00,"2025-10-12 10:54:00","VFR",16.1,9.4,50,9,22,NA,1017.4,"METAR KDYL 121454Z AUTO 05009G22KT 040V120 10SM CLR 16/09 A3004 RMK AO2 SLP170 T01610094 50002",2025-10-12 15:18:39.080329,2025-10-12 11:18:39.080375
"KDSV","Dansville Muni, NY, US",2025-10-12 14:54:00,"2025-10-12 10:54:00","VFR",16.7,11.7,0,0,NA,NA,1021.1,"METAR KDSV 121454Z AUTO 00000KT 10SM CLR 17/12 A3015 RMK AO2 SLP220 T01670117 50005",2025-10-12 15:18:39.086877,2025-10-12 11:18:39.086922
"KECG","Elizabeth City Rgnl, NC, US",2025-10-12 14:54:00,"2025-10-12 10:54:00","MVFR",21.1,18.3,50,27,41,NA,1004.8,"METAR KECG 121454Z 05027G41KT 10SM BKN015 OVC021 21/18 A2967 RMK AO2 PK WND 05041/1437 SLP046 60001 T02110183 58003",2025-10-12 15:18:39.093487,2025-10-12 11:18:39.093533
"KEFD","Houston/Ellington Arpt, TX, US",2025-10-12 14:54:00,"2025-10-12 09:54:00","VFR",26,18,0,0,NA,NA,1012.6,"METAR KEFD 121454Z 00000KT 10SM CLR 26/18 A2990",2025-10-12 15:18:39.100035,2025-10-12 11:18:39.10008
"KDVT","Phoenix/Deer Valley Arpt, AZ, US",2025-10-12 14:53:00,"2025-10-12 07:53:00","VFR",20.6,19.4,150,3,NA,NA,1007.5,"METAR KDVT 121453Z 15003KT 10SM SCT070 BKN100 21/19 A2975 RMK AO2 LTG DSNT E AND SE RAE22 TSE11 SLP054 P0033 60126 T02060194 50004 $",2025-10-12 15:18:39.106578,2025-10-12 11:18:39.106623
"KEMP","Emporia Muni, KS, US",2025-10-12 14:53:00,"2025-10-12 09:53:00","VFR",21.7,15,180,17,26,NA,1007.9,"METAR KEMP 121453Z AUTO 18017G26KT 10SM CLR 22/15 A2976 RMK AO2 PK WND 18027/1411 SLP071 T02170150 58005",2025-10-12 15:18:39.113121,2025-10-12 11:18:39.113187
"KDLN","Dillon Arpt, MT, US",2025-10-12 14:53:00,"2025-10-12 08:53:00","VFR",3.9,-0.6,220,10,NA,NA,1009.9,"METAR KDLN 121453Z AUTO 22010KT 10SM OVC070 04/M01 A2982 RMK AO2 SLP089 6//// T00391006 53017 $",2025-10-12 15:18:39.119703,2025-10-12 11:18:39.119757
"KDMN","Deming Muni, NM, US",2025-10-12 14:53:00,"2025-10-12 08:53:00","VFR",19.4,17.2,200,4,NA,NA,1014.6,"METAR KDMN 121453Z AUTO 20004KT 10SM CLR 19/17 A2996 RMK AO2 SLP084 T01940172 52006",2025-10-12 15:18:39.126269,2025-10-12 11:18:39.126314
"KDMO","Sedalia Mem, MO, US",2025-10-12 14:53:00,"2025-10-12 09:53:00","VFR",18.9,13.9,160,11,NA,NA,1012.6,"METAR KDMO 121453Z AUTO 16011KT 10SM CLR 19/14 A2990 RMK AO2 SLP120 T01890139 50002",2025-10-12 15:18:39.132863,2025-10-12 11:18:39.132909
"KEET","Alabaster/Shelby Cnty, AL, US",2025-10-12 14:53:00,"2025-10-12 14:53:00","VFR",22.2,11.1,0,0,NA,NA,1013.3,"METAR KEET 121453Z AUTO 00000KT 10SM CLR 22/11 A2992 RMK AO2 SLP129 60000 T02220111 50004",2025-10-12 15:18:39.139558,2025-10-12 11:18:39.139606
"KDRO","Durango/La Plata Cnty, CO, US",2025-10-12 14:53:00,"2025-10-12 08:53:00","VFR",11.1,8.3,NA,4,NA,NA,1016.3,"METAR KDRO 121453Z AUTO VRB04KT 10SM BKN065 11/08 A3001 RMK AO2 RAE05 SLP112 P0000 60001 T01110083 53012",2025-10-12 15:18:39.159496,2025-10-12 11:18:39.159544
"KDTO","Denton Muni, TX, US",2025-10-12 14:53:00,"2025-10-12 14:53:00","VFR",24.4,13.9,200,10,NA,NA,1011.9,"METAR KDTO 121453Z 20010KT 10SM CLR 24/14 A2988 RMK AO2 SLP110 T02440139 53009",2025-10-12 15:18:39.166553,2025-10-12 11:18:39.166601
"KDRT","Del Rio Intl, TX, US",2025-10-12 14:53:00,"2025-10-12 09:53:00","VFR",23.3,16.1,130,13,NA,NA,1011.3,"METAR KDRT 121453Z AUTO 13013KT 10SM CLR 23/16 A2986 RMK AO2 SLP102 T02330161 52005",2025-10-12 15:18:39.173653,2025-10-12 11:18:39.173701
"KDRA","Mercury/Desert Rock, NV, US",2025-10-12 14:53:00,"2025-10-12 07:53:00","VFR",12.8,-4.4,40,15,NA,NA,1013.6,"METAR KDRA 121453Z AUTO 04015KT 10SM CLR 13/M04 A2993 RMK AO2 SLP102 T01281044 53008",2025-10-12 15:18:39.180308,2025-10-12 11:18:39.180365
"KDTW","Detroit/Metro Wayne Cnty, MI, US",2025-10-12 14:53:00,"2025-10-12 10:53:00","VFR",15.6,11.7,60,6,NA,NA,1019,"METAR KDTW 121453Z 06006KT 10SM FEW010 FEW025 SCT250 16/12 A3009 RMK AO2 SLP190 T01560117 51004 $",2025-10-12 15:18:39.187045,2025-10-12 11:18:39.187091
"KDTS","Destin Arpt, FL, US",2025-10-12 14:53:00,"2025-10-12 09:53:00","VFR",22.8,13.9,100,3,NA,NA,1012.3,"METAR KDTS 121453Z 10003KT 10SM CLR 23/14 A2989 RMK AO2 SLP122 T02280139 50010",2025-10-12 15:18:39.193672,2025-10-12 11:18:39.193718
"KECP","Panama City/NW Florida Beaches Intl, FL, US",2025-10-12 14:53:00,"2025-10-12 09:53:00","VFR",22.2,16.1,350,3,NA,NA,1011.9,"METAR KECP 121453Z 35003KT 10SM CLR 22/16 A2988 RMK AO2 SLP131 T02220161 51011",2025-10-12 15:18:39.20034,2025-10-12 11:18:39.200386
"KELD","El Dorado/S Arkansas Rgnl, AR, US",2025-10-12 14:53:00,"2025-10-12 09:53:00","VFR",22.2,15,160,5,NA,NA,1014.3,"METAR KELD 121453Z AUTO 16005KT 10SM FEW065 22/15 A2995 RMK AO2 SLP137 T02220150 51010 $",2025-10-12 15:18:39.206917,2025-10-12 11:18:39.206963
"KELN","Ellensburg/Bowers Fld, WA, US",2025-10-12 14:53:00,"2025-10-12 07:53:00","VFR",7.2,1.1,130,3,NA,NA,1010.2,"METAR KELN 121453Z AUTO 13003KT 10SM SCT120 07/01 A2983 RMK AO2 SLP106 T00720011 53003",2025-10-12 15:18:39.213511,2025-10-12 11:18:39.213557
"KELM","Elmira-Corning Rgnl, NY, US",2025-10-12 14:53:00,"2025-10-12 10:53:00","VFR",15.6,11.1,70,9,NA,NA,1021.1,"METAR KELM 121453Z 07009KT 10SM FEW017 SCT023 16/11 A3015 RMK AO2 SLP208 T01560111 51001",2025-10-12 15:18:39.220225,2025-10-12 11:18:39.220272
"KELY","Ely/Yelland Fld, NV, US",2025-10-12 14:53:00,"2025-10-12 07:53:00","VFR",0,-3.3,170,7,NA,NA,1018,"METAR KELY 121453Z AUTO 17007KT 10SM CLR 00/M03 A3006 RMK AO2 SLP164 T00001033 53007 $",2025-10-12 15:18:39.226825,2025-10-12 11:18:39.22687
"KDTN","Shreveport/Downtown Arpt, LA, US",2025-10-12 14:53:00,"2025-10-12 09:53:00","VFR",24.4,15.6,140,4,NA,NA,1013.6,"METAR KDTN 121453Z AUTO 14004KT 10SM FEW060 24/16 A2993 RMK AO2 SLP133 T02440156 51010",2025-10-12 15:18:39.233514,2025-10-12 11:18:39.23356
"KDWH","Houston/Hooks Mem, TX, US",2025-10-12 14:53:00,"2025-10-12 09:53:00","VFR",25,17.2,0,0,NA,NA,1013.3,"METAR KDWH 121453Z 00000KT 10SM CLR 25/17 A2992 RMK AO2 SLP128 T02500172 53011 $",2025-10-12 15:18:39.240036,2025-10-12 11:18:39.240082
"KEEO","Meeker Arpt, CO, US",2025-10-12 14:53:00,"2025-10-12 14:53:00","VFR",3.9,2.2,0,0,NA,NA,1017.4,"METAR KEEO 121453Z AUTO 00000KT 10SM FEW046 SCT095 04/02 A3004 RMK AO2 SLP137 60000 T00390022 53019",2025-10-12 15:18:39.246594,2025-10-12 11:18:39.246639
"KDVN","Davenport Muni, IA, US",2025-10-12 14:52:00,"2025-10-12 09:52:00","VFR",15.6,8.9,130,10,16,NA,1015.3,"METAR KDVN 121452Z AUTO 13010G16KT 10SM CLR 16/09 A2998 RMK AO2 SLP148 T01560089 58004",2025-10-12 15:18:39.253229,2025-10-12 11:18:39.253275
"KDPA","Dupage Cnty Arpt, IL, US",2025-10-12 14:52:00,"2025-10-12 09:52:00","VFR",15,8.9,140,7,NA,NA,1017,"METAR KDPA 121452Z AUTO 14007KT 10SM CLR 15/09 A3003 RMK AO2 SLP171 60000 T01500089 58001",2025-10-12 15:18:39.259814,2025-10-12 11:18:39.25986
"KEKN","Elkins Arpt, WV, US",2025-10-12 14:51:00,"2025-10-12 10:51:00","MVFR",15,11.7,130,3,NA,NA,1015.3,"METAR KEKN 121451Z AUTO 13003KT 10SM OVC030 15/12 A2998 RMK AO2 SLP156 T01500117 58006 $",2025-10-12 15:18:39.266467,2025-10-12 11:18:39.266512
"KELP","El Paso Intl, TX, US",2025-10-12 14:51:00,"2025-10-12 08:51:00","VFR",19.4,18.9,210,7,NA,NA,1014.3,"METAR KELP 121451Z 21007KT 10SM FEW005 BKN080 OVC120 19/19 A2995 RMK AO2 RAE45 SLP082 MTNS PTLY OBSCD SW-NW P0000 60001 T01940189 53009 $",2025-10-12 15:18:39.273033,2025-10-12 11:18:39.273079
"KDVK","Danville/Powell Fld, KY, US",2025-10-12 14:50:00,"2025-10-12 14:50:00","VFR",17,11,0,0,NA,NA,1016,"METAR KDVK 121450Z AUTO 00000KT 10SM CLR 17/11 A3000 RMK AO2",2025-10-12 15:18:39.279623,2025-10-12 11:18:39.279671
"KEKS","Ennis/Big Sky Arpt, MT, US",2025-10-12 14:50:00,"2025-10-12 14:50:00","VFR",3,-1,140,10,NA,NA,1011.9,"METAR KEKS 121450Z AUTO 14010KT 10SM FEW050 BKN060 OVC070 03/M01 A2988 RMK AO2",2025-10-12 15:18:39.298972,2025-10-12 11:18:39.299019
"KEMT","El Monte Arpt, CA, US",2025-10-12 14:45:00,"2025-10-12 07:45:00","VFR",15,13,0,0,NA,NA,1008.5,"METAR KEMT 121445Z 00000KT 10SM CLR 15/13 A2978",2025-10-12 15:18:39.3058,2025-10-12 11:18:39.305847
"KF70","Murrieta/French Valley Arpt, CA, US",2025-10-12 15:15:00,"2025-10-12 08:15:00","VFR",14,13,0,0,NA,NA,1009.2,"METAR KF70 121515Z AUTO 00000KT 10SM CLR 14/13 A2980 RMK AO2",2025-10-12 15:18:40.93312,2025-10-12 11:18:40.933183
"KERV","Kerrville Muni, TX, US",2025-10-12 15:15:00,"2025-10-12 10:15:00","VFR",23.2,14.8,190,9,NA,NA,1014.3,"METAR KERV 121515Z AUTO 19009KT 10SM CLR 23/15 A2995 RMK AO2 T02320148",2025-10-12 15:18:40.939796,2025-10-12 11:18:40.93984
"KFDW","Winnsboro/Fairfield Cnty, SC, US",2025-10-12 15:15:00,"2025-10-12 15:15:00","VFR",16,15,340,6,NA,NA,1008.5,"METAR KFDW 121515Z AUTO 34006KT 10SM SCT055 SCT065 OVC085 16/15 A2978 RMK AO1",2025-10-12 15:18:40.946326,2025-10-12 11:18:40.94637
"KFBR","Fort Bridger Arpt, WY, US",2025-10-12 15:15:00,"2025-10-12 09:15:00","VFR",1,0,270,11,NA,NA,1018,"METAR KFBR 121515Z AUTO 27011KT 10SM CLR 01/00 A3006 RMK AO2 T00100000",2025-10-12 15:18:40.9528,2025-10-12 11:18:40.952845
"KEZS","Shawano Muni, WI, US",2025-10-12 15:15:00,"2025-10-12 15:15:00",NA,15,9.4,130,5,NA,NA,1017.7,"METAR KEZS 121515Z AUTO 13005KT 10SM 15/09 A3005 RMK AO2 T01500094",2025-10-12 15:18:40.959368,2025-10-12 11:18:40.959416
"KETB","West Bend Muni, WI, US",2025-10-12 15:15:00,"2025-10-12 10:15:00","MVFR",16,12,140,8,NA,NA,1017.7,"METAR KETB 121515Z AUTO 14008KT 10SM OVC026 16/12 A3005 RMK AO2",2025-10-12 15:18:40.965957,2025-10-12 11:18:40.966003
"KEOE","Newberry Muni, SC, US",2025-10-12 15:15:00,"2025-10-12 15:15:00","VFR",18,11,330,9,16,NA,1010.9,"METAR KEOE 121515Z AUTO 33009G16KT 10SM SCT036 BKN046 BKN050 18/11 A2985 RMK AO2",2025-10-12 15:18:40.972671,2025-10-12 11:18:40.972715
"KENL","Centralia Muni, IL, US",2025-10-12 15:15:00,"2025-10-12 10:15:00","VFR",22.1,11.2,130,5,NA,NA,1015.7,"METAR KENL 121515Z AUTO 13005KT 10SM CLR 22/11 A2999 RMK AO2 T02210112",2025-10-12 15:18:40.979214,2025-10-12 11:18:40.97926
"KEVU","Maryville/NW Missouri Rgnl, MO, US",2025-10-12 15:15:00,"2025-10-12 15:15:00","VFR",22,15.9,170,14,18,NA,1007.9,"METAR KEVU 121515Z AUTO 17014G18KT 10SM CLR 22/16 A2976 RMK AO2 T02200159",2025-10-12 15:18:40.985763,2025-10-12 11:18:40.985811
"KERY","Newberry/Luce Cnty, MI, US",2025-10-12 15:15:00,"2025-10-12 15:15:00","MVFR",13,11,160,14,NA,NA,1019.7,"METAR KERY 121515Z AUTO 16014KT 10SM OVC013 13/11 A3011 RMK AO2",2025-10-12 15:18:40.992354,2025-10-12 11:18:40.992401
"KEQA","El Dorado/Thomas Mem, KS, US",2025-10-12 15:15:00,"2025-10-12 10:15:00","VFR",26,12,180,17,22,NA,1008.2,"METAR KEQA 121515Z AUTO 18017G22KT 10SM CLR 26/12 A2977 RMK AO2",2025-10-12 15:18:40.998905,2025-10-12 11:18:40.998952
"KF46","Rockwall Muni, TX, US",2025-10-12 15:15:00,"2025-10-12 15:15:00","VFR",24.2,14.5,220,7,NA,NA,1012.6,"METAR KF46 121515Z AUTO 22007KT 10SM CLR 24/15 A2990 RMK AO2 T02420145",2025-10-12 15:18:41.005472,2025-10-12 11:18:41.005518
"KFGX","Flemingsburg Arpt, KY, US",2025-10-12 15:15:00,"2025-10-12 15:15:00","VFR",16.7,10.3,0,0,NA,NA,1016.3,"METAR KFGX 121515Z AUTO 00000KT 10SM CLR 17/10 A3001 RMK AO2 T01670103",2025-10-12 15:18:41.024772,2025-10-12 11:18:41.024822
"KFFM","Fergus Falls/Mickelson Fld, MN, US",2025-10-12 15:15:00,"2025-10-12 10:15:00","VFR",16,15,150,24,31,NA,999.7,"METAR KFFM 121515Z AUTO 15024G31KT 10SM FEW015 OVC070 16/15 A2952 RMK AO2",2025-10-12 15:18:41.031868,2025-10-12 11:18:41.031915
"KEZM","Eastman/Heart Of Georgia Arpt, GA, US",2025-10-12 15:15:00,"2025-10-12 15:15:00","VFR",17,12,0,0,NA,NA,1012.3,"METAR KEZM 121515Z AUTO 00000KT 10SM SCT120 17/12 A2989 RMK AO2",2025-10-12 15:18:41.038866,2025-10-12 11:18:41.038913
"KEMV","Emporia Muni, VA, US",2025-10-12 15:15:00,"2025-10-12 15:15:00","IFR",18.6,18,20,4,NA,2.5,1008.5,"METAR KEMV 121515Z AUTO 02004KT 2 1/2SM -RA BKN008 OVC011 19/18 A2978 RMK AO2 VIS 1 1/2V4 P0001 T01860180",2025-10-12 15:18:41.045577,2025-10-12 11:18:41.04562
"KEZZ","Cameron Arpt, MO, US",2025-10-12 15:15:00,"2025-10-12 15:15:00","VFR",20,14,160,12,NA,NA,1011.3,"METAR KEZZ 121515Z AUTO 16012KT 10SM CLR 20/14 A2986 RMK AO2",2025-10-12 15:18:41.052229,2025-10-12 11:18:41.052278
"KF05","Vernon/Wilbarger Cnty, TX, US",2025-10-12 15:15:00,"2025-10-12 10:15:00","VFR",26.9,9.5,200,12,16,NA,1009.9,"METAR KF05 121515Z AUTO 20012G16KT 10SM SCT100 27/10 A2982 RMK AO2 T02690095",2025-10-12 15:18:41.058897,2025-10-12 11:18:41.058945
"KF17","Center Muni, TX, US",2025-10-12 15:15:00,"2025-10-12 15:15:00","VFR",23,14,250,3,NA,NA,1014,"METAR KF17 121515Z AUTO 25003KT 10SM CLR 23/14 A2994 RMK AO2",2025-10-12 15:18:41.065552,2025-10-12 11:18:41.065598
"KEVM","Eveleth Muni, MN, US",2025-10-12 15:15:00,"2025-10-12 10:15:00","MVFR",12.3,9.4,150,10,15,NA,1008.9,"METAR KEVM 121515Z AUTO 15010G15KT 10SM OVC016 12/09 A2979 RMK AO2 T01230094",2025-10-12 15:18:41.072424,2025-10-12 11:18:41.07247
"KFKN","Franklin/Rose Arpt, VA, US",2025-10-12 15:15:00,"2025-10-12 11:15:00","MVFR",20.2,16.5,50,15,31,NA,1007.5,"METAR KFKN 121515Z AUTO 05015G31KT 10SM OVC018 20/17 A2975 RMK AO2 T02020165",2025-10-12 15:18:41.079022,2025-10-12 11:18:41.079068
"KF44","Athens Muni, TX, US",2025-10-12 15:15:00,"2025-10-12 15:15:00","VFR",25,16,230,3,NA,NA,1013,"METAR KF44 121515Z AUTO 23003KT 10SM CLR 25/16 A2991 RMK AO2",2025-10-12 15:18:41.0856,2025-10-12 11:18:41.085646
"KFBL","Faribault Muni, MN, US",2025-10-12 15:15:00,"2025-10-12 10:15:00","VFR",16,10,160,12,16,NA,1009.6,"METAR KFBL 121515Z AUTO 16012G16KT 10SM CLR 16/10 A2981 RMK AO2",2025-10-12 15:18:41.092136,2025-10-12 11:18:41.092205
"KFKA","Preston/Fillmore Cnty, MN, US",2025-10-12 15:15:00,"2025-10-12 15:15:00","VFR",14,12,160,13,19,NA,1011.9,"METAR KFKA 121515Z AUTO 16013G19KT 10SM CLR 14/12 A2988 RMK AO2",2025-10-12 15:18:41.098688,2025-10-12 11:18:41.098735
"KFFX","Fremont Muni, MI, US",2025-10-12 15:15:00,"2025-10-12 15:15:00","VFR",11,9,110,6,NA,NA,1019.4,"METAR KFFX 121515Z AUTO 11006KT 10SM CLR 11/09 A3010 RMK AO2",2025-10-12 15:18:41.105258,2025-10-12 11:18:41.105305
"KFKS","Frankfort/Dow Mem, MI, US",2025-10-12 15:15:00,"2025-10-12 15:15:00","VFR",14,9,130,8,NA,NA,1019.4,"METAR KFKS 121515Z AUTO 13008KT 10SM CLR 14/09 A3010 RMK AO2",2025-10-12 15:18:41.111811,2025-10-12 11:18:41.111858
"KFFZ","Mesa/Falcon Fld, AZ, US",2025-10-12 15:14:00,"2025-10-12 08:14:00","IFR",21.1,19.4,NA,4,NA,2.5,1008.2,"SPECI KFFZ 121514Z VRB04KT 2 1/2SM -TSRA BR FEW001 BKN025 OVC034 21/19 A2977 RMK AO2 LTG DSNT E-SW TSB02 P0013 T02110194 $",2025-10-12 15:18:41.11847,2025-10-12 11:18:41.118517
"KFLD","Fond Du Lac Cnty Arpt, WI, US",2025-10-12 15:14:00,"2025-10-12 10:14:00","MVFR",16.1,8.9,130,14,18,NA,1017.4,"SPECI KFLD 121514Z AUTO 13014G18KT 10SM OVC028 16/09 A3004 RMK AO2 T01610089",2025-10-12 15:18:41.124998,2025-10-12 11:18:41.125045
"KERI","Erie Intl, PA, US",2025-10-12 15:13:00,"2025-10-12 11:13:00","MVFR",15.6,11.1,40,7,NA,NA,1019.4,"SPECI KERI 121513Z 04007KT 10SM BKN024 BKN030 BKN080 16/11 A3010 RMK AO2 T01560111",2025-10-12 15:18:41.131562,2025-10-12 11:18:41.131606
"KETH","Wheaton Muni, MN, US",2025-10-12 15:13:00,"2025-10-12 15:13:00","VFR",17,14,150,16,28,NA,999.4,"METAR KETH 121513Z AUTO 15016G28KT 10SM SCT090 17/14 A2951 RMK AO2",2025-10-12 15:18:41.138081,2025-10-12 11:18:41.138127
"KFBG","Fort Bragg/Simmons AAF, NC, US",2025-10-12 15:11:00,"2025-10-12 11:11:00","MVFR",20,18,10,11,17,NA,1003.8,"SPECI KFBG 121511Z AUTO 01011G17KT 10SM BKN010 OVC015 20/18 A2964 RMK AO2 RAB1455E1456 SLP039 $",2025-10-12 15:18:41.144661,2025-10-12 11:18:41.144707
"KFAR","Fargo/Hector Intl, ND, US",2025-10-12 15:11:00,"2025-10-12 10:11:00","MVFR",16.7,14.4,150,17,30,NA,997,"SPECI KFAR 121511Z 15017G30KT 10SM BKN015 BKN020 17/14 A2944 RMK AO2 PK WND 15040/1455 T01670144 $",2025-10-12 15:18:41.163672,2025-10-12 11:18:41.16372
"KFFA","First Flight Airport, NC, US",2025-10-12 15:10:00,"2025-10-12 11:10:00","MVFR",NA,NA,50,11,21,5,1003.8,"METAR KFFA 121510Z AUTO 05011G21KT 010V080 5SM SCT013 OVC047 A2964 RMK AO2",2025-10-12 15:18:41.17064,2025-10-12 11:18:41.170686
"KFME","Fort Meade/Tipton Fld, MD, US",2025-10-12 15:09:00,"2025-10-12 11:09:00","MVFR",16,12,40,8,17,NA,1016,"METAR KFME 121509Z AUTO 04008G17KT 350V080 10SM OVC024 16/12 A3000 RMK AO1",2025-10-12 15:18:41.177575,2025-10-12 11:18:41.177623
"KEWN","New Bern/Coastal Carolina Rgnl, NC, US",2025-10-12 15:09:00,"2025-10-12 11:09:00","MVFR",20,18.9,40,17,28,3,1002.1,"SPECI KEWN 121509Z 04017G28KT 3SM -RA BR BKN010 BKN017 OVC022 20/19 A2959 RMK AO2 PK WND 05028/1507 P0000 T02000189",2025-10-12 15:18:41.184355,2025-10-12 11:18:41.184398
"KFMH","Otis ANGB, MA, US",2025-10-12 15:06:00,"2025-10-12 11:06:00","MVFR",15,13,50,19,25,NA,1021.4,"SPECI KFMH 121506Z 05019G25KT 10SM -RA OVC011 15/13 A3016",2025-10-12 15:18:41.190858,2025-10-12 11:18:41.190906
"KEXX","Lexington/Davidson Cnty, NC, US",2025-10-12 15:05:00,"2025-10-12 15:05:00","MVFR",18.6,15.1,20,10,18,NA,1009.6,"METAR KEXX 121505Z AUTO 02010G18KT 290V070 10SM OVC019 19/15 A2981 RMK AO2 T01860151",2025-10-12 15:18:41.197561,2025-10-12 11:18:41.197608
"KEYF","Elizabethtown/Brown Fld, NC, US",2025-10-12 15:05:00,"2025-10-12 15:05:00","IFR",18.9,18.4,360,8,17,2.5,1002.8,"METAR KEYF 121505Z AUTO 36008G17KT 2 1/2SM -RA BR OVC008 19/18 A2961 RMK AO2 P0001 T01890184",2025-10-12 15:18:41.204024,2025-10-12 11:18:41.204069
"KETC","Tarboro/Edgecombe Arpt, NC, US",2025-10-12 15:05:00,"2025-10-12 15:05:00",NA,19.8,18.1,40,11,19,5,1005.5,"METAR KETC 121505Z AUTO 04011G19KT 5SM RA BR 20/18 A2969 RMK AO2 T01980181",2025-10-12 15:18:41.210483,2025-10-12 11:18:41.21053
"KFLO","Florence Rgnl, SC, US",2025-10-12 15:04:00,"2025-10-12 11:04:00","IFR",17.8,16.7,330,14,22,3,1005.2,"SPECI KFLO 121504Z 33014G22KT 3SM -RA BR OVC008 18/17 A2968 RMK AO2 P0000 T01780167",2025-10-12 15:18:41.216924,2025-10-12 11:18:41.216968
"KFIG","Clearfield/Lawrence Arpt, PA, US",2025-10-12 15:04:00,"2025-10-12 15:04:00","MVFR",13.9,12.8,50,6,NA,NA,1019.4,"SPECI KFIG 121504Z AUTO 05006KT 10SM FEW007 BKN014 OVC033 14/13 A3010 RMK AO2 T01390128",2025-10-12 15:18:41.223641,2025-10-12 11:18:41.223687
"KEUF","Eufaula/Weedon Fld, AL, US",2025-10-12 14:58:00,"2025-10-12 09:58:00","VFR",20,12.8,NA,3,NA,NA,1013,"METAR KEUF 121458Z AUTO VRB03KT 10SM CLR 20/13 A2991 RMK AO1 SLP125 60000 T02000128 51006",2025-10-12 15:18:41.230223,2025-10-12 11:18:41.230271
"KFLG","Flagstaff/Pulliam Arpt, AZ, US",2025-10-12 14:57:00,"2025-10-12 07:57:00","VFR",10,8.9,0,0,NA,NA,1017.4,"METAR KFLG 121457Z 00000KT 10SM CLR 10/09 A3004 RMK AO2 SLP100 T01000089 53005",2025-10-12 15:18:41.236783,2025-10-12 11:18:41.23683
"KEWK","Newton City Arpt, KS, US",2025-10-12 14:56:00,"2025-10-12 09:56:00","VFR",21.1,13.3,170,14,NA,NA,1007.2,"METAR KEWK 121456Z AUTO 17014KT 10SM BKN095 21/13 A2974 RMK AO2 SLP056 T02110133 58007 $",2025-10-12 15:18:41.243377,2025-10-12 11:18:41.243424
"KFKL","Franklin/Lamberton Fld, PA, US",2025-10-12 14:56:00,"2025-10-12 10:56:00","MVFR",13.3,11.1,60,6,NA,NA,1019.4,"METAR KFKL 121456Z AUTO 06006KT 10SM OVC011 13/11 A3010 RMK AO2 SLP196 T01330111 51008",2025-10-12 15:18:41.249933,2025-10-12 11:18:41.249979
"KFNL","Fort Collins/N Colorado Rgnl, CO, US",2025-10-12 14:56:00,"2025-10-12 08:56:00","VFR",12.2,7.8,150,6,NA,NA,1007.9,"METAR KFNL 121456Z 15006KT 10SM CLR 12/08 A2976 RMK AO2 SLP040 T01220078 51031 $",2025-10-12 15:18:41.25657,2025-10-12 11:18:41.256618
"KFLP","Flippin/Marion Cnty, AR, US",2025-10-12 14:56:00,"2025-10-12 09:56:00","VFR",17.2,12.8,NA,3,NA,NA,1014.6,"METAR KFLP 121456Z AUTO VRB03KT 10SM CLR 17/13 A2996 RMK AO2 SLP142 T01720128 51006 $",2025-10-12 15:18:41.263405,2025-10-12 11:18:41.263451
"KFAM","Farmington Rgnl, MO, US",2025-10-12 14:56:00,"2025-10-12 09:56:00","VFR",19.4,11.7,170,6,NA,NA,1015.7,"METAR KFAM 121456Z AUTO 17006KT 10SM CLR 19/12 A2999 RMK AO2 SLP163 T01940117 50003 $",2025-10-12 15:18:41.270169,2025-10-12 11:18:41.270221
"KENV","Wendover Arpt, UT, US",2025-10-12 14:56:00,"2025-10-12 08:56:00","VFR",4.4,-1.1,0,0,NA,NA,1017.4,"METAR KENV 121456Z AUTO 00000KT 10SM CLR 04/M01 A3004 RMK AO2 SLP179 T00441011 53009",2025-10-12 15:18:41.276835,2025-10-12 11:18:41.27688
"KESC","Escanaba/Delta Cnty, MI, US",2025-10-12 14:56:00,"2025-10-12 10:56:00","VFR",14.4,10.6,170,8,NA,NA,1018.7,"METAR KESC 121456Z AUTO 17008KT 10SM SCT018 14/11 A3008 RMK AO2 SLP190 T01440106 58001",2025-10-12 15:18:41.283562,2025-10-12 11:18:41.283609
"KEUL","Caldwell Ind Arpt, ID, US",2025-10-12 14:56:00,"2025-10-12 14:56:00","VFR",9.4,2.8,220,5,NA,NA,1014.3,"METAR KEUL 121456Z AUTO 22005KT 10SM FEW095 09/03 A2995 RMK AO2 SLP141 T00940028 52008",2025-10-12 15:18:41.302617,2025-10-12 11:18:41.302665
"KFFO","Wright Patterson AFB, OH, US",2025-10-12 14:55:00,"2025-10-12 10:55:00","VFR",16,10.1,60,3,NA,NA,1016.3,"METAR KFFO 121455Z 06003KT 10SM CLR 16/10 A3001 RMK AO2A SLP165 T01600101 50002",2025-10-12 15:18:41.309689,2025-10-12 11:18:41.309736
"KFOA","Flora Muni, IL, US",2025-10-12 14:55:00,"2025-10-12 14:55:00","VFR",18,12,0,0,NA,NA,1016.3,"METAR KFOA 121455Z AUTO 00000KT 10SM CLR 18/12 A3001 RMK AO2",2025-10-12 15:18:41.316782,2025-10-12 11:18:41.31683
"KFMM","Fort Morgan Muni, CO, US",2025-10-12 14:55:00,"2025-10-12 14:55:00","VFR",14,3,320,22,34,NA,1006.5,"METAR KFMM 121455Z AUTO 32022G34KT 10SM CLR 14/03 A2972 RMK AO2",2025-10-12 15:18:41.323664,2025-10-12 11:18:41.32371
"KFHU","Fort Huachuca/Libby AAF, AZ, US",2025-10-12 14:55:00,"2025-10-12 07:55:00","VFR",17.7,16.9,0,0,NA,NA,1015,"METAR KFHU 121455Z AUTO 00000KT 10SM FEW060 BKN080 OVC110 18/17 A2997 RMK AO2 RAE1355RAB33E52 SLP097 P0000 60000 T01770169 52007 $",2025-10-12 15:18:41.330258,2025-10-12 11:18:41.330307
"KFCS","Fort Carson/Butts AAF, CO, US",2025-10-12 14:55:00,"2025-10-12 08:55:00","VFR",17.9,2.6,220,11,NA,NA,1008.5,"METAR KFCS 121455Z AUTO 22011KT 10SM CLR 18/03 A2978 RMK AO2 SLP026 T01790026 52023 $",2025-10-12 15:18:41.336892,2025-10-12 11:18:41.336936
"KFFL","Fairfield Muni, IA, US",2025-10-12 14:55:00,"2025-10-12 09:55:00","VFR",14,12,140,11,17,NA,1012.6,"METAR KFFL 121455Z AUTO 14011G17KT 10SM CLR 14/12 A2990 RMK A01",2025-10-12 15:18:41.343475,2025-10-12 11:18:41.343522
"KFET","Fremont Muni, NE, US",2025-10-12 14:55:00,"2025-10-12 09:55:00","VFR",20.9,13.5,150,13,22,NA,1003.5,"METAR KFET 121455Z AUTO 15013G22KT 10SM CLR 21/14 A2963 RMK AO2 T02090135",2025-10-12 15:18:41.350045,2025-10-12 11:18:41.350091
"KFCH","Fresno/Chandler Exec, CA, US",2025-10-12 14:55:00,"2025-10-12 07:55:00","VFR",10,8,0,0,NA,NA,1014.3,"METAR KFCH 121455Z AUTO 00000KT 10SM CLR 10/08 A2995 RMK A01",2025-10-12 15:18:41.356621,2025-10-12 11:18:41.356667
"KEZF","Fredericksburg/Shannon Arpt, VA, US",2025-10-12 14:55:00,"2025-10-12 14:55:00","MVFR",17,17,20,10,18,NA,1013,"METAR KEZF 121455Z AUTO 02010G18KT 10SM OVC013 17/17 A2991 RMK AO2 T01700170",2025-10-12 15:18:41.363296,2025-10-12 11:18:41.363343
"KEOK","Keokuk Muni, IA, US",2025-10-12 14:55:00,"2025-10-12 09:55:00","VFR",15,11,150,8,NA,NA,1014,"METAR KEOK 121455Z AUTO 15008KT 10SM CLR 15/11 A2994 RMK A01",2025-10-12 15:18:41.369902,2025-10-12 11:18:41.369948
"KEND","Enid/Vance AFB, OK, US",2025-10-12 14:55:00,"2025-10-12 09:55:00","VFR",23.9,11.6,180,19,23,NA,1006.9,"METAR KEND 121455Z AUTO 18019G23KT 10SM CLR 24/12 A2973 RMK AO2 SLP057 T02390116 50001 $",2025-10-12 15:18:41.376526,2025-10-12 11:18:41.376572
"KF00","Bonham/Jones Fld, TX, US",2025-10-12 14:55:00,"2025-10-12 14:55:00","VFR",25,15,210,8,NA,NA,1012.3,"METAR KF00 121455Z AUTO 21008KT 10SM CLR 25/15 A2989 RMK AO2",2025-10-12 15:18:41.38311,2025-10-12 11:18:41.383173
"KFKR","Frankfort Muni, IN, US",2025-10-12 14:55:00,"2025-10-12 14:55:00","VFR",NA,NA,NA,6,NA,NA,1017,"METAR KFKR 121455Z AUTO VRB06KT 10SM CLR A3003 RMK AO2",2025-10-12 15:18:41.389751,2025-10-12 11:18:41.389798
"KFAF","Fort Eustis/Felker AAF, VA, US",2025-10-12 14:55:00,"2025-10-12 10:55:00","MVFR",19.7,18,60,13,17,6,1007.2,"METAR KFAF 121455Z AUTO 06013G17KT 6SM -RA BR BKN011 20/18 A2974 RMK AO2 RAE04DZB04E06RAB06E33DZB33E34RAB34 SLP074 P0004 60023 T01970180 50002 $",2025-10-12 15:18:41.396253,2025-10-12 11:18:41.396298
"KEUG","Eugene/Mahlon Sweet Fld, OR, US",2025-10-12 14:54:00,"2025-10-12 07:54:00","VFR",10.6,8.9,170,5,NA,9,1017,"METAR KEUG 121454Z 17005KT 9SM BKN043 BKN050 OVC070 11/09 A3003 RMK AO2 SLP168 60000 T01060089 58012 $",2025-10-12 15:18:41.402716,2025-10-12 11:18:41.402761
"KEVV","Evansville Rgnl, IN, US",2025-10-12 14:54:00,"2025-10-12 09:54:00","VFR",17.8,12.8,NA,3,NA,NA,1016,"METAR KEVV 121454Z VRB03KT 10SM CLR 18/13 A3000 RMK AO2 SLP158 T01780128 51004 $",2025-10-12 15:18:41.409378,2025-10-12 11:18:41.409425
"KFAY","Fayetteville Rgnl, NC, US",2025-10-12 14:53:00,"2025-10-12 10:53:00","MVFR",18.9,17.8,10,17,30,NA,1003.8,"METAR KFAY 121453Z 01017G30KT 10SM BKN011 OVC014 19/18 A2964 RMK AO2 PK WND 35030/1448 CIG 008V012 SLP033 60002 T01890178 50004",2025-10-12 15:18:41.415966,2025-10-12 11:18:41.416013
"KFNB","Falls City/Brenner Fld, NE, US",2025-10-12 14:53:00,"2025-10-12 14:53:00","VFR",20.6,14.4,160,17,NA,NA,1006.5,"METAR KFNB 121453Z AUTO 16017KT 10SM CLR 21/14 A2972 RMK AO2 SLP059 T02060144 58011",2025-10-12 15:18:41.422539,2025-10-12 11:18:41.422585
"KFDY","Findlay Arpt, OH, US",2025-10-12 14:53:00,"2025-10-12 10:53:00","VFR",15.6,9.4,50,6,NA,NA,1017.4,"METAR KFDY 121453Z AUTO 05006KT 10SM CLR 16/09 A3004 RMK AO2 SLP170 T01560094 50003",2025-10-12 15:18:41.44187,2025-10-12 11:18:41.441917
"KFNT","Flint/Bishop Intl, MI, US",2025-10-12 14:53:00,"2025-10-12 10:53:00","VFR",15,10.6,110,9,NA,NA,1019.7,"METAR KFNT 121453Z 11009KT 10SM CLR 15/11 A3011 RMK AO2 SLP199 T01500106 54000",2025-10-12 15:18:41.449072,2025-10-12 11:18:41.44912
"KEVW","Evanston/Uinta Cnty, WY, US",2025-10-12 14:53:00,"2025-10-12 08:53:00","VFR",-1.1,-2.2,240,9,NA,NA,1017.4,"METAR KEVW 121453Z AUTO 24009KT 10SM CLR M01/M02 A3004 RMK AO2 SLP171 60000 T10111022 52016",2025-10-12 15:18:41.45613,2025-10-12 11:18:41.456198
"KFMY","Fort Myers/Page Fld, FL, US",2025-10-12 14:53:00,"2025-10-12 10:53:00","VFR",23.9,18.3,80,6,NA,NA,1009.6,"METAR KFMY 121453Z 08006KT 10SM CLR 24/18 A2981 RMK AO2 SLP096 T02390183 51012",2025-10-12 15:18:41.463079,2025-10-12 11:18:41.463125
"KEWB","New Bedford Rgnl, MA, US",2025-10-12 14:53:00,"2025-10-12 10:53:00","MVFR",13.9,11.1,20,13,20,NA,1021.4,"METAR KEWB 121453Z 02013G20KT 10SM OVC015 14/11 A3016 RMK AO2 SLP212 T01390111 55003",2025-10-12 15:18:41.469763,2025-10-12 11:18:41.469813
"KFDR","Frederick Rgnl, OK, US",2025-10-12 14:53:00,"2025-10-12 09:53:00","VFR",25.6,11.1,180,13,18,NA,1008.9,"METAR KFDR 121453Z AUTO 18013G18KT 10SM BKN100 26/11 A2979 RMK AO2 SLP069 T02560111 50009",2025-10-12 15:18:41.476651,2025-10-12 11:18:41.476697
"KEYE","Indianapolis/Eagle Creek Arpt, IN, US",2025-10-12 14:53:00,"2025-10-12 14:53:00","VFR",15,8.3,90,3,NA,NA,1017.4,"METAR KEYE 121453Z AUTO 09003KT 10SM CLR 15/08 A3004 RMK AO2 SLP170 T01500083 51006",2025-10-12 15:18:41.483281,2025-10-12 11:18:41.483328
"KFAT","Fresno/Yosemite Intl, CA, US",2025-10-12 14:53:00,"2025-10-12 07:53:00","VFR",10,6.7,110,3,NA,NA,1013.6,"METAR KFAT 121453Z 11003KT 10SM CLR 10/07 A2993 RMK AO2 SLP134 T01000067 53007 $",2025-10-12 15:18:41.48989,2025-10-12 11:18:41.489936
"KFFT","Frankfort/Capital City Arpt, KY, US",2025-10-12 14:53:00,"2025-10-12 10:53:00",NA,NA,NA,NA,NA,NA,NA,1015.7,"METAR KFFT 121453Z AUTO A2999 RMK AO2 SLPNO 51003 PWINO FZRANO",2025-10-12 15:18:41.496596,2025-10-12 11:18:41.496641
"KENW","Kenosha Rgnl, WI, US",2025-10-12 14:53:00,"2025-10-12 09:53:00","MVFR",15,11,170,6,NA,NA,1018,"METAR KENW 121453Z 17006KT 10SM OVC029 15/11 A3006",2025-10-12 15:18:41.503317,2025-10-12 11:18:41.503366
"KFFC","Peachtree City/Falcon Fld, GA, US",2025-10-12 14:53:00,"2025-10-12 14:53:00","VFR",18.3,11.1,NA,3,NA,NA,1012.6,"METAR KFFC 121453Z AUTO VRB03KT 10SM CLR 18/11 A2990 RMK AO2 SLP125 T01830111 50005",2025-10-12 15:18:41.510051,2025-10-12 11:18:41.510098
"KFMN","Farmington/Four Corners Rgnl, NM, US",2025-10-12 14:53:00,"2025-10-12 08:53:00","VFR",13.9,8.3,350,4,NA,NA,1015,"METAR KFMN 121453Z 35004KT 10SM FEW041 14/08 A2997 RMK AO2 SLP110 T01390083 51014",2025-10-12 15:18:41.516702,2025-10-12 11:18:41.51675
"KEYW","Key West Intl, FL, US",2025-10-12 14:53:00,"2025-10-12 10:53:00","VFR",27.8,24.4,NA,6,NA,NA,1008.9,"METAR KEYW 121453Z VRB06KT 10SM SCT025 28/24 A2979 RMK AO2 SLP094 T02780244 51017 $",2025-10-12 15:18:41.523372,2025-10-12 11:18:41.523419
"KEPH","Ephrata Muni, WA, US",2025-10-12 14:53:00,"2025-10-12 07:53:00","VFR",7.2,3.9,160,4,NA,NA,1008.5,"METAR KEPH 121453Z AUTO 16004KT 10SM OVC100 07/04 A2978 RMK AO2 SLP088 T00720039 53004",2025-10-12 15:18:41.53005,2025-10-12 11:18:41.530096
"KEQY","Charlotte-Monroe Exec, NC, US",2025-10-12 14:53:00,"2025-10-12 14:53:00","VFR",17.8,15,360,11,20,6,1008.5,"METAR KEQY 121453Z AUTO 36011G20KT 6SM -RA BKN060 OVC080 18/15 A2978 RMK AO2 RAB1355 SLP089 P0000 60001 T01780150 50004",2025-10-12 15:18:41.536715,2025-10-12 11:18:41.53676
"KFLL","Ft Lauderdale-Hollywood Intl, FL, US",2025-10-12 14:53:00,"2025-10-12 10:53:00","VFR",27.2,21.7,0,0,NA,NA,1008.5,"METAR KFLL 121453Z 00000KT 10SM FEW025 FEW055 SCT120 27/22 A2978 RMK AO2 SLP083 T02720217 51009 $",2025-10-12 15:18:41.543382,2025-10-12 11:18:41.543427
"KFCM","Eden Prairie/Flying, MN, US",2025-10-12 14:53:00,"2025-10-12 09:53:00","VFR",14.4,8.9,130,16,NA,NA,1008.2,"METAR KFCM 121453Z 13016KT 10SM CLR 14/09 A2977 RMK AO2 SLP081 T01440089 58005",2025-10-12 15:18:41.55006,2025-10-12 11:18:41.550107
"KESF","Alexandria/Esler Rgnl, LA, US",2025-10-12 14:53:00,"2025-10-12 09:53:00","VFR",21.7,15.6,0,0,NA,NA,1013.6,"METAR KESF 121453Z AUTO 00000KT 10SM CLR 22/16 A2993 RMK AO2 SLP134 T02170156 51012",2025-10-12 15:18:41.556725,2025-10-12 11:18:41.55677
"KFHR","Friday Harbor Arpt, WA, US",2025-10-12 14:53:00,"2025-10-12 07:53:00","VFR",9.4,5.6,NA,4,NA,NA,1010.2,"METAR KFHR 121453Z AUTO VRB04KT 10SM CLR 09/06 A2983 RMK AO2 SLP101 T00940056 56006",2025-10-12 15:18:41.5635,2025-10-12 11:18:41.563546
"KFIT","Fitchburg Muni, MA, US",2025-10-12 14:52:00,"2025-10-12 14:52:00","MVFR",12.2,9.4,NA,6,17,NA,1024.8,"METAR KFIT 121452Z AUTO VRB06G17KT 10SM BKN015 OVC022 12/09 A3026 RMK AO2 SLP249 T01220094 55000",2025-10-12 15:18:41.583291,2025-10-12 11:18:41.583341
"KEST","Estherville Muni, IA, US",2025-10-12 14:52:00,"2025-10-12 09:52:00","VFR",13.9,11.1,140,20,26,NA,1006.2,"METAR KEST 121452Z AUTO 14020G26KT 10SM OVC110 14/11 A2971 RMK AO2 PK WND 16029/1414 RAB1356E06 SLP059 P0000 60000 T01390111 58009",2025-10-12 15:18:41.59051,2025-10-12 11:18:41.59056
"KEWR","Newark Intl, NJ, US",2025-10-12 14:51:00,"2025-10-12 10:51:00","VFR",16.1,8.3,30,17,27,NA,1018.4,"METAR KEWR 121451Z 03017G27KT 10SM FEW040 SCT075 BKN150 OVC250 16/08 A3007 RMK AO2 PK WND 03031/1425 SLP182 T01610083 50001 $",2025-10-12 15:18:41.597693,2025-10-12 11:18:41.597742
"KETN","Eastland Muni, TX, US",2025-10-12 14:50:00,"2025-10-12 09:50:00","VFR",22.2,11.6,190,11,17,NA,1011.9,"METAR KETN 121450Z AUTO 19011G17KT 10SM CLR 22/12 A2988 RMK AO2 T02220116",2025-10-12 15:18:41.604721,2025-10-12 11:18:41.604766
"KF45","North Palm Beach Cnty, FL, US",2025-10-12 14:50:00,"2025-10-12 14:50:00","VFR",25,22,360,7,NA,NA,1008.5,"METAR KF45 121450Z AUTO 36007KT 10SM CLR 25/22 A2978 RMK AO2",2025-10-12 15:18:41.611517,2025-10-12 11:18:41.611565
"KEVB","New Smyrna Beach Muni, FL, US",2025-10-12 14:47:00,"2025-10-12 14:47:00","VFR",21,18,320,7,NA,NA,1009.6,"METAR KEVB 121447Z 32007KT 10SM CLR 21/18 A2981",2025-10-12 15:18:41.618294,2025-10-12 11:18:41.618342
"KFDK","Frederick Muni, MD, US",2025-10-12 14:47:00,"2025-10-12 10:47:00","MVFR",17,15,50,8,NA,NA,1016.3,"METAR KFDK 121447Z 05008KT 10SM BKN025 17/15 A3001",2025-10-12 15:18:41.62496,2025-10-12 11:18:41.625006
"KESN","Easton Muni, MD, US",2025-10-12 14:45:00,"2025-10-12 10:45:00","MVFR",18,14,70,13,23,8,1013.3,"METAR KESN 121445Z 07013G23KT 8SM OVC023 18/14 A2992",2025-10-12 15:18:41.63153,2025-10-12 11:18:41.631575
"KGHG","Marshfield Muni, MA, US",2025-10-12 15:15:00,"2025-10-12 15:15:00","MVFR",15,11,50,14,22,NA,1022.8,"METAR KGHG 121515Z AUTO 05014G22KT 020V080 10SM OVC016 15/11 A3020 RMK AO2",2025-10-12 15:18:43.212213,2025-10-12 11:18:43.212258
"KFPK","Charotte/Beach Fld, MI, US",2025-10-12 15:15:00,"2025-10-12 15:15:00","LIFR",10,10,100,4,NA,2.5,1019,"METAR KFPK 121515Z AUTO 10004KT 2 1/2SM BR OVC001 10/10 A3009 RMK AO2 VIS 1 3/4V4",2025-10-12 15:18:43.218727,2025-10-12 11:18:43.21877
"KGPM","Grand Prairie Muni, TX, US",2025-10-12 15:15:00,"2025-10-12 15:15:00","VFR",25.1,13.1,210,7,NA,NA,1012.6,"METAR KGPM 121515Z AUTO 21007KT 10SM CLR 25/13 A2990 RMK AO2 T02510131",2025-10-12 15:18:43.225401,2025-10-12 11:18:43.225446
"KGGI","Grinnell Rgnl, IA, US",2025-10-12 15:15:00,"2025-10-12 15:15:00","VFR",15.1,11.8,140,14,NA,NA,1012.3,"METAR KGGI 121515Z AUTO 14014KT 10SM CLR 15/12 A2989 RMK AO2 T01510118",2025-10-12 15:18:43.231895,2025-10-12 11:18:43.231942
"KFSK","Fort Scott Muni, KS, US",2025-10-12 15:15:00,"2025-10-12 10:15:00","VFR",23.9,15.7,190,10,17,NA,1010.9,"METAR KFSK 121515Z AUTO 19010G17KT 10SM CLR 24/16 A2985 RMK AO2 T02390157",2025-10-12 15:18:43.23839,2025-10-12 11:18:43.238436
"KGGE","Georgetown Cnty, SC, US",2025-10-12 15:15:00,"2025-10-12 11:15:00","IFR",17,17,300,7,NA,7,1004.1,"METAR KGGE 121515Z AUTO 30007KT 7SM +RA OVC007 17/17 A2965 RMK AO2 P0007",2025-10-12 15:18:43.244863,2025-10-12 11:18:43.244907
"KGGF","Grant Muni, NE, US",2025-10-12 15:15:00,"2025-10-12 15:15:00","VFR",17,8,310,20,NA,NA,1003.8,"METAR KGGF 121515Z AUTO 31020KT 10SM CLR 17/08 A2964 RMK AO2",2025-10-12 15:18:43.264099,2025-10-12 11:18:43.264165
"KGDJ","Granbury Muni, TX, US",2025-10-12 15:15:00,"2025-10-12 15:15:00",NA,26.7,13.1,190,12,NA,NA,1012.3,"METAR KGDJ 121515Z AUTO 19012KT CLR 27/13 A2989 RMK AO2 T02670131 PWINO",2025-10-12 15:18:43.270934,2025-10-12 11:18:43.270981
"KFYJ","West Point/Middle Peninsula Arpt, VA, US",2025-10-12 15:15:00,"2025-10-12 15:15:00","MVFR",18,17.1,NA,NA,NA,NA,1010.2,"METAR KFYJ 121515Z AUTO 10SM OVC011 18/17 A2983 RMK AO1 T01800171",2025-10-12 15:18:43.277948,2025-10-12 11:18:43.277996
"KGPH","Mosby/Midwest Air Center, MO, US",2025-10-12 15:15:00,"2025-10-12 15:15:00",NA,20,13,160,6,NA,NA,1010.2,"METAR KGPH 121515Z AUTO 16006KT 10SM 20/13 A2983 RMK AO2",2025-10-12 15:18:43.284547,2025-10-12 11:18:43.284593
"KGNT","Grants-Milan Muni, NM, US",2025-10-12 15:15:00,"2025-10-12 09:15:00","VFR",13.4,10.5,0,0,NA,NA,1018,"METAR KGNT 121515Z AUTO 00000KT 10SM BKN034 OVC040 13/11 A3006 RMK AO2 T01340105",2025-10-12 15:18:43.291321,2025-10-12 11:18:43.291366
"KFWC","Fairfield Muni, IL, US",2025-10-12 15:15:00,"2025-10-12 15:15:00","VFR",19,11.6,0,0,NA,NA,1016,"METAR KFWC 121515Z AUTO 00000KT 10SM CLR 19/12 A3000 RMK AO2 T01900116",2025-10-12 15:18:43.297927,2025-10-12 11:18:43.297985
"KGMJ","Grove Muni, OK, US",2025-10-12 15:15:00,"2025-10-12 15:15:00","VFR",24,17,200,12,NA,NA,1011.6,"METAR KGMJ 121515Z AUTO 20012KT 10SM CLR 24/17 A2987 RMK AO2 TSNO",2025-10-12 15:18:43.304508,2025-10-12 11:18:43.304555
"KGAF","Grafton/Hutson Fld, ND, US",2025-10-12 15:15:00,"2025-10-12 15:15:00","MVFR",16,16,160,19,28,9,994.7,"METAR KGAF 121515Z AUTO 16019G28KT 9SM OVC012 16/16 A2937 RMK AO2",2025-10-12 15:18:43.311004,2025-10-12 11:18:43.311048
"KFSE","Fosston Muni, MN, US",2025-10-12 15:15:00,"2025-10-12 15:15:00",NA,14,13,160,20,25,NA,998.7,"METAR KFSE 121515Z AUTO 16020G25KT 10SM 14/13 A2949 RMK AO2",2025-10-12 15:18:43.31762,2025-10-12 11:18:43.317666
"KFRH","French Lick Muni, IN, US",2025-10-12 15:15:00,"2025-10-12 11:15:00","VFR",17,10,0,0,NA,7,1016,"METAR KFRH 121515Z AUTO 00000KT 7SM CLR 17/10 A3000 RMK AO1",2025-10-12 15:18:43.324118,2025-10-12 11:18:43.324184
"KFZG","Fitzgerald Muni, GA, US",2025-10-12 15:15:00,"2025-10-12 15:15:00","VFR",20.2,13.1,340,5,NA,NA,1011.9,"METAR KFZG 121515Z AUTO 34005KT 10SM CLR 20/13 A2988 RMK AO2 T02020131",2025-10-12 15:18:43.330798,2025-10-12 11:18:43.330845
"KFWS","Fort Worth/Spinks Arpt, TX, US",2025-10-12 15:15:00,"2025-10-12 15:15:00","VFR",26.7,13.8,210,11,NA,9,1012.3,"METAR KFWS 121515Z AUTO 21011KT 9SM CLR 27/14 A2989 RMK AO2 T02670138 $",2025-10-12 15:18:43.337416,2025-10-12 11:18:43.337461
"KFSO","Highgate/Franklin Cnty, VT, US",2025-10-12 15:15:00,"2025-10-12 15:15:00","VFR",17,5.1,0,0,NA,NA,1025.8,"METAR KFSO 121515Z AUTO 00000KT 10SM CLR 17/05 A3029 RMK AO2 T01700051",2025-10-12 15:18:43.343987,2025-10-12 11:18:43.344033
"KFRR","Front Royal/Warren Cnty, VA, US",2025-10-12 15:15:00,"2025-10-12 11:15:00","MVFR",15.1,14.2,20,5,NA,NA,1015.3,"METAR KFRR 121515Z AUTO 02005KT 10SM OVC012 15/14 A2998 RMK AO2 T01510142",2025-10-12 15:18:43.350553,2025-10-12 11:18:43.350598
"KGVE","Gordonsville Muni, VA, US",2025-10-12 15:15:00,"2025-10-12 11:15:00","IFR",16,15.6,30,8,19,4,NA,"METAR KGVE 121515Z AUTO 03008G19KT 4SM OVC009 16/16 RMK AO1 T01600156",2025-10-12 15:18:43.357091,2025-10-12 11:18:43.357134
"KGLW","Glasgow Muni, KY, US",2025-10-12 15:15:00,"2025-10-12 10:15:00","VFR",18.8,11.5,110,3,NA,NA,1015.3,"METAR KGLW 121515Z AUTO 11003KT 10SM CLR 19/12 A2998 RMK AO2 T01880115",2025-10-12 15:18:43.363671,2025-10-12 11:18:43.363718
"KGRN","Gordon Muni, NE, US",2025-10-12 15:15:00,"2025-10-12 09:15:00","VFR",14.5,7.5,290,21,31,NA,1003.5,"METAR KGRN 121515Z AUTO 29021G31KT 10SM CLR 15/08 A2963 RMK AO2 T01450075",2025-10-12 15:18:43.370263,2025-10-12 11:18:43.370311
"KGDB","Granite Falls Muni, MN, US",2025-10-12 15:15:00,"2025-10-12 15:15:00","MVFR",16.1,13.8,120,11,19,4,1003.8,"METAR KGDB 121515Z AUTO 12011G19KT 4SM +RA SCT022 SCT036 OVC090 16/14 A2964 RMK AO2 P0006 T01610138",2025-10-12 15:18:43.37676,2025-10-12 11:18:43.376804
"KFVX","Farmville Muni, VA, US",2025-10-12 15:15:00,"2025-10-12 15:15:00","MVFR",18.5,18,20,13,19,7,1010.9,"METAR KFVX 121515Z AUTO 02013G19KT 7SM OVC010 19/18 A2985 RMK AO2 T01850180",2025-10-12 15:18:43.383251,2025-10-12 11:18:43.383296
"KGVQ","Batavia/Genesee Cnty, NY, US",2025-10-12 15:14:00,"2025-10-12 15:14:00","VFR",14,12,110,6,NA,NA,1021.4,"SPECI KGVQ 121514Z AUTO 11006KT 10SM FEW006 14/12 A3016 RMK AO2",2025-10-12 15:18:43.402435,2025-10-12 11:18:43.402482
"KGOV","Grayling, MI, US",2025-10-12 15:10:00,"2025-10-12 15:10:00","MVFR",12,12,130,8,NA,9,1020.1,"SPECI KGOV 121510Z AUTO 13008KT 9SM SCT005 OVC011 12/12 A3012 RMK AO2 CIG 004V011 SLP211 $",2025-10-12 15:18:43.409247,2025-10-12 11:18:43.409295
"KGEV","Jefferson/Ashe Cnty, NC, US",2025-10-12 15:10:00,"2025-10-12 15:10:00",NA,13.5,9.8,340,8,NA,NA,1014.6,"METAR KGEV 121510Z AUTO 34008KT OVC014 14/10 A2996 RMK AO2 T01350098 PWINO",2025-10-12 15:18:43.416139,2025-10-12 11:18:43.416205
"KGEG","Spokane Intl, WA, US",2025-10-12 15:09:00,"2025-10-12 08:09:00","MVFR",5,3.9,220,9,NA,3,1008.9,"SPECI KGEG 121509Z 22009KT 3SM -RA BR SCT006 BKN015 OVC020 05/04 A2979 RMK AO2 P0002 T00500039 $",2025-10-12 15:18:43.422647,2025-10-12 11:18:43.42269
"KFWN","Sussex Arpt, NJ, US",2025-10-12 15:07:00,"2025-10-12 15:07:00","MVFR",15,10,20,11,20,NA,1020.1,"SPECI KFWN 121507Z AUTO 02011G20KT 10SM BKN021 OVC100 15/10 A3012 RMK AO2 T01500100",2025-10-12 15:18:43.429297,2025-10-12 11:18:43.429344
"KFQD","Rutherfordton/Marchman Fld, NC, US",2025-10-12 15:05:00,"2025-10-12 15:05:00","VFR",20,10,20,7,NA,NA,1011.6,"METAR KFQD 121505Z AUTO 02007KT 10SM OVC036 20/10 A2987 RMK AO2",2025-10-12 15:18:43.435899,2025-10-12 11:18:43.435947
"KGRF","Fort Lewis/Gray AAF, WA, US",2025-10-12 15:00:00,"2025-10-12 08:00:00","VFR",11,6,130,8,NA,NA,1011.3,"SPECI KGRF 121500Z AUTO 13008KT 10SM -RA BKN055 OVC070 11/06 A2986 RMK AO2 RAB00 SLP116 $",2025-10-12 15:18:43.442432,2025-10-12 11:18:43.442479
"KGTU","Georgetown Muni, TX, US",2025-10-12 14:56:00,"2025-10-12 14:56:00","VFR",25.6,15,210,10,NA,NA,1013.3,"METAR KGTU 121456Z 21010KT 10SM CLR 26/15 A2992 RMK AO2 SLP123 T02560150 51008",2025-10-12 15:18:43.449023,2025-10-12 11:18:43.449069
"KFOD","Fort Dodge Rgnl, IA, US",2025-10-12 14:56:00,"2025-10-12 09:56:00","VFR",15.6,11.7,150,13,23,NA,1008.2,"METAR KFOD 121456Z AUTO 15013G23KT 10SM CLR 16/12 A2977 RMK AO2 SLP093 T01560117 58010 $",2025-10-12 15:18:43.455649,2025-10-12 11:18:43.455694
"KGAI","Gaithersburg/Montgomery Cnty, MD, US",2025-10-12 14:56:00,"2025-10-12 10:56:00","MVFR",16.7,15,NA,6,15,NA,1015.7,"METAR KGAI 121456Z AUTO VRB06G15KT 10SM OVC022 17/15 A2999 RMK AO2 SLP169 T01670150 53008",2025-10-12 15:18:43.46231,2025-10-12 11:18:43.462357
"KGGP","Logansport/Cass Cnty, IN, US",2025-10-12 14:56:00,"2025-10-12 14:56:00","VFR",14,8,100,6,NA,NA,1018,"METAR KGGP 121456Z AUTO 10006KT 10SM CLR 14/08 A3006 RMK AO2",2025-10-12 15:18:43.468913,2025-10-12 11:18:43.46896
"KGAD","Gadsden/NE Alabama Rgnl, AL, US",2025-10-12 14:56:00,"2025-10-12 09:56:00",NA,18.9,12.2,NA,3,NA,NA,1014,"METAR KGAD 121456Z AUTO VRB03KT CLR 19/12 A2994 RMK AO2 SLP141 T01890122 50003 PWINO $",2025-10-12 15:18:43.475565,2025-10-12 11:18:43.475611
"KGBD","Great Bend Muni, KS, US",2025-10-12 14:56:00,"2025-10-12 09:56:00","VFR",23.3,10.6,190,20,28,NA,1004.1,"METAR KGBD 121456Z AUTO 19020G28KT 10SM CLR 23/11 A2965 RMK AO2 PK WND 18029/1442 SLP023 T02330106 53002 $",2025-10-12 15:18:43.482102,2025-10-12 11:18:43.482146
"KGPZ","Grand Rapids/Itasca Cnty, MN, US",2025-10-12 14:56:00,"2025-10-12 09:56:00","MVFR",13.3,9.4,150,14,19,NA,1006.5,"METAR KGPZ 121456Z AUTO 15014G19KT 10SM OVC019 13/09 A2972 RMK AO2 SLP070 60000 T01330094 56009",2025-10-12 15:18:43.488614,2025-10-12 11:18:43.48866
"KGDV","Glendive/Dawson Arpt, MT, US",2025-10-12 14:56:00,"2025-10-12 08:56:00","MVFR",7.8,6.1,290,22,30,NA,1000.4,"METAR KGDV 121456Z AUTO 29022G30KT 10SM BKN015 BKN021 OVC100 08/06 A2954 RMK AO2 PK WND 29030/1454 RAE16 SLP005 P0000 60003 T00780061 53032 TSNO $",2025-10-12 15:18:43.495243,2025-10-12 11:18:43.495289
"KFSD","Sioux Falls/Foss Fld, SD, US",2025-10-12 14:56:00,"2025-10-12 09:56:00","VFR",18.3,13.9,160,14,22,NA,1001.8,"METAR KFSD 121456Z 16014G22KT 10SM SCT120 18/14 A2958 RMK AO2 SLP011 60002 T01830139 58006 $",2025-10-12 15:18:43.501859,2025-10-12 11:18:43.501904
"KFRM","Fairmont Muni, MN, US",2025-10-12 14:56:00,"2025-10-12 09:56:00","VFR",15,11.1,160,22,26,NA,1006.9,"METAR KFRM 121456Z AUTO 16022G26KT 10SM FEW110 15/11 A2973 RMK AO2 PK WND 15029/1434 SLP070 T01500111 58008",2025-10-12 15:18:43.508403,2025-10-12 11:18:43.508449
"KGUC","Gunnison Arpt, CO, US",2025-10-12 14:56:00,"2025-10-12 08:56:00","VFR",6.7,6.1,230,7,NA,9,1017,"METAR KGUC 121456Z AUTO 23007KT 9SM -RA FEW017 OVC039 07/06 A3003 RMK AO2 SLP132 P0003 60004 T00670061 51023 $",2025-10-12 15:18:43.514904,2025-10-12 11:18:43.514946
"KGON","Groton-New London Arpt, CT, US",2025-10-12 14:56:00,"2025-10-12 10:56:00","VFR",12.2,9.4,30,17,26,NA,1019.7,"METAR KGON 121456Z 03017G26KT 10SM BKN040 12/09 A3011 RMK AO2 PK WND 03031/1429 SLP196 T01220094 58006 $",2025-10-12 15:18:43.521525,2025-10-12 11:18:43.521573
"KGTR","Golden Triangle Arpt, MS, US",2025-10-12 14:56:00,"2025-10-12 09:56:00","VFR",20.6,13.9,310,3,NA,NA,1014.6,"METAR KGTR 121456Z 31003KT 10SM CLR 21/14 A2996 RMK AO2 SLP147 T02060139 53008",2025-10-12 15:18:43.54065,2025-10-12 11:18:43.540698
"KGKT","Gatlinburg-Pigeon Forge Arpt, TN, US",2025-10-12 14:56:00,"2025-10-12 10:56:00","VFR",18,12,0,0,NA,NA,1014,"METAR KGKT 121456Z AUTO 00000KT 10SM CLR 18/12 A2994 RMK A01",2025-10-12 15:18:43.547631,2025-10-12 11:18:43.547679
"KGRD","Greenwood Cnty, SC, US",2025-10-12 14:56:00,"2025-10-12 10:56:00","VFR",18.3,10.6,330,4,NA,NA,1010.9,"METAR KGRD 121456Z AUTO 33004KT 10SM FEW031 OVC100 18/11 A2985 RMK AO2 SLP103 T01830106 52003",2025-10-12 15:18:43.554636,2025-10-12 11:18:43.554683
"KFRI","Ft Riley/Marshall Fld, KS, US",2025-10-12 14:55:00,"2025-10-12 09:55:00","VFR",24.7,12.3,170,17,29,NA,1004.8,"METAR KFRI 121455Z AUTO 17017G29KT 10SM FEW150 25/12 A2967 RMK AO2 PK WND 18029/52 SLP036 T02470123 57012 $",2025-10-12 15:18:43.561297,2025-10-12 11:18:43.561352
"KGPI","Kalispell/Glacier Park Intl, MT, US",2025-10-12 14:55:00,"2025-10-12 08:55:00","VFR",2.2,-0.6,20,14,NA,NA,1008.9,"METAR KGPI 121455Z 02014KT 10SM OVC041 02/M01 A2979 RMK AO2 UPE23 SLP101 P0000 60000 T00221006 53020",2025-10-12 15:18:43.568012,2025-10-12 11:18:43.568059
"KGTB","Ft Drum/Wheeler AAF, NY, US",2025-10-12 14:55:00,"2025-10-12 14:55:00","VFR",15.9,6.1,130,11,NA,NA,1022.1,"METAR KGTB 121455Z AUTO 13011KT 10SM SCT046 16/06 A3018 RMK AO2 SLP221 T01590061 50003 $",2025-10-12 15:18:43.574745,2025-10-12 11:18:43.574793
"KGLY","Clinton Mem, MO, US",2025-10-12 14:55:00,"2025-10-12 14:55:00","VFR",20,15,160,7,12,6,1011.6,"METAR KGLY 121455Z AUTO 16007G12KT 6SM HZ CLR 20/15 A2987 RMK AO2",2025-10-12 15:18:43.581318,2025-10-12 11:18:43.581365
"KGCM","Claremore Rgnl, OK, US",2025-10-12 14:55:00,"2025-10-12 14:55:00","VFR",23,18,170,11,18,7,1011.3,"METAR KGCM 121455Z AUTO 17011G18KT 7SM CLR 23/18 A2986 RMK AO2",2025-10-12 15:18:43.587887,2025-10-12 11:18:43.58793
"KGOP","Gatesville Muni, TX, US",2025-10-12 14:55:00,"2025-10-12 14:55:00","VFR",25,16,NA,5,11,NA,1012.6,"METAR KGOP 121455Z AUTO VRB05G11KT 10SM CLR 25/16 A2990 RMK AO2",2025-10-12 15:18:43.594526,2025-10-12 11:18:43.594573
"KGOO","Grass Valley/Nevada Cnty, CA, US",2025-10-12 14:55:00,"2025-10-12 14:55:00","VFR",11,-4,0,0,NA,NA,1013.3,"METAR KGOO 121455Z AUTO 00000KT 10SM CLR 11/M04 A2992 RMK A01",2025-10-12 15:18:43.601068,2025-10-12 11:18:43.601113
"KFYE","Somerville/Fayette Cnty, TN, US",2025-10-12 14:55:00,"2025-10-12 14:55:00","VFR",21,13,0,0,NA,NA,1014.3,"METAR KFYE 121455Z AUTO 00000KT 10SM CLR 21/13 A2995 RMK A01",2025-10-12 15:18:43.607654,2025-10-12 11:18:43.607699
"KGCY","Greeneville/Greene Cnty, TN, US",2025-10-12 14:55:00,"2025-10-12 10:55:00","VFR",16,10,320,3,NA,NA,1014,"METAR KGCY 121455Z AUTO 32003KT 10SM CLR 16/10 A2994 RMK A01",2025-10-12 15:18:43.61422,2025-10-12 11:18:43.614268
"KGNB","Granby/Grand Cnty, CO, US",2025-10-12 14:55:00,"2025-10-12 14:55:00","MVFR",3.1,0.9,0,0,NA,NA,1018,"METAR KGNB 121455Z AUTO 00000KT 10SM -DZ BKN018 OVC038 03/01 A3006 RMK AO2 T00310009",2025-10-12 15:18:43.620723,2025-10-12 11:18:43.620766
"KGFA","Malmstrom AFB, MT, US",2025-10-12 14:55:00,"2025-10-12 08:55:00","MVFR",1.2,-2,290,7,NA,NA,1011.6,"METAR KGFA 121455Z AUTO 29007KT 10SM BKN019 OVC025 01/M02 A2987 RMK AO2 SNB1355E33 BKN V OVC SLP131 P0000 60003 T00121020 52030 $",2025-10-12 15:18:43.627353,2025-10-12 11:18:43.6274
"KGWB","Auburn/De Kalb Cnty, IN, US",2025-10-12 14:55:00,"2025-10-12 14:55:00","VFR",15,11,50,4,NA,NA,1017.7,"METAR KGWB 121455Z AUTO 05004KT 10SM CLR 15/11 A3005 RMK AO2",2025-10-12 15:18:43.633982,2025-10-12 11:18:43.634028
"KFOM","Fillmore Muni, UT, US",2025-10-12 14:55:00,"2025-10-12 08:55:00","VFR",6,3,160,3,NA,NA,1017.7,"METAR KFOM 121455Z AUTO 16003KT 10SM CLR 06/03 A3005 RMK AO2",2025-10-12 15:18:43.640546,2025-10-12 11:18:43.640594
"KFYM","Fayetteville Muni, TN, US",2025-10-12 14:55:00,"2025-10-12 09:55:00","VFR",18,13,10,4,NA,NA,1015,"METAR KFYM 121455Z AUTO 01004KT 10SM CLR 18/13 A2997 RMK A01",2025-10-12 15:18:43.647089,2025-10-12 11:18:43.647134
"KFSW","Fort Madison Muni, IA, US",2025-10-12 14:55:00,"2025-10-12 09:55:00","VFR",16,11,130,6,NA,NA,1014,"METAR KFSW 121455Z AUTO 13006KT 10SM CLR 16/11 A2994 RMK AO2",2025-10-12 15:18:43.653695,2025-10-12 11:18:43.653743
"KGIC","Grangeville/Idaho Cnty, ID, US",2025-10-12 14:55:00,"2025-10-12 07:55:00","VFR",6,1,250,14,21,NA,1010.6,"METAR KGIC 121455Z AUTO 25014G21KT 10SM CLR 06/01 A2984 RMK AO1",2025-10-12 15:18:43.672122,2025-10-12 11:18:43.672219
"KGNC","Seminole/Gaines Cnty, TX, US",2025-10-12 14:55:00,"2025-10-12 14:55:00","VFR",21.8,10.9,210,5,NA,NA,1013.3,"METAR KGNC 121455Z AUTO 21005KT 10SM SCT120 22/11 A2992 RMK AO2 T02180109",2025-10-12 15:18:43.679955,2025-10-12 11:18:43.680002
"KFXY","Forest City Muni, IA, US",2025-10-12 14:55:00,"2025-10-12 09:55:00","VFR",13,10,140,16,22,NA,1009.9,"METAR KFXY 121455Z AUTO 14016G22KT 10SM CLR 13/10 A2982 RMK AO2",2025-10-12 15:18:43.686944,2025-10-12 11:18:43.686992
"KFTK","Fort Knox/Godman AAF, KY, US",2025-10-12 14:55:00,"2025-10-12 10:55:00","VFR",16.8,11.1,NA,NA,NA,NA,1015,"METAR KFTK 121455Z AUTO M 10SM CLR 17/11 A2997 RMK AO2 SLP149 T01680111 51004 TSNO $",2025-10-12 15:18:43.693905,2025-10-12 11:18:43.69395
"KGBG","Galesburg Muni, IL, US",2025-10-12 14:55:00,"2025-10-12 09:55:00","VFR",14.6,8.9,130,5,NA,NA,1015.3,"METAR KGBG 121455Z AUTO 13005KT 10SM CLR 15/09 A2998 RMK AO2 T01460089",2025-10-12 15:18:43.700381,2025-10-12 11:18:43.700426
"KGRK","Killeen-Ft Hood Rgnl, TX, US",2025-10-12 14:55:00,"2025-10-12 09:55:00","VFR",25.2,15.2,170,7,NA,NA,1012.6,"METAR KGRK 121455Z AUTO 17007KT 10SM CLR 25/15 A2990 RMK AO2 SLP114 T02520152 52008",2025-10-12 15:18:43.707066,2025-10-12 11:18:43.707112
"KGAO","Galliano/Miller Arpt, LA, US",2025-10-12 14:55:00,"2025-10-12 14:55:00","VFR",24.6,14.3,40,6,NA,NA,1013.3,"METAR KGAO 121455Z AUTO 04006KT 10SM CLR 25/14 A2992 RMK AO2 T02460143",2025-10-12 15:18:43.713657,2025-10-12 11:18:43.713703
"KGUS","Peru/Grissom ARB, IN, US",2025-10-12 14:55:00,"2025-10-12 10:55:00","VFR",15.5,8.2,100,4,NA,NA,1017,"METAR KGUS 121455Z AUTO 10004KT 10SM CLR 16/08 A3003 RMK AO2 SLP172 T01550082 50004 $",2025-10-12 15:18:43.720252,2025-10-12 11:18:43.720299
"KGSB","Goldsboro/Johnson AFB, NC, US",2025-10-12 14:55:00,"2025-10-12 10:55:00","MVFR",20.9,17.7,50,14,27,NA,1002.8,"METAR KGSB 121455Z AUTO 05014G27KT 10SM OVC017 21/18 A2961 RMK AO2 PK WND 04028/09 RAB1355E28 SLP030 P0001 60001 T02090177 50003 TSNO $",2025-10-12 15:18:43.72688,2025-10-12 11:18:43.726926
"KGVT","Greenville/Majors Arpt, TX, US",2025-10-12 14:55:00,"2025-10-12 09:55:00","VFR",25,15,220,7,NA,NA,1012.6,"METAR KGVT 121455Z AUTO 22007KT 10SM CLR 25/15 A2990 RMK AO2",2025-10-12 15:18:43.733454,2025-10-12 11:18:43.7335
"KGCD","John Day/Grant Cnty, OR, US",2025-10-12 14:55:00,"2025-10-12 07:55:00","VFR",4.3,0.8,0,0,NA,NA,1014.3,"METAR KGCD 121455Z AUTO 00000KT 10SM OVC045 04/01 A2995 RMK AO2 T00430008",2025-10-12 15:18:43.740007,2025-10-12 11:18:43.740052
"KFZY","Fulton/Oswego Cnty, NY, US",2025-10-12 14:54:00,"2025-10-12 14:54:00","VFR",16.1,8.9,NA,4,NA,NA,1022.1,"METAR KFZY 121454Z AUTO VRB04KT 10SM CLR 16/09 A3018 RMK AO2 SLP222 T01610089 51005",2025-10-12 15:18:43.746646,2025-10-12 11:18:43.746692
"KFWA","Fort Wayne Intl, IN, US",2025-10-12 14:54:00,"2025-10-12 10:54:00","VFR",15.6,9.4,30,5,NA,NA,1018,"METAR KFWA 121454Z 03005KT 10SM CLR 16/09 A3006 RMK AO2 SLP180 T01560094 50003",2025-10-12 15:18:43.753334,2025-10-12 11:18:43.75338
"KGSO","Greensboro Intl, NC, US",2025-10-12 14:54:00,"2025-10-12 10:54:00","IFR",16.1,15,20,10,21,2,1009.6,"METAR KGSO 121454Z 02010G21KT 2SM BR OVC009 16/15 A2981 RMK AO2 PK WND 02028/1423 SFC VIS 4 SLP090 60000 T01610150 53005",2025-10-12 15:18:43.759846,2025-10-12 11:18:43.75989
"KGCK","Garden City Rgnl, KS, US",2025-10-12 14:54:00,"2025-10-12 09:54:00","VFR",21.1,13.9,230,11,19,NA,1004.5,"METAR KGCK 121454Z 23011G19KT 10SM CLR 21/14 A2966 RMK AO2 SLP012 T02110139 53010 $",2025-10-12 15:18:43.766413,2025-10-12 11:18:43.76646
"KGED","Georgetown/Sussex Cnty, DE, US",2025-10-12 14:54:00,"2025-10-12 10:54:00","MVFR",17.2,15.6,50,18,30,4,1012.6,"METAR KGED 121454Z AUTO 05018G30KT 4SM RA BR BKN012 OVC018 17/16 A2990 RMK AO2 PK WND 06030/1453 SLP125 P0010 60027 T01720156 51008",2025-10-12 15:18:43.772878,2025-10-12 11:18:43.772923
"KGCN","Grand Canyon Park Arpt, AZ, US",2025-10-12 14:54:00,"2025-10-12 07:54:00","VFR",10,7.2,40,3,NA,NA,1016.7,"METAR KGCN 121454Z 04003KT 10SM SCT024 10/07 A3002 RMK AO2 SLP098 T01000072 53005",2025-10-12 15:18:43.77942,2025-10-12 11:18:43.779465
"KGMU","Greenville/Downtown Arpt, SC, US",2025-10-12 14:53:00,"2025-10-12 10:53:00","VFR",21.7,8.9,360,8,17,NA,1011.3,"METAR KGMU 121453Z 36008G17KT 10SM SCT034 22/09 A2986 RMK AO2 SLP104 6//// T02170089 51002",2025-10-12 15:18:43.786027,2025-10-12 11:18:43.786071
"KGSP","Greenville-Spartanburg Intl, SC, US",2025-10-12 14:53:00,"2025-10-12 10:53:00","VFR",20,9.4,10,7,NA,NA,1010.9,"METAR KGSP 121453Z 01007KT 10SM BKN037 20/09 A2985 RMK AO2 SLP101 T02000094 53001",2025-10-12 15:18:43.79261,2025-10-12 11:18:43.792655
"KGSH","Goshen Muni, IN, US",2025-10-12 14:53:00,"2025-10-12 10:53:00","VFR",13.9,10.6,80,3,NA,NA,1018.7,"METAR KGSH 121453Z AUTO 08003KT 10SM CLR 14/11 A3008 RMK AO2 SLP186 60000 T01390106 53005",2025-10-12 15:18:43.810931,2025-10-12 11:18:43.810997
"KGEZ","Shelbyville Muni, IN, US",2025-10-12 14:53:00,"2025-10-12 14:53:00","VFR",15.6,8.9,NA,3,NA,NA,1016.7,"METAR KGEZ 121453Z AUTO VRB03KT 10SM CLR 16/09 A3002 RMK AO2 SLP166 T01560089 51006",2025-10-12 15:18:43.81825,2025-10-12 11:18:43.8183
"KGLH","Greenville/Mid Delta Arpt, MS, US",2025-10-12 14:53:00,"2025-10-12 09:53:00","VFR",23.3,13.3,160,6,NA,NA,1014.3,"METAR KGLH 121453Z AUTO 16006KT 10SM CLR 23/13 A2995 RMK AO2 SLP146 T02330133 51009",2025-10-12 15:18:43.825217,2025-10-12 11:18:43.825265
"KFOE","Topeka/Forbes Fld, KS, US",2025-10-12 14:53:00,"2025-10-12 09:53:00","VFR",21.7,15,160,14,NA,NA,1007.9,"METAR KFOE 121453Z 16014KT 10SM CLR 22/15 A2976 RMK AO2 SLP071 T02170150 58007 $",2025-10-12 15:18:43.832097,2025-10-12 11:18:43.832143
"KGAG","Gage Arpt, OK, US",2025-10-12 14:53:00,"2025-10-12 09:53:00","VFR",22.8,10,180,18,27,NA,1006.9,"METAR KGAG 121453Z AUTO 18018G27KT 10SM CLR 23/10 A2973 RMK AO2 PK WND 18027/1450 SLP044 T02280100 53003 $",2025-10-12 15:18:43.838632,2025-10-12 11:18:43.838678
"KGRR","Grand Rapids Intl, MI, US",2025-10-12 14:53:00,"2025-10-12 10:53:00","LIFR",9.4,9.4,0,0,NA,3,1019.7,"METAR KGRR 121453Z 00000KT 3SM BR OVC002 09/09 A3011 RMK AO2 SLP200 T00940094 53007 $",2025-10-12 15:18:43.845247,2025-10-12 11:18:43.845294
"KGLR","Gaylord Rgnl, MI, US",2025-10-12 14:53:00,"2025-10-12 10:53:00","MVFR",12.8,9.4,150,7,NA,NA,1020.4,"METAR KGLR 121453Z AUTO 15007KT 10SM BKN015 13/09 A3013 RMK AO2 SLP209 T01280094 57000",2025-10-12 15:18:43.85178,2025-10-12 11:18:43.851825
"KFPR","Ft Pierce/Treasure Coast Intl, FL, US",2025-10-12 14:53:00,"2025-10-12 10:53:00","VFR",23.9,19.4,330,4,NA,NA,1009.2,"METAR KFPR 121453Z 33004KT 10SM CLR 24/19 A2980 RMK AO2 SLP089 T02390194 50010",2025-10-12 15:18:43.858364,2025-10-12 11:18:43.85841
"KGIF","Winter Haven Rgnl, FL, US",2025-10-12 14:53:00,"2025-10-12 10:53:00","VFR",22.2,18.3,320,4,NA,NA,1010.6,"METAR KGIF 121453Z AUTO 32004KT 10SM CLR 22/18 A2984 RMK AO1 SLP102 T02220183 51009",2025-10-12 15:18:43.864906,2025-10-12 11:18:43.864952
"KFOK","Westhampton/Gabreski Arpt, NY, US",2025-10-12 14:53:00,"2025-10-12 10:53:00","VFR",13.9,11.1,50,17,30,NA,1019,"METAR KFOK 121453Z 05017G30KT 10SM -RA FEW023 BKN060 OVC080 14/11 A3009 RMK AO2 PK WND 03034/1430 RAB29 SLP188 P0001 60001 T01390111 50000",2025-10-12 15:18:43.871536,2025-10-12 11:18:43.871583
"KFST","Fort Stockton/Pecos Cnty, TX, US",2025-10-12 14:53:00,"2025-10-12 09:53:00","VFR",24.4,16.1,280,9,NA,NA,1012.6,"METAR KFST 121453Z AUTO 28009KT 10SM SCT090 24/16 A2990 RMK AO2 SLP076 T02440161 53008",2025-10-12 15:18:43.87814,2025-10-12 11:18:43.878208
"KFRG","Farmingdale/Republic Arpt, NY, US",2025-10-12 14:53:00,"2025-10-12 10:53:00","VFR",15,10,30,17,27,NA,1018.4,"METAR KFRG 121453Z 03017G27KT 10SM FEW040 15/10 A3007 RMK AO2 PK WND 05034/1440 SLP181 T01500100 51001",2025-10-12 15:18:43.88468,2025-10-12 11:18:43.884725
"KGEY","Greybull/South Big Horn Arpt, WY, US",2025-10-12 14:53:00,"2025-10-12 08:53:00","VFR",7.2,2.8,130,4,NA,NA,1007.5,"METAR KGEY 121453Z AUTO 13004KT 10SM FEW070 BKN090 OVC110 07/03 A2975 RMK AO2 SLP064 T00720028 53028",2025-10-12 15:18:43.891416,2025-10-12 11:18:43.891472
"KGPT","Gulfport-Biloxi Intl, MS, US",2025-10-12 14:53:00,"2025-10-12 09:53:00","VFR",22.8,12.8,20,5,NA,NA,1013,"METAR KGPT 121453Z 02005KT 10SM CLR 23/13 A2991 RMK AO2 SLP126 T02280128 51007",2025-10-12 15:18:43.89801,2025-10-12 11:18:43.898057
"KGGW","Glasgow Intl Arpt, MT, US",2025-10-12 14:53:00,"2025-10-12 08:53:00","MVFR",3.9,2.2,300,20,35,NA,1001.4,"METAR KGGW 121453Z AUTO 30020G35KT 10SM -RA BKN014 OVC019 04/02 A2957 RMK AO2 PK WND 30035/1445 SLP019 P0001 60003 T00390022 51021 TSNO ",2025-10-12 15:18:43.904554,2025-10-12 11:18:43.904599
"KGGG","Longview/Gregg Cnty, TX, US",2025-10-12 14:53:00,"2025-10-12 09:53:00","VFR",22.8,16.1,210,4,NA,NA,1013,"METAR KGGG 121453Z 21004KT 10SM SCT070 23/16 A2991 RMK AO2 SLP124 T02280161 51013",2025-10-12 15:18:43.911102,2025-10-12 11:18:43.911148
"KFYV","Fayetteville/Drake Fld, AR, US",2025-10-12 14:53:00,"2025-10-12 09:53:00","VFR",23.3,16.1,200,7,NA,NA,1013.3,"METAR KFYV 121453Z 20007KT 10SM CLR 23/16 A2992 RMK AO2 SLP120 T02330161 53008",2025-10-12 15:18:43.917689,2025-10-12 11:18:43.917733
"KGNV","Gainesville Rgnl, FL, US",2025-10-12 14:53:00,"2025-10-12 10:53:00","VFR",23.3,16.1,320,5,NA,NA,1010.9,"METAR KGNV 121453Z 32005KT 10SM CLR 23/16 A2985 RMK AO2 SLP106 T02330161 50006",2025-10-12 15:18:43.924291,2025-10-12 11:18:43.924339
"KGOK","Guthrie-Edmond Rgnl, OK, US",2025-10-12 14:53:00,"2025-10-12 09:53:00","VFR",25,11.7,180,13,21,NA,1009.2,"METAR KGOK 121453Z AUTO 18013G21KT 10SM CLR 25/12 A2980 RMK AO2 SLP081 T02500117 50003 $",2025-10-12 15:18:43.930866,2025-10-12 11:18:43.930911
"KGRI","Grand Island Rgnl, NE, US",2025-10-12 14:53:00,"2025-10-12 09:53:00","VFR",22.2,12.2,190,14,22,NA,1001.8,"METAR KGRI 121453Z 19014G22KT 10SM CLR 22/12 A2958 RMK AO2 SLP006 T02220122 56001",2025-10-12 15:18:43.950086,2025-10-12 11:18:43.950135
"KGUP","Gallup Muni, NM, US",2025-10-12 14:53:00,"2025-10-12 08:53:00","VFR",12.2,11.1,230,4,NA,NA,1017,"METAR KGUP 121453Z AUTO 23004KT 10SM CLR 12/11 A3003 RMK AO2 SLP072 T01220111 53007",2025-10-12 15:18:43.957171,2025-10-12 11:18:43.957223
"KFTW","Fort Worth/Meacham Intl, TX, US",2025-10-12 14:53:00,"2025-10-12 09:53:00","VFR",24.4,12.8,200,11,NA,NA,1011.3,"METAR KFTW 121453Z 20011KT 10SM CLR 24/13 A2986 RMK AO2 SLP104 T02440128 51006 $",2025-10-12 15:18:43.964242,2025-10-12 11:18:43.964292
"KFTY","Atlanta/Fulton Cnty, GA, US",2025-10-12 14:53:00,"2025-10-12 10:53:00","VFR",19.4,10.6,290,9,NA,NA,1012.3,"METAR KFTY 121453Z 29009KT 10SM CLR 19/11 A2989 RMK AO2 SLP117 T01940106 51003",2025-10-12 15:18:43.971189,2025-10-12 11:18:43.971246
"KFUL","Fullerton Muni, CA, US",2025-10-12 14:53:00,"2025-10-12 07:53:00","MVFR",15.6,13.3,0,0,NA,NA,1007.9,"METAR KFUL 121453Z 00000KT 10SM OVC010 16/13 A2976 RMK AO2 SLP078 T01560133 53001",2025-10-12 15:18:43.977742,2025-10-12 11:18:43.977788
"KGFK","Grand Forks Intl, ND, US",2025-10-12 14:53:00,"2025-10-12 09:53:00","MVFR",16.1,13.9,170,19,27,NA,995,"METAR KGFK 121453Z 17019G27KT 10SM OVC013 16/14 A2938 RMK AO2 PK WND 16029/1432 SLP950 60000 T01610139 58014",2025-10-12 15:18:43.984429,2025-10-12 11:18:43.984476
"KGUY","Guymon Muni, OK, US",2025-10-12 14:53:00,"2025-10-12 09:53:00","VFR",22.2,13.9,230,17,NA,NA,1005.5,"METAR KGUY 121453Z AUTO 23017KT 10SM CLR 22/14 A2969 RMK AO2 SLP010 T02220139 51007",2025-10-12 15:18:43.991054,2025-10-12 11:18:43.991101
"KGKJ","Meadville Arpt, PA, US",2025-10-12 14:53:00,"2025-10-12 10:53:00","VFR",16.1,11.7,NA,NA,NA,NA,1018.7,"METAR KGKJ 121453Z AUTO 10SM CLR 16/12 A3008 RMK AO2 SLP185 T01610117 50003",2025-10-12 15:18:43.997629,2025-10-12 11:18:43.997676
"KGRB","Green Bay/Straubel Intl, WI, US",2025-10-12 14:53:00,"2025-10-12 09:53:00","MVFR",14.4,10,120,8,NA,NA,1018,"METAR KGRB 121453Z 12008KT 10SM OVC028 14/10 A3006 RMK AO2 SLP180 T01440100 58005",2025-10-12 15:18:44.00411,2025-10-12 11:18:44.004179
"KGTF","Great Falls Intl, MT, US",2025-10-12 14:53:00,"2025-10-12 08:53:00","MVFR",0,-2.8,340,10,NA,9,1011.9,"METAR KGTF 121453Z 34010KT 9SM -SN OVC020 00/M03 A2988 RMK AO2 UPB35E37SNE1359B37 SLP136 P0000 60002 T00001028 51028 $",2025-10-12 15:18:44.01065,2025-10-12 11:18:44.010695
"KGKY","Arlington Muni, TX, US",2025-10-12 14:53:00,"2025-10-12 14:53:00","VFR",24.4,13.9,200,6,NA,NA,1011.9,"METAR KGKY 121453Z 20006KT 10SM CLR 24/14 A2988 RMK AO2 SLP110 T02440139 52006",2025-10-12 15:18:44.017253,2025-10-12 11:18:44.017299
"KGFL","Glens Falls/Warren Cnty, NY, US",2025-10-12 14:53:00,"2025-10-12 10:53:00","VFR",15,5.6,50,9,NA,NA,1024.5,"METAR KGFL 121453Z AUTO 05009KT 10SM CLR 15/06 A3025 RMK AO2 SLP246 T01500056 50003",2025-10-12 15:18:44.023798,2025-10-12 11:18:44.023844
"KGCC","Gillette/Campbell Cnty, WY, US",2025-10-12 14:53:00,"2025-10-12 08:53:00","IFR",5.6,4.4,300,9,NA,NA,1006.5,"METAR KGCC 121453Z AUTO 30009KT 10SM OVC008 06/04 A2972 RMK AO2 RAE01 CIG 006V011 SLP045 P0000 60000 T00560044 51016 $",2025-10-12 15:18:44.030315,2025-10-12 11:18:44.030362
"KGJT","Grand Junction Rgnl, CO, US",2025-10-12 14:53:00,"2025-10-12 08:53:00","VFR",11.7,5,10,3,NA,NA,1015.7,"METAR KGJT 121453Z 01003KT 10SM CLR 12/05 A2999 RMK AO2 SLP115 T01170050 53023 $",2025-10-12 15:18:44.036873,2025-10-12 11:18:44.036918
"KGLD","Goodland/Renner Fld, KS, US",2025-10-12 14:53:00,"2025-10-12 08:53:00","VFR",20.6,8.9,270,10,17,NA,1003.8,"METAR KGLD 121453Z AUTO 27010G17KT 10SM CLR 21/09 A2964 RMK AO2 SLP995 T02060089 53018",2025-10-12 15:18:44.043355,2025-10-12 11:18:44.043401
"KFSM","Fort Smith Rgnl, AR, US",2025-10-12 14:53:00,"2025-10-12 09:53:00","VFR",21.7,16.1,80,7,NA,NA,1013,"METAR KFSM 121453Z 08007KT 10SM CLR 22/16 A2991 RMK AO2 SLP124 T02170161 50009",2025-10-12 15:18:44.049856,2025-10-12 11:18:44.049902
"KFVE","Frenchville/N Aroostook Rgnl, ME, US",2025-10-12 14:53:00,"2025-10-12 10:53:00","VFR",8.9,2.2,120,4,NA,NA,1032.3,"METAR KFVE 121453Z AUTO 12004KT 10SM CLR 09/02 A3048 RMK AO2 SLP324 T00890022 51013",2025-10-12 15:18:44.056429,2025-10-12 11:18:44.056475
"KFXE","Ft Lauderdale Exec, FL, US",2025-10-12 14:53:00,"2025-10-12 10:53:00","VFR",27.8,22.2,340,5,NA,NA,1008.5,"METAR KFXE 121453Z 34005KT 10SM FEW060 28/22 A2978 RMK AO2 SLP088 T02780222 51009 $",2025-10-12 15:18:44.063066,2025-10-12 11:18:44.06312
"KGLS","Galveston/Scholes Intl, TX, US",2025-10-12 14:52:00,"2025-10-12 09:52:00","VFR",27.2,16.7,110,5,NA,NA,1013,"METAR KGLS 121452Z 11005KT 10SM CLR 27/17 A2991 RMK AO1 SLP129 T02720167 53010 $",2025-10-12 15:18:44.069648,2025-10-12 11:18:44.069694
"KFOT","Fortuna/Rohnerville Arpt, CA, US",2025-10-12 14:50:00,"2025-10-12 14:50:00","MVFR",9,9,290,5,NA,NA,1018.4,"METAR KFOT 121450Z AUTO 29005KT 10SM OVC021 09/09 A3007 RMK AO1",2025-10-12 15:18:44.088886,2025-10-12 11:18:44.08895
"KGNG","Gooding Muni, ID, US",2025-10-12 14:50:00,"2025-10-12 08:50:00","VFR",5,1,210,7,NA,NA,1016,"METAR KGNG 121450Z AUTO 21007KT 10SM FEW038 OVC049 05/01 A3000 RMK AO2",2025-10-12 15:18:44.095825,2025-10-12 11:18:44.095878
"KGEU","Glendale Muni, AZ, US",2025-10-12 14:47:00,"2025-10-12 14:47:00","IFR",22,20,0,0,NA,NA,1007.2,"METAR KGEU 121447Z 00000KT 10SM BKN008 BKN017 OVC036 22/20 A2974",2025-10-12 15:18:44.102801,2025-10-12 11:18:44.10285
"KHCO","Hallock Muni, MN, US",2025-10-12 15:16:00,"2025-10-12 15:16:00","MVFR",16,15,160,20,26,NA,995,"METAR KHCO 121516Z AUTO 16020G26KT 10SM OVC015 16/15 A2938 RMK AO2",2025-10-12 15:18:45.698215,2025-10-12 11:18:45.698261
"KHHF","Canadian/Hemphill Cnty, TX, US",2025-10-12 15:15:00,"2025-10-12 15:15:00","VFR",22.2,11.1,200,12,NA,NA,1007.5,"METAR KHHF 121515Z AUTO 20012KT 10SM CLR 22/11 A2975 RMK AO2 T02220111",2025-10-12 15:18:45.70488,2025-10-12 11:18:45.704925
"KGYL","Glencoe Muni, MN, US",2025-10-12 15:15:00,"2025-10-12 15:15:00","VFR",16.1,10.6,150,13,22,NA,1006.5,"METAR KGYL 121515Z AUTO 15013G22KT 10SM CLR 16/11 A2972 RMK AO2 T01610106",2025-10-12 15:18:45.711461,2025-10-12 11:18:45.711507
"KHAF","Half Moon Bay Arpt, CA, US",2025-10-12 15:15:00,"2025-10-12 08:15:00","VFR",10,10,0,0,NA,9,1014.6,"METAR KHAF 121515Z AUTO 00000KT 9SM CLR 10/10 A2996 RMK AO2",2025-10-12 15:18:45.717981,2025-10-12 11:18:45.718025
"KHMT","Hemet/Ryan Arpt, CA, US",2025-10-12 15:15:00,"2025-10-12 08:15:00","VFR",13,7,0,0,NA,NA,1009.6,"METAR KHMT 121515Z AUTO 00000KT 10SM CLR 13/07 A2981 RMK AO2",2025-10-12 15:18:45.724625,2025-10-12 11:18:45.724672
"KHCR","Heber City Muni, UT, US",2025-10-12 15:15:00,"2025-10-12 15:15:00","VFR",4.3,2.1,130,4,NA,NA,1017.4,"METAR KHCR 121515Z AUTO 13004KT 10SM CLR 04/02 A3004 RMK AO2 T00430021 $",2025-10-12 15:18:45.731199,2025-10-12 11:18:45.731247
"KHFY","Greenwood Muni, IN, US",2025-10-12 15:15:00,"2025-10-12 15:15:00","VFR",15.5,9.8,0,0,NA,NA,1017.4,"METAR KHFY 121515Z AUTO 00000KT 10SM CLR 16/10 A3004 RMK AO2 T01550098",2025-10-12 15:18:45.73776,2025-10-12 11:18:45.737806
"KHYX","Saginaw Cnty Arpt, MI, US",2025-10-12 15:15:00,"2025-10-12 15:15:00","IFR",14,11,130,6,NA,NA,1019.7,"METAR KHYX 121515Z AUTO 13006KT 10SM BKN007 14/11 A3011 RMK AO2",2025-10-12 15:18:45.744315,2025-10-12 11:18:45.74436
"KHEQ","Holyoke Arpt, CO, US",2025-10-12 15:15:00,"2025-10-12 15:15:00","VFR",15,5,330,16,22,NA,1005.2,"METAR KHEQ 121515Z AUTO 33016G22KT 10SM CLR 15/05 A2968 RMK AO2",2025-10-12 15:18:45.75084,2025-10-12 11:18:45.750886
"KHOE","Homerville Arpt, GA, US",2025-10-12 15:15:00,"2025-10-12 15:15:00","VFR",21,14.3,330,5,NA,NA,1011.3,"METAR KHOE 121515Z AUTO 33005KT 10SM CLR 21/14 A2986 RMK AO2 T02100143",2025-10-12 15:18:45.757421,2025-10-12 11:18:45.75747
"KHQU","Thomson/McDuffie Cnty, GA, US",2025-10-12 15:15:00,"2025-10-12 15:15:00","VFR",18,13,0,0,NA,NA,1013,"METAR KHQU 121515Z AUTO 00000KT 10SM -RA OVC031 18/13 A2991 RMK AO2",2025-10-12 15:18:45.76401,2025-10-12 11:18:45.764062
"KHRX","Hereford Muni, TX, US",2025-10-12 15:15:00,"2025-10-12 15:15:00","VFR",20.2,15.4,230,8,NA,NA,1011.3,"METAR KHRX 121515Z AUTO 23008KT 10SM -RA CLR 20/15 A2986 RMK AO2 T02020154 TSNO",2025-10-12 15:18:45.783839,2025-10-12 11:18:45.783885
"KHJH","Hebron Muni, NE, US",2025-10-12 15:15:00,"2025-10-12 15:15:00","VFR",24.1,12,180,15,23,NA,1003.5,"METAR KHJH 121515Z AUTO 18015G23KT 10SM CLR 24/12 A2963 RMK AO2 T02410120",2025-10-12 15:18:45.790878,2025-10-12 11:18:45.790924
"KHPT","Hampton Muni, IA, US",2025-10-12 15:15:00,"2025-10-12 10:15:00","VFR",12,8,140,11,17,NA,1010.6,"METAR KHPT 121515Z AUTO 14011G17KT 10SM CLR 12/08 A2984 RMK AO2",2025-10-12 15:18:45.797955,2025-10-12 11:18:45.797999
"KHEG","Jacksonville/Herlong Arpt, FL, US",2025-10-12 15:15:00,"2025-10-12 15:15:00","VFR",21,15,300,6,NA,NA,1010.2,"METAR KHEG 121515Z AUTO 30006KT 10SM CLR 21/15 A2983 RMK AO2 TSNO",2025-10-12 15:18:45.804496,2025-10-12 11:18:45.804543
"KHAI","Three Rivers Muni, MI, US",2025-10-12 15:15:00,"2025-10-12 11:15:00","LIFR",10,10,NA,2,NA,9,1019,"METAR KHAI 121515Z AUTO VRB02KT 9SM OVC003 10/10 A3009 RMK AO2",2025-10-12 15:18:45.81123,2025-10-12 11:18:45.811278
"KHDC","Hammond/Northshore Rgnl, LA, US",2025-10-12 15:15:00,"2025-10-12 15:15:00","VFR",23.2,14.5,0,0,NA,NA,1013.6,"METAR KHDC 121515Z AUTO 00000KT 10SM CLR 23/15 A2993 RMK AO2 T02320145",2025-10-12 15:18:45.817803,2025-10-12 11:18:45.81785
"KHSP","Hot Springs/Ingalls Fld, VA, US",2025-10-12 15:15:00,"2025-10-12 11:15:00","LIFR",11.3,11,70,11,20,0.25,1015.3,"METAR KHSP 121515Z AUTO 07011G20KT 040V100 M1/4SM -RA OVC002 11/11 A2998 RMK AO2 T01130110",2025-10-12 15:18:45.824332,2025-10-12 11:18:45.824377
"KHFJ","Monett Muni, MO, US",2025-10-12 15:15:00,"2025-10-12 15:15:00","VFR",21,15,170,8,NA,NA,1013,"METAR KHFJ 121515Z AUTO 17008KT 10SM CLR 21/15 A2991 RMK AO2",2025-10-12 15:18:45.830952,2025-10-12 11:18:45.830998
"KHSB","Harrisburg/Raleigh Arpt, IL, US",2025-10-12 15:15:00,"2025-10-12 10:15:00","VFR",19.3,14,NA,NA,NA,NA,1016,"METAR KHSB 121515Z 10SM CLR 19/14 A3000 RMK AO2 T01930140",2025-10-12 15:18:45.837589,2025-10-12 11:18:45.837634
"KHLX","Hillsville/Twin Cnty, VA, US",2025-10-12 15:15:00,"2025-10-12 15:15:00","MVFR",14,11,10,7,14,NA,1013.6,"METAR KHLX 121515Z AUTO 01007G14KT 10SM OVC012 14/11 A2993 RMK AO2",2025-10-12 15:18:45.844144,2025-10-12 11:18:45.84421
"KHYW","Conway/Horry Cnty, SC, US",2025-10-12 15:15:00,"2025-10-12 15:15:00","IFR",17,17,320,7,NA,3,1003.5,"METAR KHYW 121515Z AUTO 32007KT 3SM -RA BKN006 BKN018 BKN022 17/17 A2963 RMK AO2 LTG DSNT NE P0004",2025-10-12 15:18:45.850655,2025-10-12 11:18:45.850699
"KHWY","Warrenton/Fauquier Arpt, VA, US",2025-10-12 15:15:00,"2025-10-12 15:15:00","MVFR",17.5,14.5,20,7,NA,NA,1014.6,"METAR KHWY 121515Z AUTO 02007KT 10SM OVC020 18/15 A2996 RMK AO2 T01750145",2025-10-12 15:18:45.857273,2025-10-12 11:18:45.85732
"KHLN","Helena Rgnl, MT, US",2025-10-12 15:14:00,"2025-10-12 09:14:00","IFR",0,-0.6,270,10,NA,1,1011.6,"SPECI KHLN 121514Z 27010KT 1SM -SN BR FEW004 OVC017 00/M01 A2987 RMK AO2 P0002 T00001006 $",2025-10-12 15:18:45.863752,2025-10-12 11:18:45.863796
"KGWW","Goldsboro/Wayne Muni, NC, US",2025-10-12 15:10:00,"2025-10-12 15:10:00","MVFR",19.8,18.1,40,18,27,NA,1003.8,"METAR KGWW 121510Z AUTO 04018G27KT 10SM OVC017 20/18 A2964 RMK AO2 T01980181",2025-10-12 15:18:45.870399,2025-10-12 11:18:45.870446
"KHRJ","Erwin/Harnett Rgnl, NC, US",2025-10-12 15:10:00,"2025-10-12 15:10:00","MVFR",19.5,18.4,10,14,21,5,1005.2,"METAR KHRJ 121510Z AUTO 01014G21KT 5SM BR OVC012 19/18 A2968 RMK AO2 T01950184",2025-10-12 15:18:45.876881,2025-10-12 11:18:45.876925
"KHNZ","Oxford-Henderson Arpt, NC, US",2025-10-12 15:05:00,"2025-10-12 15:05:00","IFR",16.6,16.5,20,8,16,5,1008.2,"METAR KHNZ 121505Z AUTO 02008G16KT 5SM BR BKN008 OVC012 17/17 A2977 RMK AO2 T01660165",2025-10-12 15:18:45.883411,2025-10-12 11:18:45.883457
"KHBI","Asheboro Muni, NC, US",2025-10-12 15:05:00,"2025-10-12 15:05:00","IFR",15.9,15.3,360,11,17,NA,1009.6,"METAR KHBI 121505Z AUTO 36011G17KT 10SM OVC008 16/15 A2981 RMK AO2 T01590153",2025-10-12 15:18:45.889928,2025-10-12 11:18:45.889974
"KHFD","Hartford/Brainard Arpt, CT, US",2025-10-12 15:00:00,"2025-10-12 11:00:00","MVFR",14.4,8.9,20,12,19,NA,1022.1,"SPECI KHFD 121500Z 02012G19KT 10SM BKN030 14/09 A3018 RMK AO2 T01440089",2025-10-12 15:18:45.896498,2025-10-12 11:18:45.896544
"KHLG","Wheeling/Ohio Cnty, WV, US",2025-10-12 15:00:00,"2025-10-12 11:00:00","MVFR",15,11.7,70,6,NA,NA,1017,"SPECI KHLG 121500Z 07006KT 10SM FEW012 BKN022 15/12 A3003 RMK AO2 T01500117",2025-10-12 15:18:45.915431,2025-10-12 11:18:45.915495
"KHCD","Hutchinson/Butler Fld, MN, US",2025-10-12 15:00:00,"2025-10-12 15:00:00","VFR",15,10,150,18,NA,NA,NA,"METAR KHCD 121500Z 15018KT 10SM SCT065 SCT090 BKN120 15/10 RMK AO2",2025-10-12 15:18:45.922567,2025-10-12 11:18:45.922616
"KHYA","Hyannis/Barnstable Muni, MA, US",2025-10-12 14:56:00,"2025-10-12 10:56:00","MVFR",16.1,13.3,40,14,22,NA,1020.4,"METAR KHYA 121456Z 04014G22KT 10SM -RA OVC013 16/13 A3013 RMK AO2 RAB56 SLP202 P0000 60000 T01610133 58008 $",2025-10-12 15:18:45.929585,2025-10-12 11:18:45.929634
"KHNB","Huntingburg Arpt, IN, US",2025-10-12 14:56:00,"2025-10-12 10:56:00","VFR",16.7,12.2,0,0,NA,9,1016.3,"METAR KHNB 121456Z AUTO 00000KT 9SM CLR 17/12 A3001 RMK AO2 SLP161 T01670122 51005",2025-10-12 15:18:45.936441,2025-10-12 11:18:45.936484
"KHYI","San Marcos Muni, TX, US",2025-10-12 14:56:00,"2025-10-12 14:56:00","VFR",24.4,16.7,200,4,NA,NA,1013.3,"METAR KHYI 121456Z 20004KT 10SM CLR 24/17 A2992 RMK AO2 SLP124 T02440167 51008",2025-10-12 15:18:45.945358,2025-10-12 11:18:45.945409
"KHEZ","Natchez/Adams Cnty, MS, US",2025-10-12 14:56:00,"2025-10-12 09:56:00","VFR",22.8,13.9,NA,3,NA,NA,1014.3,"METAR KHEZ 121456Z AUTO VRB03KT 10SM CLR 23/14 A2995 RMK AO2 SLP142 T02280139 51010 $",2025-10-12 15:18:45.952103,2025-10-12 11:18:45.952166
"KHDN","Hayden/Yampa Valley Arpt, CO, US",2025-10-12 14:56:00,"2025-10-12 08:56:00","VFR",0.6,0.6,360,4,NA,8,1018,"METAR KHDN 121456Z AUTO 36004KT 8SM BKN037 OVC090 01/01 A3006 RMK AO2 SLP153 P0001 60005 T00060006 52015 FZRANO $",2025-10-12 15:18:45.95858,2025-10-12 11:18:45.958625
"KHPN","White Plains/Westchester Cnty, NY, US",2025-10-12 14:56:00,"2025-10-12 10:56:00","VFR",14.4,8.9,50,8,NA,NA,1019.4,"METAR KHPN 121456Z 05008KT 10SM FEW030 SCT050 BKN120 14/09 A3010 RMK AO2 SLP193 T01440089 58001",2025-10-12 15:18:45.965127,2025-10-12 11:18:45.965194
"KHYS","Hays Rgnl, KS, US",2025-10-12 14:56:00,"2025-10-12 09:56:00","VFR",22.8,11.7,200,18,26,NA,1003.1,"METAR KHYS 121456Z AUTO 20018G26KT 10SM CLR 23/12 A2962 RMK AO2 PK WND 20026/1449 SLP014 T02280117 53005 $",2025-10-12 15:18:45.972061,2025-10-12 11:18:45.972106
"KHWV","Brookhaven Arpt, NY, US",2025-10-12 14:56:00,"2025-10-12 10:56:00","VFR",14.4,9.4,40,10,18,NA,1018.7,"METAR KHWV 121456Z AUTO 04010G18KT 010V070 10SM FEW065 FEW080 SCT110 14/09 A3008 RMK AO2 SLP186 T01440094 58002 PWINO",2025-10-12 15:18:45.978632,2025-10-12 11:18:45.978679
"KHND","Henderson Exec, NV, US",2025-10-12 14:56:00,"2025-10-12 07:56:00","VFR",17.2,-0.6,30,7,NA,NA,1013,"METAR KHND 121456Z 03007KT 10SM CLR 17/M01 A2991 RMK AO2 SLP125 T01721006 53014 $",2025-10-12 15:18:45.985225,2025-10-12 11:18:45.985273
"KHII","Lake Havasu City Arpt, AZ, US",2025-10-12 14:55:00,"2025-10-12 07:55:00","VFR",24,0,350,9,NA,NA,1007.2,"METAR KHII 121455Z AUTO 35009KT 10SM CLR 24/00 A2974 RMK AO2",2025-10-12 15:18:45.991771,2025-10-12 11:18:45.991817
"KHHW","Hugo/Stamper Muni, OK, US",2025-10-12 14:55:00,"2025-10-12 09:55:00","VFR",22,16,120,3,NA,NA,1012.6,"METAR KHHW 121455Z AUTO 12003KT 10SM CLR 22/16 A2990 RMK AO2",2025-10-12 15:18:45.998368,2025-10-12 11:18:45.998415
"KHQG","Hugoton Muni, KS, US",2025-10-12 14:55:00,"2025-10-12 14:55:00","VFR",22,14,220,15,NA,NA,1005.5,"METAR KHQG 121455Z AUTO 22015KT 10SM CLR 22/14 A2969 RMK AO2 TSNO",2025-10-12 15:18:46.004941,2025-10-12 11:18:46.004987
"KHIF","Ogden/Hill AFB, UT, US",2025-10-12 14:55:00,"2025-10-12 08:55:00","VFR",6,2.1,170,7,NA,NA,1017,"METAR KHIF 121455Z AUTO 17007KT 10SM SCT075 06/02 A3003 RMK AO2 SLP157 T00600021 52013 $",2025-10-12 15:18:46.011507,2025-10-12 11:18:46.011552
"KHMN","Holloman AFB, NM, US",2025-10-12 14:55:00,"2025-10-12 08:55:00","VFR",19.3,17.1,160,12,NA,NA,1015,"METAR KHMN 121455Z AUTO 16012KT 10SM OVC034 19/17 A2997 RMK AO2 SLP090 T01930171 53007 VISNO RWY04 $",2025-10-12 15:18:46.018165,2025-10-12 11:18:46.018217
"KHRT","Ft Walton Beach/Hurlburt Fld, FL, US",2025-10-12 14:55:00,"2025-10-12 14:55:00","VFR",24.2,12.8,0,0,NA,NA,1011.9,"METAR KHRT 121455Z AUTO 00000KT 10SM CLR 24/13 A2988 RMK AO2 SLP117 T02420128 51009 $",2025-10-12 15:18:46.024692,2025-10-12 11:18:46.024737
"KHVS","Hartsville Rgnl, SC, US",2025-10-12 14:55:00,"2025-10-12 10:55:00","IFR",17,16,340,7,12,NA,1006.2,"METAR KHVS 121455Z AUTO 34007G12KT 310V010 10SM BKN009 BKN013 17/16 A2971 RMK AO2",2025-10-12 15:18:46.031399,2025-10-12 11:18:46.03145
"KHON","Huron Rgnl, SD, US",2025-10-12 14:55:00,"2025-10-12 09:55:00","VFR",18.9,14.4,160,12,27,NA,997.7,"METAR KHON 121455Z AUTO 16012G27KT 10SM CLR 19/14 A2946 RMK AO2 PK WND 16031/1404 SLP971 T01890144 50000",2025-10-12 15:18:46.037971,2025-10-12 11:18:46.038016
"KGWR","Gwinner Muni, ND, US",2025-10-12 14:55:00,"2025-10-12 14:55:00","VFR",19,19,160,15,25,NA,996.7,"METAR KGWR 121455Z AUTO 16015G25KT 10SM CLR 19/19 A2943 RMK A01",2025-10-12 15:18:46.057242,2025-10-12 11:18:46.05729
"KHFF","Mackall, NC, US",2025-10-12 14:55:00,"2025-10-12 10:55:00","MVFR",19.1,17.8,30,15,NA,NA,1004.8,"METAR KHFF 121455Z AUTO 03015KT 10SM BKN012 OVC020 19/18 A2967 RMK AO2 RAB1355E09DZB09E15 BKN V OVC SLP048 P0000 60002 T01910178 50001 $",2025-10-12 15:18:46.064281,2025-10-12 11:18:46.064329
"KGYB","Giddings/Lee Cnty, TX, US",2025-10-12 14:55:00,"2025-10-12 14:55:00","VFR",25.2,16.7,210,5,NA,NA,1014.3,"METAR KGYB 121455Z AUTO 21005KT 10SM CLR 25/17 A2995 RMK AO2 T02520167",2025-10-12 15:18:46.071481,2025-10-12 11:18:46.071532
"KHLR","Killeen/Ft Hood AAF, TX, US",2025-10-12 14:55:00,"2025-10-12 09:55:00","VFR",24.5,15.9,210,9,NA,NA,1012.3,"METAR KHLR 121455Z AUTO 21009KT 10SM CLR 25/16 A2989 RMK AO2 SLP113 T02450159 52009",2025-10-12 15:18:46.078285,2025-10-12 11:18:46.07833
"KHOP","Fort Campbell, KY, US",2025-10-12 14:55:00,"2025-10-12 09:55:00","VFR",20.6,11,70,5,NA,NA,1014.6,"METAR KHOP 121455Z AUTO 07005KT 10SM CLR 21/11 A2996 RMK AO2 SLP144 T02060110 51007",2025-10-12 15:18:46.085447,2025-10-12 11:18:46.085495
"KHSG","Thermopolis/Hot Springs Cnty, WY, US",2025-10-12 14:55:00,"2025-10-12 08:55:00","VFR",4.1,1.3,20,9,NA,NA,1008.5,"METAR KHSG 121455Z AUTO 02009KT 10SM CLR 04/01 A2978 RMK AO2 T00410013",2025-10-12 15:18:46.093287,2025-10-12 11:18:46.093334
"KHSD","Oklahoma City/Sundance Arpt, OK, US",2025-10-12 14:55:00,"2025-10-12 14:55:00","VFR",23,12,180,10,18,NA,1009.6,"METAR KHSD 121455Z AUTO 18010G18KT 10SM CLR 23/12 A2981 RMK A01",2025-10-12 15:18:46.099819,2025-10-12 11:18:46.099865
"KGZS","Pulaski/Abernathy Fld, TN, US",2025-10-12 14:55:00,"2025-10-12 14:55:00","VFR",19,14,0,0,NA,NA,1014.6,"METAR KGZS 121455Z AUTO 00000KT 10SM CLR 19/14 A2996 RMK A01",2025-10-12 15:18:46.106404,2025-10-12 11:18:46.106451
"KHBV","Hebbronville/Hogg Cnty, TX, US",2025-10-12 14:55:00,"2025-10-12 14:55:00","VFR",25.4,18.3,160,9,NA,9,1012.3,"METAR KHBV 121455Z AUTO 16009KT 9SM CLR 25/18 A2989 RMK AO2 T02540183 53010 $",2025-10-12 15:18:46.112902,2025-10-12 11:18:46.112945
"KHNR","Harlan Muni, IA, US",2025-10-12 14:55:00,"2025-10-12 14:55:00","VFR",19,14,150,13,19,NA,1005.8,"METAR KHNR 121455Z AUTO 15013G19KT 10SM SCT100 19/14 A2970 RMK A01",2025-10-12 15:18:46.119469,2025-10-12 11:18:46.119514
"KHAE","Hannibal Rgnl, MO, US",2025-10-12 14:55:00,"2025-10-12 14:55:00","VFR",20,13,150,6,NA,NA,1014.3,"METAR KHAE 121455Z AUTO 15006KT 10SM CLR 20/13 A2995 RMK AO2",2025-10-12 15:18:46.126014,2025-10-12 11:18:46.12606
"KHMZ","Bedford Arpt, PA, US",2025-10-12 14:55:00,"2025-10-12 14:55:00","MVFR",15.3,11.5,70,7,NA,NA,1017.7,"METAR KHMZ 121455Z AUTO 07007KT 040V100 10SM SCT021 OVC025 15/12 A3005 RMK AO2 60002 T01530115",2025-10-12 15:18:46.132543,2025-10-12 11:18:46.132589
"KHVC","Hopkinsville/Christian Cnty, KY, US",2025-10-12 14:55:00,"2025-10-12 14:55:00","VFR",21,12,NA,3,NA,NA,1015.3,"METAR KHVC 121455Z AUTO VRB03KT 10SM CLR 21/12 A2998 RMK AO2",2025-10-12 15:18:46.139189,2025-10-12 11:18:46.139239
"KHTH","Hawthorne Muni, NV, US",2025-10-12 14:55:00,"2025-10-12 07:55:00","VFR",6,-1,190,4,NA,NA,1017.7,"METAR KHTH 121455Z AUTO 19004KT 10SM CLR 06/M01 A3005 RMK A01",2025-10-12 15:18:46.145775,2025-10-12 11:18:46.145821
"KHST","Homestead AFB, FL, US",2025-10-12 14:55:00,"2025-10-12 10:55:00","VFR",26.4,21.4,30,5,NA,NA,1008.9,"METAR KHST 121455Z AUTO 03005KT 10SM CLR 26/21 A2979 RMK AO2 SLP091 T02640214 52011 $",2025-10-12 15:18:46.152299,2025-10-12 11:18:46.152345
"KHDE","Holdrege/Brewster Fld, NE, US",2025-10-12 14:55:00,"2025-10-12 09:55:00","VFR",21.2,12.1,200,15,20,NA,1001.4,"METAR KHDE 121455Z AUTO 20015G20KT 10SM CLR 21/12 A2957 RMK AO2 T02120121",2025-10-12 15:18:46.158867,2025-10-12 11:18:46.158912
"KGYI","Dennison/N Texas Rgnl, TX, US",2025-10-12 14:55:00,"2025-10-12 09:55:00","VFR",25.9,13.9,210,8,NA,NA,1012.6,"METAR KGYI 121455Z AUTO 21008KT 10SM CLR 26/14 A2990 RMK AO2 T02590139 53009",2025-10-12 15:18:46.165409,2025-10-12 11:18:46.165456
"KHWD","Hayward Exec, CA, US",2025-10-12 14:54:00,"2025-10-12 07:54:00","VFR",11.1,7.8,60,5,NA,NA,1014.6,"METAR KHWD 121454Z 06005KT 10SM CLR 11/08 A2996 RMK AO2 SLP154 T01110078 51004",2025-10-12 15:18:46.172048,2025-10-12 11:18:46.172093
"KHQM","Hoquiam/Bowerman Arpt, WA, US",2025-10-12 14:53:00,"2025-10-12 07:53:00","VFR",11.7,7.8,0,0,NA,NA,1012.6,"METAR KHQM 121453Z AUTO 00000KT 10SM FEW038 SCT050 OVC065 12/08 A2990 RMK AO2 SLP127 60000 T01170078 56010",2025-10-12 15:18:46.178663,2025-10-12 11:18:46.178709
"KHOU","Houston/Hobby Arpt, TX, US",2025-10-12 14:53:00,"2025-10-12 09:53:00","VFR",26.1,17.2,160,4,NA,NA,1012.6,"METAR KHOU 121453Z 16004KT 10SM CLR 26/17 A2990 RMK AO2 SLP130 T02610172 53009",2025-10-12 15:18:46.198048,2025-10-12 11:18:46.198097
"KHHR","Hawthorne Muni, CA, US",2025-10-12 14:53:00,"2025-10-12 07:53:00","IFR",15.6,13.9,0,0,NA,8,1008.2,"METAR KHHR 121453Z 00000KT 8SM OVC007 16/14 A2977 RMK AO2 SLP081 T01560139 53003",2025-10-12 15:18:46.204956,2025-10-12 11:18:46.205002
"KHLC","Hill City Muni, KS, US",2025-10-12 14:53:00,"2025-10-12 09:53:00","VFR",22.2,12.2,230,9,18,NA,1002.8,"METAR KHLC 121453Z AUTO 23009G18KT 10SM CLR 22/12 A2961 RMK AO2 SLP002 T02220122 53008",2025-10-12 15:18:46.21199,2025-10-12 11:18:46.212045
"KHTL","Houghton Lake/Blodgett Mem, MI, US",2025-10-12 14:53:00,"2025-10-12 10:53:00","MVFR",11.7,11.1,150,6,NA,NA,1020.4,"METAR KHTL 121453Z AUTO 15006KT 10SM OVC015 12/11 A3013 RMK AO2 SLP210 T01170111 50002",2025-10-12 15:18:46.218605,2025-10-12 11:18:46.21865
"KHUL","Houlton Intl, ME, US",2025-10-12 14:53:00,"2025-10-12 11:53:00","VFR",12.2,3.3,70,9,NA,NA,1030.9,"METAR KHUL 121453Z AUTO 07009KT 10SM CLR 12/03 A3044 RMK AO2 SLP314 T01220033 50007",2025-10-12 15:18:46.225427,2025-10-12 11:18:46.225475
"KHVR","Havre/City Arpt, MT, US",2025-10-12 14:53:00,"2025-10-12 08:53:00","VFR",2.2,-1.7,300,16,25,9,1009.2,"METAR KHVR 121453Z AUTO 30016G25KT 9SM FEW019 BKN041 OVC050 02/M02 A2980 RMK AO2 PK WND 29028/1408 SNB1355E04 SLP097 P0000 60000 T00221017 53031",2025-10-12 15:18:46.231958,2025-10-12 11:18:46.232002
"KHKY","Hickory Rgnl, NC, US",2025-10-12 14:53:00,"2025-10-12 10:53:00","VFR",20,12.8,20,9,17,NA,1010.9,"METAR KHKY 121453Z 02009G17KT 10SM SCT029 BKN043 OVC120 20/13 A2985 RMK AO2 SLP092 T02000128 50002",2025-10-12 15:18:46.238586,2025-10-12 11:18:46.238631
"KGWO","Greenwood/Leflore Arpt, MS, US",2025-10-12 14:53:00,"2025-10-12 09:53:00","VFR",22.8,12.8,0,0,NA,NA,1014.3,"METAR KGWO 121453Z AUTO 00000KT 10SM CLR 23/13 A2995 RMK AO2 SLP141 T02280128 51008",2025-10-12 15:18:46.245326,2025-10-12 11:18:46.245373
"KGZH","Evergreen/Middleton Fld, AL, US",2025-10-12 14:53:00,"2025-10-12 14:53:00","VFR",21.7,11.7,20,4,NA,NA,1013.3,"METAR KGZH 121453Z AUTO 02004KT 10SM CLR 22/12 A2992 RMK AO2 SLP128 T02170117 51009",2025-10-12 15:18:46.251934,2025-10-12 11:18:46.251979
"KHKS","Jackson/Hawkins Fld, MS, US",2025-10-12 14:53:00,"2025-10-12 09:53:00","VFR",22.8,13.3,0,0,NA,NA,1014.6,"METAR KHKS 121453Z 00000KT 10SM CLR 23/13 A2996 RMK AO2 SLP138 T02280133 53010",2025-10-12 15:18:46.258522,2025-10-12 11:18:46.258568
"KHUF","Terre Haute/Hulman Fld, IN, US",2025-10-12 14:53:00,"2025-10-12 10:53:00","VFR",16.7,10,110,4,NA,NA,1016.7,"METAR KHUF 121453Z 11004KT 10SM CLR 17/10 A3002 RMK AO2 SLP163 T01670100 50003",2025-10-12 15:18:46.265083,2025-10-12 11:18:46.26513
"KHWO","Hollywood/North Perry Arpt, FL, US",2025-10-12 14:53:00,"2025-10-12 10:53:00","VFR",27.8,21.7,NA,4,NA,NA,1008.9,"METAR KHWO 121453Z VRB04KT 10SM SCT055 28/22 A2979 RMK AO2 SLP088 T02780217 51010 $",2025-10-12 15:18:46.27191,2025-10-12 11:18:46.271957
"KHSI","Hastings Muni, NE, US",2025-10-12 14:53:00,"2025-10-12 09:53:00","VFR",22.2,11.7,190,12,24,NA,1002.1,"METAR KHSI 121453Z AUTO 19012G24KT 10SM CLR 22/12 A2959 RMK AO2 SLP003 T02220117 57003",2025-10-12 15:18:46.278508,2025-10-12 11:18:46.278554
"KHYR","Hayward Muni, WI, US",2025-10-12 14:53:00,"2025-10-12 09:53:00","MVFR",12.2,8.3,150,13,21,NA,1011.9,"METAR KHYR 121453Z AUTO 15013G21KT 10SM BKN030 12/08 A2988 RMK AO2 SLP123 T01220083 58010",2025-10-12 15:18:46.285138,2025-10-12 11:18:46.285206
"KHEI","Hettinger Muni, ND, US",2025-10-12 14:53:00,"2025-10-12 14:53:00","MVFR",8.9,4.4,300,22,30,NA,1000.1,"METAR KHEI 121453Z AUTO 30022G30KT 10SM BKN020 OVC029 09/04 A2953 RMK AO2 PK WND 31039/1355 SLP995 T00890044 53045 $",2025-10-12 15:18:46.291696,2025-10-12 11:18:46.291742
"KHIO","Portland/Hillsboro Arpt, OR, US",2025-10-12 14:53:00,"2025-10-12 07:53:00","VFR",10,8.9,0,0,NA,NA,1014.3,"METAR KHIO 121453Z 00000KT 10SM OVC050 10/09 A2995 RMK AO2 RAE06 SLP143 P0000 60000 T01000089 58012",2025-10-12 15:18:46.29829,2025-10-12 11:18:46.298337
"KHJO","Hanford Muni, CA, US",2025-10-12 14:53:00,"2025-10-12 14:53:00","VFR",7.8,6.7,0,0,NA,NA,1014,"METAR KHJO 121453Z AUTO 00000KT 10SM CLR 08/07 A2994 RMK AO2 SLP141 T00780067 53006",2025-10-12 15:18:46.304857,2025-10-12 11:18:46.304903
"KHKA","Blytheville Muni, AR, US",2025-10-12 14:53:00,"2025-10-12 09:53:00","VFR",21.1,12.2,170,6,NA,NA,1014.6,"METAR KHKA 121453Z AUTO 17006KT 10SM CLR 21/12 A2996 RMK AO2 SLP142 T02110122 51005 $",2025-10-12 15:18:46.311441,2025-10-12 11:18:46.311488
"KHRI","Hermiston Muni, OR, US",2025-10-12 14:53:00,"2025-10-12 07:53:00","VFR",11.7,3.3,230,13,24,NA,1012.3,"METAR KHRI 121453Z AUTO 23013G24KT 10SM BKN085 12/03 A2989 RMK AO2 PK WND 23027/1430 SLP119 T01170033 51005",2025-10-12 15:18:46.403166,2025-10-12 11:18:46.403233
"KHRO","Harrison/Boone Cnty, AR, US",2025-10-12 14:53:00,"2025-10-12 09:53:00","VFR",19.4,13.9,140,10,NA,NA,1014.3,"METAR KHRO 121453Z AUTO 14010KT 10SM CLR 19/14 A2995 RMK AO2 SLP131 T01940139 51006",2025-10-12 15:18:46.410285,2025-10-12 11:18:46.410329
"KHVN","New Haven/Tweed Arpt, CT, US",2025-10-12 14:53:00,"2025-10-12 10:53:00","VFR",16.1,9.4,30,14,26,NA,1019.7,"METAR KHVN 121453Z 03014G26KT 10SM FEW044 16/09 A3011 RMK AO2 PK WND 02026/1432 SLP196 T01610094 58005",2025-10-12 15:18:46.416794,2025-10-12 11:18:46.416847
"KHBR","Hobart Muni, OK, US",2025-10-12 14:53:00,"2025-10-12 09:53:00","VFR",24.4,10,210,16,NA,NA,1009.6,"METAR KHBR 121453Z AUTO 21016KT 10SM CLR 24/10 A2981 RMK AO2 SLP077 T02440100 51007",2025-10-12 15:18:46.42327,2025-10-12 11:18:46.423317
"KHOT","Hot Springs Mem, AR, US",2025-10-12 14:53:00,"2025-10-12 09:53:00","VFR",22.2,13.9,160,5,NA,NA,1014.3,"METAR KHOT 121453Z AUTO 16005KT 10SM CLR 22/14 A2995 RMK AO2 SLP137 T02220139 51008 $",2025-10-12 15:18:46.429752,2025-10-12 11:18:46.429797
"KHSV","Huntsville Intl, AL, US",2025-10-12 14:53:00,"2025-10-12 09:53:00","VFR",19.4,12.2,0,0,NA,NA,1014.3,"METAR KHSV 121453Z 00000KT 10SM FEW150 19/12 A2995 RMK AO2 SLP137 T01940122 51008 $",2025-10-12 15:18:46.436289,2025-10-12 11:18:46.436335
"KHIB","Hibbing/Chisholm Arpt, MN, US",2025-10-12 14:53:00,"2025-10-12 09:53:00","MVFR",11.7,8.9,160,8,21,NA,1007.9,"METAR KHIB 121453Z AUTO 16008G21KT 130V200 10SM OVC016 12/09 A2976 RMK AO2 SLP086 60002 T01170089 56010",2025-10-12 15:18:46.442894,2025-10-12 11:18:46.442941
"KHAO","Hamilton/Butler Cnty, OH, US",2025-10-12 14:53:00,"2025-10-12 10:53:00","VFR",15.6,10,80,5,NA,NA,1017,"METAR KHAO 121453Z AUTO 08005KT 10SM CLR 16/10 A3003 RMK AO2 SLP167 T01560100 50001",2025-10-12 15:18:46.449724,2025-10-12 11:18:46.449771
"KHBG","Hattiesburg/Chain Muni, MS, US",2025-10-12 14:53:00,"2025-10-12 09:53:00","VFR",21.7,13.3,0,0,NA,NA,1014,"METAR KHBG 121453Z AUTO 00000KT 10SM CLR 22/13 A2994 RMK AO2 SLP137 T02170133 51006 PWINO $",2025-10-12 15:18:46.456424,2025-10-12 11:18:46.456471
"KHGR","Hagerstown Rgnl, MD, US",2025-10-12 14:53:00,"2025-10-12 10:53:00","MVFR",17.8,12.2,60,15,23,NA,1017,"METAR KHGR 121453Z 06015G23KT 10SM BKN026 OVC070 18/12 A3003 RMK AO2 SLP176 T01780122 53004 $",2025-10-12 15:18:46.463043,2025-10-12 11:18:46.463089
"KHRL","Harlingen/Valley Intl, TX, US",2025-10-12 14:52:00,"2025-10-12 09:52:00","VFR",27.2,17.2,NA,3,NA,NA,1011.6,"METAR KHRL 121452Z VRB03KT 10SM CLR 27/17 A2987 RMK AO2 SLP114 T02720172 51011 $",2025-10-12 15:18:46.46981,2025-10-12 11:18:46.469856
"KHIE","Mt Washington Rgnl, NH, US",2025-10-12 14:52:00,"2025-10-12 10:52:00","VFR",16.1,3.9,60,9,NA,NA,1025.8,"METAR KHIE 121452Z AUTO 06009KT 10SM CLR 16/04 A3029 RMK AO2 SLP265 T01610039 56005",2025-10-12 15:18:46.476535,2025-10-12 11:18:46.476583
"KHUT","Hutchinson Muni, KS, US",2025-10-12 14:52:00,"2025-10-12 09:52:00","VFR",22.8,11.7,190,20,29,NA,1005.8,"METAR KHUT 121452Z 19020G29KT 10SM CLR 23/12 A2970 RMK AO2 PK WND 17029/1445 SLP036 T02280117 56002",2025-10-12 15:18:46.483223,2025-10-12 11:18:46.483271
"KHSE","Hatteras/Mitchell Fld, NC, US",2025-10-12 14:51:00,"2025-10-12 10:51:00","MVFR",21.7,21.1,60,9,22,3,1002.5,"METAR KHSE 121451Z AUTO 06009G22KT 3SM -RA BR SCT009 BKN020 OVC027 22/21 A2960 RMK AO2 PK WND 06028/1433 SLP024 P0006 60012 T02170211 53008",2025-10-12 15:18:46.48981,2025-10-12 11:18:46.489854
"KHTS","Huntington/Ferguson Fld, WV, US",2025-10-12 14:51:00,"2025-10-12 10:51:00","VFR",16.1,10.6,350,4,NA,NA,1015.3,"METAR KHTS 121451Z 35004KT 10SM CLR 16/11 A2998 RMK AO2 SLP150 T01610106 51007 $",2025-10-12 15:18:46.496521,2025-10-12 11:18:46.496579
"KHDO","Hondo Muni, TX, US",2025-10-12 14:51:00,"2025-10-12 14:51:00","VFR",23.3,16.1,170,7,NA,NA,1013.3,"METAR KHDO 121451Z AUTO 17007KT 10SM CLR 23/16 A2992 RMK AO2 SLP115 T02330161 52008 $",2025-10-12 15:18:46.503141,2025-10-12 11:18:46.503208
"KHXD","Hilton Head Arpt, SC, US",2025-10-12 14:50:00,"2025-10-12 10:50:00","MVFR",18,16,310,12,NA,NA,1007.9,"METAR KHXD 121450Z 31012KT 10SM OVC015 18/16 A2976",2025-10-12 15:18:46.509768,2025-10-12 11:18:46.509815
"KGYY","Gary Intl, IN, US",2025-10-12 14:50:00,"2025-10-12 09:50:00","VFR",16,11,150,5,12,NA,1017.7,"METAR KGYY 121450Z 15005G12KT 10SM CLR 16/11 A3005",2025-10-12 15:18:46.516463,2025-10-12 11:18:46.516511
"KHLB","Batesville Arpt, IN, US",2025-10-12 14:50:00,"2025-10-12 10:50:00","VFR",14,10,NA,3,NA,NA,1016.7,"METAR KHLB 121450Z AUTO VRB03KT 10SM CLR 14/10 A3002 RMK A01",2025-10-12 15:18:46.523275,2025-10-12 11:18:46.523321
"KHZD","Huntingdon/Carroll Cnty, TN, US",2025-10-12 14:50:00,"2025-10-12 14:50:00","VFR",20,13,0,0,NA,NA,1014.6,"METAR KHZD 121450Z AUTO 00000KT 10SM CLR 20/13 A2996 RMK A01",2025-10-12 15:18:46.529963,2025-10-12 11:18:46.530009
"KHQZ","Mesquite Metro, TX, US",2025-10-12 14:50:00,"2025-10-12 14:50:00","VFR",24,15,200,8,NA,NA,1012.6,"METAR KHQZ 121450Z 20008KT 10SM CLR 24/15 A2990",2025-10-12 15:18:46.548098,2025-10-12 11:18:46.548143
"KHOB","Hobbs Arpt, NM, US",2025-10-12 14:50:00,"2025-10-12 08:50:00","VFR",21,16,220,7,NA,NA,1011.9,"METAR KHOB 121450Z 22007KT 10SM CLR 21/16 A2988",2025-10-12 15:18:46.554597,2025-10-12 11:18:46.554642
"KHVE","Hanksville Arpt, UT, US",2025-10-12 14:50:00,"2025-10-12 08:50:00","VFR",10,5,0,0,NA,NA,1017,"METAR KHVE 121450Z AUTO 00000KT 10SM CLR 10/05 A3003 RMK AO2",2025-10-12 15:18:46.561179,2025-10-12 11:18:46.561227
"KGZN","Cisco/Simmons Mem, TX, US",2025-10-12 14:50:00,"2025-10-12 14:50:00","VFR",22,11,190,13,NA,NA,1011.3,"METAR KGZN 121450Z AUTO 19013KT 10SM CLR 22/11 A2986 RMK AO2",2025-10-12 15:18:46.567681,2025-10-12 11:18:46.567725
"KGYH","Greenville/Donaldson Fld, SC, US",2025-10-12 14:47:00,"2025-10-12 10:47:00","VFR",21,9,350,7,NA,NA,1011.3,"METAR KGYH 121447Z 35007KT 10SM CLR 21/09 A2986",2025-10-12 15:18:46.574147,2025-10-12 11:18:46.574213
"KHSA","Bay St Louis/Stennis Intl, MS, US",2025-10-12 14:47:00,"2025-10-12 14:47:00","VFR",24,13,0,0,NA,NA,1013,"METAR KHSA 121447Z 00000KT 10SM CLR 24/13 A2991",2025-10-12 15:18:46.580818,2025-10-12 11:18:46.580862
"KHUM","Houma/Terrebonne Arpt, LA, US",2025-10-12 14:47:00,"2025-10-12 09:47:00","VFR",24,14,40,4,NA,7,1013.6,"METAR KHUM 121447Z 04004KT 7SM CLR 24/14 A2993",2025-10-12 15:18:46.587277,2025-10-12 11:18:46.587322
"KGYR","Phoenix/Goodyear Muni, AZ, US",2025-10-12 14:47:00,"2025-10-12 07:47:00","IFR",21,21,110,6,NA,NA,1007.2,"SPECI KGYR 121447Z 11006KT 10SM OVC007 21/21 A2974",2025-10-12 15:18:46.593781,2025-10-12 11:18:46.593825
"KI69","Batavia/Clermont Cnty, OH, US",2025-10-12 15:16:00,"2025-10-12 15:16:00","VFR",16.1,10.2,0,0,NA,NA,1016.7,"METAR KI69 121516Z AUTO 00000KT 10SM CLR 16/10 A3002 RMK AO1 T01610102",2025-10-12 15:18:48.868086,2025-10-12 11:18:48.868131
"KIGQ","Chicago/Lansing Muni, IL, US",2025-10-12 15:15:00,"2025-10-12 15:15:00","VFR",15,7.3,120,7,NA,NA,1018,"METAR KIGQ 121515Z AUTO 12007KT 10SM CLR 15/07 A3006 RMK AO2 T01500073",2025-10-12 15:18:48.874634,2025-10-12 11:18:48.874677
"KHZL","Hazleton Muni, PA, US",2025-10-12 15:15:00,"2025-10-12 11:15:00","VFR",15,8,60,9,NA,NA,1020.4,"METAR KHZL 121515Z AUTO 06009KT 360V070 10SM OVC095 15/08 A3013 RMK AO2",2025-10-12 15:18:48.881064,2025-10-12 11:18:48.881112
"KIIY","Washington/Wilkes Cnty, GA, US",2025-10-12 15:15:00,"2025-10-12 15:15:00","VFR",17.8,11.7,320,5,NA,NA,1011.6,"METAR KIIY 121515Z AUTO 32005KT 10SM OVC044 18/12 A2987 RMK AO2 T01780117",2025-10-12 15:18:48.887507,2025-10-12 11:18:48.887552
"KINF","Inverness Arpt, FL, US",2025-10-12 15:15:00,"2025-10-12 15:15:00","VFR",22,17,350,7,NA,7,1010.6,"METAR KINF 121515Z AUTO 35007KT 7SM CLR 22/17 A2984 RMK AO2",2025-10-12 15:18:48.893862,2025-10-12 11:18:48.893905
"KJKJ","Moorhead Muni, MN, US",2025-10-12 15:15:00,"2025-10-12 15:15:00",NA,17,14,160,24,31,NA,997.7,"METAR KJKJ 121515Z AUTO 16024G31KT 10SM 17/14 A2946 RMK AO2",2025-10-12 15:18:48.900305,2025-10-12 11:18:48.900351
"KJMR","Mora Muni, MN, US",2025-10-12 15:15:00,"2025-10-12 15:15:00","VFR",14,9,150,8,15,NA,1009.6,"METAR KJMR 121515Z AUTO 15008G15KT 10SM SCT120 14/09 A2981 RMK AO2",2025-10-12 15:18:48.917716,2025-10-12 11:18:48.91776
"KJYG","St James Muni, MN, US",2025-10-12 15:15:00,"2025-10-12 15:15:00","VFR",15,12,160,18,24,9,1005.8,"METAR KJYG 121515Z AUTO 16018G24KT 9SM -RA BKN120 15/12 A2970 RMK AO2",2025-10-12 15:18:48.924022,2025-10-12 11:18:48.924065
"KJOT","Joliet Rgnl, IL, US",2025-10-12 15:15:00,"2025-10-12 10:15:00","VFR",16.2,10,130,8,NA,NA,1017.7,"METAR KJOT 121515Z AUTO 13008KT 10SM CLR 16/10 A3005 RMK AO2 T01620100",2025-10-12 15:18:48.930437,2025-10-12 11:18:48.930482
"KISQ","Manistique/Schoolcraft Cnty, MI, US",2025-10-12 15:15:00,"2025-10-12 11:15:00","MVFR",15.9,12.7,170,8,NA,NA,1019.4,"METAR KISQ 121515Z AUTO 17008KT 10SM BKN012 BKN025 BKN032 16/13 A3010 RMK AO2 T01590127",2025-10-12 15:18:48.936823,2025-10-12 11:18:48.936867
"KJYL","Sylvania/Plantation Arpk, GA, US",2025-10-12 15:15:00,"2025-10-12 15:15:00","MVFR",16.8,16.5,0,0,NA,5,1009.9,"METAR KJYL 121515Z AUTO 00000KT 5SM -RA SCT012 BKN036 OVC070 17/17 A2982 RMK AO2 P0001 T01680165",2025-10-12 15:18:48.943187,2025-10-12 11:18:48.943235
"KIBM","Kimball Muni, NE, US",2025-10-12 15:15:00,"2025-10-12 15:15:00","VFR",13.2,0,310,21,29,NA,1008.2,"METAR KIBM 121515Z AUTO 31021G29KT 10SM CLR 13/00 A2977 RMK AO2 T01320000",2025-10-12 15:18:48.949724,2025-10-12 11:18:48.949772
"KI63","Mt Sterling Muni, IL, US",2025-10-12 15:15:00,"2025-10-12 15:15:00","VFR",16.8,10.6,160,8,NA,NA,1015,"METAR KI63 121515Z AUTO 16008KT 10SM CLR 17/11 A2997 RMK AO2 T01680106",2025-10-12 15:18:48.956229,2025-10-12 11:18:48.956277
"KHZR","New Roads/False River Rgnl, LA, US",2025-10-12 15:15:00,"2025-10-12 15:15:00","VFR",23.4,13.4,200,3,NA,NA,1014.3,"METAR KHZR 121515Z AUTO 20003KT 10SM CLR 23/13 A2995 RMK AO2 T02340134",2025-10-12 15:18:48.962643,2025-10-12 11:18:48.962689
"KJSO","Jacksonvil0e/Cherokee Cnty, TX, US",2025-10-12 15:15:00,"2025-10-12 10:15:00","VFR",24.2,15.5,210,5,NA,NA,1012.6,"METAR KJSO 121515Z AUTO 21005KT 10SM CLR 24/15 A2990 RMK AO2 T02420155 $",2025-10-12 15:18:48.969104,2025-10-12 11:18:48.969164
"KIDI","Indiana/Stewart Arpt, PA, US",2025-10-12 15:15:00,"2025-10-12 11:15:00","MVFR",17,12,120,11,20,NA,1018,"METAR KIDI 121515Z AUTO 12011G20KT 10SM OVC022 17/12 A3006 RMK A01",2025-10-12 15:18:48.975724,2025-10-12 11:18:48.975767
"KICL","Clarinda/Schenck Fld, IA, US",2025-10-12 15:15:00,"2025-10-12 10:15:00","VFR",20,15,170,9,18,NA,1007.9,"METAR KICL 121515Z AUTO 17009G18KT 150V210 10SM CLR 20/15 A2976 RMK AO2",2025-10-12 15:18:48.982095,2025-10-12 11:18:48.98214
"KJYO","Leesburg Exec, VA, US",2025-10-12 15:15:00,"2025-10-12 15:15:00","MVFR",16,15,40,9,15,NA,1016,"METAR KJYO 121515Z AUTO 04009G15KT 10SM OVC020 16/15 A3000 RMK AO2",2025-10-12 15:18:48.988542,2025-10-12 11:18:48.988588
"KI74","Urbana/Grimes Fld, OH, US",2025-10-12 15:15:00,"2025-10-12 15:15:00","VFR",17,10,90,5,NA,NA,1017.4,"METAR KI74 121515Z AUTO 09005KT 10SM CLR 17/10 A3004 RMK AO2",2025-10-12 15:18:48.994972,2025-10-12 11:18:48.995015
"KI23","Washington Court House/Fayette Cnty, OH, US",2025-10-12 15:15:00,"2025-10-12 15:15:00","VFR",15,10,40,5,NA,NA,1016.7,"METAR KI23 121515Z AUTO 04005KT 10SM CLR 15/10 A3002 RMK AO1",2025-10-12 15:18:49.001376,2025-10-12 11:18:49.001433
"KHZX","McGregor/Iverson Arpt, MN, US",2025-10-12 15:15:00,"2025-10-12 15:15:00","VFR",14,10,170,12,22,NA,1007.5,"METAR KHZX 121515Z AUTO 17012G22KT 10SM SCT021 SCT110 14/10 A2975 RMK AO2",2025-10-12 15:18:49.007831,2025-10-12 11:18:49.007876
"KJYM","Hillsdale Muni, MI, US",2025-10-12 15:15:00,"2025-10-12 15:15:00","VFR",14,10,80,6,NA,NA,1018.7,"METAR KJYM 121515Z AUTO 08006KT 10SM OVC100 14/10 A3008 RMK AO2",2025-10-12 15:18:49.014252,2025-10-12 11:18:49.014315
"KI68","Lebanon/Warren Cnty, OH, US",2025-10-12 15:15:00,"2025-10-12 15:15:00","VFR",16,14,90,4,NA,NA,1016,"METAR KI68 121515Z AUTO 09004KT 10SM CLR 16/14 A3000 RMK AO2",2025-10-12 15:18:49.020807,2025-10-12 11:18:49.020852
"KIER","Natchitoches Rgnl, LA, US",2025-10-12 15:15:00,"2025-10-12 15:15:00","VFR",23.3,15.5,0,0,NA,NA,1014,"METAR KIER 121515Z AUTO 00000KT 10SM CLR 23/16 A2994 RMK AO2 T02330155",2025-10-12 15:18:49.02733,2025-10-12 11:18:49.027376
"KIRS","Sturgis/Kirsh Muni, MI, US",2025-10-12 15:15:00,"2025-10-12 11:15:00","VFR",14,10,NA,2,NA,NA,1018.7,"METAR KIRS 121515Z AUTO VRB02KT 10SM CLR 14/10 A3008 RMK AO2",2025-10-12 15:18:49.033838,2025-10-12 11:18:49.033884
"KJDD","Mineola/Wood Cnty, TX, US",2025-10-12 15:15:00,"2025-10-12 15:15:00","VFR",24,17.5,NA,5,NA,NA,1012.3,"METAR KJDD 121515Z AUTO VRB05KT 10SM CLR 24/17 A2989 RMK AO2 T02400175 $",2025-10-12 15:18:49.051567,2025-10-12 11:18:49.051612
"KJFX","Jasper/Walker Cnty, AL, US",2025-10-12 15:15:00,"2025-10-12 15:15:00","VFR",21,13,0,0,NA,NA,1014.3,"METAR KJFX 121515Z AUTO 00000KT 10SM CLR 21/13 A2995 RMK AO2",2025-10-12 15:18:49.057944,2025-10-12 11:18:49.057988
"KJFZ","Tazewell Cnty, VA, US",2025-10-12 15:15:00,"2025-10-12 15:15:00","MVFR",15.1,9.9,60,3,NA,NA,1015.3,"METAR KJFZ 121515Z AUTO 06003KT 10SM BKN029 15/10 A2998 RMK AO2 T01510099",2025-10-12 15:18:49.064368,2025-10-12 11:18:49.064415
"KJGG","Williamsburg-Jamestown Arpt, VA, US",2025-10-12 15:15:00,"2025-10-12 15:15:00","MVFR",NA,NA,80,4,16,8,1008.9,"METAR KJGG 121515Z AUTO 08004G16KT 020V160 8SM BKN012 OVC021 A2979 RMK AO2 RAE1514 P0001 $",2025-10-12 15:18:49.070691,2025-10-12 11:18:49.070735
"KHZE","Hazen/Mercer Cnty, ND, US",2025-10-12 15:15:00,"2025-10-12 15:15:00","MVFR",12,7,260,17,26,NA,996,"METAR KHZE 121515Z AUTO 26017G26KT 10SM OVC016 12/07 A2941 RMK AO2",2025-10-12 15:18:49.077359,2025-10-12 11:18:49.077404
"KIFA","Iowa Falls Muni, IA, US",2025-10-12 15:15:00,"2025-10-12 10:15:00","VFR",14.1,10.2,130,13,NA,NA,1010.9,"METAR KIFA 121515Z AUTO 13013KT 10SM CLR 14/10 A2985 RMK AO2 T01410102",2025-10-12 15:18:49.083882,2025-10-12 11:18:49.083927
"KIKG","Kingsville/Kleberg Cnty, TX, US",2025-10-12 15:15:00,"2025-10-12 15:15:00","VFR",27.1,16.8,140,5,NA,NA,1012.3,"METAR KIKG 121515Z AUTO 14005KT 10SM CLR 27/17 A2989 RMK AO2 T02710168",2025-10-12 15:18:49.090394,2025-10-12 11:18:49.090439
"KINJ","Hillsboro Muni, TX, US",2025-10-12 15:15:00,"2025-10-12 15:15:00","LIFR",25,14.5,200,8,NA,0.75,1012.6,"METAR KINJ 121515Z AUTO 20008KT 3/4SM HZ VV005 25/15 A2990 RMK AO2 T02500145",2025-10-12 15:18:49.09677,2025-10-12 11:18:49.096813
"KJWG","Watonga Rgnl, OK, US",2025-10-12 15:15:00,"2025-10-12 15:15:00","VFR",23.2,10.4,180,12,NA,NA,1009.6,"METAR KJWG 121515Z AUTO 18012KT 10SM CLR 23/10 A2981 RMK AO2 T02320104",2025-10-12 15:18:49.103215,2025-10-12 11:18:49.103261
"KIIB","Independence Muni, IA, US",2025-10-12 15:15:00,"2025-10-12 15:15:00","VFR",13.2,8.9,140,15,NA,NA,1013.3,"METAR KIIB 121515Z AUTO 14015KT 10SM CLR 13/09 A2992 RMK AO2 T01320089",2025-10-12 15:18:49.109863,2025-10-12 11:18:49.109914
"KILM","Wilmington Intl, NC, US",2025-10-12 15:14:00,"2025-10-12 11:14:00","IFR",20,18.9,20,17,32,1.25,998.4,"SPECI KILM 121514Z 02017G32KT 1 1/4SM -RA BR BKN009 OVC015 20/19 A2948 RMK AO2 PK WND 02032/1506 P0002 T02000189",2025-10-12 15:18:49.11649,2025-10-12 11:18:49.116534
"KIAG","Niagara Falls Intl, NY, US",2025-10-12 15:12:00,"2025-10-12 11:12:00","VFR",16.7,12.2,100,6,NA,NA,1020.7,"SPECI KIAG 121512Z 10006KT 10SM SCT021 17/12 A3014 RMK AO2 T01670122 $",2025-10-12 15:18:49.12308,2025-10-12 11:18:49.123126
"KJNX","Smithfield/Johnston Rgnl, NC, US",2025-10-12 15:10:00,"2025-10-12 15:10:00","MVFR",20,20,20,19,24,7,1004.8,"METAR KJNX 121510Z AUTO 02019G24KT 7SM -DZ SCT009 BKN014 OVC019 20/20 A2967 RMK AO2",2025-10-12 15:18:49.129612,2025-10-12 11:18:49.129656
"KIWA","Phoenix/Mesa Gateway Arpt, AZ, US",2025-10-12 15:09:00,"2025-10-12 08:09:00","MVFR",20,19,140,6,NA,NA,1008.5,"SPECI KIWA 121509Z 14006KT 10SM SCT018 BKN030 OVC070 20/19 A2978",2025-10-12 15:18:49.136124,2025-10-12 11:18:49.136188
"KJXN","Jackson Cnty, MI, US",2025-10-12 15:09:00,"2025-10-12 11:09:00","LIFR",10,9.4,40,4,NA,2,1019.4,"SPECI KJXN 121509Z 04004KT 2SM BR OVC002 10/09 A3010 RMK AO2 T01000094",2025-10-12 15:18:49.142562,2025-10-12 11:18:49.142606
"KIXA","Halifax/Northampton Rgnl, NC, US",2025-10-12 15:05:00,"2025-10-12 15:05:00","MVFR",18,18,30,11,20,7,1006.5,"METAR KIXA 121505Z AUTO 03011G20KT 7SM -DZ OVC011 18/18 A2972 RMK AO2",2025-10-12 15:18:49.148949,2025-10-12 11:18:49.148992
"KIPJ","Lincolnton/Lincoln Cnty, NC, US",2025-10-12 15:05:00,"2025-10-12 15:05:00","MVFR",19.3,13.6,20,7,15,NA,1010.6,"METAR KIPJ 121505Z AUTO 02007G15KT 350V050 10SM OVC026 19/14 A2984 RMK AO2 T01930136",2025-10-12 15:18:49.155425,2025-10-12 11:18:49.155471
"KJHW","Jamestown/Chautauqua Cnty, NY, US",2025-10-12 14:56:00,"2025-10-12 10:56:00","MVFR",15,11.7,150,6,NA,NA,1020.4,"METAR KJHW 121456Z AUTO 15006KT 10SM BKN018 OVC080 15/12 A3013 RMK AO2 SLP209 T01500117 53009",2025-10-12 15:18:49.161989,2025-10-12 11:18:49.162034
"KISO","Kinston Rgnl, NC, US",2025-10-12 14:56:00,"2025-10-12 10:56:00","MVFR",21,18,40,19,27,NA,1003.1,"METAR KISO 121456Z 04019G27KT 10SM OVC015 21/18 A2962",2025-10-12 15:18:49.168567,2025-10-12 11:18:49.168613
"KIKK","Kankakee Arpt, IL, US",2025-10-12 14:56:00,"2025-10-12 09:56:00","VFR",14,9,130,8,NA,NA,1018,"METAR KIKK 121456Z AUTO 13008KT 10SM CLR 14/09 A3006 RMK AO2",2025-10-12 15:18:49.186613,2025-10-12 11:18:49.186658
"KISM","Kissimmee Muni, FL, US",2025-10-12 14:56:00,"2025-10-12 10:56:00","VFR",22.8,16.1,NA,NA,NA,NA,1010.2,"METAR KISM 121456Z 10SM CLR 23/16 A2983 RMK AO2 SLP103 T02280161 51007 $",2025-10-12 15:18:49.192955,2025-10-12 11:18:49.192999
"KJMS","Jamestown Rgnl, ND, US",2025-10-12 14:56:00,"2025-10-12 09:56:00","MVFR",16.7,15,180,16,28,NA,994.3,"METAR KJMS 121456Z AUTO 18016G28KT 10SM OVC011 17/15 A2936 RMK AO2 PK WND 17031/1425 SLP941 T01670150 55008",2025-10-12 15:18:49.199407,2025-10-12 11:18:49.199452
"KIWD","Ironwood/Iron Cnty, MI, US",2025-10-12 14:56:00,"2025-10-12 09:56:00","VFR",12.2,7.8,180,8,NA,NA,1013.3,"METAR KIWD 121456Z AUTO 18008KT 140V220 10SM CLR 12/08 A2992 RMK AO2 SLP136 T01220078 56015",2025-10-12 15:18:49.205807,2025-10-12 11:18:49.205853
"KJAX","Jacksonville Intl, FL, US",2025-10-12 14:56:00,"2025-10-12 10:56:00","VFR",22.2,15.6,340,8,NA,NA,1009.2,"METAR KJAX 121456Z 34008KT 10SM FEW130 FEW250 22/16 A2980 RMK AO2 SLP091 T02220156 50006 $",2025-10-12 15:18:49.212281,2025-10-12 11:18:49.212331
"KISP","Islip/Macarthur Arpt, NY, US",2025-10-12 14:56:00,"2025-10-12 10:56:00","VFR",16.1,9.4,50,19,28,NA,1018.4,"METAR KISP 121456Z 05019G28KT 10SM SCT030 SCT090 OVC130 16/09 A3007 RMK AO2 PK WND 04033/1425 SLP181 T01610094 58002",2025-10-12 15:18:49.218903,2025-10-12 11:18:49.218947
"KINW","Winslow/Lindberg Rgnl, AZ, US",2025-10-12 14:56:00,"2025-10-12 07:56:00","VFR",13.3,12.2,0,0,NA,NA,1014.6,"METAR KINW 121456Z AUTO 00000KT 10SM FEW120 13/12 A2996 RMK AO2 SLP097 T01330122 53007 $",2025-10-12 15:18:49.225443,2025-10-12 11:18:49.225488
"KITH","Ithaca/Tompkins Rgnl, NY, US",2025-10-12 14:56:00,"2025-10-12 10:56:00","VFR",16.7,10.6,120,6,NA,NA,1021.4,"METAR KITH 121456Z 12006KT 10SM CLR 17/11 A3016 RMK AO2 SLP213 T01670106 50002",2025-10-12 15:18:49.232054,2025-10-12 11:18:49.232099
"KJAC","Jackson Hole Arpt, WY, US",2025-10-12 14:56:00,"2025-10-12 08:56:00","MVFR",0,-1.1,200,12,NA,4,1013.6,"METAR KJAC 121456Z 20012KT 4SM -SN BR OVC025 00/M01 A2993 RMK AO2 SLP152 P0002 60005 T00001011 51019",2025-10-12 15:18:49.238422,2025-10-12 11:18:49.238466
"KIAB","McConnell AFB, KS, US",2025-10-12 14:55:00,"2025-10-12 09:55:00","VFR",24,12.9,200,17,NA,NA,1007.2,"METAR KIAB 121455Z AUTO 20017KT 10SM CLR 24/13 A2974 RMK AO2 SLP060 T02400129 55002",2025-10-12 15:18:49.244845,2025-10-12 11:18:49.24489
"KJKA","Gulf Shores/Edwards Arpt, AL, US",2025-10-12 14:55:00,"2025-10-12 09:55:00","VFR",23,14,40,4,NA,NA,1012.6,"METAR KJKA 121455Z 04004KT 10SM CLR 23/14 A2990",2025-10-12 15:18:49.251334,2025-10-12 11:18:49.251379
"KIRK","Kirksville Rgnl, MO, US",2025-10-12 14:55:00,"2025-10-12 09:55:00","VFR",16.1,13.9,140,10,NA,NA,1013,"METAR KIRK 121455Z AUTO 14010KT 10SM CLR 16/14 A2991 RMK AO2 SLP129 T01610139 58003 $",2025-10-12 15:18:49.257789,2025-10-12 11:18:49.257835
"KIZA","Santa Ynez Arpt, CA, US",2025-10-12 14:55:00,"2025-10-12 07:55:00","VFR",7,5,0,0,NA,NA,1009.9,"METAR KIZA 121455Z AUTO 00000KT 10SM CLR 07/05 A2982 RMK AO2",2025-10-12 15:18:49.264322,2025-10-12 11:18:49.264367
"KINS","Indian Springs/Creech AFB, NV, US",2025-10-12 14:55:00,"2025-10-12 07:55:00","VFR",11.4,0.8,0,0,NA,NA,1013.6,"METAR KINS 121455Z AUTO 00000KT 10SM CLR 11/01 A2993 RMK AO2 SLP107 T01140008 52010 $",2025-10-12 15:18:49.270723,2025-10-12 11:18:49.270766
"KJAS","Jasper/Bell Fld, TX, US",2025-10-12 14:55:00,"2025-10-12 09:55:00","VFR",25,19,0,0,NA,NA,1013.3,"METAR KJAS 121455Z AUTO 00000KT 10SM CLR 25/19 A2992 RMK AO2",2025-10-12 15:18:49.27721,2025-10-12 11:18:49.277256
"KI67","Harrison/West Arpt, OH, US",2025-10-12 14:55:00,"2025-10-12 14:55:00","VFR",15,10,40,3,NA,NA,1016.7,"METAR KI67 121455Z AUTO 04003KT 10SM CLR 15/10 A3002 RMK AO1",2025-10-12 15:18:49.283678,2025-10-12 11:18:49.283723
"KJVY","Jeffersonville/Clark Rgnl, IN, US",2025-10-12 14:55:00,"2025-10-12 14:55:00","VFR",15,12,0,0,NA,NA,1015.7,"METAR KJVY 121455Z AUTO 00000KT 10SM CLR 15/12 A2999 RMK AO2",2025-10-12 15:18:49.290208,2025-10-12 11:18:49.290254
"KJYR","York Muni, NE, US",2025-10-12 14:55:00,"2025-10-12 14:55:00","VFR",23,14,180,18,24,NA,1002.5,"METAR KJYR 121455Z AUTO 18018G24KT 10SM CLR 23/14 A2960 RMK AO2",2025-10-12 15:18:49.296741,2025-10-12 11:18:49.296786
"KJZI","Charleston Exec, SC, US",2025-10-12 14:55:00,"2025-10-12 14:55:00","IFR",18,18,320,13,19,2.5,1005.8,"METAR KJZI 121455Z AUTO 32013G19KT 2 1/2SM BR SCT014 SCT020 SCT027 18/18 A2970 RMK AO2 P0005",2025-10-12 15:18:49.303232,2025-10-12 11:18:49.303278
"KIJX","Jacksonville Muni, IL, US",2025-10-12 14:55:00,"2025-10-12 14:55:00","VFR",17.7,10.5,140,6,NA,NA,1015.3,"METAR KIJX 121455Z AUTO 14006KT 10SM CLR 18/11 A2998 RMK AO2 T01770105",2025-10-12 15:18:49.321123,2025-10-12 11:18:49.321199
"KI40","Coshocton/Downing Arpt, OH, US",2025-10-12 14:55:00,"2025-10-12 14:55:00","VFR",16,11,70,5,NA,NA,1018,"METAR KI40 121455Z AUTO 07005KT 10SM CLR 16/11 A3006 RMK AO2",2025-10-12 15:18:49.327565,2025-10-12 11:18:49.327612
"KIMS","Madison Muni, IN, US",2025-10-12 14:55:00,"2025-10-12 10:55:00","VFR",16,11,0,0,NA,NA,1017,"METAR KIMS 121455Z AUTO 00000KT 10SM CLR 16/11 A3003 RMK AO2",2025-10-12 15:18:49.334002,2025-10-12 11:18:49.334048
"KIKV","Ankeny Rgnl, IA, US",2025-10-12 14:55:00,"2025-10-12 14:55:00","VFR",15,12,140,10,16,NA,1010.2,"METAR KIKV 121455Z AUTO 14010G16KT 10SM CLR 15/12 A2983 RMK AO2",2025-10-12 15:18:49.34043,2025-10-12 11:18:49.340474
"KIDP","Independence Muni, KS, US",2025-10-12 14:55:00,"2025-10-12 09:55:00","VFR",22,16,180,12,NA,NA,1009.9,"METAR KIDP 121455Z AUTO 18012KT 10SM CLR 22/16 A2982 RMK AO2",2025-10-12 15:18:49.346849,2025-10-12 11:18:49.346895
"KIOB","Mount Sterling/Montgomery Cnty, KY, US",2025-10-12 14:55:00,"2025-10-12 14:55:00","VFR",16,10,0,0,NA,NA,1016.7,"METAR KIOB 121455Z AUTO 00000KT 10SM CLR 16/10 A3002 RMK AO2 PWINO",2025-10-12 15:18:49.353421,2025-10-12 11:18:49.353467
"KI93","Hardinsburg/Breckinridge Cnty, KY, US",2025-10-12 14:55:00,"2025-10-12 14:55:00","VFR",18,13,0,0,NA,NA,1015.3,"METAR KI93 121455Z AUTO 00000KT 10SM CLR 18/13 A2998 RMK AO2",2025-10-12 15:18:49.359908,2025-10-12 11:18:49.359953
"KI35","Harlan/Guthrie Mem, KY, US",2025-10-12 14:55:00,"2025-10-12 14:55:00","VFR",14.1,12.1,0,0,NA,NA,1015.3,"METAR KI35 121455Z AUTO 00000KT 10SM CLR 14/12 A2998 RMK AO2 T01410121",2025-10-12 15:18:49.366328,2025-10-12 11:18:49.366374
"KI75","Osceola Muni, IA, US",2025-10-12 14:55:00,"2025-10-12 14:55:00","VFR",19.1,13.7,150,14,20,NA,1010.2,"METAR KI75 121455Z AUTO 15014G20KT 10SM CLR 19/14 A2983 RMK AO2 T01910137",2025-10-12 15:18:49.372787,2025-10-12 11:18:49.37283
"KI95","Kenton/Hardin Cnty, OH, US",2025-10-12 14:55:00,"2025-10-12 14:55:00","VFR",15,11,70,8,NA,NA,1017,"METAR KI95 121455Z AUTO 07008KT 10SM CLR 15/11 A3003 RMK A01",2025-10-12 15:18:49.37923,2025-10-12 11:18:49.379277
"KJES","Jesup/Wayne Cnty, GA, US",2025-10-12 14:55:00,"2025-10-12 14:55:00","VFR",21,15,10,3,NA,NA,1010.9,"METAR KJES 121455Z AUTO 01003KT 10SM OVC080 21/15 A2985 RMK AO2",2025-10-12 15:18:49.385662,2025-10-12 11:18:49.385708
"KJSV","Sallisaw Muni, OK, US",2025-10-12 14:55:00,"2025-10-12 14:55:00","VFR",22,20,90,8,NA,9,1012.6,"METAR KJSV 121455Z AUTO 09008KT 9SM CLR 22/20 A2990 RMK AO2",2025-10-12 15:18:49.392052,2025-10-12 11:18:49.392095
"KIZG","Fryeburg/Eastern Slopes Rgnl, ME, US",2025-10-12 14:54:00,"2025-10-12 10:54:00","VFR",15,5,70,8,NA,NA,1027.9,"METAR KIZG 121454Z AUTO 07008KT 040V100 10SM CLR 15/05 A3035 RMK AO2 SLP279 T01500050 52001",2025-10-12 15:18:49.398517,2025-10-12 11:18:49.398563
"KIND","Indianapolis Intl, IN, US",2025-10-12 14:54:00,"2025-10-12 10:54:00","VFR",15,7.8,90,4,NA,NA,1017.4,"METAR KIND 121454Z 09004KT 10SM CLR 15/08 A3004 RMK AO2 SLP169 T01500078 51007",2025-10-12 15:18:49.404961,2025-10-12 11:18:49.405006
"KINL","International Falls/Einarson Fld, MN, US",2025-10-12 14:54:00,"2025-10-12 09:54:00","VFR",11.1,10,140,12,22,NA,1004.1,"METAR KINL 121454Z AUTO 14012G22KT 10SM FEW014 BKN110 11/10 A2965 RMK AO2 RAE49 SLP043 P0002 60008 T01110100 58013",2025-10-12 15:18:49.411442,2025-10-12 11:18:49.411488
"KIPT","Williamsport Rgnl, PA, US",2025-10-12 14:54:00,"2025-10-12 10:54:00","VFR",17.2,11.7,0,0,NA,NA,1019,"METAR KIPT 121454Z 00000KT 10SM SCT049 17/12 A3009 RMK AO2 SLP190 T01720117 58001 $",2025-10-12 15:18:49.417888,2025-10-12 11:18:49.417932
"KINT","Winston-Salem/Reynolds Arpt, NC, US",2025-10-12 14:54:00,"2025-10-12 10:54:00","MVFR",18.3,13.9,20,13,27,NA,1010.9,"METAR KINT 121454Z 02013G27KT 10SM OVC016 18/14 A2985 RMK AO2 PK WND 02027/1446 SLP100 60000 T01830139 53005 $",2025-10-12 15:18:49.424376,2025-10-12 11:18:49.424423
"KIMT","Iron Mountain/Ford Arpt, MI, US",2025-10-12 14:54:00,"2025-10-12 09:54:00","MVFR",12.8,9.4,160,7,16,NA,1017.4,"METAR KIMT 121454Z AUTO 16007G16KT 10SM OVC025 13/09 A3004 RMK AO2 SLP177 T01280094 58005 $",2025-10-12 15:18:49.430834,2025-10-12 11:18:49.430881
"KISW","Wisconsin Rapids/S Wood Cnty, WI, US",2025-10-12 14:54:00,"2025-10-12 09:54:00","VFR",12.2,8.9,160,8,NA,NA,1016.3,"METAR KISW 121454Z AUTO 16008KT 10SM CLR 12/09 A3001 RMK AO2 SLP166 T01220089 58007",2025-10-12 15:18:49.437352,2025-10-12 11:18:49.437402
"KJST","Johnstown/Murtha Arpt, PA, US",2025-10-12 14:54:00,"2025-10-12 10:54:00","IFR",11.7,11.1,90,7,18,NA,1017.7,"METAR KJST 121454Z AUTO 09007G18KT 10SM BKN009 OVC013 12/11 A3005 RMK AO2 CIG 006V011 SLP178 60001 T01170111 51003",2025-10-12 15:18:49.455164,2025-10-12 11:18:49.455214
"KILN","Wilmington Arpt, OH, US",2025-10-12 14:54:00,"2025-10-12 10:54:00","VFR",15.6,10.6,20,5,NA,NA,1016.7,"METAR KILN 121454Z AUTO 02005KT 10SM CLR 16/11 A3002 RMK AO2 SLP168 T01560106 50004",2025-10-12 15:18:49.461537,2025-10-12 11:18:49.461582
"KJAN","Jackson/Evers Intl, MS, US",2025-10-12 14:54:00,"2025-10-12 09:54:00","VFR",23.3,13.3,0,0,NA,NA,1014.3,"METAR KJAN 121454Z 00000KT 10SM CLR 23/13 A2995 RMK AO2 SLP140 T02330133 51009",2025-10-12 15:18:49.467932,2025-10-12 11:18:49.467975
"KIDA","Idaho Falls Rgnl, ID, US",2025-10-12 14:53:00,"2025-10-12 08:53:00","VFR",3.3,-0.6,210,18,27,NA,1014.3,"METAR KIDA 121453Z 21018G27KT 10SM CLR 03/M01 A2995 RMK AO2 PK WND 21027/1450 SLP148 T00331006 53019",2025-10-12 15:18:49.47449,2025-10-12 11:18:49.474543
"KICR","Winner/Wiley Fld, SD, US",2025-10-12 14:53:00,"2025-10-12 14:53:00","VFR",20,12.8,210,12,18,NA,999.1,"METAR KICR 121453Z AUTO 21012G18KT 10SM CLR 20/13 A2950 RMK AO2 SLP975 T02000128 53017",2025-10-12 15:18:49.480872,2025-10-12 11:18:49.480916
"KIXD","Olathe/New Century Arpt, KS, US",2025-10-12 14:53:00,"2025-10-12 09:53:00","VFR",21.1,14.4,160,14,NA,NA,1009.9,"METAR KIXD 121453Z 16014KT 10SM CLR 21/14 A2982 RMK AO2 SLP090 T02110144 58001 $",2025-10-12 15:18:49.487453,2025-10-12 11:18:49.487499
"KJLN","Joplin Rgnl, MO, US",2025-10-12 14:53:00,"2025-10-12 09:53:00","VFR",23.3,15.6,170,10,NA,NA,1011.9,"METAR KJLN 121453Z 17010KT 10SM CLR 23/16 A2988 RMK AO2 SLP109 T02330156 51008",2025-10-12 15:18:49.494054,2025-10-12 11:18:49.494101
"KJBR","Jonesboro Muni, AR, US",2025-10-12 14:53:00,"2025-10-12 09:53:00","VFR",20,13.3,0,0,NA,NA,1014.6,"METAR KJBR 121453Z AUTO 00000KT 10SM CLR 20/13 A2996 RMK AO2 SLP143 T02000133 50005 $",2025-10-12 15:18:49.500843,2025-10-12 11:18:49.50089
"KICT","Wichita/Eisenhower Arpt, KS, US",2025-10-12 14:53:00,"2025-10-12 09:53:00","VFR",23.9,12.2,180,20,25,NA,1006.9,"METAR KICT 121453Z 18020G25KT 10SM SCT100 SCT140 SCT200 24/12 A2973 RMK AO2 PK WND 18028/1443 SLP055 T02390122 56005",2025-10-12 15:18:49.507361,2025-10-12 11:18:49.507407
"KJEF","Jefferson City Mem, MO, US",2025-10-12 14:53:00,"2025-10-12 09:53:00","VFR",15.6,13.3,110,5,NA,NA,1013.6,"METAR KJEF 121453Z 11005KT 10SM CLR 16/13 A2993 RMK AO2 SLP123 T01560133 50002 $",2025-10-12 15:18:49.513843,2025-10-12 11:18:49.513887
"KJER","Jerome Cnty Arpt, ID, US",2025-10-12 14:53:00,"2025-10-12 14:53:00","VFR",4.4,0,190,4,NA,NA,1015.3,"METAR KJER 121453Z AUTO 19004KT 10SM BKN050 04/00 A2998 RMK AO2 SLP156 T00440000 51012",2025-10-12 15:18:49.520372,2025-10-12 11:18:49.520417
"KIWI","Wiscasset Arpt, ME, US",2025-10-12 14:53:00,"2025-10-12 10:53:00",NA,NA,NA,NA,NA,NA,NA,1028.2,"METAR KIWI 121453Z AUTO A3036 RMK AO2 SLPNO 6//// PWINO FZRANO $",2025-10-12 15:18:49.526716,2025-10-12 11:18:49.526759
"KIPL","Imperial Cnty Arpt, CA, US",2025-10-12 14:53:00,"2025-10-12 07:53:00","VFR",19.4,5.6,0,0,NA,NA,1005.2,"METAR KIPL 121453Z AUTO 00000KT 10SM CLR 19/06 A2968 RMK AO2 SLP052 T01940056 53014",2025-10-12 15:18:49.533164,2025-10-12 11:18:49.533216
"KIAH","Houston/Bush Intl, TX, US",2025-10-12 14:53:00,"2025-10-12 09:53:00","VFR",25.6,16.7,160,4,NA,NA,1013,"METAR KIAH 121453Z 16004KT 10SM FEW250 26/17 A2991 RMK AO2 SLP128 T02560167 53010 $",2025-10-12 15:18:49.539605,2025-10-12 11:18:49.53965
"KITR","Burlington/Kit Carson Cnty, CO, US",2025-10-12 14:53:00,"2025-10-12 14:53:00","VFR",19.4,7.2,270,7,NA,NA,1005.5,"METAR KITR 121453Z AUTO 27007KT 10SM CLR 19/07 A2969 RMK AO2 SLP000 T01940072 53021",2025-10-12 15:18:49.546038,2025-10-12 11:18:49.546083
"KHZY","Ashtabula/NE Ohio Rgnl, OH, US",2025-10-12 14:53:00,"2025-10-12 10:53:00","VFR",17.2,11.7,130,9,NA,NA,1018.7,"METAR KHZY 121453Z AUTO 13009KT 10SM CLR 17/12 A3008 RMK AO2 SLP186 T01720117 50003",2025-10-12 15:18:49.552459,2025-10-12 11:18:49.552514
"KJKL","Jackson/Carroll Arpt, KY, US",2025-10-12 14:53:00,"2025-10-12 14:53:00","VFR",15,10,0,0,NA,NA,1015.7,"METAR KJKL 121453Z AUTO 00000KT 10SM CLR 15/10 A2999 RMK AO2 SLP149 T01500100 51009",2025-10-12 15:18:49.558866,2025-10-12 11:18:49.558911
"KIML","Imperial Muni, NE, US",2025-10-12 14:53:00,"2025-10-12 08:53:00","VFR",16.7,7.2,NA,NA,NA,NA,1004.1,"METAR KIML 121453Z AUTO 10SM CLR 17/07 A2965 RMK AO2 SLP012 T01670072 53029",2025-10-12 15:18:49.56549,2025-10-12 11:18:49.565537
"KIJD","Willimantic/Windham Arpt, CT, US",2025-10-12 14:52:00,"2025-10-12 14:52:00","VFR",13.9,8.3,50,15,27,NA,1021.4,"METAR KIJD 121452Z AUTO 05015G27KT 10SM CLR 14/08 A3016 RMK AO2 PK WND 05027/1415 SLP214 T01390083 58003",2025-10-12 15:18:49.572007,2025-10-12 11:18:49.572052
"KIOW","Iowa City Muni, IA, US",2025-10-12 14:52:00,"2025-10-12 09:52:00","VFR",13.9,10.6,130,9,NA,NA,1014,"METAR KIOW 121452Z AUTO 13009KT 10SM CLR 14/11 A2994 RMK AO2 SLP139 T01390106 58005",2025-10-12 15:18:49.59026,2025-10-12 11:18:49.590306
"KIEN","Pine Ridge Strip, SD, US",2025-10-12 14:52:00,"2025-10-12 08:52:00","VFR",13.9,8.9,280,15,31,NA,1004.1,"METAR KIEN 121452Z AUTO 28015G31KT 10SM CLR 14/09 A2965 RMK AO2 PK WND 27031/1443 SLP023 T01390089 53038",2025-10-12 15:18:49.596704,2025-10-12 11:18:49.596749
"KIAD","Washington/Dulles Intl, VA, US",2025-10-12 14:52:00,"2025-10-12 10:52:00","MVFR",16.7,13.3,30,11,17,NA,1015,"METAR KIAD 121452Z 03011G17KT 10SM OVC023 17/13 A2997 RMK AO2 SLP149 T01670133 51010 $",2025-10-12 15:18:49.603185,2025-10-12 11:18:49.603233
"KIGM","Kingman Arpt, AZ, US",2025-10-12 14:51:00,"2025-10-12 07:51:00","VFR",15.6,6.7,90,6,NA,NA,1011.9,"METAR KIGM 121451Z AUTO 09006KT 10SM SCT021 16/07 A2988 RMK AO2 SLP061 T01560067 51012 $",2025-10-12 15:18:49.609609,2025-10-12 11:18:49.609654
"KJFK","New York/JF Kennedy Intl, NY, US",2025-10-12 14:51:00,"2025-10-12 10:51:00","VFR",15.6,10.6,40,22,31,NA,1018,"METAR KJFK 121451Z 04022G31KT 10SM -RA FEW021 SCT039 SCT070 BKN150 OVC220 16/11 A3006 RMK AO2 PK WND 04031/1405 SLP180 P0000 60000 T01560106 58002",2025-10-12 15:18:49.616045,2025-10-12 11:18:49.61609
"KILG","Wilmington/New Castle Arpt, DE, US",2025-10-12 14:51:00,"2025-10-12 10:51:00","VFR",17.8,10.6,40,18,27,NA,1015.3,"METAR KILG 121451Z 04018G27KT 10SM BKN033 18/11 A2998 RMK AO2 PK WND 04027/1418 SLP153 T01780106 58001 $",2025-10-12 15:18:49.622627,2025-10-12 11:18:49.622674
"KJCT","Junction/Kimble Cnty, TX, US",2025-10-12 14:51:00,"2025-10-12 09:51:00","VFR",22.8,11.7,170,3,NA,NA,1013.6,"METAR KJCT 121451Z AUTO 17003KT 10SM CLR 23/12 A2993 RMK AO2 SLP099 T02280117 53007",2025-10-12 15:18:49.629138,2025-10-12 11:18:49.629205
"KJAU","Jacksboro/Campbell Cnty, TN, US",2025-10-12 14:50:00,"2025-10-12 14:50:00",NA,18,11,0,0,NA,NA,1014,"METAR KJAU 121450Z AUTO 00000KT 10SM 18/11 A2994 RMK A01",2025-10-12 15:18:49.635638,2025-10-12 11:18:49.635682
"KJQF","Concord Rgnl, NC, US",2025-10-12 14:50:00,"2025-10-12 10:50:00","MVFR",19,14,30,10,21,NA,1010.6,"METAR KJQF 121450Z 03010G21KT 10SM OVC020 19/14 A2984",2025-10-12 15:18:49.642285,2025-10-12 11:18:49.642329
"KIMM","Immokalee Rgnl, FL, US",2025-10-12 14:50:00,"2025-10-12 10:50:00","VFR",25,21,50,6,NA,NA,1009.6,"METAR KIMM 121450Z AUTO 05006KT 10SM FEW038 25/21 A2981 RMK AO2",2025-10-12 15:18:49.648734,2025-10-12 11:18:49.648781
"KJWN","Nashville/Tune Arpt, TN, US",2025-10-12 14:50:00,"2025-10-12 14:50:00","VFR",19,12,0,0,NA,NA,1014.3,"METAR KJWN 121450Z 00000KT 10SM CLR 19/12 A2995",2025-10-12 15:18:49.655232,2025-10-12 11:18:49.655279
"KJDN","Jordan Arpt, MT, US",2025-10-12 14:48:00,"2025-10-12 08:48:00",NA,3.9,2.2,310,23,29,NA,1003.1,"METAR KJDN 121448Z AUTO 31023G29KT 04/02 A2962 RMK AO1 PK WND 30030/1430 SLP040 60001 T00390022 53024",2025-10-12 15:18:49.661625,2025-10-12 11:18:49.66167
"KIFP","Bullhead City Intl, AZ, US",2025-10-12 14:47:00,"2025-10-12 07:47:00","VFR",23,1,360,22,28,NA,1006.9,"METAR KIFP 121447Z 36022G28KT 10SM CLR 23/01 A2973",2025-10-12 15:18:49.668119,2025-10-12 11:18:49.668183
"KJVL","Janesville/S Wisconsin Rgnl, WI, US",2025-10-12 14:45:00,"2025-10-12 09:45:00","VFR",14,9,140,10,NA,NA,1017,"METAR KJVL 121445Z 14010KT 10SM SCT230 14/09 A3003",2025-10-12 15:18:49.674588,2025-10-12 11:18:49.674634
"KJXI","Gilmer/Stephens Fld, TX, US",2025-10-12 14:15:00,"2025-10-12 14:15:00","VFR",20.3,15,0,0,NA,NA,1013,"METAR KJXI 121415Z AUTO 00000KT 10SM CLR 20/15 A2991 RMK AO2 T02030150",2025-10-12 15:18:49.681038,2025-10-12 11:18:49.681083
"KLNL","Land OLakes Arpt, WI, US",2025-10-12 15:15:00,"2025-10-12 15:15:00","VFR",12.4,7,180,7,17,NA,1016,"METAR KLNL 121515Z AUTO 18007G17KT 150V230 10SM SCT020 12/07 A3000 RMK AO2 T01240070",2025-10-12 15:18:51.243923,2025-10-12 11:18:51.243968
"KLKV","Lakeview/Lake Cnty, OR, US",2025-10-12 15:15:00,"2025-10-12 08:15:00","VFR",5,2,170,6,NA,NA,1016.3,"SPECI KLKV 121515Z AUTO 17006KT 10SM SCT029 OVC036 05/02 A3001 RMK AO2",2025-10-12 15:18:51.250383,2025-10-12 11:18:51.250428
"KLNA","Lantana/Palm Beach Cnty, FL, US",2025-10-12 15:15:00,"2025-10-12 11:15:00","VFR",27.3,19.5,340,5,NA,NA,1009.2,"METAR KLNA 121515Z AUTO 34005KT 10SM SCT065 27/20 A2980 RMK AO2 T02730195",2025-10-12 15:18:51.256754,2025-10-12 11:18:51.256799
"KLQK","Pickens Cnty, SC, US",2025-10-12 15:15:00,"2025-10-12 11:15:00","VFR",22.4,7,360,5,NA,NA,1011.3,"METAR KLQK 121515Z AUTO 36005KT 10SM SCT035 22/07 A2986 RMK AO2 T02240070",2025-10-12 15:18:51.263187,2025-10-12 11:18:51.263244
"KLDM","Ludington/Mason Cnty, MI, US",2025-10-12 15:15:00,"2025-10-12 11:15:00","VFR",13,10,120,7,NA,NA,1019,"METAR KLDM 121515Z AUTO 12007KT 10SM CLR 13/10 A3009 RMK AO2",2025-10-12 15:18:51.269606,2025-10-12 11:18:51.269651
"KLBO","Lebanon/Jones Arpt, MO, US",2025-10-12 15:15:00,"2025-10-12 15:15:00","VFR",20,13,170,12,17,NA,1014,"METAR KLBO 121515Z AUTO 17012G17KT 10SM CLR 20/13 A2994 RMK AO2",2025-10-12 15:18:51.276144,2025-10-12 11:18:51.276207
"KLNP","Wise/Lonesome Pine Arpt, VA, US",2025-10-12 15:15:00,"2025-10-12 11:15:00","VFR",15,8,30,8,NA,NA,1016,"METAR KLNP 121515Z AUTO 03008KT 10SM CLR 15/08 A3000 RMK AO2",2025-10-12 15:18:51.282621,2025-10-12 11:18:51.282665
"KLRY","Harrisonville/Smith, MO, US",2025-10-12 15:15:00,"2025-10-12 15:15:00","VFR",22,15,190,8,NA,NA,1011.6,"METAR KLRY 121515Z AUTO 19008KT 10SM CLR 22/15 A2987 RMK AO2",2025-10-12 15:18:51.289054,2025-10-12 11:18:51.289099
"KLJF","Litchfield Muni, MN, US",2025-10-12 15:15:00,"2025-10-12 15:15:00","VFR",14,10,150,10,16,NA,1005.5,"METAR KLJF 121515Z AUTO 15010G16KT 10SM CLR 14/10 A2969 RMK AO2",2025-10-12 15:18:51.295563,2025-10-12 11:18:51.29561
"KLKU","Louisa/Freeman Fld, VA, US",2025-10-12 15:15:00,"2025-10-12 11:15:00","IFR",16.2,15.5,30,12,17,4,1013.3,"METAR KLKU 121515Z AUTO 03012G17KT 4SM DZ BR OVC006 16/15 A2992 RMK AO2 T01620155",2025-10-12 15:18:51.301944,2025-10-12 11:18:51.301991
"KLNC","Lancaster Arpt, TX, US",2025-10-12 15:15:00,"2025-10-12 15:15:00",NA,25.9,14.1,220,9,NA,NA,1012.6,"METAR KLNC 121515Z AUTO 22009KT CLR 26/14 A2990 RMK AO2 T02590141 PWINO",2025-10-12 15:18:51.308314,2025-10-12 11:18:51.308358
"KL08","Borrego Springs Arpt, CA, US",2025-10-12 15:15:00,"2025-10-12 08:15:00","VFR",17,1,0,0,NA,NA,1006.9,"METAR KL08 121515Z AUTO 00000KT 10SM CLR 17/01 A2973 RMK AO2",2025-10-12 15:18:51.314748,2025-10-12 11:18:51.314794
"KLRJ","Le Mars Muni, IA, US",2025-10-12 15:15:00,"2025-10-12 10:15:00","VFR",21,14,160,12,21,NA,1002.1,"METAR KLRJ 121515Z AUTO 16012G21KT 10SM FEW120 21/14 A2959 RMK AO2",2025-10-12 15:18:51.321206,2025-10-12 11:18:51.321254
"KLHM","Lincoln Rgnl, CA, US",2025-10-12 15:15:00,"2025-10-12 15:15:00","VFR",7,6,0,0,NA,NA,1013.3,"METAR KLHM 121515Z AUTO 00000KT 10SM CLR 07/06 A2992 RMK AO1",2025-10-12 15:18:51.327639,2025-10-12 11:18:51.327684
"KLIC","Limon Muni, CO, US",2025-10-12 15:15:00,"2025-10-12 09:15:00","VFR",13.3,4.4,360,17,25,NA,1008.5,"SPECI KLIC 121515Z AUTO 36017G25KT 10SM CLR 13/04 A2978 RMK AO2 WSHFT 1455 T01330044",2025-10-12 15:18:51.334036,2025-10-12 11:18:51.334081
"KLBT","Lumberton Muni, NC, US",2025-10-12 15:12:00,"2025-10-12 11:12:00","IFR",18.9,17.8,360,13,24,1.75,1003.5,"SPECI KLBT 121512Z AUTO 36013G24KT 1 3/4SM -RA BR BKN013 OVC018 19/18 A2963 RMK AO2 P0001 T01890178",2025-10-12 15:18:51.340475,2025-10-12 11:18:51.340519
"KLFI","Langley AFB, VA, US",2025-10-12 15:10:00,"2025-10-12 11:10:00","MVFR",20,18,50,26,30,7,1007.5,"SPECI KLFI 121510Z AUTO 05026G30KT 7SM -RA SCT010 OVC015 20/18 A2975 RMK AO2 DZE08RAB08 OVC V BKN SLP081 $",2025-10-12 15:18:51.346943,2025-10-12 11:18:51.346987
"KLHZ","Louisburg/Franklin Cnty, NC, US",2025-10-12 15:05:00,"2025-10-12 11:05:00","MVFR",18,17,10,10,16,4,1007.9,"METAR KLHZ 121505Z AUTO 01010G16KT 4SM BR SCT009 BKN013 OVC020 18/17 A2976 RMK AO2",2025-10-12 15:18:51.353392,2025-10-12 11:18:51.353436
"KLAX","Los Angeles Intl, CA, US",2025-10-12 15:03:00,"2025-10-12 08:03:00","LIFR",16.1,15,40,5,NA,2.5,1008.5,"SPECI KLAX 121503Z 04005KT 2 1/2SM BCFG SCT000 BKN004 16/15 A2978 RMK AO2 W-NW 1/2 FG SCT000 T01610150 $",2025-10-12 15:18:51.371439,2025-10-12 11:18:51.371484
"KLRD","Laredo Intl, TX, US",2025-10-12 14:56:00,"2025-10-12 09:56:00","VFR",26.1,16.7,160,11,NA,NA,1011.9,"METAR KLRD 121456Z 16011KT 10SM CLR 26/17 A2988 RMK AO2 SLP115 T02610167 53009 $",2025-10-12 15:18:51.378014,2025-10-12 11:18:51.378059
"KLEW","Auburn-Lewiston Muni, ME, US",2025-10-12 14:56:00,"2025-10-12 10:56:00","VFR",12.8,7.2,50,8,NA,NA,1028.2,"METAR KLEW 121456Z AUTO 05008KT 10SM CLR 13/07 A3036 RMK AO2 SLP288 T01280072 53007",2025-10-12 15:18:51.384443,2025-10-12 11:18:51.38449
"KLGD","La Grande/Union Cnty, OR, US",2025-10-12 14:56:00,"2025-10-12 07:56:00","VFR",6.7,2.2,220,8,17,NA,1013.3,"METAR KLGD 121456Z AUTO 22008G17KT 10SM OVC055 07/02 A2992 RMK AO2 RAE05 SLP141 P0000 60001 T00670022 51005 $",2025-10-12 15:18:51.390836,2025-10-12 11:18:51.390881
"KLAS","Las Vegas/Reid Intl, NV, US",2025-10-12 14:56:00,"2025-10-12 07:56:00","VFR",18.9,-2.2,360,13,NA,NA,1012.3,"METAR KLAS 121456Z 36013KT 10SM CLR 19/M02 A2989 RMK AO2 SLP102 T01891022 51015",2025-10-12 15:18:51.397257,2025-10-12 11:18:51.397303
"KLBL","Liberal/Mid America Rgnl, KS, US",2025-10-12 14:56:00,"2025-10-12 09:56:00","VFR",21.7,14.4,230,19,24,NA,1005.8,"METAR KLBL 121456Z AUTO 23019G24KT 10SM CLR 22/14 A2970 RMK AO2 SLP028 6//// T02170144 51007 PNO $",2025-10-12 15:18:51.403707,2025-10-12 11:18:51.403752
"KLCI","Laconia Muni, NH, US",2025-10-12 14:56:00,"2025-10-12 10:56:00","VFR",12.2,6.7,60,11,19,NA,1026.5,"METAR KLCI 121456Z AUTO 06011G19KT 10SM CLR 12/07 A3031 RMK AO2 SLP265 T01220067 50002",2025-10-12 15:18:51.410307,2025-10-12 11:18:51.410352
"KLNR","Lone Rock/Tri Cnty Rgnl, WI, US",2025-10-12 14:56:00,"2025-10-12 09:56:00","VFR",13.3,10,120,8,NA,NA,1015.7,"METAR KLNR 121456Z AUTO 12008KT 10SM CLR 13/10 A2999 RMK AO2 SLP153 T01330100 58006",2025-10-12 15:18:51.41674,2025-10-12 11:18:51.416785
"KKLS","Kelso/Longview Arpt, WA, US",2025-10-12 14:56:00,"2025-10-12 07:56:00","VFR",10.6,8.9,150,5,NA,NA,1014.6,"METAR KKLS 121456Z AUTO 15005KT 10SM -RA FEW037 SCT045 OVC055 11/09 A2996 RMK AO2 RAB01 SLP147 P0001 60001 T01060089 56008",2025-10-12 15:18:51.423211,2025-10-12 11:18:51.423258
"KL35","Big Bear City Arpt, CA, US",2025-10-12 14:55:00,"2025-10-12 07:55:00","VFR",-1,-13,0,0,NA,NA,1016.7,"METAR KL35 121455Z AUTO 00000KT 10SM CLR M01/M13 A3002 RMK AO2",2025-10-12 15:18:51.429786,2025-10-12 11:18:51.429832
"KLAM","Los Alamos Arpt, NM, US",2025-10-12 14:55:00,"2025-10-12 08:55:00","VFR",11.1,10.7,180,6,NA,6,1017,"METAR KLAM 121455Z AUTO 18006KT 6SM BR FEW001 BKN045 11/11 A3003 RMK AO2 T01110107 53008 $",2025-10-12 15:18:51.436274,2025-10-12 11:18:51.436318
"KLOM","Philadelphia/Wings Field Arpt, PA, US",2025-10-12 14:55:00,"2025-10-12 10:55:00","VFR",15.6,10,60,9,19,NA,1017,"METAR KLOM 121455Z AUTO 06009G19KT 10SM SCT043 16/10 A3003 RMK AO2 T01560100",2025-10-12 15:18:51.442676,2025-10-12 11:18:51.44272
"KLRO","Mt Pleasant Rgnl, SC, US",2025-10-12 14:55:00,"2025-10-12 14:55:00","MVFR",18,17,300,10,NA,8,1005.2,"METAR KLRO 121455Z AUTO 30010KT 8SM BKN012 18/17 A2968 RMK AO2",2025-10-12 15:18:51.449256,2025-10-12 11:18:51.449301
"KLLJ","Challis Arpt, ID, US",2025-10-12 14:55:00,"2025-10-12 08:55:00","VFR",3.3,0,280,3,NA,NA,1011.3,"METAR KLLJ 121455Z AUTO 28003KT 10SM OVC060 03/00 A2986 RMK AO2 SLP100 T00330000 53012",2025-10-12 15:18:51.455741,2025-10-12 11:18:51.455785
"KK62","Falmouth/Snyder Arpt, KY, US",2025-10-12 14:55:00,"2025-10-12 14:55:00","VFR",16,10,0,0,NA,NA,1016,"METAR KK62 121455Z AUTO 00000KT 10SM CLR 16/10 A3000 RMK AO2",2025-10-12 15:18:51.462209,2025-10-12 11:18:51.462255
"KLCK","Columbus/Rickenbacker Intl, OH, US",2025-10-12 14:55:00,"2025-10-12 10:55:00","VFR",15.2,10.5,40,5,NA,NA,1016.7,"METAR KLCK 121455Z AUTO 04005KT 10SM CLR 15/11 A3002 RMK AO2 T01520105",2025-10-12 15:18:51.468719,2025-10-12 11:18:51.468763
"KLRU","Las Cruces Intl, NM, US",2025-10-12 14:55:00,"2025-10-12 08:55:00","IFR",17.5,16.5,200,6,NA,NA,1015.3,"METAR KLRU 121455Z AUTO 20006KT 10SM OVC005 18/17 A2998 RMK AO2 60001 T01750165",2025-10-12 15:18:51.475232,2025-10-12 11:18:51.475278
"KLCQ","Lake City/Gateway Arpt, FL, US",2025-10-12 14:55:00,"2025-10-12 10:55:00","VFR",21,13,330,8,NA,NA,1010.6,"METAR KLCQ 121455Z AUTO 33008KT 10SM CLR 21/13 A2984 RMK AO2",2025-10-12 15:18:51.481685,2025-10-12 11:18:51.48173
"KLHB","Hearne Muni, TX, US",2025-10-12 14:55:00,"2025-10-12 14:55:00","VFR",23,17,NA,3,NA,NA,1013,"METAR KLHB 121455Z AUTO VRB03KT 10SM CLR 23/17 A2991 RMK AO2",2025-10-12 15:18:51.488256,2025-10-12 11:18:51.488301
"KLKP","Lake Placid Arpt, NY, US",2025-10-12 14:55:00,"2025-10-12 10:55:00","VFR",14,2,150,10,15,NA,1025.1,"METAR KLKP 121455Z AUTO 15010G15KT 10SM CLR 14/02 A3027 RMK AO2",2025-10-12 15:18:51.506186,2025-10-12 11:18:51.506238
"KLLN","Levelland Muni, TX, US",2025-10-12 14:55:00,"2025-10-12 14:55:00","VFR",20,12,200,8,NA,NA,1011.9,"METAR KLLN 121455Z AUTO 20008KT 10SM CLR 20/12 A2988 RMK AO2",2025-10-12 15:18:51.512607,2025-10-12 11:18:51.512651
"KK83","Sabetha Muni, KS, US",2025-10-12 14:55:00,"2025-10-12 14:55:00","VFR",21.3,14.1,170,14,22,NA,1007.2,"METAR KK83 121455Z AUTO 17014G22KT 10SM CLR 21/14 A2974 RMK AO2 T02130141",2025-10-12 15:18:51.519038,2025-10-12 11:18:51.519084
"KK88","Iola/Allen Cnty, KS, US",2025-10-12 14:55:00,"2025-10-12 14:55:00","VFR",21,18,180,12,17,NA,1009.6,"METAR KK88 121455Z AUTO 18012G17KT 10SM CLR 21/18 A2981 RMK AO2",2025-10-12 15:18:51.525463,2025-10-12 11:18:51.525508
"KLHW","Ft Stewart/Mid Coast Rgnl, GA, US",2025-10-12 14:55:00,"2025-10-12 10:55:00","VFR",17.9,15.3,320,8,NA,NA,1008.5,"METAR KLHW 121455Z AUTO 32008KT 10SM -RA BKN045 OVC060 18/15 A2978 RMK AO2 RAE1355RAB22 SLP087 P0000 60000 T01790153 52016 $",2025-10-12 15:18:51.531969,2025-10-12 11:18:51.532015
"KLCG","Wayne Muni, NE, US",2025-10-12 14:55:00,"2025-10-12 14:55:00","VFR",20.5,14.3,170,20,25,NA,1002.1,"METAR KLCG 121455Z AUTO 17020G25KT 10SM CLR 21/14 A2959 RMK AO2 T02050143",2025-10-12 15:18:51.538466,2025-10-12 11:18:51.538514
"KLSB","Lordsburg Muni, NM, US",2025-10-12 14:55:00,"2025-10-12 08:55:00","VFR",17,16,180,3,NA,NA,1014.3,"METAR KLSB 121455Z AUTO 18003KT 10SM OVC095 17/16 A2995 RMK AO2",2025-10-12 15:18:51.544988,2025-10-12 11:18:51.545032
"KK82","Smith Center Arpt, KS, US",2025-10-12 14:55:00,"2025-10-12 14:55:00","VFR",23.8,11.6,190,15,20,NA,1002.8,"METAR KK82 121455Z AUTO 19015G20KT 10SM CLR 24/12 A2961 RMK AO2 T02380116",2025-10-12 15:18:51.551493,2025-10-12 11:18:51.551541
"KLMS","Louisville/Winston Cnty, MS, US",2025-10-12 14:55:00,"2025-10-12 09:55:00","VFR",22,12,20,4,NA,NA,1015.3,"METAR KLMS 121455Z AUTO 02004KT 10SM CLR 22/12 A2998 RMK AO2",2025-10-12 15:18:51.557963,2025-10-12 11:18:51.558008
"KLKR","Lancaster Cnty, SC, US",2025-10-12 14:55:00,"2025-10-12 14:55:00","IFR",18,15,NA,6,16,1.75,1008.9,"METAR KLKR 121455Z AUTO VRB06G16KT 1 3/4SM -DZ FEW013 SCT021 18/15 A2979 RMK AO2",2025-10-12 15:18:51.564595,2025-10-12 11:18:51.56464
"KLMO","Longmont/Brand Arpt, CO, US",2025-10-12 14:55:00,"2025-10-12 14:55:00","VFR",17.2,1,260,16,32,7,1007.9,"METAR KLMO 121455Z AUTO 26016G32KT 7SM CLR 17/01 A2976 RMK AO2 T01720010",2025-10-12 15:18:51.570973,2025-10-12 11:18:51.571018
"KLNN","Willoughby/Lake Cnty Exec, OH, US",2025-10-12 14:55:00,"2025-10-12 10:55:00","VFR",17.6,9.4,120,6,NA,NA,1018.4,"METAR KLNN 121455Z AUTO 12006KT 100V160 10SM CLR 18/09 A3007 RMK AO1 T01760094",2025-10-12 15:18:51.577487,2025-10-12 11:18:51.577533
"KLGF","Laguna, AZ, US",2025-10-12 14:55:00,"2025-10-12 07:55:00","VFR",23.7,16.7,330,7,NA,9,1005.5,"METAR KLGF 121455Z AUTO 33007KT 9SM SCT090 24/17 A2969 RMK AO2 SLP051 T02370167 53012 $",2025-10-12 15:18:51.583904,2025-10-12 11:18:51.583948
"KLRF","Little Rock AFB, AR, US",2025-10-12 14:55:00,"2025-10-12 09:55:00","VFR",20.6,14,0,0,NA,NA,1014,"METAR KLRF 121455Z AUTO 00000KT 10SM CLR 21/14 A2994 RMK AO2 SLP140 T02060140 53005 $",2025-10-12 15:18:51.590524,2025-10-12 11:18:51.590569
"KLNK","Lincoln Arpt, NE, US",2025-10-12 14:54:00,"2025-10-12 09:54:00","VFR",22.2,13.3,170,19,29,NA,1003.5,"METAR KLNK 121454Z 17019G29KT 10SM OVC100 22/13 A2963 RMK AO2 PK WND 17033/1438 SLP022 T02220133 56013",2025-10-12 15:18:51.596972,2025-10-12 11:18:51.597017
"KLEX","Lexington/Blue Grass Arpt, KY, US",2025-10-12 14:54:00,"2025-10-12 10:54:00","VFR",17.2,10.6,20,3,NA,NA,1015.7,"METAR KLEX 121454Z 02003KT 10SM CLR 17/11 A2999 RMK AO2 SLP153 T01720106 50004 $",2025-10-12 15:18:51.603396,2025-10-12 11:18:51.603442
"KLAF","Lafayette/Purdue Univ Arpt, IN, US",2025-10-12 14:54:00,"2025-10-12 10:54:00","VFR",14.4,8.3,90,6,NA,NA,1017.4,"METAR KLAF 121454Z 09006KT 10SM CLR 14/08 A3004 RMK AO2 SLP173 T01440083 50005",2025-10-12 15:18:51.609864,2025-10-12 11:18:51.60991
"KLAN","Lansing/Capital City Arpt, MI, US",2025-10-12 14:53:00,"2025-10-12 10:53:00","VFR",11.1,10,90,5,NA,NA,1019.7,"METAR KLAN 121453Z 09005KT 10SM CLR 11/10 A3011 RMK AO2 SLP197 T01110100 50002 $",2025-10-12 15:18:51.616401,2025-10-12 11:18:51.616446
"KLEB","Lebanon Muni, NH, US",2025-10-12 14:53:00,"2025-10-12 10:53:00","VFR",12.2,5.6,300,4,NA,NA,1025.8,"METAR KLEB 121453Z 30004KT 10SM CLR 12/06 A3029 RMK AO2 SLP259 T01220056 58002",2025-10-12 15:18:51.622937,2025-10-12 11:18:51.622984
"KLIT","Little Rock/Clinton Natl, AR, US",2025-10-12 14:53:00,"2025-10-12 09:53:00","VFR",20.6,15,0,0,NA,NA,1014.3,"METAR KLIT 121453Z 00000KT 10SM SCT065 21/15 A2995 RMK AO2 SLP142 T02060150 53005",2025-10-12 15:18:51.64118,2025-10-12 11:18:51.641229
"KLOL","Lovelock/Derby Fld, NV, US",2025-10-12 14:53:00,"2025-10-12 07:53:00","VFR",1.1,-3.9,0,0,NA,NA,1017,"METAR KLOL 121453Z AUTO 00000KT 10SM CLR 01/M04 A3003 RMK AO2 SLP170 T00111039 58001",2025-10-12 15:18:51.647611,2025-10-12 11:18:51.647655
"KLOU","Louisville/Bowman Fld, KY, US",2025-10-12 14:53:00,"2025-10-12 10:53:00","VFR",16.1,10.6,0,0,NA,NA,1016,"METAR KLOU 121453Z 00000KT 10SM CLR 16/11 A3000 RMK AO2 SLP157 T01610106 52002 $",2025-10-12 15:18:51.654052,2025-10-12 11:18:51.654097
"KLOZ","London-Corbin Arpt, KY, US",2025-10-12 14:53:00,"2025-10-12 10:53:00","VFR",17.2,10,NA,3,NA,NA,1015.3,"METAR KLOZ 121453Z AUTO VRB03KT 10SM CLR 17/10 A2998 RMK AO2 SLP147 T01720100 51009",2025-10-12 15:18:51.660602,2025-10-12 11:18:51.660647
"KLPR","Elyria/Lorain Cnty, OH, US",2025-10-12 14:53:00,"2025-10-12 14:53:00","VFR",15.6,11.1,120,6,NA,NA,1018,"METAR KLPR 121453Z AUTO 12006KT 10SM CLR 16/11 A3006 RMK AO2 SLP180 T01560111 50004",2025-10-12 15:18:51.667045,2025-10-12 11:18:51.667092
"KLNS","Lancaster Arpt, PA, US",2025-10-12 14:53:00,"2025-10-12 10:53:00","VFR",15,11.7,40,12,NA,NA,1017,"METAR KLNS 121453Z 04012KT 10SM OVC095 15/12 A3003 RMK AO2 SLP169 T01500117 53001",2025-10-12 15:18:51.673618,2025-10-12 11:18:51.673663
"KLND","Lander/Hunt Fld, WY, US",2025-10-12 14:53:00,"2025-10-12 08:53:00","VFR",7.2,-9.4,250,18,38,NA,1008.5,"METAR KLND 121453Z AUTO 25018G38KT 10SM CLR 07/M09 A2978 RMK AO2 PK WND 29038/1448 WSHFT 1410 SLP046 T00721094 58000 $",2025-10-12 15:18:51.680222,2025-10-12 11:18:51.680268
"KLBB","Lubbock Intl Arpt, TX, US",2025-10-12 14:53:00,"2025-10-12 09:53:00","VFR",23.9,9.4,210,13,NA,NA,1010.9,"METAR KLBB 121453Z 21013KT 10SM BKN110 BKN250 24/09 A2985 RMK AO2 SLP060 SHRA DSNT SW-W T02390094 53004 $",2025-10-12 15:18:51.686696,2025-10-12 11:18:51.686741
"KLEE","Leesburg Muni, FL, US",2025-10-12 14:53:00,"2025-10-12 10:53:00","VFR",22.2,15.6,360,6,NA,NA,1010.2,"METAR KLEE 121453Z 36006KT 10SM CLR 22/16 A2983 RMK AO2 SLP101 T02220156 50008",2025-10-12 15:18:51.693231,2025-10-12 11:18:51.693276
"KLHQ","Lancaster/Fairfield Cnty, OH, US",2025-10-12 14:53:00,"2025-10-12 14:53:00","VFR",15.6,10.6,80,5,NA,NA,1017,"METAR KLHQ 121453Z AUTO 08005KT 10SM CLR 16/11 A3003 RMK AO2 SLP166 T01560106 50005",2025-10-12 15:18:51.699655,2025-10-12 11:18:51.6997
"KLBF","N Platte/Lee Bird Fld, NE, US",2025-10-12 14:53:00,"2025-10-12 09:53:00","VFR",17.2,12.8,300,5,NA,NA,1002.1,"METAR KLBF 121453Z AUTO 30005KT 10SM CLR 17/13 A2959 RMK AO2 SLP996 T01720128 52018",2025-10-12 15:18:51.706081,2025-10-12 11:18:51.706125
"KLMT","Klamath Falls Intl, OR, US",2025-10-12 14:53:00,"2025-10-12 07:53:00","VFR",3.3,1.7,250,3,NA,NA,1016.7,"METAR KLMT 121453Z 25003KT 10SM CLR 03/02 A3002 RMK AO2 SLP166 T00330017 58004 $",2025-10-12 15:18:51.712529,2025-10-12 11:18:51.712574
"KLAA","Lamar Muni, CO, US",2025-10-12 14:53:00,"2025-10-12 08:53:00","VFR",21.7,8.9,260,6,NA,NA,1004.8,"METAR KLAA 121453Z AUTO 26006KT 10SM CLR 22/09 A2967 RMK AO2 SLP997 T02170089 51014 $",2025-10-12 15:18:51.718947,2025-10-12 11:18:51.718992
"KLLQ","Monticello/Ellis Fld, AR, US",2025-10-12 14:53:00,"2025-10-12 14:53:00","VFR",22.2,11.7,150,5,NA,NA,1014,"METAR KLLQ 121453Z AUTO 15005KT 10SM CLR 22/12 A2994 RMK AO2 SLP137 T02220117 51006",2025-10-12 15:18:51.725421,2025-10-12 11:18:51.725466
"KLGB","Long Beach Arpt, CA, US",2025-10-12 14:53:00,"2025-10-12 07:53:00","VFR",15.6,13.3,0,0,NA,NA,1007.9,"METAR KLGB 121453Z 00000KT 10SM CLR 16/13 A2976 RMK AO2 SLP078 T01560133 51003 $",2025-10-12 15:18:51.731941,2025-10-12 11:18:51.731986
"KLAR","Laramie Rgnl, WY, US",2025-10-12 14:53:00,"2025-10-12 08:53:00","VFR",4.4,-4.4,260,29,41,NA,1012.3,"METAR KLAR 121453Z AUTO 26029G41KT 10SM CLR 04/M04 A2989 RMK AO2 PK WND 25041/1449 SLP059 T00441044 51026",2025-10-12 15:18:51.738414,2025-10-12 11:18:51.738459
"KLBX","Angleton/Texas Gulf Coast Rgnl, TX, US",2025-10-12 14:53:00,"2025-10-12 09:53:00","VFR",25.6,18.9,110,3,NA,NA,1012.6,"METAR KLBX 121453Z AUTO 11003KT 10SM CLR 26/19 A2990 RMK AO2 SLP126 T02560189 53010",2025-10-12 15:18:51.744881,2025-10-12 11:18:51.744926
"KLAW","Lawton-Fort Sill Rgnl, OK, US",2025-10-12 14:53:00,"2025-10-12 09:53:00","VFR",23.3,12.2,180,8,NA,NA,1010.2,"METAR KLAW 121453Z 18008KT 10SM CLR 23/12 A2983 RMK AO2 SLP088 T02330122 50008",2025-10-12 15:18:51.75141,2025-10-12 11:18:51.751456
"KLCH","Lake Charles Rgnl, LA, US",2025-10-12 14:53:00,"2025-10-12 09:53:00","VFR",23.9,17.2,60,5,NA,NA,1013.6,"METAR KLCH 121453Z 06005KT 10SM CLR 24/17 A2993 RMK AO2 SLP142 T02390172 53011 $",2025-10-12 15:18:51.757962,2025-10-12 11:18:51.758009
"KLFK","Lufkin/Angelina Cnty, TX, US",2025-10-12 14:53:00,"2025-10-12 09:53:00","VFR",23.3,16.7,0,0,NA,NA,1013.6,"METAR KLFK 121453Z AUTO 00000KT 10SM CLR 23/17 A2993 RMK AO2 SLP131 T02330167 53011",2025-10-12 15:18:51.77579,2025-10-12 11:18:51.775835
"KLFT","Lafayette Rgnl, LA, US",2025-10-12 14:53:00,"2025-10-12 09:53:00","VFR",23.3,16.7,0,0,NA,NA,1013.6,"METAR KLFT 121453Z 00000KT 10SM CLR 23/17 A2993 RMK AO2 SLP134 T02330167 51010",2025-10-12 15:18:51.782281,2025-10-12 11:18:51.782327
"KLGU","Logan/Cache Arpt, UT, US",2025-10-12 14:51:00,"2025-10-12 08:51:00","VFR",3.9,1.7,110,3,NA,NA,1016.7,"METAR KLGU 121451Z AUTO 11003KT 10SM FEW075 04/02 A3002 RMK AO2 SLP167 T00390017 53015",2025-10-12 15:18:51.788705,2025-10-12 11:18:51.788749
"KLPC","Lompoc Arpt, CA, US",2025-10-12 14:51:00,"2025-10-12 07:51:00","VFR",16.7,5.6,320,6,NA,NA,1010.6,"METAR KLPC 121451Z AUTO 32006KT 10SM CLR 17/06 A2984 RMK AO2 SLP104 T01670056 50001 $",2025-10-12 15:18:51.795075,2025-10-12 11:18:51.795118
"KLGA","New York/La Guardia Arpt, NY, US",2025-10-12 14:51:00,"2025-10-12 10:51:00","VFR",15.6,8.9,40,21,32,NA,1018.7,"METAR KLGA 121451Z 04021G32KT 10SM FEW024 BKN075 BKN110 OVC220 16/09 A3008 RMK AO2 PK WND 06034/1408 SLP185 T01560089 50001 $",2025-10-12 15:18:51.801537,2025-10-12 11:18:51.801582
"KLAL","Lakeland/Linder Intl, FL, US",2025-10-12 14:50:00,"2025-10-12 10:50:00","VFR",22,17,350,8,NA,NA,1010.6,"METAR KLAL 121450Z 35008KT 10SM SKC 22/17 A2984",2025-10-12 15:18:51.808062,2025-10-12 11:18:51.80811
"KLOT","Romeoville/Lewis Univ Arpt, IL, US",2025-10-12 14:45:00,"2025-10-12 09:45:00","VFR",14,10,130,10,NA,NA,1017.7,"METAR KLOT 121445Z 13010KT 10SM CLR 14/10 A3005",2025-10-12 15:18:51.814575,2025-10-12 11:18:51.814621
"KLBE","Latrobe/Palmer Rgnl, PA, US",2025-10-12 13:50:00,"2025-10-12 09:50:00","MVFR",17,14,50,15,21,NA,1017.4,"METAR KLBE 121350Z 05015G21KT 10SM BKN017 BKN040 17/14 A3004",2025-10-12 15:18:51.821015,2025-10-12 11:18:51.821061
"KMCD","Mackinac Isl Arpt, MI, US",2025-10-12 15:16:00,"2025-10-12 11:16:00","VFR",15,10,150,9,14,NA,1020.4,"METAR KMCD 121516Z AUTO 15009G14KT 10SM FEW018 FEW024 15/10 A3013 RMK AO2",2025-10-12 15:18:53.209246,2025-10-12 11:18:53.209291
"KLXL","Little Falls/Morrison Cnty, MN, US",2025-10-12 15:15:00,"2025-10-12 15:15:00","VFR",14,10,140,14,19,NA,1005.5,"METAR KLXL 121515Z AUTO 14014G19KT 10SM OVC110 14/10 A2969 RMK AO2",2025-10-12 15:18:53.215805,2025-10-12 11:18:53.215848
"KM40","Aberdeen/Monroe Cnty, MS, US",2025-10-12 15:15:00,"2025-10-12 15:15:00","VFR",20,15,0,0,NA,NA,1015,"METAR KM40 121515Z AUTO 00000KT 10SM CLR 20/15 A2997 RMK AO2",2025-10-12 15:18:53.222311,2025-10-12 11:18:53.222356
"KLUL","Laurel/Hesler-Noble Fld, MS, US",2025-10-12 15:15:00,"2025-10-12 10:15:00","VFR",21.7,13.3,0,0,NA,NA,1014,"METAR KLUL 121515Z AUTO 00000KT 10SM CLR 22/13 A2994 RMK A02 T02170133",2025-10-12 15:18:53.228943,2025-10-12 11:18:53.228989
"KMEZ","Mena Intermountain Muni, AR, US",2025-10-12 15:15:00,"2025-10-12 15:15:00","VFR",20.9,16.6,0,0,NA,NA,1013.6,"METAR KMEZ 121515Z AUTO 00000KT 10SM CLR 21/17 A2993 RMK AO2 T02090166 $",2025-10-12 15:18:53.235466,2025-10-12 11:18:53.235512
"KLVL","Lawrenceville Muni, VA, US",2025-10-12 15:15:00,"2025-10-12 11:15:00","IFR",19.2,18,20,6,15,7,1008.9,"METAR KLVL 121515Z AUTO 02006G15KT 7SM OVC008 19/18 A2979 RMK AO1 T01920180",2025-10-12 15:18:53.241826,2025-10-12 11:18:53.241869
"KLUM","Menomenie Muni, WI, US",2025-10-12 15:15:00,"2025-10-12 15:15:00","VFR",13.7,11.3,130,12,19,NA,1012.3,"METAR KLUM 121515Z AUTO 13012G19KT 10SM CLR 14/11 A2989 RMK AO2 T01370113 PWINO",2025-10-12 15:18:53.248424,2025-10-12 11:18:53.24847
"KMDZ","Medford/Taylor Cnty, WI, US",2025-10-12 15:15:00,"2025-10-12 10:15:00","MVFR",12,9.3,150,10,20,NA,1015,"METAR KMDZ 121515Z AUTO 15010G20KT 10SM BKN014 12/09 A2997 RMK AO2 T01200093 PWINO",2025-10-12 15:18:53.266582,2025-10-12 11:18:53.266628
"KLXN","Lexington/Kelly Fld, NE, US",2025-10-12 15:15:00,"2025-10-12 10:15:00","VFR",21.1,12.3,210,10,NA,NA,1001.8,"METAR KLXN 121515Z AUTO 21010KT 10SM CLR 21/12 A2958 RMK AO2 T02110123",2025-10-12 15:18:53.272997,2025-10-12 11:18:53.273041
"KMBY","Moberly/Bradley Arpt, MO, US",2025-10-12 15:15:00,"2025-10-12 10:15:00","VFR",21,12,160,9,14,NA,1013.3,"METAR KMBY 121515Z AUTO 16009G14KT 10SM CLR 21/12 A2992 RMK AO2",2025-10-12 15:18:53.279469,2025-10-12 11:18:53.279513
"KLYO","Lyons/Rice Cnty, KS, US",2025-10-12 15:15:00,"2025-10-12 10:15:00","VFR",24,11.5,170,15,20,NA,1004.8,"METAR KLYO 121515Z AUTO 17015G20KT 10SM CLR 24/11 A2967 RMK AO2 T02400115",2025-10-12 15:18:53.285926,2025-10-12 11:18:53.285971
"KLWA","South Haven Rgnl, MI, US",2025-10-12 15:15:00,"2025-10-12 15:15:00","VFR",14,10,90,6,NA,NA,1018.7,"METAR KLWA 121515Z AUTO 09006KT 10SM CLR 14/10 A3008 RMK AO2",2025-10-12 15:18:53.292356,2025-10-12 11:18:53.2924
"KMAW","Malden Rgnl, MO, US",2025-10-12 15:15:00,"2025-10-12 10:15:00","VFR",22,12,150,4,NA,NA,1015.3,"METAR KMAW 121515Z AUTO 15004KT 10SM CLR 22/12 A2998 RMK AO1",2025-10-12 15:18:53.298905,2025-10-12 11:18:53.298951
"KMFV","Melfa/Accomack Cnty, VA, US",2025-10-12 15:15:00,"2025-10-12 11:15:00","IFR",17.2,16.5,50,17,24,4,1008.9,"METAR KMFV 121515Z AUTO 05017G24KT 4SM -RA OVC008 17/17 A2979 RMK AO2 P0001 T01720165",2025-10-12 15:18:53.305355,2025-10-12 11:18:53.305399
"KMDQ","Huntsville/Sharp Fld, AL, US",2025-10-12 15:15:00,"2025-10-12 15:15:00","VFR",18.7,12.3,340,4,NA,NA,1014.3,"METAR KMDQ 121515Z AUTO 34004KT 10SM CLR 19/12 A2995 RMK A02 T01870123",2025-10-12 15:18:53.312123,2025-10-12 11:18:53.3122
"KM30","Metropolis Muni, IL, US",2025-10-12 15:15:00,"2025-10-12 15:15:00","VFR",19.6,11.6,0,0,NA,NA,1015.7,"METAR KM30 121515Z AUTO 00000KT 10SM CLR 20/12 A2999 RMK AO2 T01960116",2025-10-12 15:18:53.318691,2025-10-12 11:18:53.318736
"KLVN","Lakeville/Airlake Arpt, MN, US",2025-10-12 15:15:00,"2025-10-12 15:15:00","VFR",14,9,140,9,16,NA,1009.2,"METAR KLVN 121515Z AUTO 14009G16KT 10SM CLR 14/09 A2980 RMK AO2",2025-10-12 15:18:53.325138,2025-10-12 11:18:53.325216
"KMDD","Midland Airpark, TX, US",2025-10-12 15:15:00,"2025-10-12 10:15:00","VFR",24.6,9.8,190,11,NA,NA,1011.9,"METAR KMDD 121515Z AUTO 19011KT 10SM CLR 25/10 A2988 RMK AO2 T02460098",2025-10-12 15:18:53.331647,2025-10-12 11:18:53.331691
"KMCX","Monticello/White Cnty, IN, US",2025-10-12 15:15:00,"2025-10-12 15:15:00","VFR",15.1,7.9,100,5,NA,NA,1017.7,"METAR KMCX 121515Z AUTO 10005KT 10SM CLR 15/08 A3005 RMK AO2 T01510079",2025-10-12 15:18:53.338102,2025-10-12 11:18:53.338148
"KLUD","Decatur Muni, TX, US",2025-10-12 15:15:00,"2025-10-12 15:15:00","VFR",24.5,12.6,200,8,NA,NA,1011.9,"METAR KLUD 121515Z AUTO 20008KT 10SM CLR 25/13 A2988 RMK AO2 T02450126",2025-10-12 15:18:53.344589,2025-10-12 11:18:53.344634
"KMDS","Madison Muni, SD, US",2025-10-12 15:15:00,"2025-10-12 10:15:00","VFR",17,17,160,16,24,NA,1000.8,"METAR KMDS 121515Z AUTO 16016G24KT 10SM CLR 17/17 A2955 RMK AO2 TSNO",2025-10-12 15:18:53.351084,2025-10-12 11:18:53.351128
"KM21","Greenville/Muhlenberg Cnty, KY, US",2025-10-12 15:15:00,"2025-10-12 15:15:00","VFR",18.8,13.3,0,0,NA,NA,1015.7,"METAR KM21 121515Z AUTO 00000KT 10SM CLR 19/13 A2999 RMK AO2 T01880133",2025-10-12 15:18:53.357585,2025-10-12 11:18:53.357631
"KLYV","Luverne Muni, MN, US",2025-10-12 15:15:00,"2025-10-12 15:15:00","VFR",18,15,140,12,21,NA,NA,"METAR KLYV 121515Z AUTO 14012G21KT 10SM OVC090 18/15 RMK AO2",2025-10-12 15:18:53.364058,2025-10-12 11:18:53.364108
"KLUF","Phoenix/Luke AFB, AZ, US",2025-10-12 15:05:00,"2025-10-12 08:05:00","MVFR",21,18,0,0,NA,NA,1007.2,"SPECI KLUF 121505Z AUTO 00000KT 10SM BKN010 OVC035 21/18 A2974 RMK AO2 LTG DSNT E CIG 010V035 BKN V SCT SLP061",2025-10-12 15:18:53.370585,2025-10-12 11:18:53.370631
"KMCZ","Williamston/Martin Cnty, NC, US",2025-10-12 15:05:00,"2025-10-12 15:05:00","MVFR",21.2,18.4,30,14,19,NA,1004.8,"METAR KMCZ 121505Z AUTO 03014G19KT 10SM OVC018 21/18 A2967 RMK AO2 T02120184",2025-10-12 15:18:53.377096,2025-10-12 11:18:53.377141
"KMCC","McClellan AFB, CA, US",2025-10-12 15:00:00,"2025-10-12 08:00:00","VFR",9,6,220,4,NA,NA,1013.6,"METAR KMCC 121500Z AUTO 22004KT 10SM CLR 09/06 A2993 RMK AO2",2025-10-12 15:18:53.38365,2025-10-12 11:18:53.383696
"KMEI","Meridian/Key Fld, MS, US",2025-10-12 14:58:00,"2025-10-12 09:58:00","VFR",21.1,12.8,0,0,NA,NA,1014,"METAR KMEI 121458Z 00000KT 10SM CLR 21/13 A2994 RMK AO2 SLP137 T02110128 51006",2025-10-12 15:18:53.401579,2025-10-12 11:18:53.401623
"KM19","Newport Muni, AR, US",2025-10-12 14:56:00,"2025-10-12 14:56:00","VFR",21.1,13.3,190,5,NA,NA,1014.6,"METAR KM19 121456Z AUTO 19005KT 10SM CLR 21/13 A2996 RMK AO2 SLP158 T02110133 50004 $",2025-10-12 15:18:53.408007,2025-10-12 11:18:53.408052
"KLZU","Lawrenceville/Gwinnett Cnty, GA, US",2025-10-12 14:56:00,"2025-10-12 10:56:00","VFR",NA,NA,NA,6,NA,NA,1012.3,"METAR KLZU 121456Z VRB06KT 10SM CLR A2989 RMK AO2 SLPNO 51003 $",2025-10-12 15:18:53.414495,2025-10-12 11:18:53.41454
"KMDT","Harrisburg Intl, PA, US",2025-10-12 14:56:00,"2025-10-12 10:56:00","VFR",16.7,10.6,70,11,21,NA,1017,"METAR KMDT 121456Z 07011G21KT 10SM OVC080 17/11 A3003 RMK AO2 SLP170 T01670106 56004 $",2025-10-12 15:18:53.420917,2025-10-12 11:18:53.420961
"KMBL","Manistee/Blacker Arpt, MI, US",2025-10-12 14:56:00,"2025-10-12 10:56:00","VFR",11.7,9.4,90,5,NA,NA,1019.7,"METAR KMBL 121456Z AUTO 09005KT 10SM CLR 12/09 A3011 RMK AO2 SLP198 T01170094 50003",2025-10-12 15:18:53.42733,2025-10-12 11:18:53.427376
"KLWS","Lewiston/Nez Perce Cnty, ID, US",2025-10-12 14:56:00,"2025-10-12 07:56:00","VFR",10,2.8,180,10,NA,NA,1010.6,"METAR KLWS 121456Z 18010KT 10SM OVC065 10/03 A2984 RMK AO2 SLP106 T01000028 53010 $",2025-10-12 15:18:53.433894,2025-10-12 11:18:53.43394
"KM25","Mayfield/Grave Cnty, KY, US",2025-10-12 14:55:00,"2025-10-12 14:55:00","VFR",19.9,14.7,130,4,NA,NA,1015,"METAR KM25 121455Z AUTO 13004KT 10SM CLR 20/15 A2997 RMK AO2 T01990147",2025-10-12 15:18:53.440438,2025-10-12 11:18:53.440484
"KMCF","Tampa/MacDill AFB, FL, US",2025-10-12 14:55:00,"2025-10-12 10:55:00","VFR",23.7,16.2,330,4,NA,NA,1010.2,"METAR KMCF 121455Z AUTO 33004KT 10SM CLR 24/16 A2983 RMK AO2 SLP104 T02370162 51009 $",2025-10-12 15:18:53.44687,2025-10-12 11:18:53.446914
"KLUG","Lewisburg/Ellington Arpt, TN, US",2025-10-12 14:55:00,"2025-10-12 14:55:00","VFR",18,12,0,0,NA,NA,1014.6,"METAR KLUG 121455Z AUTO 00000KT 10SM CLR 18/12 A2996 RMK A01",2025-10-12 15:18:53.453447,2025-10-12 11:18:53.453492
"KM54","Lebanon Muni, TN, US",2025-10-12 14:55:00,"2025-10-12 14:55:00","VFR",19,13,0,0,NA,NA,1014.3,"METAR KM54 121455Z AUTO 00000KT 10SM CLR 19/13 A2995 RMK A01",2025-10-12 15:18:53.459863,2025-10-12 11:18:53.459908
"KLSF","Fort Benning/Lawson AAF, GA, US",2025-10-12 14:55:00,"2025-10-12 09:55:00","VFR",19.8,12.8,0,0,NA,NA,1011.6,"METAR KLSF 121455Z AUTO 00000KT 10SM CLR 20/13 A2987 RMK AO2 SLP119 T01980128 51007 $",2025-10-12 15:18:53.466341,2025-10-12 11:18:53.466398
"KLTS","Altus AFB, OK, US",2025-10-12 14:55:00,"2025-10-12 09:55:00","VFR",24.8,9.9,190,9,NA,NA,1008.5,"METAR KLTS 121455Z AUTO 19009KT 10SM BKN100 25/10 A2978 RMK AO2 SLP069 T02480099 52011 $",2025-10-12 15:18:53.472815,2025-10-12 11:18:53.472862
"KMGC","Michigan City Muni, IN, US",2025-10-12 14:55:00,"2025-10-12 09:55:00","VFR",14,9,110,5,NA,NA,1018.7,"METAR KMGC 121455Z AUTO 11005KT 10SM CLR 14/09 A3008 RMK AO2",2025-10-12 15:18:53.479335,2025-10-12 11:18:53.479381
"KM75","Malta Arpt, MT, US",2025-10-12 14:55:00,"2025-10-12 08:55:00","VFR",3,2,290,20,27,NA,1004.1,"METAR KM75 121455Z AUTO 29020G27KT 10SM FEW018 SCT023 BKN031 03/02 A2965 RMK A01",2025-10-12 15:18:53.485765,2025-10-12 11:18:53.48581
"KM02","Dickson Muni, TN, US",2025-10-12 14:55:00,"2025-10-12 14:55:00","VFR",20,11,NA,3,NA,NA,1014.6,"METAR KM02 121455Z AUTO VRB03KT 10SM CLR 20/11 A2996 RMK A01",2025-10-12 15:18:53.492303,2025-10-12 11:18:53.492348
"KM91","Springfield/Robertson Cnty, TN, US",2025-10-12 14:55:00,"2025-10-12 14:55:00","VFR",19,13,40,3,NA,9,1014.6,"METAR KM91 121455Z AUTO 04003KT 9SM FEW050 19/13 A2996 RMK A01",2025-10-12 15:18:53.498765,2025-10-12 11:18:53.498808
"KM04","Covington Muni, TN, US",2025-10-12 14:55:00,"2025-10-12 14:55:00","VFR",20,14,0,0,NA,NA,1014.6,"METAR KM04 121455Z AUTO 00000KT 10SM CLR 20/14 A2996 RMK A01",2025-10-12 15:18:53.505258,2025-10-12 11:18:53.505304
"KMBT","Murfreesboro Muni, TN, US",2025-10-12 14:55:00,"2025-10-12 14:55:00","VFR",18,11,0,0,NA,NA,1014.3,"METAR KMBT 121455Z AUTO 00000KT 10SM CLR 18/11 A2995 RMK A01",2025-10-12 15:18:53.511789,2025-10-12 11:18:53.511836
"KLUX","Laurens Cnty, SC, US",2025-10-12 14:55:00,"2025-10-12 14:55:00","VFR",19,10,360,6,NA,NA,1010.2,"METAR KLUX 121455Z AUTO 36006KT 10SM SCT035 BKN075 BKN100 19/10 A2983 RMK AO2",2025-10-12 15:18:53.518367,2025-10-12 11:18:53.518415
"KLSV","Nellis AFB, NV, US",2025-10-12 14:55:00,"2025-10-12 07:55:00","VFR",18.9,-1,350,5,NA,NA,1010.6,"METAR KLSV 121455Z AUTO 35005KT 10SM CLR 19/M01 A2984 RMK AO2 SLP086 T01891010 52015 $",2025-10-12 15:18:53.536417,2025-10-12 11:18:53.536463
"KLYH","Lynchburg/Glenn Fld, VA, US",2025-10-12 14:54:00,"2025-10-12 10:54:00","IFR",16.1,15,30,10,21,5,1011.9,"METAR KLYH 121454Z 03010G21KT 5SM BR OVC007 16/15 A2988 RMK AO2 RAB1357E45 CIG 006V010 SLP114 P0001 60003 T01610150 51006",2025-10-12 15:18:53.542759,2025-10-12 11:18:53.542802
"KLWT","Lewistown Muni, MT, US",2025-10-12 14:54:00,"2025-10-12 08:54:00","IFR",-0.6,-1.7,310,13,25,NA,1008.9,"METAR KLWT 121454Z AUTO 31013G25KT 10SM BKN008 BKN012 OVC018 M01/M02 A2979 RMK AO2 PK WND 32027/1438 UPB07E09SNE07 CIG 004V009 SLP099 P0000 60000 T10061017 53031",2025-10-12 15:18:53.549245,2025-10-12 11:18:53.54929
"KMEM","Memphis Intl, TN, US",2025-10-12 14:54:00,"2025-10-12 09:54:00","VFR",21.1,12.8,170,4,NA,NA,1014.6,"METAR KMEM 121454Z 17004KT 10SM CLR 21/13 A2996 RMK AO2 SLP141 T02110128 51007 $",2025-10-12 15:18:53.55573,2025-10-12 11:18:53.555774
"KMFI","Marshfield Muni, WI, US",2025-10-12 14:54:00,"2025-10-12 09:54:00","VFR",11.7,8.9,160,12,19,NA,1015.3,"METAR KMFI 121454Z AUTO 16012G19KT 10SM CLR 12/09 A2998 RMK AO2 SLP158 T01170089 58008",2025-10-12 15:18:53.562283,2025-10-12 11:18:53.562328
"KLWM","Lawrence Muni, MA, US",2025-10-12 14:54:00,"2025-10-12 10:54:00","IFR",13.3,10.6,40,11,NA,NA,1025.1,"METAR KLWM 121454Z 04011KT 10SM OVC009 13/11 A3027 RMK AO2 SLP250 T01330106 50001",2025-10-12 15:18:53.568944,2025-10-12 11:18:53.56899
"KLWV","Lawrenceville-Vincennes Intl, IL, US",2025-10-12 14:53:00,"2025-10-12 09:53:00","VFR",16.1,10.6,0,0,NA,NA,1016.3,"METAR KLWV 121453Z AUTO 00000KT 10SM CLR 16/11 A3001 RMK AO2 SLP162 T01610106 50006",2025-10-12 15:18:53.575453,2025-10-12 11:18:53.575499
"KMCW","Mason City Muni, IA, US",2025-10-12 14:53:00,"2025-10-12 09:53:00","VFR",13.3,9.4,150,15,22,NA,1009.9,"METAR KMCW 121453Z AUTO 15015G22KT 10SM CLR 13/09 A2982 RMK AO2 SLP095 T01330094 58005",2025-10-12 15:18:53.582001,2025-10-12 11:18:53.582047
"KLVK","Livermore Muni, CA, US",2025-10-12 14:53:00,"2025-10-12 07:53:00","VFR",8.9,6.7,0,0,NA,NA,1014.6,"METAR KLVK 121453Z 00000KT 10SM CLR 09/07 A2996 RMK AO2 SLP142 T00890067 51002 $",2025-10-12 15:18:53.588512,2025-10-12 11:18:53.588557
"KMFR","Medford/Rogue Valley Intl, OR, US",2025-10-12 14:53:00,"2025-10-12 07:53:00","VFR",9.4,6.1,NA,3,NA,NA,1018.4,"METAR KMFR 121453Z VRB03KT 10SM CLR 09/06 A3007 RMK AO2 SLP181 T00940061 58005 $",2025-10-12 15:18:53.595033,2025-10-12 11:18:53.595079
"KMCI","Kansas City Intl, MO, US",2025-10-12 14:53:00,"2025-10-12 09:53:00","VFR",21.1,13.9,170,15,NA,NA,1009.6,"METAR KMCI 121453Z 17015KT 10SM SCT170 21/14 A2981 RMK AO2 SLP085 T02110139 56005",2025-10-12 15:18:53.601535,2025-10-12 11:18:53.601581
"KMCE","Merced/Macready Fld, CA, US",2025-10-12 14:53:00,"2025-10-12 07:53:00","VFR",10,7.2,0,0,NA,NA,1013.3,"METAR KMCE 121453Z AUTO 00000KT 10SM CLR 10/07 A2992 RMK AO2 SLP132 T01000072 53006",2025-10-12 15:18:53.607953,2025-10-12 11:18:53.607997
"KMAE","Madera Muni, CA, US",2025-10-12 14:53:00,"2025-10-12 07:53:00","VFR",7.8,6.7,290,4,NA,NA,1014,"METAR KMAE 121453Z AUTO 29004KT 10SM CLR 08/07 A2994 RMK AO2 SLP137 T00780067 53006",2025-10-12 15:18:53.614405,2025-10-12 11:18:53.614452
"KLVM","Livingston/Mission Fld, MT, US",2025-10-12 14:53:00,"2025-10-12 08:53:00","VFR",4.4,1.7,270,14,NA,NA,1008.5,"METAR KLVM 121453Z AUTO 27014KT 10SM -RA FEW034 BKN045 OVC070 04/02 A2978 RMK AO2 PK WND 25029/1402 RAB53 SLP084 P0000 60000 T00440017 53024",2025-10-12 15:18:53.620843,2025-10-12 11:18:53.620888
"KMCB","McComb/Lewis Fld, MS, US",2025-10-12 14:53:00,"2025-10-12 09:53:00","VFR",21.7,12.8,50,4,NA,NA,1014,"METAR KMCB 121453Z AUTO 05004KT 10SM CLR 22/13 A2994 RMK AO2 SLP135 T02170128 51010 $",2025-10-12 15:18:53.62735,2025-10-12 11:18:53.627398
"KLSE","La Crosse Muni, WI, US",2025-10-12 14:53:00,"2025-10-12 09:53:00","VFR",13.3,8.9,170,10,NA,NA,1013.6,"METAR KLSE 121453Z 17010KT 10SM FEW042 13/09 A2993 RMK AO2 SLP135 T01330089 58006",2025-10-12 15:18:53.63394,2025-10-12 11:18:53.633996
"KMCN","Macon/Middle Georgia Rgnl, GA, US",2025-10-12 14:53:00,"2025-10-12 10:53:00","VFR",20,13.3,350,5,NA,NA,1011.6,"METAR KMCN 121453Z 35005KT 10SM CLR 20/13 A2987 RMK AO2 SLP111 T02000133 50007 $",2025-10-12 15:18:53.640478,2025-10-12 11:18:53.640525
"KMCK","McCook Muni, NE, US",2025-10-12 14:53:00,"2025-10-12 09:53:00","VFR",17.2,12.2,280,9,NA,NA,1002.8,"METAR KMCK 121453Z AUTO 28009KT 10SM CLR 17/12 A2961 RMK AO2 SLP004 T01720122 53019",2025-10-12 15:18:53.647023,2025-10-12 11:18:53.647068
"KLUK","Cincinnati/Lunken Fld, OH, US",2025-10-12 14:53:00,"2025-10-12 10:53:00","VFR",15,10,40,5,NA,NA,1016.7,"METAR KLUK 121453Z 04005KT 10SM CLR 15/10 A3002 RMK AO2 SLP166 T01500100 50002",2025-10-12 15:18:53.665446,2025-10-12 11:18:53.665497
"KMBS","Saginaw Intl, MI, US",2025-10-12 14:53:00,"2025-10-12 10:53:00","VFR",13.3,10.6,100,6,NA,NA,1020.4,"METAR KMBS 121453Z 10006KT 10SM CLR 13/11 A3013 RMK AO2 SLP203 T01330106 51000",2025-10-12 15:18:53.672201,2025-10-12 11:18:53.672249
"KLVS","Las Vegas Muni, NM, US",2025-10-12 14:53:00,"2025-10-12 08:53:00","VFR",15,7.2,220,11,NA,NA,1014.6,"METAR KLVS 121453Z AUTO 22011KT 10SM CLR 15/07 A2996 RMK AO2 SLP058 T01500072 53005 $",2025-10-12 15:18:53.678685,2025-10-12 11:18:53.678732
"KLXV","Leadville/Lake Cnty, CO, US",2025-10-12 14:53:00,"2025-10-12 08:53:00","VFR",1.7,-0.6,340,7,18,NA,1018,"METAR KLXV 121453Z AUTO 34007G18KT 10SM OVC032 02/M01 A3006 RMK AO2 SNB16E44 SLP080 P0000 60000 T00171006 51021",2025-10-12 15:18:53.685102,2025-10-12 11:18:53.685147
"KMDW","Chicago/Midway Intl, IL, US",2025-10-12 14:53:00,"2025-10-12 09:53:00","VFR",15,8.9,130,8,NA,NA,1017.7,"METAR KMDW 121453Z 13008KT 10SM FEW030 FEW250 15/09 A3005 RMK AO2 SLP175 T01500089 50003",2025-10-12 15:18:53.69162,2025-10-12 11:18:53.691666
"KMCO","Orlando Intl, FL, US",2025-10-12 14:53:00,"2025-10-12 10:53:00","VFR",22.2,16.1,330,5,NA,NA,1009.9,"METAR KMCO 121453Z 33005KT 10SM FEW015 22/16 A2982 RMK AO2 SLP095 T02220161 50005 $",2025-10-12 15:18:53.698195,2025-10-12 11:18:53.698243
"KMFE","McAllen/Miller Intl, TX, US",2025-10-12 14:53:00,"2025-10-12 09:53:00","VFR",25.6,18.3,140,5,NA,NA,1012.3,"METAR KMFE 121453Z 14005KT 10SM CLR 26/18 A2989 RMK AO2 SLP119 T02560183 53014 $",2025-10-12 15:18:53.70479,2025-10-12 11:18:53.704835
"KLVJ","Houston/Pearland Rgnl, TX, US",2025-10-12 14:53:00,"2025-10-12 14:53:00","VFR",25.6,17.2,130,4,NA,NA,1013.3,"METAR KLVJ 121453Z AUTO 13004KT 10SM CLR 26/17 A2992 RMK AO2 SLP131 T02560172 53009",2025-10-12 15:18:53.711323,2025-10-12 11:18:53.71137
"KMAI","Marianna Muni, FL, US",2025-10-12 14:53:00,"2025-10-12 14:53:00","VFR",20.6,13.3,20,5,NA,NA,1012.3,"METAR KMAI 121453Z AUTO 02005KT 10SM CLR 21/13 A2989 RMK AO2 SLP119 T02060133 53008",2025-10-12 15:18:53.717797,2025-10-12 11:18:53.717843
"KMFD","Mansfield/Lahm Rgnl, OH, US",2025-10-12 14:52:00,"2025-10-12 10:52:00","VFR",14.4,10,120,4,NA,NA,1017.7,"METAR KMFD 121452Z 12004KT 10SM CLR 14/10 A3005 RMK AO2 SLP178 T01440100 50008 $",2025-10-12 15:18:53.724288,2025-10-12 11:18:53.724334
"KMBG","Mobridge Muni, SD, US",2025-10-12 14:52:00,"2025-10-12 09:52:00","MVFR",16.1,13.3,280,22,31,NA,995.7,"METAR KMBG 121452Z AUTO 28022G31KT 10SM BKN019 16/13 A2940 RMK AO2 PK WND 27031/1451 SLP952 T01610133 51028",2025-10-12 15:18:53.73086,2025-10-12 11:18:53.730905
"KLWC","Lawrence Muni, KS, US",2025-10-12 14:52:00,"2025-10-12 09:52:00","VFR",21.7,14.4,160,12,19,NA,1008.9,"METAR KLWC 121452Z AUTO 16012G19KT 10SM CLR 22/14 A2979 RMK AO1 SLP083 T02170144 58005",2025-10-12 15:18:53.73733,2025-10-12 11:18:53.737376
"KMEB","Laurinberg/Maxton Arpt, NC, US",2025-10-12 14:52:00,"2025-10-12 10:52:00","MVFR",18.9,17.8,360,12,NA,8,1004.8,"METAR KMEB 121452Z AUTO 36012KT 8SM BKN014 OVC021 19/18 A2967 RMK AO2 PK WND 36029/1411 RAB28E37 SLP044 6//// T01890178 55004 PNO $",2025-10-12 15:18:53.743716,2025-10-12 11:18:53.74376
"KMDH","Murphysboro/S Illinois Arpt, IL, US",2025-10-12 14:52:00,"2025-10-12 09:52:00","VFR",17.8,13.3,0,0,NA,NA,1015.7,"METAR KMDH 121452Z 00000KT 10SM CLR 18/13 A2999 RMK AO2 SLP154 T01780133 50003",2025-10-12 15:18:53.750164,2025-10-12 11:18:53.750217
"KMAO","Marion Cnty Arpt, SC, US",2025-10-12 14:50:00,"2025-10-12 14:50:00","IFR",17,17,330,7,NA,2,1004.5,"METAR KMAO 121450Z AUTO 33007KT 290V350 2SM -DZ OVC009 17/17 A2966 RMK AO2 P0002",2025-10-12 15:18:53.756557,2025-10-12 11:18:53.756601
"KMEV","Minden-Tahoe Arpt, NV, US",2025-10-12 14:50:00,"2025-10-12 07:50:00","VFR",-4,-6,120,3,NA,NA,1017.7,"METAR KMEV 121450Z AUTO 12003KT 10SM CLR M04/M06 A3005 RMK AO2",2025-10-12 15:18:53.763012,2025-10-12 11:18:53.763057
"KLWB","Lewisburg/Greenbrier Valley Arpt, WV, US",2025-10-12 14:45:00,"2025-10-12 10:45:00","MVFR",14,11,20,5,NA,NA,1014.6,"METAR KLWB 121445Z 02005KT 10SM OVC024 14/11 A2996",2025-10-12 15:18:53.769462,2025-10-12 11:18:53.769508
"KMQS","Coatesville/Chester Cnty, PA, US",2025-10-12 15:15:00,"2025-10-12 11:15:00","VFR",15,14,40,13,21,NA,1016.7,"METAR KMQS 121515Z AUTO 04013G21KT 10SM CLR 15/14 A3002 RMK AO2",2025-10-12 15:18:55.657797,2025-10-12 11:18:55.65784
"KMOP","Mount Pleasant Muni, MI, US",2025-10-12 15:15:00,"2025-10-12 15:15:00","VFR",12.4,12.4,110,5,NA,NA,1019.7,"METAR KMOP 121515Z AUTO 11005KT 10SM SCT006 12/12 A3011 RMK AO2 T01240124",2025-10-12 15:18:55.66441,2025-10-12 11:18:55.664455
"KMQJ","Indianapolis Rgnl, IN, US",2025-10-12 15:15:00,"2025-10-12 15:15:00","VFR",17.5,10.9,0,0,NA,NA,1017,"METAR KMQJ 121515Z AUTO 00000KT 10SM CLR 18/11 A3003 RMK AO2 T01750109 $",2025-10-12 15:18:55.670926,2025-10-12 11:18:55.670971
"KMWO","Middletown/Hook Fld, OH, US",2025-10-12 15:15:00,"2025-10-12 11:15:00","VFR",16,10,40,5,NA,NA,1017,"METAR KMWO 121515Z AUTO 04005KT 10SM CLR 16/10 A3003 RMK AO2",2025-10-12 15:18:55.677413,2025-10-12 11:18:55.677458
"KMYJ","Mexico Mem, MO, US",2025-10-12 15:15:00,"2025-10-12 15:15:00","VFR",18,14,150,8,NA,NA,1014,"METAR KMYJ 121515Z AUTO 15008KT 10SM CLR 18/14 A2994 RMK AO2",2025-10-12 15:18:55.683938,2025-10-12 11:18:55.683982
"KMQB","Macomb Muni, IL, US",2025-10-12 15:15:00,"2025-10-12 10:15:00","VFR",17.6,10.8,150,9,NA,NA,1015.7,"METAR KMQB 121515Z AUTO 15009KT 10SM CLR 18/11 A2999 RMK AO2 T01760108",2025-10-12 15:18:55.690473,2025-10-12 11:18:55.690518
"KMGG","Maple Lake Muni, MN, US",2025-10-12 15:15:00,"2025-10-12 15:15:00","VFR",14.8,10,140,10,20,NA,1006.9,"METAR KMGG 121515Z AUTO 14010G20KT 10SM -DZ SCT045 BKN085 OVC110 15/10 A2973 RMK AO2 T01480100",2025-10-12 15:18:55.696969,2025-10-12 11:18:55.697015
"KMKJ","Marion/Mountain Empire Arpt, VA, US",2025-10-12 15:15:00,"2025-10-12 15:15:00","MVFR",14.1,11.7,0,0,NA,NA,1015.3,"METAR KMKJ 121515Z AUTO 00000KT 10SM OVC020 14/12 A2998 RMK AO2 T01410117",2025-10-12 15:18:55.70351,2025-10-12 11:18:55.703556
"KMJD","Picayune Muni, MS, US",2025-10-12 15:15:00,"2025-10-12 15:15:00","VFR",23,14,0,0,NA,NA,1013,"METAR KMJD 121515Z AUTO 00000KT 10SM CLR 23/14 A2991 RMK AO2",2025-10-12 15:18:55.710004,2025-10-12 11:18:55.710049
"KMMH","Mammoth/Yosemite Arpt, CA, US",2025-10-12 15:15:00,"2025-10-12 08:15:00","VFR",-1,-11,0,0,NA,NA,1017.7,"METAR KMMH 121515Z AUTO 00000KT 10SM CLR M01/M11 A3005 RMK AO2",2025-10-12 15:18:55.716525,2025-10-12 11:18:55.71657
"KMZH","Moose Lake/Carlton C, MN, US",2025-10-12 15:15:00,"2025-10-12 15:15:00","MVFR",14,9,160,8,14,NA,1008.5,"METAR KMZH 121515Z AUTO 16008G14KT 132V212 10SM BKN021 14/09 A2978 RMK AO2",2025-10-12 15:18:55.723025,2025-10-12 11:18:55.72307
"KMPR","McPherson Arpt, KS, US",2025-10-12 15:15:00,"2025-10-12 15:15:00","VFR",23.3,12.1,170,23,27,NA,1005.5,"METAR KMPR 121515Z AUTO 17023G27KT 10SM SCT110 23/12 A2969 RMK AO2 T02330121",2025-10-12 15:18:55.729552,2025-10-12 11:18:55.72961
"KMGN","Harbor Springs Arpt, MI, US",2025-10-12 15:15:00,"2025-10-12 15:15:00","MVFR",14.6,11.1,140,6,NA,NA,1020.4,"METAR KMGN 121515Z AUTO 14006KT 10SM BKN016 14/11 A3013 RMK AO2 T01460111",2025-10-12 15:18:55.736077,2025-10-12 11:18:55.736122
"KMOX","Morris Muni, MN, US",2025-10-12 15:15:00,"2025-10-12 15:15:00","VFR",16,16,150,21,30,NA,1000.4,"METAR KMOX 121515Z AUTO 15021G30KT 10SM FEW046 SCT070 OVC080 16/16 A2954 RMK AO2 TSNO",2025-10-12 15:18:55.742673,2025-10-12 11:18:55.742719
"KMVE","Montevideo/Chippewa Cnty, MN, US",2025-10-12 15:15:00,"2025-10-12 10:15:00","VFR",15,15,150,14,21,NA,1002.5,"METAR KMVE 121515Z AUTO 15014G21KT 10SM -RA BKN090 15/15 A2960 RMK AO2",2025-10-12 15:18:55.749246,2025-10-12 11:18:55.749291
"KMWM","Windom Muni, MN, US",2025-10-12 15:15:00,"2025-10-12 15:15:00","VFR",15,13,130,16,22,NA,1004.8,"METAR KMWM 121515Z AUTO 13016G22KT 10SM RA SCT029 SCT038 OVC090 15/13 A2967 RMK AO2",2025-10-12 15:18:55.767453,2025-10-12 11:18:55.767505
"KN24","Questa Muni, NM, US",2025-10-12 15:15:00,"2025-10-12 15:15:00","VFR",13.5,7.2,200,12,16,NA,1017.7,"METAR KN24 121515Z AUTO 20012G16KT 10SM CLR 14/07 A3005 RMK AO2 T01350072",2025-10-12 15:18:55.774031,2025-10-12 11:18:55.774077
"KMKN","Comanche Cnty, TX, US",2025-10-12 15:15:00,"2025-10-12 15:15:00","VFR",25.3,12.6,190,14,NA,NA,1013,"METAR KMKN 121515Z AUTO 19014KT 10SM CLR 25/13 A2991 RMK AO2 T02530126",2025-10-12 15:18:55.780553,2025-10-12 11:18:55.780602
"KMGR","Moultrie Muni, GA, US",2025-10-12 15:15:00,"2025-10-12 11:15:00","VFR",21.6,15.4,340,7,NA,NA,1011.6,"METAR KMGR 121515Z AUTO 34007KT 10SM OVC190 22/15 A2987 RMK AO2 T02160154 $",2025-10-12 15:18:55.787021,2025-10-12 11:18:55.787064
"KMTV","Martinsville/Blue Ridge Arpt, VA, US",2025-10-12 15:15:00,"2025-10-12 15:15:00","MVFR",16.5,13,10,9,16,NA,1012.6,"METAR KMTV 121515Z AUTO 01009G16KT 10SM OVC012 17/13 A2990 RMK AO2 T01650130",2025-10-12 15:18:55.793512,2025-10-12 11:18:55.793557
"KMSV","Monticello/Sullivan Cnty, NY, US",2025-10-12 15:13:00,"2025-10-12 11:13:00","MVFR",14,9,90,16,20,NA,1021.1,"SPECI KMSV 121513Z AUTO 09016G20KT 10SM BKN022 OVC100 14/09 A3015 RMK AO2 PNO $",2025-10-12 15:18:55.800056,2025-10-12 11:18:55.800102
"KMTJ","Montrose Rgnl, CO, US",2025-10-12 15:11:00,"2025-10-12 09:11:00","MVFR",9.4,6.7,0,0,NA,NA,1017.4,"SPECI KMTJ 121511Z AUTO 00000KT 10SM BKN028 OVC050 09/07 A3004 RMK AO2 T00940067",2025-10-12 15:18:55.80669,2025-10-12 11:18:55.806744
"KMML","Marshall Muni, MN, US",2025-10-12 15:10:00,"2025-10-12 10:10:00","VFR",17,14,170,18,21,NA,1002.1,"SPECI KMML 121510Z AUTO 17018G21KT 10SM VCTS OVC080 17/14 A2959 RMK AO2 TSB04RAE04 P0000",2025-10-12 15:18:55.813241,2025-10-12 11:18:55.813288
"KMRN","Morganton/Foothills Rgnl, NC, US",2025-10-12 15:10:00,"2025-10-12 11:10:00","VFR",19.7,12.9,0,0,NA,NA,1013,"METAR KMRN 121510Z AUTO 00000KT 10SM SCT031 BKN046 OVC055 20/13 A2991 RMK AO2 T01970129",2025-10-12 15:18:55.819768,2025-10-12 11:18:55.819813
"KMMT","Columbia/McEntire JNGB, SC, US",2025-10-12 15:10:00,"2025-10-12 11:10:00","IFR",18,16,290,10,NA,2.5,1006.9,"SPECI KMMT 121510Z AUTO 29010KT 2 1/2SM +RA BR OVC050 18/16 A2973 RMK AO2 VIS 2 1/2V3 SLP069 $",2025-10-12 15:18:55.826194,2025-10-12 11:18:55.82624
"KMRT","Marysville/Union Cnty, OH, US",2025-10-12 15:09:00,"2025-10-12 15:09:00","VFR",15,9,70,6,NA,NA,1017.7,"METAR KMRT 121509Z 07006KT 10SM CLR 15/09 A3005 RMK AO2",2025-10-12 15:18:55.832758,2025-10-12 11:18:55.832803
"KMQI","Manteo/Dare Cnty, NC, US",2025-10-12 15:05:00,"2025-10-12 11:05:00","VFR",21,18.2,60,22,30,NA,1004.5,"METAR KMQI 121505Z AUTO 06022G30KT 10SM SCT013 SCT037 OVC046 21/18 A2966 RMK AO2 T02100182",2025-10-12 15:18:55.839307,2025-10-12 11:18:55.839353
"KMRH","Beaufort/Smith Fld, NC, US",2025-10-12 15:05:00,"2025-10-12 15:05:00","IFR",20.6,20,40,14,28,2.5,1000.1,"SPECI KMRH 121505Z AUTO 04014G28KT 2 1/2SM RA BR BKN007 OVC013 21/20 A2953 RMK AO2 PK WND 03028/1500 VIS 1 1/4V5 P0001 T02060200",2025-10-12 15:18:55.845737,2025-10-12 11:18:55.845787
"KMWK","Mt Airy/Surry Cnty, NC, US",2025-10-12 15:05:00,"2025-10-12 15:05:00","MVFR",19.2,14.8,30,9,20,NA,1012.6,"METAR KMWK 121505Z AUTO 03009G20KT 360V070 10SM OVC024 19/15 A2990 RMK AO2 T01920148",2025-10-12 15:18:55.852261,2025-10-12 11:18:55.852307
"KMOT","Minot Intl, ND, US",2025-10-12 15:01:00,"2025-10-12 10:01:00","MVFR",14.4,11.7,250,9,NA,NA,990.6,"SPECI KMOT 121501Z 25009KT 10SM BKN010 OVC018 14/12 A2925 RMK AO2 WSHFT 1441 T01440117",2025-10-12 15:18:55.858737,2025-10-12 11:18:55.858782
"KMRF","Marfa Muni, TX, US",2025-10-12 15:01:00,"2025-10-12 10:01:00",NA,18.9,15,200,3,NA,NA,1017.4,"METAR KMRF 121501Z AUTO 20003KT 10SM 19/15 A3004 RMK AO2 RAE1417 SLP116 P0000 60000 T01890150 53008 $",2025-10-12 15:18:55.865228,2025-10-12 11:18:55.865275
"KMYL","McCall Muni, ID, US",2025-10-12 14:57:00,"2025-10-12 08:57:00","VFR",2.8,1.7,160,7,NA,NA,1011.9,"SPECI KMYL 121457Z AUTO 16007KT 10SM FEW012 BKN040 OVC050 03/02 A2988 RMK AO2 T00280017",2025-10-12 15:18:55.871753,2025-10-12 11:18:55.871797
"KMWN","Mount Washington, NH, US",2025-10-12 14:57:00,"2025-10-12 14:57:00","VFR",0,-1,90,36,42,99,NA,"METAR KMWN 121457Z 09036G42KT 100SM FEW/// FEW001 SCT100 SCT150 BKN180 BKN220 00/M01 RMK INTMT CAP CLOUD OHD TPS LWR FEW045",2025-10-12 15:18:55.878225,2025-10-12 11:18:55.878272
"KMNM","Menominee/Twin Cnty, MI, US",2025-10-12 14:57:00,"2025-10-12 09:57:00","VFR",15.6,10,150,12,NA,NA,1018.7,"METAR KMNM 121457Z AUTO 15012KT 10SM FEW020 SCT033 16/10 A3008 RMK AO2 SLP186 T01560100 58003 $",2025-10-12 15:18:55.884776,2025-10-12 11:18:55.884821
"KMVN","Mount Vernon Arpt, IL, US",2025-10-12 14:56:00,"2025-10-12 14:56:00","VFR",20,12.8,NA,3,NA,NA,1016,"METAR KMVN 121456Z AUTO VRB03KT 10SM CLR 20/13 A3000 RMK AO2 SLP161 T02000128 50004 $",2025-10-12 15:18:55.903253,2025-10-12 11:18:55.903299
"KMKT","Mankato Rgnl, MN, US",2025-10-12 14:56:00,"2025-10-12 14:56:00","VFR",14.4,10.6,150,18,25,NA,1007.5,"METAR KMKT 121456Z AUTO 15018G25KT 10SM FEW120 14/11 A2975 RMK AO2 SLP075 T01440106 58010",2025-10-12 15:18:55.909721,2025-10-12 11:18:55.909766
"KMOB","Mobile Rgnl, AL, US",2025-10-12 14:56:00,"2025-10-12 09:56:00","VFR",22.2,12.2,360,3,NA,NA,1013.3,"METAR KMOB 121456Z 36003KT 10SM FEW030 22/12 A2992 RMK AO2 SLP131 T02220122 51010",2025-10-12 15:18:55.916262,2025-10-12 11:18:55.916308
"KMTC","Selfridge ANGB, MI, US",2025-10-12 14:56:00,"2025-10-12 10:56:00","VFR",15,11.6,50,7,NA,NA,1018,"METAR KMTC 121456Z 05007KT 10SM FEW250 15/12 A3006 RMK AO2A SLP185 T01500116 50005 $",2025-10-12 15:18:55.922732,2025-10-12 11:18:55.922779
"KMKY","Marco Island Arpt, FL, US",2025-10-12 14:56:00,"2025-10-12 10:56:00","VFR",25,19.4,30,9,NA,NA,1009.6,"METAR KMKY 121456Z AUTO 03009KT 10SM CLR 25/19 A2981 RMK AO2 SLP096 6//// T02500194 51012 PNO $",2025-10-12 15:18:55.92924,2025-10-12 11:18:55.929295
"KMTW","Manitowoc Muni, WI, US",2025-10-12 14:56:00,"2025-10-12 09:56:00","VFR",15,11.1,140,11,NA,NA,1018.4,"METAR KMTW 121456Z AUTO 14011KT 10SM OVC035 15/11 A3007 RMK AO2 SLP183 T01500111 50001",2025-10-12 15:18:55.935796,2025-10-12 11:18:55.935845
"KMJX","Toms River/Miller Arpt, NJ, US",2025-10-12 14:56:00,"2025-10-12 10:56:00","MVFR",14.4,12.8,40,14,NA,NA,1016.3,"METAR KMJX 121456Z AUTO 04014KT 10SM RA BKN021 OVC038 14/13 A3001 RMK AO2 PK WND 04027/1358 SLP166 P0000 60000 T01440128 58001 $",2025-10-12 15:18:55.942399,2025-10-12 11:18:55.942444
"KMQY","Smyrna Arpt, TN, US",2025-10-12 14:56:00,"2025-10-12 09:56:00","VFR",18.9,11.7,0,0,NA,NA,1015.3,"METAR KMQY 121456Z 00000KT 10SM CLR 19/12 A2998 RMK AO2 SLP158 T01890117 51007",2025-10-12 15:18:55.948889,2025-10-12 11:18:55.948934
"KMXF","Maxwell AFB, AL, US",2025-10-12 14:55:00,"2025-10-12 09:55:00","VFR",21.6,12.7,0,0,NA,NA,1011.9,"METAR KMXF 121455Z AUTO 00000KT 10SM CLR 22/13 A2988 RMK AO2 SLP120 T02160127 50007",2025-10-12 15:18:55.95543,2025-10-12 11:18:55.955475
"KMHP","Metter Muni, GA, US",2025-10-12 14:55:00,"2025-10-12 14:55:00","MVFR",18.6,13.8,330,6,NA,NA,1010.6,"METAR KMHP 121455Z AUTO 33006KT 10SM BKN023 BKN065 OVC075 19/14 A2984 RMK AO2 T01860138",2025-10-12 15:18:55.961947,2025-10-12 11:18:55.961992
"KMYZ","Marysville Muni, KS, US",2025-10-12 14:55:00,"2025-10-12 14:55:00",NA,21,12,160,14,22,NA,1004.8,"METAR KMYZ 121455Z AUTO 16014G22KT 10SM 21/12 A2967 RMK AO2",2025-10-12 15:18:55.968431,2025-10-12 11:18:55.968477
"KMKG","Muskegon Cnty Arpt, MI, US",2025-10-12 14:55:00,"2025-10-12 10:55:00","VFR",10.6,8.3,130,6,NA,NA,1019.4,"METAR KMKG 121455Z 13006KT 10SM FEW004 FEW250 11/08 A3010 RMK AO2 SLP197 T01060083 51006",2025-10-12 15:18:55.974967,2025-10-12 11:18:55.975014
"KN03","Cortland/Cortland Cnty, NY, US",2025-10-12 14:55:00,"2025-10-12 10:55:00","VFR",16,10,90,5,NA,NA,1021.8,"METAR KN03 121455Z AUTO 09005KT 10SM CLR 16/10 A3017 RMK AO2",2025-10-12 15:18:55.981455,2025-10-12 11:18:55.981499
"KMIB","Minot AFB, ND, US",2025-10-12 14:55:00,"2025-10-12 09:55:00","MVFR",14.7,12,280,10,NA,NA,988.9,"METAR KMIB 121455Z 28010KT 10SM OVC010 15/12 A2920 RMK AO2A SLP891 T01470120 55001 $",2025-10-12 15:18:55.987945,2025-10-12 11:18:55.987991
"KMLJ","Milledgeville/Baldwin Cnty, GA, US",2025-10-12 14:55:00,"2025-10-12 14:55:00","VFR",20,13,310,7,12,NA,1011.3,"METAR KMLJ 121455Z AUTO 31007G12KT 10SM FEW120 20/13 A2986 RMK AO2",2025-10-12 15:18:55.994474,2025-10-12 11:18:55.994519
"KMKV","Marksville Muni, LA, US",2025-10-12 14:55:00,"2025-10-12 14:55:00","VFR",22.4,15.6,0,0,NA,NA,1014.3,"METAR KMKV 121455Z AUTO 00000KT 10SM CLR 22/16 A2995 RMK AO2 T02240156 52012 $",2025-10-12 15:18:56.00092,2025-10-12 11:18:56.000965
"KMNV","Madisonville/Monroe Cnty, TN, US",2025-10-12 14:55:00,"2025-10-12 14:55:00","VFR",19,14,NA,6,NA,NA,1013.6,"METAR KMNV 121455Z AUTO VRB06KT 10SM CLR 19/14 A2993 RMK A01",2025-10-12 15:18:56.007528,2025-10-12 11:18:56.007575
"KMOR","Morristown/Moore Arpt, TN, US",2025-10-12 14:55:00,"2025-10-12 14:55:00","VFR",19,12,NA,4,NA,NA,1014,"METAR KMOR 121455Z AUTO VRB04KT 10SM CLR 19/12 A2994 RMK A01",2025-10-12 15:18:56.014189,2025-10-12 11:18:56.014237
"KMUT","Muscatine Muni, IA, US",2025-10-12 14:55:00,"2025-10-12 09:55:00",NA,15,11,150,6,NA,NA,1014.3,"METAR KMUT 121455Z AUTO 15006KT 10SM 15/11 A2995 RMK AO2",2025-10-12 15:18:56.020837,2025-10-12 11:18:56.020882
"KMLE","Omaha/Millard Arpt, NE, US",2025-10-12 14:55:00,"2025-10-12 14:55:00","VFR",18.7,13.6,150,15,21,NA,1004.5,"METAR KMLE 121455Z AUTO 15015G21KT 10SM OVC100 19/14 A2966 RMK AO2 T01870136",2025-10-12 15:18:56.039054,2025-10-12 11:18:56.039099
"KMZZ","Marion Muni, IN, US",2025-10-12 14:55:00,"2025-10-12 10:55:00","VFR",14.6,6.6,100,4,NA,7,1018,"METAR KMZZ 121455Z AUTO 10004KT 7SM CLR 15/07 A3006 RMK AO2 T01460066",2025-10-12 15:18:56.045533,2025-10-12 11:18:56.045578
"KMPE","Philadelphia Muni, MS, US",2025-10-12 14:55:00,"2025-10-12 14:55:00","VFR",NA,NA,0,0,NA,NA,1013.6,"METAR KMPE 121455Z AUTO 00000KT 10SM CLR A2993 RMK AO2",2025-10-12 15:18:56.052035,2025-10-12 11:18:56.05208
"KMKS","Moncks Corner/Berkeley Cnty, SC, US",2025-10-12 14:55:00,"2025-10-12 14:55:00","IFR",16,16,340,3,NA,4,1005.8,"METAR KMKS 121455Z AUTO 34003KT 4SM RA OVC008 16/16 A2970 RMK AO2 P0018",2025-10-12 15:18:56.058455,2025-10-12 11:18:56.0585
"KMNI","Manning/Cooper Rgnl, SC, US",2025-10-12 14:55:00,"2025-10-12 14:55:00","IFR",16,15,350,7,17,NA,1005.5,"METAR KMNI 121455Z AUTO 35007G17KT 10SM -RA OVC008 16/15 A2969 RMK AO2 P0017",2025-10-12 15:18:56.064963,2025-10-12 11:18:56.065008
"KMGE","Marietta/Dobbins AFB, GA, US",2025-10-12 14:55:00,"2025-10-12 10:55:00","VFR",19.5,10.5,280,10,NA,NA,1011.6,"METAR KMGE 121455Z 28010KT 10SM FEW150 SCT250 20/11 A2987 RMK AO2A SLP112 T01950105 50003 $",2025-10-12 15:18:56.071622,2025-10-12 11:18:56.07167
"KMUI","Fort Indiantown Gap/Muir AAF, PA, US",2025-10-12 14:55:00,"2025-10-12 10:55:00","VFR",16.3,12.4,60,7,14,NA,1017.4,"METAR KMUI 121455Z AUTO 06007G14KT 10SM OVC085 16/12 A3004 RMK AO2 RAB30E41DZB41E48RAB48E49 SLP175 P0000 60000 T01630124 55000 $",2025-10-12 15:18:56.07821,2025-10-12 11:18:56.078258
"KMXO","Monticello Rgnl, IA, US",2025-10-12 14:55:00,"2025-10-12 14:55:00","VFR",14,10,130,11,NA,NA,1013.6,"METAR KMXO 121455Z AUTO 13011KT 10SM CLR 14/10 A2993 RMK AO2",2025-10-12 15:18:56.085076,2025-10-12 11:18:56.085121
"KMNZ","Hamilton Muni, TX, US",2025-10-12 14:55:00,"2025-10-12 14:55:00","VFR",26,13,190,16,NA,6,1012.6,"METAR KMNZ 121455Z AUTO 19016KT 6SM -RA HZ CLR 26/13 A2990 RMK AO2",2025-10-12 15:18:56.091547,2025-10-12 11:18:56.0916
"KMHL","Marshall Muni, MO, US",2025-10-12 14:55:00,"2025-10-12 09:55:00","VFR",18,14,140,8,NA,NA,1012.6,"METAR KMHL 121455Z AUTO 14008KT 10SM CLR 18/14 A2990 RMK AO2",2025-10-12 15:18:56.098025,2025-10-12 11:18:56.098071
"KMUO","Mountain Home AFB, ID, US",2025-10-12 14:55:00,"2025-10-12 08:55:00","VFR",7.6,3.3,110,5,NA,NA,1014.6,"METAR KMUO 121455Z AUTO 11005KT 10SM BKN060 08/03 A2996 RMK AO2 SLP148 T00760033 52008 $",2025-10-12 15:18:56.10457,2025-10-12 11:18:56.104617
"KMIO","Miami Muni, OK, US",2025-10-12 14:55:00,"2025-10-12 14:55:00","VFR",23,17,170,13,NA,NA,1011.3,"METAR KMIO 121455Z AUTO 17013KT 10SM CLR 23/17 A2986 RMK A01",2025-10-12 15:18:56.1111,2025-10-12 11:18:56.111145
"KMMI","Athens/McMinn Cnty, TN, US",2025-10-12 14:55:00,"2025-10-12 10:55:00","VFR",18,12,60,4,NA,NA,1014.3,"METAR KMMI 121455Z AUTO 06004KT 10SM CLR 18/12 A2995 RMK A01",2025-10-12 15:18:56.117629,2025-10-12 11:18:56.117675
"KMZJ","Marana/Pinal Aprk, AZ, US",2025-10-12 14:55:00,"2025-10-12 07:55:00","VFR",23,20,170,5,NA,NA,1008.9,"METAR KMZJ 121455Z AUTO 17005KT 10SM CLR 23/20 A2979 RMK AO2 LTG DSNT N AND NW",2025-10-12 15:18:56.12411,2025-10-12 11:18:56.124173
"KMJQ","Jackson Muni, MN, US",2025-10-12 14:55:00,"2025-10-12 14:55:00","MVFR",14,12,130,12,NA,5,1005.8,"METAR KMJQ 121455Z 13012KT 5SM RA SCT020 SCT050 OVC095 14/12 A2970 RMK AO2",2025-10-12 15:18:56.130536,2025-10-12 11:18:56.130581
"KMGJ","Montgomery/Orange Cnty, NY, US",2025-10-12 14:54:00,"2025-10-12 10:54:00","VFR",13.9,10,30,14,20,NA,1020.4,"METAR KMGJ 121454Z AUTO 03014G20KT 10SM FEW025 SCT100 SCT120 14/10 A3013 RMK AO2 SLP203 60000 T01390100 58002 $",2025-10-12 15:18:56.137002,2025-10-12 11:18:56.137059
"KMTP","Montauk Arpt, NY, US",2025-10-12 14:54:00,"2025-10-12 10:54:00",NA,16.1,11.7,50,14,26,NA,1019.4,"METAR KMTP 121454Z AUTO 05014G26KT 16/12 A3010 RMK AO1 PK WND 05029/1421 SLP193 T01610117 58006",2025-10-12 15:18:56.143542,2025-10-12 11:18:56.143584
"KMVL","Morrisville-Stowe State Arpt, VT, US",2025-10-12 14:54:00,"2025-10-12 10:54:00","VFR",14.4,5.6,10,3,NA,NA,1026.5,"METAR KMVL 121454Z AUTO 01003KT 10SM CLR 14/06 A3031 RMK AO2 SLP268 T01440056 58007",2025-10-12 15:18:56.150182,2025-10-12 11:18:56.150233
"KMIV","Millville Muni, NJ, US",2025-10-12 14:54:00,"2025-10-12 10:54:00","MVFR",15.6,13.9,50,20,32,5,1014.3,"METAR KMIV 121454Z AUTO 05020G32KT 5SM -RA BR BKN015 OVC020 16/14 A2995 RMK AO2 PK WND 05032/1453 SLP140 P0006 60006 T01560139 53002",2025-10-12 15:18:56.170889,2025-10-12 11:18:56.17095
"KMRY","Monterey Rgnl, CA, US",2025-10-12 14:54:00,"2025-10-12 07:54:00","VFR",10,7.8,90,5,NA,NA,1014.3,"METAR KMRY 121454Z 09005KT 10SM CLR 10/08 A2995 RMK AO2 SLP154 T01000078 51001",2025-10-12 15:18:56.178475,2025-10-12 11:18:56.178524
"KMKC","Kansas City/Wheeler Downtown Arpt, MO, US",2025-10-12 14:54:00,"2025-10-12 09:54:00","VFR",21.1,14.4,160,9,NA,NA,1009.6,"METAR KMKC 121454Z 16009KT 10SM CLR 21/14 A2981 RMK AO2 SLP090 T02110144 58004",2025-10-12 15:18:56.185098,2025-10-12 11:18:56.185143
"KMNN","Marion Muni, OH, US",2025-10-12 14:53:00,"2025-10-12 10:53:00","VFR",16.7,10,90,10,NA,NA,1017.4,"METAR KMNN 121453Z AUTO 09010KT 10SM CLR 17/10 A3004 RMK AO2 SLP175 T01670100 50004",2025-10-12 15:18:56.191637,2025-10-12 11:18:56.191682
"KMMV","McMinnville Muni, OR, US",2025-10-12 14:53:00,"2025-10-12 14:53:00","VFR",10.6,8.9,230,5,NA,NA,1015,"METAR KMMV 121453Z AUTO 23005KT 10SM FEW048 OVC065 11/09 A2997 RMK AO2 SLP147 60000 T01060089 56011",2025-10-12 15:18:56.198101,2025-10-12 11:18:56.198146
"KMIA","Miami Intl, FL, US",2025-10-12 14:53:00,"2025-10-12 10:53:00","VFR",26.7,21.7,NA,4,NA,NA,1008.9,"METAR KMIA 121453Z VRB04KT 10SM FEW015 FEW025 SCT250 27/22 A2979 RMK AO2 SLP088 T02670217 51009 $",2025-10-12 15:18:56.204654,2025-10-12 11:18:56.2047
"KMLB","Melbourne Intl, FL, US",2025-10-12 14:53:00,"2025-10-12 10:53:00",NA,23.3,17.8,330,7,NA,NA,1009.2,"METAR KMLB 121453Z 33007KT CLR 23/18 A2980 RMK AO2 SLP089 T02330178 51008 RVRNO $",2025-10-12 15:18:56.211225,2025-10-12 11:18:56.211273
"KMKL","Jackson/McKellar Rgnl, TN, US",2025-10-12 14:53:00,"2025-10-12 09:53:00","VFR",21.1,13.9,NA,3,NA,NA,1015,"METAR KMKL 121453Z VRB03KT 10SM CLR 21/14 A2997 RMK AO1 SLP147 T02110139 51007",2025-10-12 15:18:56.217814,2025-10-12 11:18:56.217861
"KMSN","Madison/Dane Cnty Rgnl, WI, US",2025-10-12 14:53:00,"2025-10-12 09:53:00","VFR",13.9,8.9,150,10,NA,NA,1016.3,"METAR KMSN 121453Z 15010KT 10SM FEW028 BKN240 14/09 A3001 RMK AO2 SLP166 T01390089 58006 $",2025-10-12 15:18:56.224318,2025-10-12 11:18:56.224364
"KMSS","Massena Intl, NY, US",2025-10-12 14:53:00,"2025-10-12 10:53:00","VFR",13.9,7.2,60,13,NA,NA,1025.5,"METAR KMSS 121453Z AUTO 06013KT 10SM CLR 14/07 A3028 RMK AO2 SLP256 T01390072 50004",2025-10-12 15:18:56.230828,2025-10-12 11:18:56.230875
"KMRB","Martinsburg/E West Virginia Rgnl, WV, US",2025-10-12 14:53:00,"2025-10-12 10:53:00","MVFR",16.1,13.3,30,6,NA,NA,1016.3,"METAR KMRB 121453Z 03006KT 10SM OVC022 16/13 A3001 RMK AO2 SLP160 T01610133 53005",2025-10-12 15:18:56.23738,2025-10-12 11:18:56.237424
"KMHT","Manchester Rgnl, NH, US",2025-10-12 14:53:00,"2025-10-12 10:53:00","MVFR",13.3,8.9,NA,6,17,NA,1025.1,"METAR KMHT 121453Z VRB06G17KT 10SM BKN013 BKN040 OVC220 13/09 A3027 RMK AO2 SLP265 T01330089 55001",2025-10-12 15:18:56.244059,2025-10-12 11:18:56.244105
"KMTO","Mattoon/Coles Cnty, IL, US",2025-10-12 14:53:00,"2025-10-12 09:53:00","VFR",17.8,8.9,160,5,NA,NA,1016,"METAR KMTO 121453Z AUTO 16005KT 10SM CLR 18/09 A3000 RMK AO2 SLP158 T01780089 50003",2025-10-12 15:18:56.250568,2025-10-12 11:18:56.250613
"KMSO","Missoula Intl, MT, US",2025-10-12 14:53:00,"2025-10-12 08:53:00","VFR",5.6,4.4,0,0,NA,NA,1009.6,"METAR KMSO 121453Z 00000KT 10SM -RA FEW017 BKN047 OVC060 06/04 A2981 RMK AO2 RAB51 SLP102 P0000 60000 T00560044 53016 $",2025-10-12 15:18:56.257142,2025-10-12 11:18:56.257209
"KMSP","Minneapolis-St Paul Intl, MN, US",2025-10-12 14:53:00,"2025-10-12 09:53:00","VFR",15,8.9,140,13,22,NA,1009.2,"METAR KMSP 121453Z 14013G22KT 10SM FEW025 BKN170 15/09 A2980 RMK AO2 SLP090 T01500089 58007",2025-10-12 15:18:56.263673,2025-10-12 11:18:56.263719
"KMSY","New Orleans/Armstrong Intl, LA, US",2025-10-12 14:53:00,"2025-10-12 09:53:00","VFR",25,13.9,50,3,NA,NA,1013.3,"METAR KMSY 121453Z COR 05003KT 10SM FEW045 25/14 A2992 RMK AO2 SLP134 T02500139 51010 $",2025-10-12 15:18:56.270182,2025-10-12 11:18:56.270231
"KMGW","Morgantown Muni, WV, US",2025-10-12 14:53:00,"2025-10-12 10:53:00","MVFR",16.7,12.2,360,7,NA,NA,1016.3,"METAR KMGW 121453Z 36007KT 10SM BKN019 17/12 A3001 RMK AO2 SLP159 T01670122 50001 $",2025-10-12 15:18:56.27666,2025-10-12 11:18:56.276706
"KMMK","Meriden/Markham Muni, CT, US",2025-10-12 14:53:00,"2025-10-12 14:53:00","VFR",14.4,9.4,40,8,17,NA,1021.4,"METAR KMMK 121453Z AUTO 04008G17KT 10SM CLR 14/09 A3016 RMK AO2 SLP211 T01440094 56002",2025-10-12 15:18:56.28318,2025-10-12 11:18:56.283233
"KMPO","Mount Pocono Muni, PA, US",2025-10-12 14:53:00,"2025-10-12 10:53:00","VFR",11.1,8.3,50,10,19,NA,1019.7,"METAR KMPO 121453Z AUTO 05010G19KT 10SM -RA FEW012 OVC085 11/08 A3011 RMK AO2 RAB43 SLP201 P0001 60001 T01110083 52001",2025-10-12 15:18:56.289786,2025-10-12 11:18:56.289832
"KMGY","Dayton/Wright Brothers Arpt, OH, US",2025-10-12 14:53:00,"2025-10-12 10:53:00","VFR",15,9.4,70,5,NA,NA,1016.7,"METAR KMGY 121453Z AUTO 07005KT 10SM CLR 15/09 A3002 RMK AO2 SLP162 T01500094 50003",2025-10-12 15:18:56.307982,2025-10-12 11:18:56.308043
"KMVY","Marthas Vineyard Arpt, MA, US",2025-10-12 14:53:00,"2025-10-12 10:53:00","MVFR",NA,NA,50,20,29,8,1020.1,"METAR KMVY 121453Z 05020G29KT 8SM -RA OVC014 A3012 RMK AO2 PK WND 04032/1423 RAB09 SLPNO P0000 60000 56007",2025-10-12 15:18:56.315485,2025-10-12 11:18:56.315544
"KMYF","San Diego/Montgomery Arpt, CA, US",2025-10-12 14:53:00,"2025-10-12 07:53:00","MVFR",16.1,13.3,100,3,NA,8,1008.5,"METAR KMYF 121453Z 10003KT 8SM OVC011 16/13 A2978 RMK AO2 SLP082 T01610133 52009",2025-10-12 15:18:56.322004,2025-10-12 11:18:56.322047
"KMHE","Mitchell Muni, SD, US",2025-10-12 14:53:00,"2025-10-12 09:53:00","VFR",18.9,15,160,13,NA,NA,999.1,"METAR KMHE 121453Z AUTO 16013KT 10SM CLR 19/15 A2950 RMK AO2 SLP983 T01890150 58001",2025-10-12 15:18:56.328494,2025-10-12 11:18:56.328539
"KMIC","Minneapolis/Crystal Arpt, MN, US",2025-10-12 14:53:00,"2025-10-12 14:53:00","VFR",15,8.9,160,17,35,NA,1008.2,"METAR KMIC 121453Z 16017G35KT 10SM CLR 15/09 A2977 RMK AO2 PK WND 15036/1431 SLP080 T01500089 58006",2025-10-12 15:18:56.335048,2025-10-12 11:18:56.335094
"KMKO","Muskogee/Davis Fld, OK, US",2025-10-12 14:53:00,"2025-10-12 14:53:00","VFR",23.3,15.6,140,10,NA,NA,1012.6,"METAR KMKO 121453Z AUTO 14010KT 10SM CLR 23/16 A2990 RMK AO2 SLP117 T02330156 50008",2025-10-12 15:18:56.341614,2025-10-12 11:18:56.341659
"KMLS","Miles City/Wiley Fld, MT, US",2025-10-12 14:53:00,"2025-10-12 08:53:00","VFR",7.8,6.1,250,14,NA,NA,1003.5,"METAR KMLS 121453Z AUTO 25014KT 10SM OVC040 08/06 A2963 RMK AO2 SLP032 60002 T00780061 53020",2025-10-12 15:18:56.348302,2025-10-12 11:18:56.348349
"KMOD","Modesto/Sham Fld, CA, US",2025-10-12 14:53:00,"2025-10-12 07:53:00","VFR",11.7,6.7,310,9,NA,NA,1013.3,"METAR KMOD 121453Z AUTO 31009KT 10SM CLR 12/07 A2992 RMK AO2 SLP133 T01170067 52004 TSNO",2025-10-12 15:18:56.354808,2025-10-12 11:18:56.354853
"KMSL","Muscle Shoals/NW Alabama Rgnl, AL, US",2025-10-12 14:53:00,"2025-10-12 09:53:00","VFR",19.4,12.8,0,0,NA,NA,1014.6,"METAR KMSL 121453Z AUTO 00000KT 10SM CLR 19/13 A2996 RMK AO2 SLP141 T01940128 51008 $",2025-10-12 15:18:56.361344,2025-10-12 11:18:56.361389
"KMTH","Marathon Arpt, FL, US",2025-10-12 14:53:00,"2025-10-12 10:53:00","MVFR",26.1,22.8,NA,5,NA,NA,1008.9,"METAR KMTH 121453Z AUTO VRB05KT 10SM BKN012 26/23 A2979 RMK AO2 SLP088 T02610228 51017 $",2025-10-12 15:18:56.367918,2025-10-12 11:18:56.367962
"KMYV","Marysville/Yuba Cnty, CA, US",2025-10-12 14:53:00,"2025-10-12 07:53:00","VFR",9.4,5.6,30,3,NA,NA,1013.6,"METAR KMYV 121453Z AUTO 03003KT 10SM CLR 09/06 A2993 RMK AO2 SLP137 T00940056 56004 $",2025-10-12 15:18:56.374473,2025-10-12 11:18:56.374518
"KMWL","Mineral Wells Arpt, TX, US",2025-10-12 14:53:00,"2025-10-12 09:53:00","VFR",23.9,13.3,170,8,NA,NA,1011.3,"METAR KMWL 121453Z AUTO 17008KT 10SM CLR 24/13 A2986 RMK AO2 SLP098 T02390133 51007",2025-10-12 15:18:56.380939,2025-10-12 11:18:56.380984
"KMIW","Marshalltown Muni, IA, US",2025-10-12 14:53:00,"2025-10-12 14:53:00","VFR",13.3,10,140,16,NA,NA,1011.3,"METAR KMIW 121453Z AUTO 14016KT 10SM CLR 13/10 A2986 RMK AO2 SLP112 T01330100 57006",2025-10-12 15:18:56.3875,2025-10-12 11:18:56.387545
"KMLC","McAlester Rgnl, OK, US",2025-10-12 14:53:00,"2025-10-12 09:53:00","VFR",24.4,15.6,170,7,NA,NA,1011.9,"METAR KMLC 121453Z AUTO 17007KT 130V190 10SM CLR 24/16 A2988 RMK AO2 SLP111 T02440156 51007",2025-10-12 15:18:56.394002,2025-10-12 11:18:56.39405
"KMGM","Montgomery Rgnl, AL, US",2025-10-12 14:53:00,"2025-10-12 09:53:00","VFR",21.1,11.7,20,3,NA,NA,1013,"METAR KMGM 121453Z 02003KT 10SM CLR 21/12 A2991 RMK AO2 SLP128 T02110117 50006",2025-10-12 15:18:56.400502,2025-10-12 11:18:56.400547
"KMIE","Muncie/Johnson Fld, IN, US",2025-10-12 14:53:00,"2025-10-12 10:53:00","VFR",16.1,8.3,NA,5,NA,NA,1017.4,"METAR KMIE 121453Z VRB05KT 10SM CLR 16/08 A3004 RMK AO2 SLP168 T01610083 51002",2025-10-12 15:18:56.407065,2025-10-12 11:18:56.40711
"KMYR","Myrtle Beach Intl, SC, US",2025-10-12 14:53:00,"2025-10-12 10:53:00","IFR",18.3,17.8,320,14,NA,3,1002.8,"METAR KMYR 121453Z 32014KT 3SM RA BR BKN006 BKN010 OVC020 18/18 A2961 RMK AO2 TSE04 SLP028 P0049 60155 T01830178 53005 $",2025-10-12 15:18:56.413549,2025-10-12 11:18:56.413593
"KMLU","Monroe Rgnl, LA, US",2025-10-12 14:53:00,"2025-10-12 09:53:00","VFR",22.2,16.1,0,0,NA,NA,1014.3,"METAR KMLU 121453Z 00000KT 10SM CLR 22/16 A2995 RMK AO2 SLP140 T02220161 51009",2025-10-12 15:18:56.420032,2025-10-12 11:18:56.420076
"KMMU","Morristown Muni, NJ, US",2025-10-12 14:52:00,"2025-10-12 10:52:00","VFR",15,11,50,12,19,NA,1019.4,"METAR KMMU 121452Z 05012G19KT 10SM OVC120 15/11 A3010",2025-10-12 15:18:56.426536,2025-10-12 11:18:56.426581
"KMLI","Moline/Quad City Intl, IL, US",2025-10-12 14:52:00,"2025-10-12 09:52:00","VFR",15.6,9.4,130,7,NA,NA,1015,"METAR KMLI 121452Z 13007KT 10SM CLR 16/09 A2997 RMK AO2 SLP148 T01560094 58002",2025-10-12 15:18:56.444766,2025-10-12 11:18:56.444838
"KMWH","Moses Lake/Grant Cnty, WA, US",2025-10-12 14:52:00,"2025-10-12 07:52:00","VFR",8.3,4.4,0,0,NA,NA,1009.2,"METAR KMWH 121452Z 00000KT 10SM BKN120 08/04 A2980 RMK AO2 SLP093 T00830044 53004 $",2025-10-12 15:18:56.452398,2025-10-12 11:18:56.452447
"KMLF","Milford Muni, UT, US",2025-10-12 14:52:00,"2025-10-12 14:52:00","VFR",5,3.9,10,4,NA,NA,1017,"METAR KMLF 121452Z AUTO 01004KT 10SM CLR 05/04 A3003 RMK AO2 SLP150 T00500039 51013",2025-10-12 15:18:56.459017,2025-10-12 11:18:56.459061
"KMKE","Milwaukee/Mitchell Intl, WI, US",2025-10-12 14:52:00,"2025-10-12 09:52:00","MVFR",15.6,9.4,160,7,NA,NA,1017.4,"METAR KMKE 121452Z 16007KT 10SM OVC028 16/09 A3004 RMK AO2 SLP174 T01560094 50003",2025-10-12 15:18:56.465542,2025-10-12 11:18:56.465587
"KMHK","Manhattan Rgnl, KS, US",2025-10-12 14:52:00,"2025-10-12 09:52:00","VFR",22.8,12.8,190,11,19,NA,1005.5,"METAR KMHK 121452Z AUTO 19011G19KT 10SM OVC100 23/13 A2969 RMK AO2 SLP045 T02280128 58011 TSNO",2025-10-12 15:18:56.472008,2025-10-12 11:18:56.472052
"KMPV","Montpelier/Knapp Arpt, VT, US",2025-10-12 14:51:00,"2025-10-12 10:51:00","VFR",11.1,4.4,360,4,NA,NA,1027.2,"METAR KMPV 121451Z AUTO 36004KT 10SM CLR 11/04 A3033 RMK AO2 SLP279 T01110044 58003 $",2025-10-12 15:18:56.478606,2025-10-12 11:18:56.478652
"KMHR","Sacramento/Mather Fld, CA, US",2025-10-12 14:50:00,"2025-10-12 07:50:00","VFR",10,8,290,3,NA,NA,1013,"METAR KMHR 121450Z AUTO 29003KT 10SM CLR 10/08 A2991 RMK AO2",2025-10-12 15:18:56.485243,2025-10-12 11:18:56.485289
"KMPZ","Mount Pleasant Muni, IA, US",2025-10-12 14:50:00,"2025-10-12 09:50:00","VFR",15,10,160,8,NA,NA,1014,"METAR KMPZ 121450Z AUTO 16008KT 10SM CLR 15/10 A2994 RMK AO2",2025-10-12 15:18:56.491745,2025-10-12 11:18:56.49179
"KMRC","Columbia/Maury Cnty, TN, US",2025-10-12 14:50:00,"2025-10-12 09:50:00","VFR",17,15,0,0,NA,NA,1014.3,"METAR KMRC 121450Z AUTO 00000KT 10SM CLR 17/15 A2995 RMK A01",2025-10-12 15:18:56.49833,2025-10-12 11:18:56.498376
"KMTN","Baltimore/Martin State Arpt, MD, US",2025-10-12 14:45:00,"2025-10-12 10:45:00","MVFR",18,11,50,15,25,NA,1015.7,"METAR KMTN 121445Z 05015G25KT 10SM OVC028 18/11 A2999",2025-10-12 15:18:56.504814,2025-10-12 11:18:56.50486
"KMWC","Milwaukee/Timmerman Arpt, WI, US",2025-10-12 14:45:00,"2025-10-12 09:45:00","MVFR",14,9,0,0,NA,NA,1018.4,"METAR KMWC 121445Z 00000KT 10SM OVC029 14/09 A3007",2025-10-12 15:18:56.511345,2025-10-12 11:18:56.51139
"KMWA","Marion Rgnl, IL, US",2025-10-12 14:45:00,"2025-10-12 09:45:00","VFR",18,13,150,4,NA,NA,1015.7,"METAR KMWA 121445Z 15004KT 10SM CLR 18/13 A2999",2025-10-12 15:18:56.517878,2025-10-12 11:18:56.517923
"KOEB","Coldwater/Branch Cnty, MI, US",2025-10-12 15:16:00,"2025-10-12 15:16:00","VFR",14,10,NA,3,NA,NA,1018.4,"METAR KOEB 121516Z AUTO VRB03KT 10SM CLR 14/10 A3007 RMK AO2",2025-10-12 15:18:57.91605,2025-10-12 11:18:57.916095
"KO32","Reedley Muni, CA, US",2025-10-12 15:15:00,"2025-10-12 15:15:00","VFR",10.9,8,140,5,NA,NA,1013,"METAR KO32 121515Z AUTO 14005KT 10SM CLR 11/08 A2991 RMK AO2 T01090080 $",2025-10-12 15:18:57.922712,2025-10-12 11:18:57.922758
"KOIC","Norwich/Eaton Arpt, NY, US",2025-10-12 15:15:00,"2025-10-12 11:15:00","VFR",16,8,70,7,15,NA,1021.8,"METAR KOIC 121515Z AUTO 07007G15KT 040V120 10SM FEW030 16/08 A3017 RMK AO2",2025-10-12 15:18:57.929272,2025-10-12 11:18:57.929316
"KN38","Wellsboro/Grand Canyon Rgnl, PA, US",2025-10-12 15:15:00,"2025-10-12 15:15:00","MVFR",15,11,50,7,12,NA,1020.4,"METAR KN38 121515Z AUTO 05007G12KT 10SM SCT018 BKN024 15/11 A3013 RMK AO2",2025-10-12 15:18:57.947651,2025-10-12 11:18:57.947723
"KO22","Columbia Arpt, CA, US",2025-10-12 15:15:00,"2025-10-12 08:15:00","VFR",6,-1,0,0,NA,NA,1014,"METAR KO22 121515Z AUTO 00000KT 10SM CLR 06/M01 A2994 RMK A01",2025-10-12 15:18:57.954971,2025-10-12 11:18:57.955019
"KNY0","Johnstown/Fulton Cnty, NY, US",2025-10-12 15:15:00,"2025-10-12 15:15:00","VFR",14.4,4.1,100,15,20,NA,1024.1,"METAR KNY0 121515Z AUTO 10015G20KT 10SM CLR 14/04 A3024 RMK AO2 T01440041",2025-10-12 15:18:57.961524,2025-10-12 11:18:57.961569
"KO26","Lone Pine Arpt, CA, US",2025-10-12 15:15:00,"2025-10-12 15:15:00","VFR",9,-5,20,8,NA,NA,1016.3,"METAR KO26 121515Z AUTO 02008KT 10SM CLR 09/M05 A3001 RMK A01",2025-10-12 15:18:57.96796,2025-10-12 11:18:57.968003
"KOKB","Oceanside Muni, CA, US",2025-10-12 15:13:00,"2025-10-12 08:13:00","MVFR",15.6,13.3,40,4,NA,7,1008.2,"SPECI KOKB 121513Z AUTO 04004KT 7SM OVC011 16/13 A2977 RMK AO2 T01560133",2025-10-12 15:18:57.974293,2025-10-12 11:18:57.974337
"KOCH","Nacogdoches Rgnl, TX, US",2025-10-12 15:11:00,"2025-10-12 10:11:00","VFR",23,17,NA,3,NA,9,1014,"SPECI KOCH 121511Z AUTO VRB03KT 9SM CLR 23/17 A2994 RMK AO2",2025-10-12 15:18:57.980886,2025-10-12 11:18:57.980931
"KOGB","Orangeburg Muni, SC, US",2025-10-12 15:08:00,"2025-10-12 11:08:00","IFR",16.1,15,320,10,17,2,1007.9,"SPECI KOGB 121508Z AUTO 32010G17KT 2SM +RA BR FEW010 BKN046 OVC060 16/15 A2976 RMK AO2 P0006 T01610150",2025-10-12 15:18:57.987458,2025-10-12 11:18:57.98751
"KNEL","Lakehurst, NJ, US",2025-10-12 15:06:00,"2025-10-12 11:06:00","MVFR",15,11.1,50,11,23,NA,1016,"METAR KNEL 121506Z AUTO 05011G23KT 10SM -RA BKN028 OVC046 15/11 A3000 RMK AO2 PK WND 06028/1410 RAB1429 SLP156 6//// T01500111 51004 PNO $",2025-10-12 15:18:57.993966,2025-10-12 11:18:57.99401
"KOCW","Washington/Warren Arpt, NC, US",2025-10-12 15:05:00,"2025-10-12 11:05:00","MVFR",21,17.7,40,21,31,NA,1003.5,"METAR KOCW 121505Z AUTO 04021G31KT 10SM OVC017 21/18 A2963 RMK AO2 T02100177",2025-10-12 15:18:58.000413,2025-10-12 11:18:58.000459
"KNRA","Coupeville, Out, WA, US",2025-10-12 15:01:00,"2025-10-12 15:01:00","VFR",8.9,8.3,0,0,NA,NA,1010.2,"SPECI KNRA 121501Z AUTO 00000KT 10SM FEW007 SCT022 BKN065 09/08 A2983 RMK AO2 T00890083 TSNO PNO $",2025-10-12 15:18:58.006909,2025-10-12 11:18:58.006954
"KNGU","Norfolk NAS, VA, US",2025-10-12 14:59:00,"2025-10-12 10:59:00","MVFR",20.6,18.3,60,25,37,8,1007.9,"METAR KNGU 121459Z 06025G37KT 8SM BKN014 OVC033 21/18 A2976 RMK AO2 PK WND 06044/1425 RAE25 SLP077 P0001 60003 T02060183 58001 $",2025-10-12 15:18:58.013321,2025-10-12 11:18:58.013366
"KNFE","Fentress, VA, US",2025-10-12 14:58:00,"2025-10-12 14:58:00","MVFR",20.6,18.3,50,21,32,NA,1006.9,"METAR KNFE 121458Z AUTO 05021G32KT 10SM BKN015 BKN021 21/18 A2973 RMK AO2 PK WND 06037/1441 RAE05 SLP068 P0000 60003 T02060183 58002",2025-10-12 15:18:58.019791,2025-10-12 11:18:58.019836
"KNJW","Meridian Range B, MS, US",2025-10-12 14:57:00,"2025-10-12 14:57:00","VFR",21.7,11.7,NA,4,NA,NA,1015.3,"METAR KNJW 121457Z AUTO VRB04KT 10SM CLR 22/12 A2998 RMK AO2 SLP066 T02170117 53006",2025-10-12 15:18:58.02632,2025-10-12 11:18:58.026367
"KNYL","Yuma , AZ, US",2025-10-12 14:57:00,"2025-10-12 07:57:00","VFR",25,16.1,20,6,NA,NA,1005.2,"METAR KNYL 121457Z 02006KT 10SM SCT060 SCT080 25/16 A2968 RMK AO2 SLP047 T02500161 53008 $",2025-10-12 15:18:58.032787,2025-10-12 11:18:58.032843
"KNFL","Fallon , NV, US",2025-10-12 14:57:00,"2025-10-12 07:57:00","VFR",3.3,-2.2,170,4,NA,NA,1017,"METAR KNFL 121457Z 17004KT 10SM CLR 03/M02 A3003 RMK AO2 SLP140 T00331022 51001",2025-10-12 15:18:58.039285,2025-10-12 11:18:58.039331
"KNSE","Milton/Whiting N, FL, US",2025-10-12 14:56:00,"2025-10-12 09:56:00","VFR",22.2,12.8,NA,3,NA,NA,1013,"METAR KNSE 121456Z AUTO VRB03KT 10SM CLR 22/13 A2991 RMK AO2 SLP113 T02220128 50010 $",2025-10-12 15:18:58.045826,2025-10-12 11:18:58.045871
"KNMM","Meridian/MCCain, MS, US",2025-10-12 14:56:00,"2025-10-12 14:56:00","VFR",20.6,11.7,290,3,NA,NA,1014.3,"METAR KNMM 121456Z AUTO 29003KT 10SM CLR 21/12 A2995 RMK AO2 SLP149 T02060117 51006 $",2025-10-12 15:18:58.052479,2025-10-12 11:18:58.052526
"KNJK","El Centro, CA, US",2025-10-12 14:56:00,"2025-10-12 07:56:00","VFR",18.9,5.6,210,4,NA,NA,1005.8,"METAR KNJK 121456Z AUTO 21004KT 10SM CLR 19/06 A2970 RMK AO2 SLP073 T01890056 53015 $",2025-10-12 15:18:58.058971,2025-10-12 11:18:58.059016
"KNGP","Corpus Christi/Truax Fld NAS, TX, US",2025-10-12 14:56:00,"2025-10-12 14:56:00","VFR",27.8,18.3,140,7,NA,NA,1011.9,"METAR KNGP 121456Z AUTO 14007KT 10SM CLR 28/18 A2988 RMK AO2 SLP117 60000 T02780183 53010",2025-10-12 15:18:58.065523,2025-10-12 11:18:58.065571
"KNQI","Kingsville, TX, US",2025-10-12 14:56:00,"2025-10-12 09:56:00","VFR",25.6,17.2,0,0,NA,NA,1012.3,"METAR KNQI 121456Z AUTO 00000KT 10SM CLR 26/17 A2989 RMK AO2 SLP118 T02560172 53011 TSNO $",2025-10-12 15:18:58.084267,2025-10-12 11:18:58.084334
"KOFK","Norfolk/Stefan Mem, NE, US",2025-10-12 14:56:00,"2025-10-12 09:56:00","VFR",21.7,13.3,170,16,28,NA,1001.4,"METAR KOFK 121456Z AUTO 17016G28KT 10SM CLR 22/13 A2957 RMK AO2 PK WND 18028/1449 SLP005 T02170133 58003",2025-10-12 15:18:58.091363,2025-10-12 11:18:58.091412
"KNLC","Lemoore , CA, US",2025-10-12 14:56:00,"2025-10-12 07:56:00","VFR",8.9,4.4,160,6,NA,NA,1014,"METAR KNLC 121456Z 16006KT 10SM CLR 09/04 A2994 RMK AO2 SLP138 T00890044 52007 $",2025-10-12 15:18:58.097807,2025-10-12 11:18:58.097854
"KNOG","Orange Grove, TX, US",2025-10-12 14:56:00,"2025-10-12 14:56:00","VFR",27.2,16.7,130,7,NA,NA,1012.3,"METAR KNOG 121456Z AUTO 13007KT 10SM CLR 27/17 A2989 RMK AO2 SLP103 6//// T02720167 53007 TSNO PNO $",2025-10-12 15:18:58.104308,2025-10-12 11:18:58.104354
"KNID","China Lake , CA, US",2025-10-12 14:56:00,"2025-10-12 14:56:00",NA,11.1,2.2,NA,NA,NA,NA,1013.3,"METAR KNID 121456Z AUTO CLR 11/02 A2992 RMK AO2 SLP127 T01110022 51010 $",2025-10-12 15:18:58.110754,2025-10-12 11:18:58.110797
"KNDZ","Milton/Whiting-S, FL, US",2025-10-12 14:56:00,"2025-10-12 14:56:00","VFR",21.7,12.8,0,0,NA,NA,1013,"METAR KNDZ 121456Z AUTO 00000KT 10SM CLR 22/13 A2991 RMK AO2 SLP113 T02170128 51010 $",2025-10-12 15:18:58.117292,2025-10-12 11:18:58.117338
"KNPA","Pensacola , FL, US",2025-10-12 14:56:00,"2025-10-12 09:56:00","VFR",22.8,13.9,0,0,NA,NA,1012.6,"METAR KNPA 121456Z AUTO 00000KT 10SM CLR 23/14 A2990 RMK AO2 SLP127 T02280139 52010",2025-10-12 15:18:58.123885,2025-10-12 11:18:58.12393
"KNYG","Quantico , VA, US",2025-10-12 14:56:00,"2025-10-12 14:56:00","MVFR",18.3,13.9,30,14,25,6,1014,"METAR KNYG 121456Z AUTO 03014G25KT 6SM HZ OVC021 18/14 A2994 RMK AO2 PK WND 03026/1444 SLP141 T01830139 51010",2025-10-12 15:18:58.130319,2025-10-12 11:18:58.130364
"KOAJ","Jacksonville/Ellis Arpt, NC, US",2025-10-12 14:56:00,"2025-10-12 10:56:00","IFR",19.4,18.9,30,20,29,5,1000.8,"METAR KOAJ 121456Z 03020G29KT 5SM -RA BR OVC009 19/19 A2955 RMK AO2 PK WND 01033/1420 CIG 007V012 SLP009 P0003 60010 T01940189 50006 $",2025-10-12 15:18:58.136685,2025-10-12 11:18:58.136734
"KNTU","Oceana, VA, US",2025-10-12 14:56:00,"2025-10-12 10:56:00","MVFR",20.6,18.3,50,25,37,NA,1006.5,"METAR KNTU 121456Z 05025G37KT 10SM SCT014 BKN023 OVC028 21/18 A2972 RMK AO2 PK WND 06039/1431 RAE36 SLP067 P0001 60005 T02060183 58002",2025-10-12 15:18:58.143134,2025-10-12 11:18:58.143202
"KNBC","Beaufort, SC, US",2025-10-12 14:56:00,"2025-10-12 14:56:00","MVFR",17.2,16.1,310,9,NA,7,1007.9,"METAR KNBC 121456Z AUTO 31009KT 7SM BKN012 BKN025 OVC050 17/16 A2976 RMK AO2 SLP076 P0001 60001 T01720161 53005",2025-10-12 15:18:58.149647,2025-10-12 11:18:58.149691
"KNCA","New River MCAS, NC, US",2025-10-12 14:56:00,"2025-10-12 14:56:00","MVFR",20,18.9,40,22,33,6,999.7,"METAR KNCA 121456Z AUTO 04022G33KT 6SM BKN012 OVC022 20/19 A2952 RMK AO2 PK WND 02039/1446 SLP999 P0001 60013 T02000189 58007 $",2025-10-12 15:18:58.156013,2025-10-12 11:18:58.156057
"KO69","Petaluma Muni, CA, US",2025-10-12 14:55:00,"2025-10-12 14:55:00","VFR",7,7,0,0,NA,NA,1015,"METAR KO69 121455Z AUTO 00000KT 10SM CLR 07/07 A2997 RMK A01",2025-10-12 15:18:58.162499,2025-10-12 11:18:58.162544
"KNKX","Miramar , CA, US",2025-10-12 14:55:00,"2025-10-12 07:55:00","IFR",15.6,13.3,10,3,NA,9,1008.5,"METAR KNKX 121455Z AUTO 01003KT 9SM OVC009 16/13 A2978 RMK AO2 SLP080 T01560133 51008",2025-10-12 15:18:58.168874,2025-10-12 11:18:58.168918
"KNBG","New Orleans , LA, US",2025-10-12 14:55:00,"2025-10-12 09:55:00","VFR",24.4,13.9,NA,NA,NA,NA,1013,"METAR KNBG 121455Z AUTO 10SM CLR 24/14 A2991 RMK AO2 SLP128 T02440139 51008 $",2025-10-12 15:18:58.175568,2025-10-12 11:18:58.175614
"KN79","Shamokin/Northumberland Cnty, PA, US",2025-10-12 14:55:00,"2025-10-12 14:55:00","VFR",16.1,11.9,60,10,17,6,1018,"METAR KN79 121455Z AUTO 06010G17KT 6SM HZ FEW090 16/12 A3006 RMK AO2 T01610119",2025-10-12 15:18:58.182011,2025-10-12 11:18:58.182054
"KO61","Cameron Pa, CA, US",2025-10-12 14:55:00,"2025-10-12 14:55:00","VFR",6.9,0.8,10,3,NA,NA,1013,"METAR KO61 121455Z AUTO 01003KT 10SM CLR 07/01 A2991 RMK AO2 T00690008 57002",2025-10-12 15:18:58.1885,2025-10-12 11:18:58.188545
"KOGA","Ogalla/Searle Fld, NE, US",2025-10-12 14:55:00,"2025-10-12 08:55:00","VFR",15.6,6.9,320,21,26,NA,1003.8,"METAR KOGA 121455Z AUTO 32021G26KT 10SM CLR 16/07 A2964 RMK AO2 T01560069",2025-10-12 15:18:58.194967,2025-10-12 11:18:58.195013
"KNTD","Pt Mugu , CA, US",2025-10-12 14:55:00,"2025-10-12 07:55:00","VFR",11.1,7.8,0,0,NA,NA,1008.2,"METAR KNTD 121455Z 00000KT 10SM CLR 11/08 A2977 RMK AO2 SLP083 T01110078 51002 $",2025-10-12 15:18:58.201511,2025-10-12 11:18:58.201558
"KOCQ","Oconto/Blake Mem, WI, US",2025-10-12 14:55:00,"2025-10-12 14:55:00","VFR",15.6,9.4,150,8,NA,NA,1018,"METAR KOCQ 121455Z AUTO 15008KT 10SM SCT019 BKN033 16/09 A3006 RMK AO1 T01560094",2025-10-12 15:18:58.220076,2025-10-12 11:18:58.220132
"KOEO","Osceola/Simenstad Muni, WI, US",2025-10-12 14:55:00,"2025-10-12 09:55:00","VFR",14.8,8.8,130,12,19,NA,1010.9,"METAR KOEO 121455Z AUTO 13012G19KT 10SM CLR 15/09 A2985 RMK AO2 T01480088 PWINO",2025-10-12 15:18:58.227134,2025-10-12 11:18:58.2272
"KOEL","Oakley Muni, KS, US",2025-10-12 14:55:00,"2025-10-12 14:55:00","VFR",20.2,12,240,9,NA,NA,1003.1,"METAR KOEL 121455Z AUTO 24009KT 10SM CLR 20/12 A2962 RMK AO1 T02020120",2025-10-12 15:18:58.233704,2025-10-12 11:18:58.23375
"KO05","Chester/Rogers Fld, CA, US",2025-10-12 14:55:00,"2025-10-12 14:55:00","VFR",-3,-4,0,0,NA,NA,1017.4,"METAR KO05 121455Z AUTO 00000KT 10SM CLR M03/M04 A3004 RMK A01",2025-10-12 15:18:58.240166,2025-10-12 11:18:58.240218
"KO54","Weaverville Arpt, CA, US",2025-10-12 14:55:00,"2025-10-12 14:55:00","LIFR",6,5,0,0,NA,NA,1017.7,"METAR KO54 121455Z AUTO 00000KT 10SM OVC004 06/05 A3005 RMK A01",2025-10-12 15:18:58.246876,2025-10-12 11:18:58.246922
"KOIN","Oberlin Muni, KS, US",2025-10-12 14:55:00,"2025-10-12 14:55:00","VFR",19,15,250,7,NA,NA,1002.5,"METAR KOIN 121455Z AUTO 25007KT 10SM CLR 19/15 A2960 RMK AO2",2025-10-12 15:18:58.253365,2025-10-12 11:18:58.253411
"KOFF","Bellevue/Offutt AFB, NE, US",2025-10-12 14:55:00,"2025-10-12 09:55:00","VFR",19.6,13.7,130,16,NA,NA,1004.5,"METAR KOFF 121455Z 13016KT 10SM OVC100 20/14 A2966 RMK AO2A SLP043 T01960137 57013 $",2025-10-12 15:18:58.259914,2025-10-12 11:18:58.259959
"KNRN","Norton Muni, KS, US",2025-10-12 14:55:00,"2025-10-12 14:55:00","VFR",21,12,220,11,NA,NA,1001.8,"METAR KNRN 121455Z AUTO 22011KT 10SM CLR 21/12 A2958 RMK AO2",2025-10-12 15:18:58.266397,2025-10-12 11:18:58.266444
"KOGS","Ogdensburg Intl, NY, US",2025-10-12 14:55:00,"2025-10-12 10:55:00","VFR",15,8,NA,4,11,NA,1023.5,"METAR KOGS 121455Z AUTO VRB04G11KT 10SM CLR 15/08 A3022 RMK AO2",2025-10-12 15:18:58.272938,2025-10-12 11:18:58.272984
"KOAR","Marina Muni, CA, US",2025-10-12 14:55:00,"2025-10-12 07:55:00","VFR",9,7,0,0,NA,NA,1014,"METAR KOAR 121455Z AUTO 00000KT 10SM CLR 09/07 A2994 RMK AO2",2025-10-12 15:18:58.279454,2025-10-12 11:18:58.279499
"KNUQ","Moffett Fed Airfld, CA, US",2025-10-12 14:55:00,"2025-10-12 07:55:00","VFR",12,10,0,0,NA,NA,1014.6,"METAR KNUQ 121455Z AUTO 00000KT 10SM CLR 12/10 A2996 RMK AO2",2025-10-12 15:18:58.285907,2025-10-12 11:18:58.285953
"KNXP","Twentynine Palms/Self Arpt, CA, US",2025-10-12 14:54:00,"2025-10-12 14:54:00","VFR",15.6,3.3,270,12,NA,NA,1013.3,"METAR KNXP 121454Z AUTO 27012KT 10SM CLR 16/03 A2992 RMK AO2 SLP101 T01560033 51011 PWINO $",2025-10-12 15:18:58.292482,2025-10-12 11:18:58.29253
"KOFP","Richmond/Hanover Cnty, VA, US",2025-10-12 14:54:00,"2025-10-12 14:54:00","MVFR",17.2,16.1,30,7,17,3,1011.6,"METAR KOFP 121454Z AUTO 03007G17KT 310V080 3SM RA BR BKN011 OVC018 17/16 A2987 RMK AO2 SLP115 P0005 60006 T01720161 53007",2025-10-12 15:18:58.298951,2025-10-12 11:18:58.298995
"KNQX","Key West , FL, US",2025-10-12 14:53:00,"2025-10-12 10:53:00",NA,25.6,23.3,50,7,NA,NA,1008.9,"METAR KNQX 121453Z 05007KT 10SM 26/23 A2979 RMK AO2 RAEMMB02RAEMM SLP087 6//// T02560233 51018 $",2025-10-12 15:18:58.305448,2025-10-12 11:18:58.305493
"KODX","Ord/Sharp Fld, NE, US",2025-10-12 14:53:00,"2025-10-12 14:53:00","VFR",21.1,12.2,170,13,NA,NA,1000.8,"METAR KODX 121453Z AUTO 17013KT 10SM CLR 21/12 A2955 RMK AO2 SLP994 T02110122 53005",2025-10-12 15:18:58.312064,2025-10-12 11:18:58.312108
"KOGD","Ogden/Hinckley Arpt, UT, US",2025-10-12 14:53:00,"2025-10-12 08:53:00","VFR",6.7,3.3,160,6,NA,NA,1016.7,"METAR KOGD 121453Z 16006KT 10SM CLR 07/03 A3002 RMK AO2 SLP156 T00670033 53013",2025-10-12 15:18:58.31856,2025-10-12 11:18:58.318606
"KNRS","Imperial Beach, CA, US",2025-10-12 14:53:00,"2025-10-12 07:53:00","MVFR",16.7,13.9,0,0,NA,NA,1008.9,"METAR KNRS 121453Z AUTO 00000KT 10SM OVC014 17/14 A2979 RMK AO2 SLP086 T01670139 51010 $",2025-10-12 15:18:58.325015,2025-10-12 11:18:58.32506
"KNUW","Whidbey Island, WA, US",2025-10-12 14:53:00,"2025-10-12 07:53:00","VFR",10,8.3,0,0,NA,NA,1010.2,"METAR KNUW 121453Z 00000KT 10SM SCT028 BKN038 BKN050 10/08 A2983 RMK AO2 SLP106 T01000083 56007 $",2025-10-12 15:18:58.331539,2025-10-12 11:18:58.331595
"KOJC","Olathe/Johnson Cnty, KS, US",2025-10-12 14:53:00,"2025-10-12 09:53:00","VFR",20.6,15,180,12,18,NA,1010.2,"METAR KOJC 121453Z 18012G18KT 10SM CLR 21/15 A2983 RMK AO2 SLP092 T02060150 58001",2025-10-12 15:18:58.338239,2025-10-12 11:18:58.338285
"KOAK","Oakland Intl, CA, US",2025-10-12 14:53:00,"2025-10-12 07:53:00","VFR",10,8.3,0,0,NA,NA,1014.6,"METAR KOAK 121453Z 00000KT 10SM FEW013 10/08 A2996 RMK AO2 SLP144 FU FEW013 T01000083 50002 $",2025-10-12 15:18:58.357213,2025-10-12 11:18:58.357262
"KNEW","New Orleans/Lakefront Arpt, LA, US",2025-10-12 14:53:00,"2025-10-12 09:53:00","VFR",23.9,15.6,50,5,NA,NA,1013.6,"METAR KNEW 121453Z 05005KT 10SM CLR 24/16 A2993 RMK AO1 SLP127 T02390156 51010",2025-10-12 15:18:58.364213,2025-10-12 11:18:58.36426
"KNKT","Cherry Point MCAS, NC, US",2025-10-12 14:53:00,"2025-10-12 14:53:00","IFR",20,19.4,50,20,37,1.5,1001.4,"METAR KNKT 121453Z 05020G37KT 1 1/2SM -RA BR FEW008 OVC014 20/19 A2957 RMK AO2 PK WND 05039/1357 SLP010 P0007 60030 T02000194 50014",2025-10-12 15:18:58.370698,2025-10-12 11:18:58.370743
"KNSI","San Nicholas Island Arpt, CA, US",2025-10-12 14:53:00,"2025-10-12 14:53:00",NA,15,12.8,300,8,NA,NA,1008.5,"METAR KNSI 121453Z AUTO 30008KT CLR 15/13 A2978 RMK AO2 SLP079 T01500128 53003 $",2025-10-12 15:18:58.377114,2025-10-12 11:18:58.377174
"KNIP","Jacksonville , FL, US",2025-10-12 14:53:00,"2025-10-12 10:53:00","VFR",21.1,14.4,310,8,NA,NA,1009.9,"METAR KNIP 121453Z 31008KT 10SM FEW120 FEW250 21/14 A2982 RMK AO2 SLP092 T02110144 50006",2025-10-12 15:18:58.38356,2025-10-12 11:18:58.383605
"KODO","Odessa/Schlemeyer Fld, TX, US",2025-10-12 14:53:00,"2025-10-12 14:53:00","VFR",23.3,10,210,9,NA,NA,1012.3,"METAR KODO 121453Z AUTO 21009KT 10SM CLR 23/10 A2989 RMK AO2 SLP074 T02330100 51010",2025-10-12 15:18:58.390058,2025-10-12 11:18:58.390111
"KNUI","St Inigoes/Webster Fld, MD, US",2025-10-12 14:53:00,"2025-10-12 14:53:00","MVFR",17.2,16.1,50,12,25,5,1011.6,"METAR KNUI 121453Z AUTO 05012G25KT 5SM -RA BR BKN016 OVC022 17/16 A2987 RMK AO2 PK WND 03029/1354 SLP113 P0004 60007 T01720161 51011",2025-10-12 15:18:58.396614,2025-10-12 11:18:58.396657
"KNHK","Patuxent River NAS, MD, US",2025-10-12 14:52:00,"2025-10-12 10:52:00","MVFR",17.8,15.6,40,21,29,8,1012.3,"METAR KNHK 121452Z 04021G29KT 8SM -RA OVC020 18/16 A2989 RMK AO2 PK WND 04031/1405 SLP121 P0003 60004 T01780156 51011",2025-10-12 15:18:58.403065,2025-10-12 11:18:58.403108
"KNRB","Mayport , FL, US",2025-10-12 14:52:00,"2025-10-12 10:52:00","VFR",21.7,15.6,330,5,NA,NA,1009.2,"METAR KNRB 121452Z AUTO 33005KT 10SM CLR 22/16 A2980 RMK AO2 SLP091 T02170156 51007",2025-10-12 15:18:58.4096,2025-10-12 11:18:58.409645
"KOKC","Oklahoma City/Will Rogers Intl, OK, US",2025-10-12 14:52:00,"2025-10-12 09:52:00","VFR",23.3,13.3,170,11,NA,NA,1010.2,"METAR KOKC 121452Z 17011KT 10SM BKN120 23/13 A2983 RMK AO2 SLP090 VIRGA W T02330133 51007",2025-10-12 15:18:58.41612,2025-10-12 11:18:58.416184
"KNZY","San Diego/North Island NAS, CA, US",2025-10-12 14:52:00,"2025-10-12 07:52:00","MVFR",16.7,13.9,170,4,NA,9,1008.2,"METAR KNZY 121452Z AUTO 17004KT 9SM OVC013 17/14 A2977 RMK AO2 SLP081 T01670139 51009",2025-10-12 15:18:58.422549,2025-10-12 11:18:58.422592
"KNFG","Camp Pendleton, CA, US",2025-10-12 14:52:00,"2025-10-12 14:52:00","IFR",13.3,11.7,60,4,NA,9,1008.5,"METAR KNFG 121452Z AUTO 06004KT 9SM OVC006 13/12 A2978 RMK AO2 SLP083 T01330117 51008 $",2025-10-12 15:18:58.428934,2025-10-12 11:18:58.428977
"KNFW","Fort Worth/Carswell NAS, TX, US",2025-10-12 14:52:00,"2025-10-12 09:52:00","VFR",25,13.9,190,9,NA,NA,1011.9,"METAR KNFW 121452Z 19009KT 10SM FEW250 25/14 A2988 RMK AO2 SLP101 T02500139 52007 $",2025-10-12 15:18:58.435443,2025-10-12 11:18:58.435488
"KNJM","Swansboro/Bogue Fld, NC, US",2025-10-12 14:51:00,"2025-10-12 14:51:00","IFR",20.6,19.4,40,25,38,1.5,999.7,"METAR KNJM 121451Z AUTO 04025G38KT 1 1/2SM -RA BR OVC011 21/19 A2952 RMK AO2 PK WND 04047/1408 SLP999 P0001 60014 T02060194 58005",2025-10-12 15:18:58.441879,2025-10-12 11:18:58.441924
"KOCF","Ocala Rgnl, FL, US",2025-10-12 14:51:00,"2025-10-12 10:51:00","VFR",21.7,15.6,340,7,NA,NA,1010.6,"METAR KOCF 121451Z 34007KT 10SM CLR 22/16 A2984 RMK AO2 SLP105 T02170156 50008",2025-10-12 15:18:58.448514,2025-10-12 11:18:58.448559
"KOJA","Weatherford/Stafford Arpt, OK, US",2025-10-12 14:50:00,"2025-10-12 14:50:00","VFR",22.2,10.5,190,10,16,NA,1009.6,"METAR KOJA 121450Z AUTO 19010G16KT 10SM CLR 22/10 A2981 RMK AO2 T02220105",2025-10-12 15:18:58.454984,2025-10-12 11:18:58.455029
"KO86","Trinity Center Arpt, CA, US",2025-10-12 14:50:00,"2025-10-12 14:50:00","IFR",5,5,0,0,NA,NA,1017,"METAR KO86 121450Z AUTO 00000KT 10SM OVC009 05/05 A3003 RMK A01",2025-10-12 15:18:58.461508,2025-10-12 11:18:58.461553
"KNOW","Port Angeles, WA, US",2025-10-12 14:50:00,"2025-10-12 14:50:00","VFR",NA,NA,160,3,NA,NA,1010.2,"METAR KNOW 121450Z AUTO 16003KT 10SM CLR A2983 RMK AO2",2025-10-12 15:18:58.468048,2025-10-12 11:18:58.468095
"KNFJ","Milton/Choctaw, FL, US",2025-10-12 14:48:00,"2025-10-12 14:48:00","VFR",21.7,13.9,350,3,NA,NA,1013,"METAR KNFJ 121448Z AUTO 35003KT 10SM CLR 22/14 A2991 RMK AO2 SLP133 T02170139 51010 $ ",2025-10-12 15:18:58.474693,2025-10-12 11:18:58.474739
"KOBE","Okeechobee Cnty Arpt, FL, US",2025-10-12 14:35:00,"2025-10-12 10:35:00",NA,23,20,NA,NA,NA,NA,NA,"METAR KOBE 121435Z AUTO 10SM 23/20 RMK AO2",2025-10-12 15:18:58.494046,2025-10-12 11:18:58.494094
"KNQA","Millington Rgnl, TN, US",2025-10-12 13:50:00,"2025-10-12 08:50:00","VFR",17,15,0,0,NA,NA,1014.3,"METAR KNQA 121350Z 00000KT 10SM CLR 17/15 A2995",2025-10-12 15:18:58.501177,2025-10-12 11:18:58.501226
"KONZ","Grosse Isle Muni, MI, US",2025-10-12 15:16:00,"2025-10-12 15:16:00","MVFR",17,13,70,7,NA,NA,1018.4,"METAR KONZ 121516Z AUTO 07007KT 10SM BKN016 17/13 A3007 RMK AO2",2025-10-12 15:19:00.304949,2025-10-12 11:19:00.304995
"KPLR","Pell City/St Clair Cnty, AL, US",2025-10-12 15:15:00,"2025-10-12 10:15:00","VFR",21,12,0,0,NA,NA,1013.6,"METAR KPLR 121515Z AUTO 00000KT 10SM CLR 21/12 A2993 RMK A01",2025-10-12 15:19:00.311656,2025-10-12 11:19:00.311703
"KPJC","Zelienople Muni, PA, US",2025-10-12 15:15:00,"2025-10-12 15:15:00","VFR",14,11,90,4,NA,NA,NA,"METAR KPJC 121515Z AUTO 09004KT 10SM SCT020 BKN044 OVC090 14/11 RMK AO2",2025-10-12 15:19:00.318114,2025-10-12 11:19:00.318182
"KOYM","St Marys Muni, PA, US",2025-10-12 15:15:00,"2025-10-12 11:15:00","MVFR",16,12,90,8,NA,NA,1020.7,"METAR KOYM 121515Z AUTO 09008KT 10SM OVC014 16/12 A3014 RMK AO2 PWINO",2025-10-12 15:19:00.324559,2025-10-12 11:19:00.324614
"KPAN","Payson Arpt, AZ, US",2025-10-12 15:15:00,"2025-10-12 08:15:00","LIFR",15,15,NA,3,NA,NA,1014.6,"METAR KPAN 121515Z AUTO VRB03KT 10SM BKN004 BKN080 OVC110 15/15 A2996 RMK AO2 LTG DSNT S",2025-10-12 15:19:00.331045,2025-10-12 11:19:00.33109
"KPHN","Port Huron/St Clair Cnty, MI, US",2025-10-12 15:15:00,"2025-10-12 11:15:00","VFR",16,12,110,3,NA,NA,1019.7,"METAR KPHN 121515Z AUTO 11003KT 10SM CLR 16/12 A3011 RMK AO2",2025-10-12 15:19:00.337651,2025-10-12 11:19:00.337697
"KPEZ","Pleasanton Muni, TX, US",2025-10-12 15:15:00,"2025-10-12 15:15:00","VFR",25.2,15.6,200,9,15,NA,1013.3,"METAR KPEZ 121515Z AUTO 20009G15KT 10SM CLR 25/16 A2992 RMK AO2 T02520156",2025-10-12 15:19:00.344191,2025-10-12 11:19:00.344241
"KPEX","Paynesville Muni, MN, US",2025-10-12 15:15:00,"2025-10-12 15:15:00","VFR",14,11,140,13,20,NA,1005.5,"METAR KPEX 121515Z AUTO 14013G20KT 10SM BKN110 14/11 A2969 RMK AO2",2025-10-12 15:19:00.350686,2025-10-12 11:19:00.350731
"KPBH","Phillips/Price Cnty, WI, US",2025-10-12 15:15:00,"2025-10-12 15:15:00","MVFR",11.5,8.3,160,11,17,NA,1014.3,"METAR KPBH 121515Z AUTO 16011G17KT 10SM OVC017 12/08 A2995 RMK AO2 T01150083",2025-10-12 15:19:00.357213,2025-10-12 11:19:00.357261
"KPEA","Pella Muni, IA, US",2025-10-12 15:15:00,"2025-10-12 15:15:00","VFR",15.7,11.4,130,8,NA,NA,1011.6,"METAR KPEA 121515Z AUTO 13008KT 10SM CLR 16/11 A2987 RMK AO2 T01570114",2025-10-12 15:19:00.363694,2025-10-12 11:19:00.363743
"KOZW","Howell/Hardy Arpt, MI, US",2025-10-12 15:15:00,"2025-10-12 15:15:00","VFR",16,11,120,8,NA,NA,1019,"METAR KOZW 121515Z AUTO 12008KT 10SM CLR 16/11 A3009 RMK AO2",2025-10-12 15:19:00.370292,2025-10-12 11:19:00.370339
"KOLG","Solon Springs Muni, WI, US",2025-10-12 15:15:00,"2025-10-12 15:15:00","MVFR",13,7,160,17,21,NA,1010.9,"METAR KOLG 121515Z AUTO 16017G21KT 10SM BKN027 13/07 A2985 RMK AO1",2025-10-12 15:19:00.389247,2025-10-12 11:19:00.389328
"KPCZ","Waupaca Muni, WI, US",2025-10-12 15:15:00,"2025-10-12 15:15:00","MVFR",16,9,130,10,NA,NA,1017.7,"METAR KPCZ 121515Z AUTO 13010KT 10SM BKN029 16/09 A3005 RMK AO2 T01600090",2025-10-12 15:19:00.396945,2025-10-12 11:19:00.396991
"KPLD","Portland Muni, IN, US",2025-10-12 15:15:00,"2025-10-12 15:15:00","VFR",15.4,4.6,80,6,NA,NA,1017.7,"METAR KPLD 121515Z AUTO 08006KT 10SM CLR 15/05 A3005 RMK AO2 T01540046",2025-10-12 15:19:00.403519,2025-10-12 11:19:00.403565
"KOWP","Sand Springs/Pogue Mem, OK, US",2025-10-12 15:15:00,"2025-10-12 15:15:00","VFR",25.6,13.8,150,5,NA,NA,1011.6,"METAR KOWP 121515Z AUTO 15005KT 10SM CLR 26/14 A2987 RMK AO2 T02560138",2025-10-12 15:19:00.41002,2025-10-12 11:19:00.410064
"KOSA","Mount Pleasant Rgnl, TX, US",2025-10-12 15:15:00,"2025-10-12 15:15:00","VFR",25,16.9,250,6,NA,NA,1013.3,"METAR KOSA 121515Z AUTO 25006KT 10SM CLR 25/17 A2992 RMK AO2 T02500169",2025-10-12 15:19:00.416603,2025-10-12 11:19:00.416649
"KOKV","Winchester Rgnl, VA, US",2025-10-12 15:15:00,"2025-10-12 11:15:00","MVFR",14,13,20,4,NA,NA,1016,"METAR KOKV 121515Z AUTO 02004KT 10SM OVC018 14/13 A3000 RMK AO2",2025-10-12 15:19:00.423086,2025-10-12 11:19:00.423132
"KOPN","Thomaston/Upson Cnty, GA, US",2025-10-12 15:15:00,"2025-10-12 15:15:00","VFR",18,12,360,5,NA,NA,1013,"METAR KOPN 121515Z AUTO 36005KT 10SM CLR 18/12 A2991 RMK AO2",2025-10-12 15:19:00.429712,2025-10-12 11:19:00.429768
"KONP","Newport Muni, OR, US",2025-10-12 15:15:00,"2025-10-12 08:15:00","VFR",11,10,180,6,NA,NA,1016.7,"METAR KONP 121515Z AUTO 18006KT 10SM SCT048 BKN060 OVC110 11/10 A3002 RMK AO2",2025-10-12 15:19:00.436247,2025-10-12 11:19:00.436292
"KPDC","Prairie Du Chien Muni, WI, US",2025-10-12 15:15:00,"2025-10-12 10:15:00","VFR",13.3,9,140,4,NA,NA,1014.6,"METAR KPDC 121515Z AUTO 14004KT 10SM SCT040 13/09 A2996 RMK AO2 T01330090",2025-10-12 15:19:00.44273,2025-10-12 11:19:00.442776
"KONM","Socorro Muni, NM, US",2025-10-12 15:15:00,"2025-10-12 15:15:00","LIFR",17.1,16.8,0,0,NA,7,1015.3,"METAR KONM 121515Z AUTO 00000KT 7SM OVC003 17/17 A2998 RMK AO2 T01710168",2025-10-12 15:19:00.449244,2025-10-12 11:19:00.44929
"KORK","N Little Rock Muni, AR, US",2025-10-12 15:15:00,"2025-10-12 15:15:00","VFR",22,14,140,5,NA,NA,1014,"METAR KORK 121515Z AUTO 14005KT 10SM FEW060 22/14 A2994 RMK AO2",2025-10-12 15:19:00.455732,2025-10-12 11:19:00.455776
"KORS","Eastsound/Orcas Island Arpt, WA, US",2025-10-12 15:15:00,"2025-10-12 08:15:00","MVFR",9,9,0,0,NA,5,1009.9,"METAR KORS 121515Z AUTO 00000KT 5SM -RA BR BKN023 OVC028 09/09 A2982 RMK AO2",2025-10-12 15:19:00.46212,2025-10-12 11:19:00.462183
"KOXV","Knoxville Muni, IA, US",2025-10-12 15:15:00,"2025-10-12 15:15:00","VFR",16,12,140,9,14,NA,1010.9,"METAR KOXV 121515Z AUTO 14009G14KT 10SM CLR 16/12 A2985 RMK AO2",2025-10-12 15:19:00.468641,2025-10-12 11:19:00.468693
"KOMH","Orange Cnty Arpt, VA, US",2025-10-12 15:15:00,"2025-10-12 15:15:00","IFR",16,15,30,10,19,7,1014,"METAR KOMH 121515Z AUTO 03010G19KT 7SM OVC009 16/15 A2994 RMK AO2",2025-10-12 15:19:00.475095,2025-10-12 11:19:00.475138
"KONA","Winona Muni, MN, US",2025-10-12 15:15:00,"2025-10-12 15:15:00","VFR",14,9,130,12,16,NA,1012.6,"METAR KONA 121515Z AUTO 13012G16KT 10SM CLR 14/09 A2990 RMK AO2 TSNO",2025-10-12 15:19:00.481732,2025-10-12 11:19:00.481777
"KOSC","Wurtsmith, MI, US",2025-10-12 15:15:00,"2025-10-12 11:15:00","VFR",16,11,110,9,NA,NA,1020.4,"METAR KOSC 121515Z AUTO 11009KT 10SM SCT015 16/11 A3013 RMK AO2",2025-10-12 15:19:00.488246,2025-10-12 11:19:00.488292
"KOVL","Olivia Rgnl, MN, US",2025-10-12 15:15:00,"2025-10-12 15:15:00","VFR",14,11,160,16,22,NA,1004.5,"METAR KOVL 121515Z AUTO 16016G22KT 10SM OVC100 14/11 A2966 RMK AO2",2025-10-12 15:19:00.494787,2025-10-12 11:19:00.494832
"KOWA","Owatonna/Degner Rgnl, MN, US",2025-10-12 15:15:00,"2025-10-12 10:15:00","VFR",14.4,10.4,150,10,NA,9,1009.2,"METAR KOWA 121515Z AUTO 15010KT 9SM OVC150 14/10 A2980 RMK AO2 T01440104 $",2025-10-12 15:19:00.50134,2025-10-12 11:19:00.501385
"KOWX","Ottawa/Putnam Cnty, OH, US",2025-10-12 15:15:00,"2025-10-12 15:15:00","VFR",16,11,40,6,NA,NA,1018.4,"METAR KOWX 121515Z AUTO 04006KT 10SM CLR 16/11 A3007 RMK AO2",2025-10-12 15:19:00.508051,2025-10-12 11:19:00.508098
"KPLU","Tacoma/Pierce Cnty, WA, US",2025-10-12 15:15:00,"2025-10-12 15:15:00","VFR",11,7,NA,4,NA,NA,1012.6,"METAR KPLU 121515Z AUTO VRB04KT 10SM FEW036 SCT050 OVC060 11/07 A2990 RMK AO2",2025-10-12 15:19:00.526952,2025-10-12 11:19:00.526998
"KPKD","Park Rapids/Konshok Fld, MN, US",2025-10-12 15:14:00,"2025-10-12 10:14:00","MVFR",12.8,11.1,160,18,28,NA,1002.5,"SPECI KPKD 121514Z AUTO 16018G28KT 10SM -RA BKN015 BKN060 OVC080 13/11 A2960 RMK AO2 PK WND 14030/1500 RAB05 P0000 T01280111",2025-10-12 15:19:00.533998,2025-10-12 11:19:00.534045
"KOSH","Oshkosh/Wittman Rgnl, WI, US",2025-10-12 15:14:00,"2025-10-12 10:14:00","MVFR",15.6,9.4,150,9,NA,NA,1017,"SPECI KOSH 121514Z 15009KT 10SM OVC029 16/09 A3003 RMK AO2 T01560094",2025-10-12 15:19:00.540513,2025-10-12 11:19:00.54056
"KOPF","Miami/Opa Locka Arpt, FL, US",2025-10-12 15:12:00,"2025-10-12 11:12:00","VFR",27.2,22.2,0,0,NA,NA,1008.9,"SPECI KOPF 121512Z 00000KT 10SM CLR 27/22 A2979 RMK AO2 T02720222",2025-10-12 15:19:00.546984,2025-10-12 11:19:00.547028
"KPMH","Portsmouth Rgnl, OH, US",2025-10-12 15:12:00,"2025-10-12 11:12:00","IFR",16,11,40,4,NA,2.5,1016,"METAR KPMH 121512Z 04004KT 2 1/2SM -DZ HZ CLR 16/11 A3000 RMK AO2",2025-10-12 15:19:00.553382,2025-10-12 11:19:00.553427
"KOLF","Wolf Point/Clayton Arpt, MT, US",2025-10-12 15:11:00,"2025-10-12 09:11:00","MVFR",6.1,5,260,19,33,NA,1000.1,"SPECI KOLF 121511Z AUTO 26019G33KT 10SM -RA OVC014 06/05 A2953 RMK AO2 PK WND 26033/1506 P0000 T00610050",2025-10-12 15:19:00.559868,2025-10-12 11:19:00.559924
"KONX","Currituck Cnty, NC, US",2025-10-12 15:10:00,"2025-10-12 15:10:00","MVFR",20.8,18.3,40,18,30,NA,1005.8,"METAR KONX 121510Z AUTO 04018G30KT 10SM OVC012 21/18 A2970 RMK AO2 T02080183",2025-10-12 15:19:00.566493,2025-10-12 11:19:00.566538
"KPLN","Pellston Rgnl, MI, US",2025-10-12 15:09:00,"2025-10-12 11:09:00","VFR",11.7,10.6,140,6,NA,NA,1020.7,"SPECI KPLN 121509Z AUTO 14006KT 10SM FEW005 12/11 A3014 RMK AO2 T01170106",2025-10-12 15:19:00.573004,2025-10-12 11:19:00.573049
"KPHF","Newport News/Williamsburg Intl, VA, US",2025-10-12 15:05:00,"2025-10-12 11:05:00","MVFR",19.4,18.3,50,13,29,4,1008.5,"SPECI KPHF 121505Z 05013G29KT 4SM -RA BR FEW007 BKN011 OVC018 19/18 A2978 RMK AO2 PK WND 05029/1458 P0001 T01940183",2025-10-12 15:19:00.579443,2025-10-12 11:19:00.579487
"KPGV","Greenville/Pitt Arpt, NC, US",2025-10-12 15:05:00,"2025-10-12 11:05:00",NA,21,21,50,22,26,NA,1003.8,"METAR KPGV 121505Z AUTO 05022G26KT OVC020 21/21 A2964 RMK AO2 PWINO",2025-10-12 15:19:00.585932,2025-10-12 11:19:00.585977
"KOXD","Oxford/Miami Univ Arpt, OH, US",2025-10-12 15:02:00,"2025-10-12 11:02:00","VFR",17,10,90,5,NA,NA,1016.7,"METAR KOXD 121502Z 09005KT 10SM CLR 17/10 A3002 RMK AO2",2025-10-12 15:19:00.592531,2025-10-12 11:19:00.592584
"KPHX","Phoenix/Sky Harbor Intl, AZ, US",2025-10-12 15:02:00,"2025-10-12 08:02:00","IFR",21.1,20,70,6,NA,2,1007.2,"SPECI KPHX 121502Z 07006KT 2SM R07L/4500VP6000FT TSRA BR SCT012 BKN023 OVC060CB 21/20 A2974 RMK AO2 RAB1454 CONS LTGCGIC OHD-NE TS OHD-NE MOV NE P0030 T02110200 $",2025-10-12 15:19:00.598918,2025-10-12 11:19:00.598963
"KOXB","Ocean City Muni, MD, US",2025-10-12 15:00:00,"2025-10-12 11:00:00","MVFR",18.3,16.1,50,17,32,NA,1011.3,"SPECI KOXB 121500Z AUTO 05017G32KT 10SM OVC015 18/16 A2986 RMK AO2 PK WND 07032/1455 RAE1455 P0000 T01830161",2025-10-12 15:19:00.605458,2025-10-12 11:19:00.605505
"KPIB","Hattiesburg/Laurel Rgnl, MS, US",2025-10-12 14:56:00,"2025-10-12 09:56:00","VFR",21.7,12.2,0,0,NA,NA,1014.3,"METAR KPIB 121456Z AUTO 00000KT 10SM CLR 22/12 A2995 RMK AO2 SLP140 T02170122 51006",2025-10-12 15:19:00.611948,2025-10-12 11:19:00.611995
"KOKK","Kokomo Muni, IN, US",2025-10-12 14:56:00,"2025-10-12 10:56:00","VFR",15,8.9,110,5,NA,NA,1018.4,"METAR KOKK 121456Z AUTO 11005KT 10SM CLR 15/09 A3007 RMK AO2 SLP181 T01500089 51005 $",2025-10-12 15:19:00.618553,2025-10-12 11:19:00.618599
"KOXC","Oxford Arpt, CT, US",2025-10-12 14:56:00,"2025-10-12 10:56:00","MVFR",12.8,9.4,40,18,24,NA,1021.1,"METAR KOXC 121456Z 04018G24KT 10SM BKN016 13/09 A3015 RMK AO2 PK WND 04027/1408 SLP220 T01280094 58001 $",2025-10-12 15:19:00.62501,2025-10-12 11:19:00.625057
"KOTH","North Bend/SW Oregon Rgnl, OR, US",2025-10-12 14:56:00,"2025-10-12 07:56:00","VFR",11.1,11.1,160,6,NA,NA,1018.4,"METAR KOTH 121456Z 16006KT 10SM FEW010 OVC050 11/11 A3007 RMK AO2 RAE51 SLP183 P0003 60003 T01110111 58010",2025-10-12 15:19:00.631489,2025-10-12 11:19:00.631535
"KOWB","Owensboro/Daviess Cnty, KY, US",2025-10-12 14:56:00,"2025-10-12 09:56:00","VFR",18.9,12.2,140,3,NA,NA,1016,"METAR KOWB 121456Z 14003KT 10SM CLR 19/12 A3000 RMK AO2 SLP157 T01890122 50006",2025-10-12 15:19:00.638055,2025-10-12 11:19:00.6381
"KOLU","Columbus Muni, NE, US",2025-10-12 14:56:00,"2025-10-12 14:56:00","VFR",21.7,15,170,17,22,NA,1002.5,"METAR KOLU 121456Z AUTO 17017G22KT 10SM CLR 22/15 A2960 RMK AO2 SLP016 T02170150 58001",2025-10-12 15:19:00.644725,2025-10-12 11:19:00.644772
"KP33","Wilcox/Chocise Cnty, AZ, US",2025-10-12 14:56:00,"2025-10-12 07:56:00","VFR",19,17,150,9,NA,NA,1014,"METAR KP33 121456Z AUTO 15009KT 10SM CLR 19/17 A2994 RMK AO2",2025-10-12 15:19:00.663798,2025-10-12 11:19:00.663846
"KOTG","Worthington Muni, MN, US",2025-10-12 14:56:00,"2025-10-12 14:56:00","VFR",15,14.4,140,15,22,NA,1004.1,"METAR KOTG 121456Z AUTO 14015G22KT 10SM -RA FEW050 OVC085 15/14 A2965 RMK AO2 SLP041 P0004 60004 T01500144 58010",2025-10-12 15:19:00.670672,2025-10-12 11:19:00.670717
"KPKV","Port Lavaca/Calhoun Cnty, TX, US",2025-10-12 14:55:00,"2025-10-12 14:55:00","VFR",28.6,19.9,140,8,NA,NA,1012.6,"METAR KPKV 121455Z AUTO 14008KT 10SM CLR 29/20 A2990 RMK AO2 T02860199",2025-10-12 15:19:00.677197,2025-10-12 11:19:00.677245
"KOZR","Ozark/Cairns AAF, AL, US",2025-10-12 14:55:00,"2025-10-12 09:55:00","VFR",18.8,13.4,0,0,NA,NA,1012.3,"METAR KOZR 121455Z AUTO 00000KT 10SM FEW230 19/13 A2989 RMK AO2 SLP123 T01880134 52020 $",2025-10-12 15:19:00.683627,2025-10-12 11:19:00.683672
"KOLE","Olean/Cattaraugus Cnty, NY, US",2025-10-12 14:55:00,"2025-10-12 14:55:00","MVFR",13,10,110,5,NA,NA,1021.1,"METAR KOLE 121455Z AUTO 11005KT 10SM OVC018 13/10 A3015 RMK AO2",2025-10-12 15:19:00.690077,2025-10-12 11:19:00.690121
"KPBX","Pikeville/Pike Cnty, KY, US",2025-10-12 14:55:00,"2025-10-12 10:55:00","VFR",13.8,9.7,0,0,NA,7,1015.7,"METAR KPBX 121455Z AUTO 00000KT 7SM CLR 14/10 A2999 RMK AO2 T01380097",2025-10-12 15:19:00.696604,2025-10-12 11:19:00.69665
"KPEQ","Pecos Muni, TX, US",2025-10-12 14:55:00,"2025-10-12 09:55:00","VFR",23,17.1,230,7,NA,NA,1012.3,"METAR KPEQ 121455Z AUTO 23007KT 10SM SCT110 23/17 A2989 RMK AO2 T02300171 PWINO",2025-10-12 15:19:00.703215,2025-10-12 11:19:00.703264
"KOOA","Oskaloosa Muni, IA, US",2025-10-12 14:55:00,"2025-10-12 14:55:00","VFR",15.1,11.7,140,11,NA,NA,1012.6,"METAR KOOA 121455Z AUTO 14011KT 10SM CLR 15/12 A2990 RMK AO2 T01510117",2025-10-12 15:19:00.709693,2025-10-12 11:19:00.709738
"KPAM","Tyndall AFB, FL, US",2025-10-12 14:55:00,"2025-10-12 09:55:00","VFR",23.1,14.4,330,5,NA,NA,1011.6,"METAR KPAM 121455Z AUTO 33005KT 10SM FEW190 23/14 A2987 RMK AO2 SLP118 T02310144 52012 $",2025-10-12 15:19:00.716321,2025-10-12 11:19:00.716366
"KOKM","Okmulgee Rgnl, OK, US",2025-10-12 14:55:00,"2025-10-12 09:55:00","VFR",23,15.5,180,9,NA,NA,1011.3,"METAR KOKM 121455Z AUTO 18009KT 10SM CLR 23/16 A2986 RMK AO2 T02300155",2025-10-12 15:19:00.722804,2025-10-12 11:19:00.722849
"KOPL","Opelousas/St Landry, LA, US",2025-10-12 14:55:00,"2025-10-12 14:55:00","VFR",23,14.1,0,0,NA,NA,1013.6,"METAR KOPL 121455Z AUTO 00000KT 10SM CLR 23/14 A2993 RMK AO2 T02300141",2025-10-12 15:19:00.729295,2025-10-12 11:19:00.72934
"KPIM","Pine Mountain/Harris Cnty, GA, US",2025-10-12 14:55:00,"2025-10-12 10:55:00","VFR",18,14,320,3,NA,NA,1013,"METAR KPIM 121455Z AUTO 32003KT 10SM CLR 18/14 A2991 RMK AO2",2025-10-12 15:19:00.735885,2025-10-12 11:19:00.735929
"KPMU","Panola Cnty, MS, US",2025-10-12 14:55:00,"2025-10-12 14:55:00","VFR",20,14,0,0,NA,NA,1014.3,"METAR KPMU 121455Z AUTO 00000KT 10SM CLR 20/14 A2995 RMK AO2 P0001",2025-10-12 15:19:00.742344,2025-10-12 11:19:00.74239
"KP08","Coolidge Muni, AZ, US",2025-10-12 14:55:00,"2025-10-12 14:55:00","VFR",23,21,110,5,NA,NA,1007.9,"METAR KP08 121455Z AUTO 11005KT 10SM FEW043 SCT065 23/21 A2976 RMK AO2 LTG DSNT N AND W",2025-10-12 15:19:00.748838,2025-10-12 11:19:00.748883
"KOLZ","Oelwein Muni, IA, US",2025-10-12 14:55:00,"2025-10-12 14:55:00","VFR",13,10,140,18,NA,NA,1012.6,"METAR KOLZ 121455Z AUTO 14018KT 10SM CLR 13/10 A2990 RMK A01",2025-10-12 15:19:00.755485,2025-10-12 11:19:00.755531
"KOZA","Ozona Muni, TX, US",2025-10-12 14:55:00,"2025-10-12 09:55:00","VFR",23,13,190,13,17,NA,1014,"METAR KOZA 121455Z AUTO 19013G17KT 10SM CLR 23/13 A2994 RMK AO2",2025-10-12 15:19:00.761987,2025-10-12 11:19:00.762032
"KONL","O'Neill Muni, NE, US",2025-10-12 14:55:00,"2025-10-12 09:55:00","VFR",21,13,190,13,19,NA,1000.8,"METAR KONL 121455Z AUTO 19013G19KT 10SM SCT110 21/13 A2955 RMK AO2 T02100130",2025-10-12 15:19:00.768531,2025-10-12 11:19:00.768576
"KPCM","Plant City Arpt, FL, US",2025-10-12 14:55:00,"2025-10-12 14:55:00","VFR",24,17,0,0,NA,NA,1010.9,"METAR KPCM 121455Z AUTO 00000KT 10SM CLR 24/17 A2985 RMK AO2",2025-10-12 15:19:00.77504,2025-10-12 11:19:00.775087
"KOQN","West Chester/Brandywine Rgnl, PA, US",2025-10-12 14:55:00,"2025-10-12 14:55:00","VFR",16,10,40,13,19,NA,1016.7,"METAR KOQN 121455Z AUTO 04013G19KT 10SM CLR 16/10 A3002 RMK AO2",2025-10-12 15:19:00.781666,2025-10-12 11:19:00.781714
"KOXI","Knox/Starke Cnty, IN, US",2025-10-12 14:55:00,"2025-10-12 14:55:00","VFR",14,11,NA,6,NA,NA,1018,"METAR KOXI 121455Z AUTO VRB06KT 10SM CLR 14/11 A3006 RMK AO2",2025-10-12 15:19:00.800989,2025-10-12 11:19:00.801038
"KORG","Orange/Orange Cnty, TX, US",2025-10-12 14:55:00,"2025-10-12 14:55:00","VFR",25,21.9,0,0,NA,NA,1014.3,"METAR KORG 121455Z AUTO 00000KT 10SM CLR 25/22 A2995 RMK AO2 T02500219 PWINO",2025-10-12 15:19:00.807869,2025-10-12 11:19:00.807915
"KPHP","Philip Muni, SD, US",2025-10-12 14:55:00,"2025-10-12 08:55:00","VFR",12.2,7.8,300,29,42,NA,1000.8,"METAR KPHP 121455Z AUTO 30029G42KT 10SM CLR 12/08 A2955 RMK AO2 PK WND 29042/1447 SLP998 T01220078 53048",2025-10-12 15:19:00.814435,2025-10-12 11:19:00.814481
"KPHG","Phillipsburg Muni, KS, US",2025-10-12 14:55:00,"2025-10-12 14:55:00","VFR",23,12,200,9,NA,NA,1002.1,"METAR KPHG 121455Z AUTO 20009KT 10SM CLR 23/12 A2959 RMK AO2",2025-10-12 15:19:00.820861,2025-10-12 11:19:00.820905
"KP52","Cottonwood Arpt, AZ, US",2025-10-12 14:55:00,"2025-10-12 14:55:00","VFR",18,16,100,3,NA,NA,1011.9,"METAR KP52 121455Z AUTO 10003KT 10SM FEW060 BKN100 18/16 A2988 RMK AO2",2025-10-12 15:19:00.827383,2025-10-12 11:19:00.82743
"KPHT","Paris/Henry Cnty, TN, US",2025-10-12 14:55:00,"2025-10-12 09:55:00","VFR",20,12,130,5,NA,9,1015,"METAR KPHT 121455Z AUTO 13005KT 9SM CLR 20/12 A2997 RMK A01",2025-10-12 15:19:00.83392,2025-10-12 11:19:00.833965
"KOLM","Olympia Rgnl, WA, US",2025-10-12 14:54:00,"2025-10-12 07:54:00","VFR",10.6,6.1,190,9,NA,NA,1012.3,"METAR KOLM 121454Z 19009KT 10SM FEW035 BKN070 OVC090 11/06 A2989 RMK AO2 SLP122 T01060061 56005",2025-10-12 15:19:00.8406,2025-10-12 11:19:00.840646
"KORH","Worcester Muni, MA, US",2025-10-12 14:54:00,"2025-10-12 10:54:00","MVFR",11.1,8.3,50,10,20,NA,1023.8,"METAR KORH 121454Z 05010G20KT 10SM BKN014 OVC021 11/08 A3023 RMK AO2 SLP239 T01110083 51003 $",2025-10-12 15:19:00.847186,2025-10-12 11:19:00.847234
"KPIA","Peoria Intl, IL, US",2025-10-12 14:54:00,"2025-10-12 09:54:00","VFR",16.1,8.3,140,6,NA,NA,1016,"METAR KPIA 121454Z 14006KT 10SM CLR 16/08 A3000 RMK AO2 SLP157 T01610083 58002 $",2025-10-12 15:19:00.853677,2025-10-12 11:19:00.853742
"KOLS","Nogales Intl, AZ, US",2025-10-12 14:54:00,"2025-10-12 07:54:00","VFR",18.9,17.2,180,6,NA,NA,1013,"METAR KOLS 121454Z AUTO 18006KT 10SM BKN065 19/17 A2991 RMK AO2 SLP071 T01890172 51003",2025-10-12 15:19:00.860223,2025-10-12 11:19:00.86027
"KPHL","Philadelphia Intl, PA, US",2025-10-12 14:54:00,"2025-10-12 10:54:00","VFR",17.8,10.6,40,23,32,NA,1016,"METAR KPHL 121454Z 04023G32KT 10SM SCT037 SCT046 BKN150 OVC260 18/11 A3000 RMK AO2 PK WND 04032/1454 SLP157 T01780106 50000 $",2025-10-12 15:19:00.866754,2025-10-12 11:19:00.866801
"KOMK","Omak Arpt, WA, US",2025-10-12 14:53:00,"2025-10-12 07:53:00","VFR",7.8,5.6,360,10,NA,NA,1008.9,"METAR KOMK 121453Z AUTO 36010KT 10SM OVC090 08/06 A2979 RMK AO2 SLP092 T00780056 53001",2025-10-12 15:19:00.873276,2025-10-12 11:19:00.873322
"KPBI","Palm Beach Intl, FL, US",2025-10-12 14:53:00,"2025-10-12 10:53:00","VFR",26.7,21.1,10,6,NA,NA,1008.9,"METAR KPBI 121453Z 01006KT 10SM FEW025 SCT065 27/21 A2979 RMK AO2 SLP086 T02670211 51009 $",2025-10-12 15:19:00.879813,2025-10-12 11:19:00.879858
"KPDX","Portland Intl, OR, US",2025-10-12 14:53:00,"2025-10-12 07:53:00","VFR",10.6,8.9,200,7,NA,7,1014.6,"METAR KPDX 121453Z 20007KT 7SM -RA FEW045 OVC055 11/09 A2996 RMK AO2 RAB1359 SLP145 P0002 60002 T01060089 58007 $",2025-10-12 15:19:00.88626,2025-10-12 11:19:00.886304
"KOVS","Boscobel Arpt, WI, US",2025-10-12 14:53:00,"2025-10-12 14:53:00","VFR",14.4,8.9,120,4,NA,NA,1015,"METAR KOVS 121453Z AUTO 12004KT 10SM CLR 14/09 A2997 RMK AO2 SLP152 T01440089 58010",2025-10-12 15:19:00.892726,2025-10-12 11:19:00.892771
"KPAE","Everett/Paine Fld, WA, US",2025-10-12 14:53:00,"2025-10-12 07:53:00","VFR",9.4,6.7,210,9,NA,NA,1010.9,"METAR KPAE 121453Z COR 21009KT 10SM FEW028 SCT075 OVC090 09/07 A2985 RMK AO2 SLP108 T00940067 55001",2025-10-12 15:19:00.899267,2025-10-12 11:19:00.899312
"KPIL","Port Isabel/Cameron Cnty, TX, US",2025-10-12 14:53:00,"2025-10-12 14:53:00","VFR",27.8,18.3,0,0,NA,NA,1011.9,"METAR KPIL 121453Z AUTO 00000KT 10SM CLR 28/18 A2988 RMK AO2 SLP116 T02780183 53010 $",2025-10-12 15:19:00.905757,2025-10-12 11:19:00.905803
"KPMP","Pompano Beach Arpt, FL, US",2025-10-12 14:53:00,"2025-10-12 10:53:00","VFR",27.2,22.2,NA,4,NA,NA,1008.9,"METAR KPMP 121453Z VRB04KT 10SM FEW060 27/22 A2979 RMK AO2 SLP088 T02720222 51009",2025-10-12 15:19:00.91241,2025-10-12 11:19:00.912457
"KPAH","Paducah/Barkley Rgnl, KY, US",2025-10-12 14:53:00,"2025-10-12 09:53:00","VFR",19.4,12.8,140,4,NA,NA,1015.3,"METAR KPAH 121453Z 14004KT 10SM CLR 19/13 A2998 RMK AO2 SLP148 T01940128 51008 $",2025-10-12 15:19:00.919044,2025-10-12 11:19:00.91909
"KPDK","Atlanta/Dekalb-Peachtree Arpt, GA, US",2025-10-12 14:53:00,"2025-10-12 10:53:00","VFR",22.2,9.4,310,10,NA,NA,1012.3,"METAR KPDK 121453Z 31010KT 10SM CLR 22/09 A2989 RMK AO2 SLP113 T02220094 51004",2025-10-12 15:19:00.938742,2025-10-12 11:19:00.938791
"KPGD","Punta Gorda Arpt, FL, US",2025-10-12 14:53:00,"2025-10-12 10:53:00","VFR",23.3,17.8,30,6,NA,NA,1010.2,"METAR KPGD 121453Z 03006KT 10SM CLR 23/18 A2983 RMK AO2 SLP101 T02330178 50009",2025-10-12 15:19:00.945528,2025-10-12 11:19:00.945572
"KPHD","New Philadelphia/Clever Fld, OH, US",2025-10-12 14:53:00,"2025-10-12 10:53:00","VFR",15.6,11.1,90,6,NA,NA,1017.4,"METAR KPHD 121453Z AUTO 09006KT 10SM CLR 16/11 A3004 RMK AO2 SLP174 T01560111 50003",2025-10-12 15:19:00.952056,2025-10-12 11:19:00.952102
"KPIE","St Petersburg-Clearwater Intl, FL, US",2025-10-12 14:53:00,"2025-10-12 10:53:00","VFR",23.3,17.2,10,4,NA,NA,1010.6,"METAR KPIE 121453Z 01004KT 10SM CLR 23/17 A2984 RMK AO2 SLP103 T02330172 51010",2025-10-12 15:19:00.958567,2025-10-12 11:19:00.958612
"KPKB","Parkersburg/Mid Ohio Valley Rgnl, WV, US",2025-10-12 14:53:00,"2025-10-12 10:53:00","VFR",17.2,11.1,40,5,NA,NA,1015.7,"METAR KPKB 121453Z 04005KT 10SM CLR 17/11 A2999 RMK AO2 SLP155 T01720111 50002",2025-10-12 15:19:00.965174,2025-10-12 11:19:00.965223
"KORL","Orlando/Executive, FL, US",2025-10-12 14:53:00,"2025-10-12 10:53:00","VFR",22.2,16.1,10,4,NA,NA,1009.9,"METAR KORL 121453Z 01004KT 10SM CLR 22/16 A2982 RMK AO2 SLP101 T02220161 51009",2025-10-12 15:19:00.971835,2025-10-12 11:19:00.971881
"KONT","Ontario Intl, CA, US",2025-10-12 14:53:00,"2025-10-12 07:53:00","VFR",15,10.6,0,0,NA,NA,1008.5,"METAR KONT 121453Z 00000KT 10SM CLR 15/11 A2978 RMK AO2 SLP075 T01500106 51002 $",2025-10-12 15:19:00.978564,2025-10-12 11:19:00.978611
"KPMD","Palmdale Rgnl, CA, US",2025-10-12 14:53:00,"2025-10-12 07:53:00","VFR",10,0.6,170,3,NA,NA,1012.6,"METAR KPMD 121453Z AUTO 17003KT 10SM CLR 10/01 A2990 RMK AO2 SLP116 T01000006 51006",2025-10-12 15:19:00.985294,2025-10-12 11:19:00.985342
"KPIR","Pierre Muni, SD, US",2025-10-12 14:53:00,"2025-10-12 09:53:00","VFR",18.3,13.9,280,17,28,NA,997,"METAR KPIR 121453Z AUTO 28017G28KT 10SM CLR 18/14 A2944 RMK AO2 PK WND 28028/1453 SLP962 T01830139 53022",2025-10-12 15:19:00.992592,2025-10-12 11:19:00.99266
"KPBF","Pine Bluff/Grider Fld, AR, US",2025-10-12 14:53:00,"2025-10-12 09:53:00","VFR",22.2,15,0,0,NA,NA,1014.3,"METAR KPBF 121453Z AUTO 00000KT 10SM CLR 22/15 A2995 RMK AO2 SLP140 T02220150 53007 $",2025-10-12 15:19:00.999733,2025-10-12 11:19:00.999779
"KOWD","Norwood Mem, MA, US",2025-10-12 14:53:00,"2025-10-12 10:53:00","MVFR",13.3,10.6,60,9,19,9,1023.5,"METAR KOWD 121453Z 06009G19KT 9SM OVC020 13/11 A3022 RMK AO2 PK WND 06026/1402 SLP234 T01330106 51003",2025-10-12 15:19:01.006425,2025-10-12 11:19:01.006471
"KPDT","Pendleton/E Oregon Rgnl, OR, US",2025-10-12 14:53:00,"2025-10-12 07:53:00","VFR",10,1.1,230,16,NA,NA,1012.6,"METAR KPDT 121453Z 23016KT 10SM OVC075 10/01 A2990 RMK AO2 SLP119 T01000011 53004",2025-10-12 15:19:01.013111,2025-10-12 11:19:01.013192
"KONO","Ontario Muni, OR, US",2025-10-12 14:53:00,"2025-10-12 08:53:00","VFR",6.7,3.3,0,0,NA,NA,1014.3,"METAR KONO 121453Z AUTO 00000KT 10SM BKN055 07/03 A2995 RMK AO2 SLP146 T00670033 53009",2025-10-12 15:19:01.019852,2025-10-12 11:19:01.019901
"KPEO","Penn Yan Arpt, NY, US",2025-10-12 14:53:00,"2025-10-12 14:53:00","VFR",16.1,11.1,80,5,NA,NA,1021.8,"METAR KPEO 121453Z AUTO 08005KT 10SM FEW016 16/11 A3017 RMK AO2 SLP216 T01610111 51005",2025-10-12 15:19:01.026402,2025-10-12 11:19:01.026446
"KPGA","Page Muni, AZ, US",2025-10-12 14:53:00,"2025-10-12 07:53:00","VFR",13.9,10,130,4,NA,NA,1014.6,"METAR KPGA 121453Z AUTO 13004KT 10SM CLR 14/10 A2996 RMK AO2 SLP097 T01390100 53018",2025-10-12 15:19:01.032942,2025-10-12 11:19:01.032988
"KOSU","Columbus/Ohio State Univ Arpt, OH, US",2025-10-12 14:53:00,"2025-10-12 10:53:00","VFR",15.6,9.4,30,7,NA,NA,1017.4,"METAR KOSU 121453Z 03007KT 10SM CLR 16/09 A3004 RMK AO2 SLP171 T01560094 51007",2025-10-12 15:19:01.039577,2025-10-12 11:19:01.039635
"KOTM","Ottumwa Rgnl, IA, US",2025-10-12 14:53:00,"2025-10-12 09:53:00","VFR",14.4,10.6,150,9,NA,NA,1012.3,"METAR KOTM 121453Z AUTO 15009KT 10SM CLR 14/11 A2989 RMK AO2 SLP121 T01440106 58006",2025-10-12 15:19:01.046265,2025-10-12 11:19:01.046314
"KOVE","Oroville Muni, CA, US",2025-10-12 14:53:00,"2025-10-12 07:53:00","VFR",8.9,5,310,9,NA,NA,1013.6,"METAR KOVE 121453Z AUTO 31009KT 10SM CLR 09/05 A2993 RMK AO2 SLP137 T00890050 58009 $",2025-10-12 15:19:01.053012,2025-10-12 11:19:01.053062
"KPBG","Plattsburgh Intl, NY, US",2025-10-12 14:53:00,"2025-10-12 10:53:00","VFR",13.9,7.8,20,5,NA,NA,1025.8,"METAR KPBG 121453Z AUTO 02005KT 10SM CLR 14/08 A3029 RMK AO2 SLP259 T01390078 51003",2025-10-12 15:19:01.071867,2025-10-12 11:19:01.071946
"KPIH","Pocatello Rgnl, ID, US",2025-10-12 14:53:00,"2025-10-12 08:53:00","VFR",5,-0.6,230,14,NA,NA,1015,"METAR KPIH 121453Z 23014KT 10SM BKN046 BKN060 05/M01 A2997 RMK AO2 SLP147 T00501006 51018",2025-10-12 15:19:01.079141,2025-10-12 11:19:01.079211
"KOMA","Omaha/Eppley Fld, NE, US",2025-10-12 14:52:00,"2025-10-12 09:52:00","VFR",18.9,13.9,160,19,28,NA,1004.5,"METAR KOMA 121452Z 16019G28KT 10SM BKN100 BKN140 19/14 A2966 RMK AO2 PK WND 16028/1451 SLP040 T01890139 58015 $",2025-10-12 15:19:01.086012,2025-10-12 11:19:01.086057
"KORE","Orange Muni, MA, US",2025-10-12 14:52:00,"2025-10-12 14:52:00","MVFR",12.8,7.8,50,7,18,NA,1024.5,"METAR KORE 121452Z AUTO 05007G18KT 10SM BKN022 OVC030 13/08 A3025 RMK AO2 SLP246 T01280078 51005 $",2025-10-12 15:19:01.092595,2025-10-12 11:19:01.092639
"KORD","Chicago/O'Hare Intl, IL, US",2025-10-12 14:51:00,"2025-10-12 09:51:00","VFR",15,8.9,130,8,NA,NA,1017.4,"METAR KORD 121451Z 13008KT 10SM FEW030 FEW250 15/09 A3004 RMK AO2 SLP172 T01500089 50001 $",2025-10-12 15:19:01.09904,2025-10-12 11:19:01.099084
"KPIT","Pittsburgh Intl, PA, US",2025-10-12 14:51:00,"2025-10-12 10:51:00","VFR",15.6,12.2,80,8,15,NA,1017.4,"METAR KPIT 121451Z 08008G15KT 10SM SCT022 BKN050 OVC080 16/12 A3004 RMK AO2 DZE29 SLP179 SCT V BKN P0000 60000 T01560122 50004",2025-10-12 15:19:01.105528,2025-10-12 11:19:01.105575
"KORF","Norfolk Intl, VA, US",2025-10-12 14:51:00,"2025-10-12 10:51:00","MVFR",21.1,18.9,60,22,36,NA,1006.5,"METAR KORF 121451Z 06022G36KT 10SM -RA SCT016 OVC028 21/19 A2972 RMK AO2 PK WND 06041/1431 SLP065 P0000 60003 T02110189 58005",2025-10-12 15:19:01.112218,2025-10-12 11:19:01.112265
"KOXR","Oxnard Arpt, CA, US",2025-10-12 14:51:00,"2025-10-12 07:51:00","VFR",16.1,3.3,0,0,NA,NA,1008.2,"METAR KOXR 121451Z 00000KT 10SM CLR 16/03 A2977 RMK AO2 SLP079 T01610033 51002",2025-10-12 15:19:01.118753,2025-10-12 11:19:01.118799
"KOMN","Ormond Beach Muni, FL, US",2025-10-12 14:50:00,"2025-10-12 14:50:00","VFR",22,19,330,6,NA,NA,1009.2,"METAR KOMN 121450Z 33006KT 10SM FEW020 22/19 A2980",2025-10-12 15:19:01.125267,2025-10-12 11:19:01.125313
"KOLY","Olney/Noble Arpt, IL, US",2025-10-12 14:50:00,"2025-10-12 14:50:00","VFR",18.1,12.5,110,4,NA,NA,1016.3,"METAR KOLY 121450Z AUTO 11004KT 10SM CLR 18/13 A3001 RMK AO2 T01810125",2025-10-12 15:19:01.131755,2025-10-12 11:19:01.131801
"KOQU","N Kingston/Quonset Arpt, RI, US",2025-10-12 14:50:00,"2025-10-12 10:50:00","MVFR",14,10,50,24,29,8,1020.7,"METAR KOQU 121450Z AUTO 05024G29KT 8SM OVC018 14/10 A3014 RMK AO2",2025-10-12 15:19:01.138303,2025-10-12 11:19:01.138348
"KOLV","Olive Branch Arpt, MS, US",2025-10-12 14:50:00,"2025-10-12 09:50:00","VFR",21,12,0,0,NA,NA,1014.3,"METAR KOLV 121450Z 00000KT 10SM CLR 21/12 A2995",2025-10-12 15:19:01.144871,2025-10-12 11:19:01.144917
"KPCW","Port Clinton/Erie-Ottawa Arpt, OH, US",2025-10-12 14:50:00,"2025-10-12 14:50:00","VFR",17,12,130,6,NA,NA,1017.7,"METAR KPCW 121450Z AUTO 13006KT 10SM CLR 17/12 A3005 RMK AO2",2025-10-12 15:19:01.1515,2025-10-12 11:19:01.151546
"KOWI","Ottawa Muni, KS, US",2025-10-12 14:50:00,"2025-10-12 14:50:00","VFR",21,18,180,12,18,NA,1008.9,"METAR KOWI 121450Z AUTO 18012G18KT 10SM CLR 21/18 A2979 RMK AO2",2025-10-12 15:19:01.158124,2025-10-12 11:19:01.15819
"KPAO","Palo Alto Arpt, CA, US",2025-10-12 14:47:00,"2025-10-12 07:47:00","VFR",11,9,0,0,NA,NA,1014.6,"METAR KPAO 121447Z 00000KT 10SM SKC 11/09 A2996",2025-10-12 15:19:01.164668,2025-10-12 11:19:01.164713
"KOUN","Norman/Univ Oklahoma Arpt, OK, US",2025-10-12 14:45:00,"2025-10-12 09:45:00","VFR",23,13,150,11,NA,NA,1010.2,"METAR KOUN 121445Z 15011KT 10SM CLR 23/13 A2983",2025-10-12 15:19:01.171184,2025-10-12 11:19:01.171231
"KRID","Richmond Muni, IN, US",2025-10-12 15:15:00,"2025-10-12 15:15:00","VFR",16,10,60,5,NA,NA,1017,"METAR KRID 121515Z AUTO 06005KT 10SM CLR 16/10 A3003 RMK AO2",2025-10-12 15:19:03.383831,2025-10-12 11:19:03.383875
"KPYX","Perryton/Ochiltree Cnty, TX, US",2025-10-12 15:15:00,"2025-10-12 15:15:00",NA,24.5,13.1,220,18,23,NA,1006.9,"METAR KPYX 121515Z AUTO 22018G23KT 10SM 25/13 A2973 RMK AO2 T02450131",2025-10-12 15:19:03.390461,2025-10-12 11:19:03.390505
"KRMY","Marshall/Brooks Fld, MI, US",2025-10-12 15:15:00,"2025-10-12 15:15:00","LIFR",9.6,9.5,0,0,NA,2.5,1019.4,"METAR KRMY 121515Z AUTO 00000KT 2 1/2SM BR OVC002 10/10 A3010 RMK AO2 T00960095",2025-10-12 15:19:03.396863,2025-10-12 11:19:03.396917
"KRLD","Richland Arpt, WA, US",2025-10-12 15:15:00,"2025-10-12 15:15:00","VFR",11.3,3.4,200,7,NA,NA,1011.3,"METAR KRLD 121515Z AUTO 20007KT 10SM SCT080 BKN110 11/03 A2986 RMK AO2 T01130034",2025-10-12 15:19:03.403528,2025-10-12 11:19:03.403583
"KRBW","Walterboro/Lowcountry Rgnl, SC, US",2025-10-12 15:15:00,"2025-10-12 11:15:00","IFR",16,16,310,7,NA,7,1007.9,"METAR KRBW 121515Z AUTO 31007KT 7SM -RA OVC007 16/16 A2976 RMK AO2",2025-10-12 15:19:03.41005,2025-10-12 11:19:03.410095
"KRBO","Robstown/Nueces Cnty, TX, US",2025-10-12 15:15:00,"2025-10-12 15:15:00",NA,27.6,19.1,140,4,NA,NA,1012.3,"METAR KRBO 121515Z AUTO 14004KT 10SM 28/19 A2989 RMK AO2 T02760191",2025-10-12 15:19:03.416518,2025-10-12 11:19:03.416563
"KRAS","Port Aransas/Mustang Beach Arpt, TX, US",2025-10-12 15:15:00,"2025-10-12 15:15:00","VFR",27.9,18.5,120,6,NA,NA,1012.6,"METAR KRAS 121515Z AUTO 12006KT 10SM CLR 28/19 A2990 RMK AO2 T02790185",2025-10-12 15:19:03.422999,2025-10-12 11:19:03.423045
"KPTT","Pratt Rgnl, KS, US",2025-10-12 15:15:00,"2025-10-12 10:15:00","VFR",22.7,10.8,190,16,NA,NA,1005.8,"METAR KPTT 121515Z AUTO 19016KT 10SM CLR 23/11 A2970 RMK AO2 T02270108",2025-10-12 15:19:03.429488,2025-10-12 11:19:03.429534
"KPRG","Paris/Edgar Cnty, IL, US",2025-10-12 15:15:00,"2025-10-12 15:15:00","VFR",17.4,8.2,140,5,NA,NA,1016.7,"METAR KPRG 121515Z AUTO 14005KT 10SM CLR 17/08 A3002 RMK AO2 T01740082",2025-10-12 15:19:03.435961,2025-10-12 11:19:03.436005
"KRPD","Rice Lake Rgnl, WI, US",2025-10-12 15:15:00,"2025-10-12 10:15:00","VFR",12.9,8.4,150,13,20,NA,1012.6,"METAR KRPD 121515Z AUTO 15013G20KT 10SM SCT030 13/08 A2990 RMK AO2 T01290084",2025-10-12 15:19:03.442497,2025-10-12 11:19:03.442544
"KRNV","Cleveland Muni, MS, US",2025-10-12 15:15:00,"2025-10-12 15:15:00","VFR",24.6,13.1,150,4,NA,8,1014,"METAR KRNV 121515Z AUTO 15004KT 8SM CLR 25/13 A2994 RMK AO2 T02460131 $",2025-10-12 15:19:03.448916,2025-10-12 11:19:03.44896
"KPWC","Pine River Rgnl, MN, US",2025-10-12 15:15:00,"2025-10-12 15:15:00","MVFR",13,11,150,12,NA,NA,1006.2,"METAR KPWC 121515Z AUTO 15012KT 10SM -RA SCT019 BKN024 OVC110 13/11 A2971 RMK AO2",2025-10-12 15:19:03.45556,2025-10-12 11:19:03.455606
"KRMN","Stafford Rgnl, VA, US",2025-10-12 15:15:00,"2025-10-12 15:15:00","MVFR",17.4,13.5,30,8,NA,NA,1014,"METAR KRMN 121515Z AUTO 03008KT 10SM OVC017 17/14 A2994 RMK AO2 T01740135",2025-10-12 15:19:03.462017,2025-10-12 11:19:03.462061
"KRCX","Ladysmith/Rusk Cnty, WI, US",2025-10-12 15:15:00,"2025-10-12 15:15:00","VFR",12,8.7,150,11,20,NA,1014.3,"METAR KRCX 121515Z AUTO 15011G20KT 10SM SCT016 12/09 A2995 RMK AO2 T01200087",2025-10-12 15:19:03.468538,2025-10-12 11:19:03.468585
"KPZQ","Rogers City/Presque Isle Arpt, MI, US",2025-10-12 15:15:00,"2025-10-12 15:15:00","MVFR",15,11,140,9,NA,NA,1020.4,"METAR KPZQ 121515Z AUTO 14009KT 10SM BKN018 15/11 A3013 RMK AO2",2025-10-12 15:19:03.47507,2025-10-12 11:19:03.475118
"KPOV","Ravenna/Portage Cnty, OH, US",2025-10-12 15:15:00,"2025-10-12 15:15:00","VFR",15.9,11.6,90,7,NA,NA,1018.4,"METAR KPOV 121515Z AUTO 09007KT 10SM CLR 16/12 A3007 RMK AO2 T01590116 PWINO",2025-10-12 15:19:03.481736,2025-10-12 11:19:03.481782
"KRNP","Owosso Community Arpt, MI, US",2025-10-12 15:15:00,"2025-10-12 15:15:00","VFR",13.2,13.1,100,4,NA,7,1019.7,"METAR KRNP 121515Z AUTO 10004KT 7SM CLR 13/13 A3011 RMK AO2 T01320131",2025-10-12 15:19:03.500526,2025-10-12 11:19:03.500573
"KRGK","Red Wing Rgnl, WI, US",2025-10-12 15:15:00,"2025-10-12 15:15:00","VFR",14,8,150,12,18,NA,1010.9,"METAR KRGK 121515Z AUTO 15012G18KT 10SM CLR 14/08 A2985 RMK AO2",2025-10-12 15:19:03.507475,2025-10-12 11:19:03.50752
"KRAW","Warsaw Muni, MO, US",2025-10-12 15:15:00,"2025-10-12 15:15:00","VFR",19.4,14.2,170,7,NA,NA,1012.6,"METAR KRAW 121515Z AUTO 17007KT 10SM CLR 19/14 A2990 RMK AO2 T01940142",2025-10-12 15:19:03.514005,2025-10-12 11:19:03.51405
"KPTD","Potsdam Muni, NY, US",2025-10-12 15:15:00,"2025-10-12 15:15:00","VFR",15,7,40,5,NA,NA,1024.5,"METAR KPTD 121515Z AUTO 04005KT 10SM CLR 15/07 A3025 RMK AO2 PNO",2025-10-12 15:19:03.520457,2025-10-12 11:19:03.520502
"KROS","Rush City Rgnl, MN, US",2025-10-12 15:15:00,"2025-10-12 15:15:00","VFR",13.8,9.5,140,15,22,NA,1008.5,"METAR KROS 121515Z AUTO 14015G22KT 10SM CLR 14/10 A2978 RMK AO2 T01380095",2025-10-12 15:19:03.526934,2025-10-12 11:19:03.526979
"KRCM","Warrensburg Arpt, MO, US",2025-10-12 15:15:00,"2025-10-12 15:15:00","VFR",20,14,160,10,NA,NA,1011.6,"METAR KRCM 121515Z AUTO 16010KT 10SM CLR 20/14 A2987 RMK AO2",2025-10-12 15:19:03.533465,2025-10-12 11:19:03.533511
"KPTB","Petersburg/Dinwiddie Cnty, VA, US",2025-10-12 15:15:00,"2025-10-12 11:15:00","IFR",18.1,17.1,30,15,21,2.5,1009.9,"METAR KPTB 121515Z AUTO 03015G21KT 2 1/2SM -RA OVC007 18/17 A2982 RMK AO2 VIS 1 1/2V4 P0001 T01810171",2025-10-12 15:19:03.54,2025-10-12 11:19:03.540056
"KPSK","Dublin/New River Valley Arpt, VA, US",2025-10-12 15:15:00,"2025-10-12 11:15:00","MVFR",15.7,11.1,40,6,NA,NA,1014,"METAR KPSK 121515Z AUTO 04006KT 10SM OVC020 16/11 A2994 RMK AO2 T01570111",2025-10-12 15:19:03.546526,2025-10-12 11:19:03.546571
"KPOB","Pope AAF, NC, US",2025-10-12 15:13:00,"2025-10-12 11:13:00","IFR",20,19,360,13,23,NA,1004.5,"SPECI KPOB 121513Z AUTO 36013G23KT 10SM -DZ BKN008 OVC012 20/19 A2966 RMK AO2 DZE1459RAB1459E08DZB08 CIG 008V010 SLP045 $",2025-10-12 15:19:03.553056,2025-10-12 11:19:03.553101
"KRCZ","Rockingham/Richmond Cnty, NC, US",2025-10-12 15:10:00,"2025-10-12 15:10:00","MVFR",18.5,16.8,340,12,16,NA,1006.2,"METAR KRCZ 121510Z AUTO 34012G16KT 10SM SCT010 OVC014 19/17 A2971 RMK AO2 T01850168",2025-10-12 15:19:03.559596,2025-10-12 11:19:03.559643
"KRHP","Andrews/W Carolina Rgnl, NC, US",2025-10-12 15:08:00,"2025-10-12 15:08:00","VFR",17.1,9.3,0,0,NA,NA,1013.6,"METAR KRHP 121508Z AUTO 00000KT 10SM CLR 17/09 A2993 RMK AO2 T01710093",2025-10-12 15:19:03.566129,2025-10-12 11:19:03.566193
"KROX","Roseau/Billberg Fld, MN, US",2025-10-12 15:08:00,"2025-10-12 10:08:00","VFR",14,12,160,17,26,9,997.7,"METAR KROX 121508Z 16017G26KT 9SM SCT023 SCT028 OVC041 14/12 A2946 RMK AO2",2025-10-12 15:19:03.572549,2025-10-12 11:19:03.572593
"KPNM","Princeton Arpt, MN, US",2025-10-12 15:07:00,"2025-10-12 15:07:00","VFR",14,9,150,15,20,NA,1007.9,"METAR KPNM 121507Z 15015G20KT 10SM CLR 14/09 A2976 RMK AO2",2025-10-12 15:19:03.579023,2025-10-12 11:19:03.579068
"KRDU","Raleigh-Durham Intl, NC, US",2025-10-12 15:00:00,"2025-10-12 11:00:00","IFR",18.3,17.8,20,12,20,3,1007.2,"SPECI KRDU 121500Z 02012G20KT 3SM -RA BR BKN007 OVC014 18/18 A2974 RMK AO2 P0000 T01830178",2025-10-12 15:19:03.585462,2025-10-12 11:19:03.585506
"KPRN","Greenville/Crenshaw Mem, AL, US",2025-10-12 15:00:00,"2025-10-12 15:00:00","VFR",21.7,11.1,280,5,NA,NA,1012.6,"METAR KPRN 121500Z AUTO 28005KT 10SM CLR 22/11 A2990 RMK AO2 SLP073 T02170111 53011",2025-10-12 15:19:03.592046,2025-10-12 11:19:03.592091
"KROG","Rogers Muni/Carter Fld, AR, US",2025-10-12 14:58:00,"2025-10-12 09:58:00","VFR",21.7,16.1,150,7,NA,NA,1013.6,"METAR KROG 121458Z 15007KT 10SM CLR 22/16 A2993 RMK AO2 SLP125 T02170161 53009",2025-10-12 15:19:03.598584,2025-10-12 11:19:03.59863
"KPWG","Mc Gregor Exec, TX, US",2025-10-12 14:56:00,"2025-10-12 14:56:00","VFR",25.6,16.1,200,8,NA,NA,1013,"METAR KPWG 121456Z AUTO 20008KT 10SM CLR 26/16 A2991 RMK AO2 SLP120 T02560161 51008",2025-10-12 15:19:03.605077,2025-10-12 11:19:03.605123
"KPQI","Presque Isle Intl, ME, US",2025-10-12 14:56:00,"2025-10-12 10:56:00","VFR",12.2,3.3,110,6,NA,NA,1032.3,"METAR KPQI 121456Z AUTO 11006KT 10SM CLR 12/03 A3048 RMK AO2 SLP350 T01220033 50000",2025-10-12 15:19:03.611657,2025-10-12 11:19:03.611701
"KPRX","Paris/Cox Fld, TX, US",2025-10-12 14:56:00,"2025-10-12 09:56:00","VFR",23.9,16.7,160,6,NA,NA,1013,"METAR KPRX 121456Z AUTO 16006KT 10SM CLR 24/17 A2991 RMK AO2 SLP123 T02390167 51009",2025-10-12 15:19:03.618267,2025-10-12 11:19:03.618316
"KPTV","Porterville Muni, CA, US",2025-10-12 14:56:00,"2025-10-12 07:56:00","VFR",10,5.6,130,5,NA,NA,1014.3,"METAR KPTV 121456Z AUTO 13005KT 10SM CLR 10/06 A2995 RMK AO2 SLP143 T01000056 53007 $",2025-10-12 15:19:03.637727,2025-10-12 11:19:03.637774
"KPWT","Bremerton Arpt, WA, US",2025-10-12 14:56:00,"2025-10-12 07:56:00","VFR",8.9,7.2,180,7,NA,NA,1010.6,"METAR KPWT 121456Z AUTO 18007KT 10SM SCT100 09/07 A2984 RMK AO2 RAB21E46 SLP111 P0000 6//// T00890072 56001",2025-10-12 15:19:03.644502,2025-10-12 11:19:03.644547
"KRKD","Rockland/Knox Cnty, ME, US",2025-10-12 14:56:00,"2025-10-12 10:56:00","VFR",13.3,10,70,14,NA,NA,1028.2,"METAR KRKD 121456Z AUTO 07014KT 10SM CLR 13/10 A3036 RMK AO2 SLP280 T01330100 51008 $",2025-10-12 15:19:03.650966,2025-10-12 11:19:03.651023
"KPVC","Provincetown Muni, MA, US",2025-10-12 14:56:00,"2025-10-12 10:56:00","MVFR",15,13.9,60,14,20,NA,1022.8,"METAR KPVC 121456Z AUTO 06014G20KT 10SM OVC014 15/14 A3020 RMK AO2 SLP224 6//// T01500139 58004 PNO $",2025-10-12 15:19:03.657418,2025-10-12 11:19:03.657463
"KPTN","Patterson/Williams Mem, LA, US",2025-10-12 14:56:00,"2025-10-12 09:56:00","VFR",23.9,17.2,80,5,NA,NA,1014,"METAR KPTN 121456Z AUTO 08005KT 10SM CLR 24/17 A2994 RMK AO2 SLP138 T02390172 51012 $",2025-10-12 15:19:03.663908,2025-10-12 11:19:03.663952
"KPVG","Portsmouth/Hampton Roads Exec, VA, US",2025-10-12 14:56:00,"2025-10-12 14:56:00","MVFR",20.6,18.3,50,17,28,NA,1007.2,"METAR KPVG 121456Z AUTO 05017G28KT 10SM OVC015 21/18 A2974 RMK AO2 PK WND 04028/1452 SLP073 P0001 60008 T02060183 51001 $",2025-10-12 15:19:03.670511,2025-10-12 11:19:03.670557
"KPVU","Provo Muni, UT, US",2025-10-12 14:56:00,"2025-10-12 08:56:00","VFR",7.8,4.4,150,5,NA,NA,1017.4,"METAR KPVU 121456Z 15005KT 10SM CLR 08/04 A3004 RMK AO2 SLP166 T00780044 53008",2025-10-12 15:19:03.677074,2025-10-12 11:19:03.677119
"KRDM","Redmond Muni, OR, US",2025-10-12 14:56:00,"2025-10-12 07:56:00","VFR",4.4,0.6,120,6,NA,NA,1014.3,"METAR KRDM 121456Z AUTO 12006KT 10SM CLR 04/01 A2995 RMK AO2 SLP145 T00440006 58001",2025-10-12 15:19:03.683579,2025-10-12 11:19:03.683624
"KPVF","Placerville Arpt, CA, US",2025-10-12 14:55:00,"2025-10-12 07:55:00","VFR",10,-7,0,0,NA,NA,1013.6,"METAR KPVF 121455Z AUTO 00000KT 10SM CLR 10/M07 A2993 RMK AO1",2025-10-12 15:19:03.690046,2025-10-12 11:19:03.690091
"KPSN","Palestine Muni, TX, US",2025-10-12 14:55:00,"2025-10-12 09:55:00","VFR",23,16,NA,5,NA,NA,1013.3,"METAR KPSN 121455Z AUTO VRB05KT 10SM CLR 23/16 A2992 RMK AO2",2025-10-12 15:19:03.696588,2025-10-12 11:19:03.696635
"KPVB","Platteville Muni, WI, US",2025-10-12 14:55:00,"2025-10-12 14:55:00","VFR",12.9,10.4,120,10,NA,NA,1015.7,"METAR KPVB 121455Z AUTO 12010KT 10SM SCT039 13/10 A2999 RMK AO1 T01290104",2025-10-12 15:19:03.703036,2025-10-12 11:19:03.703082
"KPPA","Pampa/Lefors Fld, TX, US",2025-10-12 14:55:00,"2025-10-12 09:55:00","VFR",23.1,11.7,200,13,NA,NA,1009.2,"METAR KPPA 121455Z AUTO 20013KT 10SM CLR 23/12 A2980 RMK AO2 T02310117",2025-10-12 15:19:03.709481,2025-10-12 11:19:03.709527
"KRNH","New Richmond Muni, WI, US",2025-10-12 14:55:00,"2025-10-12 14:55:00","VFR",14.6,9.5,140,10,21,NA,1010.6,"METAR KRNH 121455Z AUTO 14010G21KT 10SM CLR 15/10 A2984 RMK AO2 T01460095",2025-10-12 15:19:03.715923,2025-10-12 11:19:03.71597
"KPNT","Pontiac Muni, IL, US",2025-10-12 14:55:00,"2025-10-12 14:55:00","VFR",14,9,120,9,NA,NA,1017,"METAR KPNT 121455Z AUTO 12009KT 10SM CLR 14/09 A3003 RMK AO2 T01400090",2025-10-12 15:19:03.722492,2025-10-12 11:19:03.722538
"KPOY","Powell Muni, WY, US",2025-10-12 14:55:00,"2025-10-12 08:55:00","VFR",4,0,230,6,NA,NA,1006.9,"METAR KPOY 121455Z AUTO 23006KT 10SM CLR 04/00 A2973 RMK AO2",2025-10-12 15:19:03.729016,2025-10-12 11:19:03.72906
"KRND","Randolph AFB, TX, US",2025-10-12 14:55:00,"2025-10-12 09:55:00","VFR",24.9,15.8,190,8,NA,NA,1013,"METAR KRND 121455Z AUTO 19008KT 10SM CLR 25/16 A2991 RMK AO2 SLP121 T02490158 53007 $",2025-10-12 15:19:03.735477,2025-10-12 11:19:03.735522
"KPVJ","Pauls Valley Muni, OK, US",2025-10-12 14:55:00,"2025-10-12 14:55:00","VFR",24.4,13.4,0,0,NA,NA,1011.9,"METAR KPVJ 121455Z AUTO 00000KT 10SM CLR 24/13 A2988 RMK AO2 T02440134",2025-10-12 15:19:03.742097,2025-10-12 11:19:03.742143
"KPXE","Perry/Houston Cnty, GA, US",2025-10-12 14:55:00,"2025-10-12 14:55:00","VFR",20,13,360,6,NA,NA,1012.3,"METAR KPXE 121455Z AUTO 36006KT 10SM CLR 20/13 A2989 RMK AO2",2025-10-12 15:19:03.748659,2025-10-12 11:19:03.748706
"KPSM","Portsmouth Intl, NH, US",2025-10-12 14:55:00,"2025-10-12 10:55:00","MVFR",12.7,9.5,30,12,18,NA,1025.5,"METAR KPSM 121455Z 03012G18KT 10SM BKN011 OVC035 13/10 A3028 RMK AO2A SLP257 T01270095 51006",2025-10-12 15:19:03.755251,2025-10-12 11:19:03.755296
"KRNO","Reno/Tahoe Intl, NV, US",2025-10-12 14:55:00,"2025-10-12 07:55:00","VFR",2.2,-1.7,0,0,NA,NA,1017.4,"METAR KRNO 121455Z 00000KT 10SM CLR 02/M02 A3004 RMK AO2 SLP165 T00221017 58002",2025-10-12 15:19:03.774376,2025-10-12 11:19:03.774424
"KPPO","La Porte Muni, IN, US",2025-10-12 14:55:00,"2025-10-12 09:55:00","VFR",14,14,100,6,NA,NA,1018.4,"METAR KPPO 121455Z AUTO 10006KT 10SM CLR 14/14 A3007 RMK AO2",2025-10-12 15:19:03.780901,2025-10-12 11:19:03.780955
"KRDR","Grand Forks AFB, ND, US",2025-10-12 14:55:00,"2025-10-12 09:55:00","MVFR",16.2,14,200,17,27,NA,994.3,"METAR KRDR 121455Z AUTO 20017G27KT 10SM OVC011 16/14 A2936 RMK AO2 PK WND 18028/19 SLP947 T01620140 58013 $",2025-10-12 15:19:03.787377,2025-10-12 11:19:03.787422
"KPWD","Plentywood/Sher-Wood Arpt, MT, US",2025-10-12 14:55:00,"2025-10-12 08:55:00","MVFR",7,6,290,17,NA,3,995.3,"METAR KPWD 121455Z AUTO 29017KT 3SM -RA FEW029 SCT034 OVC042 07/06 A2939 RMK AO2 P0002",2025-10-12 15:19:03.793812,2025-10-12 11:19:03.793855
"KPVW","Plainview/Hale Cnty, TX, US",2025-10-12 14:55:00,"2025-10-12 09:55:00","VFR",21.1,9.9,220,11,15,NA,1010.9,"METAR KPVW 121455Z AUTO 22011G15KT 10SM BKN100 21/10 A2985 RMK AO2 T02110099",2025-10-12 15:19:03.800317,2025-10-12 11:19:03.800362
"KPNA","Pinedale/Wentz Fld, WY, US",2025-10-12 14:55:00,"2025-10-12 08:55:00","VFR",0,-3,120,4,NA,NA,1015.3,"METAR KPNA 121455Z AUTO 12004KT 10SM BKN039 BKN050 BKN065 00/M03 A2998 RMK AO2",2025-10-12 15:19:03.806902,2025-10-12 11:19:03.806947
"KRNC","McMinnville/Warren Cnty, TN, US",2025-10-12 14:55:00,"2025-10-12 09:55:00","VFR",17,12,60,4,NA,NA,1014.3,"METAR KRNC 121455Z AUTO 06004KT 10SM CLR 17/12 A2995 RMK A01",2025-10-12 15:19:03.813426,2025-10-12 11:19:03.813476
"KRCA","Ellsworth AFB, SD, US",2025-10-12 14:55:00,"2025-10-12 08:55:00","VFR",11.2,4.2,340,20,28,NA,1001.8,"METAR KRCA 121455Z AUTO 34020G28KT 10SM OVC150 11/04 A2958 RMK AO2 PK WND 32039/05 SLP009 T01120042 52045 $",2025-10-12 15:19:03.819839,2025-10-12 11:19:03.819883
"KRFI","Henderson/Rusk Cnty, TX, US",2025-10-12 14:55:00,"2025-10-12 14:55:00","VFR",26.1,17.1,230,4,NA,NA,1013.6,"METAR KRFI 121455Z AUTO 23004KT 10SM CLR 26/17 A2993 RMK AO2 T02610171",2025-10-12 15:19:03.826338,2025-10-12 11:19:03.826384
"KPUJ","Dallas/Paulding Cnty, GA, US",2025-10-12 14:55:00,"2025-10-12 14:55:00","VFR",18,10,310,9,NA,NA,1012.6,"METAR KPUJ 121455Z AUTO 31009KT 10SM CLR 18/10 A2990 RMK AO2",2025-10-12 15:19:03.832817,2025-10-12 11:19:03.832862
"KPRO","Perry Muni, IA, US",2025-10-12 14:55:00,"2025-10-12 09:55:00","VFR",16,13.8,140,14,17,9,1007.9,"METAR KPRO 121455Z AUTO 14014G17KT 9SM BKN150 16/14 A2976 RMK AO2 T01600138",2025-10-12 15:19:03.839231,2025-10-12 11:19:03.839276
"KPPQ","Pittsfield/Penstone Muni, IL, US",2025-10-12 14:55:00,"2025-10-12 14:55:00","VFR",17.5,11.6,120,5,NA,NA,1015,"METAR KPPQ 121455Z AUTO 12005KT 10SM CLR 18/12 A2997 RMK AO2 T01750116",2025-10-12 15:19:03.845805,2025-10-12 11:19:03.84585
"KPMV","Plattsmouth Muni, NE, US",2025-10-12 14:55:00,"2025-10-12 14:55:00","VFR",18,13.6,150,16,23,NA,1005.5,"METAR KPMV 121455Z AUTO 15016G23KT 10SM OVC100 18/14 A2969 RMK AO2 T01800136",2025-10-12 15:19:03.852301,2025-10-12 11:19:03.852347
"KPRS","Presidio/Lely Intl, TX, US",2025-10-12 14:55:00,"2025-10-12 14:55:00","VFR",25.5,11.3,0,0,NA,NA,1013.6,"METAR KPRS 121455Z AUTO 00000KT 10SM BKN120 26/11 A2993 RMK AO2 T02550113",2025-10-12 15:19:03.858773,2025-10-12 11:19:03.858818
"KPSO","Pagosa Springs/Stevens Fld, CO, US",2025-10-12 14:55:00,"2025-10-12 08:55:00","MVFR",8,8,NA,2,NA,3,1018.4,"METAR KPSO 121455Z AUTO VRB02KT 3SM -RA BR SCT016 BKN027 OVC043 08/08 A3007 RMK AO2 P0001",2025-10-12 15:19:03.865323,2025-10-12 11:19:03.865368
"KPTS","Pittsburg/Atkinson Muni, KS, US",2025-10-12 14:55:00,"2025-10-12 14:55:00","VFR",22,17,190,10,14,NA,1011.3,"METAR KPTS 121455Z AUTO 19010G14KT 10SM CLR 22/17 A2986 RMK AO2",2025-10-12 15:19:03.871855,2025-10-12 11:19:03.871901
"KRCR","Rochester/Fulton Cnty, IN, US",2025-10-12 14:55:00,"2025-10-12 10:55:00",NA,15,NA,100,4,NA,NA,1018,"METAR KRCR 121455Z AUTO 10004KT 10SM 15/ A3006 RMK AO2",2025-10-12 15:19:03.878461,2025-10-12 11:19:03.878508
"KRKR","Poteau/Kerr Arpt, OK, US",2025-10-12 14:55:00,"2025-10-12 14:55:00","VFR",25,16,180,5,NA,NA,1012.6,"METAR KRKR 121455Z AUTO 18005KT 10SM CLR 25/16 A2990 RMK AO2",2025-10-12 15:19:03.885018,2025-10-12 11:19:03.885065
"KPOE","Fort Polk AAF, LA, US",2025-10-12 14:55:00,"2025-10-12 09:55:00","VFR",25.3,12.2,0,0,NA,NA,1013.3,"METAR KPOE 121455Z AUTO 00000KT 10SM CLR 25/12 A2992 RMK AO2 SLP132 T02530122 52009",2025-10-12 15:19:03.903849,2025-10-12 11:19:03.903897
"KRIV","Riverside/March ARB, CA, US",2025-10-12 14:55:00,"2025-10-12 07:55:00","VFR",13.2,9.1,0,0,NA,NA,1008.2,"METAR KRIV 121455Z AUTO 00000KT 10SM CLR 13/09 A2977 RMK AO2 SLP074 T01320091 52003",2025-10-12 15:19:03.910703,2025-10-12 11:19:03.910749
"KRFD","Rockford Intl, IL, US",2025-10-12 14:54:00,"2025-10-12 09:54:00","VFR",13.9,9.4,130,8,NA,NA,1017.4,"METAR KRFD 121454Z 13008KT 10SM BKN250 14/09 A3004 RMK AO2 SLP174 T01390094 56005 $",2025-10-12 15:19:03.917242,2025-10-12 11:19:03.917287
"KPSF","Pittsfield Muni, MA, US",2025-10-12 14:54:00,"2025-10-12 10:54:00","MVFR",11.7,6.7,60,9,16,NA,1023.1,"METAR KPSF 121454Z AUTO 06009G16KT 10SM BKN023 OVC034 12/07 A3021 RMK AO2 SLP218 T01170067 51004 $",2025-10-12 15:19:03.923697,2025-10-12 11:19:03.923742
"KRKS","Rock Springs/SW Wyoming Rgnl, WY, US",2025-10-12 14:54:00,"2025-10-12 08:54:00","VFR",1.7,-2.2,250,21,NA,NA,1016.3,"METAR KRKS 121454Z AUTO 25021KT 10SM CLR 02/M02 A3001 RMK AO2 PK WND 26027/1441 SLP128 T00171022 51023",2025-10-12 15:19:03.930221,2025-10-12 11:19:03.930267
"KROA","Roanoke Rgnl, VA, US",2025-10-12 14:54:00,"2025-10-12 10:54:00","VFR",16.7,12.8,20,11,NA,NA,1014,"METAR KROA 121454Z 02011KT 10SM SCT017 OVC035 17/13 A2994 RMK AO2 SLP133 T01670128 51007 $",2025-10-12 15:19:03.936739,2025-10-12 11:19:03.936789
"KRDG","Reading/Spaatz Fld, PA, US",2025-10-12 14:54:00,"2025-10-12 10:54:00","VFR",15,11.1,30,9,17,NA,1017.7,"METAR KRDG 121454Z 03009G17KT 10SM OVC070 15/11 A3005 RMK AO2 SLP179 60000 T01500111 $",2025-10-12 15:19:03.94341,2025-10-12 11:19:03.943457
"KROC","Rochester Intl Arpt, NY, US",2025-10-12 14:54:00,"2025-10-12 10:54:00","VFR",16.7,12.2,110,6,NA,NA,1021.4,"METAR KROC 121454Z 11006KT 10SM FEW015 FEW075 17/12 A3016 RMK AO2 SLP218 T01670122 50002 $",2025-10-12 15:19:03.949853,2025-10-12 11:19:03.949898
"KPNE","Philadelphia/NE Arpt, PA, US",2025-10-12 14:54:00,"2025-10-12 10:54:00","VFR",16.1,10,50,17,25,NA,1017,"METAR KPNE 121454Z 05017G25KT 10SM OVC036 16/10 A3003 RMK AO2 PK WND 03026/1406 SLP169 T01610100 50002",2025-10-12 15:19:03.956383,2025-10-12 11:19:03.956429
"KRIC","Richmond Intl, VA, US",2025-10-12 14:54:00,"2025-10-12 10:54:00","MVFR",17.8,16.7,30,18,26,3,1010.2,"METAR KRIC 121454Z 03018G26KT 3SM -RA BR SCT008 OVC012 18/17 A2983 RMK AO2 PK WND 02028/1428 SLP106 P0002 60009 T01780167 52005",2025-10-12 15:19:03.962794,2025-10-12 11:19:03.962839
"KRBL","Red Bluff Muni, CA, US",2025-10-12 14:54:00,"2025-10-12 07:54:00","VFR",8.9,5.6,360,6,NA,NA,1015.3,"METAR KRBL 121454Z AUTO 36006KT 10SM CLR 09/06 A2998 RMK AO2 SLP150 T00890056 58006",2025-10-12 15:19:03.969313,2025-10-12 11:19:03.969359
"KPTW","Pottstown/Heritage Fld, PA, US",2025-10-12 14:54:00,"2025-10-12 10:54:00","VFR",15.6,9.4,30,10,18,NA,1017.7,"METAR KPTW 121454Z AUTO 03010G18KT 10SM OVC120 16/09 A3005 RMK AO2 SLP173 T01560094 51001",2025-10-12 15:19:03.975809,2025-10-12 11:19:03.975855
"KPUC","Price/Buck Fld, UT, US",2025-10-12 14:53:00,"2025-10-12 08:53:00","VFR",6.7,-2.2,60,6,NA,NA,1016.7,"METAR KPUC 121453Z AUTO 06006KT 10SM CLR 07/M02 A3002 RMK AO2 SLP146 T00671022 53014",2025-10-12 15:19:03.982367,2025-10-12 11:19:03.982412
"KPWA","Oklahoma City/Wiley Post Arpt, OK, US",2025-10-12 14:53:00,"2025-10-12 09:53:00","VFR",22.2,12.8,170,12,NA,NA,1009.9,"METAR KPWA 121453Z 17012KT 10SM CLR 22/13 A2982 RMK AO2 SLP083 T02220128 51005",2025-10-12 15:19:03.988826,2025-10-12 11:19:03.988871
"KRBD","Dallas/Executive Arpt, TX, US",2025-10-12 14:53:00,"2025-10-12 09:53:00","VFR",26.1,13.9,200,10,NA,NA,1011.9,"METAR KRBD 121453Z 20010KT 10SM CLR 26/14 A2988 RMK AO2 SLP109 T02610139 51007",2025-10-12 15:19:03.995322,2025-10-12 11:19:03.995369
"KRIW","Riverton Rgnl, WY, US",2025-10-12 14:53:00,"2025-10-12 08:53:00","VFR",6.7,-7.2,240,12,NA,NA,1009.2,"METAR KRIW 121453Z AUTO 24012KT 10SM CLR 07/M07 A2980 RMK AO2 SLP056 T00671072 53013",2025-10-12 15:19:04.001775,2025-10-12 11:19:04.00182
"KPOU","Poughkeepsie/Hudson Valley Rgnl, NY, US",2025-10-12 14:53:00,"2025-10-12 10:53:00","MVFR",15.6,8.3,40,12,20,NA,1020.7,"METAR KPOU 121453Z 04012G20KT 10SM BKN030 16/08 A3014 RMK AO2 SLP205 T01560083 58001",2025-10-12 15:19:04.008296,2025-10-12 11:19:04.008344
"KPSC","Pasco/Tri Cities Arpt, WA, US",2025-10-12 14:53:00,"2025-10-12 07:53:00","VFR",11.1,2.8,230,10,NA,NA,1011.3,"METAR KPSC 121453Z 23010KT 10SM -RA OVC080 11/03 A2986 RMK AO2 SLP111 P0000 60000 T01110028 53005 $",2025-10-12 15:19:04.014851,2025-10-12 11:19:04.014897
"KPNC","Ponca City Rgnl, OK, US",2025-10-12 14:53:00,"2025-10-12 09:53:00","VFR",24.4,12.8,190,10,20,NA,1008.5,"METAR KPNC 121453Z AUTO 19010G20KT 10SM CLR 24/13 A2978 RMK AO2 SLP074 T02440128 53002",2025-10-12 15:19:04.021497,2025-10-12 11:19:04.021544
"KPNS","Pensacola Intl, FL, US",2025-10-12 14:53:00,"2025-10-12 09:53:00","VFR",22.2,13.9,0,0,NA,NA,1012.6,"METAR KPNS 121453Z 00000KT 10SM CLR 22/14 A2990 RMK AO2 SLP126 T02220139 51010 $",2025-10-12 15:19:04.040655,2025-10-12 11:19:04.040703
"KPQL","Pascagoula/Lott Intl, MS, US",2025-10-12 14:53:00,"2025-10-12 09:53:00","VFR",22.2,13.9,0,0,NA,NA,1013,"METAR KPQL 121453Z AUTO 00000KT 10SM CLR 22/14 A2991 RMK AO2 SLP130 T02220139 51008 $",2025-10-12 15:19:04.047316,2025-10-12 11:19:04.047361
"KRDD","Redding Muni, CA, US",2025-10-12 14:53:00,"2025-10-12 07:53:00","VFR",10.6,6.1,340,5,NA,NA,1014.6,"METAR KRDD 121453Z 34005KT 10SM CLR 11/06 A2996 RMK AO2 SLP143 T01060061 58009",2025-10-12 15:19:04.053815,2025-10-12 11:19:04.05386
"KRHI","Rhinelander/Oneida Cnty, WI, US",2025-10-12 14:53:00,"2025-10-12 09:53:00","VFR",11.7,7.2,160,8,17,NA,1016,"METAR KRHI 121453Z AUTO 16008G17KT 10SM FEW019 12/07 A3000 RMK AO2 SLP165 T01170072 58008",2025-10-12 15:19:04.060305,2025-10-12 11:19:04.06035
"KPRC","Prescott/Love Fld, AZ, US",2025-10-12 14:53:00,"2025-10-12 07:53:00","VFR",15,13.3,0,0,NA,7,1014,"METAR KPRC 121453Z 00000KT 7SM FEW010 FEW070 15/13 A2994 RMK AO2 SLP077 T01500133 53002",2025-10-12 15:19:04.066716,2025-10-12 11:19:04.06676
"KRME","Rome/Griffiss Intl, NY, US",2025-10-12 14:53:00,"2025-10-12 10:53:00","VFR",16.7,8.3,130,6,NA,NA,1023.1,"METAR KRME 121453Z 13006KT 10SM CLR 17/08 A3021 RMK AO2 SLP229 T01670083 50001 $",2025-10-12 15:19:04.073362,2025-10-12 11:19:04.073419
"KRAC","Racine/Batten Intl, WI, US",2025-10-12 14:53:00,"2025-10-12 09:53:00","MVFR",15.6,10,150,10,NA,NA,1018.4,"METAR KRAC 121453Z AUTO 15010KT 10SM OVC027 16/10 A3007 RMK AO2 SLP182 T01560100 50004",2025-10-12 15:19:04.079975,2025-10-12 11:19:04.080021
"KRKP","Rockport/Aransas Cnty, TX, US",2025-10-12 14:53:00,"2025-10-12 09:53:00","VFR",27.8,18.9,120,6,NA,9,1011.9,"METAR KRKP 121453Z AUTO 12006KT 9SM CLR 28/19 A2988 RMK AO2 SLP121 T02780189 53010",2025-10-12 15:19:04.086678,2025-10-12 11:19:04.086723
"KPUB","Pueblo Mem Arpt, CO, US",2025-10-12 14:53:00,"2025-10-12 08:53:00","VFR",20,6.1,0,0,NA,NA,1007.2,"METAR KPUB 121453Z 00000KT 10SM CLR 20/06 A2974 RMK AO2 SLP014 T02000061 53015 $",2025-10-12 15:19:04.093342,2025-10-12 11:19:04.093388
"KRNT","Renton Muni, WA, US",2025-10-12 14:53:00,"2025-10-12 07:53:00","VFR",11.1,7.2,160,10,NA,9,1011.3,"METAR KRNT 121453Z 16010KT 9SM BKN055 OVC070 11/07 A2986 RMK AO2 SLP116 T01110072 55002 $",2025-10-12 15:19:04.099756,2025-10-12 11:19:04.099799
"KPOF","Poplar Bluff Muni, MO, US",2025-10-12 14:53:00,"2025-10-12 09:53:00","VFR",18.9,12.8,NA,3,NA,NA,1015,"METAR KPOF 121453Z AUTO VRB03KT 10SM CLR 19/13 A2997 RMK AO2 SLP146 T01890128 50004",2025-10-12 15:19:04.106299,2025-10-12 11:19:04.106346
"KPSP","Palm Springs Intl, CA, US",2025-10-12 14:53:00,"2025-10-12 07:53:00","VFR",22.8,2.8,270,5,NA,NA,1007.5,"METAR KPSP 121453Z 27005KT 10SM CLR 23/03 A2975 RMK AO2 SLP071 T02280028 53016",2025-10-12 15:19:04.112826,2025-10-12 11:19:04.112871
"KPSX","Palacios Muni, TX, US",2025-10-12 14:53:00,"2025-10-12 09:53:00","VFR",27.2,18.9,120,7,NA,NA,1012.3,"METAR KPSX 121453Z AUTO 12007KT 10SM CLR 27/19 A2989 RMK AO2 SLP123 T02720189 53009 $",2025-10-12 15:19:04.119386,2025-10-12 11:19:04.119431
"KRMG","Rome/Russell Arpt, GA, US",2025-10-12 14:53:00,"2025-10-12 10:53:00","VFR",21.1,11.7,340,6,NA,NA,1013,"METAR KRMG 121453Z AUTO 34006KT 10SM CLR 21/12 A2991 RMK AO2 SLP120 T02110117 50001",2025-10-12 15:19:04.125871,2025-10-12 11:19:04.125916
"KPUW","Pullman/Moscow Rgnl, WA, US",2025-10-12 14:53:00,"2025-10-12 07:53:00","VFR",6.1,2.8,230,14,23,NA,1010.6,"METAR KPUW 121453Z AUTO 23014G23KT 10SM BKN038 OVC048 06/03 A2984 RMK AO2 RAB21E33 SLP112 P0000 60000 T00610028 53006",2025-10-12 15:19:04.132352,2025-10-12 11:19:04.132397
"KRNM","Ramona Arpt, CA, US",2025-10-12 14:53:00,"2025-10-12 14:53:00","VFR",8.3,7.8,0,0,NA,NA,1008.5,"METAR KRNM 121453Z 00000KT 10SM FEW001 08/08 A2978 RMK AO2 SLP080 T00830078 51006",2025-10-12 15:19:04.138842,2025-10-12 11:19:04.138889
"KRIL","Rifle/Garfield Cnty, CO, US",2025-10-12 14:53:00,"2025-10-12 08:53:00","VFR",5.6,3.9,0,0,NA,NA,1017.4,"METAR KRIL 121453Z AUTO 00000KT 10SM BKN075 OVC090 06/04 A3004 RMK AO2 SLP146 60002 T00560039 53016 $",2025-10-12 15:19:04.145418,2025-10-12 11:19:04.145463
"KPRB","Paso Robles Muni, CA, US",2025-10-12 14:53:00,"2025-10-12 07:53:00","VFR",5.6,3.9,50,4,NA,NA,1014.6,"METAR KPRB 121453Z AUTO 05004KT 10SM CLR 06/04 A2996 RMK AO2 SLP145 T00560039 51003 $",2025-10-12 15:19:04.152003,2025-10-12 11:19:04.152049
"KPTK","Pontiac/Oakland Intl, MI, US",2025-10-12 14:53:00,"2025-10-12 10:53:00","VFR",17.4,11.2,70,5,NA,NA,1019.4,"METAR KPTK 121453Z 07005KT 10SM FEW024 FEW250 17/11 A3010 RMK SLPNO T01740112",2025-10-12 15:19:04.170359,2025-10-12 11:19:04.170431
"KRAL","Riverside Muni, CA, US",2025-10-12 14:53:00,"2025-10-12 07:53:00","VFR",13.3,10.6,0,0,NA,NA,1008.5,"METAR KRAL 121453Z 00000KT 10SM CLR 13/11 A2978 RMK AO2 SLP074 T01330106 51004 $",2025-10-12 15:19:04.177755,2025-10-12 11:19:04.177801
"KPYM","Plymouth Muni, MA, US",2025-10-12 14:52:00,"2025-10-12 10:52:00","MVFR",13.9,11.1,40,11,21,NA,1022.1,"METAR KPYM 121452Z AUTO 04011G21KT 10SM OVC014 14/11 A3018 RMK AO2 SLP222 T01390111 58001",2025-10-12 15:19:04.184256,2025-10-12 11:19:04.184301
"KPWK","Chicago Exec, IL, US",2025-10-12 14:52:00,"2025-10-12 09:52:00","VFR",15.6,9.4,160,9,NA,NA,1018,"METAR KPWK 121452Z 16009KT 10SM CLR 16/09 A3006 RMK AO2 SLP178 T01560094 50001 $",2025-10-12 15:19:04.190745,2025-10-12 11:19:04.190791
"KREO","Rome/State Arpt, OR, US",2025-10-12 14:52:00,"2025-10-12 08:52:00",NA,5.6,-1.1,170,7,NA,NA,1014.6,"METAR KREO 121452Z AUTO 17007KT 06/M01 A2996 RMK AO1 SLP147 T00561011 51002",2025-10-12 15:19:04.19723,2025-10-12 11:19:04.197275
"KPPF","Parsons/Tri City Arpt, KS, US",2025-10-12 14:52:00,"2025-10-12 09:52:00","VFR",22.2,16.1,180,13,22,NA,1010.6,"METAR KPPF 121452Z AUTO 18013G22KT 10SM CLR 22/16 A2984 RMK AO2 SLP097 T02220161 51003 PWINO",2025-10-12 15:19:04.203697,2025-10-12 11:19:04.203742
"KRAP","Rapid City Rgnl, SD, US",2025-10-12 14:52:00,"2025-10-12 08:52:00","VFR",12.2,3.9,330,24,37,NA,1002.1,"METAR KRAP 121452Z 33024G37KT 10SM SCT065 12/04 A2959 RMK AO2 PK WND 33044/1409 SLP009 T01220039 51045",2025-10-12 15:19:04.210323,2025-10-12 11:19:04.210369
"KROW","Roswell/Ind Arpt, NM, US",2025-10-12 14:51:00,"2025-10-12 08:51:00","VFR",20,18.3,160,7,NA,NA,1010.9,"METAR KROW 121451Z 16007KT 10SM CLR 20/18 A2985 RMK AO2 RAB12E23 SLP050 P0000 60001 T02000183 53002",2025-10-12 15:19:04.216876,2025-10-12 11:19:04.216922
"KPVD","Providence/Green Mem, RI, US",2025-10-12 14:51:00,"2025-10-12 10:51:00","MVFR",13.9,10,30,15,26,NA,1022.1,"METAR KPVD 121451Z 03015G26KT 10SM OVC019 14/10 A3018 RMK AO2 PK WND 01026/1451 SLP220 T01390100 50001 $",2025-10-12 15:19:04.223396,2025-10-12 11:19:04.223442
"KPWM","Portland Intl, ME, US",2025-10-12 14:51:00,"2025-10-12 10:51:00","VFR",11.7,8.9,40,10,NA,NA,1027.2,"METAR KPWM 121451Z 04010KT 10SM SCT014 BKN150 OVC250 12/09 A3033 RMK AO2 SLP271 T01170089 50005 $",2025-10-12 15:19:04.229873,2025-10-12 11:19:04.229918
"KPVE","Lexington/Beech River Rgnl, TN, US",2025-10-12 14:50:00,"2025-10-12 14:50:00",NA,19,14,0,0,NA,NA,1015,"METAR KPVE 121450Z AUTO 00000KT 10SM 19/14 A2997 RMK A01",2025-10-12 15:19:04.236354,2025-10-12 11:19:04.2364
"KRKW","Rockwood Muni, TN, US",2025-10-12 14:50:00,"2025-10-12 09:50:00","VFR",19,11,50,5,NA,NA,1014.6,"METAR KRKW 121450Z AUTO 05005KT 10SM CLR 19/11 A2996 RMK A01",2025-10-12 15:19:04.242908,2025-10-12 11:19:04.242953
"KRHV","San Jose/Reid-Hillview Arpt, CA, US",2025-10-12 14:47:00,"2025-10-12 07:47:00","VFR",11,8,0,0,NA,NA,1015,"METAR KRHV 121447Z 00000KT 10SM SKC 11/08 A2997",2025-10-12 15:19:04.24955,2025-10-12 11:19:04.249597
"KPOC","La Verne/Brackett Fld, CA, US",2025-10-12 14:47:00,"2025-10-12 07:47:00","VFR",13,7,0,0,NA,NA,1008.5,"METAR KPOC 121447Z 00000KT 10SM CLR 13/07 A2978",2025-10-12 15:19:04.256063,2025-10-12 11:19:04.256108
"KSFM","Sanford Rgnl, ME, US",2025-10-12 15:17:00,"2025-10-12 11:17:00","MVFR",12,9,50,12,NA,NA,1026.8,"SPECI KSFM 121517Z AUTO 05012KT 10SM BKN011 OVC037 12/09 A3032 RMK AO2",2025-10-12 15:19:06.305975,2025-10-12 11:19:06.306018
"KSAZ","Staples Muni, MN, US",2025-10-12 15:15:00,"2025-10-12 15:15:00","VFR",14,11,140,11,20,NA,1003.1,"METAR KSAZ 121515Z AUTO 14011G20KT 10SM SCT021 BKN100 14/11 A2962 RMK AO2",2025-10-12 15:19:06.31294,2025-10-12 11:19:06.312986
"KSGS","South St Paul Muni, MN, US",2025-10-12 15:15:00,"2025-10-12 15:15:00","VFR",15,8.8,150,14,20,7,1009.6,"METAR KSGS 121515Z AUTO 15014G20KT 7SM CLR 15/09 A2981 RMK AO2 T01500088",2025-10-12 15:19:06.319597,2025-10-12 11:19:06.319639
"KSHD","Staunton/Shenandoah Valley Rgnl, VA, US",2025-10-12 15:15:00,"2025-10-12 11:15:00","MVFR",15,14.5,10,8,NA,7,1015.3,"METAR KSHD 121515Z AUTO 01008KT 7SM SCT010 OVC015 15/15 A2998 RMK AO2 T01500145",2025-10-12 15:19:06.325924,2025-10-12 11:19:06.325967
"KSJX","Beaver Island Arpt, MI, US",2025-10-12 15:15:00,"2025-10-12 15:15:00","MVFR",14,11,150,9,NA,NA,1020.1,"METAR KSJX 121515Z AUTO 15009KT 10SM SCT013 OVC019 14/11 A3012 RMK AO2",2025-10-12 15:19:06.33237,2025-10-12 11:19:06.332414
"KSEF","Sebring Rgnl, FL, US",2025-10-12 15:15:00,"2025-10-12 11:15:00","VFR",23,18.3,360,5,NA,NA,1010.2,"METAR KSEF 121515Z AUTO 36005KT 10SM CLR 23/18 A2983 RMK AO2 T02300183",2025-10-12 15:19:06.338942,2025-10-12 11:19:06.338988
"KRUG","Rugby Muni, ND, US",2025-10-12 15:15:00,"2025-10-12 15:15:00","LIFR",14,14,140,9,NA,2,990.9,"METAR KRUG 121515Z AUTO 14009KT 2SM BR OVC004 14/14 A2926 RMK AO2",2025-10-12 15:19:06.345514,2025-10-12 11:19:06.345557
"KRVL","Reedsville/Mifflin Cnty, PA, US",2025-10-12 15:15:00,"2025-10-12 11:15:00","VFR",16,12,40,8,NA,NA,1018.7,"METAR KRVL 121515Z AUTO 04008KT 10SM CLR 16/12 A3008 RMK AO2",2025-10-12 15:19:06.352024,2025-10-12 11:19:06.35207
"KS24","Fremont/Sandusky Cnty, OH, US",2025-10-12 15:15:00,"2025-10-12 15:15:00","VFR",17,12,80,7,NA,NA,1017.7,"METAR KS24 121515Z AUTO 08007KT 10SM CLR 17/12 A3005 RMK AO2",2025-10-12 15:19:06.358662,2025-10-12 11:19:06.358709
"KS32","Cooperstown Muni, ND, US",2025-10-12 15:15:00,"2025-10-12 15:15:00",NA,16,16,160,18,23,NA,995,"METAR KS32 121515Z AUTO 16018G23KT 10SM 16/16 A2938 RMK AO2 TSNO",2025-10-12 15:19:06.365325,2025-10-12 11:19:06.365371
"KSAR","Sparta/Hunter Fld, IL, US",2025-10-12 15:15:00,"2025-10-12 10:15:00","VFR",21.5,11.8,130,5,NA,NA,1015.7,"METAR KSAR 121515Z AUTO 13005KT 10SM CLR 22/12 A2999 RMK AO2 T02150118",2025-10-12 15:19:06.372035,2025-10-12 11:19:06.37208
"KRQO","El Reno Rgnl, OK, US",2025-10-12 15:15:00,"2025-10-12 10:15:00","VFR",23,12,190,14,NA,NA,1009.9,"METAR KRQO 121515Z AUTO 19014KT 10SM CLR 23/12 A2982 RMK AO2",2025-10-12 15:19:06.378714,2025-10-12 11:19:06.378761
"KRPJ","Rochelle/Kontz Fld, IL, US",2025-10-12 15:15:00,"2025-10-12 15:15:00","VFR",15.1,7.9,150,7,NA,NA,1017,"METAR KRPJ 121515Z AUTO 15007KT 10SM CLR 15/08 A3003 RMK AO2 T01510079",2025-10-12 15:19:06.385386,2025-10-12 11:19:06.385433
"KSEP","Stephenville/Clark Rgnl, TX, US",2025-10-12 15:15:00,"2025-10-12 10:15:00","VFR",24.8,12.5,190,8,18,NA,1013.3,"METAR KSEP 121515Z AUTO 19008G18KT 10SM CLR 25/13 A2992 RMK AO2 T02480125",2025-10-12 15:19:06.391998,2025-10-12 11:19:06.392044
"KRPH","Graham Muni, TX, US",2025-10-12 15:15:00,"2025-10-12 15:15:00","VFR",26.5,12.8,NA,6,NA,NA,1010.6,"METAR KRPH 121515Z AUTO VRB06KT 10SM CLR 27/13 A2984 RMK AO2 T02650128",2025-10-12 15:19:06.398735,2025-10-12 11:19:06.398781
"KSDC","Williamson-Sodus Arpt, NY, US",2025-10-12 15:15:00,"2025-10-12 15:15:00","VFR",16,12,100,7,NA,NA,1022.1,"METAR KSDC 121515Z AUTO 10007KT 10SM CLR 16/12 A3018 RMK AO2",2025-10-12 15:19:06.405373,2025-10-12 11:19:06.40542
"KSBS","Steamboat Springs/Adams Fld, CO, US",2025-10-12 15:15:00,"2025-10-12 09:15:00","IFR",NA,NA,0,0,NA,1.25,1017.4,"METAR KSBS 121515Z AUTO 00000KT 1 1/4SM SCT001 OVC009 A3004 RMK AO1",2025-10-12 15:19:06.411964,2025-10-12 11:19:06.412009
"KRVJ","Reidsville/Smith Fld, GA, US",2025-10-12 15:15:00,"2025-10-12 15:15:00","VFR",19.4,14.3,350,11,NA,7,1010.6,"METAR KRVJ 121515Z AUTO 35011KT 7SM -RA SCT055 OVC075 19/14 A2984 RMK AO2 T01940143",2025-10-12 15:19:06.418624,2025-10-12 11:19:06.418669
"KSCD","Sylacauga Muni, AL, US",2025-10-12 15:15:00,"2025-10-12 15:15:00",NA,20.2,11.1,0,0,NA,NA,1013.3,"METAR KSCD 121515Z AUTO 00000KT OVC100 20/11 A2992 RMK AO2 T02020111 PWINO",2025-10-12 15:19:06.425295,2025-10-12 11:19:06.425341
"KRQB","Big Rapids/Roben Hood Arpt, MI, US",2025-10-12 15:15:00,"2025-10-12 11:15:00","LIFR",10,10,NA,2,NA,5,1020.1,"METAR KRQB 121515Z AUTO VRB02KT 5SM BR OVC003 10/10 A3012 RMK AO2",2025-10-12 15:19:06.444233,2025-10-12 11:19:06.444282
"KRRL","Merrill Muni, WI, US",2025-10-12 15:15:00,"2025-10-12 10:15:00","MVFR",12.2,8.6,160,10,16,NA,1015.7,"METAR KRRL 121515Z AUTO 16010G16KT 10SM BKN020 12/09 A2999 RMK AO2 T01220086 TSNO",2025-10-12 15:19:06.451369,2025-10-12 11:19:06.451419
"KRSN","Ruston Rgnl, LA, US",2025-10-12 15:15:00,"2025-10-12 10:15:00","VFR",24,15.2,140,3,NA,9,1014,"METAR KRSN 121515Z AUTO 14003KT 9SM CLR 24/15 A2994 RMK AO2 T02400152",2025-10-12 15:19:06.458167,2025-10-12 11:19:06.458216
"KSFQ","Suffolk Muni, VA, US",2025-10-12 15:15:00,"2025-10-12 15:15:00",NA,20.8,18.2,NA,NA,NA,NA,1007.5,"METAR KSFQ 121515Z AUTO OVC017 21/18 A2975 RMK AO2 T02080182 PWINO TSNO",2025-10-12 15:19:06.464626,2025-10-12 11:19:06.46467
"KSBO","Swainsboro/E Georgia Rgnl, GA, US",2025-10-12 15:15:00,"2025-10-12 15:15:00","MVFR",18,12,30,4,NA,NA,1011.3,"METAR KSBO 121515Z AUTO 03004KT 10SM -RA OVC027 18/12 A2986 RMK AO2",2025-10-12 15:19:06.471177,2025-10-12 11:19:06.471227
"KSAA","Saratoga/Shively Fld, WY, US",2025-10-12 15:15:00,"2025-10-12 09:15:00","VFR",2,-1,240,18,25,NA,1016.3,"METAR KSAA 121515Z AUTO 24018G25KT 10SM BKN031 BKN080 02/M01 A3001 RMK AO2",2025-10-12 15:19:06.477763,2025-10-12 11:19:06.477808
"KS25","Watford City Muni, ND, US",2025-10-12 15:15:00,"2025-10-12 15:15:00","VFR",9,8,270,14,23,NA,997.4,"METAR KS25 121515Z AUTO 27014G23KT 10SM FEW024 OVC040 09/08 A2945 RMK AO2",2025-10-12 15:19:06.484332,2025-10-12 11:19:06.48438
"KSIK","Sikeston Arpt, MO, US",2025-10-12 15:15:00,"2025-10-12 10:15:00",NA,22.2,12.6,150,4,NA,NA,1015,"METAR KSIK 121515Z AUTO 15004KT CLR 22/13 A2997 RMK AO2 T02220126 PWINO $",2025-10-12 15:19:06.490769,2025-10-12 11:19:06.490812
"KRRT","Warroad Intl, MN, US",2025-10-12 15:15:00,"2025-10-12 10:15:00","VFR",13,11,160,15,23,NA,998.7,"METAR KRRT 121515Z AUTO 16015G23KT 10SM SCT028 BKN060 OVC080 13/11 A2949 RMK AO2",2025-10-12 15:19:06.497292,2025-10-12 11:19:06.497347
"KSAD","Safford Rgnl, AZ, US",2025-10-12 15:12:00,"2025-10-12 08:12:00","LIFR",19.4,18.9,100,5,NA,3,1010.9,"SPECI KSAD 121512Z AUTO 10005KT 3SM BR BKN001 19/19 A2985 RMK AO2 T01940189 $",2025-10-12 15:19:06.503706,2025-10-12 11:19:06.503749
"KSAW","Marquette/Sawyer Intl, MI, US",2025-10-12 15:08:00,"2025-10-12 11:08:00","MVFR",14,9,190,14,23,NA,1017.4,"SPECI KSAW 121508Z 19014G23KT 10SM BKN021 14/09 A3004",2025-10-12 15:19:06.51024,2025-10-12 11:19:06.510286
"KSDL","Scottsdale Muni, AZ, US",2025-10-12 15:08:00,"2025-10-12 08:08:00","VFR",20,19.4,190,6,NA,NA,1008.2,"SPECI KSDL 121508Z 19006KT 10SM VCTS BKN065 20/19 A2977 RMK AO2 LTG DSNT E-S T02000194",2025-10-12 15:19:06.516723,2025-10-12 11:19:06.516767
"KSBM","Sheboygan Cnty Mem, WI, US",2025-10-12 15:07:00,"2025-10-12 10:07:00","MVFR",15,10,140,11,18,NA,1018,"SPECI KSBM 121507Z AUTO 14011G18KT 10SM BKN028 OVC032 15/10 A3006 RMK AO2 T01500100",2025-10-12 15:19:06.523216,2025-10-12 11:19:06.523264
"KRXE","Rexburg/Madison Cnty, ID, US",2025-10-12 15:07:00,"2025-10-12 09:07:00","MVFR",2.8,0,200,13,23,NA,1014,"SPECI KRXE 121507Z AUTO 20013G23KT 10SM BKN013 03/00 A2994 RMK AO2 T00280000",2025-10-12 15:19:06.529769,2025-10-12 11:19:06.529814
"KRUQ","Salisbury/Rowan Cnty, NC, US",2025-10-12 15:05:00,"2025-10-12 11:05:00","MVFR",18.3,13.8,360,9,16,NA,1009.9,"METAR KRUQ 121505Z AUTO 36009G16KT 10SM OVC020 18/14 A2982 RMK AO2 T01830138",2025-10-12 15:19:06.536286,2025-10-12 11:19:06.536332
"KSIF","Eden/Shiloh Arpt, NC, US",2025-10-12 15:05:00,"2025-10-12 15:05:00","MVFR",17,15,10,9,17,NA,1010.9,"METAR KSIF 121505Z AUTO 01009G17KT 330V040 10SM OVC014 17/15 A2985 RMK AO2 T01700150",2025-10-12 15:19:06.542737,2025-10-12 11:19:06.542782
"KSHV","Shreveport Rgnl, LA, US",2025-10-12 14:56:00,"2025-10-12 09:56:00","VFR",26,16,190,4,NA,NA,1013.6,"METAR KSHV 121456Z 19004KT 10SM BKN060 BKN075 BKN150 26/16 A2993 RMK SLPNO",2025-10-12 15:19:06.549247,2025-10-12 11:19:06.549305
"KSBP","San Luis Obispo/San Luis Cnty, CA, US",2025-10-12 14:56:00,"2025-10-12 07:56:00","VFR",15.6,7.8,320,10,NA,NA,1011.6,"METAR KSBP 121456Z 32010KT 10SM CLR 16/08 A2987 RMK AO2 SLP114 T01560078 51002",2025-10-12 15:19:06.555784,2025-10-12 11:19:06.555838
"KSFO","San Francisco Intl, CA, US",2025-10-12 14:56:00,"2025-10-12 07:56:00","VFR",13.3,9.4,300,4,NA,NA,1014.6,"METAR KSFO 121456Z 30004KT 10SM FEW200 13/09 A2996 RMK AO2 SLP144 T01330094 51002 $",2025-10-12 15:19:06.562481,2025-10-12 11:19:06.56253
"KSFZ","Pawtucket/N Central State Arpt, RI, US",2025-10-12 14:56:00,"2025-10-12 10:56:00","MVFR",13.3,10.6,50,9,16,9,1022.8,"METAR KSFZ 121456Z AUTO 05009G16KT 9SM OVC020 13/11 A3020 RMK AO2 SLP227 T01330106 51003 $",2025-10-12 15:19:06.581415,2025-10-12 11:19:06.58146
"KSGJ","St Augustine Arpt, FL, US",2025-10-12 14:56:00,"2025-10-12 10:56:00","VFR",NA,NA,330,8,NA,NA,1009.6,"METAR KSGJ 121456Z 33008KT 10SM CLR A2981 RMK AO2 SLPNO 51003 $",2025-10-12 15:19:06.58848,2025-10-12 11:19:06.58853
"KSDY","Sidney/Richland Muni, MT, US",2025-10-12 14:56:00,"2025-10-12 08:56:00","VFR",8.3,6.1,300,20,31,NA,997,"METAR KSDY 121456Z AUTO 30020G31KT 10SM -RA OVC060 08/06 A2944 RMK AO2 PK WND 29033/1400 RAB07 SLP974 P0000 60000 T00830061 53027",2025-10-12 15:19:06.59546,2025-10-12 11:19:06.595505
"KSGH","Springfield Muni, OH, US",2025-10-12 14:56:00,"2025-10-12 10:56:00","VFR",16.1,11.1,90,7,NA,NA,1017,"METAR KSGH 121456Z AUTO 09007KT 10SM CLR 16/11 A3003 RMK AO2 SLP170 T01610111 50004",2025-10-12 15:19:06.602005,2025-10-12 11:19:06.602051
"KRUT","Rutland/S Vermont Rgnl, VT, US",2025-10-12 14:56:00,"2025-10-12 10:56:00","VFR",15,5,140,12,18,NA,1024.8,"METAR KRUT 121456Z AUTO 14012G18KT 10SM CLR 15/05 A3026 RMK AO2 SLP244 T01500050 58001 $",2025-10-12 15:19:06.608482,2025-10-12 11:19:06.608528
"KSGT","Stuttgart Muni, AR, US",2025-10-12 14:56:00,"2025-10-12 09:56:00","VFR",21.7,15.6,120,4,NA,NA,1014.6,"METAR KSGT 121456Z AUTO 12004KT 10SM CLR 22/16 A2996 RMK AO2 SLP143 T02170156 50004",2025-10-12 15:19:06.615042,2025-10-12 11:19:06.615087
"KSDF","Louisville Intl, KY, US",2025-10-12 14:56:00,"2025-10-12 10:56:00","VFR",16.1,10.6,0,0,NA,NA,1016,"METAR KSDF 121456Z 00000KT 10SM CLR 16/11 A3000 RMK AO2 SLP158 T01610106 51005",2025-10-12 15:19:06.621578,2025-10-12 11:19:06.621625
"KRYY","Marietta/Cobb Cnty, GA, US",2025-10-12 14:56:00,"2025-10-12 14:56:00","VFR",17.8,10.6,NA,4,NA,NA,1013,"METAR KRYY 121456Z VRB04KT 10SM CLR 18/11 A2991 RMK AO2 SLP863 T01780106 50003 $",2025-10-12 15:19:06.62822,2025-10-12 11:19:06.628268
"KSGU","Saint George Muni, UT, US",2025-10-12 14:56:00,"2025-10-12 08:56:00","VFR",15.6,7.2,0,0,NA,NA,1013,"METAR KSGU 121456Z AUTO 00000KT 10SM CLR 16/07 A2991 RMK AO2 SLP106 T01560072 53013",2025-10-12 15:19:06.63477,2025-10-12 11:19:06.634816
"KSKA","Spokane/Fairchild AFB, WA, US",2025-10-12 14:55:00,"2025-10-12 07:55:00","MVFR",5.1,3.9,190,6,NA,4,1008.2,"METAR KSKA 121455Z 19006KT 4SM -RA FEW005 OVC028 05/04 A2977 RMK AO2A CIG 004 RWY05 SLP087 P0014 60015 T00510039 53004 $",2025-10-12 15:19:06.64125,2025-10-12 11:19:06.641294
"KRZN","Siren/Burnett Cnty, WI, US",2025-10-12 14:55:00,"2025-10-12 14:55:00","VFR",13.6,8.3,130,9,17,NA,1010.2,"METAR KRZN 121455Z AUTO 13009G17KT 120V180 10SM SCT026 14/08 A2983 RMK AO2 T01360083",2025-10-12 15:19:06.647695,2025-10-12 11:19:06.647753
"KSEZ","Sedona Arpt, AZ, US",2025-10-12 14:55:00,"2025-10-12 07:55:00","VFR",17,13,NA,4,NA,NA,1013.6,"METAR KSEZ 121455Z AUTO VRB04KT 10SM BKN100 17/13 A2993 RMK AO2",2025-10-12 15:19:06.654269,2025-10-12 11:19:06.654315
"KRZL","Rensselaer/Jasper Cnty, IN, US",2025-10-12 14:55:00,"2025-10-12 09:55:00","VFR",13,9,110,6,NA,NA,1018.4,"METAR KRZL 121455Z AUTO 11006KT 10SM CLR 13/09 A3007 RMK AO2",2025-10-12 15:19:06.660781,2025-10-12 11:19:06.660827
"KRSV","Robinson Muni, IL, US",2025-10-12 14:55:00,"2025-10-12 14:55:00","VFR",15,11,120,3,NA,NA,1016.3,"METAR KRSV 121455Z AUTO 12003KT 10SM CLR 15/11 A3001 RMK AO2",2025-10-12 15:19:06.667254,2025-10-12 11:19:06.6673
"KSEQ","Seguin/Randolph AUX, TX, US",2025-10-12 14:55:00,"2025-10-12 14:55:00","VFR",24.9,17.1,0,0,NA,NA,1011.6,"METAR KSEQ 121455Z AUTO 00000KT 10SM CLR 25/17 A2987 RMK AO2 SLP111 T02490171 52009 $",2025-10-12 15:19:06.673788,2025-10-12 11:19:06.673834
"KRYM","Camp Ripley/Miller AAF, MN, US",2025-10-12 14:55:00,"2025-10-12 14:55:00","VFR",14.6,10.6,150,17,24,NA,1004.1,"METAR KRYM 121455Z AUTO 15017G24KT 10SM -RA FEW065 OVC110 15/11 A2965 RMK AO2 RAB02E11DZB11E13RAB33E42DZB42E47RAB54 SLP044 P0000 60000 T01460106 58008 $",2025-10-12 15:19:06.680301,2025-10-12 11:19:06.680347
"KRYV","Watertown Muni, WI, US",2025-10-12 14:55:00,"2025-10-12 14:55:00","VFR",14.7,9.2,150,7,NA,NA,1017.4,"METAR KRYV 121455Z AUTO 15007KT 10SM SCT024 15/09 A3004 RMK AO2 T01470092",2025-10-12 15:19:06.686773,2025-10-12 11:19:06.68682
"KS33","Madras Muni, OR, US",2025-10-12 14:55:00,"2025-10-12 07:55:00","VFR",7,1,210,7,NA,NA,1015,"METAR KS33 121455Z AUTO 21007KT 10SM CLR 07/01 A2997 RMK AO2",2025-10-12 15:19:06.693391,2025-10-12 11:19:06.693436
"KRWV","Caldwell Muni, TX, US",2025-10-12 14:55:00,"2025-10-12 14:55:00","VFR",NA,NA,220,7,NA,NA,1013.6,"METAR KRWV 121455Z AUTO 22007KT 10SM CLR A2993 RMK AO2 PWINO",2025-10-12 15:19:06.69994,2025-10-12 11:19:06.699987
"KRZT","Chillicothe/Ross Cnty, OH, US",2025-10-12 14:55:00,"2025-10-12 14:55:00","VFR",14,10,0,0,NA,NA,1017,"METAR KRZT 121455Z AUTO 00000KT 10SM CLR 14/10 A3003 RMK AO2 PWINO",2025-10-12 15:19:06.719068,2025-10-12 11:19:06.719116
"KSKF","Lackland AFB/Kelly Fld, TX, US",2025-10-12 14:55:00,"2025-10-12 09:55:00","VFR",25,15.6,180,6,NA,NA,1011.6,"METAR KSKF 121455Z 18006KT 10SM CLR 25/16 A2987 RMK AO2A SLP107 T02500156 52010 $",2025-10-12 15:19:06.726103,2025-10-12 11:19:06.726169
"KSCK","Stockton Metro, CA, US",2025-10-12 14:55:00,"2025-10-12 07:55:00","VFR",11.7,6.7,300,6,NA,NA,1013.6,"METAR KSCK 121455Z 30006KT 10SM CLR 12/07 A2993 RMK AO2 SLP135 T01170067 53001 $",2025-10-12 15:19:06.73294,2025-10-12 11:19:06.732985
"KS39","Prineville Arpt, OR, US",2025-10-12 14:55:00,"2025-10-12 07:55:00","VFR",4,1,200,4,NA,NA,1014.6,"METAR KS39 121455Z AUTO 20004KT 10SM SCT050 SCT120 04/01 A2996 RMK AO2",2025-10-12 15:19:06.739616,2025-10-12 11:19:06.739665
"KSEM","Selma/Craig Fld, AL, US",2025-10-12 14:55:00,"2025-10-12 09:55:00","VFR",21,13,0,0,NA,NA,1013.3,"METAR KSEM 121455Z AUTO 00000KT 10SM CLR 21/13 A2992 RMK AO2",2025-10-12 15:19:06.7461,2025-10-12 11:19:06.746146
"KS12","Albany Muni, OR, US",2025-10-12 14:55:00,"2025-10-12 14:55:00","VFR",11,10,190,11,NA,NA,1015.7,"METAR KS12 121455Z AUTO 19011KT 10SM SCT070 11/10 A2999 RMK AO2",2025-10-12 15:19:06.75272,2025-10-12 11:19:06.752765
"KSCX","Oneida/Scott Muni, TN, US",2025-10-12 14:55:00,"2025-10-12 14:55:00","VFR",17,11,NA,5,NA,NA,1015,"METAR KSCX 121455Z AUTO VRB05KT 10SM CLR 17/11 A2997 RMK A01",2025-10-12 15:19:06.759334,2025-10-12 11:19:06.759379
"KRZR","Cleveland Rgnl, TN, US",2025-10-12 14:55:00,"2025-10-12 14:55:00","VFR",19,13,360,5,NA,NA,1013,"METAR KRZR 121455Z AUTO 36005KT 10SM CLR 19/13 A2991 RMK A01",2025-10-12 15:19:06.765905,2025-10-12 11:19:06.76595
"KS34","Plains Arpt, MT, US",2025-10-12 14:55:00,"2025-10-12 14:55:00","VFR",7,7,0,0,NA,NA,1008.9,"METAR KS34 121455Z AUTO 00000KT 10SM -RA BKN048 BKN055 OVC090 07/07 A2979 RMK AO2",2025-10-12 15:19:06.772526,2025-10-12 11:19:06.772571
"KSDA","Shenandoah Muni, IA, US",2025-10-12 14:55:00,"2025-10-12 14:55:00","VFR",19,15,160,11,21,NA,1005.8,"METAR KSDA 121455Z AUTO 16011G21KT 10SM CLR 19/15 A2970 RMK AO2",2025-10-12 15:19:06.778999,2025-10-12 11:19:06.779043
"KSHL","Sheldon Muni, IA, US",2025-10-12 14:55:00,"2025-10-12 14:55:00","VFR",17,14,140,14,22,NA,1002.8,"METAR KSHL 121455Z AUTO 14014G22KT 10SM OVC080 17/14 A2961 RMK AO2",2025-10-12 15:19:06.785488,2025-10-12 11:19:06.785533
"KSBY","Salisbury/Ocean City, MD, US",2025-10-12 14:54:00,"2025-10-12 10:54:00","MVFR",17.2,16.1,30,16,26,6,1011.6,"METAR KSBY 121454Z 03016G26KT 6SM -RA BR OVC017 17/16 A2987 RMK AO2 PK WND 03029/1432 SLP118 P0005 60017 T01720161 50013",2025-10-12 15:19:06.791873,2025-10-12 11:19:06.791918
"KSBD","San Bernardino Intl, CA, US",2025-10-12 14:54:00,"2025-10-12 07:54:00","VFR",13,4,0,0,NA,NA,1008.9,"METAR KSBD 121454Z 00000KT 10SM CLR 13/04 A2979",2025-10-12 15:19:06.798363,2025-10-12 11:19:06.798409
"KSBN","South Bend Rgnl, IN, US",2025-10-12 14:54:00,"2025-10-12 10:54:00","VFR",13.9,9.4,120,6,NA,NA,1019,"METAR KSBN 121454Z 12006KT 10SM CLR 14/09 A3009 RMK AO2 SLP191 T01390094 52007",2025-10-12 15:19:06.804843,2025-10-12 11:19:06.804889
"KRST","Rochester Intl, MN, US",2025-10-12 14:54:00,"2025-10-12 09:54:00","VFR",13.3,8.3,160,18,28,NA,1010.9,"METAR KRST 121454Z 16018G28KT 10SM CLR 13/08 A2985 RMK AO2 PK WND 16028/1448 SLP112 T01330083 56006",2025-10-12 15:19:06.811333,2025-10-12 11:19:06.811378
"KSJN","St Johns Ind Arpt, AZ, US",2025-10-12 14:54:00,"2025-10-12 07:54:00","VFR",13.9,10.6,250,8,NA,NA,1015.7,"METAR KSJN 121454Z AUTO 25008KT 10SM BKN060 OVC075 14/11 A2999 RMK AO2 RAE29 SLP089 P0000 60000 T01390106 53009",2025-10-12 15:19:06.817785,2025-10-12 11:19:06.81783
"KSET","St Charles/Smartt Arpt, MO, US",2025-10-12 14:54:00,"2025-10-12 14:54:00","VFR",19.4,11.7,NA,5,NA,NA,1015,"METAR KSET 121454Z AUTO VRB05KT 10SM CLR 19/12 A2997 RMK AO2 SLP146 T01940117 50005",2025-10-12 15:19:06.824345,2025-10-12 11:19:06.824391
"KSIY","Montague/Siskiyou Cnty, CA, US",2025-10-12 14:53:00,"2025-10-12 14:53:00","MVFR",3.3,2.8,0,0,NA,NA,1018,"METAR KSIY 121453Z AUTO 00000KT 10SM BKN024 03/03 A3006 RMK AO2 SLP192 T00330028 56002",2025-10-12 15:19:06.830888,2025-10-12 11:19:06.830933
"KSJC","San Jose Intl Arpt, CA, US",2025-10-12 14:53:00,"2025-10-12 07:53:00","VFR",11.1,8.3,0,0,NA,NA,1014.6,"METAR KSJC 121453Z 00000KT 10SM FEW010 11/08 A2996 RMK AO2 SLP144 T01110083 50004 $",2025-10-12 15:19:06.837478,2025-10-12 11:19:06.837526
"KRTN","Raton/Crews Fld, NM, US",2025-10-12 14:53:00,"2025-10-12 08:53:00","VFR",11.7,7.2,180,8,NA,NA,1011.3,"METAR KRTN 121453Z AUTO 18008KT 160V230 10SM CLR 12/07 A2986 RMK AO2 SLP049 T01170072 50003",2025-10-12 15:19:06.856641,2025-10-12 11:19:06.856688
"KSEA","Seattle-Tacoma Intl, WA, US",2025-10-12 14:53:00,"2025-10-12 07:53:00","MVFR",10,7.2,190,12,18,7,1011.6,"METAR KSEA 121453Z 19012G18KT 7SM -RA BKN030 OVC046 10/07 A2987 RMK AO2 PK WND 19026/1411 RAB1357 SLP120 P0002 60002 T01000072 55000 $",2025-10-12 15:19:06.863663,2025-10-12 11:19:06.863709
"KSAV","Savannah Intl, GA, US",2025-10-12 14:53:00,"2025-10-12 10:53:00","VFR",18.3,15,300,10,NA,NA,1008.9,"METAR KSAV 121453Z 30010KT 10SM SCT018 SCT024 OVC050 18/15 A2979 RMK AO2 RAB1355E25 SLP087 P0000 60000 T01830150 51013",2025-10-12 15:19:06.870464,2025-10-12 11:19:06.87051
"KRWF","Redwood Falls Muni, MN, US",2025-10-12 14:53:00,"2025-10-12 09:53:00","VFR",15,12.8,140,20,27,NA,1003.8,"METAR KRWF 121453Z AUTO 14020G27KT 10SM OVC100 15/13 A2964 RMK AO2 PK WND 14029/1414 RAE27 SLP035 P0000 60002 T01500128 58008",2025-10-12 15:19:06.877053,2025-10-12 11:19:06.877098
"KRUE","Russellville Rgnl, AR, US",2025-10-12 14:53:00,"2025-10-12 14:53:00","VFR",22.2,13.3,NA,4,NA,NA,1014,"METAR KRUE 121453Z AUTO VRB04KT 10SM CLR 22/13 A2994 RMK AO2 SLP131 T02220133 51008 $",2025-10-12 15:19:06.883637,2025-10-12 11:19:06.883682
"KSFB","Sanford Intl, FL, US",2025-10-12 14:53:00,"2025-10-12 10:53:00","VFR",21.7,16.1,NA,6,NA,NA,1009.6,"METAR KSFB 121453Z VRB06KT 10SM CLR 22/16 A2981 RMK AO2 SLP094 T02170161 50009 $",2025-10-12 15:19:06.890359,2025-10-12 11:19:06.890408
"KSGR","Houston/Sugar Land Rgnl, TX, US",2025-10-12 14:53:00,"2025-10-12 09:53:00","VFR",26.1,17.2,140,3,NA,NA,1013,"METAR KSGR 121453Z 14003KT 10SM CLR 26/17 A2991 RMK AO2 SLP128 T02610172 53012",2025-10-12 15:19:06.89687,2025-10-12 11:19:06.896915
"KRWL","Rawlins Muni, WY, US",2025-10-12 14:53:00,"2025-10-12 08:53:00","VFR",2.2,-1.7,230,21,28,NA,1015.3,"METAR KRWL 121453Z AUTO 23021G28KT 10SM SCT080 OVC110 02/M02 A2998 RMK AO2 PK WND 22032/1435 SLP115 T00221017 53024",2025-10-12 15:19:06.90347,2025-10-12 11:19:06.903518
"KSAF","Santa Fe Cnty Muni, NM, US",2025-10-12 14:53:00,"2025-10-12 08:53:00","VFR",14.4,12.2,240,6,NA,NA,1016.3,"METAR KSAF 121453Z 24006KT 10SM SCT006 BKN080 OVC095 14/12 A3001 RMK AO2 SLP086 T01440122 53004",2025-10-12 15:19:06.909981,2025-10-12 11:19:06.910026
"KSBA","Santa Barbara Muni, CA, US",2025-10-12 14:53:00,"2025-10-12 07:53:00","VFR",10,5.6,0,0,NA,NA,1008.2,"METAR KSBA 121453Z 00000KT 10SM CLR 10/06 A2977 RMK AO2 SLP080 T01000056 51006 $",2025-10-12 15:19:06.9165,2025-10-12 11:19:06.916546
"KSDM","San Diego/Brown Fld, CA, US",2025-10-12 14:53:00,"2025-10-12 07:53:00","IFR",15,13.3,70,3,NA,3,1008.5,"METAR KSDM 121453Z 07003KT 3SM BR OVC007 15/13 A2978 RMK AO2 SLP082 T01500133 53006",2025-10-12 15:19:06.922893,2025-10-12 11:19:06.922937
"KRQE","Window Rock Arpt, AZ, US",2025-10-12 14:53:00,"2025-10-12 14:53:00","VFR",11.1,9.4,NA,3,NA,NA,1017.4,"METAR KRQE 121453Z AUTO VRB03KT 10SM CLR 11/09 A3004 RMK AO2 SLP096 T01110094 53007",2025-10-12 15:19:06.929474,2025-10-12 11:19:06.92952
"KSAC","Sacramento Exec, CA, US",2025-10-12 14:53:00,"2025-10-12 07:53:00","VFR",10,6.1,320,4,NA,NA,1013.6,"METAR KSAC 121453Z 32004KT 10SM CLR 10/06 A2993 RMK AO2 SLP136 T01000061 55001",2025-10-12 15:19:06.935956,2025-10-12 11:19:06.936002
"KRSW","Ft Myers/SW Florida Intl, FL, US",2025-10-12 14:53:00,"2025-10-12 10:53:00","VFR",24.4,19.4,50,6,NA,NA,1009.9,"METAR KRSW 121453Z 05006KT 10SM CLR 24/19 A2982 RMK AO2 SLP094 T02440194 51010",2025-10-12 15:19:06.942497,2025-10-12 11:19:06.942543
"KRVS","Tulsa/Jones Arpt, OK, US",2025-10-12 14:53:00,"2025-10-12 09:53:00","VFR",22.8,16.7,180,6,NA,NA,1010.9,"METAR KRVS 121453Z 18006KT 10SM CLR 23/17 A2985 RMK AO2 SLP112 T02280167 51006",2025-10-12 15:19:06.949013,2025-10-12 11:19:06.949058
"KSFF","Spokane/Felts Fld, WA, US",2025-10-12 14:53:00,"2025-10-12 07:53:00","MVFR",7.2,6.1,240,8,NA,4,1009.6,"METAR KSFF 121453Z 24008KT 4SM RA BR BKN012 BKN025 OVC030 07/06 A2981 RMK AO2 SLP094 P0005 60016 T00720061 53005",2025-10-12 15:19:06.955476,2025-10-12 11:19:06.95552
"KSHN","Shelton/Sanderson Fld, WA, US",2025-10-12 14:53:00,"2025-10-12 07:53:00","VFR",9.4,5.6,240,12,NA,NA,1010.6,"METAR KSHN 121453Z AUTO 24012KT 10SM OVC110 09/06 A2984 RMK AO2 SLP108 T00940056 56005",2025-10-12 15:19:06.96202,2025-10-12 11:19:06.962066
"KSHR","Sheridan Cnty Arpt, WY, US",2025-10-12 14:53:00,"2025-10-12 08:53:00","VFR",5.6,3.3,300,11,NA,NA,1006.9,"METAR KSHR 121453Z AUTO 30011KT 10SM SCT055 OVC070 06/03 A2973 RMK AO2 RAE27 SLP058 P0002 60003 T00560033 53017 $",2025-10-12 15:19:06.968686,2025-10-12 11:19:06.968733
"KRSL","Russell Muni, KS, US",2025-10-12 14:53:00,"2025-10-12 09:53:00","VFR",23.3,11.1,190,18,29,NA,1002.8,"METAR KRSL 121453Z AUTO 19018G29KT 10SM CLR 23/11 A2961 RMK AO2 PK WND 18034/1418 SLP011 T02330111 53002",2025-10-12 15:19:06.987171,2025-10-12 11:19:06.987245
"KRWI","Rocky Mount/Wilson Rgnl, NC, US",2025-10-12 14:53:00,"2025-10-12 10:53:00","MVFR",19.4,17.2,30,14,21,4,1005.8,"METAR KRWI 121453Z AUTO 03014G21KT 4SM -RA BR OVC016 19/17 A2970 RMK AO2 PK WND 03030/1424 RAB02E11B46 SLP057 P0000 60000 T01940172 53006 $",2025-10-12 15:19:06.994429,2025-10-12 11:19:06.994476
"KSGF","Springfield Muni, MO, US",2025-10-12 14:52:00,"2025-10-12 09:52:00","VFR",19.4,13.3,160,11,NA,NA,1013,"METAR KSGF 121452Z 16011KT 10SM CLR 19/13 A2991 RMK AO2 SLP121 T01940133 53004 $",2025-10-12 15:19:07.001451,2025-10-12 11:19:07.0015
"KSJT","San Angelo/Mathis Fld, TX, US",2025-10-12 14:51:00,"2025-10-12 09:51:00","VFR",22.8,14.4,170,12,20,NA,1011.6,"METAR KSJT 121451Z 17012G20KT 10SM CLR 23/14 A2987 RMK AO2 SLP093 T02280144 50003",2025-10-12 15:19:07.008101,2025-10-12 11:19:07.008147
"KSAT","San Antonio Intl, TX, US",2025-10-12 14:51:00,"2025-10-12 09:51:00","VFR",24.4,16.1,180,7,NA,NA,1013,"METAR KSAT 121451Z 18007KT 10SM FEW250 24/16 A2991 RMK AO2 SLP111 T02440161 52006",2025-10-12 15:19:07.014599,2025-10-12 11:19:07.014644
"KSAN","San Diego Intl Arpt, CA, US",2025-10-12 14:51:00,"2025-10-12 07:51:00","MVFR",17.8,13.9,NA,3,NA,NA,1008.9,"METAR KSAN 121451Z VRB03KT 10SM OVC016 18/14 A2979 RMK AO2 SLP088 T01780139 51009 $",2025-10-12 15:19:07.021228,2025-10-12 11:19:07.021286
"KS52","Methow Valley State Arpt, WA, US",2025-10-12 14:50:00,"2025-10-12 14:50:00","VFR",4.9,3.3,0,0,NA,NA,1009.2,"METAR KS52 121450Z AUTO 00000KT 10SM SCT060 05/03 A2980 RMK AO2 T00490033",2025-10-12 15:19:07.027804,2025-10-12 11:19:07.027849
"KSEE","San Diego/Gillespie Fld, CA, US",2025-10-12 14:47:00,"2025-10-12 07:47:00","MVFR",15,12,0,0,NA,7,1008.9,"METAR KSEE 121447Z 00000KT 7SM BR OVC011 15/12 A2979",2025-10-12 15:19:07.034287,2025-10-12 11:19:07.034332
"KRYN","Tucson/Ryan Fld, AZ, US",2025-10-12 14:45:00,"2025-10-12 14:45:00","VFR",23,20,120,4,NA,NA,1009.2,"METAR KRYN 121445Z 12004KT 10SM BKN120 23/20 A2980",2025-10-12 15:19:07.040835,2025-10-12 11:19:07.04088
"KS21","Sunriver Arpt, OR, US",2025-10-12 13:55:00,"2025-10-12 06:55:00","VFR",3,-1,210,12,20,NA,1016,"METAR KS21 121355Z AUTO 21012G20KT 10SM FEW027 FEW036 03/M01 A3000 RMK AO2",2025-10-12 15:19:07.047306,2025-10-12 11:19:07.047364
"KSPF","Spearfish/Clyde Fld, SD, US",2025-10-12 15:15:00,"2025-10-12 09:15:00",NA,7,4,290,16,23,NA,1006.2,"METAR KSPF 121515Z AUTO 29016G23KT 10SM 07/04 A2971 RMK AO2",2025-10-12 15:19:08.815828,2025-10-12 11:19:08.815872
"KSLH","Cheboygan Cnty Arpt, MI, US",2025-10-12 15:15:00,"2025-10-12 15:15:00","VFR",15,11,130,10,14,NA,1020.1,"METAR KSLH 121515Z AUTO 13010G14KT 10SM FEW013 15/11 A3012 RMK AO2",2025-10-12 15:19:08.822395,2025-10-12 11:19:08.82244
"KSWW","Sweetwater/Avenger Fld, TX, US",2025-10-12 15:15:00,"2025-10-12 10:15:00",NA,24.7,11,200,19,24,NA,1011.9,"METAR KSWW 121515Z AUTO 20019G24KT 10SM 25/11 A2988 RMK AO2 T02470110",2025-10-12 15:19:08.828888,2025-10-12 11:19:08.828932
"KSOW","Show Low Muni, AZ, US",2025-10-12 15:15:00,"2025-10-12 08:15:00","MVFR",13,11,160,5,NA,5,1017.7,"METAR KSOW 121515Z AUTO 16005KT 5SM -DZ FEW033 BKN045 OVC050 13/11 A3005 RMK AO2",2025-10-12 15:19:08.835374,2025-10-12 11:19:08.835417
"KSLO","Salem/Leckrone Arpt, IL, US",2025-10-12 15:15:00,"2025-10-12 10:15:00","VFR",20.5,11.3,90,3,NA,NA,1016,"METAR KSLO 121515Z AUTO 09003KT 10SM CLR 21/11 A3000 RMK AO2 T02050113",2025-10-12 15:19:08.841903,2025-10-12 11:19:08.841949
"KT74","Taylor Muni, TX, US",2025-10-12 15:15:00,"2025-10-12 15:15:00","VFR",26,15,200,11,NA,NA,1014.6,"METAR KT74 121515Z AUTO 20011KT 10SM CLR 26/15 A2996 RMK AO2",2025-10-12 15:19:08.861101,2025-10-12 11:19:08.861165
"KT69","Sinton/Thomas Arpt, TX, US",2025-10-12 15:15:00,"2025-10-12 15:15:00","VFR",27,21,NA,NA,NA,NA,1012.3,"METAR KT69 121515Z AUTO 10SM CLR 27/21 A2989 RMK A01",2025-10-12 15:19:08.86814,2025-10-12 11:19:08.868211
"KSTE","Stevens Point Muni, WI, US",2025-10-12 15:15:00,"2025-10-12 10:15:00","VFR",14.9,9,140,10,14,NA,1016.3,"METAR KSTE 121515Z AUTO 14010G14KT 10SM SCT024 15/09 A3001 RMK AO2 T01490090",2025-10-12 15:19:08.874869,2025-10-12 11:19:08.874913
"KSNK","Snyder/Winston Fld, TX, US",2025-10-12 15:15:00,"2025-10-12 10:15:00","VFR",22.7,9.6,210,14,NA,NA,1011.9,"METAR KSNK 121515Z AUTO 21014KT 10SM CLR 23/10 A2988 RMK AO2 T02270096",2025-10-12 15:19:08.881432,2025-10-12 11:19:08.881477
"KSNC","Chester Arpt, CT, US",2025-10-12 15:15:00,"2025-10-12 15:15:00","VFR",14,9,30,12,NA,NA,1020.4,"METAR KSNC 121515Z AUTO 03012KT 350V070 10SM FEW035 14/09 A3013 RMK AO2",2025-10-12 15:19:08.887872,2025-10-12 11:19:08.887917
"KT78","Liberty Muni, TX, US",2025-10-12 15:15:00,"2025-10-12 15:15:00","VFR",25,16,0,0,NA,7,1013,"METAR KT78 121515Z AUTO 00000KT 7SM CLR 25/16 A2991 RMK AO2",2025-10-12 15:19:08.89445,2025-10-12 11:19:08.894496
"KSYN","Stanton Arpt, MN, US",2025-10-12 15:15:00,"2025-10-12 10:15:00","VFR",15,10,150,8,15,NA,1009.9,"METAR KSYN 121515Z AUTO 15008G15KT 10SM CLR 15/10 A2982 RMK AO5Z AUTO 15008G15KT 10SM CLR 15/10 A2982 RMK AO2",2025-10-12 15:19:08.900931,2025-10-12 11:19:08.900977
"KSUZ","Benton/Saline Cnty, AR, US",2025-10-12 15:15:00,"2025-10-12 15:15:00","VFR",22,16,160,4,NA,6,1014.3,"METAR KSUZ 121515Z AUTO 16004KT 6SM HZ SCT055 BKN065 22/16 A2995 RMK A01",2025-10-12 15:19:08.907367,2025-10-12 11:19:08.907412
"KSUW","Superior/Bong Arpt, WI, US",2025-10-12 15:15:00,"2025-10-12 10:15:00","MVFR",14.4,9,170,6,NA,NA,1009.9,"METAR KSUW 121515Z AUTO 17006KT 10SM BKN030 14/09 A2982 RMK AO2 T01440090",2025-10-12 15:19:08.913867,2025-10-12 11:19:08.913912
"KTEW","Mason/Jewett Fld, MI, US",2025-10-12 15:15:00,"2025-10-12 15:15:00","VFR",13.1,13.1,120,4,NA,NA,1019,"METAR KTEW 121515Z AUTO 12004KT 10SM SCT006 13/13 A3009 RMK AO2 T01310131",2025-10-12 15:19:08.92044,2025-10-12 11:19:08.920486
"KSTF","Starkville/Bryan Arpt, MS, US",2025-10-12 15:15:00,"2025-10-12 15:15:00","VFR",22,13,0,0,NA,NA,1014,"METAR KSTF 121515Z AUTO 00000KT 10SM CLR 22/13 A2994 RMK AO2",2025-10-12 15:19:08.926941,2025-10-12 11:19:08.926986
"KSXK","Maurice/Sioux Cnty Rgnl, IA, US",2025-10-12 15:15:00,"2025-10-12 15:15:00","VFR",19,14,160,18,25,NA,1001.8,"METAR KSXK 121515Z AUTO 16018G25KT 10SM CLR 19/14 A2958 RMK AO2",2025-10-12 15:19:08.933473,2025-10-12 11:19:08.933519
"KT82","Fredericksburg/Gillespie Cnty, TX, US",2025-10-12 15:15:00,"2025-10-12 15:15:00","VFR",23.4,13.4,210,7,NA,NA,1014,"METAR KT82 121515Z AUTO 21007KT 10SM CLR 23/13 A2994 RMK AO2 T02340134",2025-10-12 15:19:08.940008,2025-10-12 11:19:08.940054
"KSMO","Santa Monica Muni, CA, US",2025-10-12 15:13:00,"2025-10-12 08:13:00","LIFR",15,13.9,0,0,NA,1.75,1008.5,"SPECI KSMO 121513Z 00000KT 1 3/4SM BR OVC003 15/14 A2978 RMK AO2 VIS 1V3 T01500139",2025-10-12 15:19:08.946476,2025-10-12 11:19:08.94652
"KTDF","Roxboro/Person Cnty, NC, US",2025-10-12 15:05:00,"2025-10-12 15:05:00","IFR",17,17,10,7,15,1.75,1009.6,"METAR KTDF 121505Z AUTO 01007G15KT 1 3/4SM -RA OVC007 17/17 A2981 RMK AO2",2025-10-12 15:19:08.952894,2025-10-12 11:19:08.952937
"KSUT","Southport/Cape Fear Rgnl, NC, US",2025-10-12 15:05:00,"2025-10-12 15:05:00","IFR",20,19,350,16,22,2,998.7,"METAR KSUT 121505Z AUTO 35016G22KT 2SM -DZ BR OVC008 20/19 A2949 RMK AO2 VIS 1 1/2V2 1/2",2025-10-12 15:19:08.959363,2025-10-12 11:19:08.959406
"KSVH","Statesville Muni, NC, US",2025-10-12 15:05:00,"2025-10-12 11:05:00","MVFR",19.4,13.6,20,11,16,NA,1010.9,"METAR KSVH 121505Z AUTO 02011G16KT 10SM OVC025 19/14 A2985 RMK AO2 T01940136",2025-10-12 15:19:08.965982,2025-10-12 11:19:08.966027
"KSUE","Sturgeon Bay/Door Cnty, WI, US",2025-10-12 14:57:00,"2025-10-12 09:57:00","MVFR",13.9,9.4,170,12,NA,NA,1018.7,"METAR KSUE 121457Z AUTO 17012KT 10SM BKN021 BKN028 14/09 A3008 RMK AO2 SLP187 T01390094 58003",2025-10-12 15:19:08.972577,2025-10-12 11:19:08.972625
"KTAZ","Taylorville Muni, IL, US",2025-10-12 14:57:00,"2025-10-12 14:57:00","VFR",18,9,NA,NA,NA,NA,1016,"METAR KTAZ 121457Z AUTO 10SM CLR 18/09 A3000 RMK AO2",2025-10-12 15:19:08.991219,2025-10-12 11:19:08.9913
"KSLE","Salem Muni, OR, US",2025-10-12 14:56:00,"2025-10-12 07:56:00","VFR",10.6,8.9,180,8,NA,NA,1015.3,"METAR KSLE 121456Z 18008KT 10SM BKN033 BKN080 OVC120 11/09 A2998 RMK AO2 SLP150 60000 T01060089 58014 $",2025-10-12 15:19:08.998539,2025-10-12 11:19:08.998587
"KSMN","Salmon/Lemhi Cnty, ID, US",2025-10-12 14:56:00,"2025-10-12 08:56:00","VFR",7.8,-0.6,220,5,NA,NA,1010.9,"METAR KSMN 121456Z AUTO 22005KT 10SM BKN065 OVC080 08/M01 A2985 RMK AO2 SLP104 6//// T00781006 51012 PNO $",2025-10-12 15:19:09.005653,2025-10-12 11:19:09.005701
"KTCM","Tacoma/McChord AFB, WA, US",2025-10-12 14:56:00,"2025-10-12 07:56:00","VFR",11,7,210,11,NA,NA,1011.6,"SPECI KTCM 121456Z AUTO 21011KT 10SM -RA FEW012 SCT042 BKN055 11/07 A2987 RMK AO2 RAB56 SLP119 $",2025-10-12 15:19:09.012362,2025-10-12 11:19:09.012408
"KSQI","Sterling-Rock Falls Arpt, IL, US",2025-10-12 14:56:00,"2025-10-12 09:56:00","VFR",15.6,10.6,110,9,NA,NA,1016.3,"METAR KSQI 121456Z AUTO 11009KT 10SM CLR 16/11 A3001 RMK AO2 SLP162 T01560106 58003 PWINO $",2025-10-12 15:19:09.018881,2025-10-12 11:19:09.018926
"KSLG","Siloam Springs/Smith Fld, AR, US",2025-10-12 14:56:00,"2025-10-12 09:56:00","VFR",22.8,16.1,180,11,15,NA,1013.3,"METAR KSLG 121456Z AUTO 18011G15KT 10SM CLR 23/16 A2992 RMK AO2 SLP122 T02280161 51008",2025-10-12 15:19:09.025417,2025-10-12 11:19:09.025464
"KSRC","Searcy Muni, AR, US",2025-10-12 14:56:00,"2025-10-12 14:56:00","VFR",20,13.9,0,0,NA,NA,1015,"METAR KSRC 121456Z AUTO 00000KT 10SM CLR 20/14 A2997 RMK AO2 SLP146 T02000139 52004 $",2025-10-12 15:19:09.032046,2025-10-12 11:19:09.032092
"KSOP","Southern Pines/Moore Cnty, NC, US",2025-10-12 14:56:00,"2025-10-12 10:56:00","IFR",17.8,17.8,360,13,20,9,1006.5,"METAR KSOP 121456Z AUTO 36013G20KT 9SM -RA OVC007 18/18 A2972 RMK AO2 CIG 004V010 SLP068 6//// T01780178 58002 PNO $",2025-10-12 15:19:09.038517,2025-10-12 11:19:09.038565
"KSUO","Rosebud/Sioux Tribal Arpt, SD, US",2025-10-12 14:55:00,"2025-10-12 14:55:00","VFR",19,12,280,9,15,NA,999.7,"METAR KSUO 121455Z AUTO 28009G15KT 10SM CLR 19/12 A2952 RMK AO2",2025-10-12 15:19:09.04504,2025-10-12 11:19:09.045085
"KSVN","Savannah/Hunter AAF, GA, US",2025-10-12 14:55:00,"2025-10-12 10:55:00","VFR",17.8,16.1,280,8,NA,NA,1007.5,"METAR KSVN 121455Z AUTO 28008KT 10SM FEW020 SCT030 SCT038 OVC046 18/16 A2975 RMK AO2 RAE46 SLP077 P0004 60004 T01780161 50011",2025-10-12 15:19:09.05152,2025-10-12 11:19:09.051566
"KSOA","Sonora Muni, TX, US",2025-10-12 14:55:00,"2025-10-12 14:55:00","VFR",23,15,160,9,NA,NA,1014.3,"METAR KSOA 121455Z AUTO 16009KT 10SM CLR 23/15 A2995 RMK AO2",2025-10-12 15:19:09.058028,2025-10-12 11:19:09.058073
"KSYF","St Francis/Cheyenne Cnty, KS, US",2025-10-12 14:55:00,"2025-10-12 14:55:00","VFR",17,10,330,13,NA,NA,1004.8,"METAR KSYF 121455Z AUTO 33013KT 10SM CLR 17/10 A2967 RMK AO2 PRESRR",2025-10-12 15:19:09.064551,2025-10-12 11:19:09.064596
"KT35","Cameron Muni, TX, US",2025-10-12 14:55:00,"2025-10-12 14:55:00","VFR",25.2,16.9,230,7,NA,NA,1013,"METAR KT35 121455Z AUTO 23007KT 10SM CLR 25/17 A2991 RMK AO2 T02520169",2025-10-12 15:19:09.07103,2025-10-12 11:19:09.071086
"KTEX","Telluride Rgnl, CO, US",2025-10-12 14:55:00,"2025-10-12 08:55:00","VFR",4,3,100,3,NA,NA,1020.1,"METAR KTEX 121455Z AUTO 10003KT 10SM -DZ SCT023 OVC033 04/03 A3012 RMK AO2",2025-10-12 15:19:09.077585,2025-10-12 11:19:09.07763
"KSLB","Storm Lake Muni, IA, US",2025-10-12 14:55:00,"2025-10-12 09:55:00","VFR",16,14,150,16,25,NA,1005.2,"METAR KSLB 121455Z AUTO 15016G25KT 10SM OVC090 16/14 A2968 RMK AO2",2025-10-12 15:19:09.08406,2025-10-12 11:19:09.084105
"KSLI","Los Alamitos AAF, CA, US",2025-10-12 14:55:00,"2025-10-12 14:55:00","VFR",14.3,12.5,0,0,NA,7,1006.9,"METAR KSLI 121455Z 00000KT 7SM FEW010 14/13 A2973 RMK AO2A SLP071 T01430125 50004",2025-10-12 15:19:09.090945,2025-10-12 11:19:09.090989
"KSSC","Shaw AFB, SC, US",2025-10-12 14:55:00,"2025-10-12 10:55:00","IFR",17,16,330,11,18,3,1006.2,"METAR KSSC 121455Z 33011G18KT 3SM +RA BR BKN007 BKN026 17/16 A2971 RMK AO2A SLP061 P0015 60032 T01700160 50005 $",2025-10-12 15:19:09.097362,2025-10-12 11:19:09.097408
"KTBN","Waynesville-St Robert Rgnl, MO, US",2025-10-12 14:55:00,"2025-10-12 09:55:00","VFR",18.2,13.5,140,9,NA,NA,1013.3,"METAR KTBN 121455Z AUTO 14009KT 10SM CLR 18/14 A2992 RMK AO2 SLP130 T01820135 50003 $",2025-10-12 15:19:09.103965,2025-10-12 11:19:09.104012
"KSLR","Sulphur Springs Muni, TX, US",2025-10-12 14:55:00,"2025-10-12 09:55:00","VFR",25,15,220,8,NA,NA,1013.3,"METAR KSLR 121455Z AUTO 22008KT 10SM CLR 25/15 A2992 RMK AO2 T02500150 PWINO",2025-10-12 15:19:09.11052,2025-10-12 11:19:09.110567
"KSME","Somerset/Lake Cumberland Rgnl, KY, US",2025-10-12 14:55:00,"2025-10-12 10:55:00","VFR",18,13,0,0,NA,NA,1015,"METAR KSME 121455Z AUTO 00000KT 10SM CLR 18/13 A2997 RMK AO2",2025-10-12 15:19:09.129358,2025-10-12 11:19:09.129404
"KSMS","Sumter Muni, SC, US",2025-10-12 14:55:00,"2025-10-12 10:55:00","IFR",16,16,320,9,NA,1.5,1006.9,"METAR KSMS 121455Z AUTO 32009KT 1 1/2SM +RA SCT004 BKN009 OVC015 16/16 A2973 RMK AO2",2025-10-12 15:19:09.136376,2025-10-12 11:19:09.136424
"KSPA","Spartanburg/Downtown Arpt, SC, US",2025-10-12 14:55:00,"2025-10-12 10:55:00","VFR",20,8,360,11,16,NA,1010.9,"METAR KSPA 121455Z AUTO 36011G16KT 10SM SCT120 20/08 A2985 RMK AO2",2025-10-12 15:19:09.143402,2025-10-12 11:19:09.143446
"KSSI","Brunswick/McKinnon St Simons Arpt, GA, US",2025-10-12 14:55:00,"2025-10-12 10:55:00","VFR",21,16,320,9,NA,NA,1008.9,"METAR KSSI 121455Z AUTO 32009KT 10SM OVC075 21/16 A2979 RMK AO2",2025-10-12 15:19:09.150002,2025-10-12 11:19:09.150048
"KTBR","Statesboro Muni, GA, US",2025-10-12 14:55:00,"2025-10-12 10:55:00","MVFR",17,15,320,8,NA,9,1009.6,"METAR KTBR 121455Z AUTO 32008KT 9SM -DZ BKN019 BKN026 BKN032 17/15 A2981 RMK AO2",2025-10-12 15:19:09.156489,2025-10-12 11:19:09.156535
"KSVC","Silver City/Grant Cnty, NM, US",2025-10-12 14:55:00,"2025-10-12 08:55:00","VFR",16.2,15.2,0,0,NA,NA,1016.3,"METAR KSVC 121455Z AUTO 00000KT 10SM SCT030 SCT036 16/15 A3001 RMK AO2 T01620152",2025-10-12 15:19:09.163095,2025-10-12 11:19:09.16314
"KSRR","Ruidoso Rgnl, NM, US",2025-10-12 14:55:00,"2025-10-12 08:55:00","VFR",15,12,0,0,NA,NA,1018.7,"METAR KSRR 121455Z AUTO 00000KT 10SM CLR 15/12 A3008 RMK AO2",2025-10-12 15:19:09.16975,2025-10-12 11:19:09.169796
"KSUU","Fairfield/Travis AFB, CA, US",2025-10-12 14:55:00,"2025-10-12 07:55:00","VFR",10.8,7.7,210,8,NA,NA,1013.3,"METAR KSUU 121455Z AUTO 21008KT 10SM CLR 11/08 A2992 RMK AO2 SLP138 T01080077 50000 $",2025-10-12 15:19:09.176308,2025-10-12 11:19:09.176355
"KSVE","Susanville Muni, CA, US",2025-10-12 14:55:00,"2025-10-12 07:55:00","VFR",0,0,0,0,NA,NA,1018,"METAR KSVE 121455Z AUTO 00000KT 10SM CLR 00/00 A3006 RMK A01 P000",2025-10-12 15:19:09.182829,2025-10-12 11:19:09.182874
"KT20","Gonzales Muni, TX, US",2025-10-12 14:55:00,"2025-10-12 14:55:00","VFR",24.7,17.3,0,0,NA,NA,1013,"METAR KT20 121455Z AUTO 00000KT 10SM CLR 25/17 A2991 RMK AO2 T02470173",2025-10-12 15:19:09.189431,2025-10-12 11:19:09.189477
"KTFP","Ingleside Rgnl, TX, US",2025-10-12 14:55:00,"2025-10-12 14:55:00","VFR",30.3,18.3,140,7,NA,NA,1011.9,"METAR KTFP 121455Z AUTO 14007KT 10SM CLR 30/18 A2988 RMK AO1 T03030183",2025-10-12 15:19:09.195893,2025-10-12 11:19:09.195938
"KSRB","Sparta/Upper Cumberland Rgnl, TN, US",2025-10-12 14:55:00,"2025-10-12 14:55:00","VFR",18,14,0,0,NA,NA,1014.6,"METAR KSRB 121455Z AUTO 00000KT 10SM CLR 18/14 A2996 RMK AO2",2025-10-12 15:19:09.202401,2025-10-12 11:19:09.202447
"KSYI","Shelbyville/Bomar Fld, TN, US",2025-10-12 14:55:00,"2025-10-12 09:55:00","VFR",18,13,0,0,NA,NA,1014.6,"METAR KSYI 121455Z AUTO 00000KT 10SM CLR 18/13 A2996 RMK A01",2025-10-12 15:19:09.208873,2025-10-12 11:19:09.208918
"KSNH","Savannah/Hardin Cnty, TN, US",2025-10-12 14:55:00,"2025-10-12 14:55:00","VFR",19,17,0,0,NA,NA,1014,"METAR KSNH 121455Z AUTO 00000KT 10SM CLR 19/17 A2994 RMK A01",2025-10-12 15:19:09.215382,2025-10-12 11:19:09.215429
"KSPK","Spanish Fork Muni, UT, US",2025-10-12 14:55:00,"2025-10-12 14:55:00","VFR",6,5,0,0,NA,NA,1017.4,"METAR KSPK 121455Z AUTO 00000KT 10SM CLR 06/05 A3004 RMK AO2",2025-10-12 15:19:09.221892,2025-10-12 11:19:09.221938
"KSRE","Seminole Muni, OK, US",2025-10-12 14:55:00,"2025-10-12 14:55:00","VFR",23,13,NA,6,12,9,1010.9,"METAR KSRE 121455Z AUTO VRB06G12KT 9SM CLR 23/13 A2985 RMK AO2",2025-10-12 15:19:09.22843,2025-10-12 11:19:09.228477
"KTCY","Tracy Muni, CA, US",2025-10-12 14:55:00,"2025-10-12 14:55:00","VFR",15,6,280,4,NA,NA,1014,"METAR KTCY 121455Z AUTO 28004KT 10SM CLR 15/06 A2994 RMK A01",2025-10-12 15:19:09.234926,2025-10-12 11:19:09.234971
"KSMD","Fort Wayne/Smith Fld, IN, US",2025-10-12 14:55:00,"2025-10-12 10:55:00","VFR",18,11,0,0,NA,NA,1018.4,"METAR KSMD 121455Z AUTO 00000KT 10SM CLR 18/11 A3007 RMK A01",2025-10-12 15:19:09.241606,2025-10-12 11:19:09.241653
"KSNL","Shawnee Rgnl, OK, US",2025-10-12 14:55:00,"2025-10-12 09:55:00","VFR",24.5,11.7,180,14,NA,NA,1010.9,"METAR KSNL 121455Z AUTO 18014KT 10SM CLR 25/12 A2985 RMK AO2 T02450117",2025-10-12 15:19:09.24824,2025-10-12 11:19:09.248286
"KSZL","Whiteman AFB, MO, US",2025-10-12 14:55:00,"2025-10-12 09:55:00","VFR",19.8,13.7,170,12,NA,NA,1011.6,"METAR KSZL 121455Z AUTO 17012KT 10SM CLR 20/14 A2987 RMK AO2 SLP114 T01980137 50003 VISNO RWY01 CHINO RWY01 $",2025-10-12 15:19:09.267266,2025-10-12 11:19:09.267315
"KSUS","St Louis/Spirit of St Louis Arpt, MO, US",2025-10-12 14:54:00,"2025-10-12 09:54:00","VFR",19.4,12.2,120,5,NA,NA,1014.6,"METAR KSUS 121454Z 12005KT 10SM CLR 19/12 A2996 RMK AO2 SLP141 T01940122 50003 $",2025-10-12 15:19:09.274357,2025-10-12 11:19:09.274405
"KSYR","Syracuse/Hancock Intl, NY, US",2025-10-12 14:54:00,"2025-10-12 10:54:00","VFR",16.1,10,70,11,NA,NA,1022.4,"METAR KSYR 121454Z 07011KT 10SM FEW030 BKN075 BKN180 16/10 A3019 RMK AO2 SLP218 T01610100 51003 $",2025-10-12 15:19:09.281424,2025-10-12 11:19:09.281469
"KSLC","Salt Lake City Intl, UT, US",2025-10-12 14:54:00,"2025-10-12 08:54:00","VFR",7.2,4.4,110,7,NA,NA,1017,"METAR KSLC 121454Z 11007KT 10SM FEW030 FEW075 07/04 A3003 RMK AO2 SLP162 T00720044 53012 $",2025-10-12 15:19:09.287961,2025-10-12 11:19:09.288007
"KTAD","Trinidad/Stokes Arpt, CO, US",2025-10-12 14:54:00,"2025-10-12 08:54:00","VFR",18.3,2.8,270,13,NA,NA,1009.2,"METAR KTAD 121454Z AUTO 27013KT 10SM CLR 18/03 A2980 RMK AO2 SLP015 T01830028 51011",2025-10-12 15:19:09.29449,2025-10-12 11:19:09.294535
"KTCS","Truth or Consequence Muni, NM, US",2025-10-12 14:53:00,"2025-10-12 08:53:00","VFR",18.3,16.7,180,8,NA,NA,1014.6,"METAR KTCS 121453Z AUTO 18008KT 10SM FEW012 18/17 A2996 RMK AO2 SLP077 T01830167 53007",2025-10-12 15:19:09.301042,2025-10-12 11:19:09.301087
"KSTS","Santa Rosa/Schulz Arpt, CA, US",2025-10-12 14:53:00,"2025-10-12 07:53:00","VFR",6.7,6.1,260,3,NA,NA,1015,"METAR KSTS 121453Z 26003KT 10SM CLR 07/06 A2997 RMK AO2 SLP142 T00670061 53003",2025-10-12 15:19:09.307584,2025-10-12 11:19:09.307628
"KSMQ","Somerville/Somerset Arpt, NJ, US",2025-10-12 14:53:00,"2025-10-12 14:53:00","VFR",16.1,8.9,30,10,23,NA,1017.7,"METAR KSMQ 121453Z AUTO 03010G23KT 10SM CLR 16/09 A3005 RMK AO2 SLP175 T01610089 50000",2025-10-12 15:19:09.314106,2025-10-12 11:19:09.314168
"KSMF","Sacramento Intl, CA, US",2025-10-12 14:53:00,"2025-10-12 07:53:00","VFR",8.9,5.6,290,4,NA,NA,1013.6,"METAR KSMF 121453Z 29004KT 10SM CLR 09/06 A2993 RMK AO2 SLP134 T00890056 55001",2025-10-12 15:19:09.320681,2025-10-12 11:19:09.320727
"KSNS","Salinas Muni, CA, US",2025-10-12 14:53:00,"2025-10-12 07:53:00","VFR",9.4,7.2,90,3,NA,NA,1014,"METAR KSNS 121453Z 09003KT 10SM CLR 09/07 A2994 RMK AO2 SLP148 T00940072 50000",2025-10-12 15:19:09.327208,2025-10-12 11:19:09.327255
"KSNY","Sidney/Carr Fld, NE, US",2025-10-12 14:53:00,"2025-10-12 08:53:00","IFR",13.3,2.8,310,15,NA,2.5,1006.2,"METAR KSNY 121453Z AUTO 31015KT 2 1/2SM HZ CLR 13/03 A2971 RMK AO2 SLP033 T01330028 53022",2025-10-12 15:19:09.333674,2025-10-12 11:19:09.333719
"KSPG","St Petersburg/Whitted Arpt, FL, US",2025-10-12 14:53:00,"2025-10-12 10:53:00","VFR",22.2,17.8,40,5,NA,NA,1009.9,"METAR KSPG 121453Z 04005KT 10SM CLR 22/18 A2982 RMK AO2 SLP097 T02220178 51011 $",2025-10-12 15:19:09.340274,2025-10-12 11:19:09.34032
"KSTC","St Cloud Rgnl, MN, US",2025-10-12 14:53:00,"2025-10-12 09:53:00","VFR",15,9.4,150,16,23,NA,1006.5,"METAR KSTC 121453Z 15016G23KT 10SM FEW070 15/09 A2972 RMK AO2 SLP074 T01500094 58003 $",2025-10-12 15:19:09.346768,2025-10-12 11:19:09.346813
"KTCC","Tucumcari Muni, NM, US",2025-10-12 14:53:00,"2025-10-12 08:53:00","VFR",21.1,15,250,14,22,NA,1010.2,"METAR KTCC 121453Z AUTO 25014G22KT 10SM CLR 21/15 A2983 RMK AO2 SLP046 T02110150 53006",2025-10-12 15:19:09.353343,2025-10-12 11:19:09.353389
"KSTP","Saint Paul/Downtown Arpt, MN, US",2025-10-12 14:53:00,"2025-10-12 09:53:00","VFR",14.4,9.4,150,13,23,NA,1009.9,"METAR KSTP 121453Z 15013G23KT 10SM CLR 14/09 A2982 RMK AO2 PK WND 14026/1405 SLP096 T01440094 56006",2025-10-12 15:19:09.359826,2025-10-12 11:19:09.35987
"KSTJ","St Joseph/Rosecrans Mem, MO, US",2025-10-12 14:53:00,"2025-10-12 09:53:00","VFR",21.1,13.9,180,10,17,NA,1008.9,"METAR KSTJ 121453Z 18010G17KT 10SM CLR 21/14 A2979 RMK AO2 SLP081 T02110139 58007",2025-10-12 15:19:09.366312,2025-10-12 11:19:09.366357
"KSRQ","Sarasota-Bradenton Intl, FL, US",2025-10-12 14:53:00,"2025-10-12 10:53:00","VFR",23.9,17.2,60,6,NA,NA,1010.2,"METAR KSRQ 121453Z 06006KT 10SM CLR 24/17 A2983 RMK AO2 SLP100 T02390172 51012",2025-10-12 15:19:09.372781,2025-10-12 11:19:09.372826
"KSSF","San Antonio/Stinson Muni, TX, US",2025-10-12 14:53:00,"2025-10-12 09:53:00","VFR",25,16.1,180,4,NA,NA,1012.3,"METAR KSSF 121453Z 18004KT 10SM CLR 25/16 A2989 RMK AO2 SLP112 T02500161 53007 $",2025-10-12 15:19:09.379372,2025-10-12 11:19:09.379419
"KSWO","Stillwater Muni, OK, US",2025-10-12 14:53:00,"2025-10-12 09:53:00","VFR",25,12.8,190,14,21,NA,1009.6,"METAR KSWO 121453Z 19014G21KT 10SM CLR 25/13 A2981 RMK AO2 SLP080 T02500128 51003",2025-10-12 15:19:09.386021,2025-10-12 11:19:09.386067
"KTCL","Tuscaloosa Rgnl, AL, US",2025-10-12 14:53:00,"2025-10-12 09:53:00","VFR",21.1,11.1,320,4,NA,NA,1013.6,"METAR KTCL 121453Z AUTO 32004KT 10SM CLR 21/11 A2993 RMK AO2 SLP134 T02110111 50004",2025-10-12 15:19:09.404813,2025-10-12 11:19:09.40486
"KSLN","Salina Rgnl, KS, US",2025-10-12 14:53:00,"2025-10-12 09:53:00","VFR",23.3,11.7,180,17,28,NA,1004.5,"METAR KSLN 121453Z 18017G28KT 10SM CLR 23/12 A2966 RMK AO2 PK WND 17032/1400 SLP033 T02330117 56006",2025-10-12 15:19:09.411763,2025-10-12 11:19:09.41181
"KSPW","Spencer Muni, IA, US",2025-10-12 14:53:00,"2025-10-12 09:53:00","VFR",16.1,12.8,140,20,30,NA,1005.2,"METAR KSPW 121453Z AUTO 14020G30KT 10SM OVC090 16/13 A2968 RMK AO2 PK WND 14031/1405 RAB42E51 SLP049 P0000 60000 T01610128 58010",2025-10-12 15:19:09.418575,2025-10-12 11:19:09.41862
"KSNA","Santa Ana/Wayne Arpt, CA, US",2025-10-12 14:53:00,"2025-10-12 07:53:00","VFR",16.1,12.8,20,3,NA,NA,1008.2,"METAR KSNA 121453Z 02003KT 10SM FEW015 16/13 A2977 RMK AO2 SLP080 T01610128 51003",2025-10-12 15:19:09.425038,2025-10-12 11:19:09.425083
"KSPB","Scappoose Ind Arpk, OR, US",2025-10-12 14:53:00,"2025-10-12 14:53:00","VFR",10.6,7.8,NA,3,NA,NA,1014.3,"METAR KSPB 121453Z AUTO VRB03KT 10SM OVC043 11/08 A2995 RMK AO2 SLP141 T01060078 58009",2025-10-12 15:19:09.431506,2025-10-12 11:19:09.431553
"KTDZ","Toledo Executive Arpt, OH, US",2025-10-12 14:53:00,"2025-10-12 10:53:00","VFR",15,12.8,10,6,NA,7,1018.4,"METAR KTDZ 121453Z AUTO 01006KT 7SM FEW022 SCT026 BKN035 15/13 A3007 RMK AO2 SLP182 T01500128 50000",2025-10-12 15:19:09.438021,2025-10-12 11:19:09.438067
"KTAN","Taunton Muni, MA, US",2025-10-12 14:52:00,"2025-10-12 14:52:00","MVFR",12.8,11.1,NA,5,NA,6,1022.4,"METAR KTAN 121452Z AUTO VRB05KT 6SM BR OVC013 13/11 A3019 RMK AO2 SLP222 T01280111 58001",2025-10-12 15:19:09.444565,2025-10-12 11:19:09.44462
"KSPI","Springfield/Lincoln Capital Arpt, IL, US",2025-10-12 14:52:00,"2025-10-12 09:52:00","VFR",16.7,8.3,130,5,NA,NA,1016,"METAR KSPI 121452Z 13005KT 10SM CLR 17/08 A3000 RMK AO2 SLP156 T01670083 50003",2025-10-12 15:19:09.451078,2025-10-12 11:19:09.451124
"KSPS","Wichita Falls Rgnl, TX, US",2025-10-12 14:52:00,"2025-10-12 09:52:00","VFR",25.6,11.7,200,11,NA,NA,1010.2,"METAR KSPS 121452Z AUTO 20011KT 10SM CLR 26/12 A2983 RMK AO2 SLP087 T02560117 53010",2025-10-12 15:19:09.457673,2025-10-12 11:19:09.457718
"KSUX","Sioux City/Day Fld, IA, US",2025-10-12 14:52:00,"2025-10-12 09:52:00","VFR",19.4,13.9,160,13,21,NA,1003.1,"METAR KSUX 121452Z 16013G21KT 10SM FEW120 19/14 A2962 RMK AO2 PK WND 16029/1427 SLP024 60000 T01940139 55007",2025-10-12 15:19:09.464094,2025-10-12 11:19:09.464138
"KTEB","Teterboro Arpt, NJ, US",2025-10-12 14:51:00,"2025-10-12 10:51:00","VFR",15.6,8.9,30,11,18,NA,1018.7,"METAR KTEB 121451Z 03011G18KT 10SM SCT075 16/09 A3008 RMK AO2 SLP186 T01560089 50002 $",2025-10-12 15:19:09.470628,2025-10-12 11:19:09.470676
"KSMX","Santa Maria/Hancock Fld, CA, US",2025-10-12 14:51:00,"2025-10-12 07:51:00","VFR",17.2,5,20,10,NA,NA,1011.3,"METAR KSMX 121451Z 02010KT 10SM CLR 17/05 A2986 RMK AO2 SLP112 T01720050 53000 $",2025-10-12 15:19:09.477103,2025-10-12 11:19:09.477164
"KSLK","Saranac Lake/Adirondack Rgnl, NY, US",2025-10-12 14:51:00,"2025-10-12 10:51:00","VFR",15,2.8,NA,5,NA,NA,1024.5,"METAR KSLK 121451Z AUTO VRB05KT 10SM CLR 15/03 A3025 RMK AO2 SLP252 T01500028 50005",2025-10-12 15:19:09.483869,2025-10-12 11:19:09.483916
"KSTL","St Louis/Lambert Intl, MO, US",2025-10-12 14:51:00,"2025-10-12 09:51:00","VFR",20,12.2,140,7,NA,NA,1015.3,"METAR KSTL 121451Z 14007KT 10SM FEW250 20/12 A2998 RMK AO2 SLP146 T02000122 51005 $",2025-10-12 15:19:09.490464,2025-10-12 11:19:09.490511
"KSZT","Sandpoint Arpt, ID, US",2025-10-12 14:50:00,"2025-10-12 14:50:00","VFR",6,5,230,4,NA,NA,1008.5,"METAR KSZT 121450Z AUTO 23004KT 10SM SCT090 BKN120 06/05 A2978 RMK AO2",2025-10-12 15:19:09.496937,2025-10-12 11:19:09.496982
"KT41","La Porte Muni, TX, US",2025-10-12 14:50:00,"2025-10-12 14:50:00","VFR",26.2,19.2,100,5,NA,NA,1013.3,"METAR KT41 121450Z AUTO 10005KT 10SM CLR 26/19 A2992 RMK AO2 TSNO T02620192",2025-10-12 15:19:09.503527,2025-10-12 11:19:09.503574
"KSUN","Hailey/Friedman Mem, ID, US",2025-10-12 14:47:00,"2025-10-12 08:47:00","IFR",1,1,130,6,NA,NA,1014.3,"METAR KSUN 121447Z 13006KT 10SM BKN008 01/01 A2995",2025-10-12 15:19:09.510138,2025-10-12 11:19:09.510205
"KSQL","San Carlos Arpt, CA, US",2025-10-12 14:47:00,"2025-10-12 07:47:00","VFR",13,9,0,0,NA,NA,1015,"METAR KSQL 121447Z 00000KT 10SM SKC 13/09 A2997",2025-10-12 15:19:09.516737,2025-10-12 11:19:09.516787
"KSUA","Stuart/Witham Fld, FL, US",2025-10-12 14:47:00,"2025-10-12 10:47:00","VFR",25,22,340,7,NA,7,1008.9,"METAR KSUA 121447Z 34007KT 7SM FEW014 25/22 A2979",2025-10-12 15:19:09.534809,2025-10-12 11:19:09.534889
"KSWF","Newburgh/Stewart Intl, NY, US",2025-10-12 14:45:00,"2025-10-12 10:45:00","VFR",15,9,50,15,20,NA,1020.7,"METAR KSWF 121445Z 05015G20KT 10SM OVC050 15/09 A3014",2025-10-12 15:19:09.542188,2025-10-12 11:19:09.542239
"KTKC","Tracy Muni, MN, US",2025-10-12 15:15:00,"2025-10-12 15:15:00","VFR",16,15,160,18,30,NA,1002.1,"METAR KTKC 121515Z AUTO 16018G30KT 10SM OVC085 16/15 A2959 RMK AO2",2025-10-12 15:19:11.062828,2025-10-12 11:19:11.062872
"KTMA","Tifton/Myers Arpt, GA, US",2025-10-12 15:15:00,"2025-10-12 11:15:00","VFR",20.5,14.1,330,6,NA,NA,1011.9,"METAR KTMA 121515Z AUTO 33006KT 10SM BKN160 20/14 A2988 RMK AO2 T02050141",2025-10-12 15:19:11.069425,2025-10-12 11:19:11.069471
"KU96","Halls Crossing Arpt, UT, US",2025-10-12 15:15:00,"2025-10-12 15:15:00","VFR",13.4,5.1,10,13,NA,9,1014.6,"METAR KU96 121515Z AUTO 01013KT 9SM CLR 13/05 A2996 RMK AO2 T01340051 $",2025-10-12 15:19:11.075783,2025-10-12 11:19:11.075825
"KTIF","Thedford/Thomas Cnty, NE, US",2025-10-12 15:15:00,"2025-10-12 15:15:00","VFR",19.8,10.8,300,12,17,NA,1002.1,"METAR KTIF 121515Z AUTO 30012G17KT 10SM SCT110 20/11 A2959 RMK AO2 T01980108",2025-10-12 15:19:11.082142,2025-10-12 11:19:11.082227
"KTSP","Tehachapi Muni, CA, US",2025-10-12 15:15:00,"2025-10-12 08:15:00","VFR",6,3,0,0,NA,NA,1015.3,"METAR KTSP 121515Z AUTO 00000KT 10SM CLR 06/03 A2998 RMK AO2",2025-10-12 15:19:11.088587,2025-10-12 11:19:11.088632
"KTKX","Kennett Arpt, MO, US",2025-10-12 15:15:00,"2025-10-12 10:15:00","VFR",22,16,120,4,NA,NA,1014.6,"METAR KTKX 121515Z AUTO 12004KT 10SM CLR 22/16 A2996 RMK AO2",2025-10-12 15:19:11.095337,2025-10-12 11:19:11.095383
"KUYF","London/Madison Cnty, OH, US",2025-10-12 15:15:00,"2025-10-12 15:15:00","IFR",16,10,70,6,NA,2.5,1017.4,"METAR KUYF 121515Z AUTO 07006KT 2 1/2SM HZ CLR 16/10 A3004 RMK AO2 VIS 2V3",2025-10-12 15:19:11.10182,2025-10-12 11:19:11.101864
"KUKT","Quakertown Arpt, PA, US",2025-10-12 15:15:00,"2025-10-12 11:15:00","VFR",16,11,30,7,13,NA,1018,"METAR KUKT 121515Z AUTO 03007G13KT 10SM CLR 16/11 A3006 RMK AO2",2025-10-12 15:19:11.108351,2025-10-12 11:19:11.108399
"KULM","New Ulm Muni, MN, US",2025-10-12 15:15:00,"2025-10-12 10:15:00","VFR",14,11,160,18,24,NA,1005.8,"METAR KULM 121515Z AUTO 16018G24KT 10SM -RA SCT065 120 14/11 A2970 RMK AO2",2025-10-12 15:19:11.114828,2025-10-12 11:19:11.114876
"KTOB","Dodge Center Arpt, MN, US",2025-10-12 15:15:00,"2025-10-12 15:15:00","VFR",14.4,9.6,160,16,23,NA,1010.2,"METAR KTOB 121515Z AUTO 16016G23KT 10SM OVC160 14/10 A2983 RMK AO2 PK WND 16026/1450 T01440096",2025-10-12 15:19:11.121349,2025-10-12 11:19:11.121395
"KTME","Houston/Executive Arpt, TX, US",2025-10-12 15:15:00,"2025-10-12 15:15:00","VFR",28,17,NA,6,NA,NA,1013.6,"METAR KTME 121515Z AUTO VRB06KT 10SM CLR 28/17 A2993 RMK AO2",2025-10-12 15:19:11.127871,2025-10-12 11:19:11.127918
"KTWT","Sturgis Muni, KY, US",2025-10-12 15:15:00,"2025-10-12 15:15:00",NA,NA,NA,0,0,NA,NA,1016,"METAR KTWT 121515Z AUTO 00000KT 10SM A3000 RMK AO2",2025-10-12 15:19:11.134415,2025-10-12 11:19:11.134461
"KTTF","Monroe/Custer Arpt, MI, US",2025-10-12 15:15:00,"2025-10-12 15:15:00","MVFR",16,12,NA,5,NA,NA,1018.4,"METAR KTTF 121515Z AUTO VRB05KT 10SM BKN015 BKN021 OVC028 16/12 A3007 RMK AO2",2025-10-12 15:19:11.153067,2025-10-12 11:19:11.153147
"KUXL","Sulphur/Southland Fld, LA, US",2025-10-12 15:15:00,"2025-10-12 15:15:00","VFR",26.2,17.2,0,0,NA,7,1014,"METAR KUXL 121515Z AUTO 00000KT 7SM CLR 26/17 A2994 RMK AO2 T02620172",2025-10-12 15:19:11.160465,2025-10-12 11:19:11.160511
"KUTA","Tunica Muni, MS, US",2025-10-12 15:15:00,"2025-10-12 10:15:00","VFR",24.2,16,0,0,NA,NA,1014.3,"METAR KUTA 121515Z AUTO 00000KT 10SM CLR 24/16 A2995 RMK AO2 T02420160 $",2025-10-12 15:19:11.16765,2025-10-12 11:19:11.167698
"KUMP","Indianapolis Metro, IN, US",2025-10-12 15:15:00,"2025-10-12 15:15:00","VFR",16.3,11.1,50,3,NA,8,1017.7,"METAR KUMP 121515Z AUTO 05003KT 8SM CLR 16/11 A3005 RMK AO2 T01630111 $",2025-10-12 15:19:11.174279,2025-10-12 11:19:11.174323
"KUKL","Burlington/Coffey Cnty, KS, US",2025-10-12 15:15:00,"2025-10-12 15:15:00","VFR",22.6,15,180,13,19,NA,1009.2,"METAR KUKL 121515Z AUTO 18013G19KT 10SM CLR 23/15 A2980 RMK AO2 T02260150",2025-10-12 15:19:11.180768,2025-10-12 11:19:11.180813
"KUOX","Oxford/University Arpt, MS, US",2025-10-12 15:15:00,"2025-10-12 10:15:00","VFR",22,12,0,0,NA,NA,1015,"METAR KUOX 121515Z AUTO 00000KT 10SM CLR 22/12 A2997 RMK AO2 PWINO",2025-10-12 15:19:11.187332,2025-10-12 11:19:11.187379
"KTQH","Tahlequah Muni, OK, US",2025-10-12 15:15:00,"2025-10-12 15:15:00",NA,25,16,170,10,NA,NA,NA,"METAR KTQH 121515Z AUTO 17010KT 10SM 25/16 RMK AO2",2025-10-12 15:19:11.193933,2025-10-12 11:19:11.193979
"KTYL","Taylor Arpt, AZ, US",2025-10-12 15:15:00,"2025-10-12 08:15:00","VFR",14,14,140,4,NA,NA,1016.7,"METAR KTYL 121515Z AUTO 14004KT 10SM SCT042 OVC055 14/14 A3002 RMK AO2",2025-10-12 15:19:11.200486,2025-10-12 11:19:11.200542
"KVAD","Valdosta/Moody AFB, GA, US",2025-10-12 15:13:00,"2025-10-12 11:13:00","VFR",21,14,360,9,NA,NA,1010.6,"SPECI KVAD 121513Z AUTO 36009KT 10SM -RA FEW090 SCT110 BKN130 BKN150 21/14 A2984 RMK AO2 RAB13 SLP106 $",2025-10-12 15:19:11.20706,2025-10-12 11:19:11.207107
"KTOL","Toledo/Express Arpt, OH, US",2025-10-12 15:06:00,"2025-10-12 11:06:00","IFR",12.8,11.1,30,7,NA,7,1018.4,"SPECI KTOL 121506Z 03007KT 7SM OVC005 13/11 A3007 RMK AO2 T01280111",2025-10-12 15:19:11.213561,2025-10-12 11:19:11.213605
"KUKF","Wilkesboro/Wilkes Cnty, NC, US",2025-10-12 15:05:00,"2025-10-12 11:05:00","MVFR",19,12,10,14,18,NA,1013.3,"METAR KUKF 121505Z AUTO 01014G18KT 10SM BKN030 BKN043 OVC048 19/12 A2992 RMK AO2",2025-10-12 15:19:11.220061,2025-10-12 11:19:11.220106
"KTTA","Sanford/Lee Cnty, NC, US",2025-10-12 15:05:00,"2025-10-12 15:05:00","IFR",18.2,18.2,360,13,21,7,1006.5,"METAR KTTA 121505Z AUTO 36013G21KT 7SM OVC009 18/18 A2972 RMK AO2 T01820182",2025-10-12 15:19:11.226572,2025-10-12 11:19:11.226615
"KUZA","Rock Hill/Bryant Fld, SC, US",2025-10-12 15:04:00,"2025-10-12 11:04:00","MVFR",20,13.9,10,14,22,NA,1009.6,"SPECI KUZA 121504Z AUTO 01014G22KT 10SM BKN027 BKN075 BKN120 20/14 A2981 RMK AO2 T02000139",2025-10-12 15:19:11.234029,2025-10-12 11:19:11.234074
"KUUU","Newport State Arpt, RI, US",2025-10-12 15:02:00,"2025-10-12 11:02:00","MVFR",13.9,11.1,40,13,25,NA,1021.1,"SPECI KUUU 121502Z AUTO 04013G25KT 10SM OVC014 14/11 A3015 RMK AO2 T01390111",2025-10-12 15:19:11.240665,2025-10-12 11:19:11.240712
"KTIP","Rantoul/Chanute AFB, IL, US",2025-10-12 14:58:00,"2025-10-12 14:58:00","VFR",16,8,130,7,NA,NA,1017,"METAR KTIP 121458Z AUTO 13007KT 10SM CLR 16/08 A3003 RMK AO2",2025-10-12 15:19:11.247208,2025-10-12 11:19:11.247254
"KTOA","Torrance Muni, CA, US",2025-10-12 14:57:00,"2025-10-12 07:57:00","VFR",14,12,0,0,NA,7,1008.2,"METAR KTOA 121457Z 00000KT 7SM FEW009 14/12 A2977 HZ",2025-10-12 15:19:11.253604,2025-10-12 11:19:11.253649
"KUKI","Ukiah Muni, CA, US",2025-10-12 14:56:00,"2025-10-12 07:56:00","VFR",6.1,5,0,0,NA,NA,1016,"METAR KUKI 121456Z AUTO 00000KT 10SM CLR 06/05 A3000 RMK AO2 SLP157 T00610050 56002",2025-10-12 15:19:11.260051,2025-10-12 11:19:11.260097
"KTVF","Thief River Rgnl, MN, US",2025-10-12 14:56:00,"2025-10-12 09:56:00","VFR",15.6,13.3,160,19,27,NA,998.4,"METAR KTVF 121456Z AUTO 16019G27KT 10SM SCT018 OVC045 16/13 A2948 RMK AO2 PK WND 16027/1453 RAB17E27 SLP982 P0000 60000 T01560133 56012",2025-10-12 15:19:11.266702,2025-10-12 11:19:11.26675
"KUCP","New Castle Muni, PA, US",2025-10-12 14:56:00,"2025-10-12 14:56:00","VFR",14.4,12.2,80,6,NA,NA,1018.7,"METAR KUCP 121456Z AUTO 08006KT 10SM BKN048 OVC055 14/12 A3008 RMK AO2 SLP201 T01440122 51006",2025-10-12 15:19:11.273312,2025-10-12 11:19:11.273358
"KVBT","Bentonville Muni, AR, US",2025-10-12 14:56:00,"2025-10-12 14:56:00","VFR",22.2,17.8,180,7,NA,NA,1013.6,"METAR KVBT 121456Z AUTO 18007KT 10SM CLR 22/18 A2993 RMK AO2 SLP129 T02220178 53008",2025-10-12 15:19:11.292256,2025-10-12 11:19:11.292307
"KUDG","Darlington Cnty, SC, US",2025-10-12 14:56:00,"2025-10-12 14:56:00","IFR",17.8,17.8,340,10,NA,NA,1006.2,"METAR KUDG 121456Z AUTO 34010KT 10SM OVC008 18/18 A2971 RMK AO2 RAE07 SLP059 P0000 60039 T01780178 50000 $",2025-10-12 15:19:11.299391,2025-10-12 11:19:11.29944
"KTOC","Toccoa/Lefourneau Fld, GA, US",2025-10-12 14:55:00,"2025-10-12 10:55:00","VFR",19.5,10.1,350,4,NA,NA,1011.9,"METAR KTOC 121455Z AUTO 35004KT 10SM CLR 20/10 A2988 RMK AO2 T01950101",2025-10-12 15:19:11.306476,2025-10-12 11:19:11.306521
"KTYQ","Indianapolis Exec, IN, US",2025-10-12 14:55:00,"2025-10-12 14:55:00","VFR",15.6,7.1,100,5,NA,NA,1017.4,"METAR KTYQ 121455Z AUTO 10005KT 10SM CLR 16/07 A3004 RMK AO2 T01560071",2025-10-12 15:19:11.312955,2025-10-12 11:19:11.313
"KVDI","Vidalia Rgnl, GA, US",2025-10-12 14:55:00,"2025-10-12 10:55:00","VFR",20,13,360,9,18,NA,1010.6,"METAR KVDI 121455Z AUTO 36009G18KT 10SM BKN070 20/13 A2984 RMK AO2",2025-10-12 15:19:11.319462,2025-10-12 11:19:11.319508
"KUNU","Juneau/Dodge Cnty, WI, US",2025-10-12 14:55:00,"2025-10-12 09:55:00","MVFR",14.9,8.6,120,10,NA,NA,1017.7,"METAR KUNU 121455Z AUTO 12010KT 10SM OVC026 15/09 A3005 RMK AO2 T01490086 TSNO",2025-10-12 15:19:11.326062,2025-10-12 11:19:11.32611
"KUUV","Sullivan Rgnl, MO, US",2025-10-12 14:55:00,"2025-10-12 14:55:00","VFR",19,14,180,7,NA,NA,1015.3,"METAR KUUV 121455Z AUTO 18007KT 10SM CLR 19/14 A2998 RMK AO2",2025-10-12 15:19:11.332747,2025-10-12 11:19:11.332793
"KTVI","Thomasville Rgnl, GA, US",2025-10-12 14:55:00,"2025-10-12 10:55:00","VFR",21,15,330,6,NA,NA,1011.9,"METAR KTVI 121455Z AUTO 33006KT 10SM CLR 21/15 A2988 RMK AO2",2025-10-12 15:19:11.339283,2025-10-12 11:19:11.339329
"KUVA","Uvalde/Garner Fld, TX, US",2025-10-12 14:55:00,"2025-10-12 09:55:00","VFR",22.7,15.8,140,4,NA,NA,1013.6,"METAR KUVA 121455Z AUTO 14004KT 10SM CLR 23/16 A2993 RMK AO2 T02270158",2025-10-12 15:19:11.345849,2025-10-12 11:19:11.345894
"KTIK","Tinker AFB, OK, US",2025-10-12 14:55:00,"2025-10-12 09:55:00","VFR",24.8,12,200,17,NA,NA,1008.9,"METAR KTIK 121455Z AUTO 20017KT 10SM FEW170 FEW200 25/12 A2979 RMK AO2 SLP077 T02480120 52008 $",2025-10-12 15:19:11.352418,2025-10-12 11:19:11.352463
"KU52","Beaver Muni, UT, US",2025-10-12 14:55:00,"2025-10-12 14:55:00","VFR",4,2,0,0,NA,NA,1017.7,"METAR KU52 121455Z AUTO 00000KT 10SM CLR 04/02 A3005 RMK AO2",2025-10-12 15:19:11.35895,2025-10-12 11:19:11.358995
"KUBE","Cumberland Muni, WI, US",2025-10-12 14:55:00,"2025-10-12 14:55:00","VFR",13,9,150,16,21,NA,1011.6,"METAR KUBE 121455Z AUTO 15016G21KT 10SM SCT013 SCT026 BKN120 13/09 A2987 RMK AO2",2025-10-12 15:19:11.365501,2025-10-12 11:19:11.365546
"KTKV","Tomahawk Rgnl, WI, US",2025-10-12 14:55:00,"2025-10-12 14:55:00","MVFR",12,7.1,150,11,18,NA,1016,"METAR KTKV 121455Z AUTO 15011G18KT 10SM BKN018 12/07 A3000 RMK AO2 T01200071 PWINO",2025-10-12 15:19:11.371999,2025-10-12 11:19:11.372045
"KU68","Cowley/N Big Horn Cnty, WY, US",2025-10-12 14:55:00,"2025-10-12 14:55:00","VFR",6,3,210,4,NA,NA,1007.5,"METAR KU68 121455Z AUTO 21004KT 10SM BKN065 06/03 A2975 RMK AO2",2025-10-12 15:19:11.378567,2025-10-12 11:19:11.378613
"KUWL","New Castle/Henry Cnty, IN, US",2025-10-12 14:55:00,"2025-10-12 14:55:00","VFR",16,9,100,4,NA,NA,1017,"METAR KUWL 121455Z AUTO 10004KT 10SM CLR 16/09 A3003 RMK A01",2025-10-12 15:19:11.385051,2025-10-12 11:19:11.385097
"KTVK","Centerville Muni, IA, US",2025-10-12 14:55:00,"2025-10-12 14:55:00",NA,16,15,140,10,NA,NA,1012.3,"METAR KTVK 121455Z AUTO 14010KT 10SM -DZ 16/15 A2989 RMK AO2",2025-10-12 15:19:11.391622,2025-10-12 11:19:11.391669
"KVBG","Vandenberg AFB, CA, US",2025-10-12 14:55:00,"2025-10-12 07:55:00","VFR",14.1,6.7,10,7,NA,NA,1010.9,"METAR KVBG 121455Z AUTO 01007KT 10SM CLR 14/07 A2985 RMK AO2 SLP111 T01410067 58001 TSNO $",2025-10-12 15:19:11.398191,2025-10-12 11:19:11.39824
"KTNU","Newton Muni, IA, US",2025-10-12 14:55:00,"2025-10-12 09:55:00","VFR",15,12,140,16,NA,NA,1011.3,"METAR KTNU 121455Z AUTO 14016KT 10SM CLR 15/12 A2986 RMK A01",2025-10-12 15:19:11.404738,2025-10-12 11:19:11.404786
"KTVY","Tooele Valley Arpt, UT, US",2025-10-12 14:55:00,"2025-10-12 14:55:00","VFR",6,4,180,7,NA,NA,1017.4,"METAR KTVY 121455Z AUTO 18007KT 10SM CLR 06/04 A3004 RMK AO2",2025-10-12 15:19:11.411304,2025-10-12 11:19:11.411352
"KU69","Duchesne Muni, UT, US",2025-10-12 14:55:00,"2025-10-12 14:55:00","VFR",6,-3,270,6,13,NA,1017,"METAR KU69 121455Z AUTO 27006G13KT 10SM CLR 06/M03 A3003 RMK A01",2025-10-12 15:19:11.430366,2025-10-12 11:19:11.430414
"KULS","Ulysses Arpt, KS, US",2025-10-12 14:55:00,"2025-10-12 14:55:00","VFR",22,14,220,14,NA,NA,1004.5,"METAR KULS 121455Z AUTO 22014KT 10SM CLR 22/14 A2966 RMK AO2",2025-10-12 15:19:11.43751,2025-10-12 11:19:11.437558
"KTZR","Columbus/Bolton Fld, OH, US",2025-10-12 14:55:00,"2025-10-12 14:55:00","VFR",15,10,20,5,NA,NA,1017.4,"METAR KTZR 121455Z 02005KT 10SM CLR 15/10 A3004",2025-10-12 15:19:11.444324,2025-10-12 11:19:11.444369
"KTHA","Tullahoma Rgnl, TN, US",2025-10-12 14:55:00,"2025-10-12 09:55:00","VFR",18,11,30,4,NA,NA,1014,"METAR KTHA 121455Z AUTO 03004KT 10SM CLR 18/11 A2994 RMK A01",2025-10-12 15:19:11.45085,2025-10-12 11:19:11.450894
"KVCV","Victorville/S California Arpt, CA, US",2025-10-12 14:55:00,"2025-10-12 07:55:00","VFR",11,1,160,4,NA,NA,1013.6,"METAR KVCV 121455Z AUTO 16004KT 10SM CLR 11/01 A2993 RMK AO2",2025-10-12 15:19:11.457513,2025-10-12 11:19:11.45756
"KTQK","Scott City Muni, KS, US",2025-10-12 14:55:00,"2025-10-12 14:55:00","VFR",20,13.9,200,14,NA,NA,1004.1,"METAR KTQK 121455Z AUTO 20014KT 10SM CLR 20/14 A2965 RMK AO2 T02000139",2025-10-12 15:19:11.464187,2025-10-12 11:19:11.464236
"KU14","Nephi Muni, UT, US",2025-10-12 14:55:00,"2025-10-12 08:55:00","VFR",5,3,NA,NA,NA,NA,1018,"METAR KU14 121455Z AUTO 10SM CLR 05/03 A3006 RMK AO2",2025-10-12 15:19:11.470732,2025-10-12 11:19:11.470778
"KUIN","Quincy/Baldwin Fld, IL, US",2025-10-12 14:54:00,"2025-10-12 09:54:00","VFR",17.8,11.7,150,8,NA,NA,1014.3,"METAR KUIN 121454Z AUTO 15008KT 10SM CLR 18/12 A2995 RMK AO2 SLP138 T01780117 51002 $",2025-10-12 15:19:11.47727,2025-10-12 11:19:11.477316
"KVAY","Mount Holly/S Jersey Rgnl, NJ, US",2025-10-12 14:54:00,"2025-10-12 10:54:00","VFR",16.1,10.6,50,9,19,NA,1016,"METAR KVAY 121454Z AUTO 05009G19KT 010V080 10SM FEW034 BKN048 BKN060 16/11 A3000 RMK AO2 SLP160 T01610106 51001",2025-10-12 15:19:11.48384,2025-10-12 11:19:11.483888
"KTQE","Tekamah Muni, NE, US",2025-10-12 14:54:00,"2025-10-12 14:54:00","VFR",20,13.9,150,14,24,NA,1003.1,"METAR KTQE 121454Z AUTO 15014G24KT 10SM FEW095 BKN120 20/14 A2962 RMK AO2 PK WND 14026/1433 SLP022 60000 T02000139 56018",2025-10-12 15:19:11.490374,2025-10-12 11:19:11.49042
"KTMB","Miami Exec Arpt, FL, US",2025-10-12 14:53:00,"2025-10-12 10:53:00","VFR",26.7,22.2,30,6,NA,NA,1008.9,"METAR KTMB 121453Z 03006KT 10SM -RA CLR 27/22 A2979 RMK AO2 RAE09B32 SLP087 P0000 60000 T02670222 51011 $",2025-10-12 15:19:11.496896,2025-10-12 11:19:11.496942
"KTTD","Portland/Troutdale Arpt, OR, US",2025-10-12 14:53:00,"2025-10-12 07:53:00","VFR",11.1,8.9,210,7,NA,NA,1014.6,"METAR KTTD 121453Z 21007KT 10SM -RA FEW049 OVC055 11/09 A2996 RMK AO2 RAB12 SLP145 P0001 60001 T01110089 58009",2025-10-12 15:19:11.50346,2025-10-12 11:19:11.503507
"KTHV","York Arpt, PA, US",2025-10-12 14:53:00,"2025-10-12 10:53:00","VFR",16.1,11.7,70,11,19,NA,1017,"METAR KTHV 121453Z AUTO 07011G19KT 10SM BKN080 OVC100 16/12 A3003 RMK AO2 SLP170 T01610117 55000",2025-10-12 15:19:11.509985,2025-10-12 11:19:11.510031
"KTVL","Lake Tahoe Arpt, CA, US",2025-10-12 14:53:00,"2025-10-12 07:53:00","VFR",-5.6,-7.2,190,4,NA,NA,1017,"METAR KTVL 121453Z AUTO 19004KT 10SM CLR M06/M07 A3003 RMK AO2 SLP174 T10561072 57002",2025-10-12 15:19:11.516535,2025-10-12 11:19:11.516582
"KTKI","McKinney Muni, TX, US",2025-10-12 14:53:00,"2025-10-12 14:53:00","VFR",25.6,15,200,8,NA,NA,1011.9,"METAR KTKI 121453Z 20008KT 10SM CLR 26/15 A2988 RMK AO2 SLP115 T02560150 51006",2025-10-12 15:19:11.523006,2025-10-12 11:19:11.523052
"KVCB","Vacaville/Nut Tree Arpt, CA, US",2025-10-12 14:53:00,"2025-10-12 14:53:00","VFR",10,5.6,0,0,NA,NA,1014,"METAR KVCB 121453Z AUTO 00000KT 10SM CLR 10/06 A2994 RMK AO2 SLP137 T01000056 $",2025-10-12 15:19:11.529545,2025-10-12 11:19:11.529592
"KTUP","Tupelo Rgnl, MS, US",2025-10-12 14:53:00,"2025-10-12 09:53:00","VFR",20.6,12.2,0,0,NA,NA,1014.6,"METAR KTUP 121453Z 00000KT 10SM CLR 21/12 A2996 RMK AO2 SLP141 T02060122 51009 $",2025-10-12 15:19:11.536184,2025-10-12 11:19:11.536232
"KTTN","Trenton/Mercer Arpt, NJ, US",2025-10-12 14:53:00,"2025-10-12 10:53:00","VFR",15.6,8.9,30,18,27,NA,1017,"METAR KTTN 121453Z 03018G27KT 10SM BKN038 OVC046 16/09 A3003 RMK AO2 PK WND 03027/1452 RAB10E20 SLP162 P0000 60000 T01560089 58000",2025-10-12 15:19:11.542784,2025-10-12 11:19:11.542831
"KTVC","Traverse City/Cherry Capital Arpt, MI, US",2025-10-12 14:53:00,"2025-10-12 10:53:00","IFR",10.6,10,150,5,NA,5,1020.4,"METAR KTVC 121453Z 15005KT 5SM BR OVC006 11/10 A3013 RMK AO2 CIG 005V010 SLP204 T01060100 53006",2025-10-12 15:19:11.561388,2025-10-12 11:19:11.561458
"KUTS","Huntsville Muni, TX, US",2025-10-12 14:53:00,"2025-10-12 09:53:00","VFR",25,16.7,0,0,NA,NA,1013.6,"METAR KUTS 121453Z AUTO 00000KT 10SM CLR 25/17 A2993 RMK AO1 SLP129 T02500167 51014",2025-10-12 15:19:11.568851,2025-10-12 11:19:11.5689
"KTVR","Vicksburg/Tallulah Rgnl, LA, US",2025-10-12 14:53:00,"2025-10-12 14:53:00","VFR",24.4,13.9,140,6,NA,NA,1014.3,"METAR KTVR 121453Z AUTO 14006KT 10SM CLR 24/14 A2995 RMK AO2 SLP147 T02440139 51009 TSNO",2025-10-12 15:19:11.576049,2025-10-12 11:19:11.576099
"KTOR","Torrington Muni, WY, US",2025-10-12 14:53:00,"2025-10-12 08:53:00","VFR",11.7,-1.1,280,17,31,NA,1007.5,"METAR KTOR 121453Z AUTO 28017G31KT 10SM OVC120 12/M01 A2975 RMK AO2 PK WND 27036/1425 SLP052 T01171011 53028 $",2025-10-12 15:19:11.582764,2025-10-12 11:19:11.582809
"KUNV","State College/Univ Park Arpt, PA, US",2025-10-12 14:53:00,"2025-10-12 10:53:00","MVFR",15,13,50,7,NA,NA,1019.4,"METAR KUNV 121453Z 05007KT 10SM SCT016 BKN022 BKN040 15/13 A3010",2025-10-12 15:19:11.589315,2025-10-12 11:19:11.589362
"KTOP","Topeka/Billard Muni, KS, US",2025-10-12 14:53:00,"2025-10-12 09:53:00","VFR",21.7,15,170,9,18,NA,1007.9,"METAR KTOP 121453Z 17009G18KT 10SM CLR 22/15 A2976 RMK AO2 SLP072 T02170150 58006",2025-10-12 15:19:11.595881,2025-10-12 11:19:11.595926
"KTUL","Tulsa Intl Arpt, OK, US",2025-10-12 14:53:00,"2025-10-12 09:53:00","VFR",22.8,16.7,170,13,21,NA,1010.9,"METAR KTUL 121453Z 17013G21KT 10SM FEW150 23/17 A2985 RMK AO2 SLP100 T02280167 51005 $",2025-10-12 15:19:11.602592,2025-10-12 11:19:11.602638
"KTRI","Bristol/Tri-Cities Arpt, TN, US",2025-10-12 14:53:00,"2025-10-12 10:53:00","VFR",16.1,10.6,0,0,NA,NA,1014,"METAR KTRI 121453Z 00000KT 10SM FEW045 SCT250 16/11 A2994 RMK AO2 SLP124 T01610106 56006",2025-10-12 15:19:11.60913,2025-10-12 11:19:11.609196
"KVEL","Vernal Rgnl, UT, US",2025-10-12 14:53:00,"2025-10-12 08:53:00","VFR",6.7,1.7,110,6,NA,NA,1016.3,"METAR KVEL 121453Z AUTO 11006KT 10SM CLR 07/02 A3001 RMK AO2 SLP133 T00670017 51026 $",2025-10-12 15:19:11.61574,2025-10-12 11:19:11.615785
"KTRL","Terrell Muni, TX, US",2025-10-12 14:53:00,"2025-10-12 09:53:00","VFR",23.9,15.6,220,9,NA,NA,1012.6,"METAR KTRL 121453Z AUTO 22009KT 10SM CLR 24/16 A2990 RMK AO2 SLP119 T02390156 51009",2025-10-12 15:19:11.62231,2025-10-12 11:19:11.622357
"KUNO","West Plains Rgnl, MO, US",2025-10-12 14:53:00,"2025-10-12 14:53:00","VFR",18.9,12.8,160,4,NA,NA,1015.3,"METAR KUNO 121453Z AUTO 16004KT 10SM BKN042 19/13 A2998 RMK AO2 SLP145 T01890128 51005",2025-10-12 15:19:11.628927,2025-10-12 11:19:11.628982
"KTOI","Troy Muni, AL, US",2025-10-12 14:53:00,"2025-10-12 09:53:00","VFR",18.9,12.2,0,0,NA,NA,1013.3,"METAR KTOI 121453Z AUTO 00000KT 10SM CLR 19/12 A2992 RMK AO2 SLP128 T01890122 51010",2025-10-12 15:19:11.635444,2025-10-12 11:19:11.635489
"KTXK","Texarkana Rgnl, AR, US",2025-10-12 14:53:00,"2025-10-12 09:53:00","VFR",25.6,17.2,120,4,NA,NA,1013.3,"METAR KTXK 121453Z 12004KT 10SM FEW075 26/17 A2992 RMK AO2 SLP128 T02560172 51009",2025-10-12 15:19:11.641961,2025-10-12 11:19:11.642007
"KUIL","Quillayute State Arpt, WA, US",2025-10-12 14:53:00,"2025-10-12 07:53:00","VFR",8.9,3.9,260,4,NA,NA,1010.9,"METAR KUIL 121453Z AUTO 26004KT 10SM FEW034 SCT041 BKN110 09/04 A2985 RMK AO2 SLP109 T00890039 56008 $",2025-10-12 15:19:11.648567,2025-10-12 11:19:11.648612
"KTIW","Tacoma Narrows Arpt, WA, US",2025-10-12 14:53:00,"2025-10-12 07:53:00","VFR",10.6,6.7,190,10,18,NA,1011.6,"METAR KTIW 121453Z 19010G18KT 10SM OVC049 11/07 A2987 RMK AO2 RAB31E53 SLP116 P0000 60000 T01060067 53001",2025-10-12 15:19:11.655089,2025-10-12 11:19:11.655134
"KTUS","Tucson Intl Arpt, AZ, US",2025-10-12 14:53:00,"2025-10-12 07:53:00","VFR",21.7,18.9,150,8,NA,NA,1010.6,"METAR KTUS 121453Z 15008KT 10SM CLR 22/19 A2984 RMK AO2 SLP067 T02170189 53003",2025-10-12 15:19:11.661649,2025-10-12 11:19:11.661694
"KUAO","Aurora State Arpt, OR, US",2025-10-12 14:53:00,"2025-10-12 14:53:00","VFR",10.6,8.9,200,6,NA,NA,1015,"METAR KUAO 121453Z 20006KT 10SM SCT036 OVC075 11/09 A2997 RMK AO2 RAB05E14 SLP149 P0000 60000 T01060089 58015",2025-10-12 15:19:11.668199,2025-10-12 11:19:11.668247
"KTPA","Tampa Intl Arpt, FL, US",2025-10-12 14:53:00,"2025-10-12 10:53:00","VFR",23.9,17.2,NA,5,NA,NA,1010.6,"METAR KTPA 121453Z VRB05KT 10SM CLR 24/17 A2984 RMK AO2 SLP103 T02390172 51008 $",2025-10-12 15:19:11.674812,2025-10-12 11:19:11.67486
"KTLH","Tallahassee Intl, FL, US",2025-10-12 14:53:00,"2025-10-12 10:53:00","VFR",22.8,14.4,340,6,NA,NA,1011.3,"METAR KTLH 121453Z 34006KT 10SM SCT150 BKN200 23/14 A2986 RMK AO2 SLP111 T02280144 50005",2025-10-12 15:19:11.681478,2025-10-12 11:19:11.681524
"KTWF","Twin Falls/Joslin Fld, ID, US",2025-10-12 14:53:00,"2025-10-12 08:53:00","VFR",5.6,-1.1,220,10,NA,NA,1015.3,"METAR KTWF 121453Z 22010KT 10SM FEW050 06/M01 A2998 RMK AO2 SLP139 T00561011 51010",2025-10-12 15:19:11.700526,2025-10-12 11:19:11.700575
"KTYR","Tyler/Pounds Fld, TX, US",2025-10-12 14:53:00,"2025-10-12 09:53:00","VFR",24.4,15.6,230,9,NA,NA,1013.3,"METAR KTYR 121453Z 23009KT 10SM CLR 24/16 A2992 RMK AO2 SLP124 T02440156 51010",2025-10-12 15:19:11.707624,2025-10-12 11:19:11.707671
"KTYS","Knoxville/Tyson Arpt, TN, US",2025-10-12 14:53:00,"2025-10-12 10:53:00","VFR",18.3,9.4,30,9,NA,NA,1013.6,"METAR KTYS 121453Z 03009KT 10SM FEW250 18/09 A2993 RMK AO2 SLP128 T01830094 50005",2025-10-12 15:19:11.71458,2025-10-12 11:19:11.714625
"KTRM","Thermal Arpt, CA, US",2025-10-12 14:52:00,"2025-10-12 07:52:00","VFR",21.1,6.7,30,6,NA,NA,1005.8,"METAR KTRM 121452Z AUTO 03006KT 10SM CLR 21/07 A2970 RMK AO2 SLP057 T02110067 51015 TSNO",2025-10-12 15:19:11.721108,2025-10-12 11:19:11.721171
"KTPL","Temple/Miller Rgnl, TX, US",2025-10-12 14:51:00,"2025-10-12 09:51:00",NA,24.4,16.7,220,7,NA,NA,1013.3,"METAR KTPL 121451Z AUTO 22007KT CLR 24/17 A2992 RMK AO2 SLP120 T02440167 51009 PWINO RVRNO $",2025-10-12 15:19:11.72756,2025-10-12 11:19:11.727605
"KUGN","Waukegan Rgnl, IL, US",2025-10-12 14:51:00,"2025-10-12 09:51:00","VFR",15,10.6,160,8,NA,NA,1017.4,"METAR KUGN 121451Z 16008KT 10SM FEW021 SCT027 15/11 A3004 RMK AO2 SLP170 T01500106 50002",2025-10-12 15:19:11.734128,2025-10-12 11:19:11.734195
"KVCT","Victoria Rgnl, TX, US",2025-10-12 14:51:00,"2025-10-12 09:51:00","VFR",26.1,18.3,140,6,NA,NA,1012.3,"METAR KVCT 121451Z 14006KT 10SM CLR 26/18 A2989 RMK AO2 SLP121 T02610183 53009",2025-10-12 15:19:11.740788,2025-10-12 11:19:11.740833
"KUSE","Wauseon/Fulton Cnty, OH, US",2025-10-12 14:50:00,"2025-10-12 14:50:00","LIFR",11,11,NA,5,NA,1.25,1018.7,"METAR KUSE 121450Z AUTO VRB05KT 1 1/4SM BR OVC002 11/11 A3008 RMK AO2",2025-10-12 15:19:11.747403,2025-10-12 11:19:11.747447
"KU55","Panguitch Muni, UT, US",2025-10-12 14:50:00,"2025-10-12 08:50:00","VFR",3,1,0,0,NA,NA,1018,"METAR KU55 121450Z AUTO 00000KT 10SM CLR 03/01 A3006 RMK A01",2025-10-12 15:19:11.753872,2025-10-12 11:19:11.753917
"KTIX","Titusville/Space Coast Rgnl, FL, US",2025-10-12 14:47:00,"2025-10-12 10:47:00","VFR",24,17,350,4,NA,7,1009.9,"METAR KTIX 121447Z 35004KT 7SM SCT030 24/17 A2982",2025-10-12 15:19:11.760336,2025-10-12 11:19:11.76038
"KUES","Waukesha Cnty, WI, US",2025-10-12 14:45:00,"2025-10-12 09:45:00","MVFR",15,9,140,8,NA,NA,1018,"METAR KUES 121445Z 14008KT 10SM OVC026 15/09 A3006",2025-10-12 15:19:11.766887,2025-10-12 11:19:11.766933
"KTRK","Truckee/Tahoe Arpt, CA, US",2025-10-12 14:45:00,"2025-10-12 07:45:00","LIFR",-4,-4,0,0,NA,0.13,1018,"METAR KTRK 121445Z 00000KT 1/8SM FZFG OVC002 M04/M04 A3006",2025-10-12 15:19:11.773308,2025-10-12 11:19:11.773353
"KUCY","Union City/Everett-Stewart Rgnl, TN, US",2025-10-12 14:45:00,"2025-10-12 09:45:00","MVFR",20,14,0,0,NA,4,1014.6,"METAR KUCY 121445Z AUTO 00000KT 4SM HZ CLR 20/14 A2996 RMK A01",2025-10-12 15:19:11.779775,2025-10-12 11:19:11.779818
"KTTS","NASA Shuttle Landing Arpt, FL, US",2025-10-12 13:55:00,"2025-10-12 13:55:00","VFR",21.1,17.3,340,5,NA,NA,1008.2,"METAR KTTS 121355Z AUTO 34005KT 10SM SCT020 21/17 A2977 RMK AO2 SLP085 T02110173 FZRANO $",2025-10-12 15:19:11.786308,2025-10-12 11:19:11.786354
"KVTI","Vinton/Veterans Mem, IA, US",2025-10-12 15:15:00,"2025-10-12 15:15:00","VFR",15.7,9.3,140,14,19,NA,1012.6,"METAR KVTI 121515Z AUTO 14014G19KT 10SM CLR 16/09 A2990 RMK AO2 T01570093",2025-10-12 15:19:13.22802,2025-10-12 11:19:13.228068
"KVGC","Hamilton Muni, NY, US",2025-10-12 15:15:00,"2025-10-12 15:15:00","VFR",16,7,80,11,15,NA,1022.4,"METAR KVGC 121515Z AUTO 08011G15KT 10SM CLR 16/07 A3019 RMK AO2",2025-10-12 15:19:13.247413,2025-10-12 11:19:13.247459
"KVVS","Connellsville/Hardy Arpt, PA, US",2025-10-12 15:15:00,"2025-10-12 15:15:00","MVFR",17.8,11.8,90,9,16,NA,1017,"METAR KVVS 121515Z AUTO 09009G16KT 10SM OVC025 18/12 A3003 RMK AO2 T01780118",2025-10-12 15:19:13.254445,2025-10-12 11:19:13.254492
"KW96","Quinton/New Kent Cnty, VA, US",2025-10-12 15:15:00,"2025-10-12 15:15:00","IFR",18,17,40,9,14,4,1010.2,"METAR KW96 121515Z AUTO 04009G14KT 4SM OVC008 18/17 A2983 RMK AO1 T01800170",2025-10-12 15:19:13.261054,2025-10-12 11:19:13.261096
"KVWU","Waskish Muni, MN, US",2025-10-12 15:15:00,"2025-10-12 15:15:00",NA,16,14,150,13,18,NA,1001.8,"METAR KVWU 121515Z AUTO 15013G18KT BKN027 OVC085 16/14 A2958 RMK AO2 PWINO",2025-10-12 15:19:13.267532,2025-10-12 11:19:13.267577
"KXLL","Allentown/Queen City, PA, US",2025-10-12 15:15:00,"2025-10-12 15:15:00","VFR",15,11,30,13,17,NA,1018.7,"METAR KXLL 121515Z AUTO 03013G17KT 10SM SCT018 SCT120 15/11 A3008 RMK AO2 TSNO",2025-10-12 15:19:13.274035,2025-10-12 11:19:13.274081
"KVNW","Van Wert Cnty Arpt, OH, US",2025-10-12 15:15:00,"2025-10-12 15:15:00","VFR",15,8,70,4,NA,NA,1018,"METAR KVNW 121515Z AUTO 07004KT 10SM CLR 15/08 A3006 RMK AO2",2025-10-12 15:19:13.28074,2025-10-12 11:19:13.280786
"KW81","Crewe Muni, VA, US",2025-10-12 15:15:00,"2025-10-12 15:15:00","IFR",17,15.5,40,8,18,2.5,1010.2,"METAR KW81 121515Z AUTO 04008G18KT 010V070 2 1/2SM OVC007 17/16 A2983 RMK AO1 P0001 T01700155",2025-10-12 15:19:13.287214,2025-10-12 11:19:13.287261
"KY70","Ionia Cnty Arpt, MI, US",2025-10-12 15:15:00,"2025-10-12 15:15:00","LIFR",10,10,NA,3,NA,4,1019.7,"METAR KY70 121515Z AUTO VRB03KT 4SM BR OVC001 10/10 A3011 RMK AO2",2025-10-12 15:19:13.293752,2025-10-12 11:19:13.293797
"KXSA","Tappahannock/Essex Cnty, VA, US",2025-10-12 15:15:00,"2025-10-12 15:15:00","MVFR",NA,NA,30,9,16,NA,1011.6,"METAR KXSA 121515Z AUTO 03009G16KT 10SM -DZ BKN011 OVC017 A2987 RMK AO2",2025-10-12 15:19:13.300314,2025-10-12 11:19:13.30036
"KY19","Mandan Muni, ND, US",2025-10-12 15:15:00,"2025-10-12 15:15:00",NA,14,13,280,22,31,NA,995.3,"METAR KY19 121515Z AUTO 28022G31KT 10SM 14/13 A2939 RMK AO2",2025-10-12 15:19:13.306809,2025-10-12 11:19:13.306854
"KY51","Viroqua Muni, WI, US",2025-10-12 15:15:00,"2025-10-12 15:15:00","VFR",11.7,9,140,9,15,NA,1014.6,"METAR KY51 121515Z AUTO 14009G15KT 10SM CLR 12/09 A2996 RMK AO1 T01170090",2025-10-12 15:19:13.313383,2025-10-12 11:19:13.313428
"KW43","Hulett Muni, WY, US",2025-10-12 15:15:00,"2025-10-12 15:15:00","MVFR",5,3,280,4,NA,NA,1006.5,"METAR KW43 121515Z AUTO 28004KT 10SM -RA OVC012 05/03 A2972 RMK AO2",2025-10-12 15:19:13.319872,2025-10-12 11:19:13.319918
"KVER","Boonville/Vertel Mem, MO, US",2025-10-12 15:15:00,"2025-10-12 15:15:00","VFR",19.4,13.7,150,8,14,NA,1013,"METAR KVER 121515Z AUTO 15008G14KT 10SM CLR 19/14 A2991 RMK AO2 T01940137",2025-10-12 15:19:13.326389,2025-10-12 11:19:13.326434
"KW31","Kenbridge/Lunenburg Cnty, VA, US",2025-10-12 15:15:00,"2025-10-12 15:15:00","IFR",17.9,17.8,20,9,18,3,1009.6,"METAR KW31 121515Z AUTO 02009G18KT 340V050 3SM OVC005 18/18 A2981 RMK AO1 T01790178",2025-10-12 15:19:13.332815,2025-10-12 11:19:13.332859
"KW78","South Boston/Tuck Arpr, VA, US",2025-10-12 15:15:00,"2025-10-12 15:15:00","MVFR",17.6,15.8,20,8,15,5,1009.9,"METAR KW78 121515Z AUTO 02008G15KT 5SM OVC010 18/16 A2982 RMK AO1 T01760158",2025-10-12 15:19:13.339261,2025-10-12 11:19:13.339306
"KWWR","Woodward Arpt, OK, US",2025-10-12 15:15:00,"2025-10-12 10:15:00","VFR",22,9,180,17,22,NA,1008.2,"METAR KWWR 121515Z AUTO 18017G22KT 10SM CLR 22/09 A2977 RMK AO2",2025-10-12 15:19:13.345917,2025-10-12 11:19:13.345963
"KX60","Williston Muni, FL, US",2025-10-12 15:15:00,"2025-10-12 15:15:00","VFR",23.3,16.5,360,7,NA,NA,1010.6,"METAR KX60 121515Z AUTO 36007KT 10SM CLR 23/17 A2984 RMK AO2 T02330165",2025-10-12 15:19:13.352529,2025-10-12 11:19:13.352576
"KW63","Clarksville/Lake Country Arpt, VA, US",2025-10-12 15:15:00,"2025-10-12 15:15:00","IFR",18,17,10,7,17,4,1008.9,"METAR KW63 121515Z AUTO 01007G17KT 4SM OVC007 18/17 A2979 RMK AO1 P0001",2025-10-12 15:19:13.359215,2025-10-12 11:19:13.359263
"KX59","Valkaria Arpt, FL, US",2025-10-12 15:15:00,"2025-10-12 15:15:00","VFR",24.3,23.3,360,7,NA,9,1008.9,"METAR KX59 121515Z AUTO 36007KT 9SM FEW021 24/23 A2979 RMK AO2 T02430233 $",2025-10-12 15:19:13.37828,2025-10-12 11:19:13.378326
"KVVV","Ortonville Muni, MN, US",2025-10-12 15:15:00,"2025-10-12 15:15:00","VFR",16,16,140,15,24,NA,1000.4,"METAR KVVV 121515Z AUTO 14015G24KT 10SM BKN090 16/16 A2954 RMK AO2",2025-10-12 15:19:13.385478,2025-10-12 11:19:13.38553
"KW22","Buckhannon/Upshur Cnty, WV, US",2025-10-12 15:15:00,"2025-10-12 15:15:00","VFR",18,13,20,5,NA,NA,1015.3,"METAR KW22 121515Z AUTO 02005KT 10SM OVC033 18/13 A2998 RMK AO2",2025-10-12 15:19:13.392624,2025-10-12 11:19:13.39267
"KVLL","Oakland-Troy Arpt, MI, US",2025-10-12 15:15:00,"2025-10-12 15:15:00","VFR",15,11,80,8,NA,NA,1019,"METAR KVLL 121515Z AUTO 08008KT 10SM CLR 15/11 A3009 RMK AO2",2025-10-12 15:19:13.399187,2025-10-12 11:19:13.399235
"KY31","West Branch Arpt, MI, US",2025-10-12 15:15:00,"2025-10-12 11:15:00","VFR",14.7,11.1,100,9,14,NA,1020.1,"METAR KY31 121515Z AUTO 10009G14KT 10SM SCT014 15/11 A3012 RMK AO2 T01470111",2025-10-12 15:19:13.405685,2025-10-12 11:19:13.40573
"KXVG","Longville Muni, MN, US",2025-10-12 15:13:00,"2025-10-12 15:13:00","VFR",12,11,140,9,18,NA,1004.5,"METAR KXVG 121513Z AUTO 14009G18KT 104V174 10SM -RA SCT090 12/11 A2966 RMK AO2",2025-10-12 15:19:13.412279,2025-10-12 11:19:13.412326
"KVRB","Vero Beach Muni, FL, US",2025-10-12 15:08:00,"2025-10-12 11:08:00","VFR",22.8,18.9,320,8,NA,NA,1009.6,"SPECI KVRB 121508Z 32008KT 10SM SCT012 23/19 A2981 RMK AO2 T02280189 $",2025-10-12 15:19:13.418859,2025-10-12 11:19:13.418905
"KWWD","Wildwood/Cape May Cnty, NJ, US",2025-10-12 15:07:00,"2025-10-12 11:07:00","MVFR",17,16,50,18,34,6,1013,"SPECI KWWD 121507Z AUTO 05018G34KT 6SM -RA BR OVC014 17/16 A2991 RMK AO2 PK WND 05034/1501 P0001",2025-10-12 15:19:13.425352,2025-10-12 11:19:13.425399
"KWAL","Wallops Island Facility Arpt, VA, US",2025-10-12 15:05:00,"2025-10-12 11:05:00","MVFR",18.3,17.2,50,28,40,3,1010.2,"SPECI KWAL 121505Z AUTO 05028G40KT 3SM -RA BR BKN013 OVC020 18/17 A2983 RMK AO2 PK WND 04040/1505 P0001 T01830172",2025-10-12 15:19:13.43177,2025-10-12 11:19:13.431813
"KVUJ","Albemarle/Stanly Cnty, NC, US",2025-10-12 15:05:00,"2025-10-12 15:05:00","MVFR",17.7,15.5,360,11,26,NA,1009.6,"METAR KVUJ 121505Z AUTO 36011G26KT 10SM OVC013 18/16 A2981 RMK AO2 LTG DSNT E T01770155",2025-10-12 15:19:13.438309,2025-10-12 11:19:13.438356
"KW40","Mt Olive Muni, NC, US",2025-10-12 15:05:00,"2025-10-12 15:05:00","MVFR",19.7,17.6,30,19,23,NA,1003.5,"METAR KW40 121505Z AUTO 03019G23KT 10SM OVC016 20/18 A2963 RMK AO2 T01970176",2025-10-12 15:19:13.444835,2025-10-12 11:19:13.444883
"KVPS","Valparaiso/Eglin AFB, FL, US",2025-10-12 14:59:00,"2025-10-12 09:59:00","VFR",24,13,0,0,NA,NA,1012.3,"METAR KVPS 121459Z 00000KT 10SM FEW230 24/13 A2989 RMK AO2A SLPNO ALSTG ESTMD WND DATA ESTMD $",2025-10-12 15:19:13.451364,2025-10-12 11:19:13.45141
"KVIS","Visalia Muni, CA, US",2025-10-12 14:56:00,"2025-10-12 07:56:00","VFR",8.9,6.7,150,4,NA,NA,1014.3,"METAR KVIS 121456Z AUTO 15004KT 10SM CLR 09/07 A2995 RMK AO2 SLP141 6//// T00890067 53006 PNO $",2025-10-12 15:19:13.458031,2025-10-12 11:19:13.458077
"KWMC","Winnemucca Muni, NV, US",2025-10-12 14:56:00,"2025-10-12 07:56:00","VFR",-0.6,-4.4,0,0,NA,NA,1016.7,"METAR KWMC 121456Z AUTO 00000KT 10SM CLR M01/M04 A3002 RMK AO2 SLP170 T10061044 53000 $",2025-10-12 15:19:13.464565,2025-10-12 11:19:13.46461
"KY50","Wautoma Muni, WI, US",2025-10-12 14:56:00,"2025-10-12 14:56:00","MVFR",14.4,8.9,130,10,15,NA,1016.7,"METAR KY50 121456Z AUTO 13010G15KT 10SM BKN027 14/09 A3002 RMK AO2 SLP165 6//// T01440089 58012 $",2025-10-12 15:19:13.471047,2025-10-12 11:19:13.471092
"KYKN","Yankton/Gurney Muni, SD, US",2025-10-12 14:56:00,"2025-10-12 09:56:00","VFR",20,14.4,150,16,20,NA,1000.8,"METAR KYKN 121456Z AUTO 15016G20KT 10SM SCT120 20/14 A2955 RMK AO2 SLP010 T02000144 58005",2025-10-12 15:19:13.477571,2025-10-12 11:19:13.477616
"KWJF","Lancaster/Fox Arfld, CA, US",2025-10-12 14:56:00,"2025-10-12 07:56:00","VFR",10.6,1.7,0,0,NA,NA,1012.6,"METAR KWJF 121456Z AUTO 00000KT 10SM CLR 11/02 A2990 RMK AO2 SLP124 T01060017 51010",2025-10-12 15:19:13.484245,2025-10-12 11:19:13.48429
"KVPZ","Valparaiso/Port Cnty, IN, US",2025-10-12 14:56:00,"2025-10-12 09:56:00","VFR",13.9,10,110,7,NA,NA,1018.7,"METAR KVPZ 121456Z AUTO 11007KT 10SM CLR 14/10 A3008 RMK AO2 SLP186 T01390100 51006 $",2025-10-12 15:19:13.490834,2025-10-12 11:19:13.490878
"KWVL","Waterville/Lafleur Arpt, ME, US",2025-10-12 14:56:00,"2025-10-12 10:56:00","VFR",12.2,7.2,50,6,NA,NA,1028.2,"METAR KWVL 121456Z AUTO 05006KT 10SM CLR 12/07 A3036 RMK AO2 SLP308 T01220072 53005",2025-10-12 15:19:13.497447,2025-10-12 11:19:13.497497
"KXNO","North/Aux Arfd, SC, US",2025-10-12 14:55:00,"2025-10-12 14:55:00","VFR",16.2,15.1,290,10,NA,7,1007.9,"METAR KXNO 121455Z AUTO 29010KT 7SM -RA FEW006 16/15 A2976 RMK AO2 SLP079 P0010 60025 T01620151 50010 $",2025-10-12 15:19:13.516664,2025-10-12 11:19:13.516709
"KZER","Pottsville/Schuylkill Cnty, PA, US",2025-10-12 14:55:00,"2025-10-12 14:55:00","VFR",13,9,50,13,NA,7,1018.7,"METAR KZER 121455Z AUTO 05013KT 7SM OVC080 13/09 A3008 RMK AO2",2025-10-12 15:19:13.523751,2025-10-12 11:19:13.523796
"KXMR","Cape Kennedy AF Skid, FL, US",2025-10-12 14:55:00,"2025-10-12 14:55:00","VFR",23.5,18.1,340,9,NA,NA,1007.9,"METAR KXMR 121455Z AUTO 34009KT 10SM CLR 24/18 A2976 RMK AO2 SLP081 T02350181 52012 $",2025-10-12 15:19:13.530592,2025-10-12 11:19:13.530637
"KVOK","Camp Douglas/Volk Fld, WI, US",2025-10-12 14:55:00,"2025-10-12 09:55:00","VFR",12.2,10.1,120,11,NA,NA,1014.3,"METAR KVOK 121455Z AUTO 12011KT 10SM CLR 12/10 A2995 RMK AO2 SLP147 T01220101 58009 $",2025-10-12 15:19:13.537129,2025-10-12 11:19:13.537195
"KWYS","West Yellowstone Arpt, MT, US",2025-10-12 14:55:00,"2025-10-12 08:55:00","MVFR",0,0,210,11,18,4,1011.9,"METAR KWYS 121455Z AUTO 21011G18KT 4SM BR FEW021 SCT027 OVC035 M00/M00 A2988 RMK AO2",2025-10-12 15:19:13.543598,2025-10-12 11:19:13.543642
"KWDR","Winder/Barrow Cnty, GA, US",2025-10-12 14:55:00,"2025-10-12 10:55:00","VFR",18,12,NA,NA,NA,NA,1012.6,"METAR KWDR 121455Z 10SM CLR 18/12 A2990 RMK AO2",2025-10-12 15:19:13.550231,2025-10-12 11:19:13.550277
"KVHN","Van Horn/Culberson Cnty, TX, US",2025-10-12 14:55:00,"2025-10-12 09:55:00","VFR",18.2,17.4,210,5,NA,7,1016.7,"METAR KVHN 121455Z AUTO 21005KT 7SM RA BR SCT070 OVC090 18/17 A3002 RMK AO2 P0021 T01820174 60027",2025-10-12 15:19:13.556709,2025-10-12 11:19:13.556753
"KVJI","Abingdon/Virginia Highlands Arpt, VA, US",2025-10-12 14:55:00,"2025-10-12 10:55:00","VFR",16,10,NA,4,NA,NA,1014.3,"METAR KVJI 121455Z AUTO VRB04KT 10SM BKN035 16/10 A2995 RMK AO2",2025-10-12 15:19:13.563356,2025-10-12 11:19:13.563402
"KWRI","McGuire AFB, NJ, US",2025-10-12 14:55:00,"2025-10-12 10:55:00","VFR",16.4,10.9,50,15,22,NA,1016.3,"METAR KWRI 121455Z AUTO 05015G22KT 10SM FEW032 OVC048 16/11 A3001 RMK AO2 PK WND 08027/54 SLP162 T01640109 50000",2025-10-12 15:19:13.569911,2025-10-12 11:19:13.569957
"KVYS","Peru/Illinois Valley Rgnl, IL, US",2025-10-12 14:55:00,"2025-10-12 09:55:00","VFR",14.4,8.8,130,6,NA,NA,1016.7,"METAR KVYS 121455Z AUTO 13006KT 10SM CLR 14/09 A3002 RMK AO2 T01440088 TSNO",2025-10-12 15:19:13.576462,2025-10-12 11:19:13.576507
"KY23","Chetek Muni, WI, US",2025-10-12 14:55:00,"2025-10-12 14:55:00","VFR",12.6,9.7,140,10,17,NA,1013,"METAR KY23 121455Z AUTO 14010G17KT 10SM SCT013 OVC031 13/10 A2991 RMK AO2 T01260097",2025-10-12 15:19:13.583072,2025-10-12 11:19:13.583118
"KVPC","Cartersville Arpt, GA, US",2025-10-12 14:55:00,"2025-10-12 14:55:00","VFR",17,11,280,8,NA,NA,1013,"METAR KVPC 121455Z AUTO 28008KT 10SM CLR 17/11 A2991 RMK AO2",2025-10-12 15:19:13.589604,2025-10-12 11:19:13.589648
"KZPH","Zephyrhills Muni, FL, US",2025-10-12 14:55:00,"2025-10-12 10:55:00","VFR",22.8,16.1,10,4,NA,NA,1010.9,"METAR KZPH 121455Z AUTO 01004KT 10SM CLR 23/16 A2985 RMK A02 T02280161",2025-10-12 15:19:13.596089,2025-10-12 11:19:13.596137
"KWRB","Warner Robins AFB, GA, US",2025-10-12 14:55:00,"2025-10-12 10:55:00","VFR",20.4,12.9,340,7,NA,NA,1010.9,"METAR KWRB 121455Z AUTO 34007KT 10SM FEW180 20/13 A2985 RMK AO2 SLP109 T02040129 50006 $",2025-10-12 15:19:13.602621,2025-10-12 11:19:13.602668
"KVKS","Vicksburg Arpt, MS, US",2025-10-12 14:55:00,"2025-10-12 09:55:00","VFR",24,13,140,5,NA,NA,1014,"METAR KVKS 121455Z AUTO 14005KT 10SM CLR 24/13 A2994 RMK A01",2025-10-12 15:19:13.609204,2025-10-12 11:19:13.609252
"KXBP","Bridgeport Muni, TX, US",2025-10-12 14:55:00,"2025-10-12 14:55:00","VFR",25.8,11.7,200,9,NA,NA,1011.9,"METAR KXBP 121455Z AUTO 20009KT 10SM CLR 26/12 A2988 RMK AO2 6//// T02580117 PNO",2025-10-12 15:19:13.615668,2025-10-12 11:19:13.615714
"KVMR","Vermillion/Davidson Fld, SD, US",2025-10-12 14:55:00,"2025-10-12 14:55:00","VFR",23,14,160,17,23,NA,1001.1,"METAR KVMR 121455Z AUTO 16017G23KT 10SM FEW120 23/14 A2956 RMK AO2",2025-10-12 15:19:13.622233,2025-10-12 11:19:13.622281
"KX26","Sabastian Arpt, FL, US",2025-10-12 14:55:00,"2025-10-12 14:55:00","VFR",22,19,20,5,NA,NA,1009.2,"METAR KX26 121455Z AUTO 02005KT 10SM SCT014 22/19 A2980 RMK AO2",2025-10-12 15:19:13.628854,2025-10-12 11:19:13.628899
"KXNI","Zuni Reserv Arpt, NM, US",2025-10-12 14:55:00,"2025-10-12 14:55:00","VFR",13,12,180,2,NA,NA,1017,"METAR KXNI 121455Z AUTO 18002KT 10SM SCT009 BKN085 BKN120 13/12 A3003 RMK AO2",2025-10-12 15:19:13.647614,2025-10-12 11:19:13.647662
"KVES","Versailles/Darke Cnty, OH, US",2025-10-12 14:55:00,"2025-10-12 14:55:00","VFR",15,10,80,7,NA,NA,1017,"METAR KVES 121455Z AUTO 08007KT 10SM CLR 15/10 A3003 RMK AO2",2025-10-12 15:19:13.654747,2025-10-12 11:19:13.654795
"KVSF","Springfield/Hartness State Arpt, VT, US",2025-10-12 14:54:00,"2025-10-12 10:54:00","VFR",13.3,6.7,50,3,NA,NA,1026.2,"METAR KVSF 121454Z AUTO 05003KT 10SM CLR 13/07 A3030 RMK AO2 SLP262 T01330067 50004",2025-10-12 15:19:13.661793,2025-10-12 11:19:13.661853
"KWLD","Winfield/Strother Fld, KS, US",2025-10-12 14:54:00,"2025-10-12 09:54:00","VFR",23.3,13.9,170,14,21,NA,1008.9,"METAR KWLD 121454Z AUTO 17014G21KT 10SM CLR 23/14 A2979 RMK AO2 SLP077 T02330139 53000 $",2025-10-12 15:19:13.668456,2025-10-12 11:19:13.668503
"KVTA","Newark/Heath Arpt, OH, US",2025-10-12 14:54:00,"2025-10-12 14:54:00","VFR",15,10,80,7,NA,NA,1017,"METAR KVTA 121454Z AUTO 08007KT 10SM CLR 15/10 A3003 RMK AO2 SLP167 T01500100 50007",2025-10-12 15:19:13.674961,2025-10-12 11:19:13.675006
"KWST","Westerly State Arpt, RI, US",2025-10-12 14:53:00,"2025-10-12 10:53:00","MVFR",13.9,9.4,30,9,22,NA,1020.4,"METAR KWST 121453Z AUTO 03009G22KT 10SM BKN020 OVC024 14/09 A3013 RMK AO2 SLP201 T01390094 58001",2025-10-12 15:19:13.681472,2025-10-12 11:19:13.68152
"KVLD","Valdosta Rgnl, GA, US",2025-10-12 14:53:00,"2025-10-12 10:53:00","VFR",22.2,14.4,NA,4,NA,NA,1010.9,"METAR KVLD 121453Z VRB04KT 10SM CLR 22/14 A2985 RMK AO2 SLP115 T02220144 50009",2025-10-12 15:19:13.688169,2025-10-12 11:19:13.688221
"KZZV","Zanesville Muni, OH, US",2025-10-12 14:53:00,"2025-10-12 10:53:00","VFR",16.1,11.1,70,4,NA,NA,1016.7,"METAR KZZV 121453Z AUTO 07004KT 10SM CLR 16/11 A3002 RMK AO2 SLP164 T01610111 50003",2025-10-12 15:19:13.694755,2025-10-12 11:19:13.694799
"KWRL","Worland Muni, WY, US",2025-10-12 14:53:00,"2025-10-12 08:53:00","VFR",6.7,1.7,0,0,NA,NA,1008.5,"METAR KWRL 121453Z AUTO 00000KT 10SM CLR 07/02 A2978 RMK AO2 RAE1354 PRESRR SLP071 P0000 60006 T00670017 51028",2025-10-12 15:19:13.701326,2025-10-12 11:19:13.701373
"KXNA","Fayetteville/NW Arkansas Rgnl, AR, US",2025-10-12 14:53:00,"2025-10-12 09:53:00","VFR",22,16,180,10,NA,NA,1013.3,"METAR KXNA 121453Z 18010KT 10SM CLR 22/16 A2992",2025-10-12 15:19:13.707821,2025-10-12 11:19:13.707868
"KYKM","Yakima/McAllister Fld, WA, US",2025-10-12 14:53:00,"2025-10-12 07:53:00","VFR",10.6,0,270,3,NA,NA,1010.9,"METAR KYKM 121453Z 27003KT 10SM OVC090 11/00 A2985 RMK AO2 SLP109 T01060000 52005 $",2025-10-12 15:19:13.714306,2025-10-12 11:19:13.714351
"KVIH","Vichy/Rolla Arpt, MO, US",2025-10-12 14:53:00,"2025-10-12 09:53:00","VFR",18.9,11.1,150,8,NA,NA,1014.6,"METAR KVIH 121453Z AUTO 15008KT 10SM CLR 19/11 A2996 RMK AO2 SLP139 T01890111 50004",2025-10-12 15:19:13.720818,2025-10-12 11:19:13.720864
"KVUO","Vancouver/Pearson Fld, WA, US",2025-10-12 14:53:00,"2025-10-12 14:53:00","VFR",11.1,8.9,170,3,NA,NA,1015,"METAR KVUO 121453Z AUTO 17003KT 10SM -RA OVC055 11/09 A2997 RMK AO2 RAB1355 SLP150 P0001 60001 T01110089 58008",2025-10-12 15:19:13.727393,2025-10-12 11:19:13.727439
"KYIP","Detroit/Willow Run Arpt, MI, US",2025-10-12 14:53:00,"2025-10-12 10:53:00","VFR",14.4,11.1,40,5,NA,NA,1019.4,"METAR KYIP 121453Z 04005KT 10SM CLR 14/11 A3010 RMK AO2 SLP191 T01440111 50004",2025-10-12 15:19:13.733914,2025-10-12 11:19:13.733961
"KWVI","Watsonville Muni, CA, US",2025-10-12 14:53:00,"2025-10-12 07:53:00","VFR",8.9,7.2,0,0,NA,NA,1014.3,"METAR KWVI 121453Z AUTO 00000KT 10SM CLR 09/07 A2995 RMK AO2 SLP143 T00890072 50000",2025-10-12 15:19:13.740382,2025-10-12 11:19:13.740428
"KVGT","Las Vegas/North Arpt, NV, US",2025-10-12 14:53:00,"2025-10-12 07:53:00","VFR",17.8,-2.2,330,11,NA,NA,1011.6,"METAR KVGT 121453Z 33011KT 10SM CLR 18/M02 A2987 RMK AO2 SLP113 T01781022 51014",2025-10-12 15:19:13.746985,2025-10-12 11:19:13.747031
"KVTN","Valentine/Miller Fld, NE, US",2025-10-12 14:52:00,"2025-10-12 09:52:00","VFR",18.3,12.8,240,12,NA,NA,1000.8,"METAR KVTN 121452Z AUTO 24012KT 10SM CLR 18/13 A2955 RMK AO2 SLP990 T01830128 53017",2025-10-12 15:19:13.753563,2025-10-12 11:19:13.753612
"KVNY","Van Nuys Arpt, CA, US",2025-10-12 14:51:00,"2025-10-12 07:51:00","VFR",17.2,1.7,40,5,NA,NA,1007.9,"METAR KVNY 121451Z 04005KT 10SM CLR 17/02 A2976 RMK AO2 SLP072 T01720017 53001",2025-10-12 15:19:13.760121,2025-10-12 11:19:13.760186
"KYNG","Youngstown-Warren Rgnl, OH, US",2025-10-12 14:51:00,"2025-10-12 10:51:00","VFR",16.1,11.7,120,9,NA,NA,1018.4,"METAR KYNG 121451Z 12009KT 10SM SCT016 SCT040 SCT075 16/12 A3007 RMK AO2 SLP184 T01610117 51005",2025-10-12 15:19:13.76672,2025-10-12 11:19:13.766766
"KXWA","Williston/Basin Intl, ND, US",2025-10-12 14:51:00,"2025-10-12 09:51:00","VFR",7.2,5.6,290,22,30,NA,994.7,"METAR KXWA 121451Z AUTO 29022G30KT 10SM OVC037 07/06 A2937 RMK AO2 PK WND 29030/1425 SLP954 60005 T00720056 51016",2025-10-12 15:19:13.788509,2025-10-12 11:19:13.788557
"KVQQ","Jacksonville/Cecil Arpt, FL, US",2025-10-12 14:50:00,"2025-10-12 10:50:00","VFR",22,16,330,10,NA,NA,1009.9,"METAR KVQQ 121450Z 33010KT 10SM CLR 22/16 A2982",2025-10-12 15:19:13.795552,2025-10-12 11:19:13.795599
"KWDG","Enid/Woodring Arpt, OK, US",2025-10-12 14:45:00,"2025-10-12 09:45:00","VFR",24,12,190,18,26,NA,1008.2,"METAR KWDG 121445Z 19018G26KT 10SM CLR 24/12 A2977",2025-10-12 15:19:13.802624,2025-10-12 11:19:13.802672
"PAAD","Point Thomson Arpt, AK, US",2025-10-12 15:15:00,"2025-10-12 15:15:00","VFR",-5.5,-5.8,100,13,NA,NA,998.7,"METAR PAAD 121515Z AUTO 10013KT 10SM SCT005 M05/M06 A2949 RMK AO2 T10551058 FZRANO",2025-10-12 15:19:15.028819,2025-10-12 11:19:15.028867
"PAGM","Gambell Arpt, AK, US",2025-10-12 15:13:00,"2025-10-12 07:13:00","MVFR",3,2,330,28,36,8,979.1,"SPECI PAGM 121513Z AUTO 33028G36KT 8SM UP OVC011 03/02 A2891 RMK AO2 PK WND 34036/1506 PNO $",2025-10-12 15:19:15.035353,2025-10-12 11:19:15.035398
"PAGA","Galena Arpt, AK, US",2025-10-12 15:13:00,"2025-10-12 07:13:00","MVFR",3,2,120,13,27,5,988.9,"SPECI PAGA 121513Z AUTO 12013G27KT 5SM -RA BR FEW006 BKN010 OVC042 03/02 A2920 RMK AO2 PK WND 24027/1506 CIG 008V012 P0003 TSNO $",2025-10-12 15:19:15.041713,2025-10-12 11:19:15.041755
"PAGN","Angoon, AK, US",2025-10-12 15:13:00,"2025-10-12 07:13:00","LIFR",0,0,0,0,NA,0.25,1024.1,"SPECI PAGN 121513Z AUTO 00000KT 1/4SM FG OVC003 00/00 A3024 RMK AO2 PWINO FZRANO RVRNO $",2025-10-12 15:19:15.048049,2025-10-12 11:19:15.048091
"PAAK","Atka Arpt, AK, US",2025-10-12 15:12:00,"2025-10-12 06:12:00","MVFR",9,6,180,12,24,NA,1003.1,"SPECI PAAK 121512Z AUTO 18012G24KT 10SM SCT021 BKN025 BKN047 09/06 A2962 RMK AO2 TSNO",2025-10-12 15:19:15.054493,2025-10-12 11:19:15.054539
"PAFB","Fairbanks/Ladd AAF, AK, US",2025-10-12 15:10:00,"2025-10-12 07:10:00","VFR",4,-5,70,6,NA,NA,1001.1,"SPECI PAFB 121510Z AUTO 07006KT 10SM -RA BKN090 BKN120 04/M05 A2956 RMK AO2 RAB10 SLP019 $",2025-10-12 15:19:15.060939,2025-10-12 11:19:15.060984
"PADG","Red Dog Arpt, AK, US",2025-10-12 15:09:00,"2025-10-12 07:09:00","IFR",-1,-2,60,24,33,1.67,1018,"METAR PADG 121509Z 06024G33KT 1 2/3SM -SN BR OVC013 M01/M02 A3006",2025-10-12 15:19:15.06731,2025-10-12 11:19:15.067355
"PAEM","Emmonak Arpt, AK, US",2025-10-12 15:06:00,"2025-10-12 07:06:00","IFR",7,6,190,33,44,1.75,967.9,"SPECI PAEM 121506Z AUTO 19033G44KT 1 3/4SM -RA BR OVC006 07/06 A2858 RMK AO2 PK WND 19044/1457 PNO $",2025-10-12 15:19:15.073664,2025-10-12 11:19:15.073707
"PAHX","Shageluk Arpt, AK, US",2025-10-12 15:02:00,"2025-10-12 07:02:00","VFR",8.3,3.9,200,29,40,9,987.6,"METAR PAHX 121502Z AUTO 20029G40KT 9SM -RA BKN032 OVC040 08/04 A2916 RMK AO2 PK WND 21043/1417 SLP875 P0000 60001 T00830039 50013",2025-10-12 15:19:15.080076,2025-10-12 11:19:15.08012
"PAFS","Nikolai Arpt, AK, US",2025-10-12 15:01:00,"2025-10-12 07:01:00","VFR",9.4,1.7,130,7,NA,NA,995,"METAR PAFS 121501Z AUTO 13007KT 10SM CLR 09/02 A2938 RMK AO2 SLP955 60000 T00940017 58017",2025-10-12 15:19:15.086611,2025-10-12 11:19:15.086658
"PAHO","Homer Arpt, AK, US",2025-10-12 14:59:00,"2025-10-12 06:59:00","VFR",12,7,290,5,NA,NA,1010.6,"METAR PAHO 121459Z 29005KT 10SM OVC041 12/07 A2984",2025-10-12 15:19:15.093455,2025-10-12 11:19:15.0935
"PABL","Buckland Arpt, AK, US",2025-10-12 14:56:00,"2025-10-12 06:56:00","MVFR",2.8,1.1,120,14,21,NA,979.8,"METAR PABL 121456Z AUTO 12014G21KT 10SM -RA OVC026 03/01 A2893 RMK AO2 PK WND 12035/1416 SLP799 P0000 60004 T00280011 56059",2025-10-12 15:19:15.099919,2025-10-12 11:19:15.099965
"PAGH","Shungnak Arpt, AK, US",2025-10-12 14:56:00,"2025-10-12 06:56:00","VFR",-0.6,-2.2,110,33,49,6,NA,"METAR PAGH 121456Z AUTO 11033G49KT 6SM UP BR FEW011 BKN036 OVC050 M01/M02 RMK AO2 PK WND 10057/1439 UPB47SNE47 SLPNO P0000 60000 T10061022 FZRANO $",2025-10-12 15:19:15.106431,2025-10-12 11:19:15.106476
"PAHL","Huslia Arpt, AK, US",2025-10-12 14:56:00,"2025-10-12 06:56:00","MVFR",1.7,1.1,90,11,16,NA,989.6,"METAR PAHL 121456Z AUTO 09011G16KT 060V120 10SM OVC022 02/01 A2922 RMK AO2 RAE30 SLP899 P0003 60012 T00170011 56048 FZRANO TSNO",2025-10-12 15:19:15.125458,2025-10-12 11:19:15.125541
"PABV","Birchwood Arpt, AK, US",2025-10-12 14:56:00,"2025-10-12 14:56:00","VFR",5,3.9,0,0,NA,NA,1011.9,"METAR PABV 121456Z AUTO 00000KT 10SM OVC055 05/04 A2988 RMK AO2 RAE09B33E47 SLP119 P0000 60000 T00500039 58006 $",2025-10-12 15:19:15.132948,2025-10-12 11:19:15.132996
"PADL","Dillingham Arpt, AK, US",2025-10-12 14:56:00,"2025-10-12 06:56:00","VFR",7.8,5.6,200,12,NA,8,1006.2,"METAR PADL 121456Z AUTO 20012KT 8SM OVC036 08/06 A2971 RMK AO2 SLP063 T00780056 53023 $",2025-10-12 15:19:15.139861,2025-10-12 11:19:15.139909
"PADU","Dutch Harbor/Unalaska Arpt, AK, US",2025-10-12 14:56:00,"2025-10-12 06:56:00","VFR",8.3,3.3,220,5,NA,NA,1008.2,"METAR PADU 121456Z 22005KT 10SM CLR 08/03 A2977 RMK AO2 SLP081 6//// T00830033 50006 PNO $",2025-10-12 15:19:15.146836,2025-10-12 11:19:15.146882
"PAFE","Kake Arpt, AK, US",2025-10-12 14:56:00,"2025-10-12 14:56:00","VFR",-0.6,-0.6,60,5,NA,NA,1023.8,"METAR PAFE 121456Z AUTO 06005KT 10SM CLR M01/M01 A3023 RMK AO2 SLP245 T10061006 53010 FZRANO",2025-10-12 15:19:15.153538,2025-10-12 11:19:15.153584
"PAGL","Golovin Arpt, AK, US",2025-10-12 14:56:00,"2025-10-12 06:56:00","MVFR",6.7,4.4,160,36,47,3,971.3,"METAR PAGL 121456Z AUTO 16036G47KT 3SM -RA BR OVC020 07/04 A2868 RMK AO2 PK WND 16047/1453 RAB09 PRESFR SLP705 P0003 60006 T00670044 58055 $",2025-10-12 15:19:15.160081,2025-10-12 11:19:15.160125
"PABA","Barter Island Arpt, AK, US",2025-10-12 14:56:00,"2025-10-12 06:56:00","IFR",-2.2,-2.2,90,17,NA,NA,1000.4,"METAR PABA 121456Z AUTO 09017KT 10SM OVC005 M02/M02 A2954 RMK AO2 PK WND 09028/1424 SLP020 60000 T10221022 58034 FZRANO TSNO",2025-10-12 15:19:15.166781,2025-10-12 11:19:15.166827
"PACX","Coldfoot Arpt, AK, US",2025-10-12 14:56:00,"2025-10-12 06:56:00","VFR",-2.2,-7.2,40,7,NA,NA,1001.8,"METAR PACX 121456Z AUTO 04007KT 10SM BKN065 OVC090 M02/M07 A2958 RMK AO2 SNE17 SLP648 P0000 60000 T10221072 58046 FZRANO",2025-10-12 15:19:15.173338,2025-10-12 11:19:15.173383
"PAGS","Gustavus Arpt, AK, US",2025-10-12 14:56:00,"2025-10-12 06:56:00","VFR",-3.9,-4.4,0,0,NA,NA,1023.5,"METAR PAGS 121456Z AUTO 00000KT 10SM CLR M04/M04 A3022 RMK AO2 SLP231 T10391044 51005 FZRANO",2025-10-12 15:19:15.17984,2025-10-12 11:19:15.179887
"PAHC","Holy Cross Arpt, AK, US",2025-10-12 14:56:00,"2025-10-12 06:56:00","VFR",9.4,2.2,180,24,39,NA,989.6,"METAR PAHC 121456Z AUTO 18024G39KT 10SM OVC038 09/02 A2922 RMK AO2 PK WND 16050/1402 RAE15 SLP896 P0000 60000 T00940022 51017",2025-10-12 15:19:15.186323,2025-10-12 11:19:15.18637
"PAEI","Fairbanks/Eielson AFB, AK, US",2025-10-12 14:55:00,"2025-10-12 06:55:00","VFR",6.5,-4.9,130,14,NA,NA,1000.8,"METAR PAEI 121455Z 13014KT 10SM SCT085 BKN110 07/M05 A2955 RMK AO2A SLP014 60000 T00651049 57025",2025-10-12 15:19:15.192761,2025-10-12 11:19:15.192806
"PAEH","Cape Newenham Arpt, AK, US",2025-10-12 14:55:00,"2025-10-12 06:55:00","MVFR",7.8,3.1,20,31,61,6,1002.1,"METAR PAEH 121455Z AUTO 02031G61KT 330V070 6SM OVC024 08/03 A2959 RMK AO2 SLP022 T00780031 51026 $",2025-10-12 15:19:15.199194,2025-10-12 11:19:15.199247
"PAED","Anchorage/Elmendorf AFB, AK, US",2025-10-12 14:55:00,"2025-10-12 06:55:00","VFR",5.7,3.4,330,6,NA,NA,1010.9,"METAR PAED 121455Z 33006KT 10SM VCSH OVC045 06/03 A2985 RMK AO2A SLP105 60000 T00570034 57004",2025-10-12 15:19:15.205678,2025-10-12 11:19:15.205723
"PAFR","Ft Richardson/Bryant AAF, AK, US",2025-10-12 14:55:00,"2025-10-12 06:55:00","VFR",7.7,3.7,200,4,NA,NA,1010.9,"METAR PAFR 121455Z AUTO 20004KT 10SM OVC046 08/04 A2985 RMK AO2 SLP112 60000 T00770037 58003 $",2025-10-12 15:19:15.212145,2025-10-12 11:19:15.212212
"PAHN","Haines Arpt, AK, US",2025-10-12 14:54:00,"2025-10-12 06:54:00","VFR",-1.1,-2.8,290,8,NA,NA,1023.5,"METAR PAHN 121454Z AUTO 29008KT 10SM CLR M01/M03 A3022 RMK AO2 SLP236 T10111028 53003 TSNO $",2025-10-12 15:19:15.218702,2025-10-12 11:19:15.218747
"PAFA","Fairbanks Intl, AK, US",2025-10-12 14:53:00,"2025-10-12 06:53:00","VFR",3.3,-5,20,6,NA,NA,1001.4,"METAR PAFA 121453Z 02006KT 10SM BKN095 03/M05 A2957 RMK AO2 SLP022 T00331050 58025",2025-10-12 15:19:15.225241,2025-10-12 11:19:15.225286
"PABT","Bettles Arpt, AK, US",2025-10-12 14:53:00,"2025-10-12 06:53:00","VFR",0,-6.7,60,6,NA,NA,1000.1,"METAR PABT 121453Z 06006KT 10SM FEW048 OVC055 00/M07 A2953 RMK AO2 SLP013 T00001067 56045 $",2025-10-12 15:19:15.231782,2025-10-12 11:19:15.231828
"PACD","Cold Bay Arpt, AK, US",2025-10-12 14:53:00,"2025-10-12 06:53:00","VFR",7.2,0,50,5,NA,NA,1009.6,"METAR PACD 121453Z AUTO 05005KT 10SM CLR 07/00 A2981 RMK AO2 SLP095 T00720000 51013 TSNO $",2025-10-12 15:19:15.23833,2025-10-12 11:19:15.238377
"PACV","Cordova/Smith Arpt, AK, US",2025-10-12 14:53:00,"2025-10-12 06:53:00","VFR",7.8,1.7,90,6,NA,NA,1019.7,"METAR PACV 121453Z 09006KT 10SM OVC049 08/02 A3011 RMK AO2 RAE42 SLP195 P0000 60000 T00780017 50003",2025-10-12 15:19:15.245077,2025-10-12 11:19:15.245122
"PAEG","Eagle Arpt, AK, US",2025-10-12 14:53:00,"2025-10-12 06:53:00","VFR",0.6,-6.7,150,14,28,NA,1009.6,"METAR PAEG 121453Z AUTO 15014G28KT 10SM CLR 01/M07 A2981 RMK AO2 PK WND 09028/1450 PRESFR SLP104 T00061067 58034 TSNO $",2025-10-12 15:19:15.264446,2025-10-12 11:19:15.264494
"PABR","Utqiaġvik, AK, US",2025-10-12 14:53:00,"2025-10-12 06:53:00","MVFR",-2.2,-4.4,90,17,NA,NA,996.4,"METAR PABR 121453Z 09017KT 10SM OVC012 M02/M04 A2942 RMK AO2 PK WND 10026/1440 SNE40 PRESFR SLP964 P0000 60000 T10221044 58060 $",2025-10-12 15:19:15.271498,2025-10-12 11:19:15.271546
"PABI","Ft Greely/Allen Fld, AK, US",2025-10-12 14:53:00,"2025-10-12 06:53:00","VFR",2.2,-5,110,17,24,NA,1003.8,"METAR PABI 121453Z 11017G24KT 10SM SCT090 BKN110 BKN150 02/M05 A2964 RMK AO2 PK WND 11027/1357 SLP057 60000 T00221050 56023 $",2025-10-12 15:19:15.278592,2025-10-12 11:19:15.278641
"PAGY","Skagway Arpt, AK, US",2025-10-12 14:53:00,"2025-10-12 06:53:00","VFR",-1.1,-1.7,50,3,NA,NA,1023.8,"METAR PAGY 121453Z AUTO 05003KT 10SM CLR M01/M02 A3023 RMK AO2 SLP235 T10111017 50007 TSNO",2025-10-12 15:19:15.28564,2025-10-12 11:19:15.285688
"PAAQ","Palmer Muni, AK, US",2025-10-12 14:53:00,"2025-10-12 06:53:00","VFR",7.8,1.1,NA,NA,NA,NA,1011.6,"METAR PAAQ 121453Z AUTO 10SM OVC060 08/01 A2987 RMK AO2 SLP119 60002 T00780011 58002 TSNO $",2025-10-12 15:19:15.292319,2025-10-12 11:19:15.292364
"PADQ","Kodiak Arpt, AK, US",2025-10-12 14:53:00,"2025-10-12 06:53:00","VFR",10.6,10,0,0,NA,NA,1009.6,"METAR PADQ 121453Z 00000KT 10SM FEW048 11/10 A2981 RMK AO2 SLP094 T01060100 51008 $",2025-10-12 15:19:15.298902,2025-10-12 11:19:15.29895
"PAEN","Kenai Muni, AK, US",2025-10-12 14:53:00,"2025-10-12 06:53:00","VFR",6.7,6.1,320,5,NA,NA,1010.9,"METAR PAEN 121453Z 32005KT 10SM OVC040 07/06 A2985 RMK AO2 SLP110 60000 T00670061 55002",2025-10-12 15:19:15.305658,2025-10-12 11:19:15.305703
"PAWD","Seward Arpt, AK, US",2025-10-12 15:16:00,"2025-10-12 07:16:00","MVFR",6.7,6.7,320,3,NA,7,1014.6,"SPECI PAWD 121516Z AUTO 32003KT 7SM BKN014 OVC030 07/07 A2996 RMK AO2 T00670067 TSNO $",2025-10-12 15:19:16.865647,2025-10-12 11:19:16.865691
"PAWN","Noatak Arpt, AK, US",2025-10-12 15:14:00,"2025-10-12 07:14:00","LIFR",-1,-1,50,11,NA,0.5,NA,"SPECI PAWN 121514Z AUTO 05011KT 1/2SM SN FZFG OVC003 M01/M01 RMK AO2 P0005 FZRANO $",2025-10-12 15:19:16.87219,2025-10-12 11:19:16.872236
"PFNO","Noorvik/Curtis Mem, AK, US",2025-10-12 15:13:00,"2025-10-12 07:13:00","VFR",1,1,110,31,40,8,981.1,"SPECI PFNO 121513Z AUTO 11031G40KT 8SM -RA FEW013 SCT022 OVC033 01/01 A2897 RMK AO2 PK WND 10045/1500 UPE1457RAB1457 P0000 FZRANO $",2025-10-12 15:19:16.878586,2025-10-12 11:19:16.87863
"PASI","Sitka/Gutierrez Arpt, AK, US",2025-10-12 15:12:00,"2025-10-12 07:12:00","VFR",4,1,0,0,NA,NA,1021.8,"METAR PASI 121512Z 00000KT 10SM CLR 04/01 A3017 RMK NO SPECI",2025-10-12 15:19:16.885039,2025-10-12 11:19:16.885084
"PAOT","Kotzebue/Wien Mem, AK, US",2025-10-12 15:11:00,"2025-10-12 07:11:00","MVFR",1.1,-0.6,110,36,51,4,977.7,"SPECI PAOT 121511Z 11036G51KT 4SM BR SCT010 BKN017 OVC025 01/M01 A2887 RMK AO2 PK WND 10051/1509 T00111006 $",2025-10-12 15:19:16.891442,2025-10-12 11:19:16.891489
"PASK","Selawik Arpt, AK, US",2025-10-12 15:10:00,"2025-10-12 07:10:00","MVFR",1,1,100,17,29,NA,983.8,"SPECI PASK 121510Z AUTO 10017G29KT 10SM SCT007 BKN021 OVC044 01/01 A2905 RMK AO2 PK WND 09029/1503 FZRANO",2025-10-12 15:19:16.897908,2025-10-12 11:19:16.897953
"PFEL","Elim Arpt, AK, US",2025-10-12 15:10:00,"2025-10-12 07:10:00","MVFR",7,4,170,32,51,5,973.7,"SPECI PFEL 121510Z AUTO 17032G51KT 5SM -RA OVC029 07/04 A2875 RMK AO2 PK WND 17051/1506 PRESFR P0001 TSNO",2025-10-12 15:19:16.904404,2025-10-12 11:19:16.904449
"PAVL","Kivalina Arpt, AK, US",2025-10-12 15:08:00,"2025-10-12 07:08:00",NA,0,-1.1,70,30,43,1.25,980.1,"SPECI PAVL 121508Z AUTO 07030G43KT 1 1/4SM BR 00/M01 A2894 RMK AO2 PK WND 06043/1500 PRESFR T00001011 PWINO FZRANO TSNO $",2025-10-12 15:19:16.910959,2025-10-12 11:19:16.911002
"PFCL","Clarks Point Arpt, AK, US",2025-10-12 15:07:00,"2025-10-12 07:07:00","VFR",9,6,NA,NA,NA,9,1007.2,"SPECI PFCL 121507Z AUTO 9SM FEW025 OVC033 09/06 A2974 RMK AO2 $",2025-10-12 15:19:16.930465,2025-10-12 11:19:16.930511
"PASD","Sand Point Arpt, AK, US",2025-10-12 15:06:00,"2025-10-12 07:06:00","VFR",NA,NA,150,3,NA,7,NA,"SPECI PASD 121506Z 15003KT 7SM BKN040 BKN055 RMK AO2 $",2025-10-12 15:19:16.937462,2025-10-12 11:19:16.93751
"PAII","Egegik Arpt, AK, US",2025-10-12 15:03:00,"2025-10-12 07:03:00","VFR",9,6,240,9,NA,8,1009.9,"SPECI PAII 121503Z AUTO 24009KT 8SM SCT019 09/06 A2982 RMK AO2 $",2025-10-12 15:19:16.944443,2025-10-12 11:19:16.944489
"PAOM","Nome Arpt, AK, US",2025-10-12 15:00:00,"2025-10-12 07:00:00","MVFR",6.1,4.4,120,18,30,7,966.2,"SPECI PAOM 121500Z AUTO 12018G30KT 7SM -RA BKN014 BKN020 OVC031 06/04 A2853 RMK AO2 PK WND 12028/1457 PRESFR P0000 T00610044 TSNO",2025-10-12 15:19:16.951344,2025-10-12 11:19:16.951387
"PASM","St Marys Arpt, AK, US",2025-10-12 14:56:00,"2025-10-12 06:56:00","MVFR",6.1,2.2,190,45,63,NA,977.7,"METAR PASM 121456Z AUTO 19045G63KT 10SM OVC020 06/02 A2887 RMK AO2 PK WND 19063/1453 SLP783 60002 T00610022 53002",2025-10-12 15:19:16.957908,2025-10-12 11:19:16.957956
"PASX","Soldotna Arpt, AK, US",2025-10-12 14:56:00,"2025-10-12 06:56:00","VFR",6.1,6.1,280,5,NA,NA,1010.9,"METAR PASX 121456Z AUTO 28005KT 10SM OVC048 06/06 A2985 RMK AO2 SLP113 T00610061 55001 TSNO",2025-10-12 15:19:16.964677,2025-10-12 11:19:16.964723
"PATG","Togiak Arpt, AK, US",2025-10-12 14:56:00,"2025-10-12 06:56:00","MVFR",8.9,5.6,220,21,29,7,1001.1,"METAR PATG 121456Z AUTO 22021G29KT 7SM OVC030 09/06 A2956 RMK AO2 PK WND 20032/1401 SLP011 6//// T00890056 53039 PNO $",2025-10-12 15:19:16.971188,2025-10-12 11:19:16.971237
"PFYU","Fort Yukon Arpt, AK, US",2025-10-12 14:56:00,"2025-10-12 06:56:00","VFR",-3.9,-5.6,50,6,NA,NA,1004.1,"METAR PFYU 121456Z AUTO 05006KT 10SM OVC110 M04/M06 A2965 RMK AO2 PRESFR SLP054 T10391056 58042 FZRANO TSNO",2025-10-12 15:19:16.977749,2025-10-12 11:19:16.977795
"PAIN","McKinley Park Arpt, AK, US",2025-10-12 14:56:00,"2025-10-12 06:56:00","VFR",4.4,-2.2,150,10,16,NA,1006.9,"METAR PAIN 121456Z AUTO 15010G16KT 130V190 10SM OVC050 04/M02 A2973 RMK AO2 SLP089 T00441022 58004 TSNO",2025-10-12 15:19:16.984455,2025-10-12 11:19:16.984512
"PAIW","Wales Arpt, AK, US",2025-10-12 14:56:00,"2025-10-12 06:56:00","IFR",0.6,NA,40,18,25,3,972,"METAR PAIW 121456Z AUTO 04018G25KT 3SM -SN BKN009 OVC013 01/ A2870 RMK AO2 PK WND 04029/1404 CIG 007V011 SLP720 P0007 60011 T0006 56076 FZRANO",2025-10-12 15:19:16.990952,2025-10-12 11:19:16.990998
"PAJC","Chignik Arpt, AK, US",2025-10-12 14:56:00,"2025-10-12 14:56:00","MVFR",11.7,10,0,0,NA,NA,1009.6,"METAR PAJC 121456Z AUTO 00000KT 10SM OVC023 12/10 A2981 RMK AO2 SLP098 T01170100 52013",2025-10-12 15:19:16.997524,2025-10-12 11:19:16.99757
"PAKP","Anaktuvuk Pass Arpt, AK, US",2025-10-12 14:56:00,"2025-10-12 06:56:00","VFR",-3.9,-7.2,230,10,17,9,995.3,"METAR PAKP 121456Z AUTO 23010G17KT 9SM -SN FEW039 OVC048 M04/M07 A2939 RMK AO2 SNB1357 SLP001 P0000 60000 T10391072 58055 FZRANO",2025-10-12 15:19:17.003968,2025-10-12 11:19:17.004013
"PAOH","Hoonah, AK, US",2025-10-12 14:56:00,"2025-10-12 06:56:00","VFR",-3.3,-3.3,100,4,NA,NA,1023.8,"METAR PAOH 121456Z AUTO 10004KT 10SM CLR M03/M03 A3023 RMK AO2 SLP236 T10331033 51006 FZRANO",2025-10-12 15:19:17.010595,2025-10-12 11:19:17.010641
"PFWS","South Naknek Arpt, AK, US",2025-10-12 14:56:00,"2025-10-12 06:56:00","VFR",8.3,6.7,210,9,NA,9,1009.2,"METAR PFWS 121456Z AUTO 21009KT 9SM FEW022 08/07 A2980 RMK AO2 SLP090 6//// T00830067 51027 PNO $",2025-10-12 15:19:17.017171,2025-10-12 11:19:17.01722
"PFTO","Tok Junction Arpt, AK, US",2025-10-12 14:56:00,"2025-10-12 06:56:00","VFR",1.1,-6.1,110,8,NA,NA,1007.5,"METAR PFTO 121456Z AUTO 11008KT 10SM OVC110 01/M06 A2975 RMK AO2 SLP588 6//// T00111061 56024 FZRANO PNO $",2025-10-12 15:19:17.02373,2025-10-12 11:19:17.023775
"PAVD","Valdez Arpt, AK, US",2025-10-12 14:56:00,"2025-10-12 06:56:00","MVFR",3.3,2.8,0,0,NA,5,1023.1,"METAR PAVD 121456Z 00000KT 5SM BR FEW012 BKN049 OVC070 03/03 A3021 RMK AO2 RAE36 SLP228 P0000 60000 T00330028 51008 $",2025-10-12 15:19:17.030235,2025-10-12 11:19:17.03028
"PATQ","Atqasuk/Burnell Mem, AK, US",2025-10-12 14:56:00,"2025-10-12 06:56:00","VFR",-5.6,-6.1,80,15,20,9,994.3,"METAR PATQ 121456Z AUTO 08015G20KT 9SM -SN SCT003 OVC070 M06/M06 A2936 RMK AO2 SNB46 PRESFR SLP945 P0000 60000 T10561061 58045 FZRANO TSNO",2025-10-12 15:19:17.03676,2025-10-12 11:19:17.036805
"PAKF","False Pass Arpt, AK, US",2025-10-12 14:56:00,"2025-10-12 06:56:00","VFR",6.1,5,260,3,NA,9,1009.2,"METAR PAKF 121456Z AUTO 26003KT 9SM CLR 06/05 A2980 RMK AO2 SLP093 6//// T00610050 51011 PNO $",2025-10-12 15:19:17.043292,2025-10-12 11:19:17.043338
"PAKH","Akhiok Arpt, AK, US",2025-10-12 14:56:00,"2025-10-12 06:56:00","LIFR",11.1,11.1,240,10,16,6,1011.9,"METAR PAKH 121456Z AUTO 24010G16KT 6SM BR OVC003 11/11 A2988 RMK AO2 SLP117 6//// T01110111 53010 PNO $",2025-10-12 15:19:17.062147,2025-10-12 11:19:17.062234
"PAMD","Middleton Isl Arpt, AK, US",2025-10-12 14:56:00,"2025-10-12 06:56:00","LIFR",10,10,120,20,NA,1.75,1015.3,"METAR PAMD 121456Z AUTO 12020KT 1 3/4SM -RA BR OVC004 10/10 A2998 RMK AO2 SLP151 P0003 60017 T01000100 58013 $",2025-10-12 15:19:17.069898,2025-10-12 11:19:17.069944
"PAMH","Minchumina Arpt, AK, US",2025-10-12 14:56:00,"2025-10-12 06:56:00","VFR",1.7,-1.7,70,5,NA,NA,997,"METAR PAMH 121456Z AUTO 07005KT 10SM BKN060 02/M02 A2944 RMK AO2 PRESFR SLP970 60000 T00171017 56034 FZRANO TSNO",2025-10-12 15:19:17.076965,2025-10-12 11:19:17.077014
"PANI","Aniak Arpt, AK, US",2025-10-12 14:56:00,"2025-10-12 06:56:00","VFR",9.4,0.6,200,26,58,NA,992,"METAR PANI 121456Z AUTO 20026G58KT 10SM OVC047 09/01 A2929 RMK AO2 PK WND 20058/1450 SLP920 T00940006 51023 $",2025-10-12 15:19:17.084068,2025-10-12 11:19:17.084115
"PANW","New Stuyahok Arpt, AK, US",2025-10-12 14:56:00,"2025-10-12 06:56:00","MVFR",7.8,6.1,200,18,27,8,1005.8,"METAR PANW 121456Z AUTO 20018G27KT 8SM OVC016 08/06 A2970 RMK AO2 PK WND 20029/1446 SLP062 T00780061 51024",2025-10-12 15:19:17.090766,2025-10-12 11:19:17.090811
"PAPG","Petersburg Arpt, AK, US",2025-10-12 14:56:00,"2025-10-12 06:56:00","VFR",-0.6,-1.1,250,3,NA,NA,1023.1,"METAR PAPG 121456Z 25003KT 10SM CLR M01/M01 A3021 RMK AO2 SLP235 T10061011 53010",2025-10-12 15:19:17.097511,2025-10-12 11:19:17.097557
"PAPN","Pilot Point Arpt, AK, US",2025-10-12 14:56:00,"2025-10-12 06:56:00","VFR",9.4,6.7,200,7,NA,6,1010.2,"METAR PAPN 121456Z AUTO 20007KT 6SM HZ CLR 09/07 A2983 RMK AO2 SLP101 6//// T00940067 53022 PNO $",2025-10-12 15:19:17.104073,2025-10-12 11:19:17.104118
"PAQH","Quinhagak Arpt, AK, US",2025-10-12 14:56:00,"2025-10-12 06:56:00","VFR",8.9,5,180,39,53,8,999.4,"METAR PAQH 121456Z AUTO 18039G53KT 8SM BKN032 BKN040 OVC047 09/05 A2951 RMK AO2 PK WND 19056/1417 SLP994 T00890050 51042",2025-10-12 15:19:17.11063,2025-10-12 11:19:17.110672
"PARC","Arctic Village Arpt, AK, US",2025-10-12 14:56:00,"2025-10-12 06:56:00","VFR",-11.1,-12.8,10,3,NA,NA,1004.1,"METAR PARC 121456Z AUTO 01003KT 10SM BKN100 M11/M13 A2965 RMK AO2 SLP104 T11111128 58030 FZRANO TSNO",2025-10-12 15:19:17.117126,2025-10-12 11:19:17.117192
"PARS","Russian Mission Arpt, AK, US",2025-10-12 14:56:00,"2025-10-12 06:56:00","MVFR",7.2,5,190,34,50,8,986.2,"METAR PARS 121456Z AUTO 19034G50KT 8SM -RA BKN019 BKN025 OVC032 07/05 A2912 RMK AO2 PK WND 19053/1417 RAB1357 SLP865 6//// T00720050 53008 PNO $",2025-10-12 15:19:17.12359,2025-10-12 11:19:17.123634
"PAMK","St Michael Arpt, AK, US",2025-10-12 14:56:00,"2025-10-12 06:56:00","MVFR",NA,NA,180,43,51,NA,974.3,"METAR PAMK 121456Z AUTO 18043G51KT 10SM -RA SCT023 BKN028 OVC038 A2877 RMK AO2 PK WND 18056/1435 UPB30E45 SLPNO P0000 60000 58051 FZRANO $",2025-10-12 15:19:17.130082,2025-10-12 11:19:17.130127
"PAOO","Tooksok Bay Arpt, AK, US",2025-10-12 14:56:00,"2025-10-12 06:56:00","MVFR",6.7,3.9,200,43,54,NA,985.5,"METAR PAOO 121456Z AUTO 20043G54KT 10SM -RA OVC020 07/04 A2910 RMK AO2 PK WND 20060/1414 RAE1358B42 PRESRR SLPNO P0000 60000 T00670039 53112 TSNO $",2025-10-12 15:19:17.136591,2025-10-12 11:19:17.136636
"PAPM","Platinum Arpt, AK, US",2025-10-12 14:56:00,"2025-10-12 06:56:00","VFR",8.9,6.1,220,35,44,8,1001.8,"METAR PAPM 121456Z AUTO 22035G44KT 8SM BKN031 OVC040 09/06 A2958 RMK AO2 PK WND 22044/1450 SLP020 T00890061 51033 TSNO",2025-10-12 15:19:17.143007,2025-10-12 11:19:17.14305
"PFSH","Shaktoolik Arpt, AK, US",2025-10-12 14:56:00,"2025-10-12 06:56:00","VFR",8.3,3.9,160,35,45,NA,977.1,"METAR PFSH 121456Z AUTO 16035G45KT 10SM SCT033 BKN040 OVC075 08/04 A2885 RMK AO2 PK WND 16046/1442 PRESFR SLP769 6//// T00830039 58034 TSNO $",2025-10-12 15:19:17.14956,2025-10-12 11:19:17.149605
"PAKK","Koyuk Arpt, AK, US",2025-10-12 14:56:00,"2025-10-12 06:56:00","VFR",7.2,4.4,160,20,26,8,976.4,"METAR PAKK 121456Z AUTO 16020G26KT 8SM -RA BKN036 OVC046 07/04 A2883 RMK AO2 PK WND 16026/1455 SLP772 P0000 60002 T00720044 58037",2025-10-12 15:19:17.156014,2025-10-12 11:19:17.156058
"PANV","Anvik Arpt, AK, US",2025-10-12 14:56:00,"2025-10-12 06:56:00","MVFR",6.7,4.4,180,30,42,8,983.8,"METAR PANV 121456Z AUTO 18030G42KT 8SM -RA OVC024 07/04 A2905 RMK AO2 PK WND 20049/1425 SLP891 P0003 60006 T00670044 58015 TSNO $",2025-10-12 15:19:17.162518,2025-10-12 11:19:17.162572
"PAOU","Nelson Lagoon Arpt, AK, US",2025-10-12 14:56:00,"2025-10-12 06:56:00","VFR",7.2,3.3,200,11,NA,NA,1010.2,"METAR PAOU 121456Z AUTO 20011KT 10SM CLR 07/03 A2983 RMK AO2 SLP102 T00720033 53017",2025-10-12 15:19:17.16908,2025-10-12 11:19:17.169125
"PAPH","Port Heiden Arpt, AK, US",2025-10-12 14:56:00,"2025-10-12 06:56:00","VFR",7.8,7.8,230,6,NA,NA,1011.3,"METAR PAPH 121456Z AUTO 23006KT 10SM CLR 08/08 A2986 RMK AO2 SLP112 T00780078 53020 $",2025-10-12 15:19:17.175677,2025-10-12 11:19:17.175723
"PARY","Ruby Arpt, AK, US",2025-10-12 14:56:00,"2025-10-12 06:56:00","LIFR",0,-0.6,100,15,23,9,992,"METAR PARY 121456Z AUTO 10015G23KT 9SM OVC002 00/M01 A2929 RMK AO2 PK WND 08026/1424 SNE49 SLP928 P0000 60005 T00001006 56034 FZRANO TSNO",2025-10-12 15:19:17.182204,2025-10-12 11:19:17.18225
"PAIG","Igiugig Arpt, AK, US",2025-10-12 14:56:00,"2025-10-12 06:56:00","MVFR",NA,NA,180,10,17,NA,1008.5,"METAR PAIG 121456Z AUTO 18010G17KT 10SM BKN020 A2978 RMK AO2 SLPNO 6//// 51030 FZRANO PNO $",2025-10-12 15:19:17.201294,2025-10-12 11:19:17.201361
"PASA","Savoonga Arpt, AK, US",2025-10-12 14:56:00,"2025-10-12 06:56:00","MVFR",3.3,2.2,340,25,32,7,975,"METAR PASA 121456Z AUTO 34025G32KT 7SM -RA OVC010 03/02 A2879 RMK AO2 PK WND 35039/1440 UPE33RAB33 CIG 008V013 SLP750 P0000 60008 T00330022 55017 $",2025-10-12 15:19:17.208498,2025-10-12 11:19:17.208545
"PASL","Sleetmute Arpt, AK, US",2025-10-12 14:56:00,"2025-10-12 06:56:00","VFR",10,6.1,170,15,25,NA,997.4,"METAR PASL 121456Z AUTO 17015G25KT 10SM SCT027 OVC032 10/06 A2945 RMK AO2 PK WND 15028/1359 SLP965 T01000061 51017",2025-10-12 15:19:17.215511,2025-10-12 11:19:17.215559
"PAWG","Wrangell Arpt, AK, US",2025-10-12 14:56:00,"2025-10-12 06:56:00","VFR",0.6,0,150,3,NA,NA,1022.8,"METAR PAWG 121456Z 15003KT 10SM FEW001 01/00 A3020 RMK AO2 SLP226 VIS 1 E T00060000 53007 $",2025-10-12 15:19:17.222591,2025-10-12 11:19:17.222641
"PAWM","White Mouintain Arpt, AK, US",2025-10-12 14:56:00,"2025-10-12 06:56:00","MVFR",5.6,4.4,150,22,37,6,971,"METAR PAWM 121456Z AUTO 15022G37KT 6SM -RA BR BKN014 OVC021 06/04 A2867 RMK AO2 PK WND 17041/1416 SLP711 P0002 60007 T00560044 58053",2025-10-12 15:19:17.229215,2025-10-12 11:19:17.229261
"PAWS","Wasilla Arpt, AK, US",2025-10-12 14:56:00,"2025-10-12 06:56:00","VFR",8.3,1.1,70,10,18,NA,1011.9,"METAR PAWS 121456Z AUTO 07010G18KT 10SM OVC050 08/01 A2988 RMK AO2 SLP120 60001 T00830011 58008",2025-10-12 15:19:17.23581,2025-10-12 11:19:17.235856
"PANU","Nulato Arpt, AK, US",2025-10-12 14:56:00,"2025-10-12 06:56:00","VFR",6.7,5.6,NA,6,NA,NA,986.5,"METAR PANU 121456Z AUTO VRB06KT 10SM FEW007 SCT015 07/06 A2913 RMK AO2 RAE46 SLP775 P0001 60008 T00670056 56039",2025-10-12 15:19:17.242661,2025-10-12 11:19:17.242708
"PAPE","Perryville Arpt, AK, US",2025-10-12 14:56:00,"2025-10-12 06:56:00","MVFR",9.4,8.9,0,0,NA,5,1010.9,"METAR PAPE 121456Z AUTO 00000KT 5SM BR OVC016 09/09 A2985 RMK AO2 SLP104 T00940089 53012",2025-10-12 15:19:17.249137,2025-10-12 11:19:17.249202
"PAVC","King Cove Arpt, AK, US",2025-10-12 14:56:00,"2025-10-12 06:56:00",NA,7.8,-0.6,310,3,NA,NA,1010.6,"METAR PAVC 121456Z AUTO 31003KT CLR 08/M01 A2984 RMK AO2 SLP106 T00781006 51017 PWINO $",2025-10-12 15:19:17.25558,2025-10-12 11:19:17.255624
"PFKO","Kotlik Arpt, AK, US",2025-10-12 14:56:00,"2025-10-12 06:56:00","IFR",5.6,4.4,180,52,63,1.5,967.2,"METAR PFKO 121456Z AUTO 18052G63KT 1 1/2SM RA BR BKN013 OVC017 06/04 A2856 RMK AO2 PK WND 18070/1431 SLP672 P0001 60002 T00560044 56064 $",2025-10-12 15:19:17.262056,2025-10-12 11:19:17.262101
"PALU","Cape Lisburne Arpt, AK, US",2025-10-12 14:55:00,"2025-10-12 06:55:00","VFR",3.5,0,70,19,NA,NA,986.2,"METAR PALU 121455Z AUTO 07019KT 10SM OVC044 04/00 A2912 RMK AO2 SLP859 T00350000 58078",2025-10-12 15:19:17.268574,2025-10-12 11:19:17.268631
"PATL","Tatalina Arpt, AK, US",2025-10-12 14:55:00,"2025-10-12 06:55:00","MVFR",10.6,6,60,28,45,NA,994.3,"METAR PATL 121455Z AUTO 06028G45KT 010V130 10SM BKN027 11/06 A2936 RMK AO2 SLP949 60002 T01060060 55010",2025-10-12 15:19:17.275064,2025-10-12 11:19:17.27511
"PHHI","Wheeler, HI, US",2025-10-12 14:55:00,"2025-10-12 04:55:00","VFR",21,18.9,0,0,NA,NA,1016,"METAR PHHI 121455Z AUTO 00000KT 10SM FEW029 21/19 A3000 RMK AO2 SLP149 T02100189 55006 $",2025-10-12 15:19:17.2816,2025-10-12 11:19:17.281646
"PASY","Shemya/Eareckson Arpt, AK, US",2025-10-12 14:55:00,"2025-10-12 05:55:00","VFR",8,5.8,240,10,NA,9,988.2,"METAR PASY 121455Z AUTO 24010KT 9SM -RA BKN049 OVC060 08/06 A2918 RMK AO2 RAE1355RAB1357E14RAB19E38RAB42 SLP885 P0000 60000 T00800058 52011 FZRANO $",2025-10-12 15:19:17.288024,2025-10-12 11:19:17.288069
"PASV","Sparrevohn Arpt, AK, US",2025-10-12 14:55:00,"2025-10-12 06:55:00","VFR",8.7,4.4,200,25,41,NA,1001.1,"METAR PASV 121455Z AUTO 20025G41KT 170V240 10SM FEW022 09/04 A2956 RMK AO2 PK WND 18047/1419 SLP012 P0001 60001 T00870044 50002",2025-10-12 15:19:17.294567,2025-10-12 11:19:17.294612
"PAIM","Indian Mtn Arpt, AK, US",2025-10-12 14:55:00,"2025-10-12 06:55:00","MVFR",-0.5,-2.7,130,12,NA,NA,995,"METAR PAIM 121455Z AUTO 13012KT 10SM BKN021 00/M03 A2938 RMK AO2 RAB1405E1436 SLP965 P0001 60001 T10051027 56045",2025-10-12 15:19:17.301049,2025-10-12 11:19:17.301095
"PAKN","King Salmon Arpt, AK, US",2025-10-12 14:54:00,"2025-10-12 06:54:00","MVFR",8.3,6.1,180,9,NA,NA,1008.2,"METAR PAKN 121454Z AUTO 18009KT 10SM OVC023 08/06 A2977 RMK AO2 SLP081 T00830061 51025 TSNO",2025-10-12 15:19:17.307535,2025-10-12 11:19:17.307582
"PAQT","Nuiqsut Arpt, AK, US",2025-10-12 14:53:00,"2025-10-12 06:53:00","VFR",-2.8,-6.1,90,18,NA,NA,997.7,"METAR PAQT 121453Z AUTO 09018KT 10SM FEW120 M03/M06 A2946 RMK AO2 SLP977 T10281061 58059 TSNO $",2025-10-12 15:19:17.314126,2025-10-12 11:19:17.314241
"PASO","Seldovia Arpt, AK, US",2025-10-12 14:53:00,"2025-10-12 06:53:00","VFR",9.4,8.3,10,5,NA,NA,1010.2,"METAR PASO 121453Z AUTO 01005KT 10SM -RA OVC040 09/08 A2983 RMK AO2 RAB1357E31B50 SLP102 6//// T00940083 53014 TSNO PNO $",2025-10-12 15:19:17.320924,2025-10-12 11:19:17.32097
"PATK","Talkeetna Arpt, AK, US",2025-10-12 14:53:00,"2025-10-12 06:53:00","MVFR",2.8,2.2,10,5,NA,4,1011.9,"METAR PATK 121453Z AUTO 01005KT 4SM BR OVC024 03/02 A2988 RMK AO2 RAE36UPB36E42 SLP124 P0001 60003 T00280022 56010 TSNO $",2025-10-12 15:19:17.340919,2025-10-12 11:19:17.340965
"PAYA","Yakutat Arpt, AK, US",2025-10-12 14:53:00,"2025-10-12 06:53:00","VFR",2.2,0,70,3,NA,NA,1021.8,"METAR PAYA 121453Z AUTO 07003KT 10SM BKN050 OVC060 02/00 A3017 RMK AO2 SLP215 T00220000 53005 FZRANO TSNO $",2025-10-12 15:19:17.348041,2025-10-12 11:19:17.348089
"PHLI","Lihue Arpt, HI, US",2025-10-12 14:53:00,"2025-10-12 04:53:00","VFR",22.8,20.6,270,6,NA,NA,1015.3,"METAR PHLI 121453Z AUTO 27006KT 10SM FEW022 SCT029 BKN034 23/21 A2998 RMK AO2 SLP150 T02280206 56003 TSNO",2025-10-12 15:19:17.3552,2025-10-12 11:19:17.355249
"PAPB","St George Arpt, AK, US",2025-10-12 14:53:00,"2025-10-12 06:53:00","VFR",7.2,5,220,16,26,8,1000.4,"METAR PAPB 121453Z AUTO 22016G26KT 8SM -RA BKN045 OVC055 07/05 A2954 RMK AO2 PK WND 24033/1357 SLP993 6//// T00720050 51037 TSNO PNO $",2025-10-12 15:19:17.362221,2025-10-12 11:19:17.362269
"PASN","St Paul Island Arpt, AK, US",2025-10-12 14:53:00,"2025-10-12 06:53:00","VFR",7.2,4.4,220,17,25,6,998.7,"METAR PASN 121453Z AUTO 22017G25KT 6SM HZ FEW045 07/04 A2949 RMK AO2 PK WND 23037/1358 RAE25 SLP986 P0000 60000 T00720044 51045 TSNO $",2025-10-12 15:19:17.368728,2025-10-12 11:19:17.368773
"PASC","Deadhorse Arpt, AK, US",2025-10-12 14:53:00,"2025-10-12 06:53:00","VFR",-6.1,-6.7,100,10,NA,NA,998.4,"METAR PASC 121453Z 10010KT 10SM CLR M06/M07 A2948 RMK AO2 SLP984 I1000 I3000 T10611067 58055 $",2025-10-12 15:19:17.375362,2025-10-12 11:19:17.375411
"PAKT","Ketchikan Intl, AK, US",2025-10-12 14:53:00,"2025-10-12 06:53:00","VFR",4,2,330,11,NA,NA,1020.7,"METAR PAKT 121453Z 33011KT 10SM CLR 04/02 A3014 RMK HARBOR WIND 00000KT",2025-10-12 15:19:17.381916,2025-10-12 11:19:17.381962
"PAMR","Anchorage/Merrill Fld, AK, US",2025-10-12 14:53:00,"2025-10-12 06:53:00","VFR",5.6,3.3,300,5,NA,NA,1011.3,"METAR PAMR 121453Z 30005KT 10SM OVC048 06/03 A2986 RMK AO2 SLP113 60000 T00560033 58005",2025-10-12 15:19:17.38845,2025-10-12 11:19:17.388495
"PAIL","Iliamna Arpt, AK, US",2025-10-12 14:53:00,"2025-10-12 06:53:00","VFR",9,8,150,13,20,NA,1009.2,"METAR PAIL 121453Z 15013G20KT 10SM BKN043 09/08 A2980",2025-10-12 15:19:17.394948,2025-10-12 11:19:17.394994
"PHKO","Keahole Point/Kona Intl, HI, US",2025-10-12 14:53:00,"2025-10-12 04:53:00","VFR",23.9,18.3,0,0,NA,NA,1014,"METAR PHKO 121453Z AUTO 00000KT 10SM CLR 24/18 A2994 RMK AO2 SLP138 T02390183 56005",2025-10-12 15:19:17.401413,2025-10-12 11:19:17.401459
"PAMC","McGrath Arpt, AK, US",2025-10-12 14:53:00,"2025-10-12 06:53:00",NA,NA,NA,NA,NA,NA,NA,993,"METAR PAMC 121453Z AUTO A2932 RMK AO2 SLPNO 56027 PWINO FZRANO TSNO $",2025-10-12 15:19:17.407831,2025-10-12 11:19:17.407875
"PANC","Anchorage Intl, AK, US",2025-10-12 14:53:00,"2025-10-12 06:53:00","VFR",6.7,2.8,130,8,NA,NA,1011.3,"METAR PANC 121453Z 13008KT 10SM OVC043 07/03 A2986 RMK AO2 SLP114 60000 T00670028 58006",2025-10-12 15:19:17.414332,2025-10-12 11:19:17.414378
"PAJN","Juneau Intl, AK, US",2025-10-12 14:53:00,"2025-10-12 06:53:00","VFR",-3.3,-3.9,0,0,NA,NA,1023.8,"METAR PAJN 121453Z 00000KT 10SM BCFG FEW001 SCT250 M03/M04 A3023 RMK AO2 SLP235 BCFG E-S I1000 I3001 T10331039 51007 $",2025-10-12 15:19:17.42083,2025-10-12 11:19:17.420877
"PAKV","Kaltag Arpt, AK, US",2025-10-12 14:53:00,"2025-10-12 06:53:00","VFR",7.2,3.9,NA,NA,NA,NA,986.2,"METAR PAKV 121453Z AUTO 10SM FEW046 SCT055 07/04 A2912 RMK AO2 PK WND 22029/1435 RAE1359 SLP863 P0000 60026 T00720039 56028 TSNO $",2025-10-12 15:19:17.42731,2025-10-12 11:19:17.427356
"PALH","Lake Hood, AK, US",2025-10-12 14:53:00,"2025-10-12 14:53:00","VFR",5,3.9,340,3,NA,NA,1011.6,"METAR PALH 121453Z 34003KT 10SM OVC047 05/04 A2987 RMK AO2 SLP115 60000 T00500039 58005",2025-10-12 15:19:17.433844,2025-10-12 11:19:17.433888
"PAOR","Northway Arpt, AK, US",2025-10-12 14:53:00,"2025-10-12 06:53:00","VFR",0,-5,130,6,NA,NA,1010.2,"METAR PAOR 121453Z 13006KT 10SM BKN090 OVC120 00/M05 A2983 RMK AO2 SLP128 T00001050 58020 $",2025-10-12 15:19:17.440467,2025-10-12 11:19:17.440513
"PHJR","Kalaeloa Arpt, HI, US",2025-10-12 14:53:00,"2025-10-12 04:53:00","VFR",21.1,18.9,50,3,NA,NA,1015.3,"METAR PHJR 121453Z AUTO 05003KT 10SM CLR 21/19 A2998 RMK AO2 SLP157 T02110189 55006 TSNO",2025-10-12 15:19:17.446933,2025-10-12 11:19:17.446979
"PATA","Tanana/Calhoun Mem, AK, US",2025-10-12 14:52:00,"2025-10-12 06:52:00","VFR",NA,NA,90,13,23,NA,997.7,"METAR PATA 121452Z 09013G23KT 10SM OVC048 A2946 RMK AO2 RAE15 SLPNO T/DP",2025-10-12 15:19:17.453664,2025-10-12 11:19:17.453712
"PAVA","Chevak Arpt, AK, US",2025-10-12 14:51:00,"2025-10-12 06:51:00","IFR",6,5,220,49,63,4,975,"SPECI PAVA 121451Z AUTO 22049G63KT 4SM -RA BR BKN007 OVC010 06/05 A2879 RMK AO2 PK WND 21064/1434 PRESRR P0003",2025-10-12 15:19:17.460255,2025-10-12 11:19:17.460303
"PHBK","Kekaha/Barking Sands Arpt, HI, US",2025-10-12 14:51:00,"2025-10-12 04:51:00","VFR",23.3,18.9,70,4,NA,NA,1014.6,"METAR PHBK 121451Z AUTO 07004KT 10SM CLR 23/19 A2996 RMK AO2 SLP147 T02330189 55005 $",2025-10-12 15:19:17.479896,2025-10-12 11:19:17.479942
"PFCB","Chenega Bay Arpt, AK, US",2025-10-12 14:50:00,"2025-10-12 06:50:00","MVFR",8.8,8.3,360,15,24,4,1017,"METAR PFCB 121450Z AUTO 36015G24KT 4SM -RA SCT006 BKN010 OVC021 09/08 A3003 RMK AO2 P0004 60011 T00880083",2025-10-12 15:19:17.486968,2025-10-12 11:19:17.487013
"PAKU","Kuparuk Arpt, AK, US",2025-10-12 14:45:00,"2025-10-12 06:45:00","VFR",-4,-4,110,10,NA,NA,999.4,"METAR PAKU 121445Z 11010KT 10SM R06/P6000FT SCT002 M04/M04 A2951",2025-10-12 15:19:17.494065,2025-10-12 11:19:17.494112
"PALP","Deadhorse/Alpine Arstrp, AK, US",2025-10-12 14:45:00,"2025-10-12 14:45:00","VFR",-5,-5,70,13,21,NA,997.7,"METAR PALP 121445Z 07013G21KT 10SM FEW010 M05/M05 A2946",2025-10-12 15:19:17.50106,2025-10-12 11:19:17.501105
"PAMB","Manokotak Arpt, AK, US",2025-10-12 14:15:00,"2025-10-12 06:15:00","VFR",8,5,220,11,19,8,1005.8,"SPECI PAMB 121415Z AUTO 22011G19KT 8SM FEW024 OVC031 08/05 A2970 RMK AO2",2025-10-12 15:19:17.50758,2025-10-12 11:19:17.507624
"PAPO","Point Hope Arpt, AK, US",2025-10-12 14:02:00,"2025-10-12 06:02:00","IFR",0,-4,40,21,26,1.75,986.5,"SPECI PAPO 121402Z AUTO 04021G26KT 1 3/4SM -SN BKN013 BKN019 OVC025 00/M04 A2913 RMK AO2 PK WND 04026/1400 VIS 1 1/4V4 UPE1357SNB1357 P0000 FZRANO",2025-10-12 15:19:17.51422,2025-10-12 11:19:17.514267
"PAUN","Unalakleet Arpt, AK, US",2025-10-12 13:56:00,"2025-10-12 05:56:00","VFR",8.9,3.9,160,28,40,NA,980.4,"METAR PAUN 121356Z AUTO 16028G40KT 10SM SCT034 09/04 A2895 RMK AO2 PK WND 16043/1346 SLP806 T00890039 $",2025-10-12 15:19:17.520801,2025-10-12 11:19:17.520846
"PHNG","Kaneohe Bay , HI, US",2025-10-12 15:13:00,"2025-10-12 05:13:00",NA,25.6,21.1,0,0,NA,NA,1014,"METAR PHNG 121513Z AUTO 00000KT BKN025 BKN043 26/21 A2994 RMK AO2 T02560211 $",2025-10-12 15:19:18.691934,2025-10-12 11:19:18.691978
"PHNY","Lanai Arpt, HI, US",2025-10-12 14:56:00,"2025-10-12 04:56:00","VFR",19.4,18.9,50,3,NA,NA,1017,"METAR PHNY 121456Z AUTO 05003KT 10SM CLR 19/19 A3003 RMK AO2 SLP148 T01940189 56004 $",2025-10-12 15:19:18.698598,2025-10-12 11:19:18.698641
"PHSF","Bradshaw, HI, US",2025-10-12 14:55:00,"2025-10-12 04:55:00","VFR",8.7,1.1,60,5,NA,NA,1026.2,"METAR PHSF 121455Z AUTO 06005KT 10SM CLR 09/01 A3030 RMK AO2 SLP156 T00870011 55002 $",2025-10-12 15:19:18.705061,2025-10-12 11:19:18.705106
"PHMK","Molokai Arpt, HI, US",2025-10-12 14:54:00,"2025-10-12 04:54:00","VFR",23.3,18.3,0,0,NA,NA,1015.3,"METAR PHMK 121454Z AUTO 00000KT 10SM CLR 23/18 A2998 RMK AO2 SLP154 T02330183 55005 TSNO",2025-10-12 15:19:18.711495,2025-10-12 11:19:18.711539
"PHOG","Kahului Arpt, HI, US",2025-10-12 14:54:00,"2025-10-12 04:54:00","VFR",20.6,16.1,120,4,NA,NA,1014.6,"METAR PHOG 121454Z AUTO 12004KT 10SM CLR 21/16 A2996 RMK AO2 SLP150 T02060161 56005 TSNO $",2025-10-12 15:19:18.718005,2025-10-12 11:19:18.718051
"PHTO","Hilo Intl, HI, US",2025-10-12 14:53:00,"2025-10-12 04:53:00","VFR",21.1,17.8,250,6,NA,NA,1015.7,"METAR PHTO 121453Z AUTO 25006KT 10SM CLR 21/18 A2999 RMK AO2 SLP153 60001 T02110178 55003 TSNO",2025-10-12 15:19:18.72451,2025-10-12 11:19:18.724556
"PHNL","Honolulu Intl, HI, US",2025-10-12 14:53:00,"2025-10-12 04:53:00","VFR",23.9,20.6,330,4,NA,NA,1015,"METAR PHNL 121453Z 33004KT 10SM FEW025 FEW250 24/21 A2997 RMK AO2 SLP149 T02390206 55005 $",2025-10-12 15:19:18.731087,2025-10-12 11:19:18.731132
